model,available_factors,n_obs,alpha_daily,alpha_annualized,alpha_tstat,r_squared,residual_volatility,beta_equity,tstat_equity,beta_bond,tstat_bond,beta_commodity_gold,tstat_commodity_gold,beta_defensive,tstat_defensive,beta_global_risk,tstat_global_risk,tracking_error_vs_global_rrp,avg_exposure_equity,avg_exposure_bond,avg_exposure_commodity_gold,avg_exposure_defensive,exposure_herfindahl,max_asset_class_exposure
Global Relaxed Risk Parity,equity;bond;commodity_gold;defensive;global_risk,2014,0.00011597661442619112,0.028182317305564444,2.7005917461607516,0.4846250823574111,0.02975017988533987,0.09134465017019643,16.98710107138514,0.32648609351824853,7.355196465579258,0.10373439466429248,14.022256479810796,0.01429239057912973,2.640975377849049,0.12003797420935056,24.98261888322134,0.0,0.22552955976784622,0.6354280875831878,0.11970488075584455,0.016514892759027407,0.46923443697831907,0.6354280875831878
Improved Convex Adaptive Global RRP,equity;bond;commodity_gold;defensive;global_risk,2014,7.692104486002426e-05,0.018691813900985895,3.5059142429871892,0.8953801016909742,0.015199244155397498,0.1469763861227482,53.49969710645325,0.3017137536359977,13.304308379968846,0.1855435765994328,49.0917662974149,0.022859555715007994,8.267893358285875,0.1670470178593349,68.04960941040447,0.03387123981537779,0.25686242238288204,0.48701145582726324,0.2160118553281795,0.04011426646167457,0.35142873815547304,0.48701145582726324
Convex Adaptive Global RRP,equity;bond;commodity_gold;defensive;global_risk,2014,5.239370056306798e-05,0.012731669236825519,4.362991431185076,0.9792015099390975,0.008319032461991324,0.2503426685276921,166.48986772750018,0.18040914336213176,14.53466115783205,0.13163294247951063,63.6321351497284,0.029104949909477797,19.232826308405603,0.2025270720547664,150.73675662045062,0.04038608317418965,0.3868940964782081,0.3938850986042487,0.17103356062627617,0.04818724429126638,0.336407002165056,0.3938850986042487
Defensive Dynamic Relaxed Risk Parity,equity;bond;commodity_gold;defensive;global_risk,1879,3.8905191010560234e-05,0.009453961415566137,1.0014826352765505,0.5379019475606757,0.025758194206712777,0.09975578554534272,17.51597062219464,0.34757947824931656,5.090469325054322,0.06491486218590065,9.824273296589313,0.01542359747563695,3.160008399817431,0.12020861402933765,17.58350027045336,0.020886321871097166,0.2185263906413599,0.5874825751512489,0.08341929117055154,0.01883206559521692,0.4002029843470629,0.5874825751512489
