model,gross_annual_return,net_annual_return,transaction_cost_drag,avg_monthly_turnover,annualized_turnover,turnover_adjusted_sharpe
Global RRP,0.046466764317383946,0.045714608937373225,0.0007521553800107217,0.19902431550796137,2.3914166538530446,1.12451652058921
Defensive Dynamic RRP,0.03879235510105983,0.03809918783575328,0.000693167265306549,0.1791125529895763,2.152162870351761,0.933624829697578
Convex Adaptive Global Relaxed Risk Parity,0.07089457774376484,0.0708545594198926,4.001832387223736e-05,0.010346318744862505,0.12431827181210116,1.3548160533770865
Improved Convex Adaptive Global Relaxed Risk Parity,0.05856919374884906,0.05844384779819811,0.00012534595065094578,0.03279167635979024,0.394014976282758,2.1493446287634823
HRP Benchmark,0.01690063513080453,0.016868456630247275,3.217850055725613e-05,0.008761528332638473,0.10527590417482834,9.639898497672494
HERC Benchmark,0.02283149053406719,0.022637761060486872,0.00019372947358031745,0.052447892180070906,0.6301981870847996,4.221265390728534
Equal Weight,0.11054853112012153,0.11049833183294888,5.0199287172647544e-05,0.012563705212096926,0.15096172445877362,1.0010207774807336
60/40 Benchmark,0.0822324833543997,0.08217599109347606,5.649226092363513e-05,0.014474633807415961,0.17392287096746312,0.9244711588507029
