model,gross_annual_return,net_annual_return,transaction_cost_drag,avg_monthly_turnover,annualized_turnover,turnover_adjusted_sharpe
Global RRP,0.04709523733440468,0.04637425837949616,0.0007209789549085244,0.19064965951893373,2.2907892920589035,1.1517097433156207
Defensive Dynamic RRP,0.03801697318154629,0.03730357973158549,0.0007133934499607975,0.18449417396901868,2.2168268185839994,0.9234913464805606
Convex Adaptive Global Relaxed Risk Parity,0.07023794036367992,0.07019697074618492,4.096961749500139e-05,0.01060115149038594,0.12738026587064855,1.329593846803364
Improved Convex Adaptive Global Relaxed Risk Parity,0.0598823503647703,0.05975629499735269,0.00012605536741761014,0.03294216231186005,0.3958231704776844,2.199192811686428
HRP Benchmark,0.016886005142619176,0.01685373462575579,3.2270516863386334e-05,0.008786870021447768,0.105580402328738,9.638275528713669
HERC Benchmark,0.023856168350930185,0.023648350015542885,0.00020781833538729977,0.05620777867388513,0.6753758587424358,4.240832801615984
Equal Weight,0.10783161989174461,0.10778158277454164,5.0037117202972325e-05,0.012563705212096926,0.15096172445877362,0.9670053304142315
60/40 Benchmark,0.08007868618553737,0.08002234239000439,5.634379553298707e-05,0.014474633807415961,0.17392287096746312,0.8907515963699943
