model,gross_annual_return,net_annual_return,transaction_cost_drag,annualized_volatility,sharpe_ratio,turnover_adjusted_sharpe,sortino_ratio,max_drawdown,calmar_ratio,total_return,avg_monthly_turnover,annualized_turnover,cvar_95_daily_loss
Global RRP,0.04274506375997511,0.04206384236907712,0.0006812213908979903,0.03937287353945519,0.6060985705085351,1.0683457565505179,0.6800989092271713,-0.06825086473553965,0.61631222596325,0.4037132884714245,0.1774959621254651,2.1696058372428553,0.006433274784972351
Defensive Dynamic RRP,0.04088411922716162,0.04021873847135704,0.0006653807558045788,0.04041870815978457,0.5447660124195913,0.9950525462704793,0.64709475385554,-0.07472885763078341,0.5381955478306355,0.35341224841356444,0.1712420180583085,2.09422722412576,0.006480711964573334
Convex Adaptive Global Relaxed Risk Parity,0.0540809222129941,0.053968913747843406,0.00011200846515069252,0.04107100850550257,0.8709041985918411,1.3140391656224564,1.2296146245194282,-0.05232501448379512,1.0314170818730952,0.5412856757652016,0.028972220062600532,0.3541393111876571,0.00597544127049734
Improved Convex Adaptive Global Relaxed Risk Parity,0.04567565347746583,0.045500658474347366,0.00017499500311846106,0.027325849718549625,0.9990781167114025,1.6651141297706882,1.4853574391600082,-0.03219830768265419,1.4131381972866663,0.44227416607080094,0.0454883062516653,0.5560221967198462,0.0038048006029855084
HRP Benchmark,0.018311227185637158,0.018087932169369214,0.00022329501626794368,0.0017178146692588474,-0.06523860381233008,10.52961794602282,-0.10262224235445963,-0.0008196045783052108,22.069096059433537,0.158981377024362,0.059578855992621416,0.7282567568859517,0.0001624425328797734
HERC Benchmark,0.02365300324787034,0.023301781752577355,0.00035122149529298596,0.0046959940951530115,1.0864114496743464,4.9620551645557605,1.6173228240024624,-0.003947837765563178,5.90241624309839,0.20874649817323188,0.09324053714754954,1.1397172715398904,0.0005930138100928388
