model,gross_annual_return,net_annual_return,transaction_cost_drag,annualized_volatility,sharpe_ratio,turnover_adjusted_sharpe,sortino_ratio,max_drawdown,calmar_ratio,total_return,avg_monthly_turnover,annualized_turnover,cvar_95_daily_loss
Global RRP,0.048166818802091615,0.04735721507158197,0.0008096037305096448,0.04602488015621217,0.6335098532059186,1.0289481452390044,0.8579574708916962,-0.044946388726360254,1.0536378208246975,0.27818453045486047,0.2133441742827142,2.568039865104391,0.006846965657685263
Defensive Dynamic RRP,0.04126382194034495,0.040584125937744187,0.0006796960026007604,0.047210488608500335,0.47413459588117635,0.8596421501648458,0.5877734183362896,-0.0721690800179543,0.5623478354947524,0.22768730823319872,0.1752583783288757,2.109598275909268,0.007304341858725874
Convex Adaptive Global RRP,0.0626177889391748,0.0625831243292514,3.466460992340714e-05,0.059012567623057816,0.75209614014337,1.060505022065816,1.1569047050125982,-0.0503991056254508,1.2417506928465778,0.3798846513542504,0.008982039511211515,0.10811748486821852,0.008164721341172246
Improved Convex Adaptive Global RRP,0.0611726873991445,0.061110045341580044,6.264205756445484e-05,0.0480300467306541,0.893400033154531,1.2723294999956336,1.3474956990503728,-0.036156386683253605,1.690159082458428,0.3697675341864295,0.016298332564922944,0.19618425439631243,0.00677030012650369
HRP Benchmark,0.022158992062379923,0.02215570410654233,3.2879558375942253e-06,0.002568303188306163,1.540201376750686,8.626592143567898,1.7341157335331914,-0.002521349378036053,8.787240792388719,0.12326824382787716,0.0008888882140905188,0.010699614259824906,0.0002810531470575049
HERC Benchmark,0.027736668080677873,0.027676611238474313,6.005684220355967e-05,0.006843951808561059,1.3846694868044036,4.04395180045742,1.709025655495191,-0.0066094724608405375,4.187416076313394,0.15582737436183547,0.01614329564439988,0.19431806332826548,0.0009166069147669361
