model,gross_annual_return,net_annual_return,transaction_cost_drag,annualized_volatility,sharpe_ratio,turnover_adjusted_sharpe,sortino_ratio,max_drawdown,calmar_ratio,total_return,avg_monthly_turnover,annualized_turnover,cvar_95_daily_loss
Global Relaxed Risk Parity,0.05987927634777912,0.05901542818283234,0.0008638481649467789,0.035636024985715165,1.1453417770133836,1.656060916067067,1.3033595139681036,-0.04380047783081764,1.3473695061223645,0.35420662481010146,0.22447115548895774,2.710350067515432,0.0057512954837139595
Defensive Dynamic Relaxed Risk Parity,0.03956847719553558,0.038783581183898796,0.000784896011636782,0.04248839023169964,0.484451895486072,0.9128042030399927,0.5406430985335552,-0.06513585633071362,0.5954259814591724,0.2160110846920702,0.20216164152637084,2.440976514628329,0.0070355102442858745
Convex Adaptive Global Relaxed Risk Parity,0.05368798762479887,0.05364869446920406,3.9293155594810614e-05,0.06149770639887819,0.5764230333938226,0.8723690298502368,0.8867939699283776,-0.08147293317597326,0.6584848780800407,0.31830852731959425,0.010285013450115277,0.12418516240180512,0.008632379266609397
Improved Convex Adaptive Global Relaxed Risk Parity,0.0563301925068691,0.056297131337234685,3.306116963441852e-05,0.05381812202193164,0.70788667285175,1.0460627242677256,1.0699133331739488,-0.06791793352614972,0.8288993556548536,0.33592619242374067,0.00863416151292934,0.10425214851561788,0.007677067364077352
HRP Benchmark,-0.001132092732320955,-0.001188777816509834,5.6685084188878854e-05,0.0030485680448863323,-6.359962294111352,-0.38994629577118667,-3.0438558697264035,-0.0072630846663555015,-0.16367395825861183,-0.006270333750903356,0.015628005330724146,0.1886984775883304,0.0001117792055220044
HERC Benchmark,-0.0009494468830956171,-0.0010075334636873157,5.808658059169858e-05,0.003047424844402376,-6.302873555345731,-0.33061798571931666,-3.8024500418324165,-0.007268377013738725,-0.13861876754368554,-0.005316406741402435,0.016011688811563982,0.19333121779913204,0.00011668899578423584
