model,gross_annual_return,net_annual_return,transaction_cost_drag,avg_monthly_turnover,annualized_turnover,turnover_adjusted_sharpe
Global RRP,0.048166818802091615,0.04735721507158197,0.0008096037305096448,0.2133441742827142,2.568039865104391,1.0289481452390044
Defensive Dynamic RRP,0.04126382194034495,0.040584125937744187,0.0006796960026007604,0.1752583783288757,2.109598275909268,0.8596421501648458
Convex Adaptive Global RRP,0.0626177889391748,0.0625831243292514,3.466460992340714e-05,0.008982039511211515,0.10811748486821852,1.060505022065816
Improved Convex Adaptive Global RRP,0.0611726873991445,0.061110045341580044,6.264205756445484e-05,0.016298332564922944,0.19618425439631243,1.2723294999956336
HRP Benchmark,0.022158992062379923,0.02215570410654233,3.2879558375942253e-06,0.0008888882140905188,0.010699614259824906,8.626592143567898
HERC Benchmark,0.027736668080677873,0.027676611238474313,6.005684220355967e-05,0.01614329564439988,0.19431806332826548,4.04395180045742
