model,gross_annual_return,net_annual_return,transaction_cost_drag,avg_monthly_turnover,annualized_turnover,turnover_adjusted_sharpe
Global RRP,0.047746035436229795,0.047059180536960454,0.0006868548992693402,0.1796812373953378,2.1778310605218474,1.1293372719910524
Defensive Dynamic RRP,0.04159721084626922,0.040928713194512634,0.0006684976517565833,0.17060215307343138,2.0677877854199487,0.9745539865548128
Convex Adaptive Global Relaxed Risk Parity,0.06425832246452745,0.06418784352708706,7.047893744038802e-05,0.01816020529961405,0.2201112355428333,1.6270937875552978
Improved Convex Adaptive Global Relaxed Risk Parity,0.05343168412059485,0.05335894598985336,7.273813074148983e-05,0.01893882464442299,0.22954851134318394,2.004078478091126
HRP Benchmark,0.018338791316292014,0.018130595991475706,0.0002081953248163071,0.05604126554572622,0.6792496008244999,10.848158686254399
HERC Benchmark,0.02407649375841525,0.023731472457358738,0.00034502130105651396,0.09236491014304886,1.1195112696672724,5.077539826142452
