model,net_annual_return,annualized_volatility,sharpe_ratio,sortino_ratio,max_drawdown,calmar_ratio,avg_monthly_turnover
Global RRP,0.047059180536960454,0.04166973118136253,0.6925693955488773,0.8036965108249973,-0.0682508647355402,0.6895030666542658,0.1796812373953378
Defensive Dynamic RRP,0.040928713194512634,0.041997379066911894,0.5411936101607756,0.6547399733810579,-0.07472885763078208,0.5476962246195692,0.17060215307343138
Convex Adaptive Global Relaxed Risk Parity,0.06418784352708706,0.03944938147882001,1.1657430814670058,1.674035315473658,-0.0522413794567842,1.2286781894835945,0.01816020529961405
Improved Convex Adaptive Global Relaxed Risk Parity,0.07790930841731125,0.04502638501738881,1.3260959855927146,1.975568176364743,-0.05832612376818458,1.335753233438921,0.005121740814936355
HRP Benchmark,0.018130595991475706,0.0016713063032944768,-0.04152680354731229,-0.06487639768751369,-0.0008196045783049888,22.12115021242476,0.05604126554572622
HERC Benchmark,0.023731472457358738,0.004673813159509612,1.1835031201673267,1.7672928288884024,-0.003947837765562623,6.011258280259312,0.09236491014304886
