model,gross_annual_return,net_annual_return,transaction_cost_drag,avg_monthly_turnover,annualized_turnover,turnover_adjusted_sharpe
Global RRP,0.043410785239144545,0.0427410821599461,0.0006697030791984471,0.17438096678699785,2.1315299734970337,1.0868196826641396
Defensive Dynamic RRP,0.04015788414005317,0.03947889652732561,0.0006789876127275551,0.1749048290981959,2.13828396008532,0.9765185923304567
Convex Adaptive Global Relaxed Risk Parity,0.054149582951054764,0.05403751823496128,0.00011206471609348512,0.02898487670632878,0.35429401852738407,1.3158398380357412
Improved Convex Adaptive Global Relaxed Risk Parity,0.05580351429607977,0.055728203009455246,7.531128662452424e-05,0.019411399239233514,0.2372734826988516,1.4590912479816425
HRP Benchmark,0.01832079785456009,0.01809734232307636,0.00022345553148372943,0.05962115249900593,0.7287737644057168,10.53869264783726
HERC Benchmark,0.023698825979357796,0.023345679140756026,0.00035314683860177,0.09374793847641895,1.1459194457851936,4.917485854744588
