model,gross_annual_return,net_annual_return,transaction_cost_drag,annualized_volatility,sharpe_ratio,turnover_adjusted_sharpe,sortino_ratio,max_drawdown,calmar_ratio,total_return,avg_monthly_turnover,annualized_turnover,cvar_95_daily_loss
Global RRP,0.043410785239144545,0.0427410821599461,0.0006697030791984471,0.03932674650791579,0.6240303187807922,1.0868196826641396,0.6960875462150452,-0.06825086473554032,0.626235027578918,0.4112394033954574,0.17438096678699785,2.1315299734970337,0.006433274784972351
Defensive Dynamic RRP,0.04015788414005317,0.03947889652732561,0.0006789876127275551,0.04042820775496903,0.5263378643024368,0.9765185923304567,0.6280258899796525,-0.07472885763078352,0.528295196514055,0.34625642553048164,0.1749048290981959,2.13828396008532,0.00647653211209976
Convex Adaptive Global Relaxed Risk Parity,0.054149582951054764,0.05403751823496128,0.00011206471609348512,0.04106694194304634,0.872660990552024,1.3158398380357412,1.2318725030163744,-0.05224137945678409,1.0343815342713725,0.5421115877814418,0.02898487670632878,0.35429401852738407,0.005975261827628527
Improved Convex Adaptive Global Relaxed Risk Parity,0.05580351429607977,0.055728203009455246,7.531128662452424e-05,0.03819377512307331,0.9825738065568705,1.4590912479816425,1.3687148076543163,-0.05439788796235112,1.0244552701756517,0.5625885528194299,0.019411399239233514,0.2372734826988516,0.005626930244528174
HRP Benchmark,0.01832079785456009,0.01809734232307636,0.00022345553148372943,0.0017172284008861647,-0.05978102672344888,10.53869264783726,-0.09404184734990717,-0.0008196045783049888,22.080577393190246,0.15906954809605933,0.05962115249900593,0.7287737644057168,0.0001623391408435073
HERC Benchmark,0.023698825979357796,0.023345679140756026,0.00035314683860177,0.004747482723967813,1.0838752745276787,4.917485854744588,1.6129778866768008,-0.003947837765562956,5.913535592673212,0.20917333438351582,0.09374793847641895,1.1459194457851936,0.0006004616242812962
