model,gross_annual_return,net_annual_return,transaction_cost_drag,avg_monthly_turnover,annualized_turnover,turnover_adjusted_sharpe
Global RRP,0.05045282937934248,0.049697024887695784,0.0007558044916466944,0.19870944387553108,2.39188051495078,1.11521141624621
Defensive Dynamic RRP,0.04126382194034495,0.040584125937744187,0.0006796960026007604,0.1752583783288757,2.109598275909268,0.8596421501648458
Convex Adaptive Global Relaxed Risk Parity,0.06432326810784939,0.064292180235616,3.108787223338183e-05,0.008041560881499443,0.09679687289697785,1.0853144354793833
Improved Convex Adaptive Global Relaxed Risk Parity,0.06470423436555017,0.06469616364227093,8.070723279240966e-06,0.0020912308139864233,0.025172302527160986,1.3420714375626013
HRP Benchmark,0.022158992062379923,0.02215570410654233,3.2879558375942253e-06,0.0008888882140905188,0.010699614259824906,8.626592143567898
HERC Benchmark,0.027736668080677873,0.027676611238474313,6.005684220355967e-05,0.01614329564439988,0.19431806332826548,4.04395180045742
