model,gross_annual_return,net_annual_return,transaction_cost_drag,avg_monthly_turnover,annualized_turnover,turnover_adjusted_sharpe
Global RRP,0.051447383349523035,0.05056357582596216,0.0008838075235608756,0.23116559170681594,2.7935158665469864,1.2176690299594612
Defensive Dynamic RRP,0.053285418801404694,0.0523034656631971,0.0009819531382075919,0.24865659835613174,3.0048855787778304,1.1539051115963446
Convex Adaptive Global Relaxed Risk Parity,0.06961244797799981,0.06956530239436876,4.7145583631058585e-05,0.012124617793513481,0.14651969582460636,1.3249477690018505
Improved Convex Adaptive Global Relaxed Risk Parity,0.042473678800115655,0.04245896997349208,1.4708826623577309e-05,0.003886930013548081,0.04697152627617504,2.062102689625682
HRP Benchmark,0.01692655784884667,0.016886660903412176,3.989694543449218e-05,0.010789156874883007,0.13038134565837942,9.615229298438907
HERC Benchmark,0.022663861012984343,0.02245752925181166,0.00020633176117268448,0.05549217739252105,0.670594083101498,3.945228134301625
Equal Weight,0.10814608022981975,0.10809617273515237,4.9907494667378316e-05,0.012422539984994714,0.1501199304562154,0.9747997077204875
60/40 Benchmark,0.08107660874738443,0.08102040308231828,5.620566506614466e-05,0.01431199747250118,0.1729530408319569,0.908788195079575
