model,gross_annual_return,net_annual_return,transaction_cost_drag,avg_monthly_turnover,annualized_turnover,turnover_adjusted_sharpe
Global RRP,0.032037384280075853,0.03127446964469316,0.0007629146353826943,0.20131379008015649,2.453511816601907,0.8450110638628318
Defensive Dynamic RRP,0.02159066199559545,0.020780776473228624,0.0008098855223668266,0.2099322398017262,2.5585491725835383,0.577681199097989
Convex Adaptive Global Relaxed Risk Parity,0.038843031163316555,0.038782575361789196,6.04558015273593e-05,0.01584111023722387,0.1930635310161659,1.4958929234094314
Improved Convex Adaptive Global Relaxed Risk Parity,0.05623919259007204,0.05621676319498903,2.2429395083012338e-05,0.005790509021485974,0.07057182869936031,1.4614939007090624
HRP Benchmark,0.01797162019835774,0.01767843366721089,0.00029318653114684956,0.07843317406885465,0.9559043089641661,11.189954441311096
HERC Benchmark,0.022657336332804423,0.02228306781742906,0.00037426851537536443,0.09967553610428385,1.2147955962709596,4.950911418593237
