model,gross_annual_return,net_annual_return,transaction_cost_drag,annualized_volatility,sharpe_ratio,turnover_adjusted_sharpe,sortino_ratio,max_drawdown,calmar_ratio,total_return,avg_monthly_turnover,annualized_turnover,cvar_95_daily_loss
Global RRP,0.05045282937934248,0.049697024887695784,0.0007558044916466944,0.04456287315904231,0.7067996889537335,1.11521141624621,0.9343599364506451,-0.04707474460250649,1.0557046099204894,0.29340451512858823,0.19870944387553108,2.39188051495078,0.006672642139101795
Defensive Dynamic RRP,0.04126382194034495,0.040584125937744187,0.0006796960026007604,0.047210488608500335,0.47413459588117635,0.8596421501648458,0.5877734183362896,-0.0721690800179543,0.5623478354947524,0.22768730823319872,0.1752583783288757,2.109598275909268,0.007304341858725874
Convex Adaptive Global Relaxed Risk Parity,0.06432326810784939,0.064292180235616,3.108787223338183e-05,0.059238298260741507,0.7780807617521025,1.0853144354793833,1.190973525391924,-0.05080484613693903,1.2654733775262956,0.3916983595265302,0.008041560881499443,0.09679687289697785,0.008239537124463238
Improved Convex Adaptive Global Relaxed Risk Parity,0.06470423436555017,0.06469616364227093,8.070723279240966e-06,0.04820619963402892,0.9645266375540862,1.3420714375626013,1.47960334742316,-0.03512772728203861,1.8417406603857105,0.3945028193154454,0.0020912308139864233,0.025172302527160986,0.006643995508367225
HRP Benchmark,0.022158992062379923,0.02215570410654233,3.2879558375942253e-06,0.002568303188306163,1.540201376750686,8.626592143567898,1.7341157335331914,-0.002521349378036053,8.787240792388719,0.12326824382787716,0.0008888882140905188,0.010699614259824906,0.0002810531470575049
HERC Benchmark,0.027736668080677873,0.027676611238474313,6.005684220355967e-05,0.006843951808561059,1.3846694868044036,4.04395180045742,1.709025655495191,-0.0066094724608405375,4.187416076313394,0.15582737436183547,0.01614329564439988,0.19431806332826548,0.0009166069147669361
