model,gross_annual_return,net_annual_return,transaction_cost_drag,avg_monthly_turnover,annualized_turnover,turnover_adjusted_sharpe
Global Relaxed Risk Parity,0.05987927634777912,0.05901542818283234,0.0008638481649467789,0.22447115548895774,2.710350067515432,1.656060916067067
Defensive Dynamic Relaxed Risk Parity,0.03956847719553558,0.038783581183898796,0.000784896011636782,0.20216164152637084,2.440976514628329,0.9128042030399927
Convex Adaptive Global Relaxed Risk Parity,0.05368798762479887,0.05364869446920406,3.9293155594810614e-05,0.010285013450115277,0.12418516240180512,0.8723690298502368
Improved Convex Adaptive Global Relaxed Risk Parity,0.06454826377697986,0.06452823901811411,2.0024758865755388e-05,0.005188808071738986,0.062651641262898,1.3306989246508427
HRP Benchmark,-0.001132092732320955,-0.001188777816509834,5.6685084188878854e-05,0.015628005330724146,0.1886984775883304,-0.38994629577118667
HERC Benchmark,-0.0009494468830956171,-0.0010075334636873157,5.808658059169858e-05,0.016011688811563982,0.19333121779913204,-0.33061798571931666
