model,gross_annual_return,net_annual_return,transaction_cost_drag,annualized_volatility,sharpe_ratio,turnover_adjusted_sharpe,sortino_ratio,max_drawdown,calmar_ratio,total_return,avg_monthly_turnover,annualized_turnover,cvar_95_daily_loss
Global RRP,0.032037384280075853,0.03127446964469316,0.0007629146353826943,0.03701072208655703,0.35326167412016113,0.8450110638628318,0.3827161359307475,-0.0640854285719843,0.48801217908005323,0.1776037831201922,0.20131379008015649,2.453511816601907,0.006317386926395409
Defensive Dynamic RRP,0.02159066199559545,0.020780776473228624,0.0008098855223668266,0.03597274154962362,0.07174255733799154,0.577681199097989,0.0792729541071144,-0.06870796931726153,0.3024507445020335,0.11197755717409374,0.2099322398017262,2.5585491725835383,0.006079313726185317
Convex Adaptive Global Relaxed Risk Parity,0.038843031163316555,0.038782575361789196,6.04558015273593e-05,0.025926037054441138,0.7938959324392153,1.4958929234094314,1.194416079070145,-0.023361360177517776,1.6601163231545184,0.22383672981722014,0.01584111023722387,0.1930635310161659,0.0036441299087656208
Improved Convex Adaptive Global Relaxed Risk Parity,0.05623919259007204,0.05621676319498903,2.2429395083012338e-05,0.03846527390070855,0.9883398541012011,1.4614939007090624,1.462845310266081,-0.035078091490841956,1.6026174972964498,0.33689244651881767,0.005790509021485974,0.07057182869936031,0.005483961270756768
HRP Benchmark,0.01797162019835774,0.01767843366721089,0.00029318653114684956,0.001579848582934852,-0.3301369121211647,11.189954441311096,-0.5386832181275005,-0.0006501292511281731,27.192183149017524,0.0974930977814088,0.07843317406885465,0.9559043089641661,0.00014351529073800917
HERC Benchmark,0.022657336332804423,0.02228306781742906,0.00037426851537536443,0.004500801152237262,0.9071868939154183,4.950911418593237,1.2902966979480037,-0.0024398856991055817,9.132832667365374,0.1241128232081794,0.09967553610428385,1.2147955962709596,0.0005887469215987031
