model,gross_annual_return,net_annual_return,transaction_cost_drag,annualized_volatility,sharpe_ratio,turnover_adjusted_sharpe,sortino_ratio,max_drawdown,calmar_ratio,total_return,avg_monthly_turnover,annualized_turnover,cvar_95_daily_loss
Global RRP,0.04004024575601539,0.039274629904687997,0.0007656158513273947,0.039157876854815005,0.5381964395778158,1.0029815980653363,0.6152151858516348,-0.0589273489763249,0.6664923942271231,0.3251833196246423,0.2038241612319797,2.4490901646049688,0.006545702155327066
Defensive Dynamic RRP,0.0378006572681433,0.03707148306458974,0.000729174203553562,0.03985979723824751,0.4734465394239785,0.930046955407434,0.5359309201584583,-0.06344887270252542,0.5842733130720257,0.29427639326871735,0.18860947309990775,2.2662750221970973,0.006732996058029857
Convex Adaptive Global Relaxed Risk Parity,0.0682974955618032,0.06825558125387876,4.191430792443995e-05,0.0519418706772386,0.9636846074512594,1.3140763003706946,1.5002895868568142,-0.05780019343159959,1.1808884573137635,0.6202295736395191,0.010863173391654105,0.13052864267459674,0.007136711580736482
Improved Convex Adaptive Global Relaxed Risk Parity,0.05953419502313073,0.059408730599402215,0.0001254644237285163,0.027273081341767338,1.5109671724658826,2.1782918422356907,2.242942518807539,-0.037420225224893966,1.5876101825245108,0.5246862942082549,0.0327941132539856,0.3940442572746188,0.0037744699613150483
HRP Benchmark,0.016866862925797976,0.016832272000338877,3.459092545909925e-05,0.001752417863662193,-0.7804805166747465,9.605170290356941,-1.229630000832671,-0.0008141381633404166,20.674957591075092,0.12975089486562763,0.00941857710287149,0.11317080569738147,0.0001740481381372091
HERC Benchmark,0.02312398772513813,0.02292715913478771,0.00019682859035041744,0.005013487706126077,0.9428883467713511,4.573095712745555,1.4188666032852344,-0.003937940070526613,5.822119870839402,0.18018871280645343,0.05326841732094457,0.6400573717868413,0.0006452491985920476
Equal Weight,0.09118037726686223,0.09112034265677704,6.0034610085191176e-05,0.11170732849008622,0.6527802933112716,0.8157060408517761,1.0384472976737285,-0.17338312055517202,0.5255433306599286,0.89146217011839,0.015271629597652893,0.18349933402906887,0.015174432752094914
60/40 Benchmark,0.0682331710119175,0.06816919166876656,6.397934315094389e-05,0.09071052370317931,0.5508643278510275,0.7515025697771085,0.8789560037960705,-0.17925841580660284,0.3802844701155481,0.619272184099062,0.016592907690395734,0.1993754164428784,0.01228866132484432
