model,gross_annual_return,net_annual_return,transaction_cost_drag,annualized_volatility,sharpe_ratio,turnover_adjusted_sharpe,sortino_ratio,max_drawdown,calmar_ratio,total_return,avg_monthly_turnover,annualized_turnover,cvar_95_daily_loss
Global RRP,0.047746035436229795,0.047059180536960454,0.0006868548992693402,0.04166973118136253,0.6925693955488773,1.1293372719910524,0.8036965108249973,-0.0682508647355402,0.6895030666542658,0.3999964514700822,0.1796812373953378,2.1778310605218474,0.0067181263721921404
Defensive Dynamic RRP,0.04159721084626922,0.040928713194512634,0.0006684976517565833,0.041997379066911894,0.5411936101607756,0.9745539865548128,0.6547399733810579,-0.07472885763078208,0.5476962246195692,0.32921679091464306,0.17060215307343138,2.0677877854199487,0.006663843321622546
Convex Adaptive Global Relaxed Risk Parity,0.06425832246452745,0.06418784352708706,7.047893744038802e-05,0.03944938147882001,1.1657430814670058,1.6270937875552978,1.674035315473658,-0.0522413794567842,1.2286781894835945,0.5764834187405825,0.01816020529961405,0.2201112355428333,0.005638026379047856
Improved Convex Adaptive Global Relaxed Risk Parity,0.07792947275852224,0.07790930841731125,2.0164341210993086e-05,0.04502638501738881,1.3260959855927146,1.7303034295829731,1.975568176364743,-0.05832612376818458,1.335753233438921,0.7314101705938443,0.005121740814936355,0.06207819131481724,0.006328669819752206
HRP Benchmark,0.018338791316292014,0.018130595991475706,0.0002081953248163071,0.0016713063032944768,-0.04152680354731229,10.848158686254399,-0.06487639768751369,-0.0008196045783049888,22.12115021242476,0.14050483628172672,0.05604126554572622,0.6792496008244999,0.0001592614387676708
HERC Benchmark,0.02407649375841525,0.023731472457358738,0.00034502130105651396,0.004673813159509612,1.1835031201673267,5.077539826142452,1.7672928288884024,-0.003947837765562623,6.011258280259312,0.18721688500127254,0.09236491014304886,1.1195112696672724,0.0005904158643327162
