model,net_annual_return,annualized_volatility,sharpe_ratio,sortino_ratio,max_drawdown,calmar_ratio,avg_monthly_turnover,gross_annual_return,transaction_cost_drag,turnover_adjusted_sharpe,total_return,annualized_turnover,cvar_95_daily_loss
Global RRP,0.0470591805369604,0.0416697311813625,0.6925693955488773,0.8036965108249973,-0.0682508647355402,0.6895030666542658,0.1796812373953378,,,,,,
Defensive Dynamic RRP,0.0409287131945126,0.0419973790669118,0.5411936101607756,0.6547399733810579,-0.074728857630782,0.5476962246195692,0.1706021530734313,,,,,,
Convex Adaptive Global Relaxed Risk Parity,0.064187843527087,0.03944938147882,1.1657430814670058,1.674035315473658,-0.0522413794567842,1.2286781894835943,0.018160205299614,,,,,,
Improved Convex Adaptive Global Relaxed Risk Parity,0.0779093084173112,0.0450263850173888,1.3260959855927146,1.975568176364743,-0.0583261237681845,1.335753233438921,0.0051217408149363,,,,,,
HRP Benchmark,0.0181305959914757,0.0016713063032944,-0.0415268035473122,-0.0648763976875136,-0.0008196045783049,22.12115021242476,0.0560412655457262,,,,,,
HERC Benchmark,0.0237314724573587,0.0046738131595096,1.1835031201673267,1.7672928288884024,-0.0039478377655626,6.011258280259312,0.0923649101430488,,,,,,
Equal Weight,0.09875239084748344,0.11223831599572541,0.717690657890406,1.1450912858682465,-0.19920883869327288,0.49572293827552055,0.019849698522356057,0.09883176312210451,7.93722746210701e-05,0.879845621091147,0.9918602327836936,0.24058878161478706,0.015204617069741277
60/40 Benchmark,0.0735499017906649,0.09155232181813759,0.604571251623893,0.9647550332480568,-0.18583059324947993,0.39579006074593553,0.019471038501750224,0.07362605973771208,7.615794704718404e-05,0.8033646807643692,0.6808245112608757,0.23599922309322147,0.012411001202235978
