model,gross_annual_return,net_annual_return,transaction_cost_drag,avg_monthly_turnover,annualized_turnover,turnover_adjusted_sharpe
Global RRP,0.04274506375997511,0.04206384236907712,0.0006812213908979903,0.1774959621254651,2.1696058372428553,1.0683457565505179
Defensive Dynamic RRP,0.04088411922716162,0.04021873847135704,0.0006653807558045788,0.1712420180583085,2.09422722412576,0.9950525462704793
Convex Adaptive Global Relaxed Risk Parity,0.0540809222129941,0.053968913747843406,0.00011200846515069252,0.028972220062600532,0.3541393111876571,1.3140391656224564
Improved Convex Adaptive Global Relaxed Risk Parity,0.04567565347746583,0.045500658474347366,0.00017499500311846106,0.0454883062516653,0.5560221967198462,1.6651141297706882
HRP Benchmark,0.018311227185637158,0.018087932169369214,0.00022329501626794368,0.059578855992621416,0.7282567568859517,10.52961794602282
HERC Benchmark,0.02365300324787034,0.023301781752577355,0.00035122149529298596,0.09324053714754954,1.1397172715398904,4.9620551645557605
