model,gross_annual_return,net_annual_return,transaction_cost_drag,avg_monthly_turnover,annualized_turnover,turnover_adjusted_sharpe
Global RRP,0.04327314717481645,0.04252799601228685,0.0007451511625296003,0.19645753797679608,2.3740871008907822,1.0577868791094345
Defensive Dynamic RRP,0.04614241802434971,0.04540517454075488,0.0007372434835948294,0.1879285762459693,2.271019037238582,1.039401569490478
Convex Adaptive Global Relaxed Risk Parity,0.06961244797799981,0.06956530239436876,4.7145583631058585e-05,0.012124617793513481,0.14651969582460636,1.3249477690018505
Improved Convex Adaptive Global Relaxed Risk Parity,0.059192070554359155,0.0590786830740031,0.00011338748035605306,0.029448619848478456,0.35587124444961016,2.1531563856963234
HRP Benchmark,0.01692655784884667,0.016886660903412176,3.989694543449218e-05,0.010789156874883007,0.13038134565837942,9.615229298438907
HERC Benchmark,0.022663861012984343,0.02245752925181166,0.00020633176117268448,0.05549217739252105,0.670594083101498,3.945228134301625
Equal Weight,0.10814608022981975,0.10809617273515237,4.9907494667378316e-05,0.012422539984994714,0.1501199304562154,0.9747997077204875
60/40 Benchmark,0.08107660874738443,0.08102040308231828,5.620566506614466e-05,0.01431199747250118,0.1729530408319569,0.908788195079575
