model,gross_annual_return,net_annual_return,transaction_cost_drag,avg_monthly_turnover,annualized_turnover,turnover_adjusted_sharpe
Global RRP,0.048719189972851185,0.047849255387434564,0.0008699345854166207,0.22812103616404347,2.756723997339629,1.1641167798913092
Defensive Dynamic RRP,0.050425765087040775,0.04945803661479009,0.000967728472250684,0.24570864295229963,2.9692610719744024,1.1047551255498147
Convex Adaptive Global Relaxed Risk Parity,0.06961244797799981,0.06956530239436876,4.7145583631058585e-05,0.012124617793513481,0.14651969582460636,1.3249477690018505
Improved Convex Adaptive Global Relaxed Risk Parity,0.056728174391704966,0.05664190570684813,8.626868485683836e-05,0.022468385307393403,0.2715187428564179,2.1676550307146267
HRP Benchmark,0.01692655784884667,0.016886660903412176,3.989694543449218e-05,0.010789156874883007,0.13038134565837942,9.615229298438907
HERC Benchmark,0.022663861012984343,0.02245752925181166,0.00020633176117268448,0.05549217739252105,0.670594083101498,3.945228134301625
Equal Weight,0.10814608022981975,0.10809617273515237,4.9907494667378316e-05,0.012422539984994714,0.1501199304562154,0.9747997077204875
60/40 Benchmark,0.08107660874738443,0.08102040308231828,5.620566506614466e-05,0.01431199747250118,0.1729530408319569,0.908788195079575
