model,gross_annual_return,net_annual_return,transaction_cost_drag,avg_monthly_turnover,annualized_turnover,turnover_adjusted_sharpe
Global RRP,0.03690709972505912,0.036143803898062155,0.0007632958269969681,0.20063225147640537,2.4439509699149355,1.057349679873956
Defensive Dynamic RRP,0.02800708433265009,0.027205622107935756,0.0008014622247143333,0.20659378973688455,2.5165699387330993,0.6964557172087333
Convex Adaptive Global Relaxed Risk Parity,0.050314017804825806,0.05026806336890166,4.595443592414483e-05,0.011903127160460325,0.14499492955273408,0.9057321717160585
Improved Convex Adaptive Global Relaxed Risk Parity,0.05101666858197995,0.05098452179267987,3.2146789300080414e-05,0.008331714674095159,0.10149067265590647,1.2480902569723067
HRP Benchmark,0.022546331277302434,0.02250726264252667,3.9068634775762945e-05,0.010412618067478223,0.1268386704435697,8.531977293833785
HERC Benchmark,0.029285785329055125,0.029068722811868897,0.00021706251718622838,0.057472758322801056,0.7000898530175478,3.5087036348825142
