model,gross_annual_return,net_annual_return,transaction_cost_drag,annualized_volatility,sharpe_ratio,turnover_adjusted_sharpe,sortino_ratio,max_drawdown,calmar_ratio,total_return,avg_monthly_turnover,annualized_turnover,cvar_95_daily_loss
Global RRP,0.03690709972505912,0.036143803898062155,0.0007632958269969681,0.03418339702185447,0.5249274636628461,1.057349679873956,0.6001267214177595,-0.04151331539262215,0.8706556813452129,0.2075994266262582,0.20063225147640537,2.4439509699149355,0.005673350764528213
Defensive Dynamic RRP,0.02800708433265009,0.027205622107935756,0.0008014622247143333,0.039062960408984645,0.2305412086961137,0.6964557172087333,0.2569050933287553,-0.07545134304818901,0.3605717407914152,0.14869796088855125,0.20659378973688455,2.5165699387330993,0.006824963585619769
Convex Adaptive Global Relaxed Risk Parity,0.050314017804825806,0.05026806336890166,4.595443592414483e-05,0.05549992032817003,0.5778037730375788,0.9057321717160585,0.8748564504407751,-0.05939363315630408,0.8463544103559554,0.2976649558953308,0.011903127160460325,0.14499492955273408,0.007875069081614287
Improved Convex Adaptive Global Relaxed Risk Parity,0.05101666858197995,0.05098452179267987,3.2146789300080414e-05,0.04085002787888212,0.8025581252939168,1.2480902569723067,1.1765904420862014,-0.03774738074998829,1.3506770742681447,0.3023748619205049,0.008331714674095159,0.10149067265590647,0.005922331796392233
HRP Benchmark,0.022546331277302434,0.02250726264252667,3.9068634775762945e-05,0.002637989046078812,1.6327826110305945,8.531977293833785,1.873304673105695,-0.002613545067890577,8.61177521637021,0.12552525308862106,0.010412618067478223,0.1268386704435697,0.0002981482785110642
HERC Benchmark,0.029285785329055125,0.029068722811868897,0.00021706251718622838,0.00828474725618775,1.311895520258776,3.5087036348825142,1.7399818411863497,-0.007312224718934668,3.975359610680014,0.16443154451724995,0.057472758322801056,0.7000898530175478,0.0011395156784068565
