model,annualized_return,annualized_volatility,sharpe_ratio,sortino_ratio,max_drawdown,calmar_ratio,total_return,turnover
Equal Weight,0.10793204982820104,0.11142279372705068,0.8053293839321167,1.2755505106389071,-0.14262725603630544,0.756742104052869,1.1150980196183768,0.0006254894237383257
Minimum Variance,0.017248220330855712,0.002002573304006407,-0.475278316773788,-0.554848317765464,-0.002893431894146481,5.961163407975662,0.13313286577077177,0.003819559082304393
Standard Risk Parity,0.025995871173320806,0.008559643726369737,0.9107705206589412,1.1359651589357411,-0.011745845441023528,2.2131971090414364,0.20631102108554433,0.011701978898853702
Local Relaxed Risk Parity,0.027266207755354932,0.04054247868538404,0.22362243378630392,0.2594761217887355,-0.07627254188617127,0.3574839264705098,0.21726988981556317,0.0077434513382248615
Global RRP,0.04637425837949616,0.04026557789290796,0.6997107667107029,0.7965863579484839,-0.06426150849113998,0.7216490784042204,0.3927898045734912,0.009446604750938158
HRP Benchmark,0.01685373462575579,0.0017486255269987185,-0.7698991885100154,-1.2130418914126835,-0.0008139162533676858,20.706964083861504,0.12992518861869629,0.00043538545151317764
HERC Benchmark,0.023648350015542885,0.005576345760797643,0.9770466626810368,1.4966252655838723,-0.005817716355102087,4.064885355712381,0.18628351494814854,0.0027850701144717855
Defensive Dynamic RRP,0.0439785633224441,0.04172600845134654,0.6178056391974919,0.7511967094536337,-0.06858246443195337,0.6412508457767518,0.35661429681985357,0.009147203447988136
