model,annualized_return,annualized_volatility,sharpe_ratio,sortino_ratio,max_drawdown,calmar_ratio,total_return,turnover
Equal Weight,0.07698480615781511,0.11155718586278533,0.526947732709214,0.8392829467034192,-0.20242591034486168,0.38031102849758913,0.8411933362307484,0.002572728833662094
Minimum Variance,0.019617242419283976,0.0020164097806839856,0.7028543666373372,0.8514094903461743,-0.0016372519539494812,11.98181035726483,0.17338825605152697,0.002593960168120904
Standard Risk Parity,0.023712401253824122,0.006060551525328904,0.9095543913431156,1.1953324229732307,-0.00981384282190867,2.416219791179859,0.21274433331977982,0.011483032228722455
Local Relaxed Risk Parity,0.0323810032162668,0.03899930169891664,0.36362197779199557,0.4008101070360462,-0.07818211669105835,0.4141740411585736,0.29989867837578044,0.0076617769626719035
Global RRP,0.0427410821599461,0.03932674650791579,0.6240303187807922,0.6960875462150452,-0.06825086473554032,0.626235027578918,0.4112394033954574,0.008806238822743392
HRP Benchmark,0.01809734232307636,0.0017172284008861647,-0.05978102672344888,-0.09404184734990717,-0.0008196045783049888,22.080577393190246,0.15906954809605933,0.0030108682011997993
HERC Benchmark,0.023345679140756026,0.004747482723967813,1.0838752745276787,1.6129778866768008,-0.003947837765562956,5.913535592673212,0.20917333438351582,0.004734270893059157
Defensive Dynamic RRP,0.03844907148103105,0.04050575695535083,0.4999060134427666,0.5942181388920769,-0.07804379049780474,0.4926602262112392,0.3360483379589825,0.008930700370087804
