model,annualized_return,annualized_volatility,sharpe_ratio,sortino_ratio,max_drawdown,calmar_ratio,total_return,turnover
Equal Weight,0.10844091119483523,0.11076248827573298,0.8147244847929818,1.3032393936986606,-0.13905065001334693,0.7798662658853188,1.1294135511784664,0.0006226845384300821
Minimum Variance,0.017159338086084608,0.0019789601075486437,-0.5258630075188684,-0.6165095609783376,-0.0029031615375018083,5.91056951686207,0.13304392130975673,0.0020275012230365087
Standard Risk Parity,0.02381745406761282,0.008571608144213186,0.6553559114114709,0.8041034558310469,-0.011745845441023861,2.0277343327222175,0.18863728698272997,0.011133459190577974
Local Relaxed Risk Parity,0.027732967928161933,0.04052677632167336,0.23522640568536377,0.26832992815830037,-0.07625785919416872,0.3636735704519045,0.22241844260437849,0.007226449390549071
Global RRP,0.04252799601228685,0.04020469231769235,0.6051033998730827,0.703078517357011,-0.06426150849113976,0.6617957936382791,0.3576636694619333,0.009800852511174244
HRP Benchmark,0.016886660903412176,0.0017562411024512783,-0.7478125268533621,-1.1805911862880218,-0.0008151344423532603,20.716411951212695,0.1308158658744749,0.000538248297009298
HERC Benchmark,0.02245752925181166,0.005692327157599731,0.747941770375496,1.099714299101232,-0.005817716355101754,3.860196661550521,0.1770947400914189,0.0027683877735058143
Defensive Dynamic RRP,0.04636987137442694,0.04450957187779718,0.6328946827834798,0.8170792806993176,-0.06876811051831921,0.6742932301749721,0.3808479193284646,0.00937014395137017
