model,annualized_return,annualized_volatility,sharpe_ratio,sortino_ratio,max_drawdown,calmar_ratio,total_return,turnover
Equal Weight,0.06059527341964399,0.11235076327387306,0.3773474445945569,0.599295648807178,-0.1880399396689254,0.3222468244051329,0.36657711186052566,0.0004715874119428157
Minimum Variance,0.019686728066045323,0.0021264358072608566,0.6991643297995593,0.808550262720154,-0.0016602128229291635,11.857954470747572,0.10903954758416412,0.002730661838345884
Standard Risk Parity,0.02144590740113017,0.0041490897126659826,0.7823179603037612,1.1163863264021645,-0.004351581687617734,4.928301693647097,0.11923456605418004,0.012178211512575872
Local Relaxed Risk Parity,0.021968429317309246,0.03855328531045882,0.09774599718190391,0.10633803251390476,-0.07473374063567473,0.29395597129822304,0.1222773583480341,0.007798777046361648
Global RRP,0.03127446964469316,0.03701072208655703,0.35326167412016113,0.3827161359307475,-0.0640854285719843,0.48801217908005323,0.1776037831201922,0.010143718104814087
HRP Benchmark,0.01767843366721089,0.001579848582934852,-0.3301369121211647,-0.5386832181275005,-0.0006501292511281731,27.192183149017524,0.0974930977814088,0.0039520591585081805
HERC Benchmark,0.02228306781742906,0.004500801152237262,0.9071868939154183,1.2902966979480037,-0.0024398856991055817,9.132832667365374,0.1241128232081794,0.0050224107339367835
Defensive Dynamic RRP,0.03116638802234717,0.037958547437802234,0.34159336691145814,0.4066722391684168,-0.07392000649152064,0.42162317756184536,0.17160960446081996,0.010923316637659
