model,annualized_return,annualized_volatility,sharpe_ratio,sortino_ratio,max_drawdown,calmar_ratio,total_return,turnover
Equal Weight,0.11031528397993928,0.11035408815716362,0.8347247076950238,1.3220324521211384,-0.14342567710104348,0.769145987034261,1.148576731698569,0.0006254894237383256
Minimum Variance,0.017180545283078885,0.00196636873125076,-0.5184453458394169,-0.6028171112955889,-0.002886698548124511,5.951624319844928,0.13258202253459195,0.0018653123596779045
Standard Risk Parity,0.026708825158221705,0.00902220237124151,0.9430984595672329,1.1433883367708393,-0.011745845441023528,2.27389550563457,0.21245095830593597,0.011438552079015146
Local Relaxed Risk Parity,0.03210473179128903,0.041292151268455805,0.3367403093360077,0.3940018471519075,-0.07627254188617127,0.42092122535003434,0.25980148249230184,0.007545144042863962
Global RRP,0.045714608937373225,0.04065267881828918,0.6768215462592029,0.7970301584733033,-0.06426150849113998,0.7113839997029652,0.3863853091935745,0.009861565182826916
HRP Benchmark,0.016868456630247275,0.0017498583241638986,-0.7609435297505882,-1.1990380113610213,-0.0008151344423531492,20.694079103750074,0.13004475653734304,0.00043412978224785227
HERC Benchmark,0.022637761060486872,0.0053627902927420295,0.8275097138317924,1.261340296466671,-0.005817716355102087,3.8911764820974386,0.17775061271221837,0.0025987694323458556
Defensive Dynamic RRP,0.040819406629061916,0.041656693520412506,0.5429957281169714,0.6571349035423081,-0.0681788415821537,0.5987107683529004,0.3277895462932454,0.008922225727494038
