model,annualized_return,annualized_volatility,sharpe_ratio,sortino_ratio,max_drawdown,calmar_ratio,total_return,turnover
Equal Weight,0.0639314119297889,0.09558132483092804,0.4784555143034721,0.7477383762560591,-0.1331234904574614,0.480241403752989,0.3891977699170561,0.00021426724297166506
Minimum Variance,0.02261122686492789,0.0026187990951726087,1.6844464598522937,1.8794424650364203,-0.0025155191043353398,8.988692165350228,0.12592615038123167,0.00021195200855434075
Standard Risk Parity,0.04036555661246255,0.04746240450112777,0.4670129304539526,0.6664168257750923,-0.07819317292600247,0.5162286565690613,0.23356890685278975,0.004359407934093382
Local Relaxed Risk Parity,0.03454650178590013,0.04716321235909797,0.3465943257095978,0.5014614306677536,-0.0727368007615935,0.47495217584743404,0.19740717787232076,0.007225818507214844
Global RRP,0.04735721507158197,0.04602488015621217,0.6335098532059186,0.8579574708916962,-0.044946388726360254,1.0536378208246975,0.27818453045486047,0.010592728591228635
HRP Benchmark,0.02215570410654233,0.002568303188306163,1.540201376750686,1.7341157335331914,-0.002521349378036053,8.787240792388719,0.12326824382787716,4.4134092864075406e-05
HERC Benchmark,0.027676611238474313,0.006843951808561059,1.3846694868044036,1.709025655495191,-0.0066094724608405375,4.187416076313394,0.15582737436183547,0.0008015290312192337
Defensive Dynamic RRP,0.042608718832441106,0.047308938335147606,0.5159430689296813,0.6337441874142777,-0.06704638840173982,0.6355110222661216,0.24005387483161544,0.008015161470113866
