model,annualized_return,annualized_volatility,sharpe_ratio,sortino_ratio,max_drawdown,calmar_ratio,total_return,turnover
Equal Weight,0.0762751175994314,0.11156194833632366,0.5205638523303077,0.8291048343570296,-0.2024259103448619,0.3768051109143373,0.8312313275894183,0.002572728833662094
Minimum Variance,0.019597807088856944,0.0020160212878522327,0.6933493695129066,0.8399460888254496,-0.0016372519539492592,11.969939655032661,0.17320418296728168,0.0025923434015815354
Standard Risk Parity,0.023295141419209076,0.005980537193804252,0.8519538051677975,1.1012780946627354,-0.00981384282190878,2.373702314368043,0.20868194242557236,0.011501112756765698
Local Relaxed Risk Parity,0.032299630681984715,0.039035296781772075,0.36120208745456955,0.4003013494695615,-0.0781821166910579,0.4131332336475228,0.29905564006544716,0.00760103199236381
Global RRP,0.04206384236907712,0.03937287353945519,0.6060985705085351,0.6800989092271713,-0.06825086473553965,0.61631222596325,0.4037132884714245,0.008963546087335987
HRP Benchmark,0.018087932169369214,0.0017178146692588474,-0.06523860381233008,-0.10262224235445963,-0.0008196045783052108,22.069096059433537,0.158981377024362,0.0030087322276273814
HERC Benchmark,0.023301781752577355,0.0046959940951530115,1.0864114496743464,1.6173228240024624,-0.003947837765563178,5.90241624309839,0.20874649817323188,0.004708647125951252
Defensive Dynamic RRP,0.03850508357519211,0.04058834041526267,0.5002688793739561,0.5942792368844568,-0.07804379049780474,0.49337792705334066,0.33639401641915323,0.008894971058329945
