model,annualized_return,annualized_volatility,sharpe_ratio,sortino_ratio,max_drawdown,calmar_ratio,total_return,turnover
Equal Weight,0.051123166748555215,0.09397482014343557,0.35034030071357364,0.5418437038331635,-0.1436185246571603,0.355964990384034,0.3016844149313387,0.0
Minimum Variance,0.018371365645036386,0.002817689257691269,0.060817794073146685,0.03978088366485322,-0.004556657129571096,4.031763883618258,0.10105343798667898,0.0006576551197354183
Standard RP,0.007752376009455331,0.015805510541318023,-0.6610114847750714,-0.583914888395127,-0.04859996119358323,0.1595140370292908,0.04168228361541759,0.010800974024671077
Relaxed RRP,0.046600514664124404,0.03342083867382772,0.8497846191503629,0.8617785556989006,-0.05135122954364313,0.9074858592143131,0.27233927738060126,0.010695222680063286
Global RRP,0.05979599207218067,0.036065588795018345,1.15334293607668,1.3455275401792548,-0.042484940424631135,1.407463244023128,0.3594931983941103,0.01145858450170613
HRP,-0.0009380557677577395,0.003690859910166463,-5.185256615956087,-3.837051836778745,-0.00772114403441182,-0.12149181048520596,-0.00495053424640679,0.0004864578313949169
HERC,-0.0008513007749124668,0.003689873650761316,-5.163130930237053,-4.650916242342367,-0.007707105539627612,-0.11045661312607372,-0.00449352557129612,0.0004969594814233611
Dynamic RRP,0.03313062788816423,0.03985088479180386,0.37466239372519566,0.39224817215733027,-0.07116500930752623,0.4655465967129498,0.1823791195525435,0.009615177671281496
