model,annualized_return,annualized_volatility,sharpe_ratio,sortino_ratio,max_drawdown,calmar_ratio,total_return,turnover
Equal Weight,0.0989085720021523,0.11231588526580114,0.7185855483500972,1.1423143187809388,-0.2024259103448619,0.488616164964491,0.9939327976102719,0.0010031231189085634
Minimum Variance,0.019940400264896185,0.0020270863337286645,0.8585723439291588,1.0204939760792375,-0.0016372519539493702,12.17918855848427,0.1554221235919402,0.0023439616915887263
Standard Risk Parity,0.024468189118522776,0.006161218372633926,1.0173619468454451,1.322069176078904,-0.009813842821909002,2.4932322192789296,0.1934824067739458,0.01179835363582909
Local Relaxed Risk Parity,0.03493691332300375,0.041355182504005314,0.4047113882615015,0.46644029747615967,-0.07818211669105701,0.44686578979512415,0.28565054306675086,0.007788219913773459
Global RRP,0.047059180536960454,0.04166973118136253,0.6925693955488773,0.8036965108249973,-0.0682508647355402,0.6895030666542658,0.3999964514700822,0.00899416767614458
HRP Benchmark,0.018130595991475706,0.0016713063032944768,-0.04152680354731229,-0.06487639768751369,-0.0008196045783049888,22.12115021242476,0.14050483628172672,0.002805215204482359
HERC Benchmark,0.023731472457358738,0.004673813159509612,1.1835031201673267,1.7672928288884024,-0.003947837765562623,6.011258280259312,0.18721688500127254,0.004623440383988385
Defensive Dynamic RRP,0.04020900465938104,0.04213294625382469,0.5223704159398332,0.6375051381076029,-0.07804379049780208,0.5152108118135732,0.3227102892582383,0.008884862876573467
