model,annualized_return,annualized_volatility,sharpe_ratio,sortino_ratio,max_drawdown,calmar_ratio,total_return,turnover
Equal Weight,0.045981929887494166,0.11407673304121851,0.2435372152308738,0.37879377495036537,-0.18687113261309396,0.2460622421692982,0.2697763608917203,0.00047122212347500565
Minimum Variance,0.022485741736083753,0.0026875954193408937,1.5946379820571313,1.8333309507868356,-0.0024783070989000677,9.073024786179028,0.12539940412031148,0.0004363865137402982
Standard Risk Parity,0.02742941729754378,0.01344905661680457,0.6862501631535731,0.7871392244585653,-0.022263092619927538,1.2320578172051397,0.15461050031790213,0.010105986427722933
Local Relaxed Risk Parity,0.025172346087101838,0.034642989008237125,0.20126283229902622,0.2238417711978084,-0.04642879324502491,0.5421710177616814,0.14119856245701468,0.009128234007792151
Global RRP,0.036143803898062155,0.03418339702185447,0.5249274636628461,0.6001267214177595,-0.04151331539262215,0.8706556813452129,0.2075994266262582,0.01010154635628687
HRP Benchmark,0.02250726264252667,0.002637989046078812,1.6327826110305945,1.873304673105695,-0.002613545067890577,8.61177521637021,0.12552525308862106,0.0005242603984400345
HERC Benchmark,0.029068722811868897,0.00828474725618775,1.311895520258776,1.7399818411863497,-0.007312224718934668,3.975359610680014,0.16443154451724995,0.0028936710232239106
Defensive Dynamic RRP,0.03482048056371645,0.039237156309116596,0.4235903446411265,0.4875122834822029,-0.06836637056468897,0.509321765600661,0.19336141942246554,0.010443607507017005
