model,annualized_return,annualized_volatility,sharpe_ratio,sortino_ratio,max_drawdown,calmar_ratio,total_return,annualized_turnover,turnover_adjusted_return,turnover_adjusted_sharpe,avg_turnover,avg_drawdown_scalar,avg_target_vol_scalar
Global RRP,0.047849255387434564,0.04110348395794289,0.7213319293754199,0.8312753361838755,-0.07140709066847739,0.6700910923480262,0.4093699320994968,2.756723997339629,0.04702223818823267,1.1439964124779753,0.011380477701008895,0.9977578475336323,0.9898131503059812
Defensive Dynamic RRP,0.050889601293403475,0.045209606427685824,0.7230675928509024,0.9216866818833698,-0.07111378618997255,0.7156080982308772,0.4238764920111686,2.9984060566090376,0.049990079476420764,1.1057402049359013,0.01276457615502615,0.9102601156069364,0.7365387617162007
HERC Benchmark,0.02245752925181166,0.005692327157599731,0.747941770375496,1.099714299101232,-0.005817716355101754,3.860196661550521,0.1770947400914189,0.670594083101498,0.02225635102688121,3.909886134560472,0.0027683877735058143,1.0,1.0
HRP Benchmark,0.016886660903412176,0.0017562411024512783,-0.7478125268533621,-1.1805911862880218,-0.0008151344423532603,20.716411951212695,0.1308158658744749,0.13038134565837942,0.016847546499714663,9.59295763901645,0.000538248297009298,1.0,1.0
Standard Risk Parity,0.026120631512904335,0.0069542236438077006,1.1389670391111393,1.5077351874003029,-0.009141314444187976,2.857426212869394,0.2084088938105637,2.7465624884113913,0.025296662766380918,3.6375969571967977,0.011338528334341062,1.0,0.9991485884473722
Local Relaxed Risk Parity,0.05014003835819558,0.04080549340760773,0.7827386876356387,0.9225596610318326,-0.08281529494154805,0.6054441802517878,0.43214766388740133,2.893887333929492,0.04927187215801673,1.2074813473234596,0.011946723830459407,0.9904708520179372,0.9865763558972788
