model,annualized_return,annualized_volatility,sharpe_ratio,sortino_ratio,max_drawdown,calmar_ratio,total_return,annualized_turnover,turnover_adjusted_return,turnover_adjusted_sharpe,avg_turnover,avg_drawdown_scalar,avg_target_vol_scalar
Global RRP,0.0427410821599461,0.03932674650791579,0.6240303187807922,0.6960875462150452,-0.06825086473554032,0.626235027578918,0.4112394033954574,2.1315299734970337,0.042101623167896986,1.0705595277102993,0.008806238822743392,0.99275,0.9897745788109212
Defensive Dynamic RRP,0.038664370076076926,0.04079118182082155,0.5016861282903806,0.5945638410109078,-0.07727243159586028,0.5003643508760541,0.33817688982374694,2.1012269600714726,0.03803400198805548,0.9324074540208912,0.008934484126095382,0.7604501607717041,0.7630473194047842
HERC Benchmark,0.023345679140756026,0.004747482723967813,1.0838752745276787,1.6129778866768008,-0.003947837765562956,5.913535592673212,0.20917333438351582,1.1459194457851936,0.02300190330702047,4.845073619940659,0.004734270893059157,1.0,1.0
HRP Benchmark,0.01809734232307636,0.0017172284008861647,-0.05978102672344888,-0.09404184734990717,-0.0008196045783049888,22.080577393190246,0.15906954809605933,0.7287737644057168,0.017878710193754643,10.41137578701147,0.0030108682011997993,1.0,1.0
Standard Risk Parity,0.020469753383892897,0.0051169733126286135,0.4435734261680003,0.5126807721735789,-0.005935089089168288,3.448937846822013,0.1814874408520395,2.7472279810963314,0.019645584989563997,3.8392979187675236,0.01134994393832817,1.0,0.9998461590133986
Local Relaxed Risk Parity,0.03962616445319744,0.03890771087933829,0.5506919828731348,0.619448516603279,-0.06779637775245584,0.5844879293977034,0.3769145955245796,1.9579536851189956,0.03903877834766174,1.0033686759092542,0.008089122822298601,0.99,0.9893239837643509
