model,annualized_return,annualized_volatility,sharpe_ratio,sortino_ratio,max_drawdown,calmar_ratio,total_return,annualized_turnover,turnover_adjusted_return,turnover_adjusted_sharpe,avg_turnover,avg_drawdown_scalar,avg_target_vol_scalar
Global RRP,0.04206384236907712,0.03937287353945519,0.6060985705085351,0.6800989092271713,-0.06825086473553965,0.61631222596325,0.4037132884714245,2.1696058372428553,0.04141296061790426,1.0518145335875655,0.008963546087335987,0.99275,0.989719372634424
Defensive Dynamic RRP,0.03848441783976542,0.04044707908867042,0.5015051345313897,0.5893867180737973,-0.07727243159586072,0.49803554831872177,0.336189927004386,2.101881653975027,0.037853853343572906,0.9358859575641421,0.008938974409265612,0.7603217158176944,0.7689406984040753
HERC Benchmark,0.023301781752577355,0.0046959940951530115,1.0864114496743464,1.6173228240024624,-0.003947837765563178,5.90241624309839,0.20874649817323188,1.1397172715398904,0.022959866571115387,4.889245196201056,0.004708647125951252,1.0,1.0
HRP Benchmark,0.018087932169369214,0.0017178146692588474,-0.06523860381233008,-0.10262224235445963,-0.0008196045783052108,22.069096059433537,0.158981377024362,0.7282567568859517,0.01786945514230343,10.402434827275762,0.0030087322276273814,1.0,1.0
Standard Risk Parity,0.02223821892174538,0.007206074617469112,0.560390939049652,0.6582898655834246,-0.006496365339830779,3.4231786173412244,0.19844531800414833,2.7625620330523666,0.02140945031182967,2.9710281184056084,0.011413295298770762,1.0,0.9998461590133986
Local Relaxed Risk Parity,0.039723789249543895,0.038857749606407886,0.5539123975927439,0.618439808554976,-0.06779637775245706,0.5859279000802404,0.3779791333684972,1.888101969818568,0.039157358658598325,1.0077104066814264,0.007800536269558437,0.99,0.9893496934314188
