model,annualized_return,annualized_volatility,sharpe_ratio,sortino_ratio,max_drawdown,calmar_ratio,total_return,annualized_turnover,turnover_adjusted_return,turnover_adjusted_sharpe,avg_turnover,avg_drawdown_scalar,avg_target_vol_scalar
Global RRP,0.03127446964469316,0.03701072208655703,0.35326167412016113,0.3827161359307475,-0.0640854285719843,0.48801217908005323,0.1776037831201922,2.453511816601907,0.030538416099712588,0.8251234879528249,0.010143718104814087,0.9922480620155039,0.9913282603635545
Defensive Dynamic RRP,0.020112569274696623,0.03609326035396034,0.05298965114097168,0.05894755076074481,-0.07392000649152053,0.27208559941081395,0.10822631966708274,2.551121379267232,0.019347232860916455,0.5360345025963712,0.010850064345634161,0.7460127591706539,0.8145565486280106
HERC Benchmark,0.02228306781742906,0.004500801152237262,0.9071868939154183,1.2902966979480037,-0.0024398856991055817,9.132832667365374,0.1241128232081794,1.2147955962709596,0.021918629138547772,4.869939461256235,0.0050224107339367835,1.0,1.0
HRP Benchmark,0.01767843366721089,0.001579848582934852,-0.3301369121211647,-0.5386832181275005,-0.0006501292511281731,27.192183149017524,0.0974930977814088,0.9559043089641661,0.01739166237452164,11.008436227612085,0.0039520591585081805,1.0,1.0
Standard Risk Parity,0.020554347989738986,0.006693697286108424,0.3517260923383875,0.3911964727263203,-0.00790905925117713,2.5988360103232018,0.11405822542360688,2.998768344601018,0.01965471748635868,2.9363021132055893,0.01239800865984917,1.0,0.9997026500494397
Local Relaxed Risk Parity,0.02469781619242073,0.04016320301107478,0.16178530857284942,0.18768805799412197,-0.06779637775245606,0.36429403769327484,0.13828068141055994,1.9397808301939137,0.024115881943362557,0.6004471788943908,0.008019765706228067,0.983139534883721,0.9887908305644163
