model,annualized_return,annualized_volatility,sharpe_ratio,sortino_ratio,max_drawdown,calmar_ratio,total_return,annualized_turnover,turnover_adjusted_return,turnover_adjusted_sharpe,avg_turnover,avg_drawdown_scalar,avg_target_vol_scalar
Global RRP,0.036143803898062155,0.03418339702185447,0.5249274636628461,0.6001267214177595,-0.04151331539262215,0.8706556813452129,0.2075994266262582,2.4439509699149355,0.03541061860708768,1.035901100889669,0.01010154635628687,0.9980635166537568,0.9924834151283752
Defensive Dynamic RRP,0.03288880055281762,0.03876263136014442,0.3789422966759833,0.4277910325185066,-0.06836637056468897,0.4810669380451884,0.1819012362827479,2.476384624422207,0.03214588516549096,0.8293009023774177,0.010529214848747666,0.8203187250996016,0.8402862759601629
HERC Benchmark,0.029068722811868897,0.00828474725618775,1.311895520258776,1.7399818411863497,-0.007312224718934668,3.975359610680014,0.16443154451724995,0.7000898530175478,0.028858695855963633,3.483352595265899,0.0028936710232239106,1.0,1.0
HRP Benchmark,0.02250726264252667,0.002637989046078812,1.6327826110305945,1.873304673105695,-0.002613545067890577,8.61177521637021,0.12552525308862106,0.1268386704435697,0.0224692110413936,8.517552821075025,0.0005242603984400345,1.0,1.0
Standard Risk Parity,0.025820677516565027,0.01216875767887336,0.6262494264139693,0.7387819928148511,-0.01953395168809635,1.321835844014076,0.1450380533636182,2.6744863410508826,0.025018331614249763,2.05594788510622,0.011054414792258244,1.0,0.9994975710848895
Local Relaxed Risk Parity,0.016599484189268487,0.03972411973821088,-0.040290781048874125,-0.048618835728592116,-0.07652734090626856,0.21690919863006478,0.0914041556606855,1.4296557955797595,0.01617058745059456,0.4070722663500576,0.005909175130909352,0.9823780015491866,0.9839451369756773
