model,annualized_return,annualized_volatility,sharpe_ratio,sortino_ratio,max_drawdown,calmar_ratio,total_return,annualized_turnover,turnover_adjusted_return,turnover_adjusted_sharpe,avg_turnover,avg_drawdown_scalar,avg_target_vol_scalar
Global RRP,0.039274629904687997,0.039157876854815005,0.5381964395778158,0.6152151858516348,-0.0589273489763249,0.6664923942271231,0.3251833196246423,2.4490901646049688,0.03853990285530651,0.9842183987196306,0.010099395376359354,0.9963400900900901,0.9908082300938097
Defensive Dynamic RRP,0.036772187875553586,0.03982367886300703,0.46636042690685825,0.5332419866943496,-0.06879685336831698,0.5345039209669477,0.2916317716556811,2.312259709329357,0.03607850996275478,0.9059562298818353,0.009834154485784133,0.8610627177700348,0.8073333861376554
HERC Benchmark,0.02292715913478771,0.005013487706126077,0.9428883467713511,1.4188666032852344,-0.003937940070526613,5.822119870839402,0.18018871280645343,0.6400573717868413,0.02273514192325166,4.534795586607533,0.0026394260834702267,1.0,1.0
HRP Benchmark,0.016832272000338877,0.001752417863662193,-0.7804805166747465,-1.229630000832671,-0.0008141381633404166,20.674957591075092,0.12975089486562763,0.11317080569738147,0.01679832075862966,9.58579634855161,0.00046668625284498373,1.0,1.0
Standard Risk Parity,0.023736776522718328,0.007517402554619784,0.7365278741545811,0.9697389030673385,-0.008895618323415566,2.668367241008643,0.18703267602041218,2.9494873612293797,0.022851930314349515,3.039870506908795,0.012162900104347557,1.0,0.9991346245567615
Local Relaxed Risk Parity,0.04524982133940081,0.041633585313507124,0.6497115522410959,0.7708606970341514,-0.06888163504154743,0.6569214176188967,0.38188799568068243,1.6218945039864958,0.04476325298820486,1.0751717069555955,0.006688260845286575,0.9876126126126126,0.98792414917333
