model,annualized_return,annualized_volatility,sharpe_ratio,sortino_ratio,max_drawdown,calmar_ratio,total_return,annualized_turnover,turnover_adjusted_return,turnover_adjusted_sharpe,avg_turnover,avg_drawdown_scalar,avg_target_vol_scalar
Global RRP,0.05056357582596216,0.041524892710497474,0.7793777108972677,0.9126242681425611,-0.07126601577044234,0.7095047376976202,0.4363936290275645,2.7935158665469864,0.04972552106599806,1.197487045003911,0.011532364160261557,0.9971973094170403,0.9946759700465724
Defensive Dynamic RRP,0.053629572610401466,0.045564249557750534,0.7775739303134173,1.0027057915416808,-0.07111380421298652,0.754137304337993,0.45051851614395355,3.0123253383457254,0.05272587500889775,1.1571764161740488,0.012823832215878746,0.9075144508670521,0.8098621936808732
HERC Benchmark,0.02245752925181166,0.005692327157599731,0.747941770375496,1.099714299101232,-0.005817716355101754,3.860196661550521,0.1770947400914189,0.670594083101498,0.02225635102688121,3.909886134560472,0.0027683877735058143,1.0,1.0
HRP Benchmark,0.016886660903412176,0.0017562411024512783,-0.7478125268533621,-1.1805911862880218,-0.0008151344423532603,20.716411951212695,0.1308158658744749,0.13038134565837942,0.016847546499714663,9.59295763901645,0.000538248297009298,1.0,1.0
Standard Risk Parity,0.031061234630983314,0.008054061633512065,1.5968631997387666,2.153196218277362,-0.01058280724159033,2.9350657081717375,0.2517819971553221,2.7615685653509923,0.030232764061378016,3.753728918038423,0.011400477344889656,1.0,1.0087898440527534
Local Relaxed Risk Parity,0.0494426696432253,0.04074202557641764,0.766841343826293,0.8957101663807678,-0.08630753214827724,0.5728662193501521,0.42518015911585083,2.827944510907382,0.04859428628995309,1.192731230282289,0.011674494609228366,0.9896300448430493,0.9910606608300142
