model,annualized_return,annualized_volatility,sharpe_ratio,sortino_ratio,max_drawdown,calmar_ratio,total_return,annualized_turnover,turnover_adjusted_return,turnover_adjusted_sharpe,avg_turnover,avg_drawdown_scalar,avg_target_vol_scalar
Global RRP,0.045714608937373225,0.04065267881828918,0.6768215462592029,0.7970301584733033,-0.06426150849113998,0.7113839997029652,0.3863853091935745,2.3914166538530446,0.04499718394121731,1.1068688521695547,0.009861565182826916,0.9977477477477478,0.989638618774347
Defensive Dynamic RRP,0.0434888648451508,0.04140918011375432,0.6107067267615603,0.7382209014458385,-0.06507063625791709,0.6683331737033621,0.3521113113987371,2.250629930413472,0.04281367586602676,1.0339174972412923,0.009572039999103344,0.8662891986062717,0.7706203448248681
HERC Benchmark,0.022637761060486872,0.0053627902927420295,0.8275097138317924,1.261340296466671,-0.005817716355102087,3.8911764820974386,0.17775061271221837,0.6301981870847996,0.02244870160436143,4.186011456525417,0.0025987694323458556,1.0,1.0
HRP Benchmark,0.016868456630247275,0.0017498583241638986,-0.7609435297505882,-1.1990380113610213,-0.0008151344423531492,20.694079103750074,0.13004475653734304,0.10527590417482834,0.016836873858994825,9.621849738629365,0.00043412978224785227,1.0,1.0
Standard Risk Parity,0.02625663196146899,0.007110851974251229,1.1330051575595272,1.5001857544099333,-0.009734324109735959,2.6973246077976745,0.20855356439329453,2.7260958154279553,0.025438803216840604,3.57746206909606,0.011241692883237108,1.0,0.9991447532601982
Local Relaxed Risk Parity,0.04726007582083991,0.04084061566226634,0.7115484267219123,0.8432124812152894,-0.06751587085370814,0.6999846883889267,0.40143031383419414,1.4653986256554772,0.046820456233143265,1.1464189624448253,0.006042913535139454,0.9880349099099099,0.9868682793096253
