model,annualized_return,annualized_volatility,sharpe_ratio,sortino_ratio,max_drawdown,calmar_ratio,total_return,annualized_turnover,turnover_adjusted_return,turnover_adjusted_sharpe,avg_turnover,avg_drawdown_scalar,avg_target_vol_scalar
Global RRP,0.04735721507158197,0.04602488015621217,0.6335098532059186,0.8579574708916962,-0.044946388726360254,1.0536378208246975,0.27818453045486047,2.568039865104391,0.046586803112050656,1.0122091128522501,0.010592728591228635,0.9984484096198604,0.9915977350772173
Defensive Dynamic RRP,0.04183288299826704,0.04706152239259036,0.5021699638426473,0.6233411117787183,-0.06704638840173982,0.6239393947307905,0.23530312426296196,1.8854700327734448,0.041267241988435004,0.8768786025275791,0.008000692227543215,0.855147645650439,0.7940680786254408
HERC Benchmark,0.027676611238474313,0.006843951808561059,1.3846694868044036,1.709025655495191,-0.0066094724608405375,4.187416076313394,0.15582737436183547,0.19431806332826548,0.027618315819475835,4.035433999539308,0.0008015290312192337,1.0,1.0
HRP Benchmark,0.02215570410654233,0.002568303188306163,1.540201376750686,1.7341157335331914,-0.002521349378036053,8.787240792388719,0.12326824382787716,0.010699614259824906,0.022152494222264382,8.62534233618824,4.4134092864075406e-05,1.0,1.0
Standard Risk Parity,0.0265473369191489,0.013468546556711977,0.6197652348010075,0.6084099698871981,-0.020420124350325586,1.3000575541904387,0.14910603993872695,0.8819304422508546,0.026282757786473643,1.9514175249574925,0.0036378133914699903,1.0,1.0
Local Relaxed Risk Parity,0.052487440867504453,0.04130982604566978,0.8300069051270809,1.044656918245231,-0.0485007012938814,1.0821996273716974,0.31174753878793826,2.3165962841909344,0.05179246198224717,1.2537564773327388,0.009555566495415682,0.9992242048099301,0.9916373437662436
