model,annualized_return,annualized_volatility,sharpe_ratio,max_drawdown,calmar_ratio,total_return,turnover
Equal Weight,0.051123166748555215,0.09397482014343557,0.35034030071357364,-0.1436185246571603,0.355964990384034,0.3016844149313387,0.0
Minimum Variance,0.018371365645036386,0.002817689257691269,0.060817794073146685,-0.004556657129571096,4.031763883618258,0.10105343798667898,0.0006576551197354183
Standard RP,0.006890089701850899,0.020467049851962155,-0.5525911345285961,-0.06692883235277569,0.10294650989178883,0.03697757128622059,0.048692811159421104
Relaxed RRP,0.045568282628914325,0.03639416396125132,0.7519964645445131,-0.06099547832766272,0.7470764043217308,0.2657174502160571,0.0215858959583911
Global RRP,0.0718360806883711,0.041075192966828385,1.3058022814813475,-0.052622280931889254,1.3651266994935265,0.44318104781939294,0.03656492834966288
HRP,-0.0011321231075976934,0.0030458601212457184,-6.347016060504807,-0.006965175475277197,-0.1625405004678131,-0.005972227882856118,0.0007783649022395809
HERC,-0.0009556593176196504,0.00304487533089017,-6.291114491055201,-0.006971132073624653,-0.13708810958199988,-0.005043245607404101,0.0007991121785836439
Dynamic RRP,0.04491228423620175,0.05436812739253186,0.49132249936331285,-0.06284487601602351,0.7146530804635608,0.2612956713458776,0.02246144930960743
