model,annualized_return,annualized_volatility,sharpe_ratio,sortino_ratio,max_drawdown,calmar_ratio,total_return,annualized_turnover,turnover_adjusted_return,turnover_adjusted_sharpe,avg_turnover,avg_drawdown_scalar,avg_target_vol_scalar
Global RRP,0.047059180536960454,0.04166973118136253,0.6925693955488773,0.8036965108249973,-0.0682508647355402,0.6895030666542658,0.3999964514700822,2.1778310605218474,0.0464058312188039,1.1136580415368666,0.00899416767614458,0.9918447694038245,0.9885755924159646
Defensive Dynamic RRP,0.04033411613251525,0.042428173657348765,0.521684395639347,0.6335873930086383,-0.07727243159586039,0.5219729119366293,0.3238393867136904,2.0790335428884013,0.039710406069648735,0.9359442711428306,0.00885508600571819,0.7407192575406032,0.7435303352722316
HERC Benchmark,0.023731472457358738,0.004673813159509612,1.1835031201673267,1.7672928288884024,-0.003947837765562623,6.011258280259312,0.18721688500127254,1.1195112696672724,0.023395619076458554,5.005681288062718,0.004623440383988385,1.0,1.0
HRP Benchmark,0.018130595991475706,0.0016713063032944768,-0.04152680354731229,-0.06487639768751369,-0.0008196045783049888,22.12115021242476,0.14050483628172672,0.6792496008244999,0.017926821111228355,10.726233172154638,0.002805215204482359,1.0,1.0
Standard Risk Parity,0.02102981802100312,0.005165668070480251,0.5478125931424845,0.6323374587241023,-0.005935089089168399,3.543302839275448,0.16448260446749852,2.827039753608752,0.020181706094920496,3.9068917746091665,0.011675317719543794,1.0,0.9998269505212583
Local Relaxed Risk Parity,0.04342968425868676,0.041211118279094544,0.6122057666046204,0.7123100413358345,-0.06779637775245662,0.6405900388551817,0.3648747170301254,1.944439764177213,0.042846352329433596,1.0396794389141477,0.008030291050666848,0.9887514060742407,0.987990982862037
