model,annualized_return,annualized_volatility,sharpe_ratio,sortino_ratio,max_drawdown,calmar_ratio,total_return,annualized_turnover,turnover_adjusted_return,turnover_adjusted_sharpe,avg_turnover,avg_drawdown_scalar,avg_target_vol_scalar
Global RRP,0.049697024887695784,0.04456287315904231,0.7067996889537335,0.9343599364506451,-0.04707474460250649,1.0557046099204894,0.29340451512858823,2.39188051495078,0.04897946073321055,1.0991091296650846,0.009866101169925515,0.9990302560124127,0.9922522927613548
Defensive Dynamic RRP,0.04183288299826704,0.04706152239259036,0.5021699638426473,0.6233411117787183,-0.06704638840173982,0.6239393947307905,0.23530312426296196,1.8854700327734448,0.041267241988435004,0.8768786025275791,0.008000692227543215,0.855147645650439,0.7940680786254408
HERC Benchmark,0.027676611238474313,0.006843951808561059,1.3846694868044036,1.709025655495191,-0.0066094724608405375,4.187416076313394,0.15582737436183547,0.19431806332826548,0.027618315819475835,4.035433999539308,0.0008015290312192337,1.0,1.0
HRP Benchmark,0.02215570410654233,0.002568303188306163,1.540201376750686,1.7341157335331914,-0.002521349378036053,8.787240792388719,0.12326824382787716,0.010699614259824906,0.022152494222264382,8.62534233618824,4.4134092864075406e-05,1.0,1.0
Standard Risk Parity,0.026259452892767543,0.014372841609672893,0.5607417872985915,0.5713357020287596,-0.0199005612589781,1.3195332810485756,0.14739766493042938,1.2279562586905366,0.02589106601516038,1.8013881122669402,0.00506511115616215,1.0,0.9992356037273488
Local Relaxed Risk Parity,0.052891444040853,0.04230149329480888,0.8200997491762361,1.0363526908053673,-0.04850070129388173,1.090529469262028,0.3144206901802573,2.343410433188583,0.05218842091089642,1.2337252623018118,0.009666170309085573,0.9992242048099301,0.9913419982332056
