model,annualized_return,annualized_volatility,sharpe_ratio,sortino_ratio,max_drawdown,calmar_ratio,total_return,annualized_turnover,turnover_adjusted_return,turnover_adjusted_sharpe,avg_turnover,avg_drawdown_scalar,avg_target_vol_scalar
Global Relaxed Risk Parity,0.05979599207218067,0.036065588795018345,1.15334293607668,1.3455275401792548,-0.042484940424631135,1.407463244023128,0.3594931983941103,2.7779151168305223,0.058962617537131515,1.6348718960960338,0.01145858450170613,0.9996108949416342,0.9940983077115676
Defensive Dynamic Relaxed Risk Parity,0.03222292372055158,0.039286421550086895,0.3569407232133251,0.37184648328888015,-0.07124817587213983,0.45226313973817406,0.17704930394037266,2.3117172934454584,0.03152940853251794,0.8025523142218639,0.009810415735979135,0.8320656525220176,0.9014043715822276
HERC Benchmark,-0.0008513007749124668,0.003689873650761316,-5.163130930237053,-4.650916242342367,-0.007707105539627612,-0.11045661312607372,-0.00449352557129612,0.12047834142975165,-0.0008874442773413923,-0.24050803938999094,0.0004969594814233611,0.9752918287937743,1.0
HRP Benchmark,-0.0009380557677577395,0.003690859910166463,-5.185256615956087,-3.837051836778745,-0.00772114403441182,-0.12149181048520596,-0.00495053424640679,0.1179324168121573,-0.0009734354928013866,-0.2637421946360146,0.0004864578313949169,0.9752918287937743,1.0
Standard Risk Parity,0.01248485749134609,0.01212641417313978,-0.47129699077185166,-0.49794873528889183,-0.026531254756905875,0.47057169386594433,0.06781234385325918,2.5971046828460826,0.011705726086492266,0.9653081215402204,0.010712761987530562,0.9998054474708171,0.9981874416904647
Local Relaxed Risk Parity,0.05531160429188331,0.03648875312208492,1.0170696753521404,1.102773775593369,-0.0512358790804186,1.0795482635335982,0.3293482051602181,2.6792043547074758,0.05450784298547107,1.493825859247573,0.011051413813817993,0.9992217898832685,0.9942637830791289
