annualized_return,annualized_volatility,sharpe_ratio,sortino_ratio,max_drawdown,calmar_ratio,total_return,annualized_turnover,turnover_adjusted_return,turnover_adjusted_sharpe,model,avg_turnover,avg_drawdown_scalar,avg_target_vol_scalar
0.0427410821599461,0.03932674650791579,0.6240303187807922,0.6960875462150452,-0.06825086473554032,0.626235027578918,0.4112394033954574,2.1315299734970337,0.042101623167896986,1.0705595277102993,Global RRP,0.008806238822743392,0.99275,0.9897745788109212
0.038664370076076926,0.04079118182082155,0.5016861282903806,0.5945638410109078,-0.07727243159586028,0.5003643508760541,0.33817688982374694,2.1012269600714726,0.03803400198805548,0.9324074540208912,Defensive Dynamic RRP,0.008934484126095382,0.7604501607717041,0.7630473194047842
0.03529732751649761,0.04135834322838366,0.4133948843667401,0.49235651254530594,-0.1056491320668701,0.3340995503319075,0.30522395137691216,3.4088079697901166,0.034274685125560575,0.8287248097994006,Defensive Dynamic RRP No Turnover Cap,0.014494360330290676,0.7391479099678456,0.7630473194047842
