annualized_return,annualized_volatility,sharpe_ratio,sortino_ratio,max_drawdown,calmar_ratio,total_return,annualized_turnover,turnover_adjusted_return,turnover_adjusted_sharpe,model,avg_turnover,avg_drawdown_scalar,avg_target_vol_scalar
0.047059180536960454,0.04166973118136253,0.6925693955488773,0.8036965108249973,-0.0682508647355402,0.6895030666542658,0.3999964514700822,2.1778310605218474,0.0464058312188039,1.1136580415368666,Global RRP,0.00899416767614458,0.9918447694038245,0.9885755924159646
0.04033411613251525,0.042428173657348765,0.521684395639347,0.6335873930086383,-0.07727243159586039,0.5219729119366293,0.3238393867136904,2.0790335428884013,0.039710406069648735,0.9359442711428306,Defensive Dynamic RRP,0.00885508600571819,0.7407192575406032,0.7435303352722316
0.03620850442981993,0.04301690063716233,0.41863788797146334,0.5111517808209898,-0.10564913206687199,0.3427241068757791,0.2870402901050686,3.4106419595057997,0.03518531184196819,0.8179415839078741,Defensive Dynamic RRP No Turnover Cap,0.01452671506404658,0.7176624129930395,0.7435303352722316
