annualized_return,annualized_volatility,sharpe_ratio,sortino_ratio,max_drawdown,calmar_ratio,total_return,annualized_turnover,turnover_adjusted_return,turnover_adjusted_sharpe,model,avg_turnover,avg_drawdown_scalar,avg_target_vol_scalar
0.036143803898062155,0.03418339702185447,0.5249274636628461,0.6001267214177595,-0.04151331539262215,0.8706556813452129,0.2075994266262582,2.4439509699149355,0.03541061860708768,1.035901100889669,Global RRP,0.01010154635628687,0.9980635166537568,0.9924834151283752
0.03288880055281762,0.03876263136014442,0.3789422966759833,0.4277910325185066,-0.06836637056468897,0.4810669380451884,0.1819012362827479,2.476384624422207,0.03214588516549096,0.8293009023774177,Defensive Dynamic RRP,0.010529214848747666,0.8203187250996016,0.8402862759601629
0.03010329115303434,0.04285615129439185,0.2777498863877681,0.32518641497325135,-0.0786640070899357,0.3826818931130418,0.16553190367532755,6.496186103535906,0.028154435321973568,0.6569520237263548,Defensive Dynamic RRP No Turnover Cap,0.027620805955188645,0.7860557768924302,0.8402862759601629
