annualized_return,annualized_volatility,sharpe_ratio,sortino_ratio,max_drawdown,calmar_ratio,total_return,annualized_turnover,turnover_adjusted_return,turnover_adjusted_sharpe,model,avg_turnover,avg_drawdown_scalar,avg_target_vol_scalar
0.05979599207218067,0.036065588795018345,1.15334293607668,1.3455275401792548,-0.042484940424631135,1.407463244023128,0.3594931983941103,2.7779151168305223,0.058962617537131515,1.6348718960960338,V3_Global_RRP,0.01145858450170613,0.9996108949416342,0.9940983077115676
0.03222292372055158,0.039286421550086895,0.3569407232133251,0.37184648328888015,-0.07124817587213983,0.45226313973817406,0.17704930394037266,2.311717293445458,0.03152940853251794,0.8025523142218639,Dynamic_RRP,0.009810415735979133,0.8320656525220176,0.9014043715822276
0.033522645743245816,0.04291371003139104,0.3570571207205674,0.3923065592309349,-0.06255101659941198,0.5359248748574448,0.18468695394436763,5.190888679979234,0.03196537913925204,0.7448756846208268,Dynamic_RRP_No_Turnover_Cap,0.02202898085080477,0.8516813450760609,0.9014043715822276
