annualized_return,annualized_volatility,sharpe_ratio,sortino_ratio,max_drawdown,calmar_ratio,total_return,annualized_turnover,turnover_adjusted_return,turnover_adjusted_sharpe,model,avg_turnover,avg_drawdown_scalar,avg_target_vol_scalar
0.04206384236907712,0.03937287353945519,0.6060985705085351,0.6800989092271713,-0.06825086473553965,0.61631222596325,0.4037132884714245,2.1696058372428553,0.04141296061790426,1.0518145335875655,Global RRP,0.008963546087335987,0.99275,0.989719372634424
0.03848441783976542,0.04044707908867042,0.5015051345313897,0.5893867180737973,-0.07727243159586072,0.49803554831872177,0.336189927004386,2.101881653975027,0.037853853343572906,0.9358859575641421,Defensive Dynamic RRP,0.008938974409265612,0.7603217158176944,0.7689406984040753
0.034647652617792124,0.04102073801515592,0.4009594515758155,0.47411157460493863,-0.10564913206687043,0.327950187000703,0.29876548122293944,3.4162562777517653,0.03362277573446659,0.8196531159932812,Defensive Dynamic RRP No Turnover Cap,0.01452880440940318,0.739142091152815,0.7689406984040753
