annualized_return,annualized_volatility,sharpe_ratio,sortino_ratio,max_drawdown,calmar_ratio,total_return,annualized_turnover,turnover_adjusted_return,turnover_adjusted_sharpe,model,avg_turnover,avg_drawdown_scalar,avg_target_vol_scalar
0.05056357582596216,0.041524892710497474,0.7793777108972677,0.9126242681425611,-0.07126601577044234,0.7095047376976202,0.4363936290275645,2.7935158665469864,0.04972552106599806,1.197487045003911,Global RRP,0.011532364160261557,0.9971973094170403,0.9946759700465724
0.053629572610401466,0.045564249557750534,0.7775739303134173,1.0027057915416808,-0.07111380421298652,0.754137304337993,0.45051851614395355,3.0123253383457254,0.05272587500889775,1.1571764161740488,Defensive Dynamic RRP,0.012823832215878746,0.9075144508670521,0.8098621936808732
0.054135085003787164,0.047717264494295704,0.7530835093885773,1.0056201603886785,-0.07825718713742269,0.6917586356474049,0.45548037663781105,8.721668438789342,0.05151858447215036,1.0796634094209043,Defensive Dynamic RRP No Turnover Cap,0.037129194273212714,0.8134393063583815,0.8098621936808732
