annualized_return,annualized_volatility,sharpe_ratio,sortino_ratio,max_drawdown,calmar_ratio,total_return,annualized_turnover,turnover_adjusted_return,turnover_adjusted_sharpe,model,avg_turnover,avg_drawdown_scalar,avg_target_vol_scalar
0.04252799601228685,0.04020469231769235,0.6051033998730827,0.703078517357011,-0.06426150849113976,0.6617957936382791,0.3576636694619333,2.3740871008907822,0.04181576988201961,1.0400718789636973,Global RRP,0.009800852511174244,0.9953755605381166,0.9898131503059812
0.046492316052049176,0.04420418545448162,0.640037040863079,0.8133972405031976,-0.06876811051831955,0.67607377462645,0.3819987087537393,2.248303029673694,0.04581782514314707,1.0365042285492867,Defensive Dynamic RRP,0.009571297115875559,0.8247109826589596,0.7365387617162007
0.042274408741616254,0.04663139717891216,0.5162703714248408,0.6693977066290713,-0.08359292695444664,0.5057175323535852,0.34282844005513224,3.8507517677607446,0.04111918321128803,0.8817917904866706,Defensive Dynamic RRP No Turnover Cap,0.016393114630135198,0.7507225433526011,0.7365387617162007
