annualized_return,annualized_volatility,sharpe_ratio,sortino_ratio,max_drawdown,calmar_ratio,total_return,annualized_turnover,turnover_adjusted_return,turnover_adjusted_sharpe,model,avg_turnover,avg_drawdown_scalar,avg_target_vol_scalar
0.03127446964469316,0.03701072208655703,0.35326167412016113,0.3827161359307475,-0.0640854285719843,0.48801217908005323,0.1776037831201922,2.453511816601907,0.030538416099712588,0.8251234879528249,Global RRP,0.010143718104814087,0.9922480620155039,0.9913282603635545
0.020112569274696623,0.03609326035396034,0.05298965114097168,0.05894755076074481,-0.07392000649152053,0.27208559941081395,0.10822631966708274,2.551121379267232,0.019347232860916455,0.5360345025963712,Defensive Dynamic RRP,0.010850064345634161,0.7460127591706539,0.8145565486280106
0.019259720351294085,0.03833085430122694,0.02764666665047858,0.030860372817215383,-0.08519963925916818,0.22605401288975036,0.1034533526642345,5.246464508147553,0.01768578099884982,0.46139803876700225,Defensive Dynamic RRP No Turnover Cap,0.022313511996374494,0.671451355661882,0.8145565486280106
