annualized_return,annualized_volatility,sharpe_ratio,sortino_ratio,max_drawdown,calmar_ratio,total_return,annualized_turnover,turnover_adjusted_return,turnover_adjusted_sharpe,model,avg_turnover,avg_drawdown_scalar,avg_target_vol_scalar
0.039274629904687997,0.039157876854815005,0.5381964395778158,0.6152151858516348,-0.0589273489763249,0.6664923942271231,0.3251833196246423,2.4490901646049688,0.03853990285530651,0.9842183987196306,Global RRP,0.010099395376359354,0.9963400900900901,0.9908082300938097
0.036772187875553586,0.03982367886300703,0.46636042690685825,0.5332419866943496,-0.06879685336831698,0.5345039209669477,0.2916317716556811,2.312259709329357,0.03607850996275478,0.9059562298818353,Defensive Dynamic RRP,0.009834154485784133,0.8610627177700348,0.8073333861376554
0.040775661078214176,0.04367826558038964,0.5168625809251464,0.612216461191423,-0.07191369952987414,0.5670082521797574,0.3273941258864741,4.400816243506018,0.03945541620516237,0.9033192064951587,Defensive Dynamic RRP No Turnover Cap,0.018716888344146566,0.8208478513356562,0.8073333861376554
