annualized_return,annualized_volatility,sharpe_ratio,sortino_ratio,max_drawdown,calmar_ratio,total_return,annualized_turnover,turnover_adjusted_return,turnover_adjusted_sharpe,model,avg_turnover,avg_drawdown_scalar,avg_target_vol_scalar
0.047849255387434564,0.04110348395794289,0.7213319293754199,0.8312753361838755,-0.07140709066847739,0.6700910923480262,0.4093699320994968,2.756723997339629,0.04702223818823267,1.1439964124779753,Global RRP,0.011380477701008895,0.9977578475336323,0.9898131503059812
0.050889601293403475,0.045209606427685824,0.7230675928509024,0.9216866818833698,-0.07111378618997255,0.7156080982308772,0.4238764920111686,2.9984060566090376,0.049990079476420764,1.1057402049359013,Defensive Dynamic RRP,0.01276457615502615,0.9102601156069364,0.7365387617162007
0.052534569858401436,0.04717894839257857,0.7277519111426908,0.9558085724352016,-0.07494143201630388,0.7010083533895146,0.43982034248994917,8.608697769899171,0.049951960527431685,1.058776471908164,Defensive Dynamic RRP No Turnover Cap,0.03664826451283074,0.8108381502890173,0.7365387617162007
