annualized_return,annualized_volatility,sharpe_ratio,sortino_ratio,max_drawdown,calmar_ratio,total_return,annualized_turnover,turnover_adjusted_return,turnover_adjusted_sharpe,model,avg_turnover,avg_drawdown_scalar,avg_target_vol_scalar
0.04735721507158197,0.04602488015621217,0.6335098532059186,0.8579574708916962,-0.044946388726360254,1.0536378208246975,0.27818453045486047,2.568039865104391,0.046586803112050656,1.0122091128522501,Global RRP,0.010592728591228635,0.9984484096198604,0.9915977350772173
0.04183288299826704,0.04706152239259036,0.5021699638426473,0.6233411117787183,-0.06704638840173982,0.6239393947307905,0.23530312426296196,1.8854700327734448,0.041267241988435004,0.8768786025275791,Defensive Dynamic RRP,0.008000692227543215,0.855147645650439,0.7940680786254408
0.03629489629976512,0.046828394198677264,0.3864086439307423,0.4826896716049837,-0.07506672280834259,0.4835018093494214,0.2018162238946366,2.8751614677889976,0.03543234785942842,0.756642384727112,Defensive Dynamic RRP No Turnover Cap,0.012200290436032199,0.75658419792498,0.7940680786254408
