annualized_return,annualized_volatility,sharpe_ratio,sortino_ratio,max_drawdown,calmar_ratio,total_return,annualized_turnover,turnover_adjusted_return,turnover_adjusted_sharpe,model,avg_turnover,avg_drawdown_scalar,avg_target_vol_scalar
0.045714608937373225,0.04065267881828918,0.6768215462592029,0.7970301584733033,-0.06426150849113998,0.7113839997029652,0.3863853091935745,2.3914166538530446,0.04499718394121731,1.1068688521695547,Global RRP,0.009861565182826916,0.9977477477477478,0.989638618774347
0.0434888648451508,0.04140918011375432,0.6107067267615603,0.7382209014458385,-0.06507063625791709,0.6683331737033621,0.3521113113987371,2.250629930413472,0.04281367586602676,1.0339174972412923,Defensive Dynamic RRP,0.009572039999103344,0.8662891986062717,0.7706203448248681
0.04407104498479031,0.043922970073804045,0.5890094622772327,0.7260887241445283,-0.07937607199433405,0.5552182651207047,0.35746614929709075,4.300886210549791,0.042780779121625374,0.9739955893178571,Defensive Dynamic RRP No Turnover Cap,0.01829188098969759,0.8089430894308943,0.7706203448248681
