model,n_bootstrap,block_size,bootstrap_sharpe_mean,bootstrap_sharpe_p05,bootstrap_sharpe_p50,bootstrap_sharpe_p95,bootstrap_max_drawdown_mean,bootstrap_max_drawdown_p05,bootstrap_max_drawdown_p50,bootstrap_max_drawdown_p95,validation_role
Global RRP,200,21,1.0431189303206367,0.36980612960136744,1.045125924924068,1.7011908861407943,-0.07098020266778464,-0.10573754543017483,-0.06825316465288161,-0.04184654512194261,moving_block_bootstrap_validation_only
Defensive Dynamic RRP,200,21,0.9304683745579859,0.36524621275713415,0.9068732271493178,1.5442449576506143,-0.06135797475676322,-0.09170463874528138,-0.058153522648074274,-0.037958399951203016,moving_block_bootstrap_validation_only
Convex Adaptive Global RRP,200,21,0.7495846265150302,0.2281417928798729,0.7606636631414019,1.3114059582399413,-0.0826430220653984,-0.12106206072822333,-0.07887023306905994,-0.05503896647649918,moving_block_bootstrap_validation_only
Improved Convex Adaptive Global RRP,200,21,1.095128063056159,0.5308030600842192,1.0823580968730133,1.622463842831744,-0.061008448131335234,-0.09243375441789765,-0.0569425842423496,-0.04077273629476306,moving_block_bootstrap_validation_only
