model,n_bootstrap,block_size,bootstrap_sharpe_mean,bootstrap_sharpe_p05,bootstrap_sharpe_p50,bootstrap_sharpe_p95,bootstrap_max_drawdown_mean,bootstrap_max_drawdown_p05,bootstrap_max_drawdown_p50,bootstrap_max_drawdown_p95,validation_role
Global Relaxed Risk Parity,200,21,0.9340541344614056,0.2997138236498747,0.9682176359782712,1.5292827727566483,-0.08276821334687195,-0.13504362398962744,-0.07888458271686521,-0.04587815515138535,moving_block_bootstrap_validation_only
Defensive Dynamic Relaxed Risk Parity,200,21,1.003293589200368,0.37791066845691534,1.019250999199734,1.6986673945581758,-0.0717937308094586,-0.11197707112707006,-0.06685769451921125,-0.045235655088448394,moving_block_bootstrap_validation_only
Convex Adaptive Global RRP,200,21,1.0020388431272509,0.4600384413199364,0.9887230708842952,1.6103096614191716,-0.10271960252569866,-0.16774586929636554,-0.10099753430462527,-0.058183442014902456,moving_block_bootstrap_validation_only
Improved Convex Adaptive Global RRP,200,21,1.1170699231916332,0.5437473621080146,1.1055953877606246,1.742360925744026,-0.09925906988837926,-0.15980361404863266,-0.09619119551389099,-0.055243527786879035,moving_block_bootstrap_validation_only
