model,n_bootstrap,block_size,bootstrap_sharpe_mean,bootstrap_sharpe_p05,bootstrap_sharpe_p50,bootstrap_sharpe_p95,bootstrap_max_drawdown_mean,bootstrap_max_drawdown_p05,bootstrap_max_drawdown_p50,bootstrap_max_drawdown_p95,validation_role
Global Relaxed Risk Parity,200,21,0.505715867765466,-0.15586147856036495,0.5235929099668062,1.1443341876259858,-0.06888153405858617,-0.11651309614939508,-0.06221743977626509,-0.04368581452292092,moving_block_bootstrap_validation_only
Defensive Dynamic Relaxed Risk Parity,200,21,0.4405721163027397,-0.11137942393254281,0.4785100722981262,0.9993317217571451,-0.06796928688995788,-0.11433361816896108,-0.06415187587262478,-0.040428981862660626,moving_block_bootstrap_validation_only
Convex Adaptive Global RRP,200,21,0.8430034763534917,0.2616051866139281,0.8180461157685315,1.4936520308417733,-0.05808133546918243,-0.0886621555123907,-0.05475313974421625,-0.03617815668930819,moving_block_bootstrap_validation_only
Improved Convex Adaptive Global RRP,200,21,1.095901766547606,0.5104218192256721,1.101274830434477,1.711992632765186,-0.06450244465935759,-0.09756263659033738,-0.061185929272480066,-0.04071035904144104,moving_block_bootstrap_validation_only
