parameter_switch_count,avg_lambda,avg_m
17,0.8587725856697818,2.5249221183800623
