model_a,model_b,n_observations,sharpe_a,sharpe_b,observed_difference,ci_low,ci_high,confidence_level,p_value_two_sided,block_size,n_resamples,significant_at_95pct
Improved Convex Adaptive Global RRP,Global RRP,1784,1.4710034677969068,0.7215306292228777,0.7494728385740291,0.2360641731207155,1.247347041415431,0.95,0.004,21,2000,True
Improved Convex Adaptive Global RRP,Defensive Dynamic RRP,1730,1.5628342345147028,0.6984012795001852,0.8644329550145177,0.36492275955134573,1.3992278605332826,0.95,0.001,21,2000,True
Improved Convex Adaptive Global RRP,Equal Weight,1784,1.4710034677969068,0.7547344663660696,0.7162690014308373,0.21125810358514882,1.2778399641756248,0.95,0.0085,21,2000,True
Global RRP,Equal Weight,1784,0.7215306292228777,0.7547344663660696,-0.03320383714319186,-0.5036962288419238,0.5437679342262871,0.95,0.9,21,2000,False
Defensive Dynamic RRP,Equal Weight,1730,0.6984012795001852,0.8164002042710621,-0.11799892477087692,-0.5946188196061257,0.38225329719364426,0.95,0.629,21,2000,False
