annualized_return,annualized_volatility,sharpe_ratio,sortino_ratio,max_drawdown,calmar_ratio,total_return,model,annualized_turnover,turnover_adjusted_return,avg_turnover,turnover_adjusted_sharpe,avg_drawdown_scalar,avg_target_vol_scalar,avg_trend_scalar,avg_final_risk_scalar,avg_gross_exposure
0.06304784234171756,0.03646258413477364,1.2299688408246157,1.4571902141814965,-0.04067920039943529,1.5498790960156827,0.38169761959086146,V3_Global_RRP,2.858919130975454,0.06219016660242493,0.011792716864294705,1.70558856642076,0.9998054474708171,0.9938854143141166,1.0,0.9937446484734096,0.9789059088389319
0.04254168088996568,0.041668128917602396,0.5841798401387474,0.656828408246482,-0.05233924893963571,0.8128064836969704,0.23879295313319715,Dynamic_RRP,4.448769243618379,0.04120705011688017,0.01887959047461418,0.9889344971156733,0.9303442754203363,0.9581605345504756,0.95,0.8459393678057952,0.9501948295637894
0.03222292372055158,0.039286421550086895,0.3569407232133251,0.37184648328888015,-0.07124817587213983,0.45226313973817406,0.17704930394037266,Dynamic_RRP_before,2.3117172934454584,0.03152940853251794,0.009810415735979135,0.8025523142218639,0.8320656525220176,0.9014043715822276,1.0,0.7394576435839072,0.8490615658434991
