annualized_return,annualized_volatility,sharpe_ratio,sortino_ratio,max_drawdown,calmar_ratio,total_return,model,annualized_turnover,turnover_adjusted_return,avg_turnover,turnover_adjusted_sharpe,avg_drawdown_scalar,avg_target_vol_scalar,avg_trend_scalar,avg_final_risk_scalar,avg_gross_exposure,objective_score
0.04252799601228685,0.04020469231769235,0.6051033998730827,0.703078517357011,-0.06426150849113976,0.6617957936382791,0.3576636694619333,Preserve Global Relaxed Risk Parity,2.3740871008907822,0.04181576988201961,0.009800852511174244,1.0400718789636973,0.9953755605381166,0.9898131503059812,1.0,0.9860071398023822,0.7604315696853794,0.5836911197177732
