annualized_return,annualized_volatility,sharpe_ratio,sortino_ratio,max_drawdown,calmar_ratio,total_return,model,annualized_turnover,turnover_adjusted_return,avg_turnover,turnover_adjusted_sharpe,avg_drawdown_scalar,avg_target_vol_scalar,avg_trend_scalar,avg_final_risk_scalar,avg_gross_exposure
0.04252799601228685,0.04020469231769235,0.6051033998730827,0.703078517357011,-0.06426150849113976,0.6617957936382791,0.3576636694619333,Global RRP,2.3740871008907822,0.04181576988201961,0.009800852511174244,1.0400718789636973,0.9953755605381166,0.9898131503059812,1.0,0.9860071398023822,0.7604315696853794
0.0520847891025098,0.04333225281210396,0.781976170254522,1.0242783522593635,-0.061765291814852796,0.8432695381516013,0.4354456770829007,Defensive Dynamic RRP,2.3246135387766174,0.05138740504087681,0.009896160155264786,1.1858927636119305,0.9445086705202312,0.7853043123730663,0.9499999999999997,0.7046054648863054,0.7884640583910718
0.046492316052049176,0.04420418545448162,0.640037040863079,0.8133972405031976,-0.06876811051831955,0.67607377462645,0.3819987087537393,Defensive Dynamic RRP before overlay optimization,2.248303029673694,0.04581782514314707,0.009571297115875559,1.0365042285492867,0.8247109826589596,0.7365387617162007,1.0,0.591983114353588,0.6441056354822962
