annualized_return,annualized_volatility,sharpe_ratio,sortino_ratio,max_drawdown,calmar_ratio,total_return,model,annualized_turnover,turnover_adjusted_return,avg_turnover,turnover_adjusted_sharpe,avg_drawdown_scalar,avg_target_vol_scalar,avg_trend_scalar,avg_final_risk_scalar,avg_gross_exposure,objective_score
0.047059180536960454,0.04166973118136253,0.6925693955488773,0.8036965108249973,-0.0682508647355402,0.6895030666542658,0.3999964514700822,Preserve Global Relaxed Risk Parity,2.1778310605218474,0.0464058312188039,0.00899416767614458,1.1136580415368666,0.9918447694038245,0.9885755924159646,1.0,0.9811517714871679,0.6568525021171674,0.6485284263797985
