annualized_return,annualized_volatility,sharpe_ratio,sortino_ratio,max_drawdown,calmar_ratio,total_return,model,annualized_turnover,turnover_adjusted_return,avg_turnover,turnover_adjusted_sharpe,avg_drawdown_scalar,avg_target_vol_scalar,avg_trend_scalar,avg_final_risk_scalar,avg_gross_exposure,objective_score
0.04254168088996568,0.041668128917602396,0.5841798401387474,0.656828408246482,-0.05233924893963571,0.8128064836969704,0.23879295313319715,soft_trend_no_turnover_cap,4.448769243618379,0.04120705011688017,0.01887959047461418,0.9889344971156733,0.9303442754203363,0.9581605345504756,0.95,0.8459393678057952,0.9501948295637894,0.6374480393397091
0.04074738365198449,0.04629588668824805,0.4870277958777711,0.528612415720123,-0.06158395981963394,0.6616557910748958,0.22787330403799788,gentle_full_overlay,2.7936071094663997,0.039909301519144576,0.011855449290689388,0.8620485398171525,1.0,0.9852694961445655,0.97,0.9525757173510897,1.0791557602688706,0.5419612010582655
0.0398652110523956,0.04779237615689398,0.45331939515358083,0.5086996959380949,-0.060192798493110766,0.662292035765014,0.2225331231581933,vol_only_high_target,2.6343769930704184,0.039074897954474476,0.01117971197455559,0.8175968867126097,1.0,0.9765529879457842,1.0,0.9765529879457842,1.0779524809082424,0.5110347196510154
0.03525477527751342,0.039525728765967216,0.43148540988314593,0.4706682748765015,-0.049322454693822904,0.714781441766496,0.194927586853739,milder_drawdown_soft_trend,2.2927862221419817,0.03456693941087082,0.009730076465973604,0.8745427469672348,0.9969575660528421,0.9640938999695965,0.9200000000000003,0.8799140189255628,0.9857745306679698,0.5018467561794818
0.03222292372055158,0.039286421550086895,0.3569407232133251,0.37184648328888015,-0.07124817587213983,0.45226313973817406,0.17704930394037266,current_dynamic,2.3117172934454584,0.03152940853251794,0.009810415735979135,0.8025523142218639,0.8320656525220176,0.9014043715822276,1.0,0.7394576435839072,0.8490615658434991,0.3876829339740724
