annualized_return,annualized_volatility,sharpe_ratio,sortino_ratio,max_drawdown,calmar_ratio,total_return,model,annualized_turnover,turnover_adjusted_return,avg_turnover,turnover_adjusted_sharpe,avg_drawdown_scalar,avg_target_vol_scalar,avg_trend_scalar,avg_final_risk_scalar,avg_gross_exposure,objective_score
0.04206384236907712,0.03937287353945519,0.6060985705085351,0.6800989092271713,-0.06825086473553965,0.61631222596325,0.4037132884714245,Preserve Global Relaxed Risk Parity,2.1696058372428553,0.04141296061790426,0.008963546087335987,1.0518145335875655,0.99275,0.989719372634424,1.0,0.9831195958287238,0.6387291787641366,0.5474194332012571
