annualized_return,annualized_volatility,sharpe_ratio,sortino_ratio,max_drawdown,calmar_ratio,total_return,model,annualized_turnover,turnover_adjusted_return,avg_turnover,turnover_adjusted_sharpe,avg_drawdown_scalar,avg_target_vol_scalar,avg_trend_scalar,avg_final_risk_scalar,avg_gross_exposure,objective_score
0.0597959920721806,0.0360655887950183,1.15334293607668,1.3455275401792548,-0.0424849404246311,1.407463244023128,0.3594931983941103,Preserve Global Relaxed Risk Parity,2.7779151168305223,0.0589626175371315,0.0114585845017061,1.6348718960960338,0.9996108949416342,0.9940983077115676,1.0,0.9938958024199036,1.0243912912006776,1.4348355848813057
