annualized_return,annualized_volatility,sharpe_ratio,sortino_ratio,max_drawdown,calmar_ratio,total_return,model,annualized_turnover,turnover_adjusted_return,avg_turnover,turnover_adjusted_sharpe,avg_drawdown_scalar,avg_target_vol_scalar,avg_trend_scalar,avg_final_risk_scalar,avg_gross_exposure
0.047059180536960454,0.04166973118136253,0.6925693955488773,0.8036965108249973,-0.0682508647355402,0.6895030666542658,0.3999964514700822,Global RRP,2.1778310605218474,0.0464058312188039,0.00899416767614458,1.1136580415368666,0.9918447694038245,0.9885755924159646,1.0,0.9811517714871679,0.6568525021171674
0.042505196982821625,0.0402705580197876,0.6035475587618842,0.7264484817499542,-0.07037148715615449,0.6040116345488408,0.3435650825944172,Defensive Dynamic RRP,2.289700045813605,0.041818286969077544,0.009752363497131274,1.038433263043672,0.7718967517401392,0.7872672629652652,0.9499999999999998,0.5457707134025195,0.5877095991598758
0.04033411613251525,0.042428173657348765,0.521684395639347,0.6335873930086383,-0.07727243159586039,0.5219729119366293,0.3238393867136904,Defensive Dynamic RRP before overlay optimization,2.0790335428884013,0.039710406069648735,0.00885508600571819,0.9359442711428306,0.7407192575406032,0.7435303352722316,1.0,0.5156546897922966,0.5401529788530305
