annualized_return,annualized_volatility,sharpe_ratio,sortino_ratio,max_drawdown,calmar_ratio,total_return,model,annualized_turnover,turnover_adjusted_return,avg_turnover,turnover_adjusted_sharpe,avg_drawdown_scalar,avg_target_vol_scalar,avg_trend_scalar,avg_final_risk_scalar,avg_gross_exposure,objective_score
0.045714608937373225,0.04065267881828918,0.6768215462592029,0.7970301584733033,-0.06426150849113998,0.7113839997029652,0.3863853091935745,Preserve Global Relaxed Risk Parity,2.3914166538530446,0.04499718394121731,0.009861565182826916,1.1068688521695547,0.9977477477477478,0.989638618774347,1.0,0.9880391030616054,0.8134548027310355,0.6653269073168291
