annualized_return,annualized_volatility,sharpe_ratio,sortino_ratio,max_drawdown,calmar_ratio,total_return,model,annualized_turnover,turnover_adjusted_return,avg_turnover,turnover_adjusted_sharpe,avg_drawdown_scalar,avg_target_vol_scalar,avg_trend_scalar,avg_final_risk_scalar,avg_gross_exposure
0.04735721507158197,0.04602488015621217,0.6335098532059186,0.8579574708916962,-0.044946388726360254,1.0536378208246975,0.27818453045486047,Global RRP,2.568039865104391,0.046586803112050656,0.010592728591228635,1.0122091128522501,0.9984484096198604,0.9915977350772173,1.0,0.9902379466368116,0.8197844050673019
0.042086156469862246,0.04606330659054955,0.5185506260369676,0.6572343932229038,-0.06754209507134479,0.6231100238363437,0.23685240240146954,Defensive Dynamic RRP,1.816831435235809,0.0415411070392915,0.007709435254860894,0.901826423546723,0.8915802075019951,0.7940680786254408,1.0,0.7067820019249861,0.7143107135907396
0.04183288299826704,0.04706152239259036,0.5021699638426473,0.6233411117787183,-0.06704638840173982,0.6239393947307905,0.23530312426296196,Defensive Dynamic RRP before overlay optimization,1.8854700327734448,0.041267241988435004,0.008000692227543215,0.8768786025275791,0.855147645650439,0.7940680786254408,1.0,0.6705190089703525,0.6804305208268571
