annualized_return,annualized_volatility,sharpe_ratio,sortino_ratio,max_drawdown,calmar_ratio,total_return,model,annualized_turnover,turnover_adjusted_return,avg_turnover,turnover_adjusted_sharpe,avg_drawdown_scalar,avg_target_vol_scalar,avg_trend_scalar,avg_final_risk_scalar,avg_gross_exposure,objective_score
0.04735721507158197,0.04602488015621217,0.6335098532059186,0.8579574708916962,-0.044946388726360254,1.0536378208246975,0.27818453045486047,Preserve Global RRP,2.568039865104391,0.046586803112050656,0.010592728591228635,1.0122091128522501,0.9984484096198604,0.9915977350772173,1.0,0.9902379466368116,0.8197844050673019,0.826856329316169
