annualized_return,annualized_volatility,sharpe_ratio,sortino_ratio,max_drawdown,calmar_ratio,total_return,model,annualized_turnover,turnover_adjusted_return,avg_turnover,turnover_adjusted_sharpe,avg_drawdown_scalar,avg_target_vol_scalar,avg_trend_scalar,avg_final_risk_scalar,avg_gross_exposure
0.045714608937373225,0.04065267881828918,0.6768215462592029,0.7970301584733033,-0.06426150849113998,0.7113839997029652,0.3863853091935745,Global RRP,2.3914166538530446,0.04499718394121731,0.009861565182826916,1.1068688521695547,0.9977477477477478,0.989638618774347,1.0,0.9880391030616054,0.8134548027310355
0.06662005055455222,0.05831713984989799,0.8302884997306142,1.0230897214901402,-0.07998729784905001,0.8328828744818444,0.5793878721046661,Defensive Dynamic RRP,4.378585042715246,0.06530647504173764,0.01862233795168899,1.119850445509321,0.933246225319396,1.009141894396161,0.9499999999999997,0.8873194065658445,0.985283810504567
0.0434888648451508,0.04140918011375432,0.6107067267615603,0.7382209014458385,-0.06507063625791709,0.6683331737033621,0.3521113113987371,Defensive Dynamic RRP before overlay optimization,2.250629930413472,0.04281367586602676,0.009572039999103344,1.0339174972412923,0.8662891986062717,0.7706203448248681,1.0,0.6679591542724964,0.7205901599554481
