annualized_return,annualized_volatility,sharpe_ratio,sortino_ratio,max_drawdown,calmar_ratio,total_return,model,annualized_turnover,turnover_adjusted_return,avg_turnover,turnover_adjusted_sharpe,avg_drawdown_scalar,avg_target_vol_scalar,avg_trend_scalar,avg_final_risk_scalar,avg_gross_exposure
0.05979599207218067,0.036065588795018345,1.15334293607668,1.3455275401792548,-0.042484940424631135,1.407463244023128,0.3594931983941103,Global Relaxed Risk Parity,2.7779151168305223,0.058962617537131515,0.01145858450170613,1.6348718960960338,0.9996108949416342,0.9940983077115676,1.0,0.9938958024199037,1.0243912912006776
0.04581183536543354,0.03636559692752468,0.7592845353387964,0.8561727690902332,-0.0436804352391279,1.0487953042280216,0.25889543351719824,Defensive Dynamic Relaxed Risk Parity,2.639063430062952,0.04502011633641465,0.011199600174270834,1.237986452584241,0.9731785428342674,0.9359918333682362,0.95,0.8663382246246133,0.9623789998170187
0.03222292372055158,0.039286421550086895,0.3569407232133251,0.37184648328888015,-0.07124817587213983,0.45226313973817406,0.17704930394037266,Defensive Dynamic RRP before overlay optimization,2.3117172934454584,0.03152940853251794,0.009810415735979135,0.8025523142218639,0.8320656525220176,0.9014043715822276,1.0,0.7394576435839072,0.8490615658434991
