annualized_return,annualized_volatility,sharpe_ratio,max_drawdown,calmar_ratio,total_return,model,turnover
0.051862624666876966,0.078530891194915,0.4286545607043445,-0.09664815672883142,0.5366126620747611,0.30626231360334,Dynamic_RRP,0.022826594551288697
