date,selected_candidate_id,solver_name,solver_status,objective_value,failure_reason,fallback_used,inaccurate_solution,covariance_method,covariance_annualized,covariance_trading_days,covariance_fallback_used,covariance_fallback_method,covariance_failure_note,covariance_min_eigenvalue,covariance_max_eigenvalue,covariance_condition_number,covariance_point_in_time,covariance_psd_repaired,covariance_jitter_added,covariance_min_eigenvalue_before_repair,covariance_eigenvalue_floor,covariance_relative_floor,covariance_psd_notes,covariance_observations,covariance_assets,covariance_ewma_halflife,reference_solver_name,reference_solver_status,reference_problem_is_dcp,reference_covariance_scale,reference_max_risk_budget_error,ema_insufficient_history,ema_deviation_span,ema_valid_asset_count,group_bounds_point_in_time_relaxed,group_bounds_capacity_before_relaxation,effective_group_upper_bounds,cvar_effective_obs,cvar_total_obs,cvar_scale,cvar_limit_effective,cvar_active,cvar_inactive_reason,problem_is_dcp,final_turnover,predicted_volatility,final_cvar,final_max_risk_budget_error,reference_tracking_error,max_constraint_violation,group_exposure_bond,group_exposure_cash,group_exposure_commodity_gold,group_exposure_defensive,group_exposure_equity,scenario_cvar,relative_cvar_baseline,relative_cvar_weight_difference,information_cutoff,active_assets_json,inaccurate_ratio_overall
2018-01-05,candidate_03,CLARABEL,optimal,0.006816248630202855,,False,False,ewma,True,243,False,,,2.3485492921428985e-05,0.1184375542289473,5043.009087575111,True,False,0.0,2.3485492921438133e-05,1.1843755422894726e-07,1e-06,symmetrized,89,18,60.0,CLARABEL,optimal,True,0.1184375542289473,4.506009680452228e-06,False,20,0,False,2.35,bond=0.70000000;cash=0.30000000;commodity_gold=0.40000000;defensive=0.25000000;equity=0.70000000,89,252,,,False,not_requested,True,0.015534247407834318,0.03686905955443492,,0.09722885702240881,0.16125635997161558,0.0,0.13751539237824736,0.2999999997076333,0.1395639792261098,0.04042400715699839,0.3824966215310112,0.0048132037728803295,,,2018-01-04,"[""5年国债ETF"", ""10年国债ETF"", ""日利ETF"", ""沪深300ETF"", ""中证500ETF"", ""中证1000ETF"", ""创业板ETF"", ""红利ETF"", ""证券ETF"", ""军工ETF"", ""消费ETF"", ""恒生ETF"", ""白银LOF"", ""纳指ETF"", ""标普500ETF"", ""欧洲ETF"", ""黄金ETF"", ""原油ETF""]",0.0
2018-01-12,candidate_03,CLARABEL,optimal,0.0076008891030791784,,False,False,ewma,True,243,False,,,2.708431500714047e-05,0.10990851140340721,4058.0133326034306,True,False,0.0,2.7084315007142275e-05,1.0990851140340724e-07,1e-06,symmetrized,94,18,60.0,CLARABEL,optimal,True,0.10990851140340721,4.161688556131304e-06,False,20,0,False,2.35,bond=0.70000000;cash=0.30000000;commodity_gold=0.40000000;defensive=0.25000000;equity=0.70000000,94,252,,,False,not_requested,True,0.0035855607561912414,0.03593134147555644,,0.10083051266269936,0.173529273838491,2.220446049250313e-16,0.13653229365363054,0.29999999959323487,0.13905528671220255,0.04074756833761202,0.3836648517033199,0.004750857818130419,,,2018-01-11,"[""5年国债ETF"", ""10年国债ETF"", ""日利ETF"", ""沪深300ETF"", ""中证500ETF"", ""中证1000ETF"", ""创业板ETF"", ""红利ETF"", ""证券ETF"", ""军工ETF"", ""消费ETF"", ""恒生ETF"", ""白银LOF"", ""纳指ETF"", ""标普500ETF"", ""欧洲ETF"", ""黄金ETF"", ""原油ETF""]",0.0
2018-01-19,candidate_03,CLARABEL,optimal,0.00809235267950783,,False,False,ewma,True,243,False,,,2.5275812549053332e-05,0.11480295875350346,4542.008631006533,True,False,0.0,2.5275812549042964e-05,1.148029587535034e-07,1e-06,symmetrized,99,18,60.0,CLARABEL,optimal,True,0.11480295875350346,2.9480090527889136e-06,False,20,0,False,2.35,bond=0.70000000;cash=0.30000000;commodity_gold=0.40000000;defensive=0.25000000;equity=0.70000000,99,252,,,False,not_requested,True,0.0017212361040857688,0.035444477028441584,,0.10070877217932143,0.1795261717588263,2.220446049250313e-16,0.1359009839495694,0.299999999661414,0.13913193290245934,0.041309572112768346,0.3836575113737888,0.004683324789298529,,,2018-01-18,"[""5年国债ETF"", ""10年国债ETF"", ""日利ETF"", ""沪深300ETF"", ""中证500ETF"", ""中证1000ETF"", ""创业板ETF"", ""红利ETF"", ""证券ETF"", ""军工ETF"", ""消费ETF"", ""恒生ETF"", ""白银LOF"", ""纳指ETF"", ""标普500ETF"", ""欧洲ETF"", ""黄金ETF"", ""原油ETF""]",0.0
2018-01-26,candidate_03,CLARABEL,optimal,0.010251922501581204,,False,False,ewma,True,243,False,,,2.3822430407842162e-05,0.11654506439252241,4892.240732673383,True,False,0.0,2.3822430407841007e-05,1.1654506439252238e-07,1e-06,symmetrized,104,18,60.0,CLARABEL,optimal,True,0.11654506439252241,3.3616620722515256e-06,False,20,0,False,2.35,bond=0.70000000;cash=0.30000000;commodity_gold=0.40000000;defensive=0.25000000;equity=0.70000000,104,252,,,False,not_requested,True,0.0040567051390687225,0.037128331508610474,,0.099118388369852,0.20168858556951721,1.1102230246251565e-16,0.13533234874322048,0.29999999989292486,0.13952559930296335,0.04081326131413322,0.38432879074675796,0.004634324750258707,,,2018-01-25,"[""5年国债ETF"", ""10年国债ETF"", ""日利ETF"", ""沪深300ETF"", ""中证500ETF"", ""中证1000ETF"", ""创业板ETF"", ""红利ETF"", ""证券ETF"", ""军工ETF"", ""消费ETF"", ""恒生ETF"", ""白银LOF"", ""纳指ETF"", ""标普500ETF"", ""欧洲ETF"", ""黄金ETF"", ""原油ETF""]",0.0
2018-02-02,candidate_03,CLARABEL,optimal,0.015553575621885104,,False,False,ewma,True,243,False,,,2.296236445108304e-05,0.13929086543009855,6066.0506337155,True,False,0.0,2.296236445105569e-05,1.392908654300985e-07,1e-06,symmetrized,109,18,60.0,CLARABEL,optimal,True,0.13929086543009855,2.7400798402743565e-06,False,20,0,False,2.35,bond=0.70000000;cash=0.30000000;commodity_gold=0.40000000;defensive=0.25000000;equity=0.70000000,109,252,,,False,not_requested,True,0.011125105923810944,0.03975410060323755,,0.08533596384552321,0.2476104680471465,5.633283839401315e-10,0.14323911596074956,0.3000000005633284,0.13598937879104664,0.041088417854850956,0.3796830868300245,0.004967087739039087,,,2018-02-01,"[""5年国债ETF"", ""10年国债ETF"", ""日利ETF"", ""沪深300ETF"", ""中证500ETF"", ""中证1000ETF"", ""创业板ETF"", ""红利ETF"", ""证券ETF"", ""军工ETF"", ""消费ETF"", ""恒生ETF"", ""白银LOF"", ""纳指ETF"", ""标普500ETF"", ""欧洲ETF"", ""黄金ETF"", ""原油ETF""]",0.0
2018-02-09,candidate_03,CLARABEL,optimal,0.012383900068642052,,False,False,ewma,True,243,False,,,2.338336235182144e-05,0.22662913755774539,9691.89692003777,True,False,0.0,2.338336235184482e-05,2.2662913755774537e-07,1e-06,symmetrized,114,18,60.0,CLARABEL,optimal,True,0.22662913755774539,4.964695127888941e-06,False,20,0,False,2.35,bond=0.70000000;cash=0.30000000;commodity_gold=0.40000000;defensive=0.25000000;equity=0.70000000,114,252,,,False,not_requested,True,0.06948449490184884,0.0533337509853258,,0.06711123328686323,0.20950765925984205,0.0,0.18280894235803624,0.2999999981846837,0.1346825691718471,0.03983399781708115,0.3426744924683519,0.007875109692360617,,,2018-02-08,"[""5年国债ETF"", ""10年国债ETF"", ""日利ETF"", ""沪深300ETF"", ""中证500ETF"", ""中证1000ETF"", ""创业板ETF"", ""红利ETF"", ""证券ETF"", ""军工ETF"", ""消费ETF"", ""恒生ETF"", ""白银LOF"", ""纳指ETF"", ""标普500ETF"", ""欧洲ETF"", ""黄金ETF"", ""原油ETF""]",0.0
2018-02-14,candidate_03,CLARABEL,optimal,0.010389369657341559,,False,False,ewma,True,243,False,,,2.2604129348016316e-05,0.30746842059368507,13602.31203156992,True,False,0.0,2.260412934808521e-05,3.0746842059368505e-07,1e-06,symmetrized,117,18,60.0,CLARABEL,optimal,True,0.30746842059368507,6.523280577389046e-06,False,20,0,False,2.35,bond=0.70000000;cash=0.30000000;commodity_gold=0.40000000;defensive=0.25000000;equity=0.70000000,117,252,,,False,not_requested,True,0.07465447213168996,0.05682972071898328,,0.06655431306257653,0.18840258886829203,3.315731023079138e-11,0.2209871845758969,0.3000000000331573,0.13508297523054585,0.03360613431704139,0.3103237058433586,0.008740105360794137,,,2018-02-13,"[""5年国债ETF"", ""10年国债ETF"", ""日利ETF"", ""沪深300ETF"", ""中证500ETF"", ""中证1000ETF"", ""创业板ETF"", ""红利ETF"", ""证券ETF"", ""军工ETF"", ""消费ETF"", ""恒生ETF"", ""白银LOF"", ""纳指ETF"", ""标普500ETF"", ""欧洲ETF"", ""黄金ETF"", ""原油ETF""]",0.0
2018-02-23,candidate_03,CLARABEL,optimal,0.007604429483993861,,False,False,ewma,True,243,False,,,2.4790685261766112e-05,0.3136096945923148,12650.303583014911,True,False,0.0,2.4790685261769954e-05,3.1360969459231486e-07,1e-06,symmetrized,119,18,60.0,CLARABEL,optimal,True,0.3136096945923148,6.225164586232124e-06,False,20,0,False,2.35,bond=0.70000000;cash=0.30000000;commodity_gold=0.40000000;defensive=0.25000000;equity=0.70000000,119,252,,,False,not_requested,True,0.04606054858443082,0.0545647524795013,,0.06775526633649974,0.163332793372671,0.0,0.23993507559182337,0.29999999999846677,0.13343326881760265,0.03156676261700074,0.29506489297510646,0.008271899747997887,,,2018-02-22,"[""5年国债ETF"", ""10年国债ETF"", ""日利ETF"", ""沪深300ETF"", ""中证500ETF"", ""中证1000ETF"", ""创业板ETF"", ""红利ETF"", ""证券ETF"", ""军工ETF"", ""消费ETF"", ""恒生ETF"", ""白银LOF"", ""纳指ETF"", ""标普500ETF"", ""欧洲ETF"", ""黄金ETF"", ""原油ETF""]",0.0
2018-03-02,candidate_03,CLARABEL,optimal,0.008432928330989525,,False,False,ewma,True,243,False,,,2.516117953535135e-05,0.31178538987233484,12391.525184035101,True,False,0.0,2.5161179535316886e-05,3.117853898723348e-07,1e-06,symmetrized,124,18,60.0,CLARABEL,optimal,True,0.31178538987233484,3.14611186112701e-06,False,20,0,False,2.35,bond=0.70000000;cash=0.30000000;commodity_gold=0.40000000;defensive=0.25000000;equity=0.70000000,124,252,,,False,not_requested,True,0.021408592551641792,0.05359885095795626,,0.06287617227414828,0.1788668096902407,0.0,0.2491509896415114,0.29999999989971177,0.13247862537297517,0.030704556670808368,0.2876658284149934,0.007915145736260124,,,2018-03-01,"[""5年国债ETF"", ""10年国债ETF"", ""日利ETF"", ""沪深300ETF"", ""中证500ETF"", ""中证1000ETF"", ""创业板ETF"", ""红利ETF"", ""证券ETF"", ""军工ETF"", ""消费ETF"", ""恒生ETF"", ""白银LOF"", ""纳指ETF"", ""标普500ETF"", ""欧洲ETF"", ""黄金ETF"", ""原油ETF""]",0.0
2018-03-09,candidate_03,CLARABEL,optimal,0.008233932350440362,,False,False,ewma,True,243,False,,,2.362549031012752e-05,0.3015492099411766,12763.722825761282,True,False,0.0,2.362549031006083e-05,3.015492099411766e-07,1e-06,symmetrized,129,18,60.0,CLARABEL,optimal,True,0.3015492099411766,4.818451809107671e-06,False,20,0,False,2.35,bond=0.70000000;cash=0.30000000;commodity_gold=0.40000000;defensive=0.25000000;equity=0.70000000,129,252,,,False,not_requested,True,0.000703911779597886,0.05273579243726304,,0.06462751080138143,0.18132449300979198,1.307532970784564e-10,0.24863838775015182,0.3000000001307533,0.13338172242957103,0.03098505390908329,0.28699483578044066,0.007760737509225302,,,2018-03-08,"[""5年国债ETF"", ""10年国债ETF"", ""日利ETF"", ""沪深300ETF"", ""中证500ETF"", ""中证1000ETF"", ""创业板ETF"", ""红利ETF"", ""证券ETF"", ""军工ETF"", ""消费ETF"", ""恒生ETF"", ""白银LOF"", ""纳指ETF"", ""标普500ETF"", ""欧洲ETF"", ""黄金ETF"", ""原油ETF""]",0.0
2018-03-16,candidate_03,CLARABEL,optimal,0.008761634987590238,,False,False,ewma,True,243,False,,,2.2333609728106523e-05,0.30015764407247064,13439.728182172299,True,False,0.0,2.233360972815872e-05,3.0015764407247075e-07,1e-06,symmetrized,134,18,60.0,CLARABEL,optimal,True,0.30015764407247064,1.4869199584724435e-06,False,20,0,False,2.35,bond=0.70000000;cash=0.30000000;commodity_gold=0.40000000;defensive=0.25000000;equity=0.70000000,134,252,,,False,not_requested,True,0.0016591631182491465,0.052447743670513663,,0.06643840855573799,0.18684703879151818,7.004056779003065e-10,0.24740611758253755,0.30000000070040567,0.13301292333361192,0.03069725809969556,0.28888370028374943,0.0076694359771583695,,,2018-03-15,"[""5年国债ETF"", ""10年国债ETF"", ""日利ETF"", ""沪深300ETF"", ""中证500ETF"", ""中证1000ETF"", ""创业板ETF"", ""红利ETF"", ""证券ETF"", ""军工ETF"", ""消费ETF"", ""恒生ETF"", ""白银LOF"", ""纳指ETF"", ""标普500ETF"", ""欧洲ETF"", ""黄金ETF"", ""原油ETF""]",0.0
2018-03-23,candidate_03,CLARABEL,optimal,0.008976162051093882,,False,False,ewma,True,243,False,,,2.1037543557404797e-05,0.2825151582647192,13429.094394686563,True,False,0.0,2.103754355743265e-05,2.82515158264719e-07,1e-06,symmetrized,139,18,60.0,CLARABEL,optimal,True,0.2825151582647192,8.170321828482319e-06,False,20,0,False,2.35,bond=0.70000000;cash=0.30000000;commodity_gold=0.40000000;defensive=0.25000000;equity=0.70000000,139,252,,,False,not_requested,True,0.002296255723764719,0.05049145034010976,,0.0660841736628015,0.18899257191648,1.217515532836444e-10,0.2495800054675511,0.30000000012175154,0.1344272262706706,0.03022826343890212,0.28576450470112447,0.007493451464097015,,,2018-03-22,"[""5年国债ETF"", ""10年国债ETF"", ""日利ETF"", ""沪深300ETF"", ""中证500ETF"", ""中证1000ETF"", ""创业板ETF"", ""红利ETF"", ""证券ETF"", ""军工ETF"", ""消费ETF"", ""恒生ETF"", ""白银LOF"", ""纳指ETF"", ""标普500ETF"", ""欧洲ETF"", ""黄金ETF"", ""原油ETF""]",0.0
2018-03-30,candidate_03,CLARABEL,optimal,0.01010230674113228,,False,False,ewma,True,243,False,,,1.975340804387372e-05,0.3443474315715748,17432.304886668404,True,False,0.0,1.9753408043897037e-05,3.4434743157157464e-07,1e-06,symmetrized,144,18,60.0,CLARABEL,optimal,True,0.3443474315715748,2.5293815411886467e-06,False,20,0,False,2.35,bond=0.70000000;cash=0.30000000;commodity_gold=0.40000000;defensive=0.25000000;equity=0.70000000,144,252,,,False,not_requested,True,0.0064041980272803375,0.05285290026013563,,0.07506612241755428,0.1997228231442615,6.045170475310613e-10,0.2556964590199122,0.30000000060451704,0.13333902916938314,0.029713039242811833,0.2812514719633758,0.008327172150583916,,,2018-03-29,"[""5年国债ETF"", ""10年国债ETF"", ""日利ETF"", ""沪深300ETF"", ""中证500ETF"", ""中证1000ETF"", ""创业板ETF"", ""红利ETF"", ""证券ETF"", ""军工ETF"", ""消费ETF"", ""恒生ETF"", ""白银LOF"", ""纳指ETF"", ""标普500ETF"", ""欧洲ETF"", ""黄金ETF"", ""原油ETF""]",0.0
2018-04-04,candidate_03,CLARABEL,optimal,0.009292327479588098,,False,False,ewma,True,243,False,,,1.9956830165811697e-05,0.3377321183296529,16923.134361699693,True,False,0.0,1.995683016589581e-05,3.377321183296529e-07,1e-06,symmetrized,147,18,60.0,CLARABEL,optimal,True,0.3377321183296529,3.838882585149861e-06,False,20,0,False,2.35,bond=0.70000000;cash=0.30000000;commodity_gold=0.40000000;defensive=0.25000000;equity=0.70000000,147,252,,,False,not_requested,True,2.9961167074597436e-05,0.05210549900816184,,0.0794024406607911,0.1927871289053961,5.275878622867936e-10,0.2560845459479508,0.30000000052758785,0.13406509276446127,0.029027787407600165,0.2808225733524001,0.008219063019050649,,,2018-04-03,"[""5年国债ETF"", ""10年国债ETF"", ""日利ETF"", ""沪深300ETF"", ""中证500ETF"", ""中证1000ETF"", ""创业板ETF"", ""红利ETF"", ""证券ETF"", ""军工ETF"", ""消费ETF"", ""恒生ETF"", ""白银LOF"", ""纳指ETF"", ""标普500ETF"", ""欧洲ETF"", ""黄金ETF"", ""原油ETF""]",0.0
2018-04-13,candidate_03,CLARABEL,optimal,0.010225550848242069,,False,False,ewma,True,243,False,,,2.039440661084017e-05,0.31885376020845096,15634.373006909242,True,False,0.0,2.0394406610813438e-05,3.18853760208451e-07,1e-06,symmetrized,152,18,60.0,CLARABEL,optimal,True,0.31885376020845096,8.49861081775316e-06,False,20,0,False,2.35,bond=0.70000000;cash=0.30000000;commodity_gold=0.40000000;defensive=0.25000000;equity=0.70000000,152,252,,,False,not_requested,True,0.0036893731741358265,0.051054801391511404,,0.07237946627125048,0.2015009337229692,6.145801645374149e-10,0.2551266083330099,0.30000000061458015,0.13447583022891943,0.029264073646612026,0.2811334871768786,0.008099609951855116,,,2018-04-12,"[""5年国债ETF"", ""10年国债ETF"", ""日利ETF"", ""沪深300ETF"", ""中证500ETF"", ""中证1000ETF"", ""创业板ETF"", ""红利ETF"", ""证券ETF"", ""军工ETF"", ""消费ETF"", ""恒生ETF"", ""白银LOF"", ""纳指ETF"", ""标普500ETF"", ""欧洲ETF"", ""黄金ETF"", ""原油ETF""]",0.0
2018-04-20,candidate_03,CLARABEL,optimal,0.014982895924911362,,False,False,ewma,True,243,False,,,2.0200706826862722e-05,0.3106253487323034,15376.954449892643,True,False,0.0,2.0200706826899602e-05,3.1062534873230353e-07,1e-06,symmetrized,157,18,60.0,CLARABEL,optimal,True,0.3106253487323034,8.533899373885934e-06,False,20,0,False,2.35,bond=0.70000000;cash=0.30000000;commodity_gold=0.40000000;defensive=0.25000000;equity=0.70000000,157,252,,,False,not_requested,True,0.0031062387434219393,0.05038524903740514,,0.07167375194865748,0.2442935879503995,1.3183276692529944e-10,0.2556473478395379,0.30000000013183276,0.13521211474687433,0.028405898817742553,0.2807346384640125,0.00795785984029865,,,2018-04-19,"[""5年国债ETF"", ""10年国债ETF"", ""日利ETF"", ""沪深300ETF"", ""中证500ETF"", ""中证1000ETF"", ""创业板ETF"", ""红利ETF"", ""证券ETF"", ""军工ETF"", ""消费ETF"", ""恒生ETF"", ""白银LOF"", ""纳指ETF"", ""标普500ETF"", ""欧洲ETF"", ""黄金ETF"", ""原油ETF""]",0.0
2018-04-27,candidate_03,CLARABEL,optimal,0.017959048245964716,,False,False,ewma,True,243,False,,,1.9637643713801228e-05,0.32203653675569616,16398.939783665115,True,False,0.0,1.963764371382906e-05,3.220365367556961e-07,1e-06,symmetrized,162,18,60.0,CLARABEL,optimal,True,0.32203653675569616,3.759355197544001e-06,False,20,0,False,2.35,bond=0.70000000;cash=0.30000000;commodity_gold=0.40000000;defensive=0.25000000;equity=0.70000000,162,252,,,False,not_requested,True,0.004596739553022805,0.05048264821500175,,0.07376178696504222,0.26732552764775563,2.3678170535390564e-11,0.2597591724106978,0.30000000002367816,0.13495159520948558,0.028224999235164534,0.27706423312097395,0.0077607899478884254,,,2018-04-26,"[""5年国债ETF"", ""10年国债ETF"", ""日利ETF"", ""沪深300ETF"", ""中证500ETF"", ""中证1000ETF"", ""创业板ETF"", ""红利ETF"", ""证券ETF"", ""军工ETF"", ""消费ETF"", ""恒生ETF"", ""白银LOF"", ""纳指ETF"", ""标普500ETF"", ""欧洲ETF"", ""黄金ETF"", ""原油ETF""]",0.0
2018-05-04,candidate_03,CLARABEL,optimal,0.017429073274944182,,False,False,ewma,True,243,False,,,2.0610779082174978e-05,0.3129686108350354,15184.705516818776,True,False,0.0,2.0610779082155113e-05,3.1296861083503543e-07,1e-06,symmetrized,165,18,60.0,CLARABEL,optimal,True,0.3129686108350354,3.8983612274667845e-06,False,20,0,False,2.35,bond=0.70000000;cash=0.30000000;commodity_gold=0.40000000;defensive=0.25000000;equity=0.70000000,165,252,,,False,not_requested,True,0.002183059417962367,0.05011692357264378,,0.07657813330577384,0.2637025382415873,2.5562663097389304e-11,0.2584408828027246,0.30000000002556265,0.1336611634776747,0.028427788101140765,0.2794701655928974,0.007741969229518244,,,2018-05-03,"[""5年国债ETF"", ""10年国债ETF"", ""日利ETF"", ""沪深300ETF"", ""中证500ETF"", ""中证1000ETF"", ""创业板ETF"", ""红利ETF"", ""证券ETF"", ""军工ETF"", ""消费ETF"", ""恒生ETF"", ""白银LOF"", ""纳指ETF"", ""标普500ETF"", ""欧洲ETF"", ""黄金ETF"", ""原油ETF""]",0.0
2018-05-11,candidate_03,CLARABEL,optimal,0.019005857455471453,,False,False,ewma,True,243,False,,,1.9663657529057174e-05,0.3053202710099777,15527.135303226423,True,False,0.0,1.9663657528995286e-05,3.053202710099778e-07,1e-06,symmetrized,170,18,60.0,CLARABEL,optimal,True,0.3053202710099777,6.463439176235264e-06,False,20,0,False,2.35,bond=0.70000000;cash=0.30000000;commodity_gold=0.40000000;defensive=0.25000000;equity=0.70000000,170,252,,,False,not_requested,True,0.005176825071617555,0.05036543773224965,,0.07649023381836179,0.27496012733862063,7.227599074788316e-10,0.25511537249786703,0.3000000007227599,0.13220421852559855,0.028871256284874858,0.2838091519688998,0.007709880549063219,,,2018-05-10,"[""5年国债ETF"", ""10年国债ETF"", ""日利ETF"", ""沪深300ETF"", ""中证500ETF"", ""中证1000ETF"", ""创业板ETF"", ""红利ETF"", ""证券ETF"", ""军工ETF"", ""消费ETF"", ""恒生ETF"", ""白银LOF"", ""纳指ETF"", ""标普500ETF"", ""欧洲ETF"", ""黄金ETF"", ""原油ETF""]",0.0
2018-05-18,candidate_03,CLARABEL,optimal,0.019071661784234747,,False,False,ewma,True,243,False,,,1.8577953039508953e-05,0.2891730584662979,15565.388600742273,True,False,0.0,1.8577953039499358e-05,2.89173058466298e-07,1e-06,symmetrized,175,18,60.0,CLARABEL,optimal,True,0.2891730584662979,5.189760114179126e-06,False,20,0,False,2.35,bond=0.70000000;cash=0.30000000;commodity_gold=0.40000000;defensive=0.25000000;equity=0.70000000,175,252,,,False,not_requested,True,0.0010212392545633116,0.048913338883911944,,0.0747626891551959,0.27605021736899327,5.596625385351217e-10,0.2559363058392863,0.3000000005596625,0.13178693497533675,0.028829988581254566,0.28344677004445984,0.0076099172886074625,,,2018-05-17,"[""5年国债ETF"", ""10年国债ETF"", ""日利ETF"", ""沪深300ETF"", ""中证500ETF"", ""中证1000ETF"", ""创业板ETF"", ""红利ETF"", ""证券ETF"", ""军工ETF"", ""消费ETF"", ""恒生ETF"", ""白银LOF"", ""纳指ETF"", ""标普500ETF"", ""欧洲ETF"", ""黄金ETF"", ""原油ETF""]",0.0
2018-05-25,candidate_03,CLARABEL,optimal,0.01880594794679564,,False,False,ewma,True,243,False,,,1.8259794505523305e-05,0.2826091684978021,15477.127544470295,True,False,0.0,1.8259794505525226e-05,2.8260916849780223e-07,1e-06,symmetrized,180,18,60.0,CLARABEL,optimal,True,0.2826091684978021,6.0789311515652145e-06,False,20,0,False,2.35,bond=0.70000000;cash=0.30000000;commodity_gold=0.40000000;defensive=0.25000000;equity=0.70000000,180,252,,,False,not_requested,True,0.0001990666796033002,0.04854310086213704,,0.07439329616449512,0.2742400911114181,1.7025940102222137e-09,0.2563713766841461,0.300000001702594,0.1324607940219695,0.028586826797692054,0.2825810007935984,0.007570424487574663,,,2018-05-24,"[""5年国债ETF"", ""10年国债ETF"", ""日利ETF"", ""沪深300ETF"", ""中证500ETF"", ""中证1000ETF"", ""创业板ETF"", ""红利ETF"", ""证券ETF"", ""军工ETF"", ""消费ETF"", ""恒生ETF"", ""白银LOF"", ""纳指ETF"", ""标普500ETF"", ""欧洲ETF"", ""黄金ETF"", ""原油ETF""]",0.0
2018-06-01,candidate_03,CLARABEL,optimal,0.01814387395660149,,False,False,ewma,True,243,False,,,1.759421357591599e-05,0.2893465581309906,16445.552219910835,True,False,0.0,1.7594213575942242e-05,2.893465581309907e-07,1e-06,symmetrized,185,18,60.0,CLARABEL,optimal,True,0.2893465581309906,6.473761062338046e-06,False,20,0,False,2.35,bond=0.70000000;cash=0.30000000;commodity_gold=0.40000000;defensive=0.25000000;equity=0.70000000,185,252,,,False,not_requested,True,0.0013738533385415598,0.04865819434323832,,0.07155465912676362,0.26919126831179296,4.3102299507324915e-11,0.2576452332645438,0.3000000000431023,0.13309685191364978,0.02862336160032258,0.28063455317838154,0.007425843924064565,,,2018-05-31,"[""5年国债ETF"", ""10年国债ETF"", ""日利ETF"", ""沪深300ETF"", ""中证500ETF"", ""中证1000ETF"", ""创业板ETF"", ""红利ETF"", ""证券ETF"", ""军工ETF"", ""消费ETF"", ""恒生ETF"", ""白银LOF"", ""纳指ETF"", ""标普500ETF"", ""欧洲ETF"", ""黄金ETF"", ""原油ETF""]",0.0
2018-06-08,candidate_03,CLARABEL,optimal,0.018372706371275225,,False,False,ewma,True,243,False,,,1.682363612922554e-05,0.27682049300392575,16454.260593703708,True,False,0.0,1.6823636129160854e-05,2.7682049300392595e-07,1e-06,symmetrized,190,18,60.0,CLARABEL,optimal,True,0.27682049300392575,8.879360257701974e-06,False,20,0,False,2.35,bond=0.70000000;cash=0.30000000;commodity_gold=0.40000000;defensive=0.25000000;equity=0.70000000,190,252,,,False,not_requested,True,0.0008350520699272656,0.0476380775463014,,0.07259340806166178,0.270966823166643,6.941386354597512e-11,0.25628151255766707,0.30000000006941385,0.1315319602315685,0.028585541398007924,0.2836009857433428,0.007367472035620968,,,2018-06-07,"[""5年国债ETF"", ""10年国债ETF"", ""日利ETF"", ""沪深300ETF"", ""中证500ETF"", ""中证1000ETF"", ""创业板ETF"", ""红利ETF"", ""证券ETF"", ""军工ETF"", ""消费ETF"", ""恒生ETF"", ""白银LOF"", ""纳指ETF"", ""标普500ETF"", ""欧洲ETF"", ""黄金ETF"", ""原油ETF""]",0.0
2018-06-15,candidate_03,CLARABEL,optimal,0.019055142064322468,,False,False,ewma,True,243,False,,,1.5926102819432777e-05,0.2720309506477786,17080.823458947583,True,False,0.0,1.5926102819384855e-05,2.720309506477786e-07,1e-06,symmetrized,195,18,60.0,CLARABEL,optimal,True,0.2720309506477786,4.052636091475548e-06,False,20,0,False,2.35,bond=0.70000000;cash=0.30000000;commodity_gold=0.40000000;defensive=0.25000000;equity=0.70000000,195,252,,,False,not_requested,True,0.002076637560417107,0.046566073783004806,,0.07230445283458566,0.27577517162968823,5.033372607599063e-10,0.2579427482015982,0.30000000050333725,0.13391843022156563,0.028436536812203653,0.2797022842612952,0.007216822569105696,,,2018-06-14,"[""5年国债ETF"", ""10年国债ETF"", ""日利ETF"", ""沪深300ETF"", ""中证500ETF"", ""中证1000ETF"", ""创业板ETF"", ""红利ETF"", ""证券ETF"", ""军工ETF"", ""消费ETF"", ""恒生ETF"", ""白银LOF"", ""纳指ETF"", ""标普500ETF"", ""欧洲ETF"", ""黄金ETF"", ""原油ETF""]",0.0
2018-06-22,candidate_03,CLARABEL,optimal,0.016279671806726726,,False,False,ewma,True,243,False,,,1.5252714913286247e-05,0.355845382016692,23329.9700440034,True,False,0.0,1.5252714913296955e-05,3.558453820166921e-07,1e-06,symmetrized,199,18,60.0,CLARABEL,optimal,True,0.355845382016692,4.719666973903441e-06,False,20,0,False,2.35,bond=0.70000000;cash=0.30000000;commodity_gold=0.40000000;defensive=0.25000000;equity=0.70000000,199,252,,,False,not_requested,True,0.007182749390535385,0.05102333040620847,,0.06458100930499838,0.25403828053345706,2.3891873479620074e-09,0.2651047269088995,0.30000000238918734,0.13384625989938742,0.027807660382381992,0.27324135042014364,0.008013475616360137,,,2018-06-21,"[""5年国债ETF"", ""10年国债ETF"", ""日利ETF"", ""沪深300ETF"", ""中证500ETF"", ""中证1000ETF"", ""创业板ETF"", ""红利ETF"", ""证券ETF"", ""军工ETF"", ""消费ETF"", ""恒生ETF"", ""白银LOF"", ""纳指ETF"", ""标普500ETF"", ""欧洲ETF"", ""黄金ETF"", ""原油ETF""]",0.0
2018-06-29,candidate_03,CLARABEL,optimal,0.017842520330196354,,False,False,ewma,True,243,False,,,1.4511921658683147e-05,0.3410251883456037,23499.657479307898,True,False,0.0,1.451192165868651e-05,3.410251883456035e-07,1e-06,symmetrized,204,18,60.0,CLARABEL,optimal,True,0.3410251883456037,5.604454420299332e-06,False,20,0,False,2.35,bond=0.70000000;cash=0.30000000;commodity_gold=0.40000000;defensive=0.25000000;equity=0.70000000,204,252,,,False,not_requested,True,0.00343361862931291,0.04938834858634131,,0.06382957144050845,0.26662946477852967,1.0335232669689276e-09,0.26821041083935504,0.30000000103352326,0.13666068098174777,0.026770915702428722,0.2683579914429453,0.007833758476642713,,,2018-06-28,"[""5年国债ETF"", ""10年国债ETF"", ""日利ETF"", ""沪深300ETF"", ""中证500ETF"", ""中证1000ETF"", ""创业板ETF"", ""红利ETF"", ""证券ETF"", ""军工ETF"", ""消费ETF"", ""恒生ETF"", ""白银LOF"", ""纳指ETF"", ""标普500ETF"", ""欧洲ETF"", ""黄金ETF"", ""原油ETF""]",0.0
2018-07-06,candidate_03,CLARABEL,optimal,0.023076630468517337,,False,False,ewma,True,243,False,,,1.6621889345912424e-05,0.36881483542847293,22188.502627661284,True,False,0.0,1.662188934587381e-05,3.68814835428473e-07,1e-06,symmetrized,209,18,60.0,CLARABEL,optimal,True,0.36881483542847293,3.8516148070100176e-06,False,20,0,False,2.35,bond=0.70000000;cash=0.30000000;commodity_gold=0.40000000;defensive=0.25000000;equity=0.70000000,209,252,,,False,not_requested,True,7.90341804791754e-06,0.050911657025556646,,0.06490152863210968,0.30381882778478525,5.989325146948943e-10,0.26910646848185016,0.3000000005989325,0.1366065706346517,0.026230806661533556,0.26805615362303215,0.007727534184231695,,,2018-07-05,"[""5年国债ETF"", ""10年国债ETF"", ""日利ETF"", ""沪深300ETF"", ""中证500ETF"", ""中证1000ETF"", ""创业板ETF"", ""红利ETF"", ""证券ETF"", ""军工ETF"", ""消费ETF"", ""恒生ETF"", ""白银LOF"", ""纳指ETF"", ""标普500ETF"", ""欧洲ETF"", ""黄金ETF"", ""原油ETF""]",0.0
2018-07-13,candidate_03,CLARABEL,optimal,0.021879935247537948,,False,False,ewma,True,243,False,,,2.281660252502677e-05,0.3949444381162792,17309.520016535233,True,False,0.0,2.281660252501359e-05,3.949444381162793e-07,1e-06,symmetrized,214,18,60.0,CLARABEL,optimal,True,0.3949444381162792,5.619818325447445e-06,False,20,0,False,2.35,bond=0.70000000;cash=0.30000000;commodity_gold=0.40000000;defensive=0.25000000;equity=0.70000000,214,252,,,False,not_requested,True,0.007802883378145556,0.05307035756956229,,0.07014496535324392,0.2947645617435279,3.4064029375002747e-11,0.26164887432875944,0.300000000034064,0.13612842051383062,0.026817631911043565,0.2754050732123025,0.007844366607478122,,,2018-07-12,"[""5年国债ETF"", ""10年国债ETF"", ""日利ETF"", ""沪深300ETF"", ""中证500ETF"", ""中证1000ETF"", ""创业板ETF"", ""红利ETF"", ""证券ETF"", ""军工ETF"", ""消费ETF"", ""恒生ETF"", ""白银LOF"", ""纳指ETF"", ""标普500ETF"", ""欧洲ETF"", ""黄金ETF"", ""原油ETF""]",0.0
2018-07-20,candidate_03,CLARABEL,optimal,0.022761923791889287,,False,False,ewma,True,243,False,,,2.2436050918234283e-05,0.3732209531720987,16634.87725768948,True,False,0.0,2.2436050918260626e-05,3.7322095317209816e-07,1e-06,symmetrized,219,18,60.0,CLARABEL,optimal,True,0.3732209531720987,3.6889900355552285e-06,False,20,0,False,2.35,bond=0.70000000;cash=0.30000000;commodity_gold=0.40000000;defensive=0.25000000;equity=0.70000000,219,252,,,False,not_requested,True,0.0006922695322330316,0.05151125221742006,,0.06723996987794147,0.3016479452632358,2.5981994333790226e-11,0.2635142204988917,0.300000000025982,0.13473624496815786,0.02659334729750905,0.27515618720945945,0.0077189524333112595,,,2018-07-19,"[""5年国债ETF"", ""10年国债ETF"", ""日利ETF"", ""沪深300ETF"", ""中证500ETF"", ""中证1000ETF"", ""创业板ETF"", ""红利ETF"", ""证券ETF"", ""军工ETF"", ""消费ETF"", ""恒生ETF"", ""白银LOF"", ""纳指ETF"", ""标普500ETF"", ""欧洲ETF"", ""黄金ETF"", ""原油ETF""]",0.0
2018-07-27,candidate_03,CLARABEL,optimal,0.022767198121098155,,False,False,ewma,True,243,False,,,2.123497251054271e-05,0.3676877568066713,17315.19815361768,True,False,0.0,2.1234972510521905e-05,3.676877568066709e-07,1e-06,symmetrized,224,18,60.0,CLARABEL,optimal,True,0.3676877568066713,2.667445006515612e-06,False,20,0,False,2.35,bond=0.70000000;cash=0.30000000;commodity_gold=0.40000000;defensive=0.25000000;equity=0.70000000,224,252,,,False,not_requested,True,0.004802669276651043,0.051331389679546945,,0.066821289434382,0.3011292342817757,9.441597503823118e-10,0.2588929044976382,0.30000000094415974,0.13504734703081603,0.0274356143140751,0.2786241332133111,0.007736927213254335,,,2018-07-26,"[""5年国债ETF"", ""10年国债ETF"", ""日利ETF"", ""沪深300ETF"", ""中证500ETF"", ""中证1000ETF"", ""创业板ETF"", ""红利ETF"", ""证券ETF"", ""军工ETF"", ""消费ETF"", ""恒生ETF"", ""白银LOF"", ""纳指ETF"", ""标普500ETF"", ""欧洲ETF"", ""黄金ETF"", ""原油ETF""]",0.0
2018-08-03,candidate_03,CLARABEL,optimal,0.022101971866995675,,False,False,ewma,True,243,False,,,2.0152748652056855e-05,0.37261884740538653,18489.728316407887,True,False,0.0,2.015274865214643e-05,3.726188474053868e-07,1e-06,symmetrized,229,18,60.0,CLARABEL,optimal,True,0.37261884740538653,7.5502376323255405e-06,False,20,0,False,2.35,bond=0.70000000;cash=0.30000000;commodity_gold=0.40000000;defensive=0.25000000;equity=0.70000000,229,252,,,False,not_requested,True,0.006769429802494345,0.05005909108871922,,0.06575239518336132,0.2964088557516773,5.1445125937021885e-11,0.2660128275743216,0.3000000000514451,0.1357517845480163,0.026781356317306954,0.2714540315089099,0.00761365184306671,,,2018-08-02,"[""5年国债ETF"", ""10年国债ETF"", ""日利ETF"", ""沪深300ETF"", ""中证500ETF"", ""中证1000ETF"", ""创业板ETF"", ""红利ETF"", ""证券ETF"", ""军工ETF"", ""消费ETF"", ""恒生ETF"", ""白银LOF"", ""纳指ETF"", ""标普500ETF"", ""欧洲ETF"", ""黄金ETF"", ""原油ETF""]",0.0
2018-08-10,candidate_03,CLARABEL,optimal,0.0229781801422395,,False,False,ewma,True,243,False,,,1.926813571721114e-05,0.3953417949854432,20517.90587255967,True,False,0.0,1.9268135717272147e-05,3.9534179498544325e-07,1e-06,symmetrized,234,18,60.0,CLARABEL,optimal,True,0.3953417949854432,3.343006741207688e-06,False,20,0,False,2.35,bond=0.70000000;cash=0.30000000;commodity_gold=0.40000000;defensive=0.25000000;equity=0.70000000,234,252,,,False,not_requested,True,0.0010476807258176226,0.05054296989182261,,0.06600271492827292,0.30303077218992397,2.325116210677436e-10,0.26465924987544276,0.3000000002325116,0.13481170130164793,0.027081689251310916,0.2734473593390868,0.007585323010555202,,,2018-08-09,"[""5年国债ETF"", ""10年国债ETF"", ""日利ETF"", ""沪深300ETF"", ""中证500ETF"", ""中证1000ETF"", ""创业板ETF"", ""红利ETF"", ""证券ETF"", ""军工ETF"", ""消费ETF"", ""恒生ETF"", ""白银LOF"", ""纳指ETF"", ""标普500ETF"", ""欧洲ETF"", ""黄金ETF"", ""原油ETF""]",0.0
2018-08-17,candidate_03,CLARABEL,optimal,0.028091964167460435,,False,False,ewma,True,243,False,,,1.8496390265766285e-05,0.38280908772005995,20696.42142167466,True,False,0.0,1.849639026578765e-05,3.8280908772006006e-07,1e-06,symmetrized,239,18,60.0,CLARABEL,optimal,True,0.38280908772005995,3.717687194454422e-06,False,20,0,False,2.35,bond=0.70000000;cash=0.30000000;commodity_gold=0.40000000;defensive=0.25000000;equity=0.70000000,239,252,,,False,not_requested,True,0.00841723138946715,0.049793982219087096,,0.06346886444709475,0.3341921265993751,8.211420432502337e-11,0.2715395323936045,0.3000000000821142,0.13204400655680498,0.02650335502202329,0.26991310594545304,0.007517055057353022,,,2018-08-16,"[""5年国债ETF"", ""10年国债ETF"", ""日利ETF"", ""沪深300ETF"", ""中证500ETF"", ""中证1000ETF"", ""创业板ETF"", ""红利ETF"", ""证券ETF"", ""军工ETF"", ""消费ETF"", ""恒生ETF"", ""白银LOF"", ""纳指ETF"", ""标普500ETF"", ""欧洲ETF"", ""黄金ETF"", ""原油ETF""]",0.0
2018-08-24,candidate_03,CLARABEL,optimal,0.03259563081949552,,False,False,ewma,True,243,False,,,1.7660171979335995e-05,0.3728033236413447,21109.83540123836,True,False,0.0,1.766017197935547e-05,3.728033236413448e-07,1e-06,symmetrized,244,18,60.0,CLARABEL,optimal,True,0.3728033236413447,6.800140460845594e-06,False,20,0,False,2.35,bond=0.70000000;cash=0.30000000;commodity_gold=0.40000000;defensive=0.25000000;equity=0.70000000,244,252,,,False,not_requested,True,0.0017807374653349374,0.04954121841107056,,0.062200037042409936,0.3608849226495849,6.245676198446404e-11,0.26835930890035953,0.30000000006245675,0.13377554734154562,0.026650406228337906,0.2712147374673001,0.00751714607686349,,,2018-08-23,"[""5年国债ETF"", ""10年国债ETF"", ""日利ETF"", ""沪深300ETF"", ""中证500ETF"", ""中证1000ETF"", ""创业板ETF"", ""红利ETF"", ""证券ETF"", ""军工ETF"", ""消费ETF"", ""恒生ETF"", ""白银LOF"", ""纳指ETF"", ""标普500ETF"", ""欧洲ETF"", ""黄金ETF"", ""原油ETF""]",0.0
2018-08-31,candidate_03,CLARABEL,optimal,0.035190526743570004,,False,False,ewma,True,243,False,,,1.699422981779106e-05,0.36998427071565776,21771.170254995937,True,False,0.0,1.6994229817756392e-05,3.699842707156578e-07,1e-06,symmetrized,249,18,60.0,CLARABEL,optimal,True,0.36998427071565776,2.707641195750371e-06,False,20,0,False,2.35,bond=0.70000000;cash=0.30000000;commodity_gold=0.40000000;defensive=0.25000000;equity=0.70000000,249,252,,,False,not_requested,True,0.0035818370879163956,0.04910099346276084,,0.06248703131490893,0.3747949596816321,3.856437391647205e-11,0.26580782871179726,0.30000000003856436,0.13406725587820423,0.02687010978357777,0.27325480558785625,0.007502711625200205,,,2018-08-30,"[""5年国债ETF"", ""10年国债ETF"", ""日利ETF"", ""沪深300ETF"", ""中证500ETF"", ""中证1000ETF"", ""创业板ETF"", ""红利ETF"", ""证券ETF"", ""军工ETF"", ""消费ETF"", ""恒生ETF"", ""白银LOF"", ""纳指ETF"", ""标普500ETF"", ""欧洲ETF"", ""黄金ETF"", ""原油ETF""]",0.0
2018-09-07,candidate_03,CLARABEL,optimal,0.033550353509304964,,False,False,ewma,True,243,False,,,1.6217186891908024e-05,0.36012971387726,22206.669768167736,True,False,0.0,1.6217186891898036e-05,3.601297138772596e-07,1e-06,symmetrized,252,18,60.0,CLARABEL,optimal,True,0.36012971387726,3.540937736447314e-06,False,20,0,False,2.35,bond=0.70000000;cash=0.30000000;commodity_gold=0.40000000;defensive=0.25000000;equity=0.70000000,252,252,,,False,not_requested,True,0.006281301063764674,0.04842658210734983,,0.060278893200918254,0.3656383081555353,4.964922917238823e-11,0.271104690129864,0.3000000000496492,0.13306621129434984,0.02662706199203768,0.26920203653409935,0.007401345428713135,,,2018-09-06,"[""5年国债ETF"", ""10年国债ETF"", ""日利ETF"", ""沪深300ETF"", ""中证500ETF"", ""中证1000ETF"", ""创业板ETF"", ""红利ETF"", ""证券ETF"", ""军工ETF"", ""消费ETF"", ""恒生ETF"", ""白银LOF"", ""纳指ETF"", ""标普500ETF"", ""欧洲ETF"", ""黄金ETF"", ""原油ETF""]",0.0
2018-09-14,candidate_03,CLARABEL,optimal,0.03473028598212822,,False,False,ewma,True,243,False,,,1.5775628762734238e-05,0.34934693034371794,22144.723078737625,True,False,0.0,1.5775628762689216e-05,3.4934693034371816e-07,1e-06,symmetrized,252,18,60.0,CLARABEL,optimal,True,0.34934693034371794,3.7454203021917987e-06,False,20,0,False,2.35,bond=0.70000000;cash=0.30000000;commodity_gold=0.40000000;defensive=0.25000000;equity=0.70000000,252,252,,,False,not_requested,True,0.0009804499126504114,0.04734895452245484,,0.05887227166166774,0.37261445408841254,6.662154161674039e-10,0.2710442226916803,0.3000000006662154,0.1335520967938973,0.026801843127696078,0.2686018367205109,0.007385472243824834,,,2018-09-13,"[""5年国债ETF"", ""10年国债ETF"", ""日利ETF"", ""沪深300ETF"", ""中证500ETF"", ""中证1000ETF"", ""创业板ETF"", ""红利ETF"", ""证券ETF"", ""军工ETF"", ""消费ETF"", ""恒生ETF"", ""白银LOF"", ""纳指ETF"", ""标普500ETF"", ""欧洲ETF"", ""黄金ETF"", ""原油ETF""]",0.0
2018-09-21,candidate_03,CLARABEL,optimal,0.03590797061715982,,False,False,ewma,True,243,False,,,1.4918715025431676e-05,0.3443148584516206,23079.391077895983,True,False,0.0,1.4918715025441735e-05,3.443148584516205e-07,1e-06,symmetrized,252,18,60.0,CLARABEL,optimal,True,0.3443148584516206,5.343374715138793e-06,False,20,0,False,2.35,bond=0.70000000;cash=0.30000000;commodity_gold=0.40000000;defensive=0.25000000;equity=0.70000000,252,252,,,False,not_requested,True,0.002906145752784686,0.04713612232551733,,0.05723874252155971,0.3786765155558572,3.621197786074504e-11,0.2683382489191426,0.30000000003621197,0.13436319511030795,0.027192970272131117,0.2701055856622062,0.00745221075475547,,,2018-09-20,"[""5年国债ETF"", ""10年国债ETF"", ""日利ETF"", ""沪深300ETF"", ""中证500ETF"", ""中证1000ETF"", ""创业板ETF"", ""红利ETF"", ""证券ETF"", ""军工ETF"", ""消费ETF"", ""恒生ETF"", ""白银LOF"", ""纳指ETF"", ""标普500ETF"", ""欧洲ETF"", ""黄金ETF"", ""原油ETF""]",0.0
2018-09-28,candidate_03,CLARABEL,optimal,0.03901493044108129,,False,False,ewma,True,243,False,,,1.426154238629101e-05,0.34446388449469156,24153.340162268105,True,False,0.0,1.426154238626831e-05,3.444638844946915e-07,1e-06,symmetrized,252,18,60.0,CLARABEL,optimal,True,0.34446388449469156,2.58807728731672e-06,False,20,0,False,2.35,bond=0.70000000;cash=0.30000000;commodity_gold=0.40000000;defensive=0.25000000;equity=0.70000000,252,252,,,False,not_requested,True,0.004026009860733381,0.04808043867968373,,0.06568143267479365,0.3946299656179616,2.7362445642609146e-11,0.2650540014232249,0.30000000002736243,0.13461659748234445,0.027768084092637084,0.27256131697443126,0.0075365291046025785,,,2018-09-27,"[""5年国债ETF"", ""10年国债ETF"", ""日利ETF"", ""沪深300ETF"", ""中证500ETF"", ""中证1000ETF"", ""创业板ETF"", ""红利ETF"", ""证券ETF"", ""军工ETF"", ""消费ETF"", ""恒生ETF"", ""白银LOF"", ""纳指ETF"", ""标普500ETF"", ""欧洲ETF"", ""黄金ETF"", ""原油ETF""]",0.0
2018-10-12,candidate_03,CLARABEL,optimal,0.027159256734819656,,False,False,ewma,True,243,False,,,1.504953183561303e-05,0.48742323390732245,32387.933341148193,True,False,0.0,1.5049531835581584e-05,4.874232339073228e-07,1e-06,symmetrized,252,18,60.0,CLARABEL,optimal,True,0.48742323390732245,4.531785216609074e-06,False,20,0,False,2.35,bond=0.70000000;cash=0.30000000;commodity_gold=0.40000000;defensive=0.25000000;equity=0.70000000,252,252,,,False,not_requested,True,0.015646063247454683,0.05451954412497852,,0.07133028647187158,0.3276683790108306,1.2709094887597416e-10,0.28067308008097763,0.30000000012709094,0.13671380159091817,0.026600772593651244,0.25601234560736197,0.008445611678027454,,,2018-10-11,"[""5年国债ETF"", ""10年国债ETF"", ""日利ETF"", ""沪深300ETF"", ""中证500ETF"", ""中证1000ETF"", ""创业板ETF"", ""红利ETF"", ""证券ETF"", ""军工ETF"", ""消费ETF"", ""恒生ETF"", ""白银LOF"", ""纳指ETF"", ""标普500ETF"", ""欧洲ETF"", ""黄金ETF"", ""原油ETF""]",0.0
2018-10-19,candidate_03,CLARABEL,optimal,0.028338728454517237,,False,False,ewma,True,243,False,,,1.4217263936316644e-05,0.4858101737801015,34170.44066679706,True,False,0.0,1.421726393630484e-05,4.858101737801017e-07,1e-06,symmetrized,252,18,60.0,CLARABEL,optimal,True,0.4858101737801015,3.418653915496228e-06,False,20,0,False,2.35,bond=0.70000000;cash=0.30000000;commodity_gold=0.40000000;defensive=0.25000000;equity=0.70000000,252,252,,,False,not_requested,True,0.00016835707847642073,0.0548727491535939,,0.06921162588352595,0.3366619123442637,9.661681454886661e-10,0.28150964461589695,0.30000000096616813,0.13771835116645234,0.02588293541609595,0.2548890678353868,0.008462862998770602,,,2018-10-18,"[""5年国债ETF"", ""10年国债ETF"", ""日利ETF"", ""沪深300ETF"", ""中证500ETF"", ""中证1000ETF"", ""创业板ETF"", ""红利ETF"", ""证券ETF"", ""军工ETF"", ""消费ETF"", ""恒生ETF"", ""白银LOF"", ""纳指ETF"", ""标普500ETF"", ""欧洲ETF"", ""黄金ETF"", ""原油ETF""]",0.0
2018-10-26,candidate_03,CLARABEL,optimal,0.030738956432805248,,False,False,ewma,True,243,False,,,1.3424609412996582e-05,0.5610038272254635,41789.21039463142,True,False,0.0,1.3424609412964411e-05,5.610038272254639e-07,1e-06,symmetrized,252,18,60.0,CLARABEL,optimal,True,0.5610038272254635,3.1098325185552333e-06,False,20,0,False,2.35,bond=0.70000000;cash=0.30000000;commodity_gold=0.40000000;defensive=0.25000000;equity=0.70000000,252,252,,,False,not_requested,True,0.0014833673565367508,0.05707729263614644,,0.0720981881672691,0.3504787815287399,5.943523451179544e-11,0.2819768024826567,0.3000000000594352,0.13522074376219015,0.026868985709092994,0.25593346798662486,0.008634675082733639,,,2018-10-25,"[""5年国债ETF"", ""10年国债ETF"", ""日利ETF"", ""沪深300ETF"", ""中证500ETF"", ""中证1000ETF"", ""创业板ETF"", ""红利ETF"", ""证券ETF"", ""军工ETF"", ""消费ETF"", ""恒生ETF"", ""白银LOF"", ""纳指ETF"", ""标普500ETF"", ""欧洲ETF"", ""黄金ETF"", ""原油ETF""]",0.0
2018-11-02,candidate_03,CLARABEL,optimal,0.03213392433880051,,False,False,ewma,True,243,False,,,1.2881358784579482e-05,0.555099611341243,43093.24975916075,True,False,0.0,1.2881358784527693e-05,5.550996113412431e-07,1e-06,symmetrized,252,18,60.0,CLARABEL,optimal,True,0.555099611341243,8.56152814152078e-06,False,20,0,False,2.35,bond=0.70000000;cash=0.30000000;commodity_gold=0.40000000;defensive=0.25000000;equity=0.70000000,252,252,,,False,not_requested,True,0.0008220272944729819,0.05663441446384634,,0.07277210732694285,0.3584256530145281,1.1455725257292215e-10,0.2826517633099197,0.30000000011455724,0.1331805116576212,0.026813533288689045,0.2573541916292129,0.008646366667792834,,,2018-11-01,"[""5年国债ETF"", ""10年国债ETF"", ""日利ETF"", ""沪深300ETF"", ""中证500ETF"", ""中证1000ETF"", ""创业板ETF"", ""红利ETF"", ""证券ETF"", ""军工ETF"", ""消费ETF"", ""恒生ETF"", ""白银LOF"", ""纳指ETF"", ""标普500ETF"", ""欧洲ETF"", ""黄金ETF"", ""原油ETF""]",0.0
2018-11-09,candidate_03,CLARABEL,optimal,0.03346901529566393,,False,False,ewma,True,243,False,,,1.2572538042860968e-05,0.5635278880973535,44822.12630228152,True,False,0.0,1.2572538042806385e-05,5.635278880973536e-07,1e-06,symmetrized,252,18,60.0,CLARABEL,optimal,True,0.5635278880973535,5.641604779588194e-06,False,20,0,False,2.35,bond=0.70000000;cash=0.30000000;commodity_gold=0.40000000;defensive=0.25000000;equity=0.70000000,252,252,,,False,not_requested,True,0.005020102206217958,0.058236000292508104,,0.07316325297496004,0.3653333120364489,1.581117459181769e-10,0.27861322147666917,0.30000000015811173,0.13372411968600942,0.02687986953812236,0.2607827891410873,0.008781999391865055,,,2018-11-08,"[""5年国债ETF"", ""10年国债ETF"", ""日利ETF"", ""沪深300ETF"", ""中证500ETF"", ""中证1000ETF"", ""创业板ETF"", ""红利ETF"", ""证券ETF"", ""军工ETF"", ""消费ETF"", ""恒生ETF"", ""白银LOF"", ""纳指ETF"", ""标普500ETF"", ""欧洲ETF"", ""黄金ETF"", ""原油ETF""]",0.0
2018-11-16,candidate_03,CLARABEL,optimal,0.03856028831827248,,False,False,ewma,True,243,False,,,1.209384989524971e-05,0.5547261546544338,45868.45044871296,True,False,0.0,1.2093849895222886e-05,5.547261546544346e-07,1e-06,symmetrized,252,18,60.0,CLARABEL,optimal,True,0.5547261546544338,5.125756416160532e-06,False,20,0,False,2.35,bond=0.70000000;cash=0.30000000;commodity_gold=0.40000000;defensive=0.25000000;equity=0.70000000,252,252,,,False,not_requested,True,0.0009609031896830583,0.05779407230587557,,0.07242565694508189,0.3926361266288262,5.244532585990669e-11,0.28058461252496103,0.3000000000524453,0.1301150273808694,0.026923974794202395,0.26237638524752194,0.008780249504146529,,,2018-11-15,"[""5年国债ETF"", ""10年国债ETF"", ""日利ETF"", ""沪深300ETF"", ""中证500ETF"", ""中证1000ETF"", ""创业板ETF"", ""红利ETF"", ""证券ETF"", ""军工ETF"", ""消费ETF"", ""恒生ETF"", ""白银LOF"", ""纳指ETF"", ""标普500ETF"", ""欧洲ETF"", ""黄金ETF"", ""原油ETF""]",0.0
2018-11-23,candidate_03,CLARABEL,optimal,0.040968215157727805,,False,False,ewma,True,243,False,,,1.1510801356201653e-05,0.5420384815671406,47089.55222088926,True,False,0.0,1.1510801356314551e-05,5.420384815671402e-07,1e-06,symmetrized,252,18,60.0,CLARABEL,optimal,True,0.5420384815671406,3.4167041666685605e-06,False,20,0,False,2.35,bond=0.70000000;cash=0.30000000;commodity_gold=0.40000000;defensive=0.25000000;equity=0.70000000,252,252,,,False,not_requested,True,0.003455719144549817,0.05722297244209993,,0.0731417788677617,0.4044653955981572,1.474147470759135e-10,0.2817841344669795,0.30000000014741474,0.1301337605984204,0.026809875134544407,0.261272229652641,0.008850681226937619,,,2018-11-22,"[""5年国债ETF"", ""10年国债ETF"", ""日利ETF"", ""沪深300ETF"", ""中证500ETF"", ""中证1000ETF"", ""创业板ETF"", ""红利ETF"", ""证券ETF"", ""军工ETF"", ""消费ETF"", ""恒生ETF"", ""白银LOF"", ""纳指ETF"", ""标普500ETF"", ""欧洲ETF"", ""黄金ETF"", ""原油ETF""]",0.0
2018-11-30,candidate_03,CLARABEL,optimal,0.04729474022130212,,False,False,ewma,True,243,False,,,1.1475805377138018e-05,0.545879826490268,47567.88813949078,True,False,0.0,1.1475805377126088e-05,5.458798264902679e-07,1e-06,symmetrized,252,18,60.0,CLARABEL,optimal,True,0.545879826490268,3.6769255256224875e-06,False,20,0,False,2.35,bond=0.70000000;cash=0.30000000;commodity_gold=0.40000000;defensive=0.25000000;equity=0.70000000,252,252,,,False,not_requested,True,0.021457502736633743,0.05890091766041672,,0.07503949250913716,0.4329395011580648,7.721915884495445e-10,0.27159731680921606,0.3000000007721916,0.12947657717183367,0.026369658169097795,0.27255644707766064,0.009264599506450024,,,2018-11-29,"[""5年国债ETF"", ""10年国债ETF"", ""日利ETF"", ""沪深300ETF"", ""中证500ETF"", ""中证1000ETF"", ""创业板ETF"", ""红利ETF"", ""证券ETF"", ""军工ETF"", ""消费ETF"", ""恒生ETF"", ""白银LOF"", ""纳指ETF"", ""标普500ETF"", ""欧洲ETF"", ""黄金ETF"", ""原油ETF""]",0.0
2018-12-07,candidate_03,CLARABEL,optimal,0.04751975269480523,,False,False,ewma,True,243,False,,,1.089823190322864e-05,0.5577251281696336,51175.74420529678,True,False,0.0,1.0898231903251376e-05,5.577251281696331e-07,1e-06,symmetrized,252,18,60.0,CLARABEL,optimal,True,0.5577251281696336,4.504940939092927e-06,False,20,0,False,2.35,bond=0.70000000;cash=0.30000000;commodity_gold=0.40000000;defensive=0.25000000;equity=0.70000000,252,252,,,False,not_requested,True,0.0033528220694548343,0.060415080447064284,,0.07749469664335358,0.43566817835042904,0.0,0.2712082579884344,0.2999999999759531,0.12957219343254267,0.02670329833650956,0.27251625026656046,0.009301596630977864,,,2018-12-06,"[""5年国债ETF"", ""10年国债ETF"", ""日利ETF"", ""沪深300ETF"", ""中证500ETF"", ""中证1000ETF"", ""创业板ETF"", ""红利ETF"", ""证券ETF"", ""军工ETF"", ""消费ETF"", ""恒生ETF"", ""白银LOF"", ""纳指ETF"", ""标普500ETF"", ""欧洲ETF"", ""黄金ETF"", ""原油ETF""]",0.0
2018-12-14,candidate_03,CLARABEL,optimal,0.04660082086703649,,False,False,ewma,True,243,False,,,1.0863864444020349e-05,0.5363426492837731,49369.4165687961,True,False,0.0,1.0863864443942254e-05,5.36342649283773e-07,1e-06,symmetrized,252,18,60.0,CLARABEL,optimal,True,0.5363426492837731,5.820347369317469e-06,False,20,0,False,2.35,bond=0.70000000;cash=0.30000000;commodity_gold=0.40000000;defensive=0.25000000;equity=0.70000000,252,252,,,False,not_requested,True,4.8029540520973246e-05,0.05908879489471258,,0.0795663200226007,0.4317399488922185,1.2719270081618106e-11,0.2713883290034033,0.30000000001271926,0.1278325973794487,0.027120845103811093,0.2736582285006178,0.009295528163553743,,,2018-12-13,"[""5年国债ETF"", ""10年国债ETF"", ""日利ETF"", ""沪深300ETF"", ""中证500ETF"", ""中证1000ETF"", ""创业板ETF"", ""红利ETF"", ""证券ETF"", ""军工ETF"", ""消费ETF"", ""恒生ETF"", ""白银LOF"", ""纳指ETF"", ""标普500ETF"", ""欧洲ETF"", ""黄金ETF"", ""原油ETF""]",0.0
2018-12-21,candidate_03,CLARABEL,optimal,0.04914359696422785,,False,False,ewma,True,243,False,,,1.0491769134465954e-05,0.5239902542819077,49942.98364425263,True,False,0.0,1.0491769134414258e-05,5.23990254281908e-07,1e-06,symmetrized,252,18,60.0,CLARABEL,optimal,True,0.5239902542819077,2.812094939325105e-06,False,20,0,False,2.35,bond=0.70000000;cash=0.30000000;commodity_gold=0.40000000;defensive=0.25000000;equity=0.70000000,252,252,,,False,not_requested,True,0.017926707938781032,0.058883416560199894,,0.08021664761610295,0.44172246849382973,0.0,0.2719431430244182,0.29999999991269605,0.1266284757635146,0.027073912278460444,0.27435446902091076,0.009305217937041827,,,2018-12-20,"[""5年国债ETF"", ""10年国债ETF"", ""日利ETF"", ""沪深300ETF"", ""中证500ETF"", ""中证1000ETF"", ""创业板ETF"", ""红利ETF"", ""证券ETF"", ""军工ETF"", ""消费ETF"", ""恒生ETF"", ""白银LOF"", ""纳指ETF"", ""标普500ETF"", ""欧洲ETF"", ""黄金ETF"", ""原油ETF""]",0.0
2018-12-28,candidate_03,CLARABEL,optimal,0.04680594686581053,,False,False,ewma,True,243,False,,,1.0276742203736275e-05,0.5026607140926723,48912.45728728331,True,False,0.0,1.027674220366335e-05,5.026607140926722e-07,1e-06,symmetrized,252,18,60.0,CLARABEL,optimal,True,0.5026607140926723,3.0840415996546966e-06,False,20,0,False,2.35,bond=0.70000000;cash=0.30000000;commodity_gold=0.40000000;defensive=0.25000000;equity=0.70000000,252,252,,,False,not_requested,True,0.007162831998380095,0.05763028797782409,,0.0840991258537747,0.4320210243784136,1.1102230246251565e-16,0.2719388904036895,0.2999999998668994,0.12997156593152598,0.026944711613768667,0.27114483218411634,0.009159087506190766,,,2018-12-27,"[""5年国债ETF"", ""10年国债ETF"", ""日利ETF"", ""沪深300ETF"", ""中证500ETF"", ""中证1000ETF"", ""创业板ETF"", ""红利ETF"", ""证券ETF"", ""军工ETF"", ""消费ETF"", ""恒生ETF"", ""白银LOF"", ""纳指ETF"", ""标普500ETF"", ""欧洲ETF"", ""黄金ETF"", ""原油ETF""]",0.0
2019-01-04,candidate_03,CLARABEL,optimal,0.03862901728649106,,False,False,ewma,True,243,False,,,1.0720070430870743e-05,0.4887673051153214,45593.665477029994,True,False,0.0,1.0720070430858991e-05,4.887673051153216e-07,1e-06,symmetrized,252,18,60.0,CLARABEL,optimal,True,0.4887673051153214,3.6993429117296306e-06,False,20,0,False,2.35,bond=0.70000000;cash=0.30000000;commodity_gold=0.40000000;defensive=0.25000000;equity=0.70000000,252,252,,,False,not_requested,True,0.0033301534128087652,0.05701336774716866,,0.08164659222500475,0.3927412133821,1.2622785039440032e-09,0.2705640484173154,0.3000000012622785,0.1341822398565452,0.026387044547806056,0.2688666659160548,0.009096321449994057,,,2019-01-03,"[""5年国债ETF"", ""10年国债ETF"", ""日利ETF"", ""沪深300ETF"", ""中证500ETF"", ""中证1000ETF"", ""创业板ETF"", ""红利ETF"", ""证券ETF"", ""军工ETF"", ""消费ETF"", ""恒生ETF"", ""白银LOF"", ""纳指ETF"", ""标普500ETF"", ""欧洲ETF"", ""黄金ETF"", ""原油ETF""]",0.0
2019-01-11,candidate_03,CLARABEL,optimal,0.029332633576103218,,False,False,ewma,True,243,False,,,1.4065046051931374e-05,0.49717795383301355,35348.476784030325,True,False,0.0,1.4065046051890987e-05,4.971779538330135e-07,1e-06,symmetrized,252,18,60.0,CLARABEL,optimal,True,0.49717795383301355,4.373573870834757e-06,False,20,0,False,2.35,bond=0.70000000;cash=0.30000000;commodity_gold=0.40000000;defensive=0.25000000;equity=0.70000000,252,252,,,False,not_requested,True,0.011557847343250187,0.059312710955410894,,0.08587821965661602,0.3411627721486342,1.6225666921165782e-09,0.2615655714714388,0.3000000016225667,0.13652515666872883,0.02673101921074364,0.2751782510265221,0.009388280403883169,,,2019-01-10,"[""5年国债ETF"", ""10年国债ETF"", ""日利ETF"", ""沪深300ETF"", ""中证500ETF"", ""中证1000ETF"", ""创业板ETF"", ""红利ETF"", ""证券ETF"", ""军工ETF"", ""消费ETF"", ""恒生ETF"", ""白银LOF"", ""纳指ETF"", ""标普500ETF"", ""欧洲ETF"", ""黄金ETF"", ""原油ETF""]",0.0
2019-01-18,candidate_03,CLARABEL,optimal,0.03237606353280673,,False,False,ewma,True,243,False,,,1.2173106642997395e-05,0.4867045872999085,39981.953791548054,True,False,0.0,1.2173106642927123e-05,4.867045872999084e-07,1e-06,symmetrized,252,18,60.0,CLARABEL,optimal,True,0.4867045872999085,4.596262709100074e-06,False,20,0,False,2.35,bond=0.70000000;cash=0.30000000;commodity_gold=0.40000000;defensive=0.25000000;equity=0.70000000,252,252,,,False,not_requested,True,0.005941208134776523,0.05904410250825,,0.08746168825091462,0.3591960857674859,1.0033907038575762e-10,0.2583266490761843,0.30000000010033906,0.1382278400187253,0.02693271198093959,0.27651279882381175,0.009430635270324493,,,2019-01-17,"[""5年国债ETF"", ""10年国债ETF"", ""日利ETF"", ""沪深300ETF"", ""中证500ETF"", ""中证1000ETF"", ""创业板ETF"", ""红利ETF"", ""证券ETF"", ""军工ETF"", ""消费ETF"", ""恒生ETF"", ""白银LOF"", ""纳指ETF"", ""标普500ETF"", ""欧洲ETF"", ""黄金ETF"", ""原油ETF""]",0.0
2019-01-25,candidate_03,CLARABEL,optimal,0.03268533861890363,,False,False,ewma,True,243,False,,,1.1417944780067136e-05,0.47465382243839244,41570.863371753105,True,False,0.0,1.1417944780057713e-05,4.7465382243839214e-07,1e-06,symmetrized,252,18,60.0,CLARABEL,optimal,True,0.47465382243839244,3.7435765926630005e-06,False,20,0,False,2.35,bond=0.70000000;cash=0.30000000;commodity_gold=0.40000000;defensive=0.25000000;equity=0.70000000,252,252,,,False,not_requested,True,0.0011864799928735289,0.05884210395721768,,0.08724437457615987,0.36144849190471556,8.004691354202009e-11,0.2566571911215136,0.3000000000800469,0.13654938979470052,0.02718433407052271,0.27960908493321623,0.009505848350172026,,,2019-01-24,"[""5年国债ETF"", ""10年国债ETF"", ""日利ETF"", ""沪深300ETF"", ""中证500ETF"", ""中证1000ETF"", ""创业板ETF"", ""红利ETF"", ""证券ETF"", ""军工ETF"", ""消费ETF"", ""恒生ETF"", ""白银LOF"", ""纳指ETF"", ""标普500ETF"", ""欧洲ETF"", ""黄金ETF"", ""原油ETF""]",0.0
2019-02-01,candidate_03,CLARABEL,optimal,0.033241599826829636,,False,False,ewma,True,243,False,,,1.1151346622923088e-05,0.45121660721727896,40462.970300801404,True,False,0.0,1.1151346622910744e-05,4.5121660721727916e-07,1e-06,symmetrized,252,18,60.0,CLARABEL,optimal,True,0.45121660721727896,3.692245850832332e-06,False,20,0,False,2.35,bond=0.70000000;cash=0.30000000;commodity_gold=0.40000000;defensive=0.25000000;equity=0.70000000,252,252,,,False,not_requested,True,0.00118020119391052,0.05724499566048094,,0.0878256620568024,0.3645141519480046,6.005163033506733e-11,0.25577234386075176,0.3000000000600516,0.1386140391816059,0.027400567843932192,0.2782130490536586,0.009469810710298428,,,2019-01-31,"[""5年国债ETF"", ""10年国债ETF"", ""日利ETF"", ""沪深300ETF"", ""中证500ETF"", ""中证1000ETF"", ""创业板ETF"", ""红利ETF"", ""证券ETF"", ""军工ETF"", ""消费ETF"", ""恒生ETF"", ""白银LOF"", ""纳指ETF"", ""标普500ETF"", ""欧洲ETF"", ""黄金ETF"", ""原油ETF""]",0.0
2019-02-15,candidate_03,CLARABEL,optimal,0.026796495908875728,,False,False,ewma,True,243,False,,,1.239821130287859e-05,0.4596520567397192,37074.06217806581,True,False,0.0,1.2398211302845844e-05,4.596520567397192e-07,1e-06,symmetrized,252,18,60.0,CLARABEL,optimal,True,0.4596520567397192,3.890723435512333e-06,False,20,0,False,2.35,bond=0.70000000;cash=0.30000000;commodity_gold=0.40000000;defensive=0.25000000;equity=0.70000000,252,252,,,False,not_requested,True,0.008617502019662989,0.059102606514394765,,0.08573943962692514,0.32632229845891314,3.4287239714103634e-11,0.24806355245957307,0.30000000003428723,0.13556280319784403,0.027937584212908116,0.2884360600953876,0.00978362870154642,,,2019-02-14,"[""5年国债ETF"", ""10年国债ETF"", ""日利ETF"", ""沪深300ETF"", ""中证500ETF"", ""中证1000ETF"", ""创业板ETF"", ""红利ETF"", ""证券ETF"", ""军工ETF"", ""消费ETF"", ""恒生ETF"", ""白银LOF"", ""纳指ETF"", ""标普500ETF"", ""欧洲ETF"", ""黄金ETF"", ""原油ETF""]",0.0
2019-02-22,candidate_03,CLARABEL,optimal,0.027280722508433358,,False,False,ewma,True,243,False,,,1.1760092550423769e-05,0.4758033591876931,40459.15090783429,True,False,0.0,1.176009255044745e-05,4.758033591876932e-07,1e-06,symmetrized,252,18,60.0,CLARABEL,optimal,True,0.4758033591876931,4.368416599863367e-06,False,20,0,False,2.35,bond=0.70000000;cash=0.30000000;commodity_gold=0.40000000;defensive=0.25000000;equity=0.70000000,252,252,,,False,not_requested,True,0.0038430110640203206,0.060558444948308525,,0.08302267377481302,0.32986487769288947,2.841130664066327e-10,0.2441491716146156,0.30000000028411306,0.1368544994306567,0.027765011579777715,0.29123131709083716,0.009896397671768484,,,2019-02-21,"[""5年国债ETF"", ""10年国债ETF"", ""日利ETF"", ""沪深300ETF"", ""中证500ETF"", ""中证1000ETF"", ""创业板ETF"", ""红利ETF"", ""证券ETF"", ""军工ETF"", ""消费ETF"", ""恒生ETF"", ""白银LOF"", ""纳指ETF"", ""标普500ETF"", ""欧洲ETF"", ""黄金ETF"", ""原油ETF""]",0.0
2019-03-01,candidate_03,CLARABEL,optimal,0.033373606150384615,,False,False,ewma,True,243,False,,,1.2421832187698298e-05,0.5622242785477477,45260.97841705951,True,False,0.0,1.2421832187564722e-05,5.622242785477474e-07,1e-06,symmetrized,252,18,60.0,CLARABEL,optimal,True,0.5622242785477477,6.844732000715892e-06,False,20,0,False,2.35,bond=0.70000000;cash=0.30000000;commodity_gold=0.40000000;defensive=0.25000000;equity=0.70000000,252,252,,,False,not_requested,True,0.004922672098007955,0.0644701363546473,,0.0823345578562336,0.36482146815556254,1.301268148790058e-09,0.23854228479106937,0.30000000130126814,0.13304968206226442,0.028823954648457124,0.299584077196941,0.009381731037346982,,,2019-02-28,"[""5年国债ETF"", ""10年国债ETF"", ""日利ETF"", ""沪深300ETF"", ""中证500ETF"", ""中证1000ETF"", ""创业板ETF"", ""红利ETF"", ""证券ETF"", ""军工ETF"", ""消费ETF"", ""恒生ETF"", ""白银LOF"", ""纳指ETF"", ""标普500ETF"", ""欧洲ETF"", ""黄金ETF"", ""原油ETF""]",0.0
2019-03-08,candidate_03,CLARABEL,optimal,0.02996891572816814,,False,False,ewma,True,243,False,,,1.238839349415185e-05,0.5474310356057124,44189.025466791674,True,False,0.0,1.2388393494120984e-05,5.474310356057122e-07,1e-06,symmetrized,252,18,60.0,CLARABEL,optimal,True,0.5474310356057124,2.882105566662241e-06,False,20,0,False,2.35,bond=0.70000000;cash=0.30000000;commodity_gold=0.40000000;defensive=0.25000000;equity=0.70000000,252,252,,,False,not_requested,True,0.0057489925842137655,0.06525224597125784,,0.08244057212237454,0.34555584890844265,5.936814373441734e-10,0.23334545526901995,0.3000000005936814,0.12925262358017886,0.029590305179513554,0.30781161537760626,0.009143805882664072,,,2019-03-07,"[""5年国债ETF"", ""10年国债ETF"", ""日利ETF"", ""沪深300ETF"", ""中证500ETF"", ""中证1000ETF"", ""创业板ETF"", ""红利ETF"", ""证券ETF"", ""军工ETF"", ""消费ETF"", ""恒生ETF"", ""白银LOF"", ""纳指ETF"", ""标普500ETF"", ""欧洲ETF"", ""黄金ETF"", ""原油ETF""]",0.0
2019-03-15,candidate_03,CLARABEL,optimal,0.02965027462536542,,False,False,ewma,True,243,False,,,1.1825106827859109e-05,0.6039784530112124,51075.94052243843,True,False,0.0,1.18251068278302e-05,6.039784530112117e-07,1e-06,symmetrized,252,18,60.0,CLARABEL,optimal,True,0.6039784530112124,5.599384929153017e-06,False,20,0,False,2.35,bond=0.70000000;cash=0.30000000;commodity_gold=0.40000000;defensive=0.25000000;equity=0.70000000,252,252,,,False,not_requested,True,0.00266870805517452,0.06577317529339474,,0.08519272411591107,0.34407034078423293,2.8928637263447854e-11,0.23572460775922566,0.3000000000289286,0.1306525059481347,0.028632407550188144,0.3049904787135228,0.009203321317731016,,,2019-03-14,"[""5年国债ETF"", ""10年国债ETF"", ""日利ETF"", ""沪深300ETF"", ""中证500ETF"", ""中证1000ETF"", ""创业板ETF"", ""红利ETF"", ""证券ETF"", ""军工ETF"", ""消费ETF"", ""恒生ETF"", ""白银LOF"", ""纳指ETF"", ""标普500ETF"", ""欧洲ETF"", ""黄金ETF"", ""原油ETF""]",0.0
2019-03-22,candidate_03,CLARABEL,optimal,0.030506842085508412,,False,False,ewma,True,243,False,,,1.1236300925606735e-05,0.5911865490315422,52613.98328023325,True,False,0.0,1.1236300925684196e-05,5.911865490315421e-07,1e-06,symmetrized,252,18,60.0,CLARABEL,optimal,True,0.5911865490315422,4.329674558795071e-06,False,20,0,False,2.35,bond=0.70000000;cash=0.30000000;commodity_gold=0.40000000;defensive=0.25000000;equity=0.70000000,252,252,,,False,not_requested,True,0.00673237607361794,0.06652336695995968,,0.0847003292700651,0.34854081454667957,7.984013450368366e-11,0.2297726162185518,0.3000000000798401,0.13062950636365692,0.029431623355969997,0.3101662539819811,0.009411265074571561,,,2019-03-21,"[""5年国债ETF"", ""10年国债ETF"", ""日利ETF"", ""沪深300ETF"", ""中证500ETF"", ""中证1000ETF"", ""创业板ETF"", ""红利ETF"", ""证券ETF"", ""军工ETF"", ""消费ETF"", ""恒生ETF"", ""白银LOF"", ""纳指ETF"", ""标普500ETF"", ""欧洲ETF"", ""黄金ETF"", ""原油ETF""]",0.0
2019-03-29,candidate_03,CLARABEL,optimal,0.028962621367095133,,False,False,ewma,True,243,False,,,1.0851483944041636e-05,0.5840024664315027,53817.75151150349,True,False,0.0,1.0851483943881986e-05,5.840024664315024e-07,1e-06,symmetrized,252,18,60.0,CLARABEL,optimal,True,0.5840024664315027,5.078468786334778e-06,False,20,0,False,2.35,bond=0.70000000;cash=0.30000000;commodity_gold=0.40000000;defensive=0.25000000;equity=0.70000000,252,252,,,False,not_requested,True,0.0037873776238729097,0.06499295252767982,,0.08592831025309672,0.33991609318377686,9.43149225385298e-10,0.23404082109604685,0.3000000009431492,0.1311096572721358,0.029049740545537234,0.3057997801431308,0.009245224575296791,,,2019-03-28,"[""5年国债ETF"", ""10年国债ETF"", ""日利ETF"", ""沪深300ETF"", ""中证500ETF"", ""中证1000ETF"", ""创业板ETF"", ""红利ETF"", ""证券ETF"", ""军工ETF"", ""消费ETF"", ""恒生ETF"", ""白银LOF"", ""纳指ETF"", ""标普500ETF"", ""欧洲ETF"", ""黄金ETF"", ""原油ETF""]",0.0
2019-04-04,candidate_03,CLARABEL,optimal,0.028920070442085808,,False,False,ewma,True,243,False,,,1.0504797115656448e-05,0.6296884250950416,59942.94017887771,True,False,0.0,1.0504797115613743e-05,6.29688425095041e-07,1e-06,symmetrized,252,18,60.0,CLARABEL,optimal,True,0.6296884250950416,3.1474481611559746e-06,False,20,0,False,2.35,bond=0.70000000;cash=0.30000000;commodity_gold=0.40000000;defensive=0.25000000;equity=0.70000000,252,252,,,False,not_requested,True,0.011059148947969576,0.06870992728008524,,0.08987355101528,0.33879533478749096,5.200160302365475e-10,0.22827338420058982,0.300000000520016,0.12825161281416703,0.030122181310421253,0.313352821154806,0.009562030228630714,,,2019-04-03,"[""5年国债ETF"", ""10年国债ETF"", ""日利ETF"", ""沪深300ETF"", ""中证500ETF"", ""中证1000ETF"", ""创业板ETF"", ""红利ETF"", ""证券ETF"", ""军工ETF"", ""消费ETF"", ""恒生ETF"", ""白银LOF"", ""纳指ETF"", ""标普500ETF"", ""欧洲ETF"", ""黄金ETF"", ""原油ETF""]",0.0
2019-04-12,candidate_03,CLARABEL,optimal,0.0270980340337088,,False,False,ewma,True,243,False,,,1.0680137052069754e-05,0.6066307279344587,56799.90106652207,True,False,0.0,1.0680137052001171e-05,6.066307279344588e-07,1e-06,symmetrized,252,18,60.0,CLARABEL,optimal,True,0.6066307279344587,6.461603321600284e-06,False,20,0,False,2.35,bond=0.70000000;cash=0.30000000;commodity_gold=0.40000000;defensive=0.25000000;equity=0.70000000,252,252,,,False,not_requested,True,0.0021756211726379274,0.06616435679582852,,0.0906555649636731,0.3289612069767626,1.2527379134041894e-10,0.22940106569517063,0.3000000001252738,0.12982218415923835,0.030309599052537575,0.31046715096777966,0.00912571361923135,,,2019-04-11,"[""5年国债ETF"", ""10年国债ETF"", ""日利ETF"", ""沪深300ETF"", ""中证500ETF"", ""中证1000ETF"", ""创业板ETF"", ""红利ETF"", ""证券ETF"", ""军工ETF"", ""消费ETF"", ""恒生ETF"", ""白银LOF"", ""纳指ETF"", ""标普500ETF"", ""欧洲ETF"", ""黄金ETF"", ""原油ETF""]",0.0
2019-04-19,candidate_03,CLARABEL,optimal,0.030974971117231232,,False,False,ewma,True,243,False,,,1.018796308724704e-05,0.5844488425639827,57366.60385976238,True,False,0.0,1.01879630871494e-05,5.844488425639828e-07,1e-06,symmetrized,252,18,60.0,CLARABEL,optimal,True,0.5844488425639827,8.84217219006278e-06,False,20,0,False,2.35,bond=0.70000000;cash=0.30000000;commodity_gold=0.40000000;defensive=0.25000000;equity=0.70000000,252,252,,,False,not_requested,True,0.0003418668155573609,0.06554129887089695,,0.08760964433887322,0.35195471993354716,2.4023716349574897e-10,0.2286295348224125,0.30000000024023715,0.12771010602381358,0.030215863563207466,0.31344449535032937,0.009207234321143159,,,2019-04-18,"[""5年国债ETF"", ""10年国债ETF"", ""日利ETF"", ""沪深300ETF"", ""中证500ETF"", ""中证1000ETF"", ""创业板ETF"", ""红利ETF"", ""证券ETF"", ""军工ETF"", ""消费ETF"", ""恒生ETF"", ""白银LOF"", ""纳指ETF"", ""标普500ETF"", ""欧洲ETF"", ""黄金ETF"", ""原油ETF""]",0.0
2019-04-26,candidate_03,CLARABEL,optimal,0.03131113156161531,,False,False,ewma,True,243,False,,,9.715890554268424e-06,0.5851013276196525,60221.07025100272,True,False,0.0,9.715890554379663e-06,5.851013276196522e-07,1e-06,symmetrized,252,18,60.0,CLARABEL,optimal,True,0.5851013276196525,3.2421516465638844e-06,False,20,0,False,2.35,bond=0.70000000;cash=0.30000000;commodity_gold=0.40000000;defensive=0.25000000;equity=0.70000000,252,252,,,False,not_requested,True,0.003052852425750322,0.06367598771430873,,0.08847779237907628,0.3535486312086222,1.588169873389944e-09,0.23108002063921942,0.30000000158816986,0.12954926311459725,0.029091363706848648,0.3102793509511649,0.00908539900758351,,,2019-04-25,"[""5年国债ETF"", ""10年国债ETF"", ""日利ETF"", ""沪深300ETF"", ""中证500ETF"", ""中证1000ETF"", ""创业板ETF"", ""红利ETF"", ""证券ETF"", ""军工ETF"", ""消费ETF"", ""恒生ETF"", ""白银LOF"", ""纳指ETF"", ""标普500ETF"", ""欧洲ETF"", ""黄金ETF"", ""原油ETF""]",0.0
2019-04-30,candidate_03,CLARABEL,optimal,0.031160876566079073,,False,False,ewma,True,243,False,,,9.504357334269219e-06,0.5838877844605257,61433.6944545678,True,False,0.0,9.504357334369162e-06,5.838877844605254e-07,1e-06,symmetrized,252,18,60.0,CLARABEL,optimal,True,0.5838877844605257,6.337311969153991e-06,False,20,0,False,2.35,bond=0.70000000;cash=0.30000000;commodity_gold=0.40000000;defensive=0.25000000;equity=0.70000000,252,252,,,False,not_requested,True,0.003076509058266449,0.06258752078075984,,0.08830604654449994,0.35269490176182033,2.7478352926380012e-11,0.23365431260445613,0.30000000002747834,0.1286393330206903,0.028713761142796893,0.3089925932045783,0.008985958998362825,,,2019-04-29,"[""5年国债ETF"", ""10年国债ETF"", ""日利ETF"", ""沪深300ETF"", ""中证500ETF"", ""中证1000ETF"", ""创业板ETF"", ""红利ETF"", ""证券ETF"", ""军工ETF"", ""消费ETF"", ""恒生ETF"", ""白银LOF"", ""纳指ETF"", ""标普500ETF"", ""欧洲ETF"", ""黄金ETF"", ""原油ETF""]",0.0
2019-05-10,candidate_03,CLARABEL,optimal,0.031809445097423186,,False,False,ewma,True,243,False,,,9.347705977445652e-06,0.694161530499547,74260.09463438783,True,False,0.0,9.347705977464599e-06,6.941615304995466e-07,1e-06,symmetrized,252,18,60.0,CLARABEL,optimal,True,0.694161530499547,4.994018687004553e-06,False,20,0,False,2.35,bond=0.70000000;cash=0.30000000;commodity_gold=0.40000000;defensive=0.25000000;equity=0.70000000,252,252,,,False,not_requested,True,0.010520654735109592,0.0652432927938482,,0.09084058113422203,0.3555045755334267,1.82939741133481e-09,0.24416628601003476,0.3000000018293974,0.13056549712414137,0.02767878093765397,0.2975894340987727,0.00938950875208735,,,2019-05-09,"[""5年国债ETF"", ""10年国债ETF"", ""日利ETF"", ""沪深300ETF"", ""中证500ETF"", ""中证1000ETF"", ""创业板ETF"", ""红利ETF"", ""证券ETF"", ""军工ETF"", ""消费ETF"", ""恒生ETF"", ""白银LOF"", ""纳指ETF"", ""标普500ETF"", ""欧洲ETF"", ""黄金ETF"", ""原油ETF""]",0.0
2019-05-17,candidate_03,CLARABEL,optimal,0.03429947824490934,,False,False,ewma,True,243,False,,,8.813704878526926e-06,0.7071835187027065,80236.80489071483,True,False,0.0,8.813704878505418e-06,7.07183518702706e-07,1e-06,symmetrized,252,18,60.0,CLARABEL,optimal,True,0.7071835187027065,3.007468272572811e-06,False,20,0,False,2.35,bond=0.70000000;cash=0.30000000;commodity_gold=0.40000000;defensive=0.25000000;equity=0.70000000,252,252,,,False,not_requested,True,0.007476952555635418,0.06762630247025023,,0.09160621362445484,0.369581904903546,2.3928220516111764e-10,0.23780434519592936,0.3000000002392822,0.13085773834147205,0.027932436041130812,0.3034054801821856,0.009615154770152685,,,2019-05-16,"[""5年国债ETF"", ""10年国债ETF"", ""日利ETF"", ""沪深300ETF"", ""中证500ETF"", ""中证1000ETF"", ""创业板ETF"", ""红利ETF"", ""证券ETF"", ""军工ETF"", ""消费ETF"", ""恒生ETF"", ""白银LOF"", ""纳指ETF"", ""标普500ETF"", ""欧洲ETF"", ""黄金ETF"", ""原油ETF""]",0.0
2019-05-24,candidate_03,CLARABEL,optimal,0.03325302404129174,,False,False,ewma,True,243,False,,,8.57556813002502e-06,0.6981279862348462,81408.9487308183,True,False,0.0,8.575568130079962e-06,6.981279862348461e-07,1e-06,symmetrized,252,18,60.0,CLARABEL,optimal,True,0.6981279862348462,2.875646100325424e-06,False,20,0,False,2.35,bond=0.70000000;cash=0.30000000;commodity_gold=0.40000000;defensive=0.25000000;equity=0.70000000,252,252,,,False,not_requested,True,0.007554495600808314,0.06498241205114526,,0.09075550542742081,0.3638662819255973,2.6239982409137497e-10,0.24453586449947506,0.3000000002623998,0.1309889176808877,0.027523513261977217,0.2969517042952602,0.009368060010904504,,,2019-05-23,"[""5年国债ETF"", ""10年国债ETF"", ""日利ETF"", ""沪深300ETF"", ""中证500ETF"", ""中证1000ETF"", ""创业板ETF"", ""红利ETF"", ""证券ETF"", ""军工ETF"", ""消费ETF"", ""恒生ETF"", ""白银LOF"", ""纳指ETF"", ""标普500ETF"", ""欧洲ETF"", ""黄金ETF"", ""原油ETF""]",0.0
2019-05-31,candidate_03,CLARABEL,optimal,0.032789725818511035,,False,False,ewma,True,243,False,,,8.110472771241687e-06,0.6737452812436704,83071.02437143405,True,False,0.0,8.110472771292896e-06,6.737452812436694e-07,1e-06,symmetrized,252,18,60.0,CLARABEL,optimal,True,0.6737452812436704,4.245414685598303e-06,False,20,0,False,2.35,bond=0.70000000;cash=0.30000000;commodity_gold=0.40000000;defensive=0.25000000;equity=0.70000000,252,252,,,False,not_requested,True,0.00034630297810549215,0.06400163821882474,,0.09045614262063553,0.3621198468355772,1.5453652246755212e-09,0.24512851469632574,0.3000000015453652,0.12919130131252274,0.027842260781342,0.2978379216644444,0.009392644060412647,,,2019-05-30,"[""5年国债ETF"", ""10年国债ETF"", ""日利ETF"", ""沪深300ETF"", ""中证500ETF"", ""中证1000ETF"", ""创业板ETF"", ""红利ETF"", ""证券ETF"", ""军工ETF"", ""消费ETF"", ""恒生ETF"", ""白银LOF"", ""纳指ETF"", ""标普500ETF"", ""欧洲ETF"", ""黄金ETF"", ""原油ETF""]",0.0
2019-06-06,candidate_03,CLARABEL,optimal,0.03566981631033362,,False,False,ewma,True,243,False,,,7.872316806886704e-06,0.6482561911188076,82346.30376558435,True,False,0.0,7.872316806911002e-06,6.48256191118808e-07,1e-06,symmetrized,252,18,60.0,CLARABEL,optimal,True,0.6482561911188076,1.1557427006259058e-05,False,20,0,False,2.35,bond=0.70000000;cash=0.30000000;commodity_gold=0.40000000;defensive=0.25000000;equity=0.70000000,252,252,,,False,not_requested,True,0.0005986833543475643,0.0617727598076067,,0.0923077309328086,0.377664735119605,4.238148720858703e-11,0.24646274107796556,0.3000000000423815,0.13158522204472556,0.027695308786985555,0.2942567280479419,0.009237457406489746,,,2019-06-05,"[""5年国债ETF"", ""10年国债ETF"", ""日利ETF"", ""沪深300ETF"", ""中证500ETF"", ""中证1000ETF"", ""创业板ETF"", ""红利ETF"", ""证券ETF"", ""军工ETF"", ""消费ETF"", ""恒生ETF"", ""白银LOF"", ""纳指ETF"", ""标普500ETF"", ""欧洲ETF"", ""黄金ETF"", ""原油ETF""]",0.0
2019-06-14,candidate_03,CLARABEL,optimal,0.03599259862006144,,False,False,ewma,True,243,False,,,7.486328288123685e-06,0.6590513978003287,88033.99643131443,True,False,0.0,7.4863282881036835e-06,6.590513978003283e-07,1e-06,symmetrized,252,18,60.0,CLARABEL,optimal,True,0.6590513978003287,7.922858507945774e-06,False,20,0,False,2.35,bond=0.70000000;cash=0.30000000;commodity_gold=0.40000000;defensive=0.25000000;equity=0.70000000,252,252,,,False,not_requested,True,0.004026166674822584,0.06284648704834597,,0.09518502012709328,0.37900325822643033,2.0020961000177806e-09,0.2421586106030821,0.3000000020020961,0.1305617001897778,0.027800621773838723,0.29947906543120517,0.009371969328434752,,,2019-06-13,"[""5年国债ETF"", ""10年国债ETF"", ""日利ETF"", ""沪深300ETF"", ""中证500ETF"", ""中证1000ETF"", ""创业板ETF"", ""红利ETF"", ""证券ETF"", ""军工ETF"", ""消费ETF"", ""恒生ETF"", ""白银LOF"", ""纳指ETF"", ""标普500ETF"", ""欧洲ETF"", ""黄金ETF"", ""原油ETF""]",0.0
2019-06-21,candidate_03,CLARABEL,optimal,0.042422168423017166,,False,False,ewma,True,243,False,,,7.219536481198568e-06,0.649857476277204,90013.73952047908,True,False,0.0,7.219536481275259e-06,6.498574762772049e-07,1e-06,symmetrized,252,18,60.0,CLARABEL,optimal,True,0.649857476277204,3.922756533381033e-06,False,20,0,False,2.35,bond=0.70000000;cash=0.30000000;commodity_gold=0.40000000;defensive=0.25000000;equity=0.70000000,252,252,,,False,not_requested,True,0.007120348547026922,0.06395217980165636,,0.08885606827927607,0.41123047235102855,2.972250223720607e-11,0.23615101393460483,0.3000000000297225,0.1318108493627852,0.028007324875558848,0.3040308117973287,0.009512504498469618,,,2019-06-20,"[""5年国债ETF"", ""10年国债ETF"", ""日利ETF"", ""沪深300ETF"", ""中证500ETF"", ""中证1000ETF"", ""创业板ETF"", ""红利ETF"", ""证券ETF"", ""军工ETF"", ""消费ETF"", ""恒生ETF"", ""白银LOF"", ""纳指ETF"", ""标普500ETF"", ""欧洲ETF"", ""黄金ETF"", ""原油ETF""]",0.0
2019-06-28,candidate_03,CLARABEL,optimal,0.05557626611408367,,False,False,ewma,True,243,False,,,2.424422320470309e-06,0.6292777634855764,259557.8163805653,True,False,0.0,2.4244223206193485e-06,6.29277763485576e-07,1e-06,symmetrized,64,19,60.0,CLARABEL,optimal,True,0.6292777634855764,3.2474866857729046e-06,False,20,0,False,2.35,bond=0.70000000;cash=0.30000000;commodity_gold=0.40000000;defensive=0.25000000;equity=0.70000000,64,252,,,False,not_requested,True,0.0106721330985916,0.06143687374140323,,0.09778122095804197,0.4705725100860962,4.1730796596084474e-10,0.23461430820293472,0.30000000041730795,0.1327244900418921,0.028027281633873687,0.30463391970399145,0.008974159153782189,,,2019-06-27,"[""5年国债ETF"", ""10年国债ETF"", ""信用债ETF"", ""日利ETF"", ""沪深300ETF"", ""中证500ETF"", ""中证1000ETF"", ""创业板ETF"", ""红利ETF"", ""证券ETF"", ""军工ETF"", ""消费ETF"", ""恒生ETF"", ""白银LOF"", ""纳指ETF"", ""标普500ETF"", ""欧洲ETF"", ""黄金ETF"", ""原油ETF""]",0.0
2019-07-05,candidate_03,CLARABEL,optimal,0.06236317675784581,,False,False,ewma,True,243,False,,,2.4392609916168002e-06,0.6135815922961133,251544.0514175635,True,False,0.0,2.4392609916892893e-06,6.135815922961131e-07,1e-06,symmetrized,69,19,60.0,CLARABEL,optimal,True,0.6135815922961133,3.660106573238897e-06,False,20,0,False,2.35,bond=0.70000000;cash=0.30000000;commodity_gold=0.40000000;defensive=0.25000000;equity=0.70000000,69,252,,,False,not_requested,True,0.01657996049380316,0.061144180042161836,,0.10063566969173383,0.4981028149280838,2.96694835366651e-10,0.23244808213776505,0.3000000002966948,0.13206594993789278,0.028251812393268086,0.30723415523437925,0.008706171917968204,,,2019-07-04,"[""5年国债ETF"", ""10年国债ETF"", ""信用债ETF"", ""日利ETF"", ""沪深300ETF"", ""中证500ETF"", ""中证1000ETF"", ""创业板ETF"", ""红利ETF"", ""证券ETF"", ""军工ETF"", ""消费ETF"", ""恒生ETF"", ""白银LOF"", ""纳指ETF"", ""标普500ETF"", ""欧洲ETF"", ""黄金ETF"", ""原油ETF""]",0.0
2019-07-12,candidate_03,CLARABEL,optimal,0.06283600075929922,,False,False,ewma,True,243,False,,,2.536841815012058e-06,0.5829913136676078,229809.88022890844,True,False,0.0,2.5368418149483523e-06,5.829913136676078e-07,1e-06,symmetrized,74,19,60.0,CLARABEL,optimal,True,0.5829913136676078,4.0320461613813086e-06,False,20,0,False,2.35,bond=0.70000000;cash=0.30000000;commodity_gold=0.40000000;defensive=0.25000000;equity=0.70000000,74,252,,,False,not_requested,True,0.002482581913026558,0.06005957972998566,,0.09648537138835937,0.5011411152418639,2.690970224428213e-10,0.2344512427319253,0.300000000269097,0.1334105478616298,0.027620019679073637,0.3045181894582743,0.0089339969426973,,,2019-07-11,"[""5年国债ETF"", ""10年国债ETF"", ""信用债ETF"", ""日利ETF"", ""沪深300ETF"", ""中证500ETF"", ""中证1000ETF"", ""创业板ETF"", ""红利ETF"", ""证券ETF"", ""军工ETF"", ""消费ETF"", ""恒生ETF"", ""白银LOF"", ""纳指ETF"", ""标普500ETF"", ""欧洲ETF"", ""黄金ETF"", ""原油ETF""]",0.0
2019-07-19,candidate_03,CLARABEL,optimal,0.06469577252919462,,False,False,ewma,True,243,False,,,2.367267525132124e-06,0.5417380233977691,228845.2900428029,True,False,0.0,2.367267525154715e-06,5.417380233977691e-07,1e-06,symmetrized,79,19,60.0,CLARABEL,optimal,True,0.5417380233977691,3.4781765244490392e-06,False,20,0,False,2.35,bond=0.70000000;cash=0.30000000;commodity_gold=0.40000000;defensive=0.25000000;equity=0.70000000,79,252,,,False,not_requested,True,0.0005533230126738599,0.05749475437923647,,0.09486610327626717,0.5086631107994262,1.7958715625709942e-09,0.2349952850694575,0.30000000179587155,0.13360425506125673,0.027503001046655887,0.3038974570267586,0.008660510921775407,,,2019-07-18,"[""5年国债ETF"", ""10年国债ETF"", ""信用债ETF"", ""日利ETF"", ""沪深300ETF"", ""中证500ETF"", ""中证1000ETF"", ""创业板ETF"", ""红利ETF"", ""证券ETF"", ""军工ETF"", ""消费ETF"", ""恒生ETF"", ""白银LOF"", ""纳指ETF"", ""标普500ETF"", ""欧洲ETF"", ""黄金ETF"", ""原油ETF""]",0.0
2019-07-26,candidate_03,CLARABEL,optimal,0.06332214222137417,,False,False,ewma,True,243,False,,,2.2405580701768714e-06,0.5136281500685718,229241.16848621806,True,False,0.0,2.2405580702580112e-06,5.136281500685715e-07,1e-06,symmetrized,84,19,60.0,CLARABEL,optimal,True,0.5136281500685718,2.7613539729312575e-06,False,20,0,False,2.35,bond=0.70000000;cash=0.30000000;commodity_gold=0.40000000;defensive=0.25000000;equity=0.70000000,84,252,,,False,not_requested,True,0.003278914458463067,0.057296186882814154,,0.08682273506947465,0.5030132414077146,3.546968274648066e-11,0.23203502453460925,0.30000000003546967,0.133430845292713,0.027770397009909187,0.3067637331272989,0.008494238461582218,,,2019-07-25,"[""5年国债ETF"", ""10年国债ETF"", ""信用债ETF"", ""日利ETF"", ""沪深300ETF"", ""中证500ETF"", ""中证1000ETF"", ""创业板ETF"", ""红利ETF"", ""证券ETF"", ""军工ETF"", ""消费ETF"", ""恒生ETF"", ""白银LOF"", ""纳指ETF"", ""标普500ETF"", ""欧洲ETF"", ""黄金ETF"", ""原油ETF""]",0.0
2019-08-02,candidate_03,CLARABEL,optimal,0.06544108282309768,,False,False,ewma,True,243,False,,,2.185926243676406e-06,0.472847449750724,216314.4575982876,True,False,0.0,2.1859262436723702e-06,4.7284744975072415e-07,1e-06,symmetrized,89,19,60.0,CLARABEL,optimal,True,0.472847449750724,3.6696531221167006e-06,False,20,0,False,2.35,bond=0.70000000;cash=0.30000000;commodity_gold=0.40000000;defensive=0.25000000;equity=0.70000000,89,252,,,False,not_requested,True,0.003971128847701769,0.05558900762244991,,0.08608793661307629,0.5113138719318666,4.402002651282544e-10,0.2356865929762847,0.30000000044020025,0.1321033873984937,0.027870443084040627,0.3043395761009807,0.008229182914831417,,,2019-08-01,"[""5年国债ETF"", ""10年国债ETF"", ""信用债ETF"", ""日利ETF"", ""沪深300ETF"", ""中证500ETF"", ""中证1000ETF"", ""创业板ETF"", ""红利ETF"", ""证券ETF"", ""军工ETF"", ""消费ETF"", ""恒生ETF"", ""白银LOF"", ""纳指ETF"", ""标普500ETF"", ""欧洲ETF"", ""黄金ETF"", ""原油ETF""]",0.0
2019-08-09,candidate_03,CLARABEL,optimal,0.07042872800099859,,False,False,ewma,True,243,False,,,2.134140187580656e-06,0.4687846453419716,219659.72435644164,True,False,0.0,2.1341401875759873e-06,4.6878464534197167e-07,1e-06,symmetrized,94,19,60.0,CLARABEL,optimal,True,0.4687846453419716,3.3884376203427435e-06,False,20,0,False,2.35,bond=0.70000000;cash=0.30000000;commodity_gold=0.40000000;defensive=0.25000000;equity=0.70000000,94,252,,,False,not_requested,True,0.0009218592942147,0.053648068477850884,,0.08559843286409898,0.5306977077671272,5.3194504356923744e-11,0.2376927622621789,0.3000000000531945,0.13971094789187605,0.02675990903025594,0.29583638076249463,0.007846163735064398,,,2019-08-08,"[""5年国债ETF"", ""10年国债ETF"", ""信用债ETF"", ""日利ETF"", ""沪深300ETF"", ""中证500ETF"", ""中证1000ETF"", ""创业板ETF"", ""红利ETF"", ""证券ETF"", ""军工ETF"", ""消费ETF"", ""恒生ETF"", ""白银LOF"", ""纳指ETF"", ""标普500ETF"", ""欧洲ETF"", ""黄金ETF"", ""原油ETF""]",0.0
2019-08-16,candidate_03,CLARABEL,optimal,0.07009063937775395,,False,False,ewma,True,243,False,,,2.0015701544395825e-06,0.4497609896781497,224704.0847809193,True,False,0.0,2.0015701543760623e-06,4.4976098967814915e-07,1e-06,symmetrized,99,19,60.0,CLARABEL,optimal,True,0.4497609896781497,4.5917532683348306e-06,False,20,0,False,2.35,bond=0.70000000;cash=0.30000000;commodity_gold=0.40000000;defensive=0.25000000;equity=0.70000000,99,252,,,False,not_requested,True,0.00040218831621482987,0.05191400912237855,,0.08792922206656537,0.5294618964757893,3.8646397193531357e-10,0.23807478296101833,0.30000000038646396,0.1396991643786654,0.027081742572092154,0.2951443097017602,0.007703020041186045,,,2019-08-15,"[""5年国债ETF"", ""10年国债ETF"", ""信用债ETF"", ""日利ETF"", ""沪深300ETF"", ""中证500ETF"", ""中证1000ETF"", ""创业板ETF"", ""红利ETF"", ""证券ETF"", ""军工ETF"", ""消费ETF"", ""恒生ETF"", ""白银LOF"", ""纳指ETF"", ""标普500ETF"", ""欧洲ETF"", ""黄金ETF"", ""原油ETF""]",0.0
2019-08-23,candidate_03,CLARABEL,optimal,0.07089757030767091,,False,False,ewma,True,243,False,,,1.9117930131241374e-06,0.45866748227956033,239914.82295985246,True,False,0.0,1.9117930131534117e-06,4.586674822795605e-07,1e-06,symmetrized,104,19,60.0,CLARABEL,optimal,True,0.45866748227956033,2.30094579803386e-06,False,20,0,False,2.35,bond=0.70000000;cash=0.30000000;commodity_gold=0.40000000;defensive=0.25000000;equity=0.70000000,104,252,,,False,not_requested,True,0.00520102420305223,0.052934817281734416,,0.08693333524161592,0.5321352817333161,1.526820891939451e-10,0.23383739242973586,0.3000000001526821,0.13725209192364138,0.02724997872117338,0.3016605367727674,0.007741239879370657,,,2019-08-22,"[""5年国债ETF"", ""10年国债ETF"", ""信用债ETF"", ""日利ETF"", ""沪深300ETF"", ""中证500ETF"", ""中证1000ETF"", ""创业板ETF"", ""红利ETF"", ""证券ETF"", ""军工ETF"", ""消费ETF"", ""恒生ETF"", ""白银LOF"", ""纳指ETF"", ""标普500ETF"", ""欧洲ETF"", ""黄金ETF"", ""原油ETF""]",0.0
2019-08-30,candidate_03,CLARABEL,optimal,0.07199741752703917,,False,False,ewma,True,243,False,,,1.882174906451168e-06,0.43989463010241214,233716.12733474988,True,False,0.0,1.8821749064310023e-06,4.398946301024119e-07,1e-06,symmetrized,109,19,60.0,CLARABEL,optimal,True,0.43989463010241214,5.346003032147273e-06,False,20,0,False,2.35,bond=0.70000000;cash=0.30000000;commodity_gold=0.40000000;defensive=0.25000000;equity=0.70000000,109,252,,,False,not_requested,True,0.003852707207615578,0.05147312667076323,,0.08844045047547404,0.5363551344798505,7.003315705134128e-10,0.2324023989760903,0.30000000070033156,0.14079412361860752,0.02710240110049294,0.2997010756044776,0.007557543772696069,,,2019-08-29,"[""5年国债ETF"", ""10年国债ETF"", ""信用债ETF"", ""日利ETF"", ""沪深300ETF"", ""中证500ETF"", ""中证1000ETF"", ""创业板ETF"", ""红利ETF"", ""证券ETF"", ""军工ETF"", ""消费ETF"", ""恒生ETF"", ""白银LOF"", ""纳指ETF"", ""标普500ETF"", ""欧洲ETF"", ""黄金ETF"", ""原油ETF""]",0.0
2019-09-06,candidate_03,CLARABEL,optimal,0.09895482444546795,,False,False,ewma,True,243,False,,,6.747295090891886e-07,0.36057300531206005,534396.3772961322,True,False,0.0,6.747295091026948e-07,3.6057300531206017e-07,1e-06,symmetrized,61,20,60.0,CLARABEL,optimal,True,0.36057300531206005,4.090584268034991e-06,False,20,0,False,2.35,bond=0.70000000;cash=0.30000000;commodity_gold=0.40000000;defensive=0.25000000;equity=0.70000000,61,252,,,False,not_requested,True,0.02426404251012346,0.04640369325838529,,0.08511491617726444,0.6275739458661828,1.1102230246251565e-16,0.2172549973234166,0.29999999997878685,0.1406370749872794,0.02758751741719919,0.31452041029331795,0.005937368894599525,,,2019-09-05,"[""5年国债ETF"", ""10年国债ETF"", ""信用债ETF"", ""日利ETF"", ""沪深300ETF"", ""中证500ETF"", ""中证1000ETF"", ""创业板ETF"", ""红利ETF"", ""半导体ETF"", ""证券ETF"", ""军工ETF"", ""消费ETF"", ""恒生ETF"", ""白银LOF"", ""纳指ETF"", ""标普500ETF"", ""欧洲ETF"", ""黄金ETF"", ""原油ETF""]",0.0
2019-09-12,candidate_03,CLARABEL,optimal,0.09807697875438717,,False,False,ewma,True,243,False,,,6.74267630410519e-07,0.3527266525193812,523125.59080528334,True,False,0.0,6.742676304379392e-07,3.527266525193811e-07,1e-06,symmetrized,65,20,60.0,CLARABEL,optimal,True,0.3527266525193812,4.825320603654704e-06,False,20,0,False,2.35,bond=0.70000000;cash=0.30000000;commodity_gold=0.40000000;defensive=0.25000000;equity=0.70000000,65,252,,,False,not_requested,True,0.000933134928139916,0.04623408910727152,,0.08402174865982182,0.6262843958309865,3.060318665148998e-11,0.21797567139831664,0.3000000000306032,0.13690265023923653,0.027724425363548567,0.3173972529682952,0.0058724808920274305,,,2019-09-11,"[""5年国债ETF"", ""10年国债ETF"", ""信用债ETF"", ""日利ETF"", ""沪深300ETF"", ""中证500ETF"", ""中证1000ETF"", ""创业板ETF"", ""红利ETF"", ""半导体ETF"", ""证券ETF"", ""军工ETF"", ""消费ETF"", ""恒生ETF"", ""白银LOF"", ""纳指ETF"", ""标普500ETF"", ""欧洲ETF"", ""黄金ETF"", ""原油ETF""]",0.0
2019-09-20,candidate_03,CLARABEL,optimal,0.09098646883080456,,False,False,ewma,True,243,False,,,7.279148016664494e-07,0.34496603914514434,473909.9113734155,True,False,0.0,7.279148016656292e-07,3.4496603914514426e-07,1e-06,symmetrized,61,21,60.0,CLARABEL,optimal,True,0.34496603914514434,3.59831678863054e-06,False,20,0,False,2.35,bond=0.70000000;cash=0.30000000;commodity_gold=0.40000000;defensive=0.25000000;equity=0.70000000,61,252,,,False,not_requested,True,0.001879102476805183,0.04417000132622154,,0.10009821284674637,0.6031527934131636,2.220446049250313e-16,0.21814573114142882,0.2999999999398809,0.13619428257492697,0.027764498644355214,0.3178954876994083,0.005936158036173092,,,2019-09-19,"[""5年国债ETF"", ""10年国债ETF"", ""信用债ETF"", ""日利ETF"", ""沪深300ETF"", ""中证500ETF"", ""中证1000ETF"", ""创业板ETF"", ""红利ETF"", ""半导体ETF"", ""证券ETF"", ""军工ETF"", ""消费ETF"", ""恒生ETF"", ""白银LOF"", ""纳指ETF"", ""标普500ETF"", ""日经225ETF"", ""欧洲ETF"", ""黄金ETF"", ""原油ETF""]",0.0
2019-09-27,candidate_03,CLARABEL,optimal,0.09239322357505801,,False,False,ewma,True,243,False,,,7.851758392656944e-07,0.3612234479407999,460054.2068113307,True,False,0.0,7.851758392241348e-07,3.6122344794079993e-07,1e-06,symmetrized,66,21,60.0,CLARABEL,optimal,True,0.3612234479407999,2.590214614989206e-06,False,20,0,False,2.35,bond=0.70000000;cash=0.30000000;commodity_gold=0.40000000;defensive=0.25000000;equity=0.70000000,66,252,,,False,not_requested,True,0.005987927891455504,0.04513837063310067,,0.09936734504532134,0.6075250402703138,3.567329764919691e-11,0.22005536866789654,0.3000000000356733,0.13752752117595363,0.027527201936793623,0.31488990818368306,0.0061359673980573865,,,2019-09-26,"[""5年国债ETF"", ""10年国债ETF"", ""信用债ETF"", ""日利ETF"", ""沪深300ETF"", ""中证500ETF"", ""中证1000ETF"", ""创业板ETF"", ""红利ETF"", ""半导体ETF"", ""证券ETF"", ""军工ETF"", ""消费ETF"", ""恒生ETF"", ""白银LOF"", ""纳指ETF"", ""标普500ETF"", ""日经225ETF"", ""欧洲ETF"", ""黄金ETF"", ""原油ETF""]",0.0
2019-09-30,candidate_03,CLARABEL,optimal,0.09217952746107635,,False,False,ewma,True,243,False,,,8.838649550719511e-07,0.355368410291165,402061.8854180458,True,False,0.0,8.838649550765443e-07,3.553684102911649e-07,1e-06,symmetrized,67,21,60.0,CLARABEL,optimal,True,0.355368410291165,4.937066851562477e-06,False,20,0,False,2.35,bond=0.70000000;cash=0.30000000;commodity_gold=0.40000000;defensive=0.25000000;equity=0.70000000,67,252,,,False,not_requested,True,0.0005724130721305567,0.044840289716342845,,0.09897164507268474,0.6071833577288236,1.2796402826253939e-10,0.22004666749962756,0.300000000127964,0.1358904421730729,0.027408193808970235,0.3166546963903655,0.006127784333503192,,,2019-09-27,"[""5年国债ETF"", ""10年国债ETF"", ""信用债ETF"", ""日利ETF"", ""沪深300ETF"", ""中证500ETF"", ""中证1000ETF"", ""创业板ETF"", ""红利ETF"", ""半导体ETF"", ""证券ETF"", ""军工ETF"", ""消费ETF"", ""恒生ETF"", ""白银LOF"", ""纳指ETF"", ""标普500ETF"", ""日经225ETF"", ""欧洲ETF"", ""黄金ETF"", ""原油ETF""]",0.0
2019-10-11,candidate_03,CLARABEL,optimal,0.06797073582423718,,False,False,ewma,True,243,False,,,1.9021325634709637e-06,0.3438672680594699,180779.86501213643,True,False,0.0,1.9021325634554655e-06,3.4386726805946977e-07,1e-06,symmetrized,71,21,60.0,CLARABEL,optimal,True,0.3438672680594699,2.713791111608188e-06,False,20,0,False,2.35,bond=0.70000000;cash=0.30000000;commodity_gold=0.40000000;defensive=0.25000000;equity=0.70000000,71,252,,,False,not_requested,True,0.0006909450240374475,0.04378296630507492,,0.0978448984623691,0.5213701550347861,6.950801045846333e-11,0.22096860108731142,0.300000000069508,0.13604697497741625,0.027678930103827187,0.31530549376193706,0.00605214183252605,,,2019-10-10,"[""5年国债ETF"", ""10年国债ETF"", ""信用债ETF"", ""日利ETF"", ""沪深300ETF"", ""中证500ETF"", ""中证1000ETF"", ""创业板ETF"", ""红利ETF"", ""半导体ETF"", ""证券ETF"", ""军工ETF"", ""消费ETF"", ""恒生ETF"", ""白银LOF"", ""纳指ETF"", ""标普500ETF"", ""日经225ETF"", ""欧洲ETF"", ""黄金ETF"", ""原油ETF""]",0.0
2019-10-18,candidate_03,CLARABEL,optimal,0.06721809200988807,,False,False,ewma,True,243,False,,,2.038895933728612e-06,0.3301225445844594,161912.40520096134,True,False,0.0,2.0388959337413114e-06,3.3012254458445947e-07,1e-06,symmetrized,76,21,60.0,CLARABEL,optimal,True,0.3301225445844594,4.853979682570286e-06,False,20,0,False,2.35,bond=0.70000000;cash=0.30000000;commodity_gold=0.40000000;defensive=0.25000000;equity=0.70000000,76,252,,,False,not_requested,True,0.001227461359475328,0.04229903725649852,,0.09450112389752222,0.518432925436997,1.398005267105873e-09,0.2202264116936045,0.30000000139800526,0.13294066077491717,0.027805224652547252,0.31902770148092585,0.005944541543363707,,,2019-10-17,"[""5年国债ETF"", ""10年国债ETF"", ""信用债ETF"", ""日利ETF"", ""沪深300ETF"", ""中证500ETF"", ""中证1000ETF"", ""创业板ETF"", ""红利ETF"", ""半导体ETF"", ""证券ETF"", ""军工ETF"", ""消费ETF"", ""恒生ETF"", ""白银LOF"", ""纳指ETF"", ""标普500ETF"", ""日经225ETF"", ""欧洲ETF"", ""黄金ETF"", ""原油ETF""]",0.0
2019-10-25,candidate_03,CLARABEL,optimal,0.06772264231971738,,False,False,ewma,True,243,False,,,2.2923671350841576e-06,0.3155627491111564,137658.03229401622,True,False,0.0,2.2923671350945363e-06,3.1556274911115663e-07,1e-06,symmetrized,81,21,60.0,CLARABEL,optimal,True,0.3155627491111564,4.406566439220383e-06,False,20,0,False,2.35,bond=0.70000000;cash=0.30000000;commodity_gold=0.40000000;defensive=0.25000000;equity=0.70000000,81,252,,,False,not_requested,True,0.0017356294061719327,0.04096387859682294,,0.0961954030764898,0.5203360800204886,1.0430217800561081e-10,0.22117074676331894,0.30000000010430217,0.13326267320192947,0.02767753600133502,0.3178890439291145,0.005836332522583467,,,2019-10-24,"[""5年国债ETF"", ""10年国债ETF"", ""信用债ETF"", ""日利ETF"", ""沪深300ETF"", ""中证500ETF"", ""中证1000ETF"", ""创业板ETF"", ""红利ETF"", ""半导体ETF"", ""证券ETF"", ""军工ETF"", ""消费ETF"", ""恒生ETF"", ""白银LOF"", ""纳指ETF"", ""标普500ETF"", ""日经225ETF"", ""欧洲ETF"", ""黄金ETF"", ""原油ETF""]",0.0
2019-11-01,candidate_03,CLARABEL,optimal,0.07115454569462723,,False,False,ewma,True,243,False,,,2.1279422100779677e-06,0.3093715520622657,145385.31666747207,True,False,0.0,2.1279422101793613e-06,3.093715520622657e-07,1e-06,symmetrized,86,21,60.0,CLARABEL,optimal,True,0.3093715520622657,2.4875272213176203e-06,False,20,0,False,2.35,bond=0.70000000;cash=0.30000000;commodity_gold=0.40000000;defensive=0.25000000;equity=0.70000000,86,252,,,False,not_requested,True,0.0012251649816734335,0.04117045919861251,,0.09725060360999686,0.5334029427946541,7.757851028245e-10,0.22000592496311558,0.3000000007757851,0.1324527041186292,0.02719389780276304,0.320347472339707,0.005780599657249604,,,2019-10-31,"[""5年国债ETF"", ""10年国债ETF"", ""信用债ETF"", ""日利ETF"", ""沪深300ETF"", ""中证500ETF"", ""中证1000ETF"", ""创业板ETF"", ""红利ETF"", ""半导体ETF"", ""证券ETF"", ""军工ETF"", ""消费ETF"", ""恒生ETF"", ""白银LOF"", ""纳指ETF"", ""标普500ETF"", ""日经225ETF"", ""欧洲ETF"", ""黄金ETF"", ""原油ETF""]",0.0
2019-11-08,candidate_03,CLARABEL,optimal,0.07390813038802459,,False,False,ewma,True,243,False,,,2.024858991121016e-06,0.29380051892375325,145096.77968296324,True,False,0.0,2.0248589911941885e-06,2.9380051892375335e-07,1e-06,symmetrized,91,21,60.0,CLARABEL,optimal,True,0.29380051892375325,7.790202517822531e-06,False,20,0,False,2.35,bond=0.70000000;cash=0.30000000;commodity_gold=0.40000000;defensive=0.25000000;equity=0.70000000,91,252,,,False,not_requested,True,0.002390129863849173,0.04167023177020933,,0.09078327392361966,0.5435424942055164,4.802259145897381e-10,0.21935906626570334,0.3000000004802259,0.12951168399880048,0.0274282930101746,0.3237009562450957,0.005737137892546758,,,2019-11-07,"[""5年国债ETF"", ""10年国债ETF"", ""信用债ETF"", ""日利ETF"", ""沪深300ETF"", ""中证500ETF"", ""中证1000ETF"", ""创业板ETF"", ""红利ETF"", ""半导体ETF"", ""证券ETF"", ""军工ETF"", ""消费ETF"", ""恒生ETF"", ""白银LOF"", ""纳指ETF"", ""标普500ETF"", ""日经225ETF"", ""欧洲ETF"", ""黄金ETF"", ""原油ETF""]",0.0
2019-11-15,candidate_03,CLARABEL,optimal,0.07558424270883833,,False,False,ewma,True,243,False,,,1.9430412639195815e-06,0.2896154861899344,149052.6689102373,True,False,0.0,1.9430412639071695e-06,2.896154861899343e-07,1e-06,symmetrized,96,21,60.0,CLARABEL,optimal,True,0.2896154861899344,2.573922531716455e-06,False,20,0,False,2.35,bond=0.70000000;cash=0.30000000;commodity_gold=0.40000000;defensive=0.25000000;equity=0.70000000,96,252,,,False,not_requested,True,0.004267666697568402,0.04152112502662402,,0.09472380199632566,0.5495365650250317,3.702271822447756e-10,0.22333624406271357,0.30000000037022717,0.1279112965590085,0.026910026508636314,0.3218424324994145,0.0056843732374692296,,,2019-11-14,"[""5年国债ETF"", ""10年国债ETF"", ""信用债ETF"", ""日利ETF"", ""沪深300ETF"", ""中证500ETF"", ""中证1000ETF"", ""创业板ETF"", ""红利ETF"", ""半导体ETF"", ""证券ETF"", ""军工ETF"", ""消费ETF"", ""恒生ETF"", ""白银LOF"", ""纳指ETF"", ""标普500ETF"", ""日经225ETF"", ""欧洲ETF"", ""黄金ETF"", ""原油ETF""]",0.0
2019-11-22,candidate_03,CLARABEL,optimal,0.07787500824297952,,False,False,ewma,True,243,False,,,1.8723613657704419e-06,0.28161387550068706,150405.72864245583,True,False,0.0,1.872361365777e-06,2.81613875500687e-07,1e-06,symmetrized,101,21,60.0,CLARABEL,optimal,True,0.28161387550068706,2.2839698280013865e-06,False,20,0,False,2.35,bond=0.70000000;cash=0.30000000;commodity_gold=0.40000000;defensive=0.25000000;equity=0.70000000,101,252,,,False,not_requested,True,0.0007622349887067888,0.04200752960831346,,0.09860799004506343,0.558066429281349,1.3097043449761259e-09,0.2233761618944307,0.30000000130970433,0.1275179051660123,0.026924645301333584,0.32218128632851917,0.005637579448855109,,,2019-11-21,"[""5年国债ETF"", ""10年国债ETF"", ""信用债ETF"", ""日利ETF"", ""沪深300ETF"", ""中证500ETF"", ""中证1000ETF"", ""创业板ETF"", ""红利ETF"", ""半导体ETF"", ""证券ETF"", ""军工ETF"", ""消费ETF"", ""恒生ETF"", ""白银LOF"", ""纳指ETF"", ""标普500ETF"", ""日经225ETF"", ""欧洲ETF"", ""黄金ETF"", ""原油ETF""]",0.0
2019-11-29,candidate_03,CLARABEL,optimal,0.07188757631164269,,False,False,ewma,True,243,False,,,2.2259372361023183e-06,0.2681456157858155,120464.1404244382,True,False,0.0,2.2259372361214816e-06,2.6814561578581555e-07,1e-06,symmetrized,106,21,60.0,CLARABEL,optimal,True,0.2681456157858155,2.031008772652304e-06,False,20,0,False,2.35,bond=0.70000000;cash=0.30000000;commodity_gold=0.40000000;defensive=0.25000000;equity=0.70000000,106,252,,,False,not_requested,True,3.930642528614508e-05,0.0404255872169721,,0.09916388471614719,0.5362341965641854,2.6489810345253773e-11,0.22323979456489138,0.3000000000264898,0.1263461172871919,0.02705123921680986,0.3233628489046171,0.005563890410100438,,,2019-11-28,"[""5年国债ETF"", ""10年国债ETF"", ""信用债ETF"", ""日利ETF"", ""沪深300ETF"", ""中证500ETF"", ""中证1000ETF"", ""创业板ETF"", ""红利ETF"", ""半导体ETF"", ""证券ETF"", ""军工ETF"", ""消费ETF"", ""恒生ETF"", ""白银LOF"", ""纳指ETF"", ""标普500ETF"", ""日经225ETF"", ""欧洲ETF"", ""黄金ETF"", ""原油ETF""]",0.0
2019-12-06,candidate_03,CLARABEL,optimal,0.07419307231146711,,False,False,ewma,True,243,False,,,2.267075784072994e-06,0.25472481999577246,112358.31717020845,True,False,0.0,2.2670757840985414e-06,2.547248199957722e-07,1e-06,symmetrized,111,21,60.0,CLARABEL,optimal,True,0.25472481999577246,3.449683433812134e-06,False,20,0,False,2.35,bond=0.70000000;cash=0.30000000;commodity_gold=0.40000000;defensive=0.25000000;equity=0.70000000,111,252,,,False,not_requested,True,0.0010206363439333142,0.04005566620264031,,0.10013200105092877,0.5446920355345221,1.0388938598282493e-09,0.22339628891188085,0.30000000103889385,0.12729335064463065,0.027034736286660515,0.3222756231179343,0.005557897551233024,,,2019-12-05,"[""5年国债ETF"", ""10年国债ETF"", ""信用债ETF"", ""日利ETF"", ""沪深300ETF"", ""中证500ETF"", ""中证1000ETF"", ""创业板ETF"", ""红利ETF"", ""半导体ETF"", ""证券ETF"", ""军工ETF"", ""消费ETF"", ""恒生ETF"", ""白银LOF"", ""纳指ETF"", ""标普500ETF"", ""日经225ETF"", ""欧洲ETF"", ""黄金ETF"", ""原油ETF""]",0.0
2019-12-13,candidate_03,CLARABEL,optimal,0.07314252319136051,,False,False,ewma,True,243,False,,,2.1594114251774473e-06,0.2408780625040196,111548.01706405981,True,False,0.0,2.1594114252372512e-06,2.4087806250401974e-07,1e-06,symmetrized,116,21,60.0,CLARABEL,optimal,True,0.2408780625040196,1.99868342859455e-06,False,20,0,False,2.35,bond=0.70000000;cash=0.30000000;commodity_gold=0.40000000;defensive=0.25000000;equity=0.70000000,116,252,,,False,not_requested,True,0.0010748297002497438,0.03896678722589715,,0.10092710700778447,0.5408168050216097,5.977254247113706e-10,0.22261647126699272,0.3000000005977254,0.12565530103897773,0.02728761947885096,0.3244406076174533,0.005554561079961434,,,2019-12-12,"[""5年国债ETF"", ""10年国债ETF"", ""信用债ETF"", ""日利ETF"", ""沪深300ETF"", ""中证500ETF"", ""中证1000ETF"", ""创业板ETF"", ""红利ETF"", ""半导体ETF"", ""证券ETF"", ""军工ETF"", ""消费ETF"", ""恒生ETF"", ""白银LOF"", ""纳指ETF"", ""标普500ETF"", ""日经225ETF"", ""欧洲ETF"", ""黄金ETF"", ""原油ETF""]",0.0
2019-12-20,candidate_03,CLARABEL,optimal,0.07207513597913491,,False,False,ewma,True,243,False,,,2.106535283928652e-06,0.23863751149199233,113284.36476361197,True,False,0.0,2.10653528389286e-06,2.3863751149199247e-07,1e-06,symmetrized,121,21,60.0,CLARABEL,optimal,True,0.23863751149199233,6.14557986672315e-06,False,20,0,False,2.35,bond=0.70000000;cash=0.30000000;commodity_gold=0.40000000;defensive=0.25000000;equity=0.70000000,121,252,,,False,not_requested,True,0.005501040930141878,0.03983420581274314,,0.09580442468656786,0.5365201388512942,1.2793001658018e-09,0.22022763295565265,0.30000000127930015,0.12290988576569938,0.027773048064318503,0.32908943193502954,0.00559572605641701,,,2019-12-19,"[""5年国债ETF"", ""10年国债ETF"", ""信用债ETF"", ""日利ETF"", ""沪深300ETF"", ""中证500ETF"", ""中证1000ETF"", ""创业板ETF"", ""红利ETF"", ""半导体ETF"", ""证券ETF"", ""军工ETF"", ""消费ETF"", ""恒生ETF"", ""白银LOF"", ""纳指ETF"", ""标普500ETF"", ""日经225ETF"", ""欧洲ETF"", ""黄金ETF"", ""原油ETF""]",0.0
2019-12-27,candidate_03,CLARABEL,optimal,0.0744854316243188,,False,False,ewma,True,243,False,,,2.0982109641158936e-06,0.2497930274001629,119050.48237388092,True,False,0.0,2.098210964103099e-06,2.497930274001627e-07,1e-06,symmetrized,126,21,60.0,CLARABEL,optimal,True,0.2497930274001629,5.350919651682384e-06,False,20,0,False,2.35,bond=0.70000000;cash=0.30000000;commodity_gold=0.40000000;defensive=0.25000000;equity=0.70000000,126,252,,,False,not_requested,True,0.0045259338997852405,0.03958041790052445,,0.08874158035700663,0.5455036394604647,6.901756943733517e-12,0.2183044456778396,0.30000000000690175,0.12588152520298126,0.02748768182702907,0.32832634728524845,0.005564193511366033,,,2019-12-26,"[""5年国债ETF"", ""10年国债ETF"", ""信用债ETF"", ""日利ETF"", ""沪深300ETF"", ""中证500ETF"", ""中证1000ETF"", ""创业板ETF"", ""红利ETF"", ""半导体ETF"", ""证券ETF"", ""军工ETF"", ""消费ETF"", ""恒生ETF"", ""白银LOF"", ""纳指ETF"", ""标普500ETF"", ""日经225ETF"", ""欧洲ETF"", ""黄金ETF"", ""原油ETF""]",0.0
2020-01-03,candidate_03,CLARABEL,optimal,0.06414703348539139,,False,False,ewma,True,243,False,,,3.0043094809589686e-06,0.2568203659106144,85483.99142575616,True,False,0.0,3.00430948099717e-06,2.568203659106142e-07,1e-06,symmetrized,130,21,60.0,CLARABEL,optimal,True,0.2568203659106144,1.5444410771739414e-06,False,20,0,False,2.35,bond=0.70000000;cash=0.30000000;commodity_gold=0.40000000;defensive=0.25000000;equity=0.70000000,130,252,,,False,not_requested,True,0.0038911220433588264,0.03958719722100211,,0.08979783758970789,0.5062333205466082,1.1102230246251565e-16,0.21656994211982009,0.2999999997215642,0.12301200903003809,0.028067764418262694,0.3323502847103148,0.005583643354471204,,,2020-01-02,"[""5年国债ETF"", ""10年国债ETF"", ""信用债ETF"", ""日利ETF"", ""沪深300ETF"", ""中证500ETF"", ""中证1000ETF"", ""创业板ETF"", ""红利ETF"", ""半导体ETF"", ""证券ETF"", ""军工ETF"", ""消费ETF"", ""恒生ETF"", ""白银LOF"", ""纳指ETF"", ""标普500ETF"", ""日经225ETF"", ""欧洲ETF"", ""黄金ETF"", ""原油ETF""]",0.0
2020-01-10,candidate_03,CLARABEL,optimal,0.059193428186933864,,False,False,ewma,True,243,False,,,2.9678835994687894e-06,0.25439480783722296,85715.89798291151,True,False,0.0,2.967883599474461e-06,2.543948078372232e-07,1e-06,symmetrized,135,21,60.0,CLARABEL,optimal,True,0.25439480783722296,3.590276599713116e-06,False,20,0,False,2.35,bond=0.70000000;cash=0.30000000;commodity_gold=0.40000000;defensive=0.25000000;equity=0.70000000,135,252,,,False,not_requested,True,0.002370448149329956,0.039112647416192865,,0.0926719313833191,0.4863961681160844,2.220446049250313e-16,0.21589458096949068,0.29999999993840054,0.12179967388524887,0.02803545194906849,0.33427029325779145,0.005584631657785467,,,2020-01-09,"[""5年国债ETF"", ""10年国债ETF"", ""信用债ETF"", ""日利ETF"", ""沪深300ETF"", ""中证500ETF"", ""中证1000ETF"", ""创业板ETF"", ""红利ETF"", ""半导体ETF"", ""证券ETF"", ""军工ETF"", ""消费ETF"", ""恒生ETF"", ""白银LOF"", ""纳指ETF"", ""标普500ETF"", ""日经225ETF"", ""欧洲ETF"", ""黄金ETF"", ""原油ETF""]",0.0
2020-01-17,candidate_03,CLARABEL,optimal,0.06024051290143888,,False,False,ewma,True,243,False,,,2.8281937147312073e-06,0.2503056323109673,88503.70857102214,True,False,0.0,2.828193714784563e-06,2.503056323109672e-07,1e-06,symmetrized,140,21,60.0,CLARABEL,optimal,True,0.2503056323109673,2.3522285484967043e-06,False,20,0,False,2.35,bond=0.70000000;cash=0.30000000;commodity_gold=0.40000000;defensive=0.25000000;equity=0.70000000,140,252,,,False,not_requested,True,0.0014633696793431477,0.03874174756640373,,0.09477121986149659,0.49075780787247075,8.501466197685659e-11,0.21629098035152597,0.30000000008501465,0.11984361318585166,0.02801892722114253,0.3358464791564651,0.005575524259220456,,,2020-01-16,"[""5年国债ETF"", ""10年国债ETF"", ""信用债ETF"", ""日利ETF"", ""沪深300ETF"", ""中证500ETF"", ""中证1000ETF"", ""创业板ETF"", ""红利ETF"", ""半导体ETF"", ""证券ETF"", ""军工ETF"", ""消费ETF"", ""恒生ETF"", ""白银LOF"", ""纳指ETF"", ""标普500ETF"", ""日经225ETF"", ""欧洲ETF"", ""黄金ETF"", ""原油ETF""]",0.0
2020-01-23,candidate_03,CLARABEL,optimal,0.05646848365220675,,False,False,ewma,True,243,False,,,3.2251399391856493e-06,0.26113584601447914,80968.8419536971,True,False,0.0,3.2251399391721806e-06,2.611358460144794e-07,1e-06,symmetrized,144,21,60.0,CLARABEL,optimal,True,0.26113584601447914,4.504754979463288e-06,False,20,0,False,2.35,bond=0.70000000;cash=0.30000000;commodity_gold=0.40000000;defensive=0.25000000;equity=0.70000000,144,252,,,False,not_requested,True,0.0014682468552062143,0.0388097081106865,,0.09877445600704923,0.4751365203435581,7.966716175644706e-11,0.21737899996432405,0.30000000007966715,0.11803869275460613,0.0272397289169471,0.3373425782844554,0.005567277849293687,,,2020-01-22,"[""5年国债ETF"", ""10年国债ETF"", ""信用债ETF"", ""日利ETF"", ""沪深300ETF"", ""中证500ETF"", ""中证1000ETF"", ""创业板ETF"", ""红利ETF"", ""半导体ETF"", ""证券ETF"", ""军工ETF"", ""消费ETF"", ""恒生ETF"", ""白银LOF"", ""纳指ETF"", ""标普500ETF"", ""日经225ETF"", ""欧洲ETF"", ""黄金ETF"", ""原油ETF""]",0.0
2020-02-07,candidate_03,CLARABEL,optimal,0.027669426941129883,,False,False,ewma,True,243,False,,,4.567398647413848e-06,0.5993315280114828,131219.44771578812,True,False,0.0,4.567398647413634e-06,5.993315280114827e-07,1e-06,symmetrized,149,21,60.0,CLARABEL,optimal,True,0.5993315280114828,3.358095717220788e-06,False,20,0,False,2.35,bond=0.70000000;cash=0.30000000;commodity_gold=0.40000000;defensive=0.25000000;equity=0.70000000,149,252,,,False,not_requested,True,0.027085086723956934,0.056344112265538475,,0.10246791214190668,0.3293605907247167,7.494650455797114e-10,0.23477493557796122,0.30000000074946503,0.10778110836880465,0.02532477356678199,0.33211918173698685,0.007594485191545992,,,2020-02-06,"[""5年国债ETF"", ""10年国债ETF"", ""信用债ETF"", ""日利ETF"", ""沪深300ETF"", ""中证500ETF"", ""中证1000ETF"", ""创业板ETF"", ""红利ETF"", ""半导体ETF"", ""证券ETF"", ""军工ETF"", ""消费ETF"", ""恒生ETF"", ""白银LOF"", ""纳指ETF"", ""标普500ETF"", ""日经225ETF"", ""欧洲ETF"", ""黄金ETF"", ""原油ETF""]",0.0
2020-02-14,candidate_03,CLARABEL,optimal,0.02876468029404725,,False,False,ewma,True,243,False,,,4.785233743992516e-06,0.5715993559205541,119450.66563115167,True,False,0.0,4.785233744197275e-06,5.71599355920554e-07,1e-06,symmetrized,154,21,60.0,CLARABEL,optimal,True,0.5715993559205541,4.344774413939101e-06,False,20,0,False,2.35,bond=0.70000000;cash=0.30000000;commodity_gold=0.40000000;defensive=0.25000000;equity=0.70000000,154,252,,,False,not_requested,True,0.008823343809536525,0.0563204920579903,,0.10059988068479253,0.33814533215594544,1.3642920126955005e-11,0.23171513527681986,0.3000000000136429,0.10481778329763465,0.025362673355296968,0.3381044080566056,0.007595516651540604,,,2020-02-13,"[""5年国债ETF"", ""10年国债ETF"", ""信用债ETF"", ""日利ETF"", ""沪深300ETF"", ""中证500ETF"", ""中证1000ETF"", ""创业板ETF"", ""红利ETF"", ""半导体ETF"", ""证券ETF"", ""军工ETF"", ""消费ETF"", ""恒生ETF"", ""白银LOF"", ""纳指ETF"", ""标普500ETF"", ""日经225ETF"", ""欧洲ETF"", ""黄金ETF"", ""原油ETF""]",0.0
2020-02-21,candidate_03,CLARABEL,optimal,0.031095280642322413,,False,False,ewma,True,243,False,,,4.639185109432667e-06,0.585197813584543,126142.37194258191,True,False,0.0,4.639185109371435e-06,5.851978135845428e-07,1e-06,symmetrized,159,21,60.0,CLARABEL,optimal,True,0.585197813584543,2.191453799087195e-06,False,20,0,False,2.35,bond=0.70000000;cash=0.30000000;commodity_gold=0.40000000;defensive=0.25000000;equity=0.70000000,159,252,,,False,not_requested,True,0.006313744969175733,0.05938350405464035,,0.10304076527944236,0.3519494942144293,6.469880187154331e-11,0.2285797654214617,0.3000000000646988,0.10323013842294053,0.02602577511768504,0.34216432097321386,0.007819005918538013,,,2020-02-20,"[""5年国债ETF"", ""10年国债ETF"", ""信用债ETF"", ""日利ETF"", ""沪深300ETF"", ""中证500ETF"", ""中证1000ETF"", ""创业板ETF"", ""红利ETF"", ""半导体ETF"", ""证券ETF"", ""军工ETF"", ""消费ETF"", ""恒生ETF"", ""白银LOF"", ""纳指ETF"", ""标普500ETF"", ""日经225ETF"", ""欧洲ETF"", ""黄金ETF"", ""原油ETF""]",0.0
2020-02-28,candidate_03,CLARABEL,optimal,0.0338274668541505,,False,False,ewma,True,243,False,,,4.437486406354266e-06,0.5899326531542363,132942.97697666887,True,False,0.0,4.437486406354216e-06,5.899326531542363e-07,1e-06,symmetrized,164,21,60.0,CLARABEL,optimal,True,0.5899326531542363,3.1886420064075605e-06,False,20,0,False,2.35,bond=0.70000000;cash=0.30000000;commodity_gold=0.40000000;defensive=0.25000000;equity=0.70000000,164,252,,,False,not_requested,True,0.009737471975537499,0.0590089944486293,,0.10775977312667628,0.3667685710256378,4.533565745035162e-10,0.2365450832301809,0.30000000045335656,0.10170928762351422,0.025981619297383466,0.33576400939556483,0.008060809841335096,,,2020-02-27,"[""5年国债ETF"", ""10年国债ETF"", ""信用债ETF"", ""日利ETF"", ""沪深300ETF"", ""中证500ETF"", ""中证1000ETF"", ""创业板ETF"", ""红利ETF"", ""半导体ETF"", ""证券ETF"", ""军工ETF"", ""消费ETF"", ""恒生ETF"", ""白银LOF"", ""纳指ETF"", ""标普500ETF"", ""日经225ETF"", ""欧洲ETF"", ""黄金ETF"", ""原油ETF""]",0.0
2020-03-06,candidate_03,CLARABEL,optimal,0.052403740748089796,,False,False,ewma,True,243,False,,,4.351678392202558e-06,0.6892900470890431,158396.36686482382,True,False,0.0,4.351678392202497e-06,6.892900470890428e-07,1e-06,symmetrized,169,21,60.0,CLARABEL,optimal,True,0.6892900470890431,3.5376014326064797e-06,False,20,0,False,2.35,bond=0.70000000;cash=0.30000000;commodity_gold=0.40000000;defensive=0.25000000;equity=0.70000000,169,252,,,False,not_requested,True,0.0009844326422379247,0.0680880391428959,,0.09805064017276433,0.45774996129088796,9.182693494480532e-11,0.23849531715456035,0.3000000000918269,0.09854547367131511,0.026596198907306627,0.33636301017499104,0.009472651602264025,,,2020-03-05,"[""5年国债ETF"", ""10年国债ETF"", ""信用债ETF"", ""日利ETF"", ""沪深300ETF"", ""中证500ETF"", ""中证1000ETF"", ""创业板ETF"", ""红利ETF"", ""半导体ETF"", ""证券ETF"", ""军工ETF"", ""消费ETF"", ""恒生ETF"", ""白银LOF"", ""纳指ETF"", ""标普500ETF"", ""日经225ETF"", ""欧洲ETF"", ""黄金ETF"", ""原油ETF""]",0.0
2020-03-13,candidate_03,CLARABEL,optimal,0.05398367463617157,,False,False,ewma,True,243,False,,,4.203007222526238e-06,1.2411613509415336,295303.1687144062,True,False,0.0,4.203007222526238e-06,1.2411613509415335e-06,1e-06,symmetrized,63,22,60.0,CLARABEL,optimal,True,1.2411613509415336,3.2339959452482026e-06,False,20,0,False,2.35,bond=0.70000000;cash=0.30000000;commodity_gold=0.40000000;defensive=0.25000000;equity=0.70000000,63,252,,,False,not_requested,True,0.019889222537998526,0.09058977251684588,,0.08718059670585143,0.4629467503661741,1.6206469499735476e-10,0.24778072891384542,0.3000000001620647,0.10508199648272802,0.026300266092077175,0.32083700834928475,0.01703236358442209,,,2020-03-12,"[""5年国债ETF"", ""10年国债ETF"", ""信用债ETF"", ""日利ETF"", ""沪深300ETF"", ""中证500ETF"", ""中证1000ETF"", ""创业板ETF"", ""红利ETF"", ""半导体ETF"", ""证券ETF"", ""军工ETF"", ""消费ETF"", ""恒生ETF"", ""白银LOF"", ""纳指ETF"", ""标普500ETF"", ""日经225ETF"", ""欧洲ETF"", ""黄金ETF"", ""豆粕ETF"", ""原油ETF""]",0.0
2020-03-20,candidate_03,CLARABEL,optimal,0.06682343721178383,,False,False,ewma,True,243,False,,,3.976569361352416e-06,1.3116252825574977,329838.4017401922,True,False,0.0,3.976569361352417e-06,1.311625282557498e-06,1e-06,symmetrized,68,22,60.0,CLARABEL,optimal,True,1.3116252825574977,2.3294355012207224e-06,False,20,0,False,2.35,bond=0.70000000;cash=0.30000000;commodity_gold=0.40000000;defensive=0.25000000;equity=0.70000000,68,252,,,False,not_requested,True,0.027004191168306005,0.09525164456311039,,0.08012337887154283,0.5148796058539015,6.379544115198144e-10,0.2570861968815628,0.3000000006379544,0.10668355385437565,0.025404283394149393,0.3108259652319577,0.01716197915763213,,,2020-03-19,"[""5年国债ETF"", ""10年国债ETF"", ""信用债ETF"", ""日利ETF"", ""沪深300ETF"", ""中证500ETF"", ""中证1000ETF"", ""创业板ETF"", ""红利ETF"", ""半导体ETF"", ""证券ETF"", ""军工ETF"", ""消费ETF"", ""恒生ETF"", ""白银LOF"", ""纳指ETF"", ""标普500ETF"", ""日经225ETF"", ""欧洲ETF"", ""黄金ETF"", ""豆粕ETF"", ""原油ETF""]",0.0
2020-03-27,candidate_03,CLARABEL,optimal,0.07119901507990173,,False,False,ewma,True,243,False,,,4.242239907387146e-06,1.6917441368734378,398785.5882284145,True,False,0.0,4.242239907292333e-06,1.6917441368734388e-06,1e-06,symmetrized,60,23,60.0,CLARABEL,optimal,True,1.6917441368734378,3.495778254591908e-06,False,20,0,False,2.35,bond=0.70000000;cash=0.30000000;commodity_gold=0.40000000;defensive=0.25000000;equity=0.70000000,60,252,,,False,not_requested,True,0.011360321804486255,0.11568975423140508,,0.08506673958883859,0.5327978999180805,8.527117900669623e-11,0.24850119638667542,0.30000000008527117,0.11238972186535917,0.025241622056522427,0.31386745960617185,0.017545275879789702,,,2020-03-26,"[""5年国债ETF"", ""10年国债ETF"", ""信用债ETF"", ""日利ETF"", ""沪深300ETF"", ""中证500ETF"", ""中证1000ETF"", ""创业板ETF"", ""红利ETF"", ""半导体ETF"", ""证券ETF"", ""军工ETF"", ""消费ETF"", ""恒生ETF"", ""白银LOF"", ""纳指ETF"", ""标普500ETF"", ""日经225ETF"", ""欧洲ETF"", ""黄金ETF"", ""有色金属期货ETF"", ""豆粕ETF"", ""原油ETF""]",0.0
2020-04-03,candidate_03,CLARABEL,optimal,0.07256946032823183,,False,False,ewma,True,243,False,,,4.57106999956618e-06,1.5898192442779022,347800.24030014523,True,False,0.0,4.57106999956637e-06,1.5898192442779026e-06,1e-06,symmetrized,65,23,60.0,CLARABEL,optimal,True,1.5898192442779022,3.554424403473533e-06,False,20,0,False,2.35,bond=0.70000000;cash=0.30000000;commodity_gold=0.40000000;defensive=0.25000000;equity=0.70000000,65,252,,,False,not_requested,True,0.0016936471777274323,0.11283536738616358,,0.08259300614127808,0.5386467461723834,7.608781937840092e-10,0.2482712227819917,0.3000000007608782,0.11184964448478538,0.02511991376528287,0.3147592182070618,0.01749091510640196,,,2020-04-02,"[""5年国债ETF"", ""10年国债ETF"", ""信用债ETF"", ""日利ETF"", ""沪深300ETF"", ""中证500ETF"", ""中证1000ETF"", ""创业板ETF"", ""红利ETF"", ""半导体ETF"", ""证券ETF"", ""军工ETF"", ""消费ETF"", ""恒生ETF"", ""白银LOF"", ""纳指ETF"", ""标普500ETF"", ""日经225ETF"", ""欧洲ETF"", ""黄金ETF"", ""有色金属期货ETF"", ""豆粕ETF"", ""原油ETF""]",0.0
2020-04-10,candidate_03,CLARABEL,optimal,0.08064687564689497,,False,False,ewma,True,243,False,,,4.4478760007475536e-06,1.563440888473099,351502.80453194556,True,False,0.0,4.4478760007475536e-06,1.563440888473099e-06,1e-06,symmetrized,69,23,60.0,CLARABEL,optimal,True,1.563440888473099,2.512970463306591e-06,False,20,0,False,2.35,bond=0.70000000;cash=0.30000000;commodity_gold=0.40000000;defensive=0.25000000;equity=0.70000000,69,252,,,False,not_requested,True,0.009548375171004311,0.11689751683503756,,0.08699511980111188,0.5672849147683148,6.46925346625693e-10,0.24119211329424195,0.30000000064692534,0.11260551451173065,0.024997057066372248,0.32120531448072975,0.017685153164817013,,,2020-04-09,"[""5年国债ETF"", ""10年国债ETF"", ""信用债ETF"", ""日利ETF"", ""沪深300ETF"", ""中证500ETF"", ""中证1000ETF"", ""创业板ETF"", ""红利ETF"", ""半导体ETF"", ""证券ETF"", ""军工ETF"", ""消费ETF"", ""恒生ETF"", ""白银LOF"", ""纳指ETF"", ""标普500ETF"", ""日经225ETF"", ""欧洲ETF"", ""黄金ETF"", ""有色金属期货ETF"", ""豆粕ETF"", ""原油ETF""]",0.0
2020-04-17,candidate_03,CLARABEL,optimal,0.08300339527716716,,False,False,ewma,True,243,False,,,4.088195677126995e-06,1.4645761622009088,358245.12275551073,True,False,0.0,4.088195677126696e-06,1.4645761622009082e-06,1e-06,symmetrized,74,23,60.0,CLARABEL,optimal,True,1.4645761622009088,2.5340853703828548e-06,False,20,0,False,2.35,bond=0.70000000;cash=0.30000000;commodity_gold=0.40000000;defensive=0.25000000;equity=0.70000000,74,252,,,False,not_requested,True,0.0016429632116203776,0.11346149269967538,,0.08718555937597042,0.5760904204166954,4.6408837883760157e-10,0.24017162681703022,0.30000000046408837,0.11362835934642973,0.02471666497839573,0.32148334839405607,0.017550409791368293,,,2020-04-16,"[""5年国债ETF"", ""10年国债ETF"", ""信用债ETF"", ""日利ETF"", ""沪深300ETF"", ""中证500ETF"", ""中证1000ETF"", ""创业板ETF"", ""红利ETF"", ""半导体ETF"", ""证券ETF"", ""军工ETF"", ""消费ETF"", ""恒生ETF"", ""白银LOF"", ""纳指ETF"", ""标普500ETF"", ""日经225ETF"", ""欧洲ETF"", ""黄金ETF"", ""有色金属期货ETF"", ""豆粕ETF"", ""原油ETF""]",0.0
2020-04-24,candidate_03,CLARABEL,optimal,0.09005397021919431,,False,False,ewma,True,243,False,,,3.0166488309514043e-06,1.5964347832954777,529208.0294251508,True,False,0.0,3.016648830951605e-06,1.5964347832954774e-06,1e-06,symmetrized,62,24,60.0,CLARABEL,optimal,True,1.5964347832954777,1.8773613796041477e-06,False,20,0,False,2.35,bond=0.70000000;cash=0.30000000;commodity_gold=0.40000000;defensive=0.25000000;equity=0.70000000,62,252,,,False,not_requested,True,0.001595427757488597,0.11728898421890457,,0.08777706686912701,0.600071939139691,2.998523096486849e-10,0.2396415613461155,0.3000000002998523,0.11248496613112316,0.02451105996151984,0.32336241226138923,0.017933706808192465,,,2020-04-23,"[""5年国债ETF"", ""10年国债ETF"", ""信用债ETF"", ""日利ETF"", ""沪深300ETF"", ""中证500ETF"", ""中证1000ETF"", ""创业板ETF"", ""红利ETF"", ""半导体ETF"", ""证券ETF"", ""军工ETF"", ""消费ETF"", ""恒生ETF"", ""白银LOF"", ""纳指ETF"", ""标普500ETF"", ""日经225ETF"", ""欧洲ETF"", ""黄金ETF"", ""有色金属期货ETF"", ""能源化工期货ETF"", ""豆粕ETF"", ""原油ETF""]",0.0
2020-04-30,candidate_03,CLARABEL,optimal,0.09188677085635863,,False,False,ewma,True,243,False,,,2.9498375978531333e-06,1.480108359919305,501759.2700684659,True,False,0.0,2.949837597853621e-06,1.480108359919304e-06,1e-06,symmetrized,66,24,60.0,CLARABEL,optimal,True,1.480108359919305,3.582744456526177e-06,False,20,0,False,2.35,bond=0.70000000;cash=0.30000000;commodity_gold=0.40000000;defensive=0.25000000;equity=0.70000000,66,252,,,False,not_requested,True,0.003080452372028754,0.11347714682730456,,0.08905216971714124,0.6060502872640404,2.4326274328245745e-10,0.2382929842743104,0.30000000024326273,0.11179305802463714,0.024454282924723143,0.3254596745330667,0.017806450948502233,,,2020-04-29,"[""5年国债ETF"", ""10年国债ETF"", ""信用债ETF"", ""日利ETF"", ""沪深300ETF"", ""中证500ETF"", ""中证1000ETF"", ""创业板ETF"", ""红利ETF"", ""半导体ETF"", ""证券ETF"", ""军工ETF"", ""消费ETF"", ""恒生ETF"", ""白银LOF"", ""纳指ETF"", ""标普500ETF"", ""日经225ETF"", ""欧洲ETF"", ""黄金ETF"", ""有色金属期货ETF"", ""能源化工期货ETF"", ""豆粕ETF"", ""原油ETF""]",0.0
2020-05-08,candidate_03,CLARABEL,optimal,0.09303924666940908,,False,False,ewma,True,243,False,,,2.7848842176763453e-06,1.4674907307309502,526948.5608832228,True,False,0.0,2.7848842176767383e-06,1.4674907307309494e-06,1e-06,symmetrized,69,24,60.0,CLARABEL,optimal,True,1.4674907307309502,1.9577523019814747e-06,False,20,0,False,2.35,bond=0.70000000;cash=0.30000000;commodity_gold=0.40000000;defensive=0.25000000;equity=0.70000000,69,252,,,False,not_requested,True,0.0030103862929071776,0.11376477427566391,,0.0829936162796392,0.6098463276192226,1.5427586985694575e-10,0.2338667543974507,0.30000000015427586,0.11173620671708383,0.024736769874129143,0.3296602688570606,0.01811675634925795,,,2020-05-07,"[""5年国债ETF"", ""10年国债ETF"", ""信用债ETF"", ""日利ETF"", ""沪深300ETF"", ""中证500ETF"", ""中证1000ETF"", ""创业板ETF"", ""红利ETF"", ""半导体ETF"", ""证券ETF"", ""军工ETF"", ""消费ETF"", ""恒生ETF"", ""白银LOF"", ""纳指ETF"", ""标普500ETF"", ""日经225ETF"", ""欧洲ETF"", ""黄金ETF"", ""有色金属期货ETF"", ""能源化工期货ETF"", ""豆粕ETF"", ""原油ETF""]",0.0
2020-05-15,candidate_03,CLARABEL,optimal,0.09312623569935477,,False,False,ewma,True,243,False,,,2.7119143735826513e-06,1.3448103931228137,495889.6955681583,True,False,0.0,2.711914373582115e-06,1.344810393122814e-06,1e-06,symmetrized,74,24,60.0,CLARABEL,optimal,True,1.3448103931228137,2.8129800911658176e-06,False,20,0,False,2.35,bond=0.70000000;cash=0.30000000;commodity_gold=0.40000000;defensive=0.25000000;equity=0.70000000,74,252,,,False,not_requested,True,0.001816726911579818,0.10886447646867448,,0.08294461922611307,0.6102109672664027,1.1921845177731427e-09,0.23352071942302205,0.3000000011921845,0.11392668619644683,0.02461854523016484,0.3279340479581818,0.01801739397590889,,,2020-05-14,"[""5年国债ETF"", ""10年国债ETF"", ""信用债ETF"", ""日利ETF"", ""沪深300ETF"", ""中证500ETF"", ""中证1000ETF"", ""创业板ETF"", ""红利ETF"", ""半导体ETF"", ""证券ETF"", ""军工ETF"", ""消费ETF"", ""恒生ETF"", ""白银LOF"", ""纳指ETF"", ""标普500ETF"", ""日经225ETF"", ""欧洲ETF"", ""黄金ETF"", ""有色金属期货ETF"", ""能源化工期货ETF"", ""豆粕ETF"", ""原油ETF""]",0.0
2020-05-22,candidate_03,CLARABEL,optimal,0.09310317299568398,,False,False,ewma,True,243,False,,,2.6581745634123542e-06,1.259895447095139,473970.16901620815,True,False,0.0,2.6581745634123657e-06,1.2598954470951384e-06,1e-06,symmetrized,79,24,60.0,CLARABEL,optimal,True,1.259895447095139,1.7087159437031985e-06,False,20,0,False,2.35,bond=0.70000000;cash=0.30000000;commodity_gold=0.40000000;defensive=0.25000000;equity=0.70000000,79,252,,,False,not_requested,True,0.004792997683694286,0.10640743686769223,,0.08358256930121871,0.6099372923266948,1.0993489452104654e-09,0.22872425844166533,0.30000000109934893,0.11768428483911726,0.024205660845872938,0.32938579477399554,0.018023185829414808,,,2020-05-21,"[""5年国债ETF"", ""10年国债ETF"", ""信用债ETF"", ""日利ETF"", ""沪深300ETF"", ""中证500ETF"", ""中证1000ETF"", ""创业板ETF"", ""红利ETF"", ""半导体ETF"", ""证券ETF"", ""军工ETF"", ""消费ETF"", ""恒生ETF"", ""白银LOF"", ""纳指ETF"", ""标普500ETF"", ""日经225ETF"", ""欧洲ETF"", ""黄金ETF"", ""有色金属期货ETF"", ""能源化工期货ETF"", ""豆粕ETF"", ""原油ETF""]",0.0
2020-05-29,candidate_03,CLARABEL,optimal,0.0935496715007358,,False,False,ewma,True,243,False,,,2.5172000868413903e-06,1.2045574617310173,478530.6770120562,True,False,0.0,2.5172000868413395e-06,1.2045574617310166e-06,1e-06,symmetrized,84,24,60.0,CLARABEL,optimal,True,1.2045574617310173,2.8359446813952527e-06,False,20,0,False,2.35,bond=0.70000000;cash=0.30000000;commodity_gold=0.40000000;defensive=0.25000000;equity=0.70000000,84,252,,,False,not_requested,True,0.0001882518195612593,0.1042242910369214,,0.08640986285261855,0.6117053211761321,7.593702333608121e-10,0.22809464312887928,0.3000000007593702,0.11912350434222317,0.024138470026173215,0.328643381743354,0.0177863654144134,,,2020-05-28,"[""5年国债ETF"", ""10年国债ETF"", ""信用债ETF"", ""日利ETF"", ""沪深300ETF"", ""中证500ETF"", ""中证1000ETF"", ""创业板ETF"", ""红利ETF"", ""半导体ETF"", ""证券ETF"", ""军工ETF"", ""消费ETF"", ""恒生ETF"", ""白银LOF"", ""纳指ETF"", ""标普500ETF"", ""日经225ETF"", ""欧洲ETF"", ""黄金ETF"", ""有色金属期货ETF"", ""能源化工期货ETF"", ""豆粕ETF"", ""原油ETF""]",0.0
2020-06-05,candidate_03,CLARABEL,optimal,0.10962326576507349,,False,False,ewma,True,243,False,,,1.0630842619638903e-06,1.0630842618962304,999999.9999363552,True,True,4.79212610774625e-07,5.83871651121606e-07,1.063084261896231e-06,1e-06,symmetrized;eigenvalue_floor,64,25,60.0,CLARABEL,optimal,True,1.0630842618962304,2.9925217302842477e-06,False,20,0,False,2.35,bond=0.70000000;cash=0.30000000;commodity_gold=0.40000000;defensive=0.25000000;equity=0.70000000,64,252,,,False,not_requested,True,0.007635020035680402,0.10206884884881613,,0.08857285576607944,0.6617198043230964,2.220446049250313e-16,0.21951884723980356,0.29999999999185095,0.11898647707570748,0.024430631261132978,0.33706404443150495,0.016543824637587422,,,2020-06-04,"[""5年国债ETF"", ""10年国债ETF"", ""信用债ETF"", ""日利ETF"", ""沪深300ETF"", ""中证500ETF"", ""中证1000ETF"", ""创业板ETF"", ""红利ETF"", ""半导体ETF"", ""证券ETF"", ""军工ETF"", ""消费ETF"", ""恒生ETF"", ""白银LOF"", ""纳指ETF"", ""标普500ETF"", ""日经225ETF"", ""欧洲ETF"", ""黄金ETF"", ""有色金属期货ETF"", ""能源化工期货ETF"", ""豆粕ETF"", ""煤炭ETF"", ""原油ETF""]",0.0
2020-06-12,candidate_03,CLARABEL,optimal,0.10900124528320303,,False,False,ewma,True,243,False,,,1.006786017062131e-06,1.0067860170653455,1000000.0000031929,True,True,2.8763302188759666e-07,7.191529951777482e-07,1.0067860170653448e-06,1e-06,symmetrized;eigenvalue_floor,69,25,60.0,CLARABEL,optimal,True,1.0067860170653455,7.505057436296703e-06,False,20,0,False,2.35,bond=0.70000000;cash=0.30000000;commodity_gold=0.40000000;defensive=0.25000000;equity=0.70000000,69,252,,,False,not_requested,True,0.0024967375611851146,0.09873769472358801,,0.08919494990126203,0.6601531989188901,1.0158751617694861e-10,0.21796320082447646,0.3000000001015875,0.12022799063899672,0.024064841513213333,0.33774396692172626,0.01630343127885414,,,2020-06-11,"[""5年国债ETF"", ""10年国债ETF"", ""信用债ETF"", ""日利ETF"", ""沪深300ETF"", ""中证500ETF"", ""中证1000ETF"", ""创业板ETF"", ""红利ETF"", ""半导体ETF"", ""证券ETF"", ""军工ETF"", ""消费ETF"", ""恒生ETF"", ""白银LOF"", ""纳指ETF"", ""标普500ETF"", ""日经225ETF"", ""欧洲ETF"", ""黄金ETF"", ""有色金属期货ETF"", ""能源化工期货ETF"", ""豆粕ETF"", ""煤炭ETF"", ""原油ETF""]",0.0
2020-06-19,candidate_03,CLARABEL,optimal,0.10853887320292122,,False,False,ewma,True,243,False,,,1.0135870330017061e-06,1.0135870330327674,1000000.0000306449,True,True,2.746478970988571e-07,7.389391359339095e-07,1.0135870330327666e-06,1e-06,symmetrized;eigenvalue_floor,74,25,60.0,CLARABEL,optimal,True,1.0135870330327674,2.763176816224233e-06,False,20,0,False,2.35,bond=0.70000000;cash=0.30000000;commodity_gold=0.40000000;defensive=0.25000000;equity=0.70000000,74,252,,,False,not_requested,True,0.000378267227707252,0.09749093451813258,,0.08983005256956991,0.6588814593785404,7.697075199430969e-10,0.2166556501336275,0.3000000007697075,0.1189423040545206,0.02441829696890091,0.33998374807324355,0.01606832374881661,,,2020-06-18,"[""5年国债ETF"", ""10年国债ETF"", ""信用债ETF"", ""日利ETF"", ""沪深300ETF"", ""中证500ETF"", ""中证1000ETF"", ""创业板ETF"", ""红利ETF"", ""半导体ETF"", ""证券ETF"", ""军工ETF"", ""消费ETF"", ""恒生ETF"", ""白银LOF"", ""纳指ETF"", ""标普500ETF"", ""日经225ETF"", ""欧洲ETF"", ""黄金ETF"", ""有色金属期货ETF"", ""能源化工期货ETF"", ""豆粕ETF"", ""煤炭ETF"", ""原油ETF""]",0.0
2020-06-24,candidate_03,CLARABEL,optimal,0.10865893145768732,,False,False,ewma,True,243,False,,,9.624078532394857e-07,0.9624078532648364,1000000.0000263408,True,True,1.1880232786203528e-07,8.436055254028015e-07,9.624078532648368e-07,1e-06,symmetrized;eigenvalue_floor,77,25,60.0,CLARABEL,optimal,True,0.9624078532648364,2.771127835643483e-06,False,20,0,False,2.35,bond=0.70000000;cash=0.30000000;commodity_gold=0.40000000;defensive=0.25000000;equity=0.70000000,77,252,,,False,not_requested,True,0.0041798874968120665,0.09591341589886539,,0.08805634255552258,0.6590116227852192,1.456045284342622e-10,0.21217417370955197,0.3000000001456045,0.1188868454113358,0.024012673120296337,0.3449263076132114,0.016106515549069927,,,2020-06-23,"[""5年国债ETF"", ""10年国债ETF"", ""信用债ETF"", ""日利ETF"", ""沪深300ETF"", ""中证500ETF"", ""中证1000ETF"", ""创业板ETF"", ""红利ETF"", ""半导体ETF"", ""证券ETF"", ""军工ETF"", ""消费ETF"", ""恒生ETF"", ""白银LOF"", ""纳指ETF"", ""标普500ETF"", ""日经225ETF"", ""欧洲ETF"", ""黄金ETF"", ""有色金属期货ETF"", ""能源化工期货ETF"", ""豆粕ETF"", ""煤炭ETF"", ""原油ETF""]",0.0
2020-07-03,candidate_03,CLARABEL,optimal,0.09814867567636382,,False,False,ewma,True,243,False,,,1.4740349583865267e-06,0.9348296494514164,634197.7468937899,True,False,0.0,1.4740349583870675e-06,9.348296494514163e-07,1e-06,symmetrized,82,25,60.0,CLARABEL,optimal,True,0.9348296494514164,2.4376811189052994e-06,False,20,0,False,2.35,bond=0.70000000;cash=0.30000000;commodity_gold=0.40000000;defensive=0.25000000;equity=0.70000000,82,252,,,False,not_requested,True,0.007402774307479575,0.09547963368573843,,0.08552724306840231,0.6260939206155001,7.502515275703558e-10,0.20676798066581192,0.3000000007502515,0.1174350948821038,0.024665908912887308,0.35113101478894554,0.015963022792123152,,,2020-07-02,"[""5年国债ETF"", ""10年国债ETF"", ""信用债ETF"", ""日利ETF"", ""沪深300ETF"", ""中证500ETF"", ""中证1000ETF"", ""创业板ETF"", ""红利ETF"", ""半导体ETF"", ""证券ETF"", ""军工ETF"", ""消费ETF"", ""恒生ETF"", ""白银LOF"", ""纳指ETF"", ""标普500ETF"", ""日经225ETF"", ""欧洲ETF"", ""黄金ETF"", ""有色金属期货ETF"", ""能源化工期货ETF"", ""豆粕ETF"", ""煤炭ETF"", ""原油ETF""]",0.0
2020-07-10,candidate_03,CLARABEL,optimal,0.0796454405539509,,False,False,ewma,True,243,False,,,1.3870467754224092e-06,0.7006774518561989,505157.7670427269,True,False,0.0,1.3870467754213934e-06,7.006774518561993e-07,1e-06,symmetrized,62,26,60.0,CLARABEL,optimal,True,0.7006774518561989,3.2803500403244534e-06,False,20,0,False,2.35,bond=0.70000000;cash=0.30000000;commodity_gold=0.40000000;defensive=0.25000000;equity=0.70000000,62,252,,,False,not_requested,True,0.018548622398683292,0.07620796244417982,,0.06356368847195897,0.5630946759444901,2.1450548004509074e-09,0.18840472037155093,0.3000000021450548,0.11543963288521383,0.026034822013494115,0.3701208225846864,0.0070123383601739565,,,2020-07-09,"[""可转债ETF"", ""5年国债ETF"", ""10年国债ETF"", ""信用债ETF"", ""日利ETF"", ""沪深300ETF"", ""中证500ETF"", ""中证1000ETF"", ""创业板ETF"", ""红利ETF"", ""半导体ETF"", ""证券ETF"", ""军工ETF"", ""消费ETF"", ""恒生ETF"", ""白银LOF"", ""纳指ETF"", ""标普500ETF"", ""日经225ETF"", ""欧洲ETF"", ""黄金ETF"", ""有色金属期货ETF"", ""能源化工期货ETF"", ""豆粕ETF"", ""煤炭ETF"", ""原油ETF""]",0.0
2020-07-17,candidate_03,CLARABEL,optimal,0.05724386348364443,,False,False,ewma,True,243,False,,,2.9773164653670183e-06,0.9019667721351696,302946.2210776384,True,False,0.0,2.977316465367036e-06,9.019667721351702e-07,1e-06,symmetrized,67,26,60.0,CLARABEL,optimal,True,0.9019667721351696,2.3000892465790956e-06,False,20,0,False,2.35,bond=0.70000000;cash=0.30000000;commodity_gold=0.40000000;defensive=0.25000000;equity=0.70000000,67,252,,,False,not_requested,True,0.010454618913564898,0.08674903913280674,,0.06929227675267988,0.4776259403328051,4.843063172721429e-10,0.19561786834682932,0.3000000004843063,0.11932821040148427,0.025155378738343483,0.3598985420290367,0.010129545249746979,,,2020-07-16,"[""可转债ETF"", ""5年国债ETF"", ""10年国债ETF"", ""信用债ETF"", ""日利ETF"", ""沪深300ETF"", ""中证500ETF"", ""中证1000ETF"", ""创业板ETF"", ""红利ETF"", ""半导体ETF"", ""证券ETF"", ""军工ETF"", ""消费ETF"", ""恒生ETF"", ""白银LOF"", ""纳指ETF"", ""标普500ETF"", ""日经225ETF"", ""欧洲ETF"", ""黄金ETF"", ""有色金属期货ETF"", ""能源化工期货ETF"", ""豆粕ETF"", ""煤炭ETF"", ""原油ETF""]",0.0
2020-07-24,candidate_03,CLARABEL,optimal,0.06874461960264465,,False,False,ewma,True,243,False,,,3.5096914600518007e-06,0.8647203322288846,246380.7266454476,True,False,0.0,3.5096914600522695e-06,8.647203322288845e-07,1e-06,symmetrized,72,26,60.0,CLARABEL,optimal,True,0.8647203322288846,2.475764159230731e-06,False,20,0,False,2.35,bond=0.70000000;cash=0.30000000;commodity_gold=0.40000000;defensive=0.25000000;equity=0.70000000,72,252,,,False,not_requested,True,0.015894463872819946,0.0865441533917157,,0.0769249166540212,0.523151840237713,1.629225088173314e-10,0.19113868099961634,0.3000000001629225,0.11965029833162914,0.02509451553822387,0.3641165049676085,0.009995211455964484,,,2020-07-23,"[""可转债ETF"", ""5年国债ETF"", ""10年国债ETF"", ""信用债ETF"", ""日利ETF"", ""沪深300ETF"", ""中证500ETF"", ""中证1000ETF"", ""创业板ETF"", ""红利ETF"", ""半导体ETF"", ""证券ETF"", ""军工ETF"", ""消费ETF"", ""恒生ETF"", ""白银LOF"", ""纳指ETF"", ""标普500ETF"", ""日经225ETF"", ""欧洲ETF"", ""黄金ETF"", ""有色金属期货ETF"", ""能源化工期货ETF"", ""豆粕ETF"", ""煤炭ETF"", ""原油ETF""]",0.0
2020-07-31,candidate_03,CLARABEL,optimal,0.07459148590980812,,False,False,ewma,True,243,False,,,3.308902313274048e-06,0.938955105374087,283766.34197007236,True,False,0.0,3.308902313274627e-06,9.389551053740867e-07,1e-06,symmetrized,77,26,60.0,CLARABEL,optimal,True,0.938955105374087,2.8620647787025444e-06,False,20,0,False,2.35,bond=0.70000000;cash=0.30000000;commodity_gold=0.40000000;defensive=0.25000000;equity=0.70000000,77,252,,,False,not_requested,True,0.0022927667045608627,0.0898665578976024,,0.07743169373910092,0.5460583952132063,3.5664332598273063e-10,0.19131591871803205,0.3000000003566433,0.12318758703933053,0.024831233042448882,0.3606652608435453,0.011745176656920406,,,2020-07-30,"[""可转债ETF"", ""5年国债ETF"", ""10年国债ETF"", ""信用债ETF"", ""日利ETF"", ""沪深300ETF"", ""中证500ETF"", ""中证1000ETF"", ""创业板ETF"", ""红利ETF"", ""半导体ETF"", ""证券ETF"", ""军工ETF"", ""消费ETF"", ""恒生ETF"", ""白银LOF"", ""纳指ETF"", ""标普500ETF"", ""日经225ETF"", ""欧洲ETF"", ""黄金ETF"", ""有色金属期货ETF"", ""能源化工期货ETF"", ""豆粕ETF"", ""煤炭ETF"", ""原油ETF""]",0.0
2020-08-07,candidate_03,CLARABEL,optimal,0.07473401828012166,,False,False,ewma,True,243,False,,,3.652096821390803e-06,0.8879025872387114,243121.31651005286,True,False,0.0,3.652096821390927e-06,8.87902587238711e-07,1e-06,symmetrized,82,26,60.0,CLARABEL,optimal,True,0.8879025872387114,2.9757034614164013e-09,False,20,0,False,2.35,bond=0.70000000;cash=0.30000000;commodity_gold=0.40000000;defensive=0.25000000;equity=0.70000000,82,252,,,False,not_requested,True,0.010789421047480792,0.0888353929128299,,0.07654468488714558,0.54594869001714,5.809580594373642e-11,0.18749590757572024,0.3000000000580958,0.12370528337936433,0.025095433417964965,0.3637033755688546,0.011598810435298056,,,2020-08-06,"[""可转债ETF"", ""5年国债ETF"", ""10年国债ETF"", ""信用债ETF"", ""日利ETF"", ""沪深300ETF"", ""中证500ETF"", ""中证1000ETF"", ""创业板ETF"", ""红利ETF"", ""半导体ETF"", ""证券ETF"", ""军工ETF"", ""消费ETF"", ""恒生ETF"", ""白银LOF"", ""纳指ETF"", ""标普500ETF"", ""日经225ETF"", ""欧洲ETF"", ""黄金ETF"", ""有色金属期货ETF"", ""能源化工期货ETF"", ""豆粕ETF"", ""煤炭ETF"", ""原油ETF""]",0.0
2020-08-14,candidate_03,CLARABEL,optimal,0.07343076612200053,,False,False,ewma,True,243,False,,,3.3720435952726852e-06,0.8508967754777601,252338.60459889786,True,False,0.0,3.3720435952728466e-06,8.508967754777602e-07,1e-06,symmetrized,87,26,60.0,CLARABEL,optimal,True,0.8508967754777601,4.999655018496363e-06,False,20,0,False,2.35,bond=0.70000000;cash=0.30000000;commodity_gold=0.40000000;defensive=0.25000000;equity=0.70000000,87,252,,,False,not_requested,True,0.007818318913000126,0.08803751349610402,,0.07459847278326845,0.5413762249972441,1.587618925213974e-11,0.1934879817460055,0.3000000000158762,0.11961656660738017,0.025582951803622276,0.3613124998271159,0.011920150148338263,,,2020-08-13,"[""可转债ETF"", ""5年国债ETF"", ""10年国债ETF"", ""信用债ETF"", ""日利ETF"", ""沪深300ETF"", ""中证500ETF"", ""中证1000ETF"", ""创业板ETF"", ""红利ETF"", ""半导体ETF"", ""证券ETF"", ""军工ETF"", ""消费ETF"", ""恒生ETF"", ""白银LOF"", ""纳指ETF"", ""标普500ETF"", ""日经225ETF"", ""欧洲ETF"", ""黄金ETF"", ""有色金属期货ETF"", ""能源化工期货ETF"", ""豆粕ETF"", ""煤炭ETF"", ""原油ETF""]",0.0
2020-08-21,candidate_03,CLARABEL,optimal,0.07984141183119257,,False,False,ewma,True,243,False,,,3.2431222669885078e-06,0.8489532776112192,261770.3582293672,True,False,0.0,3.243122266988122e-06,8.489532776112185e-07,1e-06,symmetrized,92,26,60.0,CLARABEL,optimal,True,0.8489532776112192,2.9655096106528944e-06,False,20,0,False,2.35,bond=0.70000000;cash=0.30000000;commodity_gold=0.40000000;defensive=0.25000000;equity=0.70000000,92,252,,,False,not_requested,True,0.0004809018307516059,0.08934841509427771,,0.07669497076577664,0.5650899026669236,2.013428701541642e-09,0.19288818670249153,0.3000000020134287,0.11953776399004944,0.02607190972959724,0.36150213756443317,0.011776561105921452,,,2020-08-20,"[""可转债ETF"", ""5年国债ETF"", ""10年国债ETF"", ""信用债ETF"", ""日利ETF"", ""沪深300ETF"", ""中证500ETF"", ""中证1000ETF"", ""创业板ETF"", ""红利ETF"", ""半导体ETF"", ""证券ETF"", ""军工ETF"", ""消费ETF"", ""恒生ETF"", ""白银LOF"", ""纳指ETF"", ""标普500ETF"", ""日经225ETF"", ""欧洲ETF"", ""黄金ETF"", ""有色金属期货ETF"", ""能源化工期货ETF"", ""豆粕ETF"", ""煤炭ETF"", ""原油ETF""]",0.0
2020-08-28,candidate_03,CLARABEL,optimal,0.08107591106542132,,False,False,ewma,True,243,False,,,3.0115454118759587e-06,0.8153334328747524,270735.89183131827,True,False,0.0,3.011545411875409e-06,8.153334328747523e-07,1e-06,symmetrized,97,26,60.0,CLARABEL,optimal,True,0.8153334328747524,2.9989931314977625e-06,False,20,0,False,2.35,bond=0.70000000;cash=0.30000000;commodity_gold=0.40000000;defensive=0.25000000;equity=0.70000000,97,252,,,False,not_requested,True,0.004453802565102648,0.08837807620807764,,0.07792732535351286,0.5691590247842856,7.013855607418407e-10,0.18856701349667965,0.30000000070138555,0.1181887573540567,0.02540359863806611,0.36784062980981197,0.011688295631062337,,,2020-08-27,"[""可转债ETF"", ""5年国债ETF"", ""10年国债ETF"", ""信用债ETF"", ""日利ETF"", ""沪深300ETF"", ""中证500ETF"", ""中证1000ETF"", ""创业板ETF"", ""红利ETF"", ""半导体ETF"", ""证券ETF"", ""军工ETF"", ""消费ETF"", ""恒生ETF"", ""白银LOF"", ""纳指ETF"", ""标普500ETF"", ""日经225ETF"", ""欧洲ETF"", ""黄金ETF"", ""有色金属期货ETF"", ""能源化工期货ETF"", ""豆粕ETF"", ""煤炭ETF"", ""原油ETF""]",0.0
2020-09-04,candidate_03,CLARABEL,optimal,0.08145216726891119,,False,False,ewma,True,243,False,,,2.890483971049009e-06,0.7623456274948619,263743.24685087,True,False,0.0,2.890483971048967e-06,7.623456274948619e-07,1e-06,symmetrized,102,26,60.0,CLARABEL,optimal,True,0.7623456274948619,2.0244398859503576e-06,False,20,0,False,2.35,bond=0.70000000;cash=0.30000000;commodity_gold=0.40000000;defensive=0.25000000;equity=0.70000000,102,252,,,False,not_requested,True,0.007669851534077801,0.08578266194669018,,0.07919320200884496,0.5702507142749387,9.867878736358193e-11,0.18636426302320952,0.3000000000986788,0.1154401630517121,0.02521597126673286,0.37297960255966683,0.011557416380494278,,,2020-09-03,"[""可转债ETF"", ""5年国债ETF"", ""10年国债ETF"", ""信用债ETF"", ""日利ETF"", ""沪深300ETF"", ""中证500ETF"", ""中证1000ETF"", ""创业板ETF"", ""红利ETF"", ""半导体ETF"", ""证券ETF"", ""军工ETF"", ""消费ETF"", ""恒生ETF"", ""白银LOF"", ""纳指ETF"", ""标普500ETF"", ""日经225ETF"", ""欧洲ETF"", ""黄金ETF"", ""有色金属期货ETF"", ""能源化工期货ETF"", ""豆粕ETF"", ""煤炭ETF"", ""原油ETF""]",0.0
2020-09-11,candidate_03,CLARABEL,optimal,0.0840981672264096,,False,False,ewma,True,243,False,,,2.8035569004042825e-06,0.8124069202998416,289777.2184265958,True,False,0.0,2.8035569004042724e-06,8.124069202998411e-07,1e-06,symmetrized,107,26,60.0,CLARABEL,optimal,True,0.8124069202998416,3.379835864916747e-06,False,20,0,False,2.35,bond=0.70000000;cash=0.30000000;commodity_gold=0.40000000;defensive=0.25000000;equity=0.70000000,107,252,,,False,not_requested,True,0.01789886274632304,0.08985653865001189,,0.10090488857706037,0.5787393897520752,1.8981927141226151e-10,0.1940539424109015,0.30000000018981926,0.12581563983583888,0.025388288012250536,0.3547421295511897,0.012493365131842394,,,2020-09-10,"[""可转债ETF"", ""5年国债ETF"", ""10年国债ETF"", ""信用债ETF"", ""日利ETF"", ""沪深300ETF"", ""中证500ETF"", ""中证1000ETF"", ""创业板ETF"", ""红利ETF"", ""半导体ETF"", ""证券ETF"", ""军工ETF"", ""消费ETF"", ""恒生ETF"", ""白银LOF"", ""纳指ETF"", ""标普500ETF"", ""日经225ETF"", ""欧洲ETF"", ""黄金ETF"", ""有色金属期货ETF"", ""能源化工期货ETF"", ""豆粕ETF"", ""煤炭ETF"", ""原油ETF""]",0.0
2020-09-18,candidate_03,CLARABEL,optimal,0.08337705595866253,,False,False,ewma,True,243,False,,,2.6047985882385397e-06,0.7567758587936331,290531.4300348238,True,False,0.0,2.6047985882385334e-06,7.567758587936329e-07,1e-06,symmetrized,112,26,60.0,CLARABEL,optimal,True,0.7567758587936331,1.9626495519134424e-06,False,20,0,False,2.35,bond=0.70000000;cash=0.30000000;commodity_gold=0.40000000;defensive=0.25000000;equity=0.70000000,112,252,,,False,not_requested,True,0.0015795277697855967,0.08733296632306459,,0.09871657626663274,0.5773906530069078,5.3083815121368616e-11,0.19424753559567198,0.3000000000530838,0.12569228997221069,0.025615434563629746,0.3544447398154038,0.012344271567123389,,,2020-09-17,"[""可转债ETF"", ""5年国债ETF"", ""10年国债ETF"", ""信用债ETF"", ""日利ETF"", ""沪深300ETF"", ""中证500ETF"", ""中证1000ETF"", ""创业板ETF"", ""红利ETF"", ""半导体ETF"", ""证券ETF"", ""军工ETF"", ""消费ETF"", ""恒生ETF"", ""白银LOF"", ""纳指ETF"", ""标普500ETF"", ""日经225ETF"", ""欧洲ETF"", ""黄金ETF"", ""有色金属期货ETF"", ""能源化工期货ETF"", ""豆粕ETF"", ""煤炭ETF"", ""原油ETF""]",0.0
2020-09-25,candidate_03,CLARABEL,optimal,0.08514790293460445,,False,False,ewma,True,243,False,,,2.6592971529427383e-06,0.7732550864974201,290774.2316956748,True,False,0.0,2.659297152942882e-06,7.732550864974196e-07,1e-06,symmetrized,117,26,60.0,CLARABEL,optimal,True,0.7732550864974201,3.2954720086131317e-06,False,20,0,False,2.35,bond=0.70000000;cash=0.30000000;commodity_gold=0.40000000;defensive=0.25000000;equity=0.70000000,117,252,,,False,not_requested,True,0.009888647739592686,0.08874109352270428,,0.09111343194443196,0.582913933219959,3.876531873281408e-10,0.19912719576203886,0.3000000003876532,0.12328046861365578,0.025550709899237786,0.35204162533741434,0.012153978377573902,,,2020-09-24,"[""可转债ETF"", ""5年国债ETF"", ""10年国债ETF"", ""信用债ETF"", ""日利ETF"", ""沪深300ETF"", ""中证500ETF"", ""中证1000ETF"", ""创业板ETF"", ""红利ETF"", ""半导体ETF"", ""证券ETF"", ""军工ETF"", ""消费ETF"", ""恒生ETF"", ""白银LOF"", ""纳指ETF"", ""标普500ETF"", ""日经225ETF"", ""欧洲ETF"", ""黄金ETF"", ""有色金属期货ETF"", ""能源化工期货ETF"", ""豆粕ETF"", ""煤炭ETF"", ""原油ETF""]",0.0
2020-09-30,candidate_03,CLARABEL,optimal,0.08446064725509618,,False,False,ewma,True,243,False,,,2.5849777451610962e-06,0.7441274758304333,287866.105316918,True,False,0.0,2.5849777451609467e-06,7.441274758304334e-07,1e-06,symmetrized,120,26,60.0,CLARABEL,optimal,True,0.7441274758304333,3.6844929435092544e-06,False,20,0,False,2.35,bond=0.70000000;cash=0.30000000;commodity_gold=0.40000000;defensive=0.25000000;equity=0.70000000,120,252,,,False,not_requested,True,0.003489176239395009,0.08782697233563241,,0.09725252512017757,0.5809985093868536,1.3295803347190827e-10,0.19569816366960194,0.300000000132958,0.12351136459203825,0.025354597978685722,0.35543587362671625,0.012210522755169892,,,2020-09-29,"[""可转债ETF"", ""5年国债ETF"", ""10年国债ETF"", ""信用债ETF"", ""日利ETF"", ""沪深300ETF"", ""中证500ETF"", ""中证1000ETF"", ""创业板ETF"", ""红利ETF"", ""半导体ETF"", ""证券ETF"", ""军工ETF"", ""消费ETF"", ""恒生ETF"", ""白银LOF"", ""纳指ETF"", ""标普500ETF"", ""日经225ETF"", ""欧洲ETF"", ""黄金ETF"", ""有色金属期货ETF"", ""能源化工期货ETF"", ""豆粕ETF"", ""煤炭ETF"", ""原油ETF""]",0.0
2020-10-09,candidate_03,CLARABEL,optimal,0.07848473469685542,,False,False,ewma,True,243,False,,,3.1138451641861737e-06,0.7339040523556031,235690.60555630238,True,False,0.0,3.11384516418626e-06,7.339040523556033e-07,1e-06,symmetrized,121,26,60.0,CLARABEL,optimal,True,0.7339040523556031,2.8829346177573767e-06,False,20,0,False,2.35,bond=0.70000000;cash=0.30000000;commodity_gold=0.40000000;defensive=0.25000000;equity=0.70000000,121,252,,,False,not_requested,True,0.0005141869771807103,0.08717557827960636,,0.09896366273037507,0.5602652825268353,9.982492055193859e-10,0.19577734516261416,0.3000000009982492,0.12370506754225767,0.025294727220626808,0.35522285907625234,0.01219446711805376,,,2020-09-30,"[""可转债ETF"", ""5年国债ETF"", ""10年国债ETF"", ""信用债ETF"", ""日利ETF"", ""沪深300ETF"", ""中证500ETF"", ""中证1000ETF"", ""创业板ETF"", ""红利ETF"", ""半导体ETF"", ""证券ETF"", ""军工ETF"", ""消费ETF"", ""恒生ETF"", ""白银LOF"", ""纳指ETF"", ""标普500ETF"", ""日经225ETF"", ""欧洲ETF"", ""黄金ETF"", ""有色金属期货ETF"", ""能源化工期货ETF"", ""豆粕ETF"", ""煤炭ETF"", ""原油ETF""]",0.0
2020-10-16,candidate_03,CLARABEL,optimal,0.08127581434261705,,False,False,ewma,True,243,False,,,3.049738594512319e-06,0.7624014127002461,249989.10204045245,True,False,0.0,3.0497385945121668e-06,7.624014127002466e-07,1e-06,symmetrized,126,26,60.0,CLARABEL,optimal,True,0.7624014127002461,2.3331394835429675e-06,False,20,0,False,2.35,bond=0.70000000;cash=0.30000000;commodity_gold=0.40000000;defensive=0.25000000;equity=0.70000000,126,252,,,False,not_requested,True,0.008410531556287692,0.09114039330200464,,0.090178258408687,0.5695790745876271,2.0299027458925423e-09,0.18872599123594305,0.30000000202990273,0.12354533286631204,0.025467235877649576,0.3622614379901927,0.012298356026797798,,,2020-10-15,"[""可转债ETF"", ""5年国债ETF"", ""10年国债ETF"", ""信用债ETF"", ""日利ETF"", ""沪深300ETF"", ""中证500ETF"", ""中证1000ETF"", ""创业板ETF"", ""红利ETF"", ""半导体ETF"", ""证券ETF"", ""军工ETF"", ""消费ETF"", ""恒生ETF"", ""白银LOF"", ""纳指ETF"", ""标普500ETF"", ""日经225ETF"", ""欧洲ETF"", ""黄金ETF"", ""有色金属期货ETF"", ""能源化工期货ETF"", ""豆粕ETF"", ""煤炭ETF"", ""原油ETF""]",0.0
2020-10-23,candidate_03,CLARABEL,optimal,0.08088693533873606,,False,False,ewma,True,243,False,,,2.9802981078573435e-06,0.7179791599441581,240908.50443828327,True,False,0.0,2.9802981078575913e-06,7.179791599441578e-07,1e-06,symmetrized,131,26,60.0,CLARABEL,optimal,True,0.7179791599441581,6.148748031314932e-06,False,20,0,False,2.35,bond=0.70000000;cash=0.30000000;commodity_gold=0.40000000;defensive=0.25000000;equity=0.70000000,131,252,,,False,not_requested,True,0.003263912921432124,0.08742056573549245,,0.08824059137877953,0.5685795561095421,1.2452910924665161e-10,0.19092347467496368,0.3000000001245291,0.12614810247921074,0.02533241466707493,0.3575960080542216,0.012053336213611708,,,2020-10-22,"[""可转债ETF"", ""5年国债ETF"", ""10年国债ETF"", ""信用债ETF"", ""日利ETF"", ""沪深300ETF"", ""中证500ETF"", ""中证1000ETF"", ""创业板ETF"", ""红利ETF"", ""半导体ETF"", ""证券ETF"", ""军工ETF"", ""消费ETF"", ""恒生ETF"", ""白银LOF"", ""纳指ETF"", ""标普500ETF"", ""日经225ETF"", ""欧洲ETF"", ""黄金ETF"", ""有色金属期货ETF"", ""能源化工期货ETF"", ""豆粕ETF"", ""煤炭ETF"", ""原油ETF""]",0.0
2020-10-30,candidate_03,CLARABEL,optimal,0.08074486342751477,,False,False,ewma,True,243,False,,,2.7810823957004197e-06,0.6817413989742558,245135.27539789348,True,False,0.0,2.7810823957009474e-06,6.817413989742556e-07,1e-06,symmetrized,136,26,60.0,CLARABEL,optimal,True,0.6817413989742558,2.163928767597023e-06,False,20,0,False,2.35,bond=0.70000000;cash=0.30000000;commodity_gold=0.40000000;defensive=0.25000000;equity=0.70000000,136,252,,,False,not_requested,True,0.00461294371772002,0.08458368126091599,,0.0859368082306082,0.5679831711240929,9.772233022786736e-11,0.19458657616712105,0.3000000000977223,0.12381801680243418,0.02548193818668028,0.35611346874604216,0.011870006472540464,,,2020-10-29,"[""可转债ETF"", ""5年国债ETF"", ""10年国债ETF"", ""信用债ETF"", ""日利ETF"", ""沪深300ETF"", ""中证500ETF"", ""中证1000ETF"", ""创业板ETF"", ""红利ETF"", ""半导体ETF"", ""证券ETF"", ""军工ETF"", ""消费ETF"", ""恒生ETF"", ""白银LOF"", ""纳指ETF"", ""标普500ETF"", ""日经225ETF"", ""欧洲ETF"", ""黄金ETF"", ""有色金属期货ETF"", ""能源化工期货ETF"", ""豆粕ETF"", ""煤炭ETF"", ""原油ETF""]",0.0
2020-11-06,candidate_03,CLARABEL,optimal,0.08011646393881504,,False,False,ewma,True,243,False,,,2.8653411288566066e-06,0.6720714205785923,234551.9749150348,True,False,0.0,2.8653411288581926e-06,6.720714205785918e-07,1e-06,symmetrized,141,26,60.0,CLARABEL,optimal,True,0.6720714205785923,4.200263051604147e-06,False,20,0,False,2.35,bond=0.70000000;cash=0.30000000;commodity_gold=0.40000000;defensive=0.25000000;equity=0.70000000,141,252,,,False,not_requested,True,0.005944757854822189,0.08547359315981529,,0.08855964016486575,0.565670523730421,0.0,0.19185623775309532,0.2999999999942263,0.12456760577801237,0.025997406983003204,0.3575787494916629,0.011849636175131314,,,2020-11-05,"[""可转债ETF"", ""5年国债ETF"", ""10年国债ETF"", ""信用债ETF"", ""日利ETF"", ""沪深300ETF"", ""中证500ETF"", ""中证1000ETF"", ""创业板ETF"", ""红利ETF"", ""半导体ETF"", ""证券ETF"", ""军工ETF"", ""消费ETF"", ""恒生ETF"", ""白银LOF"", ""纳指ETF"", ""标普500ETF"", ""日经225ETF"", ""欧洲ETF"", ""黄金ETF"", ""有色金属期货ETF"", ""能源化工期货ETF"", ""豆粕ETF"", ""煤炭ETF"", ""原油ETF""]",0.0
2020-11-13,candidate_03,CLARABEL,optimal,0.07999580630682283,,False,False,ewma,True,243,False,,,3.0598084198831687e-06,0.6783967063942751,221712.15099152448,True,False,0.0,3.0598084198821938e-06,6.783967063942748e-07,1e-06,symmetrized,146,26,60.0,CLARABEL,optimal,True,0.6783967063942751,1.8100055124391223e-06,False,20,0,False,2.35,bond=0.70000000;cash=0.30000000;commodity_gold=0.40000000;defensive=0.25000000;equity=0.70000000,146,252,,,False,not_requested,True,0.0003664789164635031,0.08422314879450843,,0.0862162523806738,0.5656442938272025,4.117689522686874e-11,0.19136636529954143,0.3000000000411769,0.12478890069447585,0.026809582597523026,0.3570351513672827,0.011653566896398808,,,2020-11-12,"[""可转债ETF"", ""5年国债ETF"", ""10年国债ETF"", ""信用债ETF"", ""日利ETF"", ""沪深300ETF"", ""中证500ETF"", ""中证1000ETF"", ""创业板ETF"", ""红利ETF"", ""半导体ETF"", ""证券ETF"", ""军工ETF"", ""消费ETF"", ""恒生ETF"", ""白银LOF"", ""纳指ETF"", ""标普500ETF"", ""日经225ETF"", ""欧洲ETF"", ""黄金ETF"", ""有色金属期货ETF"", ""能源化工期货ETF"", ""豆粕ETF"", ""煤炭ETF"", ""原油ETF""]",0.0
2020-11-20,candidate_03,CLARABEL,optimal,0.0811849469151059,,False,False,ewma,True,243,False,,,3.0222504220350818e-06,0.6416336008867067,212303.25462396734,True,False,0.0,3.022250422034801e-06,6.416336008867069e-07,1e-06,symmetrized,151,26,60.0,CLARABEL,optimal,True,0.6416336008867067,2.9135897445242698e-06,False,20,0,False,2.35,bond=0.70000000;cash=0.30000000;commodity_gold=0.40000000;defensive=0.25000000;equity=0.70000000,151,252,,,False,not_requested,True,0.0007625402923281954,0.0824881495462133,,0.08351945120580653,0.569805115270727,1.7081797087925565e-10,0.1899813900683986,0.30000000017081796,0.12508766299264087,0.027179030248610955,0.35775191651953187,0.01157488243969231,,,2020-11-19,"[""可转债ETF"", ""5年国债ETF"", ""10年国债ETF"", ""信用债ETF"", ""日利ETF"", ""沪深300ETF"", ""中证500ETF"", ""中证1000ETF"", ""创业板ETF"", ""红利ETF"", ""半导体ETF"", ""证券ETF"", ""军工ETF"", ""消费ETF"", ""恒生ETF"", ""白银LOF"", ""纳指ETF"", ""标普500ETF"", ""日经225ETF"", ""欧洲ETF"", ""黄金ETF"", ""有色金属期货ETF"", ""能源化工期货ETF"", ""豆粕ETF"", ""煤炭ETF"", ""原油ETF""]",0.0
2020-11-27,candidate_03,CLARABEL,optimal,0.08123172899090983,,False,False,ewma,True,243,False,,,2.834399035660613e-06,0.6097181569295094,215113.73284368988,True,False,0.0,2.8343990356607424e-06,6.097181569295094e-07,1e-06,symmetrized,156,26,60.0,CLARABEL,optimal,True,0.6097181569295094,2.8671197404295246e-06,False,20,0,False,2.35,bond=0.70000000;cash=0.30000000;commodity_gold=0.40000000;defensive=0.25000000;equity=0.70000000,156,252,,,False,not_requested,True,0.001220963525514691,0.08028305572103489,,0.08354636178819391,0.5699366400972722,2.3021793360555876e-09,0.1890664145267979,0.3000000023021793,0.1253853455870939,0.02724141645569658,0.3583068211282322,0.011497298422000393,,,2020-11-26,"[""可转债ETF"", ""5年国债ETF"", ""10年国债ETF"", ""信用债ETF"", ""日利ETF"", ""沪深300ETF"", ""中证500ETF"", ""中证1000ETF"", ""创业板ETF"", ""红利ETF"", ""半导体ETF"", ""证券ETF"", ""军工ETF"", ""消费ETF"", ""恒生ETF"", ""白银LOF"", ""纳指ETF"", ""标普500ETF"", ""日经225ETF"", ""欧洲ETF"", ""黄金ETF"", ""有色金属期货ETF"", ""能源化工期货ETF"", ""豆粕ETF"", ""煤炭ETF"", ""原油ETF""]",0.0
2020-12-04,candidate_03,CLARABEL,optimal,0.08239894008354638,,False,False,ewma,True,243,False,,,2.746874772537023e-06,0.5809929494677282,211510.5338169898,True,False,0.0,2.7468747725386696e-06,5.809929494677283e-07,1e-06,symmetrized,161,26,60.0,CLARABEL,optimal,True,0.5809929494677282,7.195228918042279e-06,False,20,0,False,2.35,bond=0.70000000;cash=0.30000000;commodity_gold=0.40000000;defensive=0.25000000;equity=0.70000000,161,252,,,False,not_requested,True,0.003869040468045491,0.07912830239353943,,0.08346210457562336,0.5738306320232305,1.3494005912662033e-10,0.18770260129133814,0.30000000013494005,0.12420491557154989,0.02684074312376906,0.36125173987840287,0.011496113195398549,,,2020-12-03,"[""可转债ETF"", ""5年国债ETF"", ""10年国债ETF"", ""信用债ETF"", ""日利ETF"", ""沪深300ETF"", ""中证500ETF"", ""中证1000ETF"", ""创业板ETF"", ""红利ETF"", ""半导体ETF"", ""证券ETF"", ""军工ETF"", ""消费ETF"", ""恒生ETF"", ""白银LOF"", ""纳指ETF"", ""标普500ETF"", ""日经225ETF"", ""欧洲ETF"", ""黄金ETF"", ""有色金属期货ETF"", ""能源化工期货ETF"", ""豆粕ETF"", ""煤炭ETF"", ""原油ETF""]",0.0
2020-12-11,candidate_03,CLARABEL,optimal,0.08199179102548619,,False,False,ewma,True,243,False,,,2.8099445156652396e-06,0.5523489300213074,196569.33684704505,True,False,0.0,2.8099445156654894e-06,5.523489300213075e-07,1e-06,symmetrized,166,26,60.0,CLARABEL,optimal,True,0.5523489300213074,2.886213707399554e-06,False,20,0,False,2.35,bond=0.70000000;cash=0.30000000;commodity_gold=0.40000000;defensive=0.25000000;equity=0.70000000,166,252,,,False,not_requested,True,0.0017985760394578785,0.07653113007126916,,0.0836061169057585,0.5725566519808681,1.6241363254287933e-09,0.18920881701754932,0.3000000016241363,0.126068018797188,0.02614361506840335,0.3585795474927229,0.011347515793629956,,,2020-12-10,"[""可转债ETF"", ""5年国债ETF"", ""10年国债ETF"", ""信用债ETF"", ""日利ETF"", ""沪深300ETF"", ""中证500ETF"", ""中证1000ETF"", ""创业板ETF"", ""红利ETF"", ""半导体ETF"", ""证券ETF"", ""军工ETF"", ""消费ETF"", ""恒生ETF"", ""白银LOF"", ""纳指ETF"", ""标普500ETF"", ""日经225ETF"", ""欧洲ETF"", ""黄金ETF"", ""有色金属期货ETF"", ""能源化工期货ETF"", ""豆粕ETF"", ""煤炭ETF"", ""原油ETF""]",0.0
2020-12-18,candidate_03,CLARABEL,optimal,0.08245608661439559,,False,False,ewma,True,243,False,,,2.9137953768755277e-06,0.5247354698651983,180086.5887939852,True,False,0.0,2.9137953768752672e-06,5.247354698651984e-07,1e-06,symmetrized,171,26,60.0,CLARABEL,optimal,True,0.5247354698651983,3.1347609930551523e-06,False,20,0,False,2.35,bond=0.70000000;cash=0.30000000;commodity_gold=0.40000000;defensive=0.25000000;equity=0.70000000,171,252,,,False,not_requested,True,0.004083558185905539,0.07510616829124263,,0.08616299944936778,0.5740146004527121,6.45199449422762e-11,0.1859137026382345,0.30000000006451993,0.12831370029951472,0.025649341717131447,0.3601232552805995,0.011364095171593761,,,2020-12-17,"[""可转债ETF"", ""5年国债ETF"", ""10年国债ETF"", ""信用债ETF"", ""日利ETF"", ""沪深300ETF"", ""中证500ETF"", ""中证1000ETF"", ""创业板ETF"", ""红利ETF"", ""半导体ETF"", ""证券ETF"", ""军工ETF"", ""消费ETF"", ""恒生ETF"", ""白银LOF"", ""纳指ETF"", ""标普500ETF"", ""日经225ETF"", ""欧洲ETF"", ""黄金ETF"", ""有色金属期货ETF"", ""能源化工期货ETF"", ""豆粕ETF"", ""煤炭ETF"", ""原油ETF""]",0.0
2020-12-25,candidate_03,CLARABEL,optimal,0.08327919881136789,,False,False,ewma,True,243,False,,,1.9731977042519137e-06,0.41910672139406,212399.76130671275,True,False,0.0,1.973197704251866e-06,4.191067213940601e-07,1e-06,symmetrized,60,27,60.0,CLARABEL,optimal,True,0.41910672139406,1.8917338894183788e-06,False,20,0,False,2.35,bond=0.70000000;cash=0.30000000;commodity_gold=0.40000000;defensive=0.25000000;equity=0.70000000,60,252,,,False,not_requested,True,0.00017182590792422063,0.06316401279018354,,0.08263963867236496,0.5771506241686348,3.112149427053623e-11,0.18615838384180733,0.3000000000311215,0.12951148745109606,0.025216819264171787,0.3591133094118034,0.009044464720464822,,,2020-12-24,"[""可转债ETF"", ""5年国债ETF"", ""10年国债ETF"", ""信用债ETF"", ""日利ETF"", ""沪深300ETF"", ""中证500ETF"", ""中证1000ETF"", ""创业板ETF"", ""红利ETF"", ""半导体ETF"", ""人工智能ETF"", ""证券ETF"", ""军工ETF"", ""消费ETF"", ""恒生ETF"", ""白银LOF"", ""纳指ETF"", ""标普500ETF"", ""日经225ETF"", ""欧洲ETF"", ""黄金ETF"", ""有色金属期货ETF"", ""能源化工期货ETF"", ""豆粕ETF"", ""煤炭ETF"", ""原油ETF""]",0.0
2020-12-31,candidate_03,CLARABEL,optimal,0.08579950574556679,,False,False,ewma,True,243,False,,,2.137575811647564e-06,0.3986768940839599,186508.89101176467,True,False,0.0,2.137575811647838e-06,3.9867689408395984e-07,1e-06,symmetrized,64,27,60.0,CLARABEL,optimal,True,0.3986768940839599,3.96788826689809e-06,False,20,0,False,2.35,bond=0.70000000;cash=0.30000000;commodity_gold=0.40000000;defensive=0.25000000;equity=0.70000000,64,252,,,False,not_requested,True,0.004804375449858113,0.06173603637575754,,0.08737415771090451,0.5854979997126072,2.380026176140859e-10,0.18377347073614636,0.3000000002380026,0.12903857083913967,0.02480065903599104,0.3623872991507204,0.00884520091979371,,,2020-12-30,"[""可转债ETF"", ""5年国债ETF"", ""10年国债ETF"", ""信用债ETF"", ""日利ETF"", ""沪深300ETF"", ""中证500ETF"", ""中证1000ETF"", ""创业板ETF"", ""红利ETF"", ""半导体ETF"", ""人工智能ETF"", ""证券ETF"", ""军工ETF"", ""消费ETF"", ""恒生ETF"", ""白银LOF"", ""纳指ETF"", ""标普500ETF"", ""日经225ETF"", ""欧洲ETF"", ""黄金ETF"", ""有色金属期货ETF"", ""能源化工期货ETF"", ""豆粕ETF"", ""煤炭ETF"", ""原油ETF""]",0.0
2021-01-08,candidate_03,CLARABEL,optimal,0.05945092513277957,,False,False,ewma,True,243,False,,,2.4649505135914734e-06,0.4160800249015343,168798.53068340055,True,False,0.0,2.464950513591149e-06,4.16080024901534e-07,1e-06,symmetrized,69,27,60.0,CLARABEL,optimal,True,0.4160800249015343,4.176674157932436e-06,False,20,0,False,2.35,bond=0.70000000;cash=0.30000000;commodity_gold=0.40000000;defensive=0.25000000;equity=0.70000000,69,252,,,False,not_requested,True,0.01260037938018519,0.0633498081715385,,0.094516827012674,0.4866010169445646,4.8855769430034e-10,0.17976122194388494,0.3000000004885577,0.1302537473218386,0.024095102135319176,0.3658899281103997,0.008626024779240085,,,2021-01-07,"[""可转债ETF"", ""5年国债ETF"", ""10年国债ETF"", ""信用债ETF"", ""日利ETF"", ""沪深300ETF"", ""中证500ETF"", ""中证1000ETF"", ""创业板ETF"", ""红利ETF"", ""半导体ETF"", ""人工智能ETF"", ""证券ETF"", ""军工ETF"", ""消费ETF"", ""恒生ETF"", ""白银LOF"", ""纳指ETF"", ""标普500ETF"", ""日经225ETF"", ""欧洲ETF"", ""黄金ETF"", ""有色金属期货ETF"", ""能源化工期货ETF"", ""豆粕ETF"", ""煤炭ETF"", ""原油ETF""]",0.0
2021-01-15,candidate_03,CLARABEL,optimal,0.05741826350090065,,False,False,ewma,True,243,False,,,3.1180709836720793e-06,0.4625765603792267,148353.44121462593,True,False,0.0,3.1180709836709756e-06,4.625765603792268e-07,1e-06,symmetrized,74,27,60.0,CLARABEL,optimal,True,0.4625765603792267,2.922719866953194e-06,False,20,0,False,2.35,bond=0.70000000;cash=0.30000000;commodity_gold=0.40000000;defensive=0.25000000;equity=0.70000000,74,252,,,False,not_requested,True,0.003424170835533916,0.06554675346243219,,0.09355136026113914,0.4789519927213279,4.692707333830981e-11,0.18120576964527924,0.30000000004692706,0.12892329308382025,0.024289636418093175,0.36558130080588,0.008916549537174108,,,2021-01-14,"[""可转债ETF"", ""5年国债ETF"", ""10年国债ETF"", ""信用债ETF"", ""日利ETF"", ""沪深300ETF"", ""中证500ETF"", ""中证1000ETF"", ""创业板ETF"", ""红利ETF"", ""半导体ETF"", ""人工智能ETF"", ""证券ETF"", ""军工ETF"", ""消费ETF"", ""恒生ETF"", ""白银LOF"", ""纳指ETF"", ""标普500ETF"", ""日经225ETF"", ""欧洲ETF"", ""黄金ETF"", ""有色金属期货ETF"", ""能源化工期货ETF"", ""豆粕ETF"", ""煤炭ETF"", ""原油ETF""]",0.0
2021-01-22,candidate_03,CLARABEL,optimal,0.06074450224306965,,False,False,ewma,True,243,False,,,2.9437567879083333e-06,0.4494671344581793,152684.87407125274,True,False,0.0,2.9437567879091e-06,4.494671344581792e-07,1e-06,symmetrized,79,27,60.0,CLARABEL,optimal,True,0.4494671344581793,1.247382971057004e-06,False,20,0,False,2.35,bond=0.70000000;cash=0.30000000;commodity_gold=0.40000000;defensive=0.25000000;equity=0.70000000,79,252,,,False,not_requested,True,0.005352394161797781,0.0643691834755324,,0.09646136995214409,0.49248694862538306,2.668122944804452e-10,0.17958177127630517,0.3000000002668123,0.12843830349745256,0.02440232416159059,0.36757760079783935,0.00893819120206573,,,2021-01-21,"[""可转债ETF"", ""5年国债ETF"", ""10年国债ETF"", ""信用债ETF"", ""日利ETF"", ""沪深300ETF"", ""中证500ETF"", ""中证1000ETF"", ""创业板ETF"", ""红利ETF"", ""半导体ETF"", ""人工智能ETF"", ""证券ETF"", ""军工ETF"", ""消费ETF"", ""恒生ETF"", ""白银LOF"", ""纳指ETF"", ""标普500ETF"", ""日经225ETF"", ""欧洲ETF"", ""黄金ETF"", ""有色金属期货ETF"", ""能源化工期货ETF"", ""豆粕ETF"", ""煤炭ETF"", ""原油ETF""]",0.0
2021-01-29,candidate_03,CLARABEL,optimal,0.06324554287882,,False,False,ewma,True,243,False,,,2.884813230569334e-06,0.47515333036587315,164708.52439625666,True,False,0.0,2.884813230569146e-06,4.751533303658729e-07,1e-06,symmetrized,84,27,60.0,CLARABEL,optimal,True,0.47515333036587315,4.3210348151107025e-06,False,20,0,False,2.35,bond=0.70000000;cash=0.30000000;commodity_gold=0.40000000;defensive=0.25000000;equity=0.70000000,84,252,,,False,not_requested,True,0.011378909319565146,0.06888913015303158,,0.09140884948439892,0.5020539852232341,6.469103031037093e-12,0.18245417514907986,0.3000000000064691,0.1273478111695384,0.023878062767189914,0.36631995090772285,0.00957148931039143,,,2021-01-28,"[""可转债ETF"", ""5年国债ETF"", ""10年国债ETF"", ""信用债ETF"", ""日利ETF"", ""沪深300ETF"", ""中证500ETF"", ""中证1000ETF"", ""创业板ETF"", ""红利ETF"", ""半导体ETF"", ""人工智能ETF"", ""证券ETF"", ""军工ETF"", ""消费ETF"", ""恒生ETF"", ""白银LOF"", ""纳指ETF"", ""标普500ETF"", ""日经225ETF"", ""欧洲ETF"", ""黄金ETF"", ""有色金属期货ETF"", ""能源化工期货ETF"", ""豆粕ETF"", ""煤炭ETF"", ""原油ETF""]",0.0
2021-02-05,candidate_03,CLARABEL,optimal,0.06858980727075463,,False,False,ewma,True,243,False,,,2.829961879538298e-06,0.4705317463895259,166267.874416136,True,False,0.0,2.8299618795402163e-06,4.70531746389526e-07,1e-06,symmetrized,89,27,60.0,CLARABEL,optimal,True,0.4705317463895259,4.176578987602486e-06,False,20,0,False,2.35,bond=0.70000000;cash=0.30000000;commodity_gold=0.40000000;defensive=0.25000000;equity=0.70000000,89,252,,,False,not_requested,True,0.0006584972973992789,0.06763840290411308,,0.09143959245020472,0.5237420730688627,1.403114291420593e-10,0.1819118047064018,0.3000000001403114,0.1283434915574844,0.02354869178987219,0.36619601180593,0.009497331093519143,,,2021-02-04,"[""可转债ETF"", ""5年国债ETF"", ""10年国债ETF"", ""信用债ETF"", ""日利ETF"", ""沪深300ETF"", ""中证500ETF"", ""中证1000ETF"", ""创业板ETF"", ""红利ETF"", ""半导体ETF"", ""人工智能ETF"", ""证券ETF"", ""军工ETF"", ""消费ETF"", ""恒生ETF"", ""白银LOF"", ""纳指ETF"", ""标普500ETF"", ""日经225ETF"", ""欧洲ETF"", ""黄金ETF"", ""有色金属期货ETF"", ""能源化工期货ETF"", ""豆粕ETF"", ""煤炭ETF"", ""原油ETF""]",0.0
2021-02-10,candidate_03,CLARABEL,optimal,0.0592891283755071,,False,False,ewma,True,243,False,,,2.1987812046617246e-06,0.5237021990301198,238178.40443596558,True,False,0.0,2.1987812046621515e-06,5.237021990301199e-07,1e-06,symmetrized,60,28,60.0,CLARABEL,optimal,True,0.5237021990301198,4.037580259644291e-06,False,20,0,False,2.35,bond=0.70000000;cash=0.30000000;commodity_gold=0.40000000;defensive=0.25000000;equity=0.70000000,60,252,,,False,not_requested,True,0.007362210880247792,0.06627972104608021,,0.09967357594297668,0.4863730070114538,3.499365797132725e-10,0.17938676087417543,0.30000000034993657,0.12935755221982065,0.023698830041508693,0.3675568565145588,0.009490568929355209,,,2021-02-09,"[""可转债ETF"", ""5年国债ETF"", ""10年国债ETF"", ""信用债ETF"", ""日利ETF"", ""沪深300ETF"", ""中证500ETF"", ""中证1000ETF"", ""创业板ETF"", ""红利ETF"", ""半导体ETF"", ""人工智能ETF"", ""科创50ETF"", ""证券ETF"", ""军工ETF"", ""消费ETF"", ""恒生ETF"", ""白银LOF"", ""纳指ETF"", ""标普500ETF"", ""日经225ETF"", ""欧洲ETF"", ""黄金ETF"", ""有色金属期货ETF"", ""能源化工期货ETF"", ""豆粕ETF"", ""煤炭ETF"", ""原油ETF""]",0.0
2021-02-19,candidate_03,CLARABEL,optimal,0.05135685995499127,,False,False,ewma,True,243,False,,,2.414102219599665e-06,0.5061142483613037,209649.0547302647,True,False,0.0,2.41410221959885e-06,5.061142483613033e-07,1e-06,symmetrized,62,28,60.0,CLARABEL,optimal,True,0.5061142483613037,6.592913008196533e-06,False,20,0,False,2.35,bond=0.70000000;cash=0.30000000;commodity_gold=0.40000000;defensive=0.25000000;equity=0.70000000,62,252,,,False,not_requested,True,0.0027340718352240135,0.06507202489791573,,0.096405101092289,0.4529960630965659,9.156103653040759e-11,0.17862747798695022,0.300000000091561,0.1293213636902408,0.024344894516095363,0.3677062637151527,0.00946959657513703,,,2021-02-18,"[""可转债ETF"", ""5年国债ETF"", ""10年国债ETF"", ""信用债ETF"", ""日利ETF"", ""沪深300ETF"", ""中证500ETF"", ""中证1000ETF"", ""创业板ETF"", ""红利ETF"", ""半导体ETF"", ""人工智能ETF"", ""科创50ETF"", ""证券ETF"", ""军工ETF"", ""消费ETF"", ""恒生ETF"", ""白银LOF"", ""纳指ETF"", ""标普500ETF"", ""日经225ETF"", ""欧洲ETF"", ""黄金ETF"", ""有色金属期货ETF"", ""能源化工期货ETF"", ""豆粕ETF"", ""煤炭ETF"", ""原油ETF""]",0.0
2021-02-26,candidate_03,CLARABEL,optimal,0.04550157800112887,,False,False,ewma,True,243,False,,,2.35304325870218e-06,0.4889191920355609,207781.64201929042,True,False,0.0,2.353043258702148e-06,4.889191920355612e-07,1e-06,symmetrized,67,28,60.0,CLARABEL,optimal,True,0.4889191920355609,3.184525276117567e-06,False,20,0,False,2.35,bond=0.70000000;cash=0.30000000;commodity_gold=0.40000000;defensive=0.25000000;equity=0.70000000,67,252,,,False,not_requested,True,0.0032785853667783227,0.06454120567540729,,0.08857696122457862,0.4263098531264695,8.021799891011483e-11,0.18158192550505087,0.300000000080218,0.13443709565349204,0.025205776246022226,0.3587752025152169,0.009281309017414831,,,2021-02-25,"[""可转债ETF"", ""5年国债ETF"", ""10年国债ETF"", ""信用债ETF"", ""日利ETF"", ""沪深300ETF"", ""中证500ETF"", ""中证1000ETF"", ""创业板ETF"", ""红利ETF"", ""半导体ETF"", ""人工智能ETF"", ""科创50ETF"", ""证券ETF"", ""军工ETF"", ""消费ETF"", ""恒生ETF"", ""白银LOF"", ""纳指ETF"", ""标普500ETF"", ""日经225ETF"", ""欧洲ETF"", ""黄金ETF"", ""有色金属期货ETF"", ""能源化工期货ETF"", ""豆粕ETF"", ""煤炭ETF"", ""原油ETF""]",0.0
2021-03-05,candidate_03,CLARABEL,optimal,0.03601401950242847,,False,False,ewma,True,243,False,,,2.3983567258911704e-06,0.5743903562940798,239493.2955941533,True,False,0.0,2.3983567258914207e-06,5.743903562940798e-07,1e-06,symmetrized,72,28,60.0,CLARABEL,optimal,True,0.5743903562940798,5.262747167937565e-06,False,20,0,False,2.35,bond=0.70000000;cash=0.30000000;commodity_gold=0.40000000;defensive=0.25000000;equity=0.70000000,72,252,,,False,not_requested,True,0.010435582296556264,0.07456219773934239,,0.07977803058047042,0.3784292651569557,2.0442992298974616e-09,0.18991100935799402,0.3000000020442992,0.1308274351169439,0.02591454697705582,0.35334700650370726,0.011265161520450288,,,2021-03-04,"[""可转债ETF"", ""5年国债ETF"", ""10年国债ETF"", ""信用债ETF"", ""日利ETF"", ""沪深300ETF"", ""中证500ETF"", ""中证1000ETF"", ""创业板ETF"", ""红利ETF"", ""半导体ETF"", ""人工智能ETF"", ""科创50ETF"", ""证券ETF"", ""军工ETF"", ""消费ETF"", ""恒生ETF"", ""白银LOF"", ""纳指ETF"", ""标普500ETF"", ""日经225ETF"", ""欧洲ETF"", ""黄金ETF"", ""有色金属期货ETF"", ""能源化工期货ETF"", ""豆粕ETF"", ""煤炭ETF"", ""原油ETF""]",0.0
2021-03-12,candidate_03,CLARABEL,optimal,0.03508783238370521,,False,False,ewma,True,243,False,,,2.2390731948934506e-06,0.6579962791179148,293869.92824467557,True,False,0.0,2.239073194893699e-06,6.579962791179149e-07,1e-06,symmetrized,77,28,60.0,CLARABEL,optimal,True,0.6579962791179148,4.098291367726076e-06,False,20,0,False,2.35,bond=0.70000000;cash=0.30000000;commodity_gold=0.40000000;defensive=0.25000000;equity=0.70000000,77,252,,,False,not_requested,True,0.002320609291673029,0.07486018434842596,,0.08033189437551419,0.3743833544114066,1.669268612225494e-10,0.1919211933970594,0.30000000016692685,0.1326637605519632,0.02583041539828596,0.34958463048576477,0.011013098835751358,,,2021-03-11,"[""可转债ETF"", ""5年国债ETF"", ""10年国债ETF"", ""信用债ETF"", ""日利ETF"", ""沪深300ETF"", ""中证500ETF"", ""中证1000ETF"", ""创业板ETF"", ""红利ETF"", ""半导体ETF"", ""人工智能ETF"", ""科创50ETF"", ""证券ETF"", ""军工ETF"", ""消费ETF"", ""恒生ETF"", ""白银LOF"", ""纳指ETF"", ""标普500ETF"", ""日经225ETF"", ""欧洲ETF"", ""黄金ETF"", ""有色金属期货ETF"", ""能源化工期货ETF"", ""豆粕ETF"", ""煤炭ETF"", ""原油ETF""]",0.0
2021-03-19,candidate_03,CLARABEL,optimal,0.04056554433109027,,False,False,ewma,True,243,False,,,2.6708210609563113e-06,0.6233388196133371,233388.4619698727,True,False,0.0,2.670821060955655e-06,6.233388196133366e-07,1e-06,symmetrized,82,28,60.0,CLARABEL,optimal,True,0.6233388196133371,4.521092045055991e-06,False,20,0,False,2.35,bond=0.70000000;cash=0.30000000;commodity_gold=0.40000000;defensive=0.25000000;equity=0.70000000,82,252,,,False,not_requested,True,0.0013474127240468915,0.07259628006243393,,0.08289899587891927,0.40268196807302975,4.3052328368986537e-10,0.1912687044290798,0.3000000004305233,0.13281738047402594,0.026155704286415,0.3497582103799561,0.010883015720158498,,,2021-03-18,"[""可转债ETF"", ""5年国债ETF"", ""10年国债ETF"", ""信用债ETF"", ""日利ETF"", ""沪深300ETF"", ""中证500ETF"", ""中证1000ETF"", ""创业板ETF"", ""红利ETF"", ""半导体ETF"", ""人工智能ETF"", ""科创50ETF"", ""证券ETF"", ""军工ETF"", ""消费ETF"", ""恒生ETF"", ""白银LOF"", ""纳指ETF"", ""标普500ETF"", ""日经225ETF"", ""欧洲ETF"", ""黄金ETF"", ""有色金属期货ETF"", ""能源化工期货ETF"", ""豆粕ETF"", ""煤炭ETF"", ""原油ETF""]",0.0
2021-03-26,candidate_03,CLARABEL,optimal,0.041729076603192396,,False,False,ewma,True,243,False,,,2.7738653356970475e-06,0.6016521055174227,216900.25747635396,True,False,0.0,2.7738653356968133e-06,6.016521055174226e-07,1e-06,symmetrized,87,28,60.0,CLARABEL,optimal,True,0.6016521055174227,4.246093188900457e-06,False,20,0,False,2.35,bond=0.70000000;cash=0.30000000;commodity_gold=0.40000000;defensive=0.25000000;equity=0.70000000,87,252,,,False,not_requested,True,0.007738508436831184,0.07140169561430741,,0.08148977461224818,0.40778418253740406,1.7296885035378295e-09,0.19768860294323432,0.3000000017296885,0.13082503261559156,0.025921113501271797,0.3455652492102139,0.010613053130576562,,,2021-03-25,"[""可转债ETF"", ""5年国债ETF"", ""10年国债ETF"", ""信用债ETF"", ""日利ETF"", ""沪深300ETF"", ""中证500ETF"", ""中证1000ETF"", ""创业板ETF"", ""红利ETF"", ""半导体ETF"", ""人工智能ETF"", ""科创50ETF"", ""证券ETF"", ""军工ETF"", ""消费ETF"", ""恒生ETF"", ""白银LOF"", ""纳指ETF"", ""标普500ETF"", ""日经225ETF"", ""欧洲ETF"", ""黄金ETF"", ""有色金属期货ETF"", ""能源化工期货ETF"", ""豆粕ETF"", ""煤炭ETF"", ""原油ETF""]",0.0
2021-04-02,candidate_03,CLARABEL,optimal,0.04246884793019403,,False,False,ewma,True,243,False,,,2.9014915970901476e-06,0.5869876418526638,202305.47710058608,True,False,0.0,2.901491597090194e-06,5.869876418526638e-07,1e-06,symmetrized,92,28,60.0,CLARABEL,optimal,True,0.5869876418526638,2.8082620634473088e-06,False,20,0,False,2.35,bond=0.70000000;cash=0.30000000;commodity_gold=0.40000000;defensive=0.25000000;equity=0.70000000,92,252,,,False,not_requested,True,0.00771147015676453,0.07185547440550992,,0.08596889264590776,0.41139910104914773,8.322113553838051e-10,0.19538665796504112,0.30000000083221134,0.13025694937172927,0.026319563242467706,0.3480368285885507,0.010557450320342762,,,2021-04-01,"[""可转债ETF"", ""5年国债ETF"", ""10年国债ETF"", ""信用债ETF"", ""日利ETF"", ""沪深300ETF"", ""中证500ETF"", ""中证1000ETF"", ""创业板ETF"", ""红利ETF"", ""半导体ETF"", ""人工智能ETF"", ""科创50ETF"", ""证券ETF"", ""军工ETF"", ""消费ETF"", ""恒生ETF"", ""白银LOF"", ""纳指ETF"", ""标普500ETF"", ""日经225ETF"", ""欧洲ETF"", ""黄金ETF"", ""有色金属期货ETF"", ""能源化工期货ETF"", ""豆粕ETF"", ""煤炭ETF"", ""原油ETF""]",0.0
2021-04-09,candidate_03,CLARABEL,optimal,0.04134546348949445,,False,False,ewma,True,243,False,,,2.7775751452327535e-06,0.5629464231653332,202675.4970541615,True,False,0.0,2.7775751452324896e-06,5.629464231653328e-07,1e-06,symmetrized,96,28,60.0,CLARABEL,optimal,True,0.5629464231653332,2.2916929428573596e-06,False,20,0,False,2.35,bond=0.70000000;cash=0.30000000;commodity_gold=0.40000000;defensive=0.25000000;equity=0.70000000,96,252,,,False,not_requested,True,0.0037812900497834236,0.07063335803967928,,0.08452060129134234,0.40629399848623826,1.2590420372937672e-09,0.19388746950642996,0.300000001259042,0.1311789976098462,0.026191950965412273,0.34874158065926947,0.010500201005706356,,,2021-04-08,"[""可转债ETF"", ""5年国债ETF"", ""10年国债ETF"", ""信用债ETF"", ""日利ETF"", ""沪深300ETF"", ""中证500ETF"", ""中证1000ETF"", ""创业板ETF"", ""红利ETF"", ""半导体ETF"", ""人工智能ETF"", ""科创50ETF"", ""证券ETF"", ""军工ETF"", ""消费ETF"", ""恒生ETF"", ""白银LOF"", ""纳指ETF"", ""标普500ETF"", ""日经225ETF"", ""欧洲ETF"", ""黄金ETF"", ""有色金属期货ETF"", ""能源化工期货ETF"", ""豆粕ETF"", ""煤炭ETF"", ""原油ETF""]",0.0
2021-04-16,candidate_03,CLARABEL,optimal,0.04238276430076038,,False,False,ewma,True,243,False,,,2.714514119008358e-06,0.5442094928517454,200481.36388052793,True,False,0.0,2.714514119008363e-06,5.44209492851745e-07,1e-06,symmetrized,101,28,60.0,CLARABEL,optimal,True,0.5442094928517454,2.581167413404084e-06,False,20,0,False,2.35,bond=0.70000000;cash=0.30000000;commodity_gold=0.40000000;defensive=0.25000000;equity=0.70000000,101,252,,,False,not_requested,True,0.0018551429750402635,0.06850870960755388,,0.0854196064390828,0.4115585251133406,4.958305988012057e-11,0.1959473849147417,0.30000000004958305,0.13159583623571236,0.0261544283181845,0.3463023504817783,0.01034794808945292,,,2021-04-15,"[""可转债ETF"", ""5年国债ETF"", ""10年国债ETF"", ""信用债ETF"", ""日利ETF"", ""沪深300ETF"", ""中证500ETF"", ""中证1000ETF"", ""创业板ETF"", ""红利ETF"", ""半导体ETF"", ""人工智能ETF"", ""科创50ETF"", ""证券ETF"", ""军工ETF"", ""消费ETF"", ""恒生ETF"", ""白银LOF"", ""纳指ETF"", ""标普500ETF"", ""日经225ETF"", ""欧洲ETF"", ""黄金ETF"", ""有色金属期货ETF"", ""能源化工期货ETF"", ""豆粕ETF"", ""煤炭ETF"", ""原油ETF""]",0.0
2021-04-23,candidate_03,CLARABEL,optimal,0.045984676481265294,,False,False,ewma,True,243,False,,,2.689316907225133e-06,0.5222175060245693,194182.21207830767,True,False,0.0,2.6893169072245237e-06,5.222175060245697e-07,1e-06,symmetrized,106,28,60.0,CLARABEL,optimal,True,0.5222175060245693,3.6547515451720858e-06,False,20,0,False,2.35,bond=0.70000000;cash=0.30000000;commodity_gold=0.40000000;defensive=0.25000000;equity=0.70000000,106,252,,,False,not_requested,True,0.004438857058041986,0.06739235861916958,,0.0909712174519357,0.4284603490778909,7.097831766778029e-10,0.19481982438704182,0.30000000070978317,0.13200788412064135,0.026311706337646512,0.3468605844448872,0.010258169309711794,,,2021-04-22,"[""可转债ETF"", ""5年国债ETF"", ""10年国债ETF"", ""信用债ETF"", ""日利ETF"", ""沪深300ETF"", ""中证500ETF"", ""中证1000ETF"", ""创业板ETF"", ""红利ETF"", ""半导体ETF"", ""人工智能ETF"", ""科创50ETF"", ""证券ETF"", ""军工ETF"", ""消费ETF"", ""恒生ETF"", ""白银LOF"", ""纳指ETF"", ""标普500ETF"", ""日经225ETF"", ""欧洲ETF"", ""黄金ETF"", ""有色金属期货ETF"", ""能源化工期货ETF"", ""豆粕ETF"", ""煤炭ETF"", ""原油ETF""]",0.0
2021-04-30,candidate_03,CLARABEL,optimal,0.044448858376068996,,False,False,ewma,True,243,False,,,2.551771760879501e-06,0.4907178349003529,192304.7517115013,True,False,0.0,2.551771760879773e-06,4.907178349003524e-07,1e-06,symmetrized,111,28,60.0,CLARABEL,optimal,True,0.4907178349003529,3.6225726525243584e-06,False,20,0,False,2.35,bond=0.70000000;cash=0.30000000;commodity_gold=0.40000000;defensive=0.25000000;equity=0.70000000,111,252,,,False,not_requested,True,0.0032140189055803806,0.06563806494229822,,0.09349517627489667,0.4213483774374157,1.7039179511790792e-09,0.1936806539694881,0.30000000170391794,0.13299960452899867,0.02609222788190301,0.3472275119156922,0.010196053055270559,,,2021-04-29,"[""可转债ETF"", ""5年国债ETF"", ""10年国债ETF"", ""信用债ETF"", ""日利ETF"", ""沪深300ETF"", ""中证500ETF"", ""中证1000ETF"", ""创业板ETF"", ""红利ETF"", ""半导体ETF"", ""人工智能ETF"", ""科创50ETF"", ""证券ETF"", ""军工ETF"", ""消费ETF"", ""恒生ETF"", ""白银LOF"", ""纳指ETF"", ""标普500ETF"", ""日经225ETF"", ""欧洲ETF"", ""黄金ETF"", ""有色金属期货ETF"", ""能源化工期货ETF"", ""豆粕ETF"", ""煤炭ETF"", ""原油ETF""]",0.0
2021-05-07,candidate_03,CLARABEL,optimal,0.04638371383971686,,False,False,ewma,True,243,False,,,2.484114672089021e-06,0.4814750957643581,193821.6062141208,True,False,0.0,2.4841146720889265e-06,4.814750957643578e-07,1e-06,symmetrized,113,28,60.0,CLARABEL,optimal,True,0.4814750957643581,4.914710653891596e-06,False,20,0,False,2.35,bond=0.70000000;cash=0.30000000;commodity_gold=0.40000000;defensive=0.25000000;equity=0.70000000,113,252,,,False,not_requested,True,0.001983854270735219,0.06461487199779811,,0.08882746310731693,0.4305505387200018,8.810996376951152e-11,0.1952628030191975,0.30000000008810995,0.13598866016093047,0.026286305178753137,0.34246223155300876,0.010090095753617832,,,2021-05-06,"[""可转债ETF"", ""5年国债ETF"", ""10年国债ETF"", ""信用债ETF"", ""日利ETF"", ""沪深300ETF"", ""中证500ETF"", ""中证1000ETF"", ""创业板ETF"", ""红利ETF"", ""半导体ETF"", ""人工智能ETF"", ""科创50ETF"", ""证券ETF"", ""军工ETF"", ""消费ETF"", ""恒生ETF"", ""白银LOF"", ""纳指ETF"", ""标普500ETF"", ""日经225ETF"", ""欧洲ETF"", ""黄金ETF"", ""有色金属期货ETF"", ""能源化工期货ETF"", ""豆粕ETF"", ""煤炭ETF"", ""原油ETF""]",0.0
2021-05-14,candidate_03,CLARABEL,optimal,0.031296693286484635,,False,False,ewma,True,243,False,,,1.5674796351106172e-06,0.5601589326760725,357362.81360780937,True,False,0.0,1.5674796351107423e-06,5.601589326760727e-07,1e-06,symmetrized,61,29,60.0,CLARABEL,optimal,True,0.5601589326760725,3.247016753138432e-06,False,20,0,False,2.35,bond=0.70000000;cash=0.30000000;commodity_gold=0.40000000;defensive=0.25000000;equity=0.70000000,61,252,,,False,not_requested,True,0.0035484989921432024,0.06483404452055284,,0.08501192060471074,0.35341000980133047,6.262796392597636e-10,0.19833016269433046,0.30000000062627963,0.1375636946329999,0.026552248076964505,0.3375538939694255,0.01066295963477815,,,2021-05-13,"[""可转债ETF"", ""5年国债ETF"", ""10年国债ETF"", ""信用债ETF"", ""日利ETF"", ""沪深300ETF"", ""中证500ETF"", ""中证1000ETF"", ""创业板ETF"", ""红利ETF"", ""半导体ETF"", ""人工智能ETF"", ""新能源ETF"", ""科创50ETF"", ""证券ETF"", ""军工ETF"", ""消费ETF"", ""恒生ETF"", ""白银LOF"", ""纳指ETF"", ""标普500ETF"", ""日经225ETF"", ""欧洲ETF"", ""黄金ETF"", ""有色金属期货ETF"", ""能源化工期货ETF"", ""豆粕ETF"", ""煤炭ETF"", ""原油ETF""]",0.0
2021-05-21,candidate_03,CLARABEL,optimal,0.031216845420893626,,False,False,ewma,True,243,False,,,1.5716737445476426e-06,0.5417673432751126,344707.25565950293,True,False,0.0,1.5716737445476423e-06,5.417673432751126e-07,1e-06,symmetrized,66,29,60.0,CLARABEL,optimal,True,0.5417673432751126,4.427748498032208e-06,False,20,0,False,2.35,bond=0.70000000;cash=0.30000000;commodity_gold=0.40000000;defensive=0.25000000;equity=0.70000000,66,252,,,False,not_requested,True,0.006361965577862117,0.06515825372483885,,0.0839544229986407,0.35263407390473783,3.581994700851965e-10,0.19677394452560984,0.30000000035819946,0.13620124647385193,0.02573944249118398,0.3412853661511547,0.01043917531786988,,,2021-05-20,"[""可转债ETF"", ""5年国债ETF"", ""10年国债ETF"", ""信用债ETF"", ""日利ETF"", ""沪深300ETF"", ""中证500ETF"", ""中证1000ETF"", ""创业板ETF"", ""红利ETF"", ""半导体ETF"", ""人工智能ETF"", ""新能源ETF"", ""科创50ETF"", ""证券ETF"", ""军工ETF"", ""消费ETF"", ""恒生ETF"", ""白银LOF"", ""纳指ETF"", ""标普500ETF"", ""日经225ETF"", ""欧洲ETF"", ""黄金ETF"", ""有色金属期货ETF"", ""能源化工期货ETF"", ""豆粕ETF"", ""煤炭ETF"", ""原油ETF""]",0.0
2021-05-28,candidate_03,CLARABEL,optimal,0.03511941118405611,,False,False,ewma,True,243,False,,,1.769005071818767e-06,0.535026076951462,302444.6257813075,True,False,0.0,1.7690050718189479e-06,5.350260769514615e-07,1e-06,symmetrized,71,29,60.0,CLARABEL,optimal,True,0.535026076951462,4.603322248629416e-06,False,20,0,False,2.35,bond=0.70000000;cash=0.30000000;commodity_gold=0.40000000;defensive=0.25000000;equity=0.70000000,71,252,,,False,not_requested,True,0.005045940766678904,0.06404219741003736,,0.08371148389947072,0.3742564820360098,8.380150462450331e-10,0.1954030207034791,0.30000000083801504,0.13430325840995666,0.026079825562242538,0.3442138944863067,0.010221485584420235,,,2021-05-27,"[""可转债ETF"", ""5年国债ETF"", ""10年国债ETF"", ""信用债ETF"", ""日利ETF"", ""沪深300ETF"", ""中证500ETF"", ""中证1000ETF"", ""创业板ETF"", ""红利ETF"", ""半导体ETF"", ""人工智能ETF"", ""新能源ETF"", ""科创50ETF"", ""证券ETF"", ""军工ETF"", ""消费ETF"", ""恒生ETF"", ""白银LOF"", ""纳指ETF"", ""标普500ETF"", ""日经225ETF"", ""欧洲ETF"", ""黄金ETF"", ""有色金属期货ETF"", ""能源化工期货ETF"", ""豆粕ETF"", ""煤炭ETF"", ""原油ETF""]",0.0
2021-06-04,candidate_03,CLARABEL,optimal,0.03492625762558249,,False,False,ewma,True,243,False,,,1.6441712810962727e-06,0.512488897754183,311700.43148574786,True,False,0.0,1.6441712810961511e-06,5.124888977541836e-07,1e-06,symmetrized,76,29,60.0,CLARABEL,optimal,True,0.512488897754183,4.685009158511555e-06,False,20,0,False,2.35,bond=0.70000000;cash=0.30000000;commodity_gold=0.40000000;defensive=0.25000000;equity=0.70000000,76,252,,,False,not_requested,True,0.001380516908997251,0.061784756661515124,,0.0824084834615545,0.37362137589988,1.3349077399027465e-10,0.19497116401479825,0.30000000013349076,0.13722762243938774,0.02628504562329374,0.3415161677890295,0.010017709803798472,,,2021-06-03,"[""可转债ETF"", ""5年国债ETF"", ""10年国债ETF"", ""信用债ETF"", ""日利ETF"", ""沪深300ETF"", ""中证500ETF"", ""中证1000ETF"", ""创业板ETF"", ""红利ETF"", ""半导体ETF"", ""人工智能ETF"", ""新能源ETF"", ""科创50ETF"", ""证券ETF"", ""军工ETF"", ""消费ETF"", ""恒生ETF"", ""白银LOF"", ""纳指ETF"", ""标普500ETF"", ""日经225ETF"", ""欧洲ETF"", ""黄金ETF"", ""有色金属期货ETF"", ""能源化工期货ETF"", ""豆粕ETF"", ""煤炭ETF"", ""原油ETF""]",0.0
2021-06-11,candidate_03,CLARABEL,optimal,0.03852426226766947,,False,False,ewma,True,243,False,,,1.8405403982054756e-06,0.4791453123818812,260328.60395188676,True,False,0.0,1.8405403982055707e-06,4.791453123818812e-07,1e-06,symmetrized,81,29,60.0,CLARABEL,optimal,True,0.4791453123818812,3.8009372487421422e-06,False,20,0,False,2.35,bond=0.70000000;cash=0.30000000;commodity_gold=0.40000000;defensive=0.25000000;equity=0.70000000,81,252,,,False,not_requested,True,0.001994574546656499,0.05940577130693331,,0.08122959958397005,0.3923456252049835,2.9110441834845346e-10,0.1939177524695027,0.3000000002911044,0.13662441206796405,0.026253006748621372,0.3432048284228077,0.009819549997614852,,,2021-06-10,"[""可转债ETF"", ""5年国债ETF"", ""10年国债ETF"", ""信用债ETF"", ""日利ETF"", ""沪深300ETF"", ""中证500ETF"", ""中证1000ETF"", ""创业板ETF"", ""红利ETF"", ""半导体ETF"", ""人工智能ETF"", ""新能源ETF"", ""科创50ETF"", ""证券ETF"", ""军工ETF"", ""消费ETF"", ""恒生ETF"", ""白银LOF"", ""纳指ETF"", ""标普500ETF"", ""日经225ETF"", ""欧洲ETF"", ""黄金ETF"", ""有色金属期货ETF"", ""能源化工期货ETF"", ""豆粕ETF"", ""煤炭ETF"", ""原油ETF""]",0.0
2021-06-18,candidate_03,CLARABEL,optimal,0.04491178527583955,,False,False,ewma,True,243,False,,,1.968016768365639e-06,0.5022409029063084,255201.53637887945,True,False,0.0,1.9680167683656394e-06,5.022409029063088e-07,1e-06,symmetrized,85,29,60.0,CLARABEL,optimal,True,0.5022409029063084,6.322862150947434e-06,False,20,0,False,2.35,bond=0.70000000;cash=0.30000000;commodity_gold=0.40000000;defensive=0.25000000;equity=0.70000000,85,252,,,False,not_requested,True,0.004703809216314435,0.057964576834986056,,0.08427199955394923,0.4233972033386539,1.3548545618746743e-10,0.19730887094257987,0.30000000013548545,0.13525957571845,0.02617304207473155,0.3412585111287533,0.009575575669916502,,,2021-06-17,"[""可转债ETF"", ""5年国债ETF"", ""10年国债ETF"", ""信用债ETF"", ""日利ETF"", ""沪深300ETF"", ""中证500ETF"", ""中证1000ETF"", ""创业板ETF"", ""红利ETF"", ""半导体ETF"", ""人工智能ETF"", ""新能源ETF"", ""科创50ETF"", ""证券ETF"", ""军工ETF"", ""消费ETF"", ""恒生ETF"", ""白银LOF"", ""纳指ETF"", ""标普500ETF"", ""日经225ETF"", ""欧洲ETF"", ""黄金ETF"", ""有色金属期货ETF"", ""能源化工期货ETF"", ""豆粕ETF"", ""煤炭ETF"", ""原油ETF""]",0.0
2021-06-25,candidate_03,CLARABEL,optimal,0.04613508720002261,,False,False,ewma,True,243,False,,,1.9394203465607383e-06,0.47579615788292695,245329.05346005975,True,False,0.0,1.93942034656074e-06,4.757961578829267e-07,1e-06,symmetrized,90,29,60.0,CLARABEL,optimal,True,0.47579615788292695,3.0944228732836254e-06,False,20,0,False,2.35,bond=0.70000000;cash=0.30000000;commodity_gold=0.40000000;defensive=0.25000000;equity=0.70000000,90,252,,,False,not_requested,True,0.0033877738112624116,0.056877892312205386,,0.08437279966806982,0.4292612975410384,4.917793949843485e-10,0.1966064558850042,0.3000000004917794,0.13360566807468083,0.026582426490831965,0.34320544905770367,0.00938680928976827,,,2021-06-24,"[""可转债ETF"", ""5年国债ETF"", ""10年国债ETF"", ""信用债ETF"", ""日利ETF"", ""沪深300ETF"", ""中证500ETF"", ""中证1000ETF"", ""创业板ETF"", ""红利ETF"", ""半导体ETF"", ""人工智能ETF"", ""新能源ETF"", ""科创50ETF"", ""证券ETF"", ""军工ETF"", ""消费ETF"", ""恒生ETF"", ""白银LOF"", ""纳指ETF"", ""标普500ETF"", ""日经225ETF"", ""欧洲ETF"", ""黄金ETF"", ""有色金属期货ETF"", ""能源化工期货ETF"", ""豆粕ETF"", ""煤炭ETF"", ""原油ETF""]",0.0
2021-07-02,candidate_03,CLARABEL,optimal,0.0467770197975398,,False,False,ewma,True,243,False,,,1.9815227840870607e-06,0.47823962180694013,241349.54472768155,True,False,0.0,1.981522784087064e-06,4.782396218069398e-07,1e-06,symmetrized,95,29,60.0,CLARABEL,optimal,True,0.47823962180694013,2.85385061602611e-06,False,20,0,False,2.35,bond=0.70000000;cash=0.30000000;commodity_gold=0.40000000;defensive=0.25000000;equity=0.70000000,95,252,,,False,not_requested,True,0.0022110449191519795,0.05627963016418887,,0.08808537997061053,0.4323523358821183,7.067844642882903e-10,0.1963648615927642,0.30000000070678445,0.13388397521992207,0.02617181483862363,0.3435793476419056,0.009248311309498205,,,2021-07-01,"[""可转债ETF"", ""5年国债ETF"", ""10年国债ETF"", ""信用债ETF"", ""日利ETF"", ""沪深300ETF"", ""中证500ETF"", ""中证1000ETF"", ""创业板ETF"", ""红利ETF"", ""半导体ETF"", ""人工智能ETF"", ""新能源ETF"", ""科创50ETF"", ""证券ETF"", ""军工ETF"", ""消费ETF"", ""恒生ETF"", ""白银LOF"", ""纳指ETF"", ""标普500ETF"", ""日经225ETF"", ""欧洲ETF"", ""黄金ETF"", ""有色金属期货ETF"", ""能源化工期货ETF"", ""豆粕ETF"", ""煤炭ETF"", ""原油ETF""]",0.0
2021-07-09,candidate_03,CLARABEL,optimal,0.04392372669375896,,False,False,ewma,True,243,False,,,1.8817767283679481e-06,0.49772907393902055,264499.53729138605,True,False,0.0,1.881776728367919e-06,4.977290739390205e-07,1e-06,symmetrized,100,29,60.0,CLARABEL,optimal,True,0.49772907393902055,2.949057294795998e-06,False,20,0,False,2.35,bond=0.70000000;cash=0.30000000;commodity_gold=0.40000000;defensive=0.25000000;equity=0.70000000,100,252,,,False,not_requested,True,0.0015650487536141146,0.0549150351034011,,0.09257994732111577,0.4190081440929787,6.04866490228062e-10,0.1983717659829783,0.3000000006048665,0.1325326826152423,0.025774866232402466,0.3433206845645105,0.009020290385586521,,,2021-07-08,"[""可转债ETF"", ""5年国债ETF"", ""10年国债ETF"", ""信用债ETF"", ""日利ETF"", ""沪深300ETF"", ""中证500ETF"", ""中证1000ETF"", ""创业板ETF"", ""红利ETF"", ""半导体ETF"", ""人工智能ETF"", ""新能源ETF"", ""科创50ETF"", ""证券ETF"", ""军工ETF"", ""消费ETF"", ""恒生ETF"", ""白银LOF"", ""纳指ETF"", ""标普500ETF"", ""日经225ETF"", ""欧洲ETF"", ""黄金ETF"", ""有色金属期货ETF"", ""能源化工期货ETF"", ""豆粕ETF"", ""煤炭ETF"", ""原油ETF""]",0.0
2021-07-16,candidate_03,CLARABEL,optimal,0.049057945066265346,,False,False,ewma,True,243,False,,,1.8641847790851277e-06,0.49078813320070547,263272.25643456116,True,False,0.0,1.864184779085314e-06,4.907881332007054e-07,1e-06,symmetrized,105,29,60.0,CLARABEL,optimal,True,0.49078813320070547,3.2112174272111438e-06,False,20,0,False,2.35,bond=0.70000000;cash=0.30000000;commodity_gold=0.40000000;defensive=0.25000000;equity=0.70000000,105,252,,,False,not_requested,True,0.004230662594415335,0.05404709777119956,,0.0940531648178228,0.4425926461910487,5.333188890510598e-10,0.19758741814444897,0.3000000005333189,0.13324359860287882,0.026333772062894983,0.34283521065645856,0.008877081909063684,,,2021-07-15,"[""可转债ETF"", ""5年国债ETF"", ""10年国债ETF"", ""信用债ETF"", ""日利ETF"", ""沪深300ETF"", ""中证500ETF"", ""中证1000ETF"", ""创业板ETF"", ""红利ETF"", ""半导体ETF"", ""人工智能ETF"", ""新能源ETF"", ""科创50ETF"", ""证券ETF"", ""军工ETF"", ""消费ETF"", ""恒生ETF"", ""白银LOF"", ""纳指ETF"", ""标普500ETF"", ""日经225ETF"", ""欧洲ETF"", ""黄金ETF"", ""有色金属期货ETF"", ""能源化工期货ETF"", ""豆粕ETF"", ""煤炭ETF"", ""原油ETF""]",0.0
2021-07-23,candidate_03,CLARABEL,optimal,0.04976866626261631,,False,False,ewma,True,243,False,,,1.816533800330312e-06,0.4807312455068947,264642.05918958416,True,False,0.0,1.8165338003304118e-06,4.807312455068946e-07,1e-06,symmetrized,110,29,60.0,CLARABEL,optimal,True,0.4807312455068947,3.218962386704327e-06,False,20,0,False,2.35,bond=0.70000000;cash=0.30000000;commodity_gold=0.40000000;defensive=0.25000000;equity=0.70000000,110,252,,,False,not_requested,True,0.0005738144297635383,0.05311098195811308,,0.09389851664805146,0.44612562280009027,7.631387188844485e-10,0.19784598039220458,0.3000000007631387,0.13147765638522188,0.02634507754564965,0.34433128491378523,0.008742424603814228,,,2021-07-22,"[""可转债ETF"", ""5年国债ETF"", ""10年国债ETF"", ""信用债ETF"", ""日利ETF"", ""沪深300ETF"", ""中证500ETF"", ""中证1000ETF"", ""创业板ETF"", ""红利ETF"", ""半导体ETF"", ""人工智能ETF"", ""新能源ETF"", ""科创50ETF"", ""证券ETF"", ""军工ETF"", ""消费ETF"", ""恒生ETF"", ""白银LOF"", ""纳指ETF"", ""标普500ETF"", ""日经225ETF"", ""欧洲ETF"", ""黄金ETF"", ""有色金属期货ETF"", ""能源化工期货ETF"", ""豆粕ETF"", ""煤炭ETF"", ""原油ETF""]",0.0
2021-07-30,candidate_03,CLARABEL,optimal,0.049144766731461835,,False,False,ewma,True,243,False,,,1.76122227223405e-06,0.5646081358975286,320577.44487942604,True,False,0.0,1.761222272234114e-06,5.646081358975289e-07,1e-06,symmetrized,115,29,60.0,CLARABEL,optimal,True,0.5646081358975286,4.429655296098872e-06,False,20,0,False,2.35,bond=0.70000000;cash=0.30000000;commodity_gold=0.40000000;defensive=0.25000000;equity=0.70000000,115,252,,,False,not_requested,True,0.005184486584344575,0.05642630899287434,,0.1026775104184057,0.4428973770696758,1.9419504893036788e-10,0.20241059451089816,0.30000000019419504,0.1330001959933653,0.02545061400374127,0.3391385952978002,0.008600415344160362,,,2021-07-29,"[""可转债ETF"", ""5年国债ETF"", ""10年国债ETF"", ""信用债ETF"", ""日利ETF"", ""沪深300ETF"", ""中证500ETF"", ""中证1000ETF"", ""创业板ETF"", ""红利ETF"", ""半导体ETF"", ""人工智能ETF"", ""新能源ETF"", ""科创50ETF"", ""证券ETF"", ""军工ETF"", ""消费ETF"", ""恒生ETF"", ""白银LOF"", ""纳指ETF"", ""标普500ETF"", ""日经225ETF"", ""欧洲ETF"", ""黄金ETF"", ""有色金属期货ETF"", ""能源化工期货ETF"", ""豆粕ETF"", ""煤炭ETF"", ""原油ETF""]",0.0
2021-08-06,candidate_03,CLARABEL,optimal,0.06548491693380147,,False,False,ewma,True,243,False,,,1.7498445115016993e-06,0.578231335587815,330447.2664783128,True,False,0.0,1.749844511501603e-06,5.782313355878148e-07,1e-06,symmetrized,120,29,60.0,CLARABEL,optimal,True,0.578231335587815,3.266280624657225e-06,False,20,0,False,2.35,bond=0.70000000;cash=0.30000000;commodity_gold=0.40000000;defensive=0.25000000;equity=0.70000000,120,252,,,False,not_requested,True,0.0012399538868315243,0.05726154381223329,,0.10333858794077455,0.5117020456081793,2.0435375613914175e-10,0.2025137856629097,0.30000000020435375,0.13037137325098,0.02521006341102387,0.3419047774707327,0.008539084616346126,,,2021-08-05,"[""可转债ETF"", ""5年国债ETF"", ""10年国债ETF"", ""信用债ETF"", ""日利ETF"", ""沪深300ETF"", ""中证500ETF"", ""中证1000ETF"", ""创业板ETF"", ""红利ETF"", ""半导体ETF"", ""人工智能ETF"", ""新能源ETF"", ""科创50ETF"", ""证券ETF"", ""军工ETF"", ""消费ETF"", ""恒生ETF"", ""白银LOF"", ""纳指ETF"", ""标普500ETF"", ""日经225ETF"", ""欧洲ETF"", ""黄金ETF"", ""有色金属期货ETF"", ""能源化工期货ETF"", ""豆粕ETF"", ""煤炭ETF"", ""原油ETF""]",0.0
2021-08-13,candidate_03,CLARABEL,optimal,0.06410730610032953,,False,False,ewma,True,243,False,,,1.899324708213697e-06,0.5412274619000907,284957.8376775353,True,False,0.0,1.8993247082137462e-06,5.412274619000908e-07,1e-06,symmetrized,125,29,60.0,CLARABEL,optimal,True,0.5412274619000907,5.069324031277411e-06,False,20,0,False,2.35,bond=0.70000000;cash=0.30000000;commodity_gold=0.40000000;defensive=0.25000000;equity=0.70000000,125,252,,,False,not_requested,True,0.0013104990127174071,0.05577175556472624,,0.09591010625264543,0.5062833316251734,1.6511714218125917e-10,0.2007381741682412,0.30000000016511713,0.12967461296282592,0.026411364636835973,0.34317584806697965,0.008465010601751853,,,2021-08-12,"[""可转债ETF"", ""5年国债ETF"", ""10年国债ETF"", ""信用债ETF"", ""日利ETF"", ""沪深300ETF"", ""中证500ETF"", ""中证1000ETF"", ""创业板ETF"", ""红利ETF"", ""半导体ETF"", ""人工智能ETF"", ""新能源ETF"", ""科创50ETF"", ""证券ETF"", ""军工ETF"", ""消费ETF"", ""恒生ETF"", ""白银LOF"", ""纳指ETF"", ""标普500ETF"", ""日经225ETF"", ""欧洲ETF"", ""黄金ETF"", ""有色金属期货ETF"", ""能源化工期货ETF"", ""豆粕ETF"", ""煤炭ETF"", ""原油ETF""]",0.0
2021-08-20,candidate_03,CLARABEL,optimal,0.06159787719718319,,False,False,ewma,True,243,False,,,1.833036457772853e-06,0.5379716497901899,293486.6066132845,True,False,0.0,1.8330364577728035e-06,5.379716497901901e-07,1e-06,symmetrized,130,29,60.0,CLARABEL,optimal,True,0.5379716497901899,4.36179740233994e-06,False,20,0,False,2.35,bond=0.70000000;cash=0.30000000;commodity_gold=0.40000000;defensive=0.25000000;equity=0.70000000,130,252,,,False,not_requested,True,0.004881075005223479,0.05555323537332211,,0.09182569132834617,0.49597899703345166,2.725664693947749e-10,0.20296079305985731,0.30000000027256646,0.1288500365096328,0.026412164332774577,0.34177700582516884,0.008323390870388515,,,2021-08-19,"[""可转债ETF"", ""5年国债ETF"", ""10年国债ETF"", ""信用债ETF"", ""日利ETF"", ""沪深300ETF"", ""中证500ETF"", ""中证1000ETF"", ""创业板ETF"", ""红利ETF"", ""半导体ETF"", ""人工智能ETF"", ""新能源ETF"", ""科创50ETF"", ""证券ETF"", ""军工ETF"", ""消费ETF"", ""恒生ETF"", ""白银LOF"", ""纳指ETF"", ""标普500ETF"", ""日经225ETF"", ""欧洲ETF"", ""黄金ETF"", ""有色金属期货ETF"", ""能源化工期货ETF"", ""豆粕ETF"", ""煤炭ETF"", ""原油ETF""]",0.0
2021-08-27,candidate_03,CLARABEL,optimal,0.07026002754227711,,False,False,ewma,True,243,False,,,1.7896075541669261e-06,0.5390174633082512,301193.10909992625,True,False,0.0,1.7896075541687409e-06,5.390174633082513e-07,1e-06,symmetrized,135,29,60.0,CLARABEL,optimal,True,0.5390174633082512,3.846381737282467e-06,False,20,0,False,2.35,bond=0.70000000;cash=0.30000000;commodity_gold=0.40000000;defensive=0.25000000;equity=0.70000000,135,252,,,False,not_requested,True,0.0036024334612537613,0.05667961424107309,,0.09058720181125385,0.529856199899621,7.049405503778416e-11,0.19966417711113088,0.30000000007049404,0.1303347735436733,0.027407225895282866,0.34259382337941896,0.00827303606781116,,,2021-08-26,"[""可转债ETF"", ""5年国债ETF"", ""10年国债ETF"", ""信用债ETF"", ""日利ETF"", ""沪深300ETF"", ""中证500ETF"", ""中证1000ETF"", ""创业板ETF"", ""红利ETF"", ""半导体ETF"", ""人工智能ETF"", ""新能源ETF"", ""科创50ETF"", ""证券ETF"", ""军工ETF"", ""消费ETF"", ""恒生ETF"", ""白银LOF"", ""纳指ETF"", ""标普500ETF"", ""日经225ETF"", ""欧洲ETF"", ""黄金ETF"", ""有色金属期货ETF"", ""能源化工期货ETF"", ""豆粕ETF"", ""煤炭ETF"", ""原油ETF""]",0.0
2021-09-03,candidate_03,CLARABEL,optimal,0.07100057043318289,,False,False,ewma,True,243,False,,,1.7331155299798973e-06,0.5085923086665067,293455.5139970421,True,False,0.0,1.73311552997985e-06,5.08592308666506e-07,1e-06,symmetrized,140,29,60.0,CLARABEL,optimal,True,0.5085923086665067,2.2947388136247693e-06,False,20,0,False,2.35,bond=0.70000000;cash=0.30000000;commodity_gold=0.40000000;defensive=0.25000000;equity=0.70000000,140,252,,,False,not_requested,True,0.0033756149076616844,0.05488549785727299,,0.08234067066222636,0.5326614138477317,1.3995615777417925e-10,0.19754199560078378,0.30000000013995615,0.13195600741953975,0.029068936935770017,0.34143305990395056,0.008223052546990529,,,2021-09-02,"[""可转债ETF"", ""5年国债ETF"", ""10年国债ETF"", ""信用债ETF"", ""日利ETF"", ""沪深300ETF"", ""中证500ETF"", ""中证1000ETF"", ""创业板ETF"", ""红利ETF"", ""半导体ETF"", ""人工智能ETF"", ""新能源ETF"", ""科创50ETF"", ""证券ETF"", ""军工ETF"", ""消费ETF"", ""恒生ETF"", ""白银LOF"", ""纳指ETF"", ""标普500ETF"", ""日经225ETF"", ""欧洲ETF"", ""黄金ETF"", ""有色金属期货ETF"", ""能源化工期货ETF"", ""豆粕ETF"", ""煤炭ETF"", ""原油ETF""]",0.0
2021-09-10,candidate_03,CLARABEL,optimal,0.07197762891535078,,False,False,ewma,True,243,False,,,1.7983053273247426e-06,0.5039469029360804,280234.3380063158,True,False,0.0,1.7983053273243087e-06,5.039469029360805e-07,1e-06,symmetrized,145,29,60.0,CLARABEL,optimal,True,0.5039469029360804,3.3721265929390065e-06,False,20,0,False,2.35,bond=0.70000000;cash=0.30000000;commodity_gold=0.40000000;defensive=0.25000000;equity=0.70000000,145,252,,,False,not_requested,True,0.004226785743400666,0.055470083286779284,,0.0842336095427901,0.5362530192540076,2.1667112548584555e-10,0.19383076981515557,0.3000000002166711,0.1326119684845624,0.030867855929242252,0.34268940555436866,0.00823596213682302,,,2021-09-09,"[""可转债ETF"", ""5年国债ETF"", ""10年国债ETF"", ""信用债ETF"", ""日利ETF"", ""沪深300ETF"", ""中证500ETF"", ""中证1000ETF"", ""创业板ETF"", ""红利ETF"", ""半导体ETF"", ""人工智能ETF"", ""新能源ETF"", ""科创50ETF"", ""证券ETF"", ""军工ETF"", ""消费ETF"", ""恒生ETF"", ""白银LOF"", ""纳指ETF"", ""标普500ETF"", ""日经225ETF"", ""欧洲ETF"", ""黄金ETF"", ""有色金属期货ETF"", ""能源化工期货ETF"", ""豆粕ETF"", ""煤炭ETF"", ""原油ETF""]",0.0
2021-09-17,candidate_03,CLARABEL,optimal,0.07225745322240909,,False,False,ewma,True,243,False,,,1.7483559345682648e-06,0.5012902059548326,286720.9107959016,True,False,0.0,1.748355934568967e-06,5.012902059548319e-07,1e-06,symmetrized,150,29,60.0,CLARABEL,optimal,True,0.5012902059548326,6.394776459986429e-06,False,20,0,False,2.35,bond=0.70000000;cash=0.30000000;commodity_gold=0.40000000;defensive=0.25000000;equity=0.70000000,150,252,,,False,not_requested,True,0.005103699214327367,0.05451665811953192,,0.08109425105848037,0.5372293667637994,1.1250217424318976e-09,0.1948660023714158,0.30000000112502173,0.1350776878372659,0.03023510281995093,0.3398212058463458,0.008136619619734824,,,2021-09-16,"[""可转债ETF"", ""5年国债ETF"", ""10年国债ETF"", ""信用债ETF"", ""日利ETF"", ""沪深300ETF"", ""中证500ETF"", ""中证1000ETF"", ""创业板ETF"", ""红利ETF"", ""半导体ETF"", ""人工智能ETF"", ""新能源ETF"", ""科创50ETF"", ""证券ETF"", ""军工ETF"", ""消费ETF"", ""恒生ETF"", ""白银LOF"", ""纳指ETF"", ""标普500ETF"", ""日经225ETF"", ""欧洲ETF"", ""黄金ETF"", ""有色金属期货ETF"", ""能源化工期货ETF"", ""豆粕ETF"", ""煤炭ETF"", ""原油ETF""]",0.0
2021-09-24,candidate_03,CLARABEL,optimal,0.07065399160928958,,False,False,ewma,True,243,False,,,1.8360274254632827e-06,0.484252482613719,263750.1356993772,True,False,0.0,1.8360274254632598e-06,4.84252482613719e-07,1e-06,symmetrized,153,29,60.0,CLARABEL,optimal,True,0.484252482613719,3.148723448073709e-06,False,20,0,False,2.35,bond=0.70000000;cash=0.30000000;commodity_gold=0.40000000;defensive=0.25000000;equity=0.70000000,153,252,,,False,not_requested,True,0.0011081724892879835,0.05404956552143448,,0.08199832138260635,0.531531732666117,2.3708146557055443e-11,0.19427281062704815,0.30000000002370814,0.13459677784125149,0.029807442297256872,0.34132296921073557,0.008116610770735392,,,2021-09-23,"[""可转债ETF"", ""5年国债ETF"", ""10年国债ETF"", ""信用债ETF"", ""日利ETF"", ""沪深300ETF"", ""中证500ETF"", ""中证1000ETF"", ""创业板ETF"", ""红利ETF"", ""半导体ETF"", ""人工智能ETF"", ""新能源ETF"", ""科创50ETF"", ""证券ETF"", ""军工ETF"", ""消费ETF"", ""恒生ETF"", ""白银LOF"", ""纳指ETF"", ""标普500ETF"", ""日经225ETF"", ""欧洲ETF"", ""黄金ETF"", ""有色金属期货ETF"", ""能源化工期货ETF"", ""豆粕ETF"", ""煤炭ETF"", ""原油ETF""]",0.0
2021-09-30,candidate_03,CLARABEL,optimal,0.07083815507900627,,False,False,ewma,True,243,False,,,1.8283976254696623e-06,0.48151850198019885,263355.46233085415,True,False,0.0,1.8283976254701659e-06,4.815185019801982e-07,1e-06,symmetrized,157,29,60.0,CLARABEL,optimal,True,0.48151850198019885,3.884187524005878e-06,False,20,0,False,2.35,bond=0.70000000;cash=0.30000000;commodity_gold=0.40000000;defensive=0.25000000;equity=0.70000000,157,252,,,False,not_requested,True,0.005719137213089368,0.05453653109510444,,0.0778062554293055,0.5318723779012426,2.9453350869346195e-10,0.1960004336642839,0.3000000002945335,0.13532632666167946,0.028194200950825046,0.3404790384286783,0.00821299775989761,,,2021-09-29,"[""可转债ETF"", ""5年国债ETF"", ""10年国债ETF"", ""信用债ETF"", ""日利ETF"", ""沪深300ETF"", ""中证500ETF"", ""中证1000ETF"", ""创业板ETF"", ""红利ETF"", ""半导体ETF"", ""人工智能ETF"", ""新能源ETF"", ""科创50ETF"", ""证券ETF"", ""军工ETF"", ""消费ETF"", ""恒生ETF"", ""白银LOF"", ""纳指ETF"", ""标普500ETF"", ""日经225ETF"", ""欧洲ETF"", ""黄金ETF"", ""有色金属期货ETF"", ""能源化工期货ETF"", ""豆粕ETF"", ""煤炭ETF"", ""原油ETF""]",0.0
2021-10-08,candidate_03,CLARABEL,optimal,0.05406199581282043,,False,False,ewma,True,243,False,,,2.6608952365416343e-06,0.48514253186912304,182323.04872688744,True,False,0.0,2.6608952365417575e-06,4.851425318691227e-07,1e-06,symmetrized,158,29,60.0,CLARABEL,optimal,True,0.48514253186912304,2.225287567363815e-06,False,20,0,False,2.35,bond=0.70000000;cash=0.30000000;commodity_gold=0.40000000;defensive=0.25000000;equity=0.70000000,158,252,,,False,not_requested,True,0.0015876125535575257,0.054739770354931,,0.0801045891747498,0.46488608186518554,4.1487868696066244e-11,0.19548883259505523,0.30000000004148786,0.13547565190207825,0.028237335377000926,0.3407981800843777,0.008226475915919004,,,2021-09-30,"[""可转债ETF"", ""5年国债ETF"", ""10年国债ETF"", ""信用债ETF"", ""日利ETF"", ""沪深300ETF"", ""中证500ETF"", ""中证1000ETF"", ""创业板ETF"", ""红利ETF"", ""半导体ETF"", ""人工智能ETF"", ""新能源ETF"", ""科创50ETF"", ""证券ETF"", ""军工ETF"", ""消费ETF"", ""恒生ETF"", ""白银LOF"", ""纳指ETF"", ""标普500ETF"", ""日经225ETF"", ""欧洲ETF"", ""黄金ETF"", ""有色金属期货ETF"", ""能源化工期货ETF"", ""豆粕ETF"", ""煤炭ETF"", ""原油ETF""]",0.0
2021-10-15,candidate_03,CLARABEL,optimal,0.05279522194971176,,False,False,ewma,True,243,False,,,2.6316973345052336e-06,0.480040898110241,182407.33530267075,True,False,0.0,2.631697334505564e-06,4.800408981102407e-07,1e-06,symmetrized,163,29,60.0,CLARABEL,optimal,True,0.480040898110241,4.25733714709553e-06,False,20,0,False,2.35,bond=0.70000000;cash=0.30000000;commodity_gold=0.40000000;defensive=0.25000000;equity=0.70000000,163,252,,,False,not_requested,True,0.0006906939908276244,0.05480076681435367,,0.07524505569676293,0.459483191691265,2.542731580845725e-10,0.19445624300901154,0.30000000025427315,0.13911808485165303,0.027610615143050174,0.3388150567420121,0.008198415380242461,,,2021-10-14,"[""可转债ETF"", ""5年国债ETF"", ""10年国债ETF"", ""信用债ETF"", ""日利ETF"", ""沪深300ETF"", ""中证500ETF"", ""中证1000ETF"", ""创业板ETF"", ""红利ETF"", ""半导体ETF"", ""人工智能ETF"", ""新能源ETF"", ""科创50ETF"", ""证券ETF"", ""军工ETF"", ""消费ETF"", ""恒生ETF"", ""白银LOF"", ""纳指ETF"", ""标普500ETF"", ""日经225ETF"", ""欧洲ETF"", ""黄金ETF"", ""有色金属期货ETF"", ""能源化工期货ETF"", ""豆粕ETF"", ""煤炭ETF"", ""原油ETF""]",0.0
2021-10-22,candidate_03,CLARABEL,optimal,0.05383071391932893,,False,False,ewma,True,243,False,,,2.7282994233609672e-06,0.4750280715197122,174111.41440426267,True,False,0.0,2.728299423360903e-06,4.7502807151971197e-07,1e-06,symmetrized,168,29,60.0,CLARABEL,optimal,True,0.4750280715197122,1.6842219603893649e-06,False,20,0,False,2.35,bond=0.70000000;cash=0.30000000;commodity_gold=0.40000000;defensive=0.25000000;equity=0.70000000,168,252,,,False,not_requested,True,0.0028387428311662842,0.0549031503401936,,0.07417805187308252,0.46378049739011784,2.0563343805513057e-09,0.19337144743996976,0.30000000205633437,0.13868765403829408,0.027906793438070992,0.3400341030273308,0.00818296236373231,,,2021-10-21,"[""可转债ETF"", ""5年国债ETF"", ""10年国债ETF"", ""信用债ETF"", ""日利ETF"", ""沪深300ETF"", ""中证500ETF"", ""中证1000ETF"", ""创业板ETF"", ""红利ETF"", ""半导体ETF"", ""人工智能ETF"", ""新能源ETF"", ""科创50ETF"", ""证券ETF"", ""军工ETF"", ""消费ETF"", ""恒生ETF"", ""白银LOF"", ""纳指ETF"", ""标普500ETF"", ""日经225ETF"", ""欧洲ETF"", ""黄金ETF"", ""有色金属期货ETF"", ""能源化工期货ETF"", ""豆粕ETF"", ""煤炭ETF"", ""原油ETF""]",0.0
2021-10-29,candidate_03,CLARABEL,optimal,0.05005974281080547,,False,False,ewma,True,243,False,,,2.7175993056100555e-06,0.502198696399985,184794.97524277217,True,False,0.0,2.7175993056100797e-06,5.021986963999854e-07,1e-06,symmetrized,173,29,60.0,CLARABEL,optimal,True,0.502198696399985,2.846816547275033e-06,False,20,0,False,2.35,bond=0.70000000;cash=0.30000000;commodity_gold=0.40000000;defensive=0.25000000;equity=0.70000000,173,252,,,False,not_requested,True,0.005053918526357166,0.05433280581432495,,0.07450923117181432,0.4470219156359892,9.4534990946471e-11,0.19760007456278633,0.300000000094535,0.13476007779587434,0.025963814532667804,0.34167603301413635,0.00806742603192453,,,2021-10-28,"[""可转债ETF"", ""5年国债ETF"", ""10年国债ETF"", ""信用债ETF"", ""日利ETF"", ""沪深300ETF"", ""中证500ETF"", ""中证1000ETF"", ""创业板ETF"", ""红利ETF"", ""半导体ETF"", ""人工智能ETF"", ""新能源ETF"", ""科创50ETF"", ""证券ETF"", ""军工ETF"", ""消费ETF"", ""恒生ETF"", ""白银LOF"", ""纳指ETF"", ""标普500ETF"", ""日经225ETF"", ""欧洲ETF"", ""黄金ETF"", ""有色金属期货ETF"", ""能源化工期货ETF"", ""豆粕ETF"", ""煤炭ETF"", ""原油ETF""]",0.0
2021-11-05,candidate_03,CLARABEL,optimal,0.05019373843981362,,False,False,ewma,True,243,False,,,2.579590143819067e-06,0.47756401558807693,185131.74146379952,True,False,0.0,2.57959014381914e-06,4.775640155880769e-07,1e-06,symmetrized,178,29,60.0,CLARABEL,optimal,True,0.47756401558807693,2.3161414930972235e-06,False,20,0,False,2.35,bond=0.70000000;cash=0.30000000;commodity_gold=0.40000000;defensive=0.25000000;equity=0.70000000,178,252,,,False,not_requested,True,0.004857663597559501,0.053636350403442626,,0.0767562990137873,0.4476388181057722,5.654061108195663e-10,0.19675826844844152,0.3000000005654061,0.13260111741405162,0.025705925092106466,0.3449346884799943,0.008054834375576038,,,2021-11-04,"[""可转债ETF"", ""5年国债ETF"", ""10年国债ETF"", ""信用债ETF"", ""日利ETF"", ""沪深300ETF"", ""中证500ETF"", ""中证1000ETF"", ""创业板ETF"", ""红利ETF"", ""半导体ETF"", ""人工智能ETF"", ""新能源ETF"", ""科创50ETF"", ""证券ETF"", ""军工ETF"", ""消费ETF"", ""恒生ETF"", ""白银LOF"", ""纳指ETF"", ""标普500ETF"", ""日经225ETF"", ""欧洲ETF"", ""黄金ETF"", ""有色金属期货ETF"", ""能源化工期货ETF"", ""豆粕ETF"", ""煤炭ETF"", ""原油ETF""]",0.0
2021-11-12,candidate_03,CLARABEL,optimal,0.05185637664406443,,False,False,ewma,True,243,False,,,2.4657939730917593e-06,0.46690489727718804,189352.76116834485,True,False,0.0,2.465793973091771e-06,4.669048972771884e-07,1e-06,symmetrized,183,29,60.0,CLARABEL,optimal,True,0.46690489727718804,2.36629891992024e-06,False,20,0,False,2.35,bond=0.70000000;cash=0.30000000;commodity_gold=0.40000000;defensive=0.25000000;equity=0.70000000,183,252,,,False,not_requested,True,0.002183749627239666,0.05265352962624084,,0.07514441152140253,0.455245193392007,1.9842927301283453e-10,0.19609095464713436,0.30000000019842926,0.13371072313428986,0.025459167363557838,0.34473915465658866,0.007995723651457641,,,2021-11-11,"[""可转债ETF"", ""5年国债ETF"", ""10年国债ETF"", ""信用债ETF"", ""日利ETF"", ""沪深300ETF"", ""中证500ETF"", ""中证1000ETF"", ""创业板ETF"", ""红利ETF"", ""半导体ETF"", ""人工智能ETF"", ""新能源ETF"", ""科创50ETF"", ""证券ETF"", ""军工ETF"", ""消费ETF"", ""恒生ETF"", ""白银LOF"", ""纳指ETF"", ""标普500ETF"", ""日经225ETF"", ""欧洲ETF"", ""黄金ETF"", ""有色金属期货ETF"", ""能源化工期货ETF"", ""豆粕ETF"", ""煤炭ETF"", ""原油ETF""]",0.0
2021-11-19,candidate_03,CLARABEL,optimal,0.051819479294111785,,False,False,ewma,True,243,False,,,2.326527018785266e-06,0.45193832026001884,194254.49032437472,True,False,0.0,2.3265270187853262e-06,4.519383202600189e-07,1e-06,symmetrized,188,29,60.0,CLARABEL,optimal,True,0.45193832026001884,3.6154182496903053e-06,False,20,0,False,2.35,bond=0.70000000;cash=0.30000000;commodity_gold=0.40000000;defensive=0.25000000;equity=0.70000000,188,252,,,False,not_requested,True,0.0012436768905928495,0.05099853792117077,,0.07520198485691493,0.4551669260973606,2.4248769658896663e-11,0.19740783765984438,0.30000000002424876,0.1324805380369002,0.025263253309233315,0.3448483709697735,0.007919594693454421,,,2021-11-18,"[""可转债ETF"", ""5年国债ETF"", ""10年国债ETF"", ""信用债ETF"", ""日利ETF"", ""沪深300ETF"", ""中证500ETF"", ""中证1000ETF"", ""创业板ETF"", ""红利ETF"", ""半导体ETF"", ""人工智能ETF"", ""新能源ETF"", ""科创50ETF"", ""证券ETF"", ""军工ETF"", ""消费ETF"", ""恒生ETF"", ""白银LOF"", ""纳指ETF"", ""标普500ETF"", ""日经225ETF"", ""欧洲ETF"", ""黄金ETF"", ""有色金属期货ETF"", ""能源化工期货ETF"", ""豆粕ETF"", ""煤炭ETF"", ""原油ETF""]",0.0
2021-11-26,candidate_03,CLARABEL,optimal,0.05147440573361297,,False,False,ewma,True,243,False,,,2.204495145229139e-06,0.43585309789193794,197711.07177767664,True,False,0.0,2.204495145229053e-06,4.3585309789193775e-07,1e-06,symmetrized,193,29,60.0,CLARABEL,optimal,True,0.43585309789193794,2.8733877035017064e-06,False,20,0,False,2.35,bond=0.70000000;cash=0.30000000;commodity_gold=0.40000000;defensive=0.25000000;equity=0.70000000,193,252,,,False,not_requested,True,0.0020095463051024564,0.050398322707995956,,0.07642653460765775,0.4535795936486535,1.1880696426658233e-10,0.1969569747212133,0.30000000011880695,0.1318155769960763,0.02579425616300349,0.34543319200089995,0.007912036370560108,,,2021-11-25,"[""可转债ETF"", ""5年国债ETF"", ""10年国债ETF"", ""信用债ETF"", ""日利ETF"", ""沪深300ETF"", ""中证500ETF"", ""中证1000ETF"", ""创业板ETF"", ""红利ETF"", ""半导体ETF"", ""人工智能ETF"", ""新能源ETF"", ""科创50ETF"", ""证券ETF"", ""军工ETF"", ""消费ETF"", ""恒生ETF"", ""白银LOF"", ""纳指ETF"", ""标普500ETF"", ""日经225ETF"", ""欧洲ETF"", ""黄金ETF"", ""有色金属期货ETF"", ""能源化工期货ETF"", ""豆粕ETF"", ""煤炭ETF"", ""原油ETF""]",0.0
2021-12-03,candidate_03,CLARABEL,optimal,0.048958671701100916,,False,False,ewma,True,243,False,,,2.2626345403429824e-06,0.4191925788589813,185267.47089940467,True,False,0.0,2.262634540342982e-06,4.191925788589816e-07,1e-06,symmetrized,198,29,60.0,CLARABEL,optimal,True,0.4191925788589813,2.8790885283763723e-06,False,20,0,False,2.35,bond=0.70000000;cash=0.30000000;commodity_gold=0.40000000;defensive=0.25000000;equity=0.70000000,198,252,,,False,not_requested,True,0.006250495500214628,0.049826388586514364,,0.0736490046622387,0.44195830863304153,6.997669110830884e-11,0.20226991853241855,0.3000000000699767,0.128143543596254,0.02582519220654355,0.34376134559480714,0.007836796718253389,,,2021-12-02,"[""可转债ETF"", ""5年国债ETF"", ""10年国债ETF"", ""信用债ETF"", ""日利ETF"", ""沪深300ETF"", ""中证500ETF"", ""中证1000ETF"", ""创业板ETF"", ""红利ETF"", ""半导体ETF"", ""人工智能ETF"", ""新能源ETF"", ""科创50ETF"", ""证券ETF"", ""军工ETF"", ""消费ETF"", ""恒生ETF"", ""白银LOF"", ""纳指ETF"", ""标普500ETF"", ""日经225ETF"", ""欧洲ETF"", ""黄金ETF"", ""有色金属期货ETF"", ""能源化工期货ETF"", ""豆粕ETF"", ""煤炭ETF"", ""原油ETF""]",0.0
2021-12-10,candidate_03,CLARABEL,optimal,0.05056454519072022,,False,False,ewma,True,243,False,,,2.2810466256419327e-06,0.4125558070017753,180862.5051167789,True,False,0.0,2.2810466256418865e-06,4.125558070017753e-07,1e-06,symmetrized,203,29,60.0,CLARABEL,optimal,True,0.4125558070017753,2.1230893361423586e-06,False,20,0,False,2.35,bond=0.70000000;cash=0.30000000;commodity_gold=0.40000000;defensive=0.25000000;equity=0.70000000,203,252,,,False,not_requested,True,0.005476452536239349,0.050553136746649116,,0.06897464289030394,0.44923656665162315,2.122342857013848e-10,0.2003242536483032,0.3000000002122343,0.1286812162467222,0.0261596692368156,0.34483486065592484,0.007839754830322966,,,2021-12-09,"[""可转债ETF"", ""5年国债ETF"", ""10年国债ETF"", ""信用债ETF"", ""日利ETF"", ""沪深300ETF"", ""中证500ETF"", ""中证1000ETF"", ""创业板ETF"", ""红利ETF"", ""半导体ETF"", ""人工智能ETF"", ""新能源ETF"", ""科创50ETF"", ""证券ETF"", ""军工ETF"", ""消费ETF"", ""恒生ETF"", ""白银LOF"", ""纳指ETF"", ""标普500ETF"", ""日经225ETF"", ""欧洲ETF"", ""黄金ETF"", ""有色金属期货ETF"", ""能源化工期货ETF"", ""豆粕ETF"", ""煤炭ETF"", ""原油ETF""]",0.0
2021-12-17,candidate_03,CLARABEL,optimal,0.051053275837857716,,False,False,ewma,True,243,False,,,2.1715848827653117e-06,0.4050210017941767,186509.40380392596,True,False,0.0,2.1715848827653024e-06,4.050210017941769e-07,1e-06,symmetrized,208,29,60.0,CLARABEL,optimal,True,0.4050210017941767,2.910372619520374e-06,False,20,0,False,2.35,bond=0.70000000;cash=0.30000000;commodity_gold=0.40000000;defensive=0.25000000;equity=0.70000000,208,252,,,False,not_requested,True,0.0007383774079990696,0.050670774759983904,,0.06644419818269853,0.4518330965145221,5.380385026398926e-11,0.2011628046391194,0.30000000005380384,0.12915374882805045,0.026061604846288944,0.34362184163273723,0.007765677047292348,,,2021-12-16,"[""可转债ETF"", ""5年国债ETF"", ""10年国债ETF"", ""信用债ETF"", ""日利ETF"", ""沪深300ETF"", ""中证500ETF"", ""中证1000ETF"", ""创业板ETF"", ""红利ETF"", ""半导体ETF"", ""人工智能ETF"", ""新能源ETF"", ""科创50ETF"", ""证券ETF"", ""军工ETF"", ""消费ETF"", ""恒生ETF"", ""白银LOF"", ""纳指ETF"", ""标普500ETF"", ""日经225ETF"", ""欧洲ETF"", ""黄金ETF"", ""有色金属期货ETF"", ""能源化工期货ETF"", ""豆粕ETF"", ""煤炭ETF"", ""原油ETF""]",0.0
2021-12-24,candidate_03,CLARABEL,optimal,0.05488208816495056,,False,False,ewma,True,243,False,,,2.133627493744766e-06,0.42133622727802844,197474.12728476519,True,False,0.0,2.13362749374477e-06,4.2133622727802857e-07,1e-06,symmetrized,213,29,60.0,CLARABEL,optimal,True,0.42133622727802844,2.540382984389522e-06,False,20,0,False,2.35,bond=0.70000000;cash=0.30000000;commodity_gold=0.40000000;defensive=0.25000000;equity=0.70000000,213,252,,,False,not_requested,True,0.001996597001591672,0.052110347343135195,,0.06594746787868944,0.4683654865414928,4.620415161582514e-11,0.20320816408742423,0.30000000004620414,0.1308634201974532,0.026147152573055752,0.33978126309586265,0.007817353166700756,,,2021-12-23,"[""可转债ETF"", ""5年国债ETF"", ""10年国债ETF"", ""信用债ETF"", ""日利ETF"", ""沪深300ETF"", ""中证500ETF"", ""中证1000ETF"", ""创业板ETF"", ""红利ETF"", ""半导体ETF"", ""人工智能ETF"", ""新能源ETF"", ""科创50ETF"", ""证券ETF"", ""军工ETF"", ""消费ETF"", ""恒生ETF"", ""白银LOF"", ""纳指ETF"", ""标普500ETF"", ""日经225ETF"", ""欧洲ETF"", ""黄金ETF"", ""有色金属期货ETF"", ""能源化工期货ETF"", ""豆粕ETF"", ""煤炭ETF"", ""原油ETF""]",0.0
2021-12-31,candidate_03,CLARABEL,optimal,0.056220135395088244,,False,False,ewma,True,243,False,,,2.0760516655286525e-06,0.4045609374031067,194870.3609455153,True,False,0.0,2.0760516655286517e-06,4.0456093740310687e-07,1e-06,symmetrized,218,29,60.0,CLARABEL,optimal,True,0.4045609374031067,3.0071051265422033e-06,False,20,0,False,2.35,bond=0.70000000;cash=0.30000000;commodity_gold=0.40000000;defensive=0.25000000;equity=0.70000000,218,252,,,False,not_requested,True,0.00100663449389373,0.05131465402738409,,0.06653987531333486,0.4741295211853494,4.9443782401681347e-11,0.20329962213321384,0.30000000004944377,0.1301230003735313,0.025785919409425963,0.3407914580343852,0.00776951103984149,,,2021-12-30,"[""可转债ETF"", ""5年国债ETF"", ""10年国债ETF"", ""信用债ETF"", ""日利ETF"", ""沪深300ETF"", ""中证500ETF"", ""中证1000ETF"", ""创业板ETF"", ""红利ETF"", ""半导体ETF"", ""人工智能ETF"", ""新能源ETF"", ""科创50ETF"", ""证券ETF"", ""军工ETF"", ""消费ETF"", ""恒生ETF"", ""白银LOF"", ""纳指ETF"", ""标普500ETF"", ""日经225ETF"", ""欧洲ETF"", ""黄金ETF"", ""有色金属期货ETF"", ""能源化工期货ETF"", ""豆粕ETF"", ""煤炭ETF"", ""原油ETF""]",0.0
2022-01-07,candidate_03,CLARABEL,optimal,0.0459584746961721,,False,False,ewma,True,243,False,,,2.548372861455962e-06,0.40568186367777226,159192.50664362908,True,False,0.0,2.5483728614559665e-06,4.0568186367777236e-07,1e-06,symmetrized,222,29,60.0,CLARABEL,optimal,True,0.40568186367777226,4.59609456748486e-06,False,20,0,False,2.35,bond=0.70000000;cash=0.30000000;commodity_gold=0.40000000;defensive=0.25000000;equity=0.70000000,222,252,,,False,not_requested,True,0.00539927836229081,0.0511386599029465,,0.06656340406989547,0.42824698175430304,1.9115057314778028e-09,0.20764872473350343,0.3000000019115057,0.1317887595913262,0.026559545779153877,0.3340029679845107,0.007625980313650863,,,2022-01-06,"[""可转债ETF"", ""5年国债ETF"", ""10年国债ETF"", ""信用债ETF"", ""日利ETF"", ""沪深300ETF"", ""中证500ETF"", ""中证1000ETF"", ""创业板ETF"", ""红利ETF"", ""半导体ETF"", ""人工智能ETF"", ""新能源ETF"", ""科创50ETF"", ""证券ETF"", ""军工ETF"", ""消费ETF"", ""恒生ETF"", ""白银LOF"", ""纳指ETF"", ""标普500ETF"", ""日经225ETF"", ""欧洲ETF"", ""黄金ETF"", ""有色金属期货ETF"", ""能源化工期货ETF"", ""豆粕ETF"", ""煤炭ETF"", ""原油ETF""]",0.0
2022-01-14,candidate_03,CLARABEL,optimal,0.047120353973582454,,False,False,ewma,True,243,False,,,2.4613753902315294e-06,0.407187915321766,165431.0500290912,True,False,0.0,2.4613753902315303e-06,4.071879153217658e-07,1e-06,symmetrized,227,29,60.0,CLARABEL,optimal,True,0.407187915321766,2.517038663885085e-06,False,20,0,False,2.35,bond=0.70000000;cash=0.30000000;commodity_gold=0.40000000;defensive=0.25000000;equity=0.70000000,227,252,,,False,not_requested,True,0.0007085501977825634,0.05125051526659122,,0.05927162049516516,0.4340781975845711,2.7001278990468336e-10,0.2076073718119483,0.3000000002700128,0.13496456325892084,0.026906337537374005,0.33052172712174405,0.0075667176502381625,,,2022-01-13,"[""可转债ETF"", ""5年国债ETF"", ""10年国债ETF"", ""信用债ETF"", ""日利ETF"", ""沪深300ETF"", ""中证500ETF"", ""中证1000ETF"", ""创业板ETF"", ""红利ETF"", ""半导体ETF"", ""人工智能ETF"", ""新能源ETF"", ""科创50ETF"", ""证券ETF"", ""军工ETF"", ""消费ETF"", ""恒生ETF"", ""白银LOF"", ""纳指ETF"", ""标普500ETF"", ""日经225ETF"", ""欧洲ETF"", ""黄金ETF"", ""有色金属期货ETF"", ""能源化工期货ETF"", ""豆粕ETF"", ""煤炭ETF"", ""原油ETF""]",0.0
2022-01-21,candidate_03,CLARABEL,optimal,0.04834723474478049,,False,False,ewma,True,243,False,,,2.402806911907748e-06,0.39826813734623734,165751.2034664599,True,False,0.0,2.402806911907743e-06,3.982681373462372e-07,1e-06,symmetrized,232,29,60.0,CLARABEL,optimal,True,0.39826813734623734,3.835453486970841e-06,False,20,0,False,2.35,bond=0.70000000;cash=0.30000000;commodity_gold=0.40000000;defensive=0.25000000;equity=0.70000000,232,252,,,False,not_requested,True,0.00010489121602438216,0.05032763842565523,,0.05998609797202115,0.43975040854145975,1.405128235987263e-10,0.20860435898663487,0.3000000001405128,0.13676013986693933,0.026832363473203204,0.32780313753270995,0.00752023181678474,,,2022-01-20,"[""可转债ETF"", ""5年国债ETF"", ""10年国债ETF"", ""信用债ETF"", ""日利ETF"", ""沪深300ETF"", ""中证500ETF"", ""中证1000ETF"", ""创业板ETF"", ""红利ETF"", ""半导体ETF"", ""人工智能ETF"", ""新能源ETF"", ""科创50ETF"", ""证券ETF"", ""军工ETF"", ""消费ETF"", ""恒生ETF"", ""白银LOF"", ""纳指ETF"", ""标普500ETF"", ""日经225ETF"", ""欧洲ETF"", ""黄金ETF"", ""有色金属期货ETF"", ""能源化工期货ETF"", ""豆粕ETF"", ""煤炭ETF"", ""原油ETF""]",0.0
2022-01-28,candidate_03,CLARABEL,optimal,0.059942353900453015,,False,False,ewma,True,243,False,,,2.532006392005458e-06,0.443007055891823,174962.85052461593,True,False,0.0,2.5320063920053862e-06,4.4300705589182337e-07,1e-06,symmetrized,237,29,60.0,CLARABEL,optimal,True,0.443007055891823,1.0406810682303536e-07,False,20,0,False,2.35,bond=0.70000000;cash=0.30000000;commodity_gold=0.40000000;defensive=0.25000000;equity=0.70000000,237,252,,,False,not_requested,True,0.013954213676931346,0.05300982386322501,,0.05857820698269247,0.48850417956374265,2.4604207560230407e-11,0.21986334044593406,0.3000000000246042,0.13730255629331448,0.02642042329947145,0.3164136799366758,0.007864901844489795,,,2022-01-27,"[""可转债ETF"", ""5年国债ETF"", ""10年国债ETF"", ""信用债ETF"", ""日利ETF"", ""沪深300ETF"", ""中证500ETF"", ""中证1000ETF"", ""创业板ETF"", ""红利ETF"", ""半导体ETF"", ""人工智能ETF"", ""新能源ETF"", ""科创50ETF"", ""证券ETF"", ""军工ETF"", ""消费ETF"", ""恒生ETF"", ""白银LOF"", ""纳指ETF"", ""标普500ETF"", ""日经225ETF"", ""欧洲ETF"", ""黄金ETF"", ""有色金属期货ETF"", ""能源化工期货ETF"", ""豆粕ETF"", ""煤炭ETF"", ""原油ETF""]",0.0
2022-02-11,candidate_03,CLARABEL,optimal,0.049144433609708014,,False,False,ewma,True,243,False,,,2.981938377316117e-06,0.4340733550878353,145567.51353075294,True,False,0.0,2.9819383773161885e-06,4.340733550878351e-07,1e-06,symmetrized,242,29,60.0,CLARABEL,optimal,True,0.4340733550878353,2.599296898140452e-06,False,20,0,False,2.35,bond=0.70000000;cash=0.30000000;commodity_gold=0.40000000;defensive=0.25000000;equity=0.70000000,242,252,,,False,not_requested,True,0.010271735275037226,0.054905782085763445,,0.058828076273192094,0.44242928195870923,2.1137996908393575e-10,0.21677156536489492,0.30000000021137996,0.14072633114321584,0.0275038982341577,0.31499820504635156,0.007843599705981797,,,2022-02-10,"[""可转债ETF"", ""5年国债ETF"", ""10年国债ETF"", ""信用债ETF"", ""日利ETF"", ""沪深300ETF"", ""中证500ETF"", ""中证1000ETF"", ""创业板ETF"", ""红利ETF"", ""半导体ETF"", ""人工智能ETF"", ""新能源ETF"", ""科创50ETF"", ""证券ETF"", ""军工ETF"", ""消费ETF"", ""恒生ETF"", ""白银LOF"", ""纳指ETF"", ""标普500ETF"", ""日经225ETF"", ""欧洲ETF"", ""黄金ETF"", ""有色金属期货ETF"", ""能源化工期货ETF"", ""豆粕ETF"", ""煤炭ETF"", ""原油ETF""]",0.0
2022-02-18,candidate_03,CLARABEL,optimal,0.05767475722323947,,False,False,ewma,True,243,False,,,2.9902921702063213e-06,0.42787371544346275,143087.59515426907,True,False,0.0,2.990292170206354e-06,4.2787371544346316e-07,1e-06,symmetrized,247,29,60.0,CLARABEL,optimal,True,0.42787371544346275,3.6123138801025245e-06,False,20,0,False,2.35,bond=0.70000000;cash=0.30000000;commodity_gold=0.40000000;defensive=0.25000000;equity=0.70000000,247,252,,,False,not_requested,True,0.003477942570020204,0.05444863946036986,,0.05450452925408892,0.48001731214225213,2.8866464774068845e-10,0.21868369213265482,0.30000000028866464,0.1410724433333448,0.027207484346517853,0.31303637989881805,0.00785762808372017,,,2022-02-17,"[""可转债ETF"", ""5年国债ETF"", ""10年国债ETF"", ""信用债ETF"", ""日利ETF"", ""沪深300ETF"", ""中证500ETF"", ""中证1000ETF"", ""创业板ETF"", ""红利ETF"", ""半导体ETF"", ""人工智能ETF"", ""新能源ETF"", ""科创50ETF"", ""证券ETF"", ""军工ETF"", ""消费ETF"", ""恒生ETF"", ""白银LOF"", ""纳指ETF"", ""标普500ETF"", ""日经225ETF"", ""欧洲ETF"", ""黄金ETF"", ""有色金属期货ETF"", ""能源化工期货ETF"", ""豆粕ETF"", ""煤炭ETF"", ""原油ETF""]",0.0
2022-02-25,candidate_03,CLARABEL,optimal,0.05789417921778963,,False,False,ewma,True,243,False,,,2.9184476715594675e-06,0.44157022648822897,151303.11596516537,True,False,0.0,2.9184476715594633e-06,4.4157022648822887e-07,1e-06,symmetrized,252,29,60.0,CLARABEL,optimal,True,0.44157022648822897,5.288090909577603e-06,False,20,0,False,2.35,bond=0.70000000;cash=0.30000000;commodity_gold=0.40000000;defensive=0.25000000;equity=0.70000000,252,252,,,False,not_requested,True,0.002993564168147565,0.05407607467130348,,0.05389366084331279,0.48097155785005097,1.6285028880957952e-10,0.2208941711791998,0.3000000001628503,0.14716121238364208,0.027450326576458,0.3044942896978499,0.007757107163486019,,,2022-02-24,"[""可转债ETF"", ""5年国债ETF"", ""10年国债ETF"", ""信用债ETF"", ""日利ETF"", ""沪深300ETF"", ""中证500ETF"", ""中证1000ETF"", ""创业板ETF"", ""红利ETF"", ""半导体ETF"", ""人工智能ETF"", ""新能源ETF"", ""科创50ETF"", ""证券ETF"", ""军工ETF"", ""消费ETF"", ""恒生ETF"", ""白银LOF"", ""纳指ETF"", ""标普500ETF"", ""日经225ETF"", ""欧洲ETF"", ""黄金ETF"", ""有色金属期货ETF"", ""能源化工期货ETF"", ""豆粕ETF"", ""煤炭ETF"", ""原油ETF""]",0.0
2022-03-04,candidate_03,CLARABEL,optimal,0.05804565793811104,,False,False,ewma,True,243,False,,,2.730411420818879e-06,0.4287167966429518,157015.45685535375,True,False,0.0,2.7304114208190005e-06,4.287167966429519e-07,1e-06,symmetrized,252,29,60.0,CLARABEL,optimal,True,0.4287167966429518,3.7077290458362167e-06,False,20,0,False,2.35,bond=0.70000000;cash=0.30000000;commodity_gold=0.40000000;defensive=0.25000000;equity=0.70000000,252,252,,,False,not_requested,True,0.0034420867444069046,0.053930329589892044,,0.057194942048534994,0.4815632194310508,7.121274125942989e-10,0.2171539093290631,0.3000000007121274,0.1496869436071402,0.028101613304103667,0.30505753304756555,0.007826765150850823,,,2022-03-03,"[""可转债ETF"", ""5年国债ETF"", ""10年国债ETF"", ""信用债ETF"", ""日利ETF"", ""沪深300ETF"", ""中证500ETF"", ""中证1000ETF"", ""创业板ETF"", ""红利ETF"", ""半导体ETF"", ""人工智能ETF"", ""新能源ETF"", ""科创50ETF"", ""证券ETF"", ""军工ETF"", ""消费ETF"", ""恒生ETF"", ""白银LOF"", ""纳指ETF"", ""标普500ETF"", ""日经225ETF"", ""欧洲ETF"", ""黄金ETF"", ""有色金属期货ETF"", ""能源化工期货ETF"", ""豆粕ETF"", ""煤炭ETF"", ""原油ETF""]",0.0
2022-03-11,candidate_03,CLARABEL,optimal,0.05823498639604934,,False,False,ewma,True,243,False,,,2.712311979077728e-06,0.5030260658776574,185460.25300846924,True,False,0.0,2.7123119790775427e-06,5.030260658776569e-07,1e-06,symmetrized,252,29,60.0,CLARABEL,optimal,True,0.5030260658776574,4.296448805816283e-06,False,20,0,False,2.35,bond=0.70000000;cash=0.30000000;commodity_gold=0.40000000;defensive=0.25000000;equity=0.70000000,252,252,,,False,not_requested,True,0.009439942371657137,0.053502595651249346,,0.065718020682907,0.4818437737105153,7.84697307132376e-11,0.22487454634449394,0.3000000000784697,0.15383815084395144,0.02734329136048389,0.29394401137260107,0.00769528573104846,,,2022-03-10,"[""可转债ETF"", ""5年国债ETF"", ""10年国债ETF"", ""信用债ETF"", ""日利ETF"", ""沪深300ETF"", ""中证500ETF"", ""中证1000ETF"", ""创业板ETF"", ""红利ETF"", ""半导体ETF"", ""人工智能ETF"", ""新能源ETF"", ""科创50ETF"", ""证券ETF"", ""军工ETF"", ""消费ETF"", ""恒生ETF"", ""白银LOF"", ""纳指ETF"", ""标普500ETF"", ""日经225ETF"", ""欧洲ETF"", ""黄金ETF"", ""有色金属期货ETF"", ""能源化工期货ETF"", ""豆粕ETF"", ""煤炭ETF"", ""原油ETF""]",0.0
2022-03-18,candidate_03,CLARABEL,optimal,0.0580078500251789,,False,False,ewma,True,243,False,,,2.597223872482814e-06,0.6696710969254702,257841.11412979534,True,False,0.0,2.597223872482814e-06,6.696710969254706e-07,1e-06,symmetrized,252,29,60.0,CLARABEL,optimal,True,0.6696710969254702,3.969218732233215e-06,False,20,0,False,2.35,bond=0.70000000;cash=0.30000000;commodity_gold=0.40000000;defensive=0.25000000;equity=0.70000000,252,252,,,False,not_requested,True,0.000844429841740752,0.06868142924935337,,0.06309034296838864,0.48162519908904916,1.9122854966191483e-09,0.22566851248853012,0.3000000019122855,0.15102584946260436,0.026528577759100815,0.2967770583774792,0.007989825680281464,,,2022-03-17,"[""可转债ETF"", ""5年国债ETF"", ""10年国债ETF"", ""信用债ETF"", ""日利ETF"", ""沪深300ETF"", ""中证500ETF"", ""中证1000ETF"", ""创业板ETF"", ""红利ETF"", ""半导体ETF"", ""人工智能ETF"", ""新能源ETF"", ""科创50ETF"", ""证券ETF"", ""军工ETF"", ""消费ETF"", ""恒生ETF"", ""白银LOF"", ""纳指ETF"", ""标普500ETF"", ""日经225ETF"", ""欧洲ETF"", ""黄金ETF"", ""有色金属期货ETF"", ""能源化工期货ETF"", ""豆粕ETF"", ""煤炭ETF"", ""原油ETF""]",0.0
2022-03-25,candidate_03,CLARABEL,optimal,0.05947986825995459,,False,False,ewma,True,243,False,,,2.6401653645897165e-06,0.6420843482769851,243198.53479206804,True,False,0.0,2.6401653645897123e-06,6.420843482769854e-07,1e-06,symmetrized,252,29,60.0,CLARABEL,optimal,True,0.6420843482769851,1.966993982173426e-06,False,20,0,False,2.35,bond=0.70000000;cash=0.30000000;commodity_gold=0.40000000;defensive=0.25000000;equity=0.70000000,252,252,,,False,not_requested,True,0.005769610864675515,0.06848697867530046,,0.07373763938263159,0.4872894218404568,8.443241106270705e-10,0.22049960478974717,0.3000000008443241,0.15612917906310184,0.027590816905309803,0.29578039839751713,0.008075038996059446,,,2022-03-24,"[""可转债ETF"", ""5年国债ETF"", ""10年国债ETF"", ""信用债ETF"", ""日利ETF"", ""沪深300ETF"", ""中证500ETF"", ""中证1000ETF"", ""创业板ETF"", ""红利ETF"", ""半导体ETF"", ""人工智能ETF"", ""新能源ETF"", ""科创50ETF"", ""证券ETF"", ""军工ETF"", ""消费ETF"", ""恒生ETF"", ""白银LOF"", ""纳指ETF"", ""标普500ETF"", ""日经225ETF"", ""欧洲ETF"", ""黄金ETF"", ""有色金属期货ETF"", ""能源化工期货ETF"", ""豆粕ETF"", ""煤炭ETF"", ""原油ETF""]",0.0
2022-04-01,candidate_03,CLARABEL,optimal,0.06166724860282748,,False,False,ewma,True,243,False,,,2.988692729144997e-06,0.6409222748535033,214449.03606295382,True,False,0.0,2.9886927291450096e-06,6.409222748535037e-07,1e-06,symmetrized,252,29,60.0,CLARABEL,optimal,True,0.6409222748535033,4.479351025238332e-06,False,20,0,False,2.35,bond=0.70000000;cash=0.30000000;commodity_gold=0.40000000;defensive=0.25000000;equity=0.70000000,252,252,,,False,not_requested,True,0.0004643443120920629,0.06771078991234612,,0.07300136383633762,0.49661986433603633,3.255756775288887e-11,0.22100677577688066,0.30000000003255756,0.15435857599808955,0.028664603281034855,0.29597004491143747,0.008100572592743865,,,2022-03-31,"[""可转债ETF"", ""5年国债ETF"", ""10年国债ETF"", ""信用债ETF"", ""日利ETF"", ""沪深300ETF"", ""中证500ETF"", ""中证1000ETF"", ""创业板ETF"", ""红利ETF"", ""半导体ETF"", ""人工智能ETF"", ""新能源ETF"", ""科创50ETF"", ""证券ETF"", ""军工ETF"", ""消费ETF"", ""恒生ETF"", ""白银LOF"", ""纳指ETF"", ""标普500ETF"", ""日经225ETF"", ""欧洲ETF"", ""黄金ETF"", ""有色金属期货ETF"", ""能源化工期货ETF"", ""豆粕ETF"", ""煤炭ETF"", ""原油ETF""]",0.0
2022-04-08,candidate_03,CLARABEL,optimal,0.060740905991161144,,False,False,ewma,True,243,False,,,2.8864489002139024e-06,0.6366320414863547,220558.9163345925,True,False,0.0,2.886448900213901e-06,6.366320414863545e-07,1e-06,symmetrized,252,29,60.0,CLARABEL,optimal,True,0.6366320414863547,2.676951297141822e-06,False,20,0,False,2.35,bond=0.70000000;cash=0.30000000;commodity_gold=0.40000000;defensive=0.25000000;equity=0.70000000,252,252,,,False,not_requested,True,0.00496915117792248,0.06675384834208513,,0.07679546780717258,0.4925039379426176,1.6941764657829594e-10,0.2258205268605315,0.30000000016941764,0.15440393837334676,0.029200353862090814,0.29057518073461336,0.007927058260023321,,,2022-04-07,"[""可转债ETF"", ""5年国债ETF"", ""10年国债ETF"", ""信用债ETF"", ""日利ETF"", ""沪深300ETF"", ""中证500ETF"", ""中证1000ETF"", ""创业板ETF"", ""红利ETF"", ""半导体ETF"", ""人工智能ETF"", ""新能源ETF"", ""科创50ETF"", ""证券ETF"", ""军工ETF"", ""消费ETF"", ""恒生ETF"", ""白银LOF"", ""纳指ETF"", ""标普500ETF"", ""日经225ETF"", ""欧洲ETF"", ""黄金ETF"", ""有色金属期货ETF"", ""能源化工期货ETF"", ""豆粕ETF"", ""煤炭ETF"", ""原油ETF""]",0.0
2022-04-15,candidate_03,CLARABEL,optimal,0.06372344123396848,,False,False,ewma,True,243,False,,,2.7739032239006905e-06,0.6700622909873117,241559.36126894268,True,False,0.0,2.7739032239006817e-06,6.700622909873124e-07,1e-06,symmetrized,252,29,60.0,CLARABEL,optimal,True,0.6700622909873117,3.3876091935260144e-06,False,20,0,False,2.35,bond=0.70000000;cash=0.30000000;commodity_gold=0.40000000;defensive=0.25000000;equity=0.70000000,252,252,,,False,not_requested,True,0.0007302542120953305,0.06687104392200575,,0.072832290472822,0.5048113194985349,1.5335049896592068e-10,0.2255337073338046,0.3000000001533505,0.1592161150490663,0.029587731098624084,0.2856624463651546,0.00803845589681519,,,2022-04-14,"[""可转债ETF"", ""5年国债ETF"", ""10年国债ETF"", ""信用债ETF"", ""日利ETF"", ""沪深300ETF"", ""中证500ETF"", ""中证1000ETF"", ""创业板ETF"", ""红利ETF"", ""半导体ETF"", ""人工智能ETF"", ""新能源ETF"", ""科创50ETF"", ""证券ETF"", ""军工ETF"", ""消费ETF"", ""恒生ETF"", ""白银LOF"", ""纳指ETF"", ""标普500ETF"", ""日经225ETF"", ""欧洲ETF"", ""黄金ETF"", ""有色金属期货ETF"", ""能源化工期货ETF"", ""豆粕ETF"", ""煤炭ETF"", ""原油ETF""]",0.0
2022-04-22,candidate_03,CLARABEL,optimal,0.06298259339774606,,False,False,ewma,True,243,False,,,2.703527312193939e-06,0.6573383262359227,243140.99704895754,True,False,0.0,2.7035273121939396e-06,6.57338326235923e-07,1e-06,symmetrized,252,29,60.0,CLARABEL,optimal,True,0.6573383262359227,3.1993072237210263e-06,False,20,0,False,2.35,bond=0.70000000;cash=0.30000000;commodity_gold=0.40000000;defensive=0.25000000;equity=0.70000000,252,252,,,False,not_requested,True,0.004419145555336491,0.06475072972616278,,0.08312349635088606,0.5015690769693385,1.8568768744842146e-10,0.22885511228963878,0.3000000001856877,0.16239639289791646,0.027925153375600222,0.2808233412511568,0.007899910038664781,,,2022-04-21,"[""可转债ETF"", ""5年国债ETF"", ""10年国债ETF"", ""信用债ETF"", ""日利ETF"", ""沪深300ETF"", ""中证500ETF"", ""中证1000ETF"", ""创业板ETF"", ""红利ETF"", ""半导体ETF"", ""人工智能ETF"", ""新能源ETF"", ""科创50ETF"", ""证券ETF"", ""军工ETF"", ""消费ETF"", ""恒生ETF"", ""白银LOF"", ""纳指ETF"", ""标普500ETF"", ""日经225ETF"", ""欧洲ETF"", ""黄金ETF"", ""有色金属期货ETF"", ""能源化工期货ETF"", ""豆粕ETF"", ""煤炭ETF"", ""原油ETF""]",0.0
2022-04-29,candidate_03,CLARABEL,optimal,0.05504529428122496,,False,False,ewma,True,243,False,,,2.6323387531182204e-06,0.8578070635250294,325872.5961880426,True,False,0.0,2.632338753118021e-06,8.578070635250287e-07,1e-06,symmetrized,252,29,60.0,CLARABEL,optimal,True,0.8578070635250294,3.444121129052985e-06,False,20,0,False,2.35,bond=0.70000000;cash=0.30000000;commodity_gold=0.40000000;defensive=0.25000000;equity=0.70000000,252,252,,,False,not_requested,True,0.015238702231778183,0.07039890740646293,,0.07929892739427677,0.4679143025209631,3.880493704144783e-10,0.2388089814267369,0.30000000038804936,0.1589556784541033,0.027942652807327936,0.2742926869237825,0.008749115555841187,,,2022-04-28,"[""可转债ETF"", ""5年国债ETF"", ""10年国债ETF"", ""信用债ETF"", ""日利ETF"", ""沪深300ETF"", ""中证500ETF"", ""中证1000ETF"", ""创业板ETF"", ""红利ETF"", ""半导体ETF"", ""人工智能ETF"", ""新能源ETF"", ""科创50ETF"", ""证券ETF"", ""军工ETF"", ""消费ETF"", ""恒生ETF"", ""白银LOF"", ""纳指ETF"", ""标普500ETF"", ""日经225ETF"", ""欧洲ETF"", ""黄金ETF"", ""有色金属期货ETF"", ""能源化工期货ETF"", ""豆粕ETF"", ""煤炭ETF"", ""原油ETF""]",0.0
2022-05-06,candidate_03,CLARABEL,optimal,0.04698894213052422,,False,False,ewma,True,243,False,,,2.7488238001417274e-06,0.9069763754702571,329950.7139830112,True,False,0.0,2.748823800141981e-06,9.06976375470257e-07,1e-06,symmetrized,252,29,60.0,CLARABEL,optimal,True,0.9069763754702571,4.713475701443454e-06,False,20,0,False,2.35,bond=0.70000000;cash=0.30000000;commodity_gold=0.40000000;defensive=0.25000000;equity=0.70000000,252,252,,,False,not_requested,True,0.027732357235312026,0.07255780724603017,,0.06293519317563132,0.4309337549027571,1.2635725799015063e-11,0.23893531117347394,0.3000000000126357,0.15355694357266497,0.027783607492170796,0.2797241377490547,0.008776633512352411,,,2022-05-05,"[""可转债ETF"", ""5年国债ETF"", ""10年国债ETF"", ""信用债ETF"", ""日利ETF"", ""沪深300ETF"", ""中证500ETF"", ""中证1000ETF"", ""创业板ETF"", ""红利ETF"", ""半导体ETF"", ""人工智能ETF"", ""新能源ETF"", ""科创50ETF"", ""证券ETF"", ""军工ETF"", ""消费ETF"", ""恒生ETF"", ""白银LOF"", ""纳指ETF"", ""标普500ETF"", ""日经225ETF"", ""欧洲ETF"", ""黄金ETF"", ""有色金属期货ETF"", ""能源化工期货ETF"", ""豆粕ETF"", ""煤炭ETF"", ""原油ETF""]",0.0
2022-05-13,candidate_03,CLARABEL,optimal,0.049715616062461054,,False,False,ewma,True,243,False,,,2.663058572878956e-06,0.8951140502120027,336122.55446725705,True,False,0.0,2.663058572878587e-06,8.951140502120023e-07,1e-06,symmetrized,252,29,60.0,CLARABEL,optimal,True,0.8951140502120027,2.2360536680726684e-06,False,20,0,False,2.35,bond=0.70000000;cash=0.30000000;commodity_gold=0.40000000;defensive=0.25000000;equity=0.70000000,252,252,,,False,not_requested,True,0.007021330804650568,0.07180280330051703,,0.05456766696426824,0.445300271938505,6.329770041446636e-12,0.24554389696883333,0.30000000000632976,0.14950903047168684,0.0271752696453048,0.27777180290784553,0.008990871142611849,,,2022-05-12,"[""可转债ETF"", ""5年国债ETF"", ""10年国债ETF"", ""信用债ETF"", ""日利ETF"", ""沪深300ETF"", ""中证500ETF"", ""中证1000ETF"", ""创业板ETF"", ""红利ETF"", ""半导体ETF"", ""人工智能ETF"", ""新能源ETF"", ""科创50ETF"", ""证券ETF"", ""军工ETF"", ""消费ETF"", ""恒生ETF"", ""白银LOF"", ""纳指ETF"", ""标普500ETF"", ""日经225ETF"", ""欧洲ETF"", ""黄金ETF"", ""有色金属期货ETF"", ""能源化工期货ETF"", ""豆粕ETF"", ""煤炭ETF"", ""原油ETF""]",0.0
2022-05-20,candidate_03,CLARABEL,optimal,0.05433062321078291,,False,False,ewma,True,243,False,,,2.548900621431149e-06,0.86255086957542,338401.13746416586,True,False,0.0,2.548900621431191e-06,8.625508695754204e-07,1e-06,symmetrized,252,29,60.0,CLARABEL,optimal,True,0.86255086957542,3.23607215108046e-06,False,20,0,False,2.35,bond=0.70000000;cash=0.30000000;commodity_gold=0.40000000;defensive=0.25000000;equity=0.70000000,252,252,,,False,not_requested,True,0.00458260673079508,0.07187099465945841,,0.060634200259361025,0.46577933098903296,1.3624613104390448e-09,0.24192080991647844,0.3000000013624613,0.15111927318909582,0.02757971917528789,0.2793801963566767,0.009090616307004603,,,2022-05-19,"[""可转债ETF"", ""5年国债ETF"", ""10年国债ETF"", ""信用债ETF"", ""日利ETF"", ""沪深300ETF"", ""中证500ETF"", ""中证1000ETF"", ""创业板ETF"", ""红利ETF"", ""半导体ETF"", ""人工智能ETF"", ""新能源ETF"", ""科创50ETF"", ""证券ETF"", ""军工ETF"", ""消费ETF"", ""恒生ETF"", ""白银LOF"", ""纳指ETF"", ""标普500ETF"", ""日经225ETF"", ""欧洲ETF"", ""黄金ETF"", ""有色金属期货ETF"", ""能源化工期货ETF"", ""豆粕ETF"", ""煤炭ETF"", ""原油ETF""]",0.0
2022-05-27,candidate_03,CLARABEL,optimal,0.05712264362717363,,False,False,ewma,True,243,False,,,2.4397004729970934e-06,0.868503771648526,355987.8686999626,True,False,0.0,2.4397004729967453e-06,8.685037716485258e-07,1e-06,symmetrized,252,29,60.0,CLARABEL,optimal,True,0.868503771648526,3.515004326992699e-06,False,20,0,False,2.35,bond=0.70000000;cash=0.30000000;commodity_gold=0.40000000;defensive=0.25000000;equity=0.70000000,252,252,,,False,not_requested,True,0.002862515998368083,0.07241392652196647,,0.06208827588036788,0.47776368448180206,4.890722271611025e-10,0.24003383888817792,0.3000000004890722,0.1539745206622337,0.02809712833627165,0.2778945116242446,0.009268398195932833,,,2022-05-26,"[""可转债ETF"", ""5年国债ETF"", ""10年国债ETF"", ""信用债ETF"", ""日利ETF"", ""沪深300ETF"", ""中证500ETF"", ""中证1000ETF"", ""创业板ETF"", ""红利ETF"", ""半导体ETF"", ""人工智能ETF"", ""新能源ETF"", ""科创50ETF"", ""证券ETF"", ""军工ETF"", ""消费ETF"", ""恒生ETF"", ""白银LOF"", ""纳指ETF"", ""标普500ETF"", ""日经225ETF"", ""欧洲ETF"", ""黄金ETF"", ""有色金属期货ETF"", ""能源化工期货ETF"", ""豆粕ETF"", ""煤炭ETF"", ""原油ETF""]",0.0
2022-06-02,candidate_03,CLARABEL,optimal,0.05737512539404727,,False,False,ewma,True,243,False,,,2.3822845472021084e-06,0.8447457494378876,354594.81548079784,True,False,0.0,2.3822845472018153e-06,8.447457494378877e-07,1e-06,symmetrized,252,29,60.0,CLARABEL,optimal,True,0.8447457494378876,2.3641829339712817e-06,False,20,0,False,2.35,bond=0.70000000;cash=0.30000000;commodity_gold=0.40000000;defensive=0.25000000;equity=0.70000000,252,252,,,False,not_requested,True,0.0060263815475089175,0.07280744055537716,,0.06602214981433907,0.4785511042663378,1.0458831578574745e-09,0.23514075768546616,0.30000000104588315,0.15295691090167088,0.027791084716327647,0.2841112456506524,0.009412046597890487,,,2022-06-01,"[""可转债ETF"", ""5年国债ETF"", ""10年国债ETF"", ""信用债ETF"", ""日利ETF"", ""沪深300ETF"", ""中证500ETF"", ""中证1000ETF"", ""创业板ETF"", ""红利ETF"", ""半导体ETF"", ""人工智能ETF"", ""新能源ETF"", ""科创50ETF"", ""证券ETF"", ""军工ETF"", ""消费ETF"", ""恒生ETF"", ""白银LOF"", ""纳指ETF"", ""标普500ETF"", ""日经225ETF"", ""欧洲ETF"", ""黄金ETF"", ""有色金属期货ETF"", ""能源化工期货ETF"", ""豆粕ETF"", ""煤炭ETF"", ""原油ETF""]",0.0
2022-06-10,candidate_03,CLARABEL,optimal,0.054285317248008134,,False,False,ewma,True,243,False,,,2.307118148738673e-06,0.8549773593141408,370582.390755136,True,False,0.0,2.3071181487385938e-06,8.549773593141405e-07,1e-06,symmetrized,252,29,60.0,CLARABEL,optimal,True,0.8549773593141408,4.151384303541228e-06,False,20,0,False,2.35,bond=0.70000000;cash=0.30000000;commodity_gold=0.40000000;defensive=0.25000000;equity=0.70000000,252,252,,,False,not_requested,True,0.005218956670131649,0.07316408896332131,,0.06482563568202987,0.4655292576309441,3.512640733838168e-10,0.2327610974462111,0.30000000035126406,0.1539708550222859,0.027928179902240377,0.2853398672779986,0.009489187876673764,,,2022-06-09,"[""可转债ETF"", ""5年国债ETF"", ""10年国债ETF"", ""信用债ETF"", ""日利ETF"", ""沪深300ETF"", ""中证500ETF"", ""中证1000ETF"", ""创业板ETF"", ""红利ETF"", ""半导体ETF"", ""人工智能ETF"", ""新能源ETF"", ""科创50ETF"", ""证券ETF"", ""军工ETF"", ""消费ETF"", ""恒生ETF"", ""白银LOF"", ""纳指ETF"", ""标普500ETF"", ""日经225ETF"", ""欧洲ETF"", ""黄金ETF"", ""有色金属期货ETF"", ""能源化工期货ETF"", ""豆粕ETF"", ""煤炭ETF"", ""原油ETF""]",0.0
2022-06-17,candidate_03,CLARABEL,optimal,0.0605846777452048,,False,False,ewma,True,243,False,,,2.405228718210317e-06,0.821623580956593,341598.9401490046,True,False,0.0,2.4052287182107245e-06,8.21623580956593e-07,1e-06,symmetrized,252,29,60.0,CLARABEL,optimal,True,0.821623580956593,2.9674166395834978e-06,False,20,0,False,2.35,bond=0.70000000;cash=0.30000000;commodity_gold=0.40000000;defensive=0.25000000;equity=0.70000000,252,252,,,False,not_requested,True,0.0056363179061028135,0.07177718595017073,,0.05839481151497731,0.49181403189299466,4.3888048750773123e-10,0.23743025099462167,0.3000000004388805,0.1497863607498607,0.02789414612699323,0.284889241689644,0.009493601626909159,,,2022-06-16,"[""可转债ETF"", ""5年国债ETF"", ""10年国债ETF"", ""信用债ETF"", ""日利ETF"", ""沪深300ETF"", ""中证500ETF"", ""中证1000ETF"", ""创业板ETF"", ""红利ETF"", ""半导体ETF"", ""人工智能ETF"", ""新能源ETF"", ""科创50ETF"", ""证券ETF"", ""军工ETF"", ""消费ETF"", ""恒生ETF"", ""白银LOF"", ""纳指ETF"", ""标普500ETF"", ""日经225ETF"", ""欧洲ETF"", ""黄金ETF"", ""有色金属期货ETF"", ""能源化工期货ETF"", ""豆粕ETF"", ""煤炭ETF"", ""原油ETF""]",0.0
2022-06-24,candidate_03,CLARABEL,optimal,0.06219796610772276,,False,False,ewma,True,243,False,,,2.358906440051355e-06,0.8112521964511288,343910.28939387156,True,False,0.0,2.3589064400513535e-06,8.112521964511286e-07,1e-06,symmetrized,252,29,60.0,CLARABEL,optimal,True,0.8112521964511288,1.4685563803212842e-08,False,20,0,False,2.35,bond=0.70000000;cash=0.30000000;commodity_gold=0.40000000;defensive=0.25000000;equity=0.70000000,252,252,,,False,not_requested,True,0.001572943565171541,0.07094816350567619,,0.058673284294406554,0.49866235211150095,5.038408579238762e-11,0.23914602222294795,0.3000000000503841,0.1430397443565206,0.02762451844627663,0.2901897149238708,0.009528559857446798,,,2022-06-23,"[""可转债ETF"", ""5年国债ETF"", ""10年国债ETF"", ""信用债ETF"", ""日利ETF"", ""沪深300ETF"", ""中证500ETF"", ""中证1000ETF"", ""创业板ETF"", ""红利ETF"", ""半导体ETF"", ""人工智能ETF"", ""新能源ETF"", ""科创50ETF"", ""证券ETF"", ""军工ETF"", ""消费ETF"", ""恒生ETF"", ""白银LOF"", ""纳指ETF"", ""标普500ETF"", ""日经225ETF"", ""欧洲ETF"", ""黄金ETF"", ""有色金属期货ETF"", ""能源化工期货ETF"", ""豆粕ETF"", ""煤炭ETF"", ""原油ETF""]",0.0
2022-07-01,candidate_03,CLARABEL,optimal,0.06078557464806454,,False,False,ewma,True,243,False,,,2.2716645902541834e-06,0.8105159396526995,356793.8432152118,True,False,0.0,2.2716645902542533e-06,8.105159396526997e-07,1e-06,symmetrized,252,29,60.0,CLARABEL,optimal,True,0.8105159396526995,2.9125162227632007e-06,False,20,0,False,2.35,bond=0.70000000;cash=0.30000000;commodity_gold=0.40000000;defensive=0.25000000;equity=0.70000000,252,252,,,False,not_requested,True,0.00256138041360678,0.07181376643436069,,0.05870051557053778,0.49288367238393416,1.4589834895772924e-10,0.23670395242514664,0.30000000014589834,0.14067220869406744,0.028306084043050187,0.2943177546918374,0.009683595725443367,,,2022-06-30,"[""可转债ETF"", ""5年国债ETF"", ""10年国债ETF"", ""信用债ETF"", ""日利ETF"", ""沪深300ETF"", ""中证500ETF"", ""中证1000ETF"", ""创业板ETF"", ""红利ETF"", ""半导体ETF"", ""人工智能ETF"", ""新能源ETF"", ""科创50ETF"", ""证券ETF"", ""军工ETF"", ""消费ETF"", ""恒生ETF"", ""白银LOF"", ""纳指ETF"", ""标普500ETF"", ""日经225ETF"", ""欧洲ETF"", ""黄金ETF"", ""有色金属期货ETF"", ""能源化工期货ETF"", ""豆粕ETF"", ""煤炭ETF"", ""原油ETF""]",0.0
2022-07-08,candidate_03,CLARABEL,optimal,0.06022352929081817,,False,False,ewma,True,243,False,,,2.2906788118600174e-06,0.7799702017626966,340497.40964311163,True,False,0.0,2.290678811860117e-06,7.79970201762697e-07,1e-06,symmetrized,252,29,60.0,CLARABEL,optimal,True,0.7799702017626966,3.3899550895832853e-06,False,20,0,False,2.35,bond=0.70000000;cash=0.30000000;commodity_gold=0.40000000;defensive=0.25000000;equity=0.70000000,252,252,,,False,not_requested,True,0.004426089993935335,0.07130076480462691,,0.055881169015477836,0.49044338985836594,4.169189993241673e-10,0.2405727064655172,0.300000000416919,0.13516336193396664,0.028230433886426126,0.2960334972971711,0.009776254824050751,,,2022-07-07,"[""可转债ETF"", ""5年国债ETF"", ""10年国债ETF"", ""信用债ETF"", ""日利ETF"", ""沪深300ETF"", ""中证500ETF"", ""中证1000ETF"", ""创业板ETF"", ""红利ETF"", ""半导体ETF"", ""人工智能ETF"", ""新能源ETF"", ""科创50ETF"", ""证券ETF"", ""军工ETF"", ""消费ETF"", ""恒生ETF"", ""白银LOF"", ""纳指ETF"", ""标普500ETF"", ""日经225ETF"", ""欧洲ETF"", ""黄金ETF"", ""有色金属期货ETF"", ""能源化工期货ETF"", ""豆粕ETF"", ""煤炭ETF"", ""原油ETF""]",0.0
2022-07-15,candidate_03,CLARABEL,optimal,0.05891830869780283,,False,False,ewma,True,243,False,,,2.2232832801001298e-06,0.7641594211200857,343707.62734547723,True,False,0.0,2.2232832801000594e-06,7.641594211200856e-07,1e-06,symmetrized,252,29,60.0,CLARABEL,optimal,True,0.7641594211200857,2.4450073178861054e-06,False,20,0,False,2.35,bond=0.70000000;cash=0.30000000;commodity_gold=0.40000000;defensive=0.25000000;equity=0.70000000,252,252,,,False,not_requested,True,0.004594738417061546,0.06909926738673944,,0.05581443322212355,0.4850774598265167,4.1620890067761707e-10,0.24506567498132786,0.3000000004162089,0.13490401311763503,0.02807372045157864,0.29195659103324956,0.00964377385015263,,,2022-07-14,"[""可转债ETF"", ""5年国债ETF"", ""10年国债ETF"", ""信用债ETF"", ""日利ETF"", ""沪深300ETF"", ""中证500ETF"", ""中证1000ETF"", ""创业板ETF"", ""红利ETF"", ""半导体ETF"", ""人工智能ETF"", ""新能源ETF"", ""科创50ETF"", ""证券ETF"", ""军工ETF"", ""消费ETF"", ""恒生ETF"", ""白银LOF"", ""纳指ETF"", ""标普500ETF"", ""日经225ETF"", ""欧洲ETF"", ""黄金ETF"", ""有色金属期货ETF"", ""能源化工期货ETF"", ""豆粕ETF"", ""煤炭ETF"", ""原油ETF""]",0.0
2022-07-22,candidate_03,CLARABEL,optimal,0.06128045009447945,,False,False,ewma,True,243,False,,,2.0943676089671588e-06,0.7557812581508367,360863.70650258084,True,False,0.0,2.094367608967141e-06,7.557812581508363e-07,1e-06,symmetrized,252,29,60.0,CLARABEL,optimal,True,0.7557812581508367,3.888073238977885e-06,False,20,0,False,2.35,bond=0.70000000;cash=0.30000000;commodity_gold=0.40000000;defensive=0.25000000;equity=0.70000000,252,252,,,False,not_requested,True,0.0029771847368250956,0.07051182002427624,,0.05496859232991633,0.4948535672067927,5.063648944592103e-10,0.24307290084278332,0.3000000005063649,0.13459003639861172,0.027770557779247113,0.2945665044729929,0.009701696025525383,,,2022-07-21,"[""可转债ETF"", ""5年国债ETF"", ""10年国债ETF"", ""信用债ETF"", ""日利ETF"", ""沪深300ETF"", ""中证500ETF"", ""中证1000ETF"", ""创业板ETF"", ""红利ETF"", ""半导体ETF"", ""人工智能ETF"", ""新能源ETF"", ""科创50ETF"", ""证券ETF"", ""军工ETF"", ""消费ETF"", ""恒生ETF"", ""白银LOF"", ""纳指ETF"", ""标普500ETF"", ""日经225ETF"", ""欧洲ETF"", ""黄金ETF"", ""有色金属期货ETF"", ""能源化工期货ETF"", ""豆粕ETF"", ""煤炭ETF"", ""原油ETF""]",0.0
2022-07-29,candidate_03,CLARABEL,optimal,0.06424346987410592,,False,False,ewma,True,243,False,,,2.022469127795079e-06,0.7334727722119094,362662.0362860869,True,False,0.0,2.022469127794759e-06,7.334727722119094e-07,1e-06,symmetrized,252,29,60.0,CLARABEL,optimal,True,0.7334727722119094,2.1637125013074243e-06,False,20,0,False,2.35,bond=0.70000000;cash=0.30000000;commodity_gold=0.40000000;defensive=0.25000000;equity=0.70000000,252,252,,,False,not_requested,True,0.0037621107631347467,0.07017958220954394,,0.06048754058214736,0.5066245119439616,4.240428563839771e-10,0.24101247194408953,0.30000000042404285,0.1378447950307106,0.027980147544362073,0.29316258505679493,0.009731824110651483,,,2022-07-28,"[""可转债ETF"", ""5年国债ETF"", ""10年国债ETF"", ""信用债ETF"", ""日利ETF"", ""沪深300ETF"", ""中证500ETF"", ""中证1000ETF"", ""创业板ETF"", ""红利ETF"", ""半导体ETF"", ""人工智能ETF"", ""新能源ETF"", ""科创50ETF"", ""证券ETF"", ""军工ETF"", ""消费ETF"", ""恒生ETF"", ""白银LOF"", ""纳指ETF"", ""标普500ETF"", ""日经225ETF"", ""欧洲ETF"", ""黄金ETF"", ""有色金属期货ETF"", ""能源化工期货ETF"", ""豆粕ETF"", ""煤炭ETF"", ""原油ETF""]",0.0
2022-08-05,candidate_03,CLARABEL,optimal,0.0638870351802367,,False,False,ewma,True,243,False,,,1.9559367519817275e-06,0.7168299997478371,366489.3555589439,True,False,0.0,1.9559367519819088e-06,7.168299997478379e-07,1e-06,symmetrized,252,29,60.0,CLARABEL,optimal,True,0.7168299997478371,1.8515143319214333e-06,False,20,0,False,2.35,bond=0.70000000;cash=0.30000000;commodity_gold=0.40000000;defensive=0.25000000;equity=0.70000000,252,252,,,False,not_requested,True,0.0015747821875501948,0.0685783298449964,,0.060055629576704246,0.50539120333393,2.8254454331744228e-11,0.24237912552551555,0.30000000002825444,0.13764983565918526,0.027063937476044436,0.2929071013110001,0.009656522234735202,,,2022-08-04,"[""可转债ETF"", ""5年国债ETF"", ""10年国债ETF"", ""信用债ETF"", ""日利ETF"", ""沪深300ETF"", ""中证500ETF"", ""中证1000ETF"", ""创业板ETF"", ""红利ETF"", ""半导体ETF"", ""人工智能ETF"", ""新能源ETF"", ""科创50ETF"", ""证券ETF"", ""军工ETF"", ""消费ETF"", ""恒生ETF"", ""白银LOF"", ""纳指ETF"", ""标普500ETF"", ""日经225ETF"", ""欧洲ETF"", ""黄金ETF"", ""有色金属期货ETF"", ""能源化工期货ETF"", ""豆粕ETF"", ""煤炭ETF"", ""原油ETF""]",0.0
2022-08-12,candidate_03,CLARABEL,optimal,0.06382931323857641,,False,False,ewma,True,243,False,,,1.8593710428601576e-06,0.7168405268764435,385528.49880558066,True,False,0.0,1.8593710428598351e-06,7.168405268764436e-07,1e-06,symmetrized,252,29,60.0,CLARABEL,optimal,True,0.7168405268764435,2.57125070776687e-06,False,20,0,False,2.35,bond=0.70000000;cash=0.30000000;commodity_gold=0.40000000;defensive=0.25000000;equity=0.70000000,252,252,,,False,not_requested,True,0.006981969069566991,0.06964135496769518,,0.05665358287172543,0.5047279634276833,1.6271894942576637e-10,0.23821219128604018,0.30000000016271894,0.13648262323163102,0.02737955445992423,0.2979256308596856,0.009815498050427538,,,2022-08-11,"[""可转债ETF"", ""5年国债ETF"", ""10年国债ETF"", ""信用债ETF"", ""日利ETF"", ""沪深300ETF"", ""中证500ETF"", ""中证1000ETF"", ""创业板ETF"", ""红利ETF"", ""半导体ETF"", ""人工智能ETF"", ""新能源ETF"", ""科创50ETF"", ""证券ETF"", ""军工ETF"", ""消费ETF"", ""恒生ETF"", ""白银LOF"", ""纳指ETF"", ""标普500ETF"", ""日经225ETF"", ""欧洲ETF"", ""黄金ETF"", ""有色金属期货ETF"", ""能源化工期货ETF"", ""豆粕ETF"", ""煤炭ETF"", ""原油ETF""]",0.0
2022-08-19,candidate_03,CLARABEL,optimal,0.06622415026086681,,False,False,ewma,True,243,False,,,1.7630907797557639e-06,0.6740056116725086,382286.3912690172,True,False,0.0,1.7630907797557078e-06,6.740056116725082e-07,1e-06,symmetrized,252,29,60.0,CLARABEL,optimal,True,0.6740056116725086,2.193708483057971e-06,False,20,0,False,2.35,bond=0.70000000;cash=0.30000000;commodity_gold=0.40000000;defensive=0.25000000;equity=0.70000000,252,252,,,False,not_requested,True,0.000242044114334399,0.06779598104430562,,0.05740209804147616,0.5146619735917772,2.868788540055789e-11,0.23884127136827182,0.3000000000286879,0.136217301343093,0.027653270401988454,0.29728815685795906,0.009823952123386189,,,2022-08-18,"[""可转债ETF"", ""5年国债ETF"", ""10年国债ETF"", ""信用债ETF"", ""日利ETF"", ""沪深300ETF"", ""中证500ETF"", ""中证1000ETF"", ""创业板ETF"", ""红利ETF"", ""半导体ETF"", ""人工智能ETF"", ""新能源ETF"", ""科创50ETF"", ""证券ETF"", ""军工ETF"", ""消费ETF"", ""恒生ETF"", ""白银LOF"", ""纳指ETF"", ""标普500ETF"", ""日经225ETF"", ""欧洲ETF"", ""黄金ETF"", ""有色金属期货ETF"", ""能源化工期货ETF"", ""豆粕ETF"", ""煤炭ETF"", ""原油ETF""]",0.0
2022-08-26,candidate_03,CLARABEL,optimal,0.06672726312816867,,False,False,ewma,True,243,False,,,1.7075941520311909e-06,0.6700378265770697,392387.0468753109,True,False,0.0,1.7075941520313526e-06,6.700378265770702e-07,1e-06,symmetrized,252,29,60.0,CLARABEL,optimal,True,0.6700378265770697,2.0838003775836e-06,False,20,0,False,2.35,bond=0.70000000;cash=0.30000000;commodity_gold=0.40000000;defensive=0.25000000;equity=0.70000000,252,252,,,False,not_requested,True,0.0004765398216336151,0.06671945677301078,,0.0644820169620407,0.5165949646281485,1.0266849037599002e-09,0.23867851414081315,0.3000000010266849,0.14213459010382784,0.028445658958484353,0.29074123577018973,0.009789023263793174,,,2022-08-25,"[""可转债ETF"", ""5年国债ETF"", ""10年国债ETF"", ""信用债ETF"", ""日利ETF"", ""沪深300ETF"", ""中证500ETF"", ""中证1000ETF"", ""创业板ETF"", ""红利ETF"", ""半导体ETF"", ""人工智能ETF"", ""新能源ETF"", ""科创50ETF"", ""证券ETF"", ""军工ETF"", ""消费ETF"", ""恒生ETF"", ""白银LOF"", ""纳指ETF"", ""标普500ETF"", ""日经225ETF"", ""欧洲ETF"", ""黄金ETF"", ""有色金属期货ETF"", ""能源化工期货ETF"", ""豆粕ETF"", ""煤炭ETF"", ""原油ETF""]",0.0
2022-09-02,candidate_03,CLARABEL,optimal,0.06659118793152477,,False,False,ewma,True,243,False,,,1.6233310364127773e-06,0.6489800209961112,399782.919465534,True,False,0.0,1.6233310364128188e-06,6.489800209961117e-07,1e-06,symmetrized,252,29,60.0,CLARABEL,optimal,True,0.6489800209961112,2.051152411482182e-06,False,20,0,False,2.35,bond=0.70000000;cash=0.30000000;commodity_gold=0.40000000;defensive=0.25000000;equity=0.70000000,252,252,,,False,not_requested,True,0.00852625941257801,0.06546060765749281,,0.06377079480228562,0.515434204784469,2.0782459086987615e-10,0.24201711665002817,0.3000000002078246,0.1398448892074029,0.028687289527344204,0.28945070440740023,0.009734826731503183,,,2022-09-01,"[""可转债ETF"", ""5年国债ETF"", ""10年国债ETF"", ""信用债ETF"", ""日利ETF"", ""沪深300ETF"", ""中证500ETF"", ""中证1000ETF"", ""创业板ETF"", ""红利ETF"", ""半导体ETF"", ""人工智能ETF"", ""新能源ETF"", ""科创50ETF"", ""证券ETF"", ""军工ETF"", ""消费ETF"", ""恒生ETF"", ""白银LOF"", ""纳指ETF"", ""标普500ETF"", ""日经225ETF"", ""欧洲ETF"", ""黄金ETF"", ""有色金属期货ETF"", ""能源化工期货ETF"", ""豆粕ETF"", ""煤炭ETF"", ""原油ETF""]",0.0
2022-09-09,candidate_03,CLARABEL,optimal,0.06610942299625103,,False,False,ewma,True,243,False,,,1.535735714180467e-06,0.6215600982264544,404731.1607636506,True,False,0.0,1.5357357141803847e-06,6.215600982264546e-07,1e-06,symmetrized,252,29,60.0,CLARABEL,optimal,True,0.6215600982264544,2.1167531514161564e-06,False,20,0,False,2.35,bond=0.70000000;cash=0.30000000;commodity_gold=0.40000000;defensive=0.25000000;equity=0.70000000,252,252,,,False,not_requested,True,0.002764738935900498,0.06427324371233088,,0.06097891245886556,0.5140167265599528,1.6496692900602739e-10,0.23970097459521367,0.3000000001649669,0.14042701052925993,0.029314291326676182,0.2905577233838832,0.009781515429115843,,,2022-09-08,"[""可转债ETF"", ""5年国债ETF"", ""10年国债ETF"", ""信用债ETF"", ""日利ETF"", ""沪深300ETF"", ""中证500ETF"", ""中证1000ETF"", ""创业板ETF"", ""红利ETF"", ""半导体ETF"", ""人工智能ETF"", ""新能源ETF"", ""科创50ETF"", ""证券ETF"", ""军工ETF"", ""消费ETF"", ""恒生ETF"", ""白银LOF"", ""纳指ETF"", ""标普500ETF"", ""日经225ETF"", ""欧洲ETF"", ""黄金ETF"", ""有色金属期货ETF"", ""能源化工期货ETF"", ""豆粕ETF"", ""煤炭ETF"", ""原油ETF""]",0.0
2022-09-16,candidate_03,CLARABEL,optimal,0.0707198018242715,,False,False,ewma,True,243,False,,,1.4965314213276717e-06,0.6200072043058775,414296.1487275879,True,False,0.0,1.4965314213275493e-06,6.200072043058784e-07,1e-06,symmetrized,252,29,60.0,CLARABEL,optimal,True,0.6200072043058775,3.850178652287095e-06,False,20,0,False,2.35,bond=0.70000000;cash=0.30000000;commodity_gold=0.40000000;defensive=0.25000000;equity=0.70000000,252,252,,,False,not_requested,True,0.001181307364812487,0.06506680261463074,,0.06588051522603819,0.5317737161040055,4.0969039272198415e-10,0.23964144896653,0.3000000004096904,0.14339311697327917,0.02941905453676374,0.28754637911373687,0.009762692269912427,,,2022-09-15,"[""可转债ETF"", ""5年国债ETF"", ""10年国债ETF"", ""信用债ETF"", ""日利ETF"", ""沪深300ETF"", ""中证500ETF"", ""中证1000ETF"", ""创业板ETF"", ""红利ETF"", ""半导体ETF"", ""人工智能ETF"", ""新能源ETF"", ""科创50ETF"", ""证券ETF"", ""军工ETF"", ""消费ETF"", ""恒生ETF"", ""白银LOF"", ""纳指ETF"", ""标普500ETF"", ""日经225ETF"", ""欧洲ETF"", ""黄金ETF"", ""有色金属期货ETF"", ""能源化工期货ETF"", ""豆粕ETF"", ""煤炭ETF"", ""原油ETF""]",0.0
2022-09-23,candidate_03,CLARABEL,optimal,0.07992886384034098,,False,False,ewma,True,243,False,,,1.4536280697192248e-06,0.6096905508985948,419426.78708478675,True,False,0.0,1.4536280697193798e-06,6.096905508985947e-07,1e-06,symmetrized,252,29,60.0,CLARABEL,optimal,True,0.6096905508985948,3.645427824751357e-06,False,20,0,False,2.35,bond=0.70000000;cash=0.30000000;commodity_gold=0.40000000;defensive=0.25000000;equity=0.70000000,252,252,,,False,not_requested,True,0.006377669924567935,0.06445760856406506,,0.06298846092293078,0.5649757415708121,3.4567126938611636e-11,0.24185193926302345,0.3000000000345671,0.14421232150863136,0.029202051086258157,0.2847336881075199,0.009753457340895237,,,2022-09-22,"[""可转债ETF"", ""5年国债ETF"", ""10年国债ETF"", ""信用债ETF"", ""日利ETF"", ""沪深300ETF"", ""中证500ETF"", ""中证1000ETF"", ""创业板ETF"", ""红利ETF"", ""半导体ETF"", ""人工智能ETF"", ""新能源ETF"", ""科创50ETF"", ""证券ETF"", ""军工ETF"", ""消费ETF"", ""恒生ETF"", ""白银LOF"", ""纳指ETF"", ""标普500ETF"", ""日经225ETF"", ""欧洲ETF"", ""黄金ETF"", ""有色金属期货ETF"", ""能源化工期货ETF"", ""豆粕ETF"", ""煤炭ETF"", ""原油ETF""]",0.0
2022-09-30,candidate_03,CLARABEL,optimal,0.08445308987760337,,False,False,ewma,True,243,False,,,1.5724541724553812e-06,0.6334964381037531,402871.1610173992,True,False,0.0,1.5724541724553664e-06,6.334964381037531e-07,1e-06,symmetrized,252,29,60.0,CLARABEL,optimal,True,0.6334964381037531,4.05000070674566e-06,False,20,0,False,2.35,bond=0.70000000;cash=0.30000000;commodity_gold=0.40000000;defensive=0.25000000;equity=0.70000000,252,252,,,False,not_requested,True,0.006064561377812177,0.06603425696244077,,0.06628719914502537,0.5807924905906886,1.0976108910654148e-10,0.2429632173665055,0.3000000001097611,0.1435958073492499,0.028694933744227293,0.2847460414302562,0.009818835524686922,,,2022-09-29,"[""可转债ETF"", ""5年国债ETF"", ""10年国债ETF"", ""信用债ETF"", ""日利ETF"", ""沪深300ETF"", ""中证500ETF"", ""中证1000ETF"", ""创业板ETF"", ""红利ETF"", ""半导体ETF"", ""人工智能ETF"", ""新能源ETF"", ""科创50ETF"", ""证券ETF"", ""军工ETF"", ""消费ETF"", ""恒生ETF"", ""白银LOF"", ""纳指ETF"", ""标普500ETF"", ""日经225ETF"", ""欧洲ETF"", ""黄金ETF"", ""有色金属期货ETF"", ""能源化工期货ETF"", ""豆粕ETF"", ""煤炭ETF"", ""原油ETF""]",0.0
2022-10-14,candidate_03,CLARABEL,optimal,0.0747815086573853,,False,False,ewma,True,243,False,,,2.699855532954047e-06,0.6380470292936786,236326.35950545082,True,False,0.0,2.699855532954051e-06,6.380470292936787e-07,1e-06,symmetrized,252,29,60.0,CLARABEL,optimal,True,0.6380470292936786,3.957426128638197e-06,False,20,0,False,2.35,bond=0.70000000;cash=0.30000000;commodity_gold=0.40000000;defensive=0.25000000;equity=0.70000000,252,252,,,False,not_requested,True,0.0015064954996996966,0.06529778980396485,,0.0773402904990288,0.5468123144141557,1.0125845162356484e-09,0.24410400451445646,0.3000000010125845,0.14673807261190958,0.02882847137273759,0.28032945048831187,0.009816488936174036,,,2022-10-13,"[""可转债ETF"", ""5年国债ETF"", ""10年国债ETF"", ""信用债ETF"", ""日利ETF"", ""沪深300ETF"", ""中证500ETF"", ""中证1000ETF"", ""创业板ETF"", ""红利ETF"", ""半导体ETF"", ""人工智能ETF"", ""新能源ETF"", ""科创50ETF"", ""证券ETF"", ""军工ETF"", ""消费ETF"", ""恒生ETF"", ""白银LOF"", ""纳指ETF"", ""标普500ETF"", ""日经225ETF"", ""欧洲ETF"", ""黄金ETF"", ""有色金属期货ETF"", ""能源化工期货ETF"", ""豆粕ETF"", ""煤炭ETF"", ""原油ETF""]",0.0
2022-10-21,candidate_03,CLARABEL,optimal,0.07828094141901153,,False,False,ewma,True,243,False,,,2.5034328293032615e-06,0.642364078080389,256593.29483953735,True,False,0.0,2.503432829303261e-06,6.42364078080389e-07,1e-06,symmetrized,252,29,60.0,CLARABEL,optimal,True,0.642364078080389,4.781462283609539e-06,False,20,0,False,2.35,bond=0.70000000;cash=0.30000000;commodity_gold=0.40000000;defensive=0.25000000;equity=0.70000000,252,252,,,False,not_requested,True,0.0036046738727486894,0.06720213786208616,,0.08291218573510664,0.5593130305630103,7.330736573329943e-10,0.24098334244447672,0.30000000073307365,0.14582288403458152,0.02854258361775209,0.28465118917011595,0.009914322522410625,,,2022-10-20,"[""可转债ETF"", ""5年国债ETF"", ""10年国债ETF"", ""信用债ETF"", ""日利ETF"", ""沪深300ETF"", ""中证500ETF"", ""中证1000ETF"", ""创业板ETF"", ""红利ETF"", ""半导体ETF"", ""人工智能ETF"", ""新能源ETF"", ""科创50ETF"", ""证券ETF"", ""军工ETF"", ""消费ETF"", ""恒生ETF"", ""白银LOF"", ""纳指ETF"", ""标普500ETF"", ""日经225ETF"", ""欧洲ETF"", ""黄金ETF"", ""有色金属期货ETF"", ""能源化工期货ETF"", ""豆粕ETF"", ""煤炭ETF"", ""原油ETF""]",0.0
2022-10-28,candidate_03,CLARABEL,optimal,0.07826366161133644,,False,False,ewma,True,243,False,,,2.3688445633488667e-06,0.6151225682062205,259671.9842760023,True,False,0.0,2.368844563348866e-06,6.151225682062209e-07,1e-06,symmetrized,252,29,60.0,CLARABEL,optimal,True,0.6151225682062205,2.3195407799214696e-06,False,20,0,False,2.35,bond=0.70000000;cash=0.30000000;commodity_gold=0.40000000;defensive=0.25000000;equity=0.70000000,252,252,,,False,not_requested,True,0.0005094317276167883,0.06564051275415998,,0.08668964001745899,0.5594758981306195,7.478672681138221e-10,0.24040014903946597,0.30000000074786726,0.1474905819314521,0.02783305961968049,0.28427620866153436,0.009891080230886879,,,2022-10-27,"[""可转债ETF"", ""5年国债ETF"", ""10年国债ETF"", ""信用债ETF"", ""日利ETF"", ""沪深300ETF"", ""中证500ETF"", ""中证1000ETF"", ""创业板ETF"", ""红利ETF"", ""半导体ETF"", ""人工智能ETF"", ""新能源ETF"", ""科创50ETF"", ""证券ETF"", ""军工ETF"", ""消费ETF"", ""恒生ETF"", ""白银LOF"", ""纳指ETF"", ""标普500ETF"", ""日经225ETF"", ""欧洲ETF"", ""黄金ETF"", ""有色金属期货ETF"", ""能源化工期货ETF"", ""豆粕ETF"", ""煤炭ETF"", ""原油ETF""]",0.0
2022-11-04,candidate_03,CLARABEL,optimal,0.07887642094936897,,False,False,ewma,True,243,False,,,2.2559331885031575e-06,0.6426111017166025,284853.7824575309,True,False,0.0,2.2559331885031587e-06,6.426111017166019e-07,1e-06,symmetrized,252,29,60.0,CLARABEL,optimal,True,0.6426111017166025,2.831014879467464e-06,False,20,0,False,2.35,bond=0.70000000;cash=0.30000000;commodity_gold=0.40000000;defensive=0.25000000;equity=0.70000000,252,252,,,False,not_requested,True,0.0007198594990156758,0.06762111389650778,,0.0850486679304312,0.5616468919224568,6.104511895976827e-10,0.23957392445015707,0.3000000006104512,0.14785862061510116,0.02699387736814872,0.28557357695614194,0.00999100452823589,,,2022-11-03,"[""可转债ETF"", ""5年国债ETF"", ""10年国债ETF"", ""信用债ETF"", ""日利ETF"", ""沪深300ETF"", ""中证500ETF"", ""中证1000ETF"", ""创业板ETF"", ""红利ETF"", ""半导体ETF"", ""人工智能ETF"", ""新能源ETF"", ""科创50ETF"", ""证券ETF"", ""军工ETF"", ""消费ETF"", ""恒生ETF"", ""白银LOF"", ""纳指ETF"", ""标普500ETF"", ""日经225ETF"", ""欧洲ETF"", ""黄金ETF"", ""有色金属期货ETF"", ""能源化工期货ETF"", ""豆粕ETF"", ""煤炭ETF"", ""原油ETF""]",0.0
2022-11-11,candidate_03,CLARABEL,optimal,0.08309307938085098,,False,False,ewma,True,243,False,,,2.1580591574277945e-06,0.647858596836274,300204.2805946344,True,False,0.0,2.158059157427793e-06,6.478585968362744e-07,1e-06,symmetrized,252,29,60.0,CLARABEL,optimal,True,0.647858596836274,4.441763904759755e-06,False,20,0,False,2.35,bond=0.70000000;cash=0.30000000;commodity_gold=0.40000000;defensive=0.25000000;equity=0.70000000,252,252,,,False,not_requested,True,0.003252682192969713,0.06764310240198845,,0.08945443282127005,0.5762882956726908,1.0190308041835294e-09,0.2361287803162459,0.3000000010190308,0.15098596320099336,0.027591581414863307,0.28529367404886674,0.010034199421220103,,,2022-11-10,"[""可转债ETF"", ""5年国债ETF"", ""10年国债ETF"", ""信用债ETF"", ""日利ETF"", ""沪深300ETF"", ""中证500ETF"", ""中证1000ETF"", ""创业板ETF"", ""红利ETF"", ""半导体ETF"", ""人工智能ETF"", ""新能源ETF"", ""科创50ETF"", ""证券ETF"", ""军工ETF"", ""消费ETF"", ""恒生ETF"", ""白银LOF"", ""纳指ETF"", ""标普500ETF"", ""日经225ETF"", ""欧洲ETF"", ""黄金ETF"", ""有色金属期货ETF"", ""能源化工期货ETF"", ""豆粕ETF"", ""煤炭ETF"", ""原油ETF""]",0.0
2022-11-18,candidate_03,CLARABEL,optimal,0.0906201236692377,,False,False,ewma,True,243,False,,,2.1620674174842944e-06,0.67063576742288,310182.634454206,True,False,0.0,2.162067417484018e-06,6.70635767422879e-07,1e-06,symmetrized,252,29,60.0,CLARABEL,optimal,True,0.67063576742288,2.0063632464734082e-06,False,20,0,False,2.35,bond=0.70000000;cash=0.30000000;commodity_gold=0.40000000;defensive=0.25000000;equity=0.70000000,252,252,,,False,not_requested,True,0.005765189085587495,0.07100941849833549,,0.08064292882257748,0.6016746307791289,8.425147246526876e-10,0.22836712553708255,0.3000000008425147,0.1491987083738122,0.027620882882336936,0.2948132823642535,0.010227319710152656,,,2022-11-17,"[""可转债ETF"", ""5年国债ETF"", ""10年国债ETF"", ""信用债ETF"", ""日利ETF"", ""沪深300ETF"", ""中证500ETF"", ""中证1000ETF"", ""创业板ETF"", ""红利ETF"", ""半导体ETF"", ""人工智能ETF"", ""新能源ETF"", ""科创50ETF"", ""证券ETF"", ""军工ETF"", ""消费ETF"", ""恒生ETF"", ""白银LOF"", ""纳指ETF"", ""标普500ETF"", ""日经225ETF"", ""欧洲ETF"", ""黄金ETF"", ""有色金属期货ETF"", ""能源化工期货ETF"", ""豆粕ETF"", ""煤炭ETF"", ""原油ETF""]",0.0
2022-11-25,candidate_03,CLARABEL,optimal,0.09289584470988524,,False,False,ewma,True,243,False,,,2.1024529694081087e-06,0.6409368589266555,304851.9364060233,True,False,0.0,2.1024529694081595e-06,6.409368589266557e-07,1e-06,symmetrized,252,29,60.0,CLARABEL,optimal,True,0.6409368589266555,2.434116414484766e-06,False,20,0,False,2.35,bond=0.70000000;cash=0.30000000;commodity_gold=0.40000000;defensive=0.25000000;equity=0.70000000,252,252,,,False,not_requested,True,0.0008967180588711878,0.06922468998059844,,0.08324053647158924,0.609516665344895,1.1150846912499901e-10,0.22995910665089903,0.30000000011150846,0.1503136268603283,0.027912357151052416,0.2918149092262118,0.01015623128191149,,,2022-11-24,"[""可转债ETF"", ""5年国债ETF"", ""10年国债ETF"", ""信用债ETF"", ""日利ETF"", ""沪深300ETF"", ""中证500ETF"", ""中证1000ETF"", ""创业板ETF"", ""红利ETF"", ""半导体ETF"", ""人工智能ETF"", ""新能源ETF"", ""科创50ETF"", ""证券ETF"", ""军工ETF"", ""消费ETF"", ""恒生ETF"", ""白银LOF"", ""纳指ETF"", ""标普500ETF"", ""日经225ETF"", ""欧洲ETF"", ""黄金ETF"", ""有色金属期货ETF"", ""能源化工期货ETF"", ""豆粕ETF"", ""煤炭ETF"", ""原油ETF""]",0.0
2022-12-02,candidate_03,CLARABEL,optimal,0.09500125195362512,,False,False,ewma,True,243,False,,,2.091497100717914e-06,0.633178446037556,302739.337205017,True,False,0.0,2.0914971007178836e-06,6.331784460375565e-07,1e-06,symmetrized,252,29,60.0,CLARABEL,optimal,True,0.633178446037556,4.178761786592655e-06,False,20,0,False,2.35,bond=0.70000000;cash=0.30000000;commodity_gold=0.40000000;defensive=0.25000000;equity=0.70000000,252,252,,,False,not_requested,True,0.004471695664308186,0.06932721867247492,,0.07560097736217974,0.6161508793522564,0.0,0.22686653218478342,0.29999999998653665,0.14986332083024492,0.02842285438227019,0.29484729261616466,0.010241303293532447,,,2022-12-01,"[""可转债ETF"", ""5年国债ETF"", ""10年国债ETF"", ""信用债ETF"", ""日利ETF"", ""沪深300ETF"", ""中证500ETF"", ""中证1000ETF"", ""创业板ETF"", ""红利ETF"", ""半导体ETF"", ""人工智能ETF"", ""新能源ETF"", ""科创50ETF"", ""证券ETF"", ""军工ETF"", ""消费ETF"", ""恒生ETF"", ""白银LOF"", ""纳指ETF"", ""标普500ETF"", ""日经225ETF"", ""欧洲ETF"", ""黄金ETF"", ""有色金属期货ETF"", ""能源化工期货ETF"", ""豆粕ETF"", ""煤炭ETF"", ""原油ETF""]",0.0
2022-12-09,candidate_03,CLARABEL,optimal,0.09614883860821227,,False,False,ewma,True,243,False,,,1.9883562426764432e-06,0.6013326357251965,302427.0112260003,True,False,0.0,1.9883562426764475e-06,6.013326357251966e-07,1e-06,symmetrized,252,29,60.0,CLARABEL,optimal,True,0.6013326357251965,3.1364708015721443e-06,False,20,0,False,2.35,bond=0.70000000;cash=0.30000000;commodity_gold=0.40000000;defensive=0.25000000;equity=0.70000000,252,252,,,False,not_requested,True,0.0026418274584105094,0.06744991001131477,,0.06837893080306046,0.619984546616467,1.190084697455518e-10,0.22810252581814483,0.30000000011900846,0.14845914808411662,0.02872943933940353,0.29470888663932654,0.010215044877953558,,,2022-12-08,"[""可转债ETF"", ""5年国债ETF"", ""10年国债ETF"", ""信用债ETF"", ""日利ETF"", ""沪深300ETF"", ""中证500ETF"", ""中证1000ETF"", ""创业板ETF"", ""红利ETF"", ""半导体ETF"", ""人工智能ETF"", ""新能源ETF"", ""科创50ETF"", ""证券ETF"", ""军工ETF"", ""消费ETF"", ""恒生ETF"", ""白银LOF"", ""纳指ETF"", ""标普500ETF"", ""日经225ETF"", ""欧洲ETF"", ""黄金ETF"", ""有色金属期货ETF"", ""能源化工期货ETF"", ""豆粕ETF"", ""煤炭ETF"", ""原油ETF""]",0.0
2022-12-16,candidate_03,CLARABEL,optimal,0.0969921982916896,,False,False,ewma,True,243,False,,,1.9533419790718923e-06,0.5713590753686737,292503.35143063293,True,False,0.0,1.953341979071882e-06,5.713590753686733e-07,1e-06,symmetrized,252,29,60.0,CLARABEL,optimal,True,0.5713590753686737,3.022104161691519e-06,False,20,0,False,2.35,bond=0.70000000;cash=0.30000000;commodity_gold=0.40000000;defensive=0.25000000;equity=0.70000000,252,252,,,False,not_requested,True,0.0019290018136199792,0.06630598870325607,,0.06089378540008763,0.6227456609399158,4.5603898435331303e-10,0.22711643666469156,0.300000000456039,0.1480468211958326,0.028025276366175612,0.2968114653172612,0.010210415953938025,,,2022-12-15,"[""可转债ETF"", ""5年国债ETF"", ""10年国债ETF"", ""信用债ETF"", ""日利ETF"", ""沪深300ETF"", ""中证500ETF"", ""中证1000ETF"", ""创业板ETF"", ""红利ETF"", ""半导体ETF"", ""人工智能ETF"", ""新能源ETF"", ""科创50ETF"", ""证券ETF"", ""军工ETF"", ""消费ETF"", ""恒生ETF"", ""白银LOF"", ""纳指ETF"", ""标普500ETF"", ""日经225ETF"", ""欧洲ETF"", ""黄金ETF"", ""有色金属期货ETF"", ""能源化工期货ETF"", ""豆粕ETF"", ""煤炭ETF"", ""原油ETF""]",0.0
2022-12-23,candidate_03,CLARABEL,optimal,0.09640253596597684,,False,False,ewma,True,243,False,,,1.8997383646572559e-06,0.5589156690388586,294206.6546830496,True,False,0.0,1.8997383646572517e-06,5.589156690388591e-07,1e-06,symmetrized,252,29,60.0,CLARABEL,optimal,True,0.5589156690388586,2.4490947835020815e-06,False,20,0,False,2.35,bond=0.70000000;cash=0.30000000;commodity_gold=0.40000000;defensive=0.25000000;equity=0.70000000,252,252,,,False,not_requested,True,0.00600069274481885,0.0654256028877206,,0.06534716577020763,0.6205827000594103,3.6239838907548005e-10,0.22941695657573347,0.3000000003623984,0.15039576353647105,0.027626015638520456,0.2925612638868766,0.010115471445575551,,,2022-12-22,"[""可转债ETF"", ""5年国债ETF"", ""10年国债ETF"", ""信用债ETF"", ""日利ETF"", ""沪深300ETF"", ""中证500ETF"", ""中证1000ETF"", ""创业板ETF"", ""红利ETF"", ""半导体ETF"", ""人工智能ETF"", ""新能源ETF"", ""科创50ETF"", ""证券ETF"", ""军工ETF"", ""消费ETF"", ""恒生ETF"", ""白银LOF"", ""纳指ETF"", ""标普500ETF"", ""日经225ETF"", ""欧洲ETF"", ""黄金ETF"", ""有色金属期货ETF"", ""能源化工期货ETF"", ""豆粕ETF"", ""煤炭ETF"", ""原油ETF""]",0.0
2022-12-30,candidate_03,CLARABEL,optimal,0.08908929055389833,,False,False,ewma,True,243,False,,,2.3043620936475943e-06,0.550508801938492,238898.56696396484,True,False,0.0,2.3043620936476286e-06,5.505088019384923e-07,1e-06,symmetrized,252,29,60.0,CLARABEL,optimal,True,0.550508801938492,3.5860181127507496e-06,False,20,0,False,2.35,bond=0.70000000;cash=0.30000000;commodity_gold=0.40000000;defensive=0.25000000;equity=0.70000000,252,252,,,False,not_requested,True,0.0008254705409782067,0.06466535036461647,,0.06378422507254411,0.5969004389407548,1.4206080756196116e-11,0.22990002929158382,0.30000000001420607,0.15023061907979898,0.02747638410313309,0.2923929675112782,0.010109242344183615,,,2022-12-29,"[""可转债ETF"", ""5年国债ETF"", ""10年国债ETF"", ""信用债ETF"", ""日利ETF"", ""沪深300ETF"", ""中证500ETF"", ""中证1000ETF"", ""创业板ETF"", ""红利ETF"", ""半导体ETF"", ""人工智能ETF"", ""新能源ETF"", ""科创50ETF"", ""证券ETF"", ""军工ETF"", ""消费ETF"", ""恒生ETF"", ""白银LOF"", ""纳指ETF"", ""标普500ETF"", ""日经225ETF"", ""欧洲ETF"", ""黄金ETF"", ""有色金属期货ETF"", ""能源化工期货ETF"", ""豆粕ETF"", ""煤炭ETF"", ""原油ETF""]",0.0
2023-01-06,candidate_03,CLARABEL,optimal,0.05008230833359435,,False,False,ewma,True,243,False,,,6.594529087355673e-06,0.5373825080074623,81489.14060260008,True,False,0.0,6.594529087355711e-06,5.373825080074635e-07,1e-06,symmetrized,252,29,60.0,CLARABEL,optimal,True,0.5373825080074623,2.8939663442514862e-06,False,20,0,False,2.35,bond=0.70000000;cash=0.30000000;commodity_gold=0.40000000;defensive=0.25000000;equity=0.70000000,252,252,,,False,not_requested,True,0.021968806342852237,0.06415555636287767,,0.0606669516401711,0.4455842975906163,1.4192434449888935e-09,0.22705658265842626,0.30000000141924343,0.14798000018103366,0.027793950627071615,0.2971694651142251,0.010204837184638603,,,2023-01-05,"[""可转债ETF"", ""5年国债ETF"", ""10年国债ETF"", ""信用债ETF"", ""日利ETF"", ""沪深300ETF"", ""中证500ETF"", ""中证1000ETF"", ""创业板ETF"", ""红利ETF"", ""半导体ETF"", ""人工智能ETF"", ""新能源ETF"", ""科创50ETF"", ""证券ETF"", ""军工ETF"", ""消费ETF"", ""恒生ETF"", ""白银LOF"", ""纳指ETF"", ""标普500ETF"", ""日经225ETF"", ""欧洲ETF"", ""黄金ETF"", ""有色金属期货ETF"", ""能源化工期货ETF"", ""豆粕ETF"", ""煤炭ETF"", ""原油ETF""]",0.0
2023-01-13,candidate_03,CLARABEL,optimal,0.052305208594470465,,False,False,ewma,True,243,False,,,6.473233809494837e-06,0.5090798560835936,78643.82332936644,True,False,0.0,6.473233809494671e-06,5.090798560835934e-07,1e-06,symmetrized,252,29,60.0,CLARABEL,optimal,True,0.5090798560835936,2.647801008566486e-06,False,20,0,False,2.35,bond=0.70000000;cash=0.30000000;commodity_gold=0.40000000;defensive=0.25000000;equity=0.70000000,252,252,,,False,not_requested,True,0.0014785669679752752,0.06295349698205911,,0.05923940579230851,0.4572753817341168,1.9277508478410255e-09,0.22463224988243255,0.30000000192775084,0.1487921137617288,0.02762164317389105,0.29895399125419675,0.010251534630694363,,,2023-01-12,"[""可转债ETF"", ""5年国债ETF"", ""10年国债ETF"", ""信用债ETF"", ""日利ETF"", ""沪深300ETF"", ""中证500ETF"", ""中证1000ETF"", ""创业板ETF"", ""红利ETF"", ""半导体ETF"", ""人工智能ETF"", ""新能源ETF"", ""科创50ETF"", ""证券ETF"", ""军工ETF"", ""消费ETF"", ""恒生ETF"", ""白银LOF"", ""纳指ETF"", ""标普500ETF"", ""日经225ETF"", ""欧洲ETF"", ""黄金ETF"", ""有色金属期货ETF"", ""能源化工期货ETF"", ""豆粕ETF"", ""煤炭ETF"", ""原油ETF""]",0.0
2023-01-20,candidate_03,CLARABEL,optimal,0.05088052946908252,,False,False,ewma,True,243,False,,,6.350393948319607e-06,0.4931301159919933,77653.46843127451,True,False,0.0,6.3503939483197895e-06,4.931301159919933e-07,1e-06,symmetrized,252,29,60.0,CLARABEL,optimal,True,0.4931301159919933,3.4943125382207174e-06,False,20,0,False,2.35,bond=0.70000000;cash=0.30000000;commodity_gold=0.40000000;defensive=0.25000000;equity=0.70000000,252,252,,,False,not_requested,True,0.005593442153736725,0.06245044097437379,,0.05766236049129963,0.4506305919191979,6.647654648972434e-10,0.21940128808789663,0.30000000066476545,0.14865622583289193,0.02769250286786986,0.30424998254657587,0.010401842676078679,,,2023-01-19,"[""可转债ETF"", ""5年国债ETF"", ""10年国债ETF"", ""信用债ETF"", ""日利ETF"", ""沪深300ETF"", ""中证500ETF"", ""中证1000ETF"", ""创业板ETF"", ""红利ETF"", ""半导体ETF"", ""人工智能ETF"", ""新能源ETF"", ""科创50ETF"", ""证券ETF"", ""军工ETF"", ""消费ETF"", ""恒生ETF"", ""白银LOF"", ""纳指ETF"", ""标普500ETF"", ""日经225ETF"", ""欧洲ETF"", ""黄金ETF"", ""有色金属期货ETF"", ""能源化工期货ETF"", ""豆粕ETF"", ""煤炭ETF"", ""原油ETF""]",0.0
2023-02-03,candidate_03,CLARABEL,optimal,0.04409334245167589,,False,False,ewma,True,243,False,,,6.619603014800052e-06,0.48274191153538104,72926.11210310811,True,False,0.0,6.6196030148000525e-06,4.827419115353809e-07,1e-06,symmetrized,252,29,60.0,CLARABEL,optimal,True,0.48274191153538104,4.655619064042327e-06,False,20,0,False,2.35,bond=0.70000000;cash=0.30000000;commodity_gold=0.40000000;defensive=0.25000000;equity=0.70000000,252,252,,,False,not_requested,True,0.005254369777054565,0.06246281055762902,,0.058141783218178276,0.41946002787013725,2.6804042319028554e-10,0.2160164617172895,0.3000000002680404,0.14855296742189467,0.027701242944718027,0.30772932764805755,0.010480580896506764,,,2023-02-02,"[""可转债ETF"", ""5年国债ETF"", ""10年国债ETF"", ""信用债ETF"", ""日利ETF"", ""沪深300ETF"", ""中证500ETF"", ""中证1000ETF"", ""创业板ETF"", ""红利ETF"", ""半导体ETF"", ""人工智能ETF"", ""新能源ETF"", ""科创50ETF"", ""证券ETF"", ""军工ETF"", ""消费ETF"", ""恒生ETF"", ""白银LOF"", ""纳指ETF"", ""标普500ETF"", ""日经225ETF"", ""欧洲ETF"", ""黄金ETF"", ""有色金属期货ETF"", ""能源化工期货ETF"", ""豆粕ETF"", ""煤炭ETF"", ""原油ETF""]",0.0
2023-02-10,candidate_03,CLARABEL,optimal,0.042154002628564814,,False,False,ewma,True,243,False,,,7.534420888137761e-06,0.4742600582990788,62945.78778387026,True,False,0.0,7.534420888137763e-06,4.7426005829907856e-07,1e-06,symmetrized,252,29,60.0,CLARABEL,optimal,True,0.4742600582990788,5.163504041505451e-06,False,20,0,False,2.35,bond=0.70000000;cash=0.30000000;commodity_gold=0.40000000;defensive=0.25000000;equity=0.70000000,252,252,,,False,not_requested,True,0.0019728583477569978,0.06152599824034448,,0.05543539851633487,0.4104336906449292,2.5236202016998277e-11,0.21795347752975155,0.3000000000252362,0.1459478386019644,0.02759638469734512,0.3085022991457026,0.010460581167047869,,,2023-02-09,"[""可转债ETF"", ""5年国债ETF"", ""10年国债ETF"", ""信用债ETF"", ""日利ETF"", ""沪深300ETF"", ""中证500ETF"", ""中证1000ETF"", ""创业板ETF"", ""红利ETF"", ""半导体ETF"", ""人工智能ETF"", ""新能源ETF"", ""科创50ETF"", ""证券ETF"", ""军工ETF"", ""消费ETF"", ""恒生ETF"", ""白银LOF"", ""纳指ETF"", ""标普500ETF"", ""日经225ETF"", ""欧洲ETF"", ""黄金ETF"", ""有色金属期货ETF"", ""能源化工期货ETF"", ""豆粕ETF"", ""煤炭ETF"", ""原油ETF""]",0.0
2023-02-17,candidate_03,CLARABEL,optimal,0.04296586938960259,,False,False,ewma,True,243,False,,,7.178993058750568e-06,0.455149684260409,63400.21233278965,True,False,0.0,7.178993058750562e-06,4.5514968426040907e-07,1e-06,symmetrized,252,29,60.0,CLARABEL,optimal,True,0.455149684260409,2.1857112809040014e-06,False,20,0,False,2.35,bond=0.70000000;cash=0.30000000;commodity_gold=0.40000000;defensive=0.25000000;equity=0.70000000,252,252,,,False,not_requested,True,0.0014353395706963052,0.05995892887912906,,0.05900080042400895,0.41442360934828637,4.329364644561906e-11,0.21965528656135438,0.30000000004329364,0.14552469053818395,0.027623365019189706,0.3071966578379784,0.010165961554060058,,,2023-02-16,"[""可转债ETF"", ""5年国债ETF"", ""10年国债ETF"", ""信用债ETF"", ""日利ETF"", ""沪深300ETF"", ""中证500ETF"", ""中证1000ETF"", ""创业板ETF"", ""红利ETF"", ""半导体ETF"", ""人工智能ETF"", ""新能源ETF"", ""科创50ETF"", ""证券ETF"", ""军工ETF"", ""消费ETF"", ""恒生ETF"", ""白银LOF"", ""纳指ETF"", ""标普500ETF"", ""日经225ETF"", ""欧洲ETF"", ""黄金ETF"", ""有色金属期货ETF"", ""能源化工期货ETF"", ""豆粕ETF"", ""煤炭ETF"", ""原油ETF""]",0.0
2023-02-24,candidate_03,CLARABEL,optimal,0.04508023084243751,,False,False,ewma,True,243,False,,,6.778847443345605e-06,0.4535185480765397,66902.01422392712,True,False,0.0,6.778847443345607e-06,4.5351854807653935e-07,1e-06,symmetrized,252,29,60.0,CLARABEL,optimal,True,0.4535185480765397,3.922599324454601e-06,False,20,0,False,2.35,bond=0.70000000;cash=0.30000000;commodity_gold=0.40000000;defensive=0.25000000;equity=0.70000000,252,252,,,False,not_requested,True,0.0012940857964036795,0.05917216879305267,,0.05259621681117722,0.424518366626312,4.445127599339571e-11,0.2206832335942781,0.30000000004445126,0.14611494939421557,0.028663169913323246,0.3045386470537319,0.010148911548184023,,,2023-02-23,"[""可转债ETF"", ""5年国债ETF"", ""10年国债ETF"", ""信用债ETF"", ""日利ETF"", ""沪深300ETF"", ""中证500ETF"", ""中证1000ETF"", ""创业板ETF"", ""红利ETF"", ""半导体ETF"", ""人工智能ETF"", ""新能源ETF"", ""科创50ETF"", ""证券ETF"", ""军工ETF"", ""消费ETF"", ""恒生ETF"", ""白银LOF"", ""纳指ETF"", ""标普500ETF"", ""日经225ETF"", ""欧洲ETF"", ""黄金ETF"", ""有色金属期货ETF"", ""能源化工期货ETF"", ""豆粕ETF"", ""煤炭ETF"", ""原油ETF""]",0.0
2023-03-03,candidate_03,CLARABEL,optimal,0.04359470331329296,,False,False,ewma,True,243,False,,,6.446431496852431e-06,0.43779253657687367,67912.38482726956,True,False,0.0,6.446431496852483e-06,4.377925365768736e-07,1e-06,symmetrized,252,29,60.0,CLARABEL,optimal,True,0.43779253657687367,4.458579140789731e-06,False,20,0,False,2.35,bond=0.70000000;cash=0.30000000;commodity_gold=0.40000000;defensive=0.25000000;equity=0.70000000,252,252,,,False,not_requested,True,0.000724760691143217,0.05796965608668121,,0.051905223888617034,0.4175164220543321,4.6144810195158925e-11,0.22116997235456365,0.3000000000461448,0.1456981181895291,0.029035025603022614,0.3040968838067398,0.010155782435249339,,,2023-03-02,"[""可转债ETF"", ""5年国债ETF"", ""10年国债ETF"", ""信用债ETF"", ""日利ETF"", ""沪深300ETF"", ""中证500ETF"", ""中证1000ETF"", ""创业板ETF"", ""红利ETF"", ""半导体ETF"", ""人工智能ETF"", ""新能源ETF"", ""科创50ETF"", ""证券ETF"", ""军工ETF"", ""消费ETF"", ""恒生ETF"", ""白银LOF"", ""纳指ETF"", ""标普500ETF"", ""日经225ETF"", ""欧洲ETF"", ""黄金ETF"", ""有色金属期货ETF"", ""能源化工期货ETF"", ""豆粕ETF"", ""煤炭ETF"", ""原油ETF""]",0.0
2023-03-10,candidate_03,CLARABEL,optimal,0.04183332043472278,,False,False,ewma,True,243,False,,,6.146304416298425e-06,0.42303855313065575,68828.11596654177,True,False,0.0,6.146304416298404e-06,4.2303855313065594e-07,1e-06,symmetrized,252,29,60.0,CLARABEL,optimal,True,0.42303855313065575,3.75002276249356e-06,False,20,0,False,2.35,bond=0.70000000;cash=0.30000000;commodity_gold=0.40000000;defensive=0.25000000;equity=0.70000000,252,252,,,False,not_requested,True,0.001716438436675325,0.05686149695762278,,0.05466068000118796,0.4088935154020338,5.072758324509152e-10,0.2220547080295055,0.3000000005072758,0.14553666489985412,0.028920415041430975,0.3034882115219334,0.010105545614463028,,,2023-03-09,"[""可转债ETF"", ""5年国债ETF"", ""10年国债ETF"", ""信用债ETF"", ""日利ETF"", ""沪深300ETF"", ""中证500ETF"", ""中证1000ETF"", ""创业板ETF"", ""红利ETF"", ""半导体ETF"", ""人工智能ETF"", ""新能源ETF"", ""科创50ETF"", ""证券ETF"", ""军工ETF"", ""消费ETF"", ""恒生ETF"", ""白银LOF"", ""纳指ETF"", ""标普500ETF"", ""日经225ETF"", ""欧洲ETF"", ""黄金ETF"", ""有色金属期货ETF"", ""能源化工期货ETF"", ""豆粕ETF"", ""煤炭ETF"", ""原油ETF""]",0.0
2023-03-17,candidate_03,CLARABEL,optimal,0.042329811651851026,,False,False,ewma,True,243,False,,,5.972361317001519e-06,0.430910973982896,72150.85476429932,True,False,0.0,5.972361317001516e-06,4.3091097398289636e-07,1e-06,symmetrized,252,29,60.0,CLARABEL,optimal,True,0.430910973982896,3.6036725925246704e-06,False,20,0,False,2.35,bond=0.70000000;cash=0.30000000;commodity_gold=0.40000000;defensive=0.25000000;equity=0.70000000,252,252,,,False,not_requested,True,0.006058229016377788,0.057052444434096954,,0.05448356693591997,0.41088601632481264,1.4305462370245436e-10,0.2275615665254488,0.3000000001430546,0.14511288692588548,0.029019245961920074,0.2983063004436912,0.009933070626445191,,,2023-03-16,"[""可转债ETF"", ""5年国债ETF"", ""10年国债ETF"", ""信用债ETF"", ""日利ETF"", ""沪深300ETF"", ""中证500ETF"", ""中证1000ETF"", ""创业板ETF"", ""红利ETF"", ""半导体ETF"", ""人工智能ETF"", ""新能源ETF"", ""科创50ETF"", ""证券ETF"", ""军工ETF"", ""消费ETF"", ""恒生ETF"", ""白银LOF"", ""纳指ETF"", ""标普500ETF"", ""日经225ETF"", ""欧洲ETF"", ""黄金ETF"", ""有色金属期货ETF"", ""能源化工期货ETF"", ""豆粕ETF"", ""煤炭ETF"", ""原油ETF""]",0.0
2023-03-24,candidate_03,CLARABEL,optimal,0.04169825675626437,,False,False,ewma,True,243,False,,,5.656190534897541e-06,0.4263526930148459,75378.06415543056,True,False,0.0,5.65619053489735e-06,4.2635269301484566e-07,1e-06,symmetrized,252,29,60.0,CLARABEL,optimal,True,0.4263526930148459,2.9574418297997895e-06,False,20,0,False,2.35,bond=0.70000000;cash=0.30000000;commodity_gold=0.40000000;defensive=0.25000000;equity=0.70000000,252,252,,,False,not_requested,True,0.005517823181056546,0.057186671383914346,,0.05167494788841621,0.4078541158095084,0.0,0.22347063370545045,0.29999999964206553,0.14368319589268785,0.028879746605631692,0.3039664241541645,0.01005037862954523,,,2023-03-23,"[""可转债ETF"", ""5年国债ETF"", ""10年国债ETF"", ""信用债ETF"", ""日利ETF"", ""沪深300ETF"", ""中证500ETF"", ""中证1000ETF"", ""创业板ETF"", ""红利ETF"", ""半导体ETF"", ""人工智能ETF"", ""新能源ETF"", ""科创50ETF"", ""证券ETF"", ""军工ETF"", ""消费ETF"", ""恒生ETF"", ""白银LOF"", ""纳指ETF"", ""标普500ETF"", ""日经225ETF"", ""欧洲ETF"", ""黄金ETF"", ""有色金属期货ETF"", ""能源化工期货ETF"", ""豆粕ETF"", ""煤炭ETF"", ""原油ETF""]",0.0
2023-03-31,candidate_03,CLARABEL,optimal,0.041255797719779455,,False,False,ewma,True,243,False,,,5.5211133861340544e-06,0.39538688985599957,71613.61526263707,True,False,0.0,5.521113386134044e-06,3.9538688985599957e-07,1e-06,symmetrized,252,29,60.0,CLARABEL,optimal,True,0.39538688985599957,3.2293001068495197e-06,False,20,0,False,2.35,bond=0.70000000;cash=0.30000000;commodity_gold=0.40000000;defensive=0.25000000;equity=0.70000000,252,252,,,False,not_requested,True,0.004306339245534535,0.05515900169590789,,0.05226590932239852,0.40579984737845864,5.106566836055038e-10,0.22158373310201546,0.3000000005106567,0.14510335964364673,0.028524088459657336,0.3047888182840238,0.00911377142846346,,,2023-03-30,"[""可转债ETF"", ""5年国债ETF"", ""10年国债ETF"", ""信用债ETF"", ""日利ETF"", ""沪深300ETF"", ""中证500ETF"", ""中证1000ETF"", ""创业板ETF"", ""红利ETF"", ""半导体ETF"", ""人工智能ETF"", ""新能源ETF"", ""科创50ETF"", ""证券ETF"", ""军工ETF"", ""消费ETF"", ""恒生ETF"", ""白银LOF"", ""纳指ETF"", ""标普500ETF"", ""日经225ETF"", ""欧洲ETF"", ""黄金ETF"", ""有色金属期货ETF"", ""能源化工期货ETF"", ""豆粕ETF"", ""煤炭ETF"", ""原油ETF""]",0.0
2023-04-07,candidate_03,CLARABEL,optimal,0.03577253326390599,,False,False,ewma,True,243,False,,,5.521483705541532e-06,0.39850073431402755,72172.76289597304,True,False,0.0,5.521483705541529e-06,3.985007343140278e-07,1e-06,symmetrized,252,29,60.0,CLARABEL,optimal,True,0.39850073431402755,3.877519991000999e-06,False,20,0,False,2.35,bond=0.70000000;cash=0.30000000;commodity_gold=0.40000000;defensive=0.25000000;equity=0.70000000,252,252,,,False,not_requested,True,0.012840907745655324,0.05553116228976048,,0.057601401460964353,0.3768918297690673,1.5143691856067676e-10,0.21682894948866538,0.3000000001514369,0.14652207954871743,0.028465269922822386,0.3081837008883579,0.00919929135011469,,,2023-04-06,"[""可转债ETF"", ""5年国债ETF"", ""10年国债ETF"", ""信用债ETF"", ""日利ETF"", ""沪深300ETF"", ""中证500ETF"", ""中证1000ETF"", ""创业板ETF"", ""红利ETF"", ""半导体ETF"", ""人工智能ETF"", ""新能源ETF"", ""科创50ETF"", ""证券ETF"", ""军工ETF"", ""消费ETF"", ""恒生ETF"", ""白银LOF"", ""纳指ETF"", ""标普500ETF"", ""日经225ETF"", ""欧洲ETF"", ""黄金ETF"", ""有色金属期货ETF"", ""能源化工期货ETF"", ""豆粕ETF"", ""煤炭ETF"", ""原油ETF""]",0.0
2023-04-14,candidate_03,CLARABEL,optimal,0.03341056522515703,,False,False,ewma,True,243,False,,,5.3017027890203595e-06,0.3928077104166905,74090.85836161573,True,False,0.0,5.301702789020558e-06,3.928077104166902e-07,1e-06,symmetrized,252,29,60.0,CLARABEL,optimal,True,0.3928077104166905,2.422946670015136e-06,False,20,0,False,2.35,bond=0.70000000;cash=0.30000000;commodity_gold=0.40000000;defensive=0.25000000;equity=0.70000000,252,252,,,False,not_requested,True,0.01055102595301235,0.054370697771082346,,0.059427469436154755,0.36439747199074435,6.377287586900593e-11,0.21769623997580018,0.30000000006377286,0.14750139327378703,0.02911298817215936,0.3056893785144805,0.009179975202669279,,,2023-04-13,"[""可转债ETF"", ""5年国债ETF"", ""10年国债ETF"", ""信用债ETF"", ""日利ETF"", ""沪深300ETF"", ""中证500ETF"", ""中证1000ETF"", ""创业板ETF"", ""红利ETF"", ""半导体ETF"", ""人工智能ETF"", ""新能源ETF"", ""科创50ETF"", ""证券ETF"", ""军工ETF"", ""消费ETF"", ""恒生ETF"", ""白银LOF"", ""纳指ETF"", ""标普500ETF"", ""日经225ETF"", ""欧洲ETF"", ""黄金ETF"", ""有色金属期货ETF"", ""能源化工期货ETF"", ""豆粕ETF"", ""煤炭ETF"", ""原油ETF""]",0.0
2023-04-21,candidate_03,CLARABEL,optimal,0.03165321387998172,,False,False,ewma,True,243,False,,,5.148186967151802e-06,0.3796546961714208,73745.32016685129,True,False,0.0,5.148186967151942e-06,3.7965469617142086e-07,1e-06,symmetrized,252,29,60.0,CLARABEL,optimal,True,0.3796546961714208,6.822112417023685e-06,False,20,0,False,2.35,bond=0.70000000;cash=0.30000000;commodity_gold=0.40000000;defensive=0.25000000;equity=0.70000000,252,252,,,False,not_requested,True,0.005919793134239396,0.05342247545330082,,0.05537406277302991,0.3551509092166689,1.6800179025722173e-09,0.21732662865923014,0.3000000016800179,0.14559936513250302,0.029411947736615054,0.30766205679163383,0.009183072151119707,,,2023-04-20,"[""可转债ETF"", ""5年国债ETF"", ""10年国债ETF"", ""信用债ETF"", ""日利ETF"", ""沪深300ETF"", ""中证500ETF"", ""中证1000ETF"", ""创业板ETF"", ""红利ETF"", ""半导体ETF"", ""人工智能ETF"", ""新能源ETF"", ""科创50ETF"", ""证券ETF"", ""军工ETF"", ""消费ETF"", ""恒生ETF"", ""白银LOF"", ""纳指ETF"", ""标普500ETF"", ""日经225ETF"", ""欧洲ETF"", ""黄金ETF"", ""有色金属期货ETF"", ""能源化工期货ETF"", ""豆粕ETF"", ""煤炭ETF"", ""原油ETF""]",0.0
2023-04-28,candidate_03,CLARABEL,optimal,0.030189629008905504,,False,False,ewma,True,243,False,,,4.979280755332077e-06,0.40002081419536684,80337.0675106045,True,False,0.0,4.979280755332134e-06,4.000208141953668e-07,1e-06,symmetrized,252,29,60.0,CLARABEL,optimal,True,0.40002081419536684,3.5401514301702797e-06,False,20,0,False,2.35,bond=0.70000000;cash=0.30000000;commodity_gold=0.40000000;defensive=0.25000000;equity=0.70000000,252,252,,,False,not_requested,True,0.0066124399671697925,0.052394442414122555,,0.05333822176642492,0.3467298457160672,5.947310977028053e-10,0.22337155242228038,0.3000000005947311,0.1451959231005018,0.02986316488202829,0.30156935900045845,0.008870188821007716,,,2023-04-27,"[""可转债ETF"", ""5年国债ETF"", ""10年国债ETF"", ""信用债ETF"", ""日利ETF"", ""沪深300ETF"", ""中证500ETF"", ""中证1000ETF"", ""创业板ETF"", ""红利ETF"", ""半导体ETF"", ""人工智能ETF"", ""新能源ETF"", ""科创50ETF"", ""证券ETF"", ""军工ETF"", ""消费ETF"", ""恒生ETF"", ""白银LOF"", ""纳指ETF"", ""标普500ETF"", ""日经225ETF"", ""欧洲ETF"", ""黄金ETF"", ""有色金属期货ETF"", ""能源化工期货ETF"", ""豆粕ETF"", ""煤炭ETF"", ""原油ETF""]",0.0
2023-05-05,candidate_03,CLARABEL,optimal,0.028625153309535134,,False,False,ewma,True,243,False,,,4.974255248602191e-06,0.40343123378033796,81103.84642881076,True,False,0.0,4.97425524860212e-06,4.034312337803384e-07,1e-06,symmetrized,252,29,60.0,CLARABEL,optimal,True,0.40343123378033796,2.768313843163478e-06,False,20,0,False,2.35,bond=0.70000000;cash=0.30000000;commodity_gold=0.40000000;defensive=0.25000000;equity=0.70000000,252,252,,,False,not_requested,True,0.002162093791780788,0.05245987951525361,,0.05305508846810123,0.33811987699965956,7.396511181312349e-11,0.2217586249404566,0.3000000000739651,0.14535000298787157,0.030794688672606926,0.3020966833251,0.008889549787727899,,,2023-05-04,"[""可转债ETF"", ""5年国债ETF"", ""10年国债ETF"", ""信用债ETF"", ""日利ETF"", ""沪深300ETF"", ""中证500ETF"", ""中证1000ETF"", ""创业板ETF"", ""红利ETF"", ""半导体ETF"", ""人工智能ETF"", ""新能源ETF"", ""科创50ETF"", ""证券ETF"", ""军工ETF"", ""消费ETF"", ""恒生ETF"", ""白银LOF"", ""纳指ETF"", ""标普500ETF"", ""日经225ETF"", ""欧洲ETF"", ""黄金ETF"", ""有色金属期货ETF"", ""能源化工期货ETF"", ""豆粕ETF"", ""煤炭ETF"", ""原油ETF""]",0.0
2023-05-12,candidate_03,CLARABEL,optimal,0.027573072377593613,,False,False,ewma,True,243,False,,,4.856812703551552e-06,0.3871788177648088,79718.70471383087,True,False,0.0,4.856812703551569e-06,3.871788177648086e-07,1e-06,symmetrized,252,29,60.0,CLARABEL,optimal,True,0.3871788177648088,3.1084250014107306e-06,False,20,0,False,2.35,bond=0.70000000;cash=0.30000000;commodity_gold=0.40000000;defensive=0.25000000;equity=0.70000000,252,252,,,False,not_requested,True,0.001056560004523084,0.050975575750621,,0.05614609881941986,0.331973638769718,4.5818682181675285e-11,0.22319322239848094,0.30000000004581867,0.14503122900836501,0.0308875039774734,0.3008880445698619,0.007726837376943792,,,2023-05-11,"[""可转债ETF"", ""5年国债ETF"", ""10年国债ETF"", ""信用债ETF"", ""日利ETF"", ""沪深300ETF"", ""中证500ETF"", ""中证1000ETF"", ""创业板ETF"", ""红利ETF"", ""半导体ETF"", ""人工智能ETF"", ""新能源ETF"", ""科创50ETF"", ""证券ETF"", ""军工ETF"", ""消费ETF"", ""恒生ETF"", ""白银LOF"", ""纳指ETF"", ""标普500ETF"", ""日经225ETF"", ""欧洲ETF"", ""黄金ETF"", ""有色金属期货ETF"", ""能源化工期货ETF"", ""豆粕ETF"", ""煤炭ETF"", ""原油ETF""]",0.0
2023-05-19,candidate_03,CLARABEL,optimal,0.03142309981664089,,False,False,ewma,True,243,False,,,4.690048781432368e-06,0.3739195715065543,79726.158283658,True,False,0.0,4.69004878143236e-06,3.7391957150655454e-07,1e-06,symmetrized,252,29,60.0,CLARABEL,optimal,True,0.3739195715065543,5.749566904661441e-06,False,20,0,False,2.35,bond=0.70000000;cash=0.30000000;commodity_gold=0.40000000;defensive=0.25000000;equity=0.70000000,252,252,,,False,not_requested,True,6.523609269560963e-05,0.050189539967116434,,0.05521697868712357,0.3545237680266819,4.5965553585602947e-10,0.2229713036265053,0.3000000004596555,0.14346135834675375,0.030647338775673612,0.302919998791412,0.007390581957464014,,,2023-05-18,"[""可转债ETF"", ""5年国债ETF"", ""10年国债ETF"", ""信用债ETF"", ""日利ETF"", ""沪深300ETF"", ""中证500ETF"", ""中证1000ETF"", ""创业板ETF"", ""红利ETF"", ""半导体ETF"", ""人工智能ETF"", ""新能源ETF"", ""科创50ETF"", ""证券ETF"", ""军工ETF"", ""消费ETF"", ""恒生ETF"", ""白银LOF"", ""纳指ETF"", ""标普500ETF"", ""日经225ETF"", ""欧洲ETF"", ""黄金ETF"", ""有色金属期货ETF"", ""能源化工期货ETF"", ""豆粕ETF"", ""煤炭ETF"", ""原油ETF""]",0.0
2023-05-26,candidate_03,CLARABEL,optimal,0.0319531597269869,,False,False,ewma,True,243,False,,,4.5243741194418235e-06,0.3610727098580606,79806.1124756426,True,False,0.0,4.52437411944184e-06,3.610727098580608e-07,1e-06,symmetrized,252,29,60.0,CLARABEL,optimal,True,0.3610727098580606,3.610503144440419e-06,False,20,0,False,2.35,bond=0.70000000;cash=0.30000000;commodity_gold=0.40000000;defensive=0.25000000;equity=0.70000000,252,252,,,False,not_requested,True,0.003445233432387485,0.04907474974405362,,0.05566455887699908,0.35711746800350963,7.2689998464881e-10,0.22646247872869021,0.3000000007269,0.14327323738721828,0.029350257016938316,0.3009140261402533,0.007342567228212047,,,2023-05-25,"[""可转债ETF"", ""5年国债ETF"", ""10年国债ETF"", ""信用债ETF"", ""日利ETF"", ""沪深300ETF"", ""中证500ETF"", ""中证1000ETF"", ""创业板ETF"", ""红利ETF"", ""半导体ETF"", ""人工智能ETF"", ""新能源ETF"", ""科创50ETF"", ""证券ETF"", ""军工ETF"", ""消费ETF"", ""恒生ETF"", ""白银LOF"", ""纳指ETF"", ""标普500ETF"", ""日经225ETF"", ""欧洲ETF"", ""黄金ETF"", ""有色金属期货ETF"", ""能源化工期货ETF"", ""豆粕ETF"", ""煤炭ETF"", ""原油ETF""]",0.0
2023-06-02,candidate_03,CLARABEL,optimal,0.03398448448841275,,False,False,ewma,True,243,False,,,4.343436059489794e-06,0.34343133420711003,79069.04338024296,True,False,0.0,4.343436059489793e-06,3.4343133420711e-07,1e-06,symmetrized,252,29,60.0,CLARABEL,optimal,True,0.34343133420711003,5.1110492241129846e-06,False,20,0,False,2.35,bond=0.70000000;cash=0.30000000;commodity_gold=0.40000000;defensive=0.25000000;equity=0.70000000,252,252,,,False,not_requested,True,0.0005585961110927302,0.04811494335073869,,0.05729299759797686,0.3686361077667654,1.4626575506326844e-09,0.22622279328547187,0.30000000146265754,0.14251810408052998,0.029529518350634002,0.30172958282070644,0.007332203333734632,,,2023-06-01,"[""可转债ETF"", ""5年国债ETF"", ""10年国债ETF"", ""信用债ETF"", ""日利ETF"", ""沪深300ETF"", ""中证500ETF"", ""中证1000ETF"", ""创业板ETF"", ""红利ETF"", ""半导体ETF"", ""人工智能ETF"", ""新能源ETF"", ""科创50ETF"", ""证券ETF"", ""军工ETF"", ""消费ETF"", ""恒生ETF"", ""白银LOF"", ""纳指ETF"", ""标普500ETF"", ""日经225ETF"", ""欧洲ETF"", ""黄金ETF"", ""有色金属期货ETF"", ""能源化工期货ETF"", ""豆粕ETF"", ""煤炭ETF"", ""原油ETF""]",0.0
2023-06-09,candidate_03,CLARABEL,optimal,0.03187462627280767,,False,False,ewma,True,243,False,,,4.189530973800844e-06,0.33729297326685026,80508.52837133936,True,False,0.0,4.189530973800845e-06,3.3729297326685e-07,1e-06,symmetrized,252,29,60.0,CLARABEL,optimal,True,0.33729297326685026,4.381723975790258e-06,False,20,0,False,2.35,bond=0.70000000;cash=0.30000000;commodity_gold=0.40000000;defensive=0.25000000;equity=0.70000000,252,252,,,False,not_requested,True,0.0010468419463542196,0.047537517741975586,,0.062389807151056347,0.3569502787857185,4.3283210349187584e-11,0.22540967877769055,0.3000000000432832,0.14444519544111267,0.0302060687453315,0.29993905699258205,0.007123162564729667,,,2023-06-08,"[""可转债ETF"", ""5年国债ETF"", ""10年国债ETF"", ""信用债ETF"", ""日利ETF"", ""沪深300ETF"", ""中证500ETF"", ""中证1000ETF"", ""创业板ETF"", ""红利ETF"", ""半导体ETF"", ""人工智能ETF"", ""新能源ETF"", ""科创50ETF"", ""证券ETF"", ""军工ETF"", ""消费ETF"", ""恒生ETF"", ""白银LOF"", ""纳指ETF"", ""标普500ETF"", ""日经225ETF"", ""欧洲ETF"", ""黄金ETF"", ""有色金属期货ETF"", ""能源化工期货ETF"", ""豆粕ETF"", ""煤炭ETF"", ""原油ETF""]",0.0
2023-06-16,candidate_03,CLARABEL,optimal,0.03845566087455417,,False,False,ewma,True,243,False,,,4.071987651017943e-06,0.3301357875809803,81074.84989509992,True,False,0.0,4.07198765101794e-06,3.301357875809802e-07,1e-06,symmetrized,252,29,60.0,CLARABEL,optimal,True,0.3301357875809803,3.299681476907901e-06,False,20,0,False,2.35,bond=0.70000000;cash=0.30000000;commodity_gold=0.40000000;defensive=0.25000000;equity=0.70000000,252,252,,,False,not_requested,True,0.00657464941047721,0.04771032818853092,,0.05894563555091687,0.39152111305277765,1.1754512363459924e-09,0.22000384719092747,0.3000000011754512,0.143720833270149,0.02922663133761114,0.3070486870258612,0.007207539442646533,,,2023-06-15,"[""可转债ETF"", ""5年国债ETF"", ""10年国债ETF"", ""信用债ETF"", ""日利ETF"", ""沪深300ETF"", ""中证500ETF"", ""中证1000ETF"", ""创业板ETF"", ""红利ETF"", ""半导体ETF"", ""人工智能ETF"", ""新能源ETF"", ""科创50ETF"", ""证券ETF"", ""军工ETF"", ""消费ETF"", ""恒生ETF"", ""白银LOF"", ""纳指ETF"", ""标普500ETF"", ""日经225ETF"", ""欧洲ETF"", ""黄金ETF"", ""有色金属期货ETF"", ""能源化工期货ETF"", ""豆粕ETF"", ""煤炭ETF"", ""原油ETF""]",0.0
2023-06-21,candidate_03,CLARABEL,optimal,0.03648806256610666,,False,False,ewma,True,243,False,,,4.038057384705447e-06,0.32569897829401684,80657.34269345325,True,False,0.0,4.038057384705446e-06,3.2569897829401663e-07,1e-06,symmetrized,252,29,60.0,CLARABEL,optimal,True,0.32569897829401684,6.173086171346043e-06,False,20,0,False,2.35,bond=0.70000000;cash=0.30000000;commodity_gold=0.40000000;defensive=0.25000000;equity=0.70000000,252,252,,,False,not_requested,True,0.002236856098287091,0.04748397998734953,,0.05782727691724638,0.38179918484623016,3.6831682148630307e-10,0.2182140935177717,0.3000000003683168,0.1453658377072108,0.02843844841460812,0.3079816199920924,0.007219771377381881,,,2023-06-20,"[""可转债ETF"", ""5年国债ETF"", ""10年国债ETF"", ""信用债ETF"", ""日利ETF"", ""沪深300ETF"", ""中证500ETF"", ""中证1000ETF"", ""创业板ETF"", ""红利ETF"", ""半导体ETF"", ""人工智能ETF"", ""新能源ETF"", ""科创50ETF"", ""证券ETF"", ""军工ETF"", ""消费ETF"", ""恒生ETF"", ""白银LOF"", ""纳指ETF"", ""标普500ETF"", ""日经225ETF"", ""欧洲ETF"", ""黄金ETF"", ""有色金属期货ETF"", ""能源化工期货ETF"", ""豆粕ETF"", ""煤炭ETF"", ""原油ETF""]",0.0
2023-06-30,candidate_03,CLARABEL,optimal,0.03508320091778187,,False,False,ewma,True,243,False,,,3.920765426848245e-06,0.3426173322959515,87385.31766012042,True,False,0.0,3.920765426848234e-06,3.4261733229595177e-07,1e-06,symmetrized,252,29,60.0,CLARABEL,optimal,True,0.3426173322959515,2.6735361794982815e-06,False,20,0,False,2.35,bond=0.70000000;cash=0.30000000;commodity_gold=0.40000000;defensive=0.25000000;equity=0.70000000,252,252,,,False,not_requested,True,0.004573652699275699,0.04729740845741864,,0.05701335589355254,0.3741141845372166,1.9643731086205207e-11,0.2223569247737465,0.3000000000196437,0.1454658904159656,0.028728192610422087,0.30344899218022214,0.007033452747527205,,,2023-06-29,"[""可转债ETF"", ""5年国债ETF"", ""10年国债ETF"", ""信用债ETF"", ""日利ETF"", ""沪深300ETF"", ""中证500ETF"", ""中证1000ETF"", ""创业板ETF"", ""红利ETF"", ""半导体ETF"", ""人工智能ETF"", ""新能源ETF"", ""科创50ETF"", ""证券ETF"", ""军工ETF"", ""消费ETF"", ""恒生ETF"", ""白银LOF"", ""纳指ETF"", ""标普500ETF"", ""日经225ETF"", ""欧洲ETF"", ""黄金ETF"", ""有色金属期货ETF"", ""能源化工期货ETF"", ""豆粕ETF"", ""煤炭ETF"", ""原油ETF""]",0.0
2023-07-07,candidate_03,CLARABEL,optimal,0.030616265544955328,,False,False,ewma,True,243,False,,,3.987186507172396e-06,0.3342064853446055,83820.12848995511,True,False,0.0,3.987186507172397e-06,3.3420648534460544e-07,1e-06,symmetrized,252,29,60.0,CLARABEL,optimal,True,0.3342064853446055,4.352117572187231e-06,False,20,0,False,2.35,bond=0.70000000;cash=0.30000000;commodity_gold=0.40000000;defensive=0.25000000;equity=0.70000000,252,252,,,False,not_requested,True,0.003347062348680055,0.04788933220479877,,0.0568559863786324,0.3495615549758132,1.9832161468613663e-09,0.22143290979711164,0.30000000198321614,0.1475635308560971,0.028618338177239612,0.3023852191863354,0.0070191012089715335,,,2023-07-06,"[""可转债ETF"", ""5年国债ETF"", ""10年国债ETF"", ""信用债ETF"", ""日利ETF"", ""沪深300ETF"", ""中证500ETF"", ""中证1000ETF"", ""创业板ETF"", ""红利ETF"", ""半导体ETF"", ""人工智能ETF"", ""新能源ETF"", ""科创50ETF"", ""证券ETF"", ""军工ETF"", ""消费ETF"", ""恒生ETF"", ""白银LOF"", ""纳指ETF"", ""标普500ETF"", ""日经225ETF"", ""欧洲ETF"", ""黄金ETF"", ""有色金属期货ETF"", ""能源化工期货ETF"", ""豆粕ETF"", ""煤炭ETF"", ""原油ETF""]",0.0
2023-07-14,candidate_03,CLARABEL,optimal,0.03252266781880345,,False,False,ewma,True,243,False,,,3.830068045340924e-06,0.3361783268715105,87773.46065181629,True,False,0.0,3.830068045340924e-06,3.361783268715109e-07,1e-06,symmetrized,252,29,60.0,CLARABEL,optimal,True,0.3361783268715105,5.167780898041041e-06,False,20,0,False,2.35,bond=0.70000000;cash=0.30000000;commodity_gold=0.40000000;defensive=0.25000000;equity=0.70000000,252,252,,,False,not_requested,True,0.004143078861415068,0.048128950379266455,,0.05458659878532095,0.3602141769443103,9.411873502784829e-10,0.2201807028320295,0.30000000094118734,0.14860134522537055,0.028766854665197326,0.3024510963362152,0.006883416271292632,,,2023-07-13,"[""可转债ETF"", ""5年国债ETF"", ""10年国债ETF"", ""信用债ETF"", ""日利ETF"", ""沪深300ETF"", ""中证500ETF"", ""中证1000ETF"", ""创业板ETF"", ""红利ETF"", ""半导体ETF"", ""人工智能ETF"", ""新能源ETF"", ""科创50ETF"", ""证券ETF"", ""军工ETF"", ""消费ETF"", ""恒生ETF"", ""白银LOF"", ""纳指ETF"", ""标普500ETF"", ""日经225ETF"", ""欧洲ETF"", ""黄金ETF"", ""有色金属期货ETF"", ""能源化工期货ETF"", ""豆粕ETF"", ""煤炭ETF"", ""原油ETF""]",0.0
2023-07-21,candidate_03,CLARABEL,optimal,0.03447800134594511,,False,False,ewma,True,243,False,,,3.7370562285456656e-06,0.3265254927006206,87375.05478414841,True,False,0.0,3.737056228545665e-06,3.265254927006205e-07,1e-06,symmetrized,252,29,60.0,CLARABEL,optimal,True,0.3265254927006206,4.255980776815549e-06,False,20,0,False,2.35,bond=0.70000000;cash=0.30000000;commodity_gold=0.40000000;defensive=0.25000000;equity=0.70000000,252,252,,,False,not_requested,True,0.0005979115701343005,0.047179087254874914,,0.054927316831711835,0.371299683496075,9.228662278815136e-11,0.22091424280907815,0.3000000000922866,0.15130615980545625,0.028794365045404086,0.298985232247775,0.006578352313828851,,,2023-07-20,"[""可转债ETF"", ""5年国债ETF"", ""10年国债ETF"", ""信用债ETF"", ""日利ETF"", ""沪深300ETF"", ""中证500ETF"", ""中证1000ETF"", ""创业板ETF"", ""红利ETF"", ""半导体ETF"", ""人工智能ETF"", ""新能源ETF"", ""科创50ETF"", ""证券ETF"", ""军工ETF"", ""消费ETF"", ""恒生ETF"", ""白银LOF"", ""纳指ETF"", ""标普500ETF"", ""日经225ETF"", ""欧洲ETF"", ""黄金ETF"", ""有色金属期货ETF"", ""能源化工期货ETF"", ""豆粕ETF"", ""煤炭ETF"", ""原油ETF""]",0.0
2023-07-28,candidate_03,CLARABEL,optimal,0.03346664575662936,,False,False,ewma,True,243,False,,,3.533496413339256e-06,0.3272376141694969,92610.14470940073,True,False,0.0,3.533496413339256e-06,3.272376141694974e-07,1e-06,symmetrized,252,29,60.0,CLARABEL,optimal,True,0.3272376141694969,4.305937899760914e-06,False,20,0,False,2.35,bond=0.70000000;cash=0.30000000;commodity_gold=0.40000000;defensive=0.25000000;equity=0.70000000,252,252,,,False,not_requested,True,0.0029536665648433836,0.04706038975259539,,0.05637877568534413,0.3655499217637067,2.2038920688416397e-10,0.21973259590243038,0.3000000002203892,0.15082310454824632,0.029183012256381296,0.30026128707255284,0.006614183735451586,,,2023-07-27,"[""可转债ETF"", ""5年国债ETF"", ""10年国债ETF"", ""信用债ETF"", ""日利ETF"", ""沪深300ETF"", ""中证500ETF"", ""中证1000ETF"", ""创业板ETF"", ""红利ETF"", ""半导体ETF"", ""人工智能ETF"", ""新能源ETF"", ""科创50ETF"", ""证券ETF"", ""军工ETF"", ""消费ETF"", ""恒生ETF"", ""白银LOF"", ""纳指ETF"", ""标普500ETF"", ""日经225ETF"", ""欧洲ETF"", ""黄金ETF"", ""有色金属期货ETF"", ""能源化工期货ETF"", ""豆粕ETF"", ""煤炭ETF"", ""原油ETF""]",0.0
2023-08-04,candidate_03,CLARABEL,optimal,0.0337910531793823,,False,False,ewma,True,243,False,,,3.4797910928464303e-06,0.31929852156184924,91757.95702743369,True,False,0.0,3.4797910928464087e-06,3.192985215618489e-07,1e-06,symmetrized,252,29,60.0,CLARABEL,optimal,True,0.31929852156184924,4.357389081485752e-06,False,20,0,False,2.35,bond=0.70000000;cash=0.30000000;commodity_gold=0.40000000;defensive=0.25000000;equity=0.70000000,252,252,,,False,not_requested,True,0.0007121909434546908,0.04648645768765411,,0.0563991351748263,0.3675682015802247,2.4235946582962242e-11,0.21947937328720618,0.30000000002423594,0.1485736802472521,0.029584063444814332,0.3023628829964915,0.006656066783203147,,,2023-08-03,"[""可转债ETF"", ""5年国债ETF"", ""10年国债ETF"", ""信用债ETF"", ""日利ETF"", ""沪深300ETF"", ""中证500ETF"", ""中证1000ETF"", ""创业板ETF"", ""红利ETF"", ""半导体ETF"", ""人工智能ETF"", ""新能源ETF"", ""科创50ETF"", ""证券ETF"", ""军工ETF"", ""消费ETF"", ""恒生ETF"", ""白银LOF"", ""纳指ETF"", ""标普500ETF"", ""日经225ETF"", ""欧洲ETF"", ""黄金ETF"", ""有色金属期货ETF"", ""能源化工期货ETF"", ""豆粕ETF"", ""煤炭ETF"", ""原油ETF""]",0.0
2023-08-11,candidate_03,CLARABEL,optimal,0.031412873012764395,,False,False,ewma,True,243,False,,,3.3730950431621605e-06,0.30617995190000036,90771.21989808125,True,False,0.0,3.3730950431621618e-06,3.061799519000004e-07,1e-06,symmetrized,252,29,60.0,CLARABEL,optimal,True,0.30617995190000036,5.8363411427619916e-06,False,20,0,False,2.35,bond=0.70000000;cash=0.30000000;commodity_gold=0.40000000;defensive=0.25000000;equity=0.70000000,252,252,,,False,not_requested,True,0.00017254276929544975,0.04544970620710545,,0.06198291140518076,0.35445377918452325,2.5838531314548163e-10,0.2195472424274678,0.3000000002583853,0.1509076719806714,0.029254184066903745,0.30029090126657176,0.006669045292900585,,,2023-08-10,"[""可转债ETF"", ""5年国债ETF"", ""10年国债ETF"", ""信用债ETF"", ""日利ETF"", ""沪深300ETF"", ""中证500ETF"", ""中证1000ETF"", ""创业板ETF"", ""红利ETF"", ""半导体ETF"", ""人工智能ETF"", ""新能源ETF"", ""科创50ETF"", ""证券ETF"", ""军工ETF"", ""消费ETF"", ""恒生ETF"", ""白银LOF"", ""纳指ETF"", ""标普500ETF"", ""日经225ETF"", ""欧洲ETF"", ""黄金ETF"", ""有色金属期货ETF"", ""能源化工期货ETF"", ""豆粕ETF"", ""煤炭ETF"", ""原油ETF""]",0.0
2023-08-18,candidate_03,CLARABEL,optimal,0.03483377825934347,,False,False,ewma,True,243,False,,,3.399774174490732e-06,0.3165928589005016,93121.73181265061,True,False,0.0,3.3997741744907922e-06,3.1659285890050153e-07,1e-06,symmetrized,252,29,60.0,CLARABEL,optimal,True,0.3165928589005016,2.9221743887662688e-06,False,20,0,False,2.35,bond=0.70000000;cash=0.30000000;commodity_gold=0.40000000;defensive=0.25000000;equity=0.70000000,252,252,,,False,not_requested,True,0.004328990368927713,0.04490407767979039,,0.06389200044506146,0.37280504156920535,7.81114228853852e-10,0.22391805635421885,0.3000000007811142,0.15189587069613103,0.02920689665548162,0.2949791755130545,0.006503745270789452,,,2023-08-17,"[""可转债ETF"", ""5年国债ETF"", ""10年国债ETF"", ""信用债ETF"", ""日利ETF"", ""沪深300ETF"", ""中证500ETF"", ""中证1000ETF"", ""创业板ETF"", ""红利ETF"", ""半导体ETF"", ""人工智能ETF"", ""新能源ETF"", ""科创50ETF"", ""证券ETF"", ""军工ETF"", ""消费ETF"", ""恒生ETF"", ""白银LOF"", ""纳指ETF"", ""标普500ETF"", ""日经225ETF"", ""欧洲ETF"", ""黄金ETF"", ""有色金属期货ETF"", ""能源化工期货ETF"", ""豆粕ETF"", ""煤炭ETF"", ""原油ETF""]",0.0
2023-08-25,candidate_03,CLARABEL,optimal,0.03594874140679848,,False,False,ewma,True,243,False,,,3.2669395622428276e-06,0.329325168198075,100805.40577003692,True,False,0.0,3.2669395622428276e-06,3.293251681980749e-07,1e-06,symmetrized,252,29,60.0,CLARABEL,optimal,True,0.329325168198075,2.3328020911095315e-06,False,20,0,False,2.35,bond=0.70000000;cash=0.30000000;commodity_gold=0.40000000;defensive=0.25000000;equity=0.70000000,252,252,,,False,not_requested,True,0.00201311505907093,0.04435925597048686,,0.0579664558510525,0.37898746771416025,6.407024910615178e-11,0.22573102168102666,0.30000000006407024,0.15432834490899755,0.02914054182130208,0.29080009152460345,0.006453304591308283,,,2023-08-24,"[""可转债ETF"", ""5年国债ETF"", ""10年国债ETF"", ""信用债ETF"", ""日利ETF"", ""沪深300ETF"", ""中证500ETF"", ""中证1000ETF"", ""创业板ETF"", ""红利ETF"", ""半导体ETF"", ""人工智能ETF"", ""新能源ETF"", ""科创50ETF"", ""证券ETF"", ""军工ETF"", ""消费ETF"", ""恒生ETF"", ""白银LOF"", ""纳指ETF"", ""标普500ETF"", ""日经225ETF"", ""欧洲ETF"", ""黄金ETF"", ""有色金属期货ETF"", ""能源化工期货ETF"", ""豆粕ETF"", ""煤炭ETF"", ""原油ETF""]",0.0
2023-09-01,candidate_03,CLARABEL,optimal,0.03631094740194191,,False,False,ewma,True,243,False,,,3.1047464468463005e-06,0.3509588986370512,113039.47186848179,True,False,0.0,3.104746446846301e-06,3.5095889863705124e-07,1e-06,symmetrized,252,29,60.0,CLARABEL,optimal,True,0.3509588986370512,4.25207981398848e-06,False,20,0,False,2.35,bond=0.70000000;cash=0.30000000;commodity_gold=0.40000000;defensive=0.25000000;equity=0.70000000,252,252,,,False,not_requested,True,0.0037922535127236463,0.04557436255488415,,0.05664914466086324,0.3807044242224334,1.2894463274903956e-11,0.22396831458119296,0.30000000001289445,0.15446965136410076,0.028775635836653126,0.2927863982051586,0.006486491229188839,,,2023-08-31,"[""可转债ETF"", ""5年国债ETF"", ""10年国债ETF"", ""信用债ETF"", ""日利ETF"", ""沪深300ETF"", ""中证500ETF"", ""中证1000ETF"", ""创业板ETF"", ""红利ETF"", ""半导体ETF"", ""人工智能ETF"", ""新能源ETF"", ""科创50ETF"", ""证券ETF"", ""军工ETF"", ""消费ETF"", ""恒生ETF"", ""白银LOF"", ""纳指ETF"", ""标普500ETF"", ""日经225ETF"", ""欧洲ETF"", ""黄金ETF"", ""有色金属期货ETF"", ""能源化工期货ETF"", ""豆粕ETF"", ""煤炭ETF"", ""原油ETF""]",0.0
2023-09-08,candidate_03,CLARABEL,optimal,0.03675556473375954,,False,False,ewma,True,243,False,,,3.3249967451336346e-06,0.3530752598119704,106188.15201209468,True,False,0.0,3.3249967451336447e-06,3.530752598119708e-07,1e-06,symmetrized,252,29,60.0,CLARABEL,optimal,True,0.3530752598119704,2.7401081080652423e-06,False,20,0,False,2.35,bond=0.70000000;cash=0.30000000;commodity_gold=0.40000000;defensive=0.25000000;equity=0.70000000,252,252,,,False,not_requested,True,0.0017352331082911149,0.045234475159216726,,0.056323747798784976,0.38325103784156983,4.2755465834432016e-11,0.22446956026834736,0.30000000004275545,0.155645894581314,0.02922409557072026,0.2906604495368628,0.006483466871183722,,,2023-09-07,"[""可转债ETF"", ""5年国债ETF"", ""10年国债ETF"", ""信用债ETF"", ""日利ETF"", ""沪深300ETF"", ""中证500ETF"", ""中证1000ETF"", ""创业板ETF"", ""红利ETF"", ""半导体ETF"", ""人工智能ETF"", ""新能源ETF"", ""科创50ETF"", ""证券ETF"", ""军工ETF"", ""消费ETF"", ""恒生ETF"", ""白银LOF"", ""纳指ETF"", ""标普500ETF"", ""日经225ETF"", ""欧洲ETF"", ""黄金ETF"", ""有色金属期货ETF"", ""能源化工期货ETF"", ""豆粕ETF"", ""煤炭ETF"", ""原油ETF""]",0.0
2023-09-15,candidate_03,CLARABEL,optimal,0.0382858052001762,,False,False,ewma,True,243,False,,,3.2535512230749195e-06,0.3399260570894935,104478.47099460466,True,False,0.0,3.253551223074526e-06,3.399260570894934e-07,1e-06,symmetrized,252,29,60.0,CLARABEL,optimal,True,0.3399260570894935,3.2425776290284647e-06,False,20,0,False,2.35,bond=0.70000000;cash=0.30000000;commodity_gold=0.40000000;defensive=0.25000000;equity=0.70000000,252,252,,,False,not_requested,True,6.662429815460467e-05,0.044156620982247916,,0.055963458802062396,0.39132826489750866,9.551299195997842e-10,0.2247440863421749,0.3000000009551299,0.15665989561423574,0.029696994159000623,0.28889902292945874,0.006464182960017902,,,2023-09-14,"[""可转债ETF"", ""5年国债ETF"", ""10年国债ETF"", ""信用债ETF"", ""日利ETF"", ""沪深300ETF"", ""中证500ETF"", ""中证1000ETF"", ""创业板ETF"", ""红利ETF"", ""半导体ETF"", ""人工智能ETF"", ""新能源ETF"", ""科创50ETF"", ""证券ETF"", ""军工ETF"", ""消费ETF"", ""恒生ETF"", ""白银LOF"", ""纳指ETF"", ""标普500ETF"", ""日经225ETF"", ""欧洲ETF"", ""黄金ETF"", ""有色金属期货ETF"", ""能源化工期货ETF"", ""豆粕ETF"", ""煤炭ETF"", ""原油ETF""]",0.0
2023-09-22,candidate_03,CLARABEL,optimal,0.03785334183927575,,False,False,ewma,True,243,False,,,3.1054513540868362e-06,0.3271571523476011,105349.30837575535,True,False,0.0,3.1054513540864623e-06,3.27157152347601e-07,1e-06,symmetrized,252,29,60.0,CLARABEL,optimal,True,0.3271571523476011,4.413560778827874e-06,False,20,0,False,2.35,bond=0.70000000;cash=0.30000000;commodity_gold=0.40000000;defensive=0.25000000;equity=0.70000000,252,252,,,False,not_requested,True,0.00573524030266353,0.043404171272326215,,0.05579082942502104,0.3885198397051644,1.437840180251726e-09,0.2293894444839894,0.30000000143784017,0.15510542203369107,0.0301107631139547,0.2853943689305245,0.006374138735313651,,,2023-09-21,"[""可转债ETF"", ""5年国债ETF"", ""10年国债ETF"", ""信用债ETF"", ""日利ETF"", ""沪深300ETF"", ""中证500ETF"", ""中证1000ETF"", ""创业板ETF"", ""红利ETF"", ""半导体ETF"", ""人工智能ETF"", ""新能源ETF"", ""科创50ETF"", ""证券ETF"", ""军工ETF"", ""消费ETF"", ""恒生ETF"", ""白银LOF"", ""纳指ETF"", ""标普500ETF"", ""日经225ETF"", ""欧洲ETF"", ""黄金ETF"", ""有色金属期货ETF"", ""能源化工期货ETF"", ""豆粕ETF"", ""煤炭ETF"", ""原油ETF""]",0.0
2023-09-28,candidate_03,CLARABEL,optimal,0.040889932821499185,,False,False,ewma,True,243,False,,,3.023406541219047e-06,0.33563158747360555,111011.06744919518,True,False,0.0,3.023406541218928e-06,3.356315874736052e-07,1e-06,symmetrized,252,29,60.0,CLARABEL,optimal,True,0.33563158747360555,4.901878776553126e-06,False,20,0,False,2.35,bond=0.70000000;cash=0.30000000;commodity_gold=0.40000000;defensive=0.25000000;equity=0.70000000,252,252,,,False,not_requested,True,0.0007745402817789255,0.04334145058678988,,0.05821759011689765,0.40434742315874384,2.3092971979110644e-10,0.22937901555899806,0.3000000002309297,0.155074207649176,0.029983220122958263,0.28556355643793796,0.0061473624453730336,,,2023-09-27,"[""可转债ETF"", ""5年国债ETF"", ""10年国债ETF"", ""信用债ETF"", ""日利ETF"", ""沪深300ETF"", ""中证500ETF"", ""中证1000ETF"", ""创业板ETF"", ""红利ETF"", ""半导体ETF"", ""人工智能ETF"", ""新能源ETF"", ""科创50ETF"", ""证券ETF"", ""军工ETF"", ""消费ETF"", ""恒生ETF"", ""白银LOF"", ""纳指ETF"", ""标普500ETF"", ""日经225ETF"", ""欧洲ETF"", ""黄金ETF"", ""有色金属期货ETF"", ""能源化工期货ETF"", ""豆粕ETF"", ""煤炭ETF"", ""原油ETF""]",0.0
2023-10-13,candidate_03,CLARABEL,optimal,0.038180237982687194,,False,False,ewma,True,243,False,,,3.1738961547303457e-06,0.32072498724933673,101050.87615148693,True,False,0.0,3.1738961547309806e-06,3.2072498724933697e-07,1e-06,symmetrized,252,29,60.0,CLARABEL,optimal,True,0.32072498724933673,3.803309015722872e-06,False,20,0,False,2.35,bond=0.70000000;cash=0.30000000;commodity_gold=0.40000000;defensive=0.25000000;equity=0.70000000,252,252,,,False,not_requested,True,0.0004204112642364789,0.04293603423267972,,0.05514607305020156,0.39075160209024445,5.813988179781404e-11,0.22990592017707268,0.30000000005813987,0.15093297868880426,0.029771528560540824,0.2893895725154424,0.00593985287081,,,2023-10-12,"[""可转债ETF"", ""5年国债ETF"", ""10年国债ETF"", ""信用债ETF"", ""日利ETF"", ""沪深300ETF"", ""中证500ETF"", ""中证1000ETF"", ""创业板ETF"", ""红利ETF"", ""半导体ETF"", ""人工智能ETF"", ""新能源ETF"", ""科创50ETF"", ""证券ETF"", ""军工ETF"", ""消费ETF"", ""恒生ETF"", ""白银LOF"", ""纳指ETF"", ""标普500ETF"", ""日经225ETF"", ""欧洲ETF"", ""黄金ETF"", ""有色金属期货ETF"", ""能源化工期货ETF"", ""豆粕ETF"", ""煤炭ETF"", ""原油ETF""]",0.0
2023-10-20,candidate_03,CLARABEL,optimal,0.04233643549869042,,False,False,ewma,True,243,False,,,3.1478029183426337e-06,0.3198158287281263,101599.69890888665,True,False,0.0,3.1478029183425507e-06,3.198158287281262e-07,1e-06,symmetrized,252,29,60.0,CLARABEL,optimal,True,0.3198158287281263,2.0500364775327684e-06,False,20,0,False,2.35,bond=0.70000000;cash=0.30000000;commodity_gold=0.40000000;defensive=0.25000000;equity=0.70000000,252,252,,,False,not_requested,True,0.005054174156302755,0.04180554036946211,,0.05796885393116463,0.41101744859953326,1.6063952390510394e-09,0.2338129800159772,0.30000000160639523,0.15622352390262179,0.029446823027270877,0.28051667144773496,0.005302577586150728,,,2023-10-19,"[""可转债ETF"", ""5年国债ETF"", ""10年国债ETF"", ""信用债ETF"", ""日利ETF"", ""沪深300ETF"", ""中证500ETF"", ""中证1000ETF"", ""创业板ETF"", ""红利ETF"", ""半导体ETF"", ""人工智能ETF"", ""新能源ETF"", ""科创50ETF"", ""证券ETF"", ""军工ETF"", ""消费ETF"", ""恒生ETF"", ""白银LOF"", ""纳指ETF"", ""标普500ETF"", ""日经225ETF"", ""欧洲ETF"", ""黄金ETF"", ""有色金属期货ETF"", ""能源化工期货ETF"", ""豆粕ETF"", ""煤炭ETF"", ""原油ETF""]",0.0
2023-10-27,candidate_03,CLARABEL,optimal,0.041449379358730214,,False,False,ewma,True,243,False,,,3.1236572771631053e-06,0.3223303512036979,103190.05018900064,True,False,0.0,3.123657277163115e-06,3.223303512036978e-07,1e-06,symmetrized,252,29,60.0,CLARABEL,optimal,True,0.3223303512036979,3.319257625707117e-06,False,20,0,False,2.35,bond=0.70000000;cash=0.30000000;commodity_gold=0.40000000;defensive=0.25000000;equity=0.70000000,252,252,,,False,not_requested,True,0.0030036909646661636,0.041673579807806484,,0.05769594379203008,0.40688280588959513,1.6224842580569998e-09,0.23691212889314872,0.30000000162248425,0.15589447614762916,0.02960788441048851,0.2775855089262492,0.005346488081168325,,,2023-10-26,"[""可转债ETF"", ""5年国债ETF"", ""10年国债ETF"", ""信用债ETF"", ""日利ETF"", ""沪深300ETF"", ""中证500ETF"", ""中证1000ETF"", ""创业板ETF"", ""红利ETF"", ""半导体ETF"", ""人工智能ETF"", ""新能源ETF"", ""科创50ETF"", ""证券ETF"", ""军工ETF"", ""消费ETF"", ""恒生ETF"", ""白银LOF"", ""纳指ETF"", ""标普500ETF"", ""日经225ETF"", ""欧洲ETF"", ""黄金ETF"", ""有色金属期货ETF"", ""能源化工期货ETF"", ""豆粕ETF"", ""煤炭ETF"", ""原油ETF""]",0.0
2023-11-03,candidate_03,CLARABEL,optimal,0.03926726989919788,,False,False,ewma,True,243,False,,,3.1188406095923364e-06,0.32277505500242265,103492.00084470253,True,False,0.0,3.1188406095923673e-06,3.2277505500242256e-07,1e-06,symmetrized,252,29,60.0,CLARABEL,optimal,True,0.32277505500242265,5.082001830622462e-06,False,20,0,False,2.35,bond=0.70000000;cash=0.30000000;commodity_gold=0.40000000;defensive=0.25000000;equity=0.70000000,252,252,,,False,not_requested,True,0.003745016791691847,0.04130247922114958,,0.05776594813171867,0.3959355809134943,1.7085705072972246e-10,0.23582470060509347,0.30000000017085704,0.1539377162227885,0.02924618346057858,0.2809913995406823,0.005364338443243749,,,2023-11-02,"[""可转债ETF"", ""5年国债ETF"", ""10年国债ETF"", ""信用债ETF"", ""日利ETF"", ""沪深300ETF"", ""中证500ETF"", ""中证1000ETF"", ""创业板ETF"", ""红利ETF"", ""半导体ETF"", ""人工智能ETF"", ""新能源ETF"", ""科创50ETF"", ""证券ETF"", ""军工ETF"", ""消费ETF"", ""恒生ETF"", ""白银LOF"", ""纳指ETF"", ""标普500ETF"", ""日经225ETF"", ""欧洲ETF"", ""黄金ETF"", ""有色金属期货ETF"", ""能源化工期货ETF"", ""豆粕ETF"", ""煤炭ETF"", ""原油ETF""]",0.0
2023-11-10,candidate_03,CLARABEL,optimal,0.04407292759753672,,False,False,ewma,True,243,False,,,3.0046100144493816e-06,0.3318946253531436,110461.7982889756,True,False,0.0,3.004610014449382e-06,3.318946253531436e-07,1e-06,symmetrized,252,29,60.0,CLARABEL,optimal,True,0.3318946253531436,5.511868320831614e-06,False,20,0,False,2.35,bond=0.70000000;cash=0.30000000;commodity_gold=0.40000000;defensive=0.25000000;equity=0.70000000,252,252,,,False,not_requested,True,0.0038036396247685695,0.04203044956551044,,0.05982987621352115,0.41950310469961444,4.654280294502655e-10,0.23445333977667926,0.300000000465428,0.15039582236177354,0.028989607034722368,0.2861612303613968,0.0054182712515380305,,,2023-11-09,"[""可转债ETF"", ""5年国债ETF"", ""10年国债ETF"", ""信用债ETF"", ""日利ETF"", ""沪深300ETF"", ""中证500ETF"", ""中证1000ETF"", ""创业板ETF"", ""红利ETF"", ""半导体ETF"", ""人工智能ETF"", ""新能源ETF"", ""科创50ETF"", ""证券ETF"", ""军工ETF"", ""消费ETF"", ""恒生ETF"", ""白银LOF"", ""纳指ETF"", ""标普500ETF"", ""日经225ETF"", ""欧洲ETF"", ""黄金ETF"", ""有色金属期货ETF"", ""能源化工期货ETF"", ""豆粕ETF"", ""煤炭ETF"", ""原油ETF""]",0.0
2023-11-17,candidate_03,CLARABEL,optimal,0.046899257111881566,,False,False,ewma,True,243,False,,,2.891433358484252e-06,0.3218858100741683,111323.95949215558,True,False,0.0,2.8914333584842518e-06,3.2188581007416814e-07,1e-06,symmetrized,252,29,60.0,CLARABEL,optimal,True,0.3218858100741683,3.314172038644536e-06,False,20,0,False,2.35,bond=0.70000000;cash=0.30000000;commodity_gold=0.40000000;defensive=0.25000000;equity=0.70000000,252,252,,,False,not_requested,True,0.002392489172938556,0.04195568732034398,,0.05900226037492056,0.43290040231753507,2.7966218230091044e-10,0.23244869202149165,0.30000000027966217,0.15129854604293186,0.028842996975840453,0.28740976468007395,0.005141718274011972,,,2023-11-16,"[""可转债ETF"", ""5年国债ETF"", ""10年国债ETF"", ""信用债ETF"", ""日利ETF"", ""沪深300ETF"", ""中证500ETF"", ""中证1000ETF"", ""创业板ETF"", ""红利ETF"", ""半导体ETF"", ""人工智能ETF"", ""新能源ETF"", ""科创50ETF"", ""证券ETF"", ""军工ETF"", ""消费ETF"", ""恒生ETF"", ""白银LOF"", ""纳指ETF"", ""标普500ETF"", ""日经225ETF"", ""欧洲ETF"", ""黄金ETF"", ""有色金属期货ETF"", ""能源化工期货ETF"", ""豆粕ETF"", ""煤炭ETF"", ""原油ETF""]",0.0
2023-11-24,candidate_03,CLARABEL,optimal,0.04830833667792119,,False,False,ewma,True,243,False,,,2.7822045940619577e-06,0.3116684871926291,112022.13088779352,True,False,0.0,2.7822045940619136e-06,3.116684871926291e-07,1e-06,symmetrized,252,29,60.0,CLARABEL,optimal,True,0.3116684871926291,3.4151242116510494e-06,False,20,0,False,2.35,bond=0.70000000;cash=0.30000000;commodity_gold=0.40000000;defensive=0.25000000;equity=0.70000000,252,252,,,False,not_requested,True,0.0027040667460777176,0.041056935148327194,,0.05808404117694296,0.439333331869895,6.496441717906976e-10,0.23435230216735564,0.30000000064964416,0.14883001847868743,0.029177191595019705,0.28764048710929296,0.005123692046714974,,,2023-11-23,"[""可转债ETF"", ""5年国债ETF"", ""10年国债ETF"", ""信用债ETF"", ""日利ETF"", ""沪深300ETF"", ""中证500ETF"", ""中证1000ETF"", ""创业板ETF"", ""红利ETF"", ""半导体ETF"", ""人工智能ETF"", ""新能源ETF"", ""科创50ETF"", ""证券ETF"", ""军工ETF"", ""消费ETF"", ""恒生ETF"", ""白银LOF"", ""纳指ETF"", ""标普500ETF"", ""日经225ETF"", ""欧洲ETF"", ""黄金ETF"", ""有色金属期货ETF"", ""能源化工期货ETF"", ""豆粕ETF"", ""煤炭ETF"", ""原油ETF""]",0.0
2023-12-01,candidate_03,CLARABEL,optimal,0.047704789719905265,,False,False,ewma,True,243,False,,,2.713742776827675e-06,0.29719537719004774,109514.93993010816,True,False,0.0,2.713742776827742e-06,2.9719537719004746e-07,1e-06,symmetrized,252,29,60.0,CLARABEL,optimal,True,0.29719537719004774,2.8293896492115334e-06,False,20,0,False,2.35,bond=0.70000000;cash=0.30000000;commodity_gold=0.40000000;defensive=0.25000000;equity=0.70000000,252,252,,,False,not_requested,True,0.0009843381204246273,0.0394043788927146,,0.058731718746747145,0.43673702685282206,1.2484920319799642e-09,0.23523515741421064,0.300000001248492,0.15112286761553057,0.029111350072055592,0.2845306236497112,0.0050883659492812205,,,2023-11-30,"[""可转债ETF"", ""5年国债ETF"", ""10年国债ETF"", ""信用债ETF"", ""日利ETF"", ""沪深300ETF"", ""中证500ETF"", ""中证1000ETF"", ""创业板ETF"", ""红利ETF"", ""半导体ETF"", ""人工智能ETF"", ""新能源ETF"", ""科创50ETF"", ""证券ETF"", ""军工ETF"", ""消费ETF"", ""恒生ETF"", ""白银LOF"", ""纳指ETF"", ""标普500ETF"", ""日经225ETF"", ""欧洲ETF"", ""黄金ETF"", ""有色金属期货ETF"", ""能源化工期货ETF"", ""豆粕ETF"", ""煤炭ETF"", ""原油ETF""]",0.0
2023-12-08,candidate_03,CLARABEL,optimal,0.04384623737971595,,False,False,ewma,True,243,False,,,2.682316769794873e-06,0.299309239203462,111586.08952303247,True,False,0.0,2.682316769794958e-06,2.9930923920346186e-07,1e-06,symmetrized,252,29,60.0,CLARABEL,optimal,True,0.299309239203462,2.00255978827224e-06,False,20,0,False,2.35,bond=0.70000000;cash=0.30000000;commodity_gold=0.40000000;defensive=0.25000000;equity=0.70000000,252,252,,,False,not_requested,True,0.004251296735212916,0.0397304907922937,,0.052380144407620066,0.4183775140037576,1.432174268067854e-09,0.2389239035658213,0.30000000143217426,0.14991701460580956,0.029108060674011366,0.2820510197221837,0.00522025727717666,,,2023-12-07,"[""可转债ETF"", ""5年国债ETF"", ""10年国债ETF"", ""信用债ETF"", ""日利ETF"", ""沪深300ETF"", ""中证500ETF"", ""中证1000ETF"", ""创业板ETF"", ""红利ETF"", ""半导体ETF"", ""人工智能ETF"", ""新能源ETF"", ""科创50ETF"", ""证券ETF"", ""军工ETF"", ""消费ETF"", ""恒生ETF"", ""白银LOF"", ""纳指ETF"", ""标普500ETF"", ""日经225ETF"", ""欧洲ETF"", ""黄金ETF"", ""有色金属期货ETF"", ""能源化工期货ETF"", ""豆粕ETF"", ""煤炭ETF"", ""原油ETF""]",0.0
2023-12-15,candidate_03,CLARABEL,optimal,0.04359044425058219,,False,False,ewma,True,243,False,,,2.7516738949729196e-06,0.2962591379386802,107665.06106698222,True,False,0.0,2.751673894972877e-06,2.962591379386802e-07,1e-06,symmetrized,252,29,60.0,CLARABEL,optimal,True,0.2962591379386802,4.578190945996735e-06,False,20,0,False,2.35,bond=0.70000000;cash=0.30000000;commodity_gold=0.40000000;defensive=0.25000000;equity=0.70000000,252,252,,,False,not_requested,True,0.0023682112244582335,0.0396543241982011,,0.05195839725813248,0.41733616935379886,1.8884777075456327e-10,0.23787932177030657,0.30000000018884776,0.14975782956864087,0.029226012411593033,0.2831368360606117,0.005227899621556901,,,2023-12-14,"[""可转债ETF"", ""5年国债ETF"", ""10年国债ETF"", ""信用债ETF"", ""日利ETF"", ""沪深300ETF"", ""中证500ETF"", ""中证1000ETF"", ""创业板ETF"", ""红利ETF"", ""半导体ETF"", ""人工智能ETF"", ""新能源ETF"", ""科创50ETF"", ""证券ETF"", ""军工ETF"", ""消费ETF"", ""恒生ETF"", ""白银LOF"", ""纳指ETF"", ""标普500ETF"", ""日经225ETF"", ""欧洲ETF"", ""黄金ETF"", ""有色金属期货ETF"", ""能源化工期货ETF"", ""豆粕ETF"", ""煤炭ETF"", ""原油ETF""]",0.0
2023-12-22,candidate_03,CLARABEL,optimal,0.05203987304028438,,False,False,ewma,True,243,False,,,1.2710004320635246e-06,0.28694475388177176,225762.90821231622,True,False,0.0,1.271000432063302e-06,2.86944753881772e-07,1e-06,symmetrized,64,30,60.0,CLARABEL,optimal,True,0.28694475388177176,2.402509211896914e-06,False,20,0,False,2.35,bond=0.70000000;cash=0.30000000;commodity_gold=0.40000000;defensive=0.25000000;equity=0.70000000,64,252,,,False,not_requested,True,0.001611630928235366,0.03643026666157978,,0.047283014300998585,0.4561015541847723,9.333858685955931e-10,0.23958426080866108,0.30000000093338586,0.15172525654884078,0.02881104350574095,0.2798794382033713,0.005590484995565821,,,2023-12-21,"[""可转债ETF"", ""5年国债ETF"", ""10年国债ETF"", ""信用债ETF"", ""日利ETF"", ""沪深300ETF"", ""中证500ETF"", ""中证1000ETF"", ""中证2000ETF"", ""创业板ETF"", ""红利ETF"", ""半导体ETF"", ""人工智能ETF"", ""新能源ETF"", ""科创50ETF"", ""证券ETF"", ""军工ETF"", ""消费ETF"", ""恒生ETF"", ""白银LOF"", ""纳指ETF"", ""标普500ETF"", ""日经225ETF"", ""欧洲ETF"", ""黄金ETF"", ""有色金属期货ETF"", ""能源化工期货ETF"", ""豆粕ETF"", ""煤炭ETF"", ""原油ETF""]",0.0
2023-12-29,candidate_03,CLARABEL,optimal,0.061178853707811134,,False,False,ewma,True,243,False,,,1.2784385008621447e-06,0.3208004966665712,250931.50468343368,True,False,0.0,1.2784385008622188e-06,3.2080049666657106e-07,1e-06,symmetrized,69,30,60.0,CLARABEL,optimal,True,0.3208004966665712,1.9985668634481257e-06,False,20,0,False,2.35,bond=0.70000000;cash=0.30000000;commodity_gold=0.40000000;defensive=0.25000000;equity=0.70000000,69,252,,,False,not_requested,True,0.003755630555616083,0.036556617494996724,,0.04749092176131404,0.49437886041995005,3.9678715868518566e-10,0.2369923864821445,0.30000000039678715,0.15179676939797176,0.02834403821764079,0.28286680550545573,0.005538325938364545,,,2023-12-28,"[""可转债ETF"", ""5年国债ETF"", ""10年国债ETF"", ""信用债ETF"", ""日利ETF"", ""沪深300ETF"", ""中证500ETF"", ""中证1000ETF"", ""中证2000ETF"", ""创业板ETF"", ""红利ETF"", ""半导体ETF"", ""人工智能ETF"", ""新能源ETF"", ""科创50ETF"", ""证券ETF"", ""军工ETF"", ""消费ETF"", ""恒生ETF"", ""白银LOF"", ""纳指ETF"", ""标普500ETF"", ""日经225ETF"", ""欧洲ETF"", ""黄金ETF"", ""有色金属期货ETF"", ""能源化工期货ETF"", ""豆粕ETF"", ""煤炭ETF"", ""原油ETF""]",0.0
2024-01-05,candidate_03,CLARABEL,optimal,0.052273205255630104,,False,False,ewma,True,243,False,,,1.723937103664224e-06,0.3159496852862199,183272.16498483016,True,False,0.0,1.7239371036642074e-06,3.1594968528621994e-07,1e-06,symmetrized,73,30,60.0,CLARABEL,optimal,True,0.3159496852862199,4.39997877620113e-06,False,20,0,False,2.35,bond=0.70000000;cash=0.30000000;commodity_gold=0.40000000;defensive=0.25000000;equity=0.70000000,73,252,,,False,not_requested,True,0.003944774589319628,0.03530409813362537,,0.04653939481362822,0.45691630013150947,5.466641583851128e-10,0.24067792917405154,0.30000000054666415,0.1514235258207012,0.029658388783975025,0.2782401556746082,0.005431802682727509,,,2024-01-04,"[""可转债ETF"", ""5年国债ETF"", ""10年国债ETF"", ""信用债ETF"", ""日利ETF"", ""沪深300ETF"", ""中证500ETF"", ""中证1000ETF"", ""中证2000ETF"", ""创业板ETF"", ""红利ETF"", ""半导体ETF"", ""人工智能ETF"", ""新能源ETF"", ""科创50ETF"", ""证券ETF"", ""军工ETF"", ""消费ETF"", ""恒生ETF"", ""白银LOF"", ""纳指ETF"", ""标普500ETF"", ""日经225ETF"", ""欧洲ETF"", ""黄金ETF"", ""有色金属期货ETF"", ""能源化工期货ETF"", ""豆粕ETF"", ""煤炭ETF"", ""原油ETF""]",0.0
2024-01-12,candidate_03,CLARABEL,optimal,0.05423039898109924,,False,False,ewma,True,243,False,,,1.640687187851073e-06,0.350189237366741,213440.58755368795,True,False,0.0,1.6406871878510132e-06,3.5018923736674094e-07,1e-06,symmetrized,78,30,60.0,CLARABEL,optimal,True,0.350189237366741,2.525417738111213e-06,False,20,0,False,2.35,bond=0.70000000;cash=0.30000000;commodity_gold=0.40000000;defensive=0.25000000;equity=0.70000000,78,252,,,False,not_requested,True,0.002824870569543836,0.03733780606216603,,0.04737876575102697,0.4655021121693757,6.898645543707005e-10,0.24343757844614541,0.30000000068986454,0.1491167507854168,0.029406766451070092,0.2780389036275031,0.005526160510273743,,,2024-01-11,"[""可转债ETF"", ""5年国债ETF"", ""10年国债ETF"", ""信用债ETF"", ""日利ETF"", ""沪深300ETF"", ""中证500ETF"", ""中证1000ETF"", ""中证2000ETF"", ""创业板ETF"", ""红利ETF"", ""半导体ETF"", ""人工智能ETF"", ""新能源ETF"", ""科创50ETF"", ""证券ETF"", ""军工ETF"", ""消费ETF"", ""恒生ETF"", ""白银LOF"", ""纳指ETF"", ""标普500ETF"", ""日经225ETF"", ""欧洲ETF"", ""黄金ETF"", ""有色金属期货ETF"", ""能源化工期货ETF"", ""豆粕ETF"", ""煤炭ETF"", ""原油ETF""]",0.0
2024-01-19,candidate_03,CLARABEL,optimal,0.04725203135943359,,False,False,ewma,True,243,False,,,1.6362431485042386e-06,0.37539384771100026,229424.24422321597,True,False,0.0,1.6362431485042973e-06,3.753938477110004e-07,1e-06,symmetrized,83,30,60.0,CLARABEL,optimal,True,0.37539384771100026,3.442655581203241e-06,False,20,0,False,2.35,bond=0.70000000;cash=0.30000000;commodity_gold=0.40000000;defensive=0.25000000;equity=0.70000000,83,252,,,False,not_requested,True,0.005520310753686038,0.038855744493817894,,0.04153434969173492,0.4342348168958071,3.4682523519791175e-10,0.24823086966302757,0.3000000003468252,0.1485202046855732,0.029436778581362105,0.27381214672321186,0.006104442768701188,,,2024-01-18,"[""可转债ETF"", ""5年国债ETF"", ""10年国债ETF"", ""信用债ETF"", ""日利ETF"", ""沪深300ETF"", ""中证500ETF"", ""中证1000ETF"", ""中证2000ETF"", ""创业板ETF"", ""红利ETF"", ""半导体ETF"", ""人工智能ETF"", ""新能源ETF"", ""科创50ETF"", ""证券ETF"", ""军工ETF"", ""消费ETF"", ""恒生ETF"", ""白银LOF"", ""纳指ETF"", ""标普500ETF"", ""日经225ETF"", ""欧洲ETF"", ""黄金ETF"", ""有色金属期货ETF"", ""能源化工期货ETF"", ""豆粕ETF"", ""煤炭ETF"", ""原油ETF""]",0.0
2024-01-26,candidate_03,CLARABEL,optimal,0.05854899751535042,,False,False,ewma,True,243,False,,,1.8246092586986825e-06,0.47043803077934865,257829.4659728224,True,False,0.0,1.8246092586987177e-06,4.7043803077934863e-07,1e-06,symmetrized,88,30,60.0,CLARABEL,optimal,True,0.47043803077934865,2.956118456961393e-06,False,20,0,False,2.35,bond=0.70000000;cash=0.30000000;commodity_gold=0.40000000;defensive=0.25000000;equity=0.70000000,88,252,,,False,not_requested,True,0.004519255113494736,0.04151495169386439,,0.05063822842359317,0.4835587105473191,1.7370260785298797e-10,0.24443271219078677,0.3000000001737026,0.14839402407829844,0.02994186267329988,0.2772314008839123,0.006055899611914979,,,2024-01-25,"[""可转债ETF"", ""5年国债ETF"", ""10年国债ETF"", ""信用债ETF"", ""日利ETF"", ""沪深300ETF"", ""中证500ETF"", ""中证1000ETF"", ""中证2000ETF"", ""创业板ETF"", ""红利ETF"", ""半导体ETF"", ""人工智能ETF"", ""新能源ETF"", ""科创50ETF"", ""证券ETF"", ""军工ETF"", ""消费ETF"", ""恒生ETF"", ""白银LOF"", ""纳指ETF"", ""标普500ETF"", ""日经225ETF"", ""欧洲ETF"", ""黄金ETF"", ""有色金属期货ETF"", ""能源化工期货ETF"", ""豆粕ETF"", ""煤炭ETF"", ""原油ETF""]",0.0
2024-02-02,candidate_03,CLARABEL,optimal,0.05601732876241227,,False,False,ewma,True,243,False,,,1.82973743956812e-06,0.5154020329890583,281680.8695299532,True,False,0.0,1.8297374395681272e-06,5.154020329890585e-07,1e-06,symmetrized,93,30,60.0,CLARABEL,optimal,True,0.5154020329890583,2.2116200424533716e-06,False,20,0,False,2.35,bond=0.70000000;cash=0.30000000;commodity_gold=0.40000000;defensive=0.25000000;equity=0.70000000,93,252,,,False,not_requested,True,0.007335281807398172,0.03951671106839735,,0.05100161039940182,0.4727300394166722,1.6947354630758582e-09,0.2516650300638332,0.30000000169473545,0.15062356437344962,0.03024721026955803,0.26746419359842344,0.0058066659925289435,,,2024-02-01,"[""可转债ETF"", ""5年国债ETF"", ""10年国债ETF"", ""信用债ETF"", ""日利ETF"", ""沪深300ETF"", ""中证500ETF"", ""中证1000ETF"", ""中证2000ETF"", ""创业板ETF"", ""红利ETF"", ""半导体ETF"", ""人工智能ETF"", ""新能源ETF"", ""科创50ETF"", ""证券ETF"", ""军工ETF"", ""消费ETF"", ""恒生ETF"", ""白银LOF"", ""纳指ETF"", ""标普500ETF"", ""日经225ETF"", ""欧洲ETF"", ""黄金ETF"", ""有色金属期货ETF"", ""能源化工期货ETF"", ""豆粕ETF"", ""煤炭ETF"", ""原油ETF""]",0.0
2024-02-08,candidate_03,CLARABEL,optimal,0.04806639930618685,,False,False,ewma,True,243,False,,,1.7540842068784195e-06,0.7836873922649608,446778.66044961225,True,False,0.0,1.7540842068783875e-06,7.836873922649611e-07,1e-06,symmetrized,97,30,60.0,CLARABEL,optimal,True,0.7836873922649608,1.6359647241927233e-06,False,20,0,False,2.35,bond=0.70000000;cash=0.30000000;commodity_gold=0.40000000;defensive=0.25000000;equity=0.70000000,97,252,,,False,not_requested,True,0.005541796538367595,0.0456778799289241,,0.08777756102944533,0.4379675825284697,8.898614622943057e-10,0.24651483927320783,0.30000000088986145,0.14806914205794713,0.03099081455299703,0.27442520322598657,0.005877405407740765,,,2024-02-07,"[""可转债ETF"", ""5年国债ETF"", ""10年国债ETF"", ""信用债ETF"", ""日利ETF"", ""沪深300ETF"", ""中证500ETF"", ""中证1000ETF"", ""中证2000ETF"", ""创业板ETF"", ""红利ETF"", ""半导体ETF"", ""人工智能ETF"", ""新能源ETF"", ""科创50ETF"", ""证券ETF"", ""军工ETF"", ""消费ETF"", ""恒生ETF"", ""白银LOF"", ""纳指ETF"", ""标普500ETF"", ""日经225ETF"", ""欧洲ETF"", ""黄金ETF"", ""有色金属期货ETF"", ""能源化工期货ETF"", ""豆粕ETF"", ""煤炭ETF"", ""原油ETF""]",0.0
2024-02-23,candidate_03,CLARABEL,optimal,0.01719504301527021,,False,False,ewma,True,243,False,,,2.4480371822829553e-06,0.7876352092314227,321741.522118917,True,False,0.0,2.448037182282937e-06,7.876352092314225e-07,1e-06,symmetrized,102,30,60.0,CLARABEL,optimal,True,0.7876352092314227,3.0860939811555577e-06,False,20,0,False,2.35,bond=0.70000000;cash=0.30000000;commodity_gold=0.40000000;defensive=0.25000000;equity=0.70000000,102,252,,,False,not_requested,True,0.0436758529993025,0.046922080591583606,,0.07670593324399735,0.2554088737642791,7.494677656261217e-10,0.2609488305123434,0.30000000074946775,0.1474222847731418,0.025824438677950267,0.2658044452870968,0.0057639978350008635,,,2024-02-22,"[""可转债ETF"", ""5年国债ETF"", ""10年国债ETF"", ""信用债ETF"", ""日利ETF"", ""沪深300ETF"", ""中证500ETF"", ""中证1000ETF"", ""中证2000ETF"", ""创业板ETF"", ""红利ETF"", ""半导体ETF"", ""人工智能ETF"", ""新能源ETF"", ""科创50ETF"", ""证券ETF"", ""军工ETF"", ""消费ETF"", ""恒生ETF"", ""白银LOF"", ""纳指ETF"", ""标普500ETF"", ""日经225ETF"", ""欧洲ETF"", ""黄金ETF"", ""有色金属期货ETF"", ""能源化工期货ETF"", ""豆粕ETF"", ""煤炭ETF"", ""原油ETF""]",0.0
2024-03-01,candidate_03,CLARABEL,optimal,0.020943774720111295,,False,False,ewma,True,243,False,,,2.4734238920922975e-06,0.8989458060187927,363441.8705555416,True,False,0.0,2.473423892092221e-06,8.989458060187919e-07,1e-06,symmetrized,107,30,60.0,CLARABEL,optimal,True,0.8989458060187927,2.1993705309752976e-06,False,20,0,False,2.35,bond=0.70000000;cash=0.30000000;commodity_gold=0.40000000;defensive=0.25000000;equity=0.70000000,107,252,,,False,not_requested,True,0.0032256185441803913,0.048429417532196484,,0.08102296141642723,0.2889864679438429,2.0022388746987474e-09,0.2604135032183708,0.30000000200223886,0.14611344021211967,0.02519379394031957,0.268279260626951,0.00577120885789502,,,2024-02-29,"[""可转债ETF"", ""5年国债ETF"", ""10年国债ETF"", ""信用债ETF"", ""日利ETF"", ""沪深300ETF"", ""中证500ETF"", ""中证1000ETF"", ""中证2000ETF"", ""创业板ETF"", ""红利ETF"", ""半导体ETF"", ""人工智能ETF"", ""新能源ETF"", ""科创50ETF"", ""证券ETF"", ""军工ETF"", ""消费ETF"", ""恒生ETF"", ""白银LOF"", ""纳指ETF"", ""标普500ETF"", ""日经225ETF"", ""欧洲ETF"", ""黄金ETF"", ""有色金属期货ETF"", ""能源化工期货ETF"", ""豆粕ETF"", ""煤炭ETF"", ""原油ETF""]",0.0
2024-03-08,candidate_03,CLARABEL,optimal,0.021386990044284803,,False,False,ewma,True,243,False,,,2.5197679147516933e-06,0.8520144137187826,338132.0988852829,True,False,0.0,2.51976791475154e-06,8.520144137187827e-07,1e-06,symmetrized,112,30,60.0,CLARABEL,optimal,True,0.8520144137187826,1.5582648068765415e-06,False,20,0,False,2.35,bond=0.70000000;cash=0.30000000;commodity_gold=0.40000000;defensive=0.25000000;equity=0.70000000,112,252,,,False,not_requested,True,0.0027401424907535477,0.04701515275454922,,0.07754555063187842,0.29210522180695453,2.0719082005626888e-10,0.259396208742942,0.3000000002071908,0.14979724301929623,0.025130625050106555,0.2656759229804644,0.005682386344327684,,,2024-03-07,"[""可转债ETF"", ""5年国债ETF"", ""10年国债ETF"", ""信用债ETF"", ""日利ETF"", ""沪深300ETF"", ""中证500ETF"", ""中证1000ETF"", ""中证2000ETF"", ""创业板ETF"", ""红利ETF"", ""半导体ETF"", ""人工智能ETF"", ""新能源ETF"", ""科创50ETF"", ""证券ETF"", ""军工ETF"", ""消费ETF"", ""恒生ETF"", ""白银LOF"", ""纳指ETF"", ""标普500ETF"", ""日经225ETF"", ""欧洲ETF"", ""黄金ETF"", ""有色金属期货ETF"", ""能源化工期货ETF"", ""豆粕ETF"", ""煤炭ETF"", ""原油ETF""]",0.0
2024-03-15,candidate_03,CLARABEL,optimal,0.022877991454195275,,False,False,ewma,True,243,False,,,2.37890284740988e-06,0.8189979483922961,344275.49207568984,True,False,0.0,2.3789028474099246e-06,8.189979483922961e-07,1e-06,symmetrized,117,30,60.0,CLARABEL,optimal,True,0.8189979483922961,2.4593860379479304e-06,False,20,0,False,2.35,bond=0.70000000;cash=0.30000000;commodity_gold=0.40000000;defensive=0.25000000;equity=0.70000000,117,252,,,False,not_requested,True,0.0031433033850471618,0.046435249454509,,0.07778954595716311,0.30208728801774376,7.634373688780727e-10,0.257301477225763,0.30000000076343736,0.14963046613979938,0.024242691493716828,0.26882536437728344,0.0056887979652309704,,,2024-03-14,"[""可转债ETF"", ""5年国债ETF"", ""10年国债ETF"", ""信用债ETF"", ""日利ETF"", ""沪深300ETF"", ""中证500ETF"", ""中证1000ETF"", ""中证2000ETF"", ""创业板ETF"", ""红利ETF"", ""半导体ETF"", ""人工智能ETF"", ""新能源ETF"", ""科创50ETF"", ""证券ETF"", ""军工ETF"", ""消费ETF"", ""恒生ETF"", ""白银LOF"", ""纳指ETF"", ""标普500ETF"", ""日经225ETF"", ""欧洲ETF"", ""黄金ETF"", ""有色金属期货ETF"", ""能源化工期货ETF"", ""豆粕ETF"", ""煤炭ETF"", ""原油ETF""]",0.0
2024-03-22,candidate_03,CLARABEL,optimal,0.024557320740437327,,False,False,ewma,True,243,False,,,2.3001887428687463e-06,0.7814215371681275,339720.61622802104,True,False,0.0,2.3001887428687175e-06,7.814215371681271e-07,1e-06,symmetrized,122,30,60.0,CLARABEL,optimal,True,0.7814215371681275,2.4363235021016005e-06,False,20,0,False,2.35,bond=0.70000000;cash=0.30000000;commodity_gold=0.40000000;defensive=0.25000000;equity=0.70000000,122,252,,,False,not_requested,True,0.004511989018524127,0.04593368572158956,,0.07509894645098453,0.3128304803778641,1.1457144677429199e-09,0.2559287358325563,0.30000000114571446,0.14972033281892186,0.02393467143329116,0.2704162587695162,0.005666585846934663,,,2024-03-21,"[""可转债ETF"", ""5年国债ETF"", ""10年国债ETF"", ""信用债ETF"", ""日利ETF"", ""沪深300ETF"", ""中证500ETF"", ""中证1000ETF"", ""中证2000ETF"", ""创业板ETF"", ""红利ETF"", ""半导体ETF"", ""人工智能ETF"", ""新能源ETF"", ""科创50ETF"", ""证券ETF"", ""军工ETF"", ""消费ETF"", ""恒生ETF"", ""白银LOF"", ""纳指ETF"", ""标普500ETF"", ""日经225ETF"", ""欧洲ETF"", ""黄金ETF"", ""有色金属期货ETF"", ""能源化工期货ETF"", ""豆粕ETF"", ""煤炭ETF"", ""原油ETF""]",0.0
2024-03-29,candidate_03,CLARABEL,optimal,0.02675468928669042,,False,False,ewma,True,243,False,,,2.619132300088727e-06,0.8000998155820286,305482.7797568393,True,False,0.0,2.619132300088917e-06,8.000998155820281e-07,1e-06,symmetrized,127,30,60.0,CLARABEL,optimal,True,0.8000998155820286,5.161294781202974e-06,False,20,0,False,2.35,bond=0.70000000;cash=0.30000000;commodity_gold=0.40000000;defensive=0.25000000;equity=0.70000000,127,252,,,False,not_requested,True,0.004647752572996381,0.045432955124643605,,0.0723389223688746,0.3265598867556062,1.1155903978377069e-09,0.26014221214615985,0.3000000011155904,0.14939271286869774,0.02403771442249446,0.26642735944705764,0.005496345099411964,,,2024-03-28,"[""可转债ETF"", ""5年国债ETF"", ""10年国债ETF"", ""信用债ETF"", ""日利ETF"", ""沪深300ETF"", ""中证500ETF"", ""中证1000ETF"", ""中证2000ETF"", ""创业板ETF"", ""红利ETF"", ""半导体ETF"", ""人工智能ETF"", ""新能源ETF"", ""科创50ETF"", ""证券ETF"", ""军工ETF"", ""消费ETF"", ""恒生ETF"", ""白银LOF"", ""纳指ETF"", ""标普500ETF"", ""日经225ETF"", ""欧洲ETF"", ""黄金ETF"", ""有色金属期货ETF"", ""能源化工期货ETF"", ""豆粕ETF"", ""煤炭ETF"", ""原油ETF""]",0.0
2024-04-03,candidate_03,CLARABEL,optimal,0.018419513475504346,,False,False,ewma,True,243,False,,,2.9567088558865306e-06,0.787069794763672,266197.93599112396,True,False,0.0,2.9567088558866225e-06,7.870697947636713e-07,1e-06,symmetrized,130,30,60.0,CLARABEL,optimal,True,0.787069794763672,4.897025451103265e-06,False,20,0,False,2.35,bond=0.70000000;cash=0.30000000;commodity_gold=0.40000000;defensive=0.25000000;equity=0.70000000,130,252,,,False,not_requested,True,0.022737482097357882,0.04555113922347282,,0.07545769467376795,0.26801449654022813,2.2532475885128633e-11,0.2680733094352727,0.30000000002253246,0.14314498620931634,0.024150334234978338,0.2646313700979002,0.005449388049147597,,,2024-04-02,"[""可转债ETF"", ""5年国债ETF"", ""10年国债ETF"", ""信用债ETF"", ""日利ETF"", ""沪深300ETF"", ""中证500ETF"", ""中证1000ETF"", ""中证2000ETF"", ""创业板ETF"", ""红利ETF"", ""半导体ETF"", ""人工智能ETF"", ""新能源ETF"", ""科创50ETF"", ""证券ETF"", ""军工ETF"", ""消费ETF"", ""恒生ETF"", ""白银LOF"", ""纳指ETF"", ""标普500ETF"", ""日经225ETF"", ""欧洲ETF"", ""黄金ETF"", ""有色金属期货ETF"", ""能源化工期货ETF"", ""豆粕ETF"", ""煤炭ETF"", ""原油ETF""]",0.0
2024-04-12,candidate_03,CLARABEL,optimal,0.01656801123043847,,False,False,ewma,True,243,False,,,3.142164236664491e-06,0.7630159062424782,242831.3254091531,True,False,0.0,3.142164236664492e-06,7.630159062424785e-07,1e-06,symmetrized,135,30,60.0,CLARABEL,optimal,True,0.7630159062424782,3.4773980460561793e-06,False,20,0,False,2.35,bond=0.70000000;cash=0.30000000;commodity_gold=0.40000000;defensive=0.25000000;equity=0.70000000,135,252,,,False,not_requested,True,0.02101944948298193,0.043044290579685646,,0.07611866540078377,0.25409696106749424,9.586076377132713e-11,0.2796864743922788,0.30000000009586075,0.14097146713755682,0.023466363993461834,0.2558756943808418,0.0052709483205820975,,,2024-04-11,"[""可转债ETF"", ""5年国债ETF"", ""10年国债ETF"", ""信用债ETF"", ""日利ETF"", ""沪深300ETF"", ""中证500ETF"", ""中证1000ETF"", ""中证2000ETF"", ""创业板ETF"", ""红利ETF"", ""半导体ETF"", ""人工智能ETF"", ""新能源ETF"", ""科创50ETF"", ""证券ETF"", ""军工ETF"", ""消费ETF"", ""恒生ETF"", ""白银LOF"", ""纳指ETF"", ""标普500ETF"", ""日经225ETF"", ""欧洲ETF"", ""黄金ETF"", ""有色金属期货ETF"", ""能源化工期货ETF"", ""豆粕ETF"", ""煤炭ETF"", ""原油ETF""]",0.0
2024-04-19,candidate_03,CLARABEL,optimal,0.01934726924675682,,False,False,ewma,True,243,False,,,3.0863372716092947e-06,0.7869733011233966,254986.16381386234,True,False,0.0,3.08633727160895e-06,7.869733011233964e-07,1e-06,symmetrized,140,30,60.0,CLARABEL,optimal,True,0.7869733011233966,2.322306803113211e-06,False,20,0,False,2.35,bond=0.70000000;cash=0.30000000;commodity_gold=0.40000000;defensive=0.25000000;equity=0.70000000,140,252,,,False,not_requested,True,0.013100373816898488,0.043728317207668115,,0.07514007166753812,0.2762703868189552,8.158923536782936e-11,0.28678500033120125,0.3000000000815892,0.1384504998786196,0.023512790150941716,0.2512517095576485,0.005591865073910518,,,2024-04-18,"[""可转债ETF"", ""5年国债ETF"", ""10年国债ETF"", ""信用债ETF"", ""日利ETF"", ""沪深300ETF"", ""中证500ETF"", ""中证1000ETF"", ""中证2000ETF"", ""创业板ETF"", ""红利ETF"", ""半导体ETF"", ""人工智能ETF"", ""新能源ETF"", ""科创50ETF"", ""证券ETF"", ""军工ETF"", ""消费ETF"", ""恒生ETF"", ""白银LOF"", ""纳指ETF"", ""标普500ETF"", ""日经225ETF"", ""欧洲ETF"", ""黄金ETF"", ""有色金属期货ETF"", ""能源化工期货ETF"", ""豆粕ETF"", ""煤炭ETF"", ""原油ETF""]",0.0
2024-04-26,candidate_03,CLARABEL,optimal,0.01648415584420406,,False,False,ewma,True,243,False,,,2.9838891109768056e-06,0.750743227804312,251598.90327108998,True,False,0.0,2.983889110976306e-06,7.507432278043119e-07,1e-06,symmetrized,145,30,60.0,CLARABEL,optimal,True,0.750743227804312,2.599713243282842e-06,False,20,0,False,2.35,bond=0.70000000;cash=0.30000000;commodity_gold=0.40000000;defensive=0.25000000;equity=0.70000000,145,252,,,False,not_requested,True,0.02638308481597679,0.042801102996895775,,0.07010262377374578,0.2525753687313134,9.964939984286048e-11,0.3007773481213165,0.3000000000996494,0.13110644903232319,0.021918505433577713,0.24619769731313304,0.0054330036673825915,,,2024-04-25,"[""可转债ETF"", ""5年国债ETF"", ""10年国债ETF"", ""信用债ETF"", ""日利ETF"", ""沪深300ETF"", ""中证500ETF"", ""中证1000ETF"", ""中证2000ETF"", ""创业板ETF"", ""红利ETF"", ""半导体ETF"", ""人工智能ETF"", ""新能源ETF"", ""科创50ETF"", ""证券ETF"", ""军工ETF"", ""消费ETF"", ""恒生ETF"", ""白银LOF"", ""纳指ETF"", ""标普500ETF"", ""日经225ETF"", ""欧洲ETF"", ""黄金ETF"", ""有色金属期货ETF"", ""能源化工期货ETF"", ""豆粕ETF"", ""煤炭ETF"", ""原油ETF""]",0.0
2024-04-30,candidate_03,CLARABEL,optimal,0.01967259940843221,,False,False,ewma,True,243,False,,,3.0279306011828653e-06,0.7831574097586149,258644.43836746897,True,False,0.0,3.0279306011828484e-06,7.83157409758615e-07,1e-06,symmetrized,147,30,60.0,CLARABEL,optimal,True,0.7831574097586149,3.6412675780903014e-06,False,20,0,False,2.35,bond=0.70000000;cash=0.30000000;commodity_gold=0.40000000;defensive=0.25000000;equity=0.70000000,147,252,,,False,not_requested,True,0.003872517813386459,0.04413104385472852,,0.07122613939600402,0.27995704882585426,4.065850989221076e-10,0.2975727383444513,0.3000000004065851,0.1297601732197963,0.02134487136613491,0.25132221666303245,0.005509901774618584,,,2024-04-29,"[""可转债ETF"", ""5年国债ETF"", ""10年国债ETF"", ""信用债ETF"", ""日利ETF"", ""沪深300ETF"", ""中证500ETF"", ""中证1000ETF"", ""中证2000ETF"", ""创业板ETF"", ""红利ETF"", ""半导体ETF"", ""人工智能ETF"", ""新能源ETF"", ""科创50ETF"", ""证券ETF"", ""军工ETF"", ""消费ETF"", ""恒生ETF"", ""白银LOF"", ""纳指ETF"", ""标普500ETF"", ""日经225ETF"", ""欧洲ETF"", ""黄金ETF"", ""有色金属期货ETF"", ""能源化工期货ETF"", ""豆粕ETF"", ""煤炭ETF"", ""原油ETF""]",0.0
2024-05-10,candidate_03,CLARABEL,optimal,0.020436051841169894,,False,False,ewma,True,243,False,,,2.904524335007612e-06,0.764314342367235,263146.1314181869,True,False,0.0,2.904524335007656e-06,7.643143423672351e-07,1e-06,symmetrized,152,30,60.0,CLARABEL,optimal,True,0.764314342367235,3.831420304453714e-06,False,20,0,False,2.35,bond=0.70000000;cash=0.30000000;commodity_gold=0.40000000;defensive=0.25000000;equity=0.70000000,152,252,,,False,not_requested,True,0.018622275204511894,0.04304826482604089,,0.0733605953752708,0.2832526762786841,2.220446049250313e-16,0.3043043340127482,0.299999999197393,0.12659483960820214,0.020986464252948946,0.24811436292870787,0.005417389592357384,,,2024-05-09,"[""可转债ETF"", ""5年国债ETF"", ""10年国债ETF"", ""信用债ETF"", ""日利ETF"", ""沪深300ETF"", ""中证500ETF"", ""中证1000ETF"", ""中证2000ETF"", ""创业板ETF"", ""红利ETF"", ""半导体ETF"", ""人工智能ETF"", ""新能源ETF"", ""科创50ETF"", ""证券ETF"", ""军工ETF"", ""消费ETF"", ""恒生ETF"", ""白银LOF"", ""纳指ETF"", ""标普500ETF"", ""日经225ETF"", ""欧洲ETF"", ""黄金ETF"", ""有色金属期货ETF"", ""能源化工期货ETF"", ""豆粕ETF"", ""煤炭ETF"", ""原油ETF""]",0.0
2024-05-17,candidate_03,CLARABEL,optimal,0.01825201729588481,,False,False,ewma,True,243,False,,,2.8714722584107605e-06,0.7233359084965747,251904.19527051633,True,False,0.0,2.8714722584107876e-06,7.233359084965742e-07,1e-06,symmetrized,157,30,60.0,CLARABEL,optimal,True,0.7233359084965747,2.224971951046012e-06,False,20,0,False,2.35,bond=0.70000000;cash=0.30000000;commodity_gold=0.40000000;defensive=0.25000000;equity=0.70000000,157,252,,,False,not_requested,True,0.010108272684194255,0.041274940265212515,,0.06999795007368419,0.26867690157574475,0.0,0.3080415472090595,0.29999999995270227,0.12575021643157372,0.021010518614292335,0.24519771779237232,0.005279266619639231,,,2024-05-16,"[""可转债ETF"", ""5年国债ETF"", ""10年国债ETF"", ""信用债ETF"", ""日利ETF"", ""沪深300ETF"", ""中证500ETF"", ""中证1000ETF"", ""中证2000ETF"", ""创业板ETF"", ""红利ETF"", ""半导体ETF"", ""人工智能ETF"", ""新能源ETF"", ""科创50ETF"", ""证券ETF"", ""军工ETF"", ""消费ETF"", ""恒生ETF"", ""白银LOF"", ""纳指ETF"", ""标普500ETF"", ""日经225ETF"", ""欧洲ETF"", ""黄金ETF"", ""有色金属期货ETF"", ""能源化工期货ETF"", ""豆粕ETF"", ""煤炭ETF"", ""原油ETF""]",0.0
2024-05-24,candidate_03,CLARABEL,optimal,0.021805926438433838,,False,False,ewma,True,243,False,,,2.7219578109183764e-06,0.7020879490053994,257934.91221251443,True,False,0.0,2.721957810918411e-06,7.020879490053991e-07,1e-06,symmetrized,162,30,60.0,CLARABEL,optimal,True,0.7020879490053994,3.002859299688909e-06,False,20,0,False,2.35,bond=0.70000000;cash=0.30000000;commodity_gold=0.40000000;defensive=0.25000000;equity=0.70000000,162,252,,,False,not_requested,True,0.001423421812810433,0.04210735033675703,,0.06468044539081302,0.29514085431511355,0.0,0.30838202732955944,0.2999999999118824,0.12627157632742014,0.02120479205570256,0.2441416043754354,0.0053381036302866365,,,2024-05-23,"[""可转债ETF"", ""5年国债ETF"", ""10年国债ETF"", ""信用债ETF"", ""日利ETF"", ""沪深300ETF"", ""中证500ETF"", ""中证1000ETF"", ""中证2000ETF"", ""创业板ETF"", ""红利ETF"", ""半导体ETF"", ""人工智能ETF"", ""新能源ETF"", ""科创50ETF"", ""证券ETF"", ""军工ETF"", ""消费ETF"", ""恒生ETF"", ""白银LOF"", ""纳指ETF"", ""标普500ETF"", ""日经225ETF"", ""欧洲ETF"", ""黄金ETF"", ""有色金属期货ETF"", ""能源化工期货ETF"", ""豆粕ETF"", ""煤炭ETF"", ""原油ETF""]",0.0
2024-05-31,candidate_03,CLARABEL,optimal,0.02743429672868265,,False,False,ewma,True,243,False,,,2.7378646634449548e-06,0.6749444497800359,246522.21082790045,True,False,0.0,2.7378646634451e-06,6.749444497800357e-07,1e-06,symmetrized,167,30,60.0,CLARABEL,optimal,True,0.6749444497800359,3.892840088476346e-06,False,20,0,False,2.35,bond=0.70000000;cash=0.30000000;commodity_gold=0.40000000;defensive=0.25000000;equity=0.70000000,167,252,,,False,not_requested,True,0.0022999468132934107,0.042346737752040446,,0.059759281646199244,0.33098403468539467,3.297994655149239e-10,0.31097880622064117,0.30000000032979945,0.1268080630787595,0.02143278729831785,0.24078034307248236,0.005282536327437381,,,2024-05-30,"[""可转债ETF"", ""5年国债ETF"", ""10年国债ETF"", ""信用债ETF"", ""日利ETF"", ""沪深300ETF"", ""中证500ETF"", ""中证1000ETF"", ""中证2000ETF"", ""创业板ETF"", ""红利ETF"", ""半导体ETF"", ""人工智能ETF"", ""新能源ETF"", ""科创50ETF"", ""证券ETF"", ""军工ETF"", ""消费ETF"", ""恒生ETF"", ""白银LOF"", ""纳指ETF"", ""标普500ETF"", ""日经225ETF"", ""欧洲ETF"", ""黄金ETF"", ""有色金属期货ETF"", ""能源化工期货ETF"", ""豆粕ETF"", ""煤炭ETF"", ""原油ETF""]",0.0
2024-06-07,candidate_03,CLARABEL,optimal,0.027910729985584574,,False,False,ewma,True,243,False,,,2.6468498045241987e-06,0.6369399327424476,240640.75402153196,True,False,0.0,2.6468498045241707e-06,6.369399327424471e-07,1e-06,symmetrized,172,30,60.0,CLARABEL,optimal,True,0.6369399327424476,4.877461313307352e-06,False,20,0,False,2.35,bond=0.70000000;cash=0.30000000;commodity_gold=0.40000000;defensive=0.25000000;equity=0.70000000,172,252,,,False,not_requested,True,0.0001230591815497683,0.04108581362824342,,0.05645257276868239,0.3341151411276051,1.7983992073311583e-10,0.31097857119365296,0.3000000001798399,0.1257148897342624,0.021212125671736245,0.24209441322050856,0.005225896513857179,,,2024-06-06,"[""可转债ETF"", ""5年国债ETF"", ""10年国债ETF"", ""信用债ETF"", ""日利ETF"", ""沪深300ETF"", ""中证500ETF"", ""中证1000ETF"", ""中证2000ETF"", ""创业板ETF"", ""红利ETF"", ""半导体ETF"", ""人工智能ETF"", ""新能源ETF"", ""科创50ETF"", ""证券ETF"", ""军工ETF"", ""消费ETF"", ""恒生ETF"", ""白银LOF"", ""纳指ETF"", ""标普500ETF"", ""日经225ETF"", ""欧洲ETF"", ""黄金ETF"", ""有色金属期货ETF"", ""能源化工期货ETF"", ""豆粕ETF"", ""煤炭ETF"", ""原油ETF""]",0.0
2024-06-14,candidate_03,CLARABEL,optimal,0.027784625362123498,,False,False,ewma,True,243,False,,,2.59811454558195e-06,0.6078436831751346,233955.69075611487,True,False,0.0,2.598114545581778e-06,6.078436831751346e-07,1e-06,symmetrized,176,30,60.0,CLARABEL,optimal,True,0.6078436831751346,3.1248142573561677e-06,False,20,0,False,2.35,bond=0.70000000;cash=0.30000000;commodity_gold=0.40000000;defensive=0.25000000;equity=0.70000000,176,252,,,False,not_requested,True,0.0013701551358108388,0.04034286165135223,,0.05545060255456885,0.33320751018875255,7.450123851171497e-11,0.3124503898320553,0.3000000000745012,0.12408786413755625,0.021151395205378398,0.2423103507505088,0.0051908121019011485,,,2024-06-13,"[""可转债ETF"", ""5年国债ETF"", ""10年国债ETF"", ""信用债ETF"", ""日利ETF"", ""沪深300ETF"", ""中证500ETF"", ""中证1000ETF"", ""中证2000ETF"", ""创业板ETF"", ""红利ETF"", ""半导体ETF"", ""人工智能ETF"", ""新能源ETF"", ""科创50ETF"", ""证券ETF"", ""军工ETF"", ""消费ETF"", ""恒生ETF"", ""白银LOF"", ""纳指ETF"", ""标普500ETF"", ""日经225ETF"", ""欧洲ETF"", ""黄金ETF"", ""有色金属期货ETF"", ""能源化工期货ETF"", ""豆粕ETF"", ""煤炭ETF"", ""原油ETF""]",0.0
2024-06-21,candidate_03,CLARABEL,optimal,0.028360625276948697,,False,False,ewma,True,243,False,,,2.459900144336979e-06,0.5781393164116548,235025.52237439773,True,False,0.0,2.459900144337097e-06,5.781393164116551e-07,1e-06,symmetrized,181,30,60.0,CLARABEL,optimal,True,0.5781393164116548,2.85792073432406e-06,False,20,0,False,2.35,bond=0.70000000;cash=0.30000000;commodity_gold=0.40000000;defensive=0.25000000;equity=0.70000000,181,252,,,False,not_requested,True,0.0007225379821589432,0.039104043669467375,,0.053599669048496446,0.33672515647129564,2.667517873256031e-10,0.3134787167303429,0.3000000002667518,0.12439022532368614,0.021012470265795405,0.24111858741342376,0.00513110769695035,,,2024-06-20,"[""可转债ETF"", ""5年国债ETF"", ""10年国债ETF"", ""信用债ETF"", ""日利ETF"", ""沪深300ETF"", ""中证500ETF"", ""中证1000ETF"", ""中证2000ETF"", ""创业板ETF"", ""红利ETF"", ""半导体ETF"", ""人工智能ETF"", ""新能源ETF"", ""科创50ETF"", ""证券ETF"", ""军工ETF"", ""消费ETF"", ""恒生ETF"", ""白银LOF"", ""纳指ETF"", ""标普500ETF"", ""日经225ETF"", ""欧洲ETF"", ""黄金ETF"", ""有色金属期货ETF"", ""能源化工期货ETF"", ""豆粕ETF"", ""煤炭ETF"", ""原油ETF""]",0.0
2024-06-28,candidate_03,CLARABEL,optimal,0.02959207222952886,,False,False,ewma,True,243,False,,,2.3348472263444435e-06,0.5994908098722007,256758.0452836712,True,False,0.0,2.3348472263443833e-06,5.994908098722007e-07,1e-06,symmetrized,186,30,60.0,CLARABEL,optimal,True,0.5994908098722007,3.290751368401068e-06,False,20,0,False,2.35,bond=0.70000000;cash=0.30000000;commodity_gold=0.40000000;defensive=0.25000000;equity=0.70000000,186,252,,,False,not_requested,True,0.004204278321319182,0.03894744601539965,,0.05494086219136382,0.34355043518881523,1.0235093328425648e-09,0.3181133834650489,0.3000000010235093,0.12292116926188808,0.021047660576597602,0.2379177856729558,0.005077946343187051,,,2024-06-27,"[""可转债ETF"", ""5年国债ETF"", ""10年国债ETF"", ""信用债ETF"", ""日利ETF"", ""沪深300ETF"", ""中证500ETF"", ""中证1000ETF"", ""中证2000ETF"", ""创业板ETF"", ""红利ETF"", ""半导体ETF"", ""人工智能ETF"", ""新能源ETF"", ""科创50ETF"", ""证券ETF"", ""军工ETF"", ""消费ETF"", ""恒生ETF"", ""白银LOF"", ""纳指ETF"", ""标普500ETF"", ""日经225ETF"", ""欧洲ETF"", ""黄金ETF"", ""有色金属期货ETF"", ""能源化工期货ETF"", ""豆粕ETF"", ""煤炭ETF"", ""原油ETF""]",0.0
2024-07-05,candidate_03,CLARABEL,optimal,0.033056103170961276,,False,False,ewma,True,243,False,,,2.2695955923259704e-06,0.5721063106400281,252074.11953673704,True,False,0.0,2.269595592325902e-06,5.721063106400283e-07,1e-06,symmetrized,191,30,60.0,CLARABEL,optimal,True,0.5721063106400281,2.687583926942738e-06,False,20,0,False,2.35,bond=0.70000000;cash=0.30000000;commodity_gold=0.40000000;defensive=0.25000000;equity=0.70000000,191,252,,,False,not_requested,True,0.0017442750387089852,0.03803115141593746,,0.052052471422367186,0.36343194349245356,2.0161827762876783e-10,0.31641723904084484,0.30000000020161827,0.12508124044153457,0.02135484004229841,0.23714668027370386,0.005035790408898013,,,2024-07-04,"[""可转债ETF"", ""5年国债ETF"", ""10年国债ETF"", ""信用债ETF"", ""日利ETF"", ""沪深300ETF"", ""中证500ETF"", ""中证1000ETF"", ""中证2000ETF"", ""创业板ETF"", ""红利ETF"", ""半导体ETF"", ""人工智能ETF"", ""新能源ETF"", ""科创50ETF"", ""证券ETF"", ""军工ETF"", ""消费ETF"", ""恒生ETF"", ""白银LOF"", ""纳指ETF"", ""标普500ETF"", ""日经225ETF"", ""欧洲ETF"", ""黄金ETF"", ""有色金属期货ETF"", ""能源化工期货ETF"", ""豆粕ETF"", ""煤炭ETF"", ""原油ETF""]",0.0
2024-07-12,candidate_03,CLARABEL,optimal,0.04183401100202816,,False,False,ewma,True,243,False,,,2.2165326375863107e-06,0.5820281923051436,262584.98631400353,True,False,0.0,2.216532637586368e-06,5.820281923051433e-07,1e-06,symmetrized,196,30,60.0,CLARABEL,optimal,True,0.5820281923051436,2.2913327673984574e-06,False,20,0,False,2.35,bond=0.70000000;cash=0.30000000;commodity_gold=0.40000000;defensive=0.25000000;equity=0.70000000,196,252,,,False,not_requested,True,0.0013343887017344602,0.03915267987828076,,0.05429315569609841,0.40893482566972916,1.3903910245360862e-09,0.3148621833534112,0.300000001390391,0.12356736653559545,0.020824263152542433,0.24074618556805988,0.005056477030019243,,,2024-07-11,"[""可转债ETF"", ""5年国债ETF"", ""10年国债ETF"", ""信用债ETF"", ""日利ETF"", ""沪深300ETF"", ""中证500ETF"", ""中证1000ETF"", ""中证2000ETF"", ""创业板ETF"", ""红利ETF"", ""半导体ETF"", ""人工智能ETF"", ""新能源ETF"", ""科创50ETF"", ""证券ETF"", ""军工ETF"", ""消费ETF"", ""恒生ETF"", ""白银LOF"", ""纳指ETF"", ""标普500ETF"", ""日经225ETF"", ""欧洲ETF"", ""黄金ETF"", ""有色金属期货ETF"", ""能源化工期货ETF"", ""豆粕ETF"", ""煤炭ETF"", ""原油ETF""]",0.0
2024-07-19,candidate_03,CLARABEL,optimal,0.0416663483866411,,False,False,ewma,True,243,False,,,2.1590563843988123e-06,0.5542606665736285,256714.3084259756,True,False,0.0,2.159056384398751e-06,5.542606665736283e-07,1e-06,symmetrized,201,30,60.0,CLARABEL,optimal,True,0.5542606665736285,3.457963872133263e-06,False,20,0,False,2.35,bond=0.70000000;cash=0.30000000;commodity_gold=0.40000000;defensive=0.25000000;equity=0.70000000,201,252,,,False,not_requested,True,0.0005773756500627946,0.038104179087939304,,0.052560188895959925,0.40818930736090986,1.0552766438465255e-09,0.31444675414905493,0.30000000105527663,0.12338427259902472,0.020871223618909633,0.24129774857773412,0.005054423035409388,,,2024-07-18,"[""可转债ETF"", ""5年国债ETF"", ""10年国债ETF"", ""信用债ETF"", ""日利ETF"", ""沪深300ETF"", ""中证500ETF"", ""中证1000ETF"", ""中证2000ETF"", ""创业板ETF"", ""红利ETF"", ""半导体ETF"", ""人工智能ETF"", ""新能源ETF"", ""科创50ETF"", ""证券ETF"", ""军工ETF"", ""消费ETF"", ""恒生ETF"", ""白银LOF"", ""纳指ETF"", ""标普500ETF"", ""日经225ETF"", ""欧洲ETF"", ""黄金ETF"", ""有色金属期货ETF"", ""能源化工期货ETF"", ""豆粕ETF"", ""煤炭ETF"", ""原油ETF""]",0.0
2024-07-26,candidate_03,CLARABEL,optimal,0.040303945601826784,,False,False,ewma,True,243,False,,,2.084055178188654e-06,0.5577284727135638,267616.94150454825,True,False,0.0,2.0840551781886536e-06,5.577284727135643e-07,1e-06,symmetrized,206,30,60.0,CLARABEL,optimal,True,0.5577284727135638,3.955145619759237e-06,False,20,0,False,2.35,bond=0.70000000;cash=0.30000000;commodity_gold=0.40000000;defensive=0.25000000;equity=0.70000000,206,252,,,False,not_requested,True,0.00941115139360316,0.038810019543950525,,0.047459985587457384,0.40056409838393053,2.719585667776414e-11,0.3221549570979284,0.30000000002719585,0.11955263946596886,0.020605775620700893,0.23768662778820604,0.00508823679974939,,,2024-07-25,"[""可转债ETF"", ""5年国债ETF"", ""10年国债ETF"", ""信用债ETF"", ""日利ETF"", ""沪深300ETF"", ""中证500ETF"", ""中证1000ETF"", ""中证2000ETF"", ""创业板ETF"", ""红利ETF"", ""半导体ETF"", ""人工智能ETF"", ""新能源ETF"", ""科创50ETF"", ""证券ETF"", ""军工ETF"", ""消费ETF"", ""恒生ETF"", ""白银LOF"", ""纳指ETF"", ""标普500ETF"", ""日经225ETF"", ""欧洲ETF"", ""黄金ETF"", ""有色金属期货ETF"", ""能源化工期货ETF"", ""豆粕ETF"", ""煤炭ETF"", ""原油ETF""]",0.0
2024-08-02,candidate_03,CLARABEL,optimal,0.04467155077489142,,False,False,ewma,True,243,False,,,2.023715136364859e-06,0.5850458773716323,289094.97530494,True,False,0.0,2.023715136364859e-06,5.850458773716321e-07,1e-06,symmetrized,211,30,60.0,CLARABEL,optimal,True,0.5850458773716323,3.050901503050263e-06,False,20,0,False,2.35,bond=0.70000000;cash=0.30000000;commodity_gold=0.40000000;defensive=0.25000000;equity=0.70000000,211,252,,,False,not_requested,True,0.005653711050928295,0.04117533470124527,,0.05131546368282974,0.4221695414904186,7.603157547997341e-10,0.31722342113228086,0.30000000076031574,0.12017385204916145,0.020478512181266614,0.2421242138769753,0.005159478881498756,,,2024-08-01,"[""可转债ETF"", ""5年国债ETF"", ""10年国债ETF"", ""信用债ETF"", ""日利ETF"", ""沪深300ETF"", ""中证500ETF"", ""中证1000ETF"", ""中证2000ETF"", ""创业板ETF"", ""红利ETF"", ""半导体ETF"", ""人工智能ETF"", ""新能源ETF"", ""科创50ETF"", ""证券ETF"", ""军工ETF"", ""消费ETF"", ""恒生ETF"", ""白银LOF"", ""纳指ETF"", ""标普500ETF"", ""日经225ETF"", ""欧洲ETF"", ""黄金ETF"", ""有色金属期货ETF"", ""能源化工期货ETF"", ""豆粕ETF"", ""煤炭ETF"", ""原油ETF""]",0.0
2024-08-09,candidate_03,CLARABEL,optimal,0.048407299977633614,,False,False,ewma,True,243,False,,,1.9496952235842235e-06,0.6101458094347063,312944.198690216,True,False,0.0,1.949695223584223e-06,6.101458094347059e-07,1e-06,symmetrized,216,30,60.0,CLARABEL,optimal,True,0.6101458094347063,2.4630038404152566e-06,False,20,0,False,2.35,bond=0.70000000;cash=0.30000000;commodity_gold=0.40000000;defensive=0.25000000;equity=0.70000000,216,252,,,False,not_requested,True,0.010264103613755206,0.04561663626811467,,0.055330827521320194,0.4390851337691789,2.5427770999897348e-11,0.3225081637354762,0.30000000002542776,0.11672233235769369,0.02057461811096471,0.24019488577043785,0.005961323688529869,,,2024-08-08,"[""可转债ETF"", ""5年国债ETF"", ""10年国债ETF"", ""信用债ETF"", ""日利ETF"", ""沪深300ETF"", ""中证500ETF"", ""中证1000ETF"", ""中证2000ETF"", ""创业板ETF"", ""红利ETF"", ""半导体ETF"", ""人工智能ETF"", ""新能源ETF"", ""科创50ETF"", ""证券ETF"", ""军工ETF"", ""消费ETF"", ""恒生ETF"", ""白银LOF"", ""纳指ETF"", ""标普500ETF"", ""日经225ETF"", ""欧洲ETF"", ""黄金ETF"", ""有色金属期货ETF"", ""能源化工期货ETF"", ""豆粕ETF"", ""煤炭ETF"", ""原油ETF""]",0.0
2024-08-16,candidate_03,CLARABEL,optimal,0.05824275277299665,,False,False,ewma,True,243,False,,,1.93024194206095e-06,0.5825289546161356,301790.6418478091,True,False,0.0,1.9302419420609415e-06,5.82528954616135e-07,1e-06,symmetrized,221,30,60.0,CLARABEL,optimal,True,0.5825289546161356,2.2996244565254287e-06,False,20,0,False,2.35,bond=0.70000000;cash=0.30000000;commodity_gold=0.40000000;defensive=0.25000000;equity=0.70000000,221,252,,,False,not_requested,True,0.0023866962029244826,0.04503328220260168,,0.055764306133653616,0.4824699072069772,7.908877441842321e-10,0.3192078624651976,0.30000000079088773,0.11759006265894958,0.020701619480683598,0.24250045460428146,0.005981742742048109,,,2024-08-15,"[""可转债ETF"", ""5年国债ETF"", ""10年国债ETF"", ""信用债ETF"", ""日利ETF"", ""沪深300ETF"", ""中证500ETF"", ""中证1000ETF"", ""中证2000ETF"", ""创业板ETF"", ""红利ETF"", ""半导体ETF"", ""人工智能ETF"", ""新能源ETF"", ""科创50ETF"", ""证券ETF"", ""军工ETF"", ""消费ETF"", ""恒生ETF"", ""白银LOF"", ""纳指ETF"", ""标普500ETF"", ""日经225ETF"", ""欧洲ETF"", ""黄金ETF"", ""有色金属期货ETF"", ""能源化工期货ETF"", ""豆粕ETF"", ""煤炭ETF"", ""原油ETF""]",0.0
2024-08-23,candidate_03,CLARABEL,optimal,0.05872433183613875,,False,False,ewma,True,243,False,,,1.8435770563414445e-06,0.5556195360043155,301381.23822550464,True,False,0.0,1.8435770563415038e-06,5.556195360043158e-07,1e-06,symmetrized,226,30,60.0,CLARABEL,optimal,True,0.5556195360043155,3.641597019231335e-06,False,20,0,False,2.35,bond=0.70000000;cash=0.30000000;commodity_gold=0.40000000;defensive=0.25000000;equity=0.70000000,226,252,,,False,not_requested,True,0.0009266072548380772,0.04380844485509539,,0.0523693837491625,0.48458444757901803,5.488376975115727e-10,0.31968531372192743,0.3000000005488377,0.11837177133015381,0.02052545617801145,0.24141745822106972,0.005918736652575194,,,2024-08-22,"[""可转债ETF"", ""5年国债ETF"", ""10年国债ETF"", ""信用债ETF"", ""日利ETF"", ""沪深300ETF"", ""中证500ETF"", ""中证1000ETF"", ""中证2000ETF"", ""创业板ETF"", ""红利ETF"", ""半导体ETF"", ""人工智能ETF"", ""新能源ETF"", ""科创50ETF"", ""证券ETF"", ""军工ETF"", ""消费ETF"", ""恒生ETF"", ""白银LOF"", ""纳指ETF"", ""标普500ETF"", ""日经225ETF"", ""欧洲ETF"", ""黄金ETF"", ""有色金属期货ETF"", ""能源化工期货ETF"", ""豆粕ETF"", ""煤炭ETF"", ""原油ETF""]",0.0
2024-08-30,candidate_03,CLARABEL,optimal,0.06134914622888349,,False,False,ewma,True,243,False,,,1.7956903602926266e-06,0.5297319560878788,295001.83762280346,True,False,0.0,1.7956903602926575e-06,5.297319560878793e-07,1e-06,symmetrized,231,30,60.0,CLARABEL,optimal,True,0.5297319560878788,4.7124325545482015e-06,False,20,0,False,2.35,bond=0.70000000;cash=0.30000000;commodity_gold=0.40000000;defensive=0.25000000;equity=0.70000000,231,252,,,False,not_requested,True,0.0001843860859131333,0.04265365183334344,,0.051785285962203956,0.49536008394435443,6.992534329341993e-11,0.31964856307461087,0.30000000006992533,0.1194182554815211,0.019992986691131632,0.24094019468281103,0.005884398261108988,,,2024-08-29,"[""可转债ETF"", ""5年国债ETF"", ""10年国债ETF"", ""信用债ETF"", ""日利ETF"", ""沪深300ETF"", ""中证500ETF"", ""中证1000ETF"", ""中证2000ETF"", ""创业板ETF"", ""红利ETF"", ""半导体ETF"", ""人工智能ETF"", ""新能源ETF"", ""科创50ETF"", ""证券ETF"", ""军工ETF"", ""消费ETF"", ""恒生ETF"", ""白银LOF"", ""纳指ETF"", ""标普500ETF"", ""日经225ETF"", ""欧洲ETF"", ""黄金ETF"", ""有色金属期货ETF"", ""能源化工期货ETF"", ""豆粕ETF"", ""煤炭ETF"", ""原油ETF""]",0.0
2024-09-06,candidate_03,CLARABEL,optimal,0.06501410222434716,,False,False,ewma,True,243,False,,,1.7166778743399709e-06,0.5520036251443694,321553.4104536671,True,False,0.0,1.7166778743401784e-06,5.52003625144369e-07,1e-06,symmetrized,236,30,60.0,CLARABEL,optimal,True,0.5520036251443694,2.2225657323668435e-06,False,20,0,False,2.35,bond=0.70000000;cash=0.30000000;commodity_gold=0.40000000;defensive=0.25000000;equity=0.70000000,236,252,,,False,not_requested,True,0.0024849578452894863,0.04391172294674329,,0.05286478831630459,0.5097593847300421,8.144979135593644e-11,0.32185417988355547,0.3000000000814498,0.11691470527473212,0.020053795477534234,0.2411773192827285,0.005996249904681449,,,2024-09-05,"[""可转债ETF"", ""5年国债ETF"", ""10年国债ETF"", ""信用债ETF"", ""日利ETF"", ""沪深300ETF"", ""中证500ETF"", ""中证1000ETF"", ""中证2000ETF"", ""创业板ETF"", ""红利ETF"", ""半导体ETF"", ""人工智能ETF"", ""新能源ETF"", ""科创50ETF"", ""证券ETF"", ""军工ETF"", ""消费ETF"", ""恒生ETF"", ""白银LOF"", ""纳指ETF"", ""标普500ETF"", ""日经225ETF"", ""欧洲ETF"", ""黄金ETF"", ""有色金属期货ETF"", ""能源化工期货ETF"", ""豆粕ETF"", ""煤炭ETF"", ""原油ETF""]",0.0
2024-09-13,candidate_03,CLARABEL,optimal,0.06199462311260314,,False,False,ewma,True,243,False,,,1.7103545677595222e-06,0.5273359537514613,308319.66873526387,True,False,0.0,1.7103545677595112e-06,5.273359537514612e-07,1e-06,symmetrized,241,30,60.0,CLARABEL,optimal,True,0.5273359537514613,4.340611262594607e-06,False,20,0,False,2.35,bond=0.70000000;cash=0.30000000;commodity_gold=0.40000000;defensive=0.25000000;equity=0.70000000,241,252,,,False,not_requested,True,0.002105473740962205,0.04309272092030249,,0.05272403006248212,0.49780269985471803,3.6898650801475696e-11,0.32330710612094904,0.30000000003689864,0.11635870759064115,0.019271279596375365,0.24106290665513574,0.005950517683584359,,,2024-09-12,"[""可转债ETF"", ""5年国债ETF"", ""10年国债ETF"", ""信用债ETF"", ""日利ETF"", ""沪深300ETF"", ""中证500ETF"", ""中证1000ETF"", ""中证2000ETF"", ""创业板ETF"", ""红利ETF"", ""半导体ETF"", ""人工智能ETF"", ""新能源ETF"", ""科创50ETF"", ""证券ETF"", ""军工ETF"", ""消费ETF"", ""恒生ETF"", ""白银LOF"", ""纳指ETF"", ""标普500ETF"", ""日经225ETF"", ""欧洲ETF"", ""黄金ETF"", ""有色金属期货ETF"", ""能源化工期货ETF"", ""豆粕ETF"", ""煤炭ETF"", ""原油ETF""]",0.0
2024-09-20,candidate_03,CLARABEL,optimal,0.06010500237822475,,False,False,ewma,True,243,False,,,1.8239427259998113e-06,0.5189938034669495,284545.01123792585,True,False,0.0,1.823942725999808e-06,5.189938034669494e-07,1e-06,symmetrized,244,30,60.0,CLARABEL,optimal,True,0.5189938034669495,2.6059429737296247e-06,False,20,0,False,2.35,bond=0.70000000;cash=0.30000000;commodity_gold=0.40000000;defensive=0.25000000;equity=0.70000000,244,252,,,False,not_requested,True,0.0029167122077301258,0.04305315527705066,,0.04853139356481999,0.4900848625305941,3.3987807013247107e-10,0.32053834798708125,0.30000000033987806,0.11818338741089901,0.01930841147801765,0.241969852784124,0.005979295290450538,,,2024-09-19,"[""可转债ETF"", ""5年国债ETF"", ""10年国债ETF"", ""信用债ETF"", ""日利ETF"", ""沪深300ETF"", ""中证500ETF"", ""中证1000ETF"", ""中证2000ETF"", ""创业板ETF"", ""红利ETF"", ""半导体ETF"", ""人工智能ETF"", ""新能源ETF"", ""科创50ETF"", ""证券ETF"", ""军工ETF"", ""消费ETF"", ""恒生ETF"", ""白银LOF"", ""纳指ETF"", ""标普500ETF"", ""日经225ETF"", ""欧洲ETF"", ""黄金ETF"", ""有色金属期货ETF"", ""能源化工期货ETF"", ""豆粕ETF"", ""煤炭ETF"", ""原油ETF""]",0.0
2024-09-27,candidate_03,CLARABEL,optimal,0.06314930657930007,,False,False,ewma,True,243,False,,,1.8068329996790714e-06,0.6663206292928094,368778.20441134344,True,False,0.0,1.8068329996790714e-06,6.663206292928093e-07,1e-06,symmetrized,249,30,60.0,CLARABEL,optimal,True,0.6663206292928094,3.1955802776151288e-06,False,20,0,False,2.35,bond=0.70000000;cash=0.30000000;commodity_gold=0.40000000;defensive=0.25000000;equity=0.70000000,249,252,,,False,not_requested,True,0.01331942270596894,0.05014762097780645,,0.043802505028656555,0.5015133988175013,8.203243639925972e-11,0.30714532678671586,0.3000000000820324,0.11874396461653743,0.020951394672806205,0.2531593138419081,0.006172250128377023,,,2024-09-26,"[""可转债ETF"", ""5年国债ETF"", ""10年国债ETF"", ""信用债ETF"", ""日利ETF"", ""沪深300ETF"", ""中证500ETF"", ""中证1000ETF"", ""中证2000ETF"", ""创业板ETF"", ""红利ETF"", ""半导体ETF"", ""人工智能ETF"", ""新能源ETF"", ""科创50ETF"", ""证券ETF"", ""军工ETF"", ""消费ETF"", ""恒生ETF"", ""白银LOF"", ""纳指ETF"", ""标普500ETF"", ""日经225ETF"", ""欧洲ETF"", ""黄金ETF"", ""有色金属期货ETF"", ""能源化工期货ETF"", ""豆粕ETF"", ""煤炭ETF"", ""原油ETF""]",0.0
2024-09-30,candidate_03,CLARABEL,optimal,0.0362077580159515,,False,False,ewma,True,243,False,,,2.076933549783971e-06,0.8742045929599649,420911.2000963603,True,False,0.0,2.076933549783969e-06,8.742045929599645e-07,1e-06,symmetrized,250,30,60.0,CLARABEL,optimal,True,0.8742045929599649,3.0353821388190427e-06,False,20,0,False,2.35,bond=0.70000000;cash=0.30000000;commodity_gold=0.40000000;defensive=0.25000000;equity=0.70000000,250,252,,,False,not_requested,True,0.006047259755625736,0.05497706276726082,,0.05156789531256445,0.37992103728491944,1.196801269198744e-09,0.3028232271783682,0.30000000119680126,0.11488265457713218,0.02065460487162245,0.2616395121760759,0.006285022866728171,,,2024-09-27,"[""可转债ETF"", ""5年国债ETF"", ""10年国债ETF"", ""信用债ETF"", ""日利ETF"", ""沪深300ETF"", ""中证500ETF"", ""中证1000ETF"", ""中证2000ETF"", ""创业板ETF"", ""红利ETF"", ""半导体ETF"", ""人工智能ETF"", ""新能源ETF"", ""科创50ETF"", ""证券ETF"", ""军工ETF"", ""消费ETF"", ""恒生ETF"", ""白银LOF"", ""纳指ETF"", ""标普500ETF"", ""日经225ETF"", ""欧洲ETF"", ""黄金ETF"", ""有色金属期货ETF"", ""能源化工期货ETF"", ""豆粕ETF"", ""煤炭ETF"", ""原油ETF""]",0.0
2024-10-11,candidate_03,CLARABEL,optimal,0.043659038891566464,,False,False,ewma,True,243,False,,,2.8266072207362217e-06,1.8319402122997541,648105.686159892,True,False,0.0,2.8266072207367803e-06,1.8319402122997528e-06,1e-06,symmetrized,252,30,60.0,CLARABEL,optimal,True,1.8319402122997541,2.411929431497817e-06,False,20,0,False,2.35,bond=0.70000000;cash=0.30000000;commodity_gold=0.40000000;defensive=0.25000000;equity=0.70000000,252,252,,,False,not_requested,True,0.02811599783340936,0.07800990535130062,,0.09947073723414428,0.41515435267162076,7.102163301908604e-11,0.29150084301668333,0.3000000000710216,0.11279382230524956,0.020854651193947037,0.2748506834130984,0.0074474365601969825,,,2024-10-10,"[""可转债ETF"", ""5年国债ETF"", ""10年国债ETF"", ""信用债ETF"", ""日利ETF"", ""沪深300ETF"", ""中证500ETF"", ""中证1000ETF"", ""中证2000ETF"", ""创业板ETF"", ""红利ETF"", ""半导体ETF"", ""人工智能ETF"", ""新能源ETF"", ""科创50ETF"", ""证券ETF"", ""军工ETF"", ""消费ETF"", ""恒生ETF"", ""白银LOF"", ""纳指ETF"", ""标普500ETF"", ""日经225ETF"", ""欧洲ETF"", ""黄金ETF"", ""有色金属期货ETF"", ""能源化工期货ETF"", ""豆粕ETF"", ""煤炭ETF"", ""原油ETF""]",0.0
2024-10-18,candidate_03,CLARABEL,optimal,0.020527434198228472,,False,False,ewma,True,243,False,,,6.74919803552931e-06,1.859238032474246,275475.40058638004,True,False,0.0,6.749198035526786e-06,1.859238032474246e-06,1e-06,symmetrized,252,30,60.0,CLARABEL,optimal,True,1.859238032474246,2.4390846670510613e-06,False,20,0,False,2.35,bond=0.70000000;cash=0.30000000;commodity_gold=0.40000000;defensive=0.25000000;equity=0.70000000,252,252,,,False,not_requested,True,0.023096665073205652,0.07529197981610151,,0.09275839278740758,0.2832565755440986,2.220446049250313e-16,0.29689507425018224,0.2999999997237177,0.11400406627019742,0.02075860767874354,0.26834225207715895,0.007375446078036653,,,2024-10-17,"[""可转债ETF"", ""5年国债ETF"", ""10年国债ETF"", ""信用债ETF"", ""日利ETF"", ""沪深300ETF"", ""中证500ETF"", ""中证1000ETF"", ""中证2000ETF"", ""创业板ETF"", ""红利ETF"", ""半导体ETF"", ""人工智能ETF"", ""新能源ETF"", ""科创50ETF"", ""证券ETF"", ""军工ETF"", ""消费ETF"", ""恒生ETF"", ""白银LOF"", ""纳指ETF"", ""标普500ETF"", ""日经225ETF"", ""欧洲ETF"", ""黄金ETF"", ""有色金属期货ETF"", ""能源化工期货ETF"", ""豆粕ETF"", ""煤炭ETF"", ""原油ETF""]",0.0
2024-10-25,candidate_03,CLARABEL,optimal,0.022537195794722357,,False,False,ewma,True,243,False,,,7.366715068548581e-06,1.8971470863430704,257529.58661897233,True,False,0.0,7.366715068547792e-06,1.8971470863430699e-06,1e-06,symmetrized,252,30,60.0,CLARABEL,optimal,True,1.8971470863430704,2.2233622115203078e-06,False,20,0,False,2.35,bond=0.70000000;cash=0.30000000;commodity_gold=0.40000000;defensive=0.25000000;equity=0.70000000,252,252,,,False,not_requested,True,0.01219668830547006,0.07848446820102149,,0.09558017266741353,0.29859405903079383,0.0,0.2901005251678814,0.2999999999751331,0.11481287579756139,0.020506048007420494,0.27458055105200385,0.007579930955685571,,,2024-10-24,"[""可转债ETF"", ""5年国债ETF"", ""10年国债ETF"", ""信用债ETF"", ""日利ETF"", ""沪深300ETF"", ""中证500ETF"", ""中证1000ETF"", ""中证2000ETF"", ""创业板ETF"", ""红利ETF"", ""半导体ETF"", ""人工智能ETF"", ""新能源ETF"", ""科创50ETF"", ""证券ETF"", ""军工ETF"", ""消费ETF"", ""恒生ETF"", ""白银LOF"", ""纳指ETF"", ""标普500ETF"", ""日经225ETF"", ""欧洲ETF"", ""黄金ETF"", ""有色金属期货ETF"", ""能源化工期货ETF"", ""豆粕ETF"", ""煤炭ETF"", ""原油ETF""]",0.0
2024-11-01,candidate_03,CLARABEL,optimal,0.022276405105837036,,False,False,ewma,True,243,False,,,6.987544648813858e-06,1.8177613537236397,260143.07529787396,True,False,0.0,6.987544648812942e-06,1.8177613537236396e-06,1e-06,symmetrized,252,30,60.0,CLARABEL,optimal,True,1.8177613537236397,2.845803552899151e-06,False,20,0,False,2.35,bond=0.70000000;cash=0.30000000;commodity_gold=0.40000000;defensive=0.25000000;equity=0.70000000,252,252,,,False,not_requested,True,0.0013906344812145473,0.07698796102668184,,0.09439217079822584,0.29831644423912257,1.3720934943783902e-09,0.2896162042243689,0.3000000013720935,0.11436644234916907,0.019905704057690272,0.27611164799667826,0.007608868582049574,,,2024-10-31,"[""可转债ETF"", ""5年国债ETF"", ""10年国债ETF"", ""信用债ETF"", ""日利ETF"", ""沪深300ETF"", ""中证500ETF"", ""中证1000ETF"", ""中证2000ETF"", ""创业板ETF"", ""红利ETF"", ""半导体ETF"", ""人工智能ETF"", ""新能源ETF"", ""科创50ETF"", ""证券ETF"", ""军工ETF"", ""消费ETF"", ""恒生ETF"", ""白银LOF"", ""纳指ETF"", ""标普500ETF"", ""日经225ETF"", ""欧洲ETF"", ""黄金ETF"", ""有色金属期货ETF"", ""能源化工期货ETF"", ""豆粕ETF"", ""煤炭ETF"", ""原油ETF""]",0.0
2024-11-08,candidate_03,CLARABEL,optimal,0.024829890870049137,,False,False,ewma,True,243,False,,,6.860994499277078e-06,1.8229673307719756,265700.15920637397,True,False,0.0,6.8609944992750076e-06,1.8229673307719757e-06,1e-06,symmetrized,252,30,60.0,CLARABEL,optimal,True,1.8229673307719756,2.3995746073132707e-06,False,20,0,False,2.35,bond=0.70000000;cash=0.30000000;commodity_gold=0.40000000;defensive=0.25000000;equity=0.70000000,252,252,,,False,not_requested,True,0.009886357479025802,0.08017222433534707,,0.09739814801453767,0.31387384607975805,2.591838410559433e-10,0.28387944834665135,0.30000000025918383,0.11228953182105703,0.01973181082856246,0.2840992087445453,0.00778597190944238,,,2024-11-07,"[""可转债ETF"", ""5年国债ETF"", ""10年国债ETF"", ""信用债ETF"", ""日利ETF"", ""沪深300ETF"", ""中证500ETF"", ""中证1000ETF"", ""中证2000ETF"", ""创业板ETF"", ""红利ETF"", ""半导体ETF"", ""人工智能ETF"", ""新能源ETF"", ""科创50ETF"", ""证券ETF"", ""军工ETF"", ""消费ETF"", ""恒生ETF"", ""白银LOF"", ""纳指ETF"", ""标普500ETF"", ""日经225ETF"", ""欧洲ETF"", ""黄金ETF"", ""有色金属期货ETF"", ""能源化工期货ETF"", ""豆粕ETF"", ""煤炭ETF"", ""原油ETF""]",0.0
2024-11-15,candidate_03,CLARABEL,optimal,0.024404985444999267,,False,False,ewma,True,243,False,,,6.59273333432899e-06,1.7952139064864943,272301.9141603445,True,False,0.0,6.592733334328569e-06,1.7952139064864945e-06,1e-06,symmetrized,252,30,60.0,CLARABEL,optimal,True,1.7952139064864943,2.5816858613171567e-06,False,20,0,False,2.35,bond=0.70000000;cash=0.30000000;commodity_gold=0.40000000;defensive=0.25000000;equity=0.70000000,252,252,,,False,not_requested,True,0.004770562027465418,0.07831015372589172,,0.09749779125942794,0.3118213785861496,3.9284464570243927e-10,0.28894454376103806,0.30000000039284463,0.11104012536404227,0.019320195292800397,0.28069513518927475,0.007794970935474524,,,2024-11-14,"[""可转债ETF"", ""5年国债ETF"", ""10年国债ETF"", ""信用债ETF"", ""日利ETF"", ""沪深300ETF"", ""中证500ETF"", ""中证1000ETF"", ""中证2000ETF"", ""创业板ETF"", ""红利ETF"", ""半导体ETF"", ""人工智能ETF"", ""新能源ETF"", ""科创50ETF"", ""证券ETF"", ""军工ETF"", ""消费ETF"", ""恒生ETF"", ""白银LOF"", ""纳指ETF"", ""标普500ETF"", ""日经225ETF"", ""欧洲ETF"", ""黄金ETF"", ""有色金属期货ETF"", ""能源化工期货ETF"", ""豆粕ETF"", ""煤炭ETF"", ""原油ETF""]",0.0
2024-11-22,candidate_03,CLARABEL,optimal,0.02411620233961668,,False,False,ewma,True,243,False,,,6.281936496557439e-06,1.7574458971193014,279761.805628312,True,False,0.0,6.28193649655689e-06,1.7574458971193008e-06,1e-06,symmetrized,252,30,60.0,CLARABEL,optimal,True,1.7574458971193014,1.963866633494793e-06,False,20,0,False,2.35,bond=0.70000000;cash=0.30000000;commodity_gold=0.40000000;defensive=0.25000000;equity=0.70000000,252,252,,,False,not_requested,True,0.0003232819898529027,0.07656255510033373,,0.0949839505954843,0.31054558258151177,2.014348521317544e-09,0.2894577630081413,0.3000000020143485,0.11367392927203765,0.01963684545404108,0.27723146025143125,0.007779826412732499,,,2024-11-21,"[""可转债ETF"", ""5年国债ETF"", ""10年国债ETF"", ""信用债ETF"", ""日利ETF"", ""沪深300ETF"", ""中证500ETF"", ""中证1000ETF"", ""中证2000ETF"", ""创业板ETF"", ""红利ETF"", ""半导体ETF"", ""人工智能ETF"", ""新能源ETF"", ""科创50ETF"", ""证券ETF"", ""军工ETF"", ""消费ETF"", ""恒生ETF"", ""白银LOF"", ""纳指ETF"", ""标普500ETF"", ""日经225ETF"", ""欧洲ETF"", ""黄金ETF"", ""有色金属期货ETF"", ""能源化工期货ETF"", ""豆粕ETF"", ""煤炭ETF"", ""原油ETF""]",0.0
2024-11-29,candidate_03,CLARABEL,optimal,0.02587350467597117,,False,False,ewma,True,243,False,,,6.268352507319424e-06,1.7429469810777891,278055.03583957447,True,False,0.0,6.268352507323356e-06,1.7429469810777902e-06,1e-06,symmetrized,252,30,60.0,CLARABEL,optimal,True,1.7429469810777891,2.5036050811735877e-06,False,20,0,False,2.35,bond=0.70000000;cash=0.30000000;commodity_gold=0.40000000;defensive=0.25000000;equity=0.70000000,252,252,,,False,not_requested,True,0.0037748613472371167,0.07452261029002319,,0.0918055392589761,0.3212281120364298,6.904002924912334e-10,0.2935795208715089,0.3000000006904003,0.11229018210070789,0.019559070736342856,0.27457122560103997,0.007768667505632836,,,2024-11-28,"[""可转债ETF"", ""5年国债ETF"", ""10年国债ETF"", ""信用债ETF"", ""日利ETF"", ""沪深300ETF"", ""中证500ETF"", ""中证1000ETF"", ""中证2000ETF"", ""创业板ETF"", ""红利ETF"", ""半导体ETF"", ""人工智能ETF"", ""新能源ETF"", ""科创50ETF"", ""证券ETF"", ""军工ETF"", ""消费ETF"", ""恒生ETF"", ""白银LOF"", ""纳指ETF"", ""标普500ETF"", ""日经225ETF"", ""欧洲ETF"", ""黄金ETF"", ""有色金属期货ETF"", ""能源化工期货ETF"", ""豆粕ETF"", ""煤炭ETF"", ""原油ETF""]",0.0
2024-12-06,candidate_03,CLARABEL,optimal,0.02720451641349258,,False,False,ewma,True,243,False,,,5.984256945518806e-06,1.6638285942470779,278034.28385423915,True,False,0.0,5.984256945516169e-06,1.663828594247078e-06,1e-06,symmetrized,252,30,60.0,CLARABEL,optimal,True,1.6638285942470779,2.1478177566688905e-06,False,20,0,False,2.35,bond=0.70000000;cash=0.30000000;commodity_gold=0.40000000;defensive=0.25000000;equity=0.70000000,252,252,,,False,not_requested,True,0.0048794052249191925,0.0736697177143685,,0.0919458631811938,0.32927474538705037,3.5850877821985705e-11,0.2907007006546216,0.30000000003585087,0.11145956499937301,0.019839041510773706,0.27800069279938094,0.00784749482798692,,,2024-12-05,"[""可转债ETF"", ""5年国债ETF"", ""10年国债ETF"", ""信用债ETF"", ""日利ETF"", ""沪深300ETF"", ""中证500ETF"", ""中证1000ETF"", ""中证2000ETF"", ""创业板ETF"", ""红利ETF"", ""半导体ETF"", ""人工智能ETF"", ""新能源ETF"", ""科创50ETF"", ""证券ETF"", ""军工ETF"", ""消费ETF"", ""恒生ETF"", ""白银LOF"", ""纳指ETF"", ""标普500ETF"", ""日经225ETF"", ""欧洲ETF"", ""黄金ETF"", ""有色金属期货ETF"", ""能源化工期货ETF"", ""豆粕ETF"", ""煤炭ETF"", ""原油ETF""]",0.0
2024-12-13,candidate_03,CLARABEL,optimal,0.031500290933306405,,False,False,ewma,True,243,False,,,5.68425016818878e-06,1.5821828670299487,278345.04467879405,True,False,0.0,5.6842501681893115e-06,1.5821828670299488e-06,1e-06,symmetrized,252,30,60.0,CLARABEL,optimal,True,1.5821828670299487,2.0782503015598364e-06,False,20,0,False,2.35,bond=0.70000000;cash=0.30000000;commodity_gold=0.40000000;defensive=0.25000000;equity=0.70000000,252,252,,,False,not_requested,True,0.006075728803975208,0.0731325104987223,,0.09246017958755884,0.35427082091860573,1.9336122147883827e-09,0.2893225124817819,0.3000000019336122,0.11150933106403994,0.019589370614215038,0.2795787839063509,0.007931709477096038,,,2024-12-12,"[""可转债ETF"", ""5年国债ETF"", ""10年国债ETF"", ""信用债ETF"", ""日利ETF"", ""沪深300ETF"", ""中证500ETF"", ""中证1000ETF"", ""中证2000ETF"", ""创业板ETF"", ""红利ETF"", ""半导体ETF"", ""人工智能ETF"", ""新能源ETF"", ""科创50ETF"", ""证券ETF"", ""军工ETF"", ""消费ETF"", ""恒生ETF"", ""白银LOF"", ""纳指ETF"", ""标普500ETF"", ""日经225ETF"", ""欧洲ETF"", ""黄金ETF"", ""有色金属期货ETF"", ""能源化工期货ETF"", ""豆粕ETF"", ""煤炭ETF"", ""原油ETF""]",0.0
2024-12-20,candidate_03,CLARABEL,optimal,0.031637847084299044,,False,False,ewma,True,243,False,,,5.5959555637394624e-06,1.52834738240408,273116.42578211817,True,False,0.0,5.595955563737198e-06,1.5283473824040796e-06,1e-06,symmetrized,252,30,60.0,CLARABEL,optimal,True,1.52834738240408,4.730322700430278e-06,False,20,0,False,2.35,bond=0.70000000;cash=0.30000000;commodity_gold=0.40000000;defensive=0.25000000;equity=0.70000000,252,252,,,False,not_requested,True,0.007317838886138446,0.0706803271415663,,0.09031888227186556,0.3549044657645798,2.0503522768500204e-09,0.2967547262879162,0.30000000205035227,0.10869867410434833,0.01962705282754432,0.27491954472983876,0.0077017978761231825,,,2024-12-19,"[""可转债ETF"", ""5年国债ETF"", ""10年国债ETF"", ""信用债ETF"", ""日利ETF"", ""沪深300ETF"", ""中证500ETF"", ""中证1000ETF"", ""中证2000ETF"", ""创业板ETF"", ""红利ETF"", ""半导体ETF"", ""人工智能ETF"", ""新能源ETF"", ""科创50ETF"", ""证券ETF"", ""军工ETF"", ""消费ETF"", ""恒生ETF"", ""白银LOF"", ""纳指ETF"", ""标普500ETF"", ""日经225ETF"", ""欧洲ETF"", ""黄金ETF"", ""有色金属期货ETF"", ""能源化工期货ETF"", ""豆粕ETF"", ""煤炭ETF"", ""原油ETF""]",0.0
2024-12-27,candidate_03,CLARABEL,optimal,0.03389272694479913,,False,False,ewma,True,243,False,,,5.391769073505019e-06,1.4590128670920248,270600.02889618685,True,False,0.0,5.3917690735046586e-06,1.4590128670920243e-06,1e-06,symmetrized,252,30,60.0,CLARABEL,optimal,True,1.4590128670920248,4.880343527025044e-06,False,20,0,False,2.35,bond=0.70000000;cash=0.30000000;commodity_gold=0.40000000;defensive=0.25000000;equity=0.70000000,252,252,,,False,not_requested,True,0.002032227452634776,0.06881427309690993,,0.08942671080355875,0.3679753944356097,1.21602394820286e-10,0.2949447603553611,0.3000000001216024,0.1090559595491836,0.019699299988706898,0.27629997998514594,0.00771784386512704,,,2024-12-26,"[""可转债ETF"", ""5年国债ETF"", ""10年国债ETF"", ""信用债ETF"", ""日利ETF"", ""沪深300ETF"", ""中证500ETF"", ""中证1000ETF"", ""中证2000ETF"", ""创业板ETF"", ""红利ETF"", ""半导体ETF"", ""人工智能ETF"", ""新能源ETF"", ""科创50ETF"", ""证券ETF"", ""军工ETF"", ""消费ETF"", ""恒生ETF"", ""白银LOF"", ""纳指ETF"", ""标普500ETF"", ""日经225ETF"", ""欧洲ETF"", ""黄金ETF"", ""有色金属期货ETF"", ""能源化工期货ETF"", ""豆粕ETF"", ""煤炭ETF"", ""原油ETF""]",0.0
2025-01-03,candidate_03,CLARABEL,optimal,0.03594786432111124,,False,False,ewma,True,243,False,,,5.528980459671898e-06,1.469882305503619,265850.51551997074,True,False,0.0,5.528980459671984e-06,1.4698823055036189e-06,1e-06,symmetrized,252,30,60.0,CLARABEL,optimal,True,1.469882305503619,1.7189600663054805e-06,False,20,0,False,2.35,bond=0.70000000;cash=0.30000000;commodity_gold=0.40000000;defensive=0.25000000;equity=0.70000000,252,252,,,False,not_requested,True,0.006123854342311862,0.06567295940439843,,0.0865838463293482,0.37854220413561446,4.5403208970284936e-10,0.30202681878283066,0.3000000004540321,0.11103132915407117,0.01967046748257758,0.2672713841264887,0.007468471072565044,,,2025-01-02,"[""可转债ETF"", ""5年国债ETF"", ""10年国债ETF"", ""信用债ETF"", ""日利ETF"", ""沪深300ETF"", ""中证500ETF"", ""中证1000ETF"", ""中证2000ETF"", ""创业板ETF"", ""红利ETF"", ""半导体ETF"", ""人工智能ETF"", ""新能源ETF"", ""科创50ETF"", ""证券ETF"", ""军工ETF"", ""消费ETF"", ""恒生ETF"", ""白银LOF"", ""纳指ETF"", ""标普500ETF"", ""日经225ETF"", ""欧洲ETF"", ""黄金ETF"", ""有色金属期货ETF"", ""能源化工期货ETF"", ""豆粕ETF"", ""煤炭ETF"", ""原油ETF""]",0.0
2025-01-10,candidate_03,CLARABEL,optimal,0.03505479939549151,,False,False,ewma,True,243,False,,,5.340511106321813e-06,1.415895610129879,265123.61493899283,True,False,0.0,5.3405111063216245e-06,1.4158956101298794e-06,1e-06,symmetrized,252,30,60.0,CLARABEL,optimal,True,1.415895610129879,4.577904483032275e-06,False,20,0,False,2.35,bond=0.70000000;cash=0.30000000;commodity_gold=0.40000000;defensive=0.25000000;equity=0.70000000,252,252,,,False,not_requested,True,0.0010092654893212672,0.06338535132715054,,0.0848677910490082,0.3743490953965739,9.160039393663055e-11,0.30303251703608647,0.3000000000916004,0.11145998034959383,0.019125245508530744,0.26638225701418844,0.007409338391175578,,,2025-01-09,"[""可转债ETF"", ""5年国债ETF"", ""10年国债ETF"", ""信用债ETF"", ""日利ETF"", ""沪深300ETF"", ""中证500ETF"", ""中证1000ETF"", ""中证2000ETF"", ""创业板ETF"", ""红利ETF"", ""半导体ETF"", ""人工智能ETF"", ""新能源ETF"", ""科创50ETF"", ""证券ETF"", ""军工ETF"", ""消费ETF"", ""恒生ETF"", ""白银LOF"", ""纳指ETF"", ""标普500ETF"", ""日经225ETF"", ""欧洲ETF"", ""黄金ETF"", ""有色金属期货ETF"", ""能源化工期货ETF"", ""豆粕ETF"", ""煤炭ETF"", ""原油ETF""]",0.0
2025-01-17,candidate_03,CLARABEL,optimal,0.036277710412771315,,False,False,ewma,True,243,False,,,5.3550043899032515e-06,1.3994093745838918,261327.4000713144,True,False,0.0,5.355004389902636e-06,1.3994093745838918e-06,1e-06,symmetrized,252,30,60.0,CLARABEL,optimal,True,1.3994093745838918,3.102948323410737e-06,False,20,0,False,2.35,bond=0.70000000;cash=0.30000000;commodity_gold=0.40000000;defensive=0.25000000;equity=0.70000000,252,252,,,False,not_requested,True,0.0033601634762143078,0.06379668825455233,,0.08457894969936142,0.38057587466472004,4.563101563270777e-10,0.29944512487655595,0.30000000045631015,0.11371530923753945,0.01919231476323378,0.2676472506663608,0.007469624110026315,,,2025-01-16,"[""可转债ETF"", ""5年国债ETF"", ""10年国债ETF"", ""信用债ETF"", ""日利ETF"", ""沪深300ETF"", ""中证500ETF"", ""中证1000ETF"", ""中证2000ETF"", ""创业板ETF"", ""红利ETF"", ""半导体ETF"", ""人工智能ETF"", ""新能源ETF"", ""科创50ETF"", ""证券ETF"", ""军工ETF"", ""消费ETF"", ""恒生ETF"", ""白银LOF"", ""纳指ETF"", ""标普500ETF"", ""日经225ETF"", ""欧洲ETF"", ""黄金ETF"", ""有色金属期货ETF"", ""能源化工期货ETF"", ""豆粕ETF"", ""煤炭ETF"", ""原油ETF""]",0.0
2025-01-24,candidate_03,CLARABEL,optimal,0.035837922045501985,,False,False,ewma,True,243,False,,,5.164429731824885e-06,1.3244170811263551,256449.82116125408,True,False,0.0,5.164429731824104e-06,1.3244170811263547e-06,1e-06,symmetrized,252,30,60.0,CLARABEL,optimal,True,1.3244170811263551,2.726663084300779e-06,False,20,0,False,2.35,bond=0.70000000;cash=0.30000000;commodity_gold=0.40000000;defensive=0.25000000;equity=0.70000000,252,252,,,False,not_requested,True,0.0020076116849626225,0.062252664208070956,,0.08610711994652313,0.37840278819425854,2.1960194773740227e-10,0.2984006498434249,0.30000000021960194,0.1121763877857553,0.019014477224907057,0.2704084849263109,0.0074781924570174714,,,2025-01-23,"[""可转债ETF"", ""5年国债ETF"", ""10年国债ETF"", ""信用债ETF"", ""日利ETF"", ""沪深300ETF"", ""中证500ETF"", ""中证1000ETF"", ""中证2000ETF"", ""创业板ETF"", ""红利ETF"", ""半导体ETF"", ""人工智能ETF"", ""新能源ETF"", ""科创50ETF"", ""证券ETF"", ""军工ETF"", ""消费ETF"", ""恒生ETF"", ""白银LOF"", ""纳指ETF"", ""标普500ETF"", ""日经225ETF"", ""欧洲ETF"", ""黄金ETF"", ""有色金属期货ETF"", ""能源化工期货ETF"", ""豆粕ETF"", ""煤炭ETF"", ""原油ETF""]",0.0
2025-01-27,candidate_03,CLARABEL,optimal,0.035804334365716436,,False,False,ewma,True,243,False,,,5.107452708774756e-06,1.3140300748732376,257276.99301369835,True,False,0.0,5.107452708776229e-06,1.314030074873237e-06,1e-06,symmetrized,252,30,60.0,CLARABEL,optimal,True,1.3140300748732376,2.072968289659055e-06,False,20,0,False,2.35,bond=0.70000000;cash=0.30000000;commodity_gold=0.40000000;defensive=0.25000000;equity=0.70000000,252,252,,,False,not_requested,True,0.0018471064695844723,0.06250152198703755,,0.08677188571030268,0.37824245189763595,1.9081175528512517e-10,0.2973483533727376,0.30000000019081174,0.11232672363626307,0.019048724925946937,0.2712761978742406,0.007520979228031181,,,2025-01-24,"[""可转债ETF"", ""5年国债ETF"", ""10年国债ETF"", ""信用债ETF"", ""日利ETF"", ""沪深300ETF"", ""中证500ETF"", ""中证1000ETF"", ""中证2000ETF"", ""创业板ETF"", ""红利ETF"", ""半导体ETF"", ""人工智能ETF"", ""新能源ETF"", ""科创50ETF"", ""证券ETF"", ""军工ETF"", ""消费ETF"", ""恒生ETF"", ""白银LOF"", ""纳指ETF"", ""标普500ETF"", ""日经225ETF"", ""欧洲ETF"", ""黄金ETF"", ""有色金属期货ETF"", ""能源化工期货ETF"", ""豆粕ETF"", ""煤炭ETF"", ""原油ETF""]",0.0
2025-02-07,candidate_03,CLARABEL,optimal,0.03710561173434186,,False,False,ewma,True,243,False,,,5.378899156462218e-06,1.3013144329417816,241929.50919676202,True,False,0.0,5.378899156460922e-06,1.3013144329417818e-06,1e-06,symmetrized,252,30,60.0,CLARABEL,optimal,True,1.3013144329417816,5.579202411551409e-06,False,20,0,False,2.35,bond=0.70000000;cash=0.30000000;commodity_gold=0.40000000;defensive=0.25000000;equity=0.70000000,252,252,,,False,not_requested,True,0.0012289427096913623,0.06319930294194666,,0.08442986707626077,0.3851268061162978,3.6662506364137926e-10,0.2975748478851985,0.30000000036662505,0.11298265703614738,0.018836134152495968,0.2706063605595331,0.00756811063021373,,,2025-02-06,"[""可转债ETF"", ""5年国债ETF"", ""10年国债ETF"", ""信用债ETF"", ""日利ETF"", ""沪深300ETF"", ""中证500ETF"", ""中证1000ETF"", ""中证2000ETF"", ""创业板ETF"", ""红利ETF"", ""半导体ETF"", ""人工智能ETF"", ""新能源ETF"", ""科创50ETF"", ""证券ETF"", ""军工ETF"", ""消费ETF"", ""恒生ETF"", ""白银LOF"", ""纳指ETF"", ""标普500ETF"", ""日经225ETF"", ""欧洲ETF"", ""黄金ETF"", ""有色金属期货ETF"", ""能源化工期货ETF"", ""豆粕ETF"", ""煤炭ETF"", ""原油ETF""]",0.0
2025-02-14,candidate_03,CLARABEL,optimal,0.03765699990334736,,False,False,ewma,True,243,False,,,5.131205759491165e-06,1.2504129115017613,243687.93030544114,True,False,0.0,5.1312057594917834e-06,1.2504129115017612e-06,1e-06,symmetrized,252,30,60.0,CLARABEL,optimal,True,1.2504129115017613,3.531353486314198e-06,False,20,0,False,2.35,bond=0.70000000;cash=0.30000000;commodity_gold=0.40000000;defensive=0.25000000;equity=0.70000000,252,252,,,False,not_requested,True,0.0027833066508707403,0.06251286413104229,,0.08598133777594874,0.3878169608376336,2.2430751700497353e-10,0.29584886901834556,0.3000000002243075,0.11206921575276341,0.018893140625617574,0.2731887743789661,0.007435520664800824,,,2025-02-13,"[""可转债ETF"", ""5年国债ETF"", ""10年国债ETF"", ""信用债ETF"", ""日利ETF"", ""沪深300ETF"", ""中证500ETF"", ""中证1000ETF"", ""中证2000ETF"", ""创业板ETF"", ""红利ETF"", ""半导体ETF"", ""人工智能ETF"", ""新能源ETF"", ""科创50ETF"", ""证券ETF"", ""军工ETF"", ""消费ETF"", ""恒生ETF"", ""白银LOF"", ""纳指ETF"", ""标普500ETF"", ""日经225ETF"", ""欧洲ETF"", ""黄金ETF"", ""有色金属期货ETF"", ""能源化工期货ETF"", ""豆粕ETF"", ""煤炭ETF"", ""原油ETF""]",0.0
2025-02-21,candidate_03,CLARABEL,optimal,0.040526549765734346,,False,False,ewma,True,243,False,,,5.029998247833139e-06,1.2071410449634894,239988.36291513834,True,False,0.0,5.029998247832748e-06,1.207141044963489e-06,1e-06,symmetrized,252,30,60.0,CLARABEL,optimal,True,1.2071410449634894,3.1871492137472424e-06,False,20,0,False,2.35,bond=0.70000000;cash=0.30000000;commodity_gold=0.40000000;defensive=0.25000000;equity=0.70000000,252,252,,,False,not_requested,True,0.0018448660534442825,0.06162930773732021,,0.08718502539846282,0.4024380647247446,1.8091311781986974e-10,0.29287769920697326,0.3000000001809131,0.11287392613436169,0.01856617229226095,0.2756822021854911,0.00749934787401262,,,2025-02-20,"[""可转债ETF"", ""5年国债ETF"", ""10年国债ETF"", ""信用债ETF"", ""日利ETF"", ""沪深300ETF"", ""中证500ETF"", ""中证1000ETF"", ""中证2000ETF"", ""创业板ETF"", ""红利ETF"", ""半导体ETF"", ""人工智能ETF"", ""新能源ETF"", ""科创50ETF"", ""证券ETF"", ""军工ETF"", ""消费ETF"", ""恒生ETF"", ""白银LOF"", ""纳指ETF"", ""标普500ETF"", ""日经225ETF"", ""欧洲ETF"", ""黄金ETF"", ""有色金属期货ETF"", ""能源化工期货ETF"", ""豆粕ETF"", ""煤炭ETF"", ""原油ETF""]",0.0
2025-02-28,candidate_03,CLARABEL,optimal,0.04580173216733434,,False,False,ewma,True,243,False,,,4.883651304257418e-06,1.1696990331060841,239513.21669636326,True,False,0.0,4.883651304257959e-06,1.1696990331060843e-06,1e-06,symmetrized,252,30,60.0,CLARABEL,optimal,True,1.1696990331060841,2.7008256122951213e-06,False,20,0,False,2.35,bond=0.70000000;cash=0.30000000;commodity_gold=0.40000000;defensive=0.25000000;equity=0.70000000,252,252,,,False,not_requested,True,0.0005280605596337824,0.06158795864924795,,0.086865244395668,0.42797669346810824,8.364771098001711e-10,0.2915670947092556,0.3000000008364771,0.11057417692630953,0.01858239768313623,0.27927632984482176,0.00758566718343508,,,2025-02-27,"[""可转债ETF"", ""5年国债ETF"", ""10年国债ETF"", ""信用债ETF"", ""日利ETF"", ""沪深300ETF"", ""中证500ETF"", ""中证1000ETF"", ""中证2000ETF"", ""创业板ETF"", ""红利ETF"", ""半导体ETF"", ""人工智能ETF"", ""新能源ETF"", ""科创50ETF"", ""证券ETF"", ""军工ETF"", ""消费ETF"", ""恒生ETF"", ""白银LOF"", ""纳指ETF"", ""标普500ETF"", ""日经225ETF"", ""欧洲ETF"", ""黄金ETF"", ""有色金属期货ETF"", ""能源化工期货ETF"", ""豆粕ETF"", ""煤炭ETF"", ""原油ETF""]",0.0
2025-03-07,candidate_03,CLARABEL,optimal,0.04973504042330209,,False,False,ewma,True,243,False,,,4.529155481584586e-06,1.1618004755176594,256515.91786625702,True,False,0.0,4.529155481585258e-06,1.1618004755176589e-06,1e-06,symmetrized,252,30,60.0,CLARABEL,optimal,True,1.1618004755176594,3.0255952351287974e-06,False,20,0,False,2.35,bond=0.70000000;cash=0.30000000;commodity_gold=0.40000000;defensive=0.25000000;equity=0.70000000,252,252,,,False,not_requested,True,0.0006420029097941229,0.0627395040973623,,0.08212390329872556,0.44596864358039023,2.6856544765863077e-10,0.291978959741532,0.30000000026856544,0.11056741915006797,0.018413570634233108,0.2790400502056016,0.007938593660145968,,,2025-03-06,"[""可转债ETF"", ""5年国债ETF"", ""10年国债ETF"", ""信用债ETF"", ""日利ETF"", ""沪深300ETF"", ""中证500ETF"", ""中证1000ETF"", ""中证2000ETF"", ""创业板ETF"", ""红利ETF"", ""半导体ETF"", ""人工智能ETF"", ""新能源ETF"", ""科创50ETF"", ""证券ETF"", ""军工ETF"", ""消费ETF"", ""恒生ETF"", ""白银LOF"", ""纳指ETF"", ""标普500ETF"", ""日经225ETF"", ""欧洲ETF"", ""黄金ETF"", ""有色金属期货ETF"", ""能源化工期货ETF"", ""豆粕ETF"", ""煤炭ETF"", ""原油ETF""]",0.0
2025-03-14,candidate_03,CLARABEL,optimal,0.0551091838634703,,False,False,ewma,True,243,False,,,4.3636817609435135e-06,1.10460812414945,253136.72826375224,True,False,0.0,4.363681760943455e-06,1.10460812414945e-06,1e-06,symmetrized,252,30,60.0,CLARABEL,optimal,True,1.10460812414945,3.3114906833886515e-06,False,20,0,False,2.35,bond=0.70000000;cash=0.30000000;commodity_gold=0.40000000;defensive=0.25000000;equity=0.70000000,252,252,,,False,not_requested,True,0.0039082884741829865,0.060863328418376834,,0.07978803758928583,0.469168820820158,1.1185702364358008e-10,0.293108211302531,0.300000000111857,0.11346541998889,0.01882236424596828,0.2746040043507537,0.007880696473579514,,,2025-03-13,"[""可转债ETF"", ""5年国债ETF"", ""10年国债ETF"", ""信用债ETF"", ""日利ETF"", ""沪深300ETF"", ""中证500ETF"", ""中证1000ETF"", ""中证2000ETF"", ""创业板ETF"", ""红利ETF"", ""半导体ETF"", ""人工智能ETF"", ""新能源ETF"", ""科创50ETF"", ""证券ETF"", ""军工ETF"", ""消费ETF"", ""恒生ETF"", ""白银LOF"", ""纳指ETF"", ""标普500ETF"", ""日经225ETF"", ""欧洲ETF"", ""黄金ETF"", ""有色金属期货ETF"", ""能源化工期货ETF"", ""豆粕ETF"", ""煤炭ETF"", ""原油ETF""]",0.0
2025-03-21,candidate_03,CLARABEL,optimal,0.05838635454642007,,False,False,ewma,True,243,False,,,4.3181676630395265e-06,1.0574961337786624,244894.64427935125,True,False,0.0,4.3181676630391555e-06,1.057496133778662e-06,1e-06,symmetrized,252,30,60.0,CLARABEL,optimal,True,1.0574961337786624,1.8712459108061186e-06,False,20,0,False,2.35,bond=0.70000000;cash=0.30000000;commodity_gold=0.40000000;defensive=0.25000000;equity=0.70000000,252,252,,,False,not_requested,True,0.0045038736702579935,0.06026217081268236,,0.07915883851099609,0.48288684351891636,4.41252034910633e-11,0.288644591626815,0.3000000000441252,0.1148427066048179,0.018770076259222567,0.27774262546501904,0.00794257158786573,,,2025-03-20,"[""可转债ETF"", ""5年国债ETF"", ""10年国债ETF"", ""信用债ETF"", ""日利ETF"", ""沪深300ETF"", ""中证500ETF"", ""中证1000ETF"", ""中证2000ETF"", ""创业板ETF"", ""红利ETF"", ""半导体ETF"", ""人工智能ETF"", ""新能源ETF"", ""科创50ETF"", ""证券ETF"", ""军工ETF"", ""消费ETF"", ""恒生ETF"", ""白银LOF"", ""纳指ETF"", ""标普500ETF"", ""日经225ETF"", ""欧洲ETF"", ""黄金ETF"", ""有色金属期货ETF"", ""能源化工期货ETF"", ""豆粕ETF"", ""煤炭ETF"", ""原油ETF""]",0.0
2025-03-28,candidate_03,CLARABEL,optimal,0.05986105421890956,,False,False,ewma,True,243,False,,,4.448584718199621e-06,1.014440921037642,228036.77692985345,True,False,0.0,4.448584718203806e-06,1.014440921037642e-06,1e-06,symmetrized,252,30,60.0,CLARABEL,optimal,True,1.014440921037642,2.2084074740025272e-06,False,20,0,False,2.35,bond=0.70000000;cash=0.30000000;commodity_gold=0.40000000;defensive=0.25000000;equity=0.70000000,252,252,,,False,not_requested,True,0.002819109572378873,0.05859710470312859,,0.07709230796462367,0.4890964170573745,9.137274270543116e-11,0.2910243753353954,0.30000000009137273,0.11565317399309251,0.019087623976025838,0.2742348266041134,0.007864319306176546,,,2025-03-27,"[""可转债ETF"", ""5年国债ETF"", ""10年国债ETF"", ""信用债ETF"", ""日利ETF"", ""沪深300ETF"", ""中证500ETF"", ""中证1000ETF"", ""中证2000ETF"", ""创业板ETF"", ""红利ETF"", ""半导体ETF"", ""人工智能ETF"", ""新能源ETF"", ""科创50ETF"", ""证券ETF"", ""军工ETF"", ""消费ETF"", ""恒生ETF"", ""白银LOF"", ""纳指ETF"", ""标普500ETF"", ""日经225ETF"", ""欧洲ETF"", ""黄金ETF"", ""有色金属期货ETF"", ""能源化工期货ETF"", ""豆粕ETF"", ""煤炭ETF"", ""原油ETF""]",0.0
2025-04-03,candidate_03,CLARABEL,optimal,0.057785834066727444,,False,False,ewma,True,243,False,,,4.383179678126114e-06,0.976874234796286,222868.85469726325,True,False,0.0,4.383179678125983e-06,9.768742347962856e-07,1e-06,symmetrized,252,30,60.0,CLARABEL,optimal,True,0.976874234796286,2.126493860301476e-06,False,20,0,False,2.35,bond=0.70000000;cash=0.30000000;commodity_gold=0.40000000;defensive=0.25000000;equity=0.70000000,252,252,,,False,not_requested,True,0.002604476503277971,0.05758079864690619,,0.07472116136185132,0.48055369395609027,8.729400535756326e-11,0.292520942518819,0.300000000087294,0.11704290668579231,0.01924437869769702,0.27119177201039796,0.007808012837511628,,,2025-04-02,"[""可转债ETF"", ""5年国债ETF"", ""10年国债ETF"", ""信用债ETF"", ""日利ETF"", ""沪深300ETF"", ""中证500ETF"", ""中证1000ETF"", ""中证2000ETF"", ""创业板ETF"", ""红利ETF"", ""半导体ETF"", ""人工智能ETF"", ""新能源ETF"", ""科创50ETF"", ""证券ETF"", ""军工ETF"", ""消费ETF"", ""恒生ETF"", ""白银LOF"", ""纳指ETF"", ""标普500ETF"", ""日经225ETF"", ""欧洲ETF"", ""黄金ETF"", ""有色金属期货ETF"", ""能源化工期货ETF"", ""豆粕ETF"", ""煤炭ETF"", ""原油ETF""]",0.0
2025-04-11,candidate_03,CLARABEL,optimal,0.03560118740283369,,False,False,ewma,True,243,False,,,4.228821470505112e-06,1.42339594123915,336594.0017016448,True,False,0.0,4.228821470505759e-06,1.423395941239149e-06,1e-06,symmetrized,252,30,60.0,CLARABEL,optimal,True,1.42339594123915,3.0415966456968924e-06,False,20,0,False,2.35,bond=0.70000000;cash=0.30000000;commodity_gold=0.40000000;defensive=0.25000000;equity=0.70000000,252,252,,,False,not_requested,True,0.03027429791527641,0.07907828995225487,,0.050274789299865605,0.37409420821581413,4.248066898249192e-10,0.30402291559929995,0.3000000004248067,0.11460739189413648,0.019096635042941533,0.2622730570388154,0.009581836155892504,,,2025-04-10,"[""可转债ETF"", ""5年国债ETF"", ""10年国债ETF"", ""信用债ETF"", ""日利ETF"", ""沪深300ETF"", ""中证500ETF"", ""中证1000ETF"", ""中证2000ETF"", ""创业板ETF"", ""红利ETF"", ""半导体ETF"", ""人工智能ETF"", ""新能源ETF"", ""科创50ETF"", ""证券ETF"", ""军工ETF"", ""消费ETF"", ""恒生ETF"", ""白银LOF"", ""纳指ETF"", ""标普500ETF"", ""日经225ETF"", ""欧洲ETF"", ""黄金ETF"", ""有色金属期货ETF"", ""能源化工期货ETF"", ""豆粕ETF"", ""煤炭ETF"", ""原油ETF""]",0.0
2025-04-18,candidate_03,CLARABEL,optimal,0.03522804899219679,,False,False,ewma,True,243,False,,,3.969988387480311e-06,1.351260734099177,340368.938700297,True,False,0.0,3.969988387479993e-06,1.3512607340991776e-06,1e-06,symmetrized,252,30,60.0,CLARABEL,optimal,True,1.351260734099177,4.588756007270489e-06,False,20,0,False,2.35,bond=0.70000000;cash=0.30000000;commodity_gold=0.40000000;defensive=0.25000000;equity=0.70000000,252,252,,,False,not_requested,True,0.00219212468435428,0.07747514105910099,,0.04971828929693446,0.37514556567340307,3.6013786397504077e-10,0.30164492093372325,0.30000000036013785,0.1159634468699223,0.019253991961161405,0.26313763987505523,0.009627690639433147,,,2025-04-17,"[""可转债ETF"", ""5年国债ETF"", ""10年国债ETF"", ""信用债ETF"", ""日利ETF"", ""沪深300ETF"", ""中证500ETF"", ""中证1000ETF"", ""中证2000ETF"", ""创业板ETF"", ""红利ETF"", ""半导体ETF"", ""人工智能ETF"", ""新能源ETF"", ""科创50ETF"", ""证券ETF"", ""军工ETF"", ""消费ETF"", ""恒生ETF"", ""白银LOF"", ""纳指ETF"", ""标普500ETF"", ""日经225ETF"", ""欧洲ETF"", ""黄金ETF"", ""有色金属期货ETF"", ""能源化工期货ETF"", ""豆粕ETF"", ""煤炭ETF"", ""原油ETF""]",0.0
2025-04-25,candidate_03,CLARABEL,optimal,0.0359647728596548,,False,False,ewma,True,243,False,,,3.7511402418909242e-06,1.2850631969404445,342579.3529629948,True,False,0.0,3.751140241891534e-06,1.285063196940444e-06,1e-06,symmetrized,252,30,60.0,CLARABEL,optimal,True,1.2850631969404445,3.1697402571723154e-06,False,20,0,False,2.35,bond=0.70000000;cash=0.30000000;commodity_gold=0.40000000;defensive=0.25000000;equity=0.70000000,252,252,,,False,not_requested,True,0.0014023884163427286,0.07582397082131281,,0.05043304095905579,0.37913746517485203,3.380056234902895e-10,0.29973444660837956,0.3000000003380056,0.1167591964377125,0.019199683947393412,0.26430667266850894,0.009677668348071412,,,2025-04-24,"[""可转债ETF"", ""5年国债ETF"", ""10年国债ETF"", ""信用债ETF"", ""日利ETF"", ""沪深300ETF"", ""中证500ETF"", ""中证1000ETF"", ""中证2000ETF"", ""创业板ETF"", ""红利ETF"", ""半导体ETF"", ""人工智能ETF"", ""新能源ETF"", ""科创50ETF"", ""证券ETF"", ""军工ETF"", ""消费ETF"", ""恒生ETF"", ""白银LOF"", ""纳指ETF"", ""标普500ETF"", ""日经225ETF"", ""欧洲ETF"", ""黄金ETF"", ""有色金属期货ETF"", ""能源化工期货ETF"", ""豆粕ETF"", ""煤炭ETF"", ""原油ETF""]",0.0
2025-04-30,candidate_03,CLARABEL,optimal,0.036279692187349284,,False,False,ewma,True,243,False,,,3.6361401506345505e-06,1.2436492856674106,342024.5739016354,True,False,0.0,3.6361401506343404e-06,1.2436492856674105e-06,1e-06,symmetrized,252,30,60.0,CLARABEL,optimal,True,1.2436492856674106,3.2777755761270733e-06,False,20,0,False,2.35,bond=0.70000000;cash=0.30000000;commodity_gold=0.40000000;defensive=0.25000000;equity=0.70000000,252,252,,,False,not_requested,True,0.0005951423240326235,0.07481802480699433,,0.04986332490654864,0.38088114050538874,4.13389378284279e-10,0.29965716506539725,0.30000000041338937,0.11552714829363406,0.019104622829286932,0.26571106339829254,0.009693120635422086,,,2025-04-29,"[""可转债ETF"", ""5年国债ETF"", ""10年国债ETF"", ""信用债ETF"", ""日利ETF"", ""沪深300ETF"", ""中证500ETF"", ""中证1000ETF"", ""中证2000ETF"", ""创业板ETF"", ""红利ETF"", ""半导体ETF"", ""人工智能ETF"", ""新能源ETF"", ""科创50ETF"", ""证券ETF"", ""军工ETF"", ""消费ETF"", ""恒生ETF"", ""白银LOF"", ""纳指ETF"", ""标普500ETF"", ""日经225ETF"", ""欧洲ETF"", ""黄金ETF"", ""有色金属期货ETF"", ""能源化工期货ETF"", ""豆粕ETF"", ""煤炭ETF"", ""原油ETF""]",0.0
2025-05-09,candidate_03,CLARABEL,optimal,0.03621404035594821,,False,False,ewma,True,243,False,,,3.623659494281822e-06,1.2024315523214844,331827.9640288873,True,False,0.0,3.6236594942824346e-06,1.2024315523214842e-06,1e-06,symmetrized,252,30,60.0,CLARABEL,optimal,True,1.2024315523214844,2.4354164762652175e-06,False,20,0,False,2.35,bond=0.70000000;cash=0.30000000;commodity_gold=0.40000000;defensive=0.25000000;equity=0.70000000,252,252,,,False,not_requested,True,0.005582963105405297,0.07515945123046822,,0.05145303641682594,0.3800037168497619,3.901809986217586e-10,0.29449053259326696,0.300000000390181,0.11439467640797152,0.018865027368879246,0.2722497632397013,0.009730475223065761,,,2025-05-08,"[""可转债ETF"", ""5年国债ETF"", ""10年国债ETF"", ""信用债ETF"", ""日利ETF"", ""沪深300ETF"", ""中证500ETF"", ""中证1000ETF"", ""中证2000ETF"", ""创业板ETF"", ""红利ETF"", ""半导体ETF"", ""人工智能ETF"", ""新能源ETF"", ""科创50ETF"", ""证券ETF"", ""军工ETF"", ""消费ETF"", ""恒生ETF"", ""白银LOF"", ""纳指ETF"", ""标普500ETF"", ""日经225ETF"", ""欧洲ETF"", ""黄金ETF"", ""有色金属期货ETF"", ""能源化工期货ETF"", ""豆粕ETF"", ""煤炭ETF"", ""原油ETF""]",0.0
2025-05-16,candidate_03,CLARABEL,optimal,0.038903043447507384,,False,False,ewma,True,243,False,,,3.4425431547429365e-06,1.1689941258349599,339572.83127283026,True,False,0.0,3.4425431547426227e-06,1.1689941258349597e-06,1e-06,symmetrized,252,30,60.0,CLARABEL,optimal,True,1.1689941258349599,2.0599346345628877e-06,False,20,0,False,2.35,bond=0.70000000;cash=0.30000000;commodity_gold=0.40000000;defensive=0.25000000;equity=0.70000000,252,252,,,False,not_requested,True,0.00023617245628618916,0.07448131128404081,,0.051356832890307264,0.3944527811875321,2.325339920616898e-11,0.294199473472283,0.3000000000232534,0.11366123116708834,0.019304815635100038,0.27283447970227526,0.00975846211487954,,,2025-05-15,"[""可转债ETF"", ""5年国债ETF"", ""10年国债ETF"", ""信用债ETF"", ""日利ETF"", ""沪深300ETF"", ""中证500ETF"", ""中证1000ETF"", ""中证2000ETF"", ""创业板ETF"", ""红利ETF"", ""半导体ETF"", ""人工智能ETF"", ""新能源ETF"", ""科创50ETF"", ""证券ETF"", ""军工ETF"", ""消费ETF"", ""恒生ETF"", ""白银LOF"", ""纳指ETF"", ""标普500ETF"", ""日经225ETF"", ""欧洲ETF"", ""黄金ETF"", ""有色金属期货ETF"", ""能源化工期货ETF"", ""豆粕ETF"", ""煤炭ETF"", ""原油ETF""]",0.0
2025-05-23,candidate_03,CLARABEL,optimal,0.040014125002942734,,False,False,ewma,True,243,False,,,3.254700645114356e-06,1.1065307075917672,339979.25715619494,True,False,0.0,3.254700645114464e-06,1.1065307075917675e-06,1e-06,symmetrized,252,30,60.0,CLARABEL,optimal,True,1.1065307075917672,3.406500850022115e-06,False,20,0,False,2.35,bond=0.70000000;cash=0.30000000;commodity_gold=0.40000000;defensive=0.25000000;equity=0.70000000,252,252,,,False,not_requested,True,0.001109618726108156,0.07253310457340639,,0.05117591491513408,0.3999579965086471,3.804090931147641e-10,0.29317050455238614,0.3000000003804091,0.11529629731714075,0.019431979495935513,0.2721012182541285,0.00975545889522377,,,2025-05-22,"[""可转债ETF"", ""5年国债ETF"", ""10年国债ETF"", ""信用债ETF"", ""日利ETF"", ""沪深300ETF"", ""中证500ETF"", ""中证1000ETF"", ""中证2000ETF"", ""创业板ETF"", ""红利ETF"", ""半导体ETF"", ""人工智能ETF"", ""新能源ETF"", ""科创50ETF"", ""证券ETF"", ""军工ETF"", ""消费ETF"", ""恒生ETF"", ""白银LOF"", ""纳指ETF"", ""标普500ETF"", ""日经225ETF"", ""欧洲ETF"", ""黄金ETF"", ""有色金属期货ETF"", ""能源化工期货ETF"", ""豆粕ETF"", ""煤炭ETF"", ""原油ETF""]",0.0
2025-05-30,candidate_03,CLARABEL,optimal,0.0398777031321632,,False,False,ewma,True,243,False,,,3.09771978427381e-06,1.059221690375744,341935.928405498,True,False,0.0,3.0977197842747662e-06,1.059221690375745e-06,1e-06,symmetrized,252,30,60.0,CLARABEL,optimal,True,1.059221690375744,2.2684393533242697e-06,False,20,0,False,2.35,bond=0.70000000;cash=0.30000000;commodity_gold=0.40000000;defensive=0.25000000;equity=0.70000000,252,252,,,False,not_requested,True,9.197782048152824e-05,0.07095847690598436,,0.04992790992377555,0.399378697390872,1.8306484106389576e-10,0.292851807309629,0.30000000018306483,0.11469085333025936,0.019161385948250675,0.27329595322879635,0.009769949956820479,,,2025-05-29,"[""可转债ETF"", ""5年国债ETF"", ""10年国债ETF"", ""信用债ETF"", ""日利ETF"", ""沪深300ETF"", ""中证500ETF"", ""中证1000ETF"", ""中证2000ETF"", ""创业板ETF"", ""红利ETF"", ""半导体ETF"", ""人工智能ETF"", ""新能源ETF"", ""科创50ETF"", ""证券ETF"", ""军工ETF"", ""消费ETF"", ""恒生ETF"", ""白银LOF"", ""纳指ETF"", ""标普500ETF"", ""日经225ETF"", ""欧洲ETF"", ""黄金ETF"", ""有色金属期货ETF"", ""能源化工期货ETF"", ""豆粕ETF"", ""煤炭ETF"", ""原油ETF""]",0.0
2025-06-06,candidate_03,CLARABEL,optimal,0.041060577680762336,,False,False,ewma,True,243,False,,,3.011727416312655e-06,1.0216641729900058,339228.6325303831,True,False,0.0,3.0117274163118668e-06,1.021664172990006e-06,1e-06,symmetrized,252,30,60.0,CLARABEL,optimal,True,1.0216641729900058,2.8867424597678326e-06,False,20,0,False,2.35,bond=0.70000000;cash=0.30000000;commodity_gold=0.40000000;defensive=0.25000000;equity=0.70000000,252,252,,,False,not_requested,True,0.0018359844828881346,0.06990953484298341,,0.05064731479208205,0.40508422430778374,1.544962879851397e-09,0.2915195826514623,0.30000000154496287,0.1154221697608307,0.019196702476240213,0.2738615435665039,0.009809729570509957,,,2025-06-05,"[""可转债ETF"", ""5年国债ETF"", ""10年国债ETF"", ""信用债ETF"", ""日利ETF"", ""沪深300ETF"", ""中证500ETF"", ""中证1000ETF"", ""中证2000ETF"", ""创业板ETF"", ""红利ETF"", ""半导体ETF"", ""人工智能ETF"", ""新能源ETF"", ""科创50ETF"", ""证券ETF"", ""军工ETF"", ""消费ETF"", ""恒生ETF"", ""白银LOF"", ""纳指ETF"", ""标普500ETF"", ""日经225ETF"", ""欧洲ETF"", ""黄金ETF"", ""有色金属期货ETF"", ""能源化工期货ETF"", ""豆粕ETF"", ""煤炭ETF"", ""原油ETF""]",0.0
2025-06-13,candidate_03,CLARABEL,optimal,0.040647684537272605,,False,False,ewma,True,243,False,,,2.8499457510028347e-06,0.9711898455969625,340774.8534354458,True,False,0.0,2.849945751002291e-06,9.711898455969622e-07,1e-06,symmetrized,252,30,60.0,CLARABEL,optimal,True,0.9711898455969625,2.9543068542012274e-06,False,20,0,False,2.35,bond=0.70000000;cash=0.30000000;commodity_gold=0.40000000;defensive=0.25000000;equity=0.70000000,252,252,,,False,not_requested,True,0.0019499165747533138,0.06819601981418277,,0.050813132970270056,0.4030290373201668,9.980667403652888e-10,0.28996557477489965,0.30000000099806673,0.11759145469605821,0.019228490999301892,0.27321447853167347,0.009835613190703536,,,2025-06-12,"[""可转债ETF"", ""5年国债ETF"", ""10年国债ETF"", ""信用债ETF"", ""日利ETF"", ""沪深300ETF"", ""中证500ETF"", ""中证1000ETF"", ""中证2000ETF"", ""创业板ETF"", ""红利ETF"", ""半导体ETF"", ""人工智能ETF"", ""新能源ETF"", ""科创50ETF"", ""证券ETF"", ""军工ETF"", ""消费ETF"", ""恒生ETF"", ""白银LOF"", ""纳指ETF"", ""标普500ETF"", ""日经225ETF"", ""欧洲ETF"", ""黄金ETF"", ""有色金属期货ETF"", ""能源化工期货ETF"", ""豆粕ETF"", ""煤炭ETF"", ""原油ETF""]",0.0
2025-06-20,candidate_03,CLARABEL,optimal,0.042009352774069544,,False,False,ewma,True,243,False,,,2.7113437008401054e-06,0.9273933282035502,342041.9653606435,True,False,0.0,2.7113437008402723e-06,9.273933282035495e-07,1e-06,symmetrized,252,30,60.0,CLARABEL,optimal,True,0.9273933282035502,1.7817973031811207e-06,False,20,0,False,2.35,bond=0.70000000;cash=0.30000000;commodity_gold=0.40000000;defensive=0.25000000;equity=0.70000000,252,252,,,False,not_requested,True,0.001908737619433866,0.06617491480806015,,0.0502142672027375,0.409734574574281,1.8236401277960113e-10,0.2920182171967569,0.300000000182364,0.11948760064216028,0.019183551502851077,0.26931063047586756,0.00976237742860754,,,2025-06-19,"[""可转债ETF"", ""5年国债ETF"", ""10年国债ETF"", ""信用债ETF"", ""日利ETF"", ""沪深300ETF"", ""中证500ETF"", ""中证1000ETF"", ""中证2000ETF"", ""创业板ETF"", ""红利ETF"", ""半导体ETF"", ""人工智能ETF"", ""新能源ETF"", ""科创50ETF"", ""证券ETF"", ""军工ETF"", ""消费ETF"", ""恒生ETF"", ""白银LOF"", ""纳指ETF"", ""标普500ETF"", ""日经225ETF"", ""欧洲ETF"", ""黄金ETF"", ""有色金属期货ETF"", ""能源化工期货ETF"", ""豆粕ETF"", ""煤炭ETF"", ""原油ETF""]",0.0
2025-06-27,candidate_03,CLARABEL,optimal,0.04262354017550381,,False,False,ewma,True,243,False,,,2.612828289532434e-06,0.9039526010049963,345967.0903849402,True,False,0.0,2.6128282895318653e-06,9.039526010049961e-07,1e-06,symmetrized,252,30,60.0,CLARABEL,optimal,True,0.9039526010049963,4.367560179061036e-06,False,20,0,False,2.35,bond=0.70000000;cash=0.30000000;commodity_gold=0.40000000;defensive=0.25000000;equity=0.70000000,252,252,,,False,not_requested,True,0.00417520782329432,0.06616482876612002,,0.052597217009904815,0.41249864706052897,2.568295576210744e-11,0.2879941960667866,0.30000000002568294,0.11612487661591367,0.019390774931579202,0.27649015236003743,0.009930738515135982,,,2025-06-26,"[""可转债ETF"", ""5年国债ETF"", ""10年国债ETF"", ""信用债ETF"", ""日利ETF"", ""沪深300ETF"", ""中证500ETF"", ""中证1000ETF"", ""中证2000ETF"", ""创业板ETF"", ""红利ETF"", ""半导体ETF"", ""人工智能ETF"", ""新能源ETF"", ""科创50ETF"", ""证券ETF"", ""军工ETF"", ""消费ETF"", ""恒生ETF"", ""白银LOF"", ""纳指ETF"", ""标普500ETF"", ""日经225ETF"", ""欧洲ETF"", ""黄金ETF"", ""有色金属期货ETF"", ""能源化工期货ETF"", ""豆粕ETF"", ""煤炭ETF"", ""原油ETF""]",0.0
2025-07-04,candidate_03,CLARABEL,optimal,0.033038735164281435,,False,False,ewma,True,243,False,,,3.3401632201187466e-06,0.863164380883982,258419.82082938316,True,False,0.0,3.3401632201225612e-06,8.631643808839827e-07,1e-06,symmetrized,252,30,60.0,CLARABEL,optimal,True,0.863164380883982,3.6525768851575213e-06,False,20,0,False,2.35,bond=0.70000000;cash=0.30000000;commodity_gold=0.40000000;defensive=0.25000000;equity=0.70000000,252,252,,,False,not_requested,True,0.0026875864030856435,0.06495715947594852,,0.053775070398842884,0.36323093018244995,3.071753962302637e-11,0.2857036769390209,0.30000000003071753,0.11682303700971987,0.019406629029976873,0.2780666569905649,0.009999543458236077,,,2025-07-03,"[""可转债ETF"", ""5年国债ETF"", ""10年国债ETF"", ""信用债ETF"", ""日利ETF"", ""沪深300ETF"", ""中证500ETF"", ""中证1000ETF"", ""中证2000ETF"", ""创业板ETF"", ""红利ETF"", ""半导体ETF"", ""人工智能ETF"", ""新能源ETF"", ""科创50ETF"", ""证券ETF"", ""军工ETF"", ""消费ETF"", ""恒生ETF"", ""白银LOF"", ""纳指ETF"", ""标普500ETF"", ""日经225ETF"", ""欧洲ETF"", ""黄金ETF"", ""有色金属期货ETF"", ""能源化工期货ETF"", ""豆粕ETF"", ""煤炭ETF"", ""原油ETF""]",0.0
2025-07-11,candidate_03,CLARABEL,optimal,0.03196970240069886,,False,False,ewma,True,243,False,,,3.2705423529660082e-06,0.8223762977402338,251449.5178435566,True,False,0.0,3.2705423529574113e-06,8.22376297740235e-07,1e-06,symmetrized,252,30,60.0,CLARABEL,optimal,True,0.8223762977402338,4.157993756317979e-06,False,20,0,False,2.35,bond=0.70000000;cash=0.30000000;commodity_gold=0.40000000;defensive=0.25000000;equity=0.70000000,252,252,,,False,not_requested,True,0.0012557376790764095,0.06367886942979194,,0.054490816842026654,0.357458869946256,3.310355323193903e-10,0.2843759382007335,0.3000000003310355,0.11645594991978914,0.01980571554696803,0.27936239600147394,0.010022628663089592,,,2025-07-10,"[""可转债ETF"", ""5年国债ETF"", ""10年国债ETF"", ""信用债ETF"", ""日利ETF"", ""沪深300ETF"", ""中证500ETF"", ""中证1000ETF"", ""中证2000ETF"", ""创业板ETF"", ""红利ETF"", ""半导体ETF"", ""人工智能ETF"", ""新能源ETF"", ""科创50ETF"", ""证券ETF"", ""军工ETF"", ""消费ETF"", ""恒生ETF"", ""白银LOF"", ""纳指ETF"", ""标普500ETF"", ""日经225ETF"", ""欧洲ETF"", ""黄金ETF"", ""有色金属期货ETF"", ""能源化工期货ETF"", ""豆粕ETF"", ""煤炭ETF"", ""原油ETF""]",0.0
2025-07-18,candidate_03,CLARABEL,optimal,0.03237128796604665,,False,False,ewma,True,243,False,,,3.103431601144914e-06,0.7815427981238388,251831.8102565924,True,False,0.0,3.1034316011441993e-06,7.815427981238388e-07,1e-06,symmetrized,252,30,60.0,CLARABEL,optimal,True,0.7815427981238388,2.909247085604305e-06,False,20,0,False,2.35,bond=0.70000000;cash=0.30000000;commodity_gold=0.40000000;defensive=0.25000000;equity=0.70000000,252,252,,,False,not_requested,True,0.002168015847514162,0.06257526983367134,,0.05677117870234388,0.3595957577299382,9.292694391760392e-11,0.2829452413435592,0.30000000009292693,0.11566573935204041,0.019372812315171923,0.28201620689630147,0.010106941287697154,,,2025-07-17,"[""可转债ETF"", ""5年国债ETF"", ""10年国债ETF"", ""信用债ETF"", ""日利ETF"", ""沪深300ETF"", ""中证500ETF"", ""中证1000ETF"", ""中证2000ETF"", ""创业板ETF"", ""红利ETF"", ""半导体ETF"", ""人工智能ETF"", ""新能源ETF"", ""科创50ETF"", ""证券ETF"", ""军工ETF"", ""消费ETF"", ""恒生ETF"", ""白银LOF"", ""纳指ETF"", ""标普500ETF"", ""日经225ETF"", ""欧洲ETF"", ""黄金ETF"", ""有色金属期货ETF"", ""能源化工期货ETF"", ""豆粕ETF"", ""煤炭ETF"", ""原油ETF""]",0.0
2025-07-25,candidate_03,CLARABEL,optimal,0.03509713268403228,,False,False,ewma,True,243,False,,,2.9734882142471945e-06,0.748524696851401,251732.86151426932,True,False,0.0,2.9734882142540944e-06,7.485246968514002e-07,1e-06,symmetrized,252,30,60.0,CLARABEL,optimal,True,0.748524696851401,3.956781364420486e-06,False,20,0,False,2.35,bond=0.70000000;cash=0.30000000;commodity_gold=0.40000000;defensive=0.25000000;equity=0.70000000,252,252,,,False,not_requested,True,0.006255202423851641,0.062197944256508986,,0.057172605632825266,0.3740061607772156,9.459943939305049e-11,0.27771325370076533,0.30000000009459943,0.11583758589362117,0.01973491311311198,0.2867142471979022,0.01028127355099399,,,2025-07-24,"[""可转债ETF"", ""5年国债ETF"", ""10年国债ETF"", ""信用债ETF"", ""日利ETF"", ""沪深300ETF"", ""中证500ETF"", ""中证1000ETF"", ""中证2000ETF"", ""创业板ETF"", ""红利ETF"", ""半导体ETF"", ""人工智能ETF"", ""新能源ETF"", ""科创50ETF"", ""证券ETF"", ""军工ETF"", ""消费ETF"", ""恒生ETF"", ""白银LOF"", ""纳指ETF"", ""标普500ETF"", ""日经225ETF"", ""欧洲ETF"", ""黄金ETF"", ""有色金属期货ETF"", ""能源化工期货ETF"", ""豆粕ETF"", ""煤炭ETF"", ""原油ETF""]",0.0
2025-08-01,candidate_03,CLARABEL,optimal,0.03625322204537543,,False,False,ewma,True,243,False,,,2.911265069674196e-06,0.7210818613689016,247686.77674877574,True,False,0.0,2.911265069673864e-06,7.210818613689015e-07,1e-06,symmetrized,252,30,60.0,CLARABEL,optimal,True,0.7210818613689016,2.0975259136836455e-06,False,20,0,False,2.35,bond=0.70000000;cash=0.30000000;commodity_gold=0.40000000;defensive=0.25000000;equity=0.70000000,252,252,,,False,not_requested,True,0.0030236216346143253,0.060518371160237255,,0.05756690936251034,0.3804830746626859,1.2202792665227946e-09,0.2808985994977473,0.30000000122027926,0.11384953918797482,0.019250751015336676,0.28600110907866205,0.010220009885511961,,,2025-07-31,"[""可转债ETF"", ""5年国债ETF"", ""10年国债ETF"", ""信用债ETF"", ""日利ETF"", ""沪深300ETF"", ""中证500ETF"", ""中证1000ETF"", ""中证2000ETF"", ""创业板ETF"", ""红利ETF"", ""半导体ETF"", ""人工智能ETF"", ""新能源ETF"", ""科创50ETF"", ""证券ETF"", ""军工ETF"", ""消费ETF"", ""恒生ETF"", ""白银LOF"", ""纳指ETF"", ""标普500ETF"", ""日经225ETF"", ""欧洲ETF"", ""黄金ETF"", ""有色金属期货ETF"", ""能源化工期货ETF"", ""豆粕ETF"", ""煤炭ETF"", ""原油ETF""]",0.0
2025-08-08,candidate_03,CLARABEL,optimal,0.03871512168079997,,False,False,ewma,True,243,False,,,3.061917798819919e-06,0.6866481019773871,224254.25732918936,True,False,0.0,3.06191779882033e-06,6.866481019773874e-07,1e-06,symmetrized,252,30,60.0,CLARABEL,optimal,True,0.6866481019773871,4.363797505915756e-06,False,20,0,False,2.35,bond=0.70000000;cash=0.30000000;commodity_gold=0.40000000;defensive=0.25000000;equity=0.70000000,252,252,,,False,not_requested,True,0.0029889981650751095,0.0596241056374544,,0.05643466452841282,0.3932146742839028,2.503267038100887e-10,0.27859081745014985,0.3000000002503267,0.11450142018995114,0.0195601018566955,0.2873476602528769,0.010294809738895636,,,2025-08-07,"[""可转债ETF"", ""5年国债ETF"", ""10年国债ETF"", ""信用债ETF"", ""日利ETF"", ""沪深300ETF"", ""中证500ETF"", ""中证1000ETF"", ""中证2000ETF"", ""创业板ETF"", ""红利ETF"", ""半导体ETF"", ""人工智能ETF"", ""新能源ETF"", ""科创50ETF"", ""证券ETF"", ""军工ETF"", ""消费ETF"", ""恒生ETF"", ""白银LOF"", ""纳指ETF"", ""标普500ETF"", ""日经225ETF"", ""欧洲ETF"", ""黄金ETF"", ""有色金属期货ETF"", ""能源化工期货ETF"", ""豆粕ETF"", ""煤炭ETF"", ""原油ETF""]",0.0
2025-08-15,candidate_03,CLARABEL,optimal,0.03998163453479377,,False,False,ewma,True,243,False,,,2.914892583092073e-06,0.6644549302152765,227951.77224350165,True,False,0.0,2.914892583092159e-06,6.644549302152762e-07,1e-06,symmetrized,252,30,60.0,CLARABEL,optimal,True,0.6644549302152765,3.3683961960101483e-06,False,20,0,False,2.35,bond=0.70000000;cash=0.30000000;commodity_gold=0.40000000;defensive=0.25000000;equity=0.70000000,252,252,,,False,not_requested,True,0.0029169134950235397,0.05914672319180707,,0.06110734358470195,0.39961191769437904,4.5519921165748656e-11,0.27565230449385947,0.3000000000455199,0.1136668113857595,0.019212254572866908,0.29146862950199426,0.010413977577615705,,,2025-08-14,"[""可转债ETF"", ""5年国债ETF"", ""10年国债ETF"", ""信用债ETF"", ""日利ETF"", ""沪深300ETF"", ""中证500ETF"", ""中证1000ETF"", ""中证2000ETF"", ""创业板ETF"", ""红利ETF"", ""半导体ETF"", ""人工智能ETF"", ""新能源ETF"", ""科创50ETF"", ""证券ETF"", ""军工ETF"", ""消费ETF"", ""恒生ETF"", ""白银LOF"", ""纳指ETF"", ""标普500ETF"", ""日经225ETF"", ""欧洲ETF"", ""黄金ETF"", ""有色金属期货ETF"", ""能源化工期货ETF"", ""豆粕ETF"", ""煤炭ETF"", ""原油ETF""]",0.0
2025-08-22,candidate_03,CLARABEL,optimal,0.039286529567835335,,False,False,ewma,True,243,False,,,2.903819557560833e-06,0.6486129742230777,223365.45414271657,True,False,0.0,2.903819557561572e-06,6.486129742230771e-07,1e-06,symmetrized,252,30,60.0,CLARABEL,optimal,True,0.6486129742230777,2.422943749275097e-06,False,20,0,False,2.35,bond=0.70000000;cash=0.30000000;commodity_gold=0.40000000;defensive=0.25000000;equity=0.70000000,252,252,,,False,not_requested,True,0.0033325491574601497,0.05856567114459875,,0.06546628666290036,0.3960751384267499,2.5740631848236717e-11,0.2731537627650251,0.3000000000257406,0.11201086020034073,0.019207968493181456,0.295627408515712,0.009872603611395109,,,2025-08-21,"[""可转债ETF"", ""5年国债ETF"", ""10年国债ETF"", ""信用债ETF"", ""日利ETF"", ""沪深300ETF"", ""中证500ETF"", ""中证1000ETF"", ""中证2000ETF"", ""创业板ETF"", ""红利ETF"", ""半导体ETF"", ""人工智能ETF"", ""新能源ETF"", ""科创50ETF"", ""证券ETF"", ""军工ETF"", ""消费ETF"", ""恒生ETF"", ""白银LOF"", ""纳指ETF"", ""标普500ETF"", ""日经225ETF"", ""欧洲ETF"", ""黄金ETF"", ""有色金属期货ETF"", ""能源化工期货ETF"", ""豆粕ETF"", ""煤炭ETF"", ""原油ETF""]",0.0
2025-08-29,candidate_03,CLARABEL,optimal,0.04401922564629331,,False,False,ewma,True,243,False,,,2.942816301160762e-06,0.7110870451932871,241634.87367961314,True,False,0.0,2.942816301160937e-06,7.110870451932871e-07,1e-06,symmetrized,252,30,60.0,CLARABEL,optimal,True,0.7110870451932871,2.7003458260461966e-06,False,20,0,False,2.35,bond=0.70000000;cash=0.30000000;commodity_gold=0.40000000;defensive=0.25000000;equity=0.70000000,252,252,,,False,not_requested,True,0.007750618138915914,0.06172763664869962,,0.07083681414049318,0.41886459911562496,9.078195417622226e-10,0.26656021538042796,0.30000000090781953,0.1109085124746917,0.018660276303074905,0.30387099493398595,0.010178390724960087,,,2025-08-28,"[""可转债ETF"", ""5年国债ETF"", ""10年国债ETF"", ""信用债ETF"", ""日利ETF"", ""沪深300ETF"", ""中证500ETF"", ""中证1000ETF"", ""中证2000ETF"", ""创业板ETF"", ""红利ETF"", ""半导体ETF"", ""人工智能ETF"", ""新能源ETF"", ""科创50ETF"", ""证券ETF"", ""军工ETF"", ""消费ETF"", ""恒生ETF"", ""白银LOF"", ""纳指ETF"", ""标普500ETF"", ""日经225ETF"", ""欧洲ETF"", ""黄金ETF"", ""有色金属期货ETF"", ""能源化工期货ETF"", ""豆粕ETF"", ""煤炭ETF"", ""原油ETF""]",0.0
2025-09-05,candidate_03,CLARABEL,optimal,0.03213258071393551,,False,False,ewma,True,243,False,,,3.096777741632249e-06,0.750763893156799,242433.89606678282,True,False,0.0,3.096777741631973e-06,7.507638931567991e-07,1e-06,symmetrized,252,30,60.0,CLARABEL,optimal,True,0.750763893156799,3.795810282855583e-06,False,20,0,False,2.35,bond=0.70000000;cash=0.30000000;commodity_gold=0.40000000;defensive=0.25000000;equity=0.70000000,252,252,,,False,not_requested,True,0.005753104963269844,0.060335949598584834,,0.07293896104860186,0.3578591492930207,1.5011931142616675e-09,0.2724143683542326,0.3000000015011931,0.11367921422257997,0.018642821524772524,0.2952635943972218,0.009903594798042634,,,2025-09-04,"[""可转债ETF"", ""5年国债ETF"", ""10年国债ETF"", ""信用债ETF"", ""日利ETF"", ""沪深300ETF"", ""中证500ETF"", ""中证1000ETF"", ""中证2000ETF"", ""创业板ETF"", ""红利ETF"", ""半导体ETF"", ""人工智能ETF"", ""新能源ETF"", ""科创50ETF"", ""证券ETF"", ""军工ETF"", ""消费ETF"", ""恒生ETF"", ""白银LOF"", ""纳指ETF"", ""标普500ETF"", ""日经225ETF"", ""欧洲ETF"", ""黄金ETF"", ""有色金属期货ETF"", ""能源化工期货ETF"", ""豆粕ETF"", ""煤炭ETF"", ""原油ETF""]",0.0
2025-09-12,candidate_03,CLARABEL,optimal,0.034293652968662186,,False,False,ewma,True,243,False,,,3.023054676397829e-06,0.8042086343667356,266025.1700524993,True,False,0.0,3.023054676397087e-06,8.042086343667353e-07,1e-06,symmetrized,252,30,60.0,CLARABEL,optimal,True,0.8042086343667356,2.980059734404572e-06,False,20,0,False,2.35,bond=0.70000000;cash=0.30000000;commodity_gold=0.40000000;defensive=0.25000000;equity=0.70000000,252,252,,,False,not_requested,True,0.008831717707791086,0.0625565387651609,,0.08036898768852306,0.3694015110916253,1.8260144507564746e-09,0.2679528610216654,0.30000000182601444,0.11164678939608162,0.018379985636126885,0.3020203621201114,0.010145048347977508,,,2025-09-11,"[""可转债ETF"", ""5年国债ETF"", ""10年国债ETF"", ""信用债ETF"", ""日利ETF"", ""沪深300ETF"", ""中证500ETF"", ""中证1000ETF"", ""中证2000ETF"", ""创业板ETF"", ""红利ETF"", ""半导体ETF"", ""人工智能ETF"", ""新能源ETF"", ""科创50ETF"", ""证券ETF"", ""军工ETF"", ""消费ETF"", ""恒生ETF"", ""白银LOF"", ""纳指ETF"", ""标普500ETF"", ""日经225ETF"", ""欧洲ETF"", ""黄金ETF"", ""有色金属期货ETF"", ""能源化工期货ETF"", ""豆粕ETF"", ""煤炭ETF"", ""原油ETF""]",0.0
2025-09-19,candidate_03,CLARABEL,optimal,0.038313846862034436,,False,False,ewma,True,243,False,,,2.9175942682319894e-06,0.7625691105260863,261369.14197743806,True,False,0.0,2.9175942682311085e-06,7.625691105260866e-07,1e-06,symmetrized,252,30,60.0,CLARABEL,optimal,True,0.7625691105260863,3.362394931566426e-06,False,20,0,False,2.35,bond=0.70000000;cash=0.30000000;commodity_gold=0.40000000;defensive=0.25000000;equity=0.70000000,252,252,,,False,not_requested,True,0.0005113877921081277,0.061363055111493744,,0.08163868176301915,0.3914254242629349,1.5787476881357065e-10,0.26795953481489104,0.30000000015787476,0.11129634265492655,0.017905921702936443,0.30283820066937117,0.010058131805436901,,,2025-09-18,"[""可转债ETF"", ""5年国债ETF"", ""10年国债ETF"", ""信用债ETF"", ""日利ETF"", ""沪深300ETF"", ""中证500ETF"", ""中证1000ETF"", ""中证2000ETF"", ""创业板ETF"", ""红利ETF"", ""半导体ETF"", ""人工智能ETF"", ""新能源ETF"", ""科创50ETF"", ""证券ETF"", ""军工ETF"", ""消费ETF"", ""恒生ETF"", ""白银LOF"", ""纳指ETF"", ""标普500ETF"", ""日经225ETF"", ""欧洲ETF"", ""黄金ETF"", ""有色金属期货ETF"", ""能源化工期货ETF"", ""豆粕ETF"", ""煤炭ETF"", ""原油ETF""]",0.0
2025-09-26,candidate_03,CLARABEL,optimal,0.04108390602393414,,False,False,ewma,True,243,False,,,2.8676678161604672e-06,0.7406179256794825,258264.89438762786,True,False,0.0,2.867667816165449e-06,7.406179256794824e-07,1e-06,symmetrized,252,30,60.0,CLARABEL,optimal,True,0.7406179256794825,4.031492712441853e-06,False,20,0,False,2.35,bond=0.70000000;cash=0.30000000;commodity_gold=0.40000000;defensive=0.25000000;equity=0.70000000,252,252,,,False,not_requested,True,0.004932765331742825,0.061197520864715575,,0.08253200270752666,0.40488897682055885,2.2820745293472555e-10,0.26404259190433516,0.30000000022820744,0.1121820574015652,0.017764799566469536,0.30601055089942264,0.010204639476345225,,,2025-09-25,"[""可转债ETF"", ""5年国债ETF"", ""10年国债ETF"", ""信用债ETF"", ""日利ETF"", ""沪深300ETF"", ""中证500ETF"", ""中证1000ETF"", ""中证2000ETF"", ""创业板ETF"", ""红利ETF"", ""半导体ETF"", ""人工智能ETF"", ""新能源ETF"", ""科创50ETF"", ""证券ETF"", ""军工ETF"", ""消费ETF"", ""恒生ETF"", ""白银LOF"", ""纳指ETF"", ""标普500ETF"", ""日经225ETF"", ""欧洲ETF"", ""黄金ETF"", ""有色金属期货ETF"", ""能源化工期货ETF"", ""豆粕ETF"", ""煤炭ETF"", ""原油ETF""]",0.0
2025-09-30,candidate_03,CLARABEL,optimal,0.04102769868768278,,False,False,ewma,True,243,False,,,2.862796741244925e-06,0.7417425248641545,259097.166829105,True,False,0.0,2.8627967412428484e-06,7.417425248641548e-07,1e-06,symmetrized,252,30,60.0,CLARABEL,optimal,True,0.7417425248641545,3.5096246845667256e-06,False,20,0,False,2.35,bond=0.70000000;cash=0.30000000;commodity_gold=0.40000000;defensive=0.25000000;equity=0.70000000,252,252,,,False,not_requested,True,0.0018533172998960457,0.06138130501276414,,0.08283295072372511,0.4049201222290386,7.717587680033944e-11,0.2633355043365865,0.30000000007717587,0.11240341286419417,0.01768389764090819,0.30657718508113524,0.010213226654999923,,,2025-09-29,"[""可转债ETF"", ""5年国债ETF"", ""10年国债ETF"", ""信用债ETF"", ""日利ETF"", ""沪深300ETF"", ""中证500ETF"", ""中证1000ETF"", ""中证2000ETF"", ""创业板ETF"", ""红利ETF"", ""半导体ETF"", ""人工智能ETF"", ""新能源ETF"", ""科创50ETF"", ""证券ETF"", ""军工ETF"", ""消费ETF"", ""恒生ETF"", ""白银LOF"", ""纳指ETF"", ""标普500ETF"", ""日经225ETF"", ""欧洲ETF"", ""黄金ETF"", ""有色金属期货ETF"", ""能源化工期货ETF"", ""豆粕ETF"", ""煤炭ETF"", ""原油ETF""]",0.0
2025-10-10,candidate_03,CLARABEL,optimal,0.04097242308454726,,False,False,ewma,True,243,False,,,3.298552169281034e-06,0.7349457240330286,222808.57973915883,True,False,0.0,3.2985521692779383e-06,7.349457240330289e-07,1e-06,symmetrized,252,30,60.0,CLARABEL,optimal,True,0.7349457240330286,3.512799156522861e-06,False,20,0,False,2.35,bond=0.70000000;cash=0.30000000;commodity_gold=0.40000000;defensive=0.25000000;equity=0.70000000,252,252,,,False,not_requested,True,0.005748552780887236,0.06239056239542366,,0.07801902413400684,0.4042559954439526,6.73273825579912e-10,0.26139934923369307,0.3000000006732738,0.11096657989148623,0.017567613008637167,0.31006645719290976,0.01029915629313767,,,2025-10-09,"[""可转债ETF"", ""5年国债ETF"", ""10年国债ETF"", ""信用债ETF"", ""日利ETF"", ""沪深300ETF"", ""中证500ETF"", ""中证1000ETF"", ""中证2000ETF"", ""创业板ETF"", ""红利ETF"", ""半导体ETF"", ""人工智能ETF"", ""新能源ETF"", ""科创50ETF"", ""证券ETF"", ""军工ETF"", ""消费ETF"", ""恒生ETF"", ""白银LOF"", ""纳指ETF"", ""标普500ETF"", ""日经225ETF"", ""欧洲ETF"", ""黄金ETF"", ""有色金属期货ETF"", ""能源化工期货ETF"", ""豆粕ETF"", ""煤炭ETF"", ""原油ETF""]",0.0
2025-10-17,candidate_03,CLARABEL,optimal,0.04427945783794839,,False,False,ewma,True,243,False,,,3.1680499880637943e-06,0.7708701648755283,243326.389349891,True,False,0.0,3.1680499880623434e-06,7.708701648755281e-07,1e-06,symmetrized,252,30,60.0,CLARABEL,optimal,True,0.7708701648755283,1.3953535592040045e-06,False,20,0,False,2.35,bond=0.70000000;cash=0.30000000;commodity_gold=0.40000000;defensive=0.25000000;equity=0.70000000,252,252,,,False,not_requested,True,0.003152247605303596,0.06141064399279228,,0.0759612506821822,0.4205494844203746,6.88850754215764e-10,0.26427257960483874,0.30000000068885074,0.1157335866700793,0.01842606852904218,0.301567764507189,0.010124991854794065,,,2025-10-16,"[""可转债ETF"", ""5年国债ETF"", ""10年国债ETF"", ""信用债ETF"", ""日利ETF"", ""沪深300ETF"", ""中证500ETF"", ""中证1000ETF"", ""中证2000ETF"", ""创业板ETF"", ""红利ETF"", ""半导体ETF"", ""人工智能ETF"", ""新能源ETF"", ""科创50ETF"", ""证券ETF"", ""军工ETF"", ""消费ETF"", ""恒生ETF"", ""白银LOF"", ""纳指ETF"", ""标普500ETF"", ""日经225ETF"", ""欧洲ETF"", ""黄金ETF"", ""有色金属期货ETF"", ""能源化工期货ETF"", ""豆粕ETF"", ""煤炭ETF"", ""原油ETF""]",0.0
2025-10-24,candidate_03,CLARABEL,optimal,0.045793043592264424,,False,False,ewma,True,243,False,,,3.08424510767722e-06,0.7303009548876005,236784.34410733278,True,False,0.0,3.0842451076848713e-06,7.303009548876004e-07,1e-06,symmetrized,252,30,60.0,CLARABEL,optimal,True,0.7303009548876005,3.7094299001894093e-06,False,20,0,False,2.35,bond=0.70000000;cash=0.30000000;commodity_gold=0.40000000;defensive=0.25000000;equity=0.70000000,252,252,,,False,not_requested,True,0.0012423688868204528,0.05968852905526061,,0.07266331027058927,0.42786831387172997,2.890326866733517e-11,0.2654768401589172,0.30000000002890326,0.113121849714654,0.018684509793930226,0.3027168003035951,0.009237931357140405,,,2025-10-23,"[""可转债ETF"", ""5年国债ETF"", ""10年国债ETF"", ""信用债ETF"", ""日利ETF"", ""沪深300ETF"", ""中证500ETF"", ""中证1000ETF"", ""中证2000ETF"", ""创业板ETF"", ""红利ETF"", ""半导体ETF"", ""人工智能ETF"", ""新能源ETF"", ""科创50ETF"", ""证券ETF"", ""军工ETF"", ""消费ETF"", ""恒生ETF"", ""白银LOF"", ""纳指ETF"", ""标普500ETF"", ""日经225ETF"", ""欧洲ETF"", ""黄金ETF"", ""有色金属期货ETF"", ""能源化工期货ETF"", ""豆粕ETF"", ""煤炭ETF"", ""原油ETF""]",0.0
2025-10-31,candidate_03,CLARABEL,optimal,0.05251824550635801,,False,False,ewma,True,243,False,,,2.765553973814749e-06,0.7346737827026404,265651.5799940242,True,False,0.0,2.7655539738120234e-06,7.346737827026404e-07,1e-06,symmetrized,252,30,60.0,CLARABEL,optimal,True,0.7346737827026404,2.3107326642402004e-06,False,20,0,False,2.35,bond=0.70000000;cash=0.30000000;commodity_gold=0.40000000;defensive=0.25000000;equity=0.70000000,252,252,,,False,not_requested,True,0.005244901378747389,0.06141673347155523,,0.07657338015769159,0.457872357795792,2.2842466806949346e-10,0.26134548744699215,0.30000000022842466,0.110496023443902,0.01834459116179062,0.30981389771889056,0.00926124119752273,,,2025-10-30,"[""可转债ETF"", ""5年国债ETF"", ""10年国债ETF"", ""信用债ETF"", ""日利ETF"", ""沪深300ETF"", ""中证500ETF"", ""中证1000ETF"", ""中证2000ETF"", ""创业板ETF"", ""红利ETF"", ""半导体ETF"", ""人工智能ETF"", ""新能源ETF"", ""科创50ETF"", ""证券ETF"", ""军工ETF"", ""消费ETF"", ""恒生ETF"", ""白银LOF"", ""纳指ETF"", ""标普500ETF"", ""日经225ETF"", ""欧洲ETF"", ""黄金ETF"", ""有色金属期货ETF"", ""能源化工期货ETF"", ""豆粕ETF"", ""煤炭ETF"", ""原油ETF""]",0.0
2025-11-07,candidate_03,CLARABEL,optimal,0.051257263489571304,,False,False,ewma,True,243,False,,,2.8027004720363956e-06,0.7235272372942205,258153.6073915589,True,False,0.0,2.802700472037751e-06,7.235272372942203e-07,1e-06,symmetrized,252,30,60.0,CLARABEL,optimal,True,0.7235272372942205,4.271713887560313e-06,False,20,0,False,2.35,bond=0.70000000;cash=0.30000000;commodity_gold=0.40000000;defensive=0.25000000;equity=0.70000000,252,252,,,False,not_requested,True,0.0005662537288953478,0.06083608392529092,,0.07521103669738473,0.45275056505265565,5.2908177838872916e-11,0.26195391038030114,0.30000000005290817,0.11158683660583796,0.018800070137572247,0.3076591828233804,0.009218649131178334,,,2025-11-06,"[""可转债ETF"", ""5年国债ETF"", ""10年国债ETF"", ""信用债ETF"", ""日利ETF"", ""沪深300ETF"", ""中证500ETF"", ""中证1000ETF"", ""中证2000ETF"", ""创业板ETF"", ""红利ETF"", ""半导体ETF"", ""人工智能ETF"", ""新能源ETF"", ""科创50ETF"", ""证券ETF"", ""军工ETF"", ""消费ETF"", ""恒生ETF"", ""白银LOF"", ""纳指ETF"", ""标普500ETF"", ""日经225ETF"", ""欧洲ETF"", ""黄金ETF"", ""有色金属期货ETF"", ""能源化工期货ETF"", ""豆粕ETF"", ""煤炭ETF"", ""原油ETF""]",0.0
2025-11-14,candidate_03,CLARABEL,optimal,0.05306138928482415,,False,False,ewma,True,243,False,,,2.686782346254556e-06,0.6971569212343254,259476.51554513903,True,False,0.0,2.686782346254396e-06,6.971569212343254e-07,1e-06,symmetrized,252,30,60.0,CLARABEL,optimal,True,0.6971569212343254,2.392550058696874e-06,False,20,0,False,2.35,bond=0.70000000;cash=0.30000000;commodity_gold=0.40000000;defensive=0.25000000;equity=0.70000000,252,252,,,False,not_requested,True,0.003924435686746377,0.05979724853354067,,0.07267595751369277,0.4603551813127912,4.673693654311251e-10,0.2591056286844653,0.30000000046736935,0.11472865104341512,0.018871776818338248,0.307293942986412,0.009192920962867715,,,2025-11-13,"[""可转债ETF"", ""5年国债ETF"", ""10年国债ETF"", ""信用债ETF"", ""日利ETF"", ""沪深300ETF"", ""中证500ETF"", ""中证1000ETF"", ""中证2000ETF"", ""创业板ETF"", ""红利ETF"", ""半导体ETF"", ""人工智能ETF"", ""新能源ETF"", ""科创50ETF"", ""证券ETF"", ""军工ETF"", ""消费ETF"", ""恒生ETF"", ""白银LOF"", ""纳指ETF"", ""标普500ETF"", ""日经225ETF"", ""欧洲ETF"", ""黄金ETF"", ""有色金属期货ETF"", ""能源化工期货ETF"", ""豆粕ETF"", ""煤炭ETF"", ""原油ETF""]",0.0
2025-11-21,candidate_03,CLARABEL,optimal,0.05240444028701268,,False,False,ewma,True,243,False,,,2.699981277278833e-06,0.6812783063073728,252327.0483542008,True,False,0.0,2.6999812772783182e-06,6.812783063073726e-07,1e-06,symmetrized,252,30,60.0,CLARABEL,optimal,True,0.6812783063073728,3.4000039759521372e-06,False,20,0,False,2.35,bond=0.70000000;cash=0.30000000;commodity_gold=0.40000000;defensive=0.25000000;equity=0.70000000,252,252,,,False,not_requested,True,0.008608750294494809,0.059074434421375895,,0.0691676977984581,0.4570762853442934,2.4701296563733877e-11,0.26543215675614484,0.3000000000247013,0.11519095596378522,0.018787873645788686,0.30058901360957996,0.009069194626009584,,,2025-11-20,"[""可转债ETF"", ""5年国债ETF"", ""10年国债ETF"", ""信用债ETF"", ""日利ETF"", ""沪深300ETF"", ""中证500ETF"", ""中证1000ETF"", ""中证2000ETF"", ""创业板ETF"", ""红利ETF"", ""半导体ETF"", ""人工智能ETF"", ""新能源ETF"", ""科创50ETF"", ""证券ETF"", ""军工ETF"", ""消费ETF"", ""恒生ETF"", ""白银LOF"", ""纳指ETF"", ""标普500ETF"", ""日经225ETF"", ""欧洲ETF"", ""黄金ETF"", ""有色金属期货ETF"", ""能源化工期货ETF"", ""豆粕ETF"", ""煤炭ETF"", ""原油ETF""]",0.0
2025-11-28,candidate_03,CLARABEL,optimal,0.05517213116769009,,False,False,ewma,True,243,False,,,2.6764313554498074e-06,0.7080558160196777,264552.2047774247,True,False,0.0,2.676431355448631e-06,7.080558160196777e-07,1e-06,symmetrized,252,30,60.0,CLARABEL,optimal,True,0.7080558160196777,2.169012594033237e-06,False,20,0,False,2.35,bond=0.70000000;cash=0.30000000;commodity_gold=0.40000000;defensive=0.25000000;equity=0.70000000,252,252,,,False,not_requested,True,0.0006659453380982588,0.06099872225894511,,0.0669367574827291,0.46971741495212505,2.6024793431389526e-10,0.2654781676145338,0.3000000002602479,0.11719877815491506,0.01840957191924362,0.2989134820510595,0.009312868712542787,,,2025-11-27,"[""可转债ETF"", ""5年国债ETF"", ""10年国债ETF"", ""信用债ETF"", ""日利ETF"", ""沪深300ETF"", ""中证500ETF"", ""中证1000ETF"", ""中证2000ETF"", ""创业板ETF"", ""红利ETF"", ""半导体ETF"", ""人工智能ETF"", ""新能源ETF"", ""科创50ETF"", ""证券ETF"", ""军工ETF"", ""消费ETF"", ""恒生ETF"", ""白银LOF"", ""纳指ETF"", ""标普500ETF"", ""日经225ETF"", ""欧洲ETF"", ""黄金ETF"", ""有色金属期货ETF"", ""能源化工期货ETF"", ""豆粕ETF"", ""煤炭ETF"", ""原油ETF""]",0.0
2025-12-05,candidate_03,CLARABEL,optimal,0.05506276946760922,,False,False,ewma,True,243,False,,,2.703018575147885e-06,0.6788014076300959,251127.17088633322,True,False,0.0,2.7030185751476407e-06,6.788014076300955e-07,1e-06,symmetrized,252,30,60.0,CLARABEL,optimal,True,0.6788014076300959,8.938098779581738e-07,False,20,0,False,2.35,bond=0.70000000;cash=0.30000000;commodity_gold=0.40000000;defensive=0.25000000;equity=0.70000000,252,252,,,False,not_requested,True,0.00367721373425957,0.06024225569336418,,0.06615812486472958,0.46899092540817355,2.422571587779032e-10,0.263513992340662,0.30000000024225715,0.11930780253358106,0.018280714864427738,0.2988974900190722,0.009309590695203464,,,2025-12-04,"[""可转债ETF"", ""5年国债ETF"", ""10年国债ETF"", ""信用债ETF"", ""日利ETF"", ""沪深300ETF"", ""中证500ETF"", ""中证1000ETF"", ""中证2000ETF"", ""创业板ETF"", ""红利ETF"", ""半导体ETF"", ""人工智能ETF"", ""新能源ETF"", ""科创50ETF"", ""证券ETF"", ""军工ETF"", ""消费ETF"", ""恒生ETF"", ""白银LOF"", ""纳指ETF"", ""标普500ETF"", ""日经225ETF"", ""欧洲ETF"", ""黄金ETF"", ""有色金属期货ETF"", ""能源化工期货ETF"", ""豆粕ETF"", ""煤炭ETF"", ""原油ETF""]",0.0
2025-12-12,candidate_03,CLARABEL,optimal,0.05471865445410634,,False,False,ewma,True,243,False,,,2.5840168005018625e-06,0.652464121013032,252499.95312968234,True,False,0.0,2.5840168005008105e-06,6.524641210130317e-07,1e-06,symmetrized,252,30,60.0,CLARABEL,optimal,True,0.652464121013032,2.767133933823107e-06,False,20,0,False,2.35,bond=0.70000000;cash=0.30000000;commodity_gold=0.40000000;defensive=0.25000000;equity=0.70000000,252,252,,,False,not_requested,True,0.002528394036415065,0.059594672370141495,,0.06796800978652627,0.4676209065265029,1.783106440278459e-10,0.2629331560177794,0.30000000017831063,0.12095245292855783,0.017788316913646452,0.29832607396170574,0.009185515457212324,,,2025-12-11,"[""可转债ETF"", ""5年国债ETF"", ""10年国债ETF"", ""信用债ETF"", ""日利ETF"", ""沪深300ETF"", ""中证500ETF"", ""中证1000ETF"", ""中证2000ETF"", ""创业板ETF"", ""红利ETF"", ""半导体ETF"", ""人工智能ETF"", ""新能源ETF"", ""科创50ETF"", ""证券ETF"", ""军工ETF"", ""消费ETF"", ""恒生ETF"", ""白银LOF"", ""纳指ETF"", ""标普500ETF"", ""日经225ETF"", ""欧洲ETF"", ""黄金ETF"", ""有色金属期货ETF"", ""能源化工期货ETF"", ""豆粕ETF"", ""煤炭ETF"", ""原油ETF""]",0.0
2025-12-19,candidate_03,CLARABEL,optimal,0.060359424477466984,,False,False,ewma,True,243,False,,,2.500295628610362e-06,0.661556381571639,264591.26432954054,True,False,0.0,2.500295628610478e-06,6.61556381571639e-07,1e-06,symmetrized,252,30,60.0,CLARABEL,optimal,True,0.661556381571639,3.5434711687098996e-06,False,20,0,False,2.35,bond=0.70000000;cash=0.30000000;commodity_gold=0.40000000;defensive=0.25000000;equity=0.70000000,252,252,,,False,not_requested,True,0.0032072219291993456,0.06078522727856386,,0.06949524890961961,0.49109802635443045,1.216174216889243e-09,0.26151285129749835,0.3000000012161742,0.12568472936283748,0.017803103311190994,0.29499931481229913,0.009164866081875098,,,2025-12-18,"[""可转债ETF"", ""5年国债ETF"", ""10年国债ETF"", ""信用债ETF"", ""日利ETF"", ""沪深300ETF"", ""中证500ETF"", ""中证1000ETF"", ""中证2000ETF"", ""创业板ETF"", ""红利ETF"", ""半导体ETF"", ""人工智能ETF"", ""新能源ETF"", ""科创50ETF"", ""证券ETF"", ""军工ETF"", ""消费ETF"", ""恒生ETF"", ""白银LOF"", ""纳指ETF"", ""标普500ETF"", ""日经225ETF"", ""欧洲ETF"", ""黄金ETF"", ""有色金属期货ETF"", ""能源化工期货ETF"", ""豆粕ETF"", ""煤炭ETF"", ""原油ETF""]",0.0
2025-12-26,candidate_03,CLARABEL,optimal,0.06147492936592138,,False,False,ewma,True,243,False,,,2.374643337956269e-06,0.6446367247278166,271466.7564698881,True,False,0.0,2.374643337955409e-06,6.446367247278164e-07,1e-06,symmetrized,252,30,60.0,CLARABEL,optimal,True,0.6446367247278166,3.3643319165554963e-06,False,20,0,False,2.35,bond=0.70000000;cash=0.30000000;commodity_gold=0.40000000;defensive=0.25000000;equity=0.70000000,252,252,,,False,not_requested,True,0.010870314062511965,0.0626771266675185,,0.10153688621092913,0.4949919675730198,1.848436959051014e-10,0.2572592673348295,0.3000000001848437,0.1268942562035754,0.017472982650035548,0.298373493626716,0.009299948698916784,,,2025-12-25,"[""可转债ETF"", ""5年国债ETF"", ""10年国债ETF"", ""信用债ETF"", ""日利ETF"", ""沪深300ETF"", ""中证500ETF"", ""中证1000ETF"", ""中证2000ETF"", ""创业板ETF"", ""红利ETF"", ""半导体ETF"", ""人工智能ETF"", ""新能源ETF"", ""科创50ETF"", ""证券ETF"", ""军工ETF"", ""消费ETF"", ""恒生ETF"", ""白银LOF"", ""纳指ETF"", ""标普500ETF"", ""日经225ETF"", ""欧洲ETF"", ""黄金ETF"", ""有色金属期货ETF"", ""能源化工期货ETF"", ""豆粕ETF"", ""煤炭ETF"", ""原油ETF""]",0.0
2025-12-31,candidate_03,CLARABEL,optimal,0.06130934386997085,,False,False,ewma,True,243,False,,,2.329621622073214e-06,0.6228522408691899,267361.97628303745,True,False,0.0,2.329621622075353e-06,6.228522408691895e-07,1e-06,symmetrized,252,30,60.0,CLARABEL,optimal,True,0.6228522408691899,2.4396833218989777e-06,False,20,0,False,2.35,bond=0.70000000;cash=0.30000000;commodity_gold=0.40000000;defensive=0.25000000;equity=0.70000000,252,252,,,False,not_requested,True,0.00372806961773829,0.06111537086369173,,0.08007782265020974,0.49490873525017026,3.129725367756464e-10,0.25906592157953234,0.3000000003129725,0.12271042349357647,0.017656656943323815,0.3005669976705948,0.009262771783334215,,,2025-12-30,"[""可转债ETF"", ""5年国债ETF"", ""10年国债ETF"", ""信用债ETF"", ""日利ETF"", ""沪深300ETF"", ""中证500ETF"", ""中证1000ETF"", ""中证2000ETF"", ""创业板ETF"", ""红利ETF"", ""半导体ETF"", ""人工智能ETF"", ""新能源ETF"", ""科创50ETF"", ""证券ETF"", ""军工ETF"", ""消费ETF"", ""恒生ETF"", ""白银LOF"", ""纳指ETF"", ""标普500ETF"", ""日经225ETF"", ""欧洲ETF"", ""黄金ETF"", ""有色金属期货ETF"", ""能源化工期货ETF"", ""豆粕ETF"", ""煤炭ETF"", ""原油ETF""]",0.0
2026-01-09,candidate_03,CLARABEL,optimal,0.060143370179793945,,False,False,ewma,True,243,False,,,2.391657533522463e-06,0.6463467216480214,270250.5323561413,True,False,0.0,2.391657533523893e-06,6.463467216480207e-07,1e-06,symmetrized,252,30,60.0,CLARABEL,optimal,True,0.6463467216480214,2.2367127261238573e-06,False,20,0,False,2.35,bond=0.70000000;cash=0.30000000;commodity_gold=0.40000000;defensive=0.25000000;equity=0.70000000,252,252,,,False,not_requested,True,0.007846000612971945,0.06340774461165022,,0.07797134341668671,0.48983301794530193,5.596190177925564e-11,0.2557093576676181,0.3000000000559619,0.12025608629828538,0.017601208689342392,0.30643334728879207,0.00940923917608738,,,2026-01-08,"[""可转债ETF"", ""5年国债ETF"", ""10年国债ETF"", ""信用债ETF"", ""日利ETF"", ""沪深300ETF"", ""中证500ETF"", ""中证1000ETF"", ""中证2000ETF"", ""创业板ETF"", ""红利ETF"", ""半导体ETF"", ""人工智能ETF"", ""新能源ETF"", ""科创50ETF"", ""证券ETF"", ""军工ETF"", ""消费ETF"", ""恒生ETF"", ""白银LOF"", ""纳指ETF"", ""标普500ETF"", ""日经225ETF"", ""欧洲ETF"", ""黄金ETF"", ""有色金属期货ETF"", ""能源化工期货ETF"", ""豆粕ETF"", ""煤炭ETF"", ""原油ETF""]",0.0
2026-01-16,candidate_03,CLARABEL,optimal,0.06232626535334351,,False,False,ewma,True,243,False,,,2.3608770687354617e-06,0.6607263123304732,279864.76766635414,True,False,0.0,2.3608770687350793e-06,6.607263123304731e-07,1e-06,symmetrized,252,30,60.0,CLARABEL,optimal,True,0.6607263123304732,2.9978446958213445e-06,False,20,0,False,2.35,bond=0.70000000;cash=0.30000000;commodity_gold=0.40000000;defensive=0.25000000;equity=0.70000000,252,252,,,False,not_requested,True,0.008138700360783607,0.06525035611786502,,0.0956943026621965,0.4986423557461863,3.637495860076001e-11,0.25270156041968894,0.30000000003637495,0.12301347526617384,0.01717787923820152,0.30710708503956086,0.009428266351567282,,,2026-01-15,"[""可转债ETF"", ""5年国债ETF"", ""10年国债ETF"", ""信用债ETF"", ""日利ETF"", ""沪深300ETF"", ""中证500ETF"", ""中证1000ETF"", ""中证2000ETF"", ""创业板ETF"", ""红利ETF"", ""半导体ETF"", ""人工智能ETF"", ""新能源ETF"", ""科创50ETF"", ""证券ETF"", ""军工ETF"", ""消费ETF"", ""恒生ETF"", ""白银LOF"", ""纳指ETF"", ""标普500ETF"", ""日经225ETF"", ""欧洲ETF"", ""黄金ETF"", ""有色金属期货ETF"", ""能源化工期货ETF"", ""豆粕ETF"", ""煤炭ETF"", ""原油ETF""]",0.0
2026-01-23,candidate_03,CLARABEL,optimal,0.0631098566855624,,False,False,ewma,True,243,False,,,2.3392160035804523e-06,0.6375253709207569,272538.0511867854,True,False,0.0,2.339216003580459e-06,6.375253709207566e-07,1e-06,symmetrized,252,30,60.0,CLARABEL,optimal,True,0.6375253709207569,3.5152010855743487e-06,False,20,0,False,2.35,bond=0.70000000;cash=0.30000000;commodity_gold=0.40000000;defensive=0.25000000;equity=0.70000000,252,252,,,False,not_requested,True,0.0072587901388853834,0.06556383403003153,,0.13498846877439197,0.5018466030401841,9.730192762624768e-10,0.2501819383710834,0.30000000097301927,0.12869733630814742,0.0171397770010489,0.30398094734670095,0.009445612884856864,,,2026-01-22,"[""可转债ETF"", ""5年国债ETF"", ""10年国债ETF"", ""信用债ETF"", ""日利ETF"", ""沪深300ETF"", ""中证500ETF"", ""中证1000ETF"", ""中证2000ETF"", ""创业板ETF"", ""红利ETF"", ""半导体ETF"", ""人工智能ETF"", ""新能源ETF"", ""科创50ETF"", ""证券ETF"", ""军工ETF"", ""消费ETF"", ""恒生ETF"", ""白银LOF"", ""纳指ETF"", ""标普500ETF"", ""日经225ETF"", ""欧洲ETF"", ""黄金ETF"", ""有色金属期货ETF"", ""能源化工期货ETF"", ""豆粕ETF"", ""煤炭ETF"", ""原油ETF""]",0.0
2026-01-30,candidate_03,CLARABEL,optimal,0.0662665380580476,,False,False,ewma,True,243,False,,,2.248791474650086e-06,0.6106430944586826,271542.78257556056,True,False,0.0,2.248791474650149e-06,6.106430944586818e-07,1e-06,symmetrized,252,30,60.0,CLARABEL,optimal,True,0.6106430944586826,2.6959018405506296e-06,False,20,0,False,2.35,bond=0.70000000;cash=0.30000000;commodity_gold=0.40000000;defensive=0.25000000;equity=0.70000000,252,252,,,False,not_requested,True,0.013846227883565026,0.06700648586353418,,0.1891499910458993,0.5137527017233786,1.57031110337158e-10,0.24466519306089024,0.3000000001570311,0.14081169501446286,0.01722597559627962,0.2972971361713361,0.009430715281014685,,,2026-01-29,"[""可转债ETF"", ""5年国债ETF"", ""10年国债ETF"", ""信用债ETF"", ""日利ETF"", ""沪深300ETF"", ""中证500ETF"", ""中证1000ETF"", ""中证2000ETF"", ""创业板ETF"", ""红利ETF"", ""半导体ETF"", ""人工智能ETF"", ""新能源ETF"", ""科创50ETF"", ""证券ETF"", ""军工ETF"", ""消费ETF"", ""恒生ETF"", ""白银LOF"", ""纳指ETF"", ""标普500ETF"", ""日经225ETF"", ""欧洲ETF"", ""黄金ETF"", ""有色金属期货ETF"", ""能源化工期货ETF"", ""豆粕ETF"", ""煤炭ETF"", ""原油ETF""]",0.0
2026-02-06,candidate_03,CLARABEL,optimal,0.07423189849828273,,False,False,ewma,True,243,False,,,2.1617645139904946e-06,0.7647509620156148,353762.3811781089,True,False,0.0,2.1617645139906297e-06,7.647509620156144e-07,1e-06,symmetrized,252,30,60.0,CLARABEL,optimal,True,0.7647509620156148,2.4510424154640387e-06,False,20,0,False,2.35,bond=0.70000000;cash=0.30000000;commodity_gold=0.40000000;defensive=0.25000000;equity=0.70000000,252,252,,,False,not_requested,True,0.019501886895319023,0.07258905030596059,,0.08928404748527746,0.5434556474793792,1.1102230246251565e-16,0.2540635965644519,0.2999999999935449,0.1274103715286669,0.017610313345257568,0.30091571856807864,0.010665278161286417,,,2026-02-05,"[""可转债ETF"", ""5年国债ETF"", ""10年国债ETF"", ""信用债ETF"", ""日利ETF"", ""沪深300ETF"", ""中证500ETF"", ""中证1000ETF"", ""中证2000ETF"", ""创业板ETF"", ""红利ETF"", ""半导体ETF"", ""人工智能ETF"", ""新能源ETF"", ""科创50ETF"", ""证券ETF"", ""军工ETF"", ""消费ETF"", ""恒生ETF"", ""白银LOF"", ""纳指ETF"", ""标普500ETF"", ""日经225ETF"", ""欧洲ETF"", ""黄金ETF"", ""有色金属期货ETF"", ""能源化工期货ETF"", ""豆粕ETF"", ""煤炭ETF"", ""原油ETF""]",0.0
2026-02-13,candidate_03,CLARABEL,optimal,0.0762439513981453,,False,False,ewma,True,243,False,,,1.981912191730182e-06,0.793421778538058,400331.4485115567,True,False,0.0,1.9819121917301122e-06,7.93421778538058e-07,1e-06,symmetrized,252,30,60.0,CLARABEL,optimal,True,0.793421778538058,3.1772922829548245e-06,False,20,0,False,2.35,bond=0.70000000;cash=0.30000000;commodity_gold=0.40000000;defensive=0.25000000;equity=0.70000000,252,252,,,False,not_requested,True,0.0025758302165848623,0.07255051642357399,,0.07740117712175146,0.5520567436224393,8.150108365967412e-11,0.25242260876062783,0.3000000000815011,0.12402872628263684,0.017777539553836003,0.3057711253213982,0.010710400827808771,,,2026-02-12,"[""可转债ETF"", ""5年国债ETF"", ""10年国债ETF"", ""信用债ETF"", ""日利ETF"", ""沪深300ETF"", ""中证500ETF"", ""中证1000ETF"", ""中证2000ETF"", ""创业板ETF"", ""红利ETF"", ""半导体ETF"", ""人工智能ETF"", ""新能源ETF"", ""科创50ETF"", ""证券ETF"", ""军工ETF"", ""消费ETF"", ""恒生ETF"", ""白银LOF"", ""纳指ETF"", ""标普500ETF"", ""日经225ETF"", ""欧洲ETF"", ""黄金ETF"", ""有色金属期货ETF"", ""能源化工期货ETF"", ""豆粕ETF"", ""煤炭ETF"", ""原油ETF""]",0.0
2026-02-27,candidate_03,CLARABEL,optimal,0.07672353901470705,,False,False,ewma,True,243,False,,,2.021722154967062e-06,0.8136505098249669,402454.16899941076,True,False,0.0,2.0217221549669925e-06,8.136505098249666e-07,1e-06,symmetrized,252,30,60.0,CLARABEL,optimal,True,0.8136505098249669,2.291168076540284e-06,False,20,0,False,2.35,bond=0.70000000;cash=0.30000000;commodity_gold=0.40000000;defensive=0.25000000;equity=0.70000000,252,252,,,False,not_requested,True,0.00427194731823822,0.07437187310619671,,0.10308587188048415,0.5536671147328394,2.77445066920734e-10,0.2479540756303574,0.30000000027744506,0.12835234836437334,0.01773050780724918,0.30596306792057515,0.01085065332913983,,,2026-02-26,"[""可转债ETF"", ""5年国债ETF"", ""10年国债ETF"", ""信用债ETF"", ""日利ETF"", ""沪深300ETF"", ""中证500ETF"", ""中证1000ETF"", ""中证2000ETF"", ""创业板ETF"", ""红利ETF"", ""半导体ETF"", ""人工智能ETF"", ""新能源ETF"", ""科创50ETF"", ""证券ETF"", ""军工ETF"", ""消费ETF"", ""恒生ETF"", ""白银LOF"", ""纳指ETF"", ""标普500ETF"", ""日经225ETF"", ""欧洲ETF"", ""黄金ETF"", ""有色金属期货ETF"", ""能源化工期货ETF"", ""豆粕ETF"", ""煤炭ETF"", ""原油ETF""]",0.0
2026-03-06,candidate_03,CLARABEL,optimal,0.07781728122077694,,False,False,ewma,True,243,False,,,1.940072827566457e-06,0.8527833927775907,439562.56727088185,True,False,0.0,1.9400728275664656e-06,8.527833927775908e-07,1e-06,symmetrized,252,30,60.0,CLARABEL,optimal,True,0.8527833927775907,2.230744360672693e-06,False,20,0,False,2.35,bond=0.70000000;cash=0.30000000;commodity_gold=0.40000000;defensive=0.25000000;equity=0.70000000,252,252,,,False,not_requested,True,0.0039215999052438,0.0752322554794819,,0.11522807251876907,0.557629528424385,1.12215625680534e-10,0.2501454754910718,0.3000000001122156,0.13333599907349242,0.018374740253299233,0.298143785069921,0.01104185897521456,,,2026-03-05,"[""可转债ETF"", ""5年国债ETF"", ""10年国债ETF"", ""信用债ETF"", ""日利ETF"", ""沪深300ETF"", ""中证500ETF"", ""中证1000ETF"", ""中证2000ETF"", ""创业板ETF"", ""红利ETF"", ""半导体ETF"", ""人工智能ETF"", ""新能源ETF"", ""科创50ETF"", ""证券ETF"", ""军工ETF"", ""消费ETF"", ""恒生ETF"", ""白银LOF"", ""纳指ETF"", ""标普500ETF"", ""日经225ETF"", ""欧洲ETF"", ""黄金ETF"", ""有色金属期货ETF"", ""能源化工期货ETF"", ""豆粕ETF"", ""煤炭ETF"", ""原油ETF""]",0.0
2026-03-13,candidate_03,CLARABEL,optimal,0.0792336345940344,,False,False,ewma,True,243,False,,,1.8528869911390362e-06,0.8207195648717942,442940.97200567444,True,False,0.0,1.8528869911390883e-06,8.207195648717945e-07,1e-06,symmetrized,252,30,60.0,CLARABEL,optimal,True,0.8207195648717942,1.9946272855550506e-06,False,20,0,False,2.35,bond=0.70000000;cash=0.30000000;commodity_gold=0.40000000;defensive=0.25000000;equity=0.70000000,252,252,,,False,not_requested,True,0.0021907595274173308,0.07306744207878084,,0.1075434142422858,0.5628113793292892,3.399652781510554e-11,0.24801866859803784,0.3000000000339965,0.1359581133798049,0.018807376140639393,0.29721584184752114,0.011014686088082053,,,2026-03-12,"[""可转债ETF"", ""5年国债ETF"", ""10年国债ETF"", ""信用债ETF"", ""日利ETF"", ""沪深300ETF"", ""中证500ETF"", ""中证1000ETF"", ""中证2000ETF"", ""创业板ETF"", ""红利ETF"", ""半导体ETF"", ""人工智能ETF"", ""新能源ETF"", ""科创50ETF"", ""证券ETF"", ""军工ETF"", ""消费ETF"", ""恒生ETF"", ""白银LOF"", ""纳指ETF"", ""标普500ETF"", ""日经225ETF"", ""欧洲ETF"", ""黄金ETF"", ""有色金属期货ETF"", ""能源化工期货ETF"", ""豆粕ETF"", ""煤炭ETF"", ""原油ETF""]",0.0
2026-03-20,candidate_03,CLARABEL,optimal,0.08066490941616718,,False,False,ewma,True,243,False,,,1.7979428064464563e-06,0.8512369766547634,473450.53113073745,True,False,0.0,1.7979428064461422e-06,8.512369766547635e-07,1e-06,symmetrized,252,30,60.0,CLARABEL,optimal,True,0.8512369766547634,1.580580019561184e-06,False,20,0,False,2.35,bond=0.70000000;cash=0.30000000;commodity_gold=0.40000000;defensive=0.25000000;equity=0.70000000,252,252,,,False,not_requested,True,0.010496991592908358,0.07144675983301514,,0.08171022626659188,0.5672806024775786,1.485232492548505e-10,0.2527732494929708,0.30000000014852324,0.13177672135297458,0.0187002854575347,0.2967497435479968,0.010657167124027972,,,2026-03-19,"[""可转债ETF"", ""5年国债ETF"", ""10年国债ETF"", ""信用债ETF"", ""日利ETF"", ""沪深300ETF"", ""中证500ETF"", ""中证1000ETF"", ""中证2000ETF"", ""创业板ETF"", ""红利ETF"", ""半导体ETF"", ""人工智能ETF"", ""新能源ETF"", ""科创50ETF"", ""证券ETF"", ""军工ETF"", ""消费ETF"", ""恒生ETF"", ""白银LOF"", ""纳指ETF"", ""标普500ETF"", ""日经225ETF"", ""欧洲ETF"", ""黄金ETF"", ""有色金属期货ETF"", ""能源化工期货ETF"", ""豆粕ETF"", ""煤炭ETF"", ""原油ETF""]",0.0
2026-03-27,candidate_03,CLARABEL,optimal,0.074306090415426,,False,False,ewma,True,243,False,,,1.8804095381596698e-06,1.0188817526054712,541840.3448445791,True,False,0.0,1.880409538159631e-06,1.0188817526054693e-06,1e-06,symmetrized,252,30,60.0,CLARABEL,optimal,True,1.0188817526054712,4.205873134238702e-06,False,20,0,False,2.35,bond=0.70000000;cash=0.30000000;commodity_gold=0.40000000;defensive=0.25000000;equity=0.70000000,252,252,,,False,not_requested,True,0.005920329606777941,0.07634102860353953,,0.08266481148921578,0.5447418020472027,2.464207171648525e-10,0.25557225410392526,0.3000000002464207,0.1322566859650296,0.01867152809841933,0.29349953158620506,0.011315846994111476,,,2026-03-26,"[""可转债ETF"", ""5年国债ETF"", ""10年国债ETF"", ""信用债ETF"", ""日利ETF"", ""沪深300ETF"", ""中证500ETF"", ""中证1000ETF"", ""中证2000ETF"", ""创业板ETF"", ""红利ETF"", ""半导体ETF"", ""人工智能ETF"", ""新能源ETF"", ""科创50ETF"", ""证券ETF"", ""军工ETF"", ""消费ETF"", ""恒生ETF"", ""白银LOF"", ""纳指ETF"", ""标普500ETF"", ""日经225ETF"", ""欧洲ETF"", ""黄金ETF"", ""有色金属期货ETF"", ""能源化工期货ETF"", ""豆粕ETF"", ""煤炭ETF"", ""原油ETF""]",0.0
2026-04-03,candidate_03,CLARABEL,optimal,0.07639459229465818,,False,False,ewma,True,243,False,,,1.7902519803371364e-06,1.055886222327676,589797.5446611899,True,False,0.0,1.7902519803367152e-06,1.055886222327676e-06,1e-06,symmetrized,252,30,60.0,CLARABEL,optimal,True,1.055886222327676,3.4317533918123977e-06,False,20,0,False,2.35,bond=0.70000000;cash=0.30000000;commodity_gold=0.40000000;defensive=0.25000000;equity=0.70000000,252,252,,,False,not_requested,True,0.0007198743261992002,0.07707273227195706,,0.09204962989837295,0.5527385597037224,3.099287493313341e-11,0.25585446283135216,0.30000000003099286,0.13382886119413262,0.018631340162730856,0.29168533578079137,0.011375331260301177,,,2026-04-02,"[""可转债ETF"", ""5年国债ETF"", ""10年国债ETF"", ""信用债ETF"", ""日利ETF"", ""沪深300ETF"", ""中证500ETF"", ""中证1000ETF"", ""中证2000ETF"", ""创业板ETF"", ""红利ETF"", ""半导体ETF"", ""人工智能ETF"", ""新能源ETF"", ""科创50ETF"", ""证券ETF"", ""军工ETF"", ""消费ETF"", ""恒生ETF"", ""白银LOF"", ""纳指ETF"", ""标普500ETF"", ""日经225ETF"", ""欧洲ETF"", ""黄金ETF"", ""有色金属期货ETF"", ""能源化工期货ETF"", ""豆粕ETF"", ""煤炭ETF"", ""原油ETF""]",0.0
2026-04-10,candidate_03,CLARABEL,optimal,0.07565973169516316,,False,False,ewma,True,243,False,,,2.054330330183907e-06,1.1793462539529869,574078.1979533982,True,False,0.0,2.054330330183699e-06,1.1793462539529867e-06,1e-06,symmetrized,252,30,60.0,CLARABEL,optimal,True,1.1793462539529869,1.7702286324618177e-06,False,20,0,False,2.35,bond=0.70000000;cash=0.30000000;commodity_gold=0.40000000;defensive=0.25000000;equity=0.70000000,252,252,,,False,not_requested,True,0.00595985772552121,0.08089917415845052,,0.09114027341743292,0.5496862617287614,5.375830336440401e-10,0.2509201256237995,0.300000000537583,0.1315841138693919,0.018184016061396323,0.29931174390782916,0.011592560360747501,,,2026-04-09,"[""可转债ETF"", ""5年国债ETF"", ""10年国债ETF"", ""信用债ETF"", ""日利ETF"", ""沪深300ETF"", ""中证500ETF"", ""中证1000ETF"", ""中证2000ETF"", ""创业板ETF"", ""红利ETF"", ""半导体ETF"", ""人工智能ETF"", ""新能源ETF"", ""科创50ETF"", ""证券ETF"", ""军工ETF"", ""消费ETF"", ""恒生ETF"", ""白银LOF"", ""纳指ETF"", ""标普500ETF"", ""日经225ETF"", ""欧洲ETF"", ""黄金ETF"", ""有色金属期货ETF"", ""能源化工期货ETF"", ""豆粕ETF"", ""煤炭ETF"", ""原油ETF""]",0.0
2026-04-17,candidate_03,CLARABEL,optimal,0.0764261906105203,,False,False,ewma,True,243,False,,,1.9927628367716534e-06,1.1411510834435954,572647.714211843,True,False,0.0,1.9927628367716077e-06,1.141151083443595e-06,1e-06,symmetrized,252,30,60.0,CLARABEL,optimal,True,1.1411510834435954,1.8287800853805658e-06,False,20,0,False,2.35,bond=0.70000000;cash=0.30000000;commodity_gold=0.40000000;defensive=0.25000000;equity=0.70000000,252,252,,,False,not_requested,True,0.008809849044327458,0.08159016262392697,,0.0820672003321111,0.5522584564311189,1.1373091357569365e-09,0.24335133550898153,0.3000000011373091,0.1299636635015206,0.018092993653551777,0.30859200619863697,0.01184629766675845,,,2026-04-16,"[""可转债ETF"", ""5年国债ETF"", ""10年国债ETF"", ""信用债ETF"", ""日利ETF"", ""沪深300ETF"", ""中证500ETF"", ""中证1000ETF"", ""中证2000ETF"", ""创业板ETF"", ""红利ETF"", ""半导体ETF"", ""人工智能ETF"", ""新能源ETF"", ""科创50ETF"", ""证券ETF"", ""军工ETF"", ""消费ETF"", ""恒生ETF"", ""白银LOF"", ""纳指ETF"", ""标普500ETF"", ""日经225ETF"", ""欧洲ETF"", ""黄金ETF"", ""有色金属期货ETF"", ""能源化工期货ETF"", ""豆粕ETF"", ""煤炭ETF"", ""原油ETF""]",0.0
2026-04-24,candidate_03,CLARABEL,optimal,0.08049582570996823,,False,False,ewma,True,243,False,,,1.862169787196539e-06,1.077608481460715,578684.3331203617,True,False,0.0,1.8621697871965497e-06,1.0776084814607156e-06,1e-06,symmetrized,252,30,60.0,CLARABEL,optimal,True,1.077608481460715,2.5155873106669224e-06,False,20,0,False,2.35,bond=0.70000000;cash=0.30000000;commodity_gold=0.40000000;defensive=0.25000000;equity=0.70000000,252,252,,,False,not_requested,True,0.001475186279171618,0.07778883336597256,,0.08348662458249276,0.5673301664057749,3.5822106392302544e-10,0.2422365975743176,0.30000000035822105,0.12910556770605863,0.018317477864633443,0.3103403564967691,0.009337718165881699,,,2026-04-23,"[""可转债ETF"", ""5年国债ETF"", ""10年国债ETF"", ""信用债ETF"", ""日利ETF"", ""沪深300ETF"", ""中证500ETF"", ""中证1000ETF"", ""中证2000ETF"", ""创业板ETF"", ""红利ETF"", ""半导体ETF"", ""人工智能ETF"", ""新能源ETF"", ""科创50ETF"", ""证券ETF"", ""军工ETF"", ""消费ETF"", ""恒生ETF"", ""白银LOF"", ""纳指ETF"", ""标普500ETF"", ""日经225ETF"", ""欧洲ETF"", ""黄金ETF"", ""有色金属期货ETF"", ""能源化工期货ETF"", ""豆粕ETF"", ""煤炭ETF"", ""原油ETF""]",0.0
2026-04-30,candidate_03,CLARABEL,optimal,0.08035515137697681,,False,False,ewma,True,243,False,,,1.871123565127101e-06,1.0441767628076337,558047.999751799,True,False,0.0,1.8711235651270816e-06,1.0441767628076348e-06,1e-06,symmetrized,252,30,60.0,CLARABEL,optimal,True,1.0441767628076337,1.999301941824766e-06,False,20,0,False,2.35,bond=0.70000000;cash=0.30000000;commodity_gold=0.40000000;defensive=0.25000000;equity=0.70000000,252,252,,,False,not_requested,True,0.0012583020484856784,0.0758710873452244,,0.08330017689622815,0.5668495668001963,6.187972356741511e-11,0.24107559299261228,0.3000000000618797,0.1284476177294513,0.018572704392044805,0.3119040848240119,0.00931630090749866,,,2026-04-29,"[""可转债ETF"", ""5年国债ETF"", ""10年国债ETF"", ""信用债ETF"", ""日利ETF"", ""沪深300ETF"", ""中证500ETF"", ""中证1000ETF"", ""中证2000ETF"", ""创业板ETF"", ""红利ETF"", ""半导体ETF"", ""人工智能ETF"", ""新能源ETF"", ""科创50ETF"", ""证券ETF"", ""军工ETF"", ""消费ETF"", ""恒生ETF"", ""白银LOF"", ""纳指ETF"", ""标普500ETF"", ""日经225ETF"", ""欧洲ETF"", ""黄金ETF"", ""有色金属期货ETF"", ""能源化工期货ETF"", ""豆粕ETF"", ""煤炭ETF"", ""原油ETF""]",0.0
2026-05-08,candidate_03,CLARABEL,optimal,0.07919897976215963,,False,False,ewma,True,243,False,,,1.8386053030290233e-06,1.0529225836302945,572674.6147722133,True,False,0.0,1.8386053030289718e-06,1.0529225836302935e-06,1e-06,symmetrized,252,30,60.0,CLARABEL,optimal,True,1.0529225836302945,1.8692924524665866e-06,False,20,0,False,2.35,bond=0.70000000;cash=0.30000000;commodity_gold=0.40000000;defensive=0.25000000;equity=0.70000000,252,252,,,False,not_requested,True,0.00871209376360267,0.07881064288822304,,0.0850605184639595,0.5622174819721117,3.3763880580295336e-11,0.23327020400195816,0.30000000003376387,0.1269127612640087,0.01789182009167815,0.3219252146085908,0.009613413371177437,,,2026-05-07,"[""可转债ETF"", ""5年国债ETF"", ""10年国债ETF"", ""信用债ETF"", ""日利ETF"", ""沪深300ETF"", ""中证500ETF"", ""中证1000ETF"", ""中证2000ETF"", ""创业板ETF"", ""红利ETF"", ""半导体ETF"", ""人工智能ETF"", ""新能源ETF"", ""科创50ETF"", ""证券ETF"", ""军工ETF"", ""消费ETF"", ""恒生ETF"", ""白银LOF"", ""纳指ETF"", ""标普500ETF"", ""日经225ETF"", ""欧洲ETF"", ""黄金ETF"", ""有色金属期货ETF"", ""能源化工期货ETF"", ""豆粕ETF"", ""煤炭ETF"", ""原油ETF""]",0.0
2026-05-15,candidate_03,CLARABEL,optimal,0.07869447455919057,,False,False,ewma,True,243,False,,,1.7822141506038828e-06,1.021589740031723,573213.796829954,True,False,0.0,1.7822141506038156e-06,1.0215897400317226e-06,1e-06,symmetrized,252,30,60.0,CLARABEL,optimal,True,1.021589740031723,2.944020124288904e-06,False,20,0,False,2.35,bond=0.70000000;cash=0.30000000;commodity_gold=0.40000000;defensive=0.25000000;equity=0.70000000,252,252,,,False,not_requested,True,0.0005310740036501213,0.07871669885083647,,0.08732121306227045,0.5610122770739209,2.4261093134470002e-11,0.23340951609120714,0.3000000000242611,0.12581020347843108,0.017634737693124933,0.3231455427129757,0.00965799847259468,,,2026-05-14,"[""可转债ETF"", ""5年国债ETF"", ""10年国债ETF"", ""信用债ETF"", ""日利ETF"", ""沪深300ETF"", ""中证500ETF"", ""中证1000ETF"", ""中证2000ETF"", ""创业板ETF"", ""红利ETF"", ""半导体ETF"", ""人工智能ETF"", ""新能源ETF"", ""科创50ETF"", ""证券ETF"", ""军工ETF"", ""消费ETF"", ""恒生ETF"", ""白银LOF"", ""纳指ETF"", ""标普500ETF"", ""日经225ETF"", ""欧洲ETF"", ""黄金ETF"", ""有色金属期货ETF"", ""能源化工期货ETF"", ""豆粕ETF"", ""煤炭ETF"", ""原油ETF""]",0.0
2026-05-22,candidate_03,CLARABEL,optimal,0.07979382270367666,,False,False,ewma,True,243,False,,,1.7510202089441636e-06,1.002788573934081,572688.1784755334,True,False,0.0,1.7510202089441587e-06,1.0027885739340814e-06,1e-06,symmetrized,252,30,60.0,CLARABEL,optimal,True,1.002788573934081,2.735653783753067e-06,False,20,0,False,2.35,bond=0.70000000;cash=0.30000000;commodity_gold=0.40000000;defensive=0.25000000;equity=0.70000000,252,252,,,False,not_requested,True,0.0062930259011582095,0.07683889713365934,,0.08728767102406088,0.5645035846755383,4.2027714641790226e-11,0.23605519936794164,0.3000000000420277,0.1247908359560374,0.017530044302419008,0.32162392033157433,0.009524453222943732,,,2026-05-21,"[""可转债ETF"", ""5年国债ETF"", ""10年国债ETF"", ""信用债ETF"", ""日利ETF"", ""沪深300ETF"", ""中证500ETF"", ""中证1000ETF"", ""中证2000ETF"", ""创业板ETF"", ""红利ETF"", ""半导体ETF"", ""人工智能ETF"", ""新能源ETF"", ""科创50ETF"", ""证券ETF"", ""军工ETF"", ""消费ETF"", ""恒生ETF"", ""白银LOF"", ""纳指ETF"", ""标普500ETF"", ""日经225ETF"", ""欧洲ETF"", ""黄金ETF"", ""有色金属期货ETF"", ""能源化工期货ETF"", ""豆粕ETF"", ""煤炭ETF"", ""原油ETF""]",0.0
2026-05-29,candidate_03,CLARABEL,optimal,0.07792319126747221,,False,False,ewma,True,243,False,,,1.7127522989750223e-06,0.9989735181394377,583256.270470203,True,False,0.0,1.712752298974887e-06,9.989735181394372e-07,1e-06,symmetrized,252,30,60.0,CLARABEL,optimal,True,0.9989735181394377,4.156379831251472e-06,False,20,0,False,2.35,bond=0.70000000;cash=0.30000000;commodity_gold=0.40000000;defensive=0.25000000;equity=0.70000000,252,252,,,False,not_requested,True,0.003404791788322644,0.07701565492229671,,0.08915007371565786,0.558046858226688,9.056888572445132e-10,0.2334512591800435,0.30000000090568885,0.12064845955338599,0.01742131000543893,0.32847897035544277,0.009608124194281956,,,2026-05-28,"[""可转债ETF"", ""5年国债ETF"", ""10年国债ETF"", ""信用债ETF"", ""日利ETF"", ""沪深300ETF"", ""中证500ETF"", ""中证1000ETF"", ""中证2000ETF"", ""创业板ETF"", ""红利ETF"", ""半导体ETF"", ""人工智能ETF"", ""新能源ETF"", ""科创50ETF"", ""证券ETF"", ""军工ETF"", ""消费ETF"", ""恒生ETF"", ""白银LOF"", ""纳指ETF"", ""标普500ETF"", ""日经225ETF"", ""欧洲ETF"", ""黄金ETF"", ""有色金属期货ETF"", ""能源化工期货ETF"", ""豆粕ETF"", ""煤炭ETF"", ""原油ETF""]",0.0
2026-06-05,candidate_03,CLARABEL,optimal,0.07780445551292121,,False,False,ewma,True,243,False,,,1.672618737383868e-06,0.9664896176595832,577830.1988720174,True,False,0.0,1.6726187373838114e-06,9.664896176595828e-07,1e-06,symmetrized,252,30,60.0,CLARABEL,optimal,True,0.9664896176595832,1.2821359895789919e-06,False,20,0,False,2.35,bond=0.70000000;cash=0.30000000;commodity_gold=0.40000000;defensive=0.25000000;equity=0.70000000,252,252,,,False,not_requested,True,0.00033257367850515925,0.07432866808720084,,0.0882147527048589,0.5578447965778567,1.3685963473619722e-10,0.23360655607906847,0.3000000001368596,0.12308112852387731,0.01828680438296527,0.3250255108772294,0.009493653578223692,,,2026-06-04,"[""可转债ETF"", ""5年国债ETF"", ""10年国债ETF"", ""信用债ETF"", ""日利ETF"", ""沪深300ETF"", ""中证500ETF"", ""中证1000ETF"", ""中证2000ETF"", ""创业板ETF"", ""红利ETF"", ""半导体ETF"", ""人工智能ETF"", ""新能源ETF"", ""科创50ETF"", ""证券ETF"", ""军工ETF"", ""消费ETF"", ""恒生ETF"", ""白银LOF"", ""纳指ETF"", ""标普500ETF"", ""日经225ETF"", ""欧洲ETF"", ""黄金ETF"", ""有色金属期货ETF"", ""能源化工期货ETF"", ""豆粕ETF"", ""煤炭ETF"", ""原油ETF""]",0.0
2026-06-12,candidate_03,CLARABEL,optimal,0.08106525075144363,,False,False,ewma,True,243,False,,,1.7611416760103717e-06,1.0624009262503433,603245.5768448277,True,False,0.0,1.761141676010197e-06,1.062400926250343e-06,1e-06,symmetrized,252,30,60.0,CLARABEL,optimal,True,1.0624009262503433,2.1075845668995508e-06,False,20,0,False,2.35,bond=0.70000000;cash=0.30000000;commodity_gold=0.40000000;defensive=0.25000000;equity=0.70000000,252,252,,,False,not_requested,True,0.013146231308811814,0.07611878501397992,,0.0894584340924546,0.5685011249096161,6.339545555178461e-11,0.2386096465197397,0.30000000006339544,0.12059761831997777,0.018309139230495198,0.3224835958663919,0.00973403743252238,,,2026-06-11,"[""可转债ETF"", ""5年国债ETF"", ""10年国债ETF"", ""信用债ETF"", ""日利ETF"", ""沪深300ETF"", ""中证500ETF"", ""中证1000ETF"", ""中证2000ETF"", ""创业板ETF"", ""红利ETF"", ""半导体ETF"", ""人工智能ETF"", ""新能源ETF"", ""科创50ETF"", ""证券ETF"", ""军工ETF"", ""消费ETF"", ""恒生ETF"", ""白银LOF"", ""纳指ETF"", ""标普500ETF"", ""日经225ETF"", ""欧洲ETF"", ""黄金ETF"", ""有色金属期货ETF"", ""能源化工期货ETF"", ""豆粕ETF"", ""煤炭ETF"", ""原油ETF""]",0.0
2026-06-18,candidate_03,CLARABEL,optimal,0.08228034854007497,,False,False,ewma,True,243,False,,,1.734601828719581e-06,1.1344179514319395,653993.2869028075,True,False,0.0,1.7346018287196933e-06,1.1344179514319393e-06,1e-06,symmetrized,252,30,60.0,CLARABEL,optimal,True,1.1344179514319395,3.649135316689811e-06,False,20,0,False,2.35,bond=0.70000000;cash=0.30000000;commodity_gold=0.40000000;defensive=0.25000000;equity=0.70000000,252,252,,,False,not_requested,True,0.011419719673446484,0.08146937580081144,,0.09241507772553842,0.5728822853979968,6.307743216638073e-11,0.2291609803346831,0.3000000000630774,0.11726939843172103,0.01740955000431425,0.3361600711662043,0.010173278499766233,,,2026-06-17,"[""可转债ETF"", ""5年国债ETF"", ""10年国债ETF"", ""信用债ETF"", ""日利ETF"", ""沪深300ETF"", ""中证500ETF"", ""中证1000ETF"", ""中证2000ETF"", ""创业板ETF"", ""红利ETF"", ""半导体ETF"", ""人工智能ETF"", ""新能源ETF"", ""科创50ETF"", ""证券ETF"", ""军工ETF"", ""消费ETF"", ""恒生ETF"", ""白银LOF"", ""纳指ETF"", ""标普500ETF"", ""日经225ETF"", ""欧洲ETF"", ""黄金ETF"", ""有色金属期货ETF"", ""能源化工期货ETF"", ""豆粕ETF"", ""煤炭ETF"", ""原油ETF""]",0.0
2026-06-26,candidate_03,CLARABEL,optimal,0.08404296879825264,,False,False,ewma,True,243,False,,,1.7159714625039793e-06,1.1334658880153032,660538.8916907322,True,False,0.0,1.715971462503841e-06,1.133465888015304e-06,1e-06,symmetrized,252,30,60.0,CLARABEL,optimal,True,1.1334658880153032,1.908138701739448e-06,False,20,0,False,2.35,bond=0.70000000;cash=0.30000000;commodity_gold=0.40000000;defensive=0.25000000;equity=0.70000000,252,252,,,False,not_requested,True,2.3098868118423543e-05,0.08361103617926662,,0.09476975588189873,0.5798016898603509,1.3005707621971396e-10,0.22891499632464893,0.30000000013005707,0.10993692702462039,0.016558288403939768,0.34458978811673396,0.010631444368785957,,,2026-06-25,"[""可转债ETF"", ""5年国债ETF"", ""10年国债ETF"", ""信用债ETF"", ""日利ETF"", ""沪深300ETF"", ""中证500ETF"", ""中证1000ETF"", ""中证2000ETF"", ""创业板ETF"", ""红利ETF"", ""半导体ETF"", ""人工智能ETF"", ""新能源ETF"", ""科创50ETF"", ""证券ETF"", ""军工ETF"", ""消费ETF"", ""恒生ETF"", ""白银LOF"", ""纳指ETF"", ""标普500ETF"", ""日经225ETF"", ""欧洲ETF"", ""黄金ETF"", ""有色金属期货ETF"", ""能源化工期货ETF"", ""豆粕ETF"", ""煤炭ETF"", ""原油ETF""]",0.0
2026-07-03,candidate_03,CLARABEL,optimal,0.08640310019423533,,False,False,ewma,True,243,False,,,1.6460034606282978e-06,1.162111106467702,706019.8439826557,True,False,0.0,1.6460034606281946e-06,1.1621111064677027e-06,1e-06,symmetrized,252,30,60.0,CLARABEL,optimal,True,1.162111106467702,2.3450475873862398e-06,False,20,0,False,2.35,bond=0.70000000;cash=0.30000000;commodity_gold=0.40000000;defensive=0.25000000;equity=0.70000000,252,252,,,False,not_requested,True,0.005235313784265238,0.08324906827010657,,0.09597245310450002,0.5875264192337731,5.537795777499355e-10,0.2309782074426429,0.30000000055377957,0.11462660713483976,0.01662360918027082,0.3377715756884667,0.010661441001511925,,,2026-07-02,"[""可转债ETF"", ""5年国债ETF"", ""10年国债ETF"", ""信用债ETF"", ""日利ETF"", ""沪深300ETF"", ""中证500ETF"", ""中证1000ETF"", ""中证2000ETF"", ""创业板ETF"", ""红利ETF"", ""半导体ETF"", ""人工智能ETF"", ""新能源ETF"", ""科创50ETF"", ""证券ETF"", ""军工ETF"", ""消费ETF"", ""恒生ETF"", ""白银LOF"", ""纳指ETF"", ""标普500ETF"", ""日经225ETF"", ""欧洲ETF"", ""黄金ETF"", ""有色金属期货ETF"", ""能源化工期货ETF"", ""豆粕ETF"", ""煤炭ETF"", ""原油ETF""]",0.0
2026-07-10,candidate_03,CLARABEL,optimal,0.080374775457116,,False,False,ewma,True,243,False,,,1.7400810092561336e-06,1.1551886677643357,663870.6253441423,True,False,0.0,1.7400810092562557e-06,1.1551886677643355e-06,1e-06,symmetrized,252,30,60.0,CLARABEL,optimal,True,1.1551886677643357,2.4677747807455575e-06,False,20,0,False,2.35,bond=0.70000000;cash=0.30000000;commodity_gold=0.40000000;defensive=0.25000000;equity=0.70000000,252,252,,,False,not_requested,True,0.004718002582498023,0.08381400900832868,,0.09709864197363019,0.5666709803923116,2.8636426563366513e-11,0.22690485244175218,0.3000000000286364,0.11722738678122135,0.016747556090326597,0.3391202046580635,0.010782485856860558,,,2026-07-09,"[""可转债ETF"", ""5年国债ETF"", ""10年国债ETF"", ""信用债ETF"", ""日利ETF"", ""沪深300ETF"", ""中证500ETF"", ""中证1000ETF"", ""中证2000ETF"", ""创业板ETF"", ""红利ETF"", ""半导体ETF"", ""人工智能ETF"", ""新能源ETF"", ""科创50ETF"", ""证券ETF"", ""军工ETF"", ""消费ETF"", ""恒生ETF"", ""白银LOF"", ""纳指ETF"", ""标普500ETF"", ""日经225ETF"", ""欧洲ETF"", ""黄金ETF"", ""有色金属期货ETF"", ""能源化工期货ETF"", ""豆粕ETF"", ""煤炭ETF"", ""原油ETF""]",0.0
2026-07-17,candidate_03,CLARABEL,optimal,0.08087908829244929,,False,False,ewma,True,243,False,,,1.6719509433425599e-06,1.2038418972082123,720022.2602234338,True,False,0.0,1.6719509433412254e-06,1.2038418972082122e-06,1e-06,symmetrized,252,30,60.0,CLARABEL,optimal,True,1.2038418972082123,2.877228419670419e-06,False,20,0,False,2.35,bond=0.70000000;cash=0.30000000;commodity_gold=0.40000000;defensive=0.25000000;equity=0.70000000,252,252,,,False,not_requested,True,0.011542099417996226,0.0815998893807877,,0.09671663059214014,0.5679605045221505,1.2653211811652909e-11,0.23169117007548762,0.3000000000126532,0.12086166413628838,0.01766492241734695,0.3297822433582239,0.010491024076039189,,,2026-07-16,"[""可转债ETF"", ""5年国债ETF"", ""10年国债ETF"", ""信用债ETF"", ""日利ETF"", ""沪深300ETF"", ""中证500ETF"", ""中证1000ETF"", ""中证2000ETF"", ""创业板ETF"", ""红利ETF"", ""半导体ETF"", ""人工智能ETF"", ""新能源ETF"", ""科创50ETF"", ""证券ETF"", ""军工ETF"", ""消费ETF"", ""恒生ETF"", ""白银LOF"", ""纳指ETF"", ""标普500ETF"", ""日经225ETF"", ""欧洲ETF"", ""黄金ETF"", ""有色金属期货ETF"", ""能源化工期货ETF"", ""豆粕ETF"", ""煤炭ETF"", ""原油ETF""]",0.0
2026-07-24,candidate_03,CLARABEL,optimal,0.08485528537792418,,False,False,ewma,True,243,False,,,1.625932533911192e-06,1.3895463976100357,854615.0400640992,True,False,0.0,1.6259325339128014e-06,1.389546397610036e-06,1e-06,symmetrized,252,30,60.0,CLARABEL,optimal,True,1.3895463976100357,2.3611622236331675e-06,False,20,0,False,2.35,bond=0.70000000;cash=0.30000000;commodity_gold=0.40000000;defensive=0.25000000;equity=0.70000000,252,252,,,False,not_requested,True,4.1633946331571386e-05,0.08542498487915201,,0.09642687063061157,0.5825957095922147,4.003692377629875e-10,0.2317715172332358,0.3000000004003692,0.12626680206591498,0.018410570657296794,0.32355110964318323,0.010952937367130579,,,2026-07-23,"[""可转债ETF"", ""5年国债ETF"", ""10年国债ETF"", ""信用债ETF"", ""日利ETF"", ""沪深300ETF"", ""中证500ETF"", ""中证1000ETF"", ""中证2000ETF"", ""创业板ETF"", ""红利ETF"", ""半导体ETF"", ""人工智能ETF"", ""新能源ETF"", ""科创50ETF"", ""证券ETF"", ""军工ETF"", ""消费ETF"", ""恒生ETF"", ""白银LOF"", ""纳指ETF"", ""标普500ETF"", ""日经225ETF"", ""欧洲ETF"", ""黄金ETF"", ""有色金属期货ETF"", ""能源化工期货ETF"", ""豆粕ETF"", ""煤炭ETF"", ""原油ETF""]",0.0
2026-07-31,candidate_03,CLARABEL,optimal,0.08431712770729032,,False,False,ewma,True,243,False,,,1.665133628760746e-06,1.4647924374100691,879684.6163633256,True,False,0.0,1.6651336287604026e-06,1.464792437410069e-06,1e-06,symmetrized,252,30,60.0,CLARABEL,optimal,True,1.4647924374100691,2.695492650667264e-06,False,20,0,False,2.35,bond=0.70000000;cash=0.30000000;commodity_gold=0.40000000;defensive=0.25000000;equity=0.70000000,252,252,,,False,not_requested,True,0.011497063568381444,0.08552746164455594,,0.09481868498197216,0.5799439190709811,4.9484749631290015e-11,0.23696112767644686,0.30000000004948474,0.12598469478080068,0.01893925719802342,0.31811492029524413,0.0111270169594969,,,2026-07-30,"[""可转债ETF"", ""5年国债ETF"", ""10年国债ETF"", ""信用债ETF"", ""日利ETF"", ""沪深300ETF"", ""中证500ETF"", ""中证1000ETF"", ""中证2000ETF"", ""创业板ETF"", ""红利ETF"", ""半导体ETF"", ""人工智能ETF"", ""新能源ETF"", ""科创50ETF"", ""证券ETF"", ""军工ETF"", ""消费ETF"", ""恒生ETF"", ""白银LOF"", ""纳指ETF"", ""标普500ETF"", ""日经225ETF"", ""欧洲ETF"", ""黄金ETF"", ""有色金属期货ETF"", ""能源化工期货ETF"", ""豆粕ETF"", ""煤炭ETF"", ""原油ETF""]",0.0
2026-08-07,candidate_03,CLARABEL,optimal,0.08319259357765904,,False,False,ewma,True,243,False,,,1.7040990231234562e-06,1.5070574697083825,884372.0049472743,True,False,0.0,1.704099023123345e-06,1.5070574697083837e-06,1e-06,symmetrized,252,30,60.0,CLARABEL,optimal,True,1.5070574697083825,1.71017159866782e-06,False,20,0,False,2.35,bond=0.70000000;cash=0.30000000;commodity_gold=0.40000000;defensive=0.25000000;equity=0.70000000,252,252,,,False,not_requested,True,0.012573550521364985,0.0905284277945231,,0.10075028423276272,0.5759769110027774,4.7623738286262096e-11,0.22622752925469217,0.3000000000476237,0.12568849321734718,0.01840964833269581,0.329674329147641,0.01161526263850379,,,2026-08-06,"[""可转债ETF"", ""5年国债ETF"", ""10年国债ETF"", ""信用债ETF"", ""日利ETF"", ""沪深300ETF"", ""中证500ETF"", ""中证1000ETF"", ""中证2000ETF"", ""创业板ETF"", ""红利ETF"", ""半导体ETF"", ""人工智能ETF"", ""新能源ETF"", ""科创50ETF"", ""证券ETF"", ""军工ETF"", ""消费ETF"", ""恒生ETF"", ""白银LOF"", ""纳指ETF"", ""标普500ETF"", ""日经225ETF"", ""欧洲ETF"", ""黄金ETF"", ""有色金属期货ETF"", ""能源化工期货ETF"", ""豆粕ETF"", ""煤炭ETF"", ""原油ETF""]",0.0
2026-08-14,candidate_03,CLARABEL,optimal,0.08133670940450431,,False,False,ewma,True,243,False,,,1.709348526262198e-06,1.4532487760968804,850176.9848391736,True,False,0.0,1.7093485262622494e-06,1.4532487760968805e-06,1e-06,symmetrized,252,30,60.0,CLARABEL,optimal,True,1.4532487760968804,1.8463451783856666e-06,False,20,0,False,2.35,bond=0.70000000;cash=0.30000000;commodity_gold=0.40000000;defensive=0.25000000;equity=0.70000000,252,252,,,False,not_requested,True,0.0032180117857327634,0.08884651653736095,,0.101312343793919,0.5701627268254779,6.380457273635898e-11,0.2231437561385307,0.30000000006380456,0.1261635933997751,0.018222307479204215,0.33247034291868544,0.011631961360791688,,,2026-08-13,"[""可转债ETF"", ""5年国债ETF"", ""10年国债ETF"", ""信用债ETF"", ""日利ETF"", ""沪深300ETF"", ""中证500ETF"", ""中证1000ETF"", ""中证2000ETF"", ""创业板ETF"", ""红利ETF"", ""半导体ETF"", ""人工智能ETF"", ""新能源ETF"", ""科创50ETF"", ""证券ETF"", ""军工ETF"", ""消费ETF"", ""恒生ETF"", ""白银LOF"", ""纳指ETF"", ""标普500ETF"", ""日经225ETF"", ""欧洲ETF"", ""黄金ETF"", ""有色金属期货ETF"", ""能源化工期货ETF"", ""豆粕ETF"", ""煤炭ETF"", ""原油ETF""]",0.0
2026-08-21,candidate_03,CLARABEL,optimal,0.07973032868211308,,False,False,ewma,True,243,False,,,1.6535337720388528e-06,1.5003626647943897,907367.4152686952,True,False,0.0,1.6535337720386031e-06,1.5003626647943894e-06,1e-06,symmetrized,252,30,60.0,CLARABEL,optimal,True,1.5003626647943897,1.3659560604145637e-06,False,20,0,False,2.35,bond=0.70000000;cash=0.30000000;commodity_gold=0.40000000;defensive=0.25000000;equity=0.70000000,252,252,,,False,not_requested,True,0.0018894786545586694,0.08879031290492975,,0.10124127740473483,0.5645953321288639,2.0819695967233542e-10,0.22399515012335772,0.30000000020819695,0.12986560412476894,0.01888339461881313,0.32725585092486326,0.011879669912562852,,,2026-08-20,"[""可转债ETF"", ""5年国债ETF"", ""10年国债ETF"", ""信用债ETF"", ""日利ETF"", ""沪深300ETF"", ""中证500ETF"", ""中证1000ETF"", ""中证2000ETF"", ""创业板ETF"", ""红利ETF"", ""半导体ETF"", ""人工智能ETF"", ""新能源ETF"", ""科创50ETF"", ""证券ETF"", ""军工ETF"", ""消费ETF"", ""恒生ETF"", ""白银LOF"", ""纳指ETF"", ""标普500ETF"", ""日经225ETF"", ""欧洲ETF"", ""黄金ETF"", ""有色金属期货ETF"", ""能源化工期货ETF"", ""豆粕ETF"", ""煤炭ETF"", ""原油ETF""]",0.0
2026-08-28,candidate_03,CLARABEL,optimal,0.07898329192923904,,False,False,ewma,True,243,False,,,1.623714924203499e-06,1.4403237651700422,887054.583104594,True,False,0.0,1.6237149242035712e-06,1.4403237651700433e-06,1e-06,symmetrized,252,30,60.0,CLARABEL,optimal,True,1.4403237651700422,3.152157207308992e-06,False,20,0,False,2.35,bond=0.70000000;cash=0.30000000;commodity_gold=0.40000000;defensive=0.25000000;equity=0.70000000,252,252,,,False,not_requested,True,0.003762898733040476,0.08776159297625935,,0.10195542565481817,0.5618074584231343,2.533212528632589e-11,0.2207813482384206,0.3000000000253321,0.13145405108414365,0.019162365489049576,0.3286022351630542,0.012009656562916145,,,2026-08-27,"[""可转债ETF"", ""5年国债ETF"", ""10年国债ETF"", ""信用债ETF"", ""日利ETF"", ""沪深300ETF"", ""中证500ETF"", ""中证1000ETF"", ""中证2000ETF"", ""创业板ETF"", ""红利ETF"", ""半导体ETF"", ""人工智能ETF"", ""新能源ETF"", ""科创50ETF"", ""证券ETF"", ""军工ETF"", ""消费ETF"", ""恒生ETF"", ""白银LOF"", ""纳指ETF"", ""标普500ETF"", ""日经225ETF"", ""欧洲ETF"", ""黄金ETF"", ""有色金属期货ETF"", ""能源化工期货ETF"", ""豆粕ETF"", ""煤炭ETF"", ""原油ETF""]",0.0
2026-08-31,candidate_03,CLARABEL,optimal,0.07874858748496008,,False,False,ewma,True,243,False,,,1.6080563798468398e-06,1.4261199526312298,886859.4226572214,True,False,0.0,1.6080563798468626e-06,1.4261199526312288e-06,1e-06,symmetrized,252,30,60.0,CLARABEL,optimal,True,1.4261199526312298,1.5156458741533152e-06,False,20,0,False,2.35,bond=0.70000000;cash=0.30000000;commodity_gold=0.40000000;defensive=0.25000000;equity=0.70000000,252,252,,,False,not_requested,True,0.0002856500605959017,0.08682661964541213,,0.101734239512216,0.5612229103973927,1.171162611335319e-10,0.2208428271071257,0.30000000011711625,0.1323657938393875,0.019208816715123846,0.3275825622212467,0.011972724750948485,,,2026-08-28,"[""可转债ETF"", ""5年国债ETF"", ""10年国债ETF"", ""信用债ETF"", ""日利ETF"", ""沪深300ETF"", ""中证500ETF"", ""中证1000ETF"", ""中证2000ETF"", ""创业板ETF"", ""红利ETF"", ""半导体ETF"", ""人工智能ETF"", ""新能源ETF"", ""科创50ETF"", ""证券ETF"", ""军工ETF"", ""消费ETF"", ""恒生ETF"", ""白银LOF"", ""纳指ETF"", ""标普500ETF"", ""日经225ETF"", ""欧洲ETF"", ""黄金ETF"", ""有色金属期货ETF"", ""能源化工期货ETF"", ""豆粕ETF"", ""煤炭ETF"", ""原油ETF""]",0.0
