date,n_obs_to_n_assets_ratio,low_sample_warning,ill_conditioned_warning,covariance_method,covariance_annualized,covariance_trading_days,covariance_fallback_used,covariance_fallback_method,covariance_failure_note,covariance_min_eigenvalue,covariance_max_eigenvalue,covariance_condition_number,covariance_point_in_time,covariance_psd_repaired,covariance_jitter_added,covariance_min_eigenvalue_before_repair,covariance_eigenvalue_floor,covariance_relative_floor,covariance_psd_notes,covariance_observations,covariance_assets,covariance_ewma_halflife
2012-03-16,31.0,False,False,sample,True,243,False,,,0.014569447511358939,0.1585309560327784,10.881054748931362,True,False,0.0,0.014569447511358939,1.5853095603277838e-07,1e-06,symmetrized,62,2,
2012-03-23,33.5,False,False,sample,True,243,False,,,0.013642871720817044,0.1543903440259814,11.316557626969702,True,False,0.0,0.013642871720817044,1.5439034402598138e-07,1e-06,symmetrized,67,2,
2012-03-30,36.0,False,False,sample,True,243,False,,,0.012827466711281979,0.1557886750056537,12.144929198579394,True,False,0.0,0.012827466711281979,1.5578867500565369e-07,1e-06,symmetrized,72,2,
2012-04-06,37.0,False,False,sample,True,243,False,,,0.012800564165044655,0.15528124080432484,12.130812267506268,True,False,0.0,0.012800564165044655,1.5528124080432483e-07,1e-06,symmetrized,74,2,
2012-04-13,39.5,False,False,sample,True,243,False,,,0.012333928714312926,0.1500872769234926,12.168651238378215,True,False,0.0,0.012333928714312926,1.500872769234926e-07,1e-06,symmetrized,79,2,
2012-04-20,42.0,False,False,sample,True,243,False,,,0.011871935199427704,0.14484858674860224,12.200924644162882,True,False,0.0,0.011871935199427704,1.4484858674860222e-07,1e-06,symmetrized,84,2,
2012-04-27,44.5,False,False,sample,True,243,False,,,0.012146389221612928,0.14549111800787476,11.978137317466507,True,False,0.0,0.012146389221612928,1.4549111800787475e-07,1e-06,symmetrized,89,2,
2012-05-04,46.0,False,False,sample,True,243,False,,,0.011937873660723651,0.14218016166417188,11.910007234534026,True,False,0.0,0.011937873660723651,1.4218016166417187e-07,1e-06,symmetrized,92,2,
2012-05-11,48.5,False,False,sample,True,243,False,,,0.012060293186831056,0.13869063073018023,11.499772732027784,True,False,0.0,0.012060293186831056,1.3869063073018021e-07,1e-06,symmetrized,97,2,
2012-05-18,51.0,False,False,sample,True,243,False,,,0.011956459928951382,0.1335699322796201,11.171361178252583,True,False,0.0,0.011956459928951382,1.335699322796201e-07,1e-06,symmetrized,102,2,
2012-05-25,53.5,False,False,sample,True,243,False,,,0.01150859473281007,0.12887004976468022,11.197722463654243,True,False,0.0,0.01150859473281007,1.2887004976468023e-07,1e-06,symmetrized,107,2,
2012-06-01,56.0,False,False,sample,True,243,False,,,0.011693791336927366,0.125548246115399,10.736316605798763,True,False,0.0,0.011693791336927366,1.25548246115399e-07,1e-06,symmetrized,112,2,
2012-06-08,58.5,False,False,sample,True,243,False,,,0.011584936879845702,0.12188901353824533,10.521336007474972,True,False,0.0,0.011584936879845702,1.2188901353824532e-07,1e-06,symmetrized,117,2,
2012-06-15,61.0,False,False,sample,True,243,False,,,0.011539677087686152,0.12041018592360074,10.434450202431485,True,False,0.0,0.011539677087686152,1.2041018592360074e-07,1e-06,symmetrized,122,2,
2012-06-21,63.0,False,False,sample,True,243,False,,,0.011242070059787657,0.11737537744445864,10.440726380482603,True,False,0.0,0.011242070059787657,1.1737537744445863e-07,1e-06,symmetrized,126,2,
2012-06-29,65.5,False,False,sample,True,243,False,,,0.011165470791751914,0.11501601320194704,10.301044653388995,True,False,0.0,0.011165470791751914,1.1501601320194704e-07,1e-06,symmetrized,131,2,
2012-07-06,68.0,False,False,sample,True,243,False,,,0.011099643196542544,0.1136254292021367,10.236854211451606,True,False,0.0,0.011099643196542544,1.1362542920213669e-07,1e-06,symmetrized,136,2,
2012-07-13,70.5,False,False,sample,True,243,False,,,0.010827457718978518,0.11318448160235667,10.453467890617143,True,False,0.0,0.010827457718978518,1.1318448160235667e-07,1e-06,symmetrized,141,2,
2012-07-20,73.0,False,False,sample,True,243,False,,,0.010573487231545243,0.11345779742144385,10.730404731841983,True,False,0.0,0.010573487231545243,1.1345779742144385e-07,1e-06,symmetrized,146,2,
2012-07-27,75.5,False,False,sample,True,243,False,,,0.0106548595584296,0.10982549115758694,10.30754939146039,True,False,0.0,0.0106548595584296,1.0982549115758693e-07,1e-06,symmetrized,151,2,
2012-08-03,78.0,False,False,sample,True,243,False,,,0.010574774752241807,0.1076932815912281,10.183978771594882,True,False,0.0,0.010574774752241807,1.076932815912281e-07,1e-06,symmetrized,156,2,
2012-08-10,80.5,False,False,sample,True,243,False,,,0.010390526652703404,0.10782369381850912,10.3771153688784,True,False,0.0,0.010390526652703404,1.0782369381850911e-07,1e-06,symmetrized,161,2,
2012-08-17,83.0,False,False,sample,True,243,False,,,0.010312559303007743,0.10614460778507659,10.292751262445456,True,False,0.0,0.010312559303007743,1.0614460778507658e-07,1e-06,symmetrized,166,2,
2012-08-24,20.666666666666668,False,False,sample,True,243,False,,,0.0011257488689231892,0.07815723714213635,69.42688489387155,True,False,0.0,0.0011257488689231834,7.815723714213634e-08,1e-06,symmetrized,62,3,
2012-08-31,22.333333333333332,False,False,sample,True,243,False,,,0.001213697735138145,0.0797825465244327,65.73510373680621,True,False,0.0,0.0012136977351381438,7.978254652443267e-08,1e-06,symmetrized,67,3,
2012-09-07,15.75,False,False,sample,True,243,False,,,0.0012857024009742554,0.0942505693216324,73.30667598521475,True,False,0.0,0.0012857024009742543,9.425056932163239e-08,1e-06,symmetrized,63,4,
2012-09-14,17.0,False,False,sample,True,243,False,,,0.0012994837510904177,0.10081263411802555,77.57898783530925,True,False,0.0,0.0012994837510904224,1.0081263411802552e-07,1e-06,symmetrized,68,4,
2012-09-21,18.25,False,False,sample,True,243,False,,,0.0012742535494394457,0.1303369615042644,102.28495071612764,True,False,0.0,0.001274253549439426,1.303369615042645e-07,1e-06,symmetrized,73,4,
2012-09-28,19.5,False,False,sample,True,243,False,,,0.0014169802639524972,0.12654306765892895,89.30474959894796,True,False,0.0,0.0014169802639524992,1.2654306765892898e-07,1e-06,symmetrized,78,4,
2012-10-12,20.75,False,False,sample,True,243,False,,,0.0014875823270435991,0.1340870027162737,90.1375340904704,True,False,0.0,0.0014875823270436143,1.3408700271627365e-07,1e-06,symmetrized,83,4,
2012-10-19,22.0,False,False,sample,True,243,False,,,0.0014736692563491536,0.14647265463012754,99.3931670889279,True,False,0.0,0.001473669256349151,1.464726546301276e-07,1e-06,symmetrized,88,4,
2012-10-26,23.25,False,False,sample,True,243,False,,,0.0014257491220659845,0.1465196578169093,102.76678803392471,True,False,0.0,0.001425749122065965,1.4651965781690935e-07,1e-06,symmetrized,93,4,
2012-11-02,24.5,False,False,sample,True,243,False,,,0.0014030691983914025,0.15767355407972594,112.3776035141362,True,False,0.0,0.0014030691983913804,1.576735540797259e-07,1e-06,symmetrized,98,4,
2012-11-09,25.75,False,False,sample,True,243,False,,,0.0013926322702093306,0.1551573437360197,111.41300331400302,True,False,0.0,0.0013926322702093106,1.5515734373601974e-07,1e-06,symmetrized,103,4,
2012-11-16,27.0,False,False,sample,True,243,False,,,0.0013989587164253666,0.15579672261793912,111.36620458395832,True,False,0.0,0.0013989587164253599,1.5579672261793917e-07,1e-06,symmetrized,108,4,
2012-11-23,28.25,False,False,sample,True,243,False,,,0.0015009261161896769,0.1500417016905371,99.966080989676,True,False,0.0,0.0015009261161896797,1.500417016905371e-07,1e-06,symmetrized,113,4,
2012-11-30,29.5,False,False,sample,True,243,False,,,0.0014492331389715086,0.15025190035408453,103.6768317765044,True,False,0.0,0.0014492331389715026,1.5025190035408444e-07,1e-06,symmetrized,118,4,
2012-12-07,30.75,False,False,sample,True,243,False,,,0.0014162563121523834,0.14739744480990893,104.07540185003572,True,False,0.0,0.0014162563121524017,1.4739744480990887e-07,1e-06,symmetrized,123,4,
2012-12-14,32.0,False,False,sample,True,243,False,,,0.0013865417981475637,0.14516256151718132,104.69396718592994,True,False,0.0,0.001386541798147585,1.4516256151718128e-07,1e-06,symmetrized,128,4,
2012-12-21,33.25,False,False,sample,True,243,False,,,0.0013882979590685628,0.15026936053673784,108.23999239871864,True,False,0.0,0.0013882979590685478,1.5026936053673785e-07,1e-06,symmetrized,133,4,
2012-12-28,34.5,False,False,sample,True,243,False,,,0.0013669570596010153,0.14573209922378505,106.61059043531407,True,False,0.0,0.0013669570596009976,1.457320992237851e-07,1e-06,symmetrized,138,4,
2013-01-04,35.0,False,False,sample,True,243,False,,,0.0013636245023030847,0.1454423207989966,106.65862966920348,True,False,0.0,0.001363624502303085,1.454423207989966e-07,1e-06,symmetrized,140,4,
2013-01-11,36.25,False,False,sample,True,243,False,,,0.0014326611369643392,0.14251496626063162,99.47569776521341,True,False,0.0,0.0014326611369643294,1.4251496626063168e-07,1e-06,symmetrized,145,4,
2013-01-18,12.0,False,False,sample,True,243,False,,,0.0013381988436955762,0.1508003130004916,112.68901756336955,True,False,0.0,0.001338198843695571,1.5080031300049157e-07,1e-06,symmetrized,60,5,
2013-01-25,13.0,False,False,sample,True,243,False,,,0.0013677242053262515,0.14829629730060215,108.42558516044406,True,False,0.0,0.0013677242053262372,1.4829629730060216e-07,1e-06,symmetrized,65,5,
2013-02-01,14.0,False,False,sample,True,243,False,,,0.001432997863732828,0.147006647689304,102.58678774744658,True,False,0.0,0.0014329978637328384,1.4700664768930396e-07,1e-06,symmetrized,70,5,
2013-02-08,15.0,False,False,sample,True,243,False,,,0.0015677367174420972,0.13966831112658928,89.08913695309161,True,False,0.0,0.001567736717442104,1.3966831112658933e-07,1e-06,symmetrized,75,5,
2013-02-22,16.0,False,False,sample,True,243,False,,,0.0017115160775843627,0.1464768396488207,85.58309300579776,True,False,0.0,0.0017115160775843517,1.4647683964882064e-07,1e-06,symmetrized,80,5,
2013-03-01,17.0,False,False,sample,True,243,False,,,0.0019403151799451295,0.1541517395421792,79.44675232945325,True,False,0.0,0.0019403151799451297,1.5415173954217925e-07,1e-06,symmetrized,85,5,
2013-03-08,18.0,False,False,sample,True,243,False,,,0.001988141364816585,0.1839021790498901,92.49954872643369,True,False,0.0,0.00198814136481659,1.8390217904989015e-07,1e-06,symmetrized,90,5,
2013-03-15,19.0,False,False,sample,True,243,False,,,0.0019737344107530917,0.1799824360831245,91.18878158204222,True,False,0.0,0.0019737344107530917,1.7998243608312453e-07,1e-06,symmetrized,95,5,
2013-03-22,20.0,False,False,sample,True,243,False,,,0.002097918866386051,0.17661571937053777,84.1861533352728,True,False,0.0,0.0020979188663860717,1.7661571937053778e-07,1e-06,symmetrized,100,5,
2013-03-29,21.0,False,False,sample,True,243,False,,,0.0020834373887739003,0.17899269097732712,85.91220064581064,True,False,0.0,0.002083437388773916,1.789926909773271e-07,1e-06,symmetrized,105,5,
2013-04-03,21.6,False,False,sample,True,243,False,,,0.002099841670117071,0.17678367616830998,84.18905038609596,True,False,0.0,0.0020998416701170784,1.7678367616830997e-07,1e-06,symmetrized,108,5,
2013-04-12,22.6,False,False,sample,True,243,False,,,0.002109276899045252,0.17146712224893784,81.29189786630248,True,False,0.0,0.0021092768990452343,1.7146712224893782e-07,1e-06,symmetrized,113,5,
2013-04-19,23.6,False,False,sample,True,243,False,,,0.002086505742507472,0.1673593568127532,80.21035044534698,True,False,0.0,0.0020865057425074507,1.673593568127532e-07,1e-06,symmetrized,118,5,
2013-04-26,24.6,False,False,sample,True,243,False,,,0.002132129991138178,0.17664851830746525,82.85072628858167,True,False,0.0,0.0021321299911382053,1.766485183074652e-07,1e-06,symmetrized,123,5,
2013-05-03,25.0,False,False,sample,True,243,False,,,0.002149871075041734,0.17434915483092467,81.09749317295231,True,False,0.0,0.0021498710750417313,1.7434915483092458e-07,1e-06,symmetrized,125,5,
2013-05-10,26.0,False,False,sample,True,243,False,,,0.002114302290366878,0.17231390480456582,81.49918088329062,True,False,0.0,0.0021143022903668887,1.7231390480456585e-07,1e-06,symmetrized,130,5,
2013-05-17,27.0,False,False,sample,True,243,False,,,0.0021955251579568818,0.17039851490466051,77.6117341616939,True,False,0.0,0.002195525157956862,1.7039851490466052e-07,1e-06,symmetrized,135,5,
2013-05-24,28.0,False,False,sample,True,243,False,,,0.0021868234659030194,0.1745629122715039,79.82487612433795,True,False,0.0,0.002186823465902999,1.745629122715039e-07,1e-06,symmetrized,140,5,
2013-05-31,29.0,False,False,sample,True,243,False,,,0.0022376607852770017,0.1748990905026217,78.16157464678938,True,False,0.0,0.0022376607852770247,1.7489909050262161e-07,1e-06,symmetrized,145,5,
2013-06-07,30.0,False,False,sample,True,243,False,,,0.0022678926059043086,0.17188490677912108,75.79058476209592,True,False,0.0,0.0022678926059043203,1.7188490677912108e-07,1e-06,symmetrized,150,5,
2013-06-14,30.4,False,False,sample,True,243,False,,,0.0023297885549308957,0.17191969086201137,73.79197159250819,True,False,0.0,0.002329788554930927,1.7191969086201133e-07,1e-06,symmetrized,152,5,
2013-06-21,10.166666666666666,False,False,sample,True,243,False,,,0.0013511870901806002,0.20896467445401326,154.65265763165556,True,False,0.0,0.001351187090180611,2.089646744540133e-07,1e-06,symmetrized,61,6,
2013-06-28,8.571428571428571,False,False,sample,True,243,False,,,0.000584254947218311,0.24736936404027574,423.3928445416217,True,False,0.0,0.0005842549472183122,2.473693640402757e-07,1e-06,symmetrized,60,7,
2013-07-05,9.285714285714286,False,False,sample,True,243,False,,,0.000564623026810226,0.2401422059382057,425.3142265466252,True,False,0.0,0.0005646230268102241,2.4014220593820565e-07,1e-06,symmetrized,65,7,
2013-07-12,10.0,False,False,sample,True,243,False,,,0.0006135784867931361,0.25791439187621257,420.3445808933107,True,False,0.0,0.0006135784867931355,2.579143918762125e-07,1e-06,symmetrized,70,7,
2013-07-19,10.714285714285714,False,False,sample,True,243,False,,,0.0006028222581095808,0.24955903218421924,413.98443542350833,True,False,0.0,0.000602822258109578,2.495590321842193e-07,1e-06,symmetrized,75,7,
2013-07-26,8.0,False,False,sample,True,243,False,,,1.4418943574759381e-05,0.2876545351677365,19949.76495166268,True,False,0.0,1.4418943574759334e-05,2.876545351677365e-07,1e-06,symmetrized,64,8,
2013-08-02,8.625,False,False,sample,True,243,False,,,1.3597416277414884e-05,0.2874864342331798,21142.725085992308,True,False,0.0,1.3597416277415078e-05,2.874864342331799e-07,1e-06,symmetrized,69,8,
2013-08-09,9.25,False,False,sample,True,243,False,,,1.327712660559403e-05,0.2745509026001638,20678.487955706296,True,False,0.0,1.3277126605594027e-05,2.745509026001638e-07,1e-06,symmetrized,74,8,
2013-08-16,9.875,False,False,sample,True,243,False,,,1.2902789817567581e-05,0.2627524637778793,20364.004024938313,True,False,0.0,1.290278981756749e-05,2.627524637778793e-07,1e-06,symmetrized,79,8,
2013-08-23,10.5,False,False,sample,True,243,False,,,1.2171293585866558e-05,0.25534754117765884,20979.490748146218,True,False,0.0,1.2171293585866546e-05,2.5534754117765885e-07,1e-06,symmetrized,84,8,
2013-08-30,11.125,False,False,sample,True,243,False,,,1.175822033507201e-05,0.2459071538043941,20913.63716589923,True,False,0.0,1.1758220335071923e-05,2.459071538043942e-07,1e-06,symmetrized,89,8,
2013-09-06,11.75,False,False,sample,True,243,False,,,1.1330716789731563e-05,0.2395533896002053,21141.944860655243,True,False,0.0,1.1330716789731555e-05,2.395533896002052e-07,1e-06,symmetrized,94,8,
2013-09-13,12.375,False,False,sample,True,243,False,,,1.0943603363939793e-05,0.2326126535244068,21255.581529104707,True,False,0.0,1.094360336394366e-05,2.3261265352440678e-07,1e-06,symmetrized,99,8,
2013-09-18,12.75,False,False,sample,True,243,False,,,1.0730615457294253e-05,0.22746988830001574,21198.21451111554,True,False,0.0,1.0730615457315722e-05,2.2746988830001568e-07,1e-06,symmetrized,102,8,
2013-09-27,13.375,False,False,sample,True,243,False,,,1.046345344171909e-05,0.2225970021880609,21273.760468082073,True,False,0.0,1.04634534417766e-05,2.2259700218806082e-07,1e-06,symmetrized,107,8,
2013-09-30,13.5,False,False,sample,True,243,False,,,1.0440711421663337e-05,0.2207814015231807,21146.202840649672,True,False,0.0,1.0440711421632572e-05,2.2078140152318067e-07,1e-06,symmetrized,108,8,
2013-10-11,14.0,False,False,sample,True,243,False,,,1.1550864507200332e-05,0.2183060593764554,18899.542907837975,True,False,0.0,1.1550864507231763e-05,2.183060593764552e-07,1e-06,symmetrized,112,8,
2013-10-18,14.625,False,False,sample,True,243,False,,,1.1231076277994517e-05,0.21717243099227113,19336.742589647038,True,False,0.0,1.1231076278020353e-05,2.1717243099227118e-07,1e-06,symmetrized,117,8,
2013-10-25,15.25,False,False,sample,True,243,False,,,1.0839559554574564e-05,0.21945174564084755,20245.44858450761,True,False,0.0,1.083955955460854e-05,2.194517456408475e-07,1e-06,symmetrized,122,8,
2013-11-01,6.777777777777778,False,False,sample,True,243,False,,,5.789925494488092e-06,0.2051314256445741,35429.026822513624,True,False,0.0,5.789925494482434e-06,2.0513142564457412e-07,1e-06,symmetrized,61,9,
2013-11-08,7.333333333333333,False,False,sample,True,243,False,,,5.7409407456441375e-06,0.18992904334551788,33083.261395725785,True,False,0.0,5.74094074568747e-06,1.899290433455178e-07,1e-06,symmetrized,66,9,
2013-11-15,7.888888888888889,False,False,sample,True,243,False,,,5.625632048796872e-06,0.176551507540669,31383.408301370735,True,False,0.0,5.6256320487970285e-06,1.7655150754066882e-07,1e-06,symmetrized,71,9,
2013-11-22,8.444444444444445,False,False,sample,True,243,False,,,5.429616800030675e-06,0.1686233825025587,31056.221592213664,True,False,0.0,5.429616800030631e-06,1.686233825025587e-07,1e-06,symmetrized,76,9,
2013-11-29,9.0,False,False,sample,True,243,False,,,5.131749583850331e-06,0.15896873280595336,30977.492219462463,True,False,0.0,5.13174958383816e-06,1.5896873280595334e-07,1e-06,symmetrized,81,9,
2013-12-06,9.555555555555555,False,False,sample,True,243,False,,,4.9414576722887525e-06,0.16830822789399275,34060.44107953207,True,False,0.0,4.9414576722888075e-06,1.6830822789399275e-07,1e-06,symmetrized,86,9,
2013-12-13,10.11111111111111,False,False,sample,True,243,False,,,4.731701981145344e-06,0.16055786668041028,33932.37091435459,True,False,0.0,4.731701981145178e-06,1.605578666804102e-07,1e-06,symmetrized,91,9,
2013-12-20,6.1,False,False,sample,True,243,False,,,4.706064091483604e-06,0.20396549902298833,43340.994737427696,True,False,0.0,4.706064091483655e-06,2.039654990229883e-07,1e-06,symmetrized,61,10,
2013-12-27,6.6,False,False,sample,True,243,False,,,4.385069453319319e-06,0.19723250348569044,44978.19375161628,True,False,0.0,4.385069453254376e-06,1.972325034856906e-07,1e-06,symmetrized,66,10,
2014-01-03,7.0,False,False,sample,True,243,False,,,7.843780879756743e-06,0.19168659467579352,24438.03538297442,True,False,0.0,7.8437808798291e-06,1.9168659467579343e-07,1e-06,symmetrized,70,10,
2014-01-10,7.5,False,False,sample,True,243,False,,,9.332844860001286e-06,0.19320471096591352,20701.58819353683,True,False,0.0,9.332844860001369e-06,1.9320471096591336e-07,1e-06,symmetrized,75,10,
2014-01-17,8.0,False,False,sample,True,243,False,,,8.96605136383842e-06,0.1872383257277735,20883.030682038792,True,False,0.0,8.966051363824098e-06,1.8723832572777353e-07,1e-06,symmetrized,80,10,
2014-01-24,8.5,False,False,sample,True,243,False,,,0.0008202317282349086,0.18637941796011107,227.22775960055682,True,False,0.0,0.0008202317282349083,1.8637941796011109e-07,1e-06,symmetrized,85,10,
2014-01-30,8.9,False,False,sample,True,243,False,,,0.0008590117061411038,0.1806486809745737,210.29827612721706,True,False,0.0,0.0008590117061411042,1.8064868097457353e-07,1e-06,symmetrized,89,10,
2014-02-07,9.0,False,False,sample,True,243,False,,,0.0008493617390110404,0.17951267899631812,211.3500888388672,True,False,0.0,0.000849361739011041,1.79512678996318e-07,1e-06,symmetrized,90,10,
2014-02-14,9.5,False,False,sample,True,243,False,,,0.000819258433681223,0.18205750702146742,222.22231659357783,True,False,0.0,0.0008192584336812229,1.8205750702146743e-07,1e-06,symmetrized,95,10,
2014-02-21,10.0,False,False,sample,True,243,False,,,0.0008102148624033549,0.1803123353000824,222.54878757126065,True,False,0.0,0.0008102148624033549,1.8031233530008228e-07,1e-06,symmetrized,100,10,
2014-02-28,10.5,False,False,sample,True,243,False,,,0.000823645702080388,0.18781202064927913,228.02525427486373,True,False,0.0,0.0008236457020803876,1.8781202064927916e-07,1e-06,symmetrized,105,10,
2014-03-07,11.0,False,False,sample,True,243,False,,,0.0008242452304043599,0.1819387761151769,220.73379305564316,True,False,0.0,0.00082424523040436,1.8193877611517698e-07,1e-06,symmetrized,110,10,
2014-03-14,11.5,False,False,sample,True,243,False,,,0.0008125036969244708,0.18981703799483307,233.6199068549939,True,False,0.0,0.000812503696924471,1.8981703799483296e-07,1e-06,symmetrized,115,10,
2014-03-21,12.0,False,False,sample,True,243,False,,,0.0007939863671441157,0.1908351490050805,240.35066205417883,True,False,0.0,0.0007939863671441155,1.908351490050804e-07,1e-06,symmetrized,120,10,
2014-03-28,12.5,False,False,sample,True,243,False,,,0.0007715649682442324,0.1895397703786525,245.65626768924957,True,False,0.0,0.0007715649682442323,1.8953977037865247e-07,1e-06,symmetrized,125,10,
2014-04-04,13.0,False,False,sample,True,243,False,,,0.000747291934344728,0.1864812499869125,249.54270401758166,True,False,0.0,0.0007472919343447276,1.8648124998691251e-07,1e-06,symmetrized,130,10,
2014-04-11,13.4,False,False,sample,True,243,False,,,0.0007336197563362836,0.18463724189800373,251.67975685399614,True,False,0.0,0.0007336197563362834,1.8463724189800367e-07,1e-06,symmetrized,134,10,
2014-04-18,5.454545454545454,False,False,sample,True,243,False,,,0.0006027711693253446,0.1926638758150907,319.6302106332175,True,False,0.0,0.0006027711693253446,1.9266387581509068e-07,1e-06,symmetrized,60,11,
2014-04-25,5.909090909090909,False,False,sample,True,243,False,,,0.0006566935228738124,0.2956528186006585,450.21430591674954,True,False,0.0,0.0006566935228738127,2.9565281860065847e-07,1e-06,symmetrized,65,11,
2014-04-30,6.181818181818182,False,False,sample,True,243,False,,,0.0006883154697351709,0.34162480998290046,496.3201104783254,True,False,0.0,0.0006883154697351713,3.4162480998290035e-07,1e-06,symmetrized,68,11,
2014-05-09,6.636363636363637,False,False,sample,True,243,False,,,0.0006737146851783792,0.3185667067849017,472.8510655820941,True,False,0.0,0.0006737146851783788,3.185667067849017e-07,1e-06,symmetrized,73,11,
2014-05-16,7.090909090909091,False,False,sample,True,243,False,,,0.000686791886954487,0.3079916805242363,448.44979443481196,True,False,0.0,0.000686791886954486,3.079916805242363e-07,1e-06,symmetrized,78,11,
2014-05-23,7.545454545454546,False,False,sample,True,243,False,,,0.0006603295694950471,0.3424102692670222,518.5445042675626,True,False,0.0,0.0006603295694950467,3.42410269267022e-07,1e-06,symmetrized,83,11,
2014-05-30,8.0,False,False,sample,True,243,False,,,0.0006453088846830315,0.326398214612689,505.80151979933163,True,False,0.0,0.0006453088846830308,3.2639821461268883e-07,1e-06,symmetrized,88,11,
2014-06-06,8.363636363636363,False,False,sample,True,243,False,,,0.0007675506251573046,0.3133005559605605,408.18226927553025,True,False,0.0,0.0007675506251573039,3.1330055596056065e-07,1e-06,symmetrized,92,11,
2014-06-13,8.818181818181818,False,False,sample,True,243,False,,,0.0007395412678494639,0.3015064875332033,407.6939322263433,True,False,0.0,0.0007395412678494651,3.0150648753320334e-07,1e-06,symmetrized,97,11,
2014-06-20,9.272727272727273,False,False,sample,True,243,False,,,0.0007497343137881645,0.28823805613719206,384.45360021047804,True,False,0.0,0.0007497343137881637,2.882380561371922e-07,1e-06,symmetrized,102,11,
2014-06-27,9.727272727272727,False,False,sample,True,243,False,,,0.0007444083313218614,0.28500881188254823,382.86623065657005,True,False,0.0,0.0007444083313218622,2.8500881188254815e-07,1e-06,symmetrized,107,11,
2014-07-04,10.181818181818182,False,False,sample,True,243,False,,,0.0007221869687420144,0.28014173654333563,387.907493029565,True,False,0.0,0.0007221869687420143,2.801417365433355e-07,1e-06,symmetrized,112,11,
2014-07-11,10.636363636363637,False,False,sample,True,243,False,,,0.000772892657046054,0.2731483816690834,353.4105016769585,True,False,0.0,0.0007728926570460532,2.731483816690832e-07,1e-06,symmetrized,117,11,
2014-07-18,11.090909090909092,False,False,sample,True,243,False,,,0.000861665295890712,0.26633431889287573,309.09254459130017,True,False,0.0,0.0008616652958907123,2.6633431889287577e-07,1e-06,symmetrized,122,11,
2014-07-25,11.545454545454545,False,False,sample,True,243,False,,,0.0008323779320422168,0.277330709941501,333.17883531712283,True,False,0.0,0.000832377932042218,2.773307099415011e-07,1e-06,symmetrized,127,11,
2014-08-01,12.0,False,False,sample,True,243,False,,,0.0008087684859792643,0.27080932964090026,334.84159476491203,True,False,0.0,0.0008087684859792656,2.7080932964090036e-07,1e-06,symmetrized,132,11,
2014-08-08,12.454545454545455,False,False,sample,True,243,False,,,0.0007959243886348349,0.2620024822284285,329.18011556074276,True,False,0.0,0.0007959243886348355,2.620024822284286e-07,1e-06,symmetrized,137,11,
2014-08-15,12.909090909090908,False,False,sample,True,243,False,,,0.0007738813025050316,0.2571015054179579,332.2234360563147,True,False,0.0,0.0007738813025050324,2.5710150541795803e-07,1e-06,symmetrized,142,11,
2014-08-22,13.363636363636363,False,False,sample,True,243,False,,,0.0007570736297899989,0.24970255286917475,329.8259813096892,True,False,0.0,0.0007570736297900002,2.497025528691749e-07,1e-06,symmetrized,147,11,
2014-08-29,13.818181818181818,False,False,sample,True,243,False,,,0.0007383643851626409,0.24228954439533698,328.14359585066853,True,False,0.0,0.0007383643851626402,2.4228954439533703e-07,1e-06,symmetrized,152,11,
2014-09-05,14.272727272727273,False,False,sample,True,243,False,,,0.0007159978860972594,0.23773811925260846,332.0374597032186,True,False,0.0,0.0007159978860972595,2.3773811925260845e-07,1e-06,symmetrized,157,11,
2014-09-12,14.636363636363637,False,False,sample,True,243,False,,,0.0007012325023553624,0.2351904543943524,335.3958260696327,True,False,0.0,0.000701232502355363,2.351904543943523e-07,1e-06,symmetrized,161,11,
2014-09-19,15.090909090909092,False,False,sample,True,243,False,,,0.0007114101575216198,0.23035939315767343,323.8067248859499,True,False,0.0,0.0007114101575216195,2.303593931576734e-07,1e-06,symmetrized,166,11,
2014-09-26,15.545454545454545,False,False,sample,True,243,False,,,0.0007276245928134209,0.22706785408516925,312.0673164814187,True,False,0.0,0.0007276245928134197,2.270678540851693e-07,1e-06,symmetrized,171,11,
2014-09-30,15.727272727272727,False,False,sample,True,243,False,,,0.0007281695101000146,0.22507896476510314,309.1024296446968,True,False,0.0,0.0007281695101000159,2.2507896476510313e-07,1e-06,symmetrized,173,11,
2014-10-10,16.0,False,False,sample,True,243,False,,,0.0007288236093328258,0.22243074372871077,305.19146317491914,True,False,0.0,0.0007288236093328279,2.2243074372871087e-07,1e-06,symmetrized,176,11,
2014-10-17,16.454545454545453,False,False,sample,True,243,False,,,0.0007793656348549275,0.2269048770199058,291.140469725923,True,False,0.0,0.0007793656348549256,2.2690487701990581e-07,1e-06,symmetrized,181,11,
2014-10-24,16.90909090909091,False,False,sample,True,243,False,,,0.0007889283415016259,0.235636819553052,298.67962292309966,True,False,0.0,0.0007889283415016228,2.3563681955305196e-07,1e-06,symmetrized,186,11,
2014-10-31,17.363636363636363,False,False,sample,True,243,False,,,0.0007899922962853372,0.22967495440553082,290.7306254573583,True,False,0.0,0.0007899922962853409,2.2967495440553072e-07,1e-06,symmetrized,191,11,
2014-11-07,17.818181818181817,False,False,sample,True,243,False,,,0.0008219570082053289,0.22459444174316548,273.2435388969403,True,False,0.0,0.0008219570082053301,2.2459444174316558e-07,1e-06,symmetrized,196,11,
2014-11-14,18.272727272727273,False,False,sample,True,243,False,,,0.0008413237702027108,0.22044526810927484,262.0219182160516,True,False,0.0,0.0008413237702027107,2.204452681092748e-07,1e-06,symmetrized,201,11,
2014-11-21,18.727272727272727,False,False,sample,True,243,False,,,0.0008638845527100358,0.21555681130472376,249.52039092320214,True,False,0.0,0.0008638845527100359,2.1555681130472381e-07,1e-06,symmetrized,206,11,
2014-11-28,19.181818181818183,False,False,sample,True,243,False,,,0.0008582261806108787,0.21221035710539676,247.2662357542473,True,False,0.0,0.0008582261806108804,2.1221035710539667e-07,1e-06,symmetrized,211,11,
2014-12-05,19.636363636363637,False,False,sample,True,243,False,,,0.000875338390095127,0.20785824845122813,237.46045049919405,True,False,0.0,0.0008753383900951291,2.0785824845122822e-07,1e-06,symmetrized,216,11,
2014-12-12,5.25,False,False,sample,True,243,False,,,0.00012091572530224484,0.19834272083442295,1640.3385112948636,True,False,0.0,0.00012091572530225916,1.9834272083442304e-07,1e-06,symmetrized,63,12,
2014-12-19,5.666666666666667,False,False,sample,True,243,False,,,0.00011418274890992579,0.18778275595197344,1644.5807947758183,True,False,0.0,0.00011418274890991002,1.8778275595197344e-07,1e-06,symmetrized,68,12,
2014-12-26,6.083333333333333,False,False,sample,True,243,False,,,0.0001102023109936898,0.22795353747726876,2068.5005189257913,True,False,0.0,0.00011020231099370446,2.279535374772687e-07,1e-06,symmetrized,73,12,
2014-12-31,6.333333333333333,False,False,sample,True,243,False,,,0.00010785176456493127,0.22343057348849943,2071.64504345207,True,False,0.0,0.00010785176456499314,2.234305734884993e-07,1e-06,symmetrized,76,12,
2015-01-09,6.75,False,False,sample,True,243,False,,,0.0010923239534489629,0.22367658636251103,204.77129120556447,True,False,0.0,0.0010923239534489611,2.23676586362511e-07,1e-06,symmetrized,81,12,
2015-01-16,7.166666666666667,False,False,sample,True,243,False,,,0.001070102295321142,0.23200685401817925,216.80810800293915,True,False,0.0,0.0010701022953211404,2.320068540181793e-07,1e-06,symmetrized,86,12,
2015-01-23,7.583333333333333,False,False,sample,True,243,False,,,0.0010313162121332565,0.25667215637587687,248.87823284088182,True,False,0.0,0.001031316212133256,2.566721563758771e-07,1e-06,symmetrized,91,12,
2015-01-30,8.0,False,False,sample,True,243,False,,,0.0010246092822105172,0.25332439820215635,247.23999928599912,True,False,0.0,0.0010246092822105192,2.533243982021563e-07,1e-06,symmetrized,96,12,
2015-02-06,8.416666666666666,False,False,sample,True,243,False,,,0.0010061075711763371,0.2523560145100598,250.82408853658274,True,False,0.0,0.0010061075711763376,2.5235601451005964e-07,1e-06,symmetrized,101,12,
2015-02-13,8.833333333333334,False,False,sample,True,243,False,,,0.0012498029221160746,0.24493374519326178,195.97789448160188,True,False,0.0,0.0012498029221160738,2.449337451932619e-07,1e-06,symmetrized,106,12,
2015-02-17,9.0,False,False,sample,True,243,False,,,0.0012537960199171003,0.24502423918616204,195.42591880484898,True,False,0.0,0.0012537960199170994,2.45024239186162e-07,1e-06,symmetrized,108,12,
2015-02-27,9.25,False,False,sample,True,243,False,,,0.00124543932892034,0.24605762469798353,197.56692998549246,True,False,0.0,0.0012454393289203398,2.4605762469798356e-07,1e-06,symmetrized,111,12,
2015-03-06,9.666666666666666,False,False,sample,True,243,False,,,0.0012491619190501662,0.2406553280546352,192.65342977924266,True,False,0.0,0.0012491619190501662,2.406553280546353e-07,1e-06,symmetrized,116,12,
2015-03-13,10.083333333333334,False,False,sample,True,243,False,,,0.0012746902864964908,0.23515210036436218,184.47783187450338,True,False,0.0,0.001274690286496491,2.3515210036436227e-07,1e-06,symmetrized,121,12,
2015-03-20,10.5,False,False,sample,True,243,False,,,0.0012259412609102929,0.23657423879430806,192.9735512928618,True,False,0.0,0.0012259412609102926,2.3657423879430816e-07,1e-06,symmetrized,126,12,
2015-03-27,10.916666666666666,False,False,sample,True,243,False,,,0.001185520695101119,0.23339961666266357,196.87519385121803,True,False,0.0,0.0011855206951011188,2.3339961666266375e-07,1e-06,symmetrized,131,12,
2015-04-03,11.333333333333334,False,False,sample,True,243,False,,,0.001272758563960498,0.2301261044624107,180.80892242933908,True,False,0.0,0.0012727585639604982,2.3012610446241062e-07,1e-06,symmetrized,136,12,
2015-04-10,11.666666666666666,False,False,sample,True,243,False,,,0.001254000277771388,0.23771056277215005,189.5618103008795,True,False,0.0,0.0012540002777713867,2.3771056277215013e-07,1e-06,symmetrized,140,12,
2015-04-17,12.083333333333334,False,False,sample,True,243,False,,,0.0012982455209232995,10.37565808001368,7992.061526724633,True,False,0.0,0.0012982455209232786,1.0375658080013683e-05,1e-06,symmetrized,145,12,
2015-04-24,12.5,False,False,sample,True,243,False,,,0.0012674414521913365,10.030632036692491,7914.07920212021,True,False,0.0,0.001267441452191321,1.0030632036692487e-05,1e-06,symmetrized,150,12,
2015-04-30,12.833333333333334,False,False,sample,True,243,False,,,0.001254792547842377,9.772935307052387,7788.486888814415,True,False,0.0,0.001254792547842377,9.772935307052391e-06,1e-06,symmetrized,154,12,
2015-05-08,13.25,False,False,sample,True,243,False,,,0.001265574555806221,9.473732133227047,7485.716341058947,True,False,0.0,0.0012655745558062435,9.473732133227042e-06,1e-06,symmetrized,159,12,
2015-05-15,13.666666666666666,False,False,sample,True,243,False,,,0.0012471600283818513,9.186541434488616,7365.968460685714,True,False,0.0,0.0012471600283818483,9.186541434488608e-06,1e-06,symmetrized,164,12,
2015-05-22,14.083333333333334,False,False,sample,True,243,False,,,0.001230151203595389,8.91501310122432,7247.087248435982,True,False,0.0,0.0012301512035953895,8.915013101224319e-06,1e-06,symmetrized,169,12,
2015-05-29,14.5,False,False,sample,True,243,False,,,0.0012014074665644635,8.667687496792775,7214.610977555212,True,False,0.0,0.001201407466564473,8.667687496792773e-06,1e-06,symmetrized,174,12,
2015-06-05,14.916666666666666,False,False,sample,True,243,False,,,0.0012888328772542655,8.428175300614221,6539.385710403072,True,False,0.0,0.0012888328772542714,8.428175300614224e-06,1e-06,symmetrized,179,12,
2015-06-12,15.333333333333334,False,False,sample,True,243,False,,,0.0012814005341882458,8.200096085057735,6399.323136112483,True,False,0.0,0.0012814005341882445,8.200096085057731e-06,1e-06,symmetrized,184,12,
2015-06-19,15.75,False,False,sample,True,243,False,,,0.0012859200678431116,7.9918421005476645,6214.882480178159,True,False,0.0,0.001285920067843101,7.991842100547668e-06,1e-06,symmetrized,189,12,
2015-06-26,16.083333333333332,False,False,sample,True,243,False,,,0.0012938457084174563,7.837172051591575,6057.269426025665,True,False,0.0,0.0012938457084174528,7.837172051591574e-06,1e-06,symmetrized,193,12,
2015-07-03,16.5,False,False,sample,True,243,False,,,0.0012997604097133122,7.682378180924635,5910.6110045459345,True,False,0.0,0.0012997604097133193,7.682378180924633e-06,1e-06,symmetrized,198,12,
2015-07-10,16.916666666666668,False,False,sample,True,243,False,,,0.0013819888929267193,7.5389691123417055,5455.158974813457,True,False,0.0,0.0013819888929267206,7.538969112341704e-06,1e-06,symmetrized,203,12,
2015-07-17,17.333333333333332,False,False,sample,True,243,False,,,0.0014248338545238093,7.392866416752545,5188.581386721261,True,False,0.0,0.001424833854523808,7.3928664167525465e-06,1e-06,symmetrized,208,12,
2015-07-24,17.75,False,False,sample,True,243,False,,,0.0014603937033173778,7.222232294650523,4945.400872548793,True,False,0.0,0.0014603937033173756,7.222232294650525e-06,1e-06,symmetrized,213,12,
2015-07-31,18.166666666666668,False,False,sample,True,243,False,,,0.001495077441059028,7.076352985719011,4733.1013039073905,True,False,0.0,0.001495077441059025,7.0763529857190104e-06,1e-06,symmetrized,218,12,
2015-08-07,18.583333333333332,False,False,sample,True,243,False,,,0.0014704217499998992,6.926393810886354,4710.481064964408,True,False,0.0,0.0014704217499999035,6.926393810886355e-06,1e-06,symmetrized,223,12,
2015-08-14,19.0,False,False,sample,True,243,False,,,0.0014428624964432837,6.778017297451923,4697.6183206369415,True,False,0.0,0.0014428624964432852,6.77801729745192e-06,1e-06,symmetrized,228,12,
2015-08-21,19.416666666666668,False,False,sample,True,243,False,,,0.0014466314022180831,6.647170865699488,4594.930578381992,True,False,0.0,0.001446631402218091,6.647170865699484e-06,1e-06,symmetrized,233,12,
2015-08-28,19.833333333333332,False,False,sample,True,243,False,,,0.0014276347421257577,6.543398252853852,4583.384012573614,True,False,0.0,0.0014276347421257555,6.5433982528538566e-06,1e-06,symmetrized,238,12,
2015-09-02,20.0,False,False,sample,True,243,False,,,0.0014270568418315644,6.501333547369576,4555.76355250531,True,False,0.0,0.0014270568418315603,6.501333547369573e-06,1e-06,symmetrized,240,12,
2015-09-11,20.0,False,False,sample,True,243,False,,,0.0014466026268438446,6.504531571896899,4496.41902426812,True,False,0.0,0.0014466026268438428,6.504531571896899e-06,1e-06,symmetrized,240,12,
2015-09-18,20.0,False,False,sample,True,243,False,,,0.001427094948145375,6.5270722506592405,4573.677637316072,True,False,0.0,0.001427094948145376,6.527072250659241e-06,1e-06,symmetrized,240,12,
2015-09-25,20.0,False,False,sample,True,243,False,,,0.001378495116158163,6.529102015419449,4736.398365788861,True,False,0.0,0.0013784951161581625,6.529102015419446e-06,1e-06,symmetrized,240,12,
2015-09-30,20.0,False,False,sample,True,243,False,,,0.0013755532760612846,6.53241009377906,4748.932816679958,True,False,0.0,0.0013755532760612746,6.532410093779052e-06,1e-06,symmetrized,240,12,
2015-10-09,20.0,False,False,sample,True,243,False,,,0.001347341375996827,6.533410058002444,4849.112611247998,True,False,0.0,0.0013473413759968196,6.533410058002447e-06,1e-06,symmetrized,240,12,
2015-10-16,4.6923076923076925,False,False,sample,True,243,False,,,2.6105509313303353e-06,1.9225074691911805,736437.4493208879,True,False,0.0,2.6105509313452396e-06,1.9225074691911814e-06,1e-06,symmetrized,61,13,
2015-10-23,5.076923076923077,False,False,sample,True,243,False,,,2.520301423464716e-06,1.8407612709052463,730373.4600025379,True,False,0.0,2.5203014236728898e-06,1.840761270905245e-06,1e-06,symmetrized,66,13,
2015-10-30,5.461538461538462,False,False,sample,True,243,False,,,2.376847353061512e-06,1.7330511737354721,729138.6093865917,True,False,0.0,2.376847353045139e-06,1.7330511737354717e-06,1e-06,symmetrized,71,13,
2015-11-06,5.846153846153846,False,False,sample,True,243,False,,,2.360611207004502e-06,1.67740275846479,710579.8504588692,True,False,0.0,2.3606112070217666e-06,1.677402758464789e-06,1e-06,symmetrized,76,13,
2015-11-13,6.230769230769231,False,False,sample,True,243,False,,,2.2876476851102883e-06,1.5878100643973476,694079.8072762672,True,False,0.0,2.2876476851047754e-06,1.5878100643973475e-06,1e-06,symmetrized,81,13,
2015-11-20,4.357142857142857,False,False,sample,True,243,False,,,1.8408280566069937e-06,1.5064041628748526,818329.6410917651,True,False,0.0,1.8408280567611526e-06,1.5064041628748535e-06,1e-06,symmetrized,61,14,
2015-11-27,4.714285714285714,False,False,sample,True,243,False,,,1.8754923282425125e-06,1.3984778731007617,745659.074175605,True,False,0.0,1.875492328203956e-06,1.398477873100763e-06,1e-06,symmetrized,66,14,
2015-12-04,5.071428571428571,False,False,sample,True,243,False,,,2.0231175648234413e-06,1.3477247790016809,666162.3636880922,True,False,0.0,2.0231175649686173e-06,1.3477247790016797e-06,1e-06,symmetrized,71,14,
2015-12-11,5.428571428571429,False,False,sample,True,243,False,,,2.000993085313598e-06,1.2688379235932796,634104.1020611152,True,False,0.0,2.0009930852424596e-06,1.2688379235932797e-06,1e-06,symmetrized,76,14,
2015-12-18,5.785714285714286,False,False,sample,True,243,False,,,1.9221982038380564e-06,1.2040689386310208,626402.072495362,True,False,0.0,1.9221982040461458e-06,1.2040689386310192e-06,1e-06,symmetrized,81,14,
2015-12-25,6.142857142857143,False,False,sample,True,243,False,,,1.980075390109976e-06,1.138094854072364,574773.4958764135,True,False,0.0,1.9800753901096202e-06,1.1380948540723639e-06,1e-06,symmetrized,86,14,
2015-12-31,6.428571428571429,False,False,sample,True,243,False,,,1.9841932010286913e-06,1.0968527133427513,552795.3189105252,True,False,0.0,1.9841932010291928e-06,1.0968527133427512e-06,1e-06,symmetrized,90,14,
2016-01-08,6.785714285714286,False,False,sample,True,243,False,,,2.9368391649471516e-06,1.1483876392705965,391028.4407049787,True,False,0.0,2.9368391649378274e-06,1.1483876392705964e-06,1e-06,symmetrized,95,14,
2016-01-15,7.142857142857143,False,False,sample,True,243,False,,,2.884495617539666e-06,1.132602170063702,392651.72156155197,True,False,0.0,2.884495617625996e-06,1.1326021700637026e-06,1e-06,symmetrized,100,14,
2016-01-22,7.5,False,False,sample,True,243,False,,,2.885737995882791e-06,1.1179419517584321,387402.44379546895,True,False,0.0,2.885737995728617e-06,1.1179419517584326e-06,1e-06,symmetrized,105,14,
2016-01-29,7.857142857142857,False,False,sample,True,243,False,,,2.9456748738820394e-06,1.1133069416821058,377946.3075009712,True,False,0.0,2.9456748738358795e-06,1.1133069416821053e-06,1e-06,symmetrized,110,14,
2016-02-05,8.214285714285714,False,False,sample,True,243,False,,,3.039145948717055e-06,1.0915825881041819,359174.1254035472,True,False,0.0,3.0391459488080856e-06,1.091582588104182e-06,1e-06,symmetrized,115,14,
2016-02-19,8.571428571428571,False,False,sample,True,243,False,,,3.180370159129876e-06,1.060944182783902,333591.4153697656,True,False,0.0,3.180370159214828e-06,1.0609441827839013e-06,1e-06,symmetrized,120,14,
2016-02-26,8.928571428571429,False,False,sample,True,243,False,,,3.2524342374446783e-06,1.0629681956534958,326822.3484477374,True,False,0.0,3.2524342373806545e-06,1.0629681956534958e-06,1e-06,symmetrized,125,14,
2016-03-04,9.285714285714286,False,False,sample,True,243,False,,,3.223928065153461e-06,1.066157749839013,330701.4698506504,True,False,0.0,3.2239280650842927e-06,1.0661577498390122e-06,1e-06,symmetrized,130,14,
2016-03-11,9.642857142857142,False,False,sample,True,243,False,,,3.1592542209702567e-06,1.035281984894987,327698.22004923545,True,False,0.0,3.1592542209841993e-06,1.035281984894987e-06,1e-06,symmetrized,135,14,
2016-03-18,10.0,False,False,sample,True,243,False,,,3.2244472767669193e-06,1.0188927423875926,315989.8906485497,True,False,0.0,3.2244472767752016e-06,1.0188927423875926e-06,1e-06,symmetrized,140,14,
2016-03-25,10.357142857142858,False,False,sample,True,243,False,,,3.1706646359646665e-06,0.9976011270121669,314634.70330366533,True,False,0.0,3.1706646359923822e-06,9.97601127012167e-07,1e-06,symmetrized,145,14,
2016-04-01,10.714285714285714,False,False,sample,True,243,False,,,3.1757236787515245e-06,0.9788040679054908,308214.4943700798,True,False,0.0,3.1757236785231124e-06,9.788040679054914e-07,1e-06,symmetrized,150,14,
2016-04-08,11.0,False,False,sample,True,243,False,,,3.1721065319787743e-06,0.9563143387660773,301476.1103150984,True,False,0.0,3.1721065318916997e-06,9.56314338766077e-07,1e-06,symmetrized,154,14,
2016-04-15,11.357142857142858,False,False,sample,True,243,False,,,3.217852464250403e-06,0.9325988253713342,289820.2561280517,True,False,0.0,3.217852464295991e-06,9.325988253713342e-07,1e-06,symmetrized,159,14,
2016-04-22,11.714285714285714,False,False,sample,True,243,False,,,3.188547790481301e-06,0.9146625271277874,286858.6539170931,True,False,0.0,3.188547790419168e-06,9.146625271277883e-07,1e-06,symmetrized,164,14,
2016-04-29,12.071428571428571,False,False,sample,True,243,False,,,3.1266331982142394e-06,0.8881384922672426,284055.86327635054,True,False,0.0,3.1266331983381264e-06,8.881384922672423e-07,1e-06,symmetrized,169,14,
2016-05-06,12.357142857142858,False,False,sample,True,243,False,,,3.1140132058832602e-06,0.872405295967398,280154.6551951595,True,False,0.0,3.1140132060045405e-06,8.72405295967398e-07,1e-06,symmetrized,173,14,
2016-05-13,12.714285714285714,False,False,sample,True,243,False,,,3.1386285660784467e-06,0.8581675234770914,273421.1791582994,True,False,0.0,3.138628566128789e-06,8.58167523477091e-07,1e-06,symmetrized,178,14,
2016-05-20,13.071428571428571,False,False,sample,True,243,False,,,3.063900375871339e-06,0.8385681071371814,273693.0070380314,True,False,0.0,3.0639003757237517e-06,8.385681071371822e-07,1e-06,symmetrized,183,14,
2016-05-27,13.428571428571429,False,False,sample,True,243,False,,,3.037192262621546e-06,0.8180251268950309,269335.9709104995,True,False,0.0,3.0371922625678937e-06,8.180251268950314e-07,1e-06,symmetrized,188,14,
2016-06-03,13.785714285714286,False,False,sample,True,243,False,,,2.9855628298700845e-06,0.8067966664171633,270232.6872324676,True,False,0.0,2.9855628299622794e-06,8.067966664171636e-07,1e-06,symmetrized,193,14,
2016-06-08,14.0,False,False,sample,True,243,False,,,2.9441137794535735e-06,0.7953095456962397,270135.46529572265,True,False,0.0,2.9441137795387752e-06,7.95309545696239e-07,1e-06,symmetrized,196,14,
2016-06-17,14.357142857142858,False,False,sample,True,243,False,,,2.9826810132297262e-06,0.793039126110158,265881.3069827518,True,False,0.0,2.9826810133544154e-06,7.930391261101582e-07,1e-06,symmetrized,201,14,
2016-06-24,14.714285714285714,False,False,sample,True,243,False,,,2.9497628614662615e-06,0.7762854274058953,263168.75757938763,True,False,0.0,2.94976286150827e-06,7.762854274058957e-07,1e-06,symmetrized,206,14,
2016-07-01,15.071428571428571,False,False,sample,True,243,False,,,3.186860312663968e-06,0.7623876059404251,239228.43524419438,True,False,0.0,3.1868603126768297e-06,7.623876059404249e-07,1e-06,symmetrized,211,14,
2016-07-08,15.428571428571429,False,False,sample,True,243,False,,,3.1933932775438666e-06,0.7466750114351974,233818.68330651944,True,False,0.0,3.193393277570264e-06,7.466750114351978e-07,1e-06,symmetrized,216,14,
2016-07-15,15.785714285714286,False,False,sample,True,243,False,,,3.156838962277036e-06,0.7328199006908778,232137.2453418697,True,False,0.0,3.156838962322187e-06,7.328199006908773e-07,1e-06,symmetrized,221,14,
2016-07-22,16.142857142857142,False,False,sample,True,243,False,,,3.0999288919443126e-06,0.7168239449477745,231238.8348037796,True,False,0.0,3.0999288918095658e-06,7.168239449477741e-07,1e-06,symmetrized,226,14,
2016-07-29,16.5,False,False,sample,True,243,False,,,3.071340860130971e-06,0.7074975185842702,230354.60758142633,True,False,0.0,3.0713408600936307e-06,7.0749751858427e-07,1e-06,symmetrized,231,14,
2016-08-05,16.857142857142858,False,False,sample,True,243,False,,,3.022433404269721e-06,0.6929350618450841,229263.96355538917,True,False,0.0,3.022433404242765e-06,6.929350618450838e-07,1e-06,symmetrized,236,14,
2016-08-12,17.142857142857142,False,False,sample,True,243,False,,,3.000029918705649e-06,0.6626003705971194,220864.58753817884,True,False,0.0,3.000029918942324e-06,6.626003705971198e-07,1e-06,symmetrized,240,14,
2016-08-19,17.142857142857142,False,False,sample,True,243,False,,,3.001378574738593e-06,0.5415948425506113,180448.69351337387,True,False,0.0,3.001378574784851e-06,5.415948425506112e-07,1e-06,symmetrized,240,14,
2016-08-26,17.142857142857142,False,False,sample,True,243,False,,,2.973974701109884e-06,0.5020388392728204,168810.72965599207,True,False,0.0,2.973974701184663e-06,5.020388392728205e-07,1e-06,symmetrized,240,14,
2016-09-02,17.142857142857142,False,False,sample,True,243,False,,,2.850178832379949e-06,0.48498570892764925,170159.74696671145,True,False,0.0,2.850178832312771e-06,4.849857089276496e-07,1e-06,symmetrized,240,14,
2016-09-09,17.142857142857142,False,False,sample,True,243,False,,,2.8145448016247576e-06,0.42662406019951077,151578.3511256359,True,False,0.0,2.8145448016334545e-06,4.2662406019951057e-07,1e-06,symmetrized,240,14,
2016-09-14,17.142857142857142,False,False,sample,True,243,False,,,2.818752893758112e-06,0.4256978498601063,151023.47240255712,True,False,0.0,2.8187528937021633e-06,4.2569784986010615e-07,1e-06,symmetrized,240,14,
2016-09-23,17.142857142857142,False,False,sample,True,243,False,,,2.9248614528376826e-06,0.413917294554227,141516.88933937263,True,False,0.0,2.9248614528479415e-06,4.139172945542269e-07,1e-06,symmetrized,240,14,
2016-09-30,17.142857142857142,False,False,sample,True,243,False,,,2.7610661862475747e-06,0.38737659467417207,140299.64098783015,True,False,0.0,2.7610661862926114e-06,3.87376594674172e-07,1e-06,symmetrized,240,14,
2016-10-14,17.142857142857142,False,False,sample,True,243,False,,,3.0615612631947526e-06,0.3807907026057449,124377.94637118845,True,False,0.0,3.0615612631927976e-06,3.807907026057449e-07,1e-06,symmetrized,240,14,
2016-10-21,17.142857142857142,False,False,sample,True,243,False,,,3.122842419476084e-06,0.3629761044136159,116232.60339678363,True,False,0.0,3.122842419562576e-06,3.629761044136157e-07,1e-06,symmetrized,240,14,
2016-10-28,17.142857142857142,False,False,sample,True,243,False,,,3.0937170991181365e-06,0.3598161788225325,116305.45628270213,True,False,0.0,3.0937170991650452e-06,3.5981617882253253e-07,1e-06,symmetrized,240,14,
2016-11-04,17.142857142857142,False,False,sample,True,243,False,,,3.125176814774789e-06,0.33929582512066553,108568.5211526556,True,False,0.0,3.1251768146960084e-06,3.3929582512066564e-07,1e-06,symmetrized,240,14,
2016-11-11,3.8125,False,False,sample,True,243,False,,,2.1362589147661303e-06,0.16920724243094198,79207.27270526858,True,False,0.0,2.1362589147551913e-06,1.6920724243094193e-07,1e-06,symmetrized,61,16,
2016-11-18,4.125,False,False,sample,True,243,False,,,2.245375484963896e-06,0.16057191899915463,71512.27938241095,True,False,0.0,2.2453754849682185e-06,1.6057191899915457e-07,1e-06,symmetrized,66,16,
2016-11-25,4.4375,False,False,sample,True,243,False,,,2.326122711884161e-06,0.156549069560342,67300.43465055941,True,False,0.0,2.3261227118648198e-06,1.5654906956034201e-07,1e-06,symmetrized,71,16,
2016-12-02,4.75,False,False,sample,True,243,False,,,2.444004042276115e-06,0.15904583341028602,65075.928950659894,True,False,0.0,2.4440040422674344e-06,1.5904583341028593e-07,1e-06,symmetrized,76,16,
2016-12-09,5.0625,False,False,sample,True,243,False,,,2.472628708221096e-06,0.1565408937700421,63309.50265584501,True,False,0.0,2.472628708207781e-06,1.5654089377004197e-07,1e-06,symmetrized,81,16,
2016-12-16,5.375,False,False,sample,True,243,False,,,2.589941629489516e-06,0.15501662043203326,59853.32590780721,True,False,0.0,2.589941629499003e-06,1.550166204320333e-07,1e-06,symmetrized,86,16,
2016-12-23,5.6875,False,False,sample,True,243,False,,,3.0121956238141215e-06,0.15149656283363155,50294.39709556533,True,False,0.0,3.0121956238135e-06,1.5149656283363148e-07,1e-06,symmetrized,91,16,
2016-12-30,6.0,False,False,sample,True,243,False,,,3.717094485532262e-06,0.15118956921585663,40674.12593473726,True,False,0.0,3.7170944855400413e-06,1.511895692158566e-07,1e-06,symmetrized,96,16,
2017-01-06,6.25,False,False,sample,True,243,False,,,8.064623210075825e-06,0.14579584339751148,18078.444534811773,True,False,0.0,8.064623210105098e-06,1.4579584339751145e-07,1e-06,symmetrized,100,16,
2017-01-13,6.5625,False,False,sample,True,243,False,,,7.959734584759682e-06,0.14052646722900697,17654.667468192936,True,False,0.0,7.959734584786218e-06,1.4052646722900692e-07,1e-06,symmetrized,105,16,
2017-01-20,6.875,False,False,sample,True,243,False,,,8.211316077889314e-06,0.1377160544792544,16771.49596641197,True,False,0.0,8.211316077861053e-06,1.3771605447925452e-07,1e-06,symmetrized,110,16,
2017-01-26,7.125,False,False,sample,True,243,False,,,8.593922559525038e-06,0.13462446516535304,15665.077760811631,True,False,0.0,8.59392255950783e-06,1.3462446516535303e-07,1e-06,symmetrized,114,16,
2017-02-03,7.1875,False,False,sample,True,243,False,,,8.598546371430393e-06,0.1363042998747645,15852.016606859315,True,False,0.0,8.598546371414122e-06,1.3630429987476457e-07,1e-06,symmetrized,115,16,
2017-02-10,3.7058823529411766,False,False,sample,True,243,False,,,1.1063490307611126e-05,0.16170118091095545,14615.747509600398,True,False,0.0,1.1063490307610199e-05,1.617011809109555e-07,1e-06,symmetrized,63,17,
2017-02-17,4.0,False,False,sample,True,243,False,,,1.0607333550645226e-05,0.15078025204427642,14214.717706798681,True,False,0.0,1.0607333550644468e-05,1.5078025204427647e-07,1e-06,symmetrized,68,17,
2017-02-24,4.294117647058823,False,False,sample,True,243,False,,,1.0297975369248764e-05,0.14188353493354078,13777.808729007591,True,False,0.0,1.0297975369248157e-05,1.4188353493354067e-07,1e-06,symmetrized,73,17,
2017-03-03,4.588235294117647,False,False,sample,True,243,False,,,9.668298861294864e-06,0.14001476993618606,14481.841319232248,True,False,0.0,9.668298861281659e-06,1.4001476993618609e-07,1e-06,symmetrized,78,17,
2017-03-10,4.882352941176471,False,False,sample,True,243,False,,,9.243462099583217e-06,0.14201526685115062,15363.860999392642,True,False,0.0,9.243462099588652e-06,1.420152668511506e-07,1e-06,symmetrized,83,17,
2017-03-17,5.176470588235294,False,False,sample,True,243,False,,,1.0009834889799761e-05,0.13714484729370857,13701.009937083192,True,False,0.0,1.0009834889776747e-05,1.3714484729370854e-07,1e-06,symmetrized,88,17,
2017-03-24,5.470588235294118,False,False,sample,True,243,False,,,9.646939005570989e-06,0.1385094694011235,14357.867228261313,True,False,0.0,9.646939005559103e-06,1.3850946940112343e-07,1e-06,symmetrized,93,17,
2017-03-31,5.764705882352941,False,False,sample,True,243,False,,,9.244453274585983e-06,0.13427654218052917,14525.092852128977,True,False,0.0,9.24445327456864e-06,1.3427654218052918e-07,1e-06,symmetrized,98,17,
2017-04-07,5.9411764705882355,False,False,sample,True,243,False,,,9.631504324834332e-06,0.13271996214731027,13779.774962577629,True,False,0.0,9.631504324813298e-06,1.327199621473102e-07,1e-06,symmetrized,101,17,
2017-04-14,6.235294117647059,False,False,sample,True,243,False,,,1.0256976040139166e-05,0.12716928269886202,12398.321123224208,True,False,0.0,1.0256976040144452e-05,1.2716928269886188e-07,1e-06,symmetrized,106,17,
2017-04-21,6.529411764705882,False,False,sample,True,243,False,,,9.874434000100271e-06,0.12847944327410257,13011.322296832193,True,False,0.0,9.874434000091655e-06,1.284794432741026e-07,1e-06,symmetrized,111,17,
2017-04-28,6.823529411764706,False,False,sample,True,243,False,,,9.579506840499249e-06,0.12521972775275436,13071.625694066352,True,False,0.0,9.579506840486308e-06,1.2521972775275436e-07,1e-06,symmetrized,116,17,
2017-05-05,7.0588235294117645,False,False,sample,True,243,False,,,9.398322694656568e-06,0.1214781766080325,12925.516664489413,True,False,0.0,9.398322694644433e-06,1.2147817660803252e-07,1e-06,symmetrized,120,17,
2017-05-12,7.352941176470588,False,False,sample,True,243,False,,,9.101915589536921e-06,0.11986871687875462,13169.61420918354,True,False,0.0,9.101915589518009e-06,1.1986871687875462e-07,1e-06,symmetrized,125,17,
2017-05-19,7.647058823529412,False,False,sample,True,243,False,,,8.786591002126888e-06,0.11933076294693006,13581.008028943736,True,False,0.0,8.786591002103097e-06,1.193307629469301e-07,1e-06,symmetrized,130,17,
2017-05-26,7.9411764705882355,False,False,sample,True,243,False,,,8.557185552588205e-06,0.1183028932687031,13824.976978899473,True,False,0.0,8.557185552576763e-06,1.1830289326870318e-07,1e-06,symmetrized,135,17,
2017-06-02,8.117647058823529,False,False,sample,True,243,False,,,8.517039903071675e-06,0.11817676871109059,13875.333455754984,True,False,0.0,8.517039903078071e-06,1.181767687110906e-07,1e-06,symmetrized,138,17,
2017-06-09,8.411764705882353,False,False,sample,True,243,False,,,8.283426127758735e-06,0.11754503643914786,14190.388690162952,True,False,0.0,8.28342612776833e-06,1.1754503643914776e-07,1e-06,symmetrized,143,17,
2017-06-16,8.705882352941176,False,False,sample,True,243,False,,,8.06584916804522e-06,0.11580723425439374,14357.723761211855,True,False,0.0,8.065849168059911e-06,1.1580723425439371e-07,1e-06,symmetrized,148,17,
2017-06-23,9.0,False,False,sample,True,243,False,,,7.966036947237956e-06,0.11440125026985908,14361.124738383887,True,False,0.0,7.966036947260453e-06,1.1440125026985905e-07,1e-06,symmetrized,153,17,
2017-06-30,9.294117647058824,False,False,sample,True,243,False,,,7.735979803632769e-06,0.11377577524936615,14707.35163966402,True,False,0.0,7.735979803619596e-06,1.1377577524936617e-07,1e-06,symmetrized,158,17,
2017-07-07,9.588235294117647,False,False,sample,True,243,False,,,7.944733242684384e-06,0.1114696104417273,14030.629731258756,True,False,0.0,7.944733242649961e-06,1.1146961044172733e-07,1e-06,symmetrized,163,17,
2017-07-14,9.882352941176471,False,False,sample,True,243,False,,,7.758617602416885e-06,0.10869798287440156,14009.967811861366,True,False,0.0,7.758617602396773e-06,1.0869798287440159e-07,1e-06,symmetrized,168,17,
2017-07-21,10.176470588235293,False,False,sample,True,243,False,,,7.626035339331958e-06,0.12343505102943807,16186.005642120588,True,False,0.0,7.626035339322945e-06,1.2343505102943817e-07,1e-06,symmetrized,173,17,
2017-07-28,10.470588235294118,False,False,sample,True,243,False,,,7.513162953706257e-06,0.12284332740313691,16350.414354122066,True,False,0.0,7.513162953705281e-06,1.2284332740313687e-07,1e-06,symmetrized,178,17,
2017-08-04,10.764705882352942,False,False,sample,True,243,False,,,7.351668346698439e-06,0.12001173146236849,16324.421315369123,True,False,0.0,7.3516683467075465e-06,1.2001173146236845e-07,1e-06,symmetrized,183,17,
2017-08-11,11.058823529411764,False,False,sample,True,243,False,,,7.2189832996974905e-06,0.11754203239806249,16282.35272451566,True,False,0.0,7.218983299682532e-06,1.1754203239806253e-07,1e-06,symmetrized,188,17,
2017-08-18,11.352941176470589,False,False,sample,True,243,False,,,7.1050249765933116e-06,0.1218387990701684,17148.257672781212,True,False,0.0,7.105024976593996e-06,1.2183879907016834e-07,1e-06,symmetrized,193,17,
2017-08-25,11.647058823529411,False,False,sample,True,243,False,,,6.961632630794946e-06,0.12021883469534585,17268.770282929756,True,False,0.0,6.961632630784942e-06,1.202188346953458e-07,1e-06,symmetrized,198,17,
2017-09-01,11.941176470588236,False,False,sample,True,243,False,,,6.917146325412174e-06,0.12131735453534055,17538.642212850915,True,False,0.0,6.917146325384303e-06,1.2131735453534056e-07,1e-06,symmetrized,203,17,
2017-09-08,12.235294117647058,False,False,sample,True,243,False,,,6.794655609854015e-06,0.11936860230126048,17568.013620608675,True,False,0.0,6.794655609848483e-06,1.1936860230126045e-07,1e-06,symmetrized,208,17,
2017-09-15,12.529411764705882,False,False,sample,True,243,False,,,6.650702384800446e-06,0.1171400892889253,17613.19068443627,True,False,0.0,6.650702384792287e-06,1.171400892889252e-07,1e-06,symmetrized,213,17,
2017-09-22,12.823529411764707,False,False,sample,True,243,False,,,6.723672278797628e-06,0.11639983560330508,17311.94364876458,True,False,0.0,6.723672278796059e-06,1.1639983560330502e-07,1e-06,symmetrized,218,17,
2017-09-29,13.117647058823529,False,False,sample,True,243,False,,,6.961637457332069e-06,0.11460569130790335,16462.461886348225,True,False,0.0,6.961637457338669e-06,1.1460569130790352e-07,1e-06,symmetrized,223,17,
2017-10-13,13.411764705882353,False,False,sample,True,243,False,,,8.068666921903206e-06,0.11355900009739615,14074.072110862435,True,False,0.0,8.068666921899425e-06,1.1355900009739626e-07,1e-06,symmetrized,228,17,
2017-10-20,13.705882352941176,False,False,sample,True,243,False,,,8.107350297614736e-06,0.11272349044381638,13903.863322271984,True,False,0.0,8.107350297613489e-06,1.1272349044381639e-07,1e-06,symmetrized,233,17,
2017-10-27,14.0,False,False,sample,True,243,False,,,7.95665320693894e-06,0.11093973878752514,13943.015474241782,True,False,0.0,7.956653206947724e-06,1.1093973878752518e-07,1e-06,symmetrized,238,17,
2017-11-03,14.117647058823529,False,False,sample,True,243,False,,,7.899529724542639e-06,0.11143413352817065,14106.426257497547,True,False,0.0,7.899529724567969e-06,1.1143413352817055e-07,1e-06,symmetrized,240,17,
2017-11-10,14.117647058823529,False,False,sample,True,243,False,,,8.019732685070434e-06,0.11132092243924858,13880.876933277847,True,False,0.0,8.01973268506128e-06,1.1132092243924853e-07,1e-06,symmetrized,240,17,
2017-11-17,14.117647058823529,False,False,sample,True,243,False,,,7.963917904701945e-06,0.11141709921622697,13990.237035272005,True,False,0.0,7.96391790468444e-06,1.1141709921622698e-07,1e-06,symmetrized,240,17,
2017-11-24,3.3333333333333335,False,False,sample,True,243,False,,,6.3983555967890585e-06,0.11209946515142691,17520.04299474739,True,False,0.0,6.398355596761955e-06,1.1209946515142682e-07,1e-06,symmetrized,60,18,
2017-12-01,3.611111111111111,False,False,sample,True,243,False,,,6.592851988864123e-06,0.11118785467217746,16864.909884217486,True,False,0.0,6.59285198887685e-06,1.1118785467217753e-07,1e-06,symmetrized,65,18,
2017-12-08,3.888888888888889,False,False,sample,True,243,False,,,6.40840567338173e-06,0.10974555328355323,17125.25062815511,True,False,0.0,6.4084056734131175e-06,1.0974555328355315e-07,1e-06,symmetrized,70,18,
2017-12-15,4.166666666666667,False,False,sample,True,243,False,,,5.998632835371978e-06,0.11569792241583754,19287.38190702466,True,False,0.0,5.9986328353842025e-06,1.1569792241583751e-07,1e-06,symmetrized,75,18,
2017-12-22,4.444444444444445,False,False,sample,True,243,False,,,6.275683318678405e-06,0.11228838414926315,17892.614787469858,True,False,0.0,6.275683318683845e-06,1.1228838414926308e-07,1e-06,symmetrized,80,18,
2017-12-29,4.722222222222222,False,False,sample,True,243,False,,,1.0962301971093893e-05,0.11149613273301226,10170.86858462871,True,False,0.0,1.0962301971087673e-05,1.1149613273301229e-07,1e-06,symmetrized,85,18,
2018-01-05,4.944444444444445,False,False,sample,True,243,False,,,2.1054050146684103e-05,0.11178827307045863,5309.585200549391,True,False,0.0,2.1054050146683798e-05,1.1178827307045855e-07,1e-06,symmetrized,89,18,
2018-01-12,5.222222222222222,False,False,sample,True,243,False,,,2.326246460002415e-05,0.10669918410352949,4586.753206855765,True,False,0.0,2.3262464600028827e-05,1.0669918410352946e-07,1e-06,symmetrized,94,18,
2018-01-19,5.5,False,False,sample,True,243,False,,,2.2252850449224945e-05,0.11035314185903847,4959.056463837513,True,False,0.0,2.225285044921592e-05,1.1035314185903843e-07,1e-06,symmetrized,99,18,
2018-01-26,5.777777777777778,False,False,sample,True,243,False,,,2.1472158752358204e-05,0.11152353628327008,5193.866977675074,True,False,0.0,2.147215875235979e-05,1.1152353628327013e-07,1e-06,symmetrized,104,18,
2018-02-02,6.055555555555555,False,False,sample,True,243,False,,,2.1052352433053493e-05,0.12523065042811243,5948.534769515476,True,False,0.0,2.1052352433061658e-05,1.2523065042811236e-07,1e-06,symmetrized,109,18,
2018-02-09,6.333333333333333,False,False,sample,True,243,False,,,2.136105187888322e-05,0.17336656715378349,8116.01264473158,True,False,0.0,2.1361051878885493e-05,1.7336656715378353e-07,1e-06,symmetrized,114,18,
2018-02-14,6.5,False,False,sample,True,243,False,,,2.100242645998854e-05,0.21925542383603858,10439.528225642849,True,False,0.0,2.1002426459989812e-05,2.192554238360385e-07,1e-06,symmetrized,117,18,
2018-02-23,6.611111111111111,False,False,sample,True,243,False,,,2.2713634645799022e-05,0.2234185235797057,9836.317571526486,True,False,0.0,2.2713634645813473e-05,2.2341852357970582e-07,1e-06,symmetrized,119,18,
2018-03-02,6.888888888888889,False,False,sample,True,243,False,,,2.280366273264072e-05,0.22550845045019824,9889.132859670382,True,False,0.0,2.280366273261391e-05,2.2550845045019828e-07,1e-06,symmetrized,124,18,
2018-03-09,7.166666666666667,False,False,sample,True,243,False,,,2.2076088440528033e-05,0.2232070730085592,10110.807157249292,True,False,0.0,2.2076088440547475e-05,2.2320707300855913e-07,1e-06,symmetrized,129,18,
2018-03-16,7.444444444444445,False,False,sample,True,243,False,,,2.140398994261683e-05,0.22545531117022644,10533.331017939288,True,False,0.0,2.1403989942592294e-05,2.254553111702264e-07,1e-06,symmetrized,134,18,
2018-03-23,7.722222222222222,False,False,sample,True,243,False,,,2.0772760159139113e-05,0.21928661240593827,10556.450405530806,True,False,0.0,2.0772760159134698e-05,2.192866124059384e-07,1e-06,symmetrized,139,18,
2018-03-30,8.0,False,False,sample,True,243,False,,,2.0102986974341002e-05,0.2537831755012149,12624.152611009398,True,False,0.0,2.010298697430587e-05,2.5378317550121514e-07,1e-06,symmetrized,144,18,
2018-04-04,8.166666666666666,False,False,sample,True,243,False,,,2.0259617465456336e-05,0.25230124156421263,12453.405993197992,True,False,0.0,2.0259617465470857e-05,2.523012415642127e-07,1e-06,symmetrized,147,18,
2018-04-13,8.444444444444445,False,False,sample,True,243,False,,,2.0471217535793694e-05,0.24580950425434434,12007.566419757359,True,False,0.0,2.0471217535781642e-05,2.458095042543445e-07,1e-06,symmetrized,152,18,
2018-04-20,8.722222222222221,False,False,sample,True,243,False,,,2.039326415505594e-05,0.2442291098601772,11975.969516367366,True,False,0.0,2.039326415509127e-05,2.4422910986017695e-07,1e-06,symmetrized,157,18,
2018-04-27,9.0,False,False,sample,True,243,False,,,2.0185477502346393e-05,0.2519924703069574,12483.849850847737,True,False,0.0,2.018547750235715e-05,2.519924703069572e-07,1e-06,symmetrized,162,18,
2018-05-04,9.166666666666666,False,False,sample,True,243,False,,,2.072455415394622e-05,0.24900576607794617,12015.011962538758,True,False,0.0,2.0724554153940017e-05,2.490057660779461e-07,1e-06,symmetrized,165,18,
2018-05-11,9.444444444444445,False,False,sample,True,243,False,,,2.0264382698355764e-05,0.24742611155325153,12209.90124576198,True,False,0.0,2.0264382698317075e-05,2.474261115532514e-07,1e-06,symmetrized,170,18,
2018-05-18,9.722222222222221,False,False,sample,True,243,False,,,1.9738770330074343e-05,0.241971865083361,12258.710195066627,True,False,0.0,1.9738770330060458e-05,2.4197186508336083e-07,1e-06,symmetrized,175,18,
2018-05-25,10.0,False,False,sample,True,243,False,,,1.9538885367391734e-05,0.24035505342983055,12301.369751160773,True,False,0.0,1.9538885367484813e-05,2.403550534298306e-07,1e-06,symmetrized,180,18,
2018-06-01,10.277777777777779,False,False,sample,True,243,False,,,1.9228464239607967e-05,0.24440684071826857,12710.679213518488,True,False,0.0,1.9228464239622926e-05,2.4440684071826856e-07,1e-06,symmetrized,185,18,
2018-06-08,10.555555555555555,False,False,sample,True,243,False,,,1.8874469491859973e-05,0.24036373470844247,12734.86043208285,True,False,0.0,1.8874469491920993e-05,2.403637347084424e-07,1e-06,symmetrized,190,18,
2018-06-15,10.833333333333334,False,False,sample,True,243,False,,,1.8457810728354245e-05,0.23952502375818507,12976.892399824812,True,False,0.0,1.845781072835482e-05,2.395250237581851e-07,1e-06,symmetrized,195,18,
2018-06-22,11.055555555555555,False,False,sample,True,243,False,,,1.815441982711436e-05,0.2747698339567999,15135.148166311546,True,False,0.0,1.8154419827117826e-05,2.747698339567998e-07,1e-06,symmetrized,199,18,
2018-06-29,11.333333333333334,False,False,sample,True,243,False,,,1.7802585347553716e-05,0.27091960653158953,15217.992288340136,True,False,0.0,1.780258534755781e-05,2.709196065315893e-07,1e-06,symmetrized,204,18,
2018-07-06,11.61111111111111,False,False,sample,True,243,False,,,1.864283873167526e-05,0.2836084605899565,15212.7293848275,True,False,0.0,1.8642838731673102e-05,2.8360846058995623e-07,1e-06,symmetrized,209,18,
2018-07-13,11.88888888888889,False,False,sample,True,243,False,,,2.1398330489869017e-05,0.2947109441228666,13772.613908472753,True,False,0.0,2.139833048983473e-05,2.9471094412286674e-07,1e-06,symmetrized,214,18,
2018-07-20,12.166666666666666,False,False,sample,True,243,False,,,2.1200035558784612e-05,0.28892636187191045,13628.579115858542,True,False,0.0,2.120003555875968e-05,2.889263618719104e-07,1e-06,symmetrized,219,18,
2018-07-27,12.444444444444445,False,False,sample,True,243,False,,,2.0771914234498986e-05,0.28840407322526385,13884.328135067522,True,False,0.0,2.0771914234536923e-05,2.884040732252639e-07,1e-06,symmetrized,224,18,
2018-08-03,12.722222222222221,False,False,sample,True,243,False,,,2.038116624989444e-05,0.2921028975169016,14332.00111982868,True,False,0.0,2.0381166249883973e-05,2.9210289751690165e-07,1e-06,symmetrized,229,18,
2018-08-10,13.0,False,False,sample,True,243,False,,,2.0095635146677602e-05,0.3012453441508903,14990.585863651839,True,False,0.0,2.0095635146684507e-05,3.0124534415089e-07,1e-06,symmetrized,234,18,
2018-08-17,13.277777777777779,False,False,sample,True,243,False,,,1.9847918273054233e-05,0.29896855286554314,15062.9677506999,True,False,0.0,1.984791827305738e-05,2.9896855286554324e-07,1e-06,symmetrized,239,18,
2018-08-24,13.333333333333334,False,False,sample,True,243,False,,,1.9771260172677423e-05,0.29812763942996356,15078.838517433314,True,False,0.0,1.977126017270466e-05,2.981276394299637e-07,1e-06,symmetrized,240,18,
2018-08-31,13.333333333333334,False,False,sample,True,243,False,,,1.9916646676705536e-05,0.30393671015414225,15260.4359101086,True,False,0.0,1.9916646676745075e-05,3.039367101541424e-07,1e-06,symmetrized,240,18,
2018-09-07,13.333333333333334,False,False,sample,True,243,False,,,1.9975552221193328e-05,0.3076154135110022,15399.59497012721,True,False,0.0,1.997555222118795e-05,3.076154135110023e-07,1e-06,symmetrized,240,18,
2018-09-14,13.333333333333334,False,False,sample,True,243,False,,,2.003264010113719e-05,0.3090220188394251,15425.9257531354,True,False,0.0,2.003264010114853e-05,3.0902201883942523e-07,1e-06,symmetrized,240,18,
2018-09-21,13.333333333333334,False,False,sample,True,243,False,,,1.9565987810245134e-05,0.3130476845939934,15999.584975212727,True,False,0.0,1.9565987810298097e-05,3.1304768459399337e-07,1e-06,symmetrized,240,18,
2018-09-28,13.333333333333334,False,False,sample,True,243,False,,,1.8026204725749286e-05,0.3165166328548348,17558.695114713246,True,False,0.0,1.8026204725743875e-05,3.1651663285483475e-07,1e-06,symmetrized,240,18,
2018-10-12,13.333333333333334,False,False,sample,True,243,False,,,1.8393315802588414e-05,0.3740388449167377,20335.58543392708,True,False,0.0,1.8393315802599926e-05,3.7403884491673785e-07,1e-06,symmetrized,240,18,
2018-10-19,13.333333333333334,False,False,sample,True,243,False,,,1.8455847661554344e-05,0.382857811363715,20744.52598355869,True,False,0.0,1.845584766154452e-05,3.8285781136371545e-07,1e-06,symmetrized,240,18,
2018-10-26,13.333333333333334,False,False,sample,True,243,False,,,1.847919923249692e-05,0.41621653503916134,22523.515754255004,True,False,0.0,1.8479199232482133e-05,4.162165350391612e-07,1e-06,symmetrized,240,18,
2018-11-02,13.333333333333334,False,False,sample,True,243,False,,,1.8302221014982457e-05,0.4219214220224059,23053.01753688883,True,False,0.0,1.8302221015042194e-05,4.219214220224059e-07,1e-06,symmetrized,240,18,
2018-11-09,13.333333333333334,False,False,sample,True,243,False,,,1.849794320668778e-05,0.4350697839390858,23519.90051422527,True,False,0.0,1.8497943206680734e-05,4.350697839390858e-07,1e-06,symmetrized,240,18,
2018-11-16,13.333333333333334,False,False,sample,True,243,False,,,1.857315423668267e-05,0.4385109093660492,23609.932043743753,True,False,0.0,1.85731542367077e-05,4.38510909366049e-07,1e-06,symmetrized,240,18,
2018-11-23,13.333333333333334,False,False,sample,True,243,False,,,1.8352679593907106e-05,0.43913204428756814,23927.407550522228,True,False,0.0,1.8352679593838398e-05,4.391320442875682e-07,1e-06,symmetrized,240,18,
2018-11-30,13.333333333333334,False,False,sample,True,243,False,,,1.8561785178714568e-05,0.4497173509887352,24228.130358088696,True,False,0.0,1.8561785178820708e-05,4.4971735098873494e-07,1e-06,symmetrized,240,18,
2018-12-07,13.333333333333334,False,False,sample,True,243,False,,,1.844467794449173e-05,0.4609667183799566,24991.855090515066,True,False,0.0,1.84446779445227e-05,4.6096671837995684e-07,1e-06,symmetrized,240,18,
2018-12-14,13.333333333333334,False,False,sample,True,243,False,,,1.857347213681964e-05,0.46271758278007413,24912.820789323123,True,False,0.0,1.857347213678996e-05,4.627175827800741e-07,1e-06,symmetrized,240,18,
2018-12-21,13.333333333333334,False,False,sample,True,243,False,,,1.8530126744305332e-05,0.46809521986915903,25261.306969366186,True,False,0.0,1.8530126744248472e-05,4.6809521986915876e-07,1e-06,symmetrized,240,18,
2018-12-28,13.333333333333334,False,False,sample,True,243,False,,,1.434053660696366e-05,0.4677215912717443,32615.347953201563,True,False,0.0,1.4340536606944878e-05,4.6772159127174427e-07,1e-06,symmetrized,240,18,
2019-01-04,13.333333333333334,False,False,sample,True,243,False,,,1.3567530197748182e-05,0.4678641060908496,34484.10280070735,True,False,0.0,1.356753019779312e-05,4.678641060908496e-07,1e-06,symmetrized,240,18,
2019-01-11,13.333333333333334,False,False,sample,True,243,False,,,1.412372091803375e-05,0.47842198241543077,33873.65023650119,True,False,0.0,1.412372091799161e-05,4.784219824154307e-07,1e-06,symmetrized,240,18,
2019-01-18,13.333333333333334,False,False,sample,True,243,False,,,1.411838595572971e-05,0.4821726360677033,34152.10758365913,True,False,0.0,1.4118385955760945e-05,4.821726360677029e-07,1e-06,symmetrized,240,18,
2019-01-25,13.333333333333334,False,False,sample,True,243,False,,,1.3977632229008279e-05,0.48411364008734026,34634.88179941106,True,False,0.0,1.3977632229015758e-05,4.841136400873403e-07,1e-06,symmetrized,240,18,
2019-02-01,13.333333333333334,False,False,sample,True,243,False,,,1.3594496821939123e-05,0.47888981764207816,35226.74093161244,True,False,0.0,1.3594496821917745e-05,4.788898176420784e-07,1e-06,symmetrized,240,18,
2019-02-15,13.333333333333334,False,False,sample,True,243,False,,,1.3986247955590587e-05,0.4434112488831491,31703.37393495935,True,False,0.0,1.3986247955527812e-05,4.4341124888314884e-07,1e-06,symmetrized,240,18,
2019-02-22,13.333333333333334,False,False,sample,True,243,False,,,1.1743946928565493e-05,0.4494372184844867,38269.69086443111,True,False,0.0,1.1743946928523267e-05,4.494372184844864e-07,1e-06,symmetrized,240,18,
2019-03-01,13.333333333333334,False,False,sample,True,243,False,,,1.2080709914754303e-05,0.4907508323265719,40622.681596485694,True,False,0.0,1.2080709914703405e-05,4.90750832326572e-07,1e-06,symmetrized,240,18,
2019-03-08,13.333333333333334,False,False,sample,True,243,False,,,1.2443219532207203e-05,0.4933261173779121,39646.1796805095,True,False,0.0,1.244321953216802e-05,4.933261173779123e-07,1e-06,symmetrized,240,18,
2019-03-15,13.333333333333334,False,False,sample,True,243,False,,,1.2463578143038837e-05,0.5201803648856793,41736.037509919304,True,False,0.0,1.2463578142949927e-05,5.20180364885679e-07,1e-06,symmetrized,240,18,
2019-03-22,13.333333333333334,False,False,sample,True,243,False,,,1.2112816172751398e-05,0.51059721328733,42153.46835989744,True,False,0.0,1.21128161727455e-05,5.105972132873298e-07,1e-06,symmetrized,240,18,
2019-03-29,13.333333333333334,False,False,sample,True,243,False,,,1.1974010949164668e-05,0.5113423252558357,42704.34755962103,True,False,0.0,1.1974010949214648e-05,5.113423252558355e-07,1e-06,symmetrized,240,18,
2019-04-04,13.333333333333334,False,False,sample,True,243,False,,,1.1769803894180341e-05,0.5379497086960072,45705.9194471371,True,False,0.0,1.1769803894123771e-05,5.37949708696007e-07,1e-06,symmetrized,240,18,
2019-04-12,13.333333333333334,False,False,sample,True,243,False,,,1.1728573667636124e-05,0.5399128043018302,46033.96965409936,True,False,0.0,1.1728573667508313e-05,5.399128043018305e-07,1e-06,symmetrized,240,18,
2019-04-19,13.333333333333334,False,False,sample,True,243,False,,,1.156984221188173e-05,0.5338618887708668,46142.53841963494,True,False,0.0,1.1569842211861943e-05,5.338618887708669e-07,1e-06,symmetrized,240,18,
2019-04-26,13.333333333333334,False,False,sample,True,243,False,,,1.0717512558207209e-05,0.5403707237158141,50419.415958790865,True,False,0.0,1.0717512558290584e-05,5.403707237158136e-07,1e-06,symmetrized,240,18,
2019-04-30,13.333333333333334,False,False,sample,True,243,False,,,1.0702953773854824e-05,0.5407256201138674,50521.15813437894,True,False,0.0,1.070295377380159e-05,5.407256201138671e-07,1e-06,symmetrized,240,18,
2019-05-10,13.333333333333334,False,False,sample,True,243,False,,,1.0763963196330241e-05,0.589673857849035,54782.225384240686,True,False,0.0,1.0763963196413128e-05,5.896738578490352e-07,1e-06,symmetrized,240,18,
2019-05-17,13.333333333333334,False,False,sample,True,243,False,,,1.0734208014732837e-05,0.606848985712779,56534.11829544118,True,False,0.0,1.073420801469115e-05,6.068489857127788e-07,1e-06,symmetrized,240,18,
2019-05-24,13.333333333333334,False,False,sample,True,243,False,,,1.0742969678825001e-05,0.6146843458794888,57217.358352138544,True,False,0.0,1.074296967897305e-05,6.14684345879488e-07,1e-06,symmetrized,240,18,
2019-05-31,13.333333333333334,False,False,sample,True,243,False,,,1.0650204940366067e-05,0.6119234620962314,57456.496426368154,True,False,0.0,1.065020494035864e-05,6.119234620962309e-07,1e-06,symmetrized,240,18,
2019-06-06,13.333333333333334,False,False,sample,True,243,False,,,1.068933531865771e-05,0.6108386961346055,57144.684671685485,True,False,0.0,1.0689335318618408e-05,6.108386961346052e-07,1e-06,symmetrized,240,18,
2019-06-14,13.333333333333334,False,False,sample,True,243,False,,,1.0673568309460926e-05,0.6239955236715325,58461.75389334701,True,False,0.0,1.0673568309523349e-05,6.239955236715321e-07,1e-06,symmetrized,240,18,
2019-06-21,13.333333333333334,False,False,sample,True,243,False,,,1.0736443194281644e-05,0.5998023370578647,55866.01877401321,True,False,0.0,1.0736443194381992e-05,5.998023370578652e-07,1e-06,symmetrized,240,18,
2019-06-28,3.3684210526315788,False,False,sample,True,243,False,,,2.7341072601662263e-06,0.6756418741634272,247116.08209633664,True,False,0.0,2.734107260182156e-06,6.756418741634271e-07,1e-06,symmetrized,64,19,
2019-07-05,3.6315789473684212,False,False,sample,True,243,False,,,2.720029589989345e-06,0.6609027434949148,242976.3065546297,True,False,0.0,2.7200295899152575e-06,6.609027434949144e-07,1e-06,symmetrized,69,19,
2019-07-12,3.8947368421052633,False,False,sample,True,243,False,,,2.8308720531438885e-06,0.6363180506343802,224778.10324479445,True,False,0.0,2.830872053225778e-06,6.363180506343798e-07,1e-06,symmetrized,74,19,
2019-07-19,4.157894736842105,False,False,sample,True,243,False,,,2.738591315385145e-06,0.6045966615923264,220769.21744247124,True,False,0.0,2.738591315462907e-06,6.045966615923263e-07,1e-06,symmetrized,79,19,
2019-07-26,4.421052631578948,False,False,sample,True,243,False,,,2.643224270111654e-06,0.5822932757648114,220296.58336188569,True,False,0.0,2.6432242701567923e-06,5.822932757648111e-07,1e-06,symmetrized,84,19,
2019-08-02,4.684210526315789,False,False,sample,True,243,False,,,2.6217757518546773e-06,0.5517224308793303,210438.45206403898,True,False,0.0,2.621775751695171e-06,5.517224308793309e-07,1e-06,symmetrized,89,19,
2019-08-09,4.947368421052632,False,False,sample,True,243,False,,,2.633715034976616e-06,0.5445208449905135,206750.09929285996,True,False,0.0,2.633715035003668e-06,5.445208449905131e-07,1e-06,symmetrized,94,19,
2019-08-16,5.2105263157894735,False,False,sample,True,243,False,,,2.556542828475895e-06,0.5286668720252993,206789.75769025885,True,False,0.0,2.5565428284365827e-06,5.286668720252989e-07,1e-06,symmetrized,99,19,
2019-08-23,5.473684210526316,False,False,sample,True,243,False,,,2.4801171664785092e-06,0.5304905335295682,213897.36771299632,True,False,0.0,2.4801171664499435e-06,5.304905335295684e-07,1e-06,symmetrized,104,19,
2019-08-30,5.7368421052631575,False,False,sample,True,243,False,,,2.4728242761602517e-06,0.5155795108168868,208498.24056947045,True,False,0.0,2.472824276260052e-06,5.155795108168866e-07,1e-06,symmetrized,109,19,
2019-09-06,3.05,False,False,sample,True,243,False,,,7.773538063284678e-07,0.37013908322667133,476152.660749011,True,False,0.0,7.773538063860012e-07,3.7013908322667127e-07,1e-06,symmetrized,61,20,
2019-09-12,3.25,False,False,sample,True,243,False,,,7.826340967196788e-07,0.36400519419352095,465102.6523367778,True,False,0.0,7.826340967336608e-07,3.640051941935211e-07,1e-06,symmetrized,65,20,
2019-09-20,2.9047619047619047,True,False,sample,True,243,False,,,7.287895463714378e-07,0.35912242790725046,492765.61346863594,True,False,0.0,7.287895463863086e-07,3.5912242790725055e-07,1e-06,symmetrized,61,21,
2019-09-27,3.142857142857143,False,False,sample,True,243,False,,,7.682185483720622e-07,0.36770595063022105,478647.582005706,True,False,0.0,7.682185483208595e-07,3.677059506302212e-07,1e-06,symmetrized,66,21,
2019-09-30,3.1904761904761907,False,False,sample,True,243,False,,,8.478592526132117e-07,0.36348478136701534,428708.8691274033,True,False,0.0,8.478592526379078e-07,3.634847813670149e-07,1e-06,symmetrized,67,21,
2019-10-11,3.380952380952381,False,False,sample,True,243,False,,,1.7314830709800307e-06,0.35469123722634305,204848.22703209307,True,False,0.0,1.731483070994055e-06,3.546912372263429e-07,1e-06,symmetrized,71,21,
2019-10-18,3.619047619047619,False,False,sample,True,243,False,,,1.8198354227099e-06,0.34433400738978837,189211.61940954186,True,False,0.0,1.8198354227235083e-06,3.4433400738978857e-07,1e-06,symmetrized,76,21,
2019-10-25,3.857142857142857,False,False,sample,True,243,False,,,2.051477872619508e-06,0.3337639017910413,162694.37084635094,True,False,0.0,2.051477872594259e-06,3.337639017910416e-07,1e-06,symmetrized,81,21,
2019-11-01,4.095238095238095,False,False,sample,True,243,False,,,1.9546826282913537e-06,0.3281345908796926,167871.03242766566,True,False,0.0,1.95468262826489e-06,3.2813459087969267e-07,1e-06,symmetrized,86,21,
2019-11-08,4.333333333333333,False,False,sample,True,243,False,,,1.888813027456445e-06,0.31697085854277013,167814.8413501872,True,False,0.0,1.8888130274649139e-06,3.1697085854277045e-07,1e-06,symmetrized,91,21,
2019-11-15,4.571428571428571,False,False,sample,True,243,False,,,1.8524479252559595e-06,0.31284794108131664,168883.5280150125,True,False,0.0,1.8524479252967785e-06,3.1284794108131664e-07,1e-06,symmetrized,96,21,
2019-11-22,4.809523809523809,False,False,sample,True,243,False,,,1.8144147659882302e-06,0.3066422035260934,169003.36641555006,True,False,0.0,1.8144147660025002e-06,3.0664220352609343e-07,1e-06,symmetrized,101,21,
2019-11-29,5.0476190476190474,False,False,sample,True,243,False,,,2.0650070470130413e-06,0.2969464547581145,143799.24523145668,True,False,0.0,2.065007047003652e-06,2.969464547581144e-07,1e-06,symmetrized,106,21,
2019-12-06,5.285714285714286,False,False,sample,True,243,False,,,2.0852243215442733e-06,0.2877698618219003,138004.27073897928,True,False,0.0,2.0852243215736742e-06,2.8776986182190033e-07,1e-06,symmetrized,111,21,
2019-12-13,5.523809523809524,False,False,sample,True,243,False,,,2.041352948243146e-06,0.2782347394589311,136299.18319533567,True,False,0.0,2.0413529482757135e-06,2.7823473945893077e-07,1e-06,symmetrized,116,21,
2019-12-20,5.761904761904762,False,False,sample,True,243,False,,,2.0096834639457477e-06,0.27615962382803494,137414.4877949247,True,False,0.0,2.009683463943795e-06,2.761596238280348e-07,1e-06,symmetrized,121,21,
2019-12-27,6.0,False,False,sample,True,243,False,,,2.0214035963380667e-06,0.2803026838486377,138667.35191152737,True,False,0.0,2.021403596327417e-06,2.803026838486377e-07,1e-06,symmetrized,126,21,
2020-01-03,6.190476190476191,False,False,sample,True,243,False,,,2.5574327686395494e-06,0.28313418672486584,110710.31473311486,True,False,0.0,2.557432768640869e-06,2.8313418672486566e-07,1e-06,symmetrized,130,21,
2020-01-10,6.428571428571429,False,False,sample,True,243,False,,,2.551236514090698e-06,0.2810537513772028,110163.7381814343,True,False,0.0,2.5512365140512204e-06,2.8105375137720277e-07,1e-06,symmetrized,135,21,
2020-01-17,6.666666666666667,False,False,sample,True,243,False,,,2.492815249903621e-06,0.2778141461138912,111445.94294528336,True,False,0.0,2.4928152498954606e-06,2.778141461138915e-07,1e-06,symmetrized,140,21,
2020-01-23,6.857142857142857,False,False,sample,True,243,False,,,2.7373640901034157e-06,0.28215997782573005,103077.25554150535,True,False,0.0,2.737364090091863e-06,2.821599778257298e-07,1e-06,symmetrized,144,21,
2020-02-07,7.095238095238095,False,False,sample,True,243,False,,,3.7571157421682357e-06,0.4478374183736189,119197.13128538633,True,False,0.0,3.757115742168012e-06,4.478374183736188e-07,1e-06,symmetrized,149,21,
2020-02-14,7.333333333333333,False,False,sample,True,243,False,,,3.84790022293842e-06,0.4398904219854115,114319.60199048312,True,False,0.0,3.8479002229384644e-06,4.398904219854114e-07,1e-06,symmetrized,154,21,
2020-02-21,7.571428571428571,False,False,sample,True,243,False,,,3.774699434580435e-06,0.45131582562559847,119563.38072669964,True,False,0.0,3.7746994345804453e-06,4.5131582562559835e-07,1e-06,symmetrized,159,21,
2020-02-28,7.809523809523809,False,False,sample,True,243,False,,,3.693538810267267e-06,0.4579752055188899,123993.60858096696,True,False,0.0,3.6935388102262762e-06,4.5797520551888974e-07,1e-06,symmetrized,164,21,
2020-03-06,8.047619047619047,False,False,sample,True,243,False,,,3.7172098247664312e-06,0.5068461529236508,136351.23568939188,True,False,0.0,3.717209824766572e-06,5.068461529236504e-07,1e-06,symmetrized,169,21,
2020-03-13,2.8636363636363638,True,False,sample,True,243,False,,,4.461982403796227e-06,1.110837052047335,248955.94637536933,True,False,0.0,4.461982403796227e-06,1.1108370520473345e-06,1e-06,symmetrized,63,22,
2020-03-20,3.090909090909091,False,False,sample,True,243,False,,,4.2845574926252916e-06,1.1769864625516346,274704.32234308886,True,False,0.0,4.2845574926252975e-06,1.1769864625516344e-06,1e-06,symmetrized,68,22,
2020-03-27,2.608695652173913,True,False,sample,True,243,False,,,4.849113449724128e-06,1.5637642817286888,322484.5733022916,True,False,0.0,4.8491134497241e-06,1.5637642817286873e-06,1e-06,symmetrized,60,23,
2020-04-03,2.8260869565217392,True,False,sample,True,243,False,,,5.155011023508458e-06,1.4956229356076318,290129.9199530563,True,False,0.0,5.15501102350842e-06,1.4956229356076322e-06,1e-06,symmetrized,65,23,
2020-04-10,3.0,False,False,sample,True,243,False,,,5.0680682241980615e-06,1.4766851577043316,291370.41815138404,True,False,0.0,5.068068224197967e-06,1.476685157704332e-06,1e-06,symmetrized,69,23,
2020-04-17,3.217391304347826,False,False,sample,True,243,False,,,4.798335002448908e-06,1.4132005928996354,294518.9512983953,True,False,0.0,4.798335002449161e-06,1.4132005928996349e-06,1e-06,symmetrized,74,23,
2020-04-24,2.5833333333333335,True,False,sample,True,243,False,,,3.5203841268363222e-06,1.7136709724412467,486785.2230606659,True,False,0.0,3.520384126835951e-06,1.7136709724412463e-06,1e-06,symmetrized,62,24,
2020-04-30,2.75,True,False,sample,True,243,False,,,3.5544091425821676e-06,1.6215603764786826,456210.95136523014,True,False,0.0,3.554409142581902e-06,1.6215603764786826e-06,1e-06,symmetrized,66,24,
2020-05-08,2.875,True,False,sample,True,243,False,,,3.4028572746161816e-06,1.6075506368612427,472412.0076539393,True,False,0.0,3.402857274616166e-06,1.607550636861242e-06,1e-06,symmetrized,69,24,
2020-05-15,3.0833333333333335,False,False,sample,True,243,False,,,3.3311734604151912e-06,1.5111952308993808,453652.5188066995,True,False,0.0,3.3311734604152577e-06,1.5111952308993807e-06,1e-06,symmetrized,74,24,
2020-05-22,3.2916666666666665,False,False,sample,True,243,False,,,3.324831277253325e-06,1.4421650744089,433755.8673354055,True,False,0.0,3.3248312772538547e-06,1.4421650744088997e-06,1e-06,symmetrized,79,24,
2020-05-29,3.5,False,False,sample,True,243,False,,,3.2491705929548016e-06,1.393836240441222,428982.1665453597,True,False,0.0,3.2491705929539037e-06,1.3938362404412219e-06,1e-06,symmetrized,84,24,
2020-06-05,2.56,True,False,sample,True,243,False,,,1.2435254069617403e-06,1.2435254069266688,999999.9999717966,True,True,6.21877433130999e-07,6.216479737956723e-07,1.2435254069266713e-06,1e-06,symmetrized;eigenvalue_floor,64,25,
2020-06-12,2.76,True,False,sample,True,243,False,,,1.188228038076162e-06,1.1882280381043913,1000000.0000237575,True,True,4.512684240700589e-07,7.369596140343326e-07,1.1882280381043915e-06,1e-06,symmetrized;eigenvalue_floor,69,25,
2020-06-19,2.96,True,False,sample,True,243,False,,,1.1787277905987194e-06,1.1787277905913518,999999.9999937495,True,True,3.982804350465046e-07,7.804473555448471e-07,1.1787277905913517e-06,1e-06,symmetrized;eigenvalue_floor,74,25,
2020-06-24,3.08,False,False,sample,True,243,False,,,1.1387012818319628e-06,1.138701281832931,1000000.0000008502,True,True,2.7348372694013177e-07,8.652175548927994e-07,1.1387012818329312e-06,1e-06,symmetrized;eigenvalue_floor,77,25,
2020-07-03,3.28,False,False,sample,True,243,False,,,1.3923560056719144e-06,1.1100991244112253,797281.0975706753,True,False,0.0,1.3923560056716151e-06,1.1100991244112251e-06,1e-06,symmetrized,82,25,
2020-07-10,2.3846153846153846,True,False,sample,True,243,False,,,1.3621953862806619e-06,0.6544341648327423,480426.0617998489,True,False,0.0,1.3621953862807942e-06,6.544341648327416e-07,1e-06,symmetrized,62,26,
2020-07-17,2.576923076923077,True,False,sample,True,243,False,,,2.792020477815232e-06,0.7912633944138998,283401.7159620071,True,False,0.0,2.792020477814598e-06,7.912633944138998e-07,1e-06,symmetrized,67,26,
2020-07-24,2.769230769230769,True,False,sample,True,243,False,,,3.2452876007074483e-06,0.7699972792327152,237266.2685010911,True,False,0.0,3.24528760070764e-06,7.699972792327155e-07,1e-06,symmetrized,72,26,
2020-07-31,2.9615384615384617,True,False,sample,True,243,False,,,3.1293276900784523e-06,0.8260622541860259,263974.3535983975,True,False,0.0,3.1293276900781995e-06,8.260622541860258e-07,1e-06,symmetrized,77,26,
2020-08-07,3.1538461538461537,False,False,sample,True,243,False,,,3.3342865740649287e-06,0.797352850927449,239137.46860557707,True,False,0.0,3.3342865740646453e-06,7.973528509274488e-07,1e-06,symmetrized,82,26,
2020-08-14,3.3461538461538463,False,False,sample,True,243,False,,,3.177040430757417e-06,0.7760850132961357,244279.237299827,True,False,0.0,3.1770404307571134e-06,7.760850132961358e-07,1e-06,symmetrized,87,26,
2020-08-21,3.5384615384615383,False,False,sample,True,243,False,,,3.0981162017062644e-06,0.7763272151544471,250580.40583722803,True,False,0.0,3.098116201706252e-06,7.763272151544471e-07,1e-06,symmetrized,92,26,
2020-08-28,3.730769230769231,False,False,sample,True,243,False,,,2.9622091063390783e-06,0.7583577260266066,256010.8685115219,True,False,0.0,2.9622091063390787e-06,7.583577260266058e-07,1e-06,symmetrized,97,26,
2020-09-04,3.923076923076923,False,False,sample,True,243,False,,,2.9060413843669164e-06,0.7279594852744142,250498.66433096267,True,False,0.0,2.906041384368448e-06,7.279594852744141e-07,1e-06,symmetrized,102,26,
2020-09-11,4.115384615384615,False,False,sample,True,243,False,,,2.849964063406617e-06,0.762558833523769,267567.8768427233,True,False,0.0,2.8499640634074957e-06,7.625588335237686e-07,1e-06,symmetrized,107,26,
2020-09-18,4.3076923076923075,False,False,sample,True,243,False,,,2.730946244772175e-06,0.7322470887018804,268129.44052033767,True,False,0.0,2.7309462447724826e-06,7.322470887018799e-07,1e-06,symmetrized,112,26,
2020-09-25,4.5,False,False,sample,True,243,False,,,2.7629735410355505e-06,0.7428836577308497,268871.0719438957,True,False,0.0,2.7629735410358216e-06,7.4288365773085e-07,1e-06,symmetrized,117,26,
2020-09-30,4.615384615384615,False,False,sample,True,243,False,,,2.7190767548424896e-06,0.7271036311873844,267408.27742080565,True,False,0.0,2.7190767548422253e-06,7.271036311873845e-07,1e-06,symmetrized,120,26,
2020-10-09,4.653846153846154,False,False,sample,True,243,False,,,3.073557705689636e-06,0.7219858445196932,234902.32286291046,True,False,0.0,3.073557705689001e-06,7.219858445196934e-07,1e-06,symmetrized,121,26,
2020-10-16,4.846153846153846,False,False,sample,True,243,False,,,3.0279016602777573e-06,0.7365310020523481,243247.99306222654,True,False,0.0,3.0279016602793857e-06,7.365310020523481e-07,1e-06,symmetrized,126,26,
2020-10-23,5.038461538461538,False,False,sample,True,243,False,,,3.0087671576733023e-06,0.714663065737545,237526.8767192335,True,False,0.0,3.008767157673013e-06,7.146630657375445e-07,1e-06,symmetrized,131,26,
2020-10-30,5.230769230769231,False,False,sample,True,243,False,,,2.9064074292772872e-06,0.6964143615573624,239613.46731436552,True,False,0.0,2.906407429278275e-06,6.964143615573616e-07,1e-06,symmetrized,136,26,
2020-11-06,5.423076923076923,False,False,sample,True,243,False,,,3.034973965153859e-06,0.6902292633781324,227425.10192938047,True,False,0.0,3.0349739651528107e-06,6.902292633781317e-07,1e-06,symmetrized,141,26,
2020-11-13,5.615384615384615,False,False,sample,True,243,False,,,3.1318580134442875e-06,0.6925687048921096,221136.6868865333,True,False,0.0,3.1318580134437297e-06,6.925687048921092e-07,1e-06,symmetrized,146,26,
2020-11-20,5.8076923076923075,False,False,sample,True,243,False,,,3.114849584608856e-06,0.6741437411152726,216428.98727642014,True,False,0.0,3.1148495846083917e-06,6.741437411152725e-07,1e-06,symmetrized,151,26,
2020-11-27,6.0,False,False,sample,True,243,False,,,3.026838315070301e-06,0.6574716664506814,217214.00286800953,True,False,0.0,3.026838315068875e-06,6.574716664506815e-07,1e-06,symmetrized,156,26,
2020-12-04,6.1923076923076925,False,False,sample,True,243,False,,,2.9791150096684743e-06,0.6417043543101186,215401.0007091098,True,False,0.0,2.979115009668272e-06,6.417043543101183e-07,1e-06,symmetrized,161,26,
2020-12-11,6.384615384615385,False,False,sample,True,243,False,,,2.998082926519064e-06,0.6264622037356624,208954.26146968483,True,False,0.0,2.998082926518454e-06,6.264622037356627e-07,1e-06,symmetrized,166,26,
2020-12-18,6.576923076923077,False,False,sample,True,243,False,,,3.0546475476250956e-06,0.6115977785853455,200218.77124935278,True,False,0.0,3.054647547625397e-06,6.115977785853452e-07,1e-06,symmetrized,171,26,
2020-12-25,2.2222222222222223,True,False,sample,True,243,False,,,2.0663808244126327e-06,0.4435298722913926,214640.91567800223,True,False,0.0,2.0663808244125306e-06,4.4352987229139237e-07,1e-06,symmetrized,60,27,
2020-12-31,2.3703703703703702,True,False,sample,True,243,False,,,2.2666023298408364e-06,0.4257581347635363,187839.80284421289,True,False,0.0,2.266602329840674e-06,4.2575813476353607e-07,1e-06,symmetrized,64,27,
2021-01-08,2.5555555555555554,True,False,sample,True,243,False,,,2.5882816048165686e-06,0.43707787022586786,168867.97379871793,True,False,0.0,2.5882816048169714e-06,4.370778702258677e-07,1e-06,symmetrized,69,27,
2021-01-15,2.740740740740741,True,False,sample,True,243,False,,,3.0668840614638364e-06,0.4626361083344529,150848.90692399855,True,False,0.0,3.0668840614639046e-06,4.6263610833445285e-07,1e-06,symmetrized,74,27,
2021-01-22,2.925925925925926,True,False,sample,True,243,False,,,2.9596375685415276e-06,0.4540818910098743,153424.8300658111,True,False,0.0,2.959637568541424e-06,4.540818910098744e-07,1e-06,symmetrized,79,27,
2021-01-29,3.111111111111111,False,False,sample,True,243,False,,,2.933759216370011e-06,0.4718636696951123,160839.26283458158,True,False,0.0,2.9337592163710157e-06,4.7186366969511215e-07,1e-06,symmetrized,84,27,
2021-02-05,3.2962962962962963,False,False,sample,True,243,False,,,2.922968539690091e-06,0.4694109564634902,160593.9133759064,True,False,0.0,2.9229685396893765e-06,4.694109564634902e-07,1e-06,symmetrized,89,27,
2021-02-10,2.142857142857143,True,False,sample,True,243,False,,,2.2556508751886284e-06,0.4913949569540428,217850.62677882274,True,False,0.0,2.255650875188416e-06,4.913949569540428e-07,1e-06,symmetrized,60,28,
2021-02-19,2.2142857142857144,True,False,sample,True,243,False,,,2.445285072557995e-06,0.47860324501367846,195724.92810133385,True,False,0.0,2.4452850725587438e-06,4.786032450136786e-07,1e-06,symmetrized,62,28,
2021-02-26,2.392857142857143,True,False,sample,True,243,False,,,2.45939617841737e-06,0.4691070987396043,190740.76102756098,True,False,0.0,2.459396178416793e-06,4.6910709873960435e-07,1e-06,symmetrized,67,28,
2021-03-05,2.5714285714285716,True,False,sample,True,243,False,,,2.4771027410186263e-06,0.5262105629585545,212429.8496969762,True,False,0.0,2.477102741018626e-06,5.262105629585544e-07,1e-06,symmetrized,72,28,
2021-03-12,2.75,True,False,sample,True,243,False,,,2.3829583258624216e-06,0.5881703126982287,246823.58323885614,True,False,0.0,2.3829583258624136e-06,5.881703126982291e-07,1e-06,symmetrized,77,28,
2021-03-19,2.9285714285714284,True,False,sample,True,243,False,,,2.7174093250238383e-06,0.5687416785036954,209295.54972315632,True,False,0.0,2.7174093250238028e-06,5.687416785036949e-07,1e-06,symmetrized,82,28,
2021-03-26,3.107142857142857,False,False,sample,True,243,False,,,2.7994039695718804e-06,0.5567746643512401,198890.4318215956,True,False,0.0,2.799403969571884e-06,5.567746643512399e-07,1e-06,symmetrized,87,28,
2021-04-02,3.2857142857142856,False,False,sample,True,243,False,,,2.8987426252371017e-06,0.5480720246369248,189072.33083243997,True,False,0.0,2.898742625236151e-06,5.480720246369248e-07,1e-06,symmetrized,92,28,
2021-04-09,3.4285714285714284,False,False,sample,True,243,False,,,2.8362582832776123e-06,0.5335508677844996,188117.87026953063,True,False,0.0,2.836258283277474e-06,5.335508677844991e-07,1e-06,symmetrized,96,28,
2021-04-16,3.607142857142857,False,False,sample,True,243,False,,,2.8227672188650474e-06,0.5236197932585542,185498.75092749821,True,False,0.0,2.8227672188646095e-06,5.236197932585543e-07,1e-06,symmetrized,101,28,
2021-04-23,3.7857142857142856,False,False,sample,True,243,False,,,2.8352165411156722e-06,0.5115647393868565,180432.33452128252,True,False,0.0,2.8352165411161415e-06,5.115647393868567e-07,1e-06,symmetrized,106,28,
2021-04-30,3.9642857142857144,False,False,sample,True,243,False,,,2.7434659346692576e-06,0.49334351111533625,179824.90866058884,True,False,0.0,2.7434659346690543e-06,4.93343511115336e-07,1e-06,symmetrized,111,28,
2021-05-07,4.035714285714286,False,False,sample,True,243,False,,,2.71017929436306e-06,0.4881453538649737,180115.52035700151,True,False,0.0,2.7101792943638137e-06,4.881453538649734e-07,1e-06,symmetrized,113,28,
2021-05-14,2.103448275862069,True,False,sample,True,243,False,,,1.7574412029867553e-06,0.6343433552031175,360947.1282026714,True,False,0.0,1.7574412029867287e-06,6.343433552031178e-07,1e-06,symmetrized,61,29,
2021-05-21,2.2758620689655173,True,False,sample,True,243,False,,,1.7968487818806889e-06,0.6165740971581102,343141.89562060253,True,False,0.0,1.7968487818806906e-06,6.165740971581101e-07,1e-06,symmetrized,66,29,
2021-05-28,2.4482758620689653,True,False,sample,True,243,False,,,1.9773168140682915e-06,0.6070831005193549,307023.68795938825,True,False,0.0,1.9773168140683127e-06,6.070831005193548e-07,1e-06,symmetrized,71,29,
2021-06-04,2.6206896551724137,True,False,sample,True,243,False,,,1.8789888167789546e-06,0.5863948299460431,312080.000003016,True,False,0.0,1.8789888167792256e-06,5.863948299460426e-07,1e-06,symmetrized,76,29,
2021-06-11,2.793103448275862,True,False,sample,True,243,False,,,2.0287369566220347e-06,0.5594351606882249,275755.39493287343,True,False,0.0,2.02873695662204e-06,5.594351606882242e-07,1e-06,symmetrized,81,29,
2021-06-18,2.9310344827586206,True,False,sample,True,243,False,,,2.172534888266714e-06,0.5673718494765865,261156.61135791728,True,False,0.0,2.1725348882665857e-06,5.673718494765857e-07,1e-06,symmetrized,85,29,
2021-06-25,3.103448275862069,False,False,sample,True,243,False,,,2.1590940346186144e-06,0.5462762338598501,253011.78415619364,True,False,0.0,2.159094034618614e-06,5.462762338598507e-07,1e-06,symmetrized,90,29,
2021-07-02,3.2758620689655173,False,False,sample,True,243,False,,,2.193141046948072e-06,0.5437594424828278,247936.37565605357,True,False,0.0,2.1931410469481194e-06,5.437594424828286e-07,1e-06,symmetrized,95,29,
2021-07-09,3.4482758620689653,False,False,sample,True,243,False,,,2.1297442986283935e-06,0.5480115603544466,257313.31254525683,True,False,0.0,2.1297442986284833e-06,5.480115603544466e-07,1e-06,symmetrized,100,29,
2021-07-16,3.6206896551724137,False,False,sample,True,243,False,,,2.1356321654002053e-06,0.5407886926638568,253221.83352792685,True,False,0.0,2.135632165400221e-06,5.40788692663857e-07,1e-06,symmetrized,105,29,
2021-07-23,3.793103448275862,False,False,sample,True,243,False,,,2.1026745013875e-06,0.5317870744632236,252909.84130559018,True,False,0.0,2.1026745013875726e-06,5.317870744632245e-07,1e-06,symmetrized,110,29,
2021-07-30,3.9655172413793105,False,False,sample,True,243,False,,,2.0598316138100675e-06,0.5781859744132061,280695.7474274979,True,False,0.0,2.0598316138100294e-06,5.781859744132059e-07,1e-06,symmetrized,115,29,
2021-08-06,4.137931034482759,False,False,sample,True,243,False,,,2.0824371012332e-06,0.5849191328017713,280882.0167751466,True,False,0.0,2.082437101233637e-06,5.849191328017714e-07,1e-06,symmetrized,120,29,
2021-08-13,4.310344827586207,False,False,sample,True,243,False,,,2.168054969516012e-06,0.5644785957440981,260361.75451312936,True,False,0.0,2.1680549695160206e-06,5.644785957440981e-07,1e-06,symmetrized,125,29,
2021-08-20,4.482758620689655,False,False,sample,True,243,False,,,2.1341364791119234e-06,0.561042828660987,262889.8545862696,True,False,0.0,2.134136479112364e-06,5.610428286609873e-07,1e-06,symmetrized,130,29,
2021-08-27,4.655172413793103,False,False,sample,True,243,False,,,2.1111947238652368e-06,0.5616769194766824,266046.951106598,True,False,0.0,2.111194723865136e-06,5.616769194766825e-07,1e-06,symmetrized,135,29,
2021-09-03,4.827586206896552,False,False,sample,True,243,False,,,2.0831155181609136e-06,0.5446342667012032,261451.78313588467,True,False,0.0,2.083115518160627e-06,5.446342667012037e-07,1e-06,symmetrized,140,29,
2021-09-10,5.0,False,False,sample,True,243,False,,,2.1548981531576187e-06,0.5413576619895333,251221.9248952765,True,False,0.0,2.1548981531578525e-06,5.413576619895331e-07,1e-06,symmetrized,145,29,
2021-09-17,5.172413793103448,False,False,sample,True,243,False,,,2.128633739261617e-06,0.5374357213137806,252479.18953882923,True,False,0.0,2.1286337392611605e-06,5.374357213137807e-07,1e-06,symmetrized,150,29,
2021-09-24,5.275862068965517,False,False,sample,True,243,False,,,2.181336908616221e-06,0.5285872059979204,242322.58845940555,True,False,0.0,2.181336908615599e-06,5.285872059979203e-07,1e-06,symmetrized,153,29,
2021-09-30,5.413793103448276,False,False,sample,True,243,False,,,2.1886790495203e-06,0.5246020791468773,239688.9024280906,True,False,0.0,2.188679049519694e-06,5.246020791468779e-07,1e-06,symmetrized,157,29,
2021-10-08,5.448275862068965,False,False,sample,True,243,False,,,2.7086633010893787e-06,0.5253401803030275,193948.12935655183,True,False,0.0,2.708663301089354e-06,5.253401803030276e-07,1e-06,symmetrized,158,29,
2021-10-15,5.620689655172414,False,False,sample,True,243,False,,,2.7057614507867286e-06,0.5216887553917222,192806.63313465263,True,False,0.0,2.7057614507867243e-06,5.216887553917219e-07,1e-06,symmetrized,163,29,
2021-10-22,5.793103448275862,False,False,sample,True,243,False,,,2.732469183089193e-06,0.5140907367906696,188141.4582723544,True,False,0.0,2.7324691830891924e-06,5.1409073679067e-07,1e-06,symmetrized,168,29,
2021-10-29,5.9655172413793105,False,False,sample,True,243,False,,,2.754448024151423e-06,0.5104914581469532,185333.48738872024,True,False,0.0,2.7544480241514236e-06,5.104914581469529e-07,1e-06,symmetrized,173,29,
2021-11-05,6.137931034482759,False,False,sample,True,243,False,,,2.6979573938603387e-06,0.5012702399075524,185796.20310101195,True,False,0.0,2.6979573938603387e-06,5.012702399075527e-07,1e-06,symmetrized,178,29,
2021-11-12,6.310344827586207,False,False,sample,True,243,False,,,2.6499021950608422e-06,0.4939004225601258,186384.39693385956,True,False,0.0,2.649902195060842e-06,4.939004225601253e-07,1e-06,symmetrized,183,29,
2021-11-19,6.482758620689655,False,False,sample,True,243,False,,,2.5851736641263434e-06,0.4866968491553556,188264.6631864998,True,False,0.0,2.5851736641263388e-06,4.866968491553557e-07,1e-06,symmetrized,188,29,
2021-11-26,6.655172413793103,False,False,sample,True,243,False,,,2.5322198899205987e-06,0.4802508668354113,189656.0676847342,True,False,0.0,2.5322198899205975e-06,4.802508668354113e-07,1e-06,symmetrized,193,29,
2021-12-03,6.827586206896552,False,False,sample,True,243,False,,,2.5578808682352475e-06,0.47104820187129504,184155.6452925363,True,False,0.0,2.5578808682352475e-06,4.710482018712952e-07,1e-06,symmetrized,198,29,
2021-12-10,7.0,False,False,sample,True,243,False,,,2.5472565304620427e-06,0.47050771858211704,184711.55651400858,True,False,0.0,2.54725653046203e-06,4.705077185821171e-07,1e-06,symmetrized,203,29,
2021-12-17,7.172413793103448,False,False,sample,True,243,False,,,2.494604124887127e-06,0.46305797214869915,185623.8300614736,True,False,0.0,2.4946041248870997e-06,4.6305797214869893e-07,1e-06,symmetrized,208,29,
2021-12-24,7.344827586206897,False,False,sample,True,243,False,,,2.4763116246875554e-06,0.46913185061016827,189447.8247136445,True,False,0.0,2.476311624687582e-06,4.6913185061016787e-07,1e-06,symmetrized,213,29,
2021-12-31,7.517241379310345,False,False,sample,True,243,False,,,2.4466435787777883e-06,0.46319800968676506,189319.77412016585,True,False,0.0,2.446643578777798e-06,4.631980096867652e-07,1e-06,symmetrized,218,29,
2022-01-07,7.655172413793103,False,False,sample,True,243,False,,,2.6667772507589994e-06,0.46524680971944443,174460.31894378472,True,False,0.0,2.6667772507589994e-06,4.652468097194442e-07,1e-06,symmetrized,222,29,
2022-01-14,7.827586206896552,False,False,sample,True,243,False,,,2.62229852963692e-06,0.46582105660040063,177638.45395012962,True,False,0.0,2.6222985296369217e-06,4.658210566004006e-07,1e-06,symmetrized,227,29,
2022-01-21,8.0,False,False,sample,True,243,False,,,2.6013944790673503e-06,0.461347222539939,177346.12195584454,True,False,0.0,2.601394479067347e-06,4.613472225399388e-07,1e-06,symmetrized,232,29,
2022-01-28,8.172413793103448,False,False,sample,True,243,False,,,2.648412393212282e-06,0.4763043215500139,179845.22454688422,True,False,0.0,2.6484123932122824e-06,4.763043215500141e-07,1e-06,symmetrized,237,29,
2022-02-11,8.275862068965518,False,False,sample,True,243,False,,,2.872744275226953e-06,0.47226939427942816,164396.60096167726,True,False,0.0,2.872744275226988e-06,4.7226939427942813e-07,1e-06,symmetrized,240,29,
2022-02-18,8.275862068965518,False,False,sample,True,243,False,,,2.6942655479408345e-06,0.46158937785020937,171322.89658790003,True,False,0.0,2.6942655479407582e-06,4.6158937785020896e-07,1e-06,symmetrized,240,29,
2022-02-25,8.275862068965518,False,False,sample,True,243,False,,,2.6799436131251564e-06,0.4523386584039666,168786.63274429194,True,False,0.0,2.679943613124985e-06,4.523386584039669e-07,1e-06,symmetrized,240,29,
2022-03-04,8.275862068965518,False,False,sample,True,243,False,,,2.4462860818518432e-06,0.42528552166376066,173849.46299568476,True,False,0.0,2.446286081851845e-06,4.2528552166376035e-07,1e-06,symmetrized,240,29,
2022-03-11,8.275862068965518,False,False,sample,True,243,False,,,2.4321571498701176e-06,0.42358482671359987,174160.1387625056,True,False,0.0,2.4321571498701185e-06,4.235848267135997e-07,1e-06,symmetrized,240,29,
2022-03-18,8.275862068965518,False,False,sample,True,243,False,,,2.412061961570035e-06,0.4887943162773005,202645.83748882613,True,False,0.0,2.4120619615700317e-06,4.887943162773004e-07,1e-06,symmetrized,240,29,
2022-03-25,8.275862068965518,False,False,sample,True,243,False,,,2.4816190069866386e-06,0.48142503468290265,193996.3521102636,True,False,0.0,2.4816190069866322e-06,4.814250346829028e-07,1e-06,symmetrized,240,29,
2022-04-01,8.275862068965518,False,False,sample,True,243,False,,,2.6872907783724746e-06,0.4884504827078905,181763.16706735943,True,False,0.0,2.687290778372475e-06,4.884504827078904e-07,1e-06,symmetrized,240,29,
2022-04-08,8.275862068965518,False,False,sample,True,243,False,,,2.6800419368126526e-06,0.4949197037340306,184668.64153724167,True,False,0.0,2.680041936812653e-06,4.949197037340305e-07,1e-06,symmetrized,240,29,
2022-04-15,8.275862068965518,False,False,sample,True,243,False,,,2.68217236123525e-06,0.5148637406449301,191957.73846831167,True,False,0.0,2.6821723612352493e-06,5.148637406449306e-07,1e-06,symmetrized,240,29,
2022-04-22,8.275862068965518,False,False,sample,True,243,False,,,2.7190382300073697e-06,0.5197108566519069,191137.75264958237,True,False,0.0,2.7190382300073668e-06,5.197108566519066e-07,1e-06,symmetrized,240,29,
2022-04-29,8.275862068965518,False,False,sample,True,243,False,,,2.7112554816114442e-06,0.6048537527374249,223089.9141891003,True,False,0.0,2.711255481611482e-06,6.048537527374248e-07,1e-06,symmetrized,240,29,
2022-05-06,8.275862068965518,False,False,sample,True,243,False,,,2.7651790872014637e-06,0.6243110920188304,225776.006663884,True,False,0.0,2.7651790872017457e-06,6.243110920188304e-07,1e-06,symmetrized,240,29,
2022-05-13,8.275862068965518,False,False,sample,True,243,False,,,2.7703186176645004e-06,0.6287259114486023,226950.75845775666,True,False,0.0,2.770318617664526e-06,6.287259114486023e-07,1e-06,symmetrized,240,29,
2022-05-20,8.275862068965518,False,False,sample,True,243,False,,,2.735987777448869e-06,0.6316823255841635,230879.0743843038,True,False,0.0,2.7359877774490636e-06,6.316823255841634e-07,1e-06,symmetrized,240,29,
2022-05-27,8.275862068965518,False,False,sample,True,243,False,,,2.68395722691846e-06,0.6405423127994687,238655.93176195901,True,False,0.0,2.6839572269181724e-06,6.405423127994689e-07,1e-06,symmetrized,240,29,
2022-06-02,8.275862068965518,False,False,sample,True,243,False,,,2.6921886520372925e-06,0.639415841231991,237507.81385551053,True,False,0.0,2.6921886520374784e-06,6.394158412319907e-07,1e-06,symmetrized,240,29,
2022-06-10,8.275862068965518,False,False,sample,True,243,False,,,2.672575340202879e-06,0.6560863616594712,245488.443970177,True,False,0.0,2.6725753402030244e-06,6.560863616594717e-07,1e-06,symmetrized,240,29,
2022-06-17,8.275862068965518,False,False,sample,True,243,False,,,2.743792950725011e-06,0.649439311031373,236693.9935681981,True,False,0.0,2.7437929507248878e-06,6.494393110313733e-07,1e-06,symmetrized,240,29,
2022-06-24,8.275862068965518,False,False,sample,True,243,False,,,2.7302388580973815e-06,0.6542686073284998,239637.8636938891,True,False,0.0,2.7302388580972147e-06,6.542686073284989e-07,1e-06,symmetrized,240,29,
2022-07-01,8.275862068965518,False,False,sample,True,243,False,,,2.6164629634410753e-06,0.6587815729488393,251783.25936723145,True,False,0.0,2.616462963441263e-06,6.587815729488388e-07,1e-06,symmetrized,240,29,
2022-07-08,8.275862068965518,False,False,sample,True,243,False,,,2.6659610804334202e-06,0.6579143138005847,246783.16522671212,True,False,0.0,2.665961080433215e-06,6.579143138005853e-07,1e-06,symmetrized,240,29,
2022-07-15,8.275862068965518,False,False,sample,True,243,False,,,2.6059004240930247e-06,0.6599649481030694,253257.93034964797,True,False,0.0,2.60590042409286e-06,6.599649481030697e-07,1e-06,symmetrized,240,29,
2022-07-22,8.275862068965518,False,False,sample,True,243,False,,,2.5883631364325613e-06,0.6656196507981569,257158.526726491,True,False,0.0,2.5883631364325426e-06,6.656196507981567e-07,1e-06,symmetrized,240,29,
2022-07-29,8.275862068965518,False,False,sample,True,243,False,,,2.5688989815274933e-06,0.6417243699624489,249805.21794627872,True,False,0.0,2.568898981527602e-06,6.41724369962449e-07,1e-06,symmetrized,240,29,
2022-08-05,8.275862068965518,False,False,sample,True,243,False,,,2.4949624756057647e-06,0.633561944907902,253936.4624127568,True,False,0.0,2.494962475605717e-06,6.335619449079022e-07,1e-06,symmetrized,240,29,
2022-08-12,8.275862068965518,False,False,sample,True,243,False,,,2.4735987198943385e-06,0.645883588595191,261110.90024447473,True,False,0.0,2.473598719894175e-06,6.45883588595191e-07,1e-06,symmetrized,240,29,
2022-08-19,8.275862068965518,False,False,sample,True,243,False,,,2.4708869686228518e-06,0.6384644362557945,258394.83730477665,True,False,0.0,2.470886968622821e-06,6.384644362557948e-07,1e-06,symmetrized,240,29,
2022-08-26,8.275862068965518,False,False,sample,True,243,False,,,2.4661949661244604e-06,0.6374283429038008,258466.3222735781,True,False,0.0,2.4661949661243097e-06,6.374283429038013e-07,1e-06,symmetrized,240,29,
2022-09-02,8.275862068965518,False,False,sample,True,243,False,,,2.4500114844701084e-06,0.6407846327698705,261543.52207392213,True,False,0.0,2.4500114844700893e-06,6.407846327698702e-07,1e-06,symmetrized,240,29,
2022-09-09,8.275862068965518,False,False,sample,True,243,False,,,2.4308341737120043e-06,0.6339566602339721,260797.9874110001,True,False,0.0,2.4308341737121593e-06,6.339566602339718e-07,1e-06,symmetrized,240,29,
2022-09-16,8.275862068965518,False,False,sample,True,243,False,,,2.426493024166386e-06,0.6387102914838139,263223.6256699072,True,False,0.0,2.426493024166487e-06,6.387102914838135e-07,1e-06,symmetrized,240,29,
2022-09-23,8.275862068965518,False,False,sample,True,243,False,,,2.369254626679339e-06,0.6446821280441515,272103.35300588375,True,False,0.0,2.3692546266792864e-06,6.446821280441513e-07,1e-06,symmetrized,240,29,
2022-09-30,8.275862068965518,False,False,sample,True,243,False,,,2.1236523432394805e-06,0.6524871396069747,307247.625386579,True,False,0.0,2.1236523432392543e-06,6.524871396069748e-07,1e-06,symmetrized,240,29,
2022-10-14,8.275862068965518,False,False,sample,True,243,False,,,2.5467585304269805e-06,0.6549923122859433,257186.65686618106,True,False,0.0,2.5467585304269686e-06,6.549923122859435e-07,1e-06,symmetrized,240,29,
2022-10-21,8.275862068965518,False,False,sample,True,243,False,,,2.479710410231342e-06,0.6632728265250167,267479.95402541274,True,False,0.0,2.4797104102313103e-06,6.632728265250165e-07,1e-06,symmetrized,240,29,
2022-10-28,8.275862068965518,False,False,sample,True,243,False,,,2.413631981869969e-06,0.6578255884451825,272545.93632602185,True,False,0.0,2.4136319818699523e-06,6.578255884451824e-07,1e-06,symmetrized,240,29,
2022-11-04,8.275862068965518,False,False,sample,True,243,False,,,2.412482505790895e-06,0.6774761225612214,280821.15453066106,True,False,0.0,2.4124825057910607e-06,6.774761225612211e-07,1e-06,symmetrized,240,29,
2022-11-11,8.275862068965518,False,False,sample,True,243,False,,,2.377896451428193e-06,0.6880053955048129,289333.623039636,True,False,0.0,2.377896451428154e-06,6.88005395504813e-07,1e-06,symmetrized,240,29,
2022-11-18,8.275862068965518,False,False,sample,True,243,False,,,2.4253336360526083e-06,0.7021689910198725,289514.3911675176,True,False,0.0,2.42533363605268e-06,7.021689910198722e-07,1e-06,symmetrized,240,29,
2022-11-25,8.275862068965518,False,False,sample,True,243,False,,,2.433930530012851e-06,0.7027660888020182,288737.1188849452,True,False,0.0,2.433930530012851e-06,7.027660888020184e-07,1e-06,symmetrized,240,29,
2022-12-02,8.275862068965518,False,False,sample,True,243,False,,,2.437617573984644e-06,0.7069884092705068,290032.53702131397,True,False,0.0,2.4376175739848616e-06,7.069884092705059e-07,1e-06,symmetrized,240,29,
2022-12-09,8.275862068965518,False,False,sample,True,243,False,,,2.410615454216193e-06,0.7025095552588698,291423.31848498393,True,False,0.0,2.410615454216082e-06,7.025095552588696e-07,1e-06,symmetrized,240,29,
2022-12-16,8.275862068965518,False,False,sample,True,243,False,,,2.4195808035954527e-06,0.6880290758599359,284358.7925799119,True,False,0.0,2.4195808035955836e-06,6.880290758599356e-07,1e-06,symmetrized,240,29,
2022-12-23,8.275862068965518,False,False,sample,True,243,False,,,2.3887269808938007e-06,0.6912755357531744,289390.76808791124,True,False,0.0,2.388726980893609e-06,6.912755357531747e-07,1e-06,symmetrized,240,29,
2022-12-30,8.275862068965518,False,False,sample,True,243,False,,,2.4178762960819447e-06,0.6959110096326302,287819.11248326534,True,False,0.0,2.417876296081921e-06,6.959110096326305e-07,1e-06,symmetrized,240,29,
2023-01-06,8.275862068965518,False,False,sample,True,243,False,,,4.135324740727568e-06,0.6942279731129932,167877.49853735816,True,False,0.0,4.135324740727781e-06,6.942279731129927e-07,1e-06,symmetrized,240,29,
2023-01-13,8.275862068965518,False,False,sample,True,243,False,,,4.197938944109224e-06,0.6829402646461349,162684.65876676785,True,False,0.0,4.197938944109121e-06,6.829402646461345e-07,1e-06,symmetrized,240,29,
2023-01-20,8.275862068965518,False,False,sample,True,243,False,,,4.2295909003388375e-06,0.6847041878838938,161884.25878943547,True,False,0.0,4.229590900339144e-06,6.84704187883893e-07,1e-06,symmetrized,240,29,
2023-02-03,8.275862068965518,False,False,sample,True,243,False,,,4.193258288473334e-06,0.6626968804840183,158038.65035113075,True,False,0.0,4.193258288473088e-06,6.626968804840188e-07,1e-06,symmetrized,240,29,
2023-02-10,8.275862068965518,False,False,sample,True,243,False,,,4.4952856254259125e-06,0.6629979700555066,147487.3957520085,True,False,0.0,4.495285625425855e-06,6.629979700555067e-07,1e-06,symmetrized,240,29,
2023-02-17,8.275862068965518,False,False,sample,True,243,False,,,4.508610897071397e-06,0.6644674520749854,147377.42228024054,True,False,0.0,4.508610897071396e-06,6.644674520749848e-07,1e-06,symmetrized,240,29,
2023-02-24,8.275862068965518,False,False,sample,True,243,False,,,4.520372493371309e-06,0.6591180723406926,145810.56612197906,True,False,0.0,4.520372493371371e-06,6.591180723406924e-07,1e-06,symmetrized,240,29,
2023-03-03,8.275862068965518,False,False,sample,True,243,False,,,4.515685275443908e-06,0.6506169999710563,144079.35015070296,True,False,0.0,4.515685275443831e-06,6.506169999710565e-07,1e-06,symmetrized,240,29,
2023-03-10,8.275862068965518,False,False,sample,True,243,False,,,4.542524668672113e-06,0.6308883696077401,138884.96279584622,True,False,0.0,4.5425246686721954e-06,6.308883696077401e-07,1e-06,symmetrized,240,29,
2023-03-17,8.275862068965518,False,False,sample,True,243,False,,,4.557757077504896e-06,0.5703675786319127,125142.16289564854,True,False,0.0,4.557757077505155e-06,5.703675786319129e-07,1e-06,symmetrized,240,29,
2023-03-24,8.275862068965518,False,False,sample,True,243,False,,,4.507916268233479e-06,0.5734177453934888,127202.3949145343,True,False,0.0,4.507916268233459e-06,5.73417745393489e-07,1e-06,symmetrized,240,29,
2023-03-31,8.275862068965518,False,False,sample,True,243,False,,,4.391759179908428e-06,0.5647421222178706,128591.3227668476,True,False,0.0,4.3917591799084414e-06,5.647421222178704e-07,1e-06,symmetrized,240,29,
2023-04-07,8.275862068965518,False,False,sample,True,243,False,,,4.521288862072154e-06,0.54516542554009,120577.43757832692,True,False,0.0,4.521288862072165e-06,5.451654255400895e-07,1e-06,symmetrized,240,29,
2023-04-14,8.275862068965518,False,False,sample,True,243,False,,,4.517278482252314e-06,0.5451806030288839,120687.84449991603,True,False,0.0,4.517278482252316e-06,5.45180603028884e-07,1e-06,symmetrized,240,29,
2023-04-21,8.275862068965518,False,False,sample,True,243,False,,,4.537876275349758e-06,0.47180587626204307,103970.63463914703,True,False,0.0,4.537876275349752e-06,4.7180587626204315e-07,1e-06,symmetrized,240,29,
2023-04-28,8.275862068965518,False,False,sample,True,243,False,,,4.3989537815561285e-06,0.437537977732257,99464.0997518001,True,False,0.0,4.398953781556252e-06,4.3753797773225665e-07,1e-06,symmetrized,240,29,
2023-05-05,8.275862068965518,False,False,sample,True,243,False,,,4.4467519761915885e-06,0.441091686867628,99194.12848507914,True,False,0.0,4.446751976191893e-06,4.410916868676283e-07,1e-06,symmetrized,240,29,
2023-05-12,8.275862068965518,False,False,sample,True,243,False,,,4.476395202942989e-06,0.4371292197264596,97652.0615157193,True,False,0.0,4.47639520294299e-06,4.3712921972645984e-07,1e-06,symmetrized,240,29,
2023-05-19,8.275862068965518,False,False,sample,True,243,False,,,4.504489644414478e-06,0.427137437297335,94824.8239014116,True,False,0.0,4.504489644414981e-06,4.271374372973348e-07,1e-06,symmetrized,240,29,
2023-05-26,8.275862068965518,False,False,sample,True,243,False,,,4.485822202140669e-06,0.42166005648331206,93998.3881398805,True,False,0.0,4.485822202140669e-06,4.2166005648331215e-07,1e-06,symmetrized,240,29,
2023-06-02,8.275862068965518,False,False,sample,True,243,False,,,4.487497329366842e-06,0.4062777848867827,90535.49340921969,True,False,0.0,4.487497329366835e-06,4.062777848867827e-07,1e-06,symmetrized,240,29,
2023-06-09,8.275862068965518,False,False,sample,True,243,False,,,4.4366863007393235e-06,0.40159991588316823,90517.98767387411,True,False,0.0,4.43668630073935e-06,4.0159991588316796e-07,1e-06,symmetrized,240,29,
2023-06-16,8.275862068965518,False,False,sample,True,243,False,,,4.44517326124598e-06,0.401890676568597,90410.57635983963,True,False,0.0,4.44517326124523e-06,4.018906765685968e-07,1e-06,symmetrized,240,29,
2023-06-21,8.275862068965518,False,False,sample,True,243,False,,,4.463169952577215e-06,0.3949225634523298,88484.76926680453,True,False,0.0,4.463169952577318e-06,3.949225634523296e-07,1e-06,symmetrized,240,29,
2023-06-30,8.275862068965518,False,False,sample,True,243,False,,,4.4505497384075565e-06,0.39177224698784363,88027.83251851107,True,False,0.0,4.450549738407857e-06,3.917722469878438e-07,1e-06,symmetrized,240,29,
2023-07-07,8.275862068965518,False,False,sample,True,243,False,,,4.520662309141848e-06,0.3873522834427734,85684.85256230166,True,False,0.0,4.520662309142506e-06,3.873522834427734e-07,1e-06,symmetrized,240,29,
2023-07-14,8.275862068965518,False,False,sample,True,243,False,,,4.535981784270015e-06,0.3807817487856058,83946.93076283722,True,False,0.0,4.535981784270029e-06,3.8078174878560573e-07,1e-06,symmetrized,240,29,
2023-07-21,8.275862068965518,False,False,sample,True,243,False,,,4.577335132249209e-06,0.378253175743,82636.11136489674,True,False,0.0,4.577335132249168e-06,3.78253175743e-07,1e-06,symmetrized,240,29,
2023-07-28,8.275862068965518,False,False,sample,True,243,False,,,4.53694469982713e-06,0.3777652979292969,83264.25004556277,True,False,0.0,4.53694469982717e-06,3.777652979292968e-07,1e-06,symmetrized,240,29,
2023-08-04,8.275862068965518,False,False,sample,True,243,False,,,4.567274849898944e-06,0.36846801486025826,80675.682320369,True,False,0.0,4.56727484989889e-06,3.6846801486025816e-07,1e-06,symmetrized,240,29,
2023-08-11,8.275862068965518,False,False,sample,True,243,False,,,4.586875246060761e-06,0.360152926512741,78518.14300422552,True,False,0.0,4.5868752460608105e-06,3.6015292651274084e-07,1e-06,symmetrized,240,29,
2023-08-18,8.275862068965518,False,False,sample,True,243,False,,,4.6494587567245655e-06,0.36696011197680856,78925.33973896853,True,False,0.0,4.649458756724682e-06,3.6696011197680827e-07,1e-06,symmetrized,240,29,
2023-08-25,8.275862068965518,False,False,sample,True,243,False,,,4.647831858323285e-06,0.3682899770020366,79239.09216778292,True,False,0.0,4.647831858323279e-06,3.6828997700203674e-07,1e-06,symmetrized,240,29,
2023-09-01,8.275862068965518,False,False,sample,True,243,False,,,4.6330484342623495e-06,0.3772032808261735,81415.78621036581,True,False,0.0,4.633048434262336e-06,3.7720328082617323e-07,1e-06,symmetrized,240,29,
2023-09-08,8.275862068965518,False,False,sample,True,243,False,,,4.77691674719848e-06,0.3811504802495215,79790.06133465795,True,False,0.0,4.77691674719838e-06,3.811504802495215e-07,1e-06,symmetrized,240,29,
2023-09-15,8.275862068965518,False,False,sample,True,243,False,,,4.770865958849421e-06,0.36807687086986096,77150.95625084995,True,False,0.0,4.770865958849501e-06,3.6807687086986104e-07,1e-06,symmetrized,240,29,
2023-09-22,8.275862068965518,False,False,sample,True,243,False,,,4.685622255667468e-06,0.36087872472824656,77018.31369179359,True,False,0.0,4.685622255667621e-06,3.6087872472824644e-07,1e-06,symmetrized,240,29,
2023-09-28,8.275862068965518,False,False,sample,True,243,False,,,4.287351353878206e-06,0.3514294958104649,81968.9049959884,True,False,0.0,4.287351353878152e-06,3.514294958104648e-07,1e-06,symmetrized,240,29,
2023-10-13,8.275862068965518,False,False,sample,True,243,False,,,4.430709953862616e-06,0.33471393892344337,75544.08715732918,True,False,0.0,4.4307099538623776e-06,3.3471393892344326e-07,1e-06,symmetrized,240,29,
2023-10-20,8.275862068965518,False,False,sample,True,243,False,,,4.455903382611063e-06,0.3386272278601121,75995.19082518434,True,False,0.0,4.455903382611075e-06,3.386272278601118e-07,1e-06,symmetrized,240,29,
2023-10-27,8.275862068965518,False,False,sample,True,243,False,,,4.556161518653899e-06,0.33355832438815514,73210.38181427415,True,False,0.0,4.5561615186537155e-06,3.3355832438815553e-07,1e-06,symmetrized,240,29,
2023-11-03,8.275862068965518,False,False,sample,True,243,False,,,4.59634264721186e-06,0.31956062630054805,69524.97906012152,True,False,0.0,4.596342647211864e-06,3.1956062630054797e-07,1e-06,symmetrized,240,29,
2023-11-10,8.275862068965518,False,False,sample,True,243,False,,,4.627253698946237e-06,0.3171771439088813,68545.4406749109,True,False,0.0,4.627253698946237e-06,3.1717714390888133e-07,1e-06,symmetrized,240,29,
2023-11-17,8.275862068965518,False,False,sample,True,243,False,,,4.591485659382959e-06,0.30684565907044803,66829.27527899205,True,False,0.0,4.59148565938301e-06,3.068456590704479e-07,1e-06,symmetrized,240,29,
2023-11-24,8.275862068965518,False,False,sample,True,243,False,,,4.570918380121774e-06,0.30691420516837975,67144.97605188112,True,False,0.0,4.57091838012178e-06,3.0691420516837966e-07,1e-06,symmetrized,240,29,
2023-12-01,8.275862068965518,False,False,sample,True,243,False,,,4.5858526388448755e-06,0.30023396759045096,65469.606469098515,True,False,0.0,4.585852638844874e-06,3.00233967590451e-07,1e-06,symmetrized,240,29,
2023-12-08,8.275862068965518,False,False,sample,True,243,False,,,4.607214826713424e-06,0.3060976663072039,66438.76567951574,True,False,0.0,4.607214826713423e-06,3.060976663072038e-07,1e-06,symmetrized,240,29,
2023-12-15,8.275862068965518,False,False,sample,True,243,False,,,4.642057992763936e-06,0.3052662887082467,65760.98126824296,True,False,0.0,4.642057992763936e-06,3.052662887082464e-07,1e-06,symmetrized,240,29,
2023-12-22,2.1333333333333333,True,False,sample,True,243,False,,,1.335631398631882e-06,0.2987659821671744,223688.94776897825,True,False,0.0,1.3356313986319528e-06,2.987659821671744e-07,1e-06,symmetrized,64,30,
2023-12-29,2.3,True,False,sample,True,243,False,,,1.3534203857769037e-06,0.3205642828483729,236854.92417373293,True,False,0.0,1.3534203857769575e-06,3.205642828483734e-07,1e-06,symmetrized,69,30,
2024-01-05,2.433333333333333,True,False,sample,True,243,False,,,1.743115690578798e-06,0.3167720996550485,181727.52466582696,True,False,0.0,1.7431156905787544e-06,3.1677209965504847e-07,1e-06,symmetrized,73,30,
2024-01-12,2.6,True,False,sample,True,243,False,,,1.71152815522583e-06,0.3410538024601302,199268.59013028,True,False,0.0,1.711528155225635e-06,3.410538024601301e-07,1e-06,symmetrized,78,30,
2024-01-19,2.7666666666666666,True,False,sample,True,243,False,,,1.7177000433979307e-06,0.35843609109540675,208672.10923878968,True,False,0.0,1.7177000433980232e-06,3.5843609109540686e-07,1e-06,symmetrized,83,30,
2024-01-26,2.933333333333333,True,False,sample,True,243,False,,,1.8867325704036386e-06,0.4170561989981191,221046.80098297982,True,False,0.0,1.8867325704036214e-06,4.1705619899811893e-07,1e-06,symmetrized,88,30,
2024-02-02,3.1,False,False,sample,True,243,False,,,1.9015885636302627e-06,0.45069707297207695,237010.8243139964,True,False,0.0,1.9015885636302743e-06,4.5069707297207656e-07,1e-06,symmetrized,93,30,
2024-02-08,3.2333333333333334,False,False,sample,True,243,False,,,1.8675313273570775e-06,0.6158641450643254,329774.46538253996,True,False,0.0,1.8675313273570775e-06,6.158641450643259e-07,1e-06,symmetrized,97,30,
2024-02-23,3.4,False,False,sample,True,243,False,,,2.590801754016029e-06,0.6268349334950096,241946.31353917613,True,False,0.0,2.5908017540160407e-06,6.268349334950098e-07,1e-06,symmetrized,102,30,
2024-03-01,3.566666666666667,False,False,sample,True,243,False,,,2.586964169605483e-06,0.6989667649828148,270188.034760995,True,False,0.0,2.586964169605462e-06,6.989667649828149e-07,1e-06,symmetrized,107,30,
2024-03-08,3.7333333333333334,False,False,sample,True,243,False,,,2.648718292205311e-06,0.6807447471262236,257009.11611836174,True,False,0.0,2.6487182922051438e-06,6.80744747126224e-07,1e-06,symmetrized,112,30,
2024-03-15,3.9,False,False,sample,True,243,False,,,2.5631457498203763e-06,0.6704272051035087,261564.21465712273,True,False,0.0,2.5631457498204144e-06,6.704272051035088e-07,1e-06,symmetrized,117,30,
2024-03-22,4.066666666666666,False,False,sample,True,243,False,,,2.505012637636622e-06,0.6562911912075247,261991.1697638016,True,False,0.0,2.5050126376366534e-06,6.562911912075244e-07,1e-06,symmetrized,122,30,
2024-03-29,4.233333333333333,False,False,sample,True,243,False,,,2.6498274407503594e-06,0.6701705243796912,252911.0062313782,True,False,0.0,2.649827440750359e-06,6.701705243796912e-07,1e-06,symmetrized,127,30,
2024-04-03,4.333333333333333,False,False,sample,True,243,False,,,2.8915665535359792e-06,0.6667460867610562,230582.99866752833,True,False,0.0,2.891566553535986e-06,6.667460867610556e-07,1e-06,symmetrized,130,30,
2024-04-12,4.5,False,False,sample,True,243,False,,,3.024394392846873e-06,0.6581426010474969,217611.36794992696,True,False,0.0,3.024394392846876e-06,6.581426010474967e-07,1e-06,symmetrized,135,30,
2024-04-19,4.666666666666667,False,False,sample,True,243,False,,,2.993280128907412e-06,0.6738047634886446,225105.81518295532,True,False,0.0,2.9932801289073507e-06,6.738047634886446e-07,1e-06,symmetrized,140,30,
2024-04-26,4.833333333333333,False,False,sample,True,243,False,,,2.938695112538315e-06,0.6596001855368658,224453.42584965623,True,False,0.0,2.938695112538304e-06,6.596001855368659e-07,1e-06,symmetrized,145,30,
2024-04-30,4.9,False,False,sample,True,243,False,,,2.9829503207439574e-06,0.6775366424506051,227136.41515881004,True,False,0.0,2.9829503207438663e-06,6.775366424506043e-07,1e-06,symmetrized,147,30,
2024-05-10,5.066666666666666,False,False,sample,True,243,False,,,2.9257438604716225e-06,0.6720916837961165,229716.51513190803,True,False,0.0,2.9257438604716695e-06,6.720916837961167e-07,1e-06,symmetrized,152,30,
2024-05-17,5.233333333333333,False,False,sample,True,243,False,,,2.9222527021212232e-06,0.6549704585675176,224132.03967339426,True,False,0.0,2.9222527021213257e-06,6.549704585675173e-07,1e-06,symmetrized,157,30,
2024-05-24,5.4,False,False,sample,True,243,False,,,2.850964888439601e-06,0.6471148120176069,226980.9826987339,True,False,0.0,2.8509648884395203e-06,6.471148120176062e-07,1e-06,symmetrized,162,30,
2024-05-31,5.566666666666666,False,False,sample,True,243,False,,,2.857539362557787e-06,0.6364043548449174,222710.61710774514,True,False,0.0,2.8575393625577924e-06,6.364043548449171e-07,1e-06,symmetrized,167,30,
2024-06-07,5.733333333333333,False,False,sample,True,243,False,,,2.8036870917736183e-06,0.6203303916708987,221255.21549499175,True,False,0.0,2.8036870917735543e-06,6.203303916708982e-07,1e-06,symmetrized,172,30,
2024-06-14,5.866666666666666,False,False,sample,True,243,False,,,2.79882030278082e-06,0.6079867125251197,217229.6349004769,True,False,0.0,2.7988203027809016e-06,6.079867125251197e-07,1e-06,symmetrized,176,30,
2024-06-21,6.033333333333333,False,False,sample,True,243,False,,,2.742846821954315e-06,0.594939334958386,216905.7820496457,True,False,0.0,2.7428468219542056e-06,5.949393349583864e-07,1e-06,symmetrized,181,30,
2024-06-28,6.2,False,False,sample,True,243,False,,,2.6891322284213157e-06,0.6032735539604104,224337.63114525934,True,False,0.0,2.6891322284215334e-06,6.032735539604101e-07,1e-06,symmetrized,186,30,
2024-07-05,6.366666666666666,False,False,sample,True,243,False,,,2.661972474306681e-06,0.5917383009235488,222293.17043470516,True,False,0.0,2.66197247430664e-06,5.917383009235486e-07,1e-06,symmetrized,191,30,
2024-07-12,6.533333333333333,False,False,sample,True,243,False,,,2.6479287248283886e-06,0.5950001617851421,224703.99456227958,True,False,0.0,2.6479287248280968e-06,5.950001617851421e-07,1e-06,symmetrized,196,30,
2024-07-19,6.7,False,False,sample,True,243,False,,,2.631343065571474e-06,0.5835271977492713,221760.21263975365,True,False,0.0,2.631343065570846e-06,5.835271977492709e-07,1e-06,symmetrized,201,30,
2024-07-26,6.866666666666666,False,False,sample,True,243,False,,,2.6053583416288547e-06,0.5841736850748026,224220.0912407238,True,False,0.0,2.6053583416288153e-06,5.841736850748029e-07,1e-06,symmetrized,206,30,
2024-08-02,7.033333333333333,False,False,sample,True,243,False,,,2.5771620161422955e-06,0.5934229630196275,230262.18736061885,True,False,0.0,2.577162016142199e-06,5.934229630196278e-07,1e-06,symmetrized,211,30,
2024-08-09,7.2,False,False,sample,True,243,False,,,2.5626689948614643e-06,0.5996732484845444,234003.3963367798,True,False,0.0,2.562668994861538e-06,5.996732484845446e-07,1e-06,symmetrized,216,30,
2024-08-16,7.366666666666666,False,False,sample,True,243,False,,,2.5762128212136884e-06,0.5896082183469165,228866.26970094192,True,False,0.0,2.576212821213675e-06,5.896082183469163e-07,1e-06,symmetrized,221,30,
2024-08-23,7.533333333333333,False,False,sample,True,243,False,,,2.52799285386467e-06,0.5800812822504546,229463.18118093378,True,False,0.0,2.5279928538644657e-06,5.800812822504552e-07,1e-06,symmetrized,226,30,
2024-08-30,7.7,False,False,sample,True,243,False,,,2.521325245307778e-06,0.570443555991381,226247.50894514084,True,False,0.0,2.5213252453081424e-06,5.704435559913807e-07,1e-06,symmetrized,231,30,
2024-09-06,7.866666666666666,False,False,sample,True,243,False,,,2.4860091409534242e-06,0.5771918689061903,232176.0847125558,True,False,0.0,2.486009140953334e-06,5.771918689061909e-07,1e-06,symmetrized,236,30,
2024-09-13,8.0,False,False,sample,True,243,False,,,2.5110068351600914e-06,0.5705846025071486,227233.3928038752,True,False,0.0,2.5110068351603998e-06,5.705846025071487e-07,1e-06,symmetrized,240,30,
2024-09-20,8.0,False,False,sample,True,243,False,,,2.578015901587705e-06,0.5725951815867323,222106.92386889158,True,False,0.0,2.5780159015875394e-06,5.72595181586733e-07,1e-06,symmetrized,240,30,
2024-09-27,8.0,False,False,sample,True,243,False,,,2.5479895960933506e-06,0.6217745448679838,244025.543048255,True,False,0.0,2.54798959609336e-06,6.217745448679837e-07,1e-06,symmetrized,240,30,
2024-09-30,8.0,False,False,sample,True,243,False,,,2.6305572410950744e-06,0.6956968750901207,264467.4916104502,True,False,0.0,2.630557241095094e-06,6.956968750901207e-07,1e-06,symmetrized,240,30,
2024-10-11,8.0,False,False,sample,True,243,False,,,3.001149090649844e-06,1.0351888606028856,344930.83460200054,True,False,0.0,3.001149090649911e-06,1.0351888606028843e-06,1e-06,symmetrized,240,30,
2024-10-18,8.0,False,False,sample,True,243,False,,,4.872029031265412e-06,1.0725463936396826,220143.6786925529,True,False,0.0,4.8720290312710735e-06,1.0725463936396824e-06,1e-06,symmetrized,240,30,
2024-10-25,8.0,False,False,sample,True,243,False,,,5.227054384001583e-06,1.1175445356420783,213800.0589897325,True,False,0.0,5.227054383997618e-06,1.1175445356420787e-06,1e-06,symmetrized,240,30,
2024-11-01,8.0,False,False,sample,True,243,False,,,5.152815098206122e-06,1.1196644496442705,217291.79648500594,True,False,0.0,5.15281509820595e-06,1.11966444964427e-06,1e-06,symmetrized,240,30,
2024-11-08,8.0,False,False,sample,True,243,False,,,5.1975838482286445e-06,1.153913450283866,222009.58829690143,True,False,0.0,5.197583848236217e-06,1.153913450283866e-06,1e-06,symmetrized,240,30,
2024-11-15,8.0,False,False,sample,True,243,False,,,5.202140201184821e-06,1.176133800879498,226086.52504437036,True,False,0.0,5.202140201185308e-06,1.1761338008794987e-06,1e-06,symmetrized,240,30,
2024-11-22,8.0,False,False,sample,True,243,False,,,5.195196142790825e-06,1.194935804493638,230007.83255350325,True,False,0.0,5.19519614278998e-06,1.1949358044936382e-06,1e-06,symmetrized,240,30,
2024-11-29,8.0,False,False,sample,True,243,False,,,5.135880093241945e-06,1.220580642076122,237657.54260544846,True,False,0.0,5.135880093243054e-06,1.2205806420761223e-06,1e-06,symmetrized,240,30,
2024-12-06,8.0,False,False,sample,True,243,False,,,5.025537555855214e-06,1.2212221447917817,243003.28695563035,True,False,0.0,5.025537555856662e-06,1.221222144791782e-06,1e-06,symmetrized,240,30,
2024-12-13,8.0,False,False,sample,True,243,False,,,4.997732316494654e-06,1.2212102346746487,244352.86992945435,True,False,0.0,4.997732316503133e-06,1.2212102346746483e-06,1e-06,symmetrized,240,30,
2024-12-20,8.0,False,False,sample,True,243,False,,,5.004931456912377e-06,1.2264341379734611,245045.14168313268,True,False,0.0,5.004931456914382e-06,1.2264341379734597e-06,1e-06,symmetrized,240,30,
2024-12-27,8.0,False,False,sample,True,243,False,,,4.977230086446491e-06,1.221492737074419,245416.16840271646,True,False,0.0,4.9772300864634385e-06,1.2214927370744191e-06,1e-06,symmetrized,240,30,
2025-01-03,8.0,False,False,sample,True,243,False,,,4.890441955832558e-06,1.2432180797850767,254213.8504071927,True,False,0.0,4.890441955837868e-06,1.243218079785077e-06,1e-06,symmetrized,240,30,
2025-01-10,8.0,False,False,sample,True,243,False,,,4.872879354739119e-06,1.2389924865135713,254262.91034859893,True,False,0.0,4.872879354739265e-06,1.2389924865135715e-06,1e-06,symmetrized,240,30,
2025-01-17,8.0,False,False,sample,True,243,False,,,4.982311971935894e-06,1.2484754065682528,250581.53997593882,True,False,0.0,4.982311971932107e-06,1.2484754065682512e-06,1e-06,symmetrized,240,30,
2025-01-24,8.0,False,False,sample,True,243,False,,,4.961596674648758e-06,1.2190211569467042,245691.30400608413,True,False,0.0,4.9615966746608725e-06,1.2190211569467044e-06,1e-06,symmetrized,240,30,
2025-01-27,8.0,False,False,sample,True,243,False,,,4.9457358241223195e-06,1.2181346349678908,246299.98008113654,True,False,0.0,4.945735824099193e-06,1.218134634967891e-06,1e-06,symmetrized,240,30,
2025-02-07,8.0,False,False,sample,True,243,False,,,5.150984220612374e-06,1.2048290358913503,233902.68428120218,True,False,0.0,5.150984220618803e-06,1.2048290358913506e-06,1e-06,symmetrized,240,30,
2025-02-14,8.0,False,False,sample,True,243,False,,,5.043999236404976e-06,1.1467086882360307,227341.17006990817,True,False,0.0,5.043999236404604e-06,1.1467086882360312e-06,1e-06,symmetrized,240,30,
2025-02-21,8.0,False,False,sample,True,243,False,,,4.591342454479798e-06,1.14516189058604,249417.659854298,True,False,0.0,4.591342454477181e-06,1.1451618905860408e-06,1e-06,symmetrized,240,30,
2025-02-28,8.0,False,False,sample,True,243,False,,,4.641129934195384e-06,1.1180509222158306,240900.58629432943,True,False,0.0,4.641129934195705e-06,1.1180509222158306e-06,1e-06,symmetrized,240,30,
2025-03-07,8.0,False,False,sample,True,243,False,,,4.648411490088322e-06,1.1354371853919183,244263.48394779148,True,False,0.0,4.648411490084915e-06,1.1354371853919188e-06,1e-06,symmetrized,240,30,
2025-03-14,8.0,False,False,sample,True,243,False,,,4.642926089764315e-06,1.130562398602005,243502.13135944938,True,False,0.0,4.64292608975638e-06,1.130562398602005e-06,1e-06,symmetrized,240,30,
2025-03-21,8.0,False,False,sample,True,243,False,,,4.710954207629458e-06,1.131786102312502,240245.61743341893,True,False,0.0,4.7109542076366265e-06,1.1317861023125013e-06,1e-06,symmetrized,240,30,
2025-03-28,8.0,False,False,sample,True,243,False,,,4.808279013024367e-06,1.116502995300707,232204.28604005577,True,False,0.0,4.808279013024951e-06,1.1165029953007073e-06,1e-06,symmetrized,240,30,
2025-04-03,8.0,False,False,sample,True,243,False,,,4.606401974986836e-06,1.113232065518718,241670.62960715653,True,False,0.0,4.6064019749858526e-06,1.1132320655187183e-06,1e-06,symmetrized,240,30,
2025-04-11,8.0,False,False,sample,True,243,False,,,4.59957898721744e-06,1.2630948926581347,274610.9798675848,True,False,0.0,4.59957898722124e-06,1.2630948926581333e-06,1e-06,symmetrized,240,30,
2025-04-18,8.0,False,False,sample,True,243,False,,,4.57221075532992e-06,1.2427687648315855,271809.16001802066,True,False,0.0,4.572210755332412e-06,1.242768764831585e-06,1e-06,symmetrized,240,30,
2025-04-25,8.0,False,False,sample,True,243,False,,,4.570696274411739e-06,1.2346959920358125,270133.02085899835,True,False,0.0,4.570696274411236e-06,1.2346959920358124e-06,1e-06,symmetrized,240,30,
2025-04-30,8.0,False,False,sample,True,243,False,,,4.501692592378434e-06,1.2249177310245196,272101.59420888935,True,False,0.0,4.501692592377779e-06,1.2249177310245192e-06,1e-06,symmetrized,240,30,
2025-05-09,8.0,False,False,sample,True,243,False,,,4.537396828289173e-06,1.2244015882493593,269846.7060706745,True,False,0.0,4.5373968282867875e-06,1.2244015882493594e-06,1e-06,symmetrized,240,30,
2025-05-16,8.0,False,False,sample,True,243,False,,,4.5429291517132235e-06,1.2311764744045042,271009.39356278634,True,False,0.0,4.542929151712121e-06,1.2311764744045044e-06,1e-06,symmetrized,240,30,
2025-05-23,8.0,False,False,sample,True,243,False,,,4.508900326624046e-06,1.221550532617715,270919.8350215756,True,False,0.0,4.5089003266220236e-06,1.2215505326177142e-06,1e-06,symmetrized,240,30,
2025-05-30,8.0,False,False,sample,True,243,False,,,4.401639855702875e-06,1.224062692347311,278092.42293219076,True,False,0.0,4.40163985570415e-06,1.2240626923473109e-06,1e-06,symmetrized,240,30,
2025-06-06,8.0,False,False,sample,True,243,False,,,4.421798386218414e-06,1.2253818684768123,277122.96252493246,True,False,0.0,4.4217983862180835e-06,1.2253818684768116e-06,1e-06,symmetrized,240,30,
2025-06-13,8.0,False,False,sample,True,243,False,,,4.4146032221940045e-06,1.227742653785946,278109.40009593265,True,False,0.0,4.414603222193059e-06,1.227742653785946e-06,1e-06,symmetrized,240,30,
2025-06-20,8.0,False,False,sample,True,243,False,,,4.422352074469682e-06,1.2284894705523657,277790.9695712509,True,False,0.0,4.422352074470901e-06,1.228489470552365e-06,1e-06,symmetrized,240,30,
2025-06-27,8.0,False,False,sample,True,243,False,,,4.446352498161846e-06,1.219082390888377,274175.83095185424,True,False,0.0,4.446352498162682e-06,1.219082390888377e-06,1e-06,symmetrized,240,30,
2025-07-04,8.0,False,False,sample,True,243,False,,,4.7879565689922065e-06,1.2183210549181815,254455.32710306518,True,False,0.0,4.787956568992866e-06,1.2183210549181818e-06,1e-06,symmetrized,240,30,
2025-07-11,8.0,False,False,sample,True,243,False,,,4.7899927091125135e-06,1.207673630053326,252124.31487752366,True,False,0.0,4.789992709113024e-06,1.2076736300533253e-06,1e-06,symmetrized,240,30,
2025-07-18,8.0,False,False,sample,True,243,False,,,4.752620523378457e-06,1.2074198050247684,254053.4846166215,True,False,0.0,4.752620523379096e-06,1.2074198050247685e-06,1e-06,symmetrized,240,30,
2025-07-25,8.0,False,False,sample,True,243,False,,,4.7408447414258255e-06,1.1955586739455981,252182.62549260992,True,False,0.0,4.740844741426385e-06,1.1955586739455979e-06,1e-06,symmetrized,240,30,
2025-08-01,8.0,False,False,sample,True,243,False,,,4.8109211987693185e-06,1.176885900377293,244627.97284610523,True,False,0.0,4.810921198769704e-06,1.1768859003772926e-06,1e-06,symmetrized,240,30,
2025-08-08,8.0,False,False,sample,True,243,False,,,4.818331195929717e-06,1.1643776793918663,241655.79991169428,True,False,0.0,4.81833119592998e-06,1.1643776793918659e-06,1e-06,symmetrized,240,30,
2025-08-15,8.0,False,False,sample,True,243,False,,,4.765316875459207e-06,1.1675057280018821,245000.64917285822,True,False,0.0,4.765316875459336e-06,1.1675057280018822e-06,1e-06,symmetrized,240,30,
2025-08-22,8.0,False,False,sample,True,243,False,,,4.798039227522833e-06,1.171640143912608,244191.4474545701,True,False,0.0,4.798039227524326e-06,1.1716401439126079e-06,1e-06,symmetrized,240,30,
2025-08-29,8.0,False,False,sample,True,243,False,,,4.865362018368623e-06,1.2002123797173399,246685.1130884144,True,False,0.0,4.86536201836797e-06,1.2002123797173394e-06,1e-06,symmetrized,240,30,
2025-09-05,8.0,False,False,sample,True,243,False,,,4.849660494980403e-06,1.2094091259272726,249380.16324628508,True,False,0.0,4.8496604949820335e-06,1.2094091259272726e-06,1e-06,symmetrized,240,30,
2025-09-12,8.0,False,False,sample,True,243,False,,,4.803449674044465e-06,1.2390094971428727,257941.600562172,True,False,0.0,4.803449674043323e-06,1.2390094971428726e-06,1e-06,symmetrized,240,30,
2025-09-19,8.0,False,False,sample,True,243,False,,,4.805284187287999e-06,1.213063086055262,252443.5681170169,True,False,0.0,4.805284187286062e-06,1.213063086055262e-06,1e-06,symmetrized,240,30,
2025-09-26,8.0,False,False,sample,True,243,False,,,4.094748410501453e-06,0.8388760057443045,204866.31207741864,True,False,0.0,4.094748410505057e-06,8.388760057443045e-07,1e-06,symmetrized,240,30,
2025-09-30,8.0,False,False,sample,True,243,False,,,4.077769393373472e-06,0.7992791717324057,196008.9192467,True,False,0.0,4.07776939337045e-06,7.992791717324054e-07,1e-06,symmetrized,240,30,
2025-10-10,8.0,False,False,sample,True,243,False,,,3.893692748728795e-06,0.770998479049104,198012.1516523917,True,False,0.0,3.8936927487387805e-06,7.709984790491042e-07,1e-06,symmetrized,240,30,
2025-10-17,8.0,False,False,sample,True,243,False,,,2.4029318677650647e-06,0.7372500565330098,306812.7175901647,True,False,0.0,2.4029318677638145e-06,7.372500565330098e-07,1e-06,symmetrized,240,30,
2025-10-24,8.0,False,False,sample,True,243,False,,,2.488944940876511e-06,0.7528557251585815,302479.86317184445,True,False,0.0,2.488944940874902e-06,7.528557251585812e-07,1e-06,symmetrized,240,30,
2025-10-31,8.0,False,False,sample,True,243,False,,,2.5251949152854025e-06,0.7548541778172051,298929.0740480879,True,False,0.0,2.525194915293273e-06,7.548541778172053e-07,1e-06,symmetrized,240,30,
2025-11-07,8.0,False,False,sample,True,243,False,,,2.5858206945885894e-06,0.730856825799238,282640.1797033801,True,False,0.0,2.5858206945907667e-06,7.308568257992378e-07,1e-06,symmetrized,240,30,
2025-11-14,8.0,False,False,sample,True,243,False,,,2.573156780814195e-06,0.7031230886239587,273253.1083479015,True,False,0.0,2.5731567808140145e-06,7.031230886239586e-07,1e-06,symmetrized,240,30,
2025-11-21,8.0,False,False,sample,True,243,False,,,2.5482968871003976e-06,0.6907331552018794,271056.78255088883,True,False,0.0,2.548296887099511e-06,6.90733155201879e-07,1e-06,symmetrized,240,30,
2025-11-28,8.0,False,False,sample,True,243,False,,,2.5987522184361433e-06,0.7013517941336409,269880.2098784527,True,False,0.0,2.5987522184391964e-06,7.013517941336405e-07,1e-06,symmetrized,240,30,
2025-12-05,8.0,False,False,sample,True,243,False,,,2.655152385686767e-06,0.702605939382291,264619.81736711465,True,False,0.0,2.6551523856826357e-06,7.026059393822912e-07,1e-06,symmetrized,240,30,
2025-12-12,8.0,False,False,sample,True,243,False,,,2.6403506590269005e-06,0.6973949392577219,264129.66659312835,True,False,0.0,2.640350659027645e-06,6.97394939257722e-07,1e-06,symmetrized,240,30,
2025-12-19,8.0,False,False,sample,True,243,False,,,2.667218341625486e-06,0.7099822771865754,266188.28541569266,True,False,0.0,2.6672183416257727e-06,7.099822771865754e-07,1e-06,symmetrized,240,30,
2025-12-26,8.0,False,False,sample,True,243,False,,,2.6680368411257126e-06,0.714488275895576,267795.5059998779,True,False,0.0,2.668036841125546e-06,7.144882758955763e-07,1e-06,symmetrized,240,30,
2025-12-31,8.0,False,False,sample,True,243,False,,,2.5802270378498646e-06,0.6857613792918364,265775.59619067085,True,False,0.0,2.5802270378519784e-06,6.857613792918368e-07,1e-06,symmetrized,240,30,
2026-01-09,8.0,False,False,sample,True,243,False,,,2.5318100827957544e-06,0.6966521610137781,275159.7229775225,True,False,0.0,2.531810082794577e-06,6.96652161013778e-07,1e-06,symmetrized,240,30,
2026-01-16,8.0,False,False,sample,True,243,False,,,2.5642735998001457e-06,0.6975624984645377,272031.2288512834,True,False,0.0,2.5642735997996294e-06,6.975624984645379e-07,1e-06,symmetrized,240,30,
2026-01-23,8.0,False,False,sample,True,243,False,,,2.5775845716903667e-06,0.6994230252035034,271348.2354314471,True,False,0.0,2.5775845716895002e-06,6.994230252035034e-07,1e-06,symmetrized,240,30,
2026-01-30,8.0,False,False,sample,True,243,False,,,2.331661775817011e-06,0.6862964540202041,294337.9100426033,True,False,0.0,2.331661775816606e-06,6.862964540202038e-07,1e-06,symmetrized,240,30,
2026-02-06,8.0,False,False,sample,True,243,False,,,2.3320207623806913e-06,0.7287558319676759,312499.7185804257,True,False,0.0,2.3320207623800035e-06,7.28755831967676e-07,1e-06,symmetrized,240,30,
2026-02-13,8.0,False,False,sample,True,243,False,,,2.234139668447513e-06,0.7331688663606044,328166.0841150893,True,False,0.0,2.2341396684486092e-06,7.331688663606051e-07,1e-06,symmetrized,240,30,
2026-02-27,8.0,False,False,sample,True,243,False,,,2.3001343666692714e-06,0.7187749337199616,312492.58484007156,True,False,0.0,2.300134366669166e-06,7.18774933719962e-07,1e-06,symmetrized,240,30,
2026-03-06,8.0,False,False,sample,True,243,False,,,2.3295539582209e-06,0.7370328029953026,316383.65807941224,True,False,0.0,2.329553958220335e-06,7.370328029953024e-07,1e-06,symmetrized,240,30,
2026-03-13,8.0,False,False,sample,True,243,False,,,2.35450760962648e-06,0.7355765313830473,312412.04249059083,True,False,0.0,2.354507609625326e-06,7.355765313830472e-07,1e-06,symmetrized,240,30,
2026-03-20,8.0,False,False,sample,True,243,False,,,2.320357413660016e-06,0.7500432456642563,323244.7041342547,True,False,0.0,2.3203574136604213e-06,7.500432456642561e-07,1e-06,symmetrized,240,30,
2026-03-27,8.0,False,False,sample,True,243,False,,,2.305026387589407e-06,0.8094018141260726,351146.44174314366,True,False,0.0,2.305026387589383e-06,8.094018141260726e-07,1e-06,symmetrized,240,30,
2026-04-03,8.0,False,False,sample,True,243,False,,,2.1446131049155387e-06,0.6656007773018038,310359.3724090468,True,False,0.0,2.144613104914913e-06,6.656007773018041e-07,1e-06,symmetrized,240,30,
2026-04-10,8.0,False,False,sample,True,243,False,,,2.289121556796625e-06,0.703408846469443,307283.30890989763,True,False,0.0,2.2891215567963606e-06,7.034088464694427e-07,1e-06,symmetrized,240,30,
2026-04-17,8.0,False,False,sample,True,243,False,,,2.2839388892744685e-06,0.7118306699510446,311668.0018427155,True,False,0.0,2.2839388892722823e-06,7.118306699510447e-07,1e-06,symmetrized,240,30,
2026-04-24,8.0,False,False,sample,True,243,False,,,2.3050375823417805e-06,0.7154788995054915,310397.9323315881,True,False,0.0,2.305037582341964e-06,7.154788995054913e-07,1e-06,symmetrized,240,30,
2026-04-30,8.0,False,False,sample,True,243,False,,,2.287750183239745e-06,0.7165136882038361,313195.7734953218,True,False,0.0,2.2877501832395894e-06,7.165136882038361e-07,1e-06,symmetrized,240,30,
2026-05-08,8.0,False,False,sample,True,243,False,,,2.2837355545104926e-06,0.7304154076604095,319833.61918493686,True,False,0.0,2.28373555450962e-06,7.304154076604094e-07,1e-06,symmetrized,240,30,
2026-05-15,8.0,False,False,sample,True,243,False,,,2.2894444568534204e-06,0.7354274671983021,321225.2933224958,True,False,0.0,2.289444456853525e-06,7.354274671983016e-07,1e-06,symmetrized,240,30,
2026-05-22,8.0,False,False,sample,True,243,False,,,2.3055024920162054e-06,0.748311351853397,324576.2494053887,True,False,0.0,2.3055024920147853e-06,7.48311351853397e-07,1e-06,symmetrized,240,30,
2026-05-29,8.0,False,False,sample,True,243,False,,,2.327362613650587e-06,0.7620553748156147,327433.0224031106,True,False,0.0,2.3273626136519305e-06,7.620553748156148e-07,1e-06,symmetrized,240,30,
2026-06-05,8.0,False,False,sample,True,243,False,,,2.324652686377598e-06,0.7713498052118033,331812.92402598134,True,False,0.0,2.324652686377125e-06,7.713498052118035e-07,1e-06,symmetrized,240,30,
2026-06-12,8.0,False,False,sample,True,243,False,,,2.4044796250151595e-06,0.8215596280647808,341678.76471800054,True,False,0.0,2.4044796250150146e-06,8.215596280647802e-07,1e-06,symmetrized,240,30,
2026-06-18,8.0,False,False,sample,True,243,False,,,2.4103311599221314e-06,0.8543359543378557,354447.5417085244,True,False,0.0,2.4103311599224054e-06,8.543359543378559e-07,1e-06,symmetrized,240,30,
2026-06-26,8.0,False,False,sample,True,243,False,,,2.427755385360291e-06,0.8697224587945422,358241.3879252794,True,False,0.0,2.427755385358618e-06,8.697224587945421e-07,1e-06,symmetrized,240,30,
2026-07-03,8.0,False,False,sample,True,243,False,,,2.0935751045285427e-06,0.899794953536253,429788.7148112989,True,False,0.0,2.0935751045282725e-06,8.997949535362532e-07,1e-06,symmetrized,240,30,
2026-07-10,8.0,False,False,sample,True,243,False,,,2.148470116836862e-06,0.9167325049535096,426690.83352352673,True,False,0.0,2.148470116837028e-06,9.167325049535093e-07,1e-06,symmetrized,240,30,
2026-07-17,8.0,False,False,sample,True,243,False,,,2.175634695915771e-06,0.9576052680234093,440149.84216839436,True,False,0.0,2.1756346959156275e-06,9.576052680234088e-07,1e-06,symmetrized,240,30,
2026-07-24,8.0,False,False,sample,True,243,False,,,2.160318121942257e-06,1.0434160805343842,482991.86584441084,True,False,0.0,2.1603181219426717e-06,1.0434160805343848e-06,1e-06,symmetrized,240,30,
2026-07-31,8.0,False,False,sample,True,243,False,,,2.1417229803277887e-06,1.094077429627328,510839.842349677,True,False,0.0,2.1417229803279315e-06,1.094077429627327e-06,1e-06,symmetrized,240,30,
2026-08-07,8.0,False,False,sample,True,243,False,,,2.1434102551254233e-06,1.1318034815258473,528038.6612032977,True,False,0.0,2.143410255125291e-06,1.1318034815258473e-06,1e-06,symmetrized,240,30,
2026-08-14,8.0,False,False,sample,True,243,False,,,2.1487589551182025e-06,1.1363438699867912,528837.2933967743,True,False,0.0,2.148758955117678e-06,1.136343869986791e-06,1e-06,symmetrized,240,30,
2026-08-21,8.0,False,False,sample,True,243,False,,,2.110292245525564e-06,1.1600333663283555,549702.7100336292,True,False,0.0,2.110292245526507e-06,1.1600333663283547e-06,1e-06,symmetrized,240,30,
2026-08-28,8.0,False,False,sample,True,243,False,,,2.0458422627653584e-06,1.1486095512950185,561436.0267161784,True,False,0.0,2.045842262766663e-06,1.1486095512950175e-06,1e-06,symmetrized,240,30,
2026-08-31,8.0,False,False,sample,True,243,False,,,2.0273689390123078e-06,1.1473888470221718,565949.7020710774,True,False,0.0,2.0273689390119135e-06,1.1473888470221718e-06,1e-06,symmetrized,240,30,
