date,turnover,transaction_cost,weight_可转债ETF,previous_weight_可转债ETF,weight_5年国债ETF,previous_weight_5年国债ETF,weight_10年国债ETF,previous_weight_10年国债ETF,weight_信用债ETF,previous_weight_信用债ETF,weight_日利ETF,previous_weight_日利ETF,weight_沪深300ETF,previous_weight_沪深300ETF,weight_中证500ETF,previous_weight_中证500ETF,weight_中证1000ETF,previous_weight_中证1000ETF,weight_中证2000ETF,previous_weight_中证2000ETF,weight_创业板ETF,previous_weight_创业板ETF,weight_红利ETF,previous_weight_红利ETF,weight_半导体ETF,previous_weight_半导体ETF,weight_人工智能ETF,previous_weight_人工智能ETF,weight_新能源ETF,previous_weight_新能源ETF,weight_科创50ETF,previous_weight_科创50ETF,weight_证券ETF,previous_weight_证券ETF,weight_军工ETF,previous_weight_军工ETF,weight_消费ETF,previous_weight_消费ETF,weight_恒生ETF,previous_weight_恒生ETF,weight_白银LOF,previous_weight_白银LOF,weight_纳指ETF,previous_weight_纳指ETF,weight_标普500ETF,previous_weight_标普500ETF,weight_日经225ETF,previous_weight_日经225ETF,weight_欧洲ETF,previous_weight_欧洲ETF,weight_黄金ETF,previous_weight_黄金ETF,weight_有色金属期货ETF,previous_weight_有色金属期货ETF,weight_能源化工期货ETF,previous_weight_能源化工期货ETF,weight_豆粕ETF,previous_weight_豆粕ETF,weight_煤炭ETF,previous_weight_煤炭ETF,weight_原油ETF,previous_weight_原油ETF
2018-01-05,0.3491953827726528,0.00010475861483179583,0.0,0.0,0.1378094697236943,0.09353070956148728,0.09176787527226377,0.07428414677595198,0.0,0.0,0.49286649072486194,0.6674641821111885,0.00813084951497782,0.008130843839075072,0.006109198193645274,0.006109189931823883,0.0013997201443219252,1.7346123420670637e-07,0.0,0.0,0.0045655413716166075,0.0045655269817763055,0.008372697424216495,0.008372673393029061,0.0,0.0,0.0,0.0,0.0,0.0,0.0,0.0,0.008501447224615842,0.004884395146944612,0.00838181995747863,0.0028359269280756076,0.01753849688172134,0.017538493726399693,0.03150574328486793,0.023238717822184375,0.041092408052654156,0.01676880770354975,0.019785396410304232,0.005220781911021374,0.019800957429371872,0.011179877703938764,0.0,0.0,0.021250599803614618,0.010339022553150494,0.057509388186541985,0.034338773226758657,0.0,0.0,0.0,0.0,0.0,0.0,0.0,0.0,0.023611900399231316,0.011197757222410835
2018-01-12,4.024962379015062e-09,1.2074887137045186e-12,0.0,0.0,0.1375491330728816,0.13754913298501525,0.09121436592836595,0.09121436582370464,0.0,0.0,0.4918368208082766,0.4918368228207578,0.008270180456665081,0.00827018039338925,0.006115556774847673,0.006115556713256445,0.0014005764482414025,0.0014005763852648055,0.0,0.0,0.004578992820904788,0.004578992765129098,0.008503203394291387,0.008503203325353785,0.0,0.0,0.0,0.0,0.0,0.0,0.0,0.0,0.008564330233317473,0.008564330101691678,0.008269233466546398,0.008269233312372457,0.018209766758288812,0.018209766710814246,0.03185865042214365,0.03185865025094102,0.040971444795706614,0.040971444605206256,0.020101043989134895,0.020101043843349334,0.01999517106145111,0.019995170894765966,0.0,0.0,0.021267178738975333,0.021267178578245127,0.057724259506379653,0.057724259350837054,0.0,0.0,0.0,0.0,0.0,0.0,0.0,0.0,0.023570091323581645,0.02357009113990586
2018-01-19,7.049113612701136e-10,2.1147340838103405e-13,0.0,0.0,0.13705591421070004,0.13705591418948576,0.0909804602267797,0.0909804602043766,0.0,0.0,0.49110434191205077,0.49110434226157684,0.008394096258814272,0.008394096248673696,0.005961651801497449,0.005961651795397624,0.0013542991016593326,0.001354299103634933,0.0,0.0,0.004394521578799408,0.004394521579753456,0.008653618765432329,0.00865361874550964,0.0,0.0,0.0,0.0,0.0,0.0,0.0,0.0,0.008926065907922798,0.008926065882526486,0.007832007421664266,0.007832007396806461,0.018437826205567432,0.01843782620052336,0.03250849037725082,0.03250849034684935,0.04064262179293833,0.040642621742137314,0.020351643375715885,0.02035164334673481,0.02024104743230315,0.020241047407922742,0.0,0.0,0.02140162701843098,0.02140162698352397,0.05812650543082728,0.05812650541389962,0.0,0.0,0.0,0.0,0.0,0.0,0.0,0.0,0.02363326118164581,0.023633261150667478
2018-01-26,1.1464457725166022e-10,3.439337317549806e-14,0.0,0.0,0.13709453644484493,0.137094536446684,0.09070276607075736,0.0907027660741254,0.0,0.0,0.48942952957534847,0.48942952960197345,0.008524979888344567,0.008524979884063158,0.006039827246336995,0.006039827243100857,0.0013750998318249187,0.0013750998503320108,0.0,0.0,0.0045685893747054295,0.004568589374043479,0.008835964355010446,0.008835964349537458,0.0,0.0,0.0,0.0,0.0,0.0,0.0,0.0,0.00926704833805184,0.009267048329280426,0.00811950923262332,0.008119509222241845,0.018137100084300296,0.018137100085677912,0.03258421110572958,0.03258421110422805,0.04104608931515986,0.04104608930828987,0.02033556888448942,0.020335568880080153,0.020191719911979475,0.02019171990832868,0.0,0.0,0.021580748162195903,0.021580748158222553,0.05840603189426382,0.05840603189986932,0.0,0.0,0.0,0.0,0.0,0.0,0.0,0.0,0.02376068028403344,0.023760680279921485
2018-02-02,2.417202499358645e-10,7.251607498075934e-14,0.0,0.0,0.13804064383411083,0.13804064384735684,0.09150207089020396,0.09150207091315458,0.0,0.0,0.4937082027493873,0.493708202665745,0.00834682556904372,0.008346825566495504,0.005705526061913726,0.005705526063607702,0.0012782912223789078,0.0012782912650573547,0.0,0.0,0.004318895497408308,0.004318895504440634,0.008809949396606375,0.008809949388057268,0.0,0.0,0.0,0.0,0.0,0.0,0.0,0.0,0.008779708277307393,0.008779708269221335,0.007513281107102046,0.007513281098245239,0.017660193104394463,0.017660193106854745,0.032645718760549794,0.0326457187620329,0.04037953718635675,0.04037953718774422,0.02034296888968947,0.020342968886448456,0.020169382975580043,0.02016938297264142,0.0,0.0,0.021140801833613884,0.02114080183271012,0.057668269696798356,0.05766826972472632,0.0,0.0,0.0,0.0,0.0,0.0,0.0,0.0,0.021989732947554592,0.02198973294546047
2018-02-09,5.470997861993163e-09,1.6412993585979487e-12,0.0,0.0,0.1401168767463717,0.14011687401087278,0.09308991435293876,0.09308991439846398,0.0,0.0,0.500409893728962,0.5004098955754257,0.008002432778604296,0.008002432820377832,0.005563188377569172,0.005563188420148412,0.001239689775828465,0.0012396898890466115,0.0,0.0,0.004226863001397952,0.004226863050835441,0.008573856934021216,0.008573856973806993,0.0,0.0,0.0,0.0,0.0,0.0,0.0,0.0,0.008353321631116795,0.008353321655009358,0.007247593732846171,0.007247593759706409,0.01634097551743591,0.016340975599112743,0.030815070822154546,0.03081507087814186,0.0398475417912101,0.03984754181139845,0.019023280072948935,0.019023280166308703,0.019119001888588262,0.019119001978312903,0.0,0.0,0.02008748400160654,0.020087484081992697,0.05739528624235838,0.05739528629360374,0.0,0.0,0.0,0.0,0.0,0.0,0.0,0.0,0.020547728604040708,0.020547728637435373
2018-02-14,0.055426207746336525,1.6627862323900957e-05,0.0,0.0,0.168380936273032,0.1406678323998637,0.09299918069818676,0.09299918089516834,0.0,0.0,0.4731011140487954,0.5008142062849992,0.007834019594456556,0.007834020120703234,0.005528160025891326,0.005528160494089923,0.0012392367588944656,0.0012392375455788337,0.0,0.0,0.004249886409678564,0.004249886891211956,0.008374050760001901,0.00837405123588453,0.0,0.0,0.0,0.0,0.0,0.0,0.0,0.0,0.007788320743117211,0.007788321125467691,0.007185483430815775,0.007185483788088099,0.016746141488249384,0.01674614289606085,0.03023156067546991,0.030231561240700856,0.0399796300560338,0.03997963024457109,0.01915856963512092,0.019158571929491556,0.01902637654128341,0.01902637811846723,0.0,0.0,0.019933584562053307,0.01993358574307458,0.05797378201680915,0.05797378233453721,0.0,0.0,0.0,0.0,0.0,0.0,0.0,0.0,0.020269966282110224,0.020269966712041135
2018-02-23,0.049064696892504915,1.4719409067751473e-05,0.0,0.0,0.19211573538520146,0.16758338693894903,0.09297847637575812,0.09297847661159146,0.0,0.0,0.44719079172975557,0.47172313251035397,0.008039496618670818,0.008039497000776032,0.005642469599628529,0.005642469933171666,0.0012568669397649253,0.0012568675522643441,0.0,0.0,0.004297799365041754,0.0042977997003994135,0.008530142329005477,0.008530142685328868,0.0,0.0,0.0,0.0,0.0,0.0,0.0,0.0,0.007813975177001314,0.007813975443709209,0.007259482860063456,0.007259483111163148,0.01741272653201885,0.01741272745441731,0.03138593404227288,0.03138593449079221,0.039354753999078826,0.039354754057678035,0.019631143832137345,0.019631145139709066,0.019229046120704554,0.019229047037539346,0.0,0.0,0.020010936823519985,0.020010937524026235,0.05768860443369103,0.05768860470008302,0.0,0.0,0.0,0.0,0.0,0.0,0.0,0.0,0.020161617836685176,0.020161618108047754
2018-03-02,0.003986953733333341,1.196086120000002e-06,0.0,0.0,0.19443192980156507,0.1924384529348984,0.09143977468239292,0.09343324248068745,0.0,0.0,0.446129045479036,0.4461290456204803,0.008020385114157992,0.008020385367821379,0.0058397913647413955,0.005839791575384331,0.001313414064681154,0.0013134142055897247,0.0,0.0,0.004574552283751922,0.00457455247517207,0.008393480922285071,0.00839348112848909,0.0,0.0,0.0,0.0,0.0,0.0,0.0,0.0,0.007929191778635184,0.007929191967869852,0.007798085583740213,0.007798085767569541,0.01696461450820407,0.016964615214260112,0.03101366745671768,0.031013667799846677,0.03918355680007935,0.039183556908022846,0.020163420135301407,0.02016342413401115,0.019473006774495847,0.019473007911220152,0.0,0.0,0.019966776708871276,0.019966777346961933,0.057189806299419124,0.05718980669976619,0.0,0.0,0.0,0.0,0.0,0.0,0.0,0.0,0.020175500241924448,0.020175500461948923
2018-03-09,5.486268807098401e-07,1.64588064212952e-10,0.0,0.0,0.19431515140771047,0.19431487709427014,0.09103291720760615,0.09103304576181165,0.0,0.0,0.4459283309454172,0.44592833265555326,0.008073803832797854,0.008073808901549274,0.005872607741276069,0.005872611938956441,0.001325211394951908,0.001325215254796226,0.0,0.0,0.0045662022512227484,0.00456620609027493,0.00847658362040012,0.008476587771595883,0.0,0.0,0.0,0.0,0.0,0.0,0.0,0.0,0.007936840317992399,0.00793684394754443,0.007837641040460136,0.00783764453315085,0.01674701176030036,0.016747025515681274,0.030818797835517026,0.03081880538564314,0.03937773739985196,0.039377738965551176,0.020336098404537033,0.020336145136807246,0.01941256424220883,0.019412585993641308,0.0,0.0,0.019796725208074913,0.01979673816221573,0.05765036204000358,0.057650369123889704,0.0,0.0,0.0,0.0,0.0,0.0,0.0,0.0,0.020495413349671324,0.02049541776706744
2018-03-16,3.0862415015915287e-07,9.258724504774585e-11,0.0,0.0,0.19370739675084617,0.19370724243877105,0.09085588499181678,0.09085595649866451,0.0,0.0,0.445613021776884,0.44561302242753903,0.00809007753028051,0.008090080508279968,0.005892481137647465,0.00589248366138958,0.001340091942853272,0.0013400944117674142,0.0,0.0,0.004711214136817996,0.004711216508680609,0.008415227139352685,0.008415229619242985,0.0,0.0,0.0,0.0,0.0,0.0,0.0,0.0,0.007960449229282126,0.007960451465193029,0.007885510447104917,0.007885512635306543,0.01694889630781957,0.016948903772163505,0.03144012569571052,0.031440131170795374,0.0390800933261803,0.03908009428739448,0.02064562781114922,0.020645652706662507,0.01963977555706701,0.019639788007017253,0.0,0.0,0.01975065692826329,0.01975066438873482,0.057250909829957196,0.057250913293290774,0.0,0.0,0.0,0.0,0.0,0.0,0.0,0.0,0.020772559460967028,0.02077256219910655
2018-03-23,1.500336052464267e-06,4.5010081573928005e-10,0.0,0.0,0.19392102164399816,0.19392027147597182,0.09125228849897567,0.09125286185009189,0.0,0.0,0.4462382411252258,0.4462382422484807,0.00793298912431735,0.007932995597504234,0.005839786156316734,0.005839791706507958,0.0013308610307125651,0.0013308661756490931,0.0,0.0,0.004630239900828254,0.004630245084392421,0.008266642983510533,0.0082666483491615,0.0,0.0,0.0,0.0,0.0,0.0,0.0,0.0,0.007887033449809048,0.00788703842034923,0.007860917959674269,0.00786092276282268,0.016246079797301992,0.01624609423228666,0.03120527669616005,0.03120528782023676,0.03910432937251147,0.03910433170451503,0.020362255182822316,0.020362305002994557,0.0194093134381022,0.019409339852249383,0.0,0.0,0.019799219069970207,0.019799235615480342,0.05758355822671941,0.057583568911859555,0.0,0.0,0.0,0.0,0.0,0.0,0.0,0.0,0.021129946343044048,0.021129953189446073
2018-03-30,6.572655586022796e-10,1.9717966758068388e-13,0.0,0.0,0.19544766406976716,0.1954476637411343,0.0917695188500237,0.09176951887609278,0.0,0.0,0.4491185603936605,0.44911856039850273,0.007761890942561249,0.007761890954069943,0.005805961101607025,0.005805961116523913,0.0013273928950550355,0.0013273929642479358,0.0,0.0,0.004735497774262253,0.004735497792465727,0.008091822182394869,0.008091822200473183,0.0,0.0,0.0,0.0,0.0,0.0,0.0,0.0,0.007752492026012901,0.007752492033353864,0.00812770003241792,0.008127700040083712,0.015945031931605704,0.015945031946882984,0.030062075419912897,0.030062075442071692,0.03861793630653156,0.03861793631474786,0.019226956778221626,0.019226956805609242,0.01872527147646099,0.018725271498753252,0.0,0.0,0.01946631484249014,0.019466314861072236,0.05741039576782275,0.057410395795715656,0.0,0.0,0.0,0.0,0.0,0.0,0.0,0.0,0.02060751720919184,0.020607517218198937
2018-04-04,4.0480880062962465e-10,1.214426401888874e-13,0.0,0.0,0.19548793998705058,0.19548793978608434,0.09195730747420126,0.09195730749480016,0.0,0.0,0.4487438221882112,0.4487438221867732,0.007655465338387915,0.007655465343228514,0.005813555363646558,0.00581355537188025,0.0013359012085608988,0.0013359012580929912,0.0,0.0,0.0047917454004077955,0.004791745411754087,0.007898215592845198,0.007898215598800613,0.0,0.0,0.0,0.0,0.0,0.0,0.0,0.0,0.007864473745126192,0.007864473746710286,0.0084627641386229,0.008462764141092658,0.015810780903738896,0.015810780912057593,0.02990948437949192,0.029909484395142568,0.038911947500505584,0.038911947506209084,0.019207913980345215,0.019207913997700443,0.01843561958812012,0.018435619601729927,0.0,0.0,0.019290740679906743,0.019290740691433807,0.057865557531252935,0.05786555755235978,0.0,0.0,0.0,0.0,0.0,0.0,0.0,0.0,0.02055676499957797,0.02055676500414994
2018-04-13,3.7906523341242615e-10,1.1371957002372783e-13,0.0,0.0,0.19503241907693827,0.1950324190726171,0.09198606970305763,0.09198606972853872,0.0,0.0,0.4468526666487742,0.4468526664639191,0.00768560227078471,0.007685602273886362,0.005770930028050511,0.005770930034681649,0.0013260952166096363,0.0013260952679748689,0.0,0.0,0.004649639726335879,0.004649639736464036,0.007978007921044904,0.007978007927866739,0.0,0.0,0.0,0.0,0.0,0.0,0.0,0.0,0.007817763940381035,0.007817763940024735,0.008343333015024592,0.008343333015168502,0.01605428011988525,0.01605428012558755,0.03033167842091431,0.030331678436799674,0.0389174819300111,0.03891748193445565,0.01943905479570493,0.019439054809873874,0.018637338859208066,0.018637338870066092,0.0,0.0,0.019469673134253324,0.019469673143479686,0.057988704997834005,0.05798870501860472,0.0,0.0,0.0,0.0,0.0,0.0,0.0,0.0,0.02171926019518763,0.021719260199990976
2018-04-20,0.03227419970976899,9.682259912930696e-06,0.0,0.0,0.19514758689527512,0.19514758838402668,0.08072175573708663,0.09267396339703451,0.0,0.0,0.4606454782497509,0.4445083783948664,0.007480685714934832,0.007480689446411116,0.005689804499468868,0.005689807516917776,0.0013088717413289827,0.0013088734300656477,0.0,0.0,0.004610842728036788,0.004610845386224443,0.0077435107180260565,0.007743512982835655,0.0,0.0,0.0,0.0,0.0,0.0,0.0,0.0,0.007671351960302482,0.007671354626057711,0.008707849129396329,0.008707852934623813,0.015814848286794525,0.015814888309429034,0.030127386689362243,0.030127424230398714,0.039668098648733364,0.03966810682576351,0.01640117530073321,0.019627264339886676,0.017980703096760225,0.018921379538290057,0.0,0.0,0.019886898018693273,0.019904901355303428,0.057651436179492116,0.05765144120178198,0.0,0.0,0.0,0.0,0.0,0.0,0.0,0.0,0.02274171640582396,0.02274172770008276
2018-04-27,0.037309180528721245,1.1192754158616372e-05,0.0,0.0,0.1902647539556212,0.19597150835443533,0.07614196492991471,0.08102864331289253,0.0,0.0,0.48146662684653185,0.4628120365821712,0.007384925385101075,0.00738492650479124,0.005571866615720994,0.005571867398569376,0.001283759328771359,0.0012837596858702924,0.0,0.0,0.00453661372307854,0.004536614390993282,0.007671610735180019,0.007671611288099851,0.0,0.0,0.0,0.0,0.0,0.0,0.0,0.0,0.00751820407165361,0.007518204744346231,0.008368580944361789,0.00836858208273668,0.014969003039640336,0.01575157367449348,0.029591659729540053,0.029832195536304014,0.038804104879988935,0.03880410634889297,0.013656195913881357,0.016075737300147067,0.015324074859528799,0.017738664163457117,0.0,0.0,0.017233799026264214,0.019437651152371532,0.05719325905442524,0.057193270692783994,0.0,0.0,0.0,0.0,0.0,0.0,0.0,0.0,0.02301899696079592,0.02301904678664373
2018-05-04,5.915052873068771e-07,1.774515861920631e-10,0.0,0.0,0.19005258852553547,0.1900526442563533,0.07561148671509053,0.07561150182911601,0.0,0.0,0.48103605327517546,0.48103575752253175,0.0074516312818641494,0.007451637005138234,0.005624066459611568,0.005624070953297724,0.0012859950646899087,0.0012859975829334024,0.0,0.0,0.004648018857098178,0.004648022929980405,0.007748001398966876,0.007748005036996697,0.0,0.0,0.0,0.0,0.0,0.0,0.0,0.0,0.007831190512402377,0.007831194853909568,0.008174540095394403,0.008174545390840966,0.015053740449317095,0.015053771080876313,0.030087927105014043,0.030087955225895593,0.038527623697773274,0.038527629203304714,0.013746279142504885,0.013746309231369198,0.015459497015042883,0.015459531159295145,0.0,0.0,0.01746883771652469,0.017468872500358786,0.05668985475504106,0.05668986115530738,0.0,0.0,0.0,0.0,0.0,0.0,0.0,0.0,0.023502667932953285,0.023502693082494856
2018-05-11,0.01809817448783834,5.429452346351502e-06,0.0,0.0,0.18322476934700277,0.1886795121648915,0.07496462687647182,0.07496463209172642,0.0,0.0,0.48850568943118683,0.47945660218726777,0.007637038452681599,0.007637040631241212,0.005736687322328188,0.005736688753353891,0.00131303585052391,0.0013130364467369296,0.0,0.0,0.0047282196861945765,0.004728220919279508,0.007911293023912734,0.007911294108815239,0.0,0.0,0.0,0.0,0.0,0.0,0.0,0.0,0.007820819221235129,0.007820820578949736,0.008135948731802543,0.008135950403873698,0.014556113337565103,0.015892288510371697,0.030232570497423703,0.030482091209535628,0.03848776565979995,0.038487768028986645,0.014016876798449275,0.0142933270345101,0.015377884426991178,0.015671568101100236,0.0,0.0,0.017229839596675373,0.017614612724604295,0.05661608604618951,0.05661609077202431,0.0,0.0,0.0,0.0,0.0,0.0,0.0,0.0,0.02350473569356586,0.024558455332731436
2018-05-18,0.0009969828087047375,2.990948426114212e-07,0.0,0.0,0.18339258505996298,0.18339411037912112,0.07501175641471154,0.07501181158371246,0.0,0.0,0.48966298054101576,0.4891644891366635,0.007565312613512987,0.007565348493061808,0.005671744046651889,0.005671768037513041,0.001293894528032624,0.001293904907638208,0.0,0.0,0.0046425658228513534,0.004642586523941497,0.00789717808015249,0.007897197244095737,0.0,0.0,0.0,0.0,0.0,0.0,0.0,0.0,0.00758386462721712,0.00758388669396263,0.007946047250820931,0.007946074030136016,0.014727264022306173,0.014747577014683454,0.030278731666489412,0.030385287297029846,0.03822347149787635,0.038223511539114755,0.014033283629875,0.014308161390848633,0.015465846951822543,0.015503915760043868,0.0,0.0,0.017095733498914304,0.017100135452239255,0.055640630772188115,0.05564083595902296,0.0,0.0,0.0,0.0,0.0,0.0,0.0,0.0,0.023867108975598367,0.023919398557171363
2018-05-25,9.55237567724376e-05,2.8657127031731278e-08,0.0,0.0,0.18350970716396298,0.18350971561043308,0.0752961135539548,0.07529613086891558,0.0,0.0,0.4893515629538333,0.48930380107544713,0.007480757734352772,0.007480766134918716,0.0056914834120284025,0.0056914895816987665,0.0012984658086369943,0.0012984687666214006,0.0,0.0,0.004656588559876,0.004656593958855561,0.007827419472923914,0.007827424502733838,0.0,0.0,0.0,0.0,0.0,0.0,0.0,0.0,0.0075199974842154165,0.007520003046143995,0.007943077723306649,0.007943084241457586,0.01434013390685863,0.014340211620155915,0.03009718651145612,0.03009734261502096,0.038210385832962455,0.0382103962980353,0.013905865954025839,0.013905944969494936,0.01564380663107908,0.015643925325229843,0.0,0.0,0.017193030681908153,0.017193116567367033,0.05603530152497969,0.056035328221817116,0.0,0.0,0.0,0.0,0.0,0.0,0.0,0.0,0.023999115089638798,0.024046256595653317
2018-06-01,1.5157316011762349e-06,4.547194803528704e-10,0.0,0.0,0.18325287588362374,0.18325295857449417,0.07577100055667187,0.07577101013748624,0.0,0.0,0.4894577487889215,0.4894569909231209,0.007446702336434494,0.007446728488671992,0.005471255212631112,0.0054712762772827165,0.001241871630144071,0.0012418877116363131,0.0,0.0,0.004420218570408623,0.004420238173336483,0.007821182880030027,0.007821203073758878,0.0,0.0,0.0,0.0,0.0,0.0,0.0,0.0,0.007148444337882529,0.007148463560588517,0.007406944660930674,0.007406964734936683,0.015541853961909812,0.015541961694257946,0.029885152708927946,0.029885216868907542,0.03835056308114624,0.0383505945658942,0.01408562031147753,0.014085685155738239,0.015584250757861672,0.01558432231600022,0.0,0.0,0.016754860954643312,0.0167549199323115,0.05647123465865491,0.056471259613585595,0.0,0.0,0.0,0.0,0.0,0.0,0.0,0.0,0.02388821870769998,0.02388831819799186
2018-06-08,7.434858286014048e-08,2.2304574858042143e-11,0.0,0.0,0.18297283609312268,0.18297284385823567,0.0752865656461129,0.07528656596045787,0.0,0.0,0.48932053908679607,0.4893205019125047,0.0075058259183183665,0.007505826855894761,0.005456312812911827,0.005456313529642834,0.0012336835487848311,0.0012336840396629544,0.0,0.0,0.004379880144665849,0.00437988079899383,0.007819540731694196,0.007819541414202276,0.0,0.0,0.0,0.0,0.0,0.0,0.0,0.0,0.0072170030895184235,0.007217003742419691,0.0073004602839463455,0.007300460958115267,0.01533461910110478,0.015334623938163474,0.031043158129882866,0.031043162526407157,0.03839842144782568,0.038398422617658544,0.014668037156408253,0.014668040674228906,0.015892616777602966,0.015892620285935678,0.0,0.0,0.016842845419452714,0.016842847915686802,0.05593857416776774,0.05593857486897796,0.0,0.0,0.0,0.0,0.0,0.0,0.0,0.0,0.023389080444083575,0.023389084102811816
2018-06-15,0.0007757470145662675,2.3272410436988022e-07,0.0,0.0,0.18297173650300463,0.1829718626524182,0.0752214426404692,0.0752214494117941,0.0,0.0,0.4901193906854288,0.4897315171781457,0.007405470539344048,0.007405479234845921,0.005316124432417788,0.005316129970549984,0.0011941018165462444,0.0011941046126048016,0.0,0.0,0.004249466508555855,0.00424947124901804,0.00775845647763532,0.00775846152589715,0.0,0.0,0.0,0.0,0.0,0.0,0.0,0.0,0.007011581779312917,0.007011586870005262,0.006912873907461094,0.006912878884558627,0.014828068256526716,0.015212206907572953,0.029890727084833747,0.029891120653013234,0.039556034172809326,0.0395561345116879,0.014708350804968549,0.014708812715342155,0.01601061859754851,0.016011253499153087,0.0,0.0,0.016799123627289872,0.016799203395459258,0.05622177254518618,0.05622177912614154,0.0,0.0,0.0,0.0,0.0,0.0,0.0,0.0,0.023824659620661128,0.023826547601792116
2018-06-22,4.294330710041122e-09,1.2882992130123364e-12,0.0,0.0,0.1842208031402371,0.1842208030002232,0.07589907506573648,0.07589907517610188,0.0,0.0,0.49278428354452314,0.4927842815373717,0.007113688528972646,0.007113688615510166,0.00486926825263458,0.004869268345262284,0.00108135349247291,0.001081353750856319,0.0,0.0,0.003876463377825795,0.0038764634763565143,0.007537890899676282,0.007537891013187381,0.0,0.0,0.0,0.0,0.0,0.0,0.0,0.0,0.0062480287986581284,0.00624802887681372,0.0063589330048815325,0.0063589330826400925,0.014375911071502523,0.014375911203356117,0.029553018739792023,0.02955301885947915,0.0381503216295416,0.0381503220162747,0.015159542287853737,0.015159542413296272,0.016211014465701605,0.01621101458388516,0.0,0.0,0.016611311668992157,0.016611311786957222,0.0557235523335187,0.055723552445329,0.0,0.0,0.0,0.0,0.0,0.0,0.0,0.0,0.02422553969747896,0.024225539817099063
2018-06-29,1.7502211062129982e-06,5.250663318638994e-10,0.0,0.0,0.1843199503675167,0.1843199513313408,0.07623267898138743,0.0762326937300311,0.0,0.0,0.4936924042087547,0.4936915290982017,0.00678149269586043,0.0067815013878395405,0.004833744568368521,0.004833752575663401,0.001081232273441991,0.001081240495542525,0.0,0.0,0.003938606114029524,0.003938613669178717,0.00722884181107919,0.007228849750031233,0.0,0.0,0.0,0.0,0.0,0.0,0.0,0.0,0.006361004087329851,0.006361011658922856,0.006563712920817506,0.0065637206246906684,0.013494099070458784,0.01349411867353449,0.02881354327126838,0.028813561071791467,0.03859044279188863,0.03859111402129231,0.014673369159312779,0.014673388249552863,0.015914092964997073,0.015914111882748688,0.0,0.0,0.016321908926451686,0.0163219271659577,0.05609951373811083,0.056099530337554056,0.0,0.0,0.0,0.0,0.0,0.0,0.0,0.0,0.025059362048925938,0.025059384276126015
2018-07-06,0.04686447297803978,1.4059341893411933e-05,0.0,0.0,0.17218786643213815,0.18478865450459223,0.07587855007271484,0.07636151579231885,0.0,0.0,0.5166540235431751,0.4932217870541552,0.006596407598894884,0.0065964126220691794,0.004756809770417829,0.004756813480149151,0.0010650866403159303,0.0010650885138755335,0.0,0.0,0.003895337890780214,0.0038953409070215587,0.007076150186587325,0.007076153202296701,0.0,0.0,0.0,0.0,0.0,0.0,0.0,0.0,0.006248152581173163,0.006248155912199033,0.006740879541840157,0.006740883622884927,0.01263326253241949,0.013009826566172495,0.028407954691181847,0.028693289819113683,0.03156519316748042,0.03852545886922122,0.013887108622895916,0.014984352557818433,0.015041603412897035,0.016301846612592777,0.0,0.0,0.016198035583580392,0.01656576229079323,0.05628620916912932,0.056286213669829784,0.0,0.0,0.0,0.0,0.0,0.0,0.0,0.0,0.024881368562378135,0.024882444002896104
2018-07-13,5.92737575172593e-08,1.778212725517779e-11,0.0,0.0,0.17120735778580926,0.17120735832653253,0.07552190316936985,0.07552190435723541,0.0,0.0,0.5139334683553368,0.5139334387184581,0.006888104232915624,0.0068881051134909365,0.004936535960532642,0.0049365366835854,0.0010909125382949293,0.0010909130576998308,0.0,0.0,0.004116015377475836,0.004116016031254061,0.007291179713286043,0.007291180413652644,0.0,0.0,0.0,0.0,0.0,0.0,0.0,0.0,0.006371021054958478,0.0063710217263054595,0.006958368067487999,0.0069583688383875325,0.013301819459978362,0.01330182319245944,0.029090945474726078,0.02909094998277519,0.031369085687941334,0.031369087661895785,0.014425756123740783,0.014425759158649028,0.015465200641129034,0.01546520353912359,0.0,0.0,0.01659350787897082,0.01659351101916226,0.05592961803216174,0.055929618490749455,0.0,0.0,0.0,0.0,0.0,0.0,0.0,0.0,0.025509200445884346,0.025509203688583396
2018-07-20,0.0027938374545390925,8.381512363617277e-07,0.0,0.0,0.1720444673350725,0.172044487745335,0.07590731196085494,0.07591438074059605,0.0,0.0,0.5154892657220828,0.5140923469948132,0.006795815035264248,0.006795832791782671,0.004869635078188398,0.004869647595480878,0.0010819267823397086,0.0010819329401745203,0.0,0.0,0.004043887776690025,0.004043898247056374,0.007224090172700539,0.007224101315958626,0.0,0.0,0.0,0.0,0.0,0.0,0.0,0.0,0.006220806506158828,0.006220817704358584,0.006740470934032128,0.0067404846277031,0.012911499887729654,0.01326363379220605,0.02832220782579344,0.028894678238464408,0.03091758168802914,0.03091768393060158,0.014417478648796531,0.01444281441935698,0.015621171063527417,0.015623830971582344,0.0,0.0,0.01671086308601113,0.01714460902937909,0.05551621705833125,0.05551623153958541,0.0,0.0,0.0,0.0,0.0,0.0,0.0,0.0,0.025165303438397454,0.02516858737556521
2018-07-27,0.003300120665816234,9.900361997448702e-07,0.0,0.0,0.17134805428112512,0.1713480592139718,0.07529106054095912,0.07529114884083185,0.0,0.0,0.5152592765840813,0.5136092162511733,0.006977423653802824,0.006977438285588749,0.0050003586705498326,0.005000368295736393,0.0011103778889898273,0.0011103823325928999,0.0,0.0,0.004080282947971801,0.004080290672563565,0.0074856200157682,0.007485629669034606,0.0,0.0,0.0,0.0,0.0,0.0,0.0,0.0,0.006502998012591104,0.006503007314219268,0.007098793986238559,0.007098805842266614,0.01291369220685994,0.012949553840231626,0.027910534434582107,0.02891642763978874,0.031023196611217822,0.03102331236345098,0.014493820136263894,0.014602729432978271,0.015790284460251183,0.015812618177830712,0.0,0.0,0.01681999210020414,0.016847819178418457,0.055744597771093904,0.05574462114703212,0.0,0.0,0.0,0.0,0.0,0.0,0.0,0.0,0.025149635697449293,0.025598571502290203
2018-08-03,2.1344976793233068e-06,6.40349303796992e-10,0.0,0.0,0.17250756489153105,0.17250757685226176,0.07599266988438952,0.07599269567751592,0.0,0.0,0.5174324437634864,0.5174313765146468,0.006661497034793624,0.0066615332799663555,0.004737423238711346,0.004737453461093535,0.001047947889780925,0.001047972053701664,0.0,0.0,0.003843030655501257,0.003843058079117499,0.007256016329244119,0.007256048163886136,0.0,0.0,0.0,0.0,0.0,0.0,0.0,0.0,0.006129792197675676,0.006129820762451371,0.006521683470785168,0.006521715251620765,0.012285993504862107,0.012286090156265759,0.02718392477319828,0.02718403989221011,0.030931069880116846,0.030931148277155762,0.01426318475287482,0.01426328813785364,0.015701273496138368,0.01570138215249962,0.0,0.0,0.01668415315529947,0.01668428253323628,0.055763446363235845,0.05576350814000543,0.0,0.0,0.0,0.0,0.0,0.0,0.0,0.0,0.025056884718375236,0.02505701061451174
2018-08-10,0.0005624581244303266,1.6873743732909796e-07,0.0,0.0,0.17229357535374562,0.17229358311639206,0.07565502614144856,0.0756550316335528,0.0,0.0,0.5173947390392076,0.5171135099769926,0.0067342369586088,0.006734248556976704,0.004759228745884827,0.004759236562835741,0.0010435255892631968,0.0010435296678897759,0.0,0.0,0.003801608899496679,0.003801615372051581,0.007345682315189935,0.007345691151775173,0.0,0.0,0.0,0.0,0.0,0.0,0.0,0.0,0.0062090172883378135,0.0062090248682450866,0.006543770219004403,0.006543779262394963,0.011974991123680086,0.011975107920665895,0.027803067052027133,0.02804835612539188,0.030976293541171682,0.030976355888798168,0.014587112377564522,0.014587649254575384,0.015995826414381506,0.01602956102063354,0.0,0.0,0.01659207978913201,0.016592641872178838,0.055578582329586984,0.055578606755508624,0.0,0.0,0.0,0.0,0.0,0.0,0.0,0.0,0.024711636822268585,0.02471247099314139
2018-08-17,0.049084736876304234,1.4725421062891268e-05,0.0,0.0,0.16001012319691063,0.17294512227093273,0.07602339679565769,0.07602341791895277,0.0,0.0,0.5460487325537512,0.521506364115599,0.006547846271714511,0.006547859267524875,0.00468204084514012,0.004682048303395879,0.0010278331441829546,0.0010278366497984916,0.0,0.0,0.0037487134829653434,0.0037487193479156604,0.007145688300208739,0.007145696967523572,0.0,0.0,0.0,0.0,0.0,0.0,0.0,0.0,0.0061419042565888995,0.006141910772938692,0.006532887054229484,0.006532896036552793,0.011453877800423631,0.011496828827339522,0.025667444484817465,0.026760335017535736,0.028252122856885845,0.030098664595190037,0.013795364980160993,0.014719602195154967,0.014521500698939966,0.01600554967436247,0.0,0.0,0.015068759839485978,0.016088900319546434,0.0507248577870327,0.05484576107239614,0.0,0.0,0.0,0.0,0.0,0.0,0.0,0.0,0.022606905650903997,0.02368248664734025
2018-08-24,0.048956813557923015,1.4687044067376903e-05,0.0,0.0,0.13627707070792264,0.15893603785092,0.0755687913612786,0.07556892873665243,0.0,0.0,0.5699503879850958,0.5454719812061345,0.006622564448459432,0.0066225884036026,0.004653582498025963,0.004653595987157848,0.0010190924150256706,0.0010190984438211586,0.0,0.0,0.003719620718853999,0.003719631529059633,0.007199096552848613,0.007199112267002917,0.0,0.0,0.0,0.0,0.0,0.0,0.0,0.0,0.006224198229505424,0.006224210375967765,0.006616857958725677,0.006616874293812532,0.01134411598690842,0.011665673562471852,0.026101192315518298,0.02611318341086262,0.02797272387065962,0.027973097395977416,0.013750304437533585,0.013750828861799177,0.014628114792118875,0.014628761064876695,0.0,0.0,0.015181403266628628,0.015190777439374826,0.05042800000723863,0.051068553319459004,0.0,0.0,0.0,0.0,0.0,0.0,0.0,0.0,0.022742882447652064,0.023577065851047393
2018-08-31,0.029955974417541154,8.986792325262346e-06,0.0,0.0,0.13218729282320602,0.13633461341132083,0.07309665088182953,0.07553185944401586,0.0,0.0,0.5832480844308866,0.568270097222116,0.00666458234415606,0.006664594594127707,0.004645942027562926,0.004645947718251668,0.0010123420354875897,0.001012344433310399,0.0,0.0,0.003709732508797094,0.0037097369575820466,0.007280501304162167,0.00728050901888701,0.0,0.0,0.0,0.0,0.0,0.0,0.0,0.0,0.006160226888350094,0.0061602317771385666,0.0066817973653936396,0.0066818050441474095,0.010702408462048426,0.011328060720319631,0.02515037133642672,0.0264383771146206,0.027764716278595596,0.027804752078198408,0.013696901128395618,0.014169957283991933,0.01450443657453795,0.014843517872711348,0.0,0.0,0.014565868829872892,0.015475915868061688,0.046899624262015174,0.050525631644338063,0.0,0.0,0.0,0.0,0.0,0.0,0.0,0.0,0.02202852051827599,0.023122047796860824
2018-09-07,2.773309134217975e-07,8.319927402653925e-11,0.0,0.0,0.13273047480231726,0.1327304787516856,0.07320747131421161,0.07320748283550733,0.0,0.0,0.586087102754652,0.5860869640891955,0.006514493434935783,0.006514500238083967,0.004589521879705663,0.0045895275392438825,0.0009936639322404126,0.0009936696957850608,0.0,0.0,0.0036353314692720022,0.0036353368458128697,0.0071746463662495565,0.007174653111933457,0.0,0.0,0.0,0.0,0.0,0.0,0.0,0.0,0.006119112488622583,0.006119117610511537,0.007072538759343858,0.007072544890474023,0.010392215501814772,0.010392225967634523,0.02414681915012915,0.02414682957715048,0.026857627985991984,0.026857639281877725,0.013481124277604895,0.013481134975189987,0.014381182675515978,0.014381193209735072,0.0,0.0,0.01401734511065588,0.014017356101963089,0.04696959015448968,0.04696959702851639,0.0,0.0,0.0,0.0,0.0,0.0,0.0,0.0,0.021629737942246676,0.021629748249699612
2018-09-14,1.4153735218916386e-07,4.246120565674915e-11,0.0,0.0,0.13259971733779335,0.13259972039440565,0.07290628890968187,0.0729062973113929,0.0,0.0,0.5864109848203349,0.5864109140516588,0.0064645898400313125,0.00646459223844123,0.004517278771503425,0.004517280492194241,0.0009855152934630741,0.0009855164664933187,0.0,0.0,0.003558106211961787,0.0035581077388920235,0.007213940527567336,0.00721394269464646,0.0,0.0,0.0,0.0,0.0,0.0,0.0,0.0,0.0060769490520847695,0.00607695066290246,0.007171124232784082,0.007171126429403264,0.010040407828138483,0.010040412499453895,0.02411688020580654,0.02411688667985201,0.026935798661078595,0.026935806547198165,0.01347537757581065,0.013475383018606152,0.014485925353514749,0.014485930874203592,0.0,0.0,0.014189639242007628,0.014189646239751101,0.04728055894864422,0.047280562527793654,0.0,0.0,0.0,0.0,0.0,0.0,0.0,0.0,0.021570917187793068,0.021570923132710865
2018-09-21,0.005494054981104075,1.6482164943312223e-06,0.0,0.0,0.13227628686366763,0.13227634754821377,0.07199784582867681,0.0728714972933125,0.0,0.0,0.5878924535161392,0.585145426025587,0.00660401549239525,0.006604028471044494,0.004520698534593593,0.004520704717277153,0.0009812690880072396,0.000981271870014639,0.0,0.0,0.0035327075274450112,0.003532712399957764,0.00733895659710933,0.007338966607802397,0.0,0.0,0.0,0.0,0.0,0.0,0.0,0.0,0.006155701226158649,0.006155707079070747,0.006967660821256543,0.006967669705984749,0.010576668742866184,0.010577123869069515,0.023810419216553916,0.024560347712041106,0.026184632291335667,0.027085931699777313,0.013408219695073473,0.013408340379158916,0.01454198457922023,0.014542192863302498,0.0,0.0,0.014143590004721155,0.014152407392646978,0.04717338553784341,0.047174295545631996,0.0,0.0,0.0,0.0,0.0,0.0,0.0,0.0,0.021893504436936852,0.022105028820106256
2018-09-28,0.03244835038794745,9.734505116384235e-06,0.0,0.0,0.12456399610353246,0.13219493896697623,0.07187939660691706,0.07188036086329906,0.0,0.0,0.6024368299659025,0.5862126547719289,0.006765400600648073,0.00676543096215603,0.004528195221865258,0.004528204517669308,0.0009780333006669433,0.0009780373265844276,0.0,0.0,0.00355574281989808,0.003555749960580465,0.007523216076633032,0.007523238558700859,0.0,0.0,0.0,0.0,0.0,0.0,0.0,0.0,0.006195485804080507,0.00619549485188512,0.006905956416742136,0.006905970003709111,0.010257089661109553,0.011255113393575121,0.02248448284487966,0.02409108194044385,0.02393939034420741,0.026417532470390494,0.013447505182268,0.013450891254514551,0.014377436585816842,0.014517582502891938,0.0,0.0,0.013373918642117387,0.014356861484026701,0.04532377238682666,0.04685839870138577,0.0,0.0,0.0,0.0,0.0,0.0,0.0,0.0,0.02146415143588852,0.022312457469282312
2018-10-12,1.6204438875802585e-10,4.861331662740775e-14,0.0,0.0,0.1260936467725312,0.1260936466962188,0.0727902710708704,0.07279027107196405,0.0,0.0,0.6079193884802913,0.6079193884823334,0.006232654871859994,0.006232654872584015,0.004111017856552435,0.004111017862601767,0.0008873837634720881,0.0008873838077818107,0.0,0.0,0.003215020348191891,0.0032150203583639525,0.007087718991511758,0.007087718994426005,0.0,0.0,0.0,0.0,0.0,0.0,0.0,0.0,0.005612226895945813,0.005612226896546416,0.006090756654777909,0.006090756654750347,0.009310620896479795,0.009310620894754276,0.0207551364267195,0.020755136430557895,0.024189660356853708,0.024189660360706015,0.012549646251663904,0.012549646251171782,0.013777689674682146,0.01377768967489827,0.0,0.0,0.01247740833448339,0.012477408333572535,0.04607260891050116,0.04607260890894748,0.0,0.0,0.0,0.0,0.0,0.0,0.0,0.0,0.020827143442611575,0.020827143447821213
2018-10-19,2.1111561403133056e-10,6.333468420939916e-14,0.0,0.0,0.12645141174122382,0.12645141164374213,0.07283098814333783,0.0728309881467464,0.0,0.0,0.6070936045196424,0.6070936045127197,0.006087473106169557,0.0060874731079501665,0.003871605851441836,0.0038716058591970587,0.0008374988655519162,0.0008374989156495994,0.0,0.0,0.0030935084012253125,0.00309350841306581,0.006889017890899903,0.006889017895849884,0.0,0.0,0.0,0.0,0.0,0.0,0.0,0.0,0.005377098824323897,0.005377098825784738,0.005903760495486605,0.005903760496482703,0.009153415603957856,0.009153415602923154,0.020822736590023126,0.02082273659516108,0.0244020081657431,0.02440200817109375,0.013065431698955899,0.013065431699952307,0.013985365588932486,0.013985365589905503,0.0,0.0,0.0125874784748999,0.01258747847478135,0.046968118235697506,0.04696811824088475,0.0,0.0,0.0,0.0,0.0,0.0,0.0,0.0,0.02057947780248698,0.020579477808110067
2018-10-26,2.349087340662928e-10,7.047262021988784e-14,0.0,0.0,0.12627930181647215,0.12627930177950236,0.07304307914293326,0.07304307914889804,0.0,0.0,0.60748598676225,0.6074859866884442,0.0063927229327953895,0.006392722935196287,0.004069857425348101,0.004069857435172892,0.0008642840200409782,0.0008642840809031439,0.0,0.0,0.003263285300971351,0.0032632853156982613,0.007138439637269597,0.007138439640331084,0.0,0.0,0.0,0.0,0.0,0.0,0.0,0.0,0.00647471585911583,0.006474715859691958,0.006168212053340586,0.0061682120549989335,0.009165129656976167,0.009165129655600079,0.02052099453578939,0.02052099454017945,0.024924845427203468,0.024924845433569955,0.012337990368029355,0.012337990366443213,0.013364428024030171,0.01336442802245473,0.0,0.0,0.012176365656150774,0.012176365654009525,0.04761745932226301,0.04761745932835012,0.0,0.0,0.0,0.0,0.0,0.0,0.0,0.0,0.01871290205902056,0.018712902060555675
2018-11-02,5.70770620112078e-10,1.7123118603362337e-13,0.0,0.0,0.1264414827820889,0.12644148277768671,0.07329198383744102,0.0732919838524567,0.0,0.0,0.6080068280347075,0.6080068277537245,0.006331062307533347,0.006331062320203449,0.004130413495756139,0.004130413515215699,0.0008813267308769936,0.0008813268240329302,0.0,0.0,0.0032943823949739604,0.0032943824202560923,0.007120060085488857,0.0071200600996295434,0.0,0.0,0.0,0.0,0.0,0.0,0.0,0.0,0.006555551075475681,0.00655555108490234,0.006258908350270792,0.0062589083610702975,0.008342050004251351,0.008342050013710125,0.020975479811075632,0.02097547982543109,0.024419289648426573,0.024419289661704893,0.01250276646908036,0.012502766477749467,0.013620605790011807,0.013620605798240579,0.0,0.0,0.012352748958096224,0.012352748965561497,0.04713951882024129,0.047139518835187195,0.0,0.0,0.0,0.0,0.0,0.0,0.0,0.0,0.018335541404203622,0.018335541413237195
2018-11-09,2.690676527612214e-09,8.072029582836641e-13,0.0,0.0,0.12636868137170193,0.126368681409283,0.0733125062411544,0.07331250630909592,0.0,0.0,0.6059947060383802,0.605994704693042,0.006386790433187394,0.006386790500920911,0.0041845680125247664,0.004184568082856723,0.0009044369459604762,0.0009044371736912728,0.0,0.0,0.0033833322586665974,0.003383332337488332,0.007174078014989067,0.007174078103858369,0.0,0.0,0.0,0.0,0.0,0.0,0.0,0.0,0.006401253844836342,0.006401253901488462,0.006273656937112599,0.006273656997040292,0.008539964793276483,0.00853996486310437,0.021520952373743404,0.02152095246553679,0.024421929180113672,0.024421929249427297,0.012779051011297605,0.012779051091549462,0.014050242855015556,0.014050242934480693,0.0,0.0,0.012414407021058255,0.012414407092675545,0.04685482167407155,0.046854821725814504,0.0,0.0,0.0,0.0,0.0,0.0,0.0,0.0,0.019034620992909815,0.019034621068646215
2018-11-16,8.261943721593135e-07,2.47858311647794e-10,0.0,0.0,0.1271843398556689,0.12718434139928816,0.07379327759393996,0.07379331589467837,0.0,0.0,0.6066090249117605,0.6066086118145746,0.006453645808218775,0.006453655421020202,0.004441734518156698,0.004441740326355765,0.000966373687064154,0.0009663772790950942,0.0,0.0,0.003575629122240506,0.0035756342272268374,0.007181618330041132,0.007181627686214976,0.0,0.0,0.0,0.0,0.0,0.0,0.0,0.0,0.006801602986025449,0.006801609732742362,0.006579137139712549,0.006579144435098652,0.008665592396495642,0.008665607950172719,0.021290728062756847,0.02129090456925761,0.023987003417147504,0.023987014688209643,0.012209609492478821,0.01220964268298152,0.013577271510359997,0.013577306227536489,0.0,0.0,0.012325597730474726,0.012325623350419552,0.04652492541406475,0.04652493075440371,0.0,0.0,0.0,0.0,0.0,0.0,0.0,0.0,0.01783288802339308,0.01783291156072408
2018-11-23,0.011247059276355666,3.3741177829066996e-06,0.0,0.0,0.12710985427079732,0.12710988352119607,0.0710648761215284,0.07397340610716276,0.0,0.0,0.6132955611480999,0.6076720315099221,0.006396690772459748,0.006396707928521283,0.004365575806531667,0.004365581959840111,0.000963903400249433,0.0009639059752469212,0.0,0.0,0.0034421558654678616,0.0034421606371970994,0.007122676723688977,0.0071226919147400775,0.0,0.0,0.0,0.0,0.0,0.0,0.0,0.0,0.006798961066468144,0.006798971000707602,0.006546011038785182,0.006546020082442609,0.008677941185465866,0.008678017657011046,0.019069957659358535,0.021385950955250196,0.024201697674752658,0.024201725090742535,0.011594120529501643,0.01175277845989622,0.013022710678973233,0.013262143357630934,0.0,0.0,0.01210500447782315,0.012105515395316542,0.046996548814207395,0.04699655289487885,0.0,0.0,0.0,0.0,0.0,0.0,0.0,0.0,0.01722575276584091,0.017225955552297136
2018-11-30,0.051353803449586705,1.540614103487601e-05,0.0,0.0,0.1067708620046364,0.12661329874369387,0.0690213124467477,0.07117035929484837,0.0,0.0,0.6395620380930724,0.6138851363682789,0.006270196069830982,0.006270214754248088,0.004188749593688012,0.004188754883526845,0.000918125666299696,0.0009181278540752965,0.0,0.0,0.003342827705331499,0.0033428316826599204,0.006994612745927024,0.0069946287849968055,0.0,0.0,0.0,0.0,0.0,0.0,0.0,0.0,0.006545267076709501,0.006545276216734188,0.00633669381843295,0.006336702377777669,0.00855450157264449,0.008554661856463485,0.018411907018148328,0.019398014842031453,0.024154914440966246,0.024154987546987187,0.010886323569821211,0.012119054250489062,0.012306475732314725,0.013414957842441486,0.0,0.0,0.011832546177152141,0.012186920821180778,0.047082977133545534,0.04708298111109399,0.0,0.0,0.0,0.0,0.0,0.0,0.0,0.0,0.01681966913473111,0.016823090768472222
2018-12-07,0.0067155538833731,2.01466616501193e-06,0.0,0.0,0.10552364089314668,0.10748799631340274,0.06872320248545422,0.06928724089896796,0.0,0.0,0.642201564891096,0.6388437879494093,0.006337342989170885,0.006337471089212772,0.00423354120735789,0.004233578696714711,0.0009397152173718957,0.0009397303269658983,0.0,0.0,0.003425287536093868,0.003425316415218597,0.007090945596566002,0.007091068110719632,0.0,0.0,0.0,0.0,0.0,0.0,0.0,0.0,0.0066112789311869495,0.006611347782101892,0.006383901885774866,0.006383961963373602,0.008951823859779356,0.008966347869555686,0.01797279355471996,0.018056488685589327,0.024144178403281334,0.02414509453221221,0.010524008155117788,0.010558677068908345,0.011875508303387667,0.011976696188239476,0.0,0.0,0.011612348229766187,0.011646907271488946,0.047069824961773775,0.047069841235069756,0.0,0.0,0.0,0.0,0.0,0.0,0.0,0.0,0.016379092898954815,0.01693844760284899
2018-12-14,4.088106658629159e-07,1.2264319975887477e-10,0.0,0.0,0.10561932864254385,0.10561933995877558,0.06871044424204613,0.06871046167332594,0.0,0.0,0.6422002130587721,0.6422000086534392,0.006418487268579184,0.006418496658963779,0.004279634822100974,0.0042796399952627585,0.0009462020046533044,0.0009462050857047947,0.0,0.0,0.00344083180063555,0.0034408362274750293,0.0072012220284182514,0.007201231461568373,0.0,0.0,0.0,0.0,0.0,0.0,0.0,0.0,0.006670547366587893,0.006670554424958701,0.006373238975245044,0.006373245418725193,0.009074928753108098,0.009074949639011856,0.018240446622181137,0.018240468409613964,0.02446290829087869,0.024462923579127355,0.010683243266869086,0.01068326494886228,0.011811208069606042,0.011811227515205629,0.0,0.0,0.011234566817632895,0.011234583269796929,0.0472865822873912,0.04728658491352808,0.0,0.0,0.0,0.0,0.0,0.0,0.0,0.0,0.01534596568275051,0.015345978166654586
2018-12-21,0.008386100636370252,2.5158301909110756e-06,0.0,0.0,0.10432213454610036,0.10616291551652324,0.06662971030403018,0.06898121495731575,0.0,0.0,0.6500504176709729,0.6458573673527878,0.006143852684747799,0.0061438853294619395,0.004120646360021561,0.004120662984688252,0.0009078741742542846,0.0009078831217795563,0.0,0.0,0.0032787628805186083,0.003278776886260027,0.007108161549976416,0.00710819520606433,0.0,0.0,0.0,0.0,0.0,0.0,0.0,0.0,0.006428840576589866,0.006428864437558892,0.006133384723772448,0.006133405696387806,0.008757033877849827,0.00875713336057815,0.017715450850516623,0.017715554496379748,0.024527077102411785,0.02452719451240121,0.009966386976995301,0.00996647722917205,0.011126112776642801,0.011126199916583819,0.0,0.0,0.011081126879274743,0.01108120430624386,0.047916664092854444,0.04791667243990867,0.0,0.0,0.0,0.0,0.0,0.0,0.0,0.0,0.013786361972470065,0.013786392249904888
2018-12-28,1.7388609529578412e-07,5.216582858873523e-11,0.0,0.0,0.1045615969438874,0.10456160700926381,0.06695863315531372,0.06695863914458636,0.0,0.0,0.6505917898615644,0.6505917029185168,0.00599968591286669,0.005999690502517942,0.00401710177275068,0.004017105471153152,0.0008816864145679913,0.0008816906549663667,0.0,0.0,0.003207845777221207,0.003207849357098087,0.00704366571981517,0.007043670922103179,0.0,0.0,0.0,0.0,0.0,0.0,0.0,0.0,0.006060005327221667,0.006060009266497841,0.006009617211860887,0.006009621016242435,0.008612457475976422,0.00861246337853404,0.017673097343420995,0.01767310340326704,0.02496157233924869,0.024961578635488105,0.009802919082460459,0.00980292533422605,0.010950345624948348,0.010950352110266508,0.0,0.0,0.01106338737608364,0.011063393097978158,0.04861719976715664,0.04861720092513289,0.0,0.0,0.0,0.0,0.0,0.0,0.0,0.0,0.012987392893635055,0.012987396852161347
2019-01-04,1.723428584088707e-10,5.1702857522661206e-14,0.0,0.0,0.10448907607107792,0.10448907607593214,0.06711104041670556,0.06711104041915984,0.0,0.0,0.6494262691830686,0.6494262691341105,0.005910871577883164,0.005910871578816768,0.003961215968469711,0.003961215976036375,0.0008704061818392436,0.0008704062313577737,0.0,0.0,0.0031219247544408664,0.003121924767081279,0.0068919691364510635,0.006891969132596189,0.0,0.0,0.0,0.0,0.0,0.0,0.0,0.0,0.006289769378704617,0.0062897693780185225,0.006174377517052383,0.0061743775161535635,0.00849223970258744,0.008492239699603077,0.01721345606435146,0.017213456061769,0.025814292090122173,0.025814292098325854,0.00972078489095228,0.00972078488723329,0.01094822212122606,0.010948222117400925,0.0,0.0,0.010920040078547277,0.010920040073507912,0.049470873230642434,0.04947087322243009,0.0,0.0,0.0,0.0,0.0,0.0,0.0,0.0,0.013173171635877773,0.013173171630466813
2019-01-11,2.434892557761151e-10,7.304677673283452e-14,0.0,0.0,0.10431268888821843,0.10431268889081963,0.06678561234674567,0.06678561233051458,0.0,0.0,0.6468401928349836,0.6468401928708395,0.006112169484913963,0.006112169487986166,0.004117554611761119,0.004117554620404207,0.0009047670192173341,0.0009047670713726906,0.0,0.0,0.0032235580794294527,0.0032235580929025616,0.007047121362860924,0.007047121359441575,0.0,0.0,0.0,0.0,0.0,0.0,0.0,0.0,0.006641183304146812,0.00664118330546333,0.006332509984082156,0.006332509985234401,0.008699968969461696,0.008699968968997888,0.017898726931198896,0.017898726928156205,0.025512052961824322,0.025512052965299313,0.010119327559334285,0.010119327557953339,0.011241722308688308,0.01124172230677811,0.0,0.0,0.011061524131261167,0.01106152412743029,0.04848864949690346,0.048488649408447985,0.0,0.0,0.0,0.0,0.0,0.0,0.0,0.0,0.014660669724968415,0.014660669721958166
2019-01-18,1.4213370725605495e-10,4.264011217681648e-14,0.0,0.0,0.10426018865870337,0.10426018866397517,0.06693975654783953,0.06693975653690074,0.0,0.0,0.6464862654604853,0.6464862654652559,0.006180205982571594,0.006180205982981811,0.004130601617622352,0.00413060162235755,0.0009071979741956525,0.0009071980122600164,0.0,0.0,0.0031964311683972944,0.0031964311770556635,0.007110253274625211,0.007110253276293617,0.0,0.0,0.0,0.0,0.0,0.0,0.0,0.0,0.006703433695725063,0.006703433694960476,0.006307016994180688,0.006307016993404034,0.009049537865032573,0.009049537863458674,0.017984131599515892,0.017984131599932274,0.0252945678134702,0.025294567820541625,0.010200190640031213,0.010200190638196521,0.011307075797955648,0.011307075796235412,0.0,0.0,0.010992245707799974,0.010992245704682282,0.04821873817091012,0.0482187381216446,0.0,0.0,0.0,0.0,0.0,0.0,0.0,0.0,0.014732161030938364,0.014732161029863513
2019-01-25,1.2999067859446878e-10,3.899720357834063e-14,0.0,0.0,0.10406962240365912,0.10406962240722749,0.0667278091832913,0.06672780917136188,0.0,0.0,0.6464483098861653,0.6464483098903129,0.0062699238861460786,0.006269923886143228,0.0041595599149725675,0.00415955991917248,0.00091658337227551,0.0009165834081982073,0.0,0.0,0.0032292521833416966,0.0032292521913096298,0.007190479004295215,0.007190479005837802,0.0,0.0,0.0,0.0,0.0,0.0,0.0,0.0,0.006742455850247913,0.006742455849200893,0.006380837848234568,0.00638083784712877,0.009311446728904138,0.009311446727275402,0.01829448309410595,0.018294483095034047,0.024958749989536087,0.02495874999625419,0.010257016490306336,0.010257016488417921,0.011494432075702206,0.011494432074149892,0.0,0.0,0.011091310138235956,0.011091310135159134,0.048019411586369416,0.048019411545076225,0.0,0.0,0.0,0.0,0.0,0.0,0.0,0.0,0.014438316364210621,0.014438316362739772
2019-02-01,1.1522022073419402e-10,3.4566066220258206e-14,0.0,0.0,0.1039996329438181,0.10399963294569638,0.06662437514756159,0.06662437513266956,0.0,0.0,0.6453044113017923,0.6453044113053564,0.006340167737201667,0.006340167736460729,0.0040049507686765505,0.00400495077241753,0.0008600352555492214,0.0008600352892270625,0.0,0.0,0.0031337899652411536,0.0031337899725244344,0.0072491086191118536,0.007249108619114529,0.0,0.0,0.0,0.0,0.0,0.0,0.0,0.0,0.006615182602020896,0.00661518260047407,0.006143504587127504,0.006143504585635068,0.009327391342106769,0.009327391340015147,0.01857097936379043,0.018570979364413195,0.02538012582394172,0.02538012583078203,0.010399479777380479,0.010399479775202806,0.011529289497064828,0.011529289495113964,0.0,0.0,0.011205164972688877,0.011205164969399143,0.04853833962693895,0.048538339598899596,0.0,0.0,0.0,0.0,0.0,0.0,0.0,0.0,0.014774070667987083,0.01477407066659862
2019-02-15,4.0636789061781337e-10,1.21910367185344e-13,0.0,0.0,0.10366535645400247,0.10366535645348898,0.06647227766104813,0.06647227753181931,0.0,0.0,0.6427238923561155,0.64272389241941,0.006692047622715098,0.006692047630197043,0.004310763891191983,0.004310763905488441,0.0009376177209142789,0.0009376177853284962,0.0,0.0,0.0034513280434474115,0.0034513280629726753,0.007468897290283535,0.007468897289483115,0.0,0.0,0.0,0.0,0.0,0.0,0.0,0.0,0.007151970010856038,0.0071519700167907135,0.00657353877136295,0.006573538777349181,0.010113219456644956,0.010113219461462737,0.018985808436551514,0.018985808438539288,0.025091543502490786,0.025091543509209637,0.010650862991154756,0.010650862995045893,0.01189672250451646,0.011896722508079391,0.0,0.0,0.011090013599946495,0.011090013600629464,0.048393440258071706,0.04839344018543059,0.0,0.0,0.0,0.0,0.0,0.0,0.0,0.0,0.014330699428685794,0.01433069942927512
2019-02-22,3.490425574438627e-10,1.047127672331588e-13,0.0,0.0,0.10331697024503526,0.10331697024244582,0.0661292171474433,0.0661292169861256,0.0,0.0,0.641240889455959,0.6412408894861218,0.006745836469014403,0.0067458364770925355,0.004412926206999707,0.004412926221319879,0.0009692961459361173,0.0009692962087457263,0.0,0.0,0.003576185058942716,0.003576185077889206,0.007453373280535197,0.0074533732819782915,0.0,0.0,0.0,0.0,0.0,0.0,0.0,0.0,0.0074968555773131445,0.007496855583675697,0.006737061227091613,0.006737061233421568,0.010212139647122963,0.010212139652422807,0.018957597637921958,0.01895759764034431,0.025338622957636826,0.025338622965592174,0.01063458369240577,0.010634583696536005,0.01195222573449582,0.011952225738364734,0.0,0.0,0.011255763943960165,0.011255763945265621,0.04888483657878966,0.04888483656817533,0.0,0.0,0.0,0.0,0.0,0.0,0.0,0.0,0.014685618993396474,0.014685618994482641
2019-03-01,7.831297416105443e-11,2.3493892248316326e-14,0.0,0.0,0.10274196374664953,0.10274196374664793,0.06576540663113636,0.06576540661203101,0.0,0.0,0.640708308807311,0.6407083088086545,0.007182496782634857,0.0071824967812743,0.004748976814309904,0.004748976815942862,0.0010409394390559267,0.0010409394658811983,0.0,0.0,0.0038725856047771164,0.0038725856088846246,0.007795169704487862,0.0077951697052487156,0.0,0.0,0.0,0.0,0.0,0.0,0.0,0.0,0.008508542198434492,0.008508542196626962,0.007260389976977491,0.0072603899749588575,0.010608127328026878,0.010608127326995401,0.018859467586412843,0.01885946758659021,0.024847886411356487,0.02484788641566567,0.010573781670586624,0.010573781668777557,0.011820859289113533,0.011820859287690359,0.0,0.0,0.011373974959790378,0.011373974957171882,0.047998897027863134,0.047998897021620066,0.0,0.0,0.0,0.0,0.0,0.0,0.0,0.0,0.014292226021075546,0.014292226019338152
2019-03-08,2.2024676310170022e-10,6.607402893051005e-14,0.0,0.0,0.10249715150954815,0.10249715151191419,0.06576057015065079,0.06576057004257932,0.0,0.0,0.6397676225772988,0.6397676225898644,0.007425229781846624,0.00742522978585165,0.00514395832947135,0.005143958336762932,0.0011532582231985435,0.0011532582665925034,0.0,0.0,0.004263391743801328,0.00426339175370036,0.008067977610771599,0.008067977618502526,0.0,0.0,0.0,0.0,0.0,0.0,0.0,0.0,0.009755269807067465,0.009755269810297361,0.007535007860713627,0.0075350078632742444,0.0107507303036337,0.010750730306722684,0.018967786987036554,0.018967786989413277,0.024427026463207914,0.024427026471533164,0.010535855651091523,0.010535855652799665,0.011753703035600223,0.011753703037181751,0.0,0.0,0.011274495085284218,0.011274495085143327,0.04690542623970011,0.046905426238371586,0.0,0.0,0.0,0.0,0.0,0.0,0.0,0.0,0.014015538640077438,0.014015538639494876
2019-03-15,2.381685469503292e-10,7.145056408509876e-14,0.0,0.0,0.10254607175627416,0.10254607175742364,0.06589844990737945,0.06589844979289221,0.0,0.0,0.6403995412459383,0.6403995412627148,0.0072185886692555,0.007218588673432676,0.004999296876933673,0.00499929688470786,0.0011113415934957496,0.0011113416392232135,0.0,0.0,0.004165077132012468,0.0041650771424071725,0.007779908157417134,0.007779908165624443,0.0,0.0,0.0,0.0,0.0,0.0,0.0,0.0,0.008582579650973936,0.008582579654237735,0.007480633504181849,0.007480633507020548,0.010825538484612556,0.010825538487762824,0.018987867808622605,0.01898786781129468,0.024183027641833176,0.024183027650983163,0.01084937112582913,0.01084937112787057,0.011976934353115814,0.01197693435487721,0.0,0.0,0.011255794370954033,0.011255794370661086,0.04763449069449835,0.04763449069102083,0.0,0.0,0.0,0.0,0.0,0.0,0.0,0.0,0.01410548702667184,0.014105487025845452
2019-03-22,2.2322413080304304e-10,6.696723924091291e-14,0.0,0.0,0.10215287311290648,0.1021528731140799,0.06570732409697502,0.06570732398567777,0.0,0.0,0.6379839731433246,0.637983973152231,0.007458079257717234,0.007458079261892184,0.00524274372445953,0.005242743731859442,0.001166820939907915,0.0011668209839904632,0.0,0.0,0.00426326012167846,0.004263260131910939,0.008057311973928803,0.008057311982579867,0.0,0.0,0.0,0.0,0.0,0.0,0.0,0.0,0.009027791173966963,0.009027791177335556,0.007621163490314632,0.00762116349329833,0.011652924772095582,0.0116529247760772,0.019023320575813137,0.019023320578683982,0.024304629535372376,0.02430462954513963,0.010975978184875546,0.010975978187149333,0.011900513705602698,0.011900513707348013,0.0,0.0,0.011290114525505582,0.011290114525370133,0.047843249136534656,0.04784324913649106,0.0,0.0,0.0,0.0,0.0,0.0,0.0,0.0,0.014327928529020845,0.014327928528884927
2019-03-29,2.8323340504551875e-10,8.497002151365561e-14,0.0,0.0,0.10269071266759024,0.1026907126642231,0.06609505179019858,0.06609505165381842,0.0,0.0,0.6389284126907602,0.6389284127157211,0.007257819494561869,0.00725781949999836,0.005062071119019694,0.005062071128255054,0.001119435352218628,0.0011194354020848446,0.0,0.0,0.004081956399565004,0.004081956412010708,0.007914579954163711,0.007914579963310542,0.0,0.0,0.0,0.0,0.0,0.0,0.0,0.0,0.008337838322809911,0.00833783832722179,0.0074966629553621855,0.0074966629591439885,0.011671161937830916,0.011671161942570922,0.018931840512535165,0.018931840515065756,0.0240800698899127,0.024080069899411072,0.010899619279296259,0.010899619282281794,0.011921157871097807,0.011921157873521434,0.0,0.0,0.011245626339853104,0.01124562633989399,0.04794947299886396,0.04794947299699451,0.0,0.0,0.0,0.0,0.0,0.0,0.0,0.0,0.014316510424360223,0.014316510424472661
2019-04-04,3.5515730439049376e-10,1.0654719131714812e-13,0.0,0.0,0.10176238292615433,0.10176238292228837,0.0651378068066219,0.06513780663290934,0.0,0.0,0.6359656503807396,0.6359656504035723,0.0077968417932118535,0.007796841800956488,0.005470727530863813,0.0054707275417433,0.0012102669291503018,0.0012102669808041347,0.0,0.0,0.004435343501069527,0.004435343514754375,0.008322364543144495,0.008322364558896407,0.0,0.0,0.0,0.0,0.0,0.0,0.0,0.0,0.009534423248114536,0.00953442325511911,0.008213569219966936,0.008213569226048304,0.012536141592423795,0.012536141600875189,0.019518729361868048,0.019518729367492577,0.023979873098905972,0.023979873110718884,0.011146833955580708,0.011146833961242447,0.012181188081285616,0.012181188086277609,0.0,0.0,0.011310207038938586,0.01131020704099735,0.046932296107896496,0.04693229610885502,0.0,0.0,0.0,0.0,0.0,0.0,0.0,0.0,0.014545353884063335,0.01454535388644887
2019-04-12,9.326280500914635e-10,2.7978841502743906e-13,0.0,0.0,0.10158015191906603,0.10158015192685661,0.06489759282676022,0.06489759236083811,0.0,0.0,0.6365974240981587,0.6365974242073617,0.00776465121097471,0.007764651233432345,0.005379362871252632,0.005379362896405784,0.0011818979946062293,0.0011818980790392244,0.0,0.0,0.004226574083171216,0.004226574112069073,0.008352179258370573,0.008352179285634613,0.0,0.0,0.0,0.0,0.0,0.0,0.0,0.0,0.009011127151665143,0.009011127173574912,0.007848857802031078,0.007848857821453736,0.012497043740663733,0.012497043766060761,0.019543126477306043,0.019543126490132044,0.02402586331498527,0.0240258633360804,0.011296851187245528,0.011296851206892522,0.012242807139442466,0.012242807157142039,0.0,0.0,0.011351464563449189,0.011351464575469258,0.047481238889128315,0.04748123888873639,0.0,0.0,0.0,0.0,0.0,0.0,0.0,0.0,0.014721785471722969,0.014721785482820519
2019-04-19,1.1001520918221819e-10,3.3004562754665455e-14,0.0,0.0,0.10142853394176715,0.10142853393658137,0.06450832054306474,0.06450832050279727,0.0,0.0,0.6376256723414394,0.6376256723460191,0.007898855665001177,0.007898855664893099,0.0054176766313684555,0.005417676634315352,0.0012060367785322447,0.0012060368109609065,0.0,0.0,0.004257987603375063,0.004257987609474268,0.00833504909736864,0.008335049099294497,0.0,0.0,0.0,0.0,0.0,0.0,0.0,0.0,0.008955104864068935,0.008955104863517534,0.008020002531210324,0.008020002530222503,0.01281657220001203,0.012816572201459799,0.019529790197684815,0.019529790198289827,0.02364652091050127,0.023646520915476008,0.011304119648492244,0.011304119647686087,0.012258086460511306,0.012258086459624602,0.0,0.0,0.011721524980017323,0.011721524977049215,0.0462460771654144,0.046246077164014104,0.0,0.0,0.0,0.0,0.0,0.0,0.0,0.0,0.014824068440170373,0.014824068438324794
2019-04-26,9.964174385763969e-11,2.98925231572919e-14,0.0,0.0,0.10154774132823115,0.1015477413228279,0.06438483897358514,0.06438483894084476,0.0,0.0,0.6383519703388044,0.6383519703427496,0.007656999175144461,0.007656999174461754,0.005139415965320977,0.005139415967878353,0.0011469223991682524,0.0011469224302481196,0.0,0.0,0.0041798104959365635,0.004179810501122371,0.007993325676305646,0.007993325677704161,0.0,0.0,0.0,0.0,0.0,0.0,0.0,0.0,0.008717206476502152,0.008717206475356924,0.007379642522203722,0.0073796425208641015,0.012736423254897041,0.012736423255942776,0.019455039685334113,0.01945503968547313,0.023694179014378636,0.02369417901884788,0.011653587470146613,0.011653587469196106,0.012477012206952676,0.012477012205922799,0.0,0.0,0.011741018723346971,0.011741018720040068,0.04654681588013777,0.046546815878784766,0.0,0.0,0.0,0.0,0.0,0.0,0.0,0.0,0.015198050413603616,0.015198050411734082
2019-04-30,1.0142531194252957e-10,3.042759358275887e-14,0.0,0.0,0.10162584398050901,0.10162584397635605,0.0644531327795377,0.0644531327465547,0.0,0.0,0.6393182396911462,0.6393182396950297,0.007591945553385279,0.007591945552553226,0.004973498127908698,0.0049734981306190995,0.0010950325295570255,0.001095032561383935,0.0,0.0,0.004057455058027903,0.004057455063363525,0.007861207203341922,0.007861207204841465,0.0,0.0,0.0,0.0,0.0,0.0,0.0,0.0,0.008426361001451527,0.00842636100024932,0.00715244670139001,0.0071524467000752,0.012857778883109832,0.012857778884259949,0.01957116015541566,0.01957116015513916,0.023665057920058557,0.023665057924365157,0.011909869119897958,0.01190986911903178,0.01260373742027087,0.012603737419184254,0.0,0.0,0.011642811901409639,0.011642811897943734,0.046647272783707776,0.04664727278162771,0.0,0.0,0.0,0.0,0.0,0.0,0.0,0.0,0.014547149189874459,0.014547149187422085
2019-05-10,3.3883945844449814e-10,1.0165183753334943e-13,0.0,0.0,0.10245987365142108,0.10245987366053785,0.06521236351388186,0.06521236334765255,0.0,0.0,0.6422612663263382,0.6422612663370653,0.007057150465438593,0.007057150472344916,0.004624668947283273,0.004624668958632922,0.0010256280053168284,0.0010256280618800371,0.0,0.0,0.003703730596883714,0.003703730611619481,0.0074815509381845205,0.007481550952714624,0.0,0.0,0.0,0.0,0.0,0.0,0.0,0.0,0.00757659665775344,0.007576596664093335,0.006824469994741465,0.006824470000506053,0.012070737675598865,0.012070737682919093,0.01891920165249845,0.01891920165515026,0.0238116914469105,0.023811691458521054,0.011443498977386212,0.011443498982153204,0.012395551927149395,0.012395551931376068,0.0,0.0,0.011602979580342941,0.011602979581464506,0.047436983707211236,0.0474369837040209,0.0,0.0,0.0,0.0,0.0,0.0,0.0,0.0,0.014092055935659464,0.014092055937348061
2019-05-17,1.2362186014441834e-10,3.70865580433255e-14,0.0,0.0,0.10197932162328008,0.1019793216254416,0.06520391076116892,0.06520391072308693,0.0,0.0,0.639226127949328,0.6392261279419372,0.00726101605138272,0.007261016051291682,0.004805120639168956,0.00480512064407102,0.0010755304625229723,0.0010755305010691828,0.0,0.0,0.00383936835498358,0.0038393683636373374,0.007609257573664775,0.007609257574616715,0.0,0.0,0.0,0.0,0.0,0.0,0.0,0.0,0.007782394130822779,0.007782394130172235,0.007131947771111516,0.007131947770549042,0.01363803599646318,0.013638035998268919,0.018987412377024025,0.018987412375362882,0.023849189002158523,0.023849189006948213,0.011269634315104143,0.011269634313337332,0.012353444094572638,0.012353444092760213,0.0,0.0,0.011670850461266738,0.011670850457643003,0.048072527274226035,0.04807252727062236,0.0,0.0,0.0,0.0,0.0,0.0,0.0,0.0,0.01424491116175054,0.014244911159184194
2019-05-24,1.0482991840039813e-10,3.1448975520119436e-14,0.0,0.0,0.10251573489971091,0.10251573490018356,0.06536816682403533,0.06536816678709738,0.0,0.0,0.642031517027361,0.6420315170282538,0.007004237728942521,0.007004237728410958,0.004609751044644299,0.004609751048085551,0.001032601280526625,0.0010326013139900355,0.0,0.0,0.0036549149200534193,0.003654914926732922,0.007437126719885327,0.007437126721318359,0.0,0.0,0.0,0.0,0.0,0.0,0.0,0.0,0.007551153859954076,0.007551153858933191,0.007036049576576413,0.007036049575344768,0.012371813249635965,0.012371813250846818,0.018468355573234767,0.018468355571672278,0.02362667729129433,0.02362667729611584,0.011156141692857276,0.011156141691473427,0.012436108460312274,0.012436108459074717,0.0,0.0,0.011705208413389524,0.011705208410170686,0.04797447995884082,0.047974479955766744,0.0,0.0,0.0,0.0,0.0,0.0,0.0,0.0,0.014019961478745081,0.014019961476528956
2019-05-31,1.184528282752173e-10,3.553584848256519e-14,0.0,0.0,0.1027290410108758,0.10272904101139134,0.06543172223679318,0.06543172219077871,0.0,0.0,0.6423607979443395,0.6423607979468096,0.007133072993332334,0.007133072993285124,0.004661676470460553,0.004661676474537866,0.0010472146601603874,0.0010472146958523025,0.0,0.0,0.003733606628383819,0.0037336066356316294,0.00752277190720373,0.007522771909261807,0.0,0.0,0.0,0.0,0.0,0.0,0.0,0.0,0.007635459148700346,0.007635459148184582,0.007045436326498854,0.007045436325805136,0.012817757402249651,0.012817757404315434,0.01837954581001142,0.01837954580860381,0.023468043234761038,0.023468043239861045,0.010922636242771004,0.010922636241522279,0.012197222169882522,0.012197222168726554,0.0,0.0,0.011578112050979172,0.01157811204800523,0.04807479444182666,0.04807479443949176,0.0,0.0,0.0,0.0,0.0,0.0,0.0,0.0,0.013261089320769907,0.013261089317935865
2019-06-06,1.4538585287916794e-10,4.361575586375038e-14,0.0,0.0,0.10275971664735198,0.1027597166478822,0.06571865223028918,0.06571865220627116,0.0,0.0,0.641504218552126,0.6415042185233407,0.0070213211368401205,0.007021321136821364,0.00451723466863056,0.004517234675098274,0.0010129490529447835,0.001012949098462863,0.0,0.0,0.003651180171583082,0.003651180182220567,0.007465638778392366,0.007465638778026595,0.0,0.0,0.0,0.0,0.0,0.0,0.0,0.0,0.007622340485416552,0.007622340484556395,0.006785879952312273,0.006785879951771066,0.012509718114771404,0.012509718114623855,0.018196644034943216,0.01819664403169469,0.023901328469680842,0.023901328475527187,0.010794283172940828,0.010794283170232654,0.012271552431326459,0.012271552428873561,0.0,0.0,0.011558219425370572,0.011558219421019427,0.049947620905031465,0.049947620908724545,0.0,0.0,0.0,0.0,0.0,0.0,0.0,0.0,0.012761501770048164,0.012761501764852743
2019-06-14,1.700984743682743e-10,5.1029542310482284e-14,0.0,0.0,0.10227039978667885,0.10227039978790348,0.06543053533581172,0.06543053530973372,0.0,0.0,0.6402103445118584,0.640210344468004,0.007184538644761128,0.007184538645608735,0.004601509959743329,0.0046015099673449465,0.0010346752312549103,0.0010346752811367954,0.0,0.0,0.003717765092237628,0.0037177651041423684,0.0075294373794544305,0.007529437380619043,0.0,0.0,0.0,0.0,0.0,0.0,0.0,0.0,0.007779682072809529,0.007779682072726949,0.006806690452304466,0.0068066904527510665,0.0130299579162938,0.013029957916981971,0.01838961103972832,0.01838961103736431,0.023872371750166932,0.023872371756157463,0.011231547796605155,0.011231547794752916,0.012539230291639244,0.01253923028987611,0.0,0.0,0.011781613884604233,0.011781613880793889,0.05005669737323476,0.05005669737853349,0.0,0.0,0.0,0.0,0.0,0.0,0.0,0.0,0.01253339148081306,0.012533391475568501
2019-06-21,2.876068424973767e-06,8.6282052749213e-10,0.0,0.0,0.10196861536890733,0.10196862126251535,0.06515030759951708,0.06515030772049984,0.0,0.0,0.636853546812236,0.6368521087780236,0.007437450675827068,0.007437464354643243,0.004647924358046791,0.004647934432317169,0.001037055806138298,0.0010370659660967286,0.0,0.0,0.0037494178080823984,0.0037494272322633466,0.007636237396167669,0.007636252192891574,0.0,0.0,0.0,0.0,0.0,0.0,0.0,0.0,0.008264062534764185,0.008264077498345162,0.00686385158049729,0.006863862515165053,0.013195852037781395,0.013195886055201141,0.019102109100949012,0.019102118198456156,0.024180241114325235,0.02418026096224994,0.01157774636756729,0.011577764378525621,0.012706921599505672,0.012706938332793133,0.0,0.0,0.011899864929352064,0.011899876765169142,0.051069223716016535,0.05107045305665734,0.0,0.0,0.0,0.0,0.0,0.0,0.0,0.0,0.012659571194318662,0.012659580298186517
2019-06-28,0.09201767917860797,2.7605303753582387e-05,0.0,0.0,0.0821194070285743,0.10184579656376662,0.06500838741148494,0.06500838774561798,1.250101148984544e-10,0.0,0.6821434338905652,0.6361345944262712,0.007457716800401285,0.007457722866532674,0.004692366734365092,0.004692369325848685,0.0010513774224393951,0.0010513788351696838,0.0,0.0,0.0038131627832844587,0.0038131649735037945,0.007653422448517065,0.007653427940264325,0.0,0.0,0.0,0.0,0.0,0.0,0.0,0.0,0.008275134114329006,0.0082751433669517,0.007040752566512588,0.007040756048007738,0.012255611522904022,0.013275701495493912,0.019269629737271515,0.01926963250015793,0.02357873642033521,0.024076828200731537,0.011415709508474252,0.011415732372777146,0.012604537715504514,0.012604556221353725,0.0,0.0,0.011856941264248225,0.011856946878956717,0.026986624759771243,0.051750808528924684,0.0,0.0,0.0,0.0,0.0,0.0,0.0,0.0,0.012777047746007714,0.012777051709669807
2019-07-05,0.05323351054925243,1.5970053164775728e-05,0.0,0.0,0.0626648620433782,0.08214854730173947,0.06524726475515467,0.06524726660077398,3.316234820924594e-10,1.251628525039556e-10,0.7071658449719389,0.6805490899037734,0.007513715742610108,0.007513757146134751,0.004697916180180804,0.004697926628898197,0.0010513453131527318,0.001051350095856839,0.0,0.0,0.0038195445995451633,0.003819552891129872,0.007741696229732012,0.007741733757219241,0.0,0.0,0.0,0.0,0.0,0.0,0.0,0.0,0.00819966808987633,0.008199742949019083,0.0073479572393037405,0.007347978118595074,0.010235728329210653,0.012346134210784347,0.019471806264945293,0.019471831981294492,0.02124255667353007,0.023567294223466324,0.01158873144330785,0.011624045214314547,0.012844498119407148,0.012935364480645901,0.0,0.0,0.01207047639376913,0.012070533533529505,0.02449709674984237,0.027068542521647365,0.0,0.0,0.0,0.0,0.0,0.0,0.0,0.0,0.012599290529491476,0.012599308316015053
2019-07-12,0.005432590683813244,1.629777205143973e-06,0.0,0.0,0.06270362511219854,0.06270363577898116,0.06521187132322631,0.06521187440784304,7.507402215470314e-10,3.3351882534111506e-10,0.7107666747452315,0.7080503798205464,0.007372185614820974,0.0073722211396100405,0.004539594810118909,0.004539606186131147,0.0010154171905654972,0.0010154228063619516,0.0,0.0,0.003776446492325606,0.003776455850063327,0.0075467773629998925,0.007546810304344069,0.0,0.0,0.0,0.0,0.0,0.0,0.0,0.0,0.008032226525770422,0.008032278096391518,0.007034964148532823,0.0070349841761434976,0.01035153764997477,0.01035513392244855,0.019153304600106245,0.019153362066960226,0.02080114039751868,0.021234670338871338,0.011691747024472066,0.01170067118604812,0.01284752513370399,0.012856382923774933,0.0,0.0,0.011933681465327665,0.011933752932098534,0.02236090279847363,0.02462196195065911,0.0,0.0,0.0,0.0,0.0,0.0,0.0,0.0,0.012860376853892378,0.01286039577920462
2019-07-19,0.012929598204070244,3.878879461221072e-06,0.0,0.0,0.06271463665628417,0.06271464042615123,0.06526108448754468,0.0652610851999187,6.14043918062038e-10,7.464841141238043e-10,0.7171463250641469,0.7106815259621119,0.007364100262500238,0.007364109692419176,0.004545686108634539,0.004545688004474983,0.0010164380158140412,0.001016438830896702,0.0,0.0,0.0038053461012583713,0.003805347612238101,0.007506972491140538,0.007506980337693235,0.0,0.0,0.0,0.0,0.0,0.0,0.0,0.0,0.008052587881276468,0.008052608344166304,0.007087328496919074,0.007087332778990015,0.009608418213043281,0.010200345168781022,0.019179664084944092,0.019179697681084656,0.01924981777205396,0.021813857785170452,0.010789279968466202,0.011658095496448142,0.011939862445399105,0.012720102876119544,0.0,0.0,0.011779003591987905,0.01177904001785913,0.02070984955359635,0.02236950191694751,0.0,0.0,0.0,0.0,0.0,0.0,0.0,0.0,0.012243598190946283,0.012243601122045436
2019-07-26,4.953953589279365e-07,1.4861860767838093e-10,0.0,0.0,0.06260392923336427,0.06260393265335225,0.06510968753324566,0.0651096887040146,4.455154107250139e-10,6.139737519212354e-10,0.7158970497112374,0.715896802013558,0.007512086043397032,0.007512095951342227,0.004574322905006468,0.004574327743953171,0.001039901975044866,0.0010399050893779953,0.0,0.0,0.0038903620983765704,0.003890366392518463,0.007608320343555422,0.00760832999616533,0.0,0.0,0.0,0.0,0.0,0.0,0.0,0.0,0.008143725687748966,0.00814373775317291,0.007203784156503295,0.007203791625624799,0.00965819711578207,0.00965821649104663,0.01928858071627881,0.019288599597691924,0.019684315299439092,0.01968436170704476,0.010984465324441786,0.010984486879035076,0.012152233312805804,0.012152256880379023,0.0,0.0,0.011879103423858544,0.01187911770737036,0.020745502950443827,0.020745544922396362,0.0,0.0,0.0,0.0,0.0,0.0,0.0,0.0,0.012024431723954565,0.012024437277982395
2019-08-02,0.00686381648098143,2.059144944294429e-06,0.0,0.0,0.06279479579506263,0.06279479650587858,0.06532914643495615,0.06532914689260307,3.4957200061273097e-10,4.4640615971060463e-10,0.7211634226799525,0.7177315144394617,0.0074370707845175,0.007437075242062845,0.004573355323627426,0.004573356716842297,0.0010340372756796048,0.0010340379767522973,0.0,0.0,0.003924296855317609,0.0039242980368131945,0.007604958635395599,0.007604962644449654,0.0,0.0,0.0,0.0,0.0,0.0,0.0,0.0,0.00791908435425536,0.007919090496559495,0.00725628497291432,0.007256287814008661,0.009568026284236265,0.009568051141949812,0.018643475957143826,0.018643527358167274,0.017264047223391088,0.01922537728445121,0.01083876965703633,0.010838812731817363,0.012058283553304789,0.012058422718042926,0.0,0.0,0.011676288206072161,0.011676297547269402,0.019086941062330724,0.020557227488277423,0.0,0.0,0.0,0.0,0.0,0.0,0.0,0.0,0.01182771459523409,0.011827716518186461
2019-08-09,0.032037065707832865,9.611119712349859e-06,0.0,0.0,0.0629736523412866,0.06297371822908407,0.0658530485603372,0.06587786208207275,6.936316747820178e-10,3.5008950827609074e-10,0.7371615120466092,0.7211429795362349,0.007175256910113456,0.007175582588374539,0.00436095419158204,0.004360974480051557,0.000991890066099891,0.0009918975912796035,0.0,0.0,0.0037982768044628017,0.0037982925624606002,0.007290303905615067,0.007290520789017654,0.0,0.0,0.0,0.0,0.0,0.0,0.0,0.0,0.007440492349814392,0.007441006388773007,0.006961590005119984,0.006961694229414728,0.008511188623562128,0.00939682675818359,0.01681832900793233,0.01803736852752391,0.01304394468186194,0.018729688491710306,0.009332774419345588,0.010646767925165593,0.010035999635225747,0.011921307650539894,0.0,0.0,0.011407606821710341,0.011420894788919674,0.015768498639810044,0.02075789947178442,0.0,0.0,0.0,0.0,0.0,0.0,0.0,0.0,0.011074680295879564,0.011074717559319599
2019-08-16,0.0014612935307442892,4.383880592232867e-07,0.0,0.0,0.06242669367719982,0.06315694954982355,0.0661045337463931,0.06610454838372207,1.084847299376992e-09,6.948818095194049e-10,0.7379502287625851,0.7372195823871784,0.007225024444039505,0.007225049507272382,0.004409126706573852,0.004409137071006364,0.0010108049413303,0.0010108108822803423,0.0,0.0,0.0038747081250402175,0.0038747173460981087,0.007383488345842661,0.007383512116725952,0.0,0.0,0.0,0.0,0.0,0.0,0.0,0.0,0.007429878776406506,0.007429905198307534,0.006987626988907979,0.0069876449170122755,0.008596149462593544,0.008596188336090563,0.016279426344498006,0.016279452223014933,0.013129149268774452,0.013129183442783575,0.00936812810843403,0.009368168306582835,0.009901239927370763,0.009901275936866847,0.0,0.0,0.01129062739979476,0.011290657180346761,0.01589400869696122,0.015894049668032033,0.0,0.0,0.0,0.0,0.0,0.0,0.0,0.0,0.010739155192406839,0.010739166851973575
2019-08-23,0.004726228108905516,1.4178684326716548e-06,0.0,0.0,0.061168335627664494,0.062096024146252746,0.06563495429060787,0.06563500157736903,8.737162897852771e-10,1.0807019261895573e-09,0.7385852758990528,0.7362221618445999,0.007390676573113062,0.007390773024780685,0.004566402571171969,0.004566408363065844,0.0010542642677967228,0.0010542662694652694,0.0,0.0,0.004008169508636204,0.004008174066101624,0.007476714682813255,0.007476769752265579,0.0,0.0,0.0,0.0,0.0,0.0,0.0,0.0,0.007847338579938003,0.007848556422070623,0.007304963076786484,0.007304992256314182,0.008618901466552345,0.008854922650077913,0.016327785322356875,0.016719283131551604,0.013032412724911666,0.013032662137813188,0.009305689619322667,0.00957581939794773,0.009870817648222445,0.01013053408353361,0.0,0.0,0.011337476128503297,0.011337860143713274,0.015512688219303567,0.015788647934062726,0.0,0.0,0.0,0.0,0.0,0.0,0.0,0.0,0.010957132919530214,0.010957141718312505
2019-08-30,0.010164864941872645,3.0494594825617933e-06,0.0,0.0,0.05913365990523813,0.06106106604284345,0.06557812708213757,0.06557872829544557,1.8161819498713608e-09,8.736342744819961e-10,0.7424677374037262,0.7373853058753378,0.007376589961007944,0.007377323323682891,0.004606188957539331,0.004606237702510704,0.0010616328059393433,0.0010616506059479061,0.0,0.0,0.004010146498624391,0.00401018446176017,0.007471669727351697,0.0074721207441008995,0.0,0.0,0.0,0.0,0.0,0.0,0.0,0.0,0.007679428995317286,0.007682119559362039,0.007411063787636795,0.007411369072495622,0.008491959518383725,0.008858542790022112,0.01611046462083334,0.01611363398046863,0.012642513963381556,0.014277924943876686,0.009083761451761749,0.009091015406336505,0.009737435464114801,0.00983510532480721,0.0,0.0,0.011288555240160994,0.011291470266142111,0.01519005856827666,0.01622713305985176,0.0,0.0,0.0,0.0,0.0,0.0,0.0,0.0,0.010659004232386471,0.010659067671374109
2019-09-06,0.18043523839850537,5.4130571519551606e-05,0.0,0.0,0.027688828639917645,0.05883933615922671,0.04454708934651499,0.0652575592033983,7.660901224386063e-10,1.8088246786861668e-09,0.8299173391709153,0.7396997199716624,0.006196614772290809,0.007619514584371114,0.0047807169299702934,0.004781223270482733,0.001095409110201914,0.001095434239828502,0.0,0.0,0.004170617594475684,0.004170781684287812,0.006359240393650077,0.007668373207366011,0.0,0.0,0.0,0.0,0.0,0.0,0.0,0.0,0.0061631044333301495,0.008159306869595082,0.006313570983463772,0.007902275630697479,0.006972080285951379,0.008569283662498173,0.009110585884519611,0.01653924585902945,0.007632194789207554,0.013191506742160205,0.006647666687454966,0.009309803855853829,0.006817055903622183,0.00986918978305235,0.0,0.0,0.00792624718792481,0.011501410805570685,0.008714647105438142,0.015018190067195089,0.0,0.0,0.0,0.0,0.0,0.0,0.0,0.0,0.008946990015060644,0.010807842594899046
2019-09-12,8.276981296878038e-05,2.483094389063411e-08,0.0,0.0,0.027706072131842348,0.027706248687157858,0.044472694566653384,0.04450993397716133,4.936504384694816e-10,7.655290189052618e-10,0.8297417404432367,0.829700355741759,0.00619645029440479,0.00619672725062831,0.00485799109250441,0.004858068537197759,0.0011215577973216798,0.0011215753786814543,0.0,0.0,0.0041956901864321685,0.004195739446447008,0.006378931618988641,0.006379212892818153,2.0500676617542007e-10,0.0,0.0,0.0,0.0,0.0,0.0,0.0,0.006351017892757515,0.006351435172343798,0.006264103237295218,0.006264360570209551,0.006721573772827797,0.006721721750457667,0.00936286380463015,0.009363495106501977,0.007098436837068186,0.007098551035818119,0.006657506775695097,0.006657801266205889,0.006839576095217121,0.006839867260126516,0.0,0.0,0.008082516116255154,0.008083031521087162,0.008375937847182534,0.008376075617457082,0.0,0.0,0.0,0.0,0.0,0.0,0.0,0.0,0.00957533879103001,0.00957579802241237
2019-09-20,2.6191986605803333e-08,7.857595981740999e-12,0.0,0.0,0.02768893248688729,0.02768893283800338,0.04435073683598711,0.04435073733618389,2.2449538505375763e-10,4.952863434578128e-10,0.8304388607927912,0.830438847696798,0.006182923513346062,0.006182924298300924,0.004819105123443126,0.004819105902363034,0.0011155677911934782,0.0011155690111839828,0.0,0.0,0.004207280412066071,0.0042072811914887365,0.006374251583303105,0.006374252523952869,0.0,2.0751173154638515e-10,0.0,0.0,0.0,0.0,0.0,0.0,0.006185044014152277,0.006185044805266811,0.006132309944486689,0.0061323107181751385,0.006825941508439729,0.006825942197992638,0.009112392026193556,0.009112392715296576,0.006889420692816751,0.006889421370243627,0.006670890874847767,0.006670891665669288,0.006886957278519992,0.00688695806678588,0.0,0.0,0.008147055062628732,0.008147055819274709,0.008371231785379362,0.008371232383934977,0.0,0.0,0.0,0.0,0.0,0.0,0.0,0.0,0.009601098049022235,0.009601098756287608
2019-09-27,4.8365053003871527e-08,1.4509515901161457e-11,0.0,0.0,0.027753571826562854,0.027753572174273645,0.04432683810502669,0.044326843615733504,0.0,2.2515801169134225e-10,0.832426961243046,0.8324269370605195,0.006070745369382825,0.006070746581346902,0.0046345869100054655,0.004634588095909466,0.0010589251171456444,0.0010589267644954686,0.0,0.0,0.004007579397380977,0.004007580576274025,0.006272303608427002,0.00627230504260428,0.0,0.0,0.0,0.0,0.0,0.0,0.0,0.0,0.005966495456868747,0.005966496665632624,0.005704924243387227,0.005704925438017271,0.0066618030804143046,0.00666180418373128,0.008969215891051421,0.00896921693078462,0.006948297770742661,0.006948298913181201,0.006612548849929222,0.006612550070191615,0.006876081880288929,0.006876083091473056,0.0,0.0,0.007961286605249656,0.007961287853955357,0.008469037025191502,0.008469037974965496,0.0,0.0,0.0,0.0,0.0,0.0,0.0,0.0,0.009278797619898709,0.00927879874175248
2019-09-30,3.791937798155488e-08,1.1375813394466464e-11,0.0,0.0,0.027730243620148254,0.027730243903582117,0.044280740477382154,0.04428074459581563,0.0,0.0,0.8326022791429811,0.8326022601832921,0.006084399295265502,0.006084400269563366,0.0046558860887312425,0.004655887046663088,0.0010684057802288387,0.001068407139023644,0.0,0.0,0.004074108070430367,0.004074109024654798,0.006240546964232774,0.006240548121412979,0.0,0.0,0.0,0.0,0.0,0.0,0.0,0.0,0.0059973426975623596,0.005997343670512387,0.005756745379753675,0.005756746343014534,0.006679648420339231,0.006679649307495836,0.008974923361491723,0.008974924194495216,0.006774033655983621,0.006774034559307793,0.006608430822036404,0.006608431800489349,0.006875708655329981,0.006875709626282502,0.0,0.0,0.007991891073863343,0.007991892075030711,0.008394594854410575,0.008394595610014832,0.0,0.0,0.0,0.0,0.0,0.0,0.0,0.0,0.009210071639828867,0.009210072529349071
2019-10-11,5.049564260210537e-10,1.514869278063161e-13,0.0,0.0,0.027773535963544756,0.027773535838354388,0.04439392737767277,0.044393927360569935,1.0582646408412278e-10,0.0,0.8329590253828286,0.8329590254011123,0.006109598022482706,0.006109598034438213,0.0046911591725139375,0.0046911591899603195,0.0010824994771301026,0.0010824995763188373,0.0,0.0,0.004116931559004254,0.004116931579694283,0.006297638767675789,0.0062976387821333454,0.0,0.0,0.0,0.0,0.0,0.0,0.0,0.0,0.005883956514088262,0.00588395652676638,0.005725817917133595,0.005725817930313966,0.006746582928377276,0.006746582936740731,0.008874057138969228,0.008874057142033043,0.006908745633727853,0.006908745637595407,0.006513159393771038,0.006513159404393419,0.006721114488251241,0.006721114498330261,0.0,0.0,0.007920484349343176,0.007920484357944851,0.008437307200415968,0.008437307197275402,0.0,0.0,0.0,0.0,0.0,0.0,0.0,0.0,0.008844458607242938,0.008844458606025049
2019-10-18,5.990384109054503e-10,1.7971152327163506e-13,0.0,0.0,0.027735112300206734,0.027735112117570335,0.044260292453944625,0.04426029243503716,1.9538415610381535e-10,1.0596536839236428e-10,0.8324894913836821,0.8324894914208046,0.006190003869824831,0.006190003885091719,0.0046792858427931105,0.004679285864842868,0.00107658527135687,0.0010765853652990242,0.0,0.0,0.004089480697100628,0.004089480722946745,0.006335769011591145,0.00633576902612431,0.0,0.0,0.0,0.0,0.0,0.0,0.0,0.0,0.0059461933264026625,0.005946193342566282,0.005600726469340439,0.005600726486707127,0.0067325938099582604,0.006732593821469156,0.009223417515367715,0.009223417520666317,0.006712633914928485,0.0067126339180119,0.0066864447003053785,0.006686444713738716,0.006842684844822911,0.006842684857779826,0.0,0.0,0.008299533132178303,0.008299533143123436,0.00831011683944685,0.008310116833998552,0.0,0.0,0.0,0.0,0.0,0.0,0.0,0.0,0.00878963442136469,0.008789634418256446
2019-10-25,5.772495365165012e-10,1.7317486095495035e-13,0.0,0.0,0.02770453795477432,0.02770453785611209,0.04413531881482179,0.04413531879375892,3.534956870165932e-10,1.9507412171974895e-10,0.8330520344264694,0.8330520344495962,0.006114151140318009,0.006114151154313989,0.0046143022717258265,0.0046143022927533995,0.001061007523048226,0.0010610076341314282,0.0,0.0,0.004085512602829898,0.004085512627485819,0.0062927321250627975,0.006292732140065109,0.0,0.0,0.0,0.0,0.0,0.0,0.0,0.0,0.00576103735584307,0.005761037371163228,0.005513036903232422,0.005513036919398543,0.006650381129526585,0.006650381139421407,0.00917034626126292,0.009170346264522925,0.006744751707282618,0.0067447517096813365,0.00666956645987341,0.006669566471855737,0.006879425199068952,0.006879425210402134,0.0,0.0,0.008449168977152978,0.008449168986530413,0.008287839753254578,0.008287839746629782,0.0,0.0,0.0,0.0,0.0,0.0,0.0,0.0,0.008814849040956679,0.008814849037103197
2019-11-01,4.548114427145742e-10,1.3644343281437225e-13,0.0,0.0,0.02763953409346851,0.02763953398321933,0.04389296376659873,0.04389296375625682,3.990390269369761e-10,3.5430943746290066e-10,0.8329795945250417,0.8329795945912,0.00611981716342006,0.006119817169018799,0.004574544426124583,0.004574544441012448,0.0010619628642404262,0.0010619629599987323,0.0,0.0,0.004121526266714637,0.004121526285207784,0.0061948845630055436,0.0061948845691483225,0.0,0.0,0.0,0.0,0.0,0.0,0.0,0.0,0.00572648379529793,0.005726483802986277,0.005487446555623891,0.0054874465643101646,0.006937271951606374,0.0069372719516746185,0.009171068408492708,0.009171068401076128,0.0068237670096391815,0.00682376699734431,0.006811966806598759,0.006811966808870681,0.00695183616298982,0.006951836164641633,0.0,0.0,0.0085061118438338,0.008506111842259355,0.00828044119677821,0.008280441175834688,0.0,0.0,0.0,0.0,0.0,0.0,0.0,0.0,0.00871877820148598,0.008718778181630372
2019-11-08,3.725671714246256e-10,1.1177015142738768e-13,0.0,0.0,0.0276402740915272,0.0276402740138435,0.043924712671550355,0.043924712675399026,4.473434019385384e-10,3.973005049455892e-10,0.8320971631424314,0.8320971631487295,0.006273775473242573,0.0062737754804540104,0.004648834337576231,0.004648834354173871,0.0010763052468412398,0.00107630534316436,0.0,0.0,0.004225728673727217,0.004225728693641759,0.006266624906182723,0.006266624911526271,0.0,0.0,0.0,0.0,0.0,0.0,0.0,0.0,0.00584887501614113,0.005848875025379805,0.0055538999038012744,0.005553899914082462,0.007000025036698365,0.007000025039174687,0.009405051868856323,0.009405051864478485,0.006633167160672242,0.006633167147976842,0.006836018620134772,0.006836018624465146,0.006966267904414483,0.006966267908120714,0.0,0.0,0.008548177592366516,0.008548177593080354,0.008189997203141921,0.008189997182465183,0.0,0.0,0.0,0.0,0.0,0.0,0.0,0.0,0.008865100703350583,0.008865100682543646
2019-11-15,3.8126705218519767e-10,1.143801156555593e-13,0.0,0.0,0.027689958466085397,0.027689958396102318,0.04410600723044545,0.044106007234175036,5.082600312347698e-10,4.4824040159313845e-10,0.8333514671023653,0.8333514670982562,0.0061437039792933655,0.006143703986920595,0.004558929426052309,0.004558929443268395,0.0010520128182373147,0.0010520129212918707,0.0,0.0,0.004176226067907799,0.004176226088242441,0.006113995301384143,0.006113995308943703,0.0,0.0,0.0,0.0,0.0,0.0,0.0,0.0,0.005643283475409913,0.0056432834855198975,0.005366306939794302,0.00536630695106888,0.006982165688202471,0.00698216569070837,0.008988093072566703,0.008988093068427528,0.00641355847646154,0.0064135584650535605,0.006925513209586676,0.006925513213355076,0.007032455434609032,0.007032455437817784,0.0,0.0,0.008564622938542816,0.008564622938787224,0.008062966909393643,0.008062966889284217,0.0,0.0,0.0,0.0,0.0,0.0,0.0,0.0,0.00882873295540165,0.008828732934536617
2019-11-22,3.9648029140987684e-10,1.1894408742296303e-13,0.0,0.0,0.02778609932594418,0.027786099289273457,0.044239700429497285,0.04423970043637703,6.008409631462773e-10,5.080023813854695e-10,0.833180862929293,0.833180862915863,0.006121508620905743,0.006121508628791502,0.004595811602697119,0.004595811619356694,0.0010624972663990733,0.001062497374046248,0.0,0.0,0.004224992061389158,0.004224992081030747,0.0061238438139018785,0.006123843821534121,0.0,0.0,0.0,0.0,0.0,0.0,0.0,0.0,0.00559645025222951,0.005596450262530048,0.0054225895262827,0.005422589537087753,0.006930405579297882,0.006930405582161025,0.00905696489619318,0.009056964892272739,0.006394720184261554,0.0063947201734450955,0.006958951288214006,0.00695895129194773,0.007070027105172085,0.007070027108911746,0.0,0.0,0.008489953426987608,0.008489953427439481,0.008102520525126333,0.008102520504776486,0.0,0.0,0.0,0.0,0.0,0.0,0.0,0.0,0.00864210056536668,0.008642100545152553
2019-11-29,5.814366182327846e-10,1.7443098546983537e-13,0.0,0.0,0.027746476036484145,0.02774647597267605,0.0442168820939052,0.04421688209510924,7.763299455746791e-10,6.016732209652047e-10,0.8331420654669819,0.8331420655343068,0.006087315639288609,0.006087315649306684,0.00454613239942598,0.004546132418721593,0.0010397494770143065,0.001039749595122067,0.0,0.0,0.004122962577791666,0.004122962600741638,0.006151947315448505,0.006151947326310432,0.0,0.0,0.0,0.0,0.0,0.0,0.0,0.0,0.005562436605212612,0.00556243661761997,0.005345499189453783,0.005345499202440604,0.00679063621313784,0.006790636217889683,0.009188054179490404,0.009188054175357592,0.006361214533838282,0.006361214524894893,0.007311306586570626,0.007311306590644399,0.00722951714497177,0.007229517149931505,0.0,0.0,0.008593788101657687,0.008593788103434098,0.008017135924342023,0.008017135904340287,0.0,0.0,0.0,0.0,0.0,0.0,0.0,0.0,0.008546879738654686,0.008546879719479074
2019-12-06,5.402940238313115e-10,1.6208820714939344e-13,0.0,0.0,0.027819729562765225,0.027819729501948963,0.044303102351960416,0.04430310236887048,9.274692697342577e-10,7.76631373406714e-10,0.8329395036736722,0.8329395036875692,0.006102213336218768,0.006102213347385715,0.004611235539152888,0.004611235560148055,0.0010581293948760087,0.0010581295191187104,0.0,0.0,0.0042151065175289925,0.004215106542214395,0.006157172847014138,0.006157172857649811,0.0,0.0,0.0,0.0,0.0,0.0,0.0,0.0,0.005720568164019694,0.005720568177108136,0.005527764594092819,0.00552776460769556,0.006698101671142583,0.00669810167724282,0.008985029099010227,0.008985029095568508,0.006440227484490812,0.0064402274732789175,0.007022253358898425,0.0070222533651177,0.007117569612451481,0.0071175696185210805,0.0,0.0,0.008580864760898949,0.008580864763432805,0.008159711828854374,0.00815971180671404,0.0,0.0,0.0,0.0,0.0,0.0,0.0,0.0,0.00854171527548281,0.008541715253783992
2019-12-13,6.224048061325866e-10,1.8672144183977595e-13,0.0,0.0,0.027749933825553148,0.02774993374763901,0.04424168991271382,0.04424168993080057,1.0984651953039291e-09,9.268158475207953e-10,0.8327837317665113,0.8327837318089844,0.0061119592529219864,0.006111959264421741,0.0046572277457002246,0.004657227767296076,0.0010701206531675504,0.0010701207841911132,0.0,0.0,0.004235431270494507,0.004235431296216009,0.006224755638158334,0.006224755649598448,0.0,0.0,0.0,0.0,0.0,0.0,0.0,0.0,0.005704516378496108,0.005704516392157569,0.005487174506180705,0.005487174520566119,0.006591871787300722,0.006591871793751325,0.009232168022464337,0.009232168018518531,0.006338273450318284,0.00633827343909122,0.007058959608339874,0.007058959614644916,0.007213618725383196,0.007213618731369279,0.0,0.0,0.008614036986245528,0.008614036988818912,0.008102959593745825,0.008102959570390169,0.0,0.0,0.0,0.0,0.0,0.0,0.0,0.0,0.008581569777839504,0.008581569754729252
2019-12-20,6.822915134963204e-10,2.046874540488961e-13,0.0,0.0,0.02767681326559526,0.027676813186272322,0.04401886184985595,0.044018861858257916,1.2982501826001504e-09,1.0942376484590089e-09,0.8309798569556377,0.8309798570189567,0.006301510034828447,0.0063015100477576275,0.00486606411472951,0.004866064137337433,0.0011257750011583875,0.0011257751365778622,0.0,0.0,0.004395299382128972,0.004395299409191985,0.006380263500159274,0.006380263514108992,0.0,0.0,0.0,0.0,0.0,0.0,0.0,0.0,0.0061479261272494885,0.006147926141127685,0.005665286711038521,0.005665286726691086,0.006651680260090328,0.006651680268095131,0.009442051228911846,0.009442051225972423,0.006351924348462664,0.006351924339007272,0.007130310596134043,0.007130310604114285,0.007208810946188606,0.007208810953888833,0.0,0.0,0.00858406758519832,0.008584067589437793,0.008062424004479178,0.00806242398177425,0.0,0.0,0.0,0.0,0.0,0.0,0.0,0.0,0.00901107278990327,0.00901107276719277
2019-12-27,6.988325631383532e-10,2.0964976894150596e-13,0.0,0.0,0.027787586551647727,0.027787586529575588,0.04430524716802581,0.04430524718582215,1.5851821444913102e-09,1.2974077569150555e-09,0.8297273408874631,0.8297273409027557,0.006290325218534418,0.006290325236189193,0.0048263162770626885,0.004826316303785533,0.001120345737797964,0.0011203458765727684,0.0,0.0,0.004391495454360725,0.004391495484992925,0.006345114833428072,0.006345114849543686,0.0,0.0,0.0,0.0,0.0,0.0,0.0,0.0,0.006228168754753201,0.006228168772955827,0.005565253058984374,0.005565253079155464,0.006545743132481744,0.006545743145148911,0.009490474154318118,0.00949047415567033,0.0066762579327061785,0.006676257927401885,0.00725745716672908,0.007257457179464875,0.0073115983341991205,0.007311598346308027,0.0,0.0,0.008605150537149667,0.008605150546338952,0.008195204788622621,0.00819520477071783,0.0,0.0,0.0,0.0,0.0,0.0,0.0,0.0,0.009330918426553333,0.009330918410192587
2020-01-03,0.0009830745582642764,2.949223674792829e-07,0.0,0.0,0.027712382517773908,0.02771238208053145,0.04417943251036273,0.04417943254939215,0.0004915374463235863,1.5805873482490191e-09,0.8281295583291536,0.8286210915723397,0.006477986482602823,0.006477986803063039,0.004956807916328122,0.00495680831227262,0.001144909537589103,0.0011449102472008757,0.0,0.0,0.004482021254679842,0.004482021685328396,0.006512615051846656,0.006512615248503214,4.036118493549973e-10,0.0,0.0,0.0,0.0,0.0,0.0,0.0,0.006468936729690265,0.006468937051306996,0.005679701620707812,0.0056797019584055464,0.006809959208945804,0.006809959470221429,0.00959461980146877,0.009594619945495398,0.006610971127537199,0.006610971204976356,0.007343789330253511,0.007343789608172358,0.007335329256422263,0.007335329525313574,4.403065801658706e-10,0.0,0.008580799886844436,0.008580800141573613,0.008220793904968115,0.008220793809519221,0.0,0.0,0.0,0.0,0.0,0.0,0.0,0.0,0.009267847242582911,0.009267847205796952
2020-01-10,0.022120170752979118,6.636051225893735e-06,0.0,0.0,0.02920185263146265,0.02772181812013372,0.04416564453775974,0.044165642524948055,0.010071413768875414,0.000491372549302924,0.8165483734804448,0.8276084588569343,0.006483549692210266,0.006483549569662229,0.005072956314426429,0.005072956225086871,0.0011795368500793811,0.001179536756661062,0.0,0.0,0.0046638297243922185,0.004663829650999271,0.00652626737955104,0.006526267229025349,2.3543229758648185e-09,4.0551556169977637e-10,0.0,0.0,0.0,0.0,0.0,0.0,0.006380414989146485,0.006380414872084616,0.005870915005736705,0.005870914858843956,0.0069854139743712835,0.006985413718464137,0.009539242676946056,0.009539242195273977,0.006609795668678405,0.00660979536304916,0.007393603008687421,0.0073936028380453,0.007284446678221173,0.007284446484147051,2.71382123079172e-09,4.3773206180960077e-10,0.008554249673006737,0.0085542494964312,0.00830262120418734,0.008302620620996267,0.0,0.0,0.0,0.0,0.0,0.0,0.0,0.0,0.009165867673672225,0.009165867226662796
2020-01-17,6.131466580539892e-05,1.8394399741619674e-08,0.0,0.0,0.029238429491361278,0.02920794390042969,0.044265985343275756,0.04426598549917307,0.010081593386848504,0.010081425279757611,0.8166147317358381,0.8166453855482053,0.006462187174746318,0.006462187448948922,0.005103223277108267,0.005103223683730023,0.0011900420594502749,0.0011900430622987243,0.0,0.0,0.00470501249229562,0.00470501295520488,0.006530239528443332,0.006530239173869396,3.1991138398805955e-09,2.6104866792789105e-09,0.0,0.0,0.0,0.0,0.0,0.0,0.006316236849673154,0.006316237138542424,0.005853799500954833,0.00585379978512882,0.00703199163476887,0.007031991765111876,0.009590378345726971,0.009590378229367036,0.0065398952502638335,0.006539894833006041,0.007423979218075358,0.007423979405545435,0.007322733977788482,0.007322734141618244,3.5146315548165345e-09,2.692889640187021e-09,0.008520094291342775,0.008520094454712928,0.008294347250419675,0.008294346547379728,0.0,0.0,0.0,0.0,0.0,0.0,0.0,0.0,0.008915092477873102,0.008915091844593732
2020-01-23,0.02687424560999105,8.062273682997314e-06,0.0,0.0,0.04162515407086461,0.029333003217551903,0.04447761871883939,0.04447761865456499,0.011226263936695902,0.010081292258833028,0.8032826123236233,0.8167197348657395,0.006416575905613026,0.0064165759002469324,0.005135301216263336,0.0051353012121839675,0.0011956646380945188,0.0011956646381147287,0.0,0.0,0.004859512691092265,0.004859512687954424,0.006354322268540048,0.006354322262745223,3.43529737157007e-09,3.5679805235333133e-09,0.0,0.0,0.0,0.0,0.0,0.0,0.006368141501538828,0.00636814149687832,0.005902032954253571,0.0059020329451596985,0.006787792412032761,0.006787792393920448,0.009462849846204876,0.009462849810272097,0.006484071159193312,0.006484071140842992,0.007520068724871544,0.007520068716673972,0.007408088800887515,0.00740808878875013,3.382524395121859e-09,3.5127004183016765e-09,0.008538386116293498,0.008538386107865174,0.008292223789802034,0.008292223747326728,0.0,0.0,0.0,0.0,0.0,0.0,0.0,0.0,0.008663312107473854,0.008663312073694833
2020-02-07,0.26987241556882063,8.096172467064619e-05,0.0,0.0,0.11301691681501919,0.0420174400055594,0.06620690424623932,0.04512769401512884,0.054155212344444904,0.011297692303154727,0.669531225324874,0.8044674328708271,0.006073643289511728,0.006073643260202783,0.004861118232778133,0.004861118202308095,0.0011193122346151443,0.0011193122927056333,0.0,0.0,0.004892251321239135,0.004892251291544002,0.005870479401977855,0.0058704794451518464,3.2046497363043094e-09,3.276004716596198e-09,0.0,0.0,0.0,0.0,0.0,0.0,0.005712519076895717,0.0057125190467788335,0.005640125672537016,0.005640125639910122,0.006429234735865146,0.006429234692964444,0.009271660691461596,0.009271660561030499,0.006517027774655611,0.006517027736161865,0.00786513804101652,0.007865138004541496,0.007497608009839747,0.007497607967620192,3.3432083143492207e-09,3.4090458496868797e-09,0.008580770313417993,0.00858077027680665,0.008405760372911514,0.008405760223536632,0.0,0.0,0.0,0.0,0.0,0.0,0.0,0.0,0.008353085552841815,0.008353085479015985
2020-02-14,1.8209482094426746e-08,5.4628446283280235e-12,0.0,0.0,0.11283671435993402,0.11283671263483779,0.0661945816479968,0.06619457939405032,0.054044851214240866,0.05404484752896944,0.6676624264554526,0.6676624354043179,0.006137717978563237,0.0061377179313481965,0.004973781489355318,0.00497378146497631,0.0011597672704693213,0.0011597673631193503,0.0,0.0,0.005024105918017889,0.005024105893078898,0.0059503582265741485,0.0059503581614027716,3.449295131062822e-09,3.512520868968502e-09,0.0,0.0,0.0,0.0,0.0,0.0,0.0057505612751373916,0.0057505612331285585,0.005799103475154725,0.005799103430569049,0.006595841169896482,0.0065958410994482845,0.009323023474969586,0.009323023265136012,0.006482528679022796,0.006482528538887729,0.008936829759840057,0.008936829695657112,0.008054530169474276,0.00805453008934417,3.396645999232227e-09,3.3240145152524203e-09,0.00860841367543252,0.008608413594724596,0.008472715285293694,0.008472715023243644,0.0,0.0,0.0,0.0,0.0,0.0,0.0,0.0,0.007992141629233108,0.007992141417224503
2020-02-21,1.2881110744812295e-09,3.864333223443688e-13,0.0,0.0,0.11229028727470537,0.11229028721727186,0.06569995129116107,0.0656999511351807,0.054188690262222707,0.054188690063650354,0.6664678259074659,0.6664678259915149,0.006404929152891495,0.006404929159991447,0.005233871122172103,0.00523387114183079,0.0012462487951477963,0.001246249032004956,0.0,0.0,0.005308157583878607,0.005308157602759621,0.006159823471647354,0.006159823459966967,3.768407414634092e-09,3.917269598656898e-09,0.0,0.0,0.0,0.0,0.0,0.0,0.0065402025547741695,0.00654020256168606,0.00632775686554541,0.0063277568726860115,0.006927926347682281,0.00692792634643414,0.009296553022044152,0.009296552982426286,0.006750554986617411,0.006750554955563859,0.008256337763290055,0.008256337760537795,0.007657139872865287,0.007657139868079259,3.1877206110946907e-09,3.3023156181104194e-09,0.008566725012591642,0.008566725004713583,0.008657670236016489,0.008657670161584807,0.0,0.0,0.0,0.0,0.0,0.0,0.0,0.0,0.008019341521152561,0.008019341462531185
2020-02-28,1.3992254832097603e-09,4.1976764496292803e-13,0.0,0.0,0.11277511509893395,0.11277511510503865,0.06620399925352047,0.06620399917380018,0.054501475862726724,0.05450147551132069,0.6674817988575815,0.6674817990863249,0.0063175431986319435,0.006317543202384895,0.005267364777034445,0.005267364794502439,0.0012645566703080834,0.001264556867866736,0.0,0.0,0.005328045463368349,0.005328045480673315,0.0061027014091167295,0.006102701398178069,3.525610664717898e-09,3.6492268152010316e-09,0.0,0.0,0.0,0.0,0.0,0.0,0.006466367582424798,0.0064663675854908275,0.006377343560196243,0.006377343563218883,0.006842379376977963,0.006842379371015911,0.008976025235498153,0.008976025191300042,0.006778887397685981,0.006778887352936519,0.007665004031828309,0.007665004023758256,0.007184556515237819,0.007184556508388175,2.9506576112496806e-09,3.0496328586726446e-09,0.00819295897434192,0.008192958962033162,0.008895742226594118,0.008895742155415543,0.0,0.0,0.0,0.0,0.0,0.0,0.0,0.0,0.007378128031724304,0.007378127967493147
2020-03-06,0.019869165251077257,5.9607495753231764e-06,0.0,0.0,0.10322179809997759,0.11315635740294822,0.06659273958578589,0.06659274107595255,0.05453481850568296,0.054534819235891624,0.6770106693730368,0.6670760867474983,0.006510917656974274,0.0065109192141407585,0.005302497365926247,0.005302498721729634,0.0012866561252063786,0.001286657290976,0.0,0.0,0.005347689003651701,0.005347690393013722,0.006233031857212289,0.0062330333681778335,2.5852837718618335e-09,3.282093526690348e-09,0.0,0.0,0.0,0.0,0.0,0.0,0.006784119354258735,0.006784121039330593,0.006414562620507732,0.006414564121026491,0.007264384746562741,0.007264386262110241,0.008954477709884591,0.008954478331545774,0.006304012833535665,0.0063040140210962724,0.007383791663984391,0.007383793284161602,0.007053894324902801,0.007053895815733315,2.3119782677869524e-09,2.8838113316865494e-09,0.007772889321724128,0.007772890847089719,0.008745966807450536,0.008745967616398606,0.0,0.0,0.0,0.0,0.0,0.0,0.0,0.0,0.007281078146472491,0.007281079045274151
2020-03-13,0.009482237426287307,2.8446712278861917e-06,0.0,0.0,0.09976734159085683,0.1045083916569364,0.06771903003594591,0.06771903018022128,0.05468323566107891,0.054683293265837055,0.6864789628191719,0.6817378441060283,0.00615993365492877,0.006159934378226932,0.005080377618473202,0.005080378279623371,0.0012227022347517504,0.0012227027986822924,0.0,0.0,0.005001704950988685,0.005001705624387028,0.006007570898162949,0.006007571584426459,1.9542111540505487e-09,2.444460579157329e-09,0.0,0.0,0.0,0.0,0.0,0.0,0.0063166027311109514,0.006316603463272129,0.006205846229448924,0.006205846934013149,0.006863784929449277,0.00686378566957712,0.00824106838815988,0.008241068779627233,0.00613562124665668,0.006135621839595093,0.006655045100532034,0.006655045878772891,0.0064041163135384015,0.006404117058019617,1.6246811816820293e-09,2.1024534435339595e-09,0.006956576718922238,0.006956577508192219,0.008795344815973384,0.008795345302280275,0.0,0.0,0.0,0.0,0.0,0.0,0.0,0.0,0.005305130482956928,0.005305131145367251
2020-03-20,0.07136494979731466,2.1409484939194396e-05,0.0,0.0,0.08666220768939067,0.09982387949590416,0.0523835527420301,0.06750136539340229,0.047495313979166676,0.054898273204846415,0.729728813707956,0.6940463388092986,0.00567036904926383,0.005670371481065264,0.004829529145465046,0.0048295310795093095,0.001159461617579747,0.0011594630339322334,0.0,0.0,0.004680444165178352,0.0046804461364445315,0.005614195832075872,0.005614198207077423,1.3850626903267717e-09,1.9276386360877127e-09,0.0,0.0,0.0,0.0,0.0,0.0,0.005866828153060652,0.00586683047231509,0.005855189279242074,0.005855191529996702,0.006352440823313266,0.006352443321819062,0.0076109076982571865,0.007610908618808136,0.004916875119099179,0.004916876635864749,0.006282667969369266,0.00628267068256769,0.005915452274041458,0.005915454607869952,9.504102843271994e-10,1.4574856505384786e-09,0.005681787841402392,0.005681790345298291,0.008159612475524259,0.008159613869706627,0.0,0.0,0.0,0.0,0.0,0.0,0.0,0.0,0.005134348103111008,0.005134349689149085
2020-03-27,0.035250155330059416,1.0575046599017823e-05,0.0,0.0,0.07214269979017207,0.087014610379942,0.04992889568752781,0.05254652481113742,0.047320590731767545,0.04745581355258607,0.7438126740304672,0.7261875963654376,0.005777972491676614,0.005777994950660169,0.004780087081682059,0.004780099586379824,0.001151975029007333,0.001151979740899712,0.0,0.0,0.004728051276012251,0.004728064756573175,0.005658294069740189,0.005658312367523501,7.926263269228362e-10,1.2471316025750959e-09,0.0,0.0,0.0,0.0,0.0,0.0,0.005787377703169882,0.005787395171681639,0.0056699288564966656,0.00566994404605393,0.006654856696896819,0.006654887090862564,0.008064658263040822,0.008064666935881261,0.00521495479775917,0.005214965705197487,0.006784910667351706,0.006784968074354791,0.006106882124451793,0.006106908472846713,6.022982061633047e-10,1.0119286764670195e-09,0.006076991422212092,0.006077025416856281,0.00875534396138254,0.008755368956445091,0.0,0.0,0.0,0.0,0.0,0.0,0.0,0.0,0.005582853924260782,0.005582871359620564
2020-04-03,0.02322166244504919,6.966498733514756e-06,0.0,0.0,0.07240359943445476,0.07240360234592606,0.04996023134504967,0.04996023607236992,0.0362430395333335,0.04785379084424312,0.7542899712224902,0.7426791399999656,0.0058297927046364675,0.005829797836738679,0.004779691989725517,0.004779695877313174,0.0011371988469456096,0.0011372017229854701,0.0,0.0,0.004696280330739893,0.0046962843294776355,0.0056383407140193085,0.005638345703305904,3.764982991471992e-10,8.30748270166861e-10,0.0,0.0,0.0,0.0,0.0,0.0,0.005813653912652014,0.0058136584240769985,0.005666704846228182,0.005666709004440376,0.006933654002499613,0.00693366034829029,0.00798811997825902,0.007988122811165742,0.0051751932184223555,0.0051751968784031046,0.006682708963725531,0.006682715962811893,0.006022886313301526,0.0060228916594616145,1.6016895753991047e-10,6.075068821719471e-10,0.006250355202971843,0.006250361591649258,0.008668009116082226,0.008668014357538823,0.0,0.0,0.0,0.0,0.0,0.0,0.0,0.0,0.005820567787795349,0.00582057279158102
2020-04-10,0.0489887806150879,1.4696634184526369e-05,0.0,0.0,0.05403212227639544,0.07283116607341845,0.04752218950343382,0.04999586960373976,0.033027798303021993,0.0362258750457231,0.7759111407752032,0.7514167509448652,0.005887561154013666,0.0058878066104596765,0.004901631052695564,0.004901715057484367,0.0011810675501254197,0.001181083117029924,0.0,0.0,0.00487162267539209,0.004871715699670913,0.00567963972513182,0.005679780078062828,3.099489094472349e-10,3.785686036758486e-10,0.0,0.0,0.0,0.0,0.0,0.0,0.0058628571766380306,0.005862997977863007,0.005907465346690726,0.005907615877783378,0.007120199380422928,0.007122443249379481,0.008260242758870245,0.008260312361459077,0.005496805055280553,0.005496886473533918,0.00688859401822053,0.0069032787007112725,0.00636154097561049,0.006362175789169418,2.6780490546196567e-10,1.6725442148718602e-10,0.006579895139410866,0.006584204454784225,0.008891486306725746,0.008892063317631647,1.9468713189205707e-10,0.0,0.0,0.0,1.8196842334227182e-10,0.0,0.0,0.0,0.005616139872307605,0.005616259021407235
2020-04-17,0.017560978592466282,5.268293577739884e-06,0.0,0.0,0.050629192188566804,0.05416523336485615,0.0461015292301258,0.04763290660051561,0.02964240899164381,0.03286930541713563,0.7841076030667103,0.7753271155149012,0.0058949919990807535,0.0058953966383191985,0.0048895698618030645,0.00488967836555552,0.0011656881867461114,0.0011657070168262628,0.0,0.0,0.004894247030941362,0.00489437341373865,0.005626927065571001,0.005627112649537509,5.97472351231256e-10,3.0169791229377887e-10,0.0,0.0,0.0,0.0,0.0,0.0,0.005856495416629913,0.0058567004868452545,0.005871660202201329,0.005871865739282651,0.007074945048039653,0.007088025380845051,0.008214807916007715,0.008214894894246177,0.00561775016609517,0.005617863683084782,0.006746759184324804,0.007162685291108478,0.006428487324885073,0.006430472795963802,5.644804548143798e-10,2.704797415535609e-10,0.006553480777153828,0.0066035930911164265,0.009073365105207624,0.009076826442772643,6.524741557981645e-10,1.983861180626218e-10,0.0,0.0,8.786357839650309e-10,1.780751490387197e-10,0.0,0.0,0.0056100885452030165,0.005610242264710337
2020-04-24,0.04565479204342056,1.3696437613026166e-05,0.0,0.0,0.04415991196892184,0.050914621393638816,0.03658578496771386,0.04621226820451277,0.026082073293806116,0.02958626645825642,0.8064169953886409,0.7835895994800277,0.005943947008164353,0.0059469155360598325,0.004932360824688361,0.004932476801768933,0.0011833707683551625,0.0011833801619842938,0.0,0.0,0.0049374992986591796,0.00493764411695948,0.005591020742814692,0.005591300714014391,3.5192772829874023e-10,6.000360564368914e-10,0.0,0.0,0.0,0.0,0.0,0.0,0.0057215660167919905,0.005721821321530947,0.006026803650083267,0.006027553084075016,0.006485661182919206,0.007336833811568773,0.00818845887144065,0.008188619164546891,0.0054706446560226635,0.00547075487915508,0.006110744478151064,0.006834346505435775,0.006193499480864229,0.006422328906848979,3.450423931357491e-10,5.664049990485898e-10,0.005983159404370559,0.006501683247512236,0.008471823110675873,0.009086544789183448,3.912295985945826e-10,6.601480976036491e-10,1.1309724219518236e-10,0.0,4.97454143299937e-10,8.787065286757831e-10,0.0,0.0,0.005514673188164976,0.0055150387176243
2020-04-30,0.014013686371456693,4.204105911437007e-06,0.0,0.0,0.04221544978969268,0.04430244759467755,0.036160262728612835,0.036683063589879585,0.023162026967135433,0.02638086024775879,0.8121862570830582,0.80517941389733,0.005978444168666211,0.005979381951776478,0.00480644904418874,0.004806466077471785,0.0011376430482773101,0.0011376451711617136,0.0,0.0,0.0049320327796717805,0.0049320573994306935,0.005598200843165455,0.005598251201180915,2.1177281084273193e-10,3.4646275647562686e-10,0.0,0.0,0.0,0.0,0.0,0.0,0.0056816131563156074,0.005681653578359975,0.005789820240825944,0.00578987927325458,0.0064202504905387274,0.006487049766773564,0.008394660797256686,0.008394713248124184,0.005394827636360368,0.005394845159822834,0.006033199082142193,0.006520667912470625,0.00612221709032312,0.0063817990234998866,2.148177860239268e-10,3.5985431144454006e-10,0.005911977884960763,0.006175640475163391,0.008345230627332252,0.008444577687404083,2.3804950097707356e-10,3.9416938159435653e-10,0.0,1.1335124194320412e-10,3.039695691740305e-10,4.883995731856546e-10,0.0,0.0,0.005729435572865853,0.005729585042222223
2020-05-08,0.01000090215169979,3.0002706455099367e-06,0.0,0.0,0.036868487951913685,0.04186530421125932,0.03581912320601773,0.03581920275203317,0.02310658780536127,0.02310666569851901,0.816837966202173,0.8118375155386314,0.006066540692294408,0.006066877527467865,0.004993379658421965,0.004993470353723854,0.001185218361264774,0.0011852325360261376,0.0,0.0,0.005112392738128813,0.005112507067013782,0.005688824481401465,0.005688981002853511,2.4475044595940866e-10,2.3790369987861793e-10,0.0,0.0,0.0,0.0,0.0,0.0,0.0057812868900717984,0.005781427972797849,0.006063393462301325,0.006063607457813666,0.00654382554345973,0.0065442365675705905,0.008217464512848272,0.00821757950308039,0.005383131522278213,0.005383204594891756,0.006131516812747627,0.006132009712079557,0.006091751680364541,0.00609212055093994,2.3985720321681e-10,2.1152070845545824e-10,0.005867022721131897,0.005867383886589047,0.008316157556677294,0.00831641479396203,3.1447966606700084e-10,2.405585423149735e-10,2.3126345279309153e-10,0.0,3.785606711109281e-10,3.066202080339249e-10,0.0,0.0,0.005925926792230796,0.005926257276144037
2020-05-15,0.00017464291893265593,5.2392875679796775e-08,0.0,0.0,0.03684680552139461,0.03684682595725377,0.035486227151298344,0.0355727041902288,0.023006266806706113,0.02300632964689531,0.8176111477172798,0.8175238262578135,0.006084368535184492,0.006084444438613924,0.005052135144751226,0.005052166807955099,0.0012013195427670238,0.0012013268215769978,0.0,0.0,0.005142148600440326,0.005142185549919326,0.005649240726919421,0.005649284296248088,2.4306307846410025e-10,2.479249336348109e-10,0.0,0.0,0.0,0.0,0.0,0.0,0.005752854025343508,0.005752895101511217,0.006146303641185503,0.006146362399739664,0.006544360672036753,0.006544444705099723,0.00815363337871377,0.00815366359362254,0.005578613191967357,0.005578641794251946,0.005811782165048316,0.005811846959647578,0.005967316372829357,0.0059673844156641915,2.346720268320232e-10,2.409661409433919e-10,0.005722531065017898,0.005722597147151044,0.008448975273999829,0.008449035564192898,2.64081681065617e-10,3.1354646270949944e-10,2.3106186034994534e-10,2.339604107211616e-10,2.952857546763123e-10,3.7039063694319867e-10,0.0,0.0,0.005793969198951973,0.005794032945825847
2020-05-22,0.000783866026342999,2.3515980790289968e-07,0.0,0.0,0.03655158495723386,0.0365517293331528,0.03507319189236066,0.03546017671016454,0.023010383458013203,0.023010466749119877,0.8167866333659245,0.8163947025723928,0.006042608587638521,0.006042950223007655,0.004983271954483514,0.004983357157796384,0.00118675068617968,0.0011867665900026992,0.0,0.0,0.005092880864987291,0.005092987565676053,0.005590764438546605,0.005590893590266583,6.63608171039381e-10,2.402611052637057e-10,0.0,0.0,0.0,0.0,0.0,0.0,0.0056693974857994775,0.00566951488279293,0.006011247355627401,0.006011436520553401,0.0065872740086557,0.006587772786703334,0.008309889062828847,0.008309983527685085,0.006029292275939112,0.006029418268369303,0.006013793340712124,0.006014249472720284,0.006225327796417305,0.006225987363943557,6.411976363642689e-10,2.3994127175629627e-10,0.006084699833258542,0.006085572825530752,0.008632684338631654,0.008633019540764926,7.166305270336603e-10,2.7192262722842585e-10,6.997988167082134e-10,2.3751696123295843e-10,7.875549036768313e-10,2.995083175628794e-10,0.0,0.0,0.00611832078797207,0.0061190130302069
2020-05-29,0.00206694424031732,6.20083272095196e-07,0.0,0.0,0.035954318033324544,0.036407657882339454,0.035098997854852515,0.035099333705143176,0.022834352670291134,0.02283860762256108,0.8180768102517728,0.8170433381316142,0.005964292997879917,0.005964361631778428,0.004924619037162297,0.004924628270339118,0.0011806519952976741,0.0011806533934995117,0.0,0.0,0.004997692141032764,0.004997703911171744,0.005575232162682394,0.0055752483798532215,4.448989010990901e-10,6.359512829231822e-10,0.0,0.0,0.0,0.0,0.0,0.0,0.005578250017798036,0.005578263460513397,0.005887645081838673,0.005887669007297026,0.0065040500800607,0.006504191653096148,0.007958047911482182,0.007958056086629141,0.006163702752181908,0.006163723173782539,0.006034401134348102,0.0060346475328467266,0.00633146432541705,0.006463387914005855,4.711110451390477e-10,6.860954307104713e-10,0.00611812704538643,0.0064849501932160445,0.008618052205243943,0.008618155560735042,4.872957831110761e-10,7.065711931600088e-10,4.798137806277472e-10,6.948397411605704e-10,5.647724850307662e-10,8.034072319021814e-10,0.0,0.0,0.006199289854054941,0.006275418962713403
2020-06-05,0.09668739211627426,2.9006217634882277e-05,0.0,0.0,0.016868535888963507,0.03551421919347135,0.0228214281039657,0.03454549179996974,0.014433958906372727,0.022659498622227887,0.8654291526803929,0.8170854568601893,0.005457077835107082,0.006156078743046548,0.005116309710923828,0.005119846752236756,0.001236479355044993,0.0012365057799985672,0.0,0.0,0.00520090427774401,0.005219008515808724,0.005615739247932253,0.00568916744479129,4.306436448681531e-10,4.609179732800483e-10,0.0,0.0,0.0,0.0,0.0,0.0,0.0056194167938931165,0.005679605434715091,0.005714338000050548,0.005966101694095276,0.005728241597069897,0.006737463189948794,0.007171760384673803,0.008334427449505763,0.005670862473763577,0.0061392707172447086,0.005320111481544666,0.0061281871395461335,0.005389073703082605,0.0064051454543971546,4.786994732986389e-10,4.839326022214136e-10,0.005255294040740266,0.006553882910907679,0.0067139818577204155,0.008508845321949806,4.548038381683904e-10,4.956759510968355e-10,4.453957451861634e-10,4.796462273586669e-10,3.8420164059239847e-10,5.732035049787799e-10,2.3793361198365493e-10,0.0,0.0052373312293362735,0.006321794482573153
2020-06-12,3.965708892643725e-06,1.1897126677931174e-09,0.0,0.0,0.01686560571208804,0.016865743576102283,0.022942421598903452,0.022942440656526307,0.014422080673273307,0.014422291003416462,0.8646555064323177,0.8646535235778714,0.005482030288682365,0.0054821203243144365,0.00513889972660996,0.005138947128307532,0.0012365699224563035,0.001236573917263946,0.0,0.0,0.005309941222377531,0.005310023125454385,0.00554972418868568,0.005549788231004908,2.714597935991027e-10,4.328465195394979e-10,0.0,0.0,0.0,0.0,0.0,0.0,0.005618732431077187,0.00561881038919459,0.005693533283842956,0.005693605527672861,0.005708153855227173,0.005708228242648221,0.007215391062407947,0.007215486189201657,0.005725633199399811,0.0057257203594571855,0.005445429149282284,0.0054455444422229,0.005419010523418271,0.005419102798969566,2.954081729362675e-10,4.785795767959678e-10,0.005208815349387408,0.005208892366265712,0.006767414721214147,0.006767481543301888,2.7902098652799804e-10,4.655977851732649e-10,2.7051786483427283e-10,4.4917225979236515e-10,2.3443092059261907e-10,3.7868242240789377e-10,1.598868314932988e-10,2.376521210138994e-10,0.005595105148623935,0.005595674158273143
2020-06-19,2.2157679538985467e-06,6.647303861695639e-10,0.0,0.0,0.016742002146317637,0.01674209897696613,0.022788947281618597,0.022788963239656367,0.014513913899710811,0.014514000211850049,0.8645896181442324,0.8645885102602554,0.005548410872660019,0.005548481349861819,0.005280369960676527,0.005280424900262055,0.0012641337551687404,0.0012641420908181243,0.0,0.0,0.005495800909498826,0.005495877784883308,0.005634287343812059,0.0056343487192481966,1.0313460156492037e-10,2.703689365560929e-10,0.0,0.0,0.0,0.0,0.0,0.0,0.005695131456139243,0.005695197397954337,0.005656484917977975,0.0056565412715158725,0.005801936109142721,0.005802001626741689,0.007155293612562418,0.007155351486058607,0.0055730528381928825,0.005573106718656435,0.0054657320643484684,0.005465804593239224,0.005354590176878565,0.005354651200496467,1.0994266488363918e-10,2.9116850377235085e-10,0.005206855913364798,0.0052069169209806735,0.006731553610906794,0.00673160608129235,1.0419452100015795e-10,2.8128051480735393e-10,1.0156117864156447e-10,2.7074312608341744e-10,0.0,2.360331520402562e-10,0.0,1.6739033967373196e-10,0.005501884567957514,0.0055019736522781805
2020-06-24,0.0006158483058824168,1.8475449176472503e-07,0.0,0.0,0.01633806632907103,0.01664439950047024,0.022659783305252593,0.022659792312692113,0.014469330012932281,0.014469356248393359,0.8638928924862088,0.8635849688488741,0.005644424626725691,0.005644516635064103,0.005333166161851809,0.005333211253920182,0.0012828763270407812,0.0012828799148065647,0.0,0.0,0.005771740672095714,0.005772142194249721,0.00557303533264921,0.005573079959548223,1.7043214948581956e-10,1.0857582892449072e-10,0.0,0.0,0.0,0.0,0.0,0.0,0.006092301039718254,0.0060926817349677784,0.005768435161444095,0.005768490509891072,0.005986733922752107,0.005986825567108287,0.007256405258188755,0.007256451522170152,0.005634830511663698,0.0056348785335353455,0.005521330968199667,0.005521419327379886,0.0053638951249867246,0.005363945938240557,1.6930874259939313e-10,1.1106162812029314e-10,0.005165652303769557,0.00516569887851744,0.006804314403733514,0.006804360264898878,1.7731943131758765e-10,1.0549312719520517e-10,1.7548914931185107e-10,1.0180719549958971e-10,1.2833358503581132e-10,0.0,1.2166127552693076e-10,0.0,0.0054407851091714775,0.005440900428334247
2020-07-03,1.0617066304242462e-08,3.1851198912727385e-12,0.0,0.0,0.016415331191681065,0.01641533127935775,0.02274443414336806,0.022744434214104495,0.01436779872110819,0.014367798783110713,0.8619899445447353,0.8619899392362023,0.00595974281499946,0.005959743067794396,0.0054948878477530175,0.005494888104011911,0.0013152024983307004,0.0013152030448339137,0.0,0.0,0.005863989303038958,0.005863989557623761,0.005783387730544085,0.005783388102031157,0.0,1.8046934449225591e-10,0.0,0.0,0.0,0.0,0.0,0.0,0.006714138114943563,0.00671413836018963,0.005899489753171587,0.005899489994374277,0.006422582578716254,0.0064225828181493855,0.0073310723512345416,0.0073310725516689355,0.00567463591057707,0.0056746361606071416,0.005581184797351974,0.005581185056431192,0.005331782156547356,0.005331782417129586,0.0,1.6586589214166212e-10,0.005187197584274319,0.005187197850873724,0.006823284667584522,0.006823284875110637,0.0,1.8070179507513953e-10,0.0,1.762832820447759e-10,0.0,1.3166355079712752e-10,0.0,1.2666949135200688e-10,0.005099913290040006,0.005099913564742013
2020-07-10,4.2040677124439985e-10,1.2612203137331994e-13,0.0,0.0,0.016114737275433486,0.01611473725736213,0.022153311886820536,0.022153311770396224,0.014249798998805189,0.014249798978853232,0.8566640755169328,0.8566640754736602,0.00659861044840939,0.006598610459576556,0.006126350618449147,0.006126350630126492,0.0014724948003095244,0.0014724948852128893,0.0,0.0,0.006626524974073447,0.0066265249848087345,0.006260168547231328,0.006260168561080053,0.0,0.0,0.0,0.0,0.0,0.0,0.0,0.0,0.008125762296472284,0.008125762306549664,0.007192310987747201,0.007192310997077726,0.006908523199653676,0.00690852320779773,0.007590403394323536,0.007590403398282966,0.005852052826884655,0.005852052826406919,0.005680400154936377,0.005680400167663248,0.005302782810983378,0.00530278282460426,0.0,0.0,0.005206123253587884,0.005206123267916055,0.006864844980729374,0.006864844968724037,0.0,0.0,0.0,0.0,0.0,0.0,0.0,0.0,0.005010723028216701,0.005010723033900965
2020-07-17,0.07465493694621037,2.239648108386311e-05,1.884366515599428e-10,0.0,0.027457520784429926,0.01630297669025823,0.04836720696241029,0.02244324196230424,0.014554363762828133,0.014305406636036503,0.8221900695350081,0.8595175380081133,0.006184939039918758,0.006184939000788538,0.005806811540473834,0.005806811499748735,0.0013956316709055436,0.0013956316271351845,0.0,0.0,0.006353769762993983,0.0063537697238272295,0.005964915926974225,0.005964915895304706,2.0154774230541302e-10,0.0,0.0,0.0,0.0,0.0,0.0,0.0,0.007461905494225854,0.007461905458300569,0.0066757683663075315,0.006675768324437641,0.006785143069404733,0.0067851430281946614,0.0072457284971326865,0.007245728431632171,0.005919879573158221,0.005919879527499167,0.005223015853779797,0.005223015812294748,0.005400148520191673,0.005400148475457608,1.9647984619510407e-10,0.0,0.005337703509308533,0.005337703465169032,0.006833787524804505,0.006833787427946261,1.8445203708082452e-10,0.0,1.7811640152658603e-10,0.0,4.5425603773776104e-10,0.0,1.5943009637144446e-10,0.0,0.004841689043024983,0.004841689005551643
2020-07-24,3.682979386022901e-10,1.1048938158068702e-13,1.8874847116659952e-10,1.8962703287112545e-10,0.02743052756473624,0.027430527542424397,0.04833355401730473,0.0483335540191757,0.014474645818879594,0.014474645747308371,0.8178182306514519,0.8178182306792053,0.006438543622308393,0.00643854363011253,0.006037438163950563,0.006037438172400489,0.0014671943014681447,0.0014671943783127685,0.0,0.0,0.006688683129258222,0.0066886831365576055,0.006079904765611637,0.00607990477399548,2.0299063399828978e-10,2.0357257806358385e-10,0.0,0.0,0.0,0.0,0.0,0.0,0.007568630778300618,0.0075686307851356395,0.007683887352036487,0.007683887357032722,0.0070899831288044396,0.007089983134208474,0.0072671300426403965,0.007267130039914932,0.006707596205302617,0.006707596194254089,0.005810529700171792,0.005810529709095024,0.005509825571792181,0.005509825580500108,1.959423777055825e-10,1.9644795092998985e-10,0.0055545281236800415,0.005554528132590371,0.007041251275079697,0.007041251253862893,2.0170774853464089e-10,1.8756875111146865e-10,1.913138252966846e-10,1.7683713393494454e-10,4.738069625667675e-10,4.6238102074002163e-10,1.7621868133430615e-10,1.6325096111804936e-10,0.004997914156493525,0.004997914154228008
2020-07-31,2.553248853050598e-10,7.659746559151794e-14,1.8797199323779582e-10,1.8833608116987645e-10,0.027341850771972116,0.027341850765426796,0.04818395598747344,0.04818395599034528,0.014502306259531247,0.014502306206923575,0.8187242241104742,0.8187242241107566,0.0063740905045695856,0.006374090509434427,0.00595628346726295,0.005956283473141185,0.0014562276111694263,0.001456227681452289,0.0,0.0,0.0065611715430876376,0.006561171547569834,0.005999854173589228,0.005999854184505436,2.007082179372736e-10,2.0070514535275043e-10,0.0,0.0,0.0,0.0,0.0,0.0,0.007313059583357569,0.0073130595867176955,0.007511541049719553,0.007511541051621075,0.007220590202222865,0.007220590204421124,0.007155177760898924,0.007155177757742018,0.006929835584067205,0.006929835573407307,0.00567103552312098,0.005671035529789967,0.00545322137701961,0.005453221383731999,1.9737712353877413e-10,1.9704317886801375e-10,0.005480231166736711,0.005480231173615147,0.0072348571028782345,0.007234857085452523,2.1529325898944082e-10,2.0542637143345054e-10,2.0155163052138472e-10,1.9104104787903133e-10,4.765765192471025e-10,4.705511607108537e-10,1.8533022203394437e-10,1.7557805169408464e-10,0.00493048455603951,0.00493048455526458
2020-08-07,2.666686097040091e-10,8.000058291120273e-14,1.906695089050348e-10,1.915217563254978e-10,0.02714877324669019,0.027148773237759265,0.04793620219912065,0.04793620220223644,0.014442577953069932,0.01444257790169588,0.81577849349576,0.8157784934870628,0.006481338005688808,0.006481338010628283,0.006175871365330722,0.006175871371133835,0.0015375637704234011,0.001537563840975602,0.0,0.0,0.006699420566300701,0.006699420570687223,0.006152511626965626,0.006152511640371075,2.1417103121496243e-10,2.1543902835766673e-10,0.0,0.0,0.0,0.0,0.0,0.0,0.007734634353563562,0.007734634356199526,0.008291413936438142,0.008291413937674793,0.007223597854087852,0.007223597856250306,0.0071053784391171115,0.007105378436583674,0.007923937166181803,0.007923937153176968,0.005831134017795692,0.005831134024736443,0.005563878895726839,0.005563878903135746,1.946025418372036e-10,1.9436123187274646e-10,0.005423243465405434,0.005423243473692593,0.0075142621646351075,0.007514262147650464,2.2570842550713704e-10,2.172825125511387e-10,2.1209659738490243e-10,2.0307500405051377e-10,4.72280115867002e-10,4.667246875979754e-10,1.941475531220539e-10,1.8558268268630144e-10,0.005035765774022576,0.0050357657743622265
2020-08-14,3.570671115904387e-10,1.071201334771316e-13,1.8892990296999117e-10,1.876413007474723e-10,0.027133241912305064,0.027133241906987612,0.048022998364899094,0.048022998369210736,0.014489044053768853,0.014489043955800723,0.8178194912984611,0.8178194913028455,0.006325892133715586,0.006325892141863481,0.0059818883461119484,0.00598188835531593,0.0014704251688164387,0.0014704252563539724,0.0,0.0,0.006260139597539941,0.006260139606014065,0.00620684730500781,0.006206847318199868,2.0156460328871067e-10,2.0047201908759048e-10,0.0,0.0,0.0,0.0,0.0,0.0,0.007317432184405375,0.007317432190342138,0.007979630525652898,0.00797963052976777,0.007096390352175379,0.0070963903571830906,0.007219162456825901,0.007219162453931336,0.007341784507464877,0.007341784498054198,0.005907964902711044,0.005907964911925275,0.00566867971389051,0.005668679723011137,2.0036655976290817e-10,1.9910463557794182e-10,0.005554278317557471,0.005554278327255228,0.007013897925526914,0.007013897913210986,2.345057899606315e-10,2.2237586229233927e-10,2.2817218563379715e-10,2.1527803477364026e-10,4.84690992236953e-10,4.74287795295874e-10,2.0525887915291744e-10,1.9370238793954473e-10,0.005190809189674758,0.005190809189864663
2020-08-21,8.536533271485814e-10,2.560959981445744e-13,1.9372989396261748e-10,1.8981282366262698e-10,0.02708646203819911,0.02708646203826439,0.04788259071305587,0.04788259074628128,0.014531478238781046,0.014531478157219942,0.8177434237064088,0.8177434233984768,0.006398667462521595,0.006398667481003461,0.0060299731790706464,0.006029973199467735,0.001486656859814138,0.0014866570140370128,0.0,0.0,0.006178406671974213,0.006178406691749384,0.006329961773762666,0.006329961815231598,1.9828914245162e-10,1.9602143343637443e-10,0.0,0.0,0.0,0.0,0.0,0.0,0.0074570573296439315,0.007457057343673527,0.007996778428562728,0.007996778440045857,0.0072693077684474056,0.007269307781828111,0.0070719866192883495,0.007071986625394768,0.0073318274705615,0.007331827477536815,0.005981273440508227,0.0059812734607144116,0.005625209733192685,0.005625209754491849,2.0027573699756172e-10,1.9804928270160476e-10,0.005502361945500255,0.005502361967632345,0.007069621654934707,0.007069621657498883,2.49689809621358e-10,2.4137659766101173e-10,2.3629006118643924e-10,2.2703074258894287e-10,4.922422783337867e-10,4.883312434411034e-10,2.185925640180574e-10,2.1115377776907367e-10,0.005026953176662463,0.005026953197675683
2020-08-28,1.6471246518189818e-09,4.941373955456945e-13,1.8768926649107464e-10,1.928309202495816e-10,0.026917171156182744,0.026917171168338083,0.04767619979873093,0.04767619984674899,0.01452366839251355,0.014523668332491661,0.8171303990450746,0.817130398281534,0.006467766738148672,0.0064677667765002216,0.006012340631472615,0.0060123406723153775,0.0014974373121041918,0.0014974375215182699,0.0,0.0,0.006416380585958359,0.006416380624827062,0.006209170660043814,0.006209170728279189,1.8538153910456052e-10,1.9284593347886265e-10,0.0,0.0,0.0,0.0,0.0,0.0,0.007330720658965902,0.007330720693579039,0.007658810238386908,0.007658810270669165,0.007677274664318192,0.007677274695632468,0.00718311943463689,0.007183119455633497,0.007216810642679477,0.007216810672631342,0.006567221478190761,0.006567221515272276,0.0058575952427462824,0.005857595282048187,1.9401586193619694e-10,2.017654421387404e-10,0.005610575504817152,0.005610575545863212,0.007097132347274438,0.0070971323692838525,2.46492919911524e-10,2.492086238087919e-10,2.3371963541680894e-10,2.3551328369653944e-10,4.896895873249294e-10,4.956316575125642e-10,2.114232941199663e-10,2.1508662990455022e-10,0.004950203719342561,0.004950203763951469
2020-09-04,2.7465976473546835e-09,8.23979294206405e-13,1.717300559420048e-10,1.8954967963588174e-10,0.026893829997389828,0.026893830027196895,0.04768722555471336,0.04768722562735694,0.01445170154260295,0.014451701509158723,0.8152788630272308,0.8152788616873763,0.006565336453428285,0.006565336517757656,0.0060738551325394885,0.006073855199562523,0.0015134460487494482,0.0015134463101377047,0.0,0.0,0.006525259793680552,0.006525259858597689,0.00622897054236392,0.006228970644436176,1.6211308265177438e-10,1.8200467708888148e-10,0.0,0.0,0.0,0.0,0.0,0.0,0.007460053969727318,0.007460054030515625,0.007837906585908817,0.007837906643840655,0.007892950606631961,0.007892950662769746,0.007056958956184542,0.007056958996347994,0.007104179508600756,0.007104179566691552,0.007655402797416223,0.007655402856271834,0.006291703138869908,0.006291703200264537,1.7392396870385896e-10,1.9423520824795152e-10,0.005650331131781181,0.005650331197793256,0.006984041439658555,0.006984041485850834,2.3130843086435875e-10,2.483795628043321e-10,2.2119624531805595e-10,2.374036583406148e-10,4.678035248948999e-10,4.889037235095874e-10,1.9755157742811705e-10,2.156186140712373e-10,0.004847982146895338,0.004847982221978487
2020-09-11,6.629368905753465e-09,1.988810671726039e-12,1.1873905001271643e-10,1.674401229656379e-10,0.027046009442788843,0.02704600955835901,0.048131929383959396,0.0481319295778202,0.01451615052660441,0.014516150530835752,0.8196544873332198,0.8196544840185354,0.006280376148193409,0.006280376303433181,0.005724354811952155,0.0057243549710797315,0.0014087883244373017,0.0014087887440626969,0.0,0.0,0.005939626065748065,0.00593962622482108,0.006122551764422843,0.006122551984818948,0.0,1.4650964013720361e-10,0.0,0.0,0.0,0.0,0.0,0.0,0.007044068710273523,0.007044068862136454,0.007249605459525055,0.007249605606245375,0.007235118132124867,0.007235118276907518,0.0069167876984629565,0.006916787798527796,0.007112358661079675,0.007112358806959972,0.006634186520753405,0.006634186674403092,0.005630287868297887,0.005630288023414249,1.2110686447421596e-10,1.730031588623504e-10,0.005603981121129652,0.005603981273394572,0.00709308121812171,0.007093081336226247,1.7743060116402832e-10,2.2622906722024404e-10,1.6996126124465195e-10,2.1777526064343322e-10,4.2774222372663165e-10,4.811487102440556e-10,1.4702160182659397e-10,1.9748196057118524e-10,0.004656249646903437,0.004656249818430889
2020-09-18,4.57356715284118e-09,1.372070145852354e-12,0.0,1.1896436539373903e-10,0.02704781277333813,0.027047812838019818,0.04792223398094492,0.04792223409491245,0.014511388965861396,0.014511388950142713,0.820422843903911,0.820422841632846,0.006339702673215228,0.006339702775554941,0.005837857875869386,0.005837857981364063,0.0014557816264582231,0.0014557819564557154,0.0,0.0,0.006101609659552668,0.006101609764406505,0.006166885582504141,0.00616688573235678,0.0,0.0,0.0,0.0,0.0,0.0,0.0,0.0,0.006976890514722715,0.006976890613863517,0.007267904005174937,0.007267904100515829,0.007122032010791208,0.007122032105605913,0.006843786444429534,0.006843786510151581,0.006941224518125382,0.006941224612898631,0.006405259001254435,0.006405259103552839,0.005508022811874972,0.005508022917036859,0.0,1.21522563833592e-10,0.005488474067580687,0.00548847417103398,0.007035111076820382,0.007035111152494657,1.4951944816892676e-10,1.7804625600900045e-10,1.4398736606722931e-10,1.7143844478239086e-10,4.015070220280418e-10,4.382280494669358e-10,1.166521587046931e-10,1.4568220733314156e-10,0.004605177695904817,0.004605177812905263
2020-09-25,8.825346823010187e-09,2.647604046903056e-12,0.0,0.0,0.02719313460054632,0.027193134745570877,0.048210795478515464,0.048210795773558524,0.014558471545763155,0.014558471568528191,0.8226762307456643,0.8226762263329911,0.006281072900038312,0.0062810731146324544,0.005756070252370551,0.0057560704699037785,0.0014313841220158253,0.0014313846076833114,0.0,0.0,0.006083369390676491,0.00608336960820285,0.006068187807877487,0.006068188103511567,0.0,0.0,0.0,0.0,0.0,0.0,0.0,0.0,0.007196095100912143,0.007196095312493392,0.007298386381215213,0.007298386587725494,0.007025413797584977,0.007025414000909421,0.006621871733129228,0.006621871873114911,0.005982594963378057,0.005982595175866093,0.006009320724536064,0.006009320941657644,0.005330281190008962,0.005330281405135726,0.0,0.0,0.005227741344750509,0.005227741558667242,0.006740357488279016,0.00674035766132592,0.0,1.4702657098205928e-10,0.0,1.4184340871366801e-10,3.248743891044252e-10,4.0430437139854757e-10,0.0,1.1472731340307928e-10,0.004309220107863509,0.004309220350620206
2020-09-30,6.229437423601051e-09,1.868831227080315e-12,0.0,0.0,0.027082937318594954,0.027082937428526382,0.04806070648384629,0.04806070669910819,0.01448129226052636,0.014481292273156358,0.8219312610729179,0.8219312579581992,0.006305449510171027,0.006305449675257484,0.005719468318853156,0.005719468487469104,0.0014187667953984673,0.0014187672108507562,0.0,0.0,0.006137420579651693,0.006137420747054396,0.006051349339328312,0.006051349572575794,0.0,0.0,0.0,0.0,0.0,0.0,0.0,0.0,0.0073121691100366286,0.007312169271493433,0.007516757583175773,0.007516757740878132,0.007116076269552095,0.007116076425154907,0.006613334618235551,0.0066133347269781715,0.006001917623114135,0.0060019177871494,0.006313438983767763,0.0063134391496792374,0.0055161001286020165,0.005516100294179887,0.0,0.0,0.0053004083738826,0.005300408539767041,0.006889508812191729,0.006889508945732577,0.0,0.0,0.0,0.0,2.6691376927411665e-10,3.2294926346359705e-10,0.0,0.0,0.004231636551239715,0.004231636743840238
2020-10-09,4.65752698757968e-10,1.397258096273904e-13,0.0,0.0,0.027063457891823524,0.027063457884634913,0.047950879737298474,0.047950879748438556,0.014507050155964091,0.014507050084088735,0.8221547121860677,0.8221547120463242,0.006284378642845758,0.006284378651167961,0.005678360153061145,0.005678360163957651,0.0014105951990244616,0.0014105953039759507,0.0,0.0,0.006160092843204587,0.006160092852170919,0.006033530455546606,0.0060335304806635685,0.0,0.0,0.0,0.0,0.0,0.0,0.0,0.0,0.007208253897180477,0.007208253902526291,0.00752111389932406,0.0075211139035641405,0.0071267416689279744,0.007126741673736963,0.006642037735745651,0.0066420377356551956,0.006053939512978904,0.006053939515072949,0.006392310961942986,0.006392310969974832,0.0054551614862014845,0.0054551614976849315,0.0,0.0,0.005308537122969574,0.005308537135082649,0.006890645167309953,0.006890645162218842,0.0,0.0,0.0,0.0,2.772041479052577e-10,2.683168564150794e-10,0.0,0.0,0.004158201005378369,0.004158201020743821
2020-10-16,1.2182434276654373e-09,3.6547302829963117e-13,0.0,0.0,0.026908291862706157,0.026908291872531045,0.04758408247823795,0.047584082499318926,0.014541041940648286,0.014541041876659621,0.820341400850519,0.8203414003053858,0.0065678233314952665,0.006567823358441458,0.005920270032841133,0.005920270063000739,0.0014778701545829559,0.001477870335831379,0.0,0.0,0.006543124928577142,0.006543124955980356,0.006147453362114715,0.006147453415204013,0.0,0.0,0.0,0.0,0.0,0.0,0.0,0.0,0.007381792005542763,0.0073817920291928425,0.007826959927418609,0.007826959949168467,0.007488215827800882,0.007488215850125299,0.006780752052045246,0.006780752066682256,0.006093621509053968,0.006093621534893702,0.006416455435335476,0.006416455463163103,0.005634498984984519,0.005634499015859911,0.0,0.0,0.00530594620929594,0.005305946241977969,0.00683810580477258,0.006838105820211704,0.0,0.0,0.0,0.0,2.866557742291365e-10,2.891224788920948e-10,0.0,0.0,0.004202293015371605,0.004202293057248633
2020-10-23,9.80616653739524e-10,2.9418499612185717e-13,0.0,0.0,0.02708049019634729,0.027080490199285448,0.04778698999920296,0.047786990019317535,0.014577299348155501,0.014577299283435029,0.821110190407251,0.8211101899825356,0.006537315832979199,0.00653731585337755,0.005796745455254224,0.005796745479314873,0.0014509629360904444,0.0014509630993932224,0.0,0.0,0.006378376375791853,0.006378376397192708,0.006087524640711818,0.006087524685584871,0.0,0.0,0.0,0.0,0.0,0.0,0.0,0.0,0.00735565993904602,0.0073556599562097855,0.007403817012834467,0.00740381702936422,0.007504965632711786,0.007504965648424959,0.006830428407725163,0.006830428416908897,0.006238258172103338,0.00623825818962733,0.006199104796181856,0.006199104818361367,0.005524486488958274,0.005524486513877308,0.0,0.0,0.005169911651693322,0.005169911678607041,0.006870907087141152,0.006870907095507361,0.0,0.0,0.0,0.0,2.9225039944563495e-10,2.913780500550783e-10,0.0,0.0,0.004096565327569844,0.004096565362296991
2020-10-30,8.381405764521831e-10,2.514421729356549e-13,0.0,0.0,0.027069131842915775,0.027069131846462296,0.04788416359384913,0.047884163613243824,0.014662777400701996,0.014662777313111393,0.8222379011519503,0.8222379008234775,0.006552472793322873,0.006552472808747497,0.00574303249555112,0.005743032514994792,0.0014356192560077028,0.0014356194071342293,0.0,0.0,0.006447077172219684,0.006447077188378906,0.0060850822571016545,0.006085082296843015,0.0,0.0,0.0,0.0,0.0,0.0,0.0,0.0,0.007101243099284762,0.007101243112442016,0.007280799370954944,0.007280799383067588,0.007625727616154313,0.007625727626773851,0.006817180589720034,0.006817180594954876,0.005893913912471343,0.005893913927087244,0.006026727376502534,0.006026727394618274,0.005358497938773791,0.005358497959889632,0.0,0.0,0.0050118920763053305,0.005011892099536175,0.00679168554419385,0.006791685548948069,0.0,0.0,0.0,0.0,2.889290422348634e-10,2.8592204894742085e-10,0.0,0.0,0.003975074223089776,0.003975074254366507
2020-11-06,7.450484791951554e-10,2.235145437585466e-13,0.0,0.0,0.027069003640546253,0.027069003639436554,0.04784457879575787,0.047844578814857625,0.014547631925509896,0.014547631841618043,0.8209562496761356,0.8209562493917539,0.006674422121791624,0.006674422134969506,0.005821109395320247,0.0058211094124753365,0.0014462975503623896,0.0014462976923091274,0.0,0.0,0.006637854347415636,0.006637854361021399,0.006260528193938761,0.00626052822949716,0.0,0.0,0.0,0.0,0.0,0.0,0.0,0.0,0.007056037966152441,0.007056037977762369,0.0074025443535053175,0.007402544363616038,0.007586316911608519,0.0075863169207768194,0.007013146748680079,0.007013146752368397,0.006083183200430093,0.0060831832116665565,0.0062608100936442,0.006260810108814649,0.005549132379243827,0.0055491323973435105,0.0,0.0,0.00500592879023939,0.005005928811457866,0.006854697533702676,0.0068546975361992455,0.0,0.0,0.0,0.0,2.981398520324062e-10,2.9499876643008965e-10,0.0,0.0,0.003930526077875363,0.00393052610705704
2020-11-13,7.338506888005501e-10,2.2015520664016503e-13,0.0,0.0,0.026968250960395956,0.026968250955350055,0.04770807808851218,0.04770807810409698,0.014588373865138423,0.014588373794222115,0.8211098877542836,0.8211098874658944,0.006700277552966358,0.006700277566237309,0.0057779321584114285,0.005777932175966752,0.0014332116853508212,0.001433211827881367,0.0,0.0,0.006429382793324305,0.0064293828079702965,0.006461265829767034,0.0064612658635948735,0.0,0.0,0.0,0.0,0.0,0.0,0.0,0.0,0.007040130935198678,0.007040130947085358,0.007102674012727699,0.007102674023953765,0.00763411023370734,0.007634110242904661,0.007163316572584875,0.00716331657595946,0.005985462586324395,0.005985462598107135,0.006000402073213824,0.006000402089852094,0.005666261377798163,0.0056662613954145185,0.0,0.0,0.005270043171033999,0.005270043190565516,0.006691837959140198,0.006691837962365576,0.0,0.0,0.0,0.0,3.0496819983150024e-10,3.0239422144108646e-10,0.0,0.0,0.0042691000851524784,0.004269100110183409
2020-11-20,1.2161557732154345e-09,3.648467319646303e-13,0.0,0.0,0.026885381283953815,0.026885381287782378,0.04748025483923404,0.04748025487303341,0.014525233404671292,0.014525233351806903,0.8208898106496588,0.8208898100944452,0.006737071923760302,0.006737071949756861,0.005833588351656188,0.005833588381982688,0.0014468039583319266,0.0014468041386420994,0.0,0.0,0.006302721518380118,0.006302721546659575,0.006556882360737467,0.006556882408982796,0.0,0.0,0.0,0.0,0.0,0.0,0.0,0.0,0.00706292332710329,0.007062923351597221,0.007486665991992714,0.00748666601431467,0.007631410136194626,0.00763141015783324,0.007182862618194044,0.0071828626307942015,0.0059173035855253,0.0059173036119438095,0.005967764091639417,0.005967764121562238,0.005657788992283543,0.005657789022852665,0.0,0.0,0.005269303197602741,0.005269303230081193,0.006628705671796452,0.006628705687077861,0.0,0.0,0.0,0.0,3.0105565749871315e-10,3.0492538074007425e-10,0.0,0.0,0.004537523796228403,0.004537523833925492
2020-11-27,1.3172768371105367e-09,3.95183051133161e-13,0.0,0.0,0.026906854428995427,0.026906854437334347,0.04746202388801807,0.04746202392452198,0.014510292884687692,0.014510292830627044,0.8205256683891522,0.8205256677845746,0.006712192273739491,0.00671219230249896,0.0058076263822345285,0.005807626415402442,0.0014286651810090669,0.0014286653720114355,0.0,0.0,0.006213317259547323,0.0062133172909575865,0.006582412849831268,0.006582412901306511,0.0,0.0,0.0,0.0,0.0,0.0,0.0,0.0,0.007056602768396892,0.007056602795563385,0.0075555214478625855,0.007555521472580168,0.007535109555085088,0.007535109579627098,0.0072483017549055135,0.007248301769023395,0.0057438623717684986,0.005743862401506849,0.006087048001836959,0.006087048033748921,0.005749878098931868,0.0057498781314906395,0.0,0.0,0.005368299113504864,0.00536829914785103,0.006417376234082134,0.006417376252043262,0.0,0.0,0.0,0.0,3.001229450091741e-10,3.0544558557985293e-10,0.0,0.0,0.005088946816287636,0.00508894685188514
2020-12-04,3.001436056283988e-09,9.004308168851963e-13,0.0,0.0,0.026852532034534898,0.026852532073274763,0.04735417451567963,0.04735417459494631,0.01453358334491321,0.014533583331936181,0.8193241019515698,0.8193241004638286,0.0068926568776387295,0.00689265695340156,0.005894871679022841,0.00589487175959965,0.0014426981192997236,0.001442698400167999,0.0,0.0,0.006439745139168924,0.006439745217605042,0.0065181314522344,0.00651813156407683,0.0,0.0,0.0,0.0,0.0,0.0,0.0,0.0,0.00751122168759797,0.0075112217608504705,0.007753344797491198,0.007753344868342759,0.007651968883872573,0.007651968954546184,0.007229084789782632,0.007229084838383287,0.005833385321386801,0.005833385399515942,0.006194716693981363,0.006194716773388889,0.005764214668530856,0.005764214747780449,0.0,0.0,0.005417009375297564,0.0054170094558113405,0.006456578470703946,0.006456578530390138,0.0,0.0,0.0,0.0,2.611407814883253e-10,2.8786242916258064e-10,0.0,0.0,0.004935979936152263,0.004935980024290922
2020-12-11,2.154939782886668e-09,6.464819348660003e-13,0.0,0.0,0.026910540151238758,0.02691054016645753,0.04755472958672885,0.047554729653910846,0.014500653918855255,0.014500653900365717,0.8199130386950041,0.8199130376360239,0.006734934159985859,0.006734934212721289,0.005786628628974113,0.005786628686319349,0.0014232944377773201,0.0014232946729920881,0.0,0.0,0.006461523412078087,0.006461523466487052,0.006334412733893341,0.006334412816200954,0.0,0.0,0.0,0.0,0.0,0.0,0.0,0.0,0.007003667684402285,0.007003667735650144,0.007659868868264716,0.007659868916312934,0.007824997729141643,0.00782499777659438,0.0071289423794837666,0.007128942411240416,0.0057614240798322235,0.0057614241335203825,0.006094272008321521,0.006094272064257279,0.005778857764422219,0.005778857819918483,0.0,0.0,0.005423707336807605,0.005423707393969324,0.006444899101282415,0.006444899139832958,0.0,0.0,0.0,0.0,2.4980249056339156e-10,2.6491171049141206e-10,0.0,0.0,0.005259607073703396,0.005259607132313501
2020-12-18,3.274957063865639e-09,9.824871191596916e-13,0.0,0.0,0.02686793838387856,0.02686793842000936,0.047325077916311915,0.047325078021929444,0.014497905106214237,0.014497905101295607,0.8189346145715749,0.818934612939015,0.006838543326300519,0.006838543410635305,0.005780414190866305,0.005780414280347389,0.0014198320283162695,0.0014198323223679856,0.0,0.0,0.006617309903690809,0.006617309989700587,0.006249773129195032,0.006249773254137314,0.0,0.0,0.0,0.0,0.0,0.0,0.0,0.0,0.007029677255688079,0.007029677338586971,0.00749879213544637,0.0074987922150621155,0.008101434998434133,0.008101435076704232,0.007144838695613781,0.007144838749087658,0.00614252683268392,0.006142526915422801,0.006249219836350193,0.006249219923628754,0.005806685906672042,0.0058066859929784415,0.0,0.0,0.005593593801546793,0.005593593888326277,0.006560039389532847,0.006560039452948066,0.0,0.0,0.0,0.0,2.228509958362527e-10,2.4924588176144104e-10,0.0,0.0,0.005341782368832142,0.00534178245857069
2020-12-25,6.0562172128347754e-09,1.8168651638504325e-12,0.0,0.0,0.02692902266701188,0.026929022720624075,0.047397112312988494,0.04739711250681207,0.014508196388506854,0.01450819646542958,0.8188853859394104,0.8188853829113015,0.006805479020587933,0.006805479182563891,0.005692496505807854,0.005692496673434112,0.0014048084309893772,0.001404808851948346,0.0,0.0,0.006689802681398878,0.00668980284752377,0.006145774192043683,0.006145774419367386,0.0,0.0,0.0,0.0,0.0,0.0,0.0,0.0,0.006703755274461666,0.0067037554339665845,0.0081556208542632,0.008155621015116962,0.00802922622499849,0.008029226381291594,0.007076958986936517,0.00707695909035921,0.006190520035584263,0.006190520194351473,0.00620700631078397,0.006207006475007245,0.0057708275121016095,0.005770827670847784,0.0,0.0,0.005554054133341867,0.005554054291603838,0.006588440558475648,0.006588440684278935,0.0,0.0,0.0,0.0,1.7844326480315647e-10,2.3349908451310255e-10,0.0,0.0,0.005265511791864238,0.0052655119506720876
2020-12-31,5.8207114028675284e-08,1.7462134208602583e-11,0.0,0.0,0.02690811336082899,0.026908113992151622,0.04747938539146298,0.047479389500230375,0.01459553578681816,0.014595536650876964,0.8174393412104687,0.8174393121069118,0.006931276784497387,0.006931278432913896,0.005721689337007314,0.005721690881878336,0.0013989927943807887,0.001398994633271154,0.0,0.0,0.006855408047745268,0.006855409745255619,0.006082376560116936,0.006082378428936719,0.0,0.0,0.0,0.0,0.0,0.0,0.0,0.0,0.006903124620941858,0.0069031262352707845,0.00840585304289679,0.008405854870826679,0.008296413174047763,0.008296414903991415,0.007200797647586945,0.0072007986069959505,0.006372223793158645,0.006372225339324904,0.006313806079133679,0.006313807669165224,0.005817909147440925,0.005817910594642115,0.0,0.0,0.005660938374711539,0.005660939793610457,0.006575452053923622,0.0065754532494752115,0.0,0.0,0.0,0.0,0.0,1.8163856357595949e-10,0.0,0.0,0.005041362792831528,0.005041364182632259
2021-01-08,7.182580934097377e-10,2.1547742802292128e-13,0.0,0.0,0.026806720878805822,0.026806720670478006,0.04726027909285102,0.047260279014667866,0.014387695419368492,0.014387695376295804,0.8134896915453018,0.8134896917635136,0.007448283068551924,0.007448283078496078,0.005941078271359201,0.005941078282116928,0.0014114844752114667,0.0014114845244180116,0.0,0.0,0.007438378468225711,0.007438378478784752,0.00600693546962282,0.006006935467039422,0.0,0.0,0.0,0.0,0.0,0.0,0.0,0.0,0.007282785089173404,0.007282785098774295,0.009758366756606624,0.00975836676952204,0.009320101166203115,0.009320101176809687,0.00725751159046066,0.0072575115842349455,0.006412390230710783,0.006412390225794121,0.006117670474149199,0.006117670483905053,0.005766623056401625,0.0057666230652619836,0.0,0.0,0.005679454314119773,0.005679454322830474,0.006655691413239961,0.006655691400602089,0.0,0.0,0.0,0.0,0.0,0.0,0.0,0.0,0.00555885921963652,0.005558859216454777
2021-01-15,5.174922127275686e-08,1.5524766381827055e-11,3.635687640013387e-10,0.0,0.026953082534481657,0.026953072860702067,0.04753532266305256,0.04753531085398957,0.01438253103676415,0.014382530764870156,0.8148405566497314,0.8148405825149998,0.007387063878095523,0.007387063823929519,0.0058671959605245605,0.005867195902404243,0.0013912923816711083,0.001391292391013274,0.0,0.0,0.0072835216295005336,0.007283521577637334,0.006031069899390106,0.0060310697909977,3.5161097968576837e-10,0.0,3.9656315863863896e-10,0.0,0.0,0.0,0.0,0.0,0.007184196274756337,0.007184196219325279,0.008878563321341695,0.00887856327629071,0.008673527558275943,0.008673527505481797,0.007550021575029012,0.0075500213638550785,0.0058780680343494445,0.005878067931490213,0.0062568705490156935,0.006256870482126047,0.005873163152034982,0.0058731630765361835,4.204064461082398e-10,0.0,0.0056310240468820105,0.005631023968908986,0.006443882119617361,0.006443881977587211,3.3692979003981555e-10,0.0,4.069739451650812e-10,0.0,3.550346989458633e-10,0.0,2.88189354515069e-10,0.0,0.005959043816208778,0.005959043717854655
2021-01-22,3.637619812990337e-10,1.0912859438971011e-13,3.577188157038342e-10,3.6733311174753295e-10,0.026847979807044824,0.026847979746343228,0.04743676540696807,0.04743676534262438,0.014367933832739002,0.0143679338096153,0.8132826289280845,0.8132826289539715,0.0074928771713555385,0.007492877176135562,0.006007843073475837,0.006007843079639527,0.0014365073181796136,0.0014365073960813594,0.0,0.0,0.007726720813198201,0.007726720818730901,0.00610189892602779,0.006101898928117738,3.4714450556980317e-10,3.5282355501211886e-10,3.956813455015989e-10,4.031538978422175e-10,0.0,0.0,0.0,0.0,0.007337917549718144,0.007337917554344062,0.009061800829006436,0.009061800835422741,0.008528448818836845,0.008528448823067998,0.007872440284572312,0.007872440269415587,0.006010782584385372,0.006010782582125332,0.006445300406414733,0.006445300410520468,0.005925411955888105,0.005925411960006675,4.130416807523594e-10,4.2010573877134103e-10,0.005598675878269798,0.005598675882926269,0.006519523850418422,0.006519523839900077,3.4122626025494116e-10,3.4103338506584553e-10,4.005693833354818e-10,3.9916377694823715e-10,3.405728029195721e-10,3.3767736128430413e-10,3.0536146636877653e-10,3.0690326908851933e-10,0.005998539664100239,0.005998539662817369
2021-01-29,2.4749593921039824e-10,7.424878176311946e-14,3.4444286225101185e-10,3.5217193692241626e-10,0.026850940991242685,0.026850940967424738,0.04743770263897697,0.04743770262542508,0.014463266731493948,0.014463266690779755,0.8164495506741094,0.8164495506819018,0.007280573261622003,0.007280573263539778,0.005857644970971894,0.00585764497462619,0.0013749112109587812,0.0013749112805934607,0.0,0.0,0.007464013309243119,0.007464013311708445,0.005882494925642645,0.005882494926806252,3.159477228163156e-10,3.197833084190257e-10,3.668534512975789e-10,3.7301659469483136e-10,0.0,0.0,0.0,0.0,0.006875758281600399,0.006875758283340479,0.00839331207029768,0.008393312072454613,0.008544672696050535,0.00854467269676014,0.007590475504566427,0.0075904754931773654,0.0058324729544240814,0.005832472949104202,0.006340173726161679,0.0063401737278514884,0.005769401063890792,0.005769401065994153,3.9684135884108114e-10,4.0446715880987054e-10,0.0054230728418420086,0.005423072845208286,0.006433540118527008,0.006433540101864905,3.3683146342251237e-10,3.3526147422856153e-10,3.9848919853925016e-10,3.967125295156283e-10,3.38055111670433e-10,3.336869415890037e-10,2.927746117499314e-10,2.9154663238915416e-10,0.00573601923814219,0.005736019234791917
2021-02-05,3.1203365423474575e-10,9.361009627042371e-14,3.3059080702378454e-10,3.3446981596332486e-10,0.02688043215346237,0.026880432132084787,0.04746304496208365,0.04746304499426651,0.014367743829635583,0.014367743778770896,0.8162792970082615,0.8162792970084696,0.007393681313160771,0.007393681315413723,0.0057673216529563216,0.005767321657675421,0.0013250550695592677,0.0013250551485322268,0.0,0.0,0.00755673939882222,0.0075567394015254976,0.005806515451657145,0.005806515454816883,3.0118445378331206e-10,3.041616639613989e-10,3.469298789700279e-10,3.519884094806203e-10,0.0,0.0,0.0,0.0,0.006522068706080198,0.00652206870884244,0.007800272551750378,0.007800272553905084,0.008898727547440257,0.008898727548376732,0.007694884428619409,0.007694884418265585,0.006026557801609864,0.006026557791156019,0.006498506981265728,0.0064985069830200606,0.005897930984871662,0.005897930986672882,3.868211252095922e-10,3.9390872110457286e-10,0.005515575611415355,0.005515575614821993,0.006362324024740402,0.006362324005096707,3.437273528731862e-10,3.3592514034380605e-10,4.119852921612652e-10,4.0464676336691506e-10,3.487333530467503e-10,3.379901645485591e-10,2.935373686576822e-10,2.857086411726496e-10,0.0059433177590981975,0.005943317749487738
2021-02-10,6.368374327788312e-10,1.9105122983364935e-13,3.4040803442098763e-10,3.366179237541273e-10,0.026727474687192616,0.02672747452485691,0.04713222133500927,0.04713222133293512,0.014364293151959846,0.014364293091763826,0.8143174974112535,0.8143174975881764,0.0076660642603546434,0.007666064269903794,0.005849057122301168,0.005849057134003153,0.0013439275755462324,0.0013439276416431548,0.0,0.0,0.007836645432767254,0.007836645443471018,0.005901910306022942,0.005901910305672597,3.0834746108530344e-10,3.036005044084355e-10,3.5036300964269343e-10,3.5006126469287795e-10,0.0,0.0,0.0,0.0,0.006649951953327616,0.006649951962676418,0.008123717406755377,0.00812371741701101,0.009346956946062392,0.009346956954192326,0.00772854430849142,0.0077285442907169015,0.006142060789219331,0.006142060783120904,0.00660288918780495,0.00660288919134414,0.006017299749455284,0.006017299753286803,4.048660672710971e-10,4.0066567492482995e-10,0.005558251882947192,0.005558251891286244,0.006393478489004299,0.006393478469979473,3.593826664205947e-10,3.527606704221219e-10,4.2088585704729696e-10,4.153718402474894e-10,3.6603695039571263e-10,3.5127509398826864e-10,3.029132373995421e-10,2.9676667265647307e-10,0.006297755151321322,0.006297755146840399
2021-02-19,0.01966105620269952,5.8983168608098555e-06,7.14771945220434e-09,3.4312790165395413e-10,0.03576956742713966,0.026706395628132977,0.04714418379911684,0.047144181755414585,0.015094145791376655,0.014326888863366255,0.8038485899992182,0.8136791181005678,0.007753398103972924,0.0077533966823674525,0.005995592923590131,0.0059955912804704895,0.0013784975534967044,0.001378495490385895,0.0,0.0,0.00777833302448182,0.007778331661032582,0.0060857855032538915,0.006085783673077383,6.250492297283753e-09,3.162839135725976e-10,6.262818886177096e-09,3.604296085759916e-10,0.0,0.0,6.834113881903789e-09,0.0,0.006670981706082259,0.006670980097813522,0.007984952515297735,0.007984951131281963,0.00937545400604961,0.00937545256967444,0.008068204919510632,0.008068199762413677,0.006114541488098627,0.006114539666501379,0.006580236870258066,0.006580234631623133,0.006012352515006806,0.006012349890151384,8.850750652221531e-09,4.125387169408625e-10,0.005507526920283363,0.005507524596072551,0.006211950733836757,0.006211946561585436,6.343683613208647e-09,3.8022677651039995e-10,9.019341929395548e-09,4.266687570668459e-10,1.1828456356151908e-08,3.627463268638745e-10,5.066340570060192e-09,3.223156145289035e-10,0.006625636596211839,0.006625635033729373
2021-02-26,0.051052736467593327,1.5315820940277998e-05,7.767073523720527e-09,7.150706519874204e-09,0.05367115064223689,0.035914922673396965,0.047251477449450935,0.04725147655630992,0.022919158368897866,0.015149035761129477,0.7793072452636602,0.804833613497457,0.007373899954680003,0.00737389954537812,0.005906508913210052,0.0059065084485957695,0.0013749402236560748,0.0013749398264029677,0.0,0.0,0.006996214202129671,0.006996213798702122,0.006274426630683364,0.006274426173754024,6.79055225041171e-09,6.066458340824778e-09,6.601135445719935e-09,6.071600992740955e-09,0.0,0.0,7.202349505901728e-09,6.454372822650556e-09,0.006540897271818259,0.006540896808950416,0.008126149616379481,0.008126149225140725,0.008569881411466902,0.008569880979694562,0.007921957870632485,0.00792195605899104,0.006331235396535387,0.006331234903825947,0.006425754970916216,0.006425754335809627,0.006029219410422114,0.006029218611914051,9.501959632976176e-09,8.80300481782264e-09,0.005604011178647373,0.005604010514721295,0.006250408707838066,0.0062504067449830995,6.991141408761635e-09,6.773718356204117e-09,1.044540475618731e-08,9.817139452854294e-09,1.4264913250833153e-08,1.2132974823631905e-08,5.376439391621796e-09,5.089128361873586e-09,0.007125387575769351,0.007125387175738436
2021-03-05,0.09190416695327014,2.757125008598104e-05,2.1986464559993183e-08,7.78132587312484e-09,0.06516137550575782,0.05387437350740392,0.06430265415288289,0.04735872755258951,0.04071333137299808,0.022992288253570886,0.7358763372200036,0.7818284206966385,0.007138115782946137,0.007138115328298127,0.005828134978605267,0.005828134425432037,0.0013881523677178324,0.0013881517203111794,0.0,0.0,0.006707519814221336,0.006707519369327386,0.0063610932895688055,0.00636109281436288,1.1543556549567372e-08,6.753800876947289e-09,1.250319063280168e-08,6.578240278959956e-09,0.0,0.0,1.353628533753971e-08,7.083906368174106e-09,0.006295955986701524,0.0062959553806316605,0.007939762929084212,0.007939762483339646,0.008044949177948766,0.0080449486757894,0.007712004173493739,0.007711992317049742,0.005890910839328668,0.005890910083547139,0.006130614321807992,0.0061306136536230646,0.005887876412484089,0.0058878753603794345,1.4159082232112866e-08,9.091907465479149e-09,0.005542597242109632,0.005542596255866806,0.006002687278707632,0.006002651724167771,8.780144607748022e-09,6.5871094175911e-09,2.4272553626814716e-08,1.0296389786679201e-08,1.595802822055109e-08,1.3390908511414614e-08,6.698726057997608e-09,5.6082469729803726e-09,0.007075797715600179,0.007075797225835066
2021-03-12,0.017283691822246046,5.185107546673814e-06,2.5114414956879256e-08,2.183859554374352e-08,0.06516558302737584,0.06516557045272593,0.07310698366754857,0.06446529356361855,0.040797911792857924,0.04079783713597224,0.727674298517318,0.7363161444284408,0.0069256977088547715,0.006925696385124728,0.005659726719707259,0.0056597252248162255,0.0013383179943846117,0.0013383165234174066,0.0,0.0,0.006462101991887309,0.006462100674349835,0.006319790169901786,0.006319788560925103,1.4082102949587194e-08,1.065520986441823e-08,1.6021672426174368e-08,1.199110516242978e-08,0.0,0.0,1.6380390076992906e-08,1.2923580858858188e-08,0.006208586178494621,0.006208584589349757,0.006954995971466604,0.006954994613472641,0.007743285673563281,0.00774328428981092,0.007763823912586238,0.007763817363788959,0.005944936840767082,0.005944934988206645,0.00624992965965675,0.006249927981656959,0.006101212435098109,0.006101210155623954,1.8583841954513664e-08,1.4160923475881862e-08,0.0059050534700894886,0.005905051273548938,0.006104275534733237,0.006104265989745402,1.2158223616428507e-08,8.91255658904308e-09,2.5611681173319785e-08,2.3783483645689868e-08,2.013749614532302e-08,1.5244695341026443e-08,9.743188639400565e-09,6.665564372052088e-09,0.007573330900696646,0.0075733296296898005
2021-03-19,5.0826645857750186e-09,1.5247993757325054e-12,2.4875117192547308e-08,2.5202140668859072e-08,0.06501280019474451,0.06501279996955373,0.07280649767116526,0.07280649734445452,0.04096791040715625,0.04096791017805011,0.7275414854293718,0.727541485321312,0.006931747399127046,0.0069317473306872565,0.0057012732043060154,0.005701273142873558,0.0013482655061068246,0.0013482657323494627,0.0,0.0,0.006458931647954322,0.006458931585917232,0.006412609857973734,0.006412609685380634,1.3102151822329081e-08,1.3354750393516958e-08,1.5272530547991747e-08,1.554441047124586e-08,0.0,0.0,1.5755662804787328e-08,1.6033355488178627e-08,0.006117393349890657,0.006117393274107475,0.007053513196604748,0.007053513124592527,0.007826393054978113,0.00782639297540357,0.007846350304600246,0.007846350105836163,0.006021868296546142,0.006021868139248836,0.0064233421582170136,0.006423342073308198,0.006158923158946813,0.006158923051425768,1.883553762388461e-08,1.91271881066802e-08,0.0058239821956480526,0.005823982104202955,0.006154216790504639,0.006154216508463536,1.1725540491779482e-08,1.1926170073952172e-08,2.5740894794600074e-08,2.6008508886659776e-08,2.017851199355605e-08,2.0436743596096913e-08,9.606154857934486e-09,9.77392419510858e-09,0.007392341084055815,0.007392340945640896
2021-03-26,5.473493715955704e-09,1.642048114786711e-12,2.432757344520748e-08,2.4695530970262468e-08,0.06529203558532065,0.06529203535511566,0.07323478745095055,0.07323478701725966,0.04087126300132442,0.0408712628134992,0.729384623088155,0.7293846229677551,0.006666309416576349,0.006666309327410219,0.005625208373069078,0.005625208289951406,0.0013328729999106215,0.001332873285253618,0.0,0.0,0.006269741274106895,0.006269741190099226,0.0062900688057502315,0.006290068658681646,1.2678512578898989e-08,1.2928296247110959e-08,1.5183339588317275e-08,1.5464505385885368e-08,0.0,0.0,1.5282946390557533e-08,1.5566122398257224e-08,0.006189097586956732,0.00618909748951933,0.00700019568754025,0.00700019559362701,0.007612167225522986,0.007612167126189855,0.007455654519124464,0.007455654339864402,0.005701087813154054,0.005701087662016386,0.00627690929179554,0.006276909191078042,0.006080580004282952,0.00608057988704934,1.7776492230550382e-08,1.807933217914181e-08,0.005718676961121327,0.0057186768542622675,0.006141442884907861,0.006141442602667607,1.1396045332630437e-08,1.160160589905027e-08,2.5122893540171762e-08,2.5436562621305024e-08,2.032663436507816e-08,2.0611609566020692e-08,9.051249583837117e-09,9.21352577379676e-09,0.006857126884743003,0.006857126751609267
2021-04-02,5.253500755610856e-09,1.5760502266832567e-12,2.4106352045011087e-08,2.4451282774678995e-08,0.0651103326342285,0.06511033245245675,0.07306683059185196,0.0730668300035053,0.04095818690994567,0.040958186775025045,0.7276049258278402,0.7276049257246183,0.006893721919107322,0.006893721824983195,0.005733523273230063,0.005733523186941639,0.0013607869770546946,0.0013607871720632302,0.0,0.0,0.006619260448327152,0.006619260357421661,0.006454125383943101,0.006454125267697766,1.3000499049441506e-08,1.325756348156681e-08,1.5260466953503373e-08,1.5539454601802807e-08,0.0,0.0,1.5489312397292635e-08,1.577110181817314e-08,0.006135884442464409,0.0061358843471962,0.007129230087578672,0.0071292299903362956,0.007929350039227333,0.007929349937508394,0.0076927854542358926,0.007692785309173722,0.005538254232303802,0.005538254095977769,0.0064398366542414345,0.0064398365554629465,0.0062499298537079025,0.006249929747194651,1.7704453776907963e-08,1.7999307943486892e-08,0.00589733669890978,0.005897336598027412,0.006082649180394072,0.006082648961055393,1.1206658067542026e-08,1.1417474617896908e-08,2.5621552326265625e-08,2.5920173546326638e-08,2.0766069260763928e-08,2.105287828590855e-08,9.155450823374999e-09,9.333319509617946e-09,0.007102897080593265,0.007102896950797715
2021-04-09,6.0415680642368e-09,1.8124704192710399e-12,2.365258176905124e-08,2.4012967343996475e-08,0.06499677843608545,0.0649967783185226,0.07292197776741953,0.07292197593110177,0.040835517579326054,0.040835517499138926,0.7270118814122625,0.7270118813234926,0.006881668730343568,0.006881668702547911,0.00577764835228159,0.00577764833225324,0.0013743242106304563,0.0013743244678783581,0.0,0.0,0.006635892279161083,0.006635892255386822,0.0064582985448898645,0.006458298439685709,1.3314437762813907e-08,1.3630451594729646e-08,1.5053783760922857e-08,1.5379283316227647e-08,0.0,0.0,1.5461794619151793e-08,1.5791897152569534e-08,0.006146347478327057,0.006146347446627865,0.0071480714966050095,0.007148071464289573,0.007977957019839043,0.007977956982994557,0.007714255523809559,0.007714255420110184,0.005731042550938899,0.005731042446998628,0.006692927313364559,0.006692927275425883,0.006401698582344696,0.006401698532931472,1.7602960176425656e-08,1.7939341884619825e-08,0.006022140629044391,0.006022140586139469,0.006159087009092531,0.006159086816327206,1.1240963765981004e-08,1.1496645359309377e-08,2.514109964942281e-08,2.5452435234875015e-08,2.0419910389123e-08,2.0725471807097107e-08,9.076663098023461e-09,9.299237567803848e-09,0.007112334120039126,0.007112334030416185
2021-04-16,5.385853640762361e-09,1.6157560922287082e-12,2.3145850284126895e-08,2.3499092703558676e-08,0.06522569347158705,0.0652256933028568,0.07323281301073715,0.0732328122749102,0.040915432445531676,0.04091543230886075,0.727277163379907,0.7272771632791022,0.00666231940594426,0.00666231931755805,0.005702946491945796,0.005702946411149929,0.0013529257186983526,0.0013529259379860168,0.0,0.0,0.0065617939112690565,0.006561793825371871,0.0064315140971883894,0.006431513983034774,1.2802271693762443e-08,1.3065637821448795e-08,1.4569785847732863e-08,1.4850747601971864e-08,0.0,0.0,1.4825753836222958e-08,1.5110446071590918e-08,0.005951789307000156,0.005951789218703269,0.007024795917076923,0.00702479582436051,0.007782275859063461,0.00778227576162256,0.007636921065031154,0.007636920923710258,0.005763260445812906,0.00576326031322765,0.0067762133424283735,0.0067762132454474155,0.006471272295915309,0.006471272191600197,1.7367508196618395e-08,1.7669567863893637e-08,0.0060357363497762825,0.00603573625050732,0.006154625343000234,0.006154625140282651,1.1093732764782113e-08,1.1308739596019652e-08,2.5745118389280376e-08,2.60541986648933e-08,1.988521745754289e-08,2.0173170347641773e-08,8.9633571055503e-09,9.14063408554601e-09,0.007040359743490835,0.007040359617472827
2021-04-23,3.2445317339047088e-09,9.733595201714125e-13,2.3074351806226627e-08,2.3286215778124415e-08,0.0652190624252269,0.06521906231538564,0.07333128779456746,0.07333128768099015,0.040851805397760996,0.040851805328404774,0.726347932371402,0.7263479323548453,0.00684289857548462,0.0068428985025944244,0.005841275164750009,0.005841275094053441,0.0013900634642743004,0.0013900635501166855,0.0,0.0,0.006889125384944042,0.006889125313520858,0.006510085205881237,0.006510085110324184,1.2791689853086968e-08,1.2983343579463082e-08,1.498734439255509e-08,1.518530403462584e-08,0.0,0.0,1.5115220907230365e-08,1.5315099578555846e-08,0.006088901650349379,0.0060889015743972085,0.007027412105967898,0.0070274120308922074,0.008102081765464219,0.008102081689209284,0.007584567081186219,0.00758456696798922,0.00591340321119922,0.005913403081608768,0.0067536329559980965,0.006753632876578084,0.006446089148297156,0.006446089061392119,1.6936215399776442e-08,1.7135529733559316e-08,0.006036085952423422,0.006036085868155626,0.006253936982814578,0.006253936825320582,1.094059549653811e-08,1.106794753041987e-08,2.594174947181476e-08,2.6089753580838012e-08,2.063326544863207e-08,2.0779976711526655e-08,9.233484434409517e-09,9.347170216389673e-09,0.006570203708090897,0.0065702035838807234
2021-04-30,3.911820853500348e-09,1.1735462560501043e-12,2.2820136037257918e-08,2.3061649649828456e-08,0.06511095606014307,0.06511095591115111,0.0731543050188603,0.07315430490836326,0.04084088178323923,0.04084088166009898,0.7255332380759608,0.7255332382034451,0.006944602447304822,0.006944602360484746,0.005878368002502016,0.005878367917962053,0.0013727472879787297,0.0013727473960417971,0.0,0.0,0.0071567914960649105,0.007156791410658479,0.006483270024672365,0.006483269907330162,1.3025621171041332e-08,1.3232293030692485e-08,1.4363886430152074e-08,1.4576135416528263e-08,0.0,0.0,1.507495249849837e-08,1.5292740647383556e-08,0.006090747539512084,0.006090747449390848,0.006961976488979751,0.006961976399562328,0.00831790055279305,0.00831790046195371,0.0076935419858322135,0.00769354184678946,0.0058773677865995855,0.00587736763755476,0.00680042584231779,0.00680042574710626,0.006491016803614497,0.006491016697913368,1.6487693441507334e-08,1.6706573722919153e-08,0.006050626457744504,0.00605062635535742,0.006187773899740594,0.006187773702376685,1.1310666418835623e-08,1.1453471688844435e-08,2.6930519211080902e-08,2.7112806636837705e-08,2.0139176217522414e-08,2.0315113732537194e-08,9.431660762448352e-09,9.553890733454477e-09,0.007053312861827338,0.007053312721784027
2021-05-07,3.080706852100112e-09,9.242120556300335e-13,2.262721964854139e-08,2.2830562403146298e-08,0.06524964889796285,0.06524964880508483,0.0733260679532105,0.07332606788093483,0.04086352935002204,0.040863529267640364,0.7261423335055952,0.7261423334761746,0.006798668861023057,0.006798668790432105,0.0058723912653518475,0.005872391196939381,0.0013751487045387607,0.0013751487932161712,0.0,0.0,0.007045004328238952,0.007045004258510916,0.006515434011596844,0.006515433919705259,1.2800885421618143e-08,1.298217223893309e-08,1.3808833749546658e-08,1.3991647032040974e-08,0.0,0.0,1.4731058626172723e-08,1.4918756480735823e-08,0.005977731675544947,0.005977731603392739,0.006797418830589039,0.006797418758216783,0.008025367844661686,0.008025367770045849,0.007531740284450705,0.007531740174560146,0.005993784536242372,0.005993784413427774,0.0065714475428995,0.006571447465953621,0.006459997077599241,0.006459996992250334,1.633743534754799e-08,1.6525058871459613e-08,0.005971892751495879,0.005971892670286217,0.00624789056785768,0.006247890421063522,1.1336510603971835e-08,1.1459505101564613e-08,2.8037598731608433e-08,2.8176007073512377e-08,2.047029063587917e-08,2.0607439839210838e-08,9.514947119845485e-09,9.625306806445006e-09,0.007234352346339009,0.007234352225708584
2021-05-14,0.06899567709509596,2.0698703128528787e-05,2.2606264172710943e-08,2.2611206772226825e-08,0.06534166758386116,0.0653416656074301,0.08785978661024409,0.0734448131956941,0.06107946196565518,0.04099660062528993,0.6924560276292384,0.72695386517613,0.006722444188379444,0.006722444118472409,0.005851691343767443,0.00585169126108845,0.0013715180146753525,0.0013715179746634438,0.0,0.0,0.006906368098892216,0.006906368033251367,0.006549969624376962,0.006549969547140146,1.2131398239754564e-08,1.2296854606167478e-08,1.3555483556614794e-08,1.3707913880118539e-08,3.469748678674996e-10,0.0,1.4217711497513026e-08,1.435792189709163e-08,0.005887979700437633,0.005887979598261303,0.0067409344953407,0.0067409344146231774,0.00804021288408636,0.008040212816571886,0.0073090295892231285,0.007309029409383494,0.005984434272195545,0.00598443415341317,0.006315684643142048,0.00631568455788065,0.006247555927703385,0.006247555819724191,1.5269142209384465e-08,1.539959879687246e-08,0.0058979224304280915,0.005897922309168442,0.006321691250580599,0.006321691049435211,1.1299754677722643e-08,1.1475704841332293e-08,2.9303044637014948e-08,2.9300812682342738e-08,2.0577604515893004e-08,2.062403004187071e-08,9.565115275211732e-09,9.749899660773189e-09,0.0071154708752784665,0.007115470808435155
2021-05-21,0.01075285836897297,3.225857510691891e-06,2.211586439653649e-08,2.2590733021102682e-08,0.06536754768777538,0.0653675468578184,0.09325299119877951,0.08787656918762897,0.060865945601745894,0.060865943326811923,0.6847381616429291,0.6901145879810261,0.00695077692757208,0.006950776703672069,0.005935183239905893,0.005935183002217021,0.001390513024611403,0.0013905128101377347,0.0,0.0,0.007359783594572526,0.007359783376755268,0.0063958118692121245,0.006395811739367158,1.2165201026137956e-08,1.2401421979870032e-08,1.3586160685194845e-08,1.3861314225374927e-08,8.982907065694966e-10,3.7113797518740335e-10,1.4479732740738962e-08,1.4769440641001306e-08,0.006291952185980968,0.006291951934389282,0.0072015779109095525,0.00720157767834254,0.008363503323975684,0.008363503100838901,0.007428224228811204,0.007428223884264162,0.006074615890960272,0.0060746156788904025,0.006342774062731061,0.0063427738212965,0.006277226650846351,0.006277226388384409,1.5124786877725354e-08,1.5434069305159296e-08,0.005987686341763776,0.005987686069005183,0.006457662134109658,0.006457661810764579,1.0830373329902582e-08,1.1088368185438908e-08,2.6677710407352537e-08,2.709064976901222e-08,1.9406882725938925e-08,1.981936989676856e-08,8.717592956105133e-09,8.89532772809815e-09,0.007317918480211549,0.007317918326556735
2021-05-28,4.675218777567478e-09,1.4025656332702433e-12,2.2124745935137095e-08,2.2429336613388795e-08,0.0651699499472442,0.0651699493831574,0.09328335321399019,0.09328335308171665,0.06084555857817418,0.060845558376790225,0.6834115266505891,0.6834115265713059,0.007144902539827123,0.007144902469194523,0.00603801667881866,0.006038016614261754,0.0014413743596630735,0.001441374531070086,0.0,0.0,0.0075241827448188645,0.007524182673595556,0.006522691860833506,0.006522691759071215,1.2805556653305676e-08,1.3049658519022944e-08,1.3983374977310018e-08,1.4236344483167126e-08,9.733528725096899e-10,9.030930700465425e-10,1.4903535216349185e-08,1.5164705955311563e-08,0.006545406510098801,0.0065454064363225225,0.007400639138843887,0.007400639063279504,0.008580478338496882,0.008580478261094053,0.007542215108116423,0.007542214997751394,0.005981870133087865,0.005981870003974662,0.00647687798319522,0.00647687791262055,0.00631566860092763,0.006315668525432592,1.493399425458813e-08,1.519249245342616e-08,0.006017728613770277,0.0060177285395173275,0.006473540601521109,0.006473540423566929,1.0450491526246886e-08,1.0632691472439757e-08,2.58574720566677e-08,2.6117010921010996e-08,1.8665922009534648e-08,1.8908611583700538e-08,8.968855211940696e-09,9.129298102733044e-09,0.007283874730682352,0.007283874613033867
2021-06-04,4.287590402621964e-09,1.2862771207865891e-12,2.1855778989158977e-08,2.2139112210576202e-08,0.0650303487291211,0.06503034855249615,0.09343778195022104,0.09343778174910458,0.0607981718337444,0.060798171553874306,0.6831903376163783,0.6831903375433132,0.007025845728515386,0.007025845654980043,0.006033314292358319,0.0060333142214862205,0.0014492438788401237,0.0014492440122910503,0.0,0.0,0.007472508896171597,0.007472508822720222,0.006587046834769333,0.006587046720693959,1.2534886214589944e-08,1.2759335467739678e-08,1.3562281134748161e-08,1.3794302021212568e-08,1.0832144863368732e-09,1.016708189081899e-09,1.4846930387781753e-08,1.5088829149687238e-08,0.006424036813387216,0.006424036735264591,0.007341094625565165,0.00734109454743335,0.008495779900037309,0.008495779821865296,0.007511220144472525,0.007511220031376706,0.006003542862873131,0.006003542730916832,0.006445525545483838,0.006445525469825149,0.006348284186342979,0.006348284104470864,1.4821136650764633e-08,1.5059839247308596e-08,0.006085546563793046,0.006085546482155099,0.006375585199099297,0.0063755850233720495,1.0457586533408421e-08,1.0627994420952605e-08,2.6977226957872472e-08,2.7215325192541382e-08,1.9039108741163868e-08,1.9264130650975986e-08,9.339110358337704e-09,9.495522010653108e-09,0.007944639881565404,0.007944639761262
2021-06-11,3.221602000233199e-09,9.664806000699596e-13,2.165179202266147e-08,2.1864758708658144e-08,0.06495399819492642,0.0649539980595455,0.0930866414784616,0.09308664141438971,0.06068952411540259,0.06068952395888896,0.683057893946937,0.6830578939091474,0.007058082195407879,0.007058082129221209,0.006124199307599644,0.006124199243470258,0.0014889041296543373,0.0014889042168003683,0.0,0.0,0.00766127005204827,0.007661269985758039,0.006599681967497937,0.006599681881214812,1.3333357605023047e-08,1.3524670835511376e-08,1.4091043033763068e-08,1.4284501710036346e-08,1.1630447369154499e-09,1.1217741035511813e-09,1.506776363384176e-08,1.526695711062475e-08,0.006467051015485298,0.00646705094570698,0.007720111827775117,0.007720111757372181,0.008355930680865006,0.008355930611089517,0.007441883761257551,0.007441883665078316,0.005908190602529719,0.005908190484937075,0.006487461405161817,0.006487461337429758,0.006374866702086079,0.006374866629542675,1.46330526341302e-08,1.4825424833715756e-08,0.00605327369466986,0.006053273623078933,0.006355257575655716,0.006355257437238418,1.019592538539166e-08,1.0315013450156658e-08,2.6040929427296363e-08,2.619473283632369e-08,1.9028275210356386e-08,1.917645046352644e-08,9.386138202283607e-09,9.499422412008181e-09,0.008115632755256163,0.008115632636383737
2021-06-18,5.5578261707022e-09,1.66734785121066e-12,2.0968812439220627e-08,2.131337283344584e-08,0.06504387589934066,0.06504387567177292,0.09295805059234258,0.09295805067964759,0.06077507961980117,0.060775079472815983,0.6845265117307772,0.6845265108613922,0.00684418061760153,0.0068441805356308704,0.005992806990501422,0.005992806918533016,0.0014656435719803882,0.0014656438505517505,0.0,0.0,0.007453170842154414,0.007453170754258986,0.006542435821540245,0.006542435727908788,1.361201598385523e-08,1.3892259951928872e-08,1.3830444844196346e-08,1.4112263522852875e-08,1.219358933807295e-09,1.1334407990334033e-09,1.5093055460780377e-08,1.539266707088181e-08,0.006249840670775794,0.006249840590334692,0.0074760321991730475,0.007476032106920685,0.00811192887450156,0.00811192877735844,0.00742291657619685,0.007422916452729441,0.0057984828869652805,0.005798482747962839,0.006604959914550621,0.006604959830351826,0.006389476447314254,0.0063894763596113,1.4322559612317529e-08,1.4606482104185852e-08,0.006033359943201169,0.006033359858933954,0.006200803960164375,0.006200803779054243,9.87241395458585e-09,1.0038079822184821e-08,2.6858365673920203e-08,2.7184516917834005e-08,1.7856189131540728e-08,1.8132691807726226e-08,9.285210649395174e-09,9.439770258975301e-09,0.008110299922691041,0.008110299778685338
2021-06-25,7.171668434800125e-09,2.1515005304400375e-12,2.0837264757217396e-08,2.1261709577119892e-08,0.06502702012358684,0.06502701995175472,0.09302614791209828,0.09302614804463016,0.06075503928810363,0.060755039179089296,0.6835097762652913,0.6835097737562965,0.0069234606867469755,0.0069234606512338015,0.00612965329166817,0.006129653266148708,0.0015036275362579783,0.001503627943589339,0.0,0.0,0.007647924304800824,0.007647924261687271,0.006672575076544189,0.006672575055594495,1.3798137433299672e-08,1.4150689133068705e-08,1.3476142136779367e-08,1.3821411724479968e-08,1.3550438326560985e-09,1.3208411126662382e-09,1.5023538334646555e-08,1.5393223961030455e-08,0.006326527760176499,0.006326527725704768,0.0077389574264767665,0.007738957376914469,0.007859703714614617,0.007859703664468632,0.00758120159845346,0.007581201517694115,0.005630906942270207,0.005630906858500864,0.006832907083437727,0.00683290704316283,0.006491310409686924,0.006491310368309213,1.3938730666473702e-08,1.428670409123044e-08,0.0059991158926158625,0.005999115858059793,0.00612459323274785,0.006124593104463051,9.63099574475773e-09,9.85589864319728e-09,2.6751712839409768e-08,2.7169550927405296e-08,1.7218838106736483e-08,1.7566711392462186e-08,9.159520276033133e-09,9.374951938548938e-09,0.008219410264497667,0.008219410171005595
2021-07-02,1.0940095221249444e-08,3.282028566374833e-12,2.0196075732346713e-08,2.0730916159357806e-08,0.06515497711860727,0.06515497701024571,0.09327795729260425,0.09327795734265533,0.06076927450548453,0.060769274471639,0.6829180869164043,0.6829180816403816,0.006999067638160216,0.0069990677090724035,0.006086713775085592,0.00608671385496558,0.0015027371014071178,0.0015027377142039003,0.0,0.0,0.00803514444741897,0.008035144511073365,0.0065880969866428,0.0065880970739239965,1.4096585532619203e-08,1.4568245528643843e-08,1.312753334697599e-08,1.3578330193758633e-08,1.3558765079341045e-09,1.4065503055431943e-09,1.5203812398792632e-08,1.5691558411425883e-08,0.00624688920477676,0.006246889274759362,0.0074114437986318145,0.007411443857051222,0.008082335837468715,0.008082335891648086,0.007514036448632469,0.007514036454133259,0.005654813715227747,0.005654813726870926,0.00694376335473766,0.0069437634150711055,0.006548420248000093,0.0065484203035464025,1.3352009737166723e-08,1.3800745501672209e-08,0.005960664648291468,0.0059606647118442295,0.0061165638028742786,0.00611656375105653,9.325032268312507e-09,9.651786833345665e-09,2.5312917774757105e-08,2.5864960761663608e-08,1.7951220479448614e-08,1.843360589024807e-08,8.377339032291204e-09,8.680174924575132e-09,0.00818887486114095,0.008188874878983416
2021-07-09,5.218586597365609e-09,1.5655759792096827e-12,2.0009425554085518e-08,2.034615340009826e-08,0.06535165016254264,0.06535164988371323,0.09378067960600764,0.09378067962336947,0.06092501285312028,0.06092501268259515,0.6831741866721568,0.6831741860764016,0.006843021202482583,0.0068430211207445605,0.006117714297315328,0.006117714222064604,0.0015373853318560327,0.0015373855867021802,0.0,0.0,0.007993180091793714,0.007993180000737265,0.006473722224269796,0.006473722116292412,1.4679138637584003e-08,1.4973383856556146e-08,1.304674706011156e-08,1.33155930835236e-08,1.553961275290528e-09,1.4817372122152342e-09,1.5250718507160423e-08,1.5550900116162793e-08,0.006120308427487938,0.006120308348759109,0.0077279760827921986,0.007727975989309939,0.007657897983293339,0.007657897890442174,0.007159333986831406,0.0071593338603466545,0.005603210479441928,0.005603210338226706,0.007083347822524869,0.007083347732192493,0.006621929019202593,0.006621928926722003,1.2979531970470875e-08,1.3242120021335462e-08,0.005942369805750293,0.0059423697212255926,0.0061867043645357405,0.006186704167557347,9.278904075764633e-09,9.431152552692471e-09,2.5492615154639002e-08,2.5821082307811594e-08,1.739253715481312e-08,1.7665530139354168e-08,7.924056809635286e-09,8.044844757195296e-09,0.007700231978958546,0.007700231840099947
2021-07-16,0.005638453716131145,1.6915361148393433e-06,2.0044053474953004e-08,2.032970721326363e-08,0.0653134340452062,0.06531343407454349,0.09116789145508242,0.09398711378790885,0.060955435430463466,0.06095543545131799,0.6847841800055767,0.681964953147511,0.006923219371981839,0.00692321949565597,0.006277250646464375,0.006277250765227594,0.001556580342232664,0.0015565804784109466,0.0,0.0,0.00823351158149317,0.008233511712068353,0.006649277001427733,0.006649277115371647,1.3519495212922875e-08,1.3835442678496853e-08,1.2886864178952081e-08,1.3201397717215031e-08,1.497040676126695e-09,1.6293684068806563e-09,1.4418316917704728e-08,1.4736064250814048e-08,0.006252335140538282,0.006252335252778178,0.007564659415740234,0.0075646595337513665,0.00781957684852516,0.00781957696788522,0.007359608912064998,0.007359608983184665,0.005696463618752489,0.005696463703620127,0.007132949410605705,0.007132949523470673,0.0066630036376201926,0.006663003739294278,1.2713115190223842e-08,1.3018396852473478e-08,0.005968542598262575,0.005968542700340198,0.00625965818091961,0.006259658229347641,9.057652356515994e-09,9.35545804757278e-09,2.61416438655427e-08,2.6452525239560025e-08,1.7410972285298697e-08,1.7707618483984484e-08,8.256861163794752e-09,8.553756945050126e-09,0.007422286411026694,0.007422286518575578
2021-07-23,0.005486186460878175,1.6458559382634523e-06,1.994347002585289e-08,2.0263621426973434e-08,0.06544259067060895,0.06544259072391746,0.0885819425260523,0.09132503063773663,0.061029611677734324,0.061029611702983225,0.6873576363002555,0.6846145430698164,0.0069217706287388325,0.0069217707714813665,0.006360805658267712,0.006360805795566838,0.001603385663912985,0.0016033858152253637,0.0,0.0,0.008250225513108115,0.008250225665121552,0.006656850169142716,0.006656850300719362,1.4223190632784126e-08,1.4573829432322371e-08,1.2875751025468485e-08,1.3221147087978929e-08,1.406987151492349e-09,1.5470503706624622e-09,1.4245657460234995e-08,1.4596905100270294e-08,0.006399056602283336,0.006399056732485018,0.008068644408331835,0.008068644547595037,0.00757408915260268,0.007574089289716679,0.007240239966535296,0.0072402400524278114,0.0054768917938756816,0.005476891896544273,0.007112057219988953,0.007112057351362756,0.00665158074558602,0.006651580865204464,1.2220809952915475e-08,1.2555719795240216e-08,0.005863982279975525,0.005863982399471403,0.006165157756781741,0.006165157817251757,8.7474493202323e-09,9.072146199430477e-09,2.685508640644677e-08,2.720492105137173e-08,1.690105344305719e-08,1.7228099241046058e-08,8.238129983234205e-09,8.563638846564067e-09,0.0072433456086320736,0.007243345738294015
2021-07-30,8.51075221276162e-07,2.5532256638284855e-10,1.820657851135469e-08,1.974097838907562e-08,0.06571794540889682,0.06571794522274006,0.08890294920471863,0.08890334938934116,0.061281858798826805,0.061281859225581575,0.6888194444658599,0.6888190191144058,0.006530551060234529,0.006530552008222076,0.006133931701662835,0.006133932661168303,0.001559872069268995,0.001559874048926175,0.0,0.0,0.008072352044408376,0.008072352933796486,0.006389300648604834,0.0063893017229638156,1.3901263752540495e-08,1.528669401622349e-08,1.1373711561915328e-08,1.2601775711106624e-08,1.1179649246231601e-09,1.3921957014993743e-09,1.3045054216924556e-08,1.4383850998908365e-08,0.006091482163908539,0.00609148309191172,0.008096170770009828,0.00809617160799033,0.006742896118308803,0.00674289701285555,0.00686221662386864,0.006862217326816536,0.005499603117251554,0.00549960381092368,0.007198420523779622,0.007198421356281237,0.006728083569852708,0.006728084360254152,1.1023610083042961e-08,1.2200453998184278e-08,0.005941710116551584,0.005941710976927163,0.00624500059931331,0.006245000993853094,8.252081358605212e-09,9.06338065518302e-09,2.5369992011911175e-08,2.7037863368000802e-08,1.5680461475143774e-08,1.695672344845431e-08,7.312032138128653e-09,8.061849420435205e-09,0.007186085711923783,0.007186086409275102
2021-08-06,0.08324192479741097,2.4972577439223286e-05,1.660163153923427e-08,1.8383124181166315e-08,0.0653078135747047,0.0657748021947574,0.06014321285280328,0.08923040043435608,0.049013204941296344,0.06107994215613793,0.729545050295732,0.6879240878970265,0.0066553767546434104,0.006655379383492113,0.006265659678546405,0.006265661740645151,0.0016106882850024857,0.001610689169388367,0.0,0.0,0.00820384879479462,0.008203855505513844,0.006333772173364282,0.0063337739900784975,1.149832663314008e-08,1.3289884246492214e-08,9.744409598638639e-09,1.1375026947630467e-08,7.39514745405732e-10,1.1694973235206788e-09,1.1328378828368019e-08,1.3123559268310334e-08,0.0060918333426828635,0.006091835001843812,0.008904099184454117,0.00890410517124396,0.006774839637909628,0.006774841781657934,0.006834579731737257,0.006834580620790168,0.005496025082643884,0.005496026163396693,0.0071875424448416565,0.0071875444550390955,0.00670822222595383,0.0067082234733494735,9.519514801222139e-09,1.0956246945223231e-08,0.005940387303328458,0.005940388388336033,0.006194834565071179,0.006194835107605719,6.680079359520427e-09,8.039246232549558e-09,2.1840743734429427e-08,2.4178820549342748e-08,1.3763130561651587e-08,1.538671257270098e-08,5.9987377733887275e-09,7.389205488206086e-09,0.006788901416022014,0.006788904074017445
2021-08-13,9.192972883479518e-07,2.757891865043855e-10,1.5586044469020978e-08,1.6780948430835324e-08,0.06507271371064134,0.06507277186922339,0.05979335003739269,0.05979362957015893,0.048968319873900906,0.048968328220775334,0.7295772103884312,0.7295767526011719,0.0067009877055812265,0.006700996631295031,0.0064327516147351,0.006432759656446767,0.0016590218833739158,0.0016590269784152384,0.0,0.0,0.007866150760352996,0.007866162788704379,0.006650393045092982,0.006650400885288386,1.1535525620202041e-08,1.1144002979835887e-08,1.0367612525568893e-08,9.796440145625476e-09,8.756204562085343e-10,7.298372729254578e-10,1.15781839048798e-08,1.1199917205817056e-08,0.006238944818547204,0.0062389517466561835,0.00895955982862004,0.0089595721586261,0.006961279255652366,0.006961287118732516,0.006925909247629994,0.006925913602662047,0.005205038836110447,0.005205044100839054,0.007190874394188532,0.007190882066291967,0.006764403161237291,0.006764408737406161,9.946344148591214e-09,9.571704176403629e-09,0.005970896711466964,0.005970901942739094,0.006015137372935818,0.006015140652785415,6.808303543082748e-09,6.8310335964892544e-09,2.0327942370030654e-08,2.2108017489543536e-08,1.321733144693316e-08,1.3788151456483134e-08,6.642541594282507e-09,6.7345090561815756e-09,0.007046950468658846,0.007046959987220325
2021-08-20,2.85596195779557e-07,8.56788587338671e-11,1.1611763766282203e-08,1.5490134791477262e-08,0.06539034573647935,0.06539035151837007,0.060083100691965395,0.06008312059894683,0.049100898123589205,0.04910090245551788,0.7303360415276056,0.7303358987295075,0.006543922740053245,0.006543928686722944,0.006307157952530547,0.006307163590048592,0.0016218171961710928,0.0016218236963628596,0.0,0.0,0.007626449497226705,0.007626456263964684,0.0066037814618899685,0.006603787725844407,7.389634284874356e-09,1.1013564337472164e-08,6.522862236592117e-09,9.893019518659137e-09,0.0,8.502205340009274e-10,7.628846341809717e-09,1.1286551879175233e-08,0.006557471289603408,0.006557476710453672,0.009035089524084564,0.00903509641170054,0.006669970266249821,0.006669975684064752,0.006647455737666332,0.0066474594136957145,0.005151054701022514,0.005151059172152901,0.007100158027813848,0.007100163374890422,0.0066886916855882095,0.006688696167278086,6.5727268321560434e-09,9.760355184203444e-09,0.0059236970876136615,0.005923701457112732,0.006135278735262017,0.006135281591297527,3.881346285930938e-09,6.598119618553558e-09,1.5123622061688532e-08,2.0060680298683435e-08,9.714583381504979e-09,1.3343639857147632e-08,3.622607367419417e-09,6.417267121948071e-09,0.006477545949592227,0.006477552038514679
2021-08-27,0.03681748808974996,1.1045246426924986e-05,1.0545681945949638e-08,1.1732343342427426e-08,0.061869219371634365,0.06515170485630799,0.04471486936050216,0.059841096744117764,0.04915278992488816,0.0491527946293444,0.7481519276020918,0.729743183557217,0.006487165268390385,0.006487166581195117,0.006454026667765514,0.006454027838571568,0.0016586724773678485,0.001658673022804017,0.0,0.0,0.007586383461849999,0.007586385696060601,0.006888369210837496,0.006888370268484892,6.357331424431363e-09,7.48543942943419e-09,5.483424380716349e-09,6.495311061307721e-09,0.0,0.0,6.277401704956323e-09,7.391779420940109e-09,0.006526699563087693,0.006526700587509164,0.009211726282260163,0.009211729344703498,0.006434207407601619,0.006434208440399222,0.006634707420884771,0.006634707915355681,0.005171230763226854,0.005171231343887586,0.007358238763116291,0.007358239936784712,0.006832672961717123,0.006832673690916739,5.706131592412999e-09,6.64512390233319e-09,0.005960047045543541,0.005960047688679819,0.006123084303510456,0.006123084617850113,3.1834382610416996e-09,3.9419054272744264e-09,1.4002334085788752e-08,1.564020815637206e-08,8.57083460251883e-09,9.605621530392517e-09,3.230108075168159e-09,4.041437400813169e-09,0.006783898787037637,0.006783900260640747
2021-09-03,0.006574629695542696,1.9723889086628087e-06,9.075017141324756e-09,1.082396929465066e-08,0.059297046448246384,0.061899274187582495,0.04411238516043576,0.04479739246206912,0.049170809038634425,0.0491708452430632,0.7502796130658533,0.746992298218082,0.00655209351406392,0.006552095933070387,0.0066229614686271025,0.006622963705088092,0.0016656959005037796,0.0016656967897814114,0.0,0.0,0.007288538536758564,0.007288542104947232,0.0073359596175535,0.007335961845068707,4.389650734781759e-09,5.84127609079356e-09,3.956116650366522e-09,5.292995874659266e-09,0.0,0.0,4.413955247194372e-09,5.865747371146421e-09,0.006871060368340777,0.006871062410439083,0.008959422746078173,0.008959427756921982,0.006421069693554278,0.0064210715361560375,0.006810622259035459,0.006810623182040483,0.005232529772277669,0.005232530821331537,0.0074547627395871756,0.0074547649553180564,0.006858452636191535,0.006858453959045779,4.500515697366423e-09,5.831698574237224e-09,0.005976658108636817,0.005976659265350747,0.006180993051000278,0.006180993627930951,2.246681009401967e-09,3.236235836257156e-09,1.1800227250858586e-08,1.4227630861143948e-08,7.0062178276906915e-09,8.519899067076482e-09,2.4591057434985156e-09,3.5609484425546947e-09,0.006909276027133609,0.006909278796311155
2021-09-10,0.006720952585906159,2.0162857757718476e-06,7.078458331881918e-09,9.243985767434949e-09,0.05912722950514692,0.05912728769284287,0.04125375441144315,0.0439738034405743,0.0484107313468307,0.049051025272700007,0.7528865486540258,0.7495260723610726,0.006671407275309351,0.006671411947026456,0.006885819348973001,0.006885823803453725,0.0017020139085378657,0.0017020152128926554,0.0,0.0,0.00746964858919036,0.007469656912532344,0.007837325110116393,0.007837329838926453,2.907124438195766e-09,4.429045795351991e-09,2.609101533984626e-09,3.99665166503832e-09,0.0,0.0,2.8872633050795776e-09,4.401818008271901e-09,0.007103558390680453,0.007103562485847283,0.008953726413484233,0.008953738591690715,0.006595244031159389,0.00659524740844939,0.00674148843960285,0.0067414898374797095,0.005186176698104501,0.005186178332312878,0.0074018243197917334,0.007401828177982189,0.006814283393588412,0.006814285472985045,3.2280359367358225e-09,4.7133645434628364e-09,0.005863038956053588,0.005863040770163571,0.006092117033670787,0.006092117892109499,1.3645356337941e-09,2.2767882250967737e-09,9.277571553474268e-09,1.232227753588215e-08,5.126524431618531e-09,6.941645120261259e-09,1.7061656619436122e-09,2.8256831839206134e-09,0.007004027989509839,0.007004033397698364
2021-09-17,0.002905694546642654,8.717083639927961e-07,5.158623793805842e-09,6.888984229367113e-09,0.059105720230947414,0.059107916604622314,0.0412312998171421,0.04123131039513142,0.04702543084080564,0.04847599418050437,0.7559347725769658,0.7544819253036446,0.006480177682433639,0.006480182946456085,0.006746211370070064,0.006746216544313057,0.001672233110775291,0.0016722354085039045,0.0,0.0,0.007264773448363655,0.007264780707233843,0.00762804568755975,0.007628050935411103,1.7374687359092182e-09,2.8133323599338007e-09,1.5609164353245749e-09,2.5343432712090254e-09,0.0,0.0,1.7250654122447495e-09,2.7888336835379896e-09,0.006844628455237154,0.006844633268910866,0.008508773125370673,0.008508781138230219,0.006518168392449973,0.006518172672408715,0.006423998905243668,0.006424001143236501,0.005103682043807327,0.005103684643547224,0.00733156048667583,0.00733156513400142,0.006759030795914985,0.00675903384736003,2.1401302327535756e-09,3.2776827679220635e-09,0.005868407025150023,0.00586840982850261,0.006084234837128172,0.006084236363444621,7.943428024273702e-10,1.3659531374958994e-09,7.216698101684116e-09,9.560102682143739e-09,3.801967477736904e-09,5.24511260765826e-09,9.843687126194705e-10,1.6864230998535446e-09,0.0074688260483772575,0.0074688327737695475
2021-09-24,6.677822928054609e-07,2.0033468784163825e-10,1.7004874932197405e-09,5.204000886230815e-09,0.05922743361814439,0.05922750937057912,0.04129587293633716,0.04129588611598526,0.0469593415020211,0.046959383596626124,0.755664494428647,0.7556641605375006,0.006522421200214168,0.006522435468521287,0.006790260023821,0.006790274013665342,0.0016860333789312342,0.0016860421656737293,0.0,0.0,0.007382154579462645,0.007382172200737347,0.007531354592434928,0.007531368809541108,0.0,1.8101356638473537e-09,0.0,1.5767555925723334e-09,0.0,0.0,0.0,1.7448770050120684e-09,0.0069556307976095435,0.0069556443365547576,0.00875013038950298,0.008750149316673757,0.006558255209083491,0.006558267610030934,0.006414938796372831,0.00641494610496817,0.004956766755282494,0.004956775188254477,0.00726758675795162,0.007267599676979008,0.006705091619531237,0.006705101206912312,0.0,2.1303212114677525e-09,0.0058263188778662905,0.005826327852300559,0.006041829499673051,0.006041834558830692,0.0,8.004596655750442e-10,2.9004617875436872e-09,7.891704425669329e-09,1.0256007619738284e-09,3.790730313264583e-09,0.0,9.538545795163096e-10,0.007464079410562628,0.007464095966825914
2021-09-30,7.893812961062867e-08,2.3681438883188597e-11,7.512529022342711e-10,1.6448601118313658e-09,0.059410086091319154,0.05941008922073778,0.041390816071466496,0.041390817896807555,0.04694412653738068,0.046944134435915406,0.7565960453701769,0.756596005901112,0.006522631206972786,0.006522633030805096,0.0063665792270852705,0.006366580937661327,0.001560655540213073,0.001560656715890896,0.0,0.0,0.007379711602408585,0.007379713838639038,0.007065176926628309,0.007065178777265852,0.0,0.0,0.0,0.0,0.0,0.0,0.0,0.0,0.00668884794768076,0.006688849642203183,0.008195165395464348,0.008195167606904804,0.00706824254368685,0.0070682442183930315,0.006453970350181324,0.006453971307879418,0.004816181901341735,0.004816182984116752,0.007094184919158119,0.00709418655657586,0.0066274225129010775,0.006627423772701265,0.0,0.0,0.005724494074715067,0.00572449525308032,0.005965210812987217,0.00596521148246849,0.0,0.0,1.4473814217002573e-09,3.018487631391578e-09,4.087069809516008e-10,1.0095268411742767e-09,0.0,0.0,0.00813044836089096,0.008130450747967158
2021-10-08,3.8943408828480837e-10,1.168302264854425e-13,7.262419596162801e-10,7.6030054802756e-10,0.05937881899840654,0.059378818979426096,0.04135061018267142,0.04135061016698305,0.04691130503568261,0.04691130502866885,0.7563680972948035,0.7563680972141337,0.006534720113051964,0.006534720118965536,0.006417460741048208,0.006417460746708334,0.0015962694570801708,0.0015962695424573767,0.0,0.0,0.007527850129795508,0.00752785013572022,0.007092621378263097,0.007092621380194271,0.0,0.0,0.0,0.0,0.0,0.0,0.0,0.0,0.006670703260203455,0.006670703264341344,0.008253732248484986,0.008253732252434174,0.007080201670952586,0.007080201673361618,0.006427658218170509,0.006427658214867018,0.004687380556056688,0.004687380546841509,0.007115633020119491,0.0071156330220648375,0.006658093378148395,0.006658093378193582,0.0,0.0,0.005714040275595432,0.0057140402797986566,0.005935857425006486,0.005935857400602607,0.0,0.0,1.4750812943460584e-09,1.5142430093017581e-09,4.197525546742065e-10,4.063693114323774e-10,0.0,0.0,0.008278943995383247,0.008278943973324288
2021-10-15,4.3893261411936343e-10,1.3167978423580902e-13,6.859864108068006e-10,7.153190116782463e-10,0.0590756099172386,0.05907560989544412,0.04114501566012773,0.04114501564742064,0.046867616343931995,0.04686761633056498,0.7561574982894987,0.7561574982096978,0.00659272232573638,0.00659272233374892,0.006327230560752524,0.006327230569015847,0.0015848477357080617,0.001584847830139222,0.0,0.0,0.007436987575409725,0.007436987583845925,0.006941262179735544,0.006941262180357645,0.0,0.0,0.0,0.0,0.0,0.0,0.0,0.0,0.006499330016893969,0.006499330023479533,0.008201796918793832,0.008201796925138609,0.007410189937040265,0.007410189940280319,0.0065330822867620195,0.006533082281659428,0.004997534124244465,0.004997534111199224,0.007063659863504077,0.007063659867143391,0.006636460986156983,0.0066364609873146106,0.0,0.0,0.005628933727212079,0.0056289337333735485,0.0060877584663393694,0.006087758429804726,0.0,0.0,1.5556549462173486e-09,1.5988944811617495e-09,4.1511245809544924e-10,3.96862380106532e-10,0.0,0.0,0.008812460428159809,0.008812460409295541
2021-10-22,3.6438971132494246e-10,1.0931691339748273e-13,6.663773488795998e-10,6.966657744531482e-10,0.05893424034038567,0.05893424032952332,0.041016430733550935,0.0410164307250019,0.04680903449094094,0.046809034478799076,0.755504354903968,0.7555043548298729,0.006614793220844529,0.006614793225801917,0.006403782612586342,0.00640378261767952,0.0016116756190156878,0.0016116757019907807,0.0,0.0,0.007578601973999786,0.007578601979148439,0.007042985494669238,0.007042985495612624,0.0,0.0,0.0,0.0,0.0,0.0,0.0,0.0,0.006534013993859534,0.006534013997520449,0.008367793327155154,0.008367793330507111,0.007258740579929169,0.007258740581424484,0.006706545799513008,0.00670654579385338,0.0050388473581909525,0.005038847346278688,0.007232813318689976,0.00723281331993998,0.006776921829476396,0.006776921828815783,0.0,0.0,0.005652790302200139,0.00565279030695575,0.006023950171174325,0.006023950146850748,0.0,0.0,1.4697578335344377e-09,1.5080329634506627e-09,4.245413614847293e-10,4.133632729192486e-10,0.0,0.0,0.008891681369173662,0.008891681346361495
2021-10-29,4.097527069243492e-10,1.2292581207730474e-13,6.366959634090708e-10,6.596287538152939e-10,0.058969255387960336,0.058969255361346895,0.04112285207890598,0.04112285205090953,0.04691720172413444,0.046917201680741545,0.7562305670747123,0.7562305671155228,0.006547756923014975,0.006547756926507367,0.006288965391673669,0.006288965395411682,0.001569683519928625,0.001569683608700057,0.0,0.0,0.007593209702250134,0.007593209705556613,0.006504138567996515,0.006504138569951595,0.0,0.0,0.0,0.0,0.0,0.0,0.0,0.0,0.006348266032690555,0.006348266035185214,0.00840667673114646,0.008406676731804365,0.0072825099344832785,0.0072825099337865875,0.006606466713430884,0.0066064667037539085,0.004950884682208587,0.004950884668801619,0.007337168627168797,0.007337168625900963,0.006826069129544836,0.006826069126074559,0.0,0.0,0.00569966412305005,0.005699664124468945,0.006074835832742444,0.006074835787079191,0.0,0.0,1.172418309561976e-09,1.2077165602594254e-09,4.4231755737821364e-10,4.248242833094319e-10,0.0,0.0,0.00872382557152533,0.008723825556327157
2021-11-05,4.0798406842982633e-10,1.223952205289479e-13,6.255523915777482e-10,6.479753096423118e-10,0.05898392123254739,0.05898392120756716,0.041250363439595684,0.041250363415780325,0.046908423422230484,0.04690842337949755,0.7546751630455212,0.7546751630869056,0.006519526389739449,0.006519526393630227,0.006371178205727398,0.006371178209558573,0.0016102030186808212,0.0016102031049611712,0.0,0.0,0.007769679514491852,0.007769679518466533,0.00647874388408318,0.006478743885763951,0.0,0.0,0.0,0.0,0.0,0.0,0.0,0.0,0.006297933664348055,0.0062979336671384785,0.009063446323685687,0.009063446326231817,0.007572772475608466,0.007572772475249488,0.006455883513490032,0.006455883503263465,0.004834414169599838,0.004834414155668542,0.007611976248164917,0.007611976247146699,0.0069747329462250445,0.006974732942575453,0.0,0.0,0.005828759513806678,0.005828759514664738,0.005969495536066739,0.005969495487764082,0.0,0.0,1.1622853388687332e-09,1.1966175764450397e-09,4.448306609714436e-10,4.256275647453737e-10,0.0,0.0,0.008823381223718561,0.008823381207945399
2021-11-12,3.6327496289084176e-10,1.0898248886725253e-13,6.029468714272973e-10,6.307392523012592e-10,0.059029449342092685,0.059029449330965274,0.04110983262764367,0.041109832614082326,0.04689186719703778,0.04689186717275902,0.7539345964358347,0.7539345963774977,0.0065531325883382415,0.006553132595385538,0.006406889113047407,0.006406889119986107,0.0016361945296812196,0.0016361946046177767,0.0,0.0,0.007911799206642794,0.007911799214295868,0.00643367250293414,0.006433672506085965,0.0,0.0,0.0,0.0,0.0,0.0,0.0,0.0,0.006547898047093638,0.006547898052842526,0.00930370104701472,0.0093037010546754,0.007317639295595851,0.007317639299264081,0.006506911583583317,0.0065069115784337885,0.005126970062710501,0.00512697005019924,0.007542948663801794,0.007542948666538001,0.006953214247383962,0.00695321424773548,0.0,0.0,0.005759069416304362,0.005759069420686051,0.006205117285895324,0.006205117254460408,0.0,0.0,1.0449345013775093e-09,1.074504733800048e-09,4.559642258006866e-10,4.469571016550885e-10,0.0,0.0,0.008829094703518317,0.008829094687287983
2021-11-19,3.492469506607833e-10,1.0477408519823498e-13,5.779031328802083e-10,6.047181883598566e-10,0.05905173743335724,0.05905173742227691,0.041274036331428766,0.0412740363172713,0.04689014948365258,0.04689014946084144,0.7540813493893257,0.7540813493330184,0.0064759000937077375,0.006475900100621035,0.006386376215043499,0.006386376221765283,0.0016578460030169306,0.0016578460745034,0.0,0.0,0.007790255464548606,0.007790255471886215,0.006372198350972161,0.006372198354391089,0.0,0.0,0.0,0.0,0.0,0.0,0.0,0.0,0.00632203130023353,0.006322031306206113,0.009552763111825506,0.00955276312004514,0.007378106128708414,0.007378106132200912,0.006489922351205031,0.006489922346255371,0.005099319449318057,0.005099319437253514,0.007651420728627338,0.007651420731250102,0.006995400279186908,0.006995400279447161,0.0,0.0,0.0057381177170609775,0.005738117721309366,0.00622643869316887,0.006226438662604414,0.0,0.0,9.7129081688874e-10,9.984052169326944e-10,4.707574057474642e-10,4.6371574415312013e-10,0.0,0.0,0.00856662945566077,0.008566629440014037
2021-11-26,3.507416295091908e-10,1.0522248885275724e-13,5.595074957907523e-10,5.854013442986958e-10,0.05907911802030571,0.05907911800725076,0.041261720515901386,0.04126172049752959,0.04691848028070536,0.04691848025819704,0.75380176659231,0.7538017665433318,0.006554676278076648,0.006554676285044571,0.006519991250366474,0.006519991257015942,0.0017011147783628296,0.0017011148488397948,0.0,0.0,0.008008751989379387,0.00800875199734483,0.006525577857730483,0.006525577860466843,0.0,0.0,0.0,0.0,0.0,0.0,0.0,0.0,0.006449815730486927,0.006449815736339843,0.009374231258640087,0.009374231266868802,0.007442432236429011,0.007442432240127347,0.006361867447605957,0.006361867442519438,0.004914260577832105,0.004914260565633661,0.00770780747318243,0.007707807476370466,0.007035305334214307,0.0070353053347198,0.0,0.0,0.005610480103331156,0.0056104801082328196,0.00601584085380305,0.0060158408233231325,0.0,0.0,9.914099096618767e-10,1.0197155776817904e-09,4.77707255577549e-10,4.692515295903256e-10,0.0,0.0,0.008716759392711985,0.008716759376475126
2021-12-03,3.5665367588405656e-10,1.0699610276521696e-13,5.441927088450606e-10,5.678462491909484e-10,0.05917683829631251,0.059176838273758615,0.041374667924730726,0.04137466789009086,0.04705173874780328,0.04705173870561091,0.755433613828547,0.7554336138052407,0.006508316457918984,0.006508316464244659,0.006526795659415374,0.006526795665361,0.001713029314475264,0.0017130293914422814,0.0,0.0,0.007992054703617137,0.007992054709739625,0.0064800421012769765,0.0064800421064888074,0.0,0.0,0.0,0.0,0.0,0.0,0.0,0.0,0.0064957686801058465,0.006495768685271138,0.009570252492524748,0.009570252497872071,0.007336150810780933,0.007336150813398342,0.006105171464557278,0.006105171462033403,0.004610857483772589,0.004610857479307432,0.0074758132981246105,0.007475813300391955,0.006773442645693219,0.006773442646907891,0.0,0.0,0.00543901740904669,0.005439017415737627,0.005966478233470081,0.005966478198261188,0.0,0.0,9.092209641936688e-10,9.400186408207354e-10,4.835968680585994e-10,4.77741111099691e-10,0.0,0.0,0.007969948510816158,0.007969948503235484
2021-12-10,3.2058829272581764e-10,9.617648781774529e-14,5.208579847056028e-10,5.414340166454906e-10,0.05903130288644913,0.059031302862973555,0.041226608102242455,0.04122660807410223,0.046978806470966146,0.0469788064327256,0.7537612046637886,0.7537612046778013,0.006786731788445285,0.006786731792851666,0.006580850268649327,0.006580850273018141,0.0017057808499256794,0.0017057809201395317,0.0,0.0,0.007967265845474128,0.00796726585074497,0.006609767672288674,0.006609767674954321,0.0,0.0,0.0,0.0,0.0,0.0,0.0,0.0,0.006834680564579301,0.006834680567540853,0.00955288407048217,0.009552884075809748,0.007788454977192214,0.007788454978978343,0.006174034332822814,0.006174034327386821,0.004573349729609328,0.004573349720395727,0.00760555251340794,0.007605552514859324,0.006968525355088776,0.006968525354823097,0.0,0.0,0.0055206471792534784,0.005520647183258911,0.00595151997005193,0.005951519935909435,0.0,0.0,8.817459688958672e-10,9.049938764049393e-10,4.975495319084306e-10,4.893994641770631e-10,0.0,0.0,0.008382030859128978,0.0083820308458991
2021-12-17,3.2271016534474575e-10,9.681304960342372e-14,5.022057481823727e-10,5.239706002127273e-10,0.059149252991553124,0.059149252964548545,0.041288117073989404,0.04128811703019075,0.047017026908166344,0.04701702689555198,0.7541698770249473,0.7541698770065869,0.006718663703599267,0.006718663709417111,0.00662920947964395,0.006629209485214784,0.0017162087264578022,0.001716208794823271,0.0,0.0,0.008027090233514679,0.008027090240385358,0.006580461850764945,0.006580461854412328,0.0,0.0,0.0,0.0,0.0,0.0,0.0,0.0,0.0068350385164562145,0.006835038520667828,0.009473883263145922,0.009473883270030625,0.007625679615005094,0.00762567961822687,0.005976302914727723,0.0059763029110611885,0.004593051342411732,0.004593051333828245,0.007610664784629051,0.00761066478811511,0.007042870046593386,0.007042870048496554,0.0,0.0,0.0055256998434724544,0.005525699849177624,0.005966815332465188,0.00596681530411714,0.0,0.0,8.800263612363308e-10,9.039318371142688e-10,5.147231564360059e-10,5.089031965025149e-10,0.0,0.0,0.008054084451501079,0.008054084438341986
2021-12-24,2.451086113514667e-10,7.353258340544001e-14,4.8238338950982e-10,5.065112297965906e-10,0.059268119682501216,0.05926811966925778,0.04144927347719923,0.041449273469429775,0.047062014639424325,0.047062014630146434,0.7547500632227587,0.7547500631768539,0.00660799546654747,0.006607995468111495,0.006594887119215861,0.006594887120591389,0.0017006040672287294,0.0017006041237215654,0.0,0.0,0.007771007829853179,0.007771007832016862,0.006585227923322469,0.006585227927532786,0.0,0.0,0.0,0.0,0.0,0.0,0.0,0.0,0.006677138340125929,0.006677138340539874,0.009199100932126397,0.009199100934891291,0.007685066345905037,0.007685066345283854,0.005948839692925454,0.005948839689997204,0.004705112111677487,0.004705112103582439,0.007528654955792065,0.0075286549557267305,0.00698138894225006,0.0069813889414746125,0.0,0.0,0.005508724602716994,0.005508724605973277,0.00604068346478568,0.00604068344987145,0.0,0.0,8.587666027633823e-10,8.809746599389714e-10,5.245246596414476e-10,5.28501450648897e-10,0.0,0.0,0.007936095317969105,0.007936095299009805
2021-12-31,2.4134744088773956e-10,7.240423226632186e-14,4.5596077076426e-10,4.782769145601065e-10,0.059430691795253135,0.059430691782784824,0.041514975867182606,0.04151497585814274,0.04706300584897541,0.04706300583861094,0.7540357673165522,0.7540357672744796,0.006567672723768716,0.006567672724946807,0.006568543246567257,0.006568543247504063,0.0016998218544204869,0.0016998219114542986,0.0,0.0,0.00764198985615167,0.007641989857639917,0.00649900781937308,0.006499007823816123,0.0,0.0,0.0,0.0,0.0,0.0,0.0,0.0,0.0067197884367724775,0.006719788436773712,0.00965020403943945,0.00965020404295656,0.007580809068715873,0.007580809067743224,0.005916208793940711,0.005916208791114649,0.00463405374467376,0.004634053737308318,0.007669362893725252,0.007669362893157619,0.00711254842963623,0.007112548428291509,0.0,0.0,0.005582314410085811,0.005582314412659343,0.005997735386358555,0.00599773537157433,0.0,0.0,8.407395616163036e-10,8.630241669293354e-10,5.168235350381015e-10,5.217245806769641e-10,0.0,0.0,0.008115496654883387,0.008115496636015558
2022-01-07,1.0365008182029578e-09,3.1095024546088733e-13,4.4527221430753335e-10,4.581702286224229e-10,0.05944634684288556,0.05944634680258747,0.04156144000480572,0.04156143988510081,0.04715703647388406,0.04715703619189403,0.7556022689584366,0.755602269192792,0.00643411952622004,0.006434119544445638,0.006496026996150301,0.006496027013624748,0.0016817091304376214,0.0016817092185392997,0.0,0.0,0.0072137114877948065,0.0072137115070655755,0.006648072348507179,0.006648072335122987,0.0,0.0,0.0,0.0,0.0,0.0,0.0,0.0,0.006517869789107791,0.006517869804834311,0.008968802919170297,0.00896880293801621,0.007504381004269548,0.007504381017985757,0.005850862927491463,0.005850862929795752,0.004582657917830077,0.004582657909427913,0.0073508243274659265,0.007350824342977965,0.006950611460040149,0.006950611473162578,0.0,0.0,0.005643203292159259,0.005643203308326729,0.006020151816999575,0.00602015177314892,0.0,0.0,8.276233025056403e-10,8.601530586557288e-10,5.183201250449194e-10,5.142674277409876e-10,0.0,0.0,0.008369900985128256,0.008369900978560734
2022-01-14,5.985795435158746e-10,1.7957386305476235e-13,4.1967693852759463e-10,4.420082871541337e-10,0.059563112501646,0.059563112479778045,0.04159644648761704,0.041596446410783965,0.04714286750328102,0.047142867367790504,0.7553161015363201,0.7553161014983729,0.006364016810773105,0.0063640168253554525,0.0063927267954994385,0.006392726809536627,0.0016403681282762788,0.0016403682269424548,0.0,0.0,0.007102856643226817,0.007102856657569742,0.006740286414121772,0.006740286421761316,0.0,0.0,0.0,0.0,0.0,0.0,0.0,0.0,0.006506421817971772,0.006506421830527781,0.008550304779576556,0.008550304791952412,0.007146433606397769,0.0071464336171903915,0.006212013933607312,0.006212013939132298,0.004624033138946152,0.0046240331414138195,0.007386784952655017,0.007386784964361711,0.006974093757038665,0.006974093767605428,0.0,0.0,0.005709681001304503,0.005709681015657743,0.006081441170460462,0.0060814411433093565,0.0,0.0,8.171552116587156e-10,8.555851913687126e-10,5.133416850083577e-10,5.220686675560229e-10,0.0,0.0,0.008950007271106286,0.008950007271295654
2022-01-21,5.582155918719906e-10,1.6746467756159718e-13,4.069026251214894e-10,4.279039903150044e-10,0.05980961717595686,0.05980961716120306,0.04181602587871608,0.041816025761819836,0.04722193709650327,0.04722193702649674,0.7553529585351779,0.7553529584822316,0.006435703767753696,0.006435703779879434,0.0063485696312538965,0.006348569643113156,0.0016091192413376608,0.0016091193431774602,0.0,0.0,0.007066157680303096,0.0070661576918307906,0.006720908274474757,0.006720908288394078,0.0,0.0,0.0,0.0,0.0,0.0,0.0,0.0,0.006534073598353583,0.006534073608611546,0.008363598912332713,0.008363598920854386,0.007245729502400978,0.007245729510625849,0.006329854591083233,0.00632985459517987,0.004791928619523232,0.004791928621905415,0.00705820410865167,0.007058204118058874,0.006714233348490242,0.006714233357214631,0.0,0.0,0.0055707416318183205,0.005570741645273637,0.00611380544619658,0.00611380542326394,0.0,0.0,8.292997717264116e-10,8.643027183803177e-10,5.081557980894554e-10,5.149172868944678e-10,0.0,0.0,0.008896831215313976,0.00889683121374176
2022-01-28,5.784240077038638e-10,1.7352720231115913e-13,3.9987096881024856e-10,4.014519359086887e-10,0.06010378045230197,0.06010378050459598,0.04198514147350406,0.04198514144373734,0.04747071907084735,0.04747071901498467,0.7590684848582736,0.7590684846999363,0.006203894092593839,0.00620389410301796,0.005969646247893573,0.005969646259163386,0.0015002567674696375,0.0015002568959728503,0.0,0.0,0.006714259804883923,0.0067142598142968584,0.00649912817471864,0.006499128184180248,0.0,0.0,0.0,0.0,0.0,0.0,0.0,0.0,0.006251026069948511,0.006251026078564462,0.007939946252122725,0.007939946256504272,0.006999025573552226,0.0069990255793412,0.0060284738156299025,0.006028473817400167,0.004629764407172662,0.004629764405039557,0.006475161279415745,0.006475161287677222,0.006316745595027728,0.006316745602517728,0.0,0.0,0.00528339183733193,0.005283391850213569,0.006025895220644541,0.006025895195349313,0.0,0.0,8.291707068376148e-10,8.462460369134828e-10,5.363547875670186e-10,5.258565112266941e-10,0.0,0.0,0.008535257241270994,0.008535257233952188
2022-02-11,6.47117709482268e-10,1.941353128446804e-13,3.9347531395724297e-10,4.1419010943588006e-10,0.06010551390436885,0.06010551390543875,0.04190076624040216,0.04190076618475286,0.04736586514683242,0.047365864948920235,0.7566833957544018,0.7566833957083529,0.00619005668793105,0.006190056703018685,0.006144987448579355,0.006144987463828809,0.0015433867945022744,0.0015433869038605687,0.0,0.0,0.0065109407470826264,0.006510940761777302,0.006862617409910294,0.006862617426669846,0.0,0.0,0.0,0.0,0.0,0.0,0.0,0.0,0.006359429868758024,0.006359429881621954,0.007963264504188888,0.007963264513580624,0.00712976623144363,0.007129766241302974,0.006337675307635644,0.006337675314258117,0.004638406119515629,0.004638406122497284,0.006962412034890015,0.006962412046910036,0.006791255811289662,0.006791255822865139,0.0,0.0,0.005473233904786521,0.005473233921402018,0.00610159352195527,0.0061015935005613,0.0,0.0,8.209521965328944e-10,8.538593468074794e-10,5.938875879806078e-10,6.096747387740942e-10,0.0,0.0,0.00893543075321087,0.008935430750656307
2022-02-18,5.654808630050283e-10,1.6964425890150845e-13,3.7130633670807936e-10,3.76073084940222e-10,0.0599139960962057,0.05991399612067492,0.041785677580283134,0.04178567756387764,0.04737986955336357,0.04737986942829865,0.7577821371721236,0.7577821370690672,0.006180582667204609,0.006180582680327633,0.006093039900518908,0.006093039913970975,0.0015509411313224903,0.0015509412509448312,0.0,0.0,0.0065273763836791315,0.006527376396806828,0.006759334378954269,0.006759334386848463,0.0,0.0,0.0,0.0,0.0,0.0,0.0,0.0,0.006056482830000762,0.006056482841635585,0.007971728705185251,0.00797172871289836,0.007162475996088863,0.0071624760038464215,0.00627006308987147,0.006270063092172087,0.004617359610671845,0.0046173596066912525,0.0067197108224011015,0.0067197108335776135,0.006576301911039297,0.006576301921665714,0.0,0.0,0.005359837950840779,0.005359837964947198,0.0062097414091833595,0.006209741380441632,0.0,0.0,7.49217565766582e-10,7.659018034553376e-10,5.841461930831574e-10,5.884316116213415e-10,0.0,0.0,0.009083341106391687,0.00908334110090041
2022-02-25,6.491780704592405e-10,1.947534211377721e-13,3.6466843498765614e-10,3.719152260919627e-10,0.05991391309068321,0.05991391310112757,0.041819831237533314,0.04181983123672783,0.047410173511568565,0.04741017331397836,0.7594826785243187,0.7594826784379172,0.006072208345557368,0.006072208361957447,0.006101921055844803,0.00610192107214165,0.0015688331988175824,0.0015688333217345116,0.0,0.0,0.006418771572985008,0.006418771589360452,0.006801037061310864,0.006801037071629716,0.0,0.0,0.0,0.0,0.0,0.0,0.0,0.0,0.005861621375012145,0.0058616213902942926,0.008299874010118244,0.00829987402030546,0.006893399782232233,0.006893399793403944,0.005850428750263468,0.005850428757239039,0.0048672843270009735,0.004867284322702059,0.006144377593874691,0.006144377609935236,0.006097130134039788,0.006097130149208048,0.0,0.0,0.004878340475735883,0.004878340496576358,0.006434142799530341,0.006434142767296277,0.0,0.0,7.647169601966726e-10,7.850223320219805e-10,6.243388951805585e-10,6.329372070101514e-10,0.0,0.0,0.009084031399848536,0.009084031396589604
2022-03-04,6.192573850520518e-10,1.8577721551561554e-13,3.6404088957881814e-10,3.6951277775548726e-10,0.059738689379287536,0.05973868940809984,0.04162229412547139,0.04162229411731648,0.047009403109245444,0.04700940295312433,0.7585428701235981,0.7585428700247957,0.006081686603878732,0.006081686618391199,0.006177012097046152,0.006177012111161476,0.0015779269211175537,0.0015779270390250753,0.0,0.0,0.006433746445102268,0.006433746459434912,0.006993906409683916,0.006993906417583662,0.0,0.0,0.0,0.0,0.0,0.0,0.0,0.0,0.005874342090693511,0.005874342104201008,0.008219058192612469,0.008219058200764472,0.006919080017390956,0.00691908002679667,0.0056914900321553,0.005691490038671191,0.004845801663176026,0.00484580165745167,0.00655137963015091,0.006551379642953123,0.006449460696648098,0.006449460708741466,0.0,0.0,0.004803054586283496,0.004803054606355352,0.006379576340396827,0.006379576306991148,0.0,0.0,7.994991099727545e-10,8.190027507661589e-10,5.924913503760394e-10,5.970159770776317e-10,0.0,0.0,0.010089219780029924,0.010089219772609714
2022-03-11,6.382483210308625e-10,1.9147449630925873e-13,3.397961322485226e-10,3.4581151100246683e-10,0.05999434733027035,0.059994347334053365,0.041792521809395085,0.04179252180454707,0.04715178133368463,0.04715178115309351,0.7613997738954634,0.7613997738071947,0.005752027008633194,0.00575202702544179,0.005782443396665107,0.005782443413387199,0.001497252003898626,0.0014972521284817553,0.0,0.0,0.006080894999308691,0.006080895015819528,0.00672500021037858,0.006725000219733817,0.0,0.0,0.0,0.0,0.0,0.0,0.0,0.0,0.005382105336835112,0.005382105353748046,0.007688011763956868,0.007688011774072469,0.0066085110825315225,0.006608511093709025,0.00527813848954875,0.005278138499227953,0.004855840208433943,0.004855840203620276,0.006336956398139296,0.006336956412593012,0.006305496953519942,0.006305496967023026,0.0,0.0,0.004704601841705106,0.004704601863183782,0.006575332654013258,0.006575332619179956,0.0,0.0,7.703316942083194e-10,7.904265377220979e-10,6.186464538715629e-10,6.265767898195349e-10,0.0,0.0,0.010088961554844204,0.010088961549074904
2022-03-18,0.007720224793246012,2.3160674379738034e-06,2.812669729457508e-10,3.3927003473138174e-10,0.05615529104501992,0.06001540203621229,0.041889708284329745,0.04188970833828189,0.050925043940258354,0.04706493154363533,0.7613794819377476,0.7613794820566566,0.005677845307429993,0.005677845377959162,0.00565213215509038,0.0056521322257710865,0.0014686241029690855,0.001468624168637111,0.0,0.0,0.006262880491721891,0.006262880565853014,0.006515280741766167,0.006515280814759244,0.0,0.0,0.0,0.0,0.0,0.0,0.0,0.0,0.005541643759878587,0.005541643825684983,0.007685741519368158,0.007685741594842236,0.006404832594009477,0.006404832662818011,0.005400910215352534,0.005400910271375135,0.0048413743336669975,0.004841374379125683,0.006496066343888394,0.0064960664156734176,0.006489400229749077,0.0064894002986338115,0.0,0.0,0.004975931922018997,0.004975931983537607,0.006429582409641703,0.006429582438549258,0.0,0.0,6.291132478573289e-10,7.285247898677156e-10,5.425162661224516e-10,6.270589766071862e-10,0.0,0.0,0.009808227213196647,0.009808227307140488
2022-03-25,3.505204898830478e-07,1.0515614696491433e-10,1.7297233917746517e-10,2.765864687126277e-10,0.056077559879820084,0.056077732131070444,0.04180849422209532,0.04180849434549976,0.05082121358044619,0.05082103832020122,0.7600270495570265,0.7600270496609128,0.005686029793044908,0.005686029953726123,0.005714328671726693,0.005714328833232018,0.001479998812318948,0.0014799989990435575,0.0,0.0,0.006238749360109799,0.006238749526525043,0.006829800268205295,0.006829800446838756,0.0,0.0,0.0,0.0,0.0,0.0,0.0,0.0,0.005431120093567569,0.00543112024368174,0.007654539226620286,0.00765453939117581,0.006371027424456202,0.006371027578256801,0.005606625274125381,0.005606625405069201,0.004856086415542413,0.004856086524044969,0.006766700041178054,0.006766700204102733,0.006642300012048255,0.006642300167714307,0.0,0.0,0.004864085794740376,0.0048640859378715085,0.006472977667931596,0.0064729777373069945,0.0,0.0,4.6308548623111855e-10,6.60419303619639e-10,4.0051290448105156e-10,5.689037213677626e-10,0.0,0.0,0.010651312868425505,0.010651313087816723
2022-04-01,5.321508640016132e-07,1.5964525920048394e-10,0.0,1.7470315429187706e-10,0.05598210132711742,0.055982351689820624,0.041830044932393964,0.04183004577149621,0.05080608073341417,0.05080581465798213,0.7595786743761745,0.7595786757828826,0.005642451013760669,0.005642451901616338,0.005696159715729898,0.005696160605826056,0.0014562279762619825,0.001456229238109283,0.0,0.0,0.006122613920437848,0.006122614825201844,0.0070859333052776035,0.00708593431314351,0.0,0.0,0.0,0.0,0.0,0.0,0.0,0.0,0.0054883562027739415,0.00548835704471524,0.0074738737968702215,0.007473874670979988,0.006301342028762177,0.006301342872662422,0.005565894043182211,0.005565894785232144,0.004740462952945111,0.004740463576576698,0.007061404830512045,0.007061405718289014,0.006795392247505299,0.006795393095259343,0.0,0.0,0.005068650966152627,0.0050686517844249325,0.006387682531386187,0.0063876829432804256,0.0,0.0,2.741628462917843e-10,4.5591367884851463e-10,2.240486439203074e-10,3.770775741449243e-10,0.0,0.0,0.010916652601130531,0.010916653714806629
2022-04-08,0.0007523218089934605,2.2569654269803812e-07,1.202517924703529e-10,0.0,0.055822800473618504,0.056198948112298024,0.04198323117444539,0.041983232001399674,0.05128997474097681,0.05091381512845928,0.7602396067916763,0.7602396070912381,0.005628276261707846,0.005628277106068259,0.0055960232188234085,0.005596024064932044,0.0014245163043336451,0.0014245171311216144,0.0,0.0,0.005940473993340907,0.005940474863624646,0.007165309166978327,0.0071653100985587005,1.1478965252482233e-10,0.0,1.159406080147076e-10,0.0,1.1510368984502768e-10,0.0,1.1684548211445215e-10,0.0,0.005457064106228947,0.005457064898605302,0.0072060930633582,0.007206093931718842,0.006254655491651326,0.006254656310480499,0.005544280284517887,0.0055442809729875425,0.004691192902709898,0.0046911934675642735,0.006779802186348106,0.00677980305919368,0.0066277017393506915,0.006627702570264099,1.2337568761003072e-10,0.0,0.004775747759406992,0.004775748507952441,0.006408008986844497,0.006408009372208633,1.9127466192986262e-10,0.0,3.6083982748582184e-10,2.7110743349456355e-10,3.3756104161204236e-10,2.127564252393624e-10,1.7986077524056002e-10,0.0,0.011165239577839103,0.011165240827460263
2022-04-15,2.2773137885186608e-07,6.831941365555982e-11,0.0,1.1972151050443537e-10,0.05587486980638336,0.05587498156414542,0.04205215562834677,0.042052155698521027,0.05137143457676737,0.051371321037942494,0.7599688715431023,0.7599688712162379,0.005595279232226272,0.005595279306350413,0.005513176885911282,0.005513176960388942,0.001363002099379141,0.0013630022035866223,0.0,0.0,0.0056822084504410605,0.005682208525173788,0.0072666239988058556,0.007266624083405927,0.0,1.0997158918137873e-10,0.0,1.1012525797316011e-10,0.0,1.0715625380312846e-10,0.0,1.0985799879586672e-10,0.005574029948432389,0.005574030019645241,0.006717442874382408,0.0067174429439642806,0.006501972940027559,0.006501973009707088,0.005456512915404055,0.00545651297854837,0.0049349661871030326,0.004934966239806866,0.006664622183270318,0.006664622254382327,0.0065990034488496024,0.006599003517192772,0.0,1.225613433095018e-10,0.00479179089683325,0.004791790967908858,0.006550587756665994,0.006550587787641481,1.4260678515136592e-10,1.938695740592039e-10,2.6116140345422723e-10,3.6039736457826513e-10,2.528833481924295e-10,3.458421257358872e-10,1.4383975794428982e-10,1.9746933087742918e-10,0.011521447827176508,0.011521447908477927
2022-04-22,6.463638761749134e-07,1.9390916285247399e-10,0.0,0.0,0.05582862972051918,0.05582895058637063,0.04196544432954478,0.04196544451183092,0.05143948870041042,0.05143916551847222,0.761278561323728,0.7612785613309335,0.005352706706606508,0.0053527068387740845,0.005201734777624908,0.005201734910147354,0.0012849888272293164,0.0012849889921732925,0.0,0.0,0.005335352251658371,0.005335352385507654,0.006819890744352182,0.006819890897559853,0.0,0.0,0.0,0.0,0.0,0.0,0.0,0.0,0.0052603249687344636,0.00526032509496827,0.0065808540767296995,0.006580854205528656,0.006435681034738822,0.006435681162220491,0.005295492501557057,0.005295492610926732,0.0048769232659714905,0.004876923361283686,0.00669058975336523,0.006690589885068637,0.006730989937675805,0.006730990063086693,0.0,0.0,0.004908389051997056,0.0049083891730851235,0.006569869067810879,0.006569869128984439,1.1540661284268825e-10,1.4430918462004868e-10,1.9446624426895858e-10,2.668018643197837e-10,1.9914844380112085e-10,2.6715552002706523e-10,1.0307216773418671e-10,1.2887478732580312e-10,0.012144088347652435,0.012144088535936175
2022-04-29,0.024925940823245733,7.477782246973719e-06,0.0,0.0,0.043526516041021666,0.05598947181083745,0.04209822251010768,0.04209822289786589,0.06412553885571146,0.0516625684440885,0.7642306467840071,0.7642306505601195,0.005261876412017898,0.005261876969467082,0.0049069917398939485,0.00490699227828837,0.0011838555254791187,0.0011838560633799257,0.0,0.0,0.005157359758558562,0.005157360323572198,0.006722322511130511,0.0067223233141617475,0.0,0.0,0.0,0.0,0.0,0.0,0.0,0.0,0.004863181308628406,0.004863181771512589,0.006176596821395004,0.006176597418717499,0.006387932317564369,0.0063879328956895,0.005323295445269409,0.005323295786753855,0.004651950816698561,0.004651951132287601,0.006440531448694326,0.006440532046604457,0.006492777849089289,0.006492778399733202,0.0,0.0,0.004742878239767339,0.004742878657482797,0.006513311406165358,0.006513311608333307,0.0,1.1311968563696933e-10,0.0,1.8446410302348379e-10,0.0,1.9626878773901408e-10,0.0,1.0106799289735454e-10,0.011194214208800153,0.011194217026183907
2022-05-06,0.0504910859563602,1.5147325786908058e-05,0.0,0.0,0.043428300383868274,0.04342830454249227,0.04199411173873212,0.041994112629737936,0.089160090122629,0.06391454714444886,0.7366142446206143,0.7618597539273019,0.0053584280819384406,0.005358429941381696,0.005126683184575543,0.005126685049703155,0.0012584245933016337,0.0012584269152018065,0.0,0.0,0.005269017509551301,0.005269019406265957,0.006754387720038295,0.006754390009173709,0.0,0.0,0.0,0.0,0.0,0.0,0.0,0.0,0.0049792697619800335,0.004979271423602394,0.006760609597247772,0.006760611596651567,0.006392078061566694,0.0063920798271833975,0.005519201408904168,0.005519202656752187,0.00472118247941947,0.004721183643830601,0.006551647197000182,0.0065516490390215825,0.006579351651144507,0.006579353401435437,0.0,0.0,0.004865746938678152,0.0048657484556484405,0.006556965760705318,0.006556966406960057,0.0,0.0,0.0,0.0,0.0,0.0,0.0,0.0,0.01211025918810493,0.012110263983207133
2022-05-13,8.091147238342179e-08,2.4273441715026534e-11,0.0,0.0,0.04359677474377279,0.04359678368294807,0.042177368021730756,0.042177369193971484,0.08944635613678663,0.0894463156810504,0.7385193661797611,0.7385193702736236,0.005304158454010577,0.005304160198909168,0.0051907545071274664,0.005190756263616924,0.0013026697005657096,0.0013026716901182915,0.0,0.0,0.005435501173983261,0.005435502972477612,0.006546967837396406,0.006546970003893063,0.0,0.0,0.0,0.0,0.0,0.0,0.0,0.0,0.004978456482221491,0.004978458067295421,0.006921552014343555,0.006921553923764102,0.00630493238974671,0.0063049340749982835,0.0052425689559854076,0.005242570196371027,0.004457612762055581,0.0044576139677894614,0.005940641697481883,0.005940643382113438,0.006170638721335033,0.0061706403517853845,0.0,0.0,0.004660863044947168,0.004660864514942418,0.006569381832410142,0.006569382571549451,0.0,0.0,0.0,0.0,0.0,0.0,0.0,0.0,0.011233435344338337,0.01123343898878235
2022-05-20,5.251585438216522e-10,1.5754756314649565e-13,0.0,0.0,0.04362490202349576,0.04362490206862019,0.04210771665393738,0.04210771665509007,0.0895952993824708,0.08959529921516148,0.7373328244050564,0.7373328243301993,0.005352593372737601,0.005352593386076579,0.005283156687264355,0.005283156701024978,0.0013356243101940956,0.0013356243958867339,0.0,0.0,0.005493813027042926,0.005493813040129601,0.006684788673584663,0.006684788686279621,0.0,0.0,0.0,0.0,0.0,0.0,0.0,0.0,0.0049800730549137305,0.004980073068752452,0.007060596957976789,0.007060596966372941,0.006147704815646552,0.006147704825149849,0.005435702365548131,0.005435702374574157,0.004409749703002016,0.004409749705653766,0.005921773244454819,0.005921773255013828,0.006138774959488892,0.006138774968926247,0.0,0.0,0.004747137133565872,0.0047471371478818416,0.006426163427670556,0.006426163412710967,0.0,0.0,0.0,0.0,0.0,0.0,0.0,0.0,0.011921605801948617,0.011921605796495373
2022-05-27,6.241267318501248e-10,1.872380195550374e-13,0.0,0.0,0.0436760119307139,0.04367601195931384,0.042256905815556904,0.042256905822623765,0.08959748318462697,0.0895974830791298,0.7362440784620085,0.7362440782734611,0.005338982121368116,0.005338982137789625,0.005338552115219632,0.005338552131822241,0.0013450536372804256,0.00134505374144256,0.0,0.0,0.005348407545516309,0.005348407562121647,0.006832740844777027,0.0068327408657756225,0.0,0.0,0.0,0.0,0.0,0.0,0.0,0.0,0.0050342131237764605,0.005034213140938815,0.00706782564948788,0.00706782565902403,0.006168085663460984,0.006168085675041818,0.005361536614422113,0.005361536626884607,0.004427811118678431,0.004427811127075371,0.005833313119376288,0.005833313132712912,0.006166952444016861,0.006166952455499348,0.0,0.0,0.004853037381160967,0.004853037398809496,0.006499612340621481,0.006499612329423846,0.0,0.0,0.0,0.0,0.0,0.0,0.0,0.0,0.012609396887930755,0.01260939688110962
2022-06-02,6.656989469215613e-10,1.9970968407646836e-13,0.0,0.0,0.04339948070548927,0.04339948074031405,0.042071295999593396,0.04207129600750713,0.08929909492689046,0.0892990948517114,0.7346889376069838,0.7346889373663423,0.0054482348567245955,0.005448234874298008,0.005433449020182403,0.005433449038008387,0.0013700057817476832,0.0013700058854855344,0.0,0.0,0.005585344979642509,0.005585344996781303,0.0068124661047400436,0.006812466128668816,0.0,0.0,0.0,0.0,0.0,0.0,0.0,0.0,0.0050341744375304795,0.005034174456447497,0.0071906255642878265,0.007190625574848447,0.006398426096194642,0.006398426108460059,0.005670664329006042,0.005670664341792025,0.0043399829309504956,0.0043399829415157855,0.00614713643384017,0.006147136447584471,0.006387471332761458,0.006387471345040497,0.0,0.0,0.004979904869266256,0.004979904888054532,0.00640333600494995,0.006403335995473772,0.0,0.0,0.0,0.0,0.0,0.0,0.0,0.0,0.01333996801921859,0.013339968011665657
2022-06-10,2.2055738904073335e-09,6.616721671222e-13,0.0,0.0,0.04331493779218638,0.043314937898340816,0.04200194892995254,0.04200194897359016,0.0889253500221279,0.08892534891934081,0.7334979401532904,0.7334979402570193,0.005579902761598899,0.005579902816318597,0.005543067148267004,0.005543067203597846,0.0013937753723962372,0.001393775533358487,0.0,0.0,0.005737637754051488,0.005737637808849518,0.006894952709204358,0.006894952773580818,0.0,0.0,0.0,0.0,0.0,0.0,0.0,0.0,0.0052639611587664056,0.005263961212607593,0.007169735331936055,0.0071697353815356,0.006498290644999618,0.006498290693489755,0.005792616640572543,0.005792616684831345,0.004421865089230603,0.0044218651286068176,0.006113782939647523,0.006113782990473092,0.006311372613059412,0.0063113726618724995,0.0,0.0,0.00490829967200797,0.004908299726704696,0.0064387242545799655,0.006438724266866509,0.0,0.0,0.0,0.0,0.0,0.0,0.0,0.0,0.014191839012124776,0.014191839069015524
2022-06-17,5.996787225646949e-09,1.7990361676940845e-12,0.0,0.0,0.04334591065770755,0.04334591100001877,0.0420182126633974,0.04201821281303727,0.08899977427238918,0.08899977434000379,0.7352692483321658,0.7352692453337722,0.005682295195699007,0.005682295351890913,0.005681695809578165,0.005681695967175746,0.001445354293281377,0.0014453546424565676,0.0,0.0,0.0059489397787539505,0.0059489399360094525,0.0068389363191799874,0.006838936514625178,0.0,0.0,0.0,0.0,0.0,0.0,0.0,0.0,0.005543844740492414,0.005543844889904757,0.007343478157531265,0.007343478307927879,0.006706144257392581,0.006706144400148338,0.005606931804076615,0.005606931932389211,0.004372790648234663,0.004372790772716351,0.0055922658722394785,0.005592266023469071,0.00580646099480146,0.005806461141098708,0.0,0.0,0.0045284857296711495,0.004528485887177277,0.006393975940343643,0.006393976005462355,0.0,0.0,0.0,0.0,0.0,0.0,0.0,0.0,0.012875254533064201,0.012875254740716147
2022-06-24,3.423779432860062e-08,1.0271338298580186e-11,0.0,0.0,0.043405102753803125,0.04340510678629388,0.04203774802122378,0.04203774889689031,0.08920157751402019,0.0892015778645541,0.7354932908263643,0.7354932737074671,0.005825418209593762,0.005825419001441404,0.005729968816733723,0.005729969614045066,0.001474934455455488,0.0014749354929616209,0.0,0.0,0.00635981908743719,0.006359819912722148,0.006757178638713921,0.006757179608151916,0.0,0.0,0.0,0.0,0.0,0.0,0.0,0.0,0.005589932626849647,0.005589933369152268,0.007575460749432971,0.007575461595616153,0.0068381496603483576,0.006838150420026154,0.005725923177502619,0.00572592380093835,0.004314732416591267,0.004314733010987956,0.0056255372269813355,0.0056255379783396245,0.005816567394665287,0.005816568128149407,0.0,0.0,0.00448117261653225,0.0044811733389265905,0.006407641241625719,0.006407641620838184,0.0,0.0,0.0,0.0,0.0,0.0,0.0,0.0,0.011339844566125036,0.011339845852497674
2022-07-01,7.828547821065943e-09,2.3485643463197825e-12,0.0,0.0,0.04334722371511718,0.04334722415775064,0.04194199588726913,0.04194199607762621,0.08910306456149339,0.08910306465424836,0.7352252953105415,0.7352252913962675,0.006011391489560769,0.0060113916957679776,0.005865867787938196,0.005865867996153472,0.001504688501441874,0.0015046889163035145,0.0,0.0,0.0064732273361243825,0.00647322754538041,0.006951046238680994,0.006951046496653817,0.0,0.0,0.0,0.0,0.0,0.0,0.0,0.0,0.005579689999873239,0.005579690197663891,0.007734596717531455,0.007734596924406863,0.007239689362314121,0.007239689557222005,0.005854685274987182,0.005854685444104175,0.004181772452632322,0.004181772623180473,0.005606871414055726,0.005606871614426326,0.005836277758847791,0.005836277953773984,0.0,0.0,0.0043349475461364915,0.004334947754470324,0.006342648643107587,0.006342648737825474,0.0,0.0,0.0,0.0,0.0,0.0,0.0,0.0,0.010865020002346796,0.010865020256774506
2022-07-08,3.771281876629312e-09,1.1313845629887934e-12,0.0,0.0,0.04335745437319855,0.04335745454038356,0.04203657272753995,0.04203657280591747,0.08918503752212034,0.08918503754555693,0.7364376234905989,0.7364376216049582,0.00596468818603034,0.005964688285324801,0.005872401566067538,0.005872401666537529,0.0015181673202504565,0.0015181675976197633,0.0,0.0,0.006573015324406712,0.0065730154229904645,0.006893051202745209,0.006893051330178189,0.0,0.0,0.0,0.0,0.0,0.0,0.0,0.0,0.005385590791984705,0.005385590890325385,0.00796161033426038,0.007961610428819592,0.007084741666071888,0.007084741757394452,0.005816691120095065,0.005816691203692148,0.003940169740970801,0.003940169834783915,0.005801476329059553,0.005801476425730608,0.005969901801580312,0.005969901895768028,0.0,0.0,0.004177986148982062,0.004177986261018015,0.0061135534343097426,0.006113553480702529,0.0,0.0,0.0,0.0,0.0,0.0,0.0,0.0,0.009910266919727252,0.009910267022298604
2022-07-15,1.2856471575273948e-09,3.856941472582184e-13,0.0,0.0,0.04347180545691268,0.043471805509677754,0.042146570687575415,0.04214657070351987,0.08940871061252025,0.08940871055656942,0.7371235522332406,0.7371235516463677,0.005824952151225742,0.005824952183127969,0.005756081205885541,0.005756081238364036,0.0014957015971215925,0.0014957017572634335,0.0,0.0,0.006497260989828859,0.006497261019518706,0.006809028096451246,0.00680902814061031,0.0,0.0,0.0,0.0,0.0,0.0,0.0,0.0,0.005269420389508699,0.005269420422893767,0.007821976044708122,0.007821976070080809,0.006945835433098444,0.006945835459314932,0.005623132337585916,0.0056231323648040284,0.003904263623714487,0.003904263656719524,0.005721077036848721,0.005721077068092634,0.005891275097709493,0.005891275127569891,0.0,0.0,0.004128790697011743,0.004128790740336907,0.00606995214688815,0.0060699521522402195,0.0,0.0,0.0,0.0,0.0,0.0,0.0,0.0,0.010090614162164306,0.010090614182927813
2022-07-22,1.1602531033811855e-08,3.480759310143556e-12,0.0,0.0,0.04343537478114494,0.0434353754280838,0.04212076209869058,0.04212076231535418,0.08941845707462995,0.0894184572197158,0.7358226731169919,0.7358226673157265,0.00571400457568521,0.005714004884862672,0.005789438616856733,0.005789438929348656,0.0015249593823120958,0.0015249599202602521,0.0,0.0,0.006329461886373986,0.006329462202440786,0.006757145402997583,0.006757145790240698,0.0,0.0,0.0,0.0,0.0,0.0,0.0,0.0,0.005224007105520374,0.005224007401898727,0.007904607562587963,0.007904607885381575,0.006856043062886017,0.006856043357044119,0.005601386953738885,0.005601387209602377,0.0038183628154133506,0.003818363082718611,0.006075809783921454,0.0060758100841421265,0.006162042903089894,0.006162043198526219,0.0,0.0,0.004381443625740074,0.0043814439342168615,0.005977421843582776,0.005977422008430094,0.0,0.0,0.0,0.0,0.0,0.0,0.0,0.0,0.011086597407836116,0.011086597832006108
2022-07-29,5.786576482852152e-07,1.7359729448556456e-10,0.0,0.0,0.043452970241153056,0.043453078881102274,0.04215873887060795,0.042158745166494045,0.08923764267659878,0.08923764569648353,0.7350638189236581,0.735063529594834,0.005696973789396082,0.005696984470168585,0.0057816255628761,0.005781636528750456,0.0015405521206922675,0.0015405611449265711,0.0,0.0,0.0062238574151331685,0.006223869039094309,0.006844025095710431,0.006844038362649276,0.0,0.0,0.0,0.0,0.0,0.0,0.0,0.0,0.005222665382018428,0.0052226748577944215,0.00799954567411636,0.007999559733859584,0.00681552876856623,0.006815539631035405,0.005564233464412522,0.0055642412638704985,0.003981249779661066,0.0039812571035325395,0.00614275184560702,0.00614276259700266,0.006226870850508703,0.006226881372231489,0.0,0.0,0.004361292966636074,0.004361301898457398,0.006131905772435129,0.006131910991987658,0.0,0.0,0.0,0.0,0.0,0.0,0.0,0.0,0.01155375080021239,0.011553781665725224
2022-08-05,3.173447950487445e-07,9.520343851462335e-11,0.0,0.0,0.043692691673313966,0.04369274264600202,0.042442782226226695,0.04244278773781863,0.08923762169151667,0.08923762356358782,0.7351415024586158,0.7351413437862182,0.005527611509203921,0.005527617790788427,0.005610976723416978,0.005610983163969488,0.0014959708483889519,0.0014959766241046594,0.0,0.0,0.006070578397747805,0.006070585188884374,0.006603276691499393,0.0066032844242213,0.0,0.0,0.0,0.0,0.0,0.0,0.0,0.0,0.004987193174151954,0.004987198793397028,0.007918039237545986,0.007918047241665728,0.0066760262865621705,0.0066760326198050035,0.005434400049965932,0.005434404718730518,0.004064087160234968,0.004064091702902266,0.006460220656197869,0.006460227333410171,0.006429799949678839,0.006429806398307555,0.0,0.0,0.004473887387249567,0.004473892889873189,0.006234588349224503,0.006234591553711544,0.0,0.0,0.0,0.0,0.0,0.0,0.0,0.0,0.011498745529258057,0.011498761822601998
2022-08-12,3.76712921656237e-07,1.1301387649687108e-10,0.0,0.0,0.043526325745715695,0.043526376458693256,0.04227528851326149,0.0422752935033514,0.08903302864643825,0.08903303089736962,0.7337774250854433,0.7337772367289824,0.00565068875539788,0.005650696797383479,0.005866985754741989,0.005866994132023448,0.0015663672682992573,0.0015663742497967102,0.0,0.0,0.006252086380733406,0.006252095192696175,0.006746552411345995,0.006746562315549424,0.0,0.0,0.0,0.0,0.0,0.0,0.0,0.0,0.0053416562423744506,0.005341663599936183,0.008257761035292507,0.008257771813371475,0.006662641554449983,0.006662649635354207,0.005398897803033334,0.005398903643458989,0.004126868983799389,0.004126874669673634,0.006559720270693585,0.006559728906960758,0.006528803032898854,0.006528811338564826,0.0,0.0,0.0045312035089301,0.0045312104277740045,0.006250223973163238,0.006250228018350701,0.0,0.0,0.0,0.0,0.0,0.0,0.0,0.0,0.011647475033987203,0.011647497670709097
2022-08-19,0.005515814983462032,1.6547444950386096e-06,0.0,0.0,0.040963898842294864,0.04372156378031518,0.04251526194855859,0.042515271846781125,0.08898449329029433,0.08898449485591486,0.735808230485788,0.7330503229940571,0.005623345269726816,0.005623351257474121,0.00588864733028244,0.005888653771012169,0.0015774963306309396,0.00157749991929893,0.0,0.0,0.006352355421084171,0.006352362544464614,0.006809986130308129,0.006809993527930174,0.0,0.0,0.0,0.0,0.0,0.0,0.0,0.0,0.005323244475495315,0.005323249730802101,0.00813508056539006,0.008135090125128532,0.0065541809266012096,0.006554187038265078,0.005362296264179014,0.005362300207175677,0.003986197991223253,0.003986201525723963,0.006569795188193489,0.006569802083582336,0.006631948754888581,0.006631955395840839,0.0,0.0,0.004482676582292914,0.004482681285767091,0.006215551108830505,0.006215553706703153,0.0,0.0,0.0,0.0,0.0,0.0,0.0,0.0,0.012215313093937167,0.012215464403762992
2022-08-26,0.0023018982448051615,6.905694734415484e-07,0.0,0.0,0.03983582099522769,0.04092019018748515,0.04249500045081446,0.04249503017908895,0.08888718442395115,0.08888718674651871,0.7369748697443008,0.7358239206218983,0.005545137559641683,0.005545153316337352,0.0057467312121667205,0.0057467481011223495,0.0015053099682653707,0.0015053191536132443,0.0,0.0,0.006107998833888855,0.006108017288442964,0.006999690595105015,0.006999712224531706,0.0,0.0,0.0,0.0,0.0,0.0,0.0,0.0,0.005327716249565499,0.005327730053855387,0.0077255729429865005,0.00772559758990228,0.0066585759353224,0.006658592677212826,0.005429871963724239,0.005429881976759491,0.0039595369763002946,0.003959545978044861,0.006437303543850431,0.006437321719036579,0.00656243090292609,0.006562448633076433,0.0,0.0,0.004335101493362966,0.004335113398781792,0.006273624687896596,0.006273630888603897,0.0,0.0,0.0,0.0,0.0,0.0,0.0,0.0,0.013192521520703188,0.01325885926568779
2022-09-02,4.883965718785119e-08,1.4651897156355355e-11,0.0,0.0,0.03997549849656126,0.03997550624559714,0.04267982027967838,0.04267982094415461,0.08907492543881938,0.08907492557756665,0.7390429339259208,0.7390429095060922,0.005460606578864897,0.005460607235462562,0.0055954900588331205,0.005595490747806362,0.0014429488149884176,0.001442949268623126,0.0,0.0,0.005823011125253364,0.00582301184927507,0.006979771556306312,0.006979772447927727,0.0,0.0,0.0,0.0,0.0,0.0,0.0,0.0,0.005227028445192891,0.005227029028424794,0.007461450906107609,0.007461451807072438,0.006637750918620427,0.006637751611196561,0.005418811480991956,0.005418811911875783,0.0038145279608567573,0.003814528365485836,0.00604067467648121,0.006040675383338497,0.00624282917909505,0.006242829881311759,0.0,0.0,0.004208496077382082,0.0042084965972569496,0.006178326125925245,0.006178326414331369,0.0,0.0,0.0,0.0,0.0,0.0,0.0,0.0,0.012695097954120911,0.012695105177200626
2022-09-09,2.7771140155953902e-08,8.33134204678617e-12,0.0,0.0,0.039981403796841786,0.039981408835365245,0.04262499009406924,0.04262499045281061,0.08909882550220671,0.08909882559115523,0.738609691061061,0.7386096771754909,0.005448302884755433,0.005448303301068894,0.005720460328259311,0.005720460774094108,0.0014682821624464975,0.0014682824659865592,0.0,0.0,0.0057829562844984115,0.005782956737582288,0.007161147823367847,0.007161148403829234,0.0,0.0,0.0,0.0,0.0,0.0,0.0,0.0,0.005251359369421778,0.0052513597456325355,0.007942906583083291,0.0079429072013693,0.006395387235971117,0.0063953876541597305,0.0052717660279282584,0.005271766303559562,0.003863095423313546,0.0038630956913434287,0.006157724283327967,0.006157724738864389,0.006344922310012322,0.006344922761533265,0.0,0.0,0.004295132199213126,0.00429513253944646,0.006272728856382253,0.006272729055811646,0.0,0.0,0.0,0.0,0.0,0.0,0.0,0.0,0.012308917773840165,0.012308920570896597
2022-09-16,0.017500177942469816,5.250053382740944e-06,0.0,0.0,0.03692581783398681,0.03987866144777555,0.04254597998524542,0.042545982200700064,0.08727977446690215,0.08902272617115323,0.7476327237032026,0.7388826347319677,0.005433765220548567,0.00543376676771784,0.005566522255399252,0.005566524045025887,0.0014060819318888686,0.0014060824203864614,0.0,0.0,0.005549164259616948,0.00554916609597356,0.007175264157354349,0.007175269008023246,0.0,0.0,0.0,0.0,0.0,0.0,0.0,0.0,0.005251433331656315,0.005251434478205503,0.007811286007796185,0.007811295143761643,0.006507787823203771,0.006507789553073132,0.005276763204259359,0.005276763782857999,0.003972788822952542,0.0039727893430658865,0.006092201770214753,0.006092204004785048,0.006281755337791867,0.006281757561438415,0.0,0.0,0.004309399566087157,0.004309400445993386,0.0061966837647398085,0.00619668410008771,0.0,0.0,0.0,0.0,0.0,0.0,0.0,0.0,0.008784806557153463,0.01283906869800798
2022-09-23,0.05836330098479769,1.7508990295439306e-05,0.0,0.0,0.03621623515178055,0.03703973476583402,0.040749637551032086,0.04272961038473572,0.06085024356529524,0.08722483244824504,0.778909907940244,0.7497282574478452,0.005237250492182667,0.005237256541446803,0.005454707030821659,0.005454714562655343,0.001383562531967001,0.001383564199880447,0.0,0.0,0.005333657744072867,0.005333664902945756,0.007067156387580433,0.007067180197424838,0.0,0.0,0.0,0.0,0.0,0.0,0.0,0.0,0.004882311174163109,0.004882315348713092,0.007804866581719976,0.007804913678747901,0.0063180453271119074,0.006318052456021013,0.0051225096860144734,0.0051225116023775035,0.004034706421857666,0.0040347082367256,0.005910492430427273,0.005910501669020751,0.006073461175936371,0.006073470182098995,0.0,0.0,0.004182767493678208,0.004182770695637472,0.00622751467156731,0.006227515752208513,0.0,0.0,0.0,0.0,0.0,0.0,0.0,0.0,0.00824096664254728,0.00824442492743623
2022-09-30,0.027524007818009975,8.257202345402992e-06,0.0,0.0,0.035101831384432375,0.036118728098486944,0.031779077867516076,0.04048810710907354,0.056550632040585073,0.060586698775534055,0.7947614965327605,0.7809994926237556,0.005200447377105756,0.005200447808429007,0.005305246672962408,0.00530524715990422,0.0013332536537881059,0.0013332538218751514,0.0,0.0,0.005383481129983424,0.0053834816344383125,0.006893382683653152,0.00689338373550038,0.0,0.0,0.0,0.0,0.0,0.0,0.0,0.0,0.00469491919784682,0.004694919511986588,0.007401925144104503,0.007401926502108833,0.006554394491583434,0.006554395019867895,0.004943173634045187,0.004943173806024089,0.003987102531809914,0.00398710271058732,0.0059356527229427886,0.0059356533189873,0.006055394887383448,0.00605539545853474,0.0,0.0,0.004036812675554418,0.00403681294631081,0.006289019557063554,0.006289019664673338,0.0,0.0,0.0,0.0,0.0,0.0,0.0,0.0,0.007792755814879059,0.007792760293922003
2022-10-14,1.8899759157871288e-09,5.669927747361385e-13,0.0,0.0,0.0351910707182682,0.03519107074781417,0.03187625060595216,0.031876250639875245,0.05654144514791087,0.056541445174729484,0.7945937771404953,0.7945937761955074,0.00508914989774543,0.005089149949370127,0.005337648061622076,0.0053376481122944346,0.0013344074839660147,0.0013344076885822306,0.0,0.0,0.005412940548005211,0.005412940598281702,0.006906659266513858,0.006906659330257279,0.0,0.0,0.0,0.0,0.0,0.0,0.0,0.0,0.00474677125179963,0.004746771304779617,0.0072678594688199176,0.007267859510699477,0.006315136784439895,0.006315136826634649,0.004739853588817125,0.004739853632606935,0.004014947945312921,0.004014947991088655,0.005599520544320272,0.005599520592515779,0.005872624538797876,0.005872624584957214,0.0,0.0,0.004046487882398378,0.004046487943709884,0.006343358411404396,0.006343358425100627,0.0,0.0,0.0,0.0,0.0,0.0,0.0,0.0,0.008770090713410556,0.008770090751195324
2022-10-21,3.192647185274074e-08,9.57794155582222e-12,0.0,0.0,0.035157938819972305,0.03515793980109561,0.03185902257810485,0.03185902336923329,0.05651996489702255,0.05651996560944969,0.7934431097607229,0.7934430937974869,0.005092764170893456,0.0050927650558769445,0.005448545449382194,0.005448546361068162,0.0013727268402395887,0.0013727280352910703,0.0,0.0,0.005534282376732693,0.0055342832954456,0.006869533935558937,0.006869535077088573,0.0,0.0,0.0,0.0,0.0,0.0,0.0,0.0,0.00479605856731463,0.004796059410886905,0.007592620098759657,0.007592621078051742,0.006117107069883356,0.006117107905626819,0.0046777784953648816,0.004677779152994931,0.0039501575457818565,0.003950158270413785,0.00576882330229566,0.005768824206779959,0.006058070961696209,0.0060580718629183235,0.0,0.0,0.004277189032086738,0.004277189895856631,0.006263240263481956,0.0062632407208707,0.0,0.0,0.0,0.0,0.0,0.0,0.0,0.0,0.009201065834705697,0.009201067093564375
2022-10-28,3.388401542225687e-08,1.0165204626677061e-11,0.0,0.0,0.035188870913194975,0.035188871915668635,0.03196197452123505,0.03196197532233993,0.056330284716577375,0.0563302855714486,0.7933841373722953,0.7933841204302876,0.004913115314823907,0.004913116247163115,0.005451793989624461,0.005451794956249442,0.0013777234098140763,0.0013777246564317099,0.0,0.0,0.005362480445856342,0.005362481412990236,0.006703960892704258,0.006703962090661556,0.0,0.0,0.0,0.0,0.0,0.0,0.0,0.0,0.0046921503347356515,0.004692151226181065,0.007940619582185582,0.00794062064764823,0.005546586256868507,0.0055465871181759,0.0044102555721331396,0.004410256268669954,0.004123716467006187,0.004123717227221479,0.005936505369606271,0.005936506332826085,0.006329689084707549,0.006329690051375612,0.0,0.0,0.00452294657551174,0.004522947488632146,0.006331392462278684,0.00633139293669848,0.0,0.0,0.0,0.0,0.0,0.0,0.0,0.0,0.009491796718840958,0.00949179809933028
2022-11-04,5.776448834169355e-08,1.7329346502508064e-11,0.0,0.0,0.03522067868436525,0.035220680190177496,0.03198967277929238,0.03198967397376058,0.0562034758035293,0.056203477356608085,0.7935059599503981,0.7935059310681539,0.004934756719295943,0.004934758319973002,0.005483570701468022,0.005483572375482636,0.001397160498570204,0.001397162396196155,0.0,0.0,0.005465551931933357,0.005465553611982915,0.00651064007970715,0.006510642121387358,0.0,0.0,0.0,0.0,0.0,0.0,0.0,0.0,0.004719741150097292,0.004719742672340351,0.007925823141304635,0.007925825037186486,0.005664256899586349,0.005664258429552509,0.004438961109231021,0.004438962320088952,0.004122886428992329,0.0041228877189244065,0.005766266942731928,0.005766268598396947,0.0062796601753348355,0.006279661861076958,0.0,0.0,0.0044888206669325545,0.004488822207379423,0.006310218383226593,0.006310219212245702,0.0,0.0,0.0,0.0,0.0,0.0,0.0,0.0,0.009571897954002873,0.009571900529086241
2022-11-11,0.005965891261348378,1.7897673784045131e-06,0.0,0.0,0.03515294017389684,0.035152942471399655,0.03197084190898732,0.03197084352185735,0.052927393063750945,0.05591029856462649,0.7959424837168083,0.7929595380861342,0.004986938278278424,0.00498694050333375,0.00557288557979474,0.005572888049778623,0.0014063897508365213,0.0014063913368396476,0.0,0.0,0.005410353924151014,0.005410356349087236,0.006686462714346051,0.006686465560193137,0.0,0.0,0.0,0.0,0.0,0.0,0.0,0.0,0.004834684039451611,0.004834686095562026,0.007601341779821703,0.007601344842722945,0.005795919073803393,0.005795921290109476,0.0046266222103304696,0.004626623730427362,0.0044092121546250446,0.004409213767315546,0.005685367870678406,0.005685370279075707,0.006248942332096483,0.0062489448807574255,0.0,0.0,0.004688101172004296,0.004688103256725221,0.006502630375214069,0.006502631561614165,0.0,0.0,0.0,0.0,0.0,0.0,0.0,0.0,0.009550489881124407,0.009550495852440223
2022-11-18,0.0463030831975486,1.3890924959264577e-05,0.0,0.0,0.034890734457734114,0.03489073559536906,0.03164557060853186,0.03164557320936042,0.02888392096828779,0.0520354038390294,0.8179958785178869,0.7948443369191126,0.005151014262495288,0.005151017009919944,0.005670477011003701,0.005670480170362382,0.001425612633608131,0.0014256145922663737,0.0,0.0,0.005468628788624725,0.0054686318792443326,0.006749169411623201,0.006749173515467592,0.0,0.0,0.0,0.0,0.0,0.0,0.0,0.0,0.005100943645065997,0.0051009460867573065,0.007761487768339037,0.007761492408200296,0.00598085428371472,0.005980857058010522,0.0051020832903123205,0.005102084904833645,0.0043963775267840165,0.004396379214786104,0.0060518576487445545,0.0060518609889281,0.006492790156860231,0.006492793718393358,0.0,0.0,0.005007911078127415,0.00500791363524436,0.006547803051323221,0.006547804080122952,0.0,0.0,0.0,0.0,0.0,0.0,0.0,0.0,0.009676884890932786,0.009676901174591258
2022-11-25,0.00959785459743948,2.8793563792318437e-06,0.0,0.0,0.03504786697540604,0.035047867353916136,0.03178069105408917,0.03178069387838142,0.024258429218056144,0.029057323306437295,0.8228865160044462,0.8180875887057264,0.005066426804116682,0.005066427412573464,0.005582916627818657,0.005582917353647028,0.0013977158852312953,0.0013977161921058393,0.0,0.0,0.005344865012373118,0.005344865708270156,0.006810975795677879,0.006810976815158006,0.0,0.0,0.0,0.0,0.0,0.0,0.0,0.0,0.004934942007068306,0.004934942528602459,0.0076086818497152365,0.007608683033339046,0.005755283957986317,0.005755284558943068,0.00502244263963675,0.005022442990559838,0.004427797922912093,0.004427798283868518,0.006097581331907277,0.006097582157596857,0.006618028778692319,0.006618029709838869,0.0,0.0,0.005096911352444378,0.005096911941600423,0.006528409906485814,0.006528410137686045,0.0,0.0,0.0,0.0,0.0,0.0,0.0,0.0,0.009733516875936507,0.00973353793174921
2022-12-02,0.011668476035897513,3.5005428107692536e-06,0.0,0.0,0.03481922235500282,0.034819238043252126,0.03146407231779931,0.03155779625616673,0.01901525952278667,0.02457486989799442,0.8276524124150534,0.8218181743971048,0.005244843740647183,0.0052448637978324015,0.0056295537385362944,0.005629578014410641,0.0014105887018967778,0.0014105960201152917,0.0,0.0,0.005448072937785051,0.00544809647344874,0.006978490237409142,0.006978533211634806,0.0,0.0,0.0,0.0,0.0,0.0,0.0,0.0,0.005098454789174522,0.005098470655581294,0.007545277543757806,0.0075453259204604555,0.006114480108905396,0.006114501668144351,0.0053198749178100194,0.005319884764778076,0.004524493702846867,0.004524503257415233,0.006135682569088475,0.006135712159752323,0.0066183335339972385,0.006618367932301108,0.0,0.0,0.005094401545439003,0.005094419016164867,0.006534024550274303,0.006534029587347283,0.0,0.0,0.0,0.0,0.0,0.0,0.0,0.0,0.009352460771789792,0.009533038926095456
2022-12-09,0.004597705966781327,1.379311790034398e-06,0.0,0.0,0.03484049022900914,0.034840493937640805,0.029831355270955942,0.031504199664282036,0.018386904546041114,0.019012475590114347,0.8309899747239297,0.8286911217405392,0.005339957570313688,0.005339959722249475,0.005641159229842278,0.0056411617779296,0.001414024712844843,0.0014140254104423582,0.0,0.0,0.005516847946017268,0.005516850469974147,0.007031651179414888,0.007031656198592355,0.0,0.0,0.0,0.0,0.0,0.0,0.0,0.0,0.005177154433986903,0.005177156103146872,0.007354931001188491,0.007354935580492027,0.006344529142422389,0.006344531604271024,0.005408406263999401,0.005408407272043556,0.0045544687076336885,0.004554469679944413,0.0058605303078663,0.005860532995095429,0.006293990602059561,0.00629399365528201,0.0,0.0,0.004933581564861546,0.004933583232383797,0.006464053490131239,0.006464053983761819,0.0,0.0,0.0,0.0,0.0,0.0,0.0,0.0,0.008615989077481588,0.008616391381815027
2022-12-16,0.0035647871959695017,1.0694361587908505e-06,0.0,0.0,0.03484416443765757,0.03484418222260367,0.029561490256909746,0.02984882333243202,0.01655936753676745,0.018054303519761023,0.8334788460731045,0.8316964524751196,0.005327580575850183,0.0053275824535530605,0.005575209684484637,0.00557521183640474,0.0013992032741538237,0.0013992038568250533,0.0,0.0,0.005490820293810208,0.005490822488264332,0.00684313233320651,0.00684313631433796,0.0,0.0,0.0,0.0,0.0,0.0,0.0,0.0,0.005099631594309026,0.0050996330072209375,0.0072395312792753914,0.0072395349717641905,0.006515517718006824,0.006515520190995699,0.0054106622442551405,0.005410663100448216,0.004678816757278756,0.004678817605006276,0.0058910707391031285,0.0058910731361842845,0.0063841346657651805,0.006384137522738857,0.0,0.0,0.005035014063722858,0.005035015572344145,0.006504790119092652,0.006504790541077403,0.0,0.0,0.0,0.0,0.0,0.0,0.0,0.0,0.008161016353246448,0.008161095852918228
2022-12-23,3.973064336465406e-07,1.1919193009396218e-10,0.0,0.0,0.03493070613485457,0.03493071590813009,0.029656642164285867,0.02965666690614049,0.016521340051478033,0.016521378738428207,0.8347531896754479,0.8347529910222311,0.005186138393506321,0.005186145839674709,0.005301215751217256,0.005301223464603974,0.0013186754008608615,0.0013186792233776331,0.0,0.0,0.0052833855534609245,0.005283393471550048,0.006689045868500142,0.006689056832387469,0.0,0.0,0.0,0.0,0.0,0.0,0.0,0.0,0.004912984685230033,0.004912990985183456,0.006887178908716693,0.006887188381411473,0.006449711324396694,0.006449720119734455,0.00549212154339992,0.005492126282308957,0.004678912119758679,0.004678916884675149,0.005739873059311626,0.005739881446335568,0.006237258015154928,0.006237267224569483,0.0,0.0,0.004966239493174829,0.004966246255876657,0.0065933974081374665,0.006593400057077388,0.0,0.0,0.0,0.0,0.0,0.0,0.0,0.0,0.008401984449107266,0.008402010956303779
2022-12-30,7.537515330641176e-09,2.2612545991923524e-12,0.0,0.0,0.035009162748981054,0.03500916286389132,0.02967245511208596,0.029672455256233816,0.016697452334102064,0.016697452524725168,0.8348369057838481,0.8348369020150904,0.005215348159621358,0.005215348374483841,0.005364557463118886,0.005364557677062258,0.001331776471354358,0.0013317769405362908,0.0,0.0,0.005384003987860042,0.005384004204035788,0.0066626397352308655,0.006662640007207999,0.0,0.0,0.0,0.0,0.0,0.0,0.0,0.0,0.00493130445436597,0.004931304664527235,0.007099836516000795,0.0070998367111154296,0.006420082951967335,0.0064200831505478485,0.00550826270671256,0.005508262882339223,0.004647794774261277,0.004647794963085557,0.0056193392837765406,0.005619339493828753,0.00605860345932296,0.006058603664821627,0.0,0.0,0.00486319071195109,0.004863190927800196,0.00656024164612492,0.006560241756946647,0.0,0.0,0.0,0.0,0.0,0.0,0.0,0.0,0.00811704169931383,0.008117041921720554
2023-01-06,0.08271523741851647,2.481457122555494e-05,2.0191394376748274e-10,0.0,0.06392473083591219,0.0350165766221327,0.04212085915424152,0.02967139746295303,0.016672315420294195,0.01667231528911603,0.7923676448817536,0.8337252635910118,0.00534533170038406,0.005345331653862097,0.005485113137859254,0.005485113091647887,0.001375983161564966,0.0013759831576253309,0.0,0.0,0.005496673481615837,0.005496673436848305,0.006771002350757983,0.006771002310086749,1.6914159255148363e-10,0.0,1.6952049946768922e-10,0.0,1.5812554234250225e-10,0.0,1.7586216613092852e-10,0.0,0.005022362890218601,0.005022362838867075,0.007247962127344351,0.007247962076739809,0.0065922682068419,0.00659226815712006,0.00578071876813352,0.00578071869135798,0.004592039922463738,0.004592039860888228,0.005606436800469067,0.00560643675330132,0.006054410539797112,0.006054410491950305,1.93567073642737e-10,0.0,0.004970251132790546,0.0049702510842336775,0.0066129447443014164,0.0066129444547307166,1.5606467497176863e-10,0.0,1.5699187967365007e-10,0.0,2.0289845532557998e-10,0.0,1.4890096338457063e-10,0.0,0.007960949010269284,0.007960948975526818
2023-01-13,5.241554958102701e-09,1.5724664874308101e-12,3.167447751126617e-10,2.013840793354004e-10,0.06369040148040103,0.06369040118127643,0.042006647718100455,0.042006647121782384,0.016538756016721858,0.016538755925729592,0.7923731499303885,0.7923731525125048,0.005414062772637516,0.005414062748479365,0.0054889669697609144,0.005488966945586807,0.0013761113695138635,0.0013761114081750235,0.0,0.0,0.005617701629487373,0.0056177016065890005,0.006745695609221371,0.006745695554792615,2.7054288927448085e-10,1.68688534746024e-10,2.6867848249296944e-10,1.6589052091381155e-10,2.6160371313782936e-10,1.6517863768664283e-10,2.7949289098627085e-10,1.7409714813201684e-10,0.005117558187008226,0.005117558159472567,0.007002559735878081,0.007002559704375471,0.0066526296483024544,0.00665262961920307,0.005759370624427928,0.005759370573744455,0.004539187671584943,0.004539187619743188,0.005782577701449575,0.005782577676227097,0.00614007663494029,0.00614007660833022,3.05839419102198e-10,1.9429705694009524e-10,0.0051437210248965375,0.005143720999772158,0.006640751824418647,0.006640751674004648,2.6280742725046826e-10,1.595352092495805e-10,2.635745737178727e-10,1.5906253903752992e-10,3.2552587699940606e-10,2.0543425776163568e-10,2.557702359872585e-10,1.5628610932664965e-10,0.007970070640280087,0.00797007061035691
2023-01-20,6.511611553524562e-08,1.9534834660573685e-11,1.030153368202678e-09,3.2210110257975324e-10,0.06353955912319754,0.06353955610058049,0.04181175589164381,0.041811736730300565,0.016467246133698373,0.016467245610429202,0.7912273055229658,0.7912273380810236,0.005590715807520549,0.005590715630096251,0.0056590538554570635,0.005659053678304111,0.0014158398646340862,0.001415839799650574,0.0,0.0,0.005875171955647673,0.00587517178481438,0.006816770078831871,0.006816769844514793,9.003946272511293e-10,2.906908972790832e-10,9.025948449330268e-10,2.916949794717247e-10,8.502119862960555e-10,2.6458893782414027e-10,9.2913387153571e-10,2.93229315997661e-10,0.005533297073071353,0.005533296880594434,0.007284324459500904,0.007284324258320584,0.006795185942701089,0.0067951857496807945,0.005826703981415435,0.005826703682641739,0.004485424463580907,0.0044854241933462696,0.005696681352937747,0.0056966811709283855,0.006050627168426959,0.006050626981800072,9.97535616497725e-10,3.1297167742924595e-10,0.005180956464820084,0.005180956281054698,0.006708714662222402,0.006708713801845048,8.537108063464384e-10,2.6940160226154753e-10,8.606700232218459e-10,2.737413203022352e-10,1.0434370226484617e-09,3.2538868756329927e-10,8.224163715909755e-10,2.574711373570556e-10,0.008034657007467822,0.008034656838794443
2023-02-03,0.03970933649836537,1.191280094950961e-05,1.2682921950703297e-09,1.0411786236871418e-09,0.07021912699410968,0.06348368947939084,0.054946038472226844,0.04182681401010536,0.016610599696836998,0.016610598956976724,0.7698805096372362,0.789735177886419,0.005604774530300797,0.00560477439181647,0.005781975097026844,0.005781974959305369,0.0014610725330461184,0.001461072412507988,0.0,0.0,0.005924671618499427,0.005924671484276619,0.006866191444049743,0.0068661913332311005,1.1015693167137086e-09,9.038940042996615e-10,1.1145694007592567e-09,9.227237059303606e-10,1.0663466322870384e-09,8.782303762927852e-10,1.141213319656165e-09,9.326408346999103e-10,0.0054387825288919915,0.005438782379724101,0.007480169942920348,0.00748016979407889,0.006801218738278498,0.0068012185926994585,0.005859523110441066,0.005859522885378804,0.004581979120481191,0.00458197894399156,0.006044156792037621,0.006044156654054246,0.006299834721733349,0.006299834580822656,1.2463398571029133e-09,1.017366993070992e-09,0.005288991248613381,0.005288991105058119,0.006783929806224822,0.0067839283420848395,1.0336448148905338e-09,8.534409890293199e-10,1.0248480844330534e-09,8.379881702740787e-10,1.3168797980454076e-09,1.0400302949169072e-09,1.004510245473067e-09,8.348693807423163e-10,0.008126442648831259,0.008126442545714558
2023-02-10,0.016843333064405296,5.052999919321588e-06,1.5703863706684876e-09,1.2584067693465125e-09,0.07450308874080598,0.07029577506328043,0.05921493526349262,0.05500059194869003,0.01667738106201888,0.016677379091859342,0.7619262931565568,0.7703479596887595,0.005537345410788647,0.005537345226976367,0.005777619066741237,0.005777618884951755,0.0014805395042970517,0.0014805392973261896,0.0,0.0,0.005855749527772635,0.005855749352346358,0.006821922880571691,0.00682192271034534,1.3782387015121544e-09,1.122976326225043e-09,1.4114278335908442e-09,1.1613529168730568e-09,1.3066703419408187e-09,1.045686929457282e-09,1.4242869113194854e-09,1.149399212943046e-09,0.005346081606297566,0.005346081404286223,0.007517828265449783,0.007517828072017017,0.006687813527777408,0.006687813336054696,0.005780170408189497,0.0057801700860779185,0.0043348996989574454,0.004334899437230683,0.006132000740707319,0.006132000558209582,0.006386221108571046,0.006386220922067859,1.5537131937507942e-09,1.2435473226681841e-09,0.005297175265259697,0.0052971750721633164,0.0066139481917392145,0.00661394632216453,1.2873659735473915e-09,1.0172434095167646e-09,1.2932874686268015e-09,1.0174623707650382e-09,1.7434857026787614e-09,1.2997848965212695e-09,1.2457907657392301e-09,9.887719958396005e-10,0.008108972359352125,0.008108972220560692
2023-02-17,6.269512763524996e-07,1.8808538290574988e-10,8.306120523682117e-09,1.5471241849574987e-09,0.07451940006844979,0.07451928379767582,0.05925047559668689,0.05925038460914083,0.016799882040844972,0.01679986986707922,0.7620015769716797,0.7620018904473178,0.0054823625578006765,0.005482361079590033,0.005720067278252527,0.005720065809032208,0.001462740761684206,0.0014627394672463716,0.0,0.0,0.005720492971313219,0.005720491562829474,0.006812973392547809,0.006812971823807764,6.737468434531706e-09,1.3465582012182102e-09,6.879440508426963e-09,1.4180836471440171e-09,6.415327366696587e-09,1.2505609051702316e-09,7.157304907901116e-09,1.3805163756819887e-09,0.005242887819838017,0.005242886162809298,0.007352350757208885,0.007352349115606225,0.006766842972543538,0.006766841390136704,0.005690711053749502,0.005690708124283616,0.004263341116966747,0.004263338876790752,0.006251651783846592,0.006251650304120145,0.006471755287037177,0.0064717537651605836,8.269921784377555e-09,1.5398071810701847e-09,0.005352396323504079,0.005352394756937347,0.00658275918145243,0.0065827473324143295,6.532601073415395e-09,1.2630450246347662e-09,6.577436919178291e-09,1.2656669497360296e-09,1.0113679093256697e-08,1.7484199536616879e-09,6.150763653534566e-09,1.201389013265022e-09,0.00825525892452872,0.008255257746849643
2023-02-24,3.060185755149774e-08,9.180557265449321e-12,8.372493506192293e-09,8.347669791305634e-09,0.07449072045681306,0.07449071647561596,0.05928164746475693,0.059281644809068,0.016802758988272916,0.0168027575067742,0.7625622445072681,0.7625622597290158,0.005500476637304469,0.005500476329301772,0.005780166709672859,0.005780166397956727,0.0014712097492229127,0.0014712097591994754,0.0,0.0,0.005602783558871998,0.005602783260656449,0.007059405241513449,0.007059404778106524,6.680795119108048e-09,6.515773178247028e-09,6.8807157804062735e-09,6.746191428731501e-09,6.56451146727431e-09,6.405231031313763e-09,7.1938876562205044e-09,7.0643734110730304e-09,0.0053637540034818685,0.005363753666320294,0.0073484984471654784,0.007348498079976685,0.006763120649007359,0.006763120301517431,0.005545951160628663,0.005545950598076476,0.004277732133386784,0.004277731659627198,0.006011616451676734,0.0060116161299240516,0.006290260274854933,0.006290259940884784,8.189678121338594e-09,8.111373973885374e-09,0.005311977073092133,0.005311976748530771,0.006596696175115947,0.0065966948610767465,6.813826005953177e-09,6.667519304592078e-09,6.834019027070106e-09,6.686333887914682e-09,1.0043022257465574e-08,1.0112226780753169e-08,6.801799288771492e-09,6.681973538502017e-09,0.007938905943145096,0.00793890562970431
2023-03-03,1.469923830007341e-06,4.4097714900220225e-10,1.2421184390578294e-08,8.403809800554566e-09,0.07447330438794578,0.0744726670742367,0.059234568155585504,0.05923454565181446,0.016783777711594068,0.0167837704671597,0.7626291094270149,0.7626298443889299,0.005520567524519873,0.005520566065150743,0.005802279534293905,0.005802278074865178,0.0014713718172879695,0.0014713704872119265,0.0,0.0,0.005512137333159483,0.0055121359154394305,0.007142996277747586,0.007142994633149339,1.0282697737349236e-08,6.617847829540301e-09,1.0669227485298432e-08,7.225107806682876e-09,9.983218989266188e-09,6.3460206820490626e-09,1.0990194137204137e-08,7.1712417737970626e-09,0.005305788819555174,0.0053057872214816604,0.0074972621458591,0.007497260521405213,0.00678004015503916,0.006780038575946593,0.005598397449233827,0.005598394792645624,0.004231781850135248,0.004231779725813906,0.005879662335932943,0.005879660834986409,0.006182264642751992,0.0061822630956417605,1.2439263262520272e-08,8.195784826524438e-09,0.005244737744182024,0.005244736200619541,0.006624671776628349,0.006624664759518876,1.02276405929827e-08,6.685187866251504e-09,1.0437992613304831e-08,6.886714373940996e-09,1.462066778900703e-08,9.773993549952726e-09,1.0162847678700371e-08,6.773910306300499e-09,0.008085168676598482,0.008085167434364243
2023-03-10,0.011056113390392289,3.3168340171176865e-06,1.2889797104615309e-08,1.2354636462429816e-08,0.08011967254569678,0.07459265473531278,0.059410186500959,0.059409180293326605,0.016850763719338448,0.016850758715243695,0.7571664103789433,0.7626944670741393,0.005385532104101411,0.005385530980794584,0.005711133518625741,0.005711132402756956,0.0014549120331997026,0.0014549108278198194,0.0,0.0,0.005406570911609273,0.005406569814679858,0.0071108002610488835,0.007110799266073016,1.1278205408380072e-08,1.0504489917528894e-08,1.1210947389259854e-08,1.0409384387181239e-08,1.080116721120701e-08,9.938986694302138e-09,1.1834822087839865e-08,1.1081468952525458e-08,0.005139457249303452,0.005139456038195809,0.00756616919052771,0.00756616802347994,0.006510621071306857,0.006510619892227793,0.005527607871953209,0.0055276060558877346,0.004127492515572494,0.0041274910579671455,0.006082151376844193,0.006082150261470599,0.006319945620392172,0.006319944483247399,1.3554425138880799e-08,1.3015632419300378e-08,0.005383759379727415,0.005383758222612338,0.006633458495867355,0.0066334545045547135,1.0888975798610067e-08,1.0081073061045762e-08,1.1198271339211848e-08,1.0461165005070129e-08,1.5351490784629926e-08,1.4921188103373203e-08,1.0674380974144373e-08,9.861927766771749e-09,0.00809323557249957,0.008093234720257135
2023-03-17,0.00012106062113145823,3.631818633943747e-08,1.4631802036005168e-08,1.2866841561416765e-08,0.08038659882738947,0.08032628869243734,0.05960508617599611,0.05960491137089481,0.01690552605189716,0.01690552085944418,0.7584591975001086,0.7585197278106744,0.0052831294444389216,0.005283128322516559,0.005592858251430401,0.005592857138690358,0.001415018717019743,0.0014150174031155507,0.0,0.0,0.005251085351619706,0.00525108425404202,0.007076406958820641,0.0070764057991804016,1.3180888908373817e-08,1.1565915765064464e-08,1.2803798606693258e-08,1.1174751082864435e-08,1.1901890767441812e-08,1.0131583059048823e-08,1.3471511726827477e-08,1.1752303525477506e-08,0.005046076391390765,0.00504607514966897,0.007290467357127152,0.00729046618125498,0.006428443766146024,0.006428442567171184,0.005238041642360035,0.005238039708528173,0.004333478630013682,0.004333477020419513,0.006055097183737401,0.006055096076773843,0.006122336649606591,0.006122335512203416,1.4844106664026363e-08,1.3086864822941044e-08,0.005166572952921389,0.0051665717995614735,0.006876966335532215,0.0068769606125435685,1.2120709351579954e-08,1.041029042994666e-08,1.2451475645089226e-08,1.0789989096629276e-08,1.6928925941268428e-08,1.5100968119011283e-08,1.1795162865970003e-08,1.0086808092015712e-08,0.007467477682171697,0.007467476754564112
2023-03-24,0.004653194959436874,1.395958487831062e-06,1.4625445148559826e-08,1.4734147514699622e-08,0.08136814021238645,0.08027187049686725,0.0607059060308222,0.05947558925264784,0.017031062514936204,0.01703106102039824,0.7550549563220039,0.7573815533436558,0.0054044952065467914,0.00540449473012155,0.0057189708510083865,0.0057189703789884356,0.0014461495254993765,0.0014461489194859407,0.0,0.0,0.005370211701076156,0.005370211233977249,0.007097098206380023,0.007097097713830005,1.4212458558847257e-08,1.424734547369601e-08,1.4460861719746793e-08,1.449708889081537e-08,1.2067106665758434e-08,1.2045715498991584e-08,1.42791048411606e-08,1.4318889015340055e-08,0.005144021040465814,0.00514402051310127,0.00742713755309323,0.007427137058183894,0.006441041183026848,0.0064410406679465005,0.00539927407748621,0.0053992732763520354,0.004447002953373492,0.004447002270127519,0.006211225287560311,0.0062112248225088835,0.006159062184626674,0.00615906170124244,1.504199424403686e-08,1.5108162397526833e-08,0.005297920498393743,0.005297920008406477,0.006993828205343832,0.006993826118872729,1.2322965951911274e-08,1.2325504250542365e-08,1.2966311237519746e-08,1.29877339527384e-08,1.5847062465134593e-08,1.5995399310095142e-08,1.2011857661837483e-08,1.2004699010608635e-08,0.007282358610801947,0.007282358208600845
2023-03-31,0.004707423739241535,1.4122271217724604e-06,1.4438562766501107e-08,1.4561780269243752e-08,0.08368791804680267,0.08133534357539941,0.06063456709194661,0.06063344670748761,0.017041515231323422,0.017041512969765953,0.7521987993442072,0.7545525105693422,0.005412581070347922,0.005412580337842834,0.005711148597950708,0.0057111478653157355,0.001436111725571682,0.0014361108344270329,0.0,0.0,0.005424899900823044,0.005424899185078774,0.007030997284049938,0.0070309964828938745,1.396407533568058e-08,1.4056945117675505e-08,1.416118746203373e-08,1.429316446053328e-08,1.228799794932257e-08,1.2160750920963373e-08,1.4283440752431015e-08,1.438545831508398e-08,0.005123276226417139,0.005123275417791292,0.007114349594281975,0.007114348798250786,0.00657878586616,0.006578785064250599,0.005527256957203876,0.005527255719921821,0.004526975167449518,0.004526974142098878,0.006336935133365657,0.006336934416346946,0.006304292812385378,0.006304292069399893,1.5126982179773275e-08,1.5263524603796833e-08,0.005378656177917251,0.0053786554332871245,0.006980474307216739,0.006980471176714848,1.2706672601195212e-08,1.2671539552075426e-08,1.3345855789999748e-08,1.3396853825922122e-08,1.5758559776744563e-08,1.5765423234319586e-08,1.2308390558433068e-08,1.2229396353710924e-08,0.007550321082854126,0.007550320449547811
2023-04-07,0.05097457876548442,1.5292373629645325e-05,1.4416705375617366e-08,1.4501997183466452e-08,0.09927711043349412,0.08354736978995211,0.07032171825167594,0.060564182021956,0.01704769851096163,0.0170476958950151,0.7255438423196172,0.7510311314324447,0.005464146072103457,0.0054641457637920575,0.005800768772670851,0.005800768464360532,0.0014664827266744848,0.0014664825343609677,0.0,0.0,0.0055082154408443995,0.005508215141457901,0.0070729519971160105,0.007072951688022503,1.571080678182856e-08,1.565685846868821e-08,1.5563741658459878e-08,1.5510011067101826e-08,1.2117706425295888e-08,1.2117306578540578e-08,1.537892942434203e-08,1.534340896236641e-08,0.005297531333556411,0.0052975309953478865,0.007319602955301154,0.007319602617346129,0.006538758007891173,0.0065387576564797985,0.005499770148444555,0.005499769517813442,0.004733640661699523,0.0047336402194878705,0.006340758521463104,0.006340758218174268,0.006366738956575696,0.0063667386426047605,1.510516342428397e-08,1.512053214970799e-08,0.005450574149387836,0.00545057383480945,0.007098669728255501,0.0070986646677761,1.2381940838245978e-08,1.2400634537443506e-08,1.324588730629718e-08,1.3255925844617901e-08,1.589548295026442e-08,1.6018533491167e-08,1.2034980705750964e-08,1.2052452193541985e-08,0.007850879160922093,0.007850878921138147
2023-04-14,0.02514924120456853,7.5447723613705585e-06,1.4907231858470367e-08,1.43928510730872e-08,0.10900554313371597,0.09937345923876029,0.0734134797621633,0.0704709832771807,0.016981736116097823,0.016981731279752714,0.7127933414892281,0.7253679620915123,0.0054279579483632,0.005427956577614372,0.005796905173281919,0.00579690380645978,0.0014646821529060638,0.00146468075561225,0.0,0.0,0.0054539511314108426,0.005453949780741273,0.007219907118681555,0.007219905998199791,1.5030627748759107e-08,1.4880873808946862e-08,1.502913088298005e-08,1.4917366606942502e-08,1.2887927188528291e-08,1.205986908332103e-08,1.4982439876126053e-08,1.4726855292952023e-08,0.0053004658686902975,0.005300464428064091,0.007218060269212038,0.00721805881613902,0.006245094092978823,0.006245092589581585,0.005487217064941132,0.005487214773137783,0.0048397681792748184,0.00483976654654786,0.006309684519412161,0.006309683161549405,0.006382757244544655,0.006382755861654891,1.5697855191445066e-08,1.5197906817232374e-08,0.005532180845744466,0.005532179464080425,0.007121271461801398,0.007121261358102491,1.3085341602190856e-08,1.2505459337904335e-08,1.359198538961226e-08,1.3163517887931056e-08,1.689784642046897e-08,1.5748912405242366e-08,1.2487939427342827e-08,1.181857827132497e-08,0.008005851829225915,0.008005850783118327
2023-04-21,0.01988673349152888,5.966020047458664e-06,1.5278364678703175e-08,1.499051097097282e-08,0.11437256799551014,0.1090096442747147,0.077961476082196,0.0733810677274074,0.017082667428971528,0.017082662908215494,0.7028862476402953,0.7128296141358069,0.005479660475335932,0.005479659356027443,0.0057923639397368725,0.005792362825851139,0.0014621140910988546,0.001462112862643309,0.0,0.0,0.005410140348385287,0.005410139245249887,0.007305018877221283,0.007305017848286443,1.568457151445326e-08,1.5782983274922163e-08,1.5534683493877493e-08,1.562032581009019e-08,1.320735079451666e-08,1.2745901592534692e-08,1.580255609408311e-08,1.58687547634994e-08,0.005360794936131259,0.00536079374150584,0.007118000043128238,0.007117998854249488,0.006169014627036286,0.00616901336383471,0.005553683802311714,0.005553681806282752,0.004825470619758653,0.004825469133310474,0.006372618735816779,0.006372617647984038,0.006452971018879288,0.006452969903613338,1.601772815264503e-08,1.585588649952043e-08,0.005596044616121151,0.005596043482725736,0.007056780055746169,0.007056769081162821,1.3725209345355525e-08,1.3488657130945148e-08,1.4070927971601271e-08,1.390851165496661e-08,1.677428296743697e-08,1.613140277703062e-08,1.3232924019180319e-08,1.2934014436556562e-08,0.007742215337720276,0.007742214474179068
2023-04-28,0.022323895127852437,6.69716853835573e-06,1.5101818791866333e-08,1.5241481447910945e-08,0.11468956376619475,0.1146895445942014,0.08944328935829836,0.07828137498159805,0.01710216790059864,0.01710216605996513,0.6923881684149571,0.7035501155725795,0.005326421115542985,0.005326420595683859,0.0055817619935133985,0.005581761471191562,0.0013965892161238217,0.0013965888506582464,0.0,0.0,0.005240096290316309,0.0052400957771639054,0.007343166173595685,0.007343165757341418,1.3719083149198764e-08,1.3681106218129735e-08,1.3616441462564366e-08,1.3577141779537203e-08,1.3075793012431288e-08,1.3043213701433557e-08,1.4547456992243094e-08,1.4518910041189103e-08,0.005121304539132308,0.0051213039960597,0.007095946095523542,0.00709594552765033,0.006123081465350274,0.006123080877392069,0.005420348224341056,0.005420347313576832,0.004809046114146998,0.0048090454999249604,0.006339105332955885,0.0063391048093031045,0.006374715785157049,0.0063747152490966135,1.6013387978363414e-08,1.6041783156468485e-08,0.005617974068554607,0.005617973538746743,0.00710175816846146,0.007101753691912131,1.3096070676311109e-08,1.3128009539238687e-08,1.3403284736338938e-08,1.3438153460604913e-08,1.665899536954442e-08,1.6803102272571087e-08,1.2818211888183329e-08,1.2845543348634109e-08,0.0074853539266917755,0.007485353517509497
2023-05-05,0.01112342269915469,3.337026809746407e-06,1.5466073530036883e-08,1.5106379277005878e-08,0.1181831963651193,0.11467170033728794,0.09158553550962747,0.08953537505820763,0.017100199418544626,0.017100193472292153,0.6861362726338648,0.6916979839834421,0.005370721660400339,0.005370720641938575,0.005657459739701485,0.005657458734840602,0.001411914292888278,0.0014119129705145988,0.0,0.0,0.00520912369070722,0.0052091226789321545,0.0075920328018020304,0.0075920318250318666,1.3636789558660793e-08,1.3510694235492544e-08,1.3777271544716969e-08,1.3690425624252582e-08,1.3197040646899473e-08,1.287067618169096e-08,1.453022133871845e-08,1.4487128561098118e-08,0.0052884561588775235,0.005288455070469305,0.007098661225194113,0.007098660131523382,0.006101845871123186,0.006101844671037541,0.005431943465886746,0.005431941309392266,0.004904095434874379,0.004904093914941909,0.006404037274818182,0.006404036303870284,0.006403944805072758,0.006403943789253556,1.6427692133024007e-08,1.636337120973601e-08,0.005600446415799075,0.005600445369071793,0.0071929389049335875,0.007192908622790577,1.3438368395652555e-08,1.3206175646802748e-08,1.3337284270690101e-08,1.3025391774183994e-08,1.7403747521166277e-08,1.6787751968027605e-08,1.3196739008315619e-08,1.2966511109012369e-08,0.007327029919536954,0.007327029100656077
2023-05-12,0.009744089377692592,2.9232268133077775e-06,1.8861352594598774e-08,1.546146218884525e-08,0.11855562100054291,0.1185555621312175,0.09674275403552211,0.09187349184628404,0.01707687308958399,0.01707685273931119,0.6809143333619209,0.6857863780507671,0.0053084394320991445,0.005308437797745115,0.0055572070595634945,0.005557205430976611,0.0013881984437817802,0.0013881962706993876,0.0,0.0,0.005158677182280916,0.005158675560107076,0.007597654572995118,0.007597653058409933,1.4496975805766789e-08,1.309465019963814e-08,1.4685077581118442e-08,1.343120236147767e-08,1.506652677430428e-08,1.3269516763344056e-08,1.543166685721428e-08,1.4002775535230412e-08,0.005366628054252031,0.005366626322688321,0.006979743315304118,0.0069797415267123485,0.006026894717531146,0.006026892737396304,0.005367228624032781,0.005367224801428455,0.00483464115977959,0.004834638595983084,0.006572398964412368,0.006572397443537462,0.006497345924952575,0.006497344312924333,1.884917994076396e-08,1.640839948151557e-08,0.005607902377001919,0.005607900706437635,0.007185512200968429,0.007182856834083313,1.4865414516878641e-08,1.3072584147512651e-08,1.5106444028215146e-08,1.3259036191916293e-08,2.1935568216509132e-08,1.7413006727408083e-08,1.49793126108387e-08,1.3508499174065133e-08,0.007261782205955828,0.007261780912157987
2023-05-19,7.935309755240687e-09,2.380592926572206e-12,1.8343614681468034e-08,1.8769921644974293e-08,0.11848269967315031,0.11848269939695132,0.0966220982255711,0.09662209783211587,0.01706447327092797,0.01706447262535589,0.6810751522974848,0.6810751527549629,0.005266171624224062,0.005266171521490491,0.005540107884856516,0.005540107771123055,0.0013812940862079981,0.0013812946209756569,0.0,0.0,0.005169692269861286,0.0051696921730525775,0.0075395401365062715,0.0075395399366541644,1.447169174792882e-08,1.47444686307067e-08,1.4532099577383464e-08,1.4810125569006019e-08,1.4816966262671551e-08,1.5088084601872197e-08,1.5263956919652774e-08,1.555210453156991e-08,0.005295221108048345,0.005295220991680152,0.007196746600653305,0.007196746427082133,0.00586241587697685,0.005862415710414684,0.0054419240179173715,0.005441923752849492,0.0045877139105768685,0.004587713726045151,0.00675047683297149,0.006750476699428904,0.00660041418755479,0.006600414043770571,1.9427069453973275e-08,1.9784318319897126e-08,0.00566119332308719,0.005661193200802696,0.007107696002154928,0.007107695332896115,1.4577114256964804e-08,1.4820486787755706e-08,1.4607945930702203e-08,1.484642849899491e-08,2.1607813747250597e-08,2.195518300992982e-08,1.4698016384897673e-08,1.4950576626385126e-08,0.007354806324979694,0.007354806160650302
2023-05-26,5.174710454403241e-09,1.552413136320972e-12,1.798405437941641e-08,1.8274158162805734e-08,0.1188049620035309,0.11880496196363789,0.09685292096746083,0.09685292071899124,0.0171263152105972,0.01712631470450208,0.6813525718177906,0.6813525717309485,0.005127102701197817,0.00512710264570716,0.00542132643880296,0.00542132637181821,0.0013657760517797172,0.0013657763901464245,0.0,0.0,0.005098252668227262,0.005098252614900023,0.007182146563068974,0.007182146390808287,1.4289356514103682e-08,1.4521947994426173e-08,1.4083681841057748e-08,1.4315500766703435e-08,1.4593480629542982e-08,1.4819619294652283e-08,1.4848873884676597e-08,1.508258333589635e-08,0.005071039895538365,0.0050710398324222035,0.00703533109616177,0.0070353309728785505,0.00583263777492995,0.0058326376693147285,0.005243471551630513,0.005243471394660177,0.004505686927297682,0.004505686802458985,0.006936917053537742,0.006936916957977774,0.006635253196559848,0.0066352530967720945,1.901201677733384e-08,1.9261586655334814e-08,0.005596693916310223,0.005596693841832461,0.007092607772050423,0.007092607398368789,1.3908972361028975e-08,1.4099934891401265e-08,1.3815365384786248e-08,1.3998863353062671e-08,2.109935669375878e-08,2.131697794113784e-08,1.3773962996855156e-08,1.3966937713274578e-08,0.0077188289844058195,0.007718828843744611
2023-06-02,5.668379901844831e-09,1.7005139705534493e-12,1.760922916717069e-08,1.793130245648684e-08,0.11902793980966347,0.1190279397227133,0.09688027214111213,0.0968802720266932,0.017147857775990122,0.01714785750629091,0.6812975220789805,0.6812975219368842,0.005078107298068257,0.005078107188129205,0.005492657199514439,0.005492657081078992,0.0013840602209114587,0.0013840604177557442,0.0,0.0,0.005011921068615469,0.0050119209606531365,0.007232162443545125,0.007232162280168542,1.4516496519634153e-08,1.4782872382987015e-08,1.493171943100396e-08,1.5204742382771158e-08,1.3470390988276124e-08,1.3717390380794767e-08,1.5059317382402465e-08,1.532984667966309e-08,0.005023714152114346,0.005023714039282999,0.0070646377297897914,0.007064637585256812,0.005651248839524683,0.005651248707666391,0.005129249720129459,0.00512924956284936,0.004618286121338323,0.004618285954128352,0.007183690756371372,0.007183690620961881,0.0067475598478790285,0.006747559712270109,1.8970399548994795e-08,1.927002982616216e-08,0.005542681856179165,0.005542681736224556,0.007133517748130027,0.007133517291236507,1.4015240045295332e-08,1.4250172604780072e-08,1.3757890129357103e-08,1.3987096845559885e-08,2.0860265715659647e-08,2.1138295112711784e-08,1.2743167822364773e-08,1.2959713874307573e-08,0.007352757258025815,0.00735275709829327
2023-06-09,4.786065935611439e-09,1.4358197806834317e-12,1.736055811819572e-08,1.763237300475399e-08,0.11894984008537371,0.11894983988728065,0.09691846754107623,0.0969184673758256,0.017134389532420354,0.017134389113420634,0.6807867524200863,0.6807867523127709,0.0050961507110799725,0.005096150667412389,0.0054107306220527,0.0054107305661385005,0.001356738743324281,0.001356739036171173,0.0,0.0,0.004826624138862004,0.004826624105601918,0.0074052326315940265,0.007405232462632777,1.3594531792767485e-08,1.3809848105272268e-08,1.4151071327932338e-08,1.4377592922449115e-08,1.2866421201043438e-08,1.3059890911575293e-08,1.418236669716534e-08,1.4399068749434943e-08,0.005023476989899028,0.005023476940200116,0.006731521952286982,0.006731521844551076,0.005656972219766212,0.005656972134652666,0.005424353699740661,0.00542435356832336,0.004644715663768491,0.00464471554907944,0.007175316573360315,0.007175316484892734,0.0068789042845172985,0.006878904192438945,1.9001739043844523e-08,1.9243327613848616e-08,0.005606299368303248,0.005606299305643262,0.007085998988171494,0.007085998652975767,1.384224502252289e-08,1.4027355058423298e-08,1.3590985355392748e-08,1.3771007364314186e-08,2.084265070613701e-08,2.103951780663566e-08,1.2830711314920621e-08,1.30034848498438e-08,0.007887361571036217,0.007887361436521361
2023-06-16,5.216576210134048e-09,1.5649728630402144e-12,1.7201070091076942e-08,1.746707679155813e-08,0.1187429220853678,0.11874292216295354,0.0970357922120389,0.09703579225124723,0.01711350011417703,0.01711349985713607,0.6794692774354724,0.6794692772769775,0.005237034359173375,0.00523703425435898,0.005532299954566496,0.005532299843812043,0.0013879564611111212,0.0013879566267287321,0.0,0.0,0.005067795495512587,0.0050677953941896505,0.007230486954540411,0.00723048677842079,1.382371170989551e-08,1.4063220963975911e-08,1.4765708478211251e-08,1.5016314971993783e-08,1.3217811106212481e-08,1.3445241508673994e-08,1.4274447648373388e-08,1.4515852786048894e-08,0.005057919416134569,0.005057919309414673,0.0067888882807713,0.006788888145656222,0.0059585246277687725,0.0059585245009410905,0.005563334691056272,0.005563334536114242,0.004622385150167756,0.004622384972930572,0.007584896011890665,0.007584895883084578,0.0070514650009729,0.007051464872004016,1.9641446561885288e-08,1.9915297104064898e-08,0.005785824942360354,0.005785824827759067,0.007056634328071754,0.0070566338672090854,1.4012442576619597e-08,1.4215150807797311e-08,1.3661492438563086e-08,1.3859517676171254e-08,2.1328210692646037e-08,2.1568901251609374e-08,1.2649966421188858e-08,1.2835610197914517e-08,0.00771290790253797,0.007712907736877824
2023-06-21,4.806874026513408e-09,1.4420622079540222e-12,1.6860020237132965e-08,1.7115238589271823e-08,0.11852909261513432,0.1185290925577661,0.09671896040156643,0.0967189604906493,0.017053739226970104,0.017053738996976285,0.6795522446262877,0.6795522445905031,0.0052361688677115435,0.00523616876778782,0.005560092175446344,0.0055600920704346295,0.0014060485085795155,0.0014060486126191293,0.0,0.0,0.005139044112208303,0.0051390440141450165,0.007062685108329389,0.0070626849527581905,1.3716759165383478e-08,1.3954609803302052e-08,1.595309981795211e-08,1.6208183549181568e-08,1.3004249735958451e-08,1.3230886968786105e-08,1.4309907282463156e-08,1.4549601157172638e-08,0.005017837872462825,0.005017837770814792,0.00715081780688,0.007150817681732876,0.005846987619538167,0.005846987501797279,0.005547879384848223,0.005547879239718974,0.004710498658519808,0.004710498479488953,0.007611320003182126,0.00761131988635875,0.007122143718553825,0.007122143600257261,1.9270898532691508e-08,1.9526709982289646e-08,0.005803514582771089,0.0058035144750023795,0.007128810096040038,0.007128809651297805,1.3898261773670603e-08,1.4083767174400546e-08,1.335681170749686e-08,1.3536603181335014e-08,2.204480870610336e-08,2.224930139948508e-08,1.2347255403399641e-08,1.2517485129980661e-08,0.007801959852897766,0.007801959687504399
2023-06-30,4.606199572327229e-09,1.3818598716981687e-12,1.657757275033186e-08,1.682885872807522e-08,0.11871938485992908,0.11871938480072486,0.09691013100698231,0.09691013093539293,0.01708875777907021,0.017088757548942138,0.6801027852051681,0.6801027853062813,0.0051291069833008735,0.005129106889393502,0.00540556539284314,0.005405565294202824,0.0013713043151513883,0.00137130444855495,0.0,0.0,0.004953768282653734,0.0049537681921910815,0.0070864053727820705,0.007086405222961093,1.267074593311964e-08,1.2881102567653745e-08,1.3759864103219685e-08,1.3983109632048256e-08,1.276151801746715e-08,1.2967309993071822e-08,1.3401525029254919e-08,1.3616520037763698e-08,0.0048414376223083816,0.004841437529193216,0.007155264087094541,0.007155263963540832,0.005684691669555049,0.00568469155768005,0.005410727677665947,0.005410727541212009,0.004567324109450594,0.004567323952586756,0.007643747338675636,0.007643747222133786,0.007169705418299333,0.007169705300368514,1.8787435944898172e-08,1.9031227978162478e-08,0.005802458776710292,0.005802458672240901,0.007082687289494323,0.007082686894631788,1.3474505027187591e-08,1.3652397862119505e-08,1.3273910752897507e-08,1.34489395893077e-08,2.1707252357526457e-08,2.190766819264404e-08,1.23055946495162e-08,1.2471372880214167e-08,0.007874598092940426,0.007874597939259789
2023-07-07,1.394575282404292e-08,4.1837258472128755e-12,1.6200656727673194e-08,1.6570158642131978e-08,0.11889239818885385,0.11889239772084323,0.09691565888094658,0.09691565830599529,0.017078517711903312,0.017078516329988552,0.6794310799286712,0.6794310839608672,0.005145652947431277,0.005145652752229789,0.005439836793378642,0.005439836585536744,0.0013780441406161625,0.001378044755627212,0.0,0.0,0.004962702959406117,0.004962702773953038,0.007091901365247052,0.007091901092472989,1.2873035425742245e-08,1.301760248169415e-08,1.3751845612130777e-08,1.396094904260517e-08,1.264563438040114e-08,1.273667462394974e-08,1.3243295106579032e-08,1.33882107169114e-08,0.004955192724999315,0.0049551925153345595,0.007199605092940125,0.007199604810961374,0.005667491653957738,0.005667491388199577,0.005356644845695583,0.00535664442773493,0.004666212357644981,0.004666212058669746,0.007730216837417504,0.007730216609876084,0.00723228016170509,0.007232279908307639,1.8142023346773934e-08,1.853390952081119e-08,0.005712023418125288,0.0057120231960901685,0.0071047087465630635,0.007104707495737854,1.3611803648188985e-08,1.3770602426756065e-08,1.3367637516945979e-08,1.3504957643770986e-08,2.2577508179446124e-08,2.3145282169778947e-08,1.2677833814283733e-08,1.2788595903116916e-08,0.00803968215322313,0.008039681894630635
2023-07-14,6.652328977899424e-09,1.9956986933698272e-12,1.5879798790320408e-08,1.6248941291747002e-08,0.11871247720058614,0.11871247702092318,0.09686317197525876,0.09686317172837702,0.017110827964164892,0.017110827484807866,0.6784431759892972,0.6784431758396955,0.005237206098268401,0.005237205997194786,0.00550137831475132,0.005501378206045926,0.0013749142945753718,0.0013749147565717624,0.0,0.0,0.005059537198535083,0.005059537104098314,0.007167847995866067,0.007167847823930844,1.270987823433546e-08,1.2966428764152149e-08,1.3320109232390683e-08,1.3596563288545592e-08,1.2634333715956557e-08,1.2874935634985472e-08,1.2857906896468905e-08,1.3109695405089894e-08,0.005048325145864456,0.005048325041545294,0.007104669328421855,0.0071046691789975885,0.005830397382400233,0.005830397248808278,0.005503148724199997,0.005503148544282253,0.004766767347162302,0.004766767185227678,0.007792116065459957,0.007792115932594234,0.007240439676155154,0.007240439535047983,1.812745530243504e-08,1.8493217838090376e-08,0.005838178165162779,0.005838178047502424,0.007163840825338793,0.007163840310246345,1.3486363539801823e-08,1.3732595703446332e-08,1.3691949438242227e-08,1.3936797749802451e-08,2.2351237865721802e-08,2.2744521431261127e-08,1.2510831079102201e-08,1.2730334850249649e-08,0.008241432738667299,0.008241432580070415
2023-07-21,4.4924683804723405e-09,1.347740514141702e-12,1.55959121248128e-08,1.5841873973751574e-08,0.11881640171451867,0.11881640168843198,0.09700785704938766,0.09700785693299888,0.017129438412692957,0.017129438154191604,0.6784482700947115,0.6784482701468814,0.005147889626333842,0.005147889538793566,0.00538936450283376,0.005389364411189174,0.0013467524719091742,0.001346752605362128,0.0,0.0,0.0048745585393890015,0.004874558457095812,0.007167614143972569,0.007167613998023972,1.2056062324029354e-08,1.226279481454996e-08,1.2502267568852924e-08,1.2715286018843987e-08,1.1885673744138685e-08,1.2084925386395107e-08,1.2251759592528306e-08,1.2457306872807222e-08,0.005007345393558005,0.0050073453044506555,0.006914645587616128,0.006914645473397524,0.00571805140120734,0.005718051296305074,0.005394866131443355,0.005394866002838771,0.004916884145220578,0.0049168839899330075,0.007954778280216665,0.007954778169504604,0.007357128590493069,0.007357128478108772,1.769926008288336e-08,1.794268542716011e-08,0.005896432041917117,0.005896431943271751,0.0072619265275782096,0.007261926151699674,1.3327532206188972e-08,1.3507420612701505e-08,1.3585845502924967e-08,1.3767049439476782e-08,2.3070026745975136e-08,2.3287228179068835e-08,1.2238072861609772e-08,1.2406453633595856e-08,0.008249651132587393,0.008249650984497503
2023-07-28,5.895720760293935e-09,1.7687162280881803e-12,1.5281541893711775e-08,1.5619592351878512e-08,0.11862875451887098,0.118628754408424,0.09689032910370551,0.09689032889078879,0.017089169814299608,0.017089169474117826,0.6777046568296694,0.6777046567072452,0.005251838577901101,0.005251838470523222,0.005415846290894339,0.005415846179322648,0.0013448902235103216,0.0013448905163016363,0.0,0.0,0.0049280015705056275,0.004928001470851353,0.00729230223464459,0.007292302076575512,1.164330312413594e-08,1.1876516251248847e-08,1.209538206718726e-08,1.2341311846130754e-08,1.1575963080525121e-08,1.1798842358869023e-08,1.1880047080937407e-08,1.211332317033854e-08,0.005223655734959879,0.00522365562341324,0.006924445924075282,0.006924445782517554,0.0059546918900992545,0.005954691759410161,0.005556216254627205,0.005556216096098965,0.004878490023362787,0.004878489859262666,0.00790704627185451,0.007907046139368426,0.007366027735205908,0.007366027597706783,1.7457419140463467e-08,1.7791744703812447e-08,0.005874359753436674,0.005874359633270133,0.0072161953538323635,0.0072161949234206355,1.3235164602559623e-08,1.3471516613092598e-08,1.3408391609757865e-08,1.3646042673481766e-08,2.3379384371645652e-08,2.3744155996072954e-08,1.1983627646267392e-08,1.2192247805255584e-08,0.00855293995432006,0.00855293979608765
2023-08-04,4.4769051519911045e-09,1.3430715455973313e-12,1.5198596267815724e-08,1.544776657395811e-08,0.11846630293934854,0.11846630289572828,0.09685251206570394,0.09685251190540284,0.017074412657516542,0.017074412412951226,0.6773885193610346,0.677388519268376,0.005380209626561646,0.005380209547503019,0.005531079136903358,0.005531079054940321,0.0013602566247967322,0.0013602567612814366,0.0,0.0,0.0050573919976803485,0.005057391923979663,0.007412562581964889,0.0074125624381718505,1.1623318075482216e-08,1.1831527276435124e-08,1.208011417996056e-08,1.2294772914571187e-08,1.1637379434425911e-08,1.1840854751377018e-08,1.1874941207972509e-08,1.2082914357313838e-08,0.005876543661750744,0.005876543573518102,0.006911347814487289,0.006911347711320653,0.006034481234361608,0.006034481139029305,0.0055701534056067665,0.0055701532916417945,0.004678094532316352,0.004678094390469344,0.0077343061788281405,0.007734306080216484,0.0072541649548078955,0.007254164854032819,1.6495560566717164e-08,1.673843905011112e-08,0.005720376999982876,0.0057203769146240676,0.007141191330645266,0.007141190976074524,1.3001712889009919e-08,1.3188892456210101e-08,1.3317961967401499e-08,1.3507500806630106e-08,2.277960207638954e-08,2.300433031072256e-08,1.1769577690393824e-08,1.1943733749706971e-08,0.008555953116938143,0.00855595298000616
2023-08-11,5.0970594420252866e-09,1.5291178326075858e-12,1.4903345029884807e-08,1.517831662792437e-08,0.11850163090438848,0.11850163080464182,0.09689008996008726,0.09689008948930723,0.017082997902132815,0.01708299735099242,0.6771924767500006,0.6771924767358841,0.0053407265178199,0.005340726475780381,0.005470534695086149,0.005470534647738167,0.0013440107872058468,0.0013440111427388739,0.0,0.0,0.005048094706370106,0.00504809467343688,0.007329895916000178,0.007329895775440061,1.1159402261489468e-08,1.1356810826991449e-08,1.1761893404471732e-08,1.1977763320616812e-08,1.1443627969705083e-08,1.1631941726558525e-08,1.1532693938757422e-08,1.1729064703399416e-08,0.0059852551018921216,0.005985255038133867,0.006766347408898879,0.006766347316071838,0.005958402580065285,0.005958402502046066,0.00548567505921887,0.005485674937961592,0.004644357402073976,0.00464435729511237,0.007657328677448143,0.007657328602346651,0.00724125374208634,0.007241253656452965,1.6396301379714263e-08,1.6671364874732666e-08,0.005736238026992788,0.005736237970688359,0.0071216545646252,0.0071216542163436295,1.2672972922584982e-08,1.286336655822853e-08,1.3173348595113666e-08,1.3371166392982876e-08,2.2877335829058585e-08,2.3160249922387788e-08,1.178590028795139e-08,1.1959773428667406e-08,0.009202891590785486,0.009202891469064504
2023-08-18,4.976863197921583e-09,1.4930589593764746e-12,1.4603450399964228e-08,1.485114400874221e-08,0.11891440220182851,0.1189144023125421,0.09743924219996884,0.09743924200761378,0.017114786233358992,0.017114785949911542,0.6776414235607154,0.6776414237193292,0.005154010757921048,0.005154010663501389,0.005335378742015625,0.0053353786439589825,0.0013075977671618685,0.001307597908701068,0.0,0.0,0.004842033383333264,0.004842033293943187,0.007270443244714322,0.007270443098725383,1.0233607779470836e-08,1.0432501595183999e-08,1.0931415120344787e-08,1.1142368896946456e-08,1.058177480555472e-08,1.0781123908264599e-08,1.076965281076527e-08,1.0973734340690645e-08,0.005786979974431749,0.0057869798698229925,0.00674975355934568,0.006749753439960016,0.005826458297931555,0.005826458185963442,0.0053385382694621,0.005338538132202092,0.0046525554368721566,0.004652555265208349,0.007623740015356927,0.007623739901965295,0.007215616213308257,0.007215616096608826,1.5692620100047103e-08,1.5944617926624208e-08,0.005682942103991178,0.005682942000605579,0.007178028231585917,0.007178027782810626,1.2326781950974158e-08,1.2507010893111638e-08,1.2859395274202847e-08,1.3044816532829579e-08,2.348898128532064e-08,2.372266215007157e-08,1.1178928091227325e-08,1.1344192367056449e-08,0.008925937140088845,0.008925936982453359
2023-08-25,5.0280328311685536e-09,1.508409849350566e-12,1.4214498041411734e-08,1.4472739769993742e-08,0.11902238270954398,0.11902238285748325,0.09761118806054456,0.09761118790230991,0.017142823663700457,0.017142823364783562,0.6781193707983374,0.6781193708550811,0.005009293328898355,0.005009293235351693,0.005134828376778734,0.005134828280069209,0.001253415839644741,0.001253416018765564,0.0,0.0,0.004658812065003255,0.0046588119783873535,0.007234768019309097,0.0072347678577375065,9.834888131946474e-09,1.0036011698419415e-08,1.0389230562653494e-08,1.060256424652465e-08,9.750035571329226e-09,9.943826662930834e-09,1.0286100734577831e-08,1.049140511849628e-08,0.005532621008243251,0.005532620904492163,0.006520141393033909,0.006520141271695581,0.005675924441379927,0.005675924329568116,0.005244162274405657,0.005244162135962509,0.004812200033174699,0.004812199850602327,0.007846894076582197,0.007846893959403503,0.007299349868934672,0.007299349748845926,1.5797750764715387e-08,1.6067786589825143e-08,0.005703645122230982,0.005703645016579388,0.007237495553899021,0.007237495104037881,1.2357713291997388e-08,1.2540326739833339e-08,1.3264944858621817e-08,1.3458386831847519e-08,2.3412582779575318e-08,2.36635101159352e-08,1.096742672402138e-08,1.1128826189248031e-08,0.00894055309118378,0.00894055292345941
2023-09-01,4.861159593457078e-09,1.4583478780371234e-12,1.3920998364367356e-08,1.4177774945523816e-08,0.11883496849448416,0.11883496848709581,0.09737434036971533,0.09737434016271022,0.017110309118649983,0.017110308802243634,0.6778001543117442,0.6778001542753943,0.005068979091149429,0.005068979008767839,0.005213082462331625,0.005213082377613635,0.0012800703457921784,0.001280070523733001,0.0,0.0,0.004743214777032096,0.004743214701255921,0.007186230615337207,0.00718623045245306,1.0187461687174486e-08,1.0407184437693988e-08,1.0391341490038457e-08,1.0616330330425756e-08,9.615884759599666e-09,9.819865990076005e-09,1.0694935792200858e-08,1.092023321919575e-08,0.005394787165883112,0.005394787074909104,0.006670001269085855,0.006670001163041703,0.005696160848782756,0.005696160749371756,0.005293277114702039,0.005293276990872372,0.004859136987017527,0.004859136814387317,0.007886963554751648,0.007886963453520768,0.007393951181087544,0.00739395107656332,1.5577384416843205e-08,1.585327890621724e-08,0.005755044540249055,0.005755044448327176,0.007280763406895498,0.007280762990721716,1.2238986264568144e-08,1.2435620363547303e-08,1.346619184212641e-08,1.3677770285847816e-08,2.401669126100424e-08,2.4275461008849045e-08,1.0946234227091698e-08,1.1125229537325727e-08,0.00915843328919851,0.009158433138268094
2023-09-08,6.866606132284351e-09,2.059981839685305e-12,1.3575248294012267e-08,1.3900128108934626e-08,0.11840778864582378,0.1184077884609204,0.09695932855741012,0.09695932817490079,0.017100106504344383,0.017100105936273216,0.6788263313871514,0.6788263312426603,0.005062902119728619,0.005062902035030169,0.005186036033757162,0.005186035945628633,0.0012752881901400407,0.001275288682431891,0.0,0.0,0.004635266966353822,0.004635266895506216,0.007288197570609407,0.007288197398411738,9.887297083665888e-09,1.0126652863790892e-08,9.75638280634421e-09,9.994298762802665e-09,9.211201809944667e-09,9.412993852064203e-09,9.980261396279015e-09,1.0219044588587961e-08,0.005350765718752638,0.005350765619316631,0.00669701529208789,0.0066970151693368785,0.005739374501653719,0.005739374388101034,0.005289710951563639,0.005289710794325671,0.004732042264948692,0.004732042076221699,0.007868475065200482,0.007868474959074176,0.007316643119256275,0.007316643003189503,1.527942394460275e-08,1.5674568048523627e-08,0.005599287062889806,0.005599286964948285,0.007305343296197368,0.007305342714553353,1.2143870314621158e-08,1.240113535465456e-08,1.3056227585294293e-08,1.3345475142596068e-08,2.348977541647509e-08,2.4003719932249154e-08,1.1628035191338653e-08,1.1870718221889602e-08,0.009359968744406953,0.009359968590434201
2023-09-15,6.653904201691596e-09,1.996171260507479e-12,1.315677551540849e-08,1.3462807719101373e-08,0.11859024714352398,0.11859024697757223,0.09714218095273879,0.09714218060662441,0.017077160465799796,0.017077159933646613,0.6783056799947556,0.6783056796563229,0.005023733549039795,0.005023733473804661,0.005183762441782897,0.005183762362342465,0.001273029666977524,0.0012730301869143946,0.0,0.0,0.004531429261996528,0.004531429203388712,0.007401275750327056,0.007401275603114039,9.428420515808596e-09,9.642112482732971e-09,9.35782351269509e-09,9.572571614014478e-09,8.768690780667636e-09,8.944054468372593e-09,9.575052434710733e-09,9.790797562325347e-09,0.005356807606810255,0.005356807516758524,0.006632612793430589,0.006632612678931428,0.005721684352010043,0.005721684247550604,0.005236488988513042,0.005236488845179199,0.0048348266467366655,0.004834826477193006,0.00785179308210747,0.007851792981453708,0.007319184439307322,0.007319184329560582,1.493088698157023e-08,1.5316325182597305e-08,0.005580039613796598,0.005580039524130511,0.007440968772276258,0.00744096825592531,1.186850889318966e-08,1.2117029443312048e-08,1.3087417324320252e-08,1.3380430984319723e-08,2.200965038417029e-08,2.2515978145586896e-08,1.1735057095890546e-08,1.1983191121621714e-08,0.009496970559786457,0.009496970414288104
2023-09-22,5.707340029353303e-09,1.7122020088059908e-12,1.2850720114558948e-08,1.3139382314516658e-08,0.11868593134955512,0.11868593121143951,0.09710585488255727,0.09710585474233879,0.017118989456456003,0.01711898896627497,0.6799101647162689,0.6799101645411413,0.00495251676594865,0.00495251668880333,0.0051064583242112485,0.005106458243177021,0.0012470894127717647,0.0012470897905276757,0.0,0.0,0.004441578355884994,0.004441578294347189,0.007450927724206002,0.007450927566280677,9.01392171896958e-09,9.21774325963535e-09,8.823291133506115e-09,9.023897306121172e-09,8.326092669803755e-09,8.497511192354187e-09,9.172275632280554e-09,9.377864090557304e-09,0.005278986515641387,0.00527898642577621,0.00645313634375633,0.006453136230517212,0.005593280298837569,0.00559328019734092,0.005151232555323263,0.0051512324237403175,0.004826282800386861,0.004826282632472851,0.0076481164109967375,0.007648116302455165,0.007215670571891312,0.007215670459030237,1.428346986452566e-08,1.4611030607188864e-08,0.005522411092103593,0.005522411001078303,0.007437537752193042,0.007437537291599695,1.1539464746203152e-08,1.1759382666167331e-08,1.2642681819358823e-08,1.2893096877496491e-08,2.1483869454139034e-08,2.187268429076109e-08,1.1404579730896314e-08,1.1623688331951605e-08,0.008853715130643239,0.008853714975377722
2023-09-28,5.232558952502614e-09,1.569767685750784e-12,1.2682337881637662e-08,1.2929724311444977e-08,0.11826637840789095,0.11826637827675343,0.09684793418055337,0.09684793409765435,0.01712907377808602,0.017129073076210664,0.6806843552406551,0.6806843547926669,0.005004078463144444,0.005004078452419695,0.0051739691915290795,0.005173969174910357,0.0012689450519618166,0.0012689454707396552,0.0,0.0,0.004535488289312522,0.004535488296477493,0.007418239328473648,0.007418239124525544,8.838621020143195e-09,9.043589953525934e-09,9.033313135242716e-09,9.248410895716104e-09,8.350542489453235e-09,8.522260214507966e-09,9.183835059634223e-09,9.39269854969088e-09,0.0053278456175332185,0.005327845589772803,0.006406472942878215,0.006406472884190706,0.005658904277748282,0.005658904232875561,0.005145603724711497,0.005145603641599521,0.004779419784275117,0.0047794196502239,0.007506911742139239,0.0075069116922924254,0.007044609355905422,0.0070446092966028875,1.3839883135053197e-08,1.4134732973409672e-08,0.005373344671266676,0.005373344646160177,0.007331224868290059,0.007331224472082331,1.1221375899002509e-08,1.1401480857075135e-08,1.2235896641427271e-08,1.2441706562851789e-08,2.1552124051017724e-08,2.183470446511578e-08,1.0990972946745998e-08,1.116993020373495e-08,0.009097083154743038,0.00909708301260271
2023-10-13,1.8908509102742224e-08,5.6725527308226666e-12,1.2570469341412888e-08,1.2633748474665491e-08,0.11841991763243509,0.11841992528238661,0.09686526735355808,0.09686526670707443,0.017125793882037263,0.017125789645153728,0.6804722231693212,0.6804722226470353,0.004988526328080137,0.004988526197147036,0.00515495580783825,0.00515495567010033,0.0012793391696038817,0.0012793400148836077,0.0,0.0,0.004557575499236245,0.004557575389022491,0.0073584129063403725,0.007358412607913954,9.286028064702316e-09,9.268882559387269e-09,9.206770563283711e-09,9.196798585162024e-09,8.539701441079354e-09,8.409639402068979e-09,9.37737801837287e-09,9.350774911525647e-09,0.005254143571042477,0.005254143409361545,0.006430700176756402,0.006430699973688186,0.005535572447001324,0.005535572248782933,0.005298374680790357,0.0052983743201213095,0.0046532848327903035,0.0046532845155096685,0.007828243420551608,0.007828243276206478,0.007202701576047897,0.007202701385707932,1.373676663747814e-08,1.4002930787905176e-08,0.005487290110333024,0.005487289952835832,0.007125607164455972,0.007125605942866166,1.1132224672079141e-08,1.1135007641475654e-08,1.1708135164975654e-08,1.1776666806657922e-08,1.9961294271163073e-08,2.0518390516315588e-08,1.0883163975842968e-08,1.0884333008976449e-08,0.008961953869848032,0.008961953637029544
2023-10-20,3.033270735059332e-07,9.099812205177994e-11,1.6289142209037997e-08,1.2283076739226191e-08,0.11839340454670279,0.11839355614135876,0.09696642232435136,0.09696642051922957,0.01713339235802997,0.017133340448921026,0.68174235327415,0.6817423177095148,0.004768575007934517,0.004768573481861898,0.004974763114079146,0.004974761570361226,0.0012282966960650923,0.0012282967649460774,0.0,0.0,0.004329357903340015,0.004329356387921654,0.007230834087111943,0.007230832510825318,1.2130884278724444e-08,9.098981157494095e-09,1.1664191028849213e-08,8.68139213060622e-09,1.1519374856028375e-08,7.984791713889962e-09,1.2195730828456964e-08,9.071066485652515e-09,0.005227503116526936,0.005227501493948083,0.006141760681606971,0.006141758998586943,0.005205989271152773,0.0052059875817208915,0.005063747755022273,0.005063745281955614,0.004754361373423984,0.004754359327671191,0.007626926826114329,0.007626925421868155,0.007092760016509385,0.00709275845353483,1.5712339300737007e-08,1.3187606412998697e-08,0.0052713745032100575,0.0052713729306448145,0.007390148890194528,0.007390138067565756,1.4190526529338922e-08,1.1081749571876e-08,1.4500393293445535e-08,1.1694062335603325e-08,2.2527391795395452e-08,2.0500726791964726e-08,1.3806871076259469e-08,1.0892572156776896e-08,0.009457883717628525,0.009457882431538125
2023-10-27,1.6245313270167014e-07,4.873593981050104e-11,1.8234474148027417e-08,1.6335197531207747e-08,0.11888307494166207,0.11888315564015779,0.09726620350948091,0.09726620089669495,0.01709452120730848,0.017094492419581022,0.6820256479773066,0.6820256382701406,0.004747312741351009,0.00474731157196586,0.004914814085903114,0.004914812917555856,0.0012216517668711942,0.0012216522949416709,0.0,0.0,0.004243547151117513,0.004243546000704202,0.007237175484470529,0.00723717425658554,1.3566105007110503e-08,1.1827397561608432e-08,1.3016897880221346e-08,1.1246434780421091e-08,1.3213895936588778e-08,1.1185145780124187e-08,1.3736368123932418e-08,1.1947866044179198e-08,0.005275097858081384,0.00527509662559081,0.006190380576312389,0.006190379286375327,0.005343637276214405,0.005343635973219446,0.004989151393211026,0.004989149470038816,0.004775950116301346,0.004775948494954148,0.007290483525749385,0.007290482429768508,0.006848116132050257,0.006848114914156766,1.6704818475187943e-08,1.5312363677363167e-08,0.0051765703474491226,0.005176569131874728,0.007464098809356538,0.0074640915313100705,1.5878856663727897e-08,1.4170437761543671e-08,1.5966411573925018e-08,1.447173155002041e-08,2.3341991499065627e-08,2.2549714480993e-08,1.5260804618494595e-08,1.3659298757405844e-08,0.009012406179178934,0.009012405168795748
2023-11-03,7.58934722441036e-08,2.2768041673231078e-11,1.8500203860983823e-08,1.818985695329542e-08,0.11888809640137647,0.11888813330948615,0.09743181800194896,0.09743181611144076,0.01707385944770734,0.01707384092558837,0.6810540129673709,0.6810540111612917,0.004794293697084284,0.004794293121662114,0.004969779645301144,0.004969779070044906,0.0012363058825018546,0.0012363066382531996,0.0,0.0,0.004375941387900702,0.004375940836475138,0.007183632768531718,0.007183632043628577,1.4526812875139148e-08,1.4163186949458033e-08,1.3527052617859736e-08,1.3062348989142992e-08,1.382275098648412e-08,1.3306791495596219e-08,1.4308618285917545e-08,1.387679357068372e-08,0.0052194507290655645,0.005219450096067455,0.0061387548096125955,0.006138754135021064,0.005534309301862875,0.0055343086454374074,0.005012529382507395,0.005012528370176848,0.004734396737793696,0.004734395823525872,0.007550875521951636,0.00755087498010051,0.006976917744579515,0.006976917107382688,1.7537606966430885e-08,1.7406136660349514e-08,0.005300385059956383,0.00530038444365995,0.007485876780136694,0.007485873085125982,1.6260593276064394e-08,1.5866503962839887e-08,1.632533630569051e-08,1.601361994494903e-08,2.3634975956514687e-08,2.3917851192565408e-08,1.5503858747469365e-08,1.50837766816216e-08,0.009038599785000215,0.009038599208764975
2023-11-10,0.0005341875808271612,1.6025627424814835e-07,1.8352697367722207e-08,1.8625924542091143e-08,0.11852776427576205,0.11879485612299076,0.09739141351095362,0.09739141293499905,0.017070915763933166,0.017070911334124486,0.6808076214027269,0.6805405413106616,0.0048655298727942305,0.004865529430983589,0.005080669302923883,0.005080668869432256,0.0012774344811180987,0.0012774340690035948,0.0,0.0,0.004550339380046964,0.004550338944285028,0.007160695877564767,0.007160695414703961,1.494308356234899e-08,1.5086002453464317e-08,1.4488250057834292e-08,1.4604274095938442e-08,1.4468896546625693e-08,1.4560886850807876e-08,1.472040892668888e-08,1.4834715915535276e-08,0.0054381043783557365,0.00543810391901015,0.006281862918863621,0.006281862450193124,0.005535702974466556,0.005535702487222639,0.005090202509391928,0.005090201767166447,0.0046545754741072415,0.004654574802048005,0.007819784831347,0.007819784475858614,0.0071710953630708795,0.007171094935353002,1.749021831510317e-08,1.7754236761207923e-08,0.005397889990322368,0.005397889537984934,0.00733033033424398,0.0073303282389345055,1.6134447958922586e-08,1.6289181840778746e-08,1.6388476851450575e-08,1.6577814886314347e-08,2.3782016735630773e-08,2.4241683497896767e-08,1.5701709102504255e-08,1.5838669469274385e-08,0.008547900887801512,0.008547900541653945
2023-11-17,0.019284520449646618,5.785356134893985e-06,1.787785307130137e-08,1.8285583076862945e-08,0.1089211031887588,0.11856335951168906,0.09730480836168846,0.0973048081151836,0.017061927882142346,0.01706192723336249,0.6897716129083952,0.6801293549513191,0.004801979468777605,0.004801979395989735,0.005086036823217627,0.005086036753194468,0.0012850075944564334,0.0012850076388921982,0.0,0.0,0.004446947962218854,0.00444694789162622,0.007145878643990394,0.007145878601682122,1.4462202310745861e-08,1.481938070449895e-08,1.4153024045319135e-08,1.4505169771775925e-08,1.375225299999614e-08,1.4097252801323962e-08,1.4205725303532422e-08,1.4558617554583033e-08,0.0054304950595582,0.005430494981246388,0.006440526640646187,0.006440526563156758,0.00543643462990874,0.00543643454314017,0.005155282906417746,0.005155282762066023,0.004748970296277359,0.004748970181422628,0.00800131433032335,0.008001314288861349,0.007332355584094402,0.007332355520317238,1.734359940407031e-08,1.7739121584165665e-08,0.005621880615518443,0.005621880543885231,0.007381600432678008,0.007381600021119662,1.5798835361241055e-08,1.6195842113755606e-08,1.626639619821987e-08,1.6668985148399273e-08,2.334387333343909e-08,2.379907563652029e-08,1.547739159688618e-08,1.5869582474754104e-08,0.008625673989778327,0.008625673963234683
2023-11-24,0.010578856907125575,3.1736570721376724e-06,1.739367253465103e-08,1.7786186170007805e-08,0.1033474166892281,0.1086368414851519,0.09724447772498898,0.0972444775408568,0.01708342381078735,0.017083423035838572,0.6957591350563297,0.6904697092653003,0.004793347643001245,0.004793347557690802,0.0051001832752851535,0.005100183195316892,0.0012978469357092582,0.0012978468575626729,0.0,0.0,0.0044175966575591,0.004417596573189984,0.007203526936565824,0.00720352686957499,1.384962296233499e-08,1.4187576920142101e-08,1.3753513793818986e-08,1.4089981240086431e-08,1.307863204695098e-08,1.3398358991512487e-08,1.372819598721639e-08,1.4062164344459383e-08,0.005389585182695972,0.005389585092603218,0.00644488895045983,0.006444888864338978,0.005482856288554219,0.005482856186992536,0.005072072708264106,0.005072072529040454,0.004733253953328126,0.004733253799216145,0.007997562213030924,0.007997562172593784,0.007299230697705434,0.007299230628038559,1.7083957510112317e-08,1.7474218607477933e-08,0.005621054434438268,0.005621054353083653,0.007282906206639511,0.007282905734003223,1.5075894953195912e-08,1.5440681026150518e-08,1.526594796668496e-08,1.5635403930213654e-08,2.194766929384552e-08,2.2391304869012962e-08,1.5283696124770463e-08,1.565256618782583e-08,0.008429478174625764,0.008429478141164562
2023-12-01,4.834984787285268e-06,1.4504954361855803e-09,1.6948440921397694e-08,1.7314133890047515e-08,0.10343987662219166,0.10344229093346889,0.09731350834644625,0.09731350802166085,0.017076459230350706,0.0170764557025628,0.6959725116492687,0.6959701025506645,0.004703917199634042,0.004703916961846048,0.005027443167197533,0.005027442933926416,0.0012729664039141007,0.0012729663051689476,0.0,0.0,0.004332398651396565,0.0043323984203488455,0.007177675534853496,0.00717767526627686,1.3470405495292716e-08,1.37853556009105e-08,1.300389196727306e-08,1.331144836005503e-08,1.2180681226391579e-08,1.2468992990930807e-08,1.325335436060624e-08,1.356474097498775e-08,0.005228356037481482,0.005228355785060434,0.0063035868328706526,0.006303586576015041,0.0054466419995093515,0.005446641728933949,0.004850874433620788,0.004850874049363208,0.004954520845756056,0.004954520483648035,0.007989005803842559,0.007989005604671374,0.00729026925615199,0.007290269018531519,1.6818927672780032e-08,1.715791401601863e-08,0.005765152730975029,0.005765152491804857,0.007435780621893273,0.00743577957509355,1.4791586323926697e-08,1.510706946846676e-08,1.5348016946206352e-08,1.566254444675934e-08,2.1268377912897945e-08,2.1571589527546993e-08,1.5493237889404485e-08,1.5814247835620556e-08,0.008418902055725095,0.008418901832916745
2023-12-08,7.245858417988357e-08,2.173757525396507e-11,1.6780748250359337e-08,1.6929632009961255e-08,0.10358638491541967,0.1035864192629228,0.09745836694500797,0.09745836585620933,0.01708350465692006,0.017083477746052,0.6970537198533763,0.697053718116799,0.004566270119432981,0.004566269816782404,0.004983821481292527,0.004983821169909292,0.0012618503238643426,0.0012618511022244074,0.0,0.0,0.004232978305825047,0.00423297802877798,0.007137442055908018,0.007137441581129252,1.2869626676591522e-08,1.2877950395643546e-08,1.3038568766960504e-08,1.3070079977362387e-08,1.2128128918713232e-08,1.2039858098864973e-08,1.3034802251664907e-08,1.3033759719184582e-08,0.00520057951284266,0.005200579163290012,0.006181415020138633,0.006181414653752251,0.005256975364225511,0.005256974989910242,0.004668092483180949,0.004668091961435764,0.004801966514593822,0.004801965979973487,0.007905898472377748,0.007905898174973787,0.007307755981950006,0.007307755630504484,1.643878322090729e-08,1.6708963118447813e-08,0.005808557256826312,0.005808556913891285,0.007435782701296584,0.007435781215084499,1.46801085081923e-08,1.4690044178019881e-08,1.5278830922585374e-08,1.5364759028114097e-08,2.077105922781977e-08,2.1234214175492116e-08,1.5273468604890174e-08,1.535898025441093e-08,0.008068487741395533,0.008068487328136927
2023-12-15,9.237050401131011e-08,2.7711151203393033e-11,1.6284154161623778e-08,1.6741212823567358e-08,0.10366019903797002,0.10366024052923375,0.09759307457924364,0.09759307415367559,0.017070636671494433,0.01707059488117639,0.6962532448917477,0.6962532439392948,0.00451307870813976,0.004513078620862006,0.004981539574145175,0.004981539472377556,0.0012573164551603416,0.001257317290801938,0.0,0.0,0.004187213157782454,0.004187213095208348,0.007186501540582591,0.007186501257150276,1.2750500515516508e-08,1.3089064182940844e-08,1.3053466913222199e-08,1.3415724393643597e-08,1.1410008953797227e-08,1.1644552207681764e-08,1.284253664465793e-08,1.3175521481683723e-08,0.005131330676243946,0.005131330545901149,0.006178393215775952,0.006178393062038012,0.00502310054472485,0.005023100399264524,0.004665760334608841,0.004665760094015501,0.004819849232755992,0.0048198489333419305,0.008352202148576661,0.008352202038496773,0.007582146988953884,0.007582146840996447,1.62820168247404e-08,1.6805747562266304e-08,0.005984956554597065,0.0059849564204810645,0.007447073357801123,0.007447072479078334,1.4479292605207346e-08,1.4794618693916616e-08,1.440094390711238e-08,1.4719993881543572e-08,2.026542749325383e-08,2.086998543528929e-08,1.51995583063888e-08,1.55698323557046e-08,0.008112235361789311,0.008112235120352683
2023-12-22,0.05467252975754175,1.6401758927262523e-05,1.592984107932778e-08,1.617960913602543e-08,0.07646694262623414,0.10380320215072585,0.09774908315113649,0.09774908474897188,0.04050607206073913,0.01710717860694615,0.7003652100291498,0.6964278386041719,0.00448846253318431,0.004488462619641854,0.0048376211880464875,0.004837621274542388,0.001214265504516448,0.0012142655938694482,0.0,0.0,0.004129869309706421,0.0041298693987987314,0.007067256901472478,0.007067256991794882,1.2240503707371035e-08,1.2503305571862167e-08,1.2321272502217452e-08,1.258437236489821e-08,1.1207807062560503e-08,1.146814936207637e-08,1.2455481806132758e-08,1.2715710265284826e-08,0.004975843507155259,0.004975843586825781,0.00590197403211628,0.005901974111911708,0.0050175156488243425,0.005017515726396526,0.004733659881081619,0.004733659947293198,0.0048518941460303,0.004851894215413549,0.008270543346128556,0.008270543426372547,0.007559129858231334,0.00755912993457588,1.6075672528158017e-08,1.6337978823296434e-08,0.005888286351996942,0.0058882864318733985,0.007459181710641395,0.007459181732568332,1.4404399737885396e-08,1.4662756854791265e-08,1.4794963172638324e-08,1.505499960617074e-08,1.9723258035537823e-08,1.9977338476102724e-08,1.4777375734954248e-08,1.5041855219067867e-08,0.008517044283032993,0.008517044371230438
2023-12-29,0.06151430273054352,1.8454290819163056e-05,1.5591099779254177e-08,1.6021681721598158e-08,0.05972950431177289,0.07667340348869604,0.08400815993910896,0.09782140503872845,0.04048840119724367,0.04048840122826653,0.729783359137942,0.6990262077726701,0.004596380880907229,0.004596381058036571,0.004871161689199305,0.004871161867745494,0.0012148563741925136,0.0012148566427761733,0.0,0.0,0.0042273730263534025,0.0042273732069222905,0.006983119223721343,0.006983119412921792,1.1688592369435556e-08,1.2124017602010038e-08,1.1713040430652453e-08,1.2147917511290455e-08,1.1599448573077075e-08,1.2036311913258572e-08,1.2011593938582859e-08,1.2443511717696507e-08,0.005015545180182379,0.005015545346035866,0.006101890223533364,0.006101890397994724,0.005208100889429413,0.005208101053809318,0.004815125501830045,0.004815125637730581,0.004835512989702163,0.004835513131422486,0.008372303405323902,0.008372303593034518,0.0076241723339309205,0.007624172508164024,1.5877556343177012e-08,1.6335389849237445e-08,0.0059777569538594574,0.005977757124739657,0.007535814276553654,0.007535814356296785,1.4070575547475592e-08,1.4515293890494412e-08,1.4465328743232793e-08,1.49174420237741e-08,1.927954887743707e-08,1.974480288982793e-08,1.4192816812483295e-08,1.4654248197338973e-08,0.008611321975612138,0.00861132219339116
2024-01-05,1.555445662166918e-08,4.666336986500753e-12,1.5108462223277253e-08,1.5551726832179352e-08,0.05976574196904719,0.059765742530241764,0.08427075042031094,0.08427075205893061,0.04054496753356097,0.040544960108906763,0.7304679848767491,0.7304679847389004,0.004496455929718358,0.004496456056522921,0.004845572251737544,0.0048455723673815594,0.0012091979049589161,0.0012091984810608271,0.0,0.0,0.004045355613528145,0.004045355764225565,0.00726601919381383,0.007266019161171881,1.0775637475360611e-08,1.1177066056066716e-08,1.0773787417058791e-08,1.1175363256284214e-08,1.0682262057768153e-08,1.1082420190318803e-08,1.1229972623196192e-08,1.1635901613760448e-08,0.004915671933260966,0.00491567203143241,0.00607643708948498,0.00607643716577715,0.004989030884818991,0.004989030980488965,0.004728833323558605,0.00472883339266075,0.004684608423695436,0.004684608422796936,0.00816220956755839,0.008162209616765155,0.007548498747028533,0.0075484987933935625,1.5171938337584473e-08,1.5632177855357925e-08,0.005830070873977357,0.0058300709519671775,0.007518363028057189,0.0075183628544971196,1.3501009152797747e-08,1.3880056742705139e-08,1.3837842338314978e-08,1.4221221080897278e-08,1.8273317636247997e-08,1.8695874758427782e-08,1.4716337603991362e-08,1.5114127445943252e-08,0.008634096364567604,0.00863409635694291
2024-01-12,0.004415113564819479,1.3245340694458436e-06,1.4862712443220367e-08,1.5090155651220554e-08,0.05984960166493121,0.05984960189348995,0.08223019473177694,0.08443774850603954,0.04280988354955473,0.04060232716224601,0.7309299560674186,0.7309299557555785,0.004428192188254397,0.004428192226705455,0.004728012698314582,0.004728012738102411,0.00117482618647448,0.0011748262264886138,0.0,0.0,0.003996024424218933,0.003996024465887376,0.0071751490141279085,0.007175149030342059,1.0008289513007722e-08,1.0257396870576667e-08,1.0070252902243046e-08,1.0319615872325747e-08,1.0728354628939335e-08,1.0978561558056776e-08,1.0505678870150804e-08,1.075396134250495e-08,0.004795026634566623,0.0047950266643992144,0.005724800229610805,0.0057248002648932345,0.00493594647908982,0.004935946508033714,0.0046583897295293724,0.004658389737176154,0.004711455495909985,0.004711455485954267,0.008439698667520673,0.008439698707575811,0.007712733815129781,0.00771273384625535,1.5994862495738775e-08,1.6233537778882453e-08,0.0059662519681556,0.005966252000440055,0.0074886730956924856,0.00748867302238732,1.3312345059001128e-08,1.3541195503341963e-08,1.3168641109169653e-08,1.3400299907265214e-08,1.735807216805714e-08,1.7571773139328473e-08,1.4171398223944119e-08,1.4402541097360924e-08,0.008245053179115593,0.008245053208966239
2024-01-19,0.0019225046022569286,5.767513806770785e-07,1.4101210114762417e-08,1.4722400283214255e-08,0.059875634011929475,0.059875634342441045,0.08143061002143637,0.08239185026672709,0.04382921854042626,0.04286796623929765,0.732165321874325,0.732165322417823,0.004404636148041077,0.0044046364815298585,0.004586034119383817,0.004586034457781912,0.0011243034258501664,0.001124303780512093,0.0,0.0,0.0038878659998129775,0.0038878663404305646,0.007129020247274118,0.007129020557536598,9.110200381539009e-09,9.80035964739786e-09,9.184832484617872e-09,9.874125316062615e-09,9.947317199433887e-09,1.0640853992726858e-08,9.541916800818385e-09,1.0227078664611397e-08,0.004762081334506857,0.004762081639120921,0.005403550664654044,0.005403550992872004,0.004850644960752594,0.0048506452682666144,0.004428399661975115,0.004428399913690018,0.004711086113518261,0.00471108630989283,0.008404508114224966,0.008404508468560955,0.007660597506930619,0.007660597828209686,1.4898249922775036e-08,1.5568435014612096e-08,0.005830214726125975,0.005830215049863306,0.007473823740146154,0.0074738238117837835,1.2551016638341029e-08,1.3198358466396312e-08,1.2700400307467914e-08,1.336941127890832e-08,1.6129120395992297e-08,1.6764055892726958e-08,1.3272697348884733e-08,1.3952077963618191e-08,0.00804232735172468,0.008042327716503464
2024-01-26,1.000602554964893e-06,3.001807664894679e-10,1.3141406965108091e-08,1.4056370255420644e-08,0.05990636029937199,0.05990636146968915,0.08135998663464164,0.08136047054454454,0.04378498536090876,0.043784975067467924,0.7308243860366923,0.7308238965209983,0.004486076558267731,0.0044860770890525516,0.004594780348180381,0.004594780874479703,0.0011143000417240018,0.0011143016973080022,3.7935325988160666e-10,0.0,0.0038617558909389083,0.00386175650366496,0.007292987444247237,0.007292987968469767,8.349223086691042e-09,8.925995316446965e-09,8.669460255734221e-09,9.27749985895725e-09,9.048642148358812e-09,9.69207923389287e-09,8.875881935164465e-09,9.499473501714942e-09,0.004947246656263717,0.004947247114254257,0.005450746538564025,0.005450746975666193,0.0048410810050852,0.0048410814673555715,0.004611827742595982,0.00461182817121727,0.004657737784669873,0.004657738088623058,0.008772117957248561,0.008772118211871667,0.007911423888378403,0.007911424156991429,1.3993458269891925e-08,1.5058440018234713e-08,0.006035939432774255,0.006035939806535524,0.007441313396896341,0.007441313284107113,1.1911461280770183e-08,1.2733111825731428e-08,1.2167356849364108e-08,1.3016650525452049e-08,1.5160029783315024e-08,1.6259346724195238e-08,1.2741046580683567e-08,1.3663121925670082e-08,0.008104832545230188,0.008104832805614087
2024-02-02,8.154735572662833e-08,2.4464206717988497e-11,1.228859305043281e-08,1.2939358140397204e-08,0.060135657609831125,0.060135658302079016,0.08190406753102011,0.08190409578862404,0.04389455409992464,0.043894513581673365,0.7319148135766402,0.7319148133212137,0.004332428343032368,0.004332428748467831,0.004241776308051357,0.004241776724181327,0.0009942281583259042,0.0009942293565957812,2.330662728894963e-10,3.319116435074532e-10,0.003572032917888923,0.0035720333854840267,0.007289239189318331,0.007289239540342424,6.88146872284701e-09,7.398670124614802e-09,7.338050158762802e-09,7.873999504917024e-09,7.572933733165037e-09,8.11704450472498e-09,7.483140461963142e-09,8.021704051010781e-09,0.004740101757971702,0.004740102122578744,0.0049793838988538095,0.00497938426634365,0.00471726957318809,0.004717269933482908,0.004437905591479566,0.004437905928103789,0.004699554247758671,0.004699554494360696,0.00861489546253751,0.008614895738943924,0.007889732465697769,0.007889732738423893,1.3319475686862712e-08,1.4016551091126951e-08,0.005902376294832373,0.005902376615814313,0.007549624517587361,0.0075496245630317675,1.1245269215218167e-08,1.1852020690380195e-08,1.1429103892978948e-08,1.2044195431681702e-08,1.4460069572473007e-08,1.513530934541007e-08,1.1852156387080796e-08,1.2494581782457507e-08,0.008190254352732948,0.00819025462490852
2024-02-08,6.68347677541909e-07,2.0050430326257268e-10,1.1566787693120015e-08,1.2373331053663942e-08,0.0599463802228408,0.0599463815100868,0.08165881701637168,0.0816591299990653,0.043845479389339824,0.043845145215501036,0.7304595618898448,0.73045956241516,0.004486439298556759,0.004486440024856943,0.004640674753547365,0.004640675516543683,0.001004402031872407,0.001004402879899005,0.0,2.0541607847927336e-10,0.003821752449588882,0.003821753176166476,0.007523077126844023,0.007523078071077854,6.188206446388748e-09,7.076885166763074e-09,6.69135120740207e-09,7.586259550416985e-09,6.855875562031535e-09,7.746974655806061e-09,7.101683584371709e-09,7.990580780358501e-09,0.004845876062859182,0.004845876759486063,0.005192699128435896,0.0051926998801112905,0.005034890888116873,0.005034891571684531,0.004581310517864183,0.00458131106441318,0.00458200304650125,0.004582003525197507,0.00881450059864569,0.008814501435264264,0.008066191202327638,0.008066191966001538,1.2439091801719701e-08,1.3278701850472262e-08,0.005912012559227222,0.005912013268168669,0.00749048045777823,0.007490480749252283,1.029848823499755e-08,1.1080336292430873e-08,1.0775554359040941e-08,1.1592898603809617e-08,1.3345935589007787e-08,1.4102859720585214e-08,1.130863618772727e-08,1.2208071677322447e-08,0.008093354787826591,0.008093355729748146
2024-02-23,0.2569731510116346,7.709194530349038e-05,1.6159467677892034e-08,1.1713619886434762e-08,0.06832665005256729,0.059912683158557,0.11575657356024383,0.08160351633884555,0.12688203459500116,0.04378016419941572,0.5998929674143875,0.7283795429202049,0.004651889711661497,0.004651888348363203,0.004653203838431807,0.004653202556504565,0.0010691626783795893,0.001069161470457419,4.430120887307423e-09,0.0,0.0039234657798193915,0.003923464426228418,0.0079117773166593,0.00791177617288201,9.37607293062605e-09,6.622174300946917e-09,9.922401927890234e-09,7.398941537362152e-09,9.859489628012064e-09,7.073544872859678e-09,1.0136484573032062e-08,7.277902332797624e-09,0.004984276485515733,0.004984274979357691,0.005392516249678221,0.0053925149406398925,0.005138955512447437,0.0051389539154196185,0.0047282677227004225,0.004728264828365184,0.00469168784920759,0.004691684583048184,0.00894835332580515,0.008948352017065378,0.008227770823516788,0.008227769456083773,1.5378983038588534e-08,1.3333089097370571e-08,0.005997676965667703,0.005997675348811956,0.010277776535779196,0.007460158522449999,1.704501492338473e-08,1.0378904392473183e-08,1.5927525614306926e-08,1.0641189149659907e-08,1.884936717947995e-08,1.339565541574818e-08,1.3954929626062783e-08,1.2454539492695605e-08,0.008544852542672595,0.00854485152773952
2024-03-01,5.116708826713361e-09,1.5350126480140083e-12,1.5845470080271868e-08,1.613905660608939e-08,0.06833103651038516,0.06833103623012025,0.11628826335310138,0.11628826335638574,0.1268951899265333,0.12689518982316408,0.598817867876095,0.5988178677570197,0.004679989237056741,0.004679989152787787,0.004797599817168268,0.00479759973374659,0.0011087761226787204,0.001108776374394791,4.58995893673784e-09,4.640447900921961e-09,0.004032396507745634,0.004032396442604386,0.007751477630229492,0.007751477478918957,9.876570621680818e-09,1.0068686010302152e-08,1.0339420622417757e-08,1.0540050292780665e-08,1.0032723810607166e-08,1.0225305129986634e-08,1.0522690594117419e-08,1.0723933273467326e-08,0.005040553498310017,0.005040553401059136,0.005637086609066756,0.005637086508670755,0.005128672590941081,0.005128672487972289,0.0046949501569030555,0.004694950029054598,0.0046385401988441165,0.004638539993844062,0.008885023395732912,0.00888502326091283,0.00835751660329636,0.008357516468824629,1.5138932708905877e-08,1.5393120405612784e-08,0.006123383026832385,0.006123382905571078,0.010274899909767325,0.010274899414282737,1.6910134308867037e-08,1.7144501450918888e-08,1.563150586958276e-08,1.585674246315961e-08,1.8746304508736785e-08,1.8992989792855376e-08,1.323223026894683e-08,1.3444463104573673e-08,0.008516636163369761,0.008516636011369216
2024-03-08,4.782008816644025e-09,1.4346026449932073e-12,1.5555451895892002e-08,1.581032950695724e-08,0.068343945462125,0.06834394509202218,0.11635131277470147,0.11635131285357726,0.126731629550292,0.12673162942797578,0.5982771418237004,0.5982771418284217,0.0046997434081897434,0.00469974332814225,0.004730519100710912,0.004730519023477355,0.0010958113709144306,0.0010958116059414768,4.564489019437972e-09,4.614846792495127e-09,0.003982986285125483,0.003982986225854543,0.00788923470211343,0.007889234554461349,9.463971966529078e-09,9.634163876848546e-09,1.0251791925580553e-08,1.043513058800243e-08,9.729879939933568e-09,9.902916422829688e-09,1.0141923736166354e-08,1.0321040840131023e-08,0.004906301643993984,0.0049063015533012296,0.00559687112708361,0.00559687103198736,0.005072770296263606,0.00507277019756021,0.004597481521097973,0.004597481398924734,0.004818939991239191,0.004818939784625315,0.008971659834687116,0.008971659703875031,0.008363985642719405,0.008363985510720118,1.5588478980978255e-08,1.582218596755094e-08,0.006169322088313739,0.00616932197070158,0.010785152520865223,0.010785152130384413,1.68072360957311e-08,1.7016680037298494e-08,1.5208130415172648e-08,1.5407282214177678e-08,1.9256184699065913e-08,1.9480471742763867e-08,1.3673615937512724e-08,1.3868486599059122e-08,0.0086150506147089,0.008615050464511186
2024-03-15,6.7229564396867066e-09,2.016886931906012e-12,1.5208114559393177e-08,1.557110830806092e-08,0.06810917595676484,0.0681091751184901,0.11560473673140607,0.11560473656702815,0.1267332807705558,0.1267332806873937,0.5980692165646576,0.5980692164589737,0.004735321571830737,0.004735321483346818,0.004825261024658595,0.00482526093923679,0.0011336698643912711,0.0011336702211200906,4.6840172521464175e-09,4.744163246940634e-09,0.004186018509451087,0.004186018439737516,0.007647935380524517,0.0076479352331162605,9.47620558171051e-09,9.707690552911952e-09,1.0184481115287972e-08,1.0435799330987455e-08,1.002722805562205e-08,1.027175398139907e-08,1.0014161222990742e-08,1.0257088746866616e-08,0.004908592272434211,0.004908592171210129,0.0056887554609235495,0.005688755356700965,0.005214283868269138,0.005214283752556619,0.004784909873742451,0.0047849097215371195,0.004928063990055005,0.00492806374261866,0.0090382984813059,0.009038298346027996,0.008396149866531342,0.008396149727931443,1.4877594964188879e-08,1.5220007335527666e-08,0.006293527494480232,0.006293527363718098,0.010760427011544211,0.010760426520151996,1.6834972777415196e-08,1.716416869602665e-08,1.5038852275368064e-08,1.53398395263505e-08,1.9657955765472643e-08,2.0033365194595998e-08,1.2441939264273962e-08,1.2705287429028154e-08,0.008942236860950517,0.00894223669883164
2024-03-22,4.828081491706253e-09,1.4484244475118756e-12,1.5118421713301515e-08,1.5368620300226492e-08,0.06810790765955131,0.06810790723998497,0.11569806160325967,0.11569806149720428,0.12657048597780599,0.1265704860384232,0.5968815454270174,0.5968815452813836,0.004748212738601419,0.0047482126620945735,0.004879079600851781,0.004879079525822854,0.001165919853156322,0.0011659200343398061,4.768254097314276e-09,4.8530193502170034e-09,0.004208165427244868,0.004208165364765013,0.007592893955412737,0.0075928938047272266,9.468057576627068e-09,9.659060446592462e-09,1.0236938946711218e-08,1.0439273979747548e-08,9.778635530494631e-09,9.972421155121286e-09,9.844192857292813e-09,1.0038256217681134e-08,0.004979581976941095,0.004979581890718166,0.005847080411796477,0.005847080321095978,0.00532855720810953,0.005328557110140624,0.004783244796203458,0.004783244675221645,0.005084599457348694,0.005084599255855429,0.009116696234920467,0.009116696121231919,0.008573764231386007,0.008573764116826142,1.5036927539107143e-08,1.5276943569403976e-08,0.006333679230135718,0.00633367912186774,0.010957641318813563,0.010957641020865636,1.6828248836602428e-08,1.7039259044737108e-08,1.4714214220096223e-08,1.4911372681403324e-08,2.0059740943005706e-08,2.0285227649353217e-08,1.2026521216475109e-08,1.2208939081126674e-08,0.009142745011290013,0.009142744865037642
2024-03-29,7.922763432776904e-09,2.3768290298330712e-12,1.4593739278930915e-08,1.498363797419219e-08,0.0681485188948153,0.0681485178263367,0.11572553791178827,0.11572553831281189,0.12676230248300133,0.12676230224350796,0.5973620421097273,0.5973620412102811,0.004671471738007705,0.004671471714121211,0.00466667690393405,0.004666676892854522,0.00111122496710128,0.0011112257107263883,4.608238294899288e-09,4.569203293519607e-09,0.004010187054081915,0.004010187070699914,0.007573059035403489,0.0075730588497422875,8.670467258974228e-09,8.845998428891003e-09,9.495918582990771e-09,9.709991788207777e-09,9.147168139526071e-09,9.338170788973149e-09,9.117350259685972e-09,9.303389077638605e-09,0.00469135586617174,0.004691355826393325,0.0056346846971131815,0.005634684650008448,0.0051814280755223124,0.005181428000156079,0.0047055782388923184,0.004705578101735279,0.00501943004835722,0.005019429819448445,0.009122673751273283,0.009122673648980036,0.008776721045650377,0.008776720936274173,1.4483803577089474e-08,1.485909278312536e-08,0.006433859807579213,0.006433859699884106,0.011077161743247556,0.011077161257990437,1.623664565675417e-08,1.6588106005716255e-08,1.4278376463615913e-08,1.4550532452153555e-08,1.8559125052630572e-08,1.8992737537610358e-08,1.1478693218336881e-08,1.1689745668000102e-08,0.009325954958806355,0.009325954797441912
2024-04-03,2.30306990268187e-07,6.909209708045609e-11,1.4743346298765576e-08,1.466810316161191e-08,0.0680841510964429,0.06808410113106668,0.11552592804976958,0.1155259298126276,0.12656113874184555,0.12656108620855475,0.5965860513516563,0.5965861642643411,0.004744179206409199,0.004744178719225111,0.004796680867993983,0.004796680414359285,0.0011381413371358716,0.0011381415393597089,5.548879258279873e-09,4.72082015677852e-09,0.004115733188832693,0.0041157327594613935,0.007646578227981528,0.007646577354870534,9.029064906768505e-09,8.640286634371221e-09,9.732293390363382e-09,9.425513976768439e-09,9.917364002587911e-09,9.610316669214228e-09,9.550756726746398e-09,9.17825000951898e-09,0.004736561415908701,0.00473656088326425,0.005705564359878126,0.005705563858063151,0.005266937447364951,0.005266936841133907,0.0047812493900234515,0.004781248517729683,0.005127154228034733,0.005127153201556545,0.009094819677916737,0.009094819070385297,0.008636704567527567,0.008636703904412934,1.4370528654227384e-08,1.4382917010124142e-08,0.006429711925754439,0.006429711264650233,0.01134006201540808,0.011340060484312997,1.639031261515077e-08,1.638715457410181e-08,1.4696557531004632e-08,1.444545223152804e-08,1.84944877149427e-08,1.8757827881637965e-08,1.189645785185761e-08,1.1623878800507263e-08,0.009682518534066698,0.009682517930103836
2024-04-12,0.018613036601977544,5.583910980593262e-06,1.4411580908370223e-08,1.4777256638999516e-08,0.06829662269194071,0.06829658500367586,0.11579817214316765,0.11579817299485191,0.13606493454900082,0.12675845797226498,0.5871435492620867,0.5964500642411766,0.004638971957888754,0.004638971712000488,0.004728296339541687,0.004728296109496575,0.0011075224661110208,0.0011075223938971724,5.4580466277240765e-09,5.367633112918708e-09,0.003939082426940395,0.003939082192044702,0.007849378737400482,0.007849378553742483,8.441480940154074e-09,8.525202772260585e-09,9.203229273748851e-09,9.32245029099106e-09,9.502705790194377e-09,9.634217632114513e-09,9.058400850963861e-09,9.168386014767115e-09,0.00453191377253901,0.004531913506982873,0.005399054161761093,0.005399053924622943,0.005042724337989322,0.005042724051364038,0.0048317479951720445,0.004831747572278869,0.005529191797289196,0.005529191449058816,0.00897429222305308,0.00897429196912634,0.00838060082376621,0.008380600544984292,1.3730817568743227e-08,1.4010959650682105e-08,0.006235887118656994,0.006235886830763131,0.011751424219984718,0.011751423789420873,1.6765767059381617e-08,1.715121374387545e-08,1.436008797519659e-08,1.4700540556523205e-08,1.7951932620775206e-08,1.8340992489963835e-08,1.2270417565038221e-08,1.2535415363151679e-08,0.009756501821242783,0.009756501653978676
2024-04-19,6.872467277508919e-08,2.0617401832526753e-11,1.3896918825907136e-08,1.4422156461329252e-08,0.06836020121296175,0.06836020115465247,0.11628416103584541,0.11628418811834214,0.1362125340287457,0.13621249982967487,0.5868944066825177,0.5868944068191316,0.004721858898971211,0.0047218590831837395,0.004764357162752823,0.004764357355216529,0.0010867578254420964,0.0010867584774171867,4.857179578215458e-09,5.16864438095862e-09,0.003952154690234261,0.003952154922570423,0.00812817020446903,0.008128170202524505,8.158265070288441e-09,8.575126296116011e-09,8.89271434826734e-09,9.325928744755349e-09,8.850036956241322e-09,9.281419569985171e-09,8.706380745536236e-09,9.13372214197286e-09,0.004561535794467767,0.004561535976789853,0.005490250889913168,0.005490251048980139,0.005105148364196862,0.005105148509642436,0.004633990301235011,0.004633990438476379,0.005711440560516036,0.00571144058417669,0.008760305178222839,0.00876030526424298,0.008102889701871946,0.008102889779284209,1.2552137139741583e-08,1.303634272705038e-08,0.006076395860450815,0.006076395974215704,0.011955924972688653,0.011955924869676837,1.669993483597844e-08,1.7182981762095186e-08,1.4087370730048464e-08,1.4553697766823842e-08,1.7638636206670725e-08,1.8125124673862837e-08,1.206767472432808e-08,1.2515047493038787e-08,0.009197390227247568,0.009197390271608924
2024-04-26,0.022151375698771503,6.6454127096314505e-06,1.3833775897300795e-08,1.3903034252838519e-08,0.06841330417520718,0.0684133041239723,0.11620566222576426,0.11620566233819331,0.147505654765397,0.13642996697046106,0.5760384524411241,0.587114139112491,0.004674452778229033,0.004674452793869654,0.004685761748601451,0.004685761765689027,0.0010919600378898001,0.0010919600642235858,4.839568157365454e-09,4.943170726475387e-09,0.0039024249737223205,0.0039024249916534298,0.007898729952216426,0.007898729962205617,8.019577816968046e-09,8.110538257746043e-09,8.66928639083389e-09,8.757709680047525e-09,8.30898282112329e-09,8.397952671944396e-09,8.474433722515791e-09,8.562113091743714e-09,0.004534468476399551,0.004534468490679044,0.005598454067397276,0.005598454082773422,0.005171609335423894,0.005171609346600201,0.00488075050617062,0.004880750510941026,0.005438699425006126,0.005438699430854551,0.008607588524589744,0.008607588537122105,0.00814566459327682,0.008145664603803537,1.2240461901376514e-08,1.2314260758253188e-08,0.006186270054391137,0.006186270065130707,0.01161207578505923,0.011612075781844096,1.6749926927618306e-08,1.681766072545841e-08,1.3887012851838433e-08,1.3951080546628086e-08,1.790261767930982e-08,1.7969392743923924e-08,1.1194407164774433e-08,1.1271868552502073e-08,0.009407892014082857,0.009407892028710025
2024-04-30,1.4385664171179675e-08,4.315699251353902e-12,1.353428952032267e-08,1.3963447783961606e-08,0.06801263147040003,0.06801263146239407,0.11536642384604175,0.11536642535483209,0.14721403467693409,0.14721402772096717,0.5760494653591346,0.5760494655893047,0.004797463793391091,0.004797463915958506,0.0048836439766175455,0.0048836441077008625,0.0011415257569115291,0.0011415262793213667,4.767664349755752e-09,5.045934749935232e-09,0.004177260703726428,0.004177260857041207,0.007742261763822475,0.007742261690532828,8.151311338384538e-09,8.520864849355815e-09,8.907429819405271e-09,9.29126441521811e-09,8.485094321893161e-09,8.857387649791989e-09,8.586981387256978e-09,8.959229426808321e-09,0.004874025420658492,0.004874025531992276,0.005724800009739591,0.005724800113851718,0.005279303005953517,0.0052793030872584495,0.0050225053316809406,0.005022505372240345,0.005438263190591942,0.0054382631564021105,0.008805379922167707,0.008805379987555574,0.008215267124791514,0.008215267174464209,1.1973582855090531e-08,1.2381909971219289e-08,0.006213124266868768,0.00621312432957316,0.011624318948981372,0.01162431883607242,1.6499983940898803e-08,1.6864557355364626e-08,1.3639466328615389e-08,1.397989575067002e-08,1.7496125928683784e-08,1.7860161487026757e-08,1.078589470192157e-08,1.1112592264584931e-08,0.009418178603762112,0.009418178595291454
2024-05-10,0.00870087250961837,2.6102617528855107e-06,1.3580664255867087e-08,1.373188185940505e-08,0.06817403018674281,0.06817403021309251,0.11146793605182197,0.11581836986997766,0.1515088933753409,0.1471584571205317,0.5748386862713253,0.5748386863072105,0.004838127172765247,0.004838127227592054,0.004937653766689378,0.004937653823946766,0.0011539236531708642,0.0011539237311918374,4.6322098761041555e-09,4.802867156900938e-09,0.004209671465585757,0.0042096715256866165,0.007877896007612316,0.007877896038948994,7.947481562155378e-09,8.119060148086754e-09,8.55067191495003e-09,8.721198432172443e-09,8.41860531714461e-09,8.58765123263099e-09,8.42888613073213e-09,8.596663248937751e-09,0.004757656581891426,0.004757656634427922,0.005944129093961523,0.005944129146141664,0.005409576594364159,0.005409576640094452,0.0052365121105221075,0.005236512147008109,0.005467699408088754,0.005467699436152915,0.008908842631556143,0.008908842676415455,0.00831104932951777,0.008311049369797987,1.1668289384523284e-08,1.182389565290102e-08,0.006274528283481915,0.006274528325139657,0.011498222215637597,0.011498222221272203,1.6274228104237662e-08,1.6410626160761934e-08,1.3441110949560257e-08,1.3571318622136076e-08,1.838077930423949e-08,1.851753867822622e-08,1.1131608548259402e-08,1.128055638457606e-08,0.009184843345388735,0.009184843382113405
2024-05-17,1.910974026608759e-06,5.732922079826277e-10,1.0674235032302347e-08,1.3560813285896061e-08,0.06814567684670605,0.06814567787351863,0.11129653004091433,0.11129741020520553,0.1514022096837708,0.1514012541967577,0.574225934181126,0.5742259497486347,0.004803728646858517,0.004803731042396544,0.004817275943719002,0.004817278461208468,0.0011237815122727539,0.001123785443272244,2.9597969648152617e-09,4.544693248140301e-09,0.004079311260672309,0.00407931385226932,0.007906496699814615,0.007906498952629062,5.539652673297019e-09,7.568720804973984e-09,6.180289027169526e-09,8.310310059753259e-09,5.970013303831739e-09,8.055624237926787e-09,5.986375140000076e-09,8.066159166773404e-09,0.0046855878896065245,0.004685590185283855,0.005689684241551677,0.005689686607752186,0.005324373803686299,0.00532437586670208,0.00546529935585187,0.005465301015830876,0.005750821999081735,0.005750823667001961,0.009184173092731628,0.009184175293594552,0.008630872769319559,0.008630874783915948,9.489280359119748e-09,1.2022321832005848e-08,0.006470232727372607,0.006470234705399738,0.01184768130010822,0.011847682449301133,1.4033877051348003e-08,1.6774927758005135e-08,1.121670080839798e-08,1.3554246967740796e-08,1.5393356217185903e-08,1.8260183629716012e-08,8.703507906905696e-09,1.0841844488490411e-08,0.009150231857750856,0.009150234089480219
2024-05-24,0.004056145461013198,1.2168436383039593e-06,1.0477012935898377e-08,1.0664247091076592e-08,0.06817275497287831,0.06817275500426338,0.10937780906772013,0.11140587886871622,0.1534148275458378,0.15138675481533104,0.5741087561127017,0.5741087561132288,0.0048110739317711775,0.004811074001177518,0.0047751868519929,0.004775186925609032,0.0011107992118722244,0.0011107993079374902,2.7474939240286414e-09,2.918199574708166e-09,0.004099212076723159,0.004099212153844743,0.00798491205664702,0.007984912097945638,5.301635713791404e-09,5.503327378316015e-09,5.980681933205461e-09,6.184642039734198e-09,5.843676679102985e-09,6.0460925637203205e-09,5.7510851434976676e-09,5.951723235209731e-09,0.004644245495256846,0.0046442455620482525,0.0056984918751527185,0.00569849194203631,0.005338740351306623,0.005338740409143288,0.0053484416314974305,0.005348441674218898,0.006018866975777754,0.006018867013562549,0.009339665345233573,0.009339665402058026,0.00862042561704887,0.00862042566672397,9.219320949300674e-09,9.41172701953641e-09,0.00638422148877383,0.006384221540067554,0.01172827145176478,0.011728271473190558,1.3947427560291909e-08,1.411817546763872e-08,1.111121192753297e-08,1.1277199634717978e-08,1.5511812971685287e-08,1.5670884972744387e-08,8.772417886667475e-09,8.959155045459907e-09,0.009023203276265499,0.009023203323522425
2024-05-31,0.011673980407974882,3.5021941223924644e-06,1.0269655114485626e-08,1.0485448447933404e-08,0.06829486361742726,0.06829486360356798,0.10377108359741052,0.1096080715160447,0.1535993250487759,0.15359932455713493,0.5803693408686957,0.5745323511794682,0.00475156521518218,0.004751565231407637,0.0047360465526431,0.004736046572522953,0.001097123386890484,0.0010971234291974844,2.6135677145487183e-09,2.7085495434882568e-09,0.0040244220154529884,0.004024422035333102,0.008045879441645228,0.008045879467654159,5.284692953436568e-09,5.453806610845966e-09,5.652150900287955e-09,5.827733927953918e-09,5.6809986283879164e-09,5.856508371302037e-09,5.58081053507426e-09,5.754186721666441e-09,0.0045866863883967934,0.004586686400861072,0.005657366893475674,0.005657366910618506,0.005180114808492382,0.005180114816188015,0.005172004740113974,0.00517200473085423,0.006207598988997981,0.006207598995279879,0.009209922877996842,0.009209922896446003,0.008424491497263946,0.008424491508340157,8.71210010400392e-09,8.917281694516934e-09,0.006260546810660608,0.006260546817472212,0.011627441265374027,0.011627441265495485,1.386924852768541e-08,1.408616302489189e-08,1.1200405074699827e-08,1.1412232578075659e-08,1.4677584109150056e-08,1.4890354977668579e-08,8.669387610379941e-09,8.878268105731898e-09,0.00898408377450314,0.00898408379557917
2024-06-07,0.004404127035404208,1.3212381106212624e-06,9.964348710659113e-09,1.014803997381042e-08,0.068317536486598,0.06831753651582738,0.10153923874675765,0.10374129981520902,0.15365413048103604,0.1536541302632047,0.5822375934065627,0.580035530106692,0.004751380098974046,0.004751380145008089,0.004672499420977871,0.004672499470950988,0.001055925804927652,0.001055925866058554,2.352918860279345e-09,2.4733778705028115e-09,0.00403901274652891,0.004039012798958598,0.007960095445593092,0.007960095472604192,5.1679867048492225e-09,5.34855584333504e-09,5.550697525843933e-09,5.734835037241455e-09,5.372397711384688e-09,5.5540775207824864e-09,5.409264921513837e-09,5.590293867365453e-09,0.0044735730072052934,0.004473573050550453,0.005665047934257085,0.005665047977637047,0.005133760151382741,0.005133760187460286,0.005233500353906981,0.005233500373340748,0.006053923599271423,0.006053923618435756,0.009435301079523494,0.009435301117528334,0.008729405074693337,0.008729405106312206,8.728051154937406e-09,8.915640949376196e-09,0.006409307102302949,0.006409307133424241,0.011794276220894415,0.011794276226859447,1.3325171080387449e-08,1.34926858907168e-08,1.0729620083654433e-08,1.0894758377445763e-08,1.4618368057236915e-08,1.4775776061171124e-08,8.356731688222538e-09,8.536861958362054e-09,0.008844403263049696,0.008844403289034592
2024-06-14,1.4071384423714194e-06,4.221415327114258e-10,8.802764328375702e-09,9.978548505495809e-09,0.06835743708172398,0.06835743743972923,0.10169828742198829,0.10169896916063746,0.1536791743580718,0.1536791744235564,0.5824999428392775,0.5824992392700561,0.00466678382951284,0.0046667848163033975,0.004651542023316203,0.004651543042766715,0.0010663894703382307,0.0010663913974556225,2.019621933057055e-09,2.3706493969343877e-09,0.00394274175527622,0.003942742890672466,0.007922779580800501,0.007922780111880632,4.69727146869176e-09,5.411992429172478e-09,4.887733931999075e-09,5.629258976269559e-09,4.5302228276025296e-09,5.219484313922229e-09,4.8135127295772005e-09,5.5287527089771124e-09,0.0044474542847175854,0.004447455270977911,0.00576748784076269,0.005767488687709155,0.00491989088792092,0.004919891773312662,0.00516412374572612,0.005164124471989723,0.0058577720173946055,0.005857772499825165,0.009725115754361515,0.009725116374492632,0.008899509539597823,0.008899510116998962,7.648999885979111e-09,8.676972805688506e-09,0.006338384491409874,0.006338385201347283,0.011515423401613935,0.011515423549397035,1.199101174060019e-08,1.3148632441827866e-08,9.751610066043316e-09,1.0661172502091378e-08,1.306393206221622e-08,1.4292650180074933e-08,7.728270734394082e-09,8.487708963064585e-09,0.008879679741237961,0.008879680095068069
2024-06-21,0.0011024586347358695,3.307375904207608e-07,8.064712054128412e-09,8.675146483306283e-09,0.0684483336388645,0.0684483338253514,0.10138860530923743,0.10193982426582,0.15371113459973348,0.15371113459827696,0.5829065335588007,0.5823553042428896,0.0046483535532676175,0.004648353874290269,0.00456207801672985,0.004562078352577703,0.0010433910216024879,0.0010433914423362432,1.6752731309466489e-09,1.9820650592404955e-09,0.003908882115008759,0.003908882464692382,0.007859322738196915,0.007859323003902548,4.229940220803394e-09,4.783962880982927e-09,4.3827873601498985e-09,4.9452451667388775e-09,3.838713923475954e-09,4.370220951500212e-09,4.232419902147056e-09,4.780620094516953e-09,0.004472253354529967,0.004472253663777446,0.005549857502650025,0.005549857807228284,0.0047797401715881805,0.004779740461443844,0.005241384045669697,0.005241384267717365,0.00607066576496406,0.0060706659796777316,0.009944083518837991,0.009944083794030605,0.008950477177244778,0.00895047742657032,6.975831008789588e-09,7.580114404930758e-09,0.006171617091330912,0.006171617354373456,0.011688138511647685,0.011688138668242015,1.1395681642702285e-08,1.1957005080976256e-08,9.131694162191164e-09,9.698824162436064e-09,1.2356950981961016e-08,1.2897303627859101e-08,6.939800609200151e-09,7.518864633918764e-09,0.00865507508628982,0.008655075317429744
2024-06-28,0.006282398470688003,1.8847195412064007e-06,7.765930082174305e-09,8.017973417338123e-09,0.06864167251586754,0.06864167260846786,0.09860808608177045,0.10174928100150313,0.15386935711738736,0.15386935715717298,0.586592791618071,0.583451592382727,0.00459589536034285,0.0045958954719858905,0.0044248693965171434,0.0044248695134049216,0.0010053406949958772,0.0010053408264682233,1.4612854106672937e-09,1.6188357216978512e-09,0.0037801269901990607,0.0037801271079175303,0.007825015300929604,0.007825015410756421,3.76050896787965e-09,3.9900053452009526e-09,4.014015182236887e-09,4.249130620012281e-09,3.4530211481049827e-09,3.6750934196709425e-09,3.788884604722804e-09,4.015638645192247e-09,0.004371456376726623,0.004371456483508742,0.0053767499938881524,0.005376750105341921,0.004699135150487074,0.004699135251767706,0.0050938486969700925,0.005093848779129462,0.0057965119231493285,0.005796512012819692,0.009815812567607976,0.009815812682814382,0.009082154163976433,0.009082154267621175,6.785895434920631e-09,7.0398699235871226e-09,0.006171075311500915,0.006171075410684084,0.011457464211182907,0.011457464295386896,1.0908914619382989e-08,1.1174868297004534e-08,8.857699293891452e-09,9.098556967582696e-09,1.2052794399275396e-08,1.2308361445079823e-08,6.3761408271007055e-09,6.630366304571333e-09,0.008792567303339615,0.008792567411821908
2024-07-05,0.02496589084348877,7.48976725304663e-06,7.333704402194042e-09,7.720498045754652e-09,0.0685934491930847,0.06859344961653217,0.08604250702946692,0.09852544464181263,0.15373136783307492,0.1537313678768662,0.5983233547273893,0.585840409305645,0.00458168041125686,0.004581680610846443,0.004335166690023955,0.0043351669009491995,0.0009828160516624517,0.0009828164425326883,1.2466868792752892e-09,1.4273889259950065e-09,0.003651828426113851,0.0036518286313822154,0.007952152263006235,0.007952152531225236,3.3619335323617074e-09,3.6639996186911585e-09,3.587367753460687e-09,3.901017339877661e-09,3.0526659825969772e-09,3.3369288772824072e-09,3.3516394183425097e-09,3.6464270248935527e-09,0.0041789588245420934,0.004178959005942917,0.005336330949877732,0.005336331159773363,0.004607780558615994,0.004607780731052058,0.005188991784450109,0.005188991916218922,0.0060645211206683345,0.006064521319583606,0.01017609280200071,0.010176093078236527,0.009202073321187523,0.00920207355600751,6.663904712585801e-09,7.061039977832363e-09,0.006346571466361275,0.006346571653244068,0.011706857306344586,0.01170685753223465,1.0722291888005298e-08,1.1221231921346907e-08,8.571178457398777e-09,8.994819892189831e-09,1.1355933936680684e-08,1.1839173211516961e-08,6.037207061324065e-09,6.443511547975773e-09,0.008997433956358325,0.008997434233878252
2024-07-12,0.06721379376792427,2.016413813037728e-05,5.645913434417207e-09,7.355401202484248e-09,0.064669054461474,0.06849451083313315,0.057275661166618114,0.0858523032618135,0.15249021006941552,0.15369493932428155,0.6316826512299264,0.5980757543459642,0.0046240870597800314,0.004624090006373581,0.0044320363030716245,0.004432039512964169,0.0010097554223490323,0.0010097579712736312,5.213039733803179e-10,1.2799739164977508e-09,0.0037357439755996745,0.0037357468674943284,0.007768639196919662,0.007768643547709282,2.3299823265441747e-09,3.525750089960732e-09,2.490432883973259e-09,3.734673756494748e-09,2.0165278384062597e-09,3.122301513760746e-09,2.3314618105495645e-09,3.4796203052006356e-09,0.004225782272845524,0.00422578480015471,0.005459477788952677,0.005459481144147471,0.004623266143724635,0.004623268514140255,0.005153334065573115,0.005153335708791849,0.0061846717331094396,0.0061846746107062575,0.010439597928249288,0.010439604599449216,0.009322866415390265,0.009322870776383005,5.212802548314787e-09,6.9060121312315925e-09,0.006370417087760269,0.006370419972115191,0.011814143065416489,0.011814146756453226,8.304887656529097e-09,1.0680277122234447e-08,6.664302930484592e-09,8.437603845922108e-09,8.802445567370977e-09,1.0946913949943203e-08,4.17758397927483e-09,5.761545764342836e-09,0.008718556116179286,0.008718562216577672
2024-07-19,0.0003119654646421399,9.358963939264196e-08,4.779401285814766e-09,5.555817901549005e-09,0.06466275875344424,0.06466370477190887,0.057189549038558884,0.057344480337485806,0.15241211715504255,0.1524121770802262,0.631257062040273,0.631101079307952,0.004708141913294323,0.004708143969450987,0.004379955130996448,0.004379957338442305,0.0009923136213280566,0.0009923152592108927,3.847780898843474e-10,5.009668462173237e-10,0.0038035322400026004,0.003803534241271029,0.0077864793598555245,0.007786482623453219,1.6670584351285834e-09,2.4075983599840834e-09,1.7037874817052129e-09,2.45666273255339e-09,1.4046102195173706e-09,2.0562737144302633e-09,1.6564780720819461e-09,2.384530431999861e-09,0.004296951699315482,0.004296953435785037,0.005515940514672665,0.005515942875477516,0.004754863942922131,0.004754865582492766,0.005161365174392129,0.005161366254256882,0.006048047959967842,0.006048049940201005,0.010033476182617483,0.010033480714860718,0.009418754999539642,0.009418758322111791,4.169672339072533e-09,5.069645161087783e-09,0.00641265722230476,0.006412659223126831,0.012140050455947767,0.012140053305818454,7.29079887662521e-09,8.083014893612682e-09,5.786238409415391e-09,6.570905262494563e-09,7.947394482769277e-09,8.587610601719927e-09,3.1090560861877563e-09,4.084558147937303e-09,0.00902594269625071,0.00902594765888381
2024-07-26,3.318962384386315e-07,9.956887153158944e-11,2.135808033746475e-09,4.686930232158722e-09,0.06513990199229051,0.06513991480316593,0.05767294790837009,0.057672964796827327,0.15308282172199406,0.15308283620915578,0.6335223584523701,0.633522192504251,0.004568072475529775,0.0045680785545248615,0.0041968006562985724,0.004196807063201981,0.0009579243458681636,0.0009579319081398762,0.0,3.774540004555461e-10,0.0036532947900954297,0.003653301025269373,0.0075958813240077985,0.007595889351916316,0.0,1.5967151436647868e-09,0.0,1.6331994901028811e-09,0.0,1.4040666277300166e-09,0.0,1.6166400963722432e-09,0.00429496827407232,0.004294973710227949,0.005464994865551268,0.005465001298296989,0.004531649440131683,0.004531654649434164,0.004914530306074672,0.004914534213267891,0.005536861990526455,0.005536867682714821,0.009537231641690371,0.009537240295959357,0.008909482200118574,0.008909489808212316,1.5620206602692671e-09,3.981945329223541e-09,0.00619364692528313,0.006193652616424835,0.011643036937813527,0.0116430440963396,3.5946408199786768e-09,6.8673513336379645e-09,3.0310518888319475e-09,5.679647101524452e-09,4.822089667878481e-09,8.045213767966735e-09,8.870279031275549e-10,2.9660543992789548e-09,0.008583577719274227,0.00858358655745202
2024-08-02,0.022100618832352228,6.630185649705668e-06,1.5893859201066505e-09,2.1675067962922414e-09,0.06169402944388532,0.06510923501850019,0.05017689492007368,0.05781145632519024,0.15276381654991572,0.1527643394357848,0.6427151910307959,0.6316648816146198,0.0045849643348181215,0.004584965084430372,0.004359255921881031,0.004359256733429852,0.0010056305038439052,0.0010056310790096696,0.0,0.0,0.003691174164061361,0.0036911748757963354,0.007598432691031604,0.0075984338876345075,0.0,0.0,0.0,0.0,0.0,0.0,0.0,0.0,0.004542257741578545,0.0045422584125178935,0.005799664254740866,0.005799665178465136,0.004481310317931377,0.004481310909161174,0.004973934550663051,0.004973934947081133,0.005636076287848268,0.005636076998248342,0.009855647584271392,0.009855649902341066,0.009164288535285052,0.009164289977265346,1.115656654794914e-09,1.5976215132993147e-09,0.006232511551936107,0.006232512313526548,0.011938897299787194,0.01193889881947558,2.795916192922895e-09,3.6698677672567085e-09,2.31486172364261e-09,3.0308707870827444e-09,3.826436781459593e-09,4.7096839774596e-09,5.792582635641677e-10,8.921966926319931e-10,0.008786010094135717,0.008786012419774229
2024-08-09,0.026956983471855038,8.087095041556511e-06,1.1202324858704816e-09,1.5807787449023576e-09,0.05969416765786504,0.062016030551584514,0.050338170044411816,0.050338274513433985,0.1423104022209475,0.15346689579110193,0.6591338196171384,0.6456553278812107,0.004501631466177146,0.004501632651635822,0.004291929315989513,0.004291930598656231,0.0009829354928424085,0.0009829363848433302,0.0,0.0,0.003584743051499308,0.0035847441599169685,0.007540026475264461,0.007540028620406993,0.0,0.0,0.0,0.0,0.0,0.0,0.0,0.0,0.004441668990924681,0.0044416700373667555,0.005578314151925914,0.005578315633510356,0.004620349686624159,0.004620350549078443,0.004849034062160106,0.0048490346879877366,0.005214992671083125,0.005214993748538631,0.008846330729914934,0.008846335250202246,0.008396403422072093,0.008396406492791103,6.461791850642527e-10,1.0282865717295232e-09,0.005950528276048922,0.00595052958664529,0.011703791731273675,0.011703794951694267,1.953782768334047e-09,2.6853792928826285e-09,1.6497919122607946e-09,2.24995251778369e-09,2.954857099523523e-09,3.750397479683736e-09,3.185116417784163e-10,5.822815961316211e-10,0.008020752292481713,0.008020756032318225
2024-08-16,0.08395541989428405,2.5186625968285214e-05,4.4341481901260664e-10,1.101394707711164e-09,0.050040472649733166,0.059409878210573246,0.04538584474284847,0.05007316793304454,0.11406742862388948,0.14198824449436154,0.7001076033583032,0.6581298934111613,0.004497528993381784,0.0044975338176876985,0.004231941704547588,0.004231946905262112,0.0009694616382599279,0.0009694653168167053,0.0,0.0,0.0035398705200922133,0.003539874981155905,0.0076052568029298575,0.007605266355710175,0.0,0.0,0.0,0.0,0.0,0.0,0.0,0.0,0.0044555294588435644,0.004455533681332908,0.0054674260117085136,0.005467432026267715,0.004510515809625122,0.004510519109410917,0.004878057974329332,0.004878060371509623,0.005378559280338598,0.0053785636528590666,0.009467613994406453,0.009467658031676438,0.009075530742882136,0.009075553390222245,0.0,6.728843089265064e-10,0.006130311677641943,0.0061303172327856845,0.011888135475337439,0.011888152053029,1.0101212896984703e-09,2.003464382812809e-09,7.850192189922829e-10,1.6221151279832338e-09,1.7938121770404404e-09,2.8327991198233777e-09,0.0,3.216551925544977e-10,0.008302906508533648,0.008302930470820551
2024-08-23,0.008413845112532159,2.5241535337596473e-06,0.0,4.3413960599229477e-10,0.050068088929089635,0.050068115612707104,0.04549808124254859,0.04549814892930475,0.10975107296678119,0.11395778699632074,0.7042093631202423,0.7000024405639762,0.004457083990372308,0.004457089110656184,0.004081912108782565,0.004081917414756549,0.0009297990977374765,0.0009298030610247535,0.0,0.0,0.0034273650913435694,0.0034273698810112162,0.007527772458362214,0.0075277805044393,0.0,0.0,0.0,0.0,0.0,0.0,0.0,0.0,0.004295282770932671,0.004295287321239211,0.005237850570070656,0.005237856313807957,0.0042634956729997705,0.004263499429157132,0.005002874375290692,0.0050028774440837726,0.005585791794851496,0.0055857966784153695,0.009866625106991656,0.009866645123585677,0.009178206730667597,0.009178219581883387,0.0,0.0,0.006340330740673483,0.006340336649925391,0.012056987560827997,0.012056998146296061,1.392726692623855e-10,1.0295733502268454e-09,0.0,7.747579790503439e-10,8.81010299093152e-10,1.791020162586474e-09,0.0,0.0,0.008222014651151011,0.008222027207917955
2024-08-30,0.018980830257416592,5.6942490772249775e-06,0.0,0.0,0.05012089123573439,0.050120905992689216,0.04544901204138597,0.04544918031770813,0.10020534264534606,0.10969550803479051,0.7140896360378851,0.7045992209091765,0.004416835156314215,0.004416838002828804,0.004105885180749721,0.004105888202076668,0.0009403929357880614,0.0009403956264460132,0.0,0.0,0.003422101504422734,0.0034221041890324347,0.007334288459954122,0.007334293102507185,0.0,0.0,0.0,0.0,0.0,0.0,0.0,0.0,0.004329910566661802,0.004329913067913716,0.005252788851756101,0.005252792122893672,0.0042116246760499085,0.004211626638458764,0.00503808842825345,0.005038089963517507,0.005612973212929296,0.005612975930927618,0.00946718819176708,0.009467199601720076,0.009196256937942982,0.009196265303552543,0.0,0.0,0.006415692526815448,0.006415695904577868,0.012088552103002831,0.012088558791980912,0.0,1.3958764700810355e-10,0.0,0.0,4.894508138644349e-10,8.993514147612301e-10,0.0,0.0,0.008302538817790125,0.008302547258262372
2024-09-06,0.022590217399265575,6.777065219779672e-06,0.0,0.0,0.05035789968931512,0.05035790057883454,0.043618676976442124,0.045681102953074905,0.09113703158521344,0.10036970781862281,0.7259760313953055,0.7146809226956727,0.0043961709146307934,0.00439617112276496,0.004145669905638587,0.0041456701250241635,0.000950449192671715,0.000950449352345838,0.0,0.0,0.0034755218861637943,0.0034755220799584383,0.007332319339874203,0.007332319675689669,0.0,0.0,0.0,0.0,0.0,0.0,0.0,0.0,0.004397120062956839,0.004397120250015624,0.0052107453139338955,0.005210745553901194,0.004231249779755494,0.00423124993468792,0.00495053626919222,0.0049505363857457975,0.005300187523984893,0.005300187717051933,0.009183727898888917,0.009183729034079238,0.008990234430808531,0.008990235185385404,0.0,0.0,0.006304879084630913,0.006304879339083142,0.012021318462864725,0.012021319076445923,0.0,0.0,0.0,0.0,3.621914517694887e-10,5.025063421672697e-10,0.0,0.0,0.008020229925536793,0.008020230619109388
2024-09-13,1.238921369231902e-07,3.716764107695706e-11,0.0,0.0,0.05045797093986385,0.05045797421456375,0.04374125705056597,0.04374126314401542,0.09121129889272778,0.09121130256237482,0.7262872100076881,0.7262871480616196,0.004282767030810936,0.004282769853354985,0.004053931837247151,0.004053934775741269,0.0009268208600528238,0.0009268243152536447,0.0,0.0,0.0034518009865258143,0.0034518038508426895,0.0070245720237136775,0.00702457563362607,0.0,0.0,0.0,0.0,0.0,0.0,0.0,0.0,0.004382238584073586,0.004382241232767177,0.005124164145932212,0.0051241670769633365,0.004047354742896243,0.0040473571332643255,0.004947499072240168,0.004947500980837011,0.005326702592845106,0.005326705257960808,0.009572994375087232,0.009572999404461614,0.009002607361016756,0.009002611645583738,0.0,0.0,0.0062888674471700086,0.0062888704050264,0.012088780350119425,0.012088784286388337,0.0,0.0,0.0,0.0,0.0,3.584205847195648e-10,0.0,0.0,0.007781161699423114,0.007781165806934291
2024-09-20,2.5563582227395784e-08,7.669074668218734e-12,0.0,0.0,0.05039279634822799,0.05039279690756216,0.04380115232203092,0.04380115348133006,0.09109053824006502,0.09109053879058594,0.7252551370727547,0.7252551242909635,0.004304884514211847,0.004304885156033787,0.004073979923794174,0.004073980595518289,0.0009278725129320723,0.0009278735976177411,0.0,0.0,0.0034326891277850187,0.003432689811596505,0.007062436553951026,0.00706243731903827,0.0,0.0,0.0,0.0,0.0,0.0,0.0,0.0,0.004446020438299082,0.004446021045497743,0.00507811899985244,0.005078119635653314,0.0040169690706789865,0.0040169696363771155,0.005132601838105277,0.005132602291250731,0.005515559054483416,0.0055155596357464335,0.009647253989668958,0.009647254879083064,0.009146384079129837,0.009146384879206302,0.0,0.0,0.006423715254085981,0.006423715879948632,0.012219901689628035,0.012219902407239542,0.0,0.0,0.0,0.0,0.0,0.0,0.0,0.0,0.008031988970315347,0.008031989759750842
2024-09-27,7.471349690508534e-08,2.24140490715256e-11,0.0,0.0,0.050213794936123435,0.05021380132745409,0.043538547889970636,0.04353854868914414,0.09069979938767866,0.09069980337881152,0.7218355462078035,0.7218355088510551,0.00477555727126776,0.004775558525005553,0.004460070645386087,0.004460071886050697,0.0010093289434093121,0.001009329804960617,0.0,0.0,0.0037912167340735255,0.003791217840594936,0.0078004163804323,0.007800418812454414,0.0,0.0,0.0,0.0,0.0,0.0,0.0,0.0,0.005085439593251259,0.005085440798540186,0.00541032049236485,0.005410321787319382,0.004662270304892482,0.00466227137579257,0.00555699720690422,0.005556997925965107,0.005752226677912108,0.005752227836788976,0.009688700594211544,0.009688705049780403,0.009022360316386722,0.009022363094928635,0.0,0.0,0.006414448587717767,0.006414449927520413,0.012487267704728043,0.012487270542986761,0.0,0.0,0.0,0.0,0.0,0.0,0.0,0.0,0.007795690125485689,0.00779569254484644
2024-09-30,0.015090455630592317,4.527136689177695e-06,1.9451086571037703e-10,0.0,0.04992456181245821,0.04992456150937004,0.04311087069296266,0.043110868867099465,0.09793745837941269,0.09039223484187509,0.7136332405470367,0.7211784657680175,0.0050679228998517555,0.00506792308281146,0.004833075652015876,0.004833075845062,0.0010976802516076427,0.0010976806416652556,1.7708715688850012e-10,0.0,0.004175827743988493,0.004175827957555839,0.0077611442627462,0.007761144516506905,1.844555213575744e-10,0.0,1.834542810345292e-10,0.0,1.9255680052982929e-10,0.0,1.8974035194800858e-10,0.0,0.005445430758870355,0.005445430924254276,0.00568963856361519,0.005689638724285712,0.005034357804999639,0.005034357976954641,0.005744635259972132,0.005744635362725991,0.005743076384885993,0.005743076522507503,0.009521864976666808,0.009521865142403883,0.008873905383336869,0.008873905516029065,1.9564994006053254e-10,0.0,0.006422246988012187,0.006422247119980614,0.012374185667465953,0.01237418572830341,1.8810738450835863e-10,0.0,2.0507762761084658e-10,0.0,2.632734918083004e-10,0.0,1.7489385031008203e-10,0.0,0.0076088738212873605,0.007608873952591197
2024-10-11,0.020379737987635003,6.1139213962905e-06,0.0,1.9078110919050138e-10,0.059946126953411887,0.049756258013975166,0.04310369029870748,0.04310369024432659,0.08702150532984075,0.09721136352775576,0.7112172113221304,0.7112172114171367,0.005330731412300812,0.005330731990953786,0.005073115048606635,0.005073115620617626,0.00115519586192441,0.0011551966916616594,0.0,1.8418582386161902e-10,0.004861231857266119,0.00486123244201123,0.007953838886043244,0.007953839671802854,0.0,2.353712487180697e-10,0.0,2.1429152433349859e-10,0.0,2.1537092494738197e-10,0.0,2.448156053062139e-10,0.006000488404982751,0.006000488951186097,0.006365077770887216,0.006365078352119152,0.005073255361131307,0.005073255898436556,0.005949934398205715,0.0059499347990342715,0.005488098209052876,0.005488098659321654,0.009661162338730338,0.009661163010432301,0.009008777449842117,0.009008778026205167,0.0,1.932691227801125e-10,0.006392043770949152,0.006392044249602694,0.012255534295758,0.012255534787272938,0.0,1.863679657373414e-10,1.077949705026495e-10,2.0769160415786828e-10,2.2880161722070037e-10,2.571248803194755e-10,0.0,1.7644289503818561e-10,0.008142980693632182,0.00814298134043492
2024-10-18,0.18633582015883762,5.590074604765128e-05,0.0,0.0,0.13222159032894573,0.06009381787224545,0.06425601157350633,0.04321587404138235,0.08752498455097638,0.0875249845289658,0.6180356569569454,0.7112035670195068,0.005041541530804013,0.005041541529389499,0.004823274177165292,0.00482327417585386,0.0011253837964669182,0.001125383812651325,0.0,0.0,0.004462517143866408,0.00446251714319307,0.007861695105074,0.007861695105746901,0.0,0.0,0.0,0.0,0.0,0.0,0.0,0.0,0.005867735569292664,0.005867735566326743,0.006192662660800972,0.006192662658394441,0.004661447147693464,0.004661447145536265,0.005718946652070167,0.0057189466444370375,0.005715947532908053,0.005715947528143447,0.009797624152530944,0.009797624149006727,0.009421944081787748,0.00942194407659872,0.0,0.0,0.006479451808373765,0.006479451802998554,0.012754398059856103,0.012754398050551282,0.0,0.0,1.1693373592358957e-10,1.046366777736886e-10,2.3179330136393648e-10,2.245847732762955e-10,0.0,0.0,0.008037186822208768,0.00803718681985026
2024-10-25,1.292311643775754e-09,3.8769349313272615e-13,0.0,0.0,0.1316244544422078,0.13162445387214702,0.06396884859645394,0.06396884854000999,0.08736419562860648,0.08736419562952229,0.6174466029895312,0.6174466033029165,0.005228053955294738,0.005228053981735176,0.00509382286679618,0.005093822894050561,0.0011978808155380847,0.0011978809206106798,0.0,0.0,0.004762916363308051,0.004762916393455122,0.00783957214925205,0.007839572162611176,0.0,0.0,0.0,0.0,0.0,0.0,0.0,0.0,0.0061296074085842225,0.006129607428477057,0.006602110648054044,0.006602110667342286,0.00485615292071131,0.004856152948061753,0.00580479243688167,0.005804792451865478,0.0059526584225049715,0.0059526584284868315,0.009678835307149525,0.00967883531974947,0.009161513584010544,0.009161513593460088,0.0,0.0,0.0063503170254522725,0.006350317040922253,0.012932366771242798,0.012932366762758617,0.0,0.0,1.268705570746676e-10,1.1977139940182116e-10,2.374121637649324e-10,2.3334438404312934e-10,0.0,0.0,0.008005297304137293,0.008005297308701814
2024-11-01,8.56447822649088e-10,2.5693434679472635e-13,0.0,0.0,0.13170858608222574,0.13170858574890995,0.06396183943450423,0.0639618393642701,0.08732041098762008,0.08732041098404336,0.6171478146450822,0.6171478147766669,0.005172340613815026,0.005172340638055948,0.0052495394389968,0.005249539462786264,0.0012478097381660226,0.001247809835986195,0.0,0.0,0.00473730083412214,0.004737300861770216,0.007639880201755404,0.00763988021347382,0.0,0.0,0.0,0.0,0.0,0.0,0.0,0.0,0.00627608445946723,0.006276084476520242,0.006765599866964473,0.006765599883508616,0.004852797672794945,0.004852797697729286,0.005763567446813511,0.005763567460227958,0.00589978702475002,0.005899787029237902,0.009734148924678705,0.00973414893534739,0.009178175105411699,0.009178175113169375,0.0,0.0,0.006296701494224414,0.006296701508030249,0.01315624730417358,0.013156247294686197,0.0,0.0,1.3403127205005315e-10,1.2678289941318344e-10,2.421099334535127e-10,2.377483901053311e-10,0.0,0.0,0.007891368348292712,0.007891368351048783
2024-11-08,3.1426533689958723e-10,9.427960106987616e-14,0.0,0.0,0.1315162697691228,0.1315162697150504,0.063862923544052,0.06386292350336752,0.08700853339705843,0.08700853341166032,0.6144391887787793,0.6144391887939025,0.005508150145460244,0.0055081501553325635,0.005524572741221013,0.005524572751015918,0.0013032069502333697,0.0013032070233717928,0.0,0.0,0.005124823587800549,0.005124823599878277,0.007878548700167576,0.007878548700810364,0.0,0.0,0.0,0.0,0.0,0.0,0.0,0.0,0.007308674696635406,0.007308674700558399,0.007143977944524369,0.007143977949385798,0.005323946332131237,0.005323946341298915,0.0059273978212797465,0.005927397821035574,0.005545506345992509,0.005545506337856634,0.010051692130297498,0.010051692132437486,0.009361019451153462,0.009361019450622565,0.0,0.0,0.006254896800943671,0.0062548968027330894,0.012575356576500047,0.012575356556882434,0.0,0.0,1.481908383094895e-10,1.3481191291429588e-10,2.5792485242128506e-10,2.474824107899219e-10,0.0,0.0,0.008341313880531125,0.008341313870505294
2024-11-15,3.435242612855323e-10,1.0305727838565968e-13,0.0,0.0,0.1319409348748334,0.13194093480277339,0.06415889734019378,0.06415889730005432,0.08719966998619512,0.08719966999338125,0.6153717189124113,0.6153717189359874,0.00535352842974398,0.005353528440371765,0.005389679285748484,0.005389679296251239,0.0012766612123221808,0.0012766612919250869,0.0,0.0,0.005090680395448875,0.005090680407944319,0.007664964048084383,0.007664964051454831,0.0,0.0,0.0,0.0,0.0,0.0,0.0,0.0,0.0067860176155924035,0.006786017620012907,0.006966116757924374,0.0069661167627858575,0.005042127974935691,0.005042127985598213,0.005577247652208136,0.005577247653476851,0.005418262746162909,0.005418262739951904,0.010204514721482615,0.010204514722333203,0.00972468204173233,0.009724682039732282,0.0,0.0,0.00615060026308975,0.00615060026542661,0.01220312962056881,0.012203129601575267,0.0,0.0,1.578687257914698e-10,1.4480256262417981e-10,2.693334750494178e-10,2.598095175222786e-10,0.0,0.0,0.00848056569411926,0.00848056568435148
2024-11-22,4.772701874403783e-10,1.4318105623211346e-13,0.0,0.0,0.13202107669489827,0.13202107651003808,0.06417665464417606,0.06417665462288985,0.08718493346885398,0.08718493347896301,0.6151340482509425,0.6151340482742802,0.0052839269346323355,0.005283926950595646,0.005298204237527747,0.005298204253483183,0.0012728378898485089,0.001272837982828346,0.0,0.0,0.004942881637800689,0.004942881656396522,0.007783394372662078,0.007783394384425636,0.0,0.0,0.0,0.0,0.0,0.0,0.0,0.0,0.006631550701263384,0.0066315507101002424,0.006775667604532892,0.006775667613635761,0.004939050981158038,0.004939050997726225,0.00562462957892642,0.005624629585016464,0.005602964181559099,0.005602964181179729,0.010021524484295522,0.010021524486827634,0.009649737616147722,0.009649737616446252,0.0,0.0,0.006173393315878993,0.006173393322380768,0.012738496603378696,0.012738496588193914,0.0,0.0,1.680350589790923e-10,1.604263174009603e-10,2.660964222349457e-10,2.6217106560724407e-10,0.0,0.0,0.008745026367385578,0.008745026361995086
2024-11-29,3.5251135067911055e-10,1.0575340520373315e-13,0.0,0.0,0.13224600835208591,0.13224600831029315,0.06445095542395271,0.06445095539137592,0.08731326076439642,0.08731326080756374,0.6156665755059078,0.6156665754648635,0.005137916063625011,0.005137916074227684,0.005107910809922088,0.005107910820741535,0.0012380665720581692,0.001238066646053199,0.0,0.0,0.00473457710061687,0.004734577113737144,0.007710767183103915,0.007710767182253043,0.0,0.0,0.0,0.0,0.0,0.0,0.0,0.0,0.0063513481500671815,0.006351348155385079,0.006544149504073893,0.006544149509659969,0.004801073905294049,0.004801073915883714,0.005540028099114795,0.005540028099420852,0.005393838441365699,0.005393838432809223,0.010195446902818865,0.010195446904404477,0.009981083000675826,0.009981082999745927,0.0,0.0,0.006270877501671309,0.006270877502837032,0.012608887213819668,0.012608887195171972,0.0,0.0,1.7727183335111715e-10,1.654683848709954e-10,2.7193808412601306e-10,2.6389503592399104e-10,0.0,0.0,0.008707229056219916,0.008707229044209607
2024-12-06,3.125695492655997e-10,9.37708647796799e-14,0.0,0.0,0.1323124822761161,0.13231248225708295,0.06472033500196643,0.06472033497704219,0.08720603822231246,0.0872060382587004,0.6139185385214159,0.61391853847202,0.00518532442476433,0.005185324434187983,0.0052136968487652,0.005213696858191015,0.0012741529228095531,0.0012741529913620799,0.0,0.0,0.00482851265980945,0.004828512671341909,0.00786287834455896,0.0078628783422244,0.0,0.0,0.0,0.0,0.0,0.0,0.0,0.0,0.00656686306394176,0.006566863068274804,0.006604156890464954,0.006604156895340846,0.004832987359770402,0.0048329873691799075,0.005578233751882133,0.005578233751474465,0.005576863002982431,0.005576862993484413,0.010515684921025134,0.010515684922956164,0.010201261761260596,0.010201261760573737,0.0,0.0,0.006540350846026898,0.0065403508464399246,0.0126938381057312,0.012693838087454341,0.0,0.0,1.862683010172703e-10,1.752315935743395e-10,2.6721022977961235e-10,2.5822294106033117e-10,0.0,0.0,0.008367800620917491,0.008367800609214014
2024-12-13,6.182087767972551e-10,1.8546263303917652e-13,0.0,0.0,0.13239242356639824,0.13239242357513437,0.06510143771120001,0.06510143771494052,0.08702064021928076,0.08702064024090266,0.6118096887487638,0.6118096884683119,0.0053083250797675416,0.005308325101773675,0.005367114532017153,0.005367114553814047,0.0013118102908404863,0.001311810398597352,0.0,0.0,0.004967882378129589,0.004967882403064524,0.007992983181299096,0.0079929831986442,0.0,0.0,0.0,0.0,0.0,0.0,0.0,0.0,0.00670819034568226,0.006708190359617677,0.00677117246154466,0.006771172475933275,0.005078097277934942,0.0050780972998185495,0.00582965962661863,0.005829659636969326,0.005665209733784606,0.005665209735280402,0.01070546110720673,0.01070546111318298,0.010159665592006454,0.010159665595320022,0.0,0.0,0.006547610873655953,0.006547610883478034,0.012914482330408324,0.012914482314499879,0.0,0.0,1.9393739823870405e-10,1.8887554571891886e-10,2.685154411665791e-10,2.6476569956165056e-10,0.0,0.0,0.008348144481007758,0.008348144477075508
2024-12-20,5.655587911061883e-10,1.6966763733185645e-13,0.0,0.0,0.13314199071910954,0.13314199071208252,0.0654050248839659,0.06540502490100715,0.08722564489154729,0.08722564490583254,0.6135055952586892,0.6135055950167851,0.005209373629488173,0.005209373649091523,0.00520711576198295,0.005207115781761593,0.0012587921809008064,0.0012587922864462481,0.0,0.0,0.00480992869198382,0.004809928714907603,0.007933793526767421,0.00793379354084028,0.0,0.0,0.0,0.0,0.0,0.0,0.0,0.0,0.0063994151198719495,0.006399415132338489,0.006485736493453666,0.0064857365061869576,0.004845246953576086,0.004845246974070987,0.005673684653865081,0.005673684662343195,0.005359051627835072,0.005359051628418921,0.010846976326974523,0.0108469763310097,0.009843265212875603,0.009843265215171109,0.0,0.0,0.006395503448368753,0.00639550345681009,0.01259007651672404,0.012590076499125968,0.0,0.0,2.0135177700008157e-10,1.9510698994696903e-10,2.662404912483443e-10,2.6125471591361123e-10,0.0,0.0,0.007863783634427825,0.007863783629408028
2024-12-27,8.013596175166485e-09,2.404078852549945e-12,0.0,0.0,0.13297205265313883,0.13297205294609227,0.06548977309027242,0.06548977338450729,0.08714808141393025,0.08714808167313884,0.6128562367585532,0.6128562327517552,0.0052583491814382445,0.0052583493892800716,0.005183236083062895,0.005183236293060518,0.0012467516354536818,0.0012467520865247703,0.0,0.0,0.004792827682510455,0.00479282790163386,0.007981603390111948,0.007981603642388663,0.0,0.0,0.0,0.0,0.0,0.0,0.0,0.0,0.006423393191444011,0.006423393383488657,0.006496103366105872,0.006496103565347162,0.004809943400257552,0.0048099435965034375,0.005754166901665825,0.005754167031183473,0.0053825302540523945,0.005382530397949126,0.011087954705626811,0.011087954912386748,0.010026890752231028,0.010026890923048641,0.0,0.0,0.0064584481648460035,0.006458448315058812,0.012691790982627536,0.012691791106157948,0.0,0.0,1.428108582516015e-10,2.002628866319518e-10,2.1738294396355545e-10,2.755174009181812e-10,0.0,0.0,0.007939866032477438,0.007939866224714596
2025-01-03,2.940171148351542e-07,8.820513445054625e-11,0.0,0.0,0.13345242207585917,0.1334525077371569,0.06612461195664797,0.06612461900519326,0.0873895679025782,0.08738957243909917,0.6135145984246103,0.6135144514160531,0.005050023963459894,0.005050027318991105,0.004891685370427475,0.00489168873329059,0.0011738205118452733,0.0011738241855359336,0.0,0.0,0.004470564812956844,0.004470568221937673,0.00789786727037959,0.007897871865901188,0.0,0.0,0.0,0.0,0.0,0.0,0.0,0.0,0.0059045384310783275,0.005904541673493181,0.006148606416769124,0.0061486098869433835,0.00467282674251126,0.004672829716614028,0.005633475799146005,0.00563347768371348,0.005404296223078759,0.005404298632400784,0.010946089631804132,0.01094609416770488,0.009956122605925646,0.009956125973997254,0.0,0.0,0.006418417726422427,0.006418420131043139,0.01277946513932001,0.012779467773169094,0.0,0.0,0.0,1.4589070397104164e-10,0.0,2.2174536640883778e-10,0.0,0.0,0.008170998995179401,0.008171003070126014
2025-01-10,1.1706425712587794e-07,3.511927713776338e-11,0.0,0.0,0.13330643659740304,0.1333064746538008,0.06612064419519983,0.0661206458919909,0.08748001488424104,0.0874800160114109,0.6135728384909206,0.613572779958792,0.0049929989585322946,0.004993000161133873,0.004806959729263111,0.004806960937558396,0.0011480600534740943,0.0011480616750785615,0.0,0.0,0.0043629932355027535,0.004362994472114313,0.00766678610127152,0.007666787658423852,0.0,0.0,0.0,0.0,0.0,0.0,0.0,0.0,0.005726673514309328,0.005726674654087835,0.006041877597021008,0.006041878801853331,0.004548669198736409,0.004548670290729766,0.005544177707852201,0.005544178426125711,0.0054993949603462594,0.005499395844521013,0.010995555884999461,0.010995557359887699,0.009966864861807688,0.009966866011607654,0.0,0.0,0.006882455158526564,0.00688245602777572,0.012963795110101562,0.012963796016491105,0.0,0.0,0.0,0.0,0.0,0.0,0.0,0.0,0.008372803760491068,0.008372805146616348
2025-01-17,0.009585028360745733,2.8755085082237194e-06,0.0,0.0,0.1283105053004092,0.1331030188052608,0.06604254820276781,0.06604254827097185,0.08716496803912292,0.08716496807456324,0.6176370270469467,0.6128445128665737,0.005011832093099261,0.005011832132227983,0.004877455167049401,0.004877455206258109,0.0011727031858860839,0.0011727032260177143,0.0,0.0,0.004444263867238727,0.004444263906668354,0.007727817869848474,0.007727817916118432,0.0,0.0,0.0,0.0,0.0,0.0,0.0,0.0,0.0058214504450983745,0.00582145048339866,0.006059664966117151,0.006059665006064758,0.004525976799030142,0.004525976834571498,0.005602374220058905,0.005602374245083087,0.005541432727257317,0.005541432755353951,0.010956735178888823,0.01095673522825394,0.009987410704130213,0.009987410744664962,0.0,0.0,0.007145004313670289,0.007145004348225502,0.01307075110403296,0.013070751134269521,0.0,0.0,0.0,0.0,0.0,0.0,0.0,0.0,0.008900078769347348,0.008900078815453807
2025-01-24,0.0016489576699327047,4.946873009798114e-07,0.0,0.0,0.12728789893906384,0.12811237541944848,0.06592632687448521,0.06592632703476027,0.08714817106762109,0.08714817114198005,0.6180425525111982,0.6172180736762318,0.0050229992070944356,0.0050229993550194125,0.004914636321986927,0.004914636470725025,0.0011787705250989012,0.001178770672300073,0.0,0.0,0.004533236195771949,0.004533236346312152,0.007676704311350454,0.007676704482963941,0.0,0.0,0.0,0.0,0.0,0.0,0.0,0.0,0.005864393474236324,0.00586439361795994,0.006048306613678835,0.00604830676290984,0.004492918699000473,0.004492918833708208,0.005602170701666763,0.005602170794776918,0.005446209620161513,0.005446209725294109,0.011017453449936177,0.011017453628174925,0.010033445410247976,0.010033445556758802,0.0,0.0,0.008037876085911675,0.008037876224195904,0.013198195560157212,0.01319819566406129,0.0,0.0,0.0,0.0,0.0,0.0,0.0,0.0,0.00852773443133195,0.008527734592418677
2025-01-27,1.1773427488121803e-06,3.5320282464365406e-10,0.0,0.0,0.1270839748352136,0.12708455909033825,0.06581664306563398,0.0658166433395699,0.08712969360563749,0.08712969374568001,0.6176895829311654,0.617688994259791,0.005061246851519546,0.00506124712777769,0.004971539747495792,0.004971540025868932,0.001201805490446411,0.0012018058033574548,0.0,0.0,0.004601204013135181,0.004601204296246843,0.007709866381874064,0.007709866716884519,0.0,0.0,0.0,0.0,0.0,0.0,0.0,0.0,0.005930123866022558,0.005930124132797177,0.006093969790870182,0.006093970067855213,0.004507753042078891,0.004507753293777025,0.005681663576348479,0.005681663750966682,0.005467095807133796,0.005467096005188906,0.011028449892039502,0.011028450223475775,0.010068433684455924,0.010068433953585016,0.0,0.0,0.008134914288308466,0.008134914543556875,0.013256472194232679,0.013256472385474513,0.0,0.0,0.0,0.0,0.0,0.0,0.0,0.0,0.008565566936388033,0.008565567237808195
2025-02-07,0.006240185150899631,1.872055545269889e-06,0.0,0.0,0.1243658565431648,0.12748594803823005,0.06606587646623018,0.0660658765539561,0.08715687526082189,0.08715687532425187,0.6205882550137782,0.6174681624383285,0.005059960246113492,0.005059960309124373,0.0050438104826176396,0.005043810546422252,0.0012182388671510005,0.0012182389253431077,0.0,0.0,0.0045877021526746576,0.004587702216405813,0.007636732909669886,0.007636732983154879,0.0,0.0,0.0,0.0,0.0,0.0,0.0,0.0,0.0058709144645448744,0.005870914526583144,0.006266101018854432,0.006266101084855344,0.004456564137975425,0.00445656419369296,0.005905678381852173,0.005905678422222197,0.005678311286330173,0.0056783113337211585,0.010877221684099582,0.010877221766262707,0.00998550636528885,0.00998550643136948,0.0,0.0,0.007290985539276321,0.007290985596618635,0.013634870757445504,0.013634870815786865,0.0,0.0,0.0,0.0,0.0,0.0,0.0,0.0,0.008310538422110733,0.008310538493670545
2025-02-14,0.003440060946494763,1.032018283948429e-06,0.0,0.0,0.12221875390363555,0.12393878273289924,0.0659217039975476,0.06592170412560319,0.08711634510697931,0.08711634521262958,0.6219019214303088,0.6201818909570612,0.005148264298123431,0.005148264394128465,0.005186173099632811,0.00518617319728139,0.001255515830981451,0.0012555159135055215,0.0,0.0,0.00470503575229465,0.004705035849444564,0.007690504523874546,0.007690504637113681,0.0,0.0,0.0,0.0,0.0,0.0,0.0,0.0,0.00600941858346184,0.006009418678716791,0.006316107219261574,0.006316107320063948,0.0045808558790703885,0.004580855963100547,0.00628641845136107,0.006286418512804609,0.005667500661471727,0.0056675007334615595,0.010684426848671,0.010684426972821,0.009859057494660893,0.009859057594136302,0.0,0.0,0.007231817092251144,0.007231817179276852,0.013980860443814688,0.013980860533918192,0.0,0.0,0.0,0.0,0.0,0.0,0.0,0.0,0.008239319382597669,0.008239319492033145
2025-02-21,0.020244076967417573,6.073223090225271e-06,0.0,0.0,0.11154827252117339,0.12167030629270373,0.0655825707494835,0.06558257151582858,0.0869491479637433,0.08694914828297812,0.6322244831652024,0.6221024446814937,0.005170499442161145,0.005170499678035211,0.005226062707274837,0.005226062949929459,0.0012767775612929381,0.0012767778277939675,0.0,0.0,0.004813371003527449,0.004813371246832219,0.007583164403769563,0.007583164722963442,0.0,0.0,0.0,0.0,0.0,0.0,0.0,0.0,0.005946091627152866,0.00594609185749098,0.006359579320682889,0.006359579572945381,0.004563726576939102,0.00456372677196613,0.00641086931981491,0.0064108694509526915,0.005746133505519724,0.005746133676460229,0.010685205832710282,0.010685206183516087,0.009868855368435892,0.009868855610082224,0.0,0.0,0.007537189694357159,0.007537189902194372,0.014086158851828314,0.014086159087625843,0.0,0.0,0.0,0.0,0.0,0.0,0.0,0.0,0.008421840384930298,0.008421840688207718
2025-02-28,0.03696409267003363,1.1089227801010087e-05,0.0,0.0,0.10104013696703479,0.11140574277045114,0.05959500010531036,0.06535709133303053,0.08455939297863706,0.08691368494410483,0.6517372856307606,0.6332552392957438,0.005236970428858848,0.0052369742003407745,0.005301081681048743,0.005301085602271058,0.0013123821776327349,0.0013123849434308042,0.0,0.0,0.004881904946301681,0.004881908838736931,0.007608856954059908,0.0076088622531350954,0.0,0.0,0.0,0.0,0.0,0.0,0.0,0.0,0.0060874457653403045,0.006087449544932911,0.00638078853664658,0.006380792686994729,0.004651724781573767,0.004651727708283549,0.006760153453237698,0.006760155411145665,0.005597520661301862,0.005597523093908064,0.010332401033876731,0.01033240767661807,0.009473547042465724,0.009473551025802555,0.0,0.0,0.007538894554756033,0.007538897675136856,0.013835231714685432,0.013835235348111803,0.0,0.0,0.0,0.0,0.0,0.0,0.0,0.0,0.008069280586471146,0.008069285647820853
2025-03-07,0.03568645731241296,1.0705937193723887e-05,0.0,0.0,0.08877426908317894,0.10119948305543897,0.05960897712173708,0.05960898090575832,0.07914811289570056,0.08456608613835284,0.6697881282605868,0.6519448996043804,0.005214202572722412,0.005214204984816532,0.005310292092885418,0.005310294613802719,0.0013195513869459362,0.0013195532897012213,0.0,0.0,0.004835938013735317,0.004835940498067098,0.007534065007737372,0.007534068277220229,0.0,0.0,0.0,0.0,0.0,0.0,0.0,0.0,0.006066638707361546,0.00606664114693599,0.00651051668839522,0.00651051940802801,0.0046579208012821425,0.004657922671652962,0.006889462156396133,0.00688946356191795,0.005688349045492081,0.00568835065157243,0.010052991583925907,0.010052995993262077,0.009206067860457665,0.009206070649543147,0.0,0.0,0.007632405271619267,0.007632407549377317,0.013927969776192387,0.013927972237640493,0.0,0.0,0.0,0.0,0.0,0.0,0.0,0.0,0.00783414167364763,0.007834144762531317
2025-03-14,0.037022147902627665,1.1106644370788298e-05,0.0,0.0,0.07387249881315731,0.08871223746251897,0.05593130893598073,0.05934318766938688,0.07900232740525125,0.07926176375511224,0.689669706769325,0.671158632818011,0.0051659288538752225,0.005165930102802744,0.0052748907241330694,0.005274892047381748,0.0013085508724067125,0.0013085516780494753,0.0,0.0,0.0046978922047141315,0.004697893473830618,0.007667140308849357,0.007667142166343773,0.0,0.0,0.0,0.0,0.0,0.0,0.0,0.0,0.005937918890501189,0.00593792015766621,0.006736832270728893,0.006736833798207704,0.004741406043605439,0.004741406954042029,0.006656519248867525,0.006656519906324298,0.005739850533706312,0.005739851315005354,0.009411501413270202,0.009411504090701274,0.00879755670309056,0.008797558205710054,0.0,0.0,0.007644819478103952,0.0076448207223408044,0.014036014862683717,0.01403601628393537,0.0,0.0,0.0,0.0,0.0,0.0,0.0,0.0,0.007707335667749438,0.007707337392629122
2025-03-21,0.027115621699979903,8.13468650999397e-06,0.0,0.0,0.06732986590149506,0.07361213910851645,0.0522386394772209,0.05580221520950665,0.07514130884892586,0.07885320062048762,0.7015251848740897,0.6879673740240998,0.005243692295040935,0.005243696062131413,0.0053233973996817405,0.005323401388404089,0.0013192307773492045,0.0013192330239100137,0.0,0.0,0.004758309001590192,0.004758312807160937,0.007684647267693158,0.007684653267529237,0.0,0.0,0.0,0.0,0.0,0.0,0.0,0.0,0.0060073739924279175,0.00600737785118386,0.006651505756687464,0.006651510314207131,0.004798831820012578,0.004798834436850917,0.0068779412800593675,0.0068779431337552535,0.005869241182236874,0.005869243363575587,0.00971044183299854,0.009710455535428065,0.008996977070622705,0.008996982246049784,0.0,0.0,0.008075583230176016,0.00807558732798128,0.014493092345711351,0.014493098645643396,0.0,0.0,0.0,0.0,0.0,0.0,0.0,0.0,0.00795473564598025,0.00795474163357848
2025-03-28,0.010235667373177637,3.070700211953291e-06,0.0,0.0,0.06426290835752396,0.06747477286633809,0.05088638504748247,0.05238354635085511,0.0749037474086686,0.07531254738463558,0.7070141231383175,0.7018962894517287,0.005182103792077079,0.005182104190876765,0.005233502136235283,0.005233502553966571,0.001277731615586164,0.0012777318255998058,0.0,0.0,0.0046383329977509645,0.004638333389076439,0.007782222321756321,0.0077822230080528895,0.0,0.0,0.0,0.0,0.0,0.0,0.0,0.0,0.005886746100616264,0.005886746507733633,0.006450444674925421,0.006450445141979696,0.004817650490292532,0.004817650772548639,0.00672820498504707,0.0067282051878266285,0.005888947256089502,0.00588894750070576,0.00978316163977287,0.009783163310627521,0.009008579394490271,0.009008580002182546,0.0,0.0,0.007790453083099749,0.007790453535055844,0.014507795047667625,0.014507795844325858,0.0,0.0,0.0,0.0,0.0,0.0,0.0,0.0,0.007956960512600376,0.007956961175883986
2025-04-03,4.5276877436314054e-07,1.3583063230894215e-10,0.0,0.0,0.06431659930524085,0.0643166189976478,0.05091496062078726,0.05091499580334447,0.07500598766617951,0.07500599917637342,0.7075674565538829,0.7075672301694957,0.005122595760677749,0.0051226058407296505,0.005180430038211644,0.005180440397685567,0.001267186904169047,0.0012671956909062257,0.0,0.0,0.004554323780930679,0.004554333907883625,0.007818319201967428,0.007818333092948835,0.0,0.0,0.0,0.0,0.0,0.0,0.0,0.0,0.0057882642986280914,0.005788274289485985,0.006293345753185897,0.006293356352944081,0.00474984189727117,0.004749850193195674,0.006607041204074384,0.00660704750553913,0.005915647468178429,0.005915654770259321,0.009542357602161222,0.0095423742851632,0.008803495423808254,0.008803507540272678,0.0,0.0,0.00762581042308354,0.007625820833896806,0.014976574166785935,0.014976586503297962,0.0,0.0,0.0,0.0,0.0,0.0,0.0,0.0,0.007949761930776065,0.007949774648929953
2025-04-11,0.039792007939072505,1.193760238172175e-05,0.0,0.0,0.06496585668732585,0.06496585779501302,0.051584401866525124,0.05158440198455072,0.09526930746330527,0.07537330349376914,0.6896594389538077,0.7095554260145926,0.004942742641187971,0.0049427436097692345,0.004878805215990187,0.004878806203837101,0.0011704034228697448,0.0011704049945743897,0.0,0.0,0.00412186277275004,0.004121863779520693,0.007652935959947409,0.007652937193325569,0.0,0.0,0.0,0.0,0.0,0.0,0.0,0.0,0.005478433541302021,0.005478434477901347,0.006230083044145182,0.006230084006583796,0.0049262405772252625,0.004926241405811197,0.0059839982796473495,0.005983998967491565,0.005605382865878364,0.005605383669271535,0.00948024273931859,0.009480244010312359,0.008594759373804623,0.008594760532089697,0.0,0.0,0.007295938339136415,0.007295939359772726,0.015305271991568576,0.015305273184792629,0.0,0.0,0.0,0.0,0.0,0.0,0.0,0.0,0.006853894264264346,0.006853895317020876
2025-04-18,1.6827977569714055e-06,5.048393270914216e-10,0.0,0.0,0.0648747958132825,0.06487479795765533,0.05160994260805273,0.05160994364966543,0.09507118969691013,0.0950703482980316,0.6890613849632203,0.6890621852630375,0.004981120793027076,0.004981123171608529,0.004884859002702429,0.00488486141998743,0.0011807327798856089,0.0011807357961294473,0.0,0.0,0.004139407068664039,0.0041394095030703746,0.00773758080706447,0.007737583891381195,0.0,0.0,0.0,0.0,0.0,0.0,0.0,0.0,0.005456393307460243,0.005456395619750288,0.006167743631750827,0.0061677460000256834,0.004891609931218487,0.0048916120046236826,0.0061339581108928115,0.0061339599116649905,0.005701759590299061,0.005701761601792751,0.009241790323667757,0.009241793361454195,0.008353104202723954,0.00835310697856361,0.0,0.0,0.007575846346838086,0.007575848898553702,0.016144115803006856,0.0161441189221833,0.0,0.0,0.0,0.0,0.0,0.0,0.0,0.0,0.0067926652193325806,0.006792667750820825
2025-04-25,2.593656137084288e-08,7.780968411252863e-12,0.0,0.0,0.06467483170720457,0.06467483209108582,0.051470893709137135,0.051470893880059904,0.0949642151308776,0.09496420216259681,0.6888656755992374,0.6888656818522417,0.005003401100079927,0.0050034014788473136,0.004932858062811408,0.004932858448962379,0.0011978917325067083,0.0011978923517819123,0.0,0.0,0.004212679971848058,0.004212680367178987,0.007731635452866746,0.007731635949822494,0.0,0.0,0.0,0.0,0.0,0.0,0.0,0.0,0.0054965835714498755,0.0054965839364939945,0.006128056300783673,0.00612805667107936,0.004796086897882659,0.004796087227030257,0.006273932958450557,0.006273933237354851,0.005789695973260951,0.005789696287305313,0.00928151550202005,0.009281515973287925,0.008399452164317518,0.00839945259484513,0.0,0.0,0.007731908757724656,0.007731909156923257,0.016173222218899094,0.01617322274774559,0.0,0.0,0.0,0.0,0.0,0.0,0.0,0.0,0.006875463188641411,0.006875463585356754
2025-04-30,1.366552103746442e-08,4.099656311239326e-12,0.0,0.0,0.06474791386956232,0.06474791417294094,0.05161241495597386,0.051612415077664946,0.09494798149980338,0.09494797466704276,0.6883516001714565,0.6883516023094185,0.004982626548029427,0.004982626811633152,0.004922726584198374,0.0049227268531775925,0.0011928872664765246,0.0011928877464772874,0.0,0.0,0.004200455389304936,0.004200455667891564,0.007695246130457621,0.0076952464688642905,0.0,0.0,0.0,0.0,0.0,0.0,0.0,0.0,0.005481509676772977,0.005481509929560842,0.006098501634594665,0.006098501888959691,0.004751411622106318,0.004751411852661055,0.00626887633364393,0.006268876525832422,0.005730794939404936,0.005730795153621367,0.009571784753980586,0.009571785076665687,0.008624549571249146,0.008624549865701768,0.0,0.0,0.007862845389480453,0.007862845662054063,0.016021646932993943,0.016021647271194327,0.0,0.0,0.0,0.0,0.0,0.0,0.0,0.0,0.006934226730510325,0.0069342269986377245
2025-05-09,9.336561396840887e-09,2.800968419052266e-12,0.0,0.0,0.06470036520941103,0.06470036544093313,0.051471591896572626,0.051471591990652585,0.09482910218242795,0.09482909751414723,0.6867392052927415,0.6867392064947843,0.005073358604598475,0.0050733588005334495,0.005057799735735707,0.005057799935600393,0.00124155936994542,0.0012415597579180397,0.0,0.0,0.004404975839471876,0.004404976047557767,0.00765214152296144,0.007652141766660083,0.0,0.0,0.0,0.0,0.0,0.0,0.0,0.0,0.005620795442489601,0.005620795629390062,0.006579352229147144,0.00657935241766305,0.004779425792890829,0.004779425965556974,0.006472316183970211,0.006472316326346394,0.005673423568332277,0.005673423722728382,0.00977331085553966,0.009773311085558395,0.00879649551391819,0.008796495725316775,0.0,0.0,0.008155172255182065,0.008155172454277488,0.016063896489112165,0.016063896718250016,0.0,0.0,0.0,0.0,0.0,0.0,0.0,0.0,0.006915712015551939,0.006915712206125543
2025-05-16,1.5187601120313088e-09,4.556280336093926e-13,0.0,0.0,0.06449221758306109,0.06449221764633738,0.05132618252558355,0.051326182527308466,0.09485555664097678,0.09485555588159675,0.6867666953012818,0.68676669537549,0.005150170334966513,0.005150170376767054,0.005015960307463208,0.005015960350639726,0.0012220627926511326,0.0012220629319819698,0.0,0.0,0.004427870216204339,0.004427870263885597,0.007827763235299892,0.007827763278350407,0.0,0.0,0.0,0.0,0.0,0.0,0.0,0.0,0.005725240451923167,0.005725240489907276,0.006362643274539448,0.006362643310356112,0.004830314349199456,0.00483031438809428,0.006621713282123425,0.006621713309010563,0.005575600619098164,0.0055756006434331444,0.010250621331290089,0.010250621364619609,0.00906131477458824,0.009061314807147634,0.0,0.0,0.008011567265496965,0.008011567298185288,0.015007199525735697,0.015007199542785354,0.0,0.0,0.0,0.0,0.0,0.0,0.0,0.0,0.00746930618851722,0.007469306214103622
2025-05-23,9.196336134015964e-10,2.758900840204789e-13,0.0,0.0,0.06443342266867506,0.06443342271159601,0.05130018331851421,0.05130018331024776,0.0948161447089681,0.094816144257418,0.6862410917276024,0.6862410917445826,0.005152952939573922,0.005152952967716546,0.005002414987435991,0.005002415016776313,0.0012234108427447423,0.00122341095195711,0.0,0.0,0.004432439810636438,0.004432439843813739,0.007887883243069365,0.00788788326927256,0.0,0.0,0.0,0.0,0.0,0.0,0.0,0.0,0.005603155659534365,0.0056031556848432935,0.00637496158565183,0.006374961608249381,0.004773441472333498,0.004773441499262805,0.006619976391559904,0.006619976407859775,0.005756356776440055,0.005756356788964456,0.010083825990664867,0.010083826008363352,0.009007382826797363,0.009007382844874795,0.0,0.0,0.008268369724733422,0.008268369743338416,0.015816618225070384,0.015816618228268225,0.0,0.0,0.0,0.0,0.0,0.0,0.0,0.0,0.007205967099993749,0.007205967112595049
2025-05-30,8.544888384105082e-10,2.563466515231524e-13,0.0,0.0,0.06437587145267823,0.06437587148877921,0.051214663551004694,0.05121466354299416,0.09478701796419775,0.09478701754496377,0.686203320130921,0.6862033201448486,0.005086593096435612,0.005086593123503556,0.00501550517505238,0.005015505202891803,0.0012297209657748302,0.0012297210704866365,0.0,0.0,0.004372270720191091,0.004372270752268391,0.007778807505491591,0.007778807530575835,0.0,0.0,0.0,0.0,0.0,0.0,0.0,0.0,0.0055597227143622105,0.005559722738510184,0.006416687047821012,0.006416687068968902,0.004760949555902219,0.004760949581633231,0.006605014850535655,0.006605014865862877,0.005719287672705829,0.00571928768436701,0.010430824373523079,0.01043082438971855,0.009200416464016002,0.009200416480540749,0.0,0.0,0.00837260494065768,0.008372604957768147,0.015495306273491709,0.01549530627521393,0.0,0.0,0.0,0.0,0.0,0.0,0.0,0.0,0.007375415545237272,0.00737541555610407
2025-06-06,5.686218679072652e-10,1.7058656037217955e-13,0.0,0.0,0.06442908957625688,0.06442908960699525,0.05123778568105197,0.0512377856626098,0.09479344167057564,0.09479344144435667,0.6855511527661401,0.6855511527337729,0.005103655389069381,0.005103655408092548,0.0050594523339596055,0.005059452353518843,0.00124434017270271,0.001244340261236991,0.0,0.0,0.004441767972340276,0.004441767995577831,0.0078096355124112615,0.007809635527115339,0.0,0.0,0.0,0.0,0.0,0.0,0.0,0.0,0.005690806688868963,0.005690806704827972,0.006439729750342034,0.006439729763756621,0.004755337052742911,0.004755337071072267,0.006675004390625499,0.006675004399199346,0.005892373732140591,0.005892373736112228,0.010287860746233645,0.010287860753728452,0.009157913483568297,0.009157913491928658,0.0,0.0,0.008305516104689258,0.008305516113986649,0.01586502556937197,0.015865025562089227,0.0,0.0,0.0,0.0,0.0,0.0,0.0,0.0,0.007260111406908793,0.007260111410021868
2025-06-13,1.0606824210179083e-09,3.182047263053725e-13,0.0,0.0,0.06441015180578781,0.06441015185256037,0.05132979948102343,0.05132979948064588,0.09471173914936652,0.09471173861940287,0.684792534177214,0.6847925342078757,0.005125140265993575,0.005125140297989868,0.005088666070840142,0.005088666103513861,0.0012492354775427382,0.0012492355910977524,0.0,0.0,0.004473247732976619,0.004473247769792449,0.007839388500170226,0.007839388530470778,0.0,0.0,0.0,0.0,0.0,0.0,0.0,0.0,0.0057468215565233,0.005746821584910054,0.006364077082026932,0.006364077108240438,0.004714380757893805,0.004714380788595284,0.006775950345065543,0.006775950364095634,0.006178019352122171,0.006178019366968284,0.010283133080131231,0.010283133101659712,0.009213708675734344,0.009213708697404479,0.0,0.0,0.008206762067687487,0.008206762089989687,0.015873962242245663,0.015873962249621246,0.0,0.0,0.0,0.0,0.0,0.0,0.0,0.0,0.007623282179654415,0.0076232821951656244
2025-06-20,7.021875485582751e-10,2.1065626456748253e-13,0.0,0.0,0.06453465687013843,0.06453465690879649,0.0514094349824528,0.05140943497452233,0.09481357058255961,0.0948135702615957,0.6852519210673667,0.6852519210481549,0.005067905621694109,0.00506790564475802,0.00499650644711542,0.004996506470902374,0.0012224760432213153,0.001222476140172568,0.0,0.0,0.004397657856972946,0.004397657884540844,0.007801495170620955,0.0078014951895153195,0.0,0.0,0.0,0.0,0.0,0.0,0.0,0.0,0.00561083930709959,0.005610839327150787,0.006390212072428351,0.00639021208974638,0.0045649996260220165,0.004564999649042883,0.006526367883059633,0.006526367895292475,0.006137729046651318,0.006137729053719512,0.01020752075815386,0.010207520769616828,0.009148367793502855,0.009148367805722257,0.0,0.0,0.007971491883560078,0.007971491897185998,0.015810366035000384,0.015810366032012798,0.0,0.0,0.0,0.0,0.0,0.0,0.0,0.0,0.00813648095237954,0.00813648095755152
2025-06-27,5.739074070577194e-10,1.721722221173158e-13,0.0,0.0,0.06440345616318825,0.06440345619664169,0.051258084860503206,0.051258084847052146,0.09469775267255767,0.09469775245492176,0.6841516936389677,0.684151693590381,0.005207187284455233,0.005207187303238358,0.005136590976089877,0.00513659099552058,0.0012620315769257726,0.0012620316667618888,0.0,0.0,0.004583119388808346,0.004583119411445416,0.007928277117377994,0.007928277131818586,0.0,0.0,0.0,0.0,0.0,0.0,0.0,0.0,0.006008133741729433,0.0060081337568765,0.006660527324699841,0.006660527337774085,0.004603757913545641,0.004603757932962172,0.006798521805986426,0.006798521814600784,0.006085783639741926,0.006085783643593037,0.010468734602263245,0.010468734609803968,0.009340789195016748,0.009340789203406731,0.0,0.0,0.008177857566752506,0.00817785757649731,0.015657486983390357,0.015657486976110194,0.0,0.0,0.0,0.0,0.0,0.0,0.0,0.0,0.007570213547999969,0.007570213550593691
2025-07-04,0.004660458376736479,1.3981375130209436e-06,0.0,0.0,0.0643797262091711,0.06437972623959332,0.05126923075365825,0.05126923075042464,0.09694394743038012,0.09461371824524557,0.6809363833982048,0.6832666119148685,0.005236517416641411,0.005236517456477326,0.0052005030246302,0.005200503065223277,0.0012784728158460599,0.0012784728539669112,0.0,0.0,0.004680580384095244,0.004680580424502189,0.007960150167706759,0.007960150217096871,0.0,0.0,0.0,0.0,0.0,0.0,0.0,0.0,0.0059614380313634556,0.0059614380714431165,0.006850799773004618,0.00685079981517213,0.004602023491760116,0.004602023525110256,0.006723659075479705,0.006723659106070889,0.006171352721170111,0.006171352755867684,0.010607784787586876,0.010607784844258483,0.009519180350550247,0.009519180401673627,0.0,0.0,0.008287228547445196,0.00828722859358963,0.01571639008093354,0.015716390133781045,0.0,0.0,0.0,0.0,0.0,0.0,0.0,0.0,0.007674631540372041,0.007674631585634596
2025-07-11,0.009275027338970055,2.7825082016910163e-06,0.0,0.0,0.06425092137683251,0.06425092139150576,0.051144749016117014,0.05114474902040319,0.10159541503597809,0.09695790136649286,0.6759394935640831,0.6805770068589171,0.005298299719239582,0.005298299741420024,0.005255455466691063,0.005255455489269505,0.0012906370840793258,0.0012906371078905902,0.0,0.0,0.004738725611143576,0.0047387256337614245,0.008136587803745416,0.008136587831903557,0.0,0.0,0.0,0.0,0.0,0.0,0.0,0.0,0.006084002488021375,0.0060840025102342245,0.006779366261523492,0.006779366284446426,0.00463943963370744,0.004639439652616004,0.00672386201598544,0.00672386203300055,0.006131573167071435,0.006131573186291558,0.010670266492538879,0.010670266523115708,0.009544522602383369,0.009544522629944235,0.0,0.0,0.00846143221124713,0.008461432236490297,0.01555011048942982,0.015550110517474656,0.0,0.0,0.0,0.0,0.0,0.0,0.0,0.0,0.0077651399601819425,0.007765139984821959
2025-07-18,1.8746999056796533e-07,5.6240997170389595e-11,0.0,0.0,0.0642083669015218,0.06420836727218834,0.051132213788351734,0.05113221411652919,0.1015594963980354,0.10155940266304007,0.6755316114626245,0.6755316952145822,0.005341813696307338,0.005341814276417816,0.005344744088811254,0.005344744680224911,0.001317954775674319,0.0013179557112180484,0.0,0.0,0.004904809962170356,0.004904810566918395,0.007982784848293926,0.00798278557650907,0.0,0.0,0.0,0.0,0.0,0.0,0.0,0.0,0.006136532875250002,0.006136533441565279,0.006968134744709906,0.006968135322340507,0.004658412565950426,0.004658413078515504,0.006858936263188294,0.006858936699226739,0.0062930305618879275,0.006293031050967774,0.01074746701094477,0.010747467756083665,0.009581072307130909,0.009581072975749267,0.0,0.0,0.008252690724109673,0.008252691331765233,0.015591210132279489,0.015591210777607882,0.0,0.0,0.0,0.0,0.0,0.0,0.0,0.0,0.007588716892758016,0.00758871748855006
2025-07-25,3.848861819533145e-10,1.1546585458599434e-13,0.0,0.0,0.06388153384409385,0.06388153385079938,0.05077083797719703,0.05077083793210822,0.10106247464415168,0.10106247450564036,0.6745469439434285,0.6745469439476769,0.005493152055529952,0.005493152070050082,0.00552456527443384,0.005524565289103793,0.001350727300596679,0.0013507273683523047,0.0,0.0,0.0050669182339502985,0.005066918250980489,0.008205686290904828,0.008205686301319971,0.0,0.0,0.0,0.0,0.0,0.0,0.0,0.0,0.006473468653758469,0.006473468664322506,0.0071331437686451725,0.00713314377744516,0.00481210052668489,0.004812100542082209,0.007152169708242989,0.007152169713273598,0.006437615157670609,0.00643761515835299,0.01079072815818878,0.010790728163102203,0.009664436237414057,0.009664436242674304,0.0,0.0,0.008370496388843266,0.00837049639529351,0.015622984325789341,0.015622984317467998,0.0,0.0,0.0,0.0,0.0,0.0,0.0,0.0,0.007640017510475656,0.007640017509954135
2025-08-01,2.620533859354346e-10,7.861601578063037e-14,0.0,0.0,0.06400938617967199,0.06400938618019818,0.05091599200302765,0.05091599197530677,0.10125760511978399,0.10125760505210682,0.6750284847079325,0.6750284846836587,0.005403798248571535,0.005403798258717604,0.005468938880901641,0.005468938890991968,0.0013436629111684465,0.0013436629675000265,0.0,0.0,0.005016152689563047,0.0050161527017191804,0.007969924571940465,0.007969924578265808,0.0,0.0,0.0,0.0,0.0,0.0,0.0,0.0,0.006296748544644646,0.00629674855152099,0.007208265267285882,0.00720826527205309,0.004635082669862788,0.0046350826818755885,0.0069317833029376545,0.006931783305551758,0.006189624185011967,0.0061896241844648986,0.01106215914696917,0.011062159150149542,0.009887420421581701,0.009887420424234706,0.0,0.0,0.008228851401612261,0.008228851404959537,0.015472003838188962,0.01547200383043424,0.0,0.0,0.0,0.0,0.0,0.0,0.0,0.0,0.0076741159093436356,0.007674115906290648
2025-08-08,2.2784454227833817e-10,6.835336268350145e-14,0.0,0.0,0.06400081817777545,0.0640008181804181,0.05090874788303581,0.05090874785981324,0.10132447769114403,0.10132447765424735,0.674293039016421,0.6742930389774956,0.005447169851701113,0.005447169860664555,0.005559168485136924,0.005559168493907055,0.001380520079271395,0.0013805201301740917,0.0,0.0,0.005051961948358809,0.005051961959195671,0.008129676792272288,0.00812967679477458,0.0,0.0,0.0,0.0,0.0,0.0,0.0,0.0,0.006347515799981698,0.006347515805943226,0.007515963695366151,0.007515963699058378,0.004693207106531963,0.0046932071170167015,0.00699669230558669,0.006996692307382206,0.006337326813014095,0.006337326810503448,0.010911655997570989,0.010911655999937478,0.009750865901464543,0.009750865903560415,0.0,0.0,0.00814987927052987,0.008149879273437797,0.01573660204007639,0.015736602031514668,0.0,0.0,0.0,0.0,0.0,0.0,0.0,0.0,0.0074647111447606876,0.007464711140955552
2025-08-15,2.367740259499179e-10,7.103220778497537e-14,0.0,0.0,0.06391219178157626,0.06391219178518497,0.050720362623228814,0.05072036260187824,0.10115072364191717,0.10115072361271402,0.6739226548131718,0.6739226547608399,0.005524989909519301,0.005524989918745734,0.00564701449704525,0.005647014506048321,0.0014048960103101265,0.0014048960629663785,0.0,0.0,0.0053224593504734635,0.005322459360876128,0.008019704716929114,0.008019704720141683,0.0,0.0,0.0,0.0,0.0,0.0,0.0,0.0,0.006510780983688395,0.006510780989627622,0.007455894035947734,0.007455894039993453,0.004718527956417575,0.004718527967360397,0.007091350732035585,0.007091350733971569,0.006362417821279659,0.006362417818754479,0.011136810786176983,0.011136810788535992,0.009873746131938496,0.009873746134011279,0.0,0.0,0.008209378730504447,0.00820937873348618,0.015599079173233258,0.015599079163955323,0.0,0.0,0.0,0.0,0.0,0.0,0.0,0.0,0.0074170163046065355,0.0074170163009082465
2025-08-22,2.290746735095911e-10,6.872240205287733e-14,0.0,0.0,0.06373529529022921,0.06373529529473744,0.050481928323723585,0.050481928307004806,0.10096154370685068,0.10096154366676471,0.6738274621567001,0.6738274621140404,0.0056796894129125634,0.005679689421667152,0.005879006821946178,0.005879006830279869,0.001457699703872947,0.0014576997539606363,0.0,0.0,0.005593012952593704,0.005593012962071037,0.008061558978901541,0.008061558981851107,0.0,0.0,0.0,0.0,0.0,0.0,0.0,0.0,0.006779205365624284,0.006779205371138942,0.007572324965864751,0.007572324969953248,0.0048705520374931425,0.004870552047644291,0.007014264429389808,0.007014264431544002,0.006263313294438369,0.006263313292045573,0.010939799064982034,0.010939799067719674,0.009777777630325214,0.0097777776327931,0.0,0.0,0.008177912652941951,0.008177912656254213,0.015525993736917156,0.015525993727893662,0.0,0.0,0.0,0.0,0.0,0.0,0.0,0.0,0.007401659474292889,0.007401659470636281
2025-08-29,1.0599195993544336e-09,3.1797587980633004e-13,0.0,0.0,0.06362264209491804,0.06362264213735323,0.05038983016021138,0.05038983015430795,0.10077586295502103,0.10077586295289727,0.6724533436385484,0.6724533431166156,0.005901624624307128,0.005901624658156428,0.00614110074167458,0.00614110077490458,0.0014932329321097717,0.0014932330628948162,0.0,0.0,0.006088575386330197,0.006088575420458139,0.007918006133901328,0.007918006170615598,0.0,0.0,0.0,0.0,0.0,0.0,0.0,0.0,0.006937083952305423,0.006937083981185434,0.007858309277441104,0.007858309303780947,0.0049115245237476525,0.0049115245591140255,0.006967339576399172,0.006967339598024804,0.006391845698304297,0.0063918457148957955,0.010941800798788774,0.010941800820468814,0.009805645882868176,0.00980564590554682,0.0,0.0,0.008116605428609803,0.008116605454093727,0.015647228768960506,0.0156472287715561,0.0,0.0,0.0,0.0,0.0,0.0,0.0,0.0,0.007638397425553347,0.007638397443129726
2025-09-05,5.292592371308746e-10,1.5877777113926238e-13,0.0,0.0,0.06383265251811834,0.0638326525193995,0.050628549831560274,0.05062854974260577,0.10097859037144954,0.10097859019577447,0.6729859111773973,0.6729859111775346,0.005772115495741946,0.005772115513447561,0.005864037553889321,0.005864037571576267,0.001413279578833277,0.0014132796601412452,0.0,0.0,0.005973191677674801,0.005973191695407847,0.007841674638266384,0.007841674656872515,0.0,0.0,0.0,0.0,0.0,0.0,0.0,0.0,0.006533348907353379,0.006533348922107161,0.007058401475188152,0.007058401488962586,0.004920515705954922,0.004920515724786235,0.006976483212221767,0.006976483221456262,0.006668761734049787,0.006668761741369896,0.010880139023977645,0.010880139036413959,0.009789785682073475,0.009789785693508656,0.0,0.0,0.008021876482190993,0.008021876494241081,0.016248851386140555,0.01624885138877496,0.0,0.0,0.0,0.0,0.0,0.0,0.0,0.0,0.0076118335479182725,0.007611833555619619
2025-09-12,2.539058705040148e-10,7.617176115120444e-14,0.0,0.0,0.06357339536467421,0.06357339536499941,0.05020185599058452,0.05020185594376293,0.10061607031331231,0.10061607024624519,0.6713533983560629,0.6713533983535879,0.006021725653878717,0.006021725663377759,0.006233817227916674,0.006233817236975874,0.0014856443546624343,0.0014856444089005043,0.0,0.0,0.0065521896374812535,0.006552189645928906,0.00782758480338231,0.00782758481058781,0.0,0.0,0.0,0.0,0.0,0.0,0.0,0.0,0.006705505282907558,0.006705505289995372,0.00726471619502944,0.007264716201028955,0.00509165019710186,0.00509165020814153,0.007289033152175104,0.0072890331545004865,0.006670325042066,0.006670325040513315,0.011017025087114442,0.011017025090864134,0.009859727574192057,0.009859727577589432,0.0,0.0,0.007998075144779435,0.007998075149358342,0.016571271752290014,0.01657127174551262,0.0,0.0,0.0,0.0,0.0,0.0,0.0,0.0,0.007666988870388705,0.0076669888681296545
2025-09-19,2.2440740953845462e-10,6.732222286153638e-14,0.0,0.0,0.06368623341072968,0.06368623341702839,0.05038925250049318,0.05038925247410023,0.10058862027567735,0.10058862024238958,0.6714616966122954,0.6714616965742801,0.0059350435341645165,0.005935043542279517,0.006291016973098656,0.006291016980435634,0.0014942097202490137,0.0014942097684791794,0.0,0.0,0.006641600136939771,0.006641600143680312,0.007633429179432421,0.007633429182967447,0.0,0.0,0.0,0.0,0.0,0.0,0.0,0.0,0.006432429908089902,0.0064324299144640825,0.007148297146861535,0.007148297151830755,0.004907425436244669,0.004907425446244187,0.007359515590866876,0.007359515592369411,0.006668756614075745,0.006668756610971577,0.011229224655124128,0.011229224658103627,0.009995680549157962,0.009995680551699632,0.0,0.0,0.00794844307571786,0.007948443079298552,0.016439821320273797,0.016439821312806094,0.0,0.0,0.0,0.0,0.0,0.0,0.0,0.0,0.007749303360507628,0.007749303356571796
2025-09-26,3.344815388203748e-10,1.0034446164611243e-13,0.0,0.0,0.06344356643626599,0.06344356645517554,0.0500878183253626,0.050087818299261753,0.10030711395299645,0.1003071139153856,0.6704917777475385,0.6704917776595727,0.006056885087729832,0.006056885099040531,0.0064104175862505445,0.006410417596477664,0.00150147745696746,0.0015014775213027956,0.0,0.0,0.0069435261338745445,0.0069435261426057816,0.007625015904609368,0.007625015914367497,0.0,0.0,0.0,0.0,0.0,0.0,0.0,0.0,0.0063815561121314535,0.006381556121791197,0.0072345739623657776,0.007234573969430423,0.0047976275181258864,0.0047976275334110485,0.0073580421880501115,0.007358042191411328,0.007054796546810897,0.007054796544908957,0.011359075558740208,0.011359075560217133,0.010110606055234662,0.010110606057301672,0.0,0.0,0.007941453795471023,0.007941453800525012,0.017009411187334744,0.017009411176354707,0.0,0.0,0.0,0.0,0.0,0.0,0.0,0.0,0.007885258444140052,0.007885258441458801
2025-09-30,3.3806913323462806e-10,1.0142073997038841e-13,0.0,0.0,0.06337534392849711,0.06337534394627614,0.050057084339930336,0.05005708431359805,0.100141298354295,0.1001412983164731,0.6695596695568545,0.6695596694663727,0.006089891756000348,0.006089891767415194,0.0064184273431404995,0.006418427353552439,0.0014971475213027385,0.0014971475866184347,0.0,0.0,0.006936954765395339,0.006936954774348614,0.007603224894965042,0.007603224905693664,0.0,0.0,0.0,0.0,0.0,0.0,0.0,0.0,0.006663056750235569,0.006663056759229966,0.007223228095561996,0.007223228102834229,0.004835723498073002,0.004835723513479436,0.007404986791750148,0.007404986795237085,0.007420970194699036,0.007420970192550356,0.011478315828984292,0.011478315830754461,0.01014366705071827,0.010143667052997544,0.0,0.0,0.007954967681552367,0.007954967686774112,0.017218317399734687,0.017218317389742284,0.0,0.0,0.0,0.0,0.0,0.0,0.0,0.0,0.007977724248309732,0.007977724246052306
2025-10-10,3.149348525022244e-10,9.448045575066732e-14,0.0,0.0,0.06333589585767405,0.06333589586828157,0.050063398483368236,0.05006339845423683,0.1000131202174435,0.10001312019806148,0.6678330439273331,0.667833043830385,0.006186017563060763,0.0061860175739229094,0.0065610086541219,0.006561008663877344,0.0015210582792748904,0.0015210583434127295,0.0,0.0,0.006965062007672607,0.006965062016375994,0.007606629393470256,0.0076066294042810186,0.0,0.0,0.0,0.0,0.0,0.0,0.0,0.0,0.006577073914422341,0.006577073923389044,0.0074913007676118285,0.007491300774077545,0.004799551090748797,0.004799551105910926,0.007406859320587733,0.007406859323469325,0.007623729860773616,0.007623729858418988,0.011642916783339771,0.011642916785451573,0.010297326458321196,0.010297326460588813,0.0,0.0,0.008140051758936279,0.008140051763671068,0.018147646146243267,0.018147646138081543,0.0,0.0,0.0,0.0,0.0,0.0,0.0,0.0,0.007788309515595843,0.007788309514106345
2025-10-17,4.449666106496469e-09,1.3348998319489408e-12,0.0,0.0,0.06329707927901188,0.06329707944320685,0.050147347837405196,0.05014734788354337,0.09995331465703869,0.09995331472736782,0.6675984704743285,0.6675984682494954,0.006059281598815703,0.006059281720633603,0.0062876410119521945,0.006287641135235596,0.0014736256133880358,0.0014736259034690284,0.0,0.0,0.006484200210125451,0.006484200335687065,0.00793384838154179,0.007933848513170826,0.0,0.0,0.0,0.0,0.0,0.0,0.0,0.0,0.006530467979861095,0.006530468094610495,0.007305541365005158,0.007305541480950113,0.004846962593497489,0.004846962702191994,0.007154550919117411,0.0071545510041777175,0.008492944485179251,0.008492944580936279,0.01163387150143129,0.011633871634805346,0.010125370871850019,0.010125370992826538,0.0,0.0,0.008034535998672486,0.008034536112131115,0.01920340390312312,0.019203404061256802,0.0,0.0,0.0,0.0,0.0,0.0,0.0,0.0,0.007437541318655318,0.007437541424304018
2025-10-24,2.6828612176028194e-08,8.048583652808458e-12,0.0,0.0,0.0633295467380737,0.06332954899754445,0.050131838134652516,0.05013183840023024,0.10015689781912593,0.10015689813863997,0.6680995056962862,0.6680994922819803,0.006052893587689212,0.006052894207135226,0.0062170588476504985,0.006217059485898802,0.0014573380312806843,0.0014573388866805,0.0,0.0,0.006540024890170192,0.006540025552349405,0.008034528013456697,0.008034528684793324,0.0,0.0,0.0,0.0,0.0,0.0,0.0,0.0,0.006461991659619086,0.006461992258050393,0.007070154033084224,0.007070154657508049,0.004742039320624856,0.004742039805563816,0.007203996837140448,0.007203997285653157,0.007699096511873237,0.007699097077588905,0.01204275894360148,0.012042759881281135,0.010428948622007838,0.010428949396632057,0.0,0.0,0.008130313981508448,0.008130314625664683,0.018696040388169403,0.01869604180915627,0.0,0.0,0.0,0.0,0.0,0.0,0.0,0.0,0.00750502794398531,0.007505028567649665
2025-10-31,0.02372646676264277,7.1179400287928305e-06,0.0,0.0,0.05432648677989727,0.06343792071549026,0.050252785382111156,0.050252785837409,0.10011471804396836,0.10011471892922516,0.678765908721757,0.6669026753404355,0.006180680110583835,0.006180683546223035,0.006415754878198451,0.00641575891829299,0.0014910098585151077,0.0014910112830751289,0.0,0.0,0.006957542778177605,0.006957548247842789,0.00794366493828691,0.007943668051854608,0.0,0.0,0.0,0.0,0.0,0.0,0.0,0.0,0.006561861883628141,0.006561865187299888,0.007300299470973575,0.007300303871572561,0.00467498081785093,0.004674982170251765,0.007224121669696005,0.007224123301816926,0.00755918274572675,0.007559186014319386,0.012330332398925347,0.012459709026018017,0.010941546897662965,0.010941603526724344,0.0,0.0,0.008091081424351406,0.00809108654268366,0.015431503235026752,0.018053827298297725,0.0,0.0,0.0,0.0,0.0,0.0,0.0,0.0,0.007436537964662481,0.007436542191167022
2025-11-07,2.8397999518115294e-08,8.519399855434587e-12,0.0,0.0,0.054295093669786916,0.05429509591187967,0.050267084185115884,0.05026708427692283,0.10023395027604945,0.10023395040733443,0.6790246978118918,0.6790246836128921,0.006159045799856315,0.006159046299120598,0.006377872755692662,0.006377873299159475,0.0015021670807801185,0.001502167391926487,0.0,0.0,0.0068775165469106,0.006877517172183841,0.008136323116990732,0.008136323612584,0.0,0.0,0.0,0.0,0.0,0.0,0.0,0.0,0.006496045326326702,0.006496045806079266,0.007206155610566591,0.007206156169282807,0.0046590441482734,0.004659044415804323,0.007301911016436205,0.007301911324610661,0.007701719500762016,0.007701719997982733,0.012240405745590537,0.012240408061905433,0.010572356069851505,0.010572357290646912,0.0,0.0,0.008036972279759318,0.00803697288393828,0.015525532538121039,0.015525534989779972,0.0,0.0,0.0,0.0,0.0,0.0,0.0,0.0,0.007386106521238336,0.007386107075966483
2025-11-14,0.006109969807886496,1.8329909423659488e-06,0.0,0.0,0.05415691778300778,0.05415705000480039,0.05006983896309443,0.05006983920829522,0.09995250820415412,0.09995251044638943,0.6802083329049042,0.6771533480009609,0.006150408375562252,0.006150411106192509,0.0063716126543012595,0.0063716158612936525,0.001507187590696958,0.001507188662012765,0.0,0.0,0.0068171737382198075,0.006817177952014634,0.008198469873197852,0.008198472430157309,0.0,0.0,0.0,0.0,0.0,0.0,0.0,0.0,0.0064465062713877875,0.006446508817407185,0.0070422283164314195,0.00704223153074702,0.004826819769147644,0.004826820909873272,0.007468560793426045,0.007468562190978428,0.008539532734765336,0.008539536767258993,0.011241782440875125,0.012340052321332097,0.010978414953858729,0.010979043185121285,0.0,0.0,0.00815145783625817,0.008151462307673276,0.014267969061333784,0.016223887040811017,0.0,0.0,0.0,0.0,0.0,0.0,0.0,0.0,0.00760427773537743,0.007604281256680652
2025-11-21,4.0885676015796346e-08,1.2265702804738903e-11,0.0,0.0,0.054332671896476566,0.054332675287861815,0.05028843037807113,0.050288430469190834,0.10028404921809199,0.10028404994225067,0.6824462179178916,0.6824461974750536,0.005993930429361085,0.0059939311651695274,0.006137585682161316,0.006137586473165524,0.0014609477013221442,0.0014609481475356062,0.0,0.0,0.006501775437034206,0.006501776327758607,0.00807303999722793,0.008073040789551355,0.0,0.0,0.0,0.0,0.0,0.0,0.0,0.0,0.006304625130575915,0.006304625825599659,0.006978805357613199,0.006978806160731518,0.0047159799759527435,0.004715980380695232,0.007105207937831816,0.007105208399347765,0.008200631366026513,0.008200632264523085,0.010967000086971193,0.010967002685039686,0.010678381000618877,0.010678383208345835,0.0,0.0,0.007925300970992515,0.007925301914742834,0.01388517282200857,0.013885175510593132,0.0,0.0,0.0,0.0,0.0,0.0,0.0,0.0,0.007720246693770661,0.007720247572843727
2025-11-28,0.01572963483804814,4.718890451414441e-06,0.0,0.0,0.054275753738776376,0.054275996439484823,0.050142315565717965,0.050142316665926966,0.09239896150223993,0.10026194044016762,0.6904746250174357,0.6826098075984117,0.0059260539230355375,0.00592607213496612,0.006036230973077799,0.006036251501868829,0.0014430895607516155,0.0014430972815695226,0.0,0.0,0.0064731559851136525,0.006473181829875427,0.007903589579283592,0.007903609666691843,0.0,0.0,0.0,0.0,0.0,0.0,0.0,0.0,0.0060884284264570935,0.006088444538422823,0.006938445447193445,0.00693846683800594,0.0046829984785550635,0.004683005569528637,0.007120266574237436,0.007120275322462749,0.00866013466192291,0.00866016712488862,0.01104587975323385,0.011046391700047929,0.010769099358084813,0.01076936251750638,0.0,0.0,0.007948633945190487,0.007948663439148365,0.014054695190365365,0.014055280081913969,0.0,0.0,0.0,0.0,0.0,0.0,0.0,0.0,0.007617642319327285,0.007617669309111794
2025-12-05,8.421512222866762e-07,2.5264536668600283e-10,0.0,0.0,0.054142271873207054,0.05414227955367347,0.049932727112824926,0.04993272724621476,0.09216397914493957,0.0921639824213866,0.689258378356068,0.6892579572804568,0.0059588734642191735,0.005958875263372065,0.006088129100907688,0.006088131156869388,0.0014411567219343435,0.0014411574262101655,0.0,0.0,0.006543732485438385,0.006543735117266776,0.007882748521318301,0.007882750529917078,0.0,0.0,0.0,0.0,0.0,0.0,0.0,0.0,0.006019253131349182,0.006019254656794817,0.007032070323028303,0.007032072491989698,0.004571575935680993,0.004571576605450701,0.007101422888080898,0.007101423697071603,0.009889857395829533,0.009889864376931705,0.011184507499429333,0.011184677489413368,0.010871001429031187,0.010871044847403734,0.0,0.0,0.007945483581715108,0.00794548646546473,0.01411021789183069,0.014110387351040997,0.0,0.0,0.0,0.0,0.0,0.0,0.0,0.0,0.007862613143167376,0.00786261602307152
2025-12-12,1.2232265237222252e-05,3.6696795711666754e-09,1.6278571238476797e-10,0.0,0.054138131818659015,0.054138243969574715,0.05004695246097963,0.05004695629367396,0.0920595625061641,0.09205961902888514,0.6881360228830645,0.6881299088359843,0.005961884401271799,0.005961931496775793,0.006141665136775611,0.006141719875164252,0.0014531679546087681,0.0014531870725248476,1.7862211567064884e-10,0.0,0.006734968013942824,0.006735041189975697,0.007690223704757578,0.007690272306912284,1.7814481947154014e-10,0.0,1.780022752233064e-10,0.0,1.7838317655223307e-10,0.0,1.777681286460985e-10,0.0,0.006142311239490326,0.00614235336256168,0.007281656787719524,0.0072817191236038414,0.0044726545903416015,0.0044726724624916695,0.00698570298701161,0.006985724351996543,0.011320342870736765,0.011321089126719096,0.010932922771549692,0.010934168376639625,0.010722421591976769,0.010723084259342826,1.7614521812258915e-10,0.0,0.007913589285343633,0.00791366192833065,0.014152910568826683,0.014155669331434523,2.0909602731674562e-10,0.0,2.0909934734512557e-10,0.0,2.2806459631109594e-10,0.0,2.0942711480557018e-10,0.0,0.007712906341241031,0.007712977607408328
2025-12-19,0.041618497903461754,1.2485549371038525e-05,0.0,1.63172190176148e-10,0.05081869449860324,0.05403664242172189,0.049873694177392854,0.049873703732913444,0.08624861179656164,0.09188081003058239,0.7074848021392798,0.686675553187549,0.005948336195395426,0.005948466673318745,0.0061446479010020495,0.00614486221872406,0.0014405964535088784,0.001440615787825449,0.0,1.771350574553096e-10,0.006603892145032497,0.006604467178346616,0.007721410274129278,0.0077215559245517335,0.0,1.7598529261700775e-10,0.0,1.749811182419013e-10,0.0,1.7253070325143793e-10,0.0,1.7532933317545964e-10,0.006210786601460699,0.006210887276792275,0.007377998328334003,0.007378416428601734,0.004518987440442926,0.004519005548799391,0.006912095180587723,0.006912120433580876,0.008941889068670859,0.013598155028671703,0.008497924027118329,0.010656234336125975,0.00866923843227011,0.010671896062907197,0.0,1.7326470651278102e-10,0.007856556612450325,0.007857242196830939,0.011304352709138578,0.014443470985528258,0.0,2.0939730893906118e-10,0.0,2.110790891634295e-10,0.0,2.2755131753830167e-10,0.0,2.101070527923271e-10,0.007425486018620723,0.007425892476095291
2025-12-26,0.013168879687848564,3.950663906354569e-06,0.0,0.0,0.04969582287759403,0.05064951168589199,0.04974684816107062,0.04974684980976667,0.08348001320742135,0.08599245087497062,0.7111266320709759,0.7045421922270516,0.0060472176558285145,0.006047238216799055,0.0063835309894565056,0.006383570407153399,0.0014937739713372785,0.0014937769887659682,0.0,0.0,0.006851985344238142,0.006852111200474003,0.007685943681427605,0.007685961447222616,0.0,0.0,0.0,0.0,0.0,0.0,0.0,0.0,0.006261123595860823,0.006261138970280901,0.007808803266548995,0.007808927681817522,0.0045165076410472755,0.004516510734366617,0.006975592190625659,0.0069755966734022755,0.00848323571342721,0.010705750572849828,0.008362087556427776,0.008649610312310542,0.008564989799762961,0.008746018858124767,0.0,0.0,0.007993347579623233,0.007993478801049283,0.011128867481906769,0.011555580032029196,0.0,0.0,0.0,0.0,0.0,0.0,0.0,0.0,0.007393677215419467,0.007393724505673204
2025-12-31,0.00018302698201606371,5.490809460481911e-08,0.0,0.0,0.04965048885145187,0.04974162177722307,0.04963202030824232,0.04963202775855594,0.0836502058797054,0.08365020783695332,0.712459640644202,0.712368127153194,0.0060658209653883174,0.006065832923462395,0.006433660462085978,0.006433677675195605,0.0015005566149870666,0.001500559549600816,0.0,0.0,0.0068778811570727105,0.006877908305392065,0.007732241397368156,0.007732252638981326,0.0,0.0,0.0,0.0,0.0,0.0,0.0,0.0,0.006245496149592001,0.006245506076356978,0.007957915892816301,0.0079579453458756,0.004490004374754939,0.004490007218548132,0.006977921738382768,0.0069779257474653225,0.007202927609327919,0.007202945920551228,0.008340221728524362,0.008340286639423794,0.008512380169247179,0.008512443045026108,0.0,0.0,0.007954928869359541,0.00795495501755673,0.010910144908964787,0.01091020887481815,0.0,0.0,0.0,0.0,0.0,0.0,0.0,0.0,0.007405542278526381,0.007405560495819476
2026-01-09,4.2848473747348487e-07,1.2854542124204545e-10,0.0,0.0,0.04945149653973092,0.04945153595988342,0.049470686032016375,0.04947069838271135,0.08332915468311121,0.08332915521584211,0.7107629330527758,0.710762718810407,0.006163741621488843,0.006163749543630253,0.006791480254885469,0.006791490865530709,0.0015699300411157755,0.0015699332499811217,0.0,0.0,0.006982776475412129,0.006982788480649885,0.0077914791797286395,0.007791487468673314,0.0,0.0,0.0,0.0,0.0,0.0,0.0,0.0,0.006315947499050503,0.006315954707424899,0.008914000500953749,0.008914020052132945,0.004478050929735827,0.004478053981001936,0.006994762087784664,0.006994766153126903,0.007555475051198734,0.007555486559822296,0.008329722991357176,0.008329739295821453,0.008555842929364415,0.008555859612267175,0.0,0.0,0.008155190582357346,0.008155203158201382,0.01105308386198673,0.011053103521954299,0.0,0.0,0.0,0.0,0.0,0.0,0.0,0.0,0.007334245685945655,0.007334254980937334
2026-01-16,0.012573531617496938,3.772059485249081e-06,0.0,0.0,0.047232750990632524,0.049372269841655485,0.04830065282364265,0.04945770332383338,0.08309050361736948,0.08309050724479508,0.7149515940141163,0.7086648295220441,0.006158209678378143,0.006158311570848334,0.0070337678499524554,0.007034518533319375,0.0016198782872236437,0.001619893064303207,1.0698561333365739e-10,0.0,0.007095779514356035,0.007097073908501525,0.007685806324817025,0.00768589388957262,1.0686088324724821e-10,0.0,1.0689185058942591e-10,0.0,1.0688268963070975e-10,0.0,1.0682257501153977e-10,0.0,0.006218198313963794,0.006218270423742626,0.008160007739935974,0.008872418460539896,0.004418334583069982,0.004418349948251095,0.00716109954981695,0.007161125127567663,0.008143374935947042,0.009250143403165373,0.008219010633809814,0.008249355249180418,0.008417279835649175,0.008482164093513293,1.0647717129670674e-10,0.0,0.008282820095376715,0.008284990823128035,0.010357506123444904,0.011428501604627501,1.5781276535322989e-10,0.0,1.614592514027708e-10,0.0,1.978379402845886e-10,0.0,1.5864555464500775e-10,0.0,0.0074534237718209,0.0074536799674107266
2026-01-23,0.009802167703357132,2.940650311007139e-06,0.0,0.0,0.04705669014272765,0.04714272379963349,0.0472000060849347,0.04830967596522032,0.08288689078334784,0.0828868909534891,0.7177565412999035,0.7128554574482249,0.0061080624910498284,0.006108067960132968,0.00717554059565355,0.007175672614148795,0.0016278702893701672,0.0016278710525896743,0.0,1.0986151642730027e-10,0.006996312814542078,0.006996391573532254,0.007739906885755196,0.0077399122567999076,0.0,1.1209650081150552e-10,0.0,1.063174173166266e-10,0.0,1.06139427917324e-10,0.0,1.0981954571913584e-10,0.006123181296647409,0.006123184995734573,0.007956360408778219,0.008260010448774282,0.004304703125193257,0.004304703884464137,0.0070428253022355855,0.007042826605161129,0.007951572856292414,0.010363469044684319,0.008078509528104974,0.008171143669616215,0.008242633776951122,0.008440067189315274,0.0,1.050828611803262e-10,0.008054806965929409,0.008054894047771053,0.010123062301762416,0.0108224872197188,0.0,1.5235679495186036e-10,1.0619053383060214e-10,1.6413842897005855e-10,1.2868091922189648e-10,1.976450178753133e-10,1.043515181655153e-10,1.6143059247182337e-10,0.007574522711597631,0.0075745479461005105
2026-01-30,0.03068948616380609,9.206845849141827e-06,0.0,0.0,0.04554785675245517,0.04678269333494598,0.045712613754568664,0.04693170771032859,0.08239938400319474,0.08239938541147893,0.7283124061854086,0.7129676631035056,0.006118955049316308,0.006119017912402247,0.006560593934021007,0.007229259600889138,0.001621620610316887,0.0016216220408681984,0.0,0.0,0.006482029120995817,0.006900381805624626,0.007908633488079714,0.00790945862766816,0.0,0.0,0.0,0.0,0.0,0.0,0.0,0.0,0.006126892118783272,0.006126913080754179,0.007123113442729585,0.007627641436280104,0.004430403995657951,0.0044304057364375395,0.007361780488736177,0.007361784453956243,0.006910883040341862,0.010570746260113856,0.007192561812019995,0.008023407498095396,0.007410935280373955,0.008073220737099882,0.0,0.0,0.007578889070862475,0.008067092376548426,0.008470525684242867,0.011573638102360782,0.0,0.0,0.0,1.078243777405212e-10,0.0,1.3020114071837417e-10,0.0,1.0744654187125983e-10,0.006729922167894909,0.009283960425170082
2026-02-06,0.04899389509462348,1.4698168528387042e-05,0.0,0.0,0.04090440561548109,0.04583565566111811,0.044848791974093825,0.046029891471780326,0.06921696637655304,0.08288325929660424,0.7571458732244439,0.732648925677132,0.006031519818163233,0.006038079282616974,0.005994735687280211,0.0063098273458490565,0.0015778797707062544,0.0015778978727820172,0.0,0.0,0.006034035136034562,0.0064111028720855836,0.0068489265798419565,0.007877190397013059,0.0,0.0,0.0,0.0,0.0,0.0,0.0,0.0,0.006063800488962576,0.006064329736071194,0.006534459271096392,0.0071286260673175976,0.004499528157418826,0.004499553850269271,0.0070598980367107675,0.00705998185919003,0.004559909680234926,0.004559993792533396,0.006552034634555812,0.007016909482917578,0.0067490833178092645,0.007276922097225986,0.0,0.0,0.006853378307564228,0.007442354345241291,0.006725611176031957,0.007529424204164325,0.0,0.0,0.0,0.0,0.0,0.0,0.0,0.0,0.005799162747017253,0.005810074688087704
2026-02-13,0.017701285850597354,5.310385755179206e-06,0.0,0.0,0.03899972750750071,0.040941123859984996,0.04458548078309357,0.04494241418259032,0.0642485403767425,0.06927175215926738,0.7655149077164652,0.7566642647911666,0.006087206423737921,0.006088424802153681,0.005979865135466842,0.006206346642362258,0.0016273225605039714,0.0016273247450861582,0.0,0.0,0.006013089543474391,0.0061799345115556,0.006772370682492623,0.00693935661877484,0.0,0.0,0.0,0.0,0.0,0.0,0.0,0.0,0.006018172484836922,0.006018225279214345,0.006487025458650134,0.006582573988852489,0.004340058063455437,0.00434006112407377,0.007067296941301241,0.007067308643178076,0.0037979224899697007,0.003797928152986584,0.00647825626952706,0.006556268760145899,0.006621448526237629,0.00680338223197875,0.0,0.0,0.006727283067807996,0.007096134921912575,0.006657786796681771,0.006845932318694334,0.0,0.0,0.0,0.0,0.0,0.0,0.0,0.0,0.0059762391720542506,0.006031242266021287
2026-02-27,0.004707175199581634,1.4121525598744901e-06,1.2015660213778913e-10,0.0,0.03783019045420143,0.038908250911244995,0.04356988420874404,0.04438773365708169,0.06413528332246284,0.06413540947739567,0.7672163092800007,0.7648627230919199,0.006090181370555889,0.006091036908311147,0.0060272913559361475,0.006054905367879133,0.0016548264203335632,0.0016548327438955855,1.2365224950220948e-10,0.0,0.006027461618563393,0.006037474109444171,0.006788972075671639,0.006797094127500058,1.236555319479284e-10,0.0,1.236592689561381e-10,0.0,1.2365588974094676e-10,0.0,1.2366108270485743e-10,0.0,0.0059153256696321,0.005915393659440332,0.006562471702136885,0.00680458597765182,0.004285419129182533,0.004285427338028082,0.006893146622048577,0.006893167400418694,0.0044535044754492525,0.004453526410017961,0.006431689039948223,0.006433563942806457,0.006597251989838371,0.006600577418182749,1.236766678446656e-10,0.0,0.006810261874950813,0.006899992556151673,0.006711603956973684,0.006770458401413897,1.3619743650553438e-10,0.0,1.3680677959526168e-10,0.0,1.4020342289850446e-10,0.0,1.3638514401634545e-10,0.0,0.005998924021659968,0.006013846501215998
2026-03-06,0.006286392895850624,1.8859178687551869e-06,0.0,1.1737227654109487e-10,0.037475307134909285,0.03792379725837746,0.04218973018525647,0.04372381139885241,0.06340541632943085,0.06426285374968313,0.7711677905548057,0.7680245941068805,0.0059896759761615456,0.00598973493854119,0.005849952357544277,0.005850051829605939,0.0015924707309207503,0.0015924724472115674,0.0,1.1959185183248073e-10,0.005796130893706971,0.005796193982795235,0.006956059171104845,0.00699732465274886,0.0,1.1550328504646143e-10,0.0,1.183100844569634e-10,0.0,1.2205289257646061e-10,0.0,1.172507101010705e-10,0.0056702663770366165,0.005670276860750272,0.006380260053670216,0.006380402115920839,0.0042046657930458415,0.004204667939365397,0.006616632618839162,0.006616636833567642,0.004490669261169277,0.004490675180254382,0.006350518549528604,0.00635058756196321,0.006537596110532703,0.006537681979912419,0.0,1.1711278705287195e-10,0.006370414386304231,0.006370459079063494,0.006746253734982001,0.006747178117324068,1.0159121088084722e-10,1.3429432430678094e-10,1.1097052386941404e-10,1.5052811946373669e-10,1.0905037021320501e-10,1.4335131862152518e-10,1.0829267469664518e-10,1.4615977520992957e-10,0.006210189351145846,0.006470598565654802
2026-03-13,0.009885348180211338,2.965604454063401e-06,3.3918201778313984e-10,0.0,0.03695008216769568,0.037444479618045014,0.040156417631910905,0.042133736709447096,0.06124052001494095,0.0634500935698111,0.776231770663237,0.7712891004061347,0.006040005490467785,0.006041804767192616,0.0058861170358780485,0.005889020881630324,0.0016277238087888347,0.0016277520953561838,3.5866619186344457e-10,0.0,0.005977087991246497,0.005981179273095024,0.006944732519987805,0.007147056384430262,3.583871474643542e-10,0.0,3.5811570161196824e-10,0.0,3.583964930653192e-10,0.0,3.5809169976125936e-10,0.0,0.005690939557600212,0.005691183035983885,0.006163867769084124,0.006165144256811498,0.004333010291959256,0.004333050954122792,0.006696239950699181,0.006696330278436987,0.0043389183793825885,0.004339021356184471,0.0062741817777749904,0.006275534931730873,0.006417871016289569,0.006419218865531036,3.574865136003245e-10,0.0,0.006168818712824404,0.006169546552460502,0.006719448623737243,0.006730978695010306,4.467402524090273e-10,1.0189324803653762e-10,4.560516555852381e-10,1.2763373899510534e-10,4.5322137746691655e-10,1.1811090440356082e-10,4.517863824348503e-10,1.1548422639689088e-10,0.0061422423003694195,0.006175766905463277
2026-03-20,0.005835552822725846,1.7506658468177536e-06,1.702012525580215e-10,3.28978071362466e-10,0.03708370672069139,0.03708377464699346,0.037757582743766484,0.040268404116149216,0.06101489692183126,0.061420246247780336,0.7813494490452594,0.7784316726338965,0.0059325327884777335,0.005932642032439947,0.005563966422845044,0.005564060281358564,0.00154967799758022,0.0015496875091082724,1.8357352165126375e-10,3.4519462079436685e-10,0.005982902340177322,0.00598305794309931,0.006805485183189438,0.006805692193941632,1.8689246559804407e-10,3.5281866870241806e-10,1.887802353315249e-10,3.571485943064035e-10,1.7938925688686298e-10,3.357497276262259e-10,1.847021110161538e-10,3.478967567126368e-10,0.005603414132187025,0.005603458581144078,0.005780622590529609,0.005780695643352595,0.004293704791992408,0.004293717575250819,0.006682257910228835,0.006682281001751899,0.0035076932797920074,0.003507710961399916,0.006204531163145813,0.006204635987025671,0.006270145851908301,0.006270241535021888,1.843480414006316e-10,3.471794752273242e-10,0.005965095206635069,0.005965171014483625,0.006236159945480557,0.006236258780159812,2.3218022624838686e-10,4.175793026199979e-10,2.605970644412234e-10,4.785810207328188e-10,2.5743276279692626e-10,4.5680361844308764e-10,2.3970175409259933e-10,4.339232312760149e-10,0.0064161726964834685,0.00641658711378947
2026-03-27,3.0110310887440855e-08,9.033093266232255e-12,0.0,1.7057932943977193e-10,0.03713313681747896,0.037133137117055626,0.037820459543678756,0.037820460487057006,0.06113886643112518,0.06113886667676549,0.7827086652003775,0.7827086501452222,0.005798838997174115,0.005798839740153881,0.00540123140758377,0.0054012321584865205,0.001496886461644544,0.0014968875080828674,0.0,1.7747343079439276e-10,0.005920138664335265,0.005920139420817134,0.006740329673997144,0.006740330586343778,0.0,1.7812705652574503e-10,0.0,1.8229242960837653e-10,0.0,1.8412075533574967e-10,0.0,1.7792468831291765e-10,0.00527615098739953,0.005276151683983585,0.005471496002580937,0.0054714967249787,0.00412759755678587,0.004127598212010387,0.006543398872326118,0.006543399465896399,0.003506802349903979,0.0035068031005333505,0.006081769022368054,0.006081769748720221,0.006169218950980207,0.006169219677800815,0.0,1.8071252547458272e-10,0.0058342496536963025,0.005834250381274552,0.005829383094065011,0.005829383825074058,0.0,2.3469887263597414e-10,0.0,2.624054414145655e-10,0.0,2.4831745730693674e-10,0.0,2.4047022960037456e-10,0.0070013803124987836,0.007001381102621475
2026-04-03,1.8339279200850836e-07,5.5017837602552505e-11,0.0,0.0,0.03714111711591356,0.03714111925790115,0.0378215450921678,0.03782155548511026,0.061157676816418004,0.061157679123365255,0.7824396799441494,0.7824395882477534,0.00579645581544624,0.005796461144731616,0.0053781801978525536,0.005378185461230205,0.0014949558238519787,0.0014949606359598267,0.0,0.0,0.005736882997354494,0.005736888393538093,0.006715446222259133,0.00671545265778684,0.0,0.0,0.0,0.0,0.0,0.0,0.0,0.0,0.0052218628328687,0.005221867548278167,0.005455292885217072,0.00545529790759327,0.00421987324723388,0.004219877314586485,0.006548061633963418,0.00654806573645709,0.0037116679804152864,0.0037116725076710736,0.006092149636705633,0.006092154898914537,0.006129190755994374,0.006129196019543427,0.0,0.0,0.005799703447314086,0.005799708622957125,0.006003234360312426,0.006003239636513825,0.0,0.0,0.0,0.0,0.0,0.0,0.0,0.0,0.007137023194561984,0.007137029400108353
2026-04-10,1.1061959262243133e-07,3.3185877786729395e-11,0.0,0.0,0.03708722869506595,0.03708722996477922,0.03780225637198372,0.03780226104426842,0.0611392015644815,0.0611392031683809,0.781415779639436,0.7814157243296398,0.005895313391937923,0.005895316688523846,0.005575011189652837,0.005575014486817987,0.0015495317735804875,0.0015495349653556747,0.0,0.0,0.006011257746812964,0.0060112611443762475,0.006611303127879512,0.006611307024442171,0.0,0.0,0.0,0.0,0.0,0.0,0.0,0.0,0.005245030405880547,0.005245033341796887,0.005608704241494365,0.005608707379038533,0.004163762395779603,0.004163764961680967,0.006705936868427972,0.006705939445964179,0.00380851126331587,0.0038085141458449666,0.006329942477289523,0.006329945782081425,0.006311997218790594,0.0063120004989383844,0.0,0.0,0.006065364520669661,0.006065367784035783,0.006099430499381252,0.006099433764595083,0.0,0.0,0.0,0.0,0.0,0.0,0.0,0.0,0.00657443660813968,0.00657444007943972
2026-04-17,5.857081801367067e-07,1.75712454041012e-10,0.0,0.0,0.03707047626892733,0.03707048177207787,0.03780912912025562,0.037809177097894636,0.061011341679557865,0.06101134748118198,0.7796008295772764,0.7796005367231862,0.006104590975639386,0.00610460782122115,0.0057630772863283605,0.005763093914464438,0.0016076107580440303,0.0016076231629274006,0.0,0.0,0.006545511447935296,0.006545529955586615,0.006660709538604576,0.006660728607398387,0.0,0.0,0.0,0.0,0.0,0.0,0.0,0.0,0.005485841550775172,0.005485855937441329,0.005814783950902647,0.005814799615290478,0.00418686042275931,0.004186871891423943,0.006825394867183937,0.006825407246227723,0.003837469341605377,0.003837482306696027,0.006673539383144159,0.006673556807653911,0.006545529407974013,0.006545546351384324,0.0,0.0,0.006186992493147338,0.006187008917815944,0.006200459356704565,0.006200475632463716,0.0,0.0,0.0,0.0,0.0,0.0,0.0,0.0,0.006069852573234626,0.006069868757663677
2026-04-24,0.01035469228547411,3.106407685642233e-06,0.0,0.0,0.03708924100977201,0.037089241219715886,0.032707509287245314,0.03788484066510789,0.06099761450524178,0.06099761510423918,0.7844973521616481,0.779320006018911,0.006171879609035467,0.006171880783165745,0.005844997340847787,0.005844998452745926,0.0016344802989448205,0.0016344805734770582,0.0,0.0,0.006729583196893549,0.0067295850717108705,0.00675753466234955,0.00675753597798758,0.0,0.0,0.0,0.0,0.0,0.0,0.0,0.0,0.005406692937392471,0.005406693573880063,0.006018632019570455,0.0060186329773440315,0.004095603880917769,0.004095604211334073,0.0067251272539994135,0.006725127689191794,0.003621220844871343,0.0036212212456649966,0.006693423182869285,0.006693424475624876,0.006552931134034182,0.006552932285718297,0.0,0.0,0.0061323422897722425,0.006132343293419429,0.00607608194151913,0.006076082885994563,0.0,0.0,0.0,0.0,0.0,0.0,0.0,0.0,0.0062477524430752576,0.006247753494766662
2026-04-30,0.00029556950885340806,8.86708526560224e-08,0.0,0.0,0.03709389461991222,0.03709389552465572,0.03251831090221096,0.03266605149308313,0.061018084562741444,0.06101808592523471,0.7846561866207891,0.7845084018663624,0.006195637259435343,0.006195640707037879,0.005875946690446281,0.005875950010047461,0.0016295817900955592,0.0016295828874103404,0.0,0.0,0.00666610582007217,0.00666611047975772,0.006866182871914972,0.006866186834681955,0.0,0.0,0.0,0.0,0.0,0.0,0.0,0.0,0.0054556933392219805,0.005455695526596888,0.005818149725867468,0.005818152431824432,0.004138757172917188,0.004138758481958308,0.006731775331780505,0.0067317769191932,0.003460215268452049,0.0034602167196995885,0.006856589673985492,0.006856593501526325,0.006667006543888822,0.006667010001185405,0.0,0.0,0.006123587182403514,0.006123590163989219,0.005912803436238367,0.005912806130194969,0.0,0.0,0.0,0.0,0.0,0.0,0.0,0.0,0.006315491187626519,0.0063154943955603384
2026-05-08,1.5113157213891837e-07,4.5339471641675505e-11,0.0,0.0,0.03699637176396359,0.03699637287310011,0.032424347906435114,0.03242437073463864,0.06087766990673973,0.06087767079343701,0.7830791885439762,0.78307911297819,0.006299516545601937,0.006299520512144053,0.006106772207414311,0.006106776220445304,0.0016976520143183323,0.0016976536707378378,0.0,0.0,0.006924232121480365,0.006924237272879295,0.006698429066558039,0.006698433244715612,0.0,0.0,0.0,0.0,0.0,0.0,0.0,0.0,0.005510177936030549,0.005510180737698432,0.006097043333177738,0.006097046831922814,0.004096926816670133,0.004096928615978114,0.006844675863063281,0.006844678035820795,0.0036165415940184594,0.003616543658438736,0.007242948765473242,0.007242953488238538,0.00684913101695904,0.006849135104061837,0.0,0.0,0.006366241181503883,0.006366244937588644,0.006067104243903792,0.006067107582556269,0.0,0.0,0.0,0.0,0.0,0.0,0.0,0.0,0.006205029172712255,0.0062050327074076915
2026-05-15,6.20193655609131e-08,1.860580966827393e-11,0.0,0.0,0.03705121740692569,0.03705121785889922,0.03249611868339428,0.03249612734109079,0.0609090878643435,0.060909088258868024,0.7833884507742861,0.7833884197646032,0.006337504813816251,0.006337506488445134,0.006108236080525144,0.006108237749904149,0.0017153637994002382,0.0017153646111018363,0.0,0.0,0.007134025938883488,0.007134028120443576,0.006598945791174338,0.006598947504998129,0.0,0.0,0.0,0.0,0.0,0.0,0.0,0.0,0.005419781982436717,0.005419783204624963,0.005983950307917702,0.005983951769278868,0.003992095060033677,0.003992095890633137,0.0067711765850860025,0.006771177541479565,0.003560295172110132,0.00356029612125459,0.0074323785593625865,0.007432380568991762,0.006869311126936641,0.006869312813251518,0.0,0.0,0.006111678904566519,0.006111680383069495,0.005998058100933464,0.0059980594943291445,0.0,0.0,0.0,0.0,0.0,0.0,0.0,0.0,0.006122323047867666,0.006122324514732772
2026-05-22,1.193014256842045e-06,3.579042770526135e-10,0.0,0.0,0.03715811625819372,0.03715812002397101,0.03258441805755412,0.03258487765385482,0.06106585405959371,0.0610658561574588,0.7849914748553474,0.784990878348219,0.006176812395242589,0.006176822714030051,0.00593042544327496,0.005930435669026,0.0016708903034194451,0.0016708947350410285,0.0,0.0,0.0069380188560508515,0.006938032832899869,0.00650494986670034,0.006504960489372299,0.0,0.0,0.0,0.0,0.0,0.0,0.0,0.0,0.005342316336683702,0.005342323539597642,0.005647205269598306,0.005647213659343647,0.0038319000072319373,0.003831904682976527,0.006554229534787473,0.00655423496081765,0.0031724279850056953,0.0031724331067609535,0.007368778414376701,0.0073687913706707705,0.006778058580851271,0.006778068997156589,0.0,0.0,0.0060771554621646086,0.006077164680715827,0.00579608382658136,0.005796091937488612,0.0,0.0,0.0,0.0,0.0,0.0,0.0,0.0,0.006410884487341637,0.006410894440598813
2026-05-29,8.71615985412362e-07,2.6148479562370857e-10,0.0,0.0,0.03720075039817488,0.0372007610139542,0.03267849289835449,0.03267854892826651,0.06109880294885536,0.061098810971720686,0.7845587803383217,0.7845583445303289,0.006333221816329984,0.00633324879613487,0.006029498260395208,0.00602952496599813,0.0016895820312914083,0.0016896000176472644,0.0,0.0,0.007461364058918883,0.007461398089393465,0.0064978796358696,0.006497908128849386,0.0,0.0,0.0,0.0,0.0,0.0,0.0,0.0,0.005172690618758292,0.005172711548559343,0.005674180681862819,0.005674204253133854,0.0037191311118781544,0.0037191475545566713,0.006441768156617895,0.006441785436799756,0.0029280678290095276,0.002928086082613136,0.0077664793608739,0.007766510867249173,0.006973905312897351,0.006973932379734937,0.0,0.0,0.006186870823898635,0.006186895852706025,0.005598485188837884,0.005598507721680334,0.0,0.0,0.0,0.0,0.0,0.0,0.0,0.0,0.00599004852885391,0.005990072860673055
2026-06-05,8.552759267954277e-07,2.565827780386283e-10,0.0,0.0,0.03719939183925468,0.03719940110221849,0.032695110136948306,0.03269516382494264,0.06114614271412172,0.0611461509937031,0.7843683564353201,0.7843679287973566,0.006321372391446702,0.006321398799968745,0.005885514687202303,0.005885540238132278,0.0016461550455377238,0.0016461726792006243,0.0,0.0,0.007387998838460839,0.00738803173343466,0.0068152293295806994,0.006815258796377266,0.0,0.0,0.0,0.0,0.0,0.0,0.0,0.0,0.005174365247565969,0.005174385824693727,0.005392002908782179,0.005392024997021646,0.0036556729521441803,0.0036556890829947015,0.006498825364533997,0.006498842652162967,0.0028417097629513696,0.0028417275720990162,0.007888704460268223,0.007888736563947384,0.007085309447754243,0.0070853367960384646,0.0,0.0,0.006097655373295628,0.006097679602753767,0.005691618630308325,0.005691640954685863,0.0,0.0,0.0,0.0,0.0,0.0,0.0,0.0,0.006208864434522846,0.006208888988267901
2026-06-12,6.004403980269151e-06,1.801321194080745e-09,0.0,0.0,0.037247635825144045,0.037247645949626144,0.03266991574898429,0.0326724489371735,0.061227429226041144,0.061227471166798705,0.7875116644182282,0.7875086622162379,0.006120506329760818,0.006120540085124963,0.005688092837286372,0.005688124103693576,0.0016042202008453433,0.0016042327270741439,0.0,0.0,0.006928294103194661,0.006928344659506224,0.006703947490510776,0.006703984813116018,0.0,0.0,0.0,0.0,0.0,0.0,0.0,0.0,0.0051233349974066054,0.005123355196362758,0.005163079167027055,0.005163102155694081,0.00361977446445188,0.0036197870823303094,0.0062561211401594334,0.006256135563431087,0.002430275004224961,0.0024302885306673253,0.00746020389007828,0.007460255588218674,0.006924366501565781,0.006924403272752275,0.0,0.0,0.005926443055667586,0.005926470887912886,0.005231562209626375,0.005231584025610836,0.0,0.0,0.0,0.0,0.0,0.0,0.0,0.0,0.006163133389796542,0.006163163038668479
2026-06-18,0.008383099687152425,2.5149299061457275e-06,0.0,0.0,0.03718432582568332,0.037184326220177054,0.030565716360907255,0.03267647879912434,0.05905090066314553,0.061131628527948075,0.7892044807559593,0.785012930912383,0.006366842614520754,0.0063668458999032096,0.0061091949955027515,0.006109198135603051,0.0017125018566476495,0.0017125023796725522,0.0,0.0,0.007542753038873478,0.007542770619456584,0.006477619068908125,0.006477621707074573,0.0,0.0,0.0,0.0,0.0,0.0,0.0,0.0,0.005476881033294761,0.005476882336494362,0.005442185855896052,0.005442187382623245,0.0035249852904181505,0.0035249858318979134,0.006262484228777144,0.0062624849163925396,0.0026733743383349994,0.002673374949244723,0.008012105682448218,0.008012124052967551,0.007123374657212934,0.007123378493952677,0.0,0.0,0.006095066006706208,0.006095068104842735,0.005491411330418458,0.005491412714472796,0.0,0.0,0.0,0.0,0.0,0.0,0.0,0.0,0.0056837963963449045,0.005683798015768857
2026-06-26,0.00958181631761637,2.874544895284911e-06,0.0,0.0,0.03724844383746126,0.037248453640621515,0.028130116093710487,0.030604094945260885,0.05693627569710256,0.05911058253901954,0.7949287910510284,0.7901378828922202,0.006488656700188478,0.006488727909431077,0.006339774074793624,0.006339846346637686,0.0017385197785471905,0.0017385250681777222,0.0,0.0,0.0077916498592057615,0.007932745628858545,0.006167904410407584,0.006167936920028789,0.0,0.0,0.0,0.0,0.0,0.0,0.0,0.0,0.005827049344327104,0.005827070430007517,0.005324907606413146,0.005324926556054165,0.003389497622954422,0.0033895031658124387,0.005966104142007104,0.005966111396096963,0.002346925203993069,0.0023469310674151533,0.007825105140979312,0.007826257208055677,0.006964294812883115,0.00696436019672735,0.0,0.0,0.005964485081530919,0.005964512487051903,0.005085576410219872,0.005085590243024456,0.0,0.0,0.0,0.0,0.0,0.0,0.0,0.0,0.005535923132246557,0.005535941359498326
2026-07-03,0.011482265028717806,3.4446795086153415e-06,0.0,0.0,0.037287780924944156,0.037288196819161804,0.02555480548511812,0.02815313356702685,0.054487205592457,0.057017459416904996,0.8015168710876501,0.7957757385732912,0.006237999536100592,0.006238185431942827,0.006178853670135007,0.006179084517852844,0.0017016196051750931,0.001701625665029302,0.0,0.0,0.00689816743784547,0.007159831417239965,0.006145131235212997,0.006145206277989316,0.0,0.0,0.0,0.0,0.0,0.0,0.0,0.0,0.005835855326552527,0.005835896727411114,0.005311407675077399,0.005311439774556011,0.0034917675877152482,0.00349177485281044,0.005965570433213838,0.005965580406349075,0.0023695948984708576,0.002369601867024518,0.007277453457523791,0.007626974495125428,0.006871699982132604,0.006871937986944775,0.0,0.0,0.006005846872791266,0.006005904999964813,0.0052042926570018445,0.00520431580755895,0.0,0.0,0.0,0.0,0.0,0.0,0.0,0.0,0.005658076534882164,0.005658111395815823
2026-07-10,6.474662906557141e-08,1.9423988719671422e-11,0.0,0.0,0.037268633218035946,0.0372686344597626,0.025562557199527658,0.025562558667348377,0.05445047590852109,0.05445047687200311,0.8008797981609167,0.8008797657876022,0.006316227229072687,0.00631622923909561,0.0061409564332420355,0.006140958451167557,0.0016331180019768475,0.0016331200101194468,0.0,0.0,0.0068977303687510275,0.006897732519501928,0.006235054898455398,0.006235057155068102,0.0,0.0,0.0,0.0,0.0,0.0,0.0,0.0,0.0057384602438848515,0.00573846204529814,0.005250895623823478,0.0052508974435869485,0.0034325460366822808,0.003432547618018027,0.006244105623622288,0.006244107101022716,0.0024555996661553723,0.002455601560236874,0.0072878043896806455,0.00728780650759933,0.006952928229992384,0.006952930204510324,0.0,0.0,0.006095021515467312,0.006095023411919678,0.005241136896526782,0.005241138706344541,0.0,0.0,0.0,0.0,0.0,0.0,0.0,0.0,0.005916950355665343,0.00591695223979471
2026-07-17,6.74652690805036e-08,2.023958072415108e-11,0.0,0.0,0.037319009164923,0.037319010583084566,0.025588716221806352,0.025588717720689037,0.054522149615806544,0.054522150619409154,0.801859878593651,0.8018598448610166,0.006114270728763797,0.006114272809201671,0.005656032324935639,0.00565603437032707,0.0015073860994802954,0.0015073882296697616,0.0,0.0,0.006364273930388298,0.006364276091226652,0.006460354977691886,0.0064603573762792,0.0,0.0,0.0,0.0,0.0,0.0,0.0,0.0,0.005649045815133554,0.005649047693550168,0.004737085638188325,0.004737087494991816,0.003698115558602119,0.0036981171740034253,0.006510589319219989,0.006510590860136792,0.002403055901597694,0.002403057872177663,0.007260642607048628,0.007260644829455666,0.0071330484664417675,0.007133050560281603,0.0,0.0,0.006058084007355104,0.006058085978928458,0.005136382166947733,0.005136384033351059,0.0,0.0,0.0,0.0,0.0,0.0,0.0,0.0,0.006021878862018213,0.006021880842219792
2026-07-24,2.9596021535079065e-07,8.878806460523719e-11,0.0,0.0,0.037310173183904234,0.03731018127806242,0.02559881103268604,0.025598818609519375,0.05449821339131732,0.0544982179392145,0.8014653525746747,0.8014652045945669,0.0061531317210052235,0.006153142754360577,0.005495987074762387,0.005495996132191023,0.0014194829958005246,0.0014194865486538508,0.0,0.0,0.006144013469277422,0.006144025068364066,0.006730191308849632,0.0067302038773560564,0.0,0.0,0.0,0.0,0.0,0.0,0.0,0.0,0.005720647206527643,0.005720654845165072,0.004653038655522318,0.004653044923897981,0.0037229729794566423,0.003722976958868546,0.006549277063217105,0.006549282306864249,0.002505551284878655,0.00250555530099484,0.007160261501670939,0.007160276515452998,0.006980813997357831,0.00698082611124924,0.0,0.0,0.006043051551328549,0.00604306061206149,0.005253214994235469,0.005253221469637724,0.0,0.0,0.0,0.0,0.0,0.0,0.0,0.0,0.006595814013527438,0.006595824153518995
2026-07-31,2.2530028641982655e-08,6.759008592594796e-12,0.0,0.0,0.03735983593579777,0.03735983666388565,0.025670161897441052,0.025670162471924385,0.05457466574566279,0.05457466599684264,0.8029150035796084,0.8029149923145942,0.005927659276232784,0.0059276600290224125,0.005218590761685319,0.005218591429749817,0.0013649259497032849,0.001364926373302093,0.0,0.0,0.0055934567709034315,0.005593457494513125,0.006805573115859839,0.006805574022149445,0.0,0.0,0.0,0.0,0.0,0.0,0.0,0.0,0.005617098146977843,0.005617098777754326,0.00454119215131138,0.004541192706701511,0.0038896728689658423,0.003889673297424087,0.006725465766023911,0.006725466277454483,0.002487961204897953,0.002487961645651715,0.006841085222885903,0.0068410860921894676,0.006866162211678126,0.006866163026401674,0.0,0.0,0.006109786998909888,0.0061097877101949395,0.005137815548225284,0.005137816110013419,0.0,0.0,0.0,0.0,0.0,0.0,0.0,0.0,0.006353886847229164,0.006353887560230763
2026-08-07,1.45165311986762e-08,4.354959359602859e-12,0.0,0.0,0.037301379163959626,0.03730137970283649,0.025635186810410444,0.025635187163821717,0.054452844731942396,0.054452844844452,0.8006661691820175,0.8006661619237518,0.006045092902006804,0.006045093370999051,0.005556320488970729,0.0055563209286117595,0.0014833356867717787,0.0014833359754118911,0.0,0.0,0.006038881195370746,0.006038881677776726,0.006737935903600794,0.00673793644155354,0.0,0.0,0.0,0.0,0.0,0.0,0.0,0.0,0.005551216102936596,0.005551216489758283,0.0047905647007458006,0.004790565066028339,0.0037126389154489205,0.0037126391899389645,0.0065583730920102815,0.006558373399478996,0.00268578253370487,0.0026857828319240677,0.007515587936005245,0.00751558854094254,0.00743037111398581,0.007430371665321921,0.0,0.0,0.006389700781282688,0.006389701241599228,0.005390496524072475,0.0053904968932919775,0.0,0.0,0.0,0.0,0.0,0.0,0.0,0.0,0.006058122234756615,0.006058122652500669
2026-08-14,2.728203367964848e-07,8.184610103894543e-11,0.0,0.0,0.03728098868582478,0.03728099665391867,0.02562808654568295,0.025628092670268474,0.054412530046520725,0.05441253244487503,0.7997934517171958,0.7997933153070275,0.0060624547084708255,0.006062463273425214,0.0056535648604830145,0.005653573179200454,0.001519680559308847,0.001519687470605081,0.0,0.0,0.006139639877895849,0.00613964871716792,0.006698012484872395,0.006698022302486494,0.0,0.0,0.0,0.0,0.0,0.0,0.0,0.0,0.005568905343857368,0.005568912787407315,0.0048387991917972824,0.004838806486079904,0.0037906835083117373,0.0037906895153767815,0.006523163145036967,0.00652316924341023,0.0024554077008563492,0.002455414431419345,0.007473837931595557,0.007473847915817462,0.007478124846192378,0.007478134301423389,0.0,0.0,0.006639593199676561,0.006639601833931998,0.005534295737139459,0.005534303177371475,0.0,0.0,0.0,0.0,0.0,0.0,0.0,0.0,0.006508779909281084,0.006508788288787302
2026-08-21,5.4870761354280234e-08,1.6461228406284067e-11,0.0,0.0,0.037312138019442456,0.037312139411238815,0.025651215416231592,0.025651216587776672,0.05442995668446635,0.054429957248797706,0.8000867945060763,0.8000867670706956,0.005965611129998298,0.005965612777541952,0.005571221824626333,0.005571223456777042,0.001493591092615946,0.001493592902514967,0.0,0.0,0.005983500283720402,0.0059835019630226334,0.006921755293721189,0.006921757267238629,0.0,0.0,0.0,0.0,0.0,0.0,0.0,0.0,0.0053772283089029965,0.005377229794922748,0.004624289468217065,0.004624290976900393,0.003707918655672237,0.003707920009231576,0.006628745586673421,0.006628746842424174,0.0025096909134883372,0.0025096925265315263,0.007402658853538051,0.007402660643197519,0.007379546837869664,0.007379548558638247,0.0,0.0,0.00652112330232788,0.006521124946465404,0.005652367972914142,0.005652369510482651,0.0,0.0,0.0,0.0,0.0,0.0,0.0,0.0,0.006780645849497431,0.006780647505601749
2026-08-28,3.402319618964547e-08,1.0206958856893641e-11,0.0,0.0,0.03725215685504118,0.037252157684801834,0.025609043939553728,0.025609044655689778,0.05438235214049365,0.05438235249217864,0.7994595925545092,0.7994595755429111,0.006008958840254284,0.006008959847228232,0.005644114857908465,0.005644115862936512,0.0015228390267263525,0.0015228402662431585,0.0,0.0,0.005947515958772214,0.005947516980081343,0.007062799499940904,0.007062800722003694,0.0,0.0,0.0,0.0,0.0,0.0,0.0,0.0,0.00558974824449601,0.00558974916876283,0.004721237968866789,0.004721238915552995,0.0036824563194217076,0.003682457190866273,0.006566032996802028,0.006566033762148218,0.002670748879561245,0.002670749932800131,0.0074678967468874815,0.007467897818607561,0.007463911619145459,0.007463912653793683,0.0,0.0,0.0065220995745641115,0.006522100570509509,0.0057769739228550965,0.00577697488162726,0.0,0.0,0.0,0.0,0.0,0.0,0.0,0.0,0.006649520054200211,0.006649521051257436
2026-08-31,2.991089718203284e-08,8.973269154609851e-12,0.0,0.0,0.03724238991206827,0.03724239062127634,0.025616329170582108,0.025616329797757718,0.05437606877063531,0.054376069080598194,0.799438104883441,0.7994380899279925,0.00599294937216266,0.005992950253039636,0.005608122583520297,0.005608123463568737,0.0015178220906522165,0.001517823218206142,0.0,0.0,0.005860079438364217,0.005860080329050928,0.007076359837064167,0.007076360911314876,0.0,0.0,0.0,0.0,0.0,0.0,0.0,0.0,0.0055790462626141265,0.005579047074102485,0.004729157623146844,0.004729158458042806,0.003715285730644514,0.003715286505087637,0.006565334343063758,0.006565335014787045,0.0027033839668090917,0.002703384906895383,0.007458121683173839,0.007458122614920252,0.007501700616439539,0.0075017015197994166,0.0,0.0,0.006528205607164057,0.00652820647783802,0.005794092878493148,0.005794093720972959,0.0,0.0,0.0,0.0,0.0,0.0,0.0,0.0,0.0066974452299608574,0.006697446104749082
