date,asset_count,min_observations_required,included_assets,excluded_assets,exclusion_reasons
2007-01-19,0,60,,10年国债ETF|5年国债ETF|中证1000ETF|中证2000ETF|中证500ETF|人工智能ETF|信用债ETF|军工ETF|创业板ETF|半导体ETF|原油ETF|可转债ETF|恒生ETF|新能源ETF|日利ETF|日经225ETF|有色金属期货ETF|标普500ETF|欧洲ETF|沪深300ETF|消费ETF|煤炭ETF|白银LOF|科创50ETF|红利ETF|纳指ETF|能源化工期货ETF|证券ETF|豆粕ETF|黄金ETF,10年国债ETF:no_observations|5年国债ETF:no_observations|中证1000ETF:no_observations|中证2000ETF:no_observations|中证500ETF:no_observations|人工智能ETF:no_observations|信用债ETF:no_observations|军工ETF:no_observations|创业板ETF:no_observations|半导体ETF:no_observations|原油ETF:no_observations|可转债ETF:no_observations|恒生ETF:no_observations|新能源ETF:no_observations|日利ETF:no_observations|日经225ETF:no_observations|有色金属期货ETF:no_observations|标普500ETF:no_observations|欧洲ETF:no_observations|沪深300ETF:no_observations|消费ETF:no_observations|煤炭ETF:no_observations|白银LOF:no_observations|科创50ETF:no_observations|红利ETF:no_observations|纳指ETF:no_observations|能源化工期货ETF:no_observations|证券ETF:no_observations|豆粕ETF:no_observations|黄金ETF:no_observations
2007-01-26,0,60,,10年国债ETF|5年国债ETF|中证1000ETF|中证2000ETF|中证500ETF|人工智能ETF|信用债ETF|军工ETF|创业板ETF|半导体ETF|原油ETF|可转债ETF|恒生ETF|新能源ETF|日利ETF|日经225ETF|有色金属期货ETF|标普500ETF|欧洲ETF|沪深300ETF|消费ETF|煤炭ETF|白银LOF|科创50ETF|红利ETF|纳指ETF|能源化工期货ETF|证券ETF|豆粕ETF|黄金ETF,10年国债ETF:no_observations|5年国债ETF:no_observations|中证1000ETF:no_observations|中证2000ETF:no_observations|中证500ETF:no_observations|人工智能ETF:no_observations|信用债ETF:no_observations|军工ETF:no_observations|创业板ETF:no_observations|半导体ETF:no_observations|原油ETF:no_observations|可转债ETF:no_observations|恒生ETF:no_observations|新能源ETF:no_observations|日利ETF:no_observations|日经225ETF:no_observations|有色金属期货ETF:no_observations|标普500ETF:no_observations|欧洲ETF:no_observations|沪深300ETF:no_observations|消费ETF:no_observations|煤炭ETF:no_observations|白银LOF:no_observations|科创50ETF:no_observations|红利ETF:insufficient_observations(5)|纳指ETF:no_observations|能源化工期货ETF:no_observations|证券ETF:no_observations|豆粕ETF:no_observations|黄金ETF:no_observations
2007-02-02,0,60,,10年国债ETF|5年国债ETF|中证1000ETF|中证2000ETF|中证500ETF|人工智能ETF|信用债ETF|军工ETF|创业板ETF|半导体ETF|原油ETF|可转债ETF|恒生ETF|新能源ETF|日利ETF|日经225ETF|有色金属期货ETF|标普500ETF|欧洲ETF|沪深300ETF|消费ETF|煤炭ETF|白银LOF|科创50ETF|红利ETF|纳指ETF|能源化工期货ETF|证券ETF|豆粕ETF|黄金ETF,10年国债ETF:no_observations|5年国债ETF:no_observations|中证1000ETF:no_observations|中证2000ETF:no_observations|中证500ETF:no_observations|人工智能ETF:no_observations|信用债ETF:no_observations|军工ETF:no_observations|创业板ETF:no_observations|半导体ETF:no_observations|原油ETF:no_observations|可转债ETF:no_observations|恒生ETF:no_observations|新能源ETF:no_observations|日利ETF:no_observations|日经225ETF:no_observations|有色金属期货ETF:no_observations|标普500ETF:no_observations|欧洲ETF:no_observations|沪深300ETF:no_observations|消费ETF:no_observations|煤炭ETF:no_observations|白银LOF:no_observations|科创50ETF:no_observations|红利ETF:insufficient_observations(10)|纳指ETF:no_observations|能源化工期货ETF:no_observations|证券ETF:no_observations|豆粕ETF:no_observations|黄金ETF:no_observations
2007-02-09,0,60,,10年国债ETF|5年国债ETF|中证1000ETF|中证2000ETF|中证500ETF|人工智能ETF|信用债ETF|军工ETF|创业板ETF|半导体ETF|原油ETF|可转债ETF|恒生ETF|新能源ETF|日利ETF|日经225ETF|有色金属期货ETF|标普500ETF|欧洲ETF|沪深300ETF|消费ETF|煤炭ETF|白银LOF|科创50ETF|红利ETF|纳指ETF|能源化工期货ETF|证券ETF|豆粕ETF|黄金ETF,10年国债ETF:no_observations|5年国债ETF:no_observations|中证1000ETF:no_observations|中证2000ETF:no_observations|中证500ETF:no_observations|人工智能ETF:no_observations|信用债ETF:no_observations|军工ETF:no_observations|创业板ETF:no_observations|半导体ETF:no_observations|原油ETF:no_observations|可转债ETF:no_observations|恒生ETF:no_observations|新能源ETF:no_observations|日利ETF:no_observations|日经225ETF:no_observations|有色金属期货ETF:no_observations|标普500ETF:no_observations|欧洲ETF:no_observations|沪深300ETF:no_observations|消费ETF:no_observations|煤炭ETF:no_observations|白银LOF:no_observations|科创50ETF:no_observations|红利ETF:insufficient_observations(15)|纳指ETF:no_observations|能源化工期货ETF:no_observations|证券ETF:no_observations|豆粕ETF:no_observations|黄金ETF:no_observations
2007-02-16,0,60,,10年国债ETF|5年国债ETF|中证1000ETF|中证2000ETF|中证500ETF|人工智能ETF|信用债ETF|军工ETF|创业板ETF|半导体ETF|原油ETF|可转债ETF|恒生ETF|新能源ETF|日利ETF|日经225ETF|有色金属期货ETF|标普500ETF|欧洲ETF|沪深300ETF|消费ETF|煤炭ETF|白银LOF|科创50ETF|红利ETF|纳指ETF|能源化工期货ETF|证券ETF|豆粕ETF|黄金ETF,10年国债ETF:no_observations|5年国债ETF:no_observations|中证1000ETF:no_observations|中证2000ETF:no_observations|中证500ETF:no_observations|人工智能ETF:no_observations|信用债ETF:no_observations|军工ETF:no_observations|创业板ETF:no_observations|半导体ETF:no_observations|原油ETF:no_observations|可转债ETF:no_observations|恒生ETF:no_observations|新能源ETF:no_observations|日利ETF:no_observations|日经225ETF:no_observations|有色金属期货ETF:no_observations|标普500ETF:no_observations|欧洲ETF:no_observations|沪深300ETF:no_observations|消费ETF:no_observations|煤炭ETF:no_observations|白银LOF:no_observations|科创50ETF:no_observations|红利ETF:insufficient_observations(20)|纳指ETF:no_observations|能源化工期货ETF:no_observations|证券ETF:no_observations|豆粕ETF:no_observations|黄金ETF:no_observations
2007-03-02,0,60,,10年国债ETF|5年国债ETF|中证1000ETF|中证2000ETF|中证500ETF|人工智能ETF|信用债ETF|军工ETF|创业板ETF|半导体ETF|原油ETF|可转债ETF|恒生ETF|新能源ETF|日利ETF|日经225ETF|有色金属期货ETF|标普500ETF|欧洲ETF|沪深300ETF|消费ETF|煤炭ETF|白银LOF|科创50ETF|红利ETF|纳指ETF|能源化工期货ETF|证券ETF|豆粕ETF|黄金ETF,10年国债ETF:no_observations|5年国债ETF:no_observations|中证1000ETF:no_observations|中证2000ETF:no_observations|中证500ETF:no_observations|人工智能ETF:no_observations|信用债ETF:no_observations|军工ETF:no_observations|创业板ETF:no_observations|半导体ETF:no_observations|原油ETF:no_observations|可转债ETF:no_observations|恒生ETF:no_observations|新能源ETF:no_observations|日利ETF:no_observations|日经225ETF:no_observations|有色金属期货ETF:no_observations|标普500ETF:no_observations|欧洲ETF:no_observations|沪深300ETF:no_observations|消费ETF:no_observations|煤炭ETF:no_observations|白银LOF:no_observations|科创50ETF:no_observations|红利ETF:insufficient_observations(25)|纳指ETF:no_observations|能源化工期货ETF:no_observations|证券ETF:no_observations|豆粕ETF:no_observations|黄金ETF:no_observations
2007-03-09,0,60,,10年国债ETF|5年国债ETF|中证1000ETF|中证2000ETF|中证500ETF|人工智能ETF|信用债ETF|军工ETF|创业板ETF|半导体ETF|原油ETF|可转债ETF|恒生ETF|新能源ETF|日利ETF|日经225ETF|有色金属期货ETF|标普500ETF|欧洲ETF|沪深300ETF|消费ETF|煤炭ETF|白银LOF|科创50ETF|红利ETF|纳指ETF|能源化工期货ETF|证券ETF|豆粕ETF|黄金ETF,10年国债ETF:no_observations|5年国债ETF:no_observations|中证1000ETF:no_observations|中证2000ETF:no_observations|中证500ETF:no_observations|人工智能ETF:no_observations|信用债ETF:no_observations|军工ETF:no_observations|创业板ETF:no_observations|半导体ETF:no_observations|原油ETF:no_observations|可转债ETF:no_observations|恒生ETF:no_observations|新能源ETF:no_observations|日利ETF:no_observations|日经225ETF:no_observations|有色金属期货ETF:no_observations|标普500ETF:no_observations|欧洲ETF:no_observations|沪深300ETF:no_observations|消费ETF:no_observations|煤炭ETF:no_observations|白银LOF:no_observations|科创50ETF:no_observations|红利ETF:insufficient_observations(30)|纳指ETF:no_observations|能源化工期货ETF:no_observations|证券ETF:no_observations|豆粕ETF:no_observations|黄金ETF:no_observations
2007-03-16,0,60,,10年国债ETF|5年国债ETF|中证1000ETF|中证2000ETF|中证500ETF|人工智能ETF|信用债ETF|军工ETF|创业板ETF|半导体ETF|原油ETF|可转债ETF|恒生ETF|新能源ETF|日利ETF|日经225ETF|有色金属期货ETF|标普500ETF|欧洲ETF|沪深300ETF|消费ETF|煤炭ETF|白银LOF|科创50ETF|红利ETF|纳指ETF|能源化工期货ETF|证券ETF|豆粕ETF|黄金ETF,10年国债ETF:no_observations|5年国债ETF:no_observations|中证1000ETF:no_observations|中证2000ETF:no_observations|中证500ETF:no_observations|人工智能ETF:no_observations|信用债ETF:no_observations|军工ETF:no_observations|创业板ETF:no_observations|半导体ETF:no_observations|原油ETF:no_observations|可转债ETF:no_observations|恒生ETF:no_observations|新能源ETF:no_observations|日利ETF:no_observations|日经225ETF:no_observations|有色金属期货ETF:no_observations|标普500ETF:no_observations|欧洲ETF:no_observations|沪深300ETF:no_observations|消费ETF:no_observations|煤炭ETF:no_observations|白银LOF:no_observations|科创50ETF:no_observations|红利ETF:insufficient_observations(35)|纳指ETF:no_observations|能源化工期货ETF:no_observations|证券ETF:no_observations|豆粕ETF:no_observations|黄金ETF:no_observations
2007-03-23,0,60,,10年国债ETF|5年国债ETF|中证1000ETF|中证2000ETF|中证500ETF|人工智能ETF|信用债ETF|军工ETF|创业板ETF|半导体ETF|原油ETF|可转债ETF|恒生ETF|新能源ETF|日利ETF|日经225ETF|有色金属期货ETF|标普500ETF|欧洲ETF|沪深300ETF|消费ETF|煤炭ETF|白银LOF|科创50ETF|红利ETF|纳指ETF|能源化工期货ETF|证券ETF|豆粕ETF|黄金ETF,10年国债ETF:no_observations|5年国债ETF:no_observations|中证1000ETF:no_observations|中证2000ETF:no_observations|中证500ETF:no_observations|人工智能ETF:no_observations|信用债ETF:no_observations|军工ETF:no_observations|创业板ETF:no_observations|半导体ETF:no_observations|原油ETF:no_observations|可转债ETF:no_observations|恒生ETF:no_observations|新能源ETF:no_observations|日利ETF:no_observations|日经225ETF:no_observations|有色金属期货ETF:no_observations|标普500ETF:no_observations|欧洲ETF:no_observations|沪深300ETF:no_observations|消费ETF:no_observations|煤炭ETF:no_observations|白银LOF:no_observations|科创50ETF:no_observations|红利ETF:insufficient_observations(40)|纳指ETF:no_observations|能源化工期货ETF:no_observations|证券ETF:no_observations|豆粕ETF:no_observations|黄金ETF:no_observations
2007-03-30,0,60,,10年国债ETF|5年国债ETF|中证1000ETF|中证2000ETF|中证500ETF|人工智能ETF|信用债ETF|军工ETF|创业板ETF|半导体ETF|原油ETF|可转债ETF|恒生ETF|新能源ETF|日利ETF|日经225ETF|有色金属期货ETF|标普500ETF|欧洲ETF|沪深300ETF|消费ETF|煤炭ETF|白银LOF|科创50ETF|红利ETF|纳指ETF|能源化工期货ETF|证券ETF|豆粕ETF|黄金ETF,10年国债ETF:no_observations|5年国债ETF:no_observations|中证1000ETF:no_observations|中证2000ETF:no_observations|中证500ETF:no_observations|人工智能ETF:no_observations|信用债ETF:no_observations|军工ETF:no_observations|创业板ETF:no_observations|半导体ETF:no_observations|原油ETF:no_observations|可转债ETF:no_observations|恒生ETF:no_observations|新能源ETF:no_observations|日利ETF:no_observations|日经225ETF:no_observations|有色金属期货ETF:no_observations|标普500ETF:no_observations|欧洲ETF:no_observations|沪深300ETF:no_observations|消费ETF:no_observations|煤炭ETF:no_observations|白银LOF:no_observations|科创50ETF:no_observations|红利ETF:insufficient_observations(45)|纳指ETF:no_observations|能源化工期货ETF:no_observations|证券ETF:no_observations|豆粕ETF:no_observations|黄金ETF:no_observations
2007-04-06,0,60,,10年国债ETF|5年国债ETF|中证1000ETF|中证2000ETF|中证500ETF|人工智能ETF|信用债ETF|军工ETF|创业板ETF|半导体ETF|原油ETF|可转债ETF|恒生ETF|新能源ETF|日利ETF|日经225ETF|有色金属期货ETF|标普500ETF|欧洲ETF|沪深300ETF|消费ETF|煤炭ETF|白银LOF|科创50ETF|红利ETF|纳指ETF|能源化工期货ETF|证券ETF|豆粕ETF|黄金ETF,10年国债ETF:no_observations|5年国债ETF:no_observations|中证1000ETF:no_observations|中证2000ETF:no_observations|中证500ETF:no_observations|人工智能ETF:no_observations|信用债ETF:no_observations|军工ETF:no_observations|创业板ETF:no_observations|半导体ETF:no_observations|原油ETF:no_observations|可转债ETF:no_observations|恒生ETF:no_observations|新能源ETF:no_observations|日利ETF:no_observations|日经225ETF:no_observations|有色金属期货ETF:no_observations|标普500ETF:no_observations|欧洲ETF:no_observations|沪深300ETF:no_observations|消费ETF:no_observations|煤炭ETF:no_observations|白银LOF:no_observations|科创50ETF:no_observations|红利ETF:insufficient_observations(50)|纳指ETF:no_observations|能源化工期货ETF:no_observations|证券ETF:no_observations|豆粕ETF:no_observations|黄金ETF:no_observations
2007-04-13,0,60,,10年国债ETF|5年国债ETF|中证1000ETF|中证2000ETF|中证500ETF|人工智能ETF|信用债ETF|军工ETF|创业板ETF|半导体ETF|原油ETF|可转债ETF|恒生ETF|新能源ETF|日利ETF|日经225ETF|有色金属期货ETF|标普500ETF|欧洲ETF|沪深300ETF|消费ETF|煤炭ETF|白银LOF|科创50ETF|红利ETF|纳指ETF|能源化工期货ETF|证券ETF|豆粕ETF|黄金ETF,10年国债ETF:no_observations|5年国债ETF:no_observations|中证1000ETF:no_observations|中证2000ETF:no_observations|中证500ETF:no_observations|人工智能ETF:no_observations|信用债ETF:no_observations|军工ETF:no_observations|创业板ETF:no_observations|半导体ETF:no_observations|原油ETF:no_observations|可转债ETF:no_observations|恒生ETF:no_observations|新能源ETF:no_observations|日利ETF:no_observations|日经225ETF:no_observations|有色金属期货ETF:no_observations|标普500ETF:no_observations|欧洲ETF:no_observations|沪深300ETF:no_observations|消费ETF:no_observations|煤炭ETF:no_observations|白银LOF:no_observations|科创50ETF:no_observations|红利ETF:insufficient_observations(55)|纳指ETF:no_observations|能源化工期货ETF:no_observations|证券ETF:no_observations|豆粕ETF:no_observations|黄金ETF:no_observations
2007-04-20,1,60,红利ETF,10年国债ETF|5年国债ETF|中证1000ETF|中证2000ETF|中证500ETF|人工智能ETF|信用债ETF|军工ETF|创业板ETF|半导体ETF|原油ETF|可转债ETF|恒生ETF|新能源ETF|日利ETF|日经225ETF|有色金属期货ETF|标普500ETF|欧洲ETF|沪深300ETF|消费ETF|煤炭ETF|白银LOF|科创50ETF|纳指ETF|能源化工期货ETF|证券ETF|豆粕ETF|黄金ETF,10年国债ETF:no_observations|5年国债ETF:no_observations|中证1000ETF:no_observations|中证2000ETF:no_observations|中证500ETF:no_observations|人工智能ETF:no_observations|信用债ETF:no_observations|军工ETF:no_observations|创业板ETF:no_observations|半导体ETF:no_observations|原油ETF:no_observations|可转债ETF:no_observations|恒生ETF:no_observations|新能源ETF:no_observations|日利ETF:no_observations|日经225ETF:no_observations|有色金属期货ETF:no_observations|标普500ETF:no_observations|欧洲ETF:no_observations|沪深300ETF:no_observations|消费ETF:no_observations|煤炭ETF:no_observations|白银LOF:no_observations|科创50ETF:no_observations|纳指ETF:no_observations|能源化工期货ETF:no_observations|证券ETF:no_observations|豆粕ETF:no_observations|黄金ETF:no_observations
2007-04-27,1,60,红利ETF,10年国债ETF|5年国债ETF|中证1000ETF|中证2000ETF|中证500ETF|人工智能ETF|信用债ETF|军工ETF|创业板ETF|半导体ETF|原油ETF|可转债ETF|恒生ETF|新能源ETF|日利ETF|日经225ETF|有色金属期货ETF|标普500ETF|欧洲ETF|沪深300ETF|消费ETF|煤炭ETF|白银LOF|科创50ETF|纳指ETF|能源化工期货ETF|证券ETF|豆粕ETF|黄金ETF,10年国债ETF:no_observations|5年国债ETF:no_observations|中证1000ETF:no_observations|中证2000ETF:no_observations|中证500ETF:no_observations|人工智能ETF:no_observations|信用债ETF:no_observations|军工ETF:no_observations|创业板ETF:no_observations|半导体ETF:no_observations|原油ETF:no_observations|可转债ETF:no_observations|恒生ETF:no_observations|新能源ETF:no_observations|日利ETF:no_observations|日经225ETF:no_observations|有色金属期货ETF:no_observations|标普500ETF:no_observations|欧洲ETF:no_observations|沪深300ETF:no_observations|消费ETF:no_observations|煤炭ETF:no_observations|白银LOF:no_observations|科创50ETF:no_observations|纳指ETF:no_observations|能源化工期货ETF:no_observations|证券ETF:no_observations|豆粕ETF:no_observations|黄金ETF:no_observations
2007-04-30,1,60,红利ETF,10年国债ETF|5年国债ETF|中证1000ETF|中证2000ETF|中证500ETF|人工智能ETF|信用债ETF|军工ETF|创业板ETF|半导体ETF|原油ETF|可转债ETF|恒生ETF|新能源ETF|日利ETF|日经225ETF|有色金属期货ETF|标普500ETF|欧洲ETF|沪深300ETF|消费ETF|煤炭ETF|白银LOF|科创50ETF|纳指ETF|能源化工期货ETF|证券ETF|豆粕ETF|黄金ETF,10年国债ETF:no_observations|5年国债ETF:no_observations|中证1000ETF:no_observations|中证2000ETF:no_observations|中证500ETF:no_observations|人工智能ETF:no_observations|信用债ETF:no_observations|军工ETF:no_observations|创业板ETF:no_observations|半导体ETF:no_observations|原油ETF:no_observations|可转债ETF:no_observations|恒生ETF:no_observations|新能源ETF:no_observations|日利ETF:no_observations|日经225ETF:no_observations|有色金属期货ETF:no_observations|标普500ETF:no_observations|欧洲ETF:no_observations|沪深300ETF:no_observations|消费ETF:no_observations|煤炭ETF:no_observations|白银LOF:no_observations|科创50ETF:no_observations|纳指ETF:no_observations|能源化工期货ETF:no_observations|证券ETF:no_observations|豆粕ETF:no_observations|黄金ETF:no_observations
2007-05-11,1,60,红利ETF,10年国债ETF|5年国债ETF|中证1000ETF|中证2000ETF|中证500ETF|人工智能ETF|信用债ETF|军工ETF|创业板ETF|半导体ETF|原油ETF|可转债ETF|恒生ETF|新能源ETF|日利ETF|日经225ETF|有色金属期货ETF|标普500ETF|欧洲ETF|沪深300ETF|消费ETF|煤炭ETF|白银LOF|科创50ETF|纳指ETF|能源化工期货ETF|证券ETF|豆粕ETF|黄金ETF,10年国债ETF:no_observations|5年国债ETF:no_observations|中证1000ETF:no_observations|中证2000ETF:no_observations|中证500ETF:no_observations|人工智能ETF:no_observations|信用债ETF:no_observations|军工ETF:no_observations|创业板ETF:no_observations|半导体ETF:no_observations|原油ETF:no_observations|可转债ETF:no_observations|恒生ETF:no_observations|新能源ETF:no_observations|日利ETF:no_observations|日经225ETF:no_observations|有色金属期货ETF:no_observations|标普500ETF:no_observations|欧洲ETF:no_observations|沪深300ETF:no_observations|消费ETF:no_observations|煤炭ETF:no_observations|白银LOF:no_observations|科创50ETF:no_observations|纳指ETF:no_observations|能源化工期货ETF:no_observations|证券ETF:no_observations|豆粕ETF:no_observations|黄金ETF:no_observations
2007-05-18,1,60,红利ETF,10年国债ETF|5年国债ETF|中证1000ETF|中证2000ETF|中证500ETF|人工智能ETF|信用债ETF|军工ETF|创业板ETF|半导体ETF|原油ETF|可转债ETF|恒生ETF|新能源ETF|日利ETF|日经225ETF|有色金属期货ETF|标普500ETF|欧洲ETF|沪深300ETF|消费ETF|煤炭ETF|白银LOF|科创50ETF|纳指ETF|能源化工期货ETF|证券ETF|豆粕ETF|黄金ETF,10年国债ETF:no_observations|5年国债ETF:no_observations|中证1000ETF:no_observations|中证2000ETF:no_observations|中证500ETF:no_observations|人工智能ETF:no_observations|信用债ETF:no_observations|军工ETF:no_observations|创业板ETF:no_observations|半导体ETF:no_observations|原油ETF:no_observations|可转债ETF:no_observations|恒生ETF:no_observations|新能源ETF:no_observations|日利ETF:no_observations|日经225ETF:no_observations|有色金属期货ETF:no_observations|标普500ETF:no_observations|欧洲ETF:no_observations|沪深300ETF:no_observations|消费ETF:no_observations|煤炭ETF:no_observations|白银LOF:no_observations|科创50ETF:no_observations|纳指ETF:no_observations|能源化工期货ETF:no_observations|证券ETF:no_observations|豆粕ETF:no_observations|黄金ETF:no_observations
2007-05-25,1,60,红利ETF,10年国债ETF|5年国债ETF|中证1000ETF|中证2000ETF|中证500ETF|人工智能ETF|信用债ETF|军工ETF|创业板ETF|半导体ETF|原油ETF|可转债ETF|恒生ETF|新能源ETF|日利ETF|日经225ETF|有色金属期货ETF|标普500ETF|欧洲ETF|沪深300ETF|消费ETF|煤炭ETF|白银LOF|科创50ETF|纳指ETF|能源化工期货ETF|证券ETF|豆粕ETF|黄金ETF,10年国债ETF:no_observations|5年国债ETF:no_observations|中证1000ETF:no_observations|中证2000ETF:no_observations|中证500ETF:no_observations|人工智能ETF:no_observations|信用债ETF:no_observations|军工ETF:no_observations|创业板ETF:no_observations|半导体ETF:no_observations|原油ETF:no_observations|可转债ETF:no_observations|恒生ETF:no_observations|新能源ETF:no_observations|日利ETF:no_observations|日经225ETF:no_observations|有色金属期货ETF:no_observations|标普500ETF:no_observations|欧洲ETF:no_observations|沪深300ETF:no_observations|消费ETF:no_observations|煤炭ETF:no_observations|白银LOF:no_observations|科创50ETF:no_observations|纳指ETF:no_observations|能源化工期货ETF:no_observations|证券ETF:no_observations|豆粕ETF:no_observations|黄金ETF:no_observations
2007-06-01,1,60,红利ETF,10年国债ETF|5年国债ETF|中证1000ETF|中证2000ETF|中证500ETF|人工智能ETF|信用债ETF|军工ETF|创业板ETF|半导体ETF|原油ETF|可转债ETF|恒生ETF|新能源ETF|日利ETF|日经225ETF|有色金属期货ETF|标普500ETF|欧洲ETF|沪深300ETF|消费ETF|煤炭ETF|白银LOF|科创50ETF|纳指ETF|能源化工期货ETF|证券ETF|豆粕ETF|黄金ETF,10年国债ETF:no_observations|5年国债ETF:no_observations|中证1000ETF:no_observations|中证2000ETF:no_observations|中证500ETF:no_observations|人工智能ETF:no_observations|信用债ETF:no_observations|军工ETF:no_observations|创业板ETF:no_observations|半导体ETF:no_observations|原油ETF:no_observations|可转债ETF:no_observations|恒生ETF:no_observations|新能源ETF:no_observations|日利ETF:no_observations|日经225ETF:no_observations|有色金属期货ETF:no_observations|标普500ETF:no_observations|欧洲ETF:no_observations|沪深300ETF:no_observations|消费ETF:no_observations|煤炭ETF:no_observations|白银LOF:no_observations|科创50ETF:no_observations|纳指ETF:no_observations|能源化工期货ETF:no_observations|证券ETF:no_observations|豆粕ETF:no_observations|黄金ETF:no_observations
2007-06-08,1,60,红利ETF,10年国债ETF|5年国债ETF|中证1000ETF|中证2000ETF|中证500ETF|人工智能ETF|信用债ETF|军工ETF|创业板ETF|半导体ETF|原油ETF|可转债ETF|恒生ETF|新能源ETF|日利ETF|日经225ETF|有色金属期货ETF|标普500ETF|欧洲ETF|沪深300ETF|消费ETF|煤炭ETF|白银LOF|科创50ETF|纳指ETF|能源化工期货ETF|证券ETF|豆粕ETF|黄金ETF,10年国债ETF:no_observations|5年国债ETF:no_observations|中证1000ETF:no_observations|中证2000ETF:no_observations|中证500ETF:no_observations|人工智能ETF:no_observations|信用债ETF:no_observations|军工ETF:no_observations|创业板ETF:no_observations|半导体ETF:no_observations|原油ETF:no_observations|可转债ETF:no_observations|恒生ETF:no_observations|新能源ETF:no_observations|日利ETF:no_observations|日经225ETF:no_observations|有色金属期货ETF:no_observations|标普500ETF:no_observations|欧洲ETF:no_observations|沪深300ETF:no_observations|消费ETF:no_observations|煤炭ETF:no_observations|白银LOF:no_observations|科创50ETF:no_observations|纳指ETF:no_observations|能源化工期货ETF:no_observations|证券ETF:no_observations|豆粕ETF:no_observations|黄金ETF:no_observations
2007-06-15,1,60,红利ETF,10年国债ETF|5年国债ETF|中证1000ETF|中证2000ETF|中证500ETF|人工智能ETF|信用债ETF|军工ETF|创业板ETF|半导体ETF|原油ETF|可转债ETF|恒生ETF|新能源ETF|日利ETF|日经225ETF|有色金属期货ETF|标普500ETF|欧洲ETF|沪深300ETF|消费ETF|煤炭ETF|白银LOF|科创50ETF|纳指ETF|能源化工期货ETF|证券ETF|豆粕ETF|黄金ETF,10年国债ETF:no_observations|5年国债ETF:no_observations|中证1000ETF:no_observations|中证2000ETF:no_observations|中证500ETF:no_observations|人工智能ETF:no_observations|信用债ETF:no_observations|军工ETF:no_observations|创业板ETF:no_observations|半导体ETF:no_observations|原油ETF:no_observations|可转债ETF:no_observations|恒生ETF:no_observations|新能源ETF:no_observations|日利ETF:no_observations|日经225ETF:no_observations|有色金属期货ETF:no_observations|标普500ETF:no_observations|欧洲ETF:no_observations|沪深300ETF:no_observations|消费ETF:no_observations|煤炭ETF:no_observations|白银LOF:no_observations|科创50ETF:no_observations|纳指ETF:no_observations|能源化工期货ETF:no_observations|证券ETF:no_observations|豆粕ETF:no_observations|黄金ETF:no_observations
2007-06-22,1,60,红利ETF,10年国债ETF|5年国债ETF|中证1000ETF|中证2000ETF|中证500ETF|人工智能ETF|信用债ETF|军工ETF|创业板ETF|半导体ETF|原油ETF|可转债ETF|恒生ETF|新能源ETF|日利ETF|日经225ETF|有色金属期货ETF|标普500ETF|欧洲ETF|沪深300ETF|消费ETF|煤炭ETF|白银LOF|科创50ETF|纳指ETF|能源化工期货ETF|证券ETF|豆粕ETF|黄金ETF,10年国债ETF:no_observations|5年国债ETF:no_observations|中证1000ETF:no_observations|中证2000ETF:no_observations|中证500ETF:no_observations|人工智能ETF:no_observations|信用债ETF:no_observations|军工ETF:no_observations|创业板ETF:no_observations|半导体ETF:no_observations|原油ETF:no_observations|可转债ETF:no_observations|恒生ETF:no_observations|新能源ETF:no_observations|日利ETF:no_observations|日经225ETF:no_observations|有色金属期货ETF:no_observations|标普500ETF:no_observations|欧洲ETF:no_observations|沪深300ETF:no_observations|消费ETF:no_observations|煤炭ETF:no_observations|白银LOF:no_observations|科创50ETF:no_observations|纳指ETF:no_observations|能源化工期货ETF:no_observations|证券ETF:no_observations|豆粕ETF:no_observations|黄金ETF:no_observations
2007-06-29,1,60,红利ETF,10年国债ETF|5年国债ETF|中证1000ETF|中证2000ETF|中证500ETF|人工智能ETF|信用债ETF|军工ETF|创业板ETF|半导体ETF|原油ETF|可转债ETF|恒生ETF|新能源ETF|日利ETF|日经225ETF|有色金属期货ETF|标普500ETF|欧洲ETF|沪深300ETF|消费ETF|煤炭ETF|白银LOF|科创50ETF|纳指ETF|能源化工期货ETF|证券ETF|豆粕ETF|黄金ETF,10年国债ETF:no_observations|5年国债ETF:no_observations|中证1000ETF:no_observations|中证2000ETF:no_observations|中证500ETF:no_observations|人工智能ETF:no_observations|信用债ETF:no_observations|军工ETF:no_observations|创业板ETF:no_observations|半导体ETF:no_observations|原油ETF:no_observations|可转债ETF:no_observations|恒生ETF:no_observations|新能源ETF:no_observations|日利ETF:no_observations|日经225ETF:no_observations|有色金属期货ETF:no_observations|标普500ETF:no_observations|欧洲ETF:no_observations|沪深300ETF:no_observations|消费ETF:no_observations|煤炭ETF:no_observations|白银LOF:no_observations|科创50ETF:no_observations|纳指ETF:no_observations|能源化工期货ETF:no_observations|证券ETF:no_observations|豆粕ETF:no_observations|黄金ETF:no_observations
2007-07-06,1,60,红利ETF,10年国债ETF|5年国债ETF|中证1000ETF|中证2000ETF|中证500ETF|人工智能ETF|信用债ETF|军工ETF|创业板ETF|半导体ETF|原油ETF|可转债ETF|恒生ETF|新能源ETF|日利ETF|日经225ETF|有色金属期货ETF|标普500ETF|欧洲ETF|沪深300ETF|消费ETF|煤炭ETF|白银LOF|科创50ETF|纳指ETF|能源化工期货ETF|证券ETF|豆粕ETF|黄金ETF,10年国债ETF:no_observations|5年国债ETF:no_observations|中证1000ETF:no_observations|中证2000ETF:no_observations|中证500ETF:no_observations|人工智能ETF:no_observations|信用债ETF:no_observations|军工ETF:no_observations|创业板ETF:no_observations|半导体ETF:no_observations|原油ETF:no_observations|可转债ETF:no_observations|恒生ETF:no_observations|新能源ETF:no_observations|日利ETF:no_observations|日经225ETF:no_observations|有色金属期货ETF:no_observations|标普500ETF:no_observations|欧洲ETF:no_observations|沪深300ETF:no_observations|消费ETF:no_observations|煤炭ETF:no_observations|白银LOF:no_observations|科创50ETF:no_observations|纳指ETF:no_observations|能源化工期货ETF:no_observations|证券ETF:no_observations|豆粕ETF:no_observations|黄金ETF:no_observations
2007-07-13,1,60,红利ETF,10年国债ETF|5年国债ETF|中证1000ETF|中证2000ETF|中证500ETF|人工智能ETF|信用债ETF|军工ETF|创业板ETF|半导体ETF|原油ETF|可转债ETF|恒生ETF|新能源ETF|日利ETF|日经225ETF|有色金属期货ETF|标普500ETF|欧洲ETF|沪深300ETF|消费ETF|煤炭ETF|白银LOF|科创50ETF|纳指ETF|能源化工期货ETF|证券ETF|豆粕ETF|黄金ETF,10年国债ETF:no_observations|5年国债ETF:no_observations|中证1000ETF:no_observations|中证2000ETF:no_observations|中证500ETF:no_observations|人工智能ETF:no_observations|信用债ETF:no_observations|军工ETF:no_observations|创业板ETF:no_observations|半导体ETF:no_observations|原油ETF:no_observations|可转债ETF:no_observations|恒生ETF:no_observations|新能源ETF:no_observations|日利ETF:no_observations|日经225ETF:no_observations|有色金属期货ETF:no_observations|标普500ETF:no_observations|欧洲ETF:no_observations|沪深300ETF:no_observations|消费ETF:no_observations|煤炭ETF:no_observations|白银LOF:no_observations|科创50ETF:no_observations|纳指ETF:no_observations|能源化工期货ETF:no_observations|证券ETF:no_observations|豆粕ETF:no_observations|黄金ETF:no_observations
2007-07-20,1,60,红利ETF,10年国债ETF|5年国债ETF|中证1000ETF|中证2000ETF|中证500ETF|人工智能ETF|信用债ETF|军工ETF|创业板ETF|半导体ETF|原油ETF|可转债ETF|恒生ETF|新能源ETF|日利ETF|日经225ETF|有色金属期货ETF|标普500ETF|欧洲ETF|沪深300ETF|消费ETF|煤炭ETF|白银LOF|科创50ETF|纳指ETF|能源化工期货ETF|证券ETF|豆粕ETF|黄金ETF,10年国债ETF:no_observations|5年国债ETF:no_observations|中证1000ETF:no_observations|中证2000ETF:no_observations|中证500ETF:no_observations|人工智能ETF:no_observations|信用债ETF:no_observations|军工ETF:no_observations|创业板ETF:no_observations|半导体ETF:no_observations|原油ETF:no_observations|可转债ETF:no_observations|恒生ETF:no_observations|新能源ETF:no_observations|日利ETF:no_observations|日经225ETF:no_observations|有色金属期货ETF:no_observations|标普500ETF:no_observations|欧洲ETF:no_observations|沪深300ETF:no_observations|消费ETF:no_observations|煤炭ETF:no_observations|白银LOF:no_observations|科创50ETF:no_observations|纳指ETF:no_observations|能源化工期货ETF:no_observations|证券ETF:no_observations|豆粕ETF:no_observations|黄金ETF:no_observations
2007-07-27,1,60,红利ETF,10年国债ETF|5年国债ETF|中证1000ETF|中证2000ETF|中证500ETF|人工智能ETF|信用债ETF|军工ETF|创业板ETF|半导体ETF|原油ETF|可转债ETF|恒生ETF|新能源ETF|日利ETF|日经225ETF|有色金属期货ETF|标普500ETF|欧洲ETF|沪深300ETF|消费ETF|煤炭ETF|白银LOF|科创50ETF|纳指ETF|能源化工期货ETF|证券ETF|豆粕ETF|黄金ETF,10年国债ETF:no_observations|5年国债ETF:no_observations|中证1000ETF:no_observations|中证2000ETF:no_observations|中证500ETF:no_observations|人工智能ETF:no_observations|信用债ETF:no_observations|军工ETF:no_observations|创业板ETF:no_observations|半导体ETF:no_observations|原油ETF:no_observations|可转债ETF:no_observations|恒生ETF:no_observations|新能源ETF:no_observations|日利ETF:no_observations|日经225ETF:no_observations|有色金属期货ETF:no_observations|标普500ETF:no_observations|欧洲ETF:no_observations|沪深300ETF:no_observations|消费ETF:no_observations|煤炭ETF:no_observations|白银LOF:no_observations|科创50ETF:no_observations|纳指ETF:no_observations|能源化工期货ETF:no_observations|证券ETF:no_observations|豆粕ETF:no_observations|黄金ETF:no_observations
2007-08-03,1,60,红利ETF,10年国债ETF|5年国债ETF|中证1000ETF|中证2000ETF|中证500ETF|人工智能ETF|信用债ETF|军工ETF|创业板ETF|半导体ETF|原油ETF|可转债ETF|恒生ETF|新能源ETF|日利ETF|日经225ETF|有色金属期货ETF|标普500ETF|欧洲ETF|沪深300ETF|消费ETF|煤炭ETF|白银LOF|科创50ETF|纳指ETF|能源化工期货ETF|证券ETF|豆粕ETF|黄金ETF,10年国债ETF:no_observations|5年国债ETF:no_observations|中证1000ETF:no_observations|中证2000ETF:no_observations|中证500ETF:no_observations|人工智能ETF:no_observations|信用债ETF:no_observations|军工ETF:no_observations|创业板ETF:no_observations|半导体ETF:no_observations|原油ETF:no_observations|可转债ETF:no_observations|恒生ETF:no_observations|新能源ETF:no_observations|日利ETF:no_observations|日经225ETF:no_observations|有色金属期货ETF:no_observations|标普500ETF:no_observations|欧洲ETF:no_observations|沪深300ETF:no_observations|消费ETF:no_observations|煤炭ETF:no_observations|白银LOF:no_observations|科创50ETF:no_observations|纳指ETF:no_observations|能源化工期货ETF:no_observations|证券ETF:no_observations|豆粕ETF:no_observations|黄金ETF:no_observations
2007-08-10,1,60,红利ETF,10年国债ETF|5年国债ETF|中证1000ETF|中证2000ETF|中证500ETF|人工智能ETF|信用债ETF|军工ETF|创业板ETF|半导体ETF|原油ETF|可转债ETF|恒生ETF|新能源ETF|日利ETF|日经225ETF|有色金属期货ETF|标普500ETF|欧洲ETF|沪深300ETF|消费ETF|煤炭ETF|白银LOF|科创50ETF|纳指ETF|能源化工期货ETF|证券ETF|豆粕ETF|黄金ETF,10年国债ETF:no_observations|5年国债ETF:no_observations|中证1000ETF:no_observations|中证2000ETF:no_observations|中证500ETF:no_observations|人工智能ETF:no_observations|信用债ETF:no_observations|军工ETF:no_observations|创业板ETF:no_observations|半导体ETF:no_observations|原油ETF:no_observations|可转债ETF:no_observations|恒生ETF:no_observations|新能源ETF:no_observations|日利ETF:no_observations|日经225ETF:no_observations|有色金属期货ETF:no_observations|标普500ETF:no_observations|欧洲ETF:no_observations|沪深300ETF:no_observations|消费ETF:no_observations|煤炭ETF:no_observations|白银LOF:no_observations|科创50ETF:no_observations|纳指ETF:no_observations|能源化工期货ETF:no_observations|证券ETF:no_observations|豆粕ETF:no_observations|黄金ETF:no_observations
2007-08-17,1,60,红利ETF,10年国债ETF|5年国债ETF|中证1000ETF|中证2000ETF|中证500ETF|人工智能ETF|信用债ETF|军工ETF|创业板ETF|半导体ETF|原油ETF|可转债ETF|恒生ETF|新能源ETF|日利ETF|日经225ETF|有色金属期货ETF|标普500ETF|欧洲ETF|沪深300ETF|消费ETF|煤炭ETF|白银LOF|科创50ETF|纳指ETF|能源化工期货ETF|证券ETF|豆粕ETF|黄金ETF,10年国债ETF:no_observations|5年国债ETF:no_observations|中证1000ETF:no_observations|中证2000ETF:no_observations|中证500ETF:no_observations|人工智能ETF:no_observations|信用债ETF:no_observations|军工ETF:no_observations|创业板ETF:no_observations|半导体ETF:no_observations|原油ETF:no_observations|可转债ETF:no_observations|恒生ETF:no_observations|新能源ETF:no_observations|日利ETF:no_observations|日经225ETF:no_observations|有色金属期货ETF:no_observations|标普500ETF:no_observations|欧洲ETF:no_observations|沪深300ETF:no_observations|消费ETF:no_observations|煤炭ETF:no_observations|白银LOF:no_observations|科创50ETF:no_observations|纳指ETF:no_observations|能源化工期货ETF:no_observations|证券ETF:no_observations|豆粕ETF:no_observations|黄金ETF:no_observations
2007-08-24,1,60,红利ETF,10年国债ETF|5年国债ETF|中证1000ETF|中证2000ETF|中证500ETF|人工智能ETF|信用债ETF|军工ETF|创业板ETF|半导体ETF|原油ETF|可转债ETF|恒生ETF|新能源ETF|日利ETF|日经225ETF|有色金属期货ETF|标普500ETF|欧洲ETF|沪深300ETF|消费ETF|煤炭ETF|白银LOF|科创50ETF|纳指ETF|能源化工期货ETF|证券ETF|豆粕ETF|黄金ETF,10年国债ETF:no_observations|5年国债ETF:no_observations|中证1000ETF:no_observations|中证2000ETF:no_observations|中证500ETF:no_observations|人工智能ETF:no_observations|信用债ETF:no_observations|军工ETF:no_observations|创业板ETF:no_observations|半导体ETF:no_observations|原油ETF:no_observations|可转债ETF:no_observations|恒生ETF:no_observations|新能源ETF:no_observations|日利ETF:no_observations|日经225ETF:no_observations|有色金属期货ETF:no_observations|标普500ETF:no_observations|欧洲ETF:no_observations|沪深300ETF:no_observations|消费ETF:no_observations|煤炭ETF:no_observations|白银LOF:no_observations|科创50ETF:no_observations|纳指ETF:no_observations|能源化工期货ETF:no_observations|证券ETF:no_observations|豆粕ETF:no_observations|黄金ETF:no_observations
2007-08-31,1,60,红利ETF,10年国债ETF|5年国债ETF|中证1000ETF|中证2000ETF|中证500ETF|人工智能ETF|信用债ETF|军工ETF|创业板ETF|半导体ETF|原油ETF|可转债ETF|恒生ETF|新能源ETF|日利ETF|日经225ETF|有色金属期货ETF|标普500ETF|欧洲ETF|沪深300ETF|消费ETF|煤炭ETF|白银LOF|科创50ETF|纳指ETF|能源化工期货ETF|证券ETF|豆粕ETF|黄金ETF,10年国债ETF:no_observations|5年国债ETF:no_observations|中证1000ETF:no_observations|中证2000ETF:no_observations|中证500ETF:no_observations|人工智能ETF:no_observations|信用债ETF:no_observations|军工ETF:no_observations|创业板ETF:no_observations|半导体ETF:no_observations|原油ETF:no_observations|可转债ETF:no_observations|恒生ETF:no_observations|新能源ETF:no_observations|日利ETF:no_observations|日经225ETF:no_observations|有色金属期货ETF:no_observations|标普500ETF:no_observations|欧洲ETF:no_observations|沪深300ETF:no_observations|消费ETF:no_observations|煤炭ETF:no_observations|白银LOF:no_observations|科创50ETF:no_observations|纳指ETF:no_observations|能源化工期货ETF:no_observations|证券ETF:no_observations|豆粕ETF:no_observations|黄金ETF:no_observations
2007-09-07,1,60,红利ETF,10年国债ETF|5年国债ETF|中证1000ETF|中证2000ETF|中证500ETF|人工智能ETF|信用债ETF|军工ETF|创业板ETF|半导体ETF|原油ETF|可转债ETF|恒生ETF|新能源ETF|日利ETF|日经225ETF|有色金属期货ETF|标普500ETF|欧洲ETF|沪深300ETF|消费ETF|煤炭ETF|白银LOF|科创50ETF|纳指ETF|能源化工期货ETF|证券ETF|豆粕ETF|黄金ETF,10年国债ETF:no_observations|5年国债ETF:no_observations|中证1000ETF:no_observations|中证2000ETF:no_observations|中证500ETF:no_observations|人工智能ETF:no_observations|信用债ETF:no_observations|军工ETF:no_observations|创业板ETF:no_observations|半导体ETF:no_observations|原油ETF:no_observations|可转债ETF:no_observations|恒生ETF:no_observations|新能源ETF:no_observations|日利ETF:no_observations|日经225ETF:no_observations|有色金属期货ETF:no_observations|标普500ETF:no_observations|欧洲ETF:no_observations|沪深300ETF:no_observations|消费ETF:no_observations|煤炭ETF:no_observations|白银LOF:no_observations|科创50ETF:no_observations|纳指ETF:no_observations|能源化工期货ETF:no_observations|证券ETF:no_observations|豆粕ETF:no_observations|黄金ETF:no_observations
2007-09-14,1,60,红利ETF,10年国债ETF|5年国债ETF|中证1000ETF|中证2000ETF|中证500ETF|人工智能ETF|信用债ETF|军工ETF|创业板ETF|半导体ETF|原油ETF|可转债ETF|恒生ETF|新能源ETF|日利ETF|日经225ETF|有色金属期货ETF|标普500ETF|欧洲ETF|沪深300ETF|消费ETF|煤炭ETF|白银LOF|科创50ETF|纳指ETF|能源化工期货ETF|证券ETF|豆粕ETF|黄金ETF,10年国债ETF:no_observations|5年国债ETF:no_observations|中证1000ETF:no_observations|中证2000ETF:no_observations|中证500ETF:no_observations|人工智能ETF:no_observations|信用债ETF:no_observations|军工ETF:no_observations|创业板ETF:no_observations|半导体ETF:no_observations|原油ETF:no_observations|可转债ETF:no_observations|恒生ETF:no_observations|新能源ETF:no_observations|日利ETF:no_observations|日经225ETF:no_observations|有色金属期货ETF:no_observations|标普500ETF:no_observations|欧洲ETF:no_observations|沪深300ETF:no_observations|消费ETF:no_observations|煤炭ETF:no_observations|白银LOF:no_observations|科创50ETF:no_observations|纳指ETF:no_observations|能源化工期货ETF:no_observations|证券ETF:no_observations|豆粕ETF:no_observations|黄金ETF:no_observations
2007-09-21,1,60,红利ETF,10年国债ETF|5年国债ETF|中证1000ETF|中证2000ETF|中证500ETF|人工智能ETF|信用债ETF|军工ETF|创业板ETF|半导体ETF|原油ETF|可转债ETF|恒生ETF|新能源ETF|日利ETF|日经225ETF|有色金属期货ETF|标普500ETF|欧洲ETF|沪深300ETF|消费ETF|煤炭ETF|白银LOF|科创50ETF|纳指ETF|能源化工期货ETF|证券ETF|豆粕ETF|黄金ETF,10年国债ETF:no_observations|5年国债ETF:no_observations|中证1000ETF:no_observations|中证2000ETF:no_observations|中证500ETF:no_observations|人工智能ETF:no_observations|信用债ETF:no_observations|军工ETF:no_observations|创业板ETF:no_observations|半导体ETF:no_observations|原油ETF:no_observations|可转债ETF:no_observations|恒生ETF:no_observations|新能源ETF:no_observations|日利ETF:no_observations|日经225ETF:no_observations|有色金属期货ETF:no_observations|标普500ETF:no_observations|欧洲ETF:no_observations|沪深300ETF:no_observations|消费ETF:no_observations|煤炭ETF:no_observations|白银LOF:no_observations|科创50ETF:no_observations|纳指ETF:no_observations|能源化工期货ETF:no_observations|证券ETF:no_observations|豆粕ETF:no_observations|黄金ETF:no_observations
2007-09-28,1,60,红利ETF,10年国债ETF|5年国债ETF|中证1000ETF|中证2000ETF|中证500ETF|人工智能ETF|信用债ETF|军工ETF|创业板ETF|半导体ETF|原油ETF|可转债ETF|恒生ETF|新能源ETF|日利ETF|日经225ETF|有色金属期货ETF|标普500ETF|欧洲ETF|沪深300ETF|消费ETF|煤炭ETF|白银LOF|科创50ETF|纳指ETF|能源化工期货ETF|证券ETF|豆粕ETF|黄金ETF,10年国债ETF:no_observations|5年国债ETF:no_observations|中证1000ETF:no_observations|中证2000ETF:no_observations|中证500ETF:no_observations|人工智能ETF:no_observations|信用债ETF:no_observations|军工ETF:no_observations|创业板ETF:no_observations|半导体ETF:no_observations|原油ETF:no_observations|可转债ETF:no_observations|恒生ETF:no_observations|新能源ETF:no_observations|日利ETF:no_observations|日经225ETF:no_observations|有色金属期货ETF:no_observations|标普500ETF:no_observations|欧洲ETF:no_observations|沪深300ETF:no_observations|消费ETF:no_observations|煤炭ETF:no_observations|白银LOF:no_observations|科创50ETF:no_observations|纳指ETF:no_observations|能源化工期货ETF:no_observations|证券ETF:no_observations|豆粕ETF:no_observations|黄金ETF:no_observations
2007-10-12,1,60,红利ETF,10年国债ETF|5年国债ETF|中证1000ETF|中证2000ETF|中证500ETF|人工智能ETF|信用债ETF|军工ETF|创业板ETF|半导体ETF|原油ETF|可转债ETF|恒生ETF|新能源ETF|日利ETF|日经225ETF|有色金属期货ETF|标普500ETF|欧洲ETF|沪深300ETF|消费ETF|煤炭ETF|白银LOF|科创50ETF|纳指ETF|能源化工期货ETF|证券ETF|豆粕ETF|黄金ETF,10年国债ETF:no_observations|5年国债ETF:no_observations|中证1000ETF:no_observations|中证2000ETF:no_observations|中证500ETF:no_observations|人工智能ETF:no_observations|信用债ETF:no_observations|军工ETF:no_observations|创业板ETF:no_observations|半导体ETF:no_observations|原油ETF:no_observations|可转债ETF:no_observations|恒生ETF:no_observations|新能源ETF:no_observations|日利ETF:no_observations|日经225ETF:no_observations|有色金属期货ETF:no_observations|标普500ETF:no_observations|欧洲ETF:no_observations|沪深300ETF:no_observations|消费ETF:no_observations|煤炭ETF:no_observations|白银LOF:no_observations|科创50ETF:no_observations|纳指ETF:no_observations|能源化工期货ETF:no_observations|证券ETF:no_observations|豆粕ETF:no_observations|黄金ETF:no_observations
2007-10-19,1,60,红利ETF,10年国债ETF|5年国债ETF|中证1000ETF|中证2000ETF|中证500ETF|人工智能ETF|信用债ETF|军工ETF|创业板ETF|半导体ETF|原油ETF|可转债ETF|恒生ETF|新能源ETF|日利ETF|日经225ETF|有色金属期货ETF|标普500ETF|欧洲ETF|沪深300ETF|消费ETF|煤炭ETF|白银LOF|科创50ETF|纳指ETF|能源化工期货ETF|证券ETF|豆粕ETF|黄金ETF,10年国债ETF:no_observations|5年国债ETF:no_observations|中证1000ETF:no_observations|中证2000ETF:no_observations|中证500ETF:no_observations|人工智能ETF:no_observations|信用债ETF:no_observations|军工ETF:no_observations|创业板ETF:no_observations|半导体ETF:no_observations|原油ETF:no_observations|可转债ETF:no_observations|恒生ETF:no_observations|新能源ETF:no_observations|日利ETF:no_observations|日经225ETF:no_observations|有色金属期货ETF:no_observations|标普500ETF:no_observations|欧洲ETF:no_observations|沪深300ETF:no_observations|消费ETF:no_observations|煤炭ETF:no_observations|白银LOF:no_observations|科创50ETF:no_observations|纳指ETF:no_observations|能源化工期货ETF:no_observations|证券ETF:no_observations|豆粕ETF:no_observations|黄金ETF:no_observations
2007-10-26,1,60,红利ETF,10年国债ETF|5年国债ETF|中证1000ETF|中证2000ETF|中证500ETF|人工智能ETF|信用债ETF|军工ETF|创业板ETF|半导体ETF|原油ETF|可转债ETF|恒生ETF|新能源ETF|日利ETF|日经225ETF|有色金属期货ETF|标普500ETF|欧洲ETF|沪深300ETF|消费ETF|煤炭ETF|白银LOF|科创50ETF|纳指ETF|能源化工期货ETF|证券ETF|豆粕ETF|黄金ETF,10年国债ETF:no_observations|5年国债ETF:no_observations|中证1000ETF:no_observations|中证2000ETF:no_observations|中证500ETF:no_observations|人工智能ETF:no_observations|信用债ETF:no_observations|军工ETF:no_observations|创业板ETF:no_observations|半导体ETF:no_observations|原油ETF:no_observations|可转债ETF:no_observations|恒生ETF:no_observations|新能源ETF:no_observations|日利ETF:no_observations|日经225ETF:no_observations|有色金属期货ETF:no_observations|标普500ETF:no_observations|欧洲ETF:no_observations|沪深300ETF:no_observations|消费ETF:no_observations|煤炭ETF:no_observations|白银LOF:no_observations|科创50ETF:no_observations|纳指ETF:no_observations|能源化工期货ETF:no_observations|证券ETF:no_observations|豆粕ETF:no_observations|黄金ETF:no_observations
2007-11-02,1,60,红利ETF,10年国债ETF|5年国债ETF|中证1000ETF|中证2000ETF|中证500ETF|人工智能ETF|信用债ETF|军工ETF|创业板ETF|半导体ETF|原油ETF|可转债ETF|恒生ETF|新能源ETF|日利ETF|日经225ETF|有色金属期货ETF|标普500ETF|欧洲ETF|沪深300ETF|消费ETF|煤炭ETF|白银LOF|科创50ETF|纳指ETF|能源化工期货ETF|证券ETF|豆粕ETF|黄金ETF,10年国债ETF:no_observations|5年国债ETF:no_observations|中证1000ETF:no_observations|中证2000ETF:no_observations|中证500ETF:no_observations|人工智能ETF:no_observations|信用债ETF:no_observations|军工ETF:no_observations|创业板ETF:no_observations|半导体ETF:no_observations|原油ETF:no_observations|可转债ETF:no_observations|恒生ETF:no_observations|新能源ETF:no_observations|日利ETF:no_observations|日经225ETF:no_observations|有色金属期货ETF:no_observations|标普500ETF:no_observations|欧洲ETF:no_observations|沪深300ETF:no_observations|消费ETF:no_observations|煤炭ETF:no_observations|白银LOF:no_observations|科创50ETF:no_observations|纳指ETF:no_observations|能源化工期货ETF:no_observations|证券ETF:no_observations|豆粕ETF:no_observations|黄金ETF:no_observations
2007-11-09,1,60,红利ETF,10年国债ETF|5年国债ETF|中证1000ETF|中证2000ETF|中证500ETF|人工智能ETF|信用债ETF|军工ETF|创业板ETF|半导体ETF|原油ETF|可转债ETF|恒生ETF|新能源ETF|日利ETF|日经225ETF|有色金属期货ETF|标普500ETF|欧洲ETF|沪深300ETF|消费ETF|煤炭ETF|白银LOF|科创50ETF|纳指ETF|能源化工期货ETF|证券ETF|豆粕ETF|黄金ETF,10年国债ETF:no_observations|5年国债ETF:no_observations|中证1000ETF:no_observations|中证2000ETF:no_observations|中证500ETF:no_observations|人工智能ETF:no_observations|信用债ETF:no_observations|军工ETF:no_observations|创业板ETF:no_observations|半导体ETF:no_observations|原油ETF:no_observations|可转债ETF:no_observations|恒生ETF:no_observations|新能源ETF:no_observations|日利ETF:no_observations|日经225ETF:no_observations|有色金属期货ETF:no_observations|标普500ETF:no_observations|欧洲ETF:no_observations|沪深300ETF:no_observations|消费ETF:no_observations|煤炭ETF:no_observations|白银LOF:no_observations|科创50ETF:no_observations|纳指ETF:no_observations|能源化工期货ETF:no_observations|证券ETF:no_observations|豆粕ETF:no_observations|黄金ETF:no_observations
2007-11-16,1,60,红利ETF,10年国债ETF|5年国债ETF|中证1000ETF|中证2000ETF|中证500ETF|人工智能ETF|信用债ETF|军工ETF|创业板ETF|半导体ETF|原油ETF|可转债ETF|恒生ETF|新能源ETF|日利ETF|日经225ETF|有色金属期货ETF|标普500ETF|欧洲ETF|沪深300ETF|消费ETF|煤炭ETF|白银LOF|科创50ETF|纳指ETF|能源化工期货ETF|证券ETF|豆粕ETF|黄金ETF,10年国债ETF:no_observations|5年国债ETF:no_observations|中证1000ETF:no_observations|中证2000ETF:no_observations|中证500ETF:no_observations|人工智能ETF:no_observations|信用债ETF:no_observations|军工ETF:no_observations|创业板ETF:no_observations|半导体ETF:no_observations|原油ETF:no_observations|可转债ETF:no_observations|恒生ETF:no_observations|新能源ETF:no_observations|日利ETF:no_observations|日经225ETF:no_observations|有色金属期货ETF:no_observations|标普500ETF:no_observations|欧洲ETF:no_observations|沪深300ETF:no_observations|消费ETF:no_observations|煤炭ETF:no_observations|白银LOF:no_observations|科创50ETF:no_observations|纳指ETF:no_observations|能源化工期货ETF:no_observations|证券ETF:no_observations|豆粕ETF:no_observations|黄金ETF:no_observations
2007-11-23,1,60,红利ETF,10年国债ETF|5年国债ETF|中证1000ETF|中证2000ETF|中证500ETF|人工智能ETF|信用债ETF|军工ETF|创业板ETF|半导体ETF|原油ETF|可转债ETF|恒生ETF|新能源ETF|日利ETF|日经225ETF|有色金属期货ETF|标普500ETF|欧洲ETF|沪深300ETF|消费ETF|煤炭ETF|白银LOF|科创50ETF|纳指ETF|能源化工期货ETF|证券ETF|豆粕ETF|黄金ETF,10年国债ETF:no_observations|5年国债ETF:no_observations|中证1000ETF:no_observations|中证2000ETF:no_observations|中证500ETF:no_observations|人工智能ETF:no_observations|信用债ETF:no_observations|军工ETF:no_observations|创业板ETF:no_observations|半导体ETF:no_observations|原油ETF:no_observations|可转债ETF:no_observations|恒生ETF:no_observations|新能源ETF:no_observations|日利ETF:no_observations|日经225ETF:no_observations|有色金属期货ETF:no_observations|标普500ETF:no_observations|欧洲ETF:no_observations|沪深300ETF:no_observations|消费ETF:no_observations|煤炭ETF:no_observations|白银LOF:no_observations|科创50ETF:no_observations|纳指ETF:no_observations|能源化工期货ETF:no_observations|证券ETF:no_observations|豆粕ETF:no_observations|黄金ETF:no_observations
2007-11-30,1,60,红利ETF,10年国债ETF|5年国债ETF|中证1000ETF|中证2000ETF|中证500ETF|人工智能ETF|信用债ETF|军工ETF|创业板ETF|半导体ETF|原油ETF|可转债ETF|恒生ETF|新能源ETF|日利ETF|日经225ETF|有色金属期货ETF|标普500ETF|欧洲ETF|沪深300ETF|消费ETF|煤炭ETF|白银LOF|科创50ETF|纳指ETF|能源化工期货ETF|证券ETF|豆粕ETF|黄金ETF,10年国债ETF:no_observations|5年国债ETF:no_observations|中证1000ETF:no_observations|中证2000ETF:no_observations|中证500ETF:no_observations|人工智能ETF:no_observations|信用债ETF:no_observations|军工ETF:no_observations|创业板ETF:no_observations|半导体ETF:no_observations|原油ETF:no_observations|可转债ETF:no_observations|恒生ETF:no_observations|新能源ETF:no_observations|日利ETF:no_observations|日经225ETF:no_observations|有色金属期货ETF:no_observations|标普500ETF:no_observations|欧洲ETF:no_observations|沪深300ETF:no_observations|消费ETF:no_observations|煤炭ETF:no_observations|白银LOF:no_observations|科创50ETF:no_observations|纳指ETF:no_observations|能源化工期货ETF:no_observations|证券ETF:no_observations|豆粕ETF:no_observations|黄金ETF:no_observations
2007-12-07,1,60,红利ETF,10年国债ETF|5年国债ETF|中证1000ETF|中证2000ETF|中证500ETF|人工智能ETF|信用债ETF|军工ETF|创业板ETF|半导体ETF|原油ETF|可转债ETF|恒生ETF|新能源ETF|日利ETF|日经225ETF|有色金属期货ETF|标普500ETF|欧洲ETF|沪深300ETF|消费ETF|煤炭ETF|白银LOF|科创50ETF|纳指ETF|能源化工期货ETF|证券ETF|豆粕ETF|黄金ETF,10年国债ETF:no_observations|5年国债ETF:no_observations|中证1000ETF:no_observations|中证2000ETF:no_observations|中证500ETF:no_observations|人工智能ETF:no_observations|信用债ETF:no_observations|军工ETF:no_observations|创业板ETF:no_observations|半导体ETF:no_observations|原油ETF:no_observations|可转债ETF:no_observations|恒生ETF:no_observations|新能源ETF:no_observations|日利ETF:no_observations|日经225ETF:no_observations|有色金属期货ETF:no_observations|标普500ETF:no_observations|欧洲ETF:no_observations|沪深300ETF:no_observations|消费ETF:no_observations|煤炭ETF:no_observations|白银LOF:no_observations|科创50ETF:no_observations|纳指ETF:no_observations|能源化工期货ETF:no_observations|证券ETF:no_observations|豆粕ETF:no_observations|黄金ETF:no_observations
2007-12-14,1,60,红利ETF,10年国债ETF|5年国债ETF|中证1000ETF|中证2000ETF|中证500ETF|人工智能ETF|信用债ETF|军工ETF|创业板ETF|半导体ETF|原油ETF|可转债ETF|恒生ETF|新能源ETF|日利ETF|日经225ETF|有色金属期货ETF|标普500ETF|欧洲ETF|沪深300ETF|消费ETF|煤炭ETF|白银LOF|科创50ETF|纳指ETF|能源化工期货ETF|证券ETF|豆粕ETF|黄金ETF,10年国债ETF:no_observations|5年国债ETF:no_observations|中证1000ETF:no_observations|中证2000ETF:no_observations|中证500ETF:no_observations|人工智能ETF:no_observations|信用债ETF:no_observations|军工ETF:no_observations|创业板ETF:no_observations|半导体ETF:no_observations|原油ETF:no_observations|可转债ETF:no_observations|恒生ETF:no_observations|新能源ETF:no_observations|日利ETF:no_observations|日经225ETF:no_observations|有色金属期货ETF:no_observations|标普500ETF:no_observations|欧洲ETF:no_observations|沪深300ETF:no_observations|消费ETF:no_observations|煤炭ETF:no_observations|白银LOF:no_observations|科创50ETF:no_observations|纳指ETF:no_observations|能源化工期货ETF:no_observations|证券ETF:no_observations|豆粕ETF:no_observations|黄金ETF:no_observations
2007-12-21,1,60,红利ETF,10年国债ETF|5年国债ETF|中证1000ETF|中证2000ETF|中证500ETF|人工智能ETF|信用债ETF|军工ETF|创业板ETF|半导体ETF|原油ETF|可转债ETF|恒生ETF|新能源ETF|日利ETF|日经225ETF|有色金属期货ETF|标普500ETF|欧洲ETF|沪深300ETF|消费ETF|煤炭ETF|白银LOF|科创50ETF|纳指ETF|能源化工期货ETF|证券ETF|豆粕ETF|黄金ETF,10年国债ETF:no_observations|5年国债ETF:no_observations|中证1000ETF:no_observations|中证2000ETF:no_observations|中证500ETF:no_observations|人工智能ETF:no_observations|信用债ETF:no_observations|军工ETF:no_observations|创业板ETF:no_observations|半导体ETF:no_observations|原油ETF:no_observations|可转债ETF:no_observations|恒生ETF:no_observations|新能源ETF:no_observations|日利ETF:no_observations|日经225ETF:no_observations|有色金属期货ETF:no_observations|标普500ETF:no_observations|欧洲ETF:no_observations|沪深300ETF:no_observations|消费ETF:no_observations|煤炭ETF:no_observations|白银LOF:no_observations|科创50ETF:no_observations|纳指ETF:no_observations|能源化工期货ETF:no_observations|证券ETF:no_observations|豆粕ETF:no_observations|黄金ETF:no_observations
2007-12-28,1,60,红利ETF,10年国债ETF|5年国债ETF|中证1000ETF|中证2000ETF|中证500ETF|人工智能ETF|信用债ETF|军工ETF|创业板ETF|半导体ETF|原油ETF|可转债ETF|恒生ETF|新能源ETF|日利ETF|日经225ETF|有色金属期货ETF|标普500ETF|欧洲ETF|沪深300ETF|消费ETF|煤炭ETF|白银LOF|科创50ETF|纳指ETF|能源化工期货ETF|证券ETF|豆粕ETF|黄金ETF,10年国债ETF:no_observations|5年国债ETF:no_observations|中证1000ETF:no_observations|中证2000ETF:no_observations|中证500ETF:no_observations|人工智能ETF:no_observations|信用债ETF:no_observations|军工ETF:no_observations|创业板ETF:no_observations|半导体ETF:no_observations|原油ETF:no_observations|可转债ETF:no_observations|恒生ETF:no_observations|新能源ETF:no_observations|日利ETF:no_observations|日经225ETF:no_observations|有色金属期货ETF:no_observations|标普500ETF:no_observations|欧洲ETF:no_observations|沪深300ETF:no_observations|消费ETF:no_observations|煤炭ETF:no_observations|白银LOF:no_observations|科创50ETF:no_observations|纳指ETF:no_observations|能源化工期货ETF:no_observations|证券ETF:no_observations|豆粕ETF:no_observations|黄金ETF:no_observations
2008-01-04,1,60,红利ETF,10年国债ETF|5年国债ETF|中证1000ETF|中证2000ETF|中证500ETF|人工智能ETF|信用债ETF|军工ETF|创业板ETF|半导体ETF|原油ETF|可转债ETF|恒生ETF|新能源ETF|日利ETF|日经225ETF|有色金属期货ETF|标普500ETF|欧洲ETF|沪深300ETF|消费ETF|煤炭ETF|白银LOF|科创50ETF|纳指ETF|能源化工期货ETF|证券ETF|豆粕ETF|黄金ETF,10年国债ETF:no_observations|5年国债ETF:no_observations|中证1000ETF:no_observations|中证2000ETF:no_observations|中证500ETF:no_observations|人工智能ETF:no_observations|信用债ETF:no_observations|军工ETF:no_observations|创业板ETF:no_observations|半导体ETF:no_observations|原油ETF:no_observations|可转债ETF:no_observations|恒生ETF:no_observations|新能源ETF:no_observations|日利ETF:no_observations|日经225ETF:no_observations|有色金属期货ETF:no_observations|标普500ETF:no_observations|欧洲ETF:no_observations|沪深300ETF:no_observations|消费ETF:no_observations|煤炭ETF:no_observations|白银LOF:no_observations|科创50ETF:no_observations|纳指ETF:no_observations|能源化工期货ETF:no_observations|证券ETF:no_observations|豆粕ETF:no_observations|黄金ETF:no_observations
2008-01-11,1,60,红利ETF,10年国债ETF|5年国债ETF|中证1000ETF|中证2000ETF|中证500ETF|人工智能ETF|信用债ETF|军工ETF|创业板ETF|半导体ETF|原油ETF|可转债ETF|恒生ETF|新能源ETF|日利ETF|日经225ETF|有色金属期货ETF|标普500ETF|欧洲ETF|沪深300ETF|消费ETF|煤炭ETF|白银LOF|科创50ETF|纳指ETF|能源化工期货ETF|证券ETF|豆粕ETF|黄金ETF,10年国债ETF:no_observations|5年国债ETF:no_observations|中证1000ETF:no_observations|中证2000ETF:no_observations|中证500ETF:no_observations|人工智能ETF:no_observations|信用债ETF:no_observations|军工ETF:no_observations|创业板ETF:no_observations|半导体ETF:no_observations|原油ETF:no_observations|可转债ETF:no_observations|恒生ETF:no_observations|新能源ETF:no_observations|日利ETF:no_observations|日经225ETF:no_observations|有色金属期货ETF:no_observations|标普500ETF:no_observations|欧洲ETF:no_observations|沪深300ETF:no_observations|消费ETF:no_observations|煤炭ETF:no_observations|白银LOF:no_observations|科创50ETF:no_observations|纳指ETF:no_observations|能源化工期货ETF:no_observations|证券ETF:no_observations|豆粕ETF:no_observations|黄金ETF:no_observations
2008-01-18,1,60,红利ETF,10年国债ETF|5年国债ETF|中证1000ETF|中证2000ETF|中证500ETF|人工智能ETF|信用债ETF|军工ETF|创业板ETF|半导体ETF|原油ETF|可转债ETF|恒生ETF|新能源ETF|日利ETF|日经225ETF|有色金属期货ETF|标普500ETF|欧洲ETF|沪深300ETF|消费ETF|煤炭ETF|白银LOF|科创50ETF|纳指ETF|能源化工期货ETF|证券ETF|豆粕ETF|黄金ETF,10年国债ETF:no_observations|5年国债ETF:no_observations|中证1000ETF:no_observations|中证2000ETF:no_observations|中证500ETF:no_observations|人工智能ETF:no_observations|信用债ETF:no_observations|军工ETF:no_observations|创业板ETF:no_observations|半导体ETF:no_observations|原油ETF:no_observations|可转债ETF:no_observations|恒生ETF:no_observations|新能源ETF:no_observations|日利ETF:no_observations|日经225ETF:no_observations|有色金属期货ETF:no_observations|标普500ETF:no_observations|欧洲ETF:no_observations|沪深300ETF:no_observations|消费ETF:no_observations|煤炭ETF:no_observations|白银LOF:no_observations|科创50ETF:no_observations|纳指ETF:no_observations|能源化工期货ETF:no_observations|证券ETF:no_observations|豆粕ETF:no_observations|黄金ETF:no_observations
2008-01-25,1,60,红利ETF,10年国债ETF|5年国债ETF|中证1000ETF|中证2000ETF|中证500ETF|人工智能ETF|信用债ETF|军工ETF|创业板ETF|半导体ETF|原油ETF|可转债ETF|恒生ETF|新能源ETF|日利ETF|日经225ETF|有色金属期货ETF|标普500ETF|欧洲ETF|沪深300ETF|消费ETF|煤炭ETF|白银LOF|科创50ETF|纳指ETF|能源化工期货ETF|证券ETF|豆粕ETF|黄金ETF,10年国债ETF:no_observations|5年国债ETF:no_observations|中证1000ETF:no_observations|中证2000ETF:no_observations|中证500ETF:no_observations|人工智能ETF:no_observations|信用债ETF:no_observations|军工ETF:no_observations|创业板ETF:no_observations|半导体ETF:no_observations|原油ETF:no_observations|可转债ETF:no_observations|恒生ETF:no_observations|新能源ETF:no_observations|日利ETF:no_observations|日经225ETF:no_observations|有色金属期货ETF:no_observations|标普500ETF:no_observations|欧洲ETF:no_observations|沪深300ETF:no_observations|消费ETF:no_observations|煤炭ETF:no_observations|白银LOF:no_observations|科创50ETF:no_observations|纳指ETF:no_observations|能源化工期货ETF:no_observations|证券ETF:no_observations|豆粕ETF:no_observations|黄金ETF:no_observations
2008-02-01,1,60,红利ETF,10年国债ETF|5年国债ETF|中证1000ETF|中证2000ETF|中证500ETF|人工智能ETF|信用债ETF|军工ETF|创业板ETF|半导体ETF|原油ETF|可转债ETF|恒生ETF|新能源ETF|日利ETF|日经225ETF|有色金属期货ETF|标普500ETF|欧洲ETF|沪深300ETF|消费ETF|煤炭ETF|白银LOF|科创50ETF|纳指ETF|能源化工期货ETF|证券ETF|豆粕ETF|黄金ETF,10年国债ETF:no_observations|5年国债ETF:no_observations|中证1000ETF:no_observations|中证2000ETF:no_observations|中证500ETF:no_observations|人工智能ETF:no_observations|信用债ETF:no_observations|军工ETF:no_observations|创业板ETF:no_observations|半导体ETF:no_observations|原油ETF:no_observations|可转债ETF:no_observations|恒生ETF:no_observations|新能源ETF:no_observations|日利ETF:no_observations|日经225ETF:no_observations|有色金属期货ETF:no_observations|标普500ETF:no_observations|欧洲ETF:no_observations|沪深300ETF:no_observations|消费ETF:no_observations|煤炭ETF:no_observations|白银LOF:no_observations|科创50ETF:no_observations|纳指ETF:no_observations|能源化工期货ETF:no_observations|证券ETF:no_observations|豆粕ETF:no_observations|黄金ETF:no_observations
2008-02-05,1,60,红利ETF,10年国债ETF|5年国债ETF|中证1000ETF|中证2000ETF|中证500ETF|人工智能ETF|信用债ETF|军工ETF|创业板ETF|半导体ETF|原油ETF|可转债ETF|恒生ETF|新能源ETF|日利ETF|日经225ETF|有色金属期货ETF|标普500ETF|欧洲ETF|沪深300ETF|消费ETF|煤炭ETF|白银LOF|科创50ETF|纳指ETF|能源化工期货ETF|证券ETF|豆粕ETF|黄金ETF,10年国债ETF:no_observations|5年国债ETF:no_observations|中证1000ETF:no_observations|中证2000ETF:no_observations|中证500ETF:no_observations|人工智能ETF:no_observations|信用债ETF:no_observations|军工ETF:no_observations|创业板ETF:no_observations|半导体ETF:no_observations|原油ETF:no_observations|可转债ETF:no_observations|恒生ETF:no_observations|新能源ETF:no_observations|日利ETF:no_observations|日经225ETF:no_observations|有色金属期货ETF:no_observations|标普500ETF:no_observations|欧洲ETF:no_observations|沪深300ETF:no_observations|消费ETF:no_observations|煤炭ETF:no_observations|白银LOF:no_observations|科创50ETF:no_observations|纳指ETF:no_observations|能源化工期货ETF:no_observations|证券ETF:no_observations|豆粕ETF:no_observations|黄金ETF:no_observations
2008-02-15,1,60,红利ETF,10年国债ETF|5年国债ETF|中证1000ETF|中证2000ETF|中证500ETF|人工智能ETF|信用债ETF|军工ETF|创业板ETF|半导体ETF|原油ETF|可转债ETF|恒生ETF|新能源ETF|日利ETF|日经225ETF|有色金属期货ETF|标普500ETF|欧洲ETF|沪深300ETF|消费ETF|煤炭ETF|白银LOF|科创50ETF|纳指ETF|能源化工期货ETF|证券ETF|豆粕ETF|黄金ETF,10年国债ETF:no_observations|5年国债ETF:no_observations|中证1000ETF:no_observations|中证2000ETF:no_observations|中证500ETF:no_observations|人工智能ETF:no_observations|信用债ETF:no_observations|军工ETF:no_observations|创业板ETF:no_observations|半导体ETF:no_observations|原油ETF:no_observations|可转债ETF:no_observations|恒生ETF:no_observations|新能源ETF:no_observations|日利ETF:no_observations|日经225ETF:no_observations|有色金属期货ETF:no_observations|标普500ETF:no_observations|欧洲ETF:no_observations|沪深300ETF:no_observations|消费ETF:no_observations|煤炭ETF:no_observations|白银LOF:no_observations|科创50ETF:no_observations|纳指ETF:no_observations|能源化工期货ETF:no_observations|证券ETF:no_observations|豆粕ETF:no_observations|黄金ETF:no_observations
2008-02-22,1,60,红利ETF,10年国债ETF|5年国债ETF|中证1000ETF|中证2000ETF|中证500ETF|人工智能ETF|信用债ETF|军工ETF|创业板ETF|半导体ETF|原油ETF|可转债ETF|恒生ETF|新能源ETF|日利ETF|日经225ETF|有色金属期货ETF|标普500ETF|欧洲ETF|沪深300ETF|消费ETF|煤炭ETF|白银LOF|科创50ETF|纳指ETF|能源化工期货ETF|证券ETF|豆粕ETF|黄金ETF,10年国债ETF:no_observations|5年国债ETF:no_observations|中证1000ETF:no_observations|中证2000ETF:no_observations|中证500ETF:no_observations|人工智能ETF:no_observations|信用债ETF:no_observations|军工ETF:no_observations|创业板ETF:no_observations|半导体ETF:no_observations|原油ETF:no_observations|可转债ETF:no_observations|恒生ETF:no_observations|新能源ETF:no_observations|日利ETF:no_observations|日经225ETF:no_observations|有色金属期货ETF:no_observations|标普500ETF:no_observations|欧洲ETF:no_observations|沪深300ETF:no_observations|消费ETF:no_observations|煤炭ETF:no_observations|白银LOF:no_observations|科创50ETF:no_observations|纳指ETF:no_observations|能源化工期货ETF:no_observations|证券ETF:no_observations|豆粕ETF:no_observations|黄金ETF:no_observations
2008-02-29,1,60,红利ETF,10年国债ETF|5年国债ETF|中证1000ETF|中证2000ETF|中证500ETF|人工智能ETF|信用债ETF|军工ETF|创业板ETF|半导体ETF|原油ETF|可转债ETF|恒生ETF|新能源ETF|日利ETF|日经225ETF|有色金属期货ETF|标普500ETF|欧洲ETF|沪深300ETF|消费ETF|煤炭ETF|白银LOF|科创50ETF|纳指ETF|能源化工期货ETF|证券ETF|豆粕ETF|黄金ETF,10年国债ETF:no_observations|5年国债ETF:no_observations|中证1000ETF:no_observations|中证2000ETF:no_observations|中证500ETF:no_observations|人工智能ETF:no_observations|信用债ETF:no_observations|军工ETF:no_observations|创业板ETF:no_observations|半导体ETF:no_observations|原油ETF:no_observations|可转债ETF:no_observations|恒生ETF:no_observations|新能源ETF:no_observations|日利ETF:no_observations|日经225ETF:no_observations|有色金属期货ETF:no_observations|标普500ETF:no_observations|欧洲ETF:no_observations|沪深300ETF:no_observations|消费ETF:no_observations|煤炭ETF:no_observations|白银LOF:no_observations|科创50ETF:no_observations|纳指ETF:no_observations|能源化工期货ETF:no_observations|证券ETF:no_observations|豆粕ETF:no_observations|黄金ETF:no_observations
2008-03-07,1,60,红利ETF,10年国债ETF|5年国债ETF|中证1000ETF|中证2000ETF|中证500ETF|人工智能ETF|信用债ETF|军工ETF|创业板ETF|半导体ETF|原油ETF|可转债ETF|恒生ETF|新能源ETF|日利ETF|日经225ETF|有色金属期货ETF|标普500ETF|欧洲ETF|沪深300ETF|消费ETF|煤炭ETF|白银LOF|科创50ETF|纳指ETF|能源化工期货ETF|证券ETF|豆粕ETF|黄金ETF,10年国债ETF:no_observations|5年国债ETF:no_observations|中证1000ETF:no_observations|中证2000ETF:no_observations|中证500ETF:no_observations|人工智能ETF:no_observations|信用债ETF:no_observations|军工ETF:no_observations|创业板ETF:no_observations|半导体ETF:no_observations|原油ETF:no_observations|可转债ETF:no_observations|恒生ETF:no_observations|新能源ETF:no_observations|日利ETF:no_observations|日经225ETF:no_observations|有色金属期货ETF:no_observations|标普500ETF:no_observations|欧洲ETF:no_observations|沪深300ETF:no_observations|消费ETF:no_observations|煤炭ETF:no_observations|白银LOF:no_observations|科创50ETF:no_observations|纳指ETF:no_observations|能源化工期货ETF:no_observations|证券ETF:no_observations|豆粕ETF:no_observations|黄金ETF:no_observations
2008-03-14,1,60,红利ETF,10年国债ETF|5年国债ETF|中证1000ETF|中证2000ETF|中证500ETF|人工智能ETF|信用债ETF|军工ETF|创业板ETF|半导体ETF|原油ETF|可转债ETF|恒生ETF|新能源ETF|日利ETF|日经225ETF|有色金属期货ETF|标普500ETF|欧洲ETF|沪深300ETF|消费ETF|煤炭ETF|白银LOF|科创50ETF|纳指ETF|能源化工期货ETF|证券ETF|豆粕ETF|黄金ETF,10年国债ETF:no_observations|5年国债ETF:no_observations|中证1000ETF:no_observations|中证2000ETF:no_observations|中证500ETF:no_observations|人工智能ETF:no_observations|信用债ETF:no_observations|军工ETF:no_observations|创业板ETF:no_observations|半导体ETF:no_observations|原油ETF:no_observations|可转债ETF:no_observations|恒生ETF:no_observations|新能源ETF:no_observations|日利ETF:no_observations|日经225ETF:no_observations|有色金属期货ETF:no_observations|标普500ETF:no_observations|欧洲ETF:no_observations|沪深300ETF:no_observations|消费ETF:no_observations|煤炭ETF:no_observations|白银LOF:no_observations|科创50ETF:no_observations|纳指ETF:no_observations|能源化工期货ETF:no_observations|证券ETF:no_observations|豆粕ETF:no_observations|黄金ETF:no_observations
2008-03-21,1,60,红利ETF,10年国债ETF|5年国债ETF|中证1000ETF|中证2000ETF|中证500ETF|人工智能ETF|信用债ETF|军工ETF|创业板ETF|半导体ETF|原油ETF|可转债ETF|恒生ETF|新能源ETF|日利ETF|日经225ETF|有色金属期货ETF|标普500ETF|欧洲ETF|沪深300ETF|消费ETF|煤炭ETF|白银LOF|科创50ETF|纳指ETF|能源化工期货ETF|证券ETF|豆粕ETF|黄金ETF,10年国债ETF:no_observations|5年国债ETF:no_observations|中证1000ETF:no_observations|中证2000ETF:no_observations|中证500ETF:no_observations|人工智能ETF:no_observations|信用债ETF:no_observations|军工ETF:no_observations|创业板ETF:no_observations|半导体ETF:no_observations|原油ETF:no_observations|可转债ETF:no_observations|恒生ETF:no_observations|新能源ETF:no_observations|日利ETF:no_observations|日经225ETF:no_observations|有色金属期货ETF:no_observations|标普500ETF:no_observations|欧洲ETF:no_observations|沪深300ETF:no_observations|消费ETF:no_observations|煤炭ETF:no_observations|白银LOF:no_observations|科创50ETF:no_observations|纳指ETF:no_observations|能源化工期货ETF:no_observations|证券ETF:no_observations|豆粕ETF:no_observations|黄金ETF:no_observations
2008-03-28,1,60,红利ETF,10年国债ETF|5年国债ETF|中证1000ETF|中证2000ETF|中证500ETF|人工智能ETF|信用债ETF|军工ETF|创业板ETF|半导体ETF|原油ETF|可转债ETF|恒生ETF|新能源ETF|日利ETF|日经225ETF|有色金属期货ETF|标普500ETF|欧洲ETF|沪深300ETF|消费ETF|煤炭ETF|白银LOF|科创50ETF|纳指ETF|能源化工期货ETF|证券ETF|豆粕ETF|黄金ETF,10年国债ETF:no_observations|5年国债ETF:no_observations|中证1000ETF:no_observations|中证2000ETF:no_observations|中证500ETF:no_observations|人工智能ETF:no_observations|信用债ETF:no_observations|军工ETF:no_observations|创业板ETF:no_observations|半导体ETF:no_observations|原油ETF:no_observations|可转债ETF:no_observations|恒生ETF:no_observations|新能源ETF:no_observations|日利ETF:no_observations|日经225ETF:no_observations|有色金属期货ETF:no_observations|标普500ETF:no_observations|欧洲ETF:no_observations|沪深300ETF:no_observations|消费ETF:no_observations|煤炭ETF:no_observations|白银LOF:no_observations|科创50ETF:no_observations|纳指ETF:no_observations|能源化工期货ETF:no_observations|证券ETF:no_observations|豆粕ETF:no_observations|黄金ETF:no_observations
2008-04-03,1,60,红利ETF,10年国债ETF|5年国债ETF|中证1000ETF|中证2000ETF|中证500ETF|人工智能ETF|信用债ETF|军工ETF|创业板ETF|半导体ETF|原油ETF|可转债ETF|恒生ETF|新能源ETF|日利ETF|日经225ETF|有色金属期货ETF|标普500ETF|欧洲ETF|沪深300ETF|消费ETF|煤炭ETF|白银LOF|科创50ETF|纳指ETF|能源化工期货ETF|证券ETF|豆粕ETF|黄金ETF,10年国债ETF:no_observations|5年国债ETF:no_observations|中证1000ETF:no_observations|中证2000ETF:no_observations|中证500ETF:no_observations|人工智能ETF:no_observations|信用债ETF:no_observations|军工ETF:no_observations|创业板ETF:no_observations|半导体ETF:no_observations|原油ETF:no_observations|可转债ETF:no_observations|恒生ETF:no_observations|新能源ETF:no_observations|日利ETF:no_observations|日经225ETF:no_observations|有色金属期货ETF:no_observations|标普500ETF:no_observations|欧洲ETF:no_observations|沪深300ETF:no_observations|消费ETF:no_observations|煤炭ETF:no_observations|白银LOF:no_observations|科创50ETF:no_observations|纳指ETF:no_observations|能源化工期货ETF:no_observations|证券ETF:no_observations|豆粕ETF:no_observations|黄金ETF:no_observations
2008-04-11,1,60,红利ETF,10年国债ETF|5年国债ETF|中证1000ETF|中证2000ETF|中证500ETF|人工智能ETF|信用债ETF|军工ETF|创业板ETF|半导体ETF|原油ETF|可转债ETF|恒生ETF|新能源ETF|日利ETF|日经225ETF|有色金属期货ETF|标普500ETF|欧洲ETF|沪深300ETF|消费ETF|煤炭ETF|白银LOF|科创50ETF|纳指ETF|能源化工期货ETF|证券ETF|豆粕ETF|黄金ETF,10年国债ETF:no_observations|5年国债ETF:no_observations|中证1000ETF:no_observations|中证2000ETF:no_observations|中证500ETF:no_observations|人工智能ETF:no_observations|信用债ETF:no_observations|军工ETF:no_observations|创业板ETF:no_observations|半导体ETF:no_observations|原油ETF:no_observations|可转债ETF:no_observations|恒生ETF:no_observations|新能源ETF:no_observations|日利ETF:no_observations|日经225ETF:no_observations|有色金属期货ETF:no_observations|标普500ETF:no_observations|欧洲ETF:no_observations|沪深300ETF:no_observations|消费ETF:no_observations|煤炭ETF:no_observations|白银LOF:no_observations|科创50ETF:no_observations|纳指ETF:no_observations|能源化工期货ETF:no_observations|证券ETF:no_observations|豆粕ETF:no_observations|黄金ETF:no_observations
2008-04-18,1,60,红利ETF,10年国债ETF|5年国债ETF|中证1000ETF|中证2000ETF|中证500ETF|人工智能ETF|信用债ETF|军工ETF|创业板ETF|半导体ETF|原油ETF|可转债ETF|恒生ETF|新能源ETF|日利ETF|日经225ETF|有色金属期货ETF|标普500ETF|欧洲ETF|沪深300ETF|消费ETF|煤炭ETF|白银LOF|科创50ETF|纳指ETF|能源化工期货ETF|证券ETF|豆粕ETF|黄金ETF,10年国债ETF:no_observations|5年国债ETF:no_observations|中证1000ETF:no_observations|中证2000ETF:no_observations|中证500ETF:no_observations|人工智能ETF:no_observations|信用债ETF:no_observations|军工ETF:no_observations|创业板ETF:no_observations|半导体ETF:no_observations|原油ETF:no_observations|可转债ETF:no_observations|恒生ETF:no_observations|新能源ETF:no_observations|日利ETF:no_observations|日经225ETF:no_observations|有色金属期货ETF:no_observations|标普500ETF:no_observations|欧洲ETF:no_observations|沪深300ETF:no_observations|消费ETF:no_observations|煤炭ETF:no_observations|白银LOF:no_observations|科创50ETF:no_observations|纳指ETF:no_observations|能源化工期货ETF:no_observations|证券ETF:no_observations|豆粕ETF:no_observations|黄金ETF:no_observations
2008-04-25,1,60,红利ETF,10年国债ETF|5年国债ETF|中证1000ETF|中证2000ETF|中证500ETF|人工智能ETF|信用债ETF|军工ETF|创业板ETF|半导体ETF|原油ETF|可转债ETF|恒生ETF|新能源ETF|日利ETF|日经225ETF|有色金属期货ETF|标普500ETF|欧洲ETF|沪深300ETF|消费ETF|煤炭ETF|白银LOF|科创50ETF|纳指ETF|能源化工期货ETF|证券ETF|豆粕ETF|黄金ETF,10年国债ETF:no_observations|5年国债ETF:no_observations|中证1000ETF:no_observations|中证2000ETF:no_observations|中证500ETF:no_observations|人工智能ETF:no_observations|信用债ETF:no_observations|军工ETF:no_observations|创业板ETF:no_observations|半导体ETF:no_observations|原油ETF:no_observations|可转债ETF:no_observations|恒生ETF:no_observations|新能源ETF:no_observations|日利ETF:no_observations|日经225ETF:no_observations|有色金属期货ETF:no_observations|标普500ETF:no_observations|欧洲ETF:no_observations|沪深300ETF:no_observations|消费ETF:no_observations|煤炭ETF:no_observations|白银LOF:no_observations|科创50ETF:no_observations|纳指ETF:no_observations|能源化工期货ETF:no_observations|证券ETF:no_observations|豆粕ETF:no_observations|黄金ETF:no_observations
2008-04-30,1,60,红利ETF,10年国债ETF|5年国债ETF|中证1000ETF|中证2000ETF|中证500ETF|人工智能ETF|信用债ETF|军工ETF|创业板ETF|半导体ETF|原油ETF|可转债ETF|恒生ETF|新能源ETF|日利ETF|日经225ETF|有色金属期货ETF|标普500ETF|欧洲ETF|沪深300ETF|消费ETF|煤炭ETF|白银LOF|科创50ETF|纳指ETF|能源化工期货ETF|证券ETF|豆粕ETF|黄金ETF,10年国债ETF:no_observations|5年国债ETF:no_observations|中证1000ETF:no_observations|中证2000ETF:no_observations|中证500ETF:no_observations|人工智能ETF:no_observations|信用债ETF:no_observations|军工ETF:no_observations|创业板ETF:no_observations|半导体ETF:no_observations|原油ETF:no_observations|可转债ETF:no_observations|恒生ETF:no_observations|新能源ETF:no_observations|日利ETF:no_observations|日经225ETF:no_observations|有色金属期货ETF:no_observations|标普500ETF:no_observations|欧洲ETF:no_observations|沪深300ETF:no_observations|消费ETF:no_observations|煤炭ETF:no_observations|白银LOF:no_observations|科创50ETF:no_observations|纳指ETF:no_observations|能源化工期货ETF:no_observations|证券ETF:no_observations|豆粕ETF:no_observations|黄金ETF:no_observations
2008-05-09,1,60,红利ETF,10年国债ETF|5年国债ETF|中证1000ETF|中证2000ETF|中证500ETF|人工智能ETF|信用债ETF|军工ETF|创业板ETF|半导体ETF|原油ETF|可转债ETF|恒生ETF|新能源ETF|日利ETF|日经225ETF|有色金属期货ETF|标普500ETF|欧洲ETF|沪深300ETF|消费ETF|煤炭ETF|白银LOF|科创50ETF|纳指ETF|能源化工期货ETF|证券ETF|豆粕ETF|黄金ETF,10年国债ETF:no_observations|5年国债ETF:no_observations|中证1000ETF:no_observations|中证2000ETF:no_observations|中证500ETF:no_observations|人工智能ETF:no_observations|信用债ETF:no_observations|军工ETF:no_observations|创业板ETF:no_observations|半导体ETF:no_observations|原油ETF:no_observations|可转债ETF:no_observations|恒生ETF:no_observations|新能源ETF:no_observations|日利ETF:no_observations|日经225ETF:no_observations|有色金属期货ETF:no_observations|标普500ETF:no_observations|欧洲ETF:no_observations|沪深300ETF:no_observations|消费ETF:no_observations|煤炭ETF:no_observations|白银LOF:no_observations|科创50ETF:no_observations|纳指ETF:no_observations|能源化工期货ETF:no_observations|证券ETF:no_observations|豆粕ETF:no_observations|黄金ETF:no_observations
2008-05-16,1,60,红利ETF,10年国债ETF|5年国债ETF|中证1000ETF|中证2000ETF|中证500ETF|人工智能ETF|信用债ETF|军工ETF|创业板ETF|半导体ETF|原油ETF|可转债ETF|恒生ETF|新能源ETF|日利ETF|日经225ETF|有色金属期货ETF|标普500ETF|欧洲ETF|沪深300ETF|消费ETF|煤炭ETF|白银LOF|科创50ETF|纳指ETF|能源化工期货ETF|证券ETF|豆粕ETF|黄金ETF,10年国债ETF:no_observations|5年国债ETF:no_observations|中证1000ETF:no_observations|中证2000ETF:no_observations|中证500ETF:no_observations|人工智能ETF:no_observations|信用债ETF:no_observations|军工ETF:no_observations|创业板ETF:no_observations|半导体ETF:no_observations|原油ETF:no_observations|可转债ETF:no_observations|恒生ETF:no_observations|新能源ETF:no_observations|日利ETF:no_observations|日经225ETF:no_observations|有色金属期货ETF:no_observations|标普500ETF:no_observations|欧洲ETF:no_observations|沪深300ETF:no_observations|消费ETF:no_observations|煤炭ETF:no_observations|白银LOF:no_observations|科创50ETF:no_observations|纳指ETF:no_observations|能源化工期货ETF:no_observations|证券ETF:no_observations|豆粕ETF:no_observations|黄金ETF:no_observations
2008-05-23,1,60,红利ETF,10年国债ETF|5年国债ETF|中证1000ETF|中证2000ETF|中证500ETF|人工智能ETF|信用债ETF|军工ETF|创业板ETF|半导体ETF|原油ETF|可转债ETF|恒生ETF|新能源ETF|日利ETF|日经225ETF|有色金属期货ETF|标普500ETF|欧洲ETF|沪深300ETF|消费ETF|煤炭ETF|白银LOF|科创50ETF|纳指ETF|能源化工期货ETF|证券ETF|豆粕ETF|黄金ETF,10年国债ETF:no_observations|5年国债ETF:no_observations|中证1000ETF:no_observations|中证2000ETF:no_observations|中证500ETF:no_observations|人工智能ETF:no_observations|信用债ETF:no_observations|军工ETF:no_observations|创业板ETF:no_observations|半导体ETF:no_observations|原油ETF:no_observations|可转债ETF:no_observations|恒生ETF:no_observations|新能源ETF:no_observations|日利ETF:no_observations|日经225ETF:no_observations|有色金属期货ETF:no_observations|标普500ETF:no_observations|欧洲ETF:no_observations|沪深300ETF:no_observations|消费ETF:no_observations|煤炭ETF:no_observations|白银LOF:no_observations|科创50ETF:no_observations|纳指ETF:no_observations|能源化工期货ETF:no_observations|证券ETF:no_observations|豆粕ETF:no_observations|黄金ETF:no_observations
2008-05-30,1,60,红利ETF,10年国债ETF|5年国债ETF|中证1000ETF|中证2000ETF|中证500ETF|人工智能ETF|信用债ETF|军工ETF|创业板ETF|半导体ETF|原油ETF|可转债ETF|恒生ETF|新能源ETF|日利ETF|日经225ETF|有色金属期货ETF|标普500ETF|欧洲ETF|沪深300ETF|消费ETF|煤炭ETF|白银LOF|科创50ETF|纳指ETF|能源化工期货ETF|证券ETF|豆粕ETF|黄金ETF,10年国债ETF:no_observations|5年国债ETF:no_observations|中证1000ETF:no_observations|中证2000ETF:no_observations|中证500ETF:no_observations|人工智能ETF:no_observations|信用债ETF:no_observations|军工ETF:no_observations|创业板ETF:no_observations|半导体ETF:no_observations|原油ETF:no_observations|可转债ETF:no_observations|恒生ETF:no_observations|新能源ETF:no_observations|日利ETF:no_observations|日经225ETF:no_observations|有色金属期货ETF:no_observations|标普500ETF:no_observations|欧洲ETF:no_observations|沪深300ETF:no_observations|消费ETF:no_observations|煤炭ETF:no_observations|白银LOF:no_observations|科创50ETF:no_observations|纳指ETF:no_observations|能源化工期货ETF:no_observations|证券ETF:no_observations|豆粕ETF:no_observations|黄金ETF:no_observations
2008-06-06,1,60,红利ETF,10年国债ETF|5年国债ETF|中证1000ETF|中证2000ETF|中证500ETF|人工智能ETF|信用债ETF|军工ETF|创业板ETF|半导体ETF|原油ETF|可转债ETF|恒生ETF|新能源ETF|日利ETF|日经225ETF|有色金属期货ETF|标普500ETF|欧洲ETF|沪深300ETF|消费ETF|煤炭ETF|白银LOF|科创50ETF|纳指ETF|能源化工期货ETF|证券ETF|豆粕ETF|黄金ETF,10年国债ETF:no_observations|5年国债ETF:no_observations|中证1000ETF:no_observations|中证2000ETF:no_observations|中证500ETF:no_observations|人工智能ETF:no_observations|信用债ETF:no_observations|军工ETF:no_observations|创业板ETF:no_observations|半导体ETF:no_observations|原油ETF:no_observations|可转债ETF:no_observations|恒生ETF:no_observations|新能源ETF:no_observations|日利ETF:no_observations|日经225ETF:no_observations|有色金属期货ETF:no_observations|标普500ETF:no_observations|欧洲ETF:no_observations|沪深300ETF:no_observations|消费ETF:no_observations|煤炭ETF:no_observations|白银LOF:no_observations|科创50ETF:no_observations|纳指ETF:no_observations|能源化工期货ETF:no_observations|证券ETF:no_observations|豆粕ETF:no_observations|黄金ETF:no_observations
2008-06-13,1,60,红利ETF,10年国债ETF|5年国债ETF|中证1000ETF|中证2000ETF|中证500ETF|人工智能ETF|信用债ETF|军工ETF|创业板ETF|半导体ETF|原油ETF|可转债ETF|恒生ETF|新能源ETF|日利ETF|日经225ETF|有色金属期货ETF|标普500ETF|欧洲ETF|沪深300ETF|消费ETF|煤炭ETF|白银LOF|科创50ETF|纳指ETF|能源化工期货ETF|证券ETF|豆粕ETF|黄金ETF,10年国债ETF:no_observations|5年国债ETF:no_observations|中证1000ETF:no_observations|中证2000ETF:no_observations|中证500ETF:no_observations|人工智能ETF:no_observations|信用债ETF:no_observations|军工ETF:no_observations|创业板ETF:no_observations|半导体ETF:no_observations|原油ETF:no_observations|可转债ETF:no_observations|恒生ETF:no_observations|新能源ETF:no_observations|日利ETF:no_observations|日经225ETF:no_observations|有色金属期货ETF:no_observations|标普500ETF:no_observations|欧洲ETF:no_observations|沪深300ETF:no_observations|消费ETF:no_observations|煤炭ETF:no_observations|白银LOF:no_observations|科创50ETF:no_observations|纳指ETF:no_observations|能源化工期货ETF:no_observations|证券ETF:no_observations|豆粕ETF:no_observations|黄金ETF:no_observations
2008-06-20,1,60,红利ETF,10年国债ETF|5年国债ETF|中证1000ETF|中证2000ETF|中证500ETF|人工智能ETF|信用债ETF|军工ETF|创业板ETF|半导体ETF|原油ETF|可转债ETF|恒生ETF|新能源ETF|日利ETF|日经225ETF|有色金属期货ETF|标普500ETF|欧洲ETF|沪深300ETF|消费ETF|煤炭ETF|白银LOF|科创50ETF|纳指ETF|能源化工期货ETF|证券ETF|豆粕ETF|黄金ETF,10年国债ETF:no_observations|5年国债ETF:no_observations|中证1000ETF:no_observations|中证2000ETF:no_observations|中证500ETF:no_observations|人工智能ETF:no_observations|信用债ETF:no_observations|军工ETF:no_observations|创业板ETF:no_observations|半导体ETF:no_observations|原油ETF:no_observations|可转债ETF:no_observations|恒生ETF:no_observations|新能源ETF:no_observations|日利ETF:no_observations|日经225ETF:no_observations|有色金属期货ETF:no_observations|标普500ETF:no_observations|欧洲ETF:no_observations|沪深300ETF:no_observations|消费ETF:no_observations|煤炭ETF:no_observations|白银LOF:no_observations|科创50ETF:no_observations|纳指ETF:no_observations|能源化工期货ETF:no_observations|证券ETF:no_observations|豆粕ETF:no_observations|黄金ETF:no_observations
2008-06-27,1,60,红利ETF,10年国债ETF|5年国债ETF|中证1000ETF|中证2000ETF|中证500ETF|人工智能ETF|信用债ETF|军工ETF|创业板ETF|半导体ETF|原油ETF|可转债ETF|恒生ETF|新能源ETF|日利ETF|日经225ETF|有色金属期货ETF|标普500ETF|欧洲ETF|沪深300ETF|消费ETF|煤炭ETF|白银LOF|科创50ETF|纳指ETF|能源化工期货ETF|证券ETF|豆粕ETF|黄金ETF,10年国债ETF:no_observations|5年国债ETF:no_observations|中证1000ETF:no_observations|中证2000ETF:no_observations|中证500ETF:no_observations|人工智能ETF:no_observations|信用债ETF:no_observations|军工ETF:no_observations|创业板ETF:no_observations|半导体ETF:no_observations|原油ETF:no_observations|可转债ETF:no_observations|恒生ETF:no_observations|新能源ETF:no_observations|日利ETF:no_observations|日经225ETF:no_observations|有色金属期货ETF:no_observations|标普500ETF:no_observations|欧洲ETF:no_observations|沪深300ETF:no_observations|消费ETF:no_observations|煤炭ETF:no_observations|白银LOF:no_observations|科创50ETF:no_observations|纳指ETF:no_observations|能源化工期货ETF:no_observations|证券ETF:no_observations|豆粕ETF:no_observations|黄金ETF:no_observations
2008-07-04,1,60,红利ETF,10年国债ETF|5年国债ETF|中证1000ETF|中证2000ETF|中证500ETF|人工智能ETF|信用债ETF|军工ETF|创业板ETF|半导体ETF|原油ETF|可转债ETF|恒生ETF|新能源ETF|日利ETF|日经225ETF|有色金属期货ETF|标普500ETF|欧洲ETF|沪深300ETF|消费ETF|煤炭ETF|白银LOF|科创50ETF|纳指ETF|能源化工期货ETF|证券ETF|豆粕ETF|黄金ETF,10年国债ETF:no_observations|5年国债ETF:no_observations|中证1000ETF:no_observations|中证2000ETF:no_observations|中证500ETF:no_observations|人工智能ETF:no_observations|信用债ETF:no_observations|军工ETF:no_observations|创业板ETF:no_observations|半导体ETF:no_observations|原油ETF:no_observations|可转债ETF:no_observations|恒生ETF:no_observations|新能源ETF:no_observations|日利ETF:no_observations|日经225ETF:no_observations|有色金属期货ETF:no_observations|标普500ETF:no_observations|欧洲ETF:no_observations|沪深300ETF:no_observations|消费ETF:no_observations|煤炭ETF:no_observations|白银LOF:no_observations|科创50ETF:no_observations|纳指ETF:no_observations|能源化工期货ETF:no_observations|证券ETF:no_observations|豆粕ETF:no_observations|黄金ETF:no_observations
2008-07-11,1,60,红利ETF,10年国债ETF|5年国债ETF|中证1000ETF|中证2000ETF|中证500ETF|人工智能ETF|信用债ETF|军工ETF|创业板ETF|半导体ETF|原油ETF|可转债ETF|恒生ETF|新能源ETF|日利ETF|日经225ETF|有色金属期货ETF|标普500ETF|欧洲ETF|沪深300ETF|消费ETF|煤炭ETF|白银LOF|科创50ETF|纳指ETF|能源化工期货ETF|证券ETF|豆粕ETF|黄金ETF,10年国债ETF:no_observations|5年国债ETF:no_observations|中证1000ETF:no_observations|中证2000ETF:no_observations|中证500ETF:no_observations|人工智能ETF:no_observations|信用债ETF:no_observations|军工ETF:no_observations|创业板ETF:no_observations|半导体ETF:no_observations|原油ETF:no_observations|可转债ETF:no_observations|恒生ETF:no_observations|新能源ETF:no_observations|日利ETF:no_observations|日经225ETF:no_observations|有色金属期货ETF:no_observations|标普500ETF:no_observations|欧洲ETF:no_observations|沪深300ETF:no_observations|消费ETF:no_observations|煤炭ETF:no_observations|白银LOF:no_observations|科创50ETF:no_observations|纳指ETF:no_observations|能源化工期货ETF:no_observations|证券ETF:no_observations|豆粕ETF:no_observations|黄金ETF:no_observations
2008-07-18,1,60,红利ETF,10年国债ETF|5年国债ETF|中证1000ETF|中证2000ETF|中证500ETF|人工智能ETF|信用债ETF|军工ETF|创业板ETF|半导体ETF|原油ETF|可转债ETF|恒生ETF|新能源ETF|日利ETF|日经225ETF|有色金属期货ETF|标普500ETF|欧洲ETF|沪深300ETF|消费ETF|煤炭ETF|白银LOF|科创50ETF|纳指ETF|能源化工期货ETF|证券ETF|豆粕ETF|黄金ETF,10年国债ETF:no_observations|5年国债ETF:no_observations|中证1000ETF:no_observations|中证2000ETF:no_observations|中证500ETF:no_observations|人工智能ETF:no_observations|信用债ETF:no_observations|军工ETF:no_observations|创业板ETF:no_observations|半导体ETF:no_observations|原油ETF:no_observations|可转债ETF:no_observations|恒生ETF:no_observations|新能源ETF:no_observations|日利ETF:no_observations|日经225ETF:no_observations|有色金属期货ETF:no_observations|标普500ETF:no_observations|欧洲ETF:no_observations|沪深300ETF:no_observations|消费ETF:no_observations|煤炭ETF:no_observations|白银LOF:no_observations|科创50ETF:no_observations|纳指ETF:no_observations|能源化工期货ETF:no_observations|证券ETF:no_observations|豆粕ETF:no_observations|黄金ETF:no_observations
2008-07-25,1,60,红利ETF,10年国债ETF|5年国债ETF|中证1000ETF|中证2000ETF|中证500ETF|人工智能ETF|信用债ETF|军工ETF|创业板ETF|半导体ETF|原油ETF|可转债ETF|恒生ETF|新能源ETF|日利ETF|日经225ETF|有色金属期货ETF|标普500ETF|欧洲ETF|沪深300ETF|消费ETF|煤炭ETF|白银LOF|科创50ETF|纳指ETF|能源化工期货ETF|证券ETF|豆粕ETF|黄金ETF,10年国债ETF:no_observations|5年国债ETF:no_observations|中证1000ETF:no_observations|中证2000ETF:no_observations|中证500ETF:no_observations|人工智能ETF:no_observations|信用债ETF:no_observations|军工ETF:no_observations|创业板ETF:no_observations|半导体ETF:no_observations|原油ETF:no_observations|可转债ETF:no_observations|恒生ETF:no_observations|新能源ETF:no_observations|日利ETF:no_observations|日经225ETF:no_observations|有色金属期货ETF:no_observations|标普500ETF:no_observations|欧洲ETF:no_observations|沪深300ETF:no_observations|消费ETF:no_observations|煤炭ETF:no_observations|白银LOF:no_observations|科创50ETF:no_observations|纳指ETF:no_observations|能源化工期货ETF:no_observations|证券ETF:no_observations|豆粕ETF:no_observations|黄金ETF:no_observations
2008-08-01,1,60,红利ETF,10年国债ETF|5年国债ETF|中证1000ETF|中证2000ETF|中证500ETF|人工智能ETF|信用债ETF|军工ETF|创业板ETF|半导体ETF|原油ETF|可转债ETF|恒生ETF|新能源ETF|日利ETF|日经225ETF|有色金属期货ETF|标普500ETF|欧洲ETF|沪深300ETF|消费ETF|煤炭ETF|白银LOF|科创50ETF|纳指ETF|能源化工期货ETF|证券ETF|豆粕ETF|黄金ETF,10年国债ETF:no_observations|5年国债ETF:no_observations|中证1000ETF:no_observations|中证2000ETF:no_observations|中证500ETF:no_observations|人工智能ETF:no_observations|信用债ETF:no_observations|军工ETF:no_observations|创业板ETF:no_observations|半导体ETF:no_observations|原油ETF:no_observations|可转债ETF:no_observations|恒生ETF:no_observations|新能源ETF:no_observations|日利ETF:no_observations|日经225ETF:no_observations|有色金属期货ETF:no_observations|标普500ETF:no_observations|欧洲ETF:no_observations|沪深300ETF:no_observations|消费ETF:no_observations|煤炭ETF:no_observations|白银LOF:no_observations|科创50ETF:no_observations|纳指ETF:no_observations|能源化工期货ETF:no_observations|证券ETF:no_observations|豆粕ETF:no_observations|黄金ETF:no_observations
2008-08-08,1,60,红利ETF,10年国债ETF|5年国债ETF|中证1000ETF|中证2000ETF|中证500ETF|人工智能ETF|信用债ETF|军工ETF|创业板ETF|半导体ETF|原油ETF|可转债ETF|恒生ETF|新能源ETF|日利ETF|日经225ETF|有色金属期货ETF|标普500ETF|欧洲ETF|沪深300ETF|消费ETF|煤炭ETF|白银LOF|科创50ETF|纳指ETF|能源化工期货ETF|证券ETF|豆粕ETF|黄金ETF,10年国债ETF:no_observations|5年国债ETF:no_observations|中证1000ETF:no_observations|中证2000ETF:no_observations|中证500ETF:no_observations|人工智能ETF:no_observations|信用债ETF:no_observations|军工ETF:no_observations|创业板ETF:no_observations|半导体ETF:no_observations|原油ETF:no_observations|可转债ETF:no_observations|恒生ETF:no_observations|新能源ETF:no_observations|日利ETF:no_observations|日经225ETF:no_observations|有色金属期货ETF:no_observations|标普500ETF:no_observations|欧洲ETF:no_observations|沪深300ETF:no_observations|消费ETF:no_observations|煤炭ETF:no_observations|白银LOF:no_observations|科创50ETF:no_observations|纳指ETF:no_observations|能源化工期货ETF:no_observations|证券ETF:no_observations|豆粕ETF:no_observations|黄金ETF:no_observations
2008-08-15,1,60,红利ETF,10年国债ETF|5年国债ETF|中证1000ETF|中证2000ETF|中证500ETF|人工智能ETF|信用债ETF|军工ETF|创业板ETF|半导体ETF|原油ETF|可转债ETF|恒生ETF|新能源ETF|日利ETF|日经225ETF|有色金属期货ETF|标普500ETF|欧洲ETF|沪深300ETF|消费ETF|煤炭ETF|白银LOF|科创50ETF|纳指ETF|能源化工期货ETF|证券ETF|豆粕ETF|黄金ETF,10年国债ETF:no_observations|5年国债ETF:no_observations|中证1000ETF:no_observations|中证2000ETF:no_observations|中证500ETF:no_observations|人工智能ETF:no_observations|信用债ETF:no_observations|军工ETF:no_observations|创业板ETF:no_observations|半导体ETF:no_observations|原油ETF:no_observations|可转债ETF:no_observations|恒生ETF:no_observations|新能源ETF:no_observations|日利ETF:no_observations|日经225ETF:no_observations|有色金属期货ETF:no_observations|标普500ETF:no_observations|欧洲ETF:no_observations|沪深300ETF:no_observations|消费ETF:no_observations|煤炭ETF:no_observations|白银LOF:no_observations|科创50ETF:no_observations|纳指ETF:no_observations|能源化工期货ETF:no_observations|证券ETF:no_observations|豆粕ETF:no_observations|黄金ETF:no_observations
2008-08-22,1,60,红利ETF,10年国债ETF|5年国债ETF|中证1000ETF|中证2000ETF|中证500ETF|人工智能ETF|信用债ETF|军工ETF|创业板ETF|半导体ETF|原油ETF|可转债ETF|恒生ETF|新能源ETF|日利ETF|日经225ETF|有色金属期货ETF|标普500ETF|欧洲ETF|沪深300ETF|消费ETF|煤炭ETF|白银LOF|科创50ETF|纳指ETF|能源化工期货ETF|证券ETF|豆粕ETF|黄金ETF,10年国债ETF:no_observations|5年国债ETF:no_observations|中证1000ETF:no_observations|中证2000ETF:no_observations|中证500ETF:no_observations|人工智能ETF:no_observations|信用债ETF:no_observations|军工ETF:no_observations|创业板ETF:no_observations|半导体ETF:no_observations|原油ETF:no_observations|可转债ETF:no_observations|恒生ETF:no_observations|新能源ETF:no_observations|日利ETF:no_observations|日经225ETF:no_observations|有色金属期货ETF:no_observations|标普500ETF:no_observations|欧洲ETF:no_observations|沪深300ETF:no_observations|消费ETF:no_observations|煤炭ETF:no_observations|白银LOF:no_observations|科创50ETF:no_observations|纳指ETF:no_observations|能源化工期货ETF:no_observations|证券ETF:no_observations|豆粕ETF:no_observations|黄金ETF:no_observations
2008-08-29,1,60,红利ETF,10年国债ETF|5年国债ETF|中证1000ETF|中证2000ETF|中证500ETF|人工智能ETF|信用债ETF|军工ETF|创业板ETF|半导体ETF|原油ETF|可转债ETF|恒生ETF|新能源ETF|日利ETF|日经225ETF|有色金属期货ETF|标普500ETF|欧洲ETF|沪深300ETF|消费ETF|煤炭ETF|白银LOF|科创50ETF|纳指ETF|能源化工期货ETF|证券ETF|豆粕ETF|黄金ETF,10年国债ETF:no_observations|5年国债ETF:no_observations|中证1000ETF:no_observations|中证2000ETF:no_observations|中证500ETF:no_observations|人工智能ETF:no_observations|信用债ETF:no_observations|军工ETF:no_observations|创业板ETF:no_observations|半导体ETF:no_observations|原油ETF:no_observations|可转债ETF:no_observations|恒生ETF:no_observations|新能源ETF:no_observations|日利ETF:no_observations|日经225ETF:no_observations|有色金属期货ETF:no_observations|标普500ETF:no_observations|欧洲ETF:no_observations|沪深300ETF:no_observations|消费ETF:no_observations|煤炭ETF:no_observations|白银LOF:no_observations|科创50ETF:no_observations|纳指ETF:no_observations|能源化工期货ETF:no_observations|证券ETF:no_observations|豆粕ETF:no_observations|黄金ETF:no_observations
2008-09-05,1,60,红利ETF,10年国债ETF|5年国债ETF|中证1000ETF|中证2000ETF|中证500ETF|人工智能ETF|信用债ETF|军工ETF|创业板ETF|半导体ETF|原油ETF|可转债ETF|恒生ETF|新能源ETF|日利ETF|日经225ETF|有色金属期货ETF|标普500ETF|欧洲ETF|沪深300ETF|消费ETF|煤炭ETF|白银LOF|科创50ETF|纳指ETF|能源化工期货ETF|证券ETF|豆粕ETF|黄金ETF,10年国债ETF:no_observations|5年国债ETF:no_observations|中证1000ETF:no_observations|中证2000ETF:no_observations|中证500ETF:no_observations|人工智能ETF:no_observations|信用债ETF:no_observations|军工ETF:no_observations|创业板ETF:no_observations|半导体ETF:no_observations|原油ETF:no_observations|可转债ETF:no_observations|恒生ETF:no_observations|新能源ETF:no_observations|日利ETF:no_observations|日经225ETF:no_observations|有色金属期货ETF:no_observations|标普500ETF:no_observations|欧洲ETF:no_observations|沪深300ETF:no_observations|消费ETF:no_observations|煤炭ETF:no_observations|白银LOF:no_observations|科创50ETF:no_observations|纳指ETF:no_observations|能源化工期货ETF:no_observations|证券ETF:no_observations|豆粕ETF:no_observations|黄金ETF:no_observations
2008-09-12,1,60,红利ETF,10年国债ETF|5年国债ETF|中证1000ETF|中证2000ETF|中证500ETF|人工智能ETF|信用债ETF|军工ETF|创业板ETF|半导体ETF|原油ETF|可转债ETF|恒生ETF|新能源ETF|日利ETF|日经225ETF|有色金属期货ETF|标普500ETF|欧洲ETF|沪深300ETF|消费ETF|煤炭ETF|白银LOF|科创50ETF|纳指ETF|能源化工期货ETF|证券ETF|豆粕ETF|黄金ETF,10年国债ETF:no_observations|5年国债ETF:no_observations|中证1000ETF:no_observations|中证2000ETF:no_observations|中证500ETF:no_observations|人工智能ETF:no_observations|信用债ETF:no_observations|军工ETF:no_observations|创业板ETF:no_observations|半导体ETF:no_observations|原油ETF:no_observations|可转债ETF:no_observations|恒生ETF:no_observations|新能源ETF:no_observations|日利ETF:no_observations|日经225ETF:no_observations|有色金属期货ETF:no_observations|标普500ETF:no_observations|欧洲ETF:no_observations|沪深300ETF:no_observations|消费ETF:no_observations|煤炭ETF:no_observations|白银LOF:no_observations|科创50ETF:no_observations|纳指ETF:no_observations|能源化工期货ETF:no_observations|证券ETF:no_observations|豆粕ETF:no_observations|黄金ETF:no_observations
2008-09-19,1,60,红利ETF,10年国债ETF|5年国债ETF|中证1000ETF|中证2000ETF|中证500ETF|人工智能ETF|信用债ETF|军工ETF|创业板ETF|半导体ETF|原油ETF|可转债ETF|恒生ETF|新能源ETF|日利ETF|日经225ETF|有色金属期货ETF|标普500ETF|欧洲ETF|沪深300ETF|消费ETF|煤炭ETF|白银LOF|科创50ETF|纳指ETF|能源化工期货ETF|证券ETF|豆粕ETF|黄金ETF,10年国债ETF:no_observations|5年国债ETF:no_observations|中证1000ETF:no_observations|中证2000ETF:no_observations|中证500ETF:no_observations|人工智能ETF:no_observations|信用债ETF:no_observations|军工ETF:no_observations|创业板ETF:no_observations|半导体ETF:no_observations|原油ETF:no_observations|可转债ETF:no_observations|恒生ETF:no_observations|新能源ETF:no_observations|日利ETF:no_observations|日经225ETF:no_observations|有色金属期货ETF:no_observations|标普500ETF:no_observations|欧洲ETF:no_observations|沪深300ETF:no_observations|消费ETF:no_observations|煤炭ETF:no_observations|白银LOF:no_observations|科创50ETF:no_observations|纳指ETF:no_observations|能源化工期货ETF:no_observations|证券ETF:no_observations|豆粕ETF:no_observations|黄金ETF:no_observations
2008-09-26,1,60,红利ETF,10年国债ETF|5年国债ETF|中证1000ETF|中证2000ETF|中证500ETF|人工智能ETF|信用债ETF|军工ETF|创业板ETF|半导体ETF|原油ETF|可转债ETF|恒生ETF|新能源ETF|日利ETF|日经225ETF|有色金属期货ETF|标普500ETF|欧洲ETF|沪深300ETF|消费ETF|煤炭ETF|白银LOF|科创50ETF|纳指ETF|能源化工期货ETF|证券ETF|豆粕ETF|黄金ETF,10年国债ETF:no_observations|5年国债ETF:no_observations|中证1000ETF:no_observations|中证2000ETF:no_observations|中证500ETF:no_observations|人工智能ETF:no_observations|信用债ETF:no_observations|军工ETF:no_observations|创业板ETF:no_observations|半导体ETF:no_observations|原油ETF:no_observations|可转债ETF:no_observations|恒生ETF:no_observations|新能源ETF:no_observations|日利ETF:no_observations|日经225ETF:no_observations|有色金属期货ETF:no_observations|标普500ETF:no_observations|欧洲ETF:no_observations|沪深300ETF:no_observations|消费ETF:no_observations|煤炭ETF:no_observations|白银LOF:no_observations|科创50ETF:no_observations|纳指ETF:no_observations|能源化工期货ETF:no_observations|证券ETF:no_observations|豆粕ETF:no_observations|黄金ETF:no_observations
2008-10-10,1,60,红利ETF,10年国债ETF|5年国债ETF|中证1000ETF|中证2000ETF|中证500ETF|人工智能ETF|信用债ETF|军工ETF|创业板ETF|半导体ETF|原油ETF|可转债ETF|恒生ETF|新能源ETF|日利ETF|日经225ETF|有色金属期货ETF|标普500ETF|欧洲ETF|沪深300ETF|消费ETF|煤炭ETF|白银LOF|科创50ETF|纳指ETF|能源化工期货ETF|证券ETF|豆粕ETF|黄金ETF,10年国债ETF:no_observations|5年国债ETF:no_observations|中证1000ETF:no_observations|中证2000ETF:no_observations|中证500ETF:no_observations|人工智能ETF:no_observations|信用债ETF:no_observations|军工ETF:no_observations|创业板ETF:no_observations|半导体ETF:no_observations|原油ETF:no_observations|可转债ETF:no_observations|恒生ETF:no_observations|新能源ETF:no_observations|日利ETF:no_observations|日经225ETF:no_observations|有色金属期货ETF:no_observations|标普500ETF:no_observations|欧洲ETF:no_observations|沪深300ETF:no_observations|消费ETF:no_observations|煤炭ETF:no_observations|白银LOF:no_observations|科创50ETF:no_observations|纳指ETF:no_observations|能源化工期货ETF:no_observations|证券ETF:no_observations|豆粕ETF:no_observations|黄金ETF:no_observations
2008-10-17,1,60,红利ETF,10年国债ETF|5年国债ETF|中证1000ETF|中证2000ETF|中证500ETF|人工智能ETF|信用债ETF|军工ETF|创业板ETF|半导体ETF|原油ETF|可转债ETF|恒生ETF|新能源ETF|日利ETF|日经225ETF|有色金属期货ETF|标普500ETF|欧洲ETF|沪深300ETF|消费ETF|煤炭ETF|白银LOF|科创50ETF|纳指ETF|能源化工期货ETF|证券ETF|豆粕ETF|黄金ETF,10年国债ETF:no_observations|5年国债ETF:no_observations|中证1000ETF:no_observations|中证2000ETF:no_observations|中证500ETF:no_observations|人工智能ETF:no_observations|信用债ETF:no_observations|军工ETF:no_observations|创业板ETF:no_observations|半导体ETF:no_observations|原油ETF:no_observations|可转债ETF:no_observations|恒生ETF:no_observations|新能源ETF:no_observations|日利ETF:no_observations|日经225ETF:no_observations|有色金属期货ETF:no_observations|标普500ETF:no_observations|欧洲ETF:no_observations|沪深300ETF:no_observations|消费ETF:no_observations|煤炭ETF:no_observations|白银LOF:no_observations|科创50ETF:no_observations|纳指ETF:no_observations|能源化工期货ETF:no_observations|证券ETF:no_observations|豆粕ETF:no_observations|黄金ETF:no_observations
2008-10-24,1,60,红利ETF,10年国债ETF|5年国债ETF|中证1000ETF|中证2000ETF|中证500ETF|人工智能ETF|信用债ETF|军工ETF|创业板ETF|半导体ETF|原油ETF|可转债ETF|恒生ETF|新能源ETF|日利ETF|日经225ETF|有色金属期货ETF|标普500ETF|欧洲ETF|沪深300ETF|消费ETF|煤炭ETF|白银LOF|科创50ETF|纳指ETF|能源化工期货ETF|证券ETF|豆粕ETF|黄金ETF,10年国债ETF:no_observations|5年国债ETF:no_observations|中证1000ETF:no_observations|中证2000ETF:no_observations|中证500ETF:no_observations|人工智能ETF:no_observations|信用债ETF:no_observations|军工ETF:no_observations|创业板ETF:no_observations|半导体ETF:no_observations|原油ETF:no_observations|可转债ETF:no_observations|恒生ETF:no_observations|新能源ETF:no_observations|日利ETF:no_observations|日经225ETF:no_observations|有色金属期货ETF:no_observations|标普500ETF:no_observations|欧洲ETF:no_observations|沪深300ETF:no_observations|消费ETF:no_observations|煤炭ETF:no_observations|白银LOF:no_observations|科创50ETF:no_observations|纳指ETF:no_observations|能源化工期货ETF:no_observations|证券ETF:no_observations|豆粕ETF:no_observations|黄金ETF:no_observations
2008-10-31,1,60,红利ETF,10年国债ETF|5年国债ETF|中证1000ETF|中证2000ETF|中证500ETF|人工智能ETF|信用债ETF|军工ETF|创业板ETF|半导体ETF|原油ETF|可转债ETF|恒生ETF|新能源ETF|日利ETF|日经225ETF|有色金属期货ETF|标普500ETF|欧洲ETF|沪深300ETF|消费ETF|煤炭ETF|白银LOF|科创50ETF|纳指ETF|能源化工期货ETF|证券ETF|豆粕ETF|黄金ETF,10年国债ETF:no_observations|5年国债ETF:no_observations|中证1000ETF:no_observations|中证2000ETF:no_observations|中证500ETF:no_observations|人工智能ETF:no_observations|信用债ETF:no_observations|军工ETF:no_observations|创业板ETF:no_observations|半导体ETF:no_observations|原油ETF:no_observations|可转债ETF:no_observations|恒生ETF:no_observations|新能源ETF:no_observations|日利ETF:no_observations|日经225ETF:no_observations|有色金属期货ETF:no_observations|标普500ETF:no_observations|欧洲ETF:no_observations|沪深300ETF:no_observations|消费ETF:no_observations|煤炭ETF:no_observations|白银LOF:no_observations|科创50ETF:no_observations|纳指ETF:no_observations|能源化工期货ETF:no_observations|证券ETF:no_observations|豆粕ETF:no_observations|黄金ETF:no_observations
2008-11-07,1,60,红利ETF,10年国债ETF|5年国债ETF|中证1000ETF|中证2000ETF|中证500ETF|人工智能ETF|信用债ETF|军工ETF|创业板ETF|半导体ETF|原油ETF|可转债ETF|恒生ETF|新能源ETF|日利ETF|日经225ETF|有色金属期货ETF|标普500ETF|欧洲ETF|沪深300ETF|消费ETF|煤炭ETF|白银LOF|科创50ETF|纳指ETF|能源化工期货ETF|证券ETF|豆粕ETF|黄金ETF,10年国债ETF:no_observations|5年国债ETF:no_observations|中证1000ETF:no_observations|中证2000ETF:no_observations|中证500ETF:no_observations|人工智能ETF:no_observations|信用债ETF:no_observations|军工ETF:no_observations|创业板ETF:no_observations|半导体ETF:no_observations|原油ETF:no_observations|可转债ETF:no_observations|恒生ETF:no_observations|新能源ETF:no_observations|日利ETF:no_observations|日经225ETF:no_observations|有色金属期货ETF:no_observations|标普500ETF:no_observations|欧洲ETF:no_observations|沪深300ETF:no_observations|消费ETF:no_observations|煤炭ETF:no_observations|白银LOF:no_observations|科创50ETF:no_observations|纳指ETF:no_observations|能源化工期货ETF:no_observations|证券ETF:no_observations|豆粕ETF:no_observations|黄金ETF:no_observations
2008-11-14,1,60,红利ETF,10年国债ETF|5年国债ETF|中证1000ETF|中证2000ETF|中证500ETF|人工智能ETF|信用债ETF|军工ETF|创业板ETF|半导体ETF|原油ETF|可转债ETF|恒生ETF|新能源ETF|日利ETF|日经225ETF|有色金属期货ETF|标普500ETF|欧洲ETF|沪深300ETF|消费ETF|煤炭ETF|白银LOF|科创50ETF|纳指ETF|能源化工期货ETF|证券ETF|豆粕ETF|黄金ETF,10年国债ETF:no_observations|5年国债ETF:no_observations|中证1000ETF:no_observations|中证2000ETF:no_observations|中证500ETF:no_observations|人工智能ETF:no_observations|信用债ETF:no_observations|军工ETF:no_observations|创业板ETF:no_observations|半导体ETF:no_observations|原油ETF:no_observations|可转债ETF:no_observations|恒生ETF:no_observations|新能源ETF:no_observations|日利ETF:no_observations|日经225ETF:no_observations|有色金属期货ETF:no_observations|标普500ETF:no_observations|欧洲ETF:no_observations|沪深300ETF:no_observations|消费ETF:no_observations|煤炭ETF:no_observations|白银LOF:no_observations|科创50ETF:no_observations|纳指ETF:no_observations|能源化工期货ETF:no_observations|证券ETF:no_observations|豆粕ETF:no_observations|黄金ETF:no_observations
2008-11-21,1,60,红利ETF,10年国债ETF|5年国债ETF|中证1000ETF|中证2000ETF|中证500ETF|人工智能ETF|信用债ETF|军工ETF|创业板ETF|半导体ETF|原油ETF|可转债ETF|恒生ETF|新能源ETF|日利ETF|日经225ETF|有色金属期货ETF|标普500ETF|欧洲ETF|沪深300ETF|消费ETF|煤炭ETF|白银LOF|科创50ETF|纳指ETF|能源化工期货ETF|证券ETF|豆粕ETF|黄金ETF,10年国债ETF:no_observations|5年国债ETF:no_observations|中证1000ETF:no_observations|中证2000ETF:no_observations|中证500ETF:no_observations|人工智能ETF:no_observations|信用债ETF:no_observations|军工ETF:no_observations|创业板ETF:no_observations|半导体ETF:no_observations|原油ETF:no_observations|可转债ETF:no_observations|恒生ETF:no_observations|新能源ETF:no_observations|日利ETF:no_observations|日经225ETF:no_observations|有色金属期货ETF:no_observations|标普500ETF:no_observations|欧洲ETF:no_observations|沪深300ETF:no_observations|消费ETF:no_observations|煤炭ETF:no_observations|白银LOF:no_observations|科创50ETF:no_observations|纳指ETF:no_observations|能源化工期货ETF:no_observations|证券ETF:no_observations|豆粕ETF:no_observations|黄金ETF:no_observations
2008-11-28,1,60,红利ETF,10年国债ETF|5年国债ETF|中证1000ETF|中证2000ETF|中证500ETF|人工智能ETF|信用债ETF|军工ETF|创业板ETF|半导体ETF|原油ETF|可转债ETF|恒生ETF|新能源ETF|日利ETF|日经225ETF|有色金属期货ETF|标普500ETF|欧洲ETF|沪深300ETF|消费ETF|煤炭ETF|白银LOF|科创50ETF|纳指ETF|能源化工期货ETF|证券ETF|豆粕ETF|黄金ETF,10年国债ETF:no_observations|5年国债ETF:no_observations|中证1000ETF:no_observations|中证2000ETF:no_observations|中证500ETF:no_observations|人工智能ETF:no_observations|信用债ETF:no_observations|军工ETF:no_observations|创业板ETF:no_observations|半导体ETF:no_observations|原油ETF:no_observations|可转债ETF:no_observations|恒生ETF:no_observations|新能源ETF:no_observations|日利ETF:no_observations|日经225ETF:no_observations|有色金属期货ETF:no_observations|标普500ETF:no_observations|欧洲ETF:no_observations|沪深300ETF:no_observations|消费ETF:no_observations|煤炭ETF:no_observations|白银LOF:no_observations|科创50ETF:no_observations|纳指ETF:no_observations|能源化工期货ETF:no_observations|证券ETF:no_observations|豆粕ETF:no_observations|黄金ETF:no_observations
2008-12-05,1,60,红利ETF,10年国债ETF|5年国债ETF|中证1000ETF|中证2000ETF|中证500ETF|人工智能ETF|信用债ETF|军工ETF|创业板ETF|半导体ETF|原油ETF|可转债ETF|恒生ETF|新能源ETF|日利ETF|日经225ETF|有色金属期货ETF|标普500ETF|欧洲ETF|沪深300ETF|消费ETF|煤炭ETF|白银LOF|科创50ETF|纳指ETF|能源化工期货ETF|证券ETF|豆粕ETF|黄金ETF,10年国债ETF:no_observations|5年国债ETF:no_observations|中证1000ETF:no_observations|中证2000ETF:no_observations|中证500ETF:no_observations|人工智能ETF:no_observations|信用债ETF:no_observations|军工ETF:no_observations|创业板ETF:no_observations|半导体ETF:no_observations|原油ETF:no_observations|可转债ETF:no_observations|恒生ETF:no_observations|新能源ETF:no_observations|日利ETF:no_observations|日经225ETF:no_observations|有色金属期货ETF:no_observations|标普500ETF:no_observations|欧洲ETF:no_observations|沪深300ETF:no_observations|消费ETF:no_observations|煤炭ETF:no_observations|白银LOF:no_observations|科创50ETF:no_observations|纳指ETF:no_observations|能源化工期货ETF:no_observations|证券ETF:no_observations|豆粕ETF:no_observations|黄金ETF:no_observations
2008-12-12,1,60,红利ETF,10年国债ETF|5年国债ETF|中证1000ETF|中证2000ETF|中证500ETF|人工智能ETF|信用债ETF|军工ETF|创业板ETF|半导体ETF|原油ETF|可转债ETF|恒生ETF|新能源ETF|日利ETF|日经225ETF|有色金属期货ETF|标普500ETF|欧洲ETF|沪深300ETF|消费ETF|煤炭ETF|白银LOF|科创50ETF|纳指ETF|能源化工期货ETF|证券ETF|豆粕ETF|黄金ETF,10年国债ETF:no_observations|5年国债ETF:no_observations|中证1000ETF:no_observations|中证2000ETF:no_observations|中证500ETF:no_observations|人工智能ETF:no_observations|信用债ETF:no_observations|军工ETF:no_observations|创业板ETF:no_observations|半导体ETF:no_observations|原油ETF:no_observations|可转债ETF:no_observations|恒生ETF:no_observations|新能源ETF:no_observations|日利ETF:no_observations|日经225ETF:no_observations|有色金属期货ETF:no_observations|标普500ETF:no_observations|欧洲ETF:no_observations|沪深300ETF:no_observations|消费ETF:no_observations|煤炭ETF:no_observations|白银LOF:no_observations|科创50ETF:no_observations|纳指ETF:no_observations|能源化工期货ETF:no_observations|证券ETF:no_observations|豆粕ETF:no_observations|黄金ETF:no_observations
2008-12-19,1,60,红利ETF,10年国债ETF|5年国债ETF|中证1000ETF|中证2000ETF|中证500ETF|人工智能ETF|信用债ETF|军工ETF|创业板ETF|半导体ETF|原油ETF|可转债ETF|恒生ETF|新能源ETF|日利ETF|日经225ETF|有色金属期货ETF|标普500ETF|欧洲ETF|沪深300ETF|消费ETF|煤炭ETF|白银LOF|科创50ETF|纳指ETF|能源化工期货ETF|证券ETF|豆粕ETF|黄金ETF,10年国债ETF:no_observations|5年国债ETF:no_observations|中证1000ETF:no_observations|中证2000ETF:no_observations|中证500ETF:no_observations|人工智能ETF:no_observations|信用债ETF:no_observations|军工ETF:no_observations|创业板ETF:no_observations|半导体ETF:no_observations|原油ETF:no_observations|可转债ETF:no_observations|恒生ETF:no_observations|新能源ETF:no_observations|日利ETF:no_observations|日经225ETF:no_observations|有色金属期货ETF:no_observations|标普500ETF:no_observations|欧洲ETF:no_observations|沪深300ETF:no_observations|消费ETF:no_observations|煤炭ETF:no_observations|白银LOF:no_observations|科创50ETF:no_observations|纳指ETF:no_observations|能源化工期货ETF:no_observations|证券ETF:no_observations|豆粕ETF:no_observations|黄金ETF:no_observations
2008-12-26,1,60,红利ETF,10年国债ETF|5年国债ETF|中证1000ETF|中证2000ETF|中证500ETF|人工智能ETF|信用债ETF|军工ETF|创业板ETF|半导体ETF|原油ETF|可转债ETF|恒生ETF|新能源ETF|日利ETF|日经225ETF|有色金属期货ETF|标普500ETF|欧洲ETF|沪深300ETF|消费ETF|煤炭ETF|白银LOF|科创50ETF|纳指ETF|能源化工期货ETF|证券ETF|豆粕ETF|黄金ETF,10年国债ETF:no_observations|5年国债ETF:no_observations|中证1000ETF:no_observations|中证2000ETF:no_observations|中证500ETF:no_observations|人工智能ETF:no_observations|信用债ETF:no_observations|军工ETF:no_observations|创业板ETF:no_observations|半导体ETF:no_observations|原油ETF:no_observations|可转债ETF:no_observations|恒生ETF:no_observations|新能源ETF:no_observations|日利ETF:no_observations|日经225ETF:no_observations|有色金属期货ETF:no_observations|标普500ETF:no_observations|欧洲ETF:no_observations|沪深300ETF:no_observations|消费ETF:no_observations|煤炭ETF:no_observations|白银LOF:no_observations|科创50ETF:no_observations|纳指ETF:no_observations|能源化工期货ETF:no_observations|证券ETF:no_observations|豆粕ETF:no_observations|黄金ETF:no_observations
2008-12-31,1,60,红利ETF,10年国债ETF|5年国债ETF|中证1000ETF|中证2000ETF|中证500ETF|人工智能ETF|信用债ETF|军工ETF|创业板ETF|半导体ETF|原油ETF|可转债ETF|恒生ETF|新能源ETF|日利ETF|日经225ETF|有色金属期货ETF|标普500ETF|欧洲ETF|沪深300ETF|消费ETF|煤炭ETF|白银LOF|科创50ETF|纳指ETF|能源化工期货ETF|证券ETF|豆粕ETF|黄金ETF,10年国债ETF:no_observations|5年国债ETF:no_observations|中证1000ETF:no_observations|中证2000ETF:no_observations|中证500ETF:no_observations|人工智能ETF:no_observations|信用债ETF:no_observations|军工ETF:no_observations|创业板ETF:no_observations|半导体ETF:no_observations|原油ETF:no_observations|可转债ETF:no_observations|恒生ETF:no_observations|新能源ETF:no_observations|日利ETF:no_observations|日经225ETF:no_observations|有色金属期货ETF:no_observations|标普500ETF:no_observations|欧洲ETF:no_observations|沪深300ETF:no_observations|消费ETF:no_observations|煤炭ETF:no_observations|白银LOF:no_observations|科创50ETF:no_observations|纳指ETF:no_observations|能源化工期货ETF:no_observations|证券ETF:no_observations|豆粕ETF:no_observations|黄金ETF:no_observations
2009-01-09,1,60,红利ETF,10年国债ETF|5年国债ETF|中证1000ETF|中证2000ETF|中证500ETF|人工智能ETF|信用债ETF|军工ETF|创业板ETF|半导体ETF|原油ETF|可转债ETF|恒生ETF|新能源ETF|日利ETF|日经225ETF|有色金属期货ETF|标普500ETF|欧洲ETF|沪深300ETF|消费ETF|煤炭ETF|白银LOF|科创50ETF|纳指ETF|能源化工期货ETF|证券ETF|豆粕ETF|黄金ETF,10年国债ETF:no_observations|5年国债ETF:no_observations|中证1000ETF:no_observations|中证2000ETF:no_observations|中证500ETF:no_observations|人工智能ETF:no_observations|信用债ETF:no_observations|军工ETF:no_observations|创业板ETF:no_observations|半导体ETF:no_observations|原油ETF:no_observations|可转债ETF:no_observations|恒生ETF:no_observations|新能源ETF:no_observations|日利ETF:no_observations|日经225ETF:no_observations|有色金属期货ETF:no_observations|标普500ETF:no_observations|欧洲ETF:no_observations|沪深300ETF:no_observations|消费ETF:no_observations|煤炭ETF:no_observations|白银LOF:no_observations|科创50ETF:no_observations|纳指ETF:no_observations|能源化工期货ETF:no_observations|证券ETF:no_observations|豆粕ETF:no_observations|黄金ETF:no_observations
2009-01-16,1,60,红利ETF,10年国债ETF|5年国债ETF|中证1000ETF|中证2000ETF|中证500ETF|人工智能ETF|信用债ETF|军工ETF|创业板ETF|半导体ETF|原油ETF|可转债ETF|恒生ETF|新能源ETF|日利ETF|日经225ETF|有色金属期货ETF|标普500ETF|欧洲ETF|沪深300ETF|消费ETF|煤炭ETF|白银LOF|科创50ETF|纳指ETF|能源化工期货ETF|证券ETF|豆粕ETF|黄金ETF,10年国债ETF:no_observations|5年国债ETF:no_observations|中证1000ETF:no_observations|中证2000ETF:no_observations|中证500ETF:no_observations|人工智能ETF:no_observations|信用债ETF:no_observations|军工ETF:no_observations|创业板ETF:no_observations|半导体ETF:no_observations|原油ETF:no_observations|可转债ETF:no_observations|恒生ETF:no_observations|新能源ETF:no_observations|日利ETF:no_observations|日经225ETF:no_observations|有色金属期货ETF:no_observations|标普500ETF:no_observations|欧洲ETF:no_observations|沪深300ETF:no_observations|消费ETF:no_observations|煤炭ETF:no_observations|白银LOF:no_observations|科创50ETF:no_observations|纳指ETF:no_observations|能源化工期货ETF:no_observations|证券ETF:no_observations|豆粕ETF:no_observations|黄金ETF:no_observations
2009-01-23,1,60,红利ETF,10年国债ETF|5年国债ETF|中证1000ETF|中证2000ETF|中证500ETF|人工智能ETF|信用债ETF|军工ETF|创业板ETF|半导体ETF|原油ETF|可转债ETF|恒生ETF|新能源ETF|日利ETF|日经225ETF|有色金属期货ETF|标普500ETF|欧洲ETF|沪深300ETF|消费ETF|煤炭ETF|白银LOF|科创50ETF|纳指ETF|能源化工期货ETF|证券ETF|豆粕ETF|黄金ETF,10年国债ETF:no_observations|5年国债ETF:no_observations|中证1000ETF:no_observations|中证2000ETF:no_observations|中证500ETF:no_observations|人工智能ETF:no_observations|信用债ETF:no_observations|军工ETF:no_observations|创业板ETF:no_observations|半导体ETF:no_observations|原油ETF:no_observations|可转债ETF:no_observations|恒生ETF:no_observations|新能源ETF:no_observations|日利ETF:no_observations|日经225ETF:no_observations|有色金属期货ETF:no_observations|标普500ETF:no_observations|欧洲ETF:no_observations|沪深300ETF:no_observations|消费ETF:no_observations|煤炭ETF:no_observations|白银LOF:no_observations|科创50ETF:no_observations|纳指ETF:no_observations|能源化工期货ETF:no_observations|证券ETF:no_observations|豆粕ETF:no_observations|黄金ETF:no_observations
2009-02-06,1,60,红利ETF,10年国债ETF|5年国债ETF|中证1000ETF|中证2000ETF|中证500ETF|人工智能ETF|信用债ETF|军工ETF|创业板ETF|半导体ETF|原油ETF|可转债ETF|恒生ETF|新能源ETF|日利ETF|日经225ETF|有色金属期货ETF|标普500ETF|欧洲ETF|沪深300ETF|消费ETF|煤炭ETF|白银LOF|科创50ETF|纳指ETF|能源化工期货ETF|证券ETF|豆粕ETF|黄金ETF,10年国债ETF:no_observations|5年国债ETF:no_observations|中证1000ETF:no_observations|中证2000ETF:no_observations|中证500ETF:no_observations|人工智能ETF:no_observations|信用债ETF:no_observations|军工ETF:no_observations|创业板ETF:no_observations|半导体ETF:no_observations|原油ETF:no_observations|可转债ETF:no_observations|恒生ETF:no_observations|新能源ETF:no_observations|日利ETF:no_observations|日经225ETF:no_observations|有色金属期货ETF:no_observations|标普500ETF:no_observations|欧洲ETF:no_observations|沪深300ETF:no_observations|消费ETF:no_observations|煤炭ETF:no_observations|白银LOF:no_observations|科创50ETF:no_observations|纳指ETF:no_observations|能源化工期货ETF:no_observations|证券ETF:no_observations|豆粕ETF:no_observations|黄金ETF:no_observations
2009-02-13,1,60,红利ETF,10年国债ETF|5年国债ETF|中证1000ETF|中证2000ETF|中证500ETF|人工智能ETF|信用债ETF|军工ETF|创业板ETF|半导体ETF|原油ETF|可转债ETF|恒生ETF|新能源ETF|日利ETF|日经225ETF|有色金属期货ETF|标普500ETF|欧洲ETF|沪深300ETF|消费ETF|煤炭ETF|白银LOF|科创50ETF|纳指ETF|能源化工期货ETF|证券ETF|豆粕ETF|黄金ETF,10年国债ETF:no_observations|5年国债ETF:no_observations|中证1000ETF:no_observations|中证2000ETF:no_observations|中证500ETF:no_observations|人工智能ETF:no_observations|信用债ETF:no_observations|军工ETF:no_observations|创业板ETF:no_observations|半导体ETF:no_observations|原油ETF:no_observations|可转债ETF:no_observations|恒生ETF:no_observations|新能源ETF:no_observations|日利ETF:no_observations|日经225ETF:no_observations|有色金属期货ETF:no_observations|标普500ETF:no_observations|欧洲ETF:no_observations|沪深300ETF:no_observations|消费ETF:no_observations|煤炭ETF:no_observations|白银LOF:no_observations|科创50ETF:no_observations|纳指ETF:no_observations|能源化工期货ETF:no_observations|证券ETF:no_observations|豆粕ETF:no_observations|黄金ETF:no_observations
2009-02-20,1,60,红利ETF,10年国债ETF|5年国债ETF|中证1000ETF|中证2000ETF|中证500ETF|人工智能ETF|信用债ETF|军工ETF|创业板ETF|半导体ETF|原油ETF|可转债ETF|恒生ETF|新能源ETF|日利ETF|日经225ETF|有色金属期货ETF|标普500ETF|欧洲ETF|沪深300ETF|消费ETF|煤炭ETF|白银LOF|科创50ETF|纳指ETF|能源化工期货ETF|证券ETF|豆粕ETF|黄金ETF,10年国债ETF:no_observations|5年国债ETF:no_observations|中证1000ETF:no_observations|中证2000ETF:no_observations|中证500ETF:no_observations|人工智能ETF:no_observations|信用债ETF:no_observations|军工ETF:no_observations|创业板ETF:no_observations|半导体ETF:no_observations|原油ETF:no_observations|可转债ETF:no_observations|恒生ETF:no_observations|新能源ETF:no_observations|日利ETF:no_observations|日经225ETF:no_observations|有色金属期货ETF:no_observations|标普500ETF:no_observations|欧洲ETF:no_observations|沪深300ETF:no_observations|消费ETF:no_observations|煤炭ETF:no_observations|白银LOF:no_observations|科创50ETF:no_observations|纳指ETF:no_observations|能源化工期货ETF:no_observations|证券ETF:no_observations|豆粕ETF:no_observations|黄金ETF:no_observations
2009-02-27,1,60,红利ETF,10年国债ETF|5年国债ETF|中证1000ETF|中证2000ETF|中证500ETF|人工智能ETF|信用债ETF|军工ETF|创业板ETF|半导体ETF|原油ETF|可转债ETF|恒生ETF|新能源ETF|日利ETF|日经225ETF|有色金属期货ETF|标普500ETF|欧洲ETF|沪深300ETF|消费ETF|煤炭ETF|白银LOF|科创50ETF|纳指ETF|能源化工期货ETF|证券ETF|豆粕ETF|黄金ETF,10年国债ETF:no_observations|5年国债ETF:no_observations|中证1000ETF:no_observations|中证2000ETF:no_observations|中证500ETF:no_observations|人工智能ETF:no_observations|信用债ETF:no_observations|军工ETF:no_observations|创业板ETF:no_observations|半导体ETF:no_observations|原油ETF:no_observations|可转债ETF:no_observations|恒生ETF:no_observations|新能源ETF:no_observations|日利ETF:no_observations|日经225ETF:no_observations|有色金属期货ETF:no_observations|标普500ETF:no_observations|欧洲ETF:no_observations|沪深300ETF:no_observations|消费ETF:no_observations|煤炭ETF:no_observations|白银LOF:no_observations|科创50ETF:no_observations|纳指ETF:no_observations|能源化工期货ETF:no_observations|证券ETF:no_observations|豆粕ETF:no_observations|黄金ETF:no_observations
2009-03-06,1,60,红利ETF,10年国债ETF|5年国债ETF|中证1000ETF|中证2000ETF|中证500ETF|人工智能ETF|信用债ETF|军工ETF|创业板ETF|半导体ETF|原油ETF|可转债ETF|恒生ETF|新能源ETF|日利ETF|日经225ETF|有色金属期货ETF|标普500ETF|欧洲ETF|沪深300ETF|消费ETF|煤炭ETF|白银LOF|科创50ETF|纳指ETF|能源化工期货ETF|证券ETF|豆粕ETF|黄金ETF,10年国债ETF:no_observations|5年国债ETF:no_observations|中证1000ETF:no_observations|中证2000ETF:no_observations|中证500ETF:no_observations|人工智能ETF:no_observations|信用债ETF:no_observations|军工ETF:no_observations|创业板ETF:no_observations|半导体ETF:no_observations|原油ETF:no_observations|可转债ETF:no_observations|恒生ETF:no_observations|新能源ETF:no_observations|日利ETF:no_observations|日经225ETF:no_observations|有色金属期货ETF:no_observations|标普500ETF:no_observations|欧洲ETF:no_observations|沪深300ETF:no_observations|消费ETF:no_observations|煤炭ETF:no_observations|白银LOF:no_observations|科创50ETF:no_observations|纳指ETF:no_observations|能源化工期货ETF:no_observations|证券ETF:no_observations|豆粕ETF:no_observations|黄金ETF:no_observations
2009-03-13,1,60,红利ETF,10年国债ETF|5年国债ETF|中证1000ETF|中证2000ETF|中证500ETF|人工智能ETF|信用债ETF|军工ETF|创业板ETF|半导体ETF|原油ETF|可转债ETF|恒生ETF|新能源ETF|日利ETF|日经225ETF|有色金属期货ETF|标普500ETF|欧洲ETF|沪深300ETF|消费ETF|煤炭ETF|白银LOF|科创50ETF|纳指ETF|能源化工期货ETF|证券ETF|豆粕ETF|黄金ETF,10年国债ETF:no_observations|5年国债ETF:no_observations|中证1000ETF:no_observations|中证2000ETF:no_observations|中证500ETF:no_observations|人工智能ETF:no_observations|信用债ETF:no_observations|军工ETF:no_observations|创业板ETF:no_observations|半导体ETF:no_observations|原油ETF:no_observations|可转债ETF:no_observations|恒生ETF:no_observations|新能源ETF:no_observations|日利ETF:no_observations|日经225ETF:no_observations|有色金属期货ETF:no_observations|标普500ETF:no_observations|欧洲ETF:no_observations|沪深300ETF:no_observations|消费ETF:no_observations|煤炭ETF:no_observations|白银LOF:no_observations|科创50ETF:no_observations|纳指ETF:no_observations|能源化工期货ETF:no_observations|证券ETF:no_observations|豆粕ETF:no_observations|黄金ETF:no_observations
2009-03-20,1,60,红利ETF,10年国债ETF|5年国债ETF|中证1000ETF|中证2000ETF|中证500ETF|人工智能ETF|信用债ETF|军工ETF|创业板ETF|半导体ETF|原油ETF|可转债ETF|恒生ETF|新能源ETF|日利ETF|日经225ETF|有色金属期货ETF|标普500ETF|欧洲ETF|沪深300ETF|消费ETF|煤炭ETF|白银LOF|科创50ETF|纳指ETF|能源化工期货ETF|证券ETF|豆粕ETF|黄金ETF,10年国债ETF:no_observations|5年国债ETF:no_observations|中证1000ETF:no_observations|中证2000ETF:no_observations|中证500ETF:no_observations|人工智能ETF:no_observations|信用债ETF:no_observations|军工ETF:no_observations|创业板ETF:no_observations|半导体ETF:no_observations|原油ETF:no_observations|可转债ETF:no_observations|恒生ETF:no_observations|新能源ETF:no_observations|日利ETF:no_observations|日经225ETF:no_observations|有色金属期货ETF:no_observations|标普500ETF:no_observations|欧洲ETF:no_observations|沪深300ETF:no_observations|消费ETF:no_observations|煤炭ETF:no_observations|白银LOF:no_observations|科创50ETF:no_observations|纳指ETF:no_observations|能源化工期货ETF:no_observations|证券ETF:no_observations|豆粕ETF:no_observations|黄金ETF:no_observations
2009-03-27,1,60,红利ETF,10年国债ETF|5年国债ETF|中证1000ETF|中证2000ETF|中证500ETF|人工智能ETF|信用债ETF|军工ETF|创业板ETF|半导体ETF|原油ETF|可转债ETF|恒生ETF|新能源ETF|日利ETF|日经225ETF|有色金属期货ETF|标普500ETF|欧洲ETF|沪深300ETF|消费ETF|煤炭ETF|白银LOF|科创50ETF|纳指ETF|能源化工期货ETF|证券ETF|豆粕ETF|黄金ETF,10年国债ETF:no_observations|5年国债ETF:no_observations|中证1000ETF:no_observations|中证2000ETF:no_observations|中证500ETF:no_observations|人工智能ETF:no_observations|信用债ETF:no_observations|军工ETF:no_observations|创业板ETF:no_observations|半导体ETF:no_observations|原油ETF:no_observations|可转债ETF:no_observations|恒生ETF:no_observations|新能源ETF:no_observations|日利ETF:no_observations|日经225ETF:no_observations|有色金属期货ETF:no_observations|标普500ETF:no_observations|欧洲ETF:no_observations|沪深300ETF:no_observations|消费ETF:no_observations|煤炭ETF:no_observations|白银LOF:no_observations|科创50ETF:no_observations|纳指ETF:no_observations|能源化工期货ETF:no_observations|证券ETF:no_observations|豆粕ETF:no_observations|黄金ETF:no_observations
2009-04-03,1,60,红利ETF,10年国债ETF|5年国债ETF|中证1000ETF|中证2000ETF|中证500ETF|人工智能ETF|信用债ETF|军工ETF|创业板ETF|半导体ETF|原油ETF|可转债ETF|恒生ETF|新能源ETF|日利ETF|日经225ETF|有色金属期货ETF|标普500ETF|欧洲ETF|沪深300ETF|消费ETF|煤炭ETF|白银LOF|科创50ETF|纳指ETF|能源化工期货ETF|证券ETF|豆粕ETF|黄金ETF,10年国债ETF:no_observations|5年国债ETF:no_observations|中证1000ETF:no_observations|中证2000ETF:no_observations|中证500ETF:no_observations|人工智能ETF:no_observations|信用债ETF:no_observations|军工ETF:no_observations|创业板ETF:no_observations|半导体ETF:no_observations|原油ETF:no_observations|可转债ETF:no_observations|恒生ETF:no_observations|新能源ETF:no_observations|日利ETF:no_observations|日经225ETF:no_observations|有色金属期货ETF:no_observations|标普500ETF:no_observations|欧洲ETF:no_observations|沪深300ETF:no_observations|消费ETF:no_observations|煤炭ETF:no_observations|白银LOF:no_observations|科创50ETF:no_observations|纳指ETF:no_observations|能源化工期货ETF:no_observations|证券ETF:no_observations|豆粕ETF:no_observations|黄金ETF:no_observations
2009-04-10,1,60,红利ETF,10年国债ETF|5年国债ETF|中证1000ETF|中证2000ETF|中证500ETF|人工智能ETF|信用债ETF|军工ETF|创业板ETF|半导体ETF|原油ETF|可转债ETF|恒生ETF|新能源ETF|日利ETF|日经225ETF|有色金属期货ETF|标普500ETF|欧洲ETF|沪深300ETF|消费ETF|煤炭ETF|白银LOF|科创50ETF|纳指ETF|能源化工期货ETF|证券ETF|豆粕ETF|黄金ETF,10年国债ETF:no_observations|5年国债ETF:no_observations|中证1000ETF:no_observations|中证2000ETF:no_observations|中证500ETF:no_observations|人工智能ETF:no_observations|信用债ETF:no_observations|军工ETF:no_observations|创业板ETF:no_observations|半导体ETF:no_observations|原油ETF:no_observations|可转债ETF:no_observations|恒生ETF:no_observations|新能源ETF:no_observations|日利ETF:no_observations|日经225ETF:no_observations|有色金属期货ETF:no_observations|标普500ETF:no_observations|欧洲ETF:no_observations|沪深300ETF:no_observations|消费ETF:no_observations|煤炭ETF:no_observations|白银LOF:no_observations|科创50ETF:no_observations|纳指ETF:no_observations|能源化工期货ETF:no_observations|证券ETF:no_observations|豆粕ETF:no_observations|黄金ETF:no_observations
2009-04-17,1,60,红利ETF,10年国债ETF|5年国债ETF|中证1000ETF|中证2000ETF|中证500ETF|人工智能ETF|信用债ETF|军工ETF|创业板ETF|半导体ETF|原油ETF|可转债ETF|恒生ETF|新能源ETF|日利ETF|日经225ETF|有色金属期货ETF|标普500ETF|欧洲ETF|沪深300ETF|消费ETF|煤炭ETF|白银LOF|科创50ETF|纳指ETF|能源化工期货ETF|证券ETF|豆粕ETF|黄金ETF,10年国债ETF:no_observations|5年国债ETF:no_observations|中证1000ETF:no_observations|中证2000ETF:no_observations|中证500ETF:no_observations|人工智能ETF:no_observations|信用债ETF:no_observations|军工ETF:no_observations|创业板ETF:no_observations|半导体ETF:no_observations|原油ETF:no_observations|可转债ETF:no_observations|恒生ETF:no_observations|新能源ETF:no_observations|日利ETF:no_observations|日经225ETF:no_observations|有色金属期货ETF:no_observations|标普500ETF:no_observations|欧洲ETF:no_observations|沪深300ETF:no_observations|消费ETF:no_observations|煤炭ETF:no_observations|白银LOF:no_observations|科创50ETF:no_observations|纳指ETF:no_observations|能源化工期货ETF:no_observations|证券ETF:no_observations|豆粕ETF:no_observations|黄金ETF:no_observations
2009-04-24,1,60,红利ETF,10年国债ETF|5年国债ETF|中证1000ETF|中证2000ETF|中证500ETF|人工智能ETF|信用债ETF|军工ETF|创业板ETF|半导体ETF|原油ETF|可转债ETF|恒生ETF|新能源ETF|日利ETF|日经225ETF|有色金属期货ETF|标普500ETF|欧洲ETF|沪深300ETF|消费ETF|煤炭ETF|白银LOF|科创50ETF|纳指ETF|能源化工期货ETF|证券ETF|豆粕ETF|黄金ETF,10年国债ETF:no_observations|5年国债ETF:no_observations|中证1000ETF:no_observations|中证2000ETF:no_observations|中证500ETF:no_observations|人工智能ETF:no_observations|信用债ETF:no_observations|军工ETF:no_observations|创业板ETF:no_observations|半导体ETF:no_observations|原油ETF:no_observations|可转债ETF:no_observations|恒生ETF:no_observations|新能源ETF:no_observations|日利ETF:no_observations|日经225ETF:no_observations|有色金属期货ETF:no_observations|标普500ETF:no_observations|欧洲ETF:no_observations|沪深300ETF:no_observations|消费ETF:no_observations|煤炭ETF:no_observations|白银LOF:no_observations|科创50ETF:no_observations|纳指ETF:no_observations|能源化工期货ETF:no_observations|证券ETF:no_observations|豆粕ETF:no_observations|黄金ETF:no_observations
2009-04-30,1,60,红利ETF,10年国债ETF|5年国债ETF|中证1000ETF|中证2000ETF|中证500ETF|人工智能ETF|信用债ETF|军工ETF|创业板ETF|半导体ETF|原油ETF|可转债ETF|恒生ETF|新能源ETF|日利ETF|日经225ETF|有色金属期货ETF|标普500ETF|欧洲ETF|沪深300ETF|消费ETF|煤炭ETF|白银LOF|科创50ETF|纳指ETF|能源化工期货ETF|证券ETF|豆粕ETF|黄金ETF,10年国债ETF:no_observations|5年国债ETF:no_observations|中证1000ETF:no_observations|中证2000ETF:no_observations|中证500ETF:no_observations|人工智能ETF:no_observations|信用债ETF:no_observations|军工ETF:no_observations|创业板ETF:no_observations|半导体ETF:no_observations|原油ETF:no_observations|可转债ETF:no_observations|恒生ETF:no_observations|新能源ETF:no_observations|日利ETF:no_observations|日经225ETF:no_observations|有色金属期货ETF:no_observations|标普500ETF:no_observations|欧洲ETF:no_observations|沪深300ETF:no_observations|消费ETF:no_observations|煤炭ETF:no_observations|白银LOF:no_observations|科创50ETF:no_observations|纳指ETF:no_observations|能源化工期货ETF:no_observations|证券ETF:no_observations|豆粕ETF:no_observations|黄金ETF:no_observations
2009-05-08,1,60,红利ETF,10年国债ETF|5年国债ETF|中证1000ETF|中证2000ETF|中证500ETF|人工智能ETF|信用债ETF|军工ETF|创业板ETF|半导体ETF|原油ETF|可转债ETF|恒生ETF|新能源ETF|日利ETF|日经225ETF|有色金属期货ETF|标普500ETF|欧洲ETF|沪深300ETF|消费ETF|煤炭ETF|白银LOF|科创50ETF|纳指ETF|能源化工期货ETF|证券ETF|豆粕ETF|黄金ETF,10年国债ETF:no_observations|5年国债ETF:no_observations|中证1000ETF:no_observations|中证2000ETF:no_observations|中证500ETF:no_observations|人工智能ETF:no_observations|信用债ETF:no_observations|军工ETF:no_observations|创业板ETF:no_observations|半导体ETF:no_observations|原油ETF:no_observations|可转债ETF:no_observations|恒生ETF:no_observations|新能源ETF:no_observations|日利ETF:no_observations|日经225ETF:no_observations|有色金属期货ETF:no_observations|标普500ETF:no_observations|欧洲ETF:no_observations|沪深300ETF:no_observations|消费ETF:no_observations|煤炭ETF:no_observations|白银LOF:no_observations|科创50ETF:no_observations|纳指ETF:no_observations|能源化工期货ETF:no_observations|证券ETF:no_observations|豆粕ETF:no_observations|黄金ETF:no_observations
2009-05-15,1,60,红利ETF,10年国债ETF|5年国债ETF|中证1000ETF|中证2000ETF|中证500ETF|人工智能ETF|信用债ETF|军工ETF|创业板ETF|半导体ETF|原油ETF|可转债ETF|恒生ETF|新能源ETF|日利ETF|日经225ETF|有色金属期货ETF|标普500ETF|欧洲ETF|沪深300ETF|消费ETF|煤炭ETF|白银LOF|科创50ETF|纳指ETF|能源化工期货ETF|证券ETF|豆粕ETF|黄金ETF,10年国债ETF:no_observations|5年国债ETF:no_observations|中证1000ETF:no_observations|中证2000ETF:no_observations|中证500ETF:no_observations|人工智能ETF:no_observations|信用债ETF:no_observations|军工ETF:no_observations|创业板ETF:no_observations|半导体ETF:no_observations|原油ETF:no_observations|可转债ETF:no_observations|恒生ETF:no_observations|新能源ETF:no_observations|日利ETF:no_observations|日经225ETF:no_observations|有色金属期货ETF:no_observations|标普500ETF:no_observations|欧洲ETF:no_observations|沪深300ETF:no_observations|消费ETF:no_observations|煤炭ETF:no_observations|白银LOF:no_observations|科创50ETF:no_observations|纳指ETF:no_observations|能源化工期货ETF:no_observations|证券ETF:no_observations|豆粕ETF:no_observations|黄金ETF:no_observations
2009-05-22,1,60,红利ETF,10年国债ETF|5年国债ETF|中证1000ETF|中证2000ETF|中证500ETF|人工智能ETF|信用债ETF|军工ETF|创业板ETF|半导体ETF|原油ETF|可转债ETF|恒生ETF|新能源ETF|日利ETF|日经225ETF|有色金属期货ETF|标普500ETF|欧洲ETF|沪深300ETF|消费ETF|煤炭ETF|白银LOF|科创50ETF|纳指ETF|能源化工期货ETF|证券ETF|豆粕ETF|黄金ETF,10年国债ETF:no_observations|5年国债ETF:no_observations|中证1000ETF:no_observations|中证2000ETF:no_observations|中证500ETF:no_observations|人工智能ETF:no_observations|信用债ETF:no_observations|军工ETF:no_observations|创业板ETF:no_observations|半导体ETF:no_observations|原油ETF:no_observations|可转债ETF:no_observations|恒生ETF:no_observations|新能源ETF:no_observations|日利ETF:no_observations|日经225ETF:no_observations|有色金属期货ETF:no_observations|标普500ETF:no_observations|欧洲ETF:no_observations|沪深300ETF:no_observations|消费ETF:no_observations|煤炭ETF:no_observations|白银LOF:no_observations|科创50ETF:no_observations|纳指ETF:no_observations|能源化工期货ETF:no_observations|证券ETF:no_observations|豆粕ETF:no_observations|黄金ETF:no_observations
2009-05-27,1,60,红利ETF,10年国债ETF|5年国债ETF|中证1000ETF|中证2000ETF|中证500ETF|人工智能ETF|信用债ETF|军工ETF|创业板ETF|半导体ETF|原油ETF|可转债ETF|恒生ETF|新能源ETF|日利ETF|日经225ETF|有色金属期货ETF|标普500ETF|欧洲ETF|沪深300ETF|消费ETF|煤炭ETF|白银LOF|科创50ETF|纳指ETF|能源化工期货ETF|证券ETF|豆粕ETF|黄金ETF,10年国债ETF:no_observations|5年国债ETF:no_observations|中证1000ETF:no_observations|中证2000ETF:no_observations|中证500ETF:no_observations|人工智能ETF:no_observations|信用债ETF:no_observations|军工ETF:no_observations|创业板ETF:no_observations|半导体ETF:no_observations|原油ETF:no_observations|可转债ETF:no_observations|恒生ETF:no_observations|新能源ETF:no_observations|日利ETF:no_observations|日经225ETF:no_observations|有色金属期货ETF:no_observations|标普500ETF:no_observations|欧洲ETF:no_observations|沪深300ETF:no_observations|消费ETF:no_observations|煤炭ETF:no_observations|白银LOF:no_observations|科创50ETF:no_observations|纳指ETF:no_observations|能源化工期货ETF:no_observations|证券ETF:no_observations|豆粕ETF:no_observations|黄金ETF:no_observations
2009-06-05,1,60,红利ETF,10年国债ETF|5年国债ETF|中证1000ETF|中证2000ETF|中证500ETF|人工智能ETF|信用债ETF|军工ETF|创业板ETF|半导体ETF|原油ETF|可转债ETF|恒生ETF|新能源ETF|日利ETF|日经225ETF|有色金属期货ETF|标普500ETF|欧洲ETF|沪深300ETF|消费ETF|煤炭ETF|白银LOF|科创50ETF|纳指ETF|能源化工期货ETF|证券ETF|豆粕ETF|黄金ETF,10年国债ETF:no_observations|5年国债ETF:no_observations|中证1000ETF:no_observations|中证2000ETF:no_observations|中证500ETF:no_observations|人工智能ETF:no_observations|信用债ETF:no_observations|军工ETF:no_observations|创业板ETF:no_observations|半导体ETF:no_observations|原油ETF:no_observations|可转债ETF:no_observations|恒生ETF:no_observations|新能源ETF:no_observations|日利ETF:no_observations|日经225ETF:no_observations|有色金属期货ETF:no_observations|标普500ETF:no_observations|欧洲ETF:no_observations|沪深300ETF:no_observations|消费ETF:no_observations|煤炭ETF:no_observations|白银LOF:no_observations|科创50ETF:no_observations|纳指ETF:no_observations|能源化工期货ETF:no_observations|证券ETF:no_observations|豆粕ETF:no_observations|黄金ETF:no_observations
2009-06-12,1,60,红利ETF,10年国债ETF|5年国债ETF|中证1000ETF|中证2000ETF|中证500ETF|人工智能ETF|信用债ETF|军工ETF|创业板ETF|半导体ETF|原油ETF|可转债ETF|恒生ETF|新能源ETF|日利ETF|日经225ETF|有色金属期货ETF|标普500ETF|欧洲ETF|沪深300ETF|消费ETF|煤炭ETF|白银LOF|科创50ETF|纳指ETF|能源化工期货ETF|证券ETF|豆粕ETF|黄金ETF,10年国债ETF:no_observations|5年国债ETF:no_observations|中证1000ETF:no_observations|中证2000ETF:no_observations|中证500ETF:no_observations|人工智能ETF:no_observations|信用债ETF:no_observations|军工ETF:no_observations|创业板ETF:no_observations|半导体ETF:no_observations|原油ETF:no_observations|可转债ETF:no_observations|恒生ETF:no_observations|新能源ETF:no_observations|日利ETF:no_observations|日经225ETF:no_observations|有色金属期货ETF:no_observations|标普500ETF:no_observations|欧洲ETF:no_observations|沪深300ETF:no_observations|消费ETF:no_observations|煤炭ETF:no_observations|白银LOF:no_observations|科创50ETF:no_observations|纳指ETF:no_observations|能源化工期货ETF:no_observations|证券ETF:no_observations|豆粕ETF:no_observations|黄金ETF:no_observations
2009-06-19,1,60,红利ETF,10年国债ETF|5年国债ETF|中证1000ETF|中证2000ETF|中证500ETF|人工智能ETF|信用债ETF|军工ETF|创业板ETF|半导体ETF|原油ETF|可转债ETF|恒生ETF|新能源ETF|日利ETF|日经225ETF|有色金属期货ETF|标普500ETF|欧洲ETF|沪深300ETF|消费ETF|煤炭ETF|白银LOF|科创50ETF|纳指ETF|能源化工期货ETF|证券ETF|豆粕ETF|黄金ETF,10年国债ETF:no_observations|5年国债ETF:no_observations|中证1000ETF:no_observations|中证2000ETF:no_observations|中证500ETF:no_observations|人工智能ETF:no_observations|信用债ETF:no_observations|军工ETF:no_observations|创业板ETF:no_observations|半导体ETF:no_observations|原油ETF:no_observations|可转债ETF:no_observations|恒生ETF:no_observations|新能源ETF:no_observations|日利ETF:no_observations|日经225ETF:no_observations|有色金属期货ETF:no_observations|标普500ETF:no_observations|欧洲ETF:no_observations|沪深300ETF:no_observations|消费ETF:no_observations|煤炭ETF:no_observations|白银LOF:no_observations|科创50ETF:no_observations|纳指ETF:no_observations|能源化工期货ETF:no_observations|证券ETF:no_observations|豆粕ETF:no_observations|黄金ETF:no_observations
2009-06-26,1,60,红利ETF,10年国债ETF|5年国债ETF|中证1000ETF|中证2000ETF|中证500ETF|人工智能ETF|信用债ETF|军工ETF|创业板ETF|半导体ETF|原油ETF|可转债ETF|恒生ETF|新能源ETF|日利ETF|日经225ETF|有色金属期货ETF|标普500ETF|欧洲ETF|沪深300ETF|消费ETF|煤炭ETF|白银LOF|科创50ETF|纳指ETF|能源化工期货ETF|证券ETF|豆粕ETF|黄金ETF,10年国债ETF:no_observations|5年国债ETF:no_observations|中证1000ETF:no_observations|中证2000ETF:no_observations|中证500ETF:no_observations|人工智能ETF:no_observations|信用债ETF:no_observations|军工ETF:no_observations|创业板ETF:no_observations|半导体ETF:no_observations|原油ETF:no_observations|可转债ETF:no_observations|恒生ETF:no_observations|新能源ETF:no_observations|日利ETF:no_observations|日经225ETF:no_observations|有色金属期货ETF:no_observations|标普500ETF:no_observations|欧洲ETF:no_observations|沪深300ETF:no_observations|消费ETF:no_observations|煤炭ETF:no_observations|白银LOF:no_observations|科创50ETF:no_observations|纳指ETF:no_observations|能源化工期货ETF:no_observations|证券ETF:no_observations|豆粕ETF:no_observations|黄金ETF:no_observations
2009-07-03,1,60,红利ETF,10年国债ETF|5年国债ETF|中证1000ETF|中证2000ETF|中证500ETF|人工智能ETF|信用债ETF|军工ETF|创业板ETF|半导体ETF|原油ETF|可转债ETF|恒生ETF|新能源ETF|日利ETF|日经225ETF|有色金属期货ETF|标普500ETF|欧洲ETF|沪深300ETF|消费ETF|煤炭ETF|白银LOF|科创50ETF|纳指ETF|能源化工期货ETF|证券ETF|豆粕ETF|黄金ETF,10年国债ETF:no_observations|5年国债ETF:no_observations|中证1000ETF:no_observations|中证2000ETF:no_observations|中证500ETF:no_observations|人工智能ETF:no_observations|信用债ETF:no_observations|军工ETF:no_observations|创业板ETF:no_observations|半导体ETF:no_observations|原油ETF:no_observations|可转债ETF:no_observations|恒生ETF:no_observations|新能源ETF:no_observations|日利ETF:no_observations|日经225ETF:no_observations|有色金属期货ETF:no_observations|标普500ETF:no_observations|欧洲ETF:no_observations|沪深300ETF:no_observations|消费ETF:no_observations|煤炭ETF:no_observations|白银LOF:no_observations|科创50ETF:no_observations|纳指ETF:no_observations|能源化工期货ETF:no_observations|证券ETF:no_observations|豆粕ETF:no_observations|黄金ETF:no_observations
2009-07-10,1,60,红利ETF,10年国债ETF|5年国债ETF|中证1000ETF|中证2000ETF|中证500ETF|人工智能ETF|信用债ETF|军工ETF|创业板ETF|半导体ETF|原油ETF|可转债ETF|恒生ETF|新能源ETF|日利ETF|日经225ETF|有色金属期货ETF|标普500ETF|欧洲ETF|沪深300ETF|消费ETF|煤炭ETF|白银LOF|科创50ETF|纳指ETF|能源化工期货ETF|证券ETF|豆粕ETF|黄金ETF,10年国债ETF:no_observations|5年国债ETF:no_observations|中证1000ETF:no_observations|中证2000ETF:no_observations|中证500ETF:no_observations|人工智能ETF:no_observations|信用债ETF:no_observations|军工ETF:no_observations|创业板ETF:no_observations|半导体ETF:no_observations|原油ETF:no_observations|可转债ETF:no_observations|恒生ETF:no_observations|新能源ETF:no_observations|日利ETF:no_observations|日经225ETF:no_observations|有色金属期货ETF:no_observations|标普500ETF:no_observations|欧洲ETF:no_observations|沪深300ETF:no_observations|消费ETF:no_observations|煤炭ETF:no_observations|白银LOF:no_observations|科创50ETF:no_observations|纳指ETF:no_observations|能源化工期货ETF:no_observations|证券ETF:no_observations|豆粕ETF:no_observations|黄金ETF:no_observations
2009-07-17,1,60,红利ETF,10年国债ETF|5年国债ETF|中证1000ETF|中证2000ETF|中证500ETF|人工智能ETF|信用债ETF|军工ETF|创业板ETF|半导体ETF|原油ETF|可转债ETF|恒生ETF|新能源ETF|日利ETF|日经225ETF|有色金属期货ETF|标普500ETF|欧洲ETF|沪深300ETF|消费ETF|煤炭ETF|白银LOF|科创50ETF|纳指ETF|能源化工期货ETF|证券ETF|豆粕ETF|黄金ETF,10年国债ETF:no_observations|5年国债ETF:no_observations|中证1000ETF:no_observations|中证2000ETF:no_observations|中证500ETF:no_observations|人工智能ETF:no_observations|信用债ETF:no_observations|军工ETF:no_observations|创业板ETF:no_observations|半导体ETF:no_observations|原油ETF:no_observations|可转债ETF:no_observations|恒生ETF:no_observations|新能源ETF:no_observations|日利ETF:no_observations|日经225ETF:no_observations|有色金属期货ETF:no_observations|标普500ETF:no_observations|欧洲ETF:no_observations|沪深300ETF:no_observations|消费ETF:no_observations|煤炭ETF:no_observations|白银LOF:no_observations|科创50ETF:no_observations|纳指ETF:no_observations|能源化工期货ETF:no_observations|证券ETF:no_observations|豆粕ETF:no_observations|黄金ETF:no_observations
2009-07-24,1,60,红利ETF,10年国债ETF|5年国债ETF|中证1000ETF|中证2000ETF|中证500ETF|人工智能ETF|信用债ETF|军工ETF|创业板ETF|半导体ETF|原油ETF|可转债ETF|恒生ETF|新能源ETF|日利ETF|日经225ETF|有色金属期货ETF|标普500ETF|欧洲ETF|沪深300ETF|消费ETF|煤炭ETF|白银LOF|科创50ETF|纳指ETF|能源化工期货ETF|证券ETF|豆粕ETF|黄金ETF,10年国债ETF:no_observations|5年国债ETF:no_observations|中证1000ETF:no_observations|中证2000ETF:no_observations|中证500ETF:no_observations|人工智能ETF:no_observations|信用债ETF:no_observations|军工ETF:no_observations|创业板ETF:no_observations|半导体ETF:no_observations|原油ETF:no_observations|可转债ETF:no_observations|恒生ETF:no_observations|新能源ETF:no_observations|日利ETF:no_observations|日经225ETF:no_observations|有色金属期货ETF:no_observations|标普500ETF:no_observations|欧洲ETF:no_observations|沪深300ETF:no_observations|消费ETF:no_observations|煤炭ETF:no_observations|白银LOF:no_observations|科创50ETF:no_observations|纳指ETF:no_observations|能源化工期货ETF:no_observations|证券ETF:no_observations|豆粕ETF:no_observations|黄金ETF:no_observations
2009-07-31,1,60,红利ETF,10年国债ETF|5年国债ETF|中证1000ETF|中证2000ETF|中证500ETF|人工智能ETF|信用债ETF|军工ETF|创业板ETF|半导体ETF|原油ETF|可转债ETF|恒生ETF|新能源ETF|日利ETF|日经225ETF|有色金属期货ETF|标普500ETF|欧洲ETF|沪深300ETF|消费ETF|煤炭ETF|白银LOF|科创50ETF|纳指ETF|能源化工期货ETF|证券ETF|豆粕ETF|黄金ETF,10年国债ETF:no_observations|5年国债ETF:no_observations|中证1000ETF:no_observations|中证2000ETF:no_observations|中证500ETF:no_observations|人工智能ETF:no_observations|信用债ETF:no_observations|军工ETF:no_observations|创业板ETF:no_observations|半导体ETF:no_observations|原油ETF:no_observations|可转债ETF:no_observations|恒生ETF:no_observations|新能源ETF:no_observations|日利ETF:no_observations|日经225ETF:no_observations|有色金属期货ETF:no_observations|标普500ETF:no_observations|欧洲ETF:no_observations|沪深300ETF:no_observations|消费ETF:no_observations|煤炭ETF:no_observations|白银LOF:no_observations|科创50ETF:no_observations|纳指ETF:no_observations|能源化工期货ETF:no_observations|证券ETF:no_observations|豆粕ETF:no_observations|黄金ETF:no_observations
2009-08-07,1,60,红利ETF,10年国债ETF|5年国债ETF|中证1000ETF|中证2000ETF|中证500ETF|人工智能ETF|信用债ETF|军工ETF|创业板ETF|半导体ETF|原油ETF|可转债ETF|恒生ETF|新能源ETF|日利ETF|日经225ETF|有色金属期货ETF|标普500ETF|欧洲ETF|沪深300ETF|消费ETF|煤炭ETF|白银LOF|科创50ETF|纳指ETF|能源化工期货ETF|证券ETF|豆粕ETF|黄金ETF,10年国债ETF:no_observations|5年国债ETF:no_observations|中证1000ETF:no_observations|中证2000ETF:no_observations|中证500ETF:no_observations|人工智能ETF:no_observations|信用债ETF:no_observations|军工ETF:no_observations|创业板ETF:no_observations|半导体ETF:no_observations|原油ETF:no_observations|可转债ETF:no_observations|恒生ETF:no_observations|新能源ETF:no_observations|日利ETF:no_observations|日经225ETF:no_observations|有色金属期货ETF:no_observations|标普500ETF:no_observations|欧洲ETF:no_observations|沪深300ETF:no_observations|消费ETF:no_observations|煤炭ETF:no_observations|白银LOF:no_observations|科创50ETF:no_observations|纳指ETF:no_observations|能源化工期货ETF:no_observations|证券ETF:no_observations|豆粕ETF:no_observations|黄金ETF:no_observations
2009-08-14,1,60,红利ETF,10年国债ETF|5年国债ETF|中证1000ETF|中证2000ETF|中证500ETF|人工智能ETF|信用债ETF|军工ETF|创业板ETF|半导体ETF|原油ETF|可转债ETF|恒生ETF|新能源ETF|日利ETF|日经225ETF|有色金属期货ETF|标普500ETF|欧洲ETF|沪深300ETF|消费ETF|煤炭ETF|白银LOF|科创50ETF|纳指ETF|能源化工期货ETF|证券ETF|豆粕ETF|黄金ETF,10年国债ETF:no_observations|5年国债ETF:no_observations|中证1000ETF:no_observations|中证2000ETF:no_observations|中证500ETF:no_observations|人工智能ETF:no_observations|信用债ETF:no_observations|军工ETF:no_observations|创业板ETF:no_observations|半导体ETF:no_observations|原油ETF:no_observations|可转债ETF:no_observations|恒生ETF:no_observations|新能源ETF:no_observations|日利ETF:no_observations|日经225ETF:no_observations|有色金属期货ETF:no_observations|标普500ETF:no_observations|欧洲ETF:no_observations|沪深300ETF:no_observations|消费ETF:no_observations|煤炭ETF:no_observations|白银LOF:no_observations|科创50ETF:no_observations|纳指ETF:no_observations|能源化工期货ETF:no_observations|证券ETF:no_observations|豆粕ETF:no_observations|黄金ETF:no_observations
2009-08-21,1,60,红利ETF,10年国债ETF|5年国债ETF|中证1000ETF|中证2000ETF|中证500ETF|人工智能ETF|信用债ETF|军工ETF|创业板ETF|半导体ETF|原油ETF|可转债ETF|恒生ETF|新能源ETF|日利ETF|日经225ETF|有色金属期货ETF|标普500ETF|欧洲ETF|沪深300ETF|消费ETF|煤炭ETF|白银LOF|科创50ETF|纳指ETF|能源化工期货ETF|证券ETF|豆粕ETF|黄金ETF,10年国债ETF:no_observations|5年国债ETF:no_observations|中证1000ETF:no_observations|中证2000ETF:no_observations|中证500ETF:no_observations|人工智能ETF:no_observations|信用债ETF:no_observations|军工ETF:no_observations|创业板ETF:no_observations|半导体ETF:no_observations|原油ETF:no_observations|可转债ETF:no_observations|恒生ETF:no_observations|新能源ETF:no_observations|日利ETF:no_observations|日经225ETF:no_observations|有色金属期货ETF:no_observations|标普500ETF:no_observations|欧洲ETF:no_observations|沪深300ETF:no_observations|消费ETF:no_observations|煤炭ETF:no_observations|白银LOF:no_observations|科创50ETF:no_observations|纳指ETF:no_observations|能源化工期货ETF:no_observations|证券ETF:no_observations|豆粕ETF:no_observations|黄金ETF:no_observations
2009-08-28,1,60,红利ETF,10年国债ETF|5年国债ETF|中证1000ETF|中证2000ETF|中证500ETF|人工智能ETF|信用债ETF|军工ETF|创业板ETF|半导体ETF|原油ETF|可转债ETF|恒生ETF|新能源ETF|日利ETF|日经225ETF|有色金属期货ETF|标普500ETF|欧洲ETF|沪深300ETF|消费ETF|煤炭ETF|白银LOF|科创50ETF|纳指ETF|能源化工期货ETF|证券ETF|豆粕ETF|黄金ETF,10年国债ETF:no_observations|5年国债ETF:no_observations|中证1000ETF:no_observations|中证2000ETF:no_observations|中证500ETF:no_observations|人工智能ETF:no_observations|信用债ETF:no_observations|军工ETF:no_observations|创业板ETF:no_observations|半导体ETF:no_observations|原油ETF:no_observations|可转债ETF:no_observations|恒生ETF:no_observations|新能源ETF:no_observations|日利ETF:no_observations|日经225ETF:no_observations|有色金属期货ETF:no_observations|标普500ETF:no_observations|欧洲ETF:no_observations|沪深300ETF:no_observations|消费ETF:no_observations|煤炭ETF:no_observations|白银LOF:no_observations|科创50ETF:no_observations|纳指ETF:no_observations|能源化工期货ETF:no_observations|证券ETF:no_observations|豆粕ETF:no_observations|黄金ETF:no_observations
2009-09-04,1,60,红利ETF,10年国债ETF|5年国债ETF|中证1000ETF|中证2000ETF|中证500ETF|人工智能ETF|信用债ETF|军工ETF|创业板ETF|半导体ETF|原油ETF|可转债ETF|恒生ETF|新能源ETF|日利ETF|日经225ETF|有色金属期货ETF|标普500ETF|欧洲ETF|沪深300ETF|消费ETF|煤炭ETF|白银LOF|科创50ETF|纳指ETF|能源化工期货ETF|证券ETF|豆粕ETF|黄金ETF,10年国债ETF:no_observations|5年国债ETF:no_observations|中证1000ETF:no_observations|中证2000ETF:no_observations|中证500ETF:no_observations|人工智能ETF:no_observations|信用债ETF:no_observations|军工ETF:no_observations|创业板ETF:no_observations|半导体ETF:no_observations|原油ETF:no_observations|可转债ETF:no_observations|恒生ETF:no_observations|新能源ETF:no_observations|日利ETF:no_observations|日经225ETF:no_observations|有色金属期货ETF:no_observations|标普500ETF:no_observations|欧洲ETF:no_observations|沪深300ETF:no_observations|消费ETF:no_observations|煤炭ETF:no_observations|白银LOF:no_observations|科创50ETF:no_observations|纳指ETF:no_observations|能源化工期货ETF:no_observations|证券ETF:no_observations|豆粕ETF:no_observations|黄金ETF:no_observations
2009-09-11,1,60,红利ETF,10年国债ETF|5年国债ETF|中证1000ETF|中证2000ETF|中证500ETF|人工智能ETF|信用债ETF|军工ETF|创业板ETF|半导体ETF|原油ETF|可转债ETF|恒生ETF|新能源ETF|日利ETF|日经225ETF|有色金属期货ETF|标普500ETF|欧洲ETF|沪深300ETF|消费ETF|煤炭ETF|白银LOF|科创50ETF|纳指ETF|能源化工期货ETF|证券ETF|豆粕ETF|黄金ETF,10年国债ETF:no_observations|5年国债ETF:no_observations|中证1000ETF:no_observations|中证2000ETF:no_observations|中证500ETF:no_observations|人工智能ETF:no_observations|信用债ETF:no_observations|军工ETF:no_observations|创业板ETF:no_observations|半导体ETF:no_observations|原油ETF:no_observations|可转债ETF:no_observations|恒生ETF:no_observations|新能源ETF:no_observations|日利ETF:no_observations|日经225ETF:no_observations|有色金属期货ETF:no_observations|标普500ETF:no_observations|欧洲ETF:no_observations|沪深300ETF:no_observations|消费ETF:no_observations|煤炭ETF:no_observations|白银LOF:no_observations|科创50ETF:no_observations|纳指ETF:no_observations|能源化工期货ETF:no_observations|证券ETF:no_observations|豆粕ETF:no_observations|黄金ETF:no_observations
2009-09-18,1,60,红利ETF,10年国债ETF|5年国债ETF|中证1000ETF|中证2000ETF|中证500ETF|人工智能ETF|信用债ETF|军工ETF|创业板ETF|半导体ETF|原油ETF|可转债ETF|恒生ETF|新能源ETF|日利ETF|日经225ETF|有色金属期货ETF|标普500ETF|欧洲ETF|沪深300ETF|消费ETF|煤炭ETF|白银LOF|科创50ETF|纳指ETF|能源化工期货ETF|证券ETF|豆粕ETF|黄金ETF,10年国债ETF:no_observations|5年国债ETF:no_observations|中证1000ETF:no_observations|中证2000ETF:no_observations|中证500ETF:no_observations|人工智能ETF:no_observations|信用债ETF:no_observations|军工ETF:no_observations|创业板ETF:no_observations|半导体ETF:no_observations|原油ETF:no_observations|可转债ETF:no_observations|恒生ETF:no_observations|新能源ETF:no_observations|日利ETF:no_observations|日经225ETF:no_observations|有色金属期货ETF:no_observations|标普500ETF:no_observations|欧洲ETF:no_observations|沪深300ETF:no_observations|消费ETF:no_observations|煤炭ETF:no_observations|白银LOF:no_observations|科创50ETF:no_observations|纳指ETF:no_observations|能源化工期货ETF:no_observations|证券ETF:no_observations|豆粕ETF:no_observations|黄金ETF:no_observations
2009-09-25,1,60,红利ETF,10年国债ETF|5年国债ETF|中证1000ETF|中证2000ETF|中证500ETF|人工智能ETF|信用债ETF|军工ETF|创业板ETF|半导体ETF|原油ETF|可转债ETF|恒生ETF|新能源ETF|日利ETF|日经225ETF|有色金属期货ETF|标普500ETF|欧洲ETF|沪深300ETF|消费ETF|煤炭ETF|白银LOF|科创50ETF|纳指ETF|能源化工期货ETF|证券ETF|豆粕ETF|黄金ETF,10年国债ETF:no_observations|5年国债ETF:no_observations|中证1000ETF:no_observations|中证2000ETF:no_observations|中证500ETF:no_observations|人工智能ETF:no_observations|信用债ETF:no_observations|军工ETF:no_observations|创业板ETF:no_observations|半导体ETF:no_observations|原油ETF:no_observations|可转债ETF:no_observations|恒生ETF:no_observations|新能源ETF:no_observations|日利ETF:no_observations|日经225ETF:no_observations|有色金属期货ETF:no_observations|标普500ETF:no_observations|欧洲ETF:no_observations|沪深300ETF:no_observations|消费ETF:no_observations|煤炭ETF:no_observations|白银LOF:no_observations|科创50ETF:no_observations|纳指ETF:no_observations|能源化工期货ETF:no_observations|证券ETF:no_observations|豆粕ETF:no_observations|黄金ETF:no_observations
2009-09-30,1,60,红利ETF,10年国债ETF|5年国债ETF|中证1000ETF|中证2000ETF|中证500ETF|人工智能ETF|信用债ETF|军工ETF|创业板ETF|半导体ETF|原油ETF|可转债ETF|恒生ETF|新能源ETF|日利ETF|日经225ETF|有色金属期货ETF|标普500ETF|欧洲ETF|沪深300ETF|消费ETF|煤炭ETF|白银LOF|科创50ETF|纳指ETF|能源化工期货ETF|证券ETF|豆粕ETF|黄金ETF,10年国债ETF:no_observations|5年国债ETF:no_observations|中证1000ETF:no_observations|中证2000ETF:no_observations|中证500ETF:no_observations|人工智能ETF:no_observations|信用债ETF:no_observations|军工ETF:no_observations|创业板ETF:no_observations|半导体ETF:no_observations|原油ETF:no_observations|可转债ETF:no_observations|恒生ETF:no_observations|新能源ETF:no_observations|日利ETF:no_observations|日经225ETF:no_observations|有色金属期货ETF:no_observations|标普500ETF:no_observations|欧洲ETF:no_observations|沪深300ETF:no_observations|消费ETF:no_observations|煤炭ETF:no_observations|白银LOF:no_observations|科创50ETF:no_observations|纳指ETF:no_observations|能源化工期货ETF:no_observations|证券ETF:no_observations|豆粕ETF:no_observations|黄金ETF:no_observations
2009-10-09,1,60,红利ETF,10年国债ETF|5年国债ETF|中证1000ETF|中证2000ETF|中证500ETF|人工智能ETF|信用债ETF|军工ETF|创业板ETF|半导体ETF|原油ETF|可转债ETF|恒生ETF|新能源ETF|日利ETF|日经225ETF|有色金属期货ETF|标普500ETF|欧洲ETF|沪深300ETF|消费ETF|煤炭ETF|白银LOF|科创50ETF|纳指ETF|能源化工期货ETF|证券ETF|豆粕ETF|黄金ETF,10年国债ETF:no_observations|5年国债ETF:no_observations|中证1000ETF:no_observations|中证2000ETF:no_observations|中证500ETF:no_observations|人工智能ETF:no_observations|信用债ETF:no_observations|军工ETF:no_observations|创业板ETF:no_observations|半导体ETF:no_observations|原油ETF:no_observations|可转债ETF:no_observations|恒生ETF:no_observations|新能源ETF:no_observations|日利ETF:no_observations|日经225ETF:no_observations|有色金属期货ETF:no_observations|标普500ETF:no_observations|欧洲ETF:no_observations|沪深300ETF:no_observations|消费ETF:no_observations|煤炭ETF:no_observations|白银LOF:no_observations|科创50ETF:no_observations|纳指ETF:no_observations|能源化工期货ETF:no_observations|证券ETF:no_observations|豆粕ETF:no_observations|黄金ETF:no_observations
2009-10-16,1,60,红利ETF,10年国债ETF|5年国债ETF|中证1000ETF|中证2000ETF|中证500ETF|人工智能ETF|信用债ETF|军工ETF|创业板ETF|半导体ETF|原油ETF|可转债ETF|恒生ETF|新能源ETF|日利ETF|日经225ETF|有色金属期货ETF|标普500ETF|欧洲ETF|沪深300ETF|消费ETF|煤炭ETF|白银LOF|科创50ETF|纳指ETF|能源化工期货ETF|证券ETF|豆粕ETF|黄金ETF,10年国债ETF:no_observations|5年国债ETF:no_observations|中证1000ETF:no_observations|中证2000ETF:no_observations|中证500ETF:no_observations|人工智能ETF:no_observations|信用债ETF:no_observations|军工ETF:no_observations|创业板ETF:no_observations|半导体ETF:no_observations|原油ETF:no_observations|可转债ETF:no_observations|恒生ETF:no_observations|新能源ETF:no_observations|日利ETF:no_observations|日经225ETF:no_observations|有色金属期货ETF:no_observations|标普500ETF:no_observations|欧洲ETF:no_observations|沪深300ETF:no_observations|消费ETF:no_observations|煤炭ETF:no_observations|白银LOF:no_observations|科创50ETF:no_observations|纳指ETF:no_observations|能源化工期货ETF:no_observations|证券ETF:no_observations|豆粕ETF:no_observations|黄金ETF:no_observations
2009-10-23,1,60,红利ETF,10年国债ETF|5年国债ETF|中证1000ETF|中证2000ETF|中证500ETF|人工智能ETF|信用债ETF|军工ETF|创业板ETF|半导体ETF|原油ETF|可转债ETF|恒生ETF|新能源ETF|日利ETF|日经225ETF|有色金属期货ETF|标普500ETF|欧洲ETF|沪深300ETF|消费ETF|煤炭ETF|白银LOF|科创50ETF|纳指ETF|能源化工期货ETF|证券ETF|豆粕ETF|黄金ETF,10年国债ETF:no_observations|5年国债ETF:no_observations|中证1000ETF:no_observations|中证2000ETF:no_observations|中证500ETF:no_observations|人工智能ETF:no_observations|信用债ETF:no_observations|军工ETF:no_observations|创业板ETF:no_observations|半导体ETF:no_observations|原油ETF:no_observations|可转债ETF:no_observations|恒生ETF:no_observations|新能源ETF:no_observations|日利ETF:no_observations|日经225ETF:no_observations|有色金属期货ETF:no_observations|标普500ETF:no_observations|欧洲ETF:no_observations|沪深300ETF:no_observations|消费ETF:no_observations|煤炭ETF:no_observations|白银LOF:no_observations|科创50ETF:no_observations|纳指ETF:no_observations|能源化工期货ETF:no_observations|证券ETF:no_observations|豆粕ETF:no_observations|黄金ETF:no_observations
2009-10-30,1,60,红利ETF,10年国债ETF|5年国债ETF|中证1000ETF|中证2000ETF|中证500ETF|人工智能ETF|信用债ETF|军工ETF|创业板ETF|半导体ETF|原油ETF|可转债ETF|恒生ETF|新能源ETF|日利ETF|日经225ETF|有色金属期货ETF|标普500ETF|欧洲ETF|沪深300ETF|消费ETF|煤炭ETF|白银LOF|科创50ETF|纳指ETF|能源化工期货ETF|证券ETF|豆粕ETF|黄金ETF,10年国债ETF:no_observations|5年国债ETF:no_observations|中证1000ETF:no_observations|中证2000ETF:no_observations|中证500ETF:no_observations|人工智能ETF:no_observations|信用债ETF:no_observations|军工ETF:no_observations|创业板ETF:no_observations|半导体ETF:no_observations|原油ETF:no_observations|可转债ETF:no_observations|恒生ETF:no_observations|新能源ETF:no_observations|日利ETF:no_observations|日经225ETF:no_observations|有色金属期货ETF:no_observations|标普500ETF:no_observations|欧洲ETF:no_observations|沪深300ETF:no_observations|消费ETF:no_observations|煤炭ETF:no_observations|白银LOF:no_observations|科创50ETF:no_observations|纳指ETF:no_observations|能源化工期货ETF:no_observations|证券ETF:no_observations|豆粕ETF:no_observations|黄金ETF:no_observations
2009-11-06,1,60,红利ETF,10年国债ETF|5年国债ETF|中证1000ETF|中证2000ETF|中证500ETF|人工智能ETF|信用债ETF|军工ETF|创业板ETF|半导体ETF|原油ETF|可转债ETF|恒生ETF|新能源ETF|日利ETF|日经225ETF|有色金属期货ETF|标普500ETF|欧洲ETF|沪深300ETF|消费ETF|煤炭ETF|白银LOF|科创50ETF|纳指ETF|能源化工期货ETF|证券ETF|豆粕ETF|黄金ETF,10年国债ETF:no_observations|5年国债ETF:no_observations|中证1000ETF:no_observations|中证2000ETF:no_observations|中证500ETF:no_observations|人工智能ETF:no_observations|信用债ETF:no_observations|军工ETF:no_observations|创业板ETF:no_observations|半导体ETF:no_observations|原油ETF:no_observations|可转债ETF:no_observations|恒生ETF:no_observations|新能源ETF:no_observations|日利ETF:no_observations|日经225ETF:no_observations|有色金属期货ETF:no_observations|标普500ETF:no_observations|欧洲ETF:no_observations|沪深300ETF:no_observations|消费ETF:no_observations|煤炭ETF:no_observations|白银LOF:no_observations|科创50ETF:no_observations|纳指ETF:no_observations|能源化工期货ETF:no_observations|证券ETF:no_observations|豆粕ETF:no_observations|黄金ETF:no_observations
2009-11-13,1,60,红利ETF,10年国债ETF|5年国债ETF|中证1000ETF|中证2000ETF|中证500ETF|人工智能ETF|信用债ETF|军工ETF|创业板ETF|半导体ETF|原油ETF|可转债ETF|恒生ETF|新能源ETF|日利ETF|日经225ETF|有色金属期货ETF|标普500ETF|欧洲ETF|沪深300ETF|消费ETF|煤炭ETF|白银LOF|科创50ETF|纳指ETF|能源化工期货ETF|证券ETF|豆粕ETF|黄金ETF,10年国债ETF:no_observations|5年国债ETF:no_observations|中证1000ETF:no_observations|中证2000ETF:no_observations|中证500ETF:no_observations|人工智能ETF:no_observations|信用债ETF:no_observations|军工ETF:no_observations|创业板ETF:no_observations|半导体ETF:no_observations|原油ETF:no_observations|可转债ETF:no_observations|恒生ETF:no_observations|新能源ETF:no_observations|日利ETF:no_observations|日经225ETF:no_observations|有色金属期货ETF:no_observations|标普500ETF:no_observations|欧洲ETF:no_observations|沪深300ETF:no_observations|消费ETF:no_observations|煤炭ETF:no_observations|白银LOF:no_observations|科创50ETF:no_observations|纳指ETF:no_observations|能源化工期货ETF:no_observations|证券ETF:no_observations|豆粕ETF:no_observations|黄金ETF:no_observations
2009-11-20,1,60,红利ETF,10年国债ETF|5年国债ETF|中证1000ETF|中证2000ETF|中证500ETF|人工智能ETF|信用债ETF|军工ETF|创业板ETF|半导体ETF|原油ETF|可转债ETF|恒生ETF|新能源ETF|日利ETF|日经225ETF|有色金属期货ETF|标普500ETF|欧洲ETF|沪深300ETF|消费ETF|煤炭ETF|白银LOF|科创50ETF|纳指ETF|能源化工期货ETF|证券ETF|豆粕ETF|黄金ETF,10年国债ETF:no_observations|5年国债ETF:no_observations|中证1000ETF:no_observations|中证2000ETF:no_observations|中证500ETF:no_observations|人工智能ETF:no_observations|信用债ETF:no_observations|军工ETF:no_observations|创业板ETF:no_observations|半导体ETF:no_observations|原油ETF:no_observations|可转债ETF:no_observations|恒生ETF:no_observations|新能源ETF:no_observations|日利ETF:no_observations|日经225ETF:no_observations|有色金属期货ETF:no_observations|标普500ETF:no_observations|欧洲ETF:no_observations|沪深300ETF:no_observations|消费ETF:no_observations|煤炭ETF:no_observations|白银LOF:no_observations|科创50ETF:no_observations|纳指ETF:no_observations|能源化工期货ETF:no_observations|证券ETF:no_observations|豆粕ETF:no_observations|黄金ETF:no_observations
2009-11-27,1,60,红利ETF,10年国债ETF|5年国债ETF|中证1000ETF|中证2000ETF|中证500ETF|人工智能ETF|信用债ETF|军工ETF|创业板ETF|半导体ETF|原油ETF|可转债ETF|恒生ETF|新能源ETF|日利ETF|日经225ETF|有色金属期货ETF|标普500ETF|欧洲ETF|沪深300ETF|消费ETF|煤炭ETF|白银LOF|科创50ETF|纳指ETF|能源化工期货ETF|证券ETF|豆粕ETF|黄金ETF,10年国债ETF:no_observations|5年国债ETF:no_observations|中证1000ETF:no_observations|中证2000ETF:no_observations|中证500ETF:no_observations|人工智能ETF:no_observations|信用债ETF:no_observations|军工ETF:no_observations|创业板ETF:no_observations|半导体ETF:no_observations|原油ETF:no_observations|可转债ETF:no_observations|恒生ETF:no_observations|新能源ETF:no_observations|日利ETF:no_observations|日经225ETF:no_observations|有色金属期货ETF:no_observations|标普500ETF:no_observations|欧洲ETF:no_observations|沪深300ETF:no_observations|消费ETF:no_observations|煤炭ETF:no_observations|白银LOF:no_observations|科创50ETF:no_observations|纳指ETF:no_observations|能源化工期货ETF:no_observations|证券ETF:no_observations|豆粕ETF:no_observations|黄金ETF:no_observations
2009-12-04,1,60,红利ETF,10年国债ETF|5年国债ETF|中证1000ETF|中证2000ETF|中证500ETF|人工智能ETF|信用债ETF|军工ETF|创业板ETF|半导体ETF|原油ETF|可转债ETF|恒生ETF|新能源ETF|日利ETF|日经225ETF|有色金属期货ETF|标普500ETF|欧洲ETF|沪深300ETF|消费ETF|煤炭ETF|白银LOF|科创50ETF|纳指ETF|能源化工期货ETF|证券ETF|豆粕ETF|黄金ETF,10年国债ETF:no_observations|5年国债ETF:no_observations|中证1000ETF:no_observations|中证2000ETF:no_observations|中证500ETF:no_observations|人工智能ETF:no_observations|信用债ETF:no_observations|军工ETF:no_observations|创业板ETF:no_observations|半导体ETF:no_observations|原油ETF:no_observations|可转债ETF:no_observations|恒生ETF:no_observations|新能源ETF:no_observations|日利ETF:no_observations|日经225ETF:no_observations|有色金属期货ETF:no_observations|标普500ETF:no_observations|欧洲ETF:no_observations|沪深300ETF:no_observations|消费ETF:no_observations|煤炭ETF:no_observations|白银LOF:no_observations|科创50ETF:no_observations|纳指ETF:no_observations|能源化工期货ETF:no_observations|证券ETF:no_observations|豆粕ETF:no_observations|黄金ETF:no_observations
2009-12-11,1,60,红利ETF,10年国债ETF|5年国债ETF|中证1000ETF|中证2000ETF|中证500ETF|人工智能ETF|信用债ETF|军工ETF|创业板ETF|半导体ETF|原油ETF|可转债ETF|恒生ETF|新能源ETF|日利ETF|日经225ETF|有色金属期货ETF|标普500ETF|欧洲ETF|沪深300ETF|消费ETF|煤炭ETF|白银LOF|科创50ETF|纳指ETF|能源化工期货ETF|证券ETF|豆粕ETF|黄金ETF,10年国债ETF:no_observations|5年国债ETF:no_observations|中证1000ETF:no_observations|中证2000ETF:no_observations|中证500ETF:no_observations|人工智能ETF:no_observations|信用债ETF:no_observations|军工ETF:no_observations|创业板ETF:no_observations|半导体ETF:no_observations|原油ETF:no_observations|可转债ETF:no_observations|恒生ETF:no_observations|新能源ETF:no_observations|日利ETF:no_observations|日经225ETF:no_observations|有色金属期货ETF:no_observations|标普500ETF:no_observations|欧洲ETF:no_observations|沪深300ETF:no_observations|消费ETF:no_observations|煤炭ETF:no_observations|白银LOF:no_observations|科创50ETF:no_observations|纳指ETF:no_observations|能源化工期货ETF:no_observations|证券ETF:no_observations|豆粕ETF:no_observations|黄金ETF:no_observations
2009-12-18,1,60,红利ETF,10年国债ETF|5年国债ETF|中证1000ETF|中证2000ETF|中证500ETF|人工智能ETF|信用债ETF|军工ETF|创业板ETF|半导体ETF|原油ETF|可转债ETF|恒生ETF|新能源ETF|日利ETF|日经225ETF|有色金属期货ETF|标普500ETF|欧洲ETF|沪深300ETF|消费ETF|煤炭ETF|白银LOF|科创50ETF|纳指ETF|能源化工期货ETF|证券ETF|豆粕ETF|黄金ETF,10年国债ETF:no_observations|5年国债ETF:no_observations|中证1000ETF:no_observations|中证2000ETF:no_observations|中证500ETF:no_observations|人工智能ETF:no_observations|信用债ETF:no_observations|军工ETF:no_observations|创业板ETF:no_observations|半导体ETF:no_observations|原油ETF:no_observations|可转债ETF:no_observations|恒生ETF:no_observations|新能源ETF:no_observations|日利ETF:no_observations|日经225ETF:no_observations|有色金属期货ETF:no_observations|标普500ETF:no_observations|欧洲ETF:no_observations|沪深300ETF:no_observations|消费ETF:no_observations|煤炭ETF:no_observations|白银LOF:no_observations|科创50ETF:no_observations|纳指ETF:no_observations|能源化工期货ETF:no_observations|证券ETF:no_observations|豆粕ETF:no_observations|黄金ETF:no_observations
2009-12-25,1,60,红利ETF,10年国债ETF|5年国债ETF|中证1000ETF|中证2000ETF|中证500ETF|人工智能ETF|信用债ETF|军工ETF|创业板ETF|半导体ETF|原油ETF|可转债ETF|恒生ETF|新能源ETF|日利ETF|日经225ETF|有色金属期货ETF|标普500ETF|欧洲ETF|沪深300ETF|消费ETF|煤炭ETF|白银LOF|科创50ETF|纳指ETF|能源化工期货ETF|证券ETF|豆粕ETF|黄金ETF,10年国债ETF:no_observations|5年国债ETF:no_observations|中证1000ETF:no_observations|中证2000ETF:no_observations|中证500ETF:no_observations|人工智能ETF:no_observations|信用债ETF:no_observations|军工ETF:no_observations|创业板ETF:no_observations|半导体ETF:no_observations|原油ETF:no_observations|可转债ETF:no_observations|恒生ETF:no_observations|新能源ETF:no_observations|日利ETF:no_observations|日经225ETF:no_observations|有色金属期货ETF:no_observations|标普500ETF:no_observations|欧洲ETF:no_observations|沪深300ETF:no_observations|消费ETF:no_observations|煤炭ETF:no_observations|白银LOF:no_observations|科创50ETF:no_observations|纳指ETF:no_observations|能源化工期货ETF:no_observations|证券ETF:no_observations|豆粕ETF:no_observations|黄金ETF:no_observations
2009-12-31,1,60,红利ETF,10年国债ETF|5年国债ETF|中证1000ETF|中证2000ETF|中证500ETF|人工智能ETF|信用债ETF|军工ETF|创业板ETF|半导体ETF|原油ETF|可转债ETF|恒生ETF|新能源ETF|日利ETF|日经225ETF|有色金属期货ETF|标普500ETF|欧洲ETF|沪深300ETF|消费ETF|煤炭ETF|白银LOF|科创50ETF|纳指ETF|能源化工期货ETF|证券ETF|豆粕ETF|黄金ETF,10年国债ETF:no_observations|5年国债ETF:no_observations|中证1000ETF:no_observations|中证2000ETF:no_observations|中证500ETF:no_observations|人工智能ETF:no_observations|信用债ETF:no_observations|军工ETF:no_observations|创业板ETF:no_observations|半导体ETF:no_observations|原油ETF:no_observations|可转债ETF:no_observations|恒生ETF:no_observations|新能源ETF:no_observations|日利ETF:no_observations|日经225ETF:no_observations|有色金属期货ETF:no_observations|标普500ETF:no_observations|欧洲ETF:no_observations|沪深300ETF:no_observations|消费ETF:no_observations|煤炭ETF:no_observations|白银LOF:no_observations|科创50ETF:no_observations|纳指ETF:no_observations|能源化工期货ETF:no_observations|证券ETF:no_observations|豆粕ETF:no_observations|黄金ETF:no_observations
2010-01-08,1,60,红利ETF,10年国债ETF|5年国债ETF|中证1000ETF|中证2000ETF|中证500ETF|人工智能ETF|信用债ETF|军工ETF|创业板ETF|半导体ETF|原油ETF|可转债ETF|恒生ETF|新能源ETF|日利ETF|日经225ETF|有色金属期货ETF|标普500ETF|欧洲ETF|沪深300ETF|消费ETF|煤炭ETF|白银LOF|科创50ETF|纳指ETF|能源化工期货ETF|证券ETF|豆粕ETF|黄金ETF,10年国债ETF:no_observations|5年国债ETF:no_observations|中证1000ETF:no_observations|中证2000ETF:no_observations|中证500ETF:no_observations|人工智能ETF:no_observations|信用债ETF:no_observations|军工ETF:no_observations|创业板ETF:no_observations|半导体ETF:no_observations|原油ETF:no_observations|可转债ETF:no_observations|恒生ETF:no_observations|新能源ETF:no_observations|日利ETF:no_observations|日经225ETF:no_observations|有色金属期货ETF:no_observations|标普500ETF:no_observations|欧洲ETF:no_observations|沪深300ETF:no_observations|消费ETF:no_observations|煤炭ETF:no_observations|白银LOF:no_observations|科创50ETF:no_observations|纳指ETF:no_observations|能源化工期货ETF:no_observations|证券ETF:no_observations|豆粕ETF:no_observations|黄金ETF:no_observations
2010-01-15,1,60,红利ETF,10年国债ETF|5年国债ETF|中证1000ETF|中证2000ETF|中证500ETF|人工智能ETF|信用债ETF|军工ETF|创业板ETF|半导体ETF|原油ETF|可转债ETF|恒生ETF|新能源ETF|日利ETF|日经225ETF|有色金属期货ETF|标普500ETF|欧洲ETF|沪深300ETF|消费ETF|煤炭ETF|白银LOF|科创50ETF|纳指ETF|能源化工期货ETF|证券ETF|豆粕ETF|黄金ETF,10年国债ETF:no_observations|5年国债ETF:no_observations|中证1000ETF:no_observations|中证2000ETF:no_observations|中证500ETF:no_observations|人工智能ETF:no_observations|信用债ETF:no_observations|军工ETF:no_observations|创业板ETF:no_observations|半导体ETF:no_observations|原油ETF:no_observations|可转债ETF:no_observations|恒生ETF:no_observations|新能源ETF:no_observations|日利ETF:no_observations|日经225ETF:no_observations|有色金属期货ETF:no_observations|标普500ETF:no_observations|欧洲ETF:no_observations|沪深300ETF:no_observations|消费ETF:no_observations|煤炭ETF:no_observations|白银LOF:no_observations|科创50ETF:no_observations|纳指ETF:no_observations|能源化工期货ETF:no_observations|证券ETF:no_observations|豆粕ETF:no_observations|黄金ETF:no_observations
2010-01-22,1,60,红利ETF,10年国债ETF|5年国债ETF|中证1000ETF|中证2000ETF|中证500ETF|人工智能ETF|信用债ETF|军工ETF|创业板ETF|半导体ETF|原油ETF|可转债ETF|恒生ETF|新能源ETF|日利ETF|日经225ETF|有色金属期货ETF|标普500ETF|欧洲ETF|沪深300ETF|消费ETF|煤炭ETF|白银LOF|科创50ETF|纳指ETF|能源化工期货ETF|证券ETF|豆粕ETF|黄金ETF,10年国债ETF:no_observations|5年国债ETF:no_observations|中证1000ETF:no_observations|中证2000ETF:no_observations|中证500ETF:no_observations|人工智能ETF:no_observations|信用债ETF:no_observations|军工ETF:no_observations|创业板ETF:no_observations|半导体ETF:no_observations|原油ETF:no_observations|可转债ETF:no_observations|恒生ETF:no_observations|新能源ETF:no_observations|日利ETF:no_observations|日经225ETF:no_observations|有色金属期货ETF:no_observations|标普500ETF:no_observations|欧洲ETF:no_observations|沪深300ETF:no_observations|消费ETF:no_observations|煤炭ETF:no_observations|白银LOF:no_observations|科创50ETF:no_observations|纳指ETF:no_observations|能源化工期货ETF:no_observations|证券ETF:no_observations|豆粕ETF:no_observations|黄金ETF:no_observations
2010-01-29,1,60,红利ETF,10年国债ETF|5年国债ETF|中证1000ETF|中证2000ETF|中证500ETF|人工智能ETF|信用债ETF|军工ETF|创业板ETF|半导体ETF|原油ETF|可转债ETF|恒生ETF|新能源ETF|日利ETF|日经225ETF|有色金属期货ETF|标普500ETF|欧洲ETF|沪深300ETF|消费ETF|煤炭ETF|白银LOF|科创50ETF|纳指ETF|能源化工期货ETF|证券ETF|豆粕ETF|黄金ETF,10年国债ETF:no_observations|5年国债ETF:no_observations|中证1000ETF:no_observations|中证2000ETF:no_observations|中证500ETF:no_observations|人工智能ETF:no_observations|信用债ETF:no_observations|军工ETF:no_observations|创业板ETF:no_observations|半导体ETF:no_observations|原油ETF:no_observations|可转债ETF:no_observations|恒生ETF:no_observations|新能源ETF:no_observations|日利ETF:no_observations|日经225ETF:no_observations|有色金属期货ETF:no_observations|标普500ETF:no_observations|欧洲ETF:no_observations|沪深300ETF:no_observations|消费ETF:no_observations|煤炭ETF:no_observations|白银LOF:no_observations|科创50ETF:no_observations|纳指ETF:no_observations|能源化工期货ETF:no_observations|证券ETF:no_observations|豆粕ETF:no_observations|黄金ETF:no_observations
2010-02-05,1,60,红利ETF,10年国债ETF|5年国债ETF|中证1000ETF|中证2000ETF|中证500ETF|人工智能ETF|信用债ETF|军工ETF|创业板ETF|半导体ETF|原油ETF|可转债ETF|恒生ETF|新能源ETF|日利ETF|日经225ETF|有色金属期货ETF|标普500ETF|欧洲ETF|沪深300ETF|消费ETF|煤炭ETF|白银LOF|科创50ETF|纳指ETF|能源化工期货ETF|证券ETF|豆粕ETF|黄金ETF,10年国债ETF:no_observations|5年国债ETF:no_observations|中证1000ETF:no_observations|中证2000ETF:no_observations|中证500ETF:no_observations|人工智能ETF:no_observations|信用债ETF:no_observations|军工ETF:no_observations|创业板ETF:no_observations|半导体ETF:no_observations|原油ETF:no_observations|可转债ETF:no_observations|恒生ETF:no_observations|新能源ETF:no_observations|日利ETF:no_observations|日经225ETF:no_observations|有色金属期货ETF:no_observations|标普500ETF:no_observations|欧洲ETF:no_observations|沪深300ETF:no_observations|消费ETF:no_observations|煤炭ETF:no_observations|白银LOF:no_observations|科创50ETF:no_observations|纳指ETF:no_observations|能源化工期货ETF:no_observations|证券ETF:no_observations|豆粕ETF:no_observations|黄金ETF:no_observations
2010-02-12,1,60,红利ETF,10年国债ETF|5年国债ETF|中证1000ETF|中证2000ETF|中证500ETF|人工智能ETF|信用债ETF|军工ETF|创业板ETF|半导体ETF|原油ETF|可转债ETF|恒生ETF|新能源ETF|日利ETF|日经225ETF|有色金属期货ETF|标普500ETF|欧洲ETF|沪深300ETF|消费ETF|煤炭ETF|白银LOF|科创50ETF|纳指ETF|能源化工期货ETF|证券ETF|豆粕ETF|黄金ETF,10年国债ETF:no_observations|5年国债ETF:no_observations|中证1000ETF:no_observations|中证2000ETF:no_observations|中证500ETF:no_observations|人工智能ETF:no_observations|信用债ETF:no_observations|军工ETF:no_observations|创业板ETF:no_observations|半导体ETF:no_observations|原油ETF:no_observations|可转债ETF:no_observations|恒生ETF:no_observations|新能源ETF:no_observations|日利ETF:no_observations|日经225ETF:no_observations|有色金属期货ETF:no_observations|标普500ETF:no_observations|欧洲ETF:no_observations|沪深300ETF:no_observations|消费ETF:no_observations|煤炭ETF:no_observations|白银LOF:no_observations|科创50ETF:no_observations|纳指ETF:no_observations|能源化工期货ETF:no_observations|证券ETF:no_observations|豆粕ETF:no_observations|黄金ETF:no_observations
2010-02-26,1,60,红利ETF,10年国债ETF|5年国债ETF|中证1000ETF|中证2000ETF|中证500ETF|人工智能ETF|信用债ETF|军工ETF|创业板ETF|半导体ETF|原油ETF|可转债ETF|恒生ETF|新能源ETF|日利ETF|日经225ETF|有色金属期货ETF|标普500ETF|欧洲ETF|沪深300ETF|消费ETF|煤炭ETF|白银LOF|科创50ETF|纳指ETF|能源化工期货ETF|证券ETF|豆粕ETF|黄金ETF,10年国债ETF:no_observations|5年国债ETF:no_observations|中证1000ETF:no_observations|中证2000ETF:no_observations|中证500ETF:no_observations|人工智能ETF:no_observations|信用债ETF:no_observations|军工ETF:no_observations|创业板ETF:no_observations|半导体ETF:no_observations|原油ETF:no_observations|可转债ETF:no_observations|恒生ETF:no_observations|新能源ETF:no_observations|日利ETF:no_observations|日经225ETF:no_observations|有色金属期货ETF:no_observations|标普500ETF:no_observations|欧洲ETF:no_observations|沪深300ETF:no_observations|消费ETF:no_observations|煤炭ETF:no_observations|白银LOF:no_observations|科创50ETF:no_observations|纳指ETF:no_observations|能源化工期货ETF:no_observations|证券ETF:no_observations|豆粕ETF:no_observations|黄金ETF:no_observations
2010-03-05,1,60,红利ETF,10年国债ETF|5年国债ETF|中证1000ETF|中证2000ETF|中证500ETF|人工智能ETF|信用债ETF|军工ETF|创业板ETF|半导体ETF|原油ETF|可转债ETF|恒生ETF|新能源ETF|日利ETF|日经225ETF|有色金属期货ETF|标普500ETF|欧洲ETF|沪深300ETF|消费ETF|煤炭ETF|白银LOF|科创50ETF|纳指ETF|能源化工期货ETF|证券ETF|豆粕ETF|黄金ETF,10年国债ETF:no_observations|5年国债ETF:no_observations|中证1000ETF:no_observations|中证2000ETF:no_observations|中证500ETF:no_observations|人工智能ETF:no_observations|信用债ETF:no_observations|军工ETF:no_observations|创业板ETF:no_observations|半导体ETF:no_observations|原油ETF:no_observations|可转债ETF:no_observations|恒生ETF:no_observations|新能源ETF:no_observations|日利ETF:no_observations|日经225ETF:no_observations|有色金属期货ETF:no_observations|标普500ETF:no_observations|欧洲ETF:no_observations|沪深300ETF:no_observations|消费ETF:no_observations|煤炭ETF:no_observations|白银LOF:no_observations|科创50ETF:no_observations|纳指ETF:no_observations|能源化工期货ETF:no_observations|证券ETF:no_observations|豆粕ETF:no_observations|黄金ETF:no_observations
2010-03-12,1,60,红利ETF,10年国债ETF|5年国债ETF|中证1000ETF|中证2000ETF|中证500ETF|人工智能ETF|信用债ETF|军工ETF|创业板ETF|半导体ETF|原油ETF|可转债ETF|恒生ETF|新能源ETF|日利ETF|日经225ETF|有色金属期货ETF|标普500ETF|欧洲ETF|沪深300ETF|消费ETF|煤炭ETF|白银LOF|科创50ETF|纳指ETF|能源化工期货ETF|证券ETF|豆粕ETF|黄金ETF,10年国债ETF:no_observations|5年国债ETF:no_observations|中证1000ETF:no_observations|中证2000ETF:no_observations|中证500ETF:no_observations|人工智能ETF:no_observations|信用债ETF:no_observations|军工ETF:no_observations|创业板ETF:no_observations|半导体ETF:no_observations|原油ETF:no_observations|可转债ETF:no_observations|恒生ETF:no_observations|新能源ETF:no_observations|日利ETF:no_observations|日经225ETF:no_observations|有色金属期货ETF:no_observations|标普500ETF:no_observations|欧洲ETF:no_observations|沪深300ETF:no_observations|消费ETF:no_observations|煤炭ETF:no_observations|白银LOF:no_observations|科创50ETF:no_observations|纳指ETF:no_observations|能源化工期货ETF:no_observations|证券ETF:no_observations|豆粕ETF:no_observations|黄金ETF:no_observations
2010-03-19,1,60,红利ETF,10年国债ETF|5年国债ETF|中证1000ETF|中证2000ETF|中证500ETF|人工智能ETF|信用债ETF|军工ETF|创业板ETF|半导体ETF|原油ETF|可转债ETF|恒生ETF|新能源ETF|日利ETF|日经225ETF|有色金属期货ETF|标普500ETF|欧洲ETF|沪深300ETF|消费ETF|煤炭ETF|白银LOF|科创50ETF|纳指ETF|能源化工期货ETF|证券ETF|豆粕ETF|黄金ETF,10年国债ETF:no_observations|5年国债ETF:no_observations|中证1000ETF:no_observations|中证2000ETF:no_observations|中证500ETF:no_observations|人工智能ETF:no_observations|信用债ETF:no_observations|军工ETF:no_observations|创业板ETF:no_observations|半导体ETF:no_observations|原油ETF:no_observations|可转债ETF:no_observations|恒生ETF:no_observations|新能源ETF:no_observations|日利ETF:no_observations|日经225ETF:no_observations|有色金属期货ETF:no_observations|标普500ETF:no_observations|欧洲ETF:no_observations|沪深300ETF:no_observations|消费ETF:no_observations|煤炭ETF:no_observations|白银LOF:no_observations|科创50ETF:no_observations|纳指ETF:no_observations|能源化工期货ETF:no_observations|证券ETF:no_observations|豆粕ETF:no_observations|黄金ETF:no_observations
2010-03-26,1,60,红利ETF,10年国债ETF|5年国债ETF|中证1000ETF|中证2000ETF|中证500ETF|人工智能ETF|信用债ETF|军工ETF|创业板ETF|半导体ETF|原油ETF|可转债ETF|恒生ETF|新能源ETF|日利ETF|日经225ETF|有色金属期货ETF|标普500ETF|欧洲ETF|沪深300ETF|消费ETF|煤炭ETF|白银LOF|科创50ETF|纳指ETF|能源化工期货ETF|证券ETF|豆粕ETF|黄金ETF,10年国债ETF:no_observations|5年国债ETF:no_observations|中证1000ETF:no_observations|中证2000ETF:no_observations|中证500ETF:no_observations|人工智能ETF:no_observations|信用债ETF:no_observations|军工ETF:no_observations|创业板ETF:no_observations|半导体ETF:no_observations|原油ETF:no_observations|可转债ETF:no_observations|恒生ETF:no_observations|新能源ETF:no_observations|日利ETF:no_observations|日经225ETF:no_observations|有色金属期货ETF:no_observations|标普500ETF:no_observations|欧洲ETF:no_observations|沪深300ETF:no_observations|消费ETF:no_observations|煤炭ETF:no_observations|白银LOF:no_observations|科创50ETF:no_observations|纳指ETF:no_observations|能源化工期货ETF:no_observations|证券ETF:no_observations|豆粕ETF:no_observations|黄金ETF:no_observations
2010-04-02,1,60,红利ETF,10年国债ETF|5年国债ETF|中证1000ETF|中证2000ETF|中证500ETF|人工智能ETF|信用债ETF|军工ETF|创业板ETF|半导体ETF|原油ETF|可转债ETF|恒生ETF|新能源ETF|日利ETF|日经225ETF|有色金属期货ETF|标普500ETF|欧洲ETF|沪深300ETF|消费ETF|煤炭ETF|白银LOF|科创50ETF|纳指ETF|能源化工期货ETF|证券ETF|豆粕ETF|黄金ETF,10年国债ETF:no_observations|5年国债ETF:no_observations|中证1000ETF:no_observations|中证2000ETF:no_observations|中证500ETF:no_observations|人工智能ETF:no_observations|信用债ETF:no_observations|军工ETF:no_observations|创业板ETF:no_observations|半导体ETF:no_observations|原油ETF:no_observations|可转债ETF:no_observations|恒生ETF:no_observations|新能源ETF:no_observations|日利ETF:no_observations|日经225ETF:no_observations|有色金属期货ETF:no_observations|标普500ETF:no_observations|欧洲ETF:no_observations|沪深300ETF:no_observations|消费ETF:no_observations|煤炭ETF:no_observations|白银LOF:no_observations|科创50ETF:no_observations|纳指ETF:no_observations|能源化工期货ETF:no_observations|证券ETF:no_observations|豆粕ETF:no_observations|黄金ETF:no_observations
2010-04-09,1,60,红利ETF,10年国债ETF|5年国债ETF|中证1000ETF|中证2000ETF|中证500ETF|人工智能ETF|信用债ETF|军工ETF|创业板ETF|半导体ETF|原油ETF|可转债ETF|恒生ETF|新能源ETF|日利ETF|日经225ETF|有色金属期货ETF|标普500ETF|欧洲ETF|沪深300ETF|消费ETF|煤炭ETF|白银LOF|科创50ETF|纳指ETF|能源化工期货ETF|证券ETF|豆粕ETF|黄金ETF,10年国债ETF:no_observations|5年国债ETF:no_observations|中证1000ETF:no_observations|中证2000ETF:no_observations|中证500ETF:no_observations|人工智能ETF:no_observations|信用债ETF:no_observations|军工ETF:no_observations|创业板ETF:no_observations|半导体ETF:no_observations|原油ETF:no_observations|可转债ETF:no_observations|恒生ETF:no_observations|新能源ETF:no_observations|日利ETF:no_observations|日经225ETF:no_observations|有色金属期货ETF:no_observations|标普500ETF:no_observations|欧洲ETF:no_observations|沪深300ETF:no_observations|消费ETF:no_observations|煤炭ETF:no_observations|白银LOF:no_observations|科创50ETF:no_observations|纳指ETF:no_observations|能源化工期货ETF:no_observations|证券ETF:no_observations|豆粕ETF:no_observations|黄金ETF:no_observations
2010-04-16,1,60,红利ETF,10年国债ETF|5年国债ETF|中证1000ETF|中证2000ETF|中证500ETF|人工智能ETF|信用债ETF|军工ETF|创业板ETF|半导体ETF|原油ETF|可转债ETF|恒生ETF|新能源ETF|日利ETF|日经225ETF|有色金属期货ETF|标普500ETF|欧洲ETF|沪深300ETF|消费ETF|煤炭ETF|白银LOF|科创50ETF|纳指ETF|能源化工期货ETF|证券ETF|豆粕ETF|黄金ETF,10年国债ETF:no_observations|5年国债ETF:no_observations|中证1000ETF:no_observations|中证2000ETF:no_observations|中证500ETF:no_observations|人工智能ETF:no_observations|信用债ETF:no_observations|军工ETF:no_observations|创业板ETF:no_observations|半导体ETF:no_observations|原油ETF:no_observations|可转债ETF:no_observations|恒生ETF:no_observations|新能源ETF:no_observations|日利ETF:no_observations|日经225ETF:no_observations|有色金属期货ETF:no_observations|标普500ETF:no_observations|欧洲ETF:no_observations|沪深300ETF:no_observations|消费ETF:no_observations|煤炭ETF:no_observations|白银LOF:no_observations|科创50ETF:no_observations|纳指ETF:no_observations|能源化工期货ETF:no_observations|证券ETF:no_observations|豆粕ETF:no_observations|黄金ETF:no_observations
2010-04-23,1,60,红利ETF,10年国债ETF|5年国债ETF|中证1000ETF|中证2000ETF|中证500ETF|人工智能ETF|信用债ETF|军工ETF|创业板ETF|半导体ETF|原油ETF|可转债ETF|恒生ETF|新能源ETF|日利ETF|日经225ETF|有色金属期货ETF|标普500ETF|欧洲ETF|沪深300ETF|消费ETF|煤炭ETF|白银LOF|科创50ETF|纳指ETF|能源化工期货ETF|证券ETF|豆粕ETF|黄金ETF,10年国债ETF:no_observations|5年国债ETF:no_observations|中证1000ETF:no_observations|中证2000ETF:no_observations|中证500ETF:no_observations|人工智能ETF:no_observations|信用债ETF:no_observations|军工ETF:no_observations|创业板ETF:no_observations|半导体ETF:no_observations|原油ETF:no_observations|可转债ETF:no_observations|恒生ETF:no_observations|新能源ETF:no_observations|日利ETF:no_observations|日经225ETF:no_observations|有色金属期货ETF:no_observations|标普500ETF:no_observations|欧洲ETF:no_observations|沪深300ETF:no_observations|消费ETF:no_observations|煤炭ETF:no_observations|白银LOF:no_observations|科创50ETF:no_observations|纳指ETF:no_observations|能源化工期货ETF:no_observations|证券ETF:no_observations|豆粕ETF:no_observations|黄金ETF:no_observations
2010-04-30,1,60,红利ETF,10年国债ETF|5年国债ETF|中证1000ETF|中证2000ETF|中证500ETF|人工智能ETF|信用债ETF|军工ETF|创业板ETF|半导体ETF|原油ETF|可转债ETF|恒生ETF|新能源ETF|日利ETF|日经225ETF|有色金属期货ETF|标普500ETF|欧洲ETF|沪深300ETF|消费ETF|煤炭ETF|白银LOF|科创50ETF|纳指ETF|能源化工期货ETF|证券ETF|豆粕ETF|黄金ETF,10年国债ETF:no_observations|5年国债ETF:no_observations|中证1000ETF:no_observations|中证2000ETF:no_observations|中证500ETF:no_observations|人工智能ETF:no_observations|信用债ETF:no_observations|军工ETF:no_observations|创业板ETF:no_observations|半导体ETF:no_observations|原油ETF:no_observations|可转债ETF:no_observations|恒生ETF:no_observations|新能源ETF:no_observations|日利ETF:no_observations|日经225ETF:no_observations|有色金属期货ETF:no_observations|标普500ETF:no_observations|欧洲ETF:no_observations|沪深300ETF:no_observations|消费ETF:no_observations|煤炭ETF:no_observations|白银LOF:no_observations|科创50ETF:no_observations|纳指ETF:no_observations|能源化工期货ETF:no_observations|证券ETF:no_observations|豆粕ETF:no_observations|黄金ETF:no_observations
2010-05-07,1,60,红利ETF,10年国债ETF|5年国债ETF|中证1000ETF|中证2000ETF|中证500ETF|人工智能ETF|信用债ETF|军工ETF|创业板ETF|半导体ETF|原油ETF|可转债ETF|恒生ETF|新能源ETF|日利ETF|日经225ETF|有色金属期货ETF|标普500ETF|欧洲ETF|沪深300ETF|消费ETF|煤炭ETF|白银LOF|科创50ETF|纳指ETF|能源化工期货ETF|证券ETF|豆粕ETF|黄金ETF,10年国债ETF:no_observations|5年国债ETF:no_observations|中证1000ETF:no_observations|中证2000ETF:no_observations|中证500ETF:no_observations|人工智能ETF:no_observations|信用债ETF:no_observations|军工ETF:no_observations|创业板ETF:no_observations|半导体ETF:no_observations|原油ETF:no_observations|可转债ETF:no_observations|恒生ETF:no_observations|新能源ETF:no_observations|日利ETF:no_observations|日经225ETF:no_observations|有色金属期货ETF:no_observations|标普500ETF:no_observations|欧洲ETF:no_observations|沪深300ETF:no_observations|消费ETF:no_observations|煤炭ETF:no_observations|白银LOF:no_observations|科创50ETF:no_observations|纳指ETF:no_observations|能源化工期货ETF:no_observations|证券ETF:no_observations|豆粕ETF:no_observations|黄金ETF:no_observations
2010-05-14,1,60,红利ETF,10年国债ETF|5年国债ETF|中证1000ETF|中证2000ETF|中证500ETF|人工智能ETF|信用债ETF|军工ETF|创业板ETF|半导体ETF|原油ETF|可转债ETF|恒生ETF|新能源ETF|日利ETF|日经225ETF|有色金属期货ETF|标普500ETF|欧洲ETF|沪深300ETF|消费ETF|煤炭ETF|白银LOF|科创50ETF|纳指ETF|能源化工期货ETF|证券ETF|豆粕ETF|黄金ETF,10年国债ETF:no_observations|5年国债ETF:no_observations|中证1000ETF:no_observations|中证2000ETF:no_observations|中证500ETF:no_observations|人工智能ETF:no_observations|信用债ETF:no_observations|军工ETF:no_observations|创业板ETF:no_observations|半导体ETF:no_observations|原油ETF:no_observations|可转债ETF:no_observations|恒生ETF:no_observations|新能源ETF:no_observations|日利ETF:no_observations|日经225ETF:no_observations|有色金属期货ETF:no_observations|标普500ETF:no_observations|欧洲ETF:no_observations|沪深300ETF:no_observations|消费ETF:no_observations|煤炭ETF:no_observations|白银LOF:no_observations|科创50ETF:no_observations|纳指ETF:no_observations|能源化工期货ETF:no_observations|证券ETF:no_observations|豆粕ETF:no_observations|黄金ETF:no_observations
2010-05-21,1,60,红利ETF,10年国债ETF|5年国债ETF|中证1000ETF|中证2000ETF|中证500ETF|人工智能ETF|信用债ETF|军工ETF|创业板ETF|半导体ETF|原油ETF|可转债ETF|恒生ETF|新能源ETF|日利ETF|日经225ETF|有色金属期货ETF|标普500ETF|欧洲ETF|沪深300ETF|消费ETF|煤炭ETF|白银LOF|科创50ETF|纳指ETF|能源化工期货ETF|证券ETF|豆粕ETF|黄金ETF,10年国债ETF:no_observations|5年国债ETF:no_observations|中证1000ETF:no_observations|中证2000ETF:no_observations|中证500ETF:no_observations|人工智能ETF:no_observations|信用债ETF:no_observations|军工ETF:no_observations|创业板ETF:no_observations|半导体ETF:no_observations|原油ETF:no_observations|可转债ETF:no_observations|恒生ETF:no_observations|新能源ETF:no_observations|日利ETF:no_observations|日经225ETF:no_observations|有色金属期货ETF:no_observations|标普500ETF:no_observations|欧洲ETF:no_observations|沪深300ETF:no_observations|消费ETF:no_observations|煤炭ETF:no_observations|白银LOF:no_observations|科创50ETF:no_observations|纳指ETF:no_observations|能源化工期货ETF:no_observations|证券ETF:no_observations|豆粕ETF:no_observations|黄金ETF:no_observations
2010-05-28,1,60,红利ETF,10年国债ETF|5年国债ETF|中证1000ETF|中证2000ETF|中证500ETF|人工智能ETF|信用债ETF|军工ETF|创业板ETF|半导体ETF|原油ETF|可转债ETF|恒生ETF|新能源ETF|日利ETF|日经225ETF|有色金属期货ETF|标普500ETF|欧洲ETF|沪深300ETF|消费ETF|煤炭ETF|白银LOF|科创50ETF|纳指ETF|能源化工期货ETF|证券ETF|豆粕ETF|黄金ETF,10年国债ETF:no_observations|5年国债ETF:no_observations|中证1000ETF:no_observations|中证2000ETF:no_observations|中证500ETF:no_observations|人工智能ETF:no_observations|信用债ETF:no_observations|军工ETF:no_observations|创业板ETF:no_observations|半导体ETF:no_observations|原油ETF:no_observations|可转债ETF:no_observations|恒生ETF:no_observations|新能源ETF:no_observations|日利ETF:no_observations|日经225ETF:no_observations|有色金属期货ETF:no_observations|标普500ETF:no_observations|欧洲ETF:no_observations|沪深300ETF:no_observations|消费ETF:no_observations|煤炭ETF:no_observations|白银LOF:no_observations|科创50ETF:no_observations|纳指ETF:no_observations|能源化工期货ETF:no_observations|证券ETF:no_observations|豆粕ETF:no_observations|黄金ETF:no_observations
2010-06-04,1,60,红利ETF,10年国债ETF|5年国债ETF|中证1000ETF|中证2000ETF|中证500ETF|人工智能ETF|信用债ETF|军工ETF|创业板ETF|半导体ETF|原油ETF|可转债ETF|恒生ETF|新能源ETF|日利ETF|日经225ETF|有色金属期货ETF|标普500ETF|欧洲ETF|沪深300ETF|消费ETF|煤炭ETF|白银LOF|科创50ETF|纳指ETF|能源化工期货ETF|证券ETF|豆粕ETF|黄金ETF,10年国债ETF:no_observations|5年国债ETF:no_observations|中证1000ETF:no_observations|中证2000ETF:no_observations|中证500ETF:no_observations|人工智能ETF:no_observations|信用债ETF:no_observations|军工ETF:no_observations|创业板ETF:no_observations|半导体ETF:no_observations|原油ETF:no_observations|可转债ETF:no_observations|恒生ETF:no_observations|新能源ETF:no_observations|日利ETF:no_observations|日经225ETF:no_observations|有色金属期货ETF:no_observations|标普500ETF:no_observations|欧洲ETF:no_observations|沪深300ETF:no_observations|消费ETF:no_observations|煤炭ETF:no_observations|白银LOF:no_observations|科创50ETF:no_observations|纳指ETF:no_observations|能源化工期货ETF:no_observations|证券ETF:no_observations|豆粕ETF:no_observations|黄金ETF:no_observations
2010-06-11,1,60,红利ETF,10年国债ETF|5年国债ETF|中证1000ETF|中证2000ETF|中证500ETF|人工智能ETF|信用债ETF|军工ETF|创业板ETF|半导体ETF|原油ETF|可转债ETF|恒生ETF|新能源ETF|日利ETF|日经225ETF|有色金属期货ETF|标普500ETF|欧洲ETF|沪深300ETF|消费ETF|煤炭ETF|白银LOF|科创50ETF|纳指ETF|能源化工期货ETF|证券ETF|豆粕ETF|黄金ETF,10年国债ETF:no_observations|5年国债ETF:no_observations|中证1000ETF:no_observations|中证2000ETF:no_observations|中证500ETF:no_observations|人工智能ETF:no_observations|信用债ETF:no_observations|军工ETF:no_observations|创业板ETF:no_observations|半导体ETF:no_observations|原油ETF:no_observations|可转债ETF:no_observations|恒生ETF:no_observations|新能源ETF:no_observations|日利ETF:no_observations|日经225ETF:no_observations|有色金属期货ETF:no_observations|标普500ETF:no_observations|欧洲ETF:no_observations|沪深300ETF:no_observations|消费ETF:no_observations|煤炭ETF:no_observations|白银LOF:no_observations|科创50ETF:no_observations|纳指ETF:no_observations|能源化工期货ETF:no_observations|证券ETF:no_observations|豆粕ETF:no_observations|黄金ETF:no_observations
2010-06-18,1,60,红利ETF,10年国债ETF|5年国债ETF|中证1000ETF|中证2000ETF|中证500ETF|人工智能ETF|信用债ETF|军工ETF|创业板ETF|半导体ETF|原油ETF|可转债ETF|恒生ETF|新能源ETF|日利ETF|日经225ETF|有色金属期货ETF|标普500ETF|欧洲ETF|沪深300ETF|消费ETF|煤炭ETF|白银LOF|科创50ETF|纳指ETF|能源化工期货ETF|证券ETF|豆粕ETF|黄金ETF,10年国债ETF:no_observations|5年国债ETF:no_observations|中证1000ETF:no_observations|中证2000ETF:no_observations|中证500ETF:no_observations|人工智能ETF:no_observations|信用债ETF:no_observations|军工ETF:no_observations|创业板ETF:no_observations|半导体ETF:no_observations|原油ETF:no_observations|可转债ETF:no_observations|恒生ETF:no_observations|新能源ETF:no_observations|日利ETF:no_observations|日经225ETF:no_observations|有色金属期货ETF:no_observations|标普500ETF:no_observations|欧洲ETF:no_observations|沪深300ETF:no_observations|消费ETF:no_observations|煤炭ETF:no_observations|白银LOF:no_observations|科创50ETF:no_observations|纳指ETF:no_observations|能源化工期货ETF:no_observations|证券ETF:no_observations|豆粕ETF:no_observations|黄金ETF:no_observations
2010-06-25,1,60,红利ETF,10年国债ETF|5年国债ETF|中证1000ETF|中证2000ETF|中证500ETF|人工智能ETF|信用债ETF|军工ETF|创业板ETF|半导体ETF|原油ETF|可转债ETF|恒生ETF|新能源ETF|日利ETF|日经225ETF|有色金属期货ETF|标普500ETF|欧洲ETF|沪深300ETF|消费ETF|煤炭ETF|白银LOF|科创50ETF|纳指ETF|能源化工期货ETF|证券ETF|豆粕ETF|黄金ETF,10年国债ETF:no_observations|5年国债ETF:no_observations|中证1000ETF:no_observations|中证2000ETF:no_observations|中证500ETF:no_observations|人工智能ETF:no_observations|信用债ETF:no_observations|军工ETF:no_observations|创业板ETF:no_observations|半导体ETF:no_observations|原油ETF:no_observations|可转债ETF:no_observations|恒生ETF:no_observations|新能源ETF:no_observations|日利ETF:no_observations|日经225ETF:no_observations|有色金属期货ETF:no_observations|标普500ETF:no_observations|欧洲ETF:no_observations|沪深300ETF:no_observations|消费ETF:no_observations|煤炭ETF:no_observations|白银LOF:no_observations|科创50ETF:no_observations|纳指ETF:no_observations|能源化工期货ETF:no_observations|证券ETF:no_observations|豆粕ETF:no_observations|黄金ETF:no_observations
2010-07-02,1,60,红利ETF,10年国债ETF|5年国债ETF|中证1000ETF|中证2000ETF|中证500ETF|人工智能ETF|信用债ETF|军工ETF|创业板ETF|半导体ETF|原油ETF|可转债ETF|恒生ETF|新能源ETF|日利ETF|日经225ETF|有色金属期货ETF|标普500ETF|欧洲ETF|沪深300ETF|消费ETF|煤炭ETF|白银LOF|科创50ETF|纳指ETF|能源化工期货ETF|证券ETF|豆粕ETF|黄金ETF,10年国债ETF:no_observations|5年国债ETF:no_observations|中证1000ETF:no_observations|中证2000ETF:no_observations|中证500ETF:no_observations|人工智能ETF:no_observations|信用债ETF:no_observations|军工ETF:no_observations|创业板ETF:no_observations|半导体ETF:no_observations|原油ETF:no_observations|可转债ETF:no_observations|恒生ETF:no_observations|新能源ETF:no_observations|日利ETF:no_observations|日经225ETF:no_observations|有色金属期货ETF:no_observations|标普500ETF:no_observations|欧洲ETF:no_observations|沪深300ETF:no_observations|消费ETF:no_observations|煤炭ETF:no_observations|白银LOF:no_observations|科创50ETF:no_observations|纳指ETF:no_observations|能源化工期货ETF:no_observations|证券ETF:no_observations|豆粕ETF:no_observations|黄金ETF:no_observations
2010-07-09,1,60,红利ETF,10年国债ETF|5年国债ETF|中证1000ETF|中证2000ETF|中证500ETF|人工智能ETF|信用债ETF|军工ETF|创业板ETF|半导体ETF|原油ETF|可转债ETF|恒生ETF|新能源ETF|日利ETF|日经225ETF|有色金属期货ETF|标普500ETF|欧洲ETF|沪深300ETF|消费ETF|煤炭ETF|白银LOF|科创50ETF|纳指ETF|能源化工期货ETF|证券ETF|豆粕ETF|黄金ETF,10年国债ETF:no_observations|5年国债ETF:no_observations|中证1000ETF:no_observations|中证2000ETF:no_observations|中证500ETF:no_observations|人工智能ETF:no_observations|信用债ETF:no_observations|军工ETF:no_observations|创业板ETF:no_observations|半导体ETF:no_observations|原油ETF:no_observations|可转债ETF:no_observations|恒生ETF:no_observations|新能源ETF:no_observations|日利ETF:no_observations|日经225ETF:no_observations|有色金属期货ETF:no_observations|标普500ETF:no_observations|欧洲ETF:no_observations|沪深300ETF:no_observations|消费ETF:no_observations|煤炭ETF:no_observations|白银LOF:no_observations|科创50ETF:no_observations|纳指ETF:no_observations|能源化工期货ETF:no_observations|证券ETF:no_observations|豆粕ETF:no_observations|黄金ETF:no_observations
2010-07-16,1,60,红利ETF,10年国债ETF|5年国债ETF|中证1000ETF|中证2000ETF|中证500ETF|人工智能ETF|信用债ETF|军工ETF|创业板ETF|半导体ETF|原油ETF|可转债ETF|恒生ETF|新能源ETF|日利ETF|日经225ETF|有色金属期货ETF|标普500ETF|欧洲ETF|沪深300ETF|消费ETF|煤炭ETF|白银LOF|科创50ETF|纳指ETF|能源化工期货ETF|证券ETF|豆粕ETF|黄金ETF,10年国债ETF:no_observations|5年国债ETF:no_observations|中证1000ETF:no_observations|中证2000ETF:no_observations|中证500ETF:no_observations|人工智能ETF:no_observations|信用债ETF:no_observations|军工ETF:no_observations|创业板ETF:no_observations|半导体ETF:no_observations|原油ETF:no_observations|可转债ETF:no_observations|恒生ETF:no_observations|新能源ETF:no_observations|日利ETF:no_observations|日经225ETF:no_observations|有色金属期货ETF:no_observations|标普500ETF:no_observations|欧洲ETF:no_observations|沪深300ETF:no_observations|消费ETF:no_observations|煤炭ETF:no_observations|白银LOF:no_observations|科创50ETF:no_observations|纳指ETF:no_observations|能源化工期货ETF:no_observations|证券ETF:no_observations|豆粕ETF:no_observations|黄金ETF:no_observations
2010-07-23,1,60,红利ETF,10年国债ETF|5年国债ETF|中证1000ETF|中证2000ETF|中证500ETF|人工智能ETF|信用债ETF|军工ETF|创业板ETF|半导体ETF|原油ETF|可转债ETF|恒生ETF|新能源ETF|日利ETF|日经225ETF|有色金属期货ETF|标普500ETF|欧洲ETF|沪深300ETF|消费ETF|煤炭ETF|白银LOF|科创50ETF|纳指ETF|能源化工期货ETF|证券ETF|豆粕ETF|黄金ETF,10年国债ETF:no_observations|5年国债ETF:no_observations|中证1000ETF:no_observations|中证2000ETF:no_observations|中证500ETF:no_observations|人工智能ETF:no_observations|信用债ETF:no_observations|军工ETF:no_observations|创业板ETF:no_observations|半导体ETF:no_observations|原油ETF:no_observations|可转债ETF:no_observations|恒生ETF:no_observations|新能源ETF:no_observations|日利ETF:no_observations|日经225ETF:no_observations|有色金属期货ETF:no_observations|标普500ETF:no_observations|欧洲ETF:no_observations|沪深300ETF:no_observations|消费ETF:no_observations|煤炭ETF:no_observations|白银LOF:no_observations|科创50ETF:no_observations|纳指ETF:no_observations|能源化工期货ETF:no_observations|证券ETF:no_observations|豆粕ETF:no_observations|黄金ETF:no_observations
2010-07-30,1,60,红利ETF,10年国债ETF|5年国债ETF|中证1000ETF|中证2000ETF|中证500ETF|人工智能ETF|信用债ETF|军工ETF|创业板ETF|半导体ETF|原油ETF|可转债ETF|恒生ETF|新能源ETF|日利ETF|日经225ETF|有色金属期货ETF|标普500ETF|欧洲ETF|沪深300ETF|消费ETF|煤炭ETF|白银LOF|科创50ETF|纳指ETF|能源化工期货ETF|证券ETF|豆粕ETF|黄金ETF,10年国债ETF:no_observations|5年国债ETF:no_observations|中证1000ETF:no_observations|中证2000ETF:no_observations|中证500ETF:no_observations|人工智能ETF:no_observations|信用债ETF:no_observations|军工ETF:no_observations|创业板ETF:no_observations|半导体ETF:no_observations|原油ETF:no_observations|可转债ETF:no_observations|恒生ETF:no_observations|新能源ETF:no_observations|日利ETF:no_observations|日经225ETF:no_observations|有色金属期货ETF:no_observations|标普500ETF:no_observations|欧洲ETF:no_observations|沪深300ETF:no_observations|消费ETF:no_observations|煤炭ETF:no_observations|白银LOF:no_observations|科创50ETF:no_observations|纳指ETF:no_observations|能源化工期货ETF:no_observations|证券ETF:no_observations|豆粕ETF:no_observations|黄金ETF:no_observations
2010-08-06,1,60,红利ETF,10年国债ETF|5年国债ETF|中证1000ETF|中证2000ETF|中证500ETF|人工智能ETF|信用债ETF|军工ETF|创业板ETF|半导体ETF|原油ETF|可转债ETF|恒生ETF|新能源ETF|日利ETF|日经225ETF|有色金属期货ETF|标普500ETF|欧洲ETF|沪深300ETF|消费ETF|煤炭ETF|白银LOF|科创50ETF|纳指ETF|能源化工期货ETF|证券ETF|豆粕ETF|黄金ETF,10年国债ETF:no_observations|5年国债ETF:no_observations|中证1000ETF:no_observations|中证2000ETF:no_observations|中证500ETF:no_observations|人工智能ETF:no_observations|信用债ETF:no_observations|军工ETF:no_observations|创业板ETF:no_observations|半导体ETF:no_observations|原油ETF:no_observations|可转债ETF:no_observations|恒生ETF:no_observations|新能源ETF:no_observations|日利ETF:no_observations|日经225ETF:no_observations|有色金属期货ETF:no_observations|标普500ETF:no_observations|欧洲ETF:no_observations|沪深300ETF:no_observations|消费ETF:no_observations|煤炭ETF:no_observations|白银LOF:no_observations|科创50ETF:no_observations|纳指ETF:no_observations|能源化工期货ETF:no_observations|证券ETF:no_observations|豆粕ETF:no_observations|黄金ETF:no_observations
2010-08-13,1,60,红利ETF,10年国债ETF|5年国债ETF|中证1000ETF|中证2000ETF|中证500ETF|人工智能ETF|信用债ETF|军工ETF|创业板ETF|半导体ETF|原油ETF|可转债ETF|恒生ETF|新能源ETF|日利ETF|日经225ETF|有色金属期货ETF|标普500ETF|欧洲ETF|沪深300ETF|消费ETF|煤炭ETF|白银LOF|科创50ETF|纳指ETF|能源化工期货ETF|证券ETF|豆粕ETF|黄金ETF,10年国债ETF:no_observations|5年国债ETF:no_observations|中证1000ETF:no_observations|中证2000ETF:no_observations|中证500ETF:no_observations|人工智能ETF:no_observations|信用债ETF:no_observations|军工ETF:no_observations|创业板ETF:no_observations|半导体ETF:no_observations|原油ETF:no_observations|可转债ETF:no_observations|恒生ETF:no_observations|新能源ETF:no_observations|日利ETF:no_observations|日经225ETF:no_observations|有色金属期货ETF:no_observations|标普500ETF:no_observations|欧洲ETF:no_observations|沪深300ETF:no_observations|消费ETF:no_observations|煤炭ETF:no_observations|白银LOF:no_observations|科创50ETF:no_observations|纳指ETF:no_observations|能源化工期货ETF:no_observations|证券ETF:no_observations|豆粕ETF:no_observations|黄金ETF:no_observations
2010-08-20,1,60,红利ETF,10年国债ETF|5年国债ETF|中证1000ETF|中证2000ETF|中证500ETF|人工智能ETF|信用债ETF|军工ETF|创业板ETF|半导体ETF|原油ETF|可转债ETF|恒生ETF|新能源ETF|日利ETF|日经225ETF|有色金属期货ETF|标普500ETF|欧洲ETF|沪深300ETF|消费ETF|煤炭ETF|白银LOF|科创50ETF|纳指ETF|能源化工期货ETF|证券ETF|豆粕ETF|黄金ETF,10年国债ETF:no_observations|5年国债ETF:no_observations|中证1000ETF:no_observations|中证2000ETF:no_observations|中证500ETF:no_observations|人工智能ETF:no_observations|信用债ETF:no_observations|军工ETF:no_observations|创业板ETF:no_observations|半导体ETF:no_observations|原油ETF:no_observations|可转债ETF:no_observations|恒生ETF:no_observations|新能源ETF:no_observations|日利ETF:no_observations|日经225ETF:no_observations|有色金属期货ETF:no_observations|标普500ETF:no_observations|欧洲ETF:no_observations|沪深300ETF:no_observations|消费ETF:no_observations|煤炭ETF:no_observations|白银LOF:no_observations|科创50ETF:no_observations|纳指ETF:no_observations|能源化工期货ETF:no_observations|证券ETF:no_observations|豆粕ETF:no_observations|黄金ETF:no_observations
2010-08-27,1,60,红利ETF,10年国债ETF|5年国债ETF|中证1000ETF|中证2000ETF|中证500ETF|人工智能ETF|信用债ETF|军工ETF|创业板ETF|半导体ETF|原油ETF|可转债ETF|恒生ETF|新能源ETF|日利ETF|日经225ETF|有色金属期货ETF|标普500ETF|欧洲ETF|沪深300ETF|消费ETF|煤炭ETF|白银LOF|科创50ETF|纳指ETF|能源化工期货ETF|证券ETF|豆粕ETF|黄金ETF,10年国债ETF:no_observations|5年国债ETF:no_observations|中证1000ETF:no_observations|中证2000ETF:no_observations|中证500ETF:no_observations|人工智能ETF:no_observations|信用债ETF:no_observations|军工ETF:no_observations|创业板ETF:no_observations|半导体ETF:no_observations|原油ETF:no_observations|可转债ETF:no_observations|恒生ETF:no_observations|新能源ETF:no_observations|日利ETF:no_observations|日经225ETF:no_observations|有色金属期货ETF:no_observations|标普500ETF:no_observations|欧洲ETF:no_observations|沪深300ETF:no_observations|消费ETF:no_observations|煤炭ETF:no_observations|白银LOF:no_observations|科创50ETF:no_observations|纳指ETF:no_observations|能源化工期货ETF:no_observations|证券ETF:no_observations|豆粕ETF:no_observations|黄金ETF:no_observations
2010-09-03,1,60,红利ETF,10年国债ETF|5年国债ETF|中证1000ETF|中证2000ETF|中证500ETF|人工智能ETF|信用债ETF|军工ETF|创业板ETF|半导体ETF|原油ETF|可转债ETF|恒生ETF|新能源ETF|日利ETF|日经225ETF|有色金属期货ETF|标普500ETF|欧洲ETF|沪深300ETF|消费ETF|煤炭ETF|白银LOF|科创50ETF|纳指ETF|能源化工期货ETF|证券ETF|豆粕ETF|黄金ETF,10年国债ETF:no_observations|5年国债ETF:no_observations|中证1000ETF:no_observations|中证2000ETF:no_observations|中证500ETF:no_observations|人工智能ETF:no_observations|信用债ETF:no_observations|军工ETF:no_observations|创业板ETF:no_observations|半导体ETF:no_observations|原油ETF:no_observations|可转债ETF:no_observations|恒生ETF:no_observations|新能源ETF:no_observations|日利ETF:no_observations|日经225ETF:no_observations|有色金属期货ETF:no_observations|标普500ETF:no_observations|欧洲ETF:no_observations|沪深300ETF:no_observations|消费ETF:no_observations|煤炭ETF:no_observations|白银LOF:no_observations|科创50ETF:no_observations|纳指ETF:no_observations|能源化工期货ETF:no_observations|证券ETF:no_observations|豆粕ETF:no_observations|黄金ETF:no_observations
2010-09-10,1,60,红利ETF,10年国债ETF|5年国债ETF|中证1000ETF|中证2000ETF|中证500ETF|人工智能ETF|信用债ETF|军工ETF|创业板ETF|半导体ETF|原油ETF|可转债ETF|恒生ETF|新能源ETF|日利ETF|日经225ETF|有色金属期货ETF|标普500ETF|欧洲ETF|沪深300ETF|消费ETF|煤炭ETF|白银LOF|科创50ETF|纳指ETF|能源化工期货ETF|证券ETF|豆粕ETF|黄金ETF,10年国债ETF:no_observations|5年国债ETF:no_observations|中证1000ETF:no_observations|中证2000ETF:no_observations|中证500ETF:no_observations|人工智能ETF:no_observations|信用债ETF:no_observations|军工ETF:no_observations|创业板ETF:no_observations|半导体ETF:no_observations|原油ETF:no_observations|可转债ETF:no_observations|恒生ETF:no_observations|新能源ETF:no_observations|日利ETF:no_observations|日经225ETF:no_observations|有色金属期货ETF:no_observations|标普500ETF:no_observations|欧洲ETF:no_observations|沪深300ETF:no_observations|消费ETF:no_observations|煤炭ETF:no_observations|白银LOF:no_observations|科创50ETF:no_observations|纳指ETF:no_observations|能源化工期货ETF:no_observations|证券ETF:no_observations|豆粕ETF:no_observations|黄金ETF:no_observations
2010-09-17,1,60,红利ETF,10年国债ETF|5年国债ETF|中证1000ETF|中证2000ETF|中证500ETF|人工智能ETF|信用债ETF|军工ETF|创业板ETF|半导体ETF|原油ETF|可转债ETF|恒生ETF|新能源ETF|日利ETF|日经225ETF|有色金属期货ETF|标普500ETF|欧洲ETF|沪深300ETF|消费ETF|煤炭ETF|白银LOF|科创50ETF|纳指ETF|能源化工期货ETF|证券ETF|豆粕ETF|黄金ETF,10年国债ETF:no_observations|5年国债ETF:no_observations|中证1000ETF:no_observations|中证2000ETF:no_observations|中证500ETF:no_observations|人工智能ETF:no_observations|信用债ETF:no_observations|军工ETF:no_observations|创业板ETF:no_observations|半导体ETF:no_observations|原油ETF:no_observations|可转债ETF:no_observations|恒生ETF:no_observations|新能源ETF:no_observations|日利ETF:no_observations|日经225ETF:no_observations|有色金属期货ETF:no_observations|标普500ETF:no_observations|欧洲ETF:no_observations|沪深300ETF:no_observations|消费ETF:no_observations|煤炭ETF:no_observations|白银LOF:no_observations|科创50ETF:no_observations|纳指ETF:no_observations|能源化工期货ETF:no_observations|证券ETF:no_observations|豆粕ETF:no_observations|黄金ETF:no_observations
2010-09-21,1,60,红利ETF,10年国债ETF|5年国债ETF|中证1000ETF|中证2000ETF|中证500ETF|人工智能ETF|信用债ETF|军工ETF|创业板ETF|半导体ETF|原油ETF|可转债ETF|恒生ETF|新能源ETF|日利ETF|日经225ETF|有色金属期货ETF|标普500ETF|欧洲ETF|沪深300ETF|消费ETF|煤炭ETF|白银LOF|科创50ETF|纳指ETF|能源化工期货ETF|证券ETF|豆粕ETF|黄金ETF,10年国债ETF:no_observations|5年国债ETF:no_observations|中证1000ETF:no_observations|中证2000ETF:no_observations|中证500ETF:no_observations|人工智能ETF:no_observations|信用债ETF:no_observations|军工ETF:no_observations|创业板ETF:no_observations|半导体ETF:no_observations|原油ETF:no_observations|可转债ETF:no_observations|恒生ETF:no_observations|新能源ETF:no_observations|日利ETF:no_observations|日经225ETF:no_observations|有色金属期货ETF:no_observations|标普500ETF:no_observations|欧洲ETF:no_observations|沪深300ETF:no_observations|消费ETF:no_observations|煤炭ETF:no_observations|白银LOF:no_observations|科创50ETF:no_observations|纳指ETF:no_observations|能源化工期货ETF:no_observations|证券ETF:no_observations|豆粕ETF:no_observations|黄金ETF:no_observations
2010-09-30,1,60,红利ETF,10年国债ETF|5年国债ETF|中证1000ETF|中证2000ETF|中证500ETF|人工智能ETF|信用债ETF|军工ETF|创业板ETF|半导体ETF|原油ETF|可转债ETF|恒生ETF|新能源ETF|日利ETF|日经225ETF|有色金属期货ETF|标普500ETF|欧洲ETF|沪深300ETF|消费ETF|煤炭ETF|白银LOF|科创50ETF|纳指ETF|能源化工期货ETF|证券ETF|豆粕ETF|黄金ETF,10年国债ETF:no_observations|5年国债ETF:no_observations|中证1000ETF:no_observations|中证2000ETF:no_observations|中证500ETF:no_observations|人工智能ETF:no_observations|信用债ETF:no_observations|军工ETF:no_observations|创业板ETF:no_observations|半导体ETF:no_observations|原油ETF:no_observations|可转债ETF:no_observations|恒生ETF:no_observations|新能源ETF:no_observations|日利ETF:no_observations|日经225ETF:no_observations|有色金属期货ETF:no_observations|标普500ETF:no_observations|欧洲ETF:no_observations|沪深300ETF:no_observations|消费ETF:no_observations|煤炭ETF:no_observations|白银LOF:no_observations|科创50ETF:no_observations|纳指ETF:no_observations|能源化工期货ETF:no_observations|证券ETF:no_observations|豆粕ETF:no_observations|黄金ETF:no_observations
2010-10-08,1,60,红利ETF,10年国债ETF|5年国债ETF|中证1000ETF|中证2000ETF|中证500ETF|人工智能ETF|信用债ETF|军工ETF|创业板ETF|半导体ETF|原油ETF|可转债ETF|恒生ETF|新能源ETF|日利ETF|日经225ETF|有色金属期货ETF|标普500ETF|欧洲ETF|沪深300ETF|消费ETF|煤炭ETF|白银LOF|科创50ETF|纳指ETF|能源化工期货ETF|证券ETF|豆粕ETF|黄金ETF,10年国债ETF:no_observations|5年国债ETF:no_observations|中证1000ETF:no_observations|中证2000ETF:no_observations|中证500ETF:no_observations|人工智能ETF:no_observations|信用债ETF:no_observations|军工ETF:no_observations|创业板ETF:no_observations|半导体ETF:no_observations|原油ETF:no_observations|可转债ETF:no_observations|恒生ETF:no_observations|新能源ETF:no_observations|日利ETF:no_observations|日经225ETF:no_observations|有色金属期货ETF:no_observations|标普500ETF:no_observations|欧洲ETF:no_observations|沪深300ETF:no_observations|消费ETF:no_observations|煤炭ETF:no_observations|白银LOF:no_observations|科创50ETF:no_observations|纳指ETF:no_observations|能源化工期货ETF:no_observations|证券ETF:no_observations|豆粕ETF:no_observations|黄金ETF:no_observations
2010-10-15,1,60,红利ETF,10年国债ETF|5年国债ETF|中证1000ETF|中证2000ETF|中证500ETF|人工智能ETF|信用债ETF|军工ETF|创业板ETF|半导体ETF|原油ETF|可转债ETF|恒生ETF|新能源ETF|日利ETF|日经225ETF|有色金属期货ETF|标普500ETF|欧洲ETF|沪深300ETF|消费ETF|煤炭ETF|白银LOF|科创50ETF|纳指ETF|能源化工期货ETF|证券ETF|豆粕ETF|黄金ETF,10年国债ETF:no_observations|5年国债ETF:no_observations|中证1000ETF:no_observations|中证2000ETF:no_observations|中证500ETF:no_observations|人工智能ETF:no_observations|信用债ETF:no_observations|军工ETF:no_observations|创业板ETF:no_observations|半导体ETF:no_observations|原油ETF:no_observations|可转债ETF:no_observations|恒生ETF:no_observations|新能源ETF:no_observations|日利ETF:no_observations|日经225ETF:no_observations|有色金属期货ETF:no_observations|标普500ETF:no_observations|欧洲ETF:no_observations|沪深300ETF:no_observations|消费ETF:no_observations|煤炭ETF:no_observations|白银LOF:no_observations|科创50ETF:no_observations|纳指ETF:no_observations|能源化工期货ETF:no_observations|证券ETF:no_observations|豆粕ETF:no_observations|黄金ETF:no_observations
2010-10-22,1,60,红利ETF,10年国债ETF|5年国债ETF|中证1000ETF|中证2000ETF|中证500ETF|人工智能ETF|信用债ETF|军工ETF|创业板ETF|半导体ETF|原油ETF|可转债ETF|恒生ETF|新能源ETF|日利ETF|日经225ETF|有色金属期货ETF|标普500ETF|欧洲ETF|沪深300ETF|消费ETF|煤炭ETF|白银LOF|科创50ETF|纳指ETF|能源化工期货ETF|证券ETF|豆粕ETF|黄金ETF,10年国债ETF:no_observations|5年国债ETF:no_observations|中证1000ETF:no_observations|中证2000ETF:no_observations|中证500ETF:no_observations|人工智能ETF:no_observations|信用债ETF:no_observations|军工ETF:no_observations|创业板ETF:no_observations|半导体ETF:no_observations|原油ETF:no_observations|可转债ETF:no_observations|恒生ETF:no_observations|新能源ETF:no_observations|日利ETF:no_observations|日经225ETF:no_observations|有色金属期货ETF:no_observations|标普500ETF:no_observations|欧洲ETF:no_observations|沪深300ETF:no_observations|消费ETF:no_observations|煤炭ETF:no_observations|白银LOF:no_observations|科创50ETF:no_observations|纳指ETF:no_observations|能源化工期货ETF:no_observations|证券ETF:no_observations|豆粕ETF:no_observations|黄金ETF:no_observations
2010-10-29,1,60,红利ETF,10年国债ETF|5年国债ETF|中证1000ETF|中证2000ETF|中证500ETF|人工智能ETF|信用债ETF|军工ETF|创业板ETF|半导体ETF|原油ETF|可转债ETF|恒生ETF|新能源ETF|日利ETF|日经225ETF|有色金属期货ETF|标普500ETF|欧洲ETF|沪深300ETF|消费ETF|煤炭ETF|白银LOF|科创50ETF|纳指ETF|能源化工期货ETF|证券ETF|豆粕ETF|黄金ETF,10年国债ETF:no_observations|5年国债ETF:no_observations|中证1000ETF:no_observations|中证2000ETF:no_observations|中证500ETF:no_observations|人工智能ETF:no_observations|信用债ETF:no_observations|军工ETF:no_observations|创业板ETF:no_observations|半导体ETF:no_observations|原油ETF:no_observations|可转债ETF:no_observations|恒生ETF:no_observations|新能源ETF:no_observations|日利ETF:no_observations|日经225ETF:no_observations|有色金属期货ETF:no_observations|标普500ETF:no_observations|欧洲ETF:no_observations|沪深300ETF:no_observations|消费ETF:no_observations|煤炭ETF:no_observations|白银LOF:no_observations|科创50ETF:no_observations|纳指ETF:no_observations|能源化工期货ETF:no_observations|证券ETF:no_observations|豆粕ETF:no_observations|黄金ETF:no_observations
2010-11-05,1,60,红利ETF,10年国债ETF|5年国债ETF|中证1000ETF|中证2000ETF|中证500ETF|人工智能ETF|信用债ETF|军工ETF|创业板ETF|半导体ETF|原油ETF|可转债ETF|恒生ETF|新能源ETF|日利ETF|日经225ETF|有色金属期货ETF|标普500ETF|欧洲ETF|沪深300ETF|消费ETF|煤炭ETF|白银LOF|科创50ETF|纳指ETF|能源化工期货ETF|证券ETF|豆粕ETF|黄金ETF,10年国债ETF:no_observations|5年国债ETF:no_observations|中证1000ETF:no_observations|中证2000ETF:no_observations|中证500ETF:no_observations|人工智能ETF:no_observations|信用债ETF:no_observations|军工ETF:no_observations|创业板ETF:no_observations|半导体ETF:no_observations|原油ETF:no_observations|可转债ETF:no_observations|恒生ETF:no_observations|新能源ETF:no_observations|日利ETF:no_observations|日经225ETF:no_observations|有色金属期货ETF:no_observations|标普500ETF:no_observations|欧洲ETF:no_observations|沪深300ETF:no_observations|消费ETF:no_observations|煤炭ETF:no_observations|白银LOF:no_observations|科创50ETF:no_observations|纳指ETF:no_observations|能源化工期货ETF:no_observations|证券ETF:no_observations|豆粕ETF:no_observations|黄金ETF:no_observations
2010-11-12,1,60,红利ETF,10年国债ETF|5年国债ETF|中证1000ETF|中证2000ETF|中证500ETF|人工智能ETF|信用债ETF|军工ETF|创业板ETF|半导体ETF|原油ETF|可转债ETF|恒生ETF|新能源ETF|日利ETF|日经225ETF|有色金属期货ETF|标普500ETF|欧洲ETF|沪深300ETF|消费ETF|煤炭ETF|白银LOF|科创50ETF|纳指ETF|能源化工期货ETF|证券ETF|豆粕ETF|黄金ETF,10年国债ETF:no_observations|5年国债ETF:no_observations|中证1000ETF:no_observations|中证2000ETF:no_observations|中证500ETF:no_observations|人工智能ETF:no_observations|信用债ETF:no_observations|军工ETF:no_observations|创业板ETF:no_observations|半导体ETF:no_observations|原油ETF:no_observations|可转债ETF:no_observations|恒生ETF:no_observations|新能源ETF:no_observations|日利ETF:no_observations|日经225ETF:no_observations|有色金属期货ETF:no_observations|标普500ETF:no_observations|欧洲ETF:no_observations|沪深300ETF:no_observations|消费ETF:no_observations|煤炭ETF:no_observations|白银LOF:no_observations|科创50ETF:no_observations|纳指ETF:no_observations|能源化工期货ETF:no_observations|证券ETF:no_observations|豆粕ETF:no_observations|黄金ETF:no_observations
2010-11-19,1,60,红利ETF,10年国债ETF|5年国债ETF|中证1000ETF|中证2000ETF|中证500ETF|人工智能ETF|信用债ETF|军工ETF|创业板ETF|半导体ETF|原油ETF|可转债ETF|恒生ETF|新能源ETF|日利ETF|日经225ETF|有色金属期货ETF|标普500ETF|欧洲ETF|沪深300ETF|消费ETF|煤炭ETF|白银LOF|科创50ETF|纳指ETF|能源化工期货ETF|证券ETF|豆粕ETF|黄金ETF,10年国债ETF:no_observations|5年国债ETF:no_observations|中证1000ETF:no_observations|中证2000ETF:no_observations|中证500ETF:no_observations|人工智能ETF:no_observations|信用债ETF:no_observations|军工ETF:no_observations|创业板ETF:no_observations|半导体ETF:no_observations|原油ETF:no_observations|可转债ETF:no_observations|恒生ETF:no_observations|新能源ETF:no_observations|日利ETF:no_observations|日经225ETF:no_observations|有色金属期货ETF:no_observations|标普500ETF:no_observations|欧洲ETF:no_observations|沪深300ETF:no_observations|消费ETF:no_observations|煤炭ETF:no_observations|白银LOF:no_observations|科创50ETF:no_observations|纳指ETF:no_observations|能源化工期货ETF:no_observations|证券ETF:no_observations|豆粕ETF:no_observations|黄金ETF:no_observations
2010-11-26,1,60,红利ETF,10年国债ETF|5年国债ETF|中证1000ETF|中证2000ETF|中证500ETF|人工智能ETF|信用债ETF|军工ETF|创业板ETF|半导体ETF|原油ETF|可转债ETF|恒生ETF|新能源ETF|日利ETF|日经225ETF|有色金属期货ETF|标普500ETF|欧洲ETF|沪深300ETF|消费ETF|煤炭ETF|白银LOF|科创50ETF|纳指ETF|能源化工期货ETF|证券ETF|豆粕ETF|黄金ETF,10年国债ETF:no_observations|5年国债ETF:no_observations|中证1000ETF:no_observations|中证2000ETF:no_observations|中证500ETF:no_observations|人工智能ETF:no_observations|信用债ETF:no_observations|军工ETF:no_observations|创业板ETF:no_observations|半导体ETF:no_observations|原油ETF:no_observations|可转债ETF:no_observations|恒生ETF:no_observations|新能源ETF:no_observations|日利ETF:no_observations|日经225ETF:no_observations|有色金属期货ETF:no_observations|标普500ETF:no_observations|欧洲ETF:no_observations|沪深300ETF:no_observations|消费ETF:no_observations|煤炭ETF:no_observations|白银LOF:no_observations|科创50ETF:no_observations|纳指ETF:no_observations|能源化工期货ETF:no_observations|证券ETF:no_observations|豆粕ETF:no_observations|黄金ETF:no_observations
2010-12-03,1,60,红利ETF,10年国债ETF|5年国债ETF|中证1000ETF|中证2000ETF|中证500ETF|人工智能ETF|信用债ETF|军工ETF|创业板ETF|半导体ETF|原油ETF|可转债ETF|恒生ETF|新能源ETF|日利ETF|日经225ETF|有色金属期货ETF|标普500ETF|欧洲ETF|沪深300ETF|消费ETF|煤炭ETF|白银LOF|科创50ETF|纳指ETF|能源化工期货ETF|证券ETF|豆粕ETF|黄金ETF,10年国债ETF:no_observations|5年国债ETF:no_observations|中证1000ETF:no_observations|中证2000ETF:no_observations|中证500ETF:no_observations|人工智能ETF:no_observations|信用债ETF:no_observations|军工ETF:no_observations|创业板ETF:no_observations|半导体ETF:no_observations|原油ETF:no_observations|可转债ETF:no_observations|恒生ETF:no_observations|新能源ETF:no_observations|日利ETF:no_observations|日经225ETF:no_observations|有色金属期货ETF:no_observations|标普500ETF:no_observations|欧洲ETF:no_observations|沪深300ETF:no_observations|消费ETF:no_observations|煤炭ETF:no_observations|白银LOF:no_observations|科创50ETF:no_observations|纳指ETF:no_observations|能源化工期货ETF:no_observations|证券ETF:no_observations|豆粕ETF:no_observations|黄金ETF:no_observations
2010-12-10,1,60,红利ETF,10年国债ETF|5年国债ETF|中证1000ETF|中证2000ETF|中证500ETF|人工智能ETF|信用债ETF|军工ETF|创业板ETF|半导体ETF|原油ETF|可转债ETF|恒生ETF|新能源ETF|日利ETF|日经225ETF|有色金属期货ETF|标普500ETF|欧洲ETF|沪深300ETF|消费ETF|煤炭ETF|白银LOF|科创50ETF|纳指ETF|能源化工期货ETF|证券ETF|豆粕ETF|黄金ETF,10年国债ETF:no_observations|5年国债ETF:no_observations|中证1000ETF:no_observations|中证2000ETF:no_observations|中证500ETF:no_observations|人工智能ETF:no_observations|信用债ETF:no_observations|军工ETF:no_observations|创业板ETF:no_observations|半导体ETF:no_observations|原油ETF:no_observations|可转债ETF:no_observations|恒生ETF:no_observations|新能源ETF:no_observations|日利ETF:no_observations|日经225ETF:no_observations|有色金属期货ETF:no_observations|标普500ETF:no_observations|欧洲ETF:no_observations|沪深300ETF:no_observations|消费ETF:no_observations|煤炭ETF:no_observations|白银LOF:no_observations|科创50ETF:no_observations|纳指ETF:no_observations|能源化工期货ETF:no_observations|证券ETF:no_observations|豆粕ETF:no_observations|黄金ETF:no_observations
2010-12-17,1,60,红利ETF,10年国债ETF|5年国债ETF|中证1000ETF|中证2000ETF|中证500ETF|人工智能ETF|信用债ETF|军工ETF|创业板ETF|半导体ETF|原油ETF|可转债ETF|恒生ETF|新能源ETF|日利ETF|日经225ETF|有色金属期货ETF|标普500ETF|欧洲ETF|沪深300ETF|消费ETF|煤炭ETF|白银LOF|科创50ETF|纳指ETF|能源化工期货ETF|证券ETF|豆粕ETF|黄金ETF,10年国债ETF:no_observations|5年国债ETF:no_observations|中证1000ETF:no_observations|中证2000ETF:no_observations|中证500ETF:no_observations|人工智能ETF:no_observations|信用债ETF:no_observations|军工ETF:no_observations|创业板ETF:no_observations|半导体ETF:no_observations|原油ETF:no_observations|可转债ETF:no_observations|恒生ETF:no_observations|新能源ETF:no_observations|日利ETF:no_observations|日经225ETF:no_observations|有色金属期货ETF:no_observations|标普500ETF:no_observations|欧洲ETF:no_observations|沪深300ETF:no_observations|消费ETF:no_observations|煤炭ETF:no_observations|白银LOF:no_observations|科创50ETF:no_observations|纳指ETF:no_observations|能源化工期货ETF:no_observations|证券ETF:no_observations|豆粕ETF:no_observations|黄金ETF:no_observations
2010-12-24,1,60,红利ETF,10年国债ETF|5年国债ETF|中证1000ETF|中证2000ETF|中证500ETF|人工智能ETF|信用债ETF|军工ETF|创业板ETF|半导体ETF|原油ETF|可转债ETF|恒生ETF|新能源ETF|日利ETF|日经225ETF|有色金属期货ETF|标普500ETF|欧洲ETF|沪深300ETF|消费ETF|煤炭ETF|白银LOF|科创50ETF|纳指ETF|能源化工期货ETF|证券ETF|豆粕ETF|黄金ETF,10年国债ETF:no_observations|5年国债ETF:no_observations|中证1000ETF:no_observations|中证2000ETF:no_observations|中证500ETF:no_observations|人工智能ETF:no_observations|信用债ETF:no_observations|军工ETF:no_observations|创业板ETF:no_observations|半导体ETF:no_observations|原油ETF:no_observations|可转债ETF:no_observations|恒生ETF:no_observations|新能源ETF:no_observations|日利ETF:no_observations|日经225ETF:no_observations|有色金属期货ETF:no_observations|标普500ETF:no_observations|欧洲ETF:no_observations|沪深300ETF:no_observations|消费ETF:no_observations|煤炭ETF:no_observations|白银LOF:no_observations|科创50ETF:no_observations|纳指ETF:no_observations|能源化工期货ETF:no_observations|证券ETF:no_observations|豆粕ETF:no_observations|黄金ETF:no_observations
2010-12-31,1,60,红利ETF,10年国债ETF|5年国债ETF|中证1000ETF|中证2000ETF|中证500ETF|人工智能ETF|信用债ETF|军工ETF|创业板ETF|半导体ETF|原油ETF|可转债ETF|恒生ETF|新能源ETF|日利ETF|日经225ETF|有色金属期货ETF|标普500ETF|欧洲ETF|沪深300ETF|消费ETF|煤炭ETF|白银LOF|科创50ETF|纳指ETF|能源化工期货ETF|证券ETF|豆粕ETF|黄金ETF,10年国债ETF:no_observations|5年国债ETF:no_observations|中证1000ETF:no_observations|中证2000ETF:no_observations|中证500ETF:no_observations|人工智能ETF:no_observations|信用债ETF:no_observations|军工ETF:no_observations|创业板ETF:no_observations|半导体ETF:no_observations|原油ETF:no_observations|可转债ETF:no_observations|恒生ETF:no_observations|新能源ETF:no_observations|日利ETF:no_observations|日经225ETF:no_observations|有色金属期货ETF:no_observations|标普500ETF:no_observations|欧洲ETF:no_observations|沪深300ETF:no_observations|消费ETF:no_observations|煤炭ETF:no_observations|白银LOF:no_observations|科创50ETF:no_observations|纳指ETF:no_observations|能源化工期货ETF:no_observations|证券ETF:no_observations|豆粕ETF:no_observations|黄金ETF:no_observations
2011-01-07,1,60,红利ETF,10年国债ETF|5年国债ETF|中证1000ETF|中证2000ETF|中证500ETF|人工智能ETF|信用债ETF|军工ETF|创业板ETF|半导体ETF|原油ETF|可转债ETF|恒生ETF|新能源ETF|日利ETF|日经225ETF|有色金属期货ETF|标普500ETF|欧洲ETF|沪深300ETF|消费ETF|煤炭ETF|白银LOF|科创50ETF|纳指ETF|能源化工期货ETF|证券ETF|豆粕ETF|黄金ETF,10年国债ETF:no_observations|5年国债ETF:no_observations|中证1000ETF:no_observations|中证2000ETF:no_observations|中证500ETF:no_observations|人工智能ETF:no_observations|信用债ETF:no_observations|军工ETF:no_observations|创业板ETF:no_observations|半导体ETF:no_observations|原油ETF:no_observations|可转债ETF:no_observations|恒生ETF:no_observations|新能源ETF:no_observations|日利ETF:no_observations|日经225ETF:no_observations|有色金属期货ETF:no_observations|标普500ETF:no_observations|欧洲ETF:no_observations|沪深300ETF:no_observations|消费ETF:no_observations|煤炭ETF:no_observations|白银LOF:no_observations|科创50ETF:no_observations|纳指ETF:no_observations|能源化工期货ETF:no_observations|证券ETF:no_observations|豆粕ETF:no_observations|黄金ETF:no_observations
2011-01-14,1,60,红利ETF,10年国债ETF|5年国债ETF|中证1000ETF|中证2000ETF|中证500ETF|人工智能ETF|信用债ETF|军工ETF|创业板ETF|半导体ETF|原油ETF|可转债ETF|恒生ETF|新能源ETF|日利ETF|日经225ETF|有色金属期货ETF|标普500ETF|欧洲ETF|沪深300ETF|消费ETF|煤炭ETF|白银LOF|科创50ETF|纳指ETF|能源化工期货ETF|证券ETF|豆粕ETF|黄金ETF,10年国债ETF:no_observations|5年国债ETF:no_observations|中证1000ETF:no_observations|中证2000ETF:no_observations|中证500ETF:no_observations|人工智能ETF:no_observations|信用债ETF:no_observations|军工ETF:no_observations|创业板ETF:no_observations|半导体ETF:no_observations|原油ETF:no_observations|可转债ETF:no_observations|恒生ETF:no_observations|新能源ETF:no_observations|日利ETF:no_observations|日经225ETF:no_observations|有色金属期货ETF:no_observations|标普500ETF:no_observations|欧洲ETF:no_observations|沪深300ETF:no_observations|消费ETF:no_observations|煤炭ETF:no_observations|白银LOF:no_observations|科创50ETF:no_observations|纳指ETF:no_observations|能源化工期货ETF:no_observations|证券ETF:no_observations|豆粕ETF:no_observations|黄金ETF:no_observations
2011-01-21,1,60,红利ETF,10年国债ETF|5年国债ETF|中证1000ETF|中证2000ETF|中证500ETF|人工智能ETF|信用债ETF|军工ETF|创业板ETF|半导体ETF|原油ETF|可转债ETF|恒生ETF|新能源ETF|日利ETF|日经225ETF|有色金属期货ETF|标普500ETF|欧洲ETF|沪深300ETF|消费ETF|煤炭ETF|白银LOF|科创50ETF|纳指ETF|能源化工期货ETF|证券ETF|豆粕ETF|黄金ETF,10年国债ETF:no_observations|5年国债ETF:no_observations|中证1000ETF:no_observations|中证2000ETF:no_observations|中证500ETF:no_observations|人工智能ETF:no_observations|信用债ETF:no_observations|军工ETF:no_observations|创业板ETF:no_observations|半导体ETF:no_observations|原油ETF:no_observations|可转债ETF:no_observations|恒生ETF:no_observations|新能源ETF:no_observations|日利ETF:no_observations|日经225ETF:no_observations|有色金属期货ETF:no_observations|标普500ETF:no_observations|欧洲ETF:no_observations|沪深300ETF:no_observations|消费ETF:no_observations|煤炭ETF:no_observations|白银LOF:no_observations|科创50ETF:no_observations|纳指ETF:no_observations|能源化工期货ETF:no_observations|证券ETF:no_observations|豆粕ETF:no_observations|黄金ETF:no_observations
2011-01-28,1,60,红利ETF,10年国债ETF|5年国债ETF|中证1000ETF|中证2000ETF|中证500ETF|人工智能ETF|信用债ETF|军工ETF|创业板ETF|半导体ETF|原油ETF|可转债ETF|恒生ETF|新能源ETF|日利ETF|日经225ETF|有色金属期货ETF|标普500ETF|欧洲ETF|沪深300ETF|消费ETF|煤炭ETF|白银LOF|科创50ETF|纳指ETF|能源化工期货ETF|证券ETF|豆粕ETF|黄金ETF,10年国债ETF:no_observations|5年国债ETF:no_observations|中证1000ETF:no_observations|中证2000ETF:no_observations|中证500ETF:no_observations|人工智能ETF:no_observations|信用债ETF:no_observations|军工ETF:no_observations|创业板ETF:no_observations|半导体ETF:no_observations|原油ETF:no_observations|可转债ETF:no_observations|恒生ETF:no_observations|新能源ETF:no_observations|日利ETF:no_observations|日经225ETF:no_observations|有色金属期货ETF:no_observations|标普500ETF:no_observations|欧洲ETF:no_observations|沪深300ETF:no_observations|消费ETF:no_observations|煤炭ETF:no_observations|白银LOF:no_observations|科创50ETF:no_observations|纳指ETF:no_observations|能源化工期货ETF:no_observations|证券ETF:no_observations|豆粕ETF:no_observations|黄金ETF:no_observations
2011-02-01,1,60,红利ETF,10年国债ETF|5年国债ETF|中证1000ETF|中证2000ETF|中证500ETF|人工智能ETF|信用债ETF|军工ETF|创业板ETF|半导体ETF|原油ETF|可转债ETF|恒生ETF|新能源ETF|日利ETF|日经225ETF|有色金属期货ETF|标普500ETF|欧洲ETF|沪深300ETF|消费ETF|煤炭ETF|白银LOF|科创50ETF|纳指ETF|能源化工期货ETF|证券ETF|豆粕ETF|黄金ETF,10年国债ETF:no_observations|5年国债ETF:no_observations|中证1000ETF:no_observations|中证2000ETF:no_observations|中证500ETF:no_observations|人工智能ETF:no_observations|信用债ETF:no_observations|军工ETF:no_observations|创业板ETF:no_observations|半导体ETF:no_observations|原油ETF:no_observations|可转债ETF:no_observations|恒生ETF:no_observations|新能源ETF:no_observations|日利ETF:no_observations|日经225ETF:no_observations|有色金属期货ETF:no_observations|标普500ETF:no_observations|欧洲ETF:no_observations|沪深300ETF:no_observations|消费ETF:no_observations|煤炭ETF:no_observations|白银LOF:no_observations|科创50ETF:no_observations|纳指ETF:no_observations|能源化工期货ETF:no_observations|证券ETF:no_observations|豆粕ETF:no_observations|黄金ETF:no_observations
2011-02-11,1,60,红利ETF,10年国债ETF|5年国债ETF|中证1000ETF|中证2000ETF|中证500ETF|人工智能ETF|信用债ETF|军工ETF|创业板ETF|半导体ETF|原油ETF|可转债ETF|恒生ETF|新能源ETF|日利ETF|日经225ETF|有色金属期货ETF|标普500ETF|欧洲ETF|沪深300ETF|消费ETF|煤炭ETF|白银LOF|科创50ETF|纳指ETF|能源化工期货ETF|证券ETF|豆粕ETF|黄金ETF,10年国债ETF:no_observations|5年国债ETF:no_observations|中证1000ETF:no_observations|中证2000ETF:no_observations|中证500ETF:no_observations|人工智能ETF:no_observations|信用债ETF:no_observations|军工ETF:no_observations|创业板ETF:no_observations|半导体ETF:no_observations|原油ETF:no_observations|可转债ETF:no_observations|恒生ETF:no_observations|新能源ETF:no_observations|日利ETF:no_observations|日经225ETF:no_observations|有色金属期货ETF:no_observations|标普500ETF:no_observations|欧洲ETF:no_observations|沪深300ETF:no_observations|消费ETF:no_observations|煤炭ETF:no_observations|白银LOF:no_observations|科创50ETF:no_observations|纳指ETF:no_observations|能源化工期货ETF:no_observations|证券ETF:no_observations|豆粕ETF:no_observations|黄金ETF:no_observations
2011-02-18,1,60,红利ETF,10年国债ETF|5年国债ETF|中证1000ETF|中证2000ETF|中证500ETF|人工智能ETF|信用债ETF|军工ETF|创业板ETF|半导体ETF|原油ETF|可转债ETF|恒生ETF|新能源ETF|日利ETF|日经225ETF|有色金属期货ETF|标普500ETF|欧洲ETF|沪深300ETF|消费ETF|煤炭ETF|白银LOF|科创50ETF|纳指ETF|能源化工期货ETF|证券ETF|豆粕ETF|黄金ETF,10年国债ETF:no_observations|5年国债ETF:no_observations|中证1000ETF:no_observations|中证2000ETF:no_observations|中证500ETF:no_observations|人工智能ETF:no_observations|信用债ETF:no_observations|军工ETF:no_observations|创业板ETF:no_observations|半导体ETF:no_observations|原油ETF:no_observations|可转债ETF:no_observations|恒生ETF:no_observations|新能源ETF:no_observations|日利ETF:no_observations|日经225ETF:no_observations|有色金属期货ETF:no_observations|标普500ETF:no_observations|欧洲ETF:no_observations|沪深300ETF:no_observations|消费ETF:no_observations|煤炭ETF:no_observations|白银LOF:no_observations|科创50ETF:no_observations|纳指ETF:no_observations|能源化工期货ETF:no_observations|证券ETF:no_observations|豆粕ETF:no_observations|黄金ETF:no_observations
2011-02-25,1,60,红利ETF,10年国债ETF|5年国债ETF|中证1000ETF|中证2000ETF|中证500ETF|人工智能ETF|信用债ETF|军工ETF|创业板ETF|半导体ETF|原油ETF|可转债ETF|恒生ETF|新能源ETF|日利ETF|日经225ETF|有色金属期货ETF|标普500ETF|欧洲ETF|沪深300ETF|消费ETF|煤炭ETF|白银LOF|科创50ETF|纳指ETF|能源化工期货ETF|证券ETF|豆粕ETF|黄金ETF,10年国债ETF:no_observations|5年国债ETF:no_observations|中证1000ETF:no_observations|中证2000ETF:no_observations|中证500ETF:no_observations|人工智能ETF:no_observations|信用债ETF:no_observations|军工ETF:no_observations|创业板ETF:no_observations|半导体ETF:no_observations|原油ETF:no_observations|可转债ETF:no_observations|恒生ETF:no_observations|新能源ETF:no_observations|日利ETF:no_observations|日经225ETF:no_observations|有色金属期货ETF:no_observations|标普500ETF:no_observations|欧洲ETF:no_observations|沪深300ETF:no_observations|消费ETF:no_observations|煤炭ETF:no_observations|白银LOF:no_observations|科创50ETF:no_observations|纳指ETF:no_observations|能源化工期货ETF:no_observations|证券ETF:no_observations|豆粕ETF:no_observations|黄金ETF:no_observations
2011-03-04,1,60,红利ETF,10年国债ETF|5年国债ETF|中证1000ETF|中证2000ETF|中证500ETF|人工智能ETF|信用债ETF|军工ETF|创业板ETF|半导体ETF|原油ETF|可转债ETF|恒生ETF|新能源ETF|日利ETF|日经225ETF|有色金属期货ETF|标普500ETF|欧洲ETF|沪深300ETF|消费ETF|煤炭ETF|白银LOF|科创50ETF|纳指ETF|能源化工期货ETF|证券ETF|豆粕ETF|黄金ETF,10年国债ETF:no_observations|5年国债ETF:no_observations|中证1000ETF:no_observations|中证2000ETF:no_observations|中证500ETF:no_observations|人工智能ETF:no_observations|信用债ETF:no_observations|军工ETF:no_observations|创业板ETF:no_observations|半导体ETF:no_observations|原油ETF:no_observations|可转债ETF:no_observations|恒生ETF:no_observations|新能源ETF:no_observations|日利ETF:no_observations|日经225ETF:no_observations|有色金属期货ETF:no_observations|标普500ETF:no_observations|欧洲ETF:no_observations|沪深300ETF:no_observations|消费ETF:no_observations|煤炭ETF:no_observations|白银LOF:no_observations|科创50ETF:no_observations|纳指ETF:no_observations|能源化工期货ETF:no_observations|证券ETF:no_observations|豆粕ETF:no_observations|黄金ETF:no_observations
2011-03-11,1,60,红利ETF,10年国债ETF|5年国债ETF|中证1000ETF|中证2000ETF|中证500ETF|人工智能ETF|信用债ETF|军工ETF|创业板ETF|半导体ETF|原油ETF|可转债ETF|恒生ETF|新能源ETF|日利ETF|日经225ETF|有色金属期货ETF|标普500ETF|欧洲ETF|沪深300ETF|消费ETF|煤炭ETF|白银LOF|科创50ETF|纳指ETF|能源化工期货ETF|证券ETF|豆粕ETF|黄金ETF,10年国债ETF:no_observations|5年国债ETF:no_observations|中证1000ETF:no_observations|中证2000ETF:no_observations|中证500ETF:no_observations|人工智能ETF:no_observations|信用债ETF:no_observations|军工ETF:no_observations|创业板ETF:no_observations|半导体ETF:no_observations|原油ETF:no_observations|可转债ETF:no_observations|恒生ETF:no_observations|新能源ETF:no_observations|日利ETF:no_observations|日经225ETF:no_observations|有色金属期货ETF:no_observations|标普500ETF:no_observations|欧洲ETF:no_observations|沪深300ETF:no_observations|消费ETF:no_observations|煤炭ETF:no_observations|白银LOF:no_observations|科创50ETF:no_observations|纳指ETF:no_observations|能源化工期货ETF:no_observations|证券ETF:no_observations|豆粕ETF:no_observations|黄金ETF:no_observations
2011-03-18,1,60,红利ETF,10年国债ETF|5年国债ETF|中证1000ETF|中证2000ETF|中证500ETF|人工智能ETF|信用债ETF|军工ETF|创业板ETF|半导体ETF|原油ETF|可转债ETF|恒生ETF|新能源ETF|日利ETF|日经225ETF|有色金属期货ETF|标普500ETF|欧洲ETF|沪深300ETF|消费ETF|煤炭ETF|白银LOF|科创50ETF|纳指ETF|能源化工期货ETF|证券ETF|豆粕ETF|黄金ETF,10年国债ETF:no_observations|5年国债ETF:no_observations|中证1000ETF:no_observations|中证2000ETF:no_observations|中证500ETF:no_observations|人工智能ETF:no_observations|信用债ETF:no_observations|军工ETF:no_observations|创业板ETF:no_observations|半导体ETF:no_observations|原油ETF:no_observations|可转债ETF:no_observations|恒生ETF:no_observations|新能源ETF:no_observations|日利ETF:no_observations|日经225ETF:no_observations|有色金属期货ETF:no_observations|标普500ETF:no_observations|欧洲ETF:no_observations|沪深300ETF:no_observations|消费ETF:no_observations|煤炭ETF:no_observations|白银LOF:no_observations|科创50ETF:no_observations|纳指ETF:no_observations|能源化工期货ETF:no_observations|证券ETF:no_observations|豆粕ETF:no_observations|黄金ETF:no_observations
2011-03-25,1,60,红利ETF,10年国债ETF|5年国债ETF|中证1000ETF|中证2000ETF|中证500ETF|人工智能ETF|信用债ETF|军工ETF|创业板ETF|半导体ETF|原油ETF|可转债ETF|恒生ETF|新能源ETF|日利ETF|日经225ETF|有色金属期货ETF|标普500ETF|欧洲ETF|沪深300ETF|消费ETF|煤炭ETF|白银LOF|科创50ETF|纳指ETF|能源化工期货ETF|证券ETF|豆粕ETF|黄金ETF,10年国债ETF:no_observations|5年国债ETF:no_observations|中证1000ETF:no_observations|中证2000ETF:no_observations|中证500ETF:no_observations|人工智能ETF:no_observations|信用债ETF:no_observations|军工ETF:no_observations|创业板ETF:no_observations|半导体ETF:no_observations|原油ETF:no_observations|可转债ETF:no_observations|恒生ETF:no_observations|新能源ETF:no_observations|日利ETF:no_observations|日经225ETF:no_observations|有色金属期货ETF:no_observations|标普500ETF:no_observations|欧洲ETF:no_observations|沪深300ETF:no_observations|消费ETF:no_observations|煤炭ETF:no_observations|白银LOF:no_observations|科创50ETF:no_observations|纳指ETF:no_observations|能源化工期货ETF:no_observations|证券ETF:no_observations|豆粕ETF:no_observations|黄金ETF:no_observations
2011-04-01,1,60,红利ETF,10年国债ETF|5年国债ETF|中证1000ETF|中证2000ETF|中证500ETF|人工智能ETF|信用债ETF|军工ETF|创业板ETF|半导体ETF|原油ETF|可转债ETF|恒生ETF|新能源ETF|日利ETF|日经225ETF|有色金属期货ETF|标普500ETF|欧洲ETF|沪深300ETF|消费ETF|煤炭ETF|白银LOF|科创50ETF|纳指ETF|能源化工期货ETF|证券ETF|豆粕ETF|黄金ETF,10年国债ETF:no_observations|5年国债ETF:no_observations|中证1000ETF:no_observations|中证2000ETF:no_observations|中证500ETF:no_observations|人工智能ETF:no_observations|信用债ETF:no_observations|军工ETF:no_observations|创业板ETF:no_observations|半导体ETF:no_observations|原油ETF:no_observations|可转债ETF:no_observations|恒生ETF:no_observations|新能源ETF:no_observations|日利ETF:no_observations|日经225ETF:no_observations|有色金属期货ETF:no_observations|标普500ETF:no_observations|欧洲ETF:no_observations|沪深300ETF:no_observations|消费ETF:no_observations|煤炭ETF:no_observations|白银LOF:no_observations|科创50ETF:no_observations|纳指ETF:no_observations|能源化工期货ETF:no_observations|证券ETF:no_observations|豆粕ETF:no_observations|黄金ETF:no_observations
2011-04-08,1,60,红利ETF,10年国债ETF|5年国债ETF|中证1000ETF|中证2000ETF|中证500ETF|人工智能ETF|信用债ETF|军工ETF|创业板ETF|半导体ETF|原油ETF|可转债ETF|恒生ETF|新能源ETF|日利ETF|日经225ETF|有色金属期货ETF|标普500ETF|欧洲ETF|沪深300ETF|消费ETF|煤炭ETF|白银LOF|科创50ETF|纳指ETF|能源化工期货ETF|证券ETF|豆粕ETF|黄金ETF,10年国债ETF:no_observations|5年国债ETF:no_observations|中证1000ETF:no_observations|中证2000ETF:no_observations|中证500ETF:no_observations|人工智能ETF:no_observations|信用债ETF:no_observations|军工ETF:no_observations|创业板ETF:no_observations|半导体ETF:no_observations|原油ETF:no_observations|可转债ETF:no_observations|恒生ETF:no_observations|新能源ETF:no_observations|日利ETF:no_observations|日经225ETF:no_observations|有色金属期货ETF:no_observations|标普500ETF:no_observations|欧洲ETF:no_observations|沪深300ETF:no_observations|消费ETF:no_observations|煤炭ETF:no_observations|白银LOF:no_observations|科创50ETF:no_observations|纳指ETF:no_observations|能源化工期货ETF:no_observations|证券ETF:no_observations|豆粕ETF:no_observations|黄金ETF:no_observations
2011-04-15,1,60,红利ETF,10年国债ETF|5年国债ETF|中证1000ETF|中证2000ETF|中证500ETF|人工智能ETF|信用债ETF|军工ETF|创业板ETF|半导体ETF|原油ETF|可转债ETF|恒生ETF|新能源ETF|日利ETF|日经225ETF|有色金属期货ETF|标普500ETF|欧洲ETF|沪深300ETF|消费ETF|煤炭ETF|白银LOF|科创50ETF|纳指ETF|能源化工期货ETF|证券ETF|豆粕ETF|黄金ETF,10年国债ETF:no_observations|5年国债ETF:no_observations|中证1000ETF:no_observations|中证2000ETF:no_observations|中证500ETF:no_observations|人工智能ETF:no_observations|信用债ETF:no_observations|军工ETF:no_observations|创业板ETF:no_observations|半导体ETF:no_observations|原油ETF:no_observations|可转债ETF:no_observations|恒生ETF:no_observations|新能源ETF:no_observations|日利ETF:no_observations|日经225ETF:no_observations|有色金属期货ETF:no_observations|标普500ETF:no_observations|欧洲ETF:no_observations|沪深300ETF:no_observations|消费ETF:no_observations|煤炭ETF:no_observations|白银LOF:no_observations|科创50ETF:no_observations|纳指ETF:no_observations|能源化工期货ETF:no_observations|证券ETF:no_observations|豆粕ETF:no_observations|黄金ETF:no_observations
2011-04-22,1,60,红利ETF,10年国债ETF|5年国债ETF|中证1000ETF|中证2000ETF|中证500ETF|人工智能ETF|信用债ETF|军工ETF|创业板ETF|半导体ETF|原油ETF|可转债ETF|恒生ETF|新能源ETF|日利ETF|日经225ETF|有色金属期货ETF|标普500ETF|欧洲ETF|沪深300ETF|消费ETF|煤炭ETF|白银LOF|科创50ETF|纳指ETF|能源化工期货ETF|证券ETF|豆粕ETF|黄金ETF,10年国债ETF:no_observations|5年国债ETF:no_observations|中证1000ETF:no_observations|中证2000ETF:no_observations|中证500ETF:no_observations|人工智能ETF:no_observations|信用债ETF:no_observations|军工ETF:no_observations|创业板ETF:no_observations|半导体ETF:no_observations|原油ETF:no_observations|可转债ETF:no_observations|恒生ETF:no_observations|新能源ETF:no_observations|日利ETF:no_observations|日经225ETF:no_observations|有色金属期货ETF:no_observations|标普500ETF:no_observations|欧洲ETF:no_observations|沪深300ETF:no_observations|消费ETF:no_observations|煤炭ETF:no_observations|白银LOF:no_observations|科创50ETF:no_observations|纳指ETF:no_observations|能源化工期货ETF:no_observations|证券ETF:no_observations|豆粕ETF:no_observations|黄金ETF:no_observations
2011-04-29,1,60,红利ETF,10年国债ETF|5年国债ETF|中证1000ETF|中证2000ETF|中证500ETF|人工智能ETF|信用债ETF|军工ETF|创业板ETF|半导体ETF|原油ETF|可转债ETF|恒生ETF|新能源ETF|日利ETF|日经225ETF|有色金属期货ETF|标普500ETF|欧洲ETF|沪深300ETF|消费ETF|煤炭ETF|白银LOF|科创50ETF|纳指ETF|能源化工期货ETF|证券ETF|豆粕ETF|黄金ETF,10年国债ETF:no_observations|5年国债ETF:no_observations|中证1000ETF:no_observations|中证2000ETF:no_observations|中证500ETF:no_observations|人工智能ETF:no_observations|信用债ETF:no_observations|军工ETF:no_observations|创业板ETF:no_observations|半导体ETF:no_observations|原油ETF:no_observations|可转债ETF:no_observations|恒生ETF:no_observations|新能源ETF:no_observations|日利ETF:no_observations|日经225ETF:no_observations|有色金属期货ETF:no_observations|标普500ETF:no_observations|欧洲ETF:no_observations|沪深300ETF:no_observations|消费ETF:no_observations|煤炭ETF:no_observations|白银LOF:no_observations|科创50ETF:no_observations|纳指ETF:no_observations|能源化工期货ETF:no_observations|证券ETF:no_observations|豆粕ETF:no_observations|黄金ETF:no_observations
2011-05-06,1,60,红利ETF,10年国债ETF|5年国债ETF|中证1000ETF|中证2000ETF|中证500ETF|人工智能ETF|信用债ETF|军工ETF|创业板ETF|半导体ETF|原油ETF|可转债ETF|恒生ETF|新能源ETF|日利ETF|日经225ETF|有色金属期货ETF|标普500ETF|欧洲ETF|沪深300ETF|消费ETF|煤炭ETF|白银LOF|科创50ETF|纳指ETF|能源化工期货ETF|证券ETF|豆粕ETF|黄金ETF,10年国债ETF:no_observations|5年国债ETF:no_observations|中证1000ETF:no_observations|中证2000ETF:no_observations|中证500ETF:no_observations|人工智能ETF:no_observations|信用债ETF:no_observations|军工ETF:no_observations|创业板ETF:no_observations|半导体ETF:no_observations|原油ETF:no_observations|可转债ETF:no_observations|恒生ETF:no_observations|新能源ETF:no_observations|日利ETF:no_observations|日经225ETF:no_observations|有色金属期货ETF:no_observations|标普500ETF:no_observations|欧洲ETF:no_observations|沪深300ETF:no_observations|消费ETF:no_observations|煤炭ETF:no_observations|白银LOF:no_observations|科创50ETF:no_observations|纳指ETF:no_observations|能源化工期货ETF:no_observations|证券ETF:no_observations|豆粕ETF:no_observations|黄金ETF:no_observations
2011-05-13,1,60,红利ETF,10年国债ETF|5年国债ETF|中证1000ETF|中证2000ETF|中证500ETF|人工智能ETF|信用债ETF|军工ETF|创业板ETF|半导体ETF|原油ETF|可转债ETF|恒生ETF|新能源ETF|日利ETF|日经225ETF|有色金属期货ETF|标普500ETF|欧洲ETF|沪深300ETF|消费ETF|煤炭ETF|白银LOF|科创50ETF|纳指ETF|能源化工期货ETF|证券ETF|豆粕ETF|黄金ETF,10年国债ETF:no_observations|5年国债ETF:no_observations|中证1000ETF:no_observations|中证2000ETF:no_observations|中证500ETF:no_observations|人工智能ETF:no_observations|信用债ETF:no_observations|军工ETF:no_observations|创业板ETF:no_observations|半导体ETF:no_observations|原油ETF:no_observations|可转债ETF:no_observations|恒生ETF:no_observations|新能源ETF:no_observations|日利ETF:no_observations|日经225ETF:no_observations|有色金属期货ETF:no_observations|标普500ETF:no_observations|欧洲ETF:no_observations|沪深300ETF:no_observations|消费ETF:no_observations|煤炭ETF:no_observations|白银LOF:no_observations|科创50ETF:no_observations|纳指ETF:no_observations|能源化工期货ETF:no_observations|证券ETF:no_observations|豆粕ETF:no_observations|黄金ETF:no_observations
2011-05-20,1,60,红利ETF,10年国债ETF|5年国债ETF|中证1000ETF|中证2000ETF|中证500ETF|人工智能ETF|信用债ETF|军工ETF|创业板ETF|半导体ETF|原油ETF|可转债ETF|恒生ETF|新能源ETF|日利ETF|日经225ETF|有色金属期货ETF|标普500ETF|欧洲ETF|沪深300ETF|消费ETF|煤炭ETF|白银LOF|科创50ETF|纳指ETF|能源化工期货ETF|证券ETF|豆粕ETF|黄金ETF,10年国债ETF:no_observations|5年国债ETF:no_observations|中证1000ETF:no_observations|中证2000ETF:no_observations|中证500ETF:no_observations|人工智能ETF:no_observations|信用债ETF:no_observations|军工ETF:no_observations|创业板ETF:no_observations|半导体ETF:no_observations|原油ETF:no_observations|可转债ETF:no_observations|恒生ETF:no_observations|新能源ETF:no_observations|日利ETF:no_observations|日经225ETF:no_observations|有色金属期货ETF:no_observations|标普500ETF:no_observations|欧洲ETF:no_observations|沪深300ETF:no_observations|消费ETF:no_observations|煤炭ETF:no_observations|白银LOF:no_observations|科创50ETF:no_observations|纳指ETF:no_observations|能源化工期货ETF:no_observations|证券ETF:no_observations|豆粕ETF:no_observations|黄金ETF:no_observations
2011-05-27,1,60,红利ETF,10年国债ETF|5年国债ETF|中证1000ETF|中证2000ETF|中证500ETF|人工智能ETF|信用债ETF|军工ETF|创业板ETF|半导体ETF|原油ETF|可转债ETF|恒生ETF|新能源ETF|日利ETF|日经225ETF|有色金属期货ETF|标普500ETF|欧洲ETF|沪深300ETF|消费ETF|煤炭ETF|白银LOF|科创50ETF|纳指ETF|能源化工期货ETF|证券ETF|豆粕ETF|黄金ETF,10年国债ETF:no_observations|5年国债ETF:no_observations|中证1000ETF:no_observations|中证2000ETF:no_observations|中证500ETF:no_observations|人工智能ETF:no_observations|信用债ETF:no_observations|军工ETF:no_observations|创业板ETF:no_observations|半导体ETF:no_observations|原油ETF:no_observations|可转债ETF:no_observations|恒生ETF:no_observations|新能源ETF:no_observations|日利ETF:no_observations|日经225ETF:no_observations|有色金属期货ETF:no_observations|标普500ETF:no_observations|欧洲ETF:no_observations|沪深300ETF:no_observations|消费ETF:no_observations|煤炭ETF:no_observations|白银LOF:no_observations|科创50ETF:no_observations|纳指ETF:no_observations|能源化工期货ETF:no_observations|证券ETF:no_observations|豆粕ETF:no_observations|黄金ETF:no_observations
2011-06-03,1,60,红利ETF,10年国债ETF|5年国债ETF|中证1000ETF|中证2000ETF|中证500ETF|人工智能ETF|信用债ETF|军工ETF|创业板ETF|半导体ETF|原油ETF|可转债ETF|恒生ETF|新能源ETF|日利ETF|日经225ETF|有色金属期货ETF|标普500ETF|欧洲ETF|沪深300ETF|消费ETF|煤炭ETF|白银LOF|科创50ETF|纳指ETF|能源化工期货ETF|证券ETF|豆粕ETF|黄金ETF,10年国债ETF:no_observations|5年国债ETF:no_observations|中证1000ETF:no_observations|中证2000ETF:no_observations|中证500ETF:no_observations|人工智能ETF:no_observations|信用债ETF:no_observations|军工ETF:no_observations|创业板ETF:no_observations|半导体ETF:no_observations|原油ETF:no_observations|可转债ETF:no_observations|恒生ETF:no_observations|新能源ETF:no_observations|日利ETF:no_observations|日经225ETF:no_observations|有色金属期货ETF:no_observations|标普500ETF:no_observations|欧洲ETF:no_observations|沪深300ETF:no_observations|消费ETF:no_observations|煤炭ETF:no_observations|白银LOF:no_observations|科创50ETF:no_observations|纳指ETF:no_observations|能源化工期货ETF:no_observations|证券ETF:no_observations|豆粕ETF:no_observations|黄金ETF:no_observations
2011-06-10,1,60,红利ETF,10年国债ETF|5年国债ETF|中证1000ETF|中证2000ETF|中证500ETF|人工智能ETF|信用债ETF|军工ETF|创业板ETF|半导体ETF|原油ETF|可转债ETF|恒生ETF|新能源ETF|日利ETF|日经225ETF|有色金属期货ETF|标普500ETF|欧洲ETF|沪深300ETF|消费ETF|煤炭ETF|白银LOF|科创50ETF|纳指ETF|能源化工期货ETF|证券ETF|豆粕ETF|黄金ETF,10年国债ETF:no_observations|5年国债ETF:no_observations|中证1000ETF:no_observations|中证2000ETF:no_observations|中证500ETF:no_observations|人工智能ETF:no_observations|信用债ETF:no_observations|军工ETF:no_observations|创业板ETF:no_observations|半导体ETF:no_observations|原油ETF:no_observations|可转债ETF:no_observations|恒生ETF:no_observations|新能源ETF:no_observations|日利ETF:no_observations|日经225ETF:no_observations|有色金属期货ETF:no_observations|标普500ETF:no_observations|欧洲ETF:no_observations|沪深300ETF:no_observations|消费ETF:no_observations|煤炭ETF:no_observations|白银LOF:no_observations|科创50ETF:no_observations|纳指ETF:no_observations|能源化工期货ETF:no_observations|证券ETF:no_observations|豆粕ETF:no_observations|黄金ETF:no_observations
2011-06-17,1,60,红利ETF,10年国债ETF|5年国债ETF|中证1000ETF|中证2000ETF|中证500ETF|人工智能ETF|信用债ETF|军工ETF|创业板ETF|半导体ETF|原油ETF|可转债ETF|恒生ETF|新能源ETF|日利ETF|日经225ETF|有色金属期货ETF|标普500ETF|欧洲ETF|沪深300ETF|消费ETF|煤炭ETF|白银LOF|科创50ETF|纳指ETF|能源化工期货ETF|证券ETF|豆粕ETF|黄金ETF,10年国债ETF:no_observations|5年国债ETF:no_observations|中证1000ETF:no_observations|中证2000ETF:no_observations|中证500ETF:no_observations|人工智能ETF:no_observations|信用债ETF:no_observations|军工ETF:no_observations|创业板ETF:no_observations|半导体ETF:no_observations|原油ETF:no_observations|可转债ETF:no_observations|恒生ETF:no_observations|新能源ETF:no_observations|日利ETF:no_observations|日经225ETF:no_observations|有色金属期货ETF:no_observations|标普500ETF:no_observations|欧洲ETF:no_observations|沪深300ETF:no_observations|消费ETF:no_observations|煤炭ETF:no_observations|白银LOF:no_observations|科创50ETF:no_observations|纳指ETF:no_observations|能源化工期货ETF:no_observations|证券ETF:no_observations|豆粕ETF:no_observations|黄金ETF:no_observations
2011-06-24,1,60,红利ETF,10年国债ETF|5年国债ETF|中证1000ETF|中证2000ETF|中证500ETF|人工智能ETF|信用债ETF|军工ETF|创业板ETF|半导体ETF|原油ETF|可转债ETF|恒生ETF|新能源ETF|日利ETF|日经225ETF|有色金属期货ETF|标普500ETF|欧洲ETF|沪深300ETF|消费ETF|煤炭ETF|白银LOF|科创50ETF|纳指ETF|能源化工期货ETF|证券ETF|豆粕ETF|黄金ETF,10年国债ETF:no_observations|5年国债ETF:no_observations|中证1000ETF:no_observations|中证2000ETF:no_observations|中证500ETF:no_observations|人工智能ETF:no_observations|信用债ETF:no_observations|军工ETF:no_observations|创业板ETF:no_observations|半导体ETF:no_observations|原油ETF:no_observations|可转债ETF:no_observations|恒生ETF:no_observations|新能源ETF:no_observations|日利ETF:no_observations|日经225ETF:no_observations|有色金属期货ETF:no_observations|标普500ETF:no_observations|欧洲ETF:no_observations|沪深300ETF:no_observations|消费ETF:no_observations|煤炭ETF:no_observations|白银LOF:no_observations|科创50ETF:no_observations|纳指ETF:no_observations|能源化工期货ETF:no_observations|证券ETF:no_observations|豆粕ETF:no_observations|黄金ETF:no_observations
2011-07-01,1,60,红利ETF,10年国债ETF|5年国债ETF|中证1000ETF|中证2000ETF|中证500ETF|人工智能ETF|信用债ETF|军工ETF|创业板ETF|半导体ETF|原油ETF|可转债ETF|恒生ETF|新能源ETF|日利ETF|日经225ETF|有色金属期货ETF|标普500ETF|欧洲ETF|沪深300ETF|消费ETF|煤炭ETF|白银LOF|科创50ETF|纳指ETF|能源化工期货ETF|证券ETF|豆粕ETF|黄金ETF,10年国债ETF:no_observations|5年国债ETF:no_observations|中证1000ETF:no_observations|中证2000ETF:no_observations|中证500ETF:no_observations|人工智能ETF:no_observations|信用债ETF:no_observations|军工ETF:no_observations|创业板ETF:no_observations|半导体ETF:no_observations|原油ETF:no_observations|可转债ETF:no_observations|恒生ETF:no_observations|新能源ETF:no_observations|日利ETF:no_observations|日经225ETF:no_observations|有色金属期货ETF:no_observations|标普500ETF:no_observations|欧洲ETF:no_observations|沪深300ETF:no_observations|消费ETF:no_observations|煤炭ETF:no_observations|白银LOF:no_observations|科创50ETF:no_observations|纳指ETF:no_observations|能源化工期货ETF:no_observations|证券ETF:no_observations|豆粕ETF:no_observations|黄金ETF:no_observations
2011-07-08,1,60,红利ETF,10年国债ETF|5年国债ETF|中证1000ETF|中证2000ETF|中证500ETF|人工智能ETF|信用债ETF|军工ETF|创业板ETF|半导体ETF|原油ETF|可转债ETF|恒生ETF|新能源ETF|日利ETF|日经225ETF|有色金属期货ETF|标普500ETF|欧洲ETF|沪深300ETF|消费ETF|煤炭ETF|白银LOF|科创50ETF|纳指ETF|能源化工期货ETF|证券ETF|豆粕ETF|黄金ETF,10年国债ETF:no_observations|5年国债ETF:no_observations|中证1000ETF:no_observations|中证2000ETF:no_observations|中证500ETF:no_observations|人工智能ETF:no_observations|信用债ETF:no_observations|军工ETF:no_observations|创业板ETF:no_observations|半导体ETF:no_observations|原油ETF:no_observations|可转债ETF:no_observations|恒生ETF:no_observations|新能源ETF:no_observations|日利ETF:no_observations|日经225ETF:no_observations|有色金属期货ETF:no_observations|标普500ETF:no_observations|欧洲ETF:no_observations|沪深300ETF:no_observations|消费ETF:no_observations|煤炭ETF:no_observations|白银LOF:no_observations|科创50ETF:no_observations|纳指ETF:no_observations|能源化工期货ETF:no_observations|证券ETF:no_observations|豆粕ETF:no_observations|黄金ETF:no_observations
2011-07-15,1,60,红利ETF,10年国债ETF|5年国债ETF|中证1000ETF|中证2000ETF|中证500ETF|人工智能ETF|信用债ETF|军工ETF|创业板ETF|半导体ETF|原油ETF|可转债ETF|恒生ETF|新能源ETF|日利ETF|日经225ETF|有色金属期货ETF|标普500ETF|欧洲ETF|沪深300ETF|消费ETF|煤炭ETF|白银LOF|科创50ETF|纳指ETF|能源化工期货ETF|证券ETF|豆粕ETF|黄金ETF,10年国债ETF:no_observations|5年国债ETF:no_observations|中证1000ETF:no_observations|中证2000ETF:no_observations|中证500ETF:no_observations|人工智能ETF:no_observations|信用债ETF:no_observations|军工ETF:no_observations|创业板ETF:no_observations|半导体ETF:no_observations|原油ETF:no_observations|可转债ETF:no_observations|恒生ETF:no_observations|新能源ETF:no_observations|日利ETF:no_observations|日经225ETF:no_observations|有色金属期货ETF:no_observations|标普500ETF:no_observations|欧洲ETF:no_observations|沪深300ETF:no_observations|消费ETF:no_observations|煤炭ETF:no_observations|白银LOF:no_observations|科创50ETF:no_observations|纳指ETF:no_observations|能源化工期货ETF:no_observations|证券ETF:no_observations|豆粕ETF:no_observations|黄金ETF:no_observations
2011-07-22,1,60,红利ETF,10年国债ETF|5年国债ETF|中证1000ETF|中证2000ETF|中证500ETF|人工智能ETF|信用债ETF|军工ETF|创业板ETF|半导体ETF|原油ETF|可转债ETF|恒生ETF|新能源ETF|日利ETF|日经225ETF|有色金属期货ETF|标普500ETF|欧洲ETF|沪深300ETF|消费ETF|煤炭ETF|白银LOF|科创50ETF|纳指ETF|能源化工期货ETF|证券ETF|豆粕ETF|黄金ETF,10年国债ETF:no_observations|5年国债ETF:no_observations|中证1000ETF:no_observations|中证2000ETF:no_observations|中证500ETF:no_observations|人工智能ETF:no_observations|信用债ETF:no_observations|军工ETF:no_observations|创业板ETF:no_observations|半导体ETF:no_observations|原油ETF:no_observations|可转债ETF:no_observations|恒生ETF:no_observations|新能源ETF:no_observations|日利ETF:no_observations|日经225ETF:no_observations|有色金属期货ETF:no_observations|标普500ETF:no_observations|欧洲ETF:no_observations|沪深300ETF:no_observations|消费ETF:no_observations|煤炭ETF:no_observations|白银LOF:no_observations|科创50ETF:no_observations|纳指ETF:no_observations|能源化工期货ETF:no_observations|证券ETF:no_observations|豆粕ETF:no_observations|黄金ETF:no_observations
2011-07-29,1,60,红利ETF,10年国债ETF|5年国债ETF|中证1000ETF|中证2000ETF|中证500ETF|人工智能ETF|信用债ETF|军工ETF|创业板ETF|半导体ETF|原油ETF|可转债ETF|恒生ETF|新能源ETF|日利ETF|日经225ETF|有色金属期货ETF|标普500ETF|欧洲ETF|沪深300ETF|消费ETF|煤炭ETF|白银LOF|科创50ETF|纳指ETF|能源化工期货ETF|证券ETF|豆粕ETF|黄金ETF,10年国债ETF:no_observations|5年国债ETF:no_observations|中证1000ETF:no_observations|中证2000ETF:no_observations|中证500ETF:no_observations|人工智能ETF:no_observations|信用债ETF:no_observations|军工ETF:no_observations|创业板ETF:no_observations|半导体ETF:no_observations|原油ETF:no_observations|可转债ETF:no_observations|恒生ETF:no_observations|新能源ETF:no_observations|日利ETF:no_observations|日经225ETF:no_observations|有色金属期货ETF:no_observations|标普500ETF:no_observations|欧洲ETF:no_observations|沪深300ETF:no_observations|消费ETF:no_observations|煤炭ETF:no_observations|白银LOF:no_observations|科创50ETF:no_observations|纳指ETF:no_observations|能源化工期货ETF:no_observations|证券ETF:no_observations|豆粕ETF:no_observations|黄金ETF:no_observations
2011-08-05,1,60,红利ETF,10年国债ETF|5年国债ETF|中证1000ETF|中证2000ETF|中证500ETF|人工智能ETF|信用债ETF|军工ETF|创业板ETF|半导体ETF|原油ETF|可转债ETF|恒生ETF|新能源ETF|日利ETF|日经225ETF|有色金属期货ETF|标普500ETF|欧洲ETF|沪深300ETF|消费ETF|煤炭ETF|白银LOF|科创50ETF|纳指ETF|能源化工期货ETF|证券ETF|豆粕ETF|黄金ETF,10年国债ETF:no_observations|5年国债ETF:no_observations|中证1000ETF:no_observations|中证2000ETF:no_observations|中证500ETF:no_observations|人工智能ETF:no_observations|信用债ETF:no_observations|军工ETF:no_observations|创业板ETF:no_observations|半导体ETF:no_observations|原油ETF:no_observations|可转债ETF:no_observations|恒生ETF:no_observations|新能源ETF:no_observations|日利ETF:no_observations|日经225ETF:no_observations|有色金属期货ETF:no_observations|标普500ETF:no_observations|欧洲ETF:no_observations|沪深300ETF:no_observations|消费ETF:no_observations|煤炭ETF:no_observations|白银LOF:no_observations|科创50ETF:no_observations|纳指ETF:no_observations|能源化工期货ETF:no_observations|证券ETF:no_observations|豆粕ETF:no_observations|黄金ETF:no_observations
2011-08-12,1,60,红利ETF,10年国债ETF|5年国债ETF|中证1000ETF|中证2000ETF|中证500ETF|人工智能ETF|信用债ETF|军工ETF|创业板ETF|半导体ETF|原油ETF|可转债ETF|恒生ETF|新能源ETF|日利ETF|日经225ETF|有色金属期货ETF|标普500ETF|欧洲ETF|沪深300ETF|消费ETF|煤炭ETF|白银LOF|科创50ETF|纳指ETF|能源化工期货ETF|证券ETF|豆粕ETF|黄金ETF,10年国债ETF:no_observations|5年国债ETF:no_observations|中证1000ETF:no_observations|中证2000ETF:no_observations|中证500ETF:no_observations|人工智能ETF:no_observations|信用债ETF:no_observations|军工ETF:no_observations|创业板ETF:no_observations|半导体ETF:no_observations|原油ETF:no_observations|可转债ETF:no_observations|恒生ETF:no_observations|新能源ETF:no_observations|日利ETF:no_observations|日经225ETF:no_observations|有色金属期货ETF:no_observations|标普500ETF:no_observations|欧洲ETF:no_observations|沪深300ETF:no_observations|消费ETF:no_observations|煤炭ETF:no_observations|白银LOF:no_observations|科创50ETF:no_observations|纳指ETF:no_observations|能源化工期货ETF:no_observations|证券ETF:no_observations|豆粕ETF:no_observations|黄金ETF:no_observations
2011-08-19,1,60,红利ETF,10年国债ETF|5年国债ETF|中证1000ETF|中证2000ETF|中证500ETF|人工智能ETF|信用债ETF|军工ETF|创业板ETF|半导体ETF|原油ETF|可转债ETF|恒生ETF|新能源ETF|日利ETF|日经225ETF|有色金属期货ETF|标普500ETF|欧洲ETF|沪深300ETF|消费ETF|煤炭ETF|白银LOF|科创50ETF|纳指ETF|能源化工期货ETF|证券ETF|豆粕ETF|黄金ETF,10年国债ETF:no_observations|5年国债ETF:no_observations|中证1000ETF:no_observations|中证2000ETF:no_observations|中证500ETF:no_observations|人工智能ETF:no_observations|信用债ETF:no_observations|军工ETF:no_observations|创业板ETF:no_observations|半导体ETF:no_observations|原油ETF:no_observations|可转债ETF:no_observations|恒生ETF:no_observations|新能源ETF:no_observations|日利ETF:no_observations|日经225ETF:no_observations|有色金属期货ETF:no_observations|标普500ETF:no_observations|欧洲ETF:no_observations|沪深300ETF:no_observations|消费ETF:no_observations|煤炭ETF:no_observations|白银LOF:no_observations|科创50ETF:no_observations|纳指ETF:no_observations|能源化工期货ETF:no_observations|证券ETF:no_observations|豆粕ETF:no_observations|黄金ETF:no_observations
2011-08-26,1,60,红利ETF,10年国债ETF|5年国债ETF|中证1000ETF|中证2000ETF|中证500ETF|人工智能ETF|信用债ETF|军工ETF|创业板ETF|半导体ETF|原油ETF|可转债ETF|恒生ETF|新能源ETF|日利ETF|日经225ETF|有色金属期货ETF|标普500ETF|欧洲ETF|沪深300ETF|消费ETF|煤炭ETF|白银LOF|科创50ETF|纳指ETF|能源化工期货ETF|证券ETF|豆粕ETF|黄金ETF,10年国债ETF:no_observations|5年国债ETF:no_observations|中证1000ETF:no_observations|中证2000ETF:no_observations|中证500ETF:no_observations|人工智能ETF:no_observations|信用债ETF:no_observations|军工ETF:no_observations|创业板ETF:no_observations|半导体ETF:no_observations|原油ETF:no_observations|可转债ETF:no_observations|恒生ETF:no_observations|新能源ETF:no_observations|日利ETF:no_observations|日经225ETF:no_observations|有色金属期货ETF:no_observations|标普500ETF:no_observations|欧洲ETF:no_observations|沪深300ETF:no_observations|消费ETF:no_observations|煤炭ETF:no_observations|白银LOF:no_observations|科创50ETF:no_observations|纳指ETF:no_observations|能源化工期货ETF:no_observations|证券ETF:no_observations|豆粕ETF:no_observations|黄金ETF:no_observations
2011-09-02,1,60,红利ETF,10年国债ETF|5年国债ETF|中证1000ETF|中证2000ETF|中证500ETF|人工智能ETF|信用债ETF|军工ETF|创业板ETF|半导体ETF|原油ETF|可转债ETF|恒生ETF|新能源ETF|日利ETF|日经225ETF|有色金属期货ETF|标普500ETF|欧洲ETF|沪深300ETF|消费ETF|煤炭ETF|白银LOF|科创50ETF|纳指ETF|能源化工期货ETF|证券ETF|豆粕ETF|黄金ETF,10年国债ETF:no_observations|5年国债ETF:no_observations|中证1000ETF:no_observations|中证2000ETF:no_observations|中证500ETF:no_observations|人工智能ETF:no_observations|信用债ETF:no_observations|军工ETF:no_observations|创业板ETF:no_observations|半导体ETF:no_observations|原油ETF:no_observations|可转债ETF:no_observations|恒生ETF:no_observations|新能源ETF:no_observations|日利ETF:no_observations|日经225ETF:no_observations|有色金属期货ETF:no_observations|标普500ETF:no_observations|欧洲ETF:no_observations|沪深300ETF:no_observations|消费ETF:no_observations|煤炭ETF:no_observations|白银LOF:no_observations|科创50ETF:no_observations|纳指ETF:no_observations|能源化工期货ETF:no_observations|证券ETF:no_observations|豆粕ETF:no_observations|黄金ETF:no_observations
2011-09-09,1,60,红利ETF,10年国债ETF|5年国债ETF|中证1000ETF|中证2000ETF|中证500ETF|人工智能ETF|信用债ETF|军工ETF|创业板ETF|半导体ETF|原油ETF|可转债ETF|恒生ETF|新能源ETF|日利ETF|日经225ETF|有色金属期货ETF|标普500ETF|欧洲ETF|沪深300ETF|消费ETF|煤炭ETF|白银LOF|科创50ETF|纳指ETF|能源化工期货ETF|证券ETF|豆粕ETF|黄金ETF,10年国债ETF:no_observations|5年国债ETF:no_observations|中证1000ETF:no_observations|中证2000ETF:no_observations|中证500ETF:no_observations|人工智能ETF:no_observations|信用债ETF:no_observations|军工ETF:no_observations|创业板ETF:no_observations|半导体ETF:no_observations|原油ETF:no_observations|可转债ETF:no_observations|恒生ETF:no_observations|新能源ETF:no_observations|日利ETF:no_observations|日经225ETF:no_observations|有色金属期货ETF:no_observations|标普500ETF:no_observations|欧洲ETF:no_observations|沪深300ETF:no_observations|消费ETF:no_observations|煤炭ETF:no_observations|白银LOF:no_observations|科创50ETF:no_observations|纳指ETF:no_observations|能源化工期货ETF:no_observations|证券ETF:no_observations|豆粕ETF:no_observations|黄金ETF:no_observations
2011-09-16,1,60,红利ETF,10年国债ETF|5年国债ETF|中证1000ETF|中证2000ETF|中证500ETF|人工智能ETF|信用债ETF|军工ETF|创业板ETF|半导体ETF|原油ETF|可转债ETF|恒生ETF|新能源ETF|日利ETF|日经225ETF|有色金属期货ETF|标普500ETF|欧洲ETF|沪深300ETF|消费ETF|煤炭ETF|白银LOF|科创50ETF|纳指ETF|能源化工期货ETF|证券ETF|豆粕ETF|黄金ETF,10年国债ETF:no_observations|5年国债ETF:no_observations|中证1000ETF:no_observations|中证2000ETF:no_observations|中证500ETF:no_observations|人工智能ETF:no_observations|信用债ETF:no_observations|军工ETF:no_observations|创业板ETF:no_observations|半导体ETF:no_observations|原油ETF:no_observations|可转债ETF:no_observations|恒生ETF:no_observations|新能源ETF:no_observations|日利ETF:no_observations|日经225ETF:no_observations|有色金属期货ETF:no_observations|标普500ETF:no_observations|欧洲ETF:no_observations|沪深300ETF:no_observations|消费ETF:no_observations|煤炭ETF:no_observations|白银LOF:no_observations|科创50ETF:no_observations|纳指ETF:no_observations|能源化工期货ETF:no_observations|证券ETF:no_observations|豆粕ETF:no_observations|黄金ETF:no_observations
2011-09-23,1,60,红利ETF,10年国债ETF|5年国债ETF|中证1000ETF|中证2000ETF|中证500ETF|人工智能ETF|信用债ETF|军工ETF|创业板ETF|半导体ETF|原油ETF|可转债ETF|恒生ETF|新能源ETF|日利ETF|日经225ETF|有色金属期货ETF|标普500ETF|欧洲ETF|沪深300ETF|消费ETF|煤炭ETF|白银LOF|科创50ETF|纳指ETF|能源化工期货ETF|证券ETF|豆粕ETF|黄金ETF,10年国债ETF:no_observations|5年国债ETF:no_observations|中证1000ETF:no_observations|中证2000ETF:no_observations|中证500ETF:no_observations|人工智能ETF:no_observations|信用债ETF:no_observations|军工ETF:no_observations|创业板ETF:no_observations|半导体ETF:no_observations|原油ETF:no_observations|可转债ETF:no_observations|恒生ETF:no_observations|新能源ETF:no_observations|日利ETF:no_observations|日经225ETF:no_observations|有色金属期货ETF:no_observations|标普500ETF:no_observations|欧洲ETF:no_observations|沪深300ETF:no_observations|消费ETF:no_observations|煤炭ETF:no_observations|白银LOF:no_observations|科创50ETF:no_observations|纳指ETF:no_observations|能源化工期货ETF:no_observations|证券ETF:no_observations|豆粕ETF:no_observations|黄金ETF:no_observations
2011-09-30,1,60,红利ETF,10年国债ETF|5年国债ETF|中证1000ETF|中证2000ETF|中证500ETF|人工智能ETF|信用债ETF|军工ETF|创业板ETF|半导体ETF|原油ETF|可转债ETF|恒生ETF|新能源ETF|日利ETF|日经225ETF|有色金属期货ETF|标普500ETF|欧洲ETF|沪深300ETF|消费ETF|煤炭ETF|白银LOF|科创50ETF|纳指ETF|能源化工期货ETF|证券ETF|豆粕ETF|黄金ETF,10年国债ETF:no_observations|5年国债ETF:no_observations|中证1000ETF:no_observations|中证2000ETF:no_observations|中证500ETF:no_observations|人工智能ETF:no_observations|信用债ETF:no_observations|军工ETF:no_observations|创业板ETF:no_observations|半导体ETF:no_observations|原油ETF:no_observations|可转债ETF:no_observations|恒生ETF:no_observations|新能源ETF:no_observations|日利ETF:no_observations|日经225ETF:no_observations|有色金属期货ETF:no_observations|标普500ETF:no_observations|欧洲ETF:no_observations|沪深300ETF:no_observations|消费ETF:no_observations|煤炭ETF:no_observations|白银LOF:no_observations|科创50ETF:no_observations|纳指ETF:no_observations|能源化工期货ETF:no_observations|证券ETF:no_observations|豆粕ETF:no_observations|黄金ETF:no_observations
2011-10-14,1,60,红利ETF,10年国债ETF|5年国债ETF|中证1000ETF|中证2000ETF|中证500ETF|人工智能ETF|信用债ETF|军工ETF|创业板ETF|半导体ETF|原油ETF|可转债ETF|恒生ETF|新能源ETF|日利ETF|日经225ETF|有色金属期货ETF|标普500ETF|欧洲ETF|沪深300ETF|消费ETF|煤炭ETF|白银LOF|科创50ETF|纳指ETF|能源化工期货ETF|证券ETF|豆粕ETF|黄金ETF,10年国债ETF:no_observations|5年国债ETF:no_observations|中证1000ETF:no_observations|中证2000ETF:no_observations|中证500ETF:no_observations|人工智能ETF:no_observations|信用债ETF:no_observations|军工ETF:no_observations|创业板ETF:no_observations|半导体ETF:no_observations|原油ETF:no_observations|可转债ETF:no_observations|恒生ETF:no_observations|新能源ETF:no_observations|日利ETF:no_observations|日经225ETF:no_observations|有色金属期货ETF:no_observations|标普500ETF:no_observations|欧洲ETF:no_observations|沪深300ETF:no_observations|消费ETF:no_observations|煤炭ETF:no_observations|白银LOF:no_observations|科创50ETF:no_observations|纳指ETF:no_observations|能源化工期货ETF:no_observations|证券ETF:no_observations|豆粕ETF:no_observations|黄金ETF:no_observations
2011-10-21,1,60,红利ETF,10年国债ETF|5年国债ETF|中证1000ETF|中证2000ETF|中证500ETF|人工智能ETF|信用债ETF|军工ETF|创业板ETF|半导体ETF|原油ETF|可转债ETF|恒生ETF|新能源ETF|日利ETF|日经225ETF|有色金属期货ETF|标普500ETF|欧洲ETF|沪深300ETF|消费ETF|煤炭ETF|白银LOF|科创50ETF|纳指ETF|能源化工期货ETF|证券ETF|豆粕ETF|黄金ETF,10年国债ETF:no_observations|5年国债ETF:no_observations|中证1000ETF:no_observations|中证2000ETF:no_observations|中证500ETF:no_observations|人工智能ETF:no_observations|信用债ETF:no_observations|军工ETF:no_observations|创业板ETF:no_observations|半导体ETF:no_observations|原油ETF:no_observations|可转债ETF:no_observations|恒生ETF:no_observations|新能源ETF:no_observations|日利ETF:no_observations|日经225ETF:no_observations|有色金属期货ETF:no_observations|标普500ETF:no_observations|欧洲ETF:no_observations|沪深300ETF:no_observations|消费ETF:no_observations|煤炭ETF:no_observations|白银LOF:no_observations|科创50ETF:no_observations|纳指ETF:no_observations|能源化工期货ETF:no_observations|证券ETF:no_observations|豆粕ETF:no_observations|黄金ETF:no_observations
2011-10-28,1,60,红利ETF,10年国债ETF|5年国债ETF|中证1000ETF|中证2000ETF|中证500ETF|人工智能ETF|信用债ETF|军工ETF|创业板ETF|半导体ETF|原油ETF|可转债ETF|恒生ETF|新能源ETF|日利ETF|日经225ETF|有色金属期货ETF|标普500ETF|欧洲ETF|沪深300ETF|消费ETF|煤炭ETF|白银LOF|科创50ETF|纳指ETF|能源化工期货ETF|证券ETF|豆粕ETF|黄金ETF,10年国债ETF:no_observations|5年国债ETF:no_observations|中证1000ETF:no_observations|中证2000ETF:no_observations|中证500ETF:no_observations|人工智能ETF:no_observations|信用债ETF:no_observations|军工ETF:no_observations|创业板ETF:no_observations|半导体ETF:no_observations|原油ETF:no_observations|可转债ETF:no_observations|恒生ETF:no_observations|新能源ETF:no_observations|日利ETF:no_observations|日经225ETF:no_observations|有色金属期货ETF:no_observations|标普500ETF:no_observations|欧洲ETF:no_observations|沪深300ETF:no_observations|消费ETF:no_observations|煤炭ETF:no_observations|白银LOF:no_observations|科创50ETF:no_observations|纳指ETF:no_observations|能源化工期货ETF:no_observations|证券ETF:no_observations|豆粕ETF:no_observations|黄金ETF:no_observations
2011-11-04,1,60,红利ETF,10年国债ETF|5年国债ETF|中证1000ETF|中证2000ETF|中证500ETF|人工智能ETF|信用债ETF|军工ETF|创业板ETF|半导体ETF|原油ETF|可转债ETF|恒生ETF|新能源ETF|日利ETF|日经225ETF|有色金属期货ETF|标普500ETF|欧洲ETF|沪深300ETF|消费ETF|煤炭ETF|白银LOF|科创50ETF|纳指ETF|能源化工期货ETF|证券ETF|豆粕ETF|黄金ETF,10年国债ETF:no_observations|5年国债ETF:no_observations|中证1000ETF:no_observations|中证2000ETF:no_observations|中证500ETF:no_observations|人工智能ETF:no_observations|信用债ETF:no_observations|军工ETF:no_observations|创业板ETF:no_observations|半导体ETF:no_observations|原油ETF:no_observations|可转债ETF:no_observations|恒生ETF:no_observations|新能源ETF:no_observations|日利ETF:no_observations|日经225ETF:no_observations|有色金属期货ETF:no_observations|标普500ETF:no_observations|欧洲ETF:no_observations|沪深300ETF:no_observations|消费ETF:no_observations|煤炭ETF:no_observations|白银LOF:no_observations|科创50ETF:no_observations|纳指ETF:no_observations|能源化工期货ETF:no_observations|证券ETF:no_observations|豆粕ETF:no_observations|黄金ETF:no_observations
2011-11-11,1,60,红利ETF,10年国债ETF|5年国债ETF|中证1000ETF|中证2000ETF|中证500ETF|人工智能ETF|信用债ETF|军工ETF|创业板ETF|半导体ETF|原油ETF|可转债ETF|恒生ETF|新能源ETF|日利ETF|日经225ETF|有色金属期货ETF|标普500ETF|欧洲ETF|沪深300ETF|消费ETF|煤炭ETF|白银LOF|科创50ETF|纳指ETF|能源化工期货ETF|证券ETF|豆粕ETF|黄金ETF,10年国债ETF:no_observations|5年国债ETF:no_observations|中证1000ETF:no_observations|中证2000ETF:no_observations|中证500ETF:no_observations|人工智能ETF:no_observations|信用债ETF:no_observations|军工ETF:no_observations|创业板ETF:no_observations|半导体ETF:no_observations|原油ETF:no_observations|可转债ETF:no_observations|恒生ETF:no_observations|新能源ETF:no_observations|日利ETF:no_observations|日经225ETF:no_observations|有色金属期货ETF:no_observations|标普500ETF:no_observations|欧洲ETF:no_observations|沪深300ETF:no_observations|消费ETF:no_observations|煤炭ETF:no_observations|白银LOF:no_observations|科创50ETF:no_observations|纳指ETF:no_observations|能源化工期货ETF:no_observations|证券ETF:no_observations|豆粕ETF:no_observations|黄金ETF:no_observations
2011-11-18,1,60,红利ETF,10年国债ETF|5年国债ETF|中证1000ETF|中证2000ETF|中证500ETF|人工智能ETF|信用债ETF|军工ETF|创业板ETF|半导体ETF|原油ETF|可转债ETF|恒生ETF|新能源ETF|日利ETF|日经225ETF|有色金属期货ETF|标普500ETF|欧洲ETF|沪深300ETF|消费ETF|煤炭ETF|白银LOF|科创50ETF|纳指ETF|能源化工期货ETF|证券ETF|豆粕ETF|黄金ETF,10年国债ETF:no_observations|5年国债ETF:no_observations|中证1000ETF:no_observations|中证2000ETF:no_observations|中证500ETF:no_observations|人工智能ETF:no_observations|信用债ETF:no_observations|军工ETF:no_observations|创业板ETF:no_observations|半导体ETF:no_observations|原油ETF:no_observations|可转债ETF:no_observations|恒生ETF:no_observations|新能源ETF:no_observations|日利ETF:no_observations|日经225ETF:no_observations|有色金属期货ETF:no_observations|标普500ETF:no_observations|欧洲ETF:no_observations|沪深300ETF:no_observations|消费ETF:no_observations|煤炭ETF:no_observations|白银LOF:no_observations|科创50ETF:no_observations|纳指ETF:no_observations|能源化工期货ETF:no_observations|证券ETF:no_observations|豆粕ETF:no_observations|黄金ETF:no_observations
2011-11-25,1,60,红利ETF,10年国债ETF|5年国债ETF|中证1000ETF|中证2000ETF|中证500ETF|人工智能ETF|信用债ETF|军工ETF|创业板ETF|半导体ETF|原油ETF|可转债ETF|恒生ETF|新能源ETF|日利ETF|日经225ETF|有色金属期货ETF|标普500ETF|欧洲ETF|沪深300ETF|消费ETF|煤炭ETF|白银LOF|科创50ETF|纳指ETF|能源化工期货ETF|证券ETF|豆粕ETF|黄金ETF,10年国债ETF:no_observations|5年国债ETF:no_observations|中证1000ETF:no_observations|中证2000ETF:no_observations|中证500ETF:no_observations|人工智能ETF:no_observations|信用债ETF:no_observations|军工ETF:no_observations|创业板ETF:no_observations|半导体ETF:no_observations|原油ETF:no_observations|可转债ETF:no_observations|恒生ETF:no_observations|新能源ETF:no_observations|日利ETF:no_observations|日经225ETF:no_observations|有色金属期货ETF:no_observations|标普500ETF:no_observations|欧洲ETF:no_observations|沪深300ETF:no_observations|消费ETF:no_observations|煤炭ETF:no_observations|白银LOF:no_observations|科创50ETF:no_observations|纳指ETF:no_observations|能源化工期货ETF:no_observations|证券ETF:no_observations|豆粕ETF:no_observations|黄金ETF:no_observations
2011-12-02,1,60,红利ETF,10年国债ETF|5年国债ETF|中证1000ETF|中证2000ETF|中证500ETF|人工智能ETF|信用债ETF|军工ETF|创业板ETF|半导体ETF|原油ETF|可转债ETF|恒生ETF|新能源ETF|日利ETF|日经225ETF|有色金属期货ETF|标普500ETF|欧洲ETF|沪深300ETF|消费ETF|煤炭ETF|白银LOF|科创50ETF|纳指ETF|能源化工期货ETF|证券ETF|豆粕ETF|黄金ETF,10年国债ETF:no_observations|5年国债ETF:no_observations|中证1000ETF:no_observations|中证2000ETF:no_observations|中证500ETF:no_observations|人工智能ETF:no_observations|信用债ETF:no_observations|军工ETF:no_observations|创业板ETF:no_observations|半导体ETF:no_observations|原油ETF:no_observations|可转债ETF:no_observations|恒生ETF:no_observations|新能源ETF:no_observations|日利ETF:no_observations|日经225ETF:no_observations|有色金属期货ETF:no_observations|标普500ETF:no_observations|欧洲ETF:no_observations|沪深300ETF:no_observations|消费ETF:no_observations|煤炭ETF:no_observations|白银LOF:no_observations|科创50ETF:no_observations|纳指ETF:no_observations|能源化工期货ETF:no_observations|证券ETF:no_observations|豆粕ETF:no_observations|黄金ETF:no_observations
2011-12-09,1,60,红利ETF,10年国债ETF|5年国债ETF|中证1000ETF|中证2000ETF|中证500ETF|人工智能ETF|信用债ETF|军工ETF|创业板ETF|半导体ETF|原油ETF|可转债ETF|恒生ETF|新能源ETF|日利ETF|日经225ETF|有色金属期货ETF|标普500ETF|欧洲ETF|沪深300ETF|消费ETF|煤炭ETF|白银LOF|科创50ETF|纳指ETF|能源化工期货ETF|证券ETF|豆粕ETF|黄金ETF,10年国债ETF:no_observations|5年国债ETF:no_observations|中证1000ETF:no_observations|中证2000ETF:no_observations|中证500ETF:no_observations|人工智能ETF:no_observations|信用债ETF:no_observations|军工ETF:no_observations|创业板ETF:no_observations|半导体ETF:no_observations|原油ETF:no_observations|可转债ETF:no_observations|恒生ETF:no_observations|新能源ETF:no_observations|日利ETF:no_observations|日经225ETF:no_observations|有色金属期货ETF:no_observations|标普500ETF:no_observations|欧洲ETF:no_observations|沪深300ETF:no_observations|消费ETF:no_observations|煤炭ETF:no_observations|白银LOF:no_observations|科创50ETF:no_observations|纳指ETF:no_observations|能源化工期货ETF:no_observations|证券ETF:no_observations|豆粕ETF:no_observations|黄金ETF:no_observations
2011-12-16,1,60,红利ETF,10年国债ETF|5年国债ETF|中证1000ETF|中证2000ETF|中证500ETF|人工智能ETF|信用债ETF|军工ETF|创业板ETF|半导体ETF|原油ETF|可转债ETF|恒生ETF|新能源ETF|日利ETF|日经225ETF|有色金属期货ETF|标普500ETF|欧洲ETF|沪深300ETF|消费ETF|煤炭ETF|白银LOF|科创50ETF|纳指ETF|能源化工期货ETF|证券ETF|豆粕ETF|黄金ETF,10年国债ETF:no_observations|5年国债ETF:no_observations|中证1000ETF:no_observations|中证2000ETF:no_observations|中证500ETF:no_observations|人工智能ETF:no_observations|信用债ETF:no_observations|军工ETF:no_observations|创业板ETF:insufficient_observations(4)|半导体ETF:no_observations|原油ETF:no_observations|可转债ETF:no_observations|恒生ETF:no_observations|新能源ETF:no_observations|日利ETF:no_observations|日经225ETF:no_observations|有色金属期货ETF:no_observations|标普500ETF:no_observations|欧洲ETF:no_observations|沪深300ETF:no_observations|消费ETF:no_observations|煤炭ETF:no_observations|白银LOF:no_observations|科创50ETF:no_observations|纳指ETF:no_observations|能源化工期货ETF:no_observations|证券ETF:no_observations|豆粕ETF:no_observations|黄金ETF:no_observations
2011-12-23,1,60,红利ETF,10年国债ETF|5年国债ETF|中证1000ETF|中证2000ETF|中证500ETF|人工智能ETF|信用债ETF|军工ETF|创业板ETF|半导体ETF|原油ETF|可转债ETF|恒生ETF|新能源ETF|日利ETF|日经225ETF|有色金属期货ETF|标普500ETF|欧洲ETF|沪深300ETF|消费ETF|煤炭ETF|白银LOF|科创50ETF|纳指ETF|能源化工期货ETF|证券ETF|豆粕ETF|黄金ETF,10年国债ETF:no_observations|5年国债ETF:no_observations|中证1000ETF:no_observations|中证2000ETF:no_observations|中证500ETF:no_observations|人工智能ETF:no_observations|信用债ETF:no_observations|军工ETF:no_observations|创业板ETF:insufficient_observations(9)|半导体ETF:no_observations|原油ETF:no_observations|可转债ETF:no_observations|恒生ETF:no_observations|新能源ETF:no_observations|日利ETF:no_observations|日经225ETF:no_observations|有色金属期货ETF:no_observations|标普500ETF:no_observations|欧洲ETF:no_observations|沪深300ETF:no_observations|消费ETF:no_observations|煤炭ETF:no_observations|白银LOF:no_observations|科创50ETF:no_observations|纳指ETF:no_observations|能源化工期货ETF:no_observations|证券ETF:no_observations|豆粕ETF:no_observations|黄金ETF:no_observations
2011-12-30,1,60,红利ETF,10年国债ETF|5年国债ETF|中证1000ETF|中证2000ETF|中证500ETF|人工智能ETF|信用债ETF|军工ETF|创业板ETF|半导体ETF|原油ETF|可转债ETF|恒生ETF|新能源ETF|日利ETF|日经225ETF|有色金属期货ETF|标普500ETF|欧洲ETF|沪深300ETF|消费ETF|煤炭ETF|白银LOF|科创50ETF|纳指ETF|能源化工期货ETF|证券ETF|豆粕ETF|黄金ETF,10年国债ETF:no_observations|5年国债ETF:no_observations|中证1000ETF:no_observations|中证2000ETF:no_observations|中证500ETF:no_observations|人工智能ETF:no_observations|信用债ETF:no_observations|军工ETF:no_observations|创业板ETF:insufficient_observations(14)|半导体ETF:no_observations|原油ETF:no_observations|可转债ETF:no_observations|恒生ETF:no_observations|新能源ETF:no_observations|日利ETF:no_observations|日经225ETF:no_observations|有色金属期货ETF:no_observations|标普500ETF:no_observations|欧洲ETF:no_observations|沪深300ETF:no_observations|消费ETF:no_observations|煤炭ETF:no_observations|白银LOF:no_observations|科创50ETF:no_observations|纳指ETF:no_observations|能源化工期货ETF:no_observations|证券ETF:no_observations|豆粕ETF:no_observations|黄金ETF:no_observations
2012-01-06,1,60,红利ETF,10年国债ETF|5年国债ETF|中证1000ETF|中证2000ETF|中证500ETF|人工智能ETF|信用债ETF|军工ETF|创业板ETF|半导体ETF|原油ETF|可转债ETF|恒生ETF|新能源ETF|日利ETF|日经225ETF|有色金属期货ETF|标普500ETF|欧洲ETF|沪深300ETF|消费ETF|煤炭ETF|白银LOF|科创50ETF|纳指ETF|能源化工期货ETF|证券ETF|豆粕ETF|黄金ETF,10年国债ETF:no_observations|5年国债ETF:no_observations|中证1000ETF:no_observations|中证2000ETF:no_observations|中证500ETF:no_observations|人工智能ETF:no_observations|信用债ETF:no_observations|军工ETF:no_observations|创业板ETF:insufficient_observations(17)|半导体ETF:no_observations|原油ETF:no_observations|可转债ETF:no_observations|恒生ETF:no_observations|新能源ETF:no_observations|日利ETF:no_observations|日经225ETF:no_observations|有色金属期货ETF:no_observations|标普500ETF:no_observations|欧洲ETF:no_observations|沪深300ETF:no_observations|消费ETF:no_observations|煤炭ETF:no_observations|白银LOF:no_observations|科创50ETF:no_observations|纳指ETF:no_observations|能源化工期货ETF:no_observations|证券ETF:no_observations|豆粕ETF:no_observations|黄金ETF:no_observations
2012-01-13,1,60,红利ETF,10年国债ETF|5年国债ETF|中证1000ETF|中证2000ETF|中证500ETF|人工智能ETF|信用债ETF|军工ETF|创业板ETF|半导体ETF|原油ETF|可转债ETF|恒生ETF|新能源ETF|日利ETF|日经225ETF|有色金属期货ETF|标普500ETF|欧洲ETF|沪深300ETF|消费ETF|煤炭ETF|白银LOF|科创50ETF|纳指ETF|能源化工期货ETF|证券ETF|豆粕ETF|黄金ETF,10年国债ETF:no_observations|5年国债ETF:no_observations|中证1000ETF:no_observations|中证2000ETF:no_observations|中证500ETF:no_observations|人工智能ETF:no_observations|信用债ETF:no_observations|军工ETF:no_observations|创业板ETF:insufficient_observations(22)|半导体ETF:no_observations|原油ETF:no_observations|可转债ETF:no_observations|恒生ETF:no_observations|新能源ETF:no_observations|日利ETF:no_observations|日经225ETF:no_observations|有色金属期货ETF:no_observations|标普500ETF:no_observations|欧洲ETF:no_observations|沪深300ETF:no_observations|消费ETF:no_observations|煤炭ETF:no_observations|白银LOF:no_observations|科创50ETF:no_observations|纳指ETF:no_observations|能源化工期货ETF:no_observations|证券ETF:no_observations|豆粕ETF:no_observations|黄金ETF:no_observations
2012-01-20,1,60,红利ETF,10年国债ETF|5年国债ETF|中证1000ETF|中证2000ETF|中证500ETF|人工智能ETF|信用债ETF|军工ETF|创业板ETF|半导体ETF|原油ETF|可转债ETF|恒生ETF|新能源ETF|日利ETF|日经225ETF|有色金属期货ETF|标普500ETF|欧洲ETF|沪深300ETF|消费ETF|煤炭ETF|白银LOF|科创50ETF|纳指ETF|能源化工期货ETF|证券ETF|豆粕ETF|黄金ETF,10年国债ETF:no_observations|5年国债ETF:no_observations|中证1000ETF:no_observations|中证2000ETF:no_observations|中证500ETF:no_observations|人工智能ETF:no_observations|信用债ETF:no_observations|军工ETF:no_observations|创业板ETF:insufficient_observations(27)|半导体ETF:no_observations|原油ETF:no_observations|可转债ETF:no_observations|恒生ETF:no_observations|新能源ETF:no_observations|日利ETF:no_observations|日经225ETF:no_observations|有色金属期货ETF:no_observations|标普500ETF:no_observations|欧洲ETF:no_observations|沪深300ETF:no_observations|消费ETF:no_observations|煤炭ETF:no_observations|白银LOF:no_observations|科创50ETF:no_observations|纳指ETF:no_observations|能源化工期货ETF:no_observations|证券ETF:no_observations|豆粕ETF:no_observations|黄金ETF:no_observations
2012-02-03,1,60,红利ETF,10年国债ETF|5年国债ETF|中证1000ETF|中证2000ETF|中证500ETF|人工智能ETF|信用债ETF|军工ETF|创业板ETF|半导体ETF|原油ETF|可转债ETF|恒生ETF|新能源ETF|日利ETF|日经225ETF|有色金属期货ETF|标普500ETF|欧洲ETF|沪深300ETF|消费ETF|煤炭ETF|白银LOF|科创50ETF|纳指ETF|能源化工期货ETF|证券ETF|豆粕ETF|黄金ETF,10年国债ETF:no_observations|5年国债ETF:no_observations|中证1000ETF:no_observations|中证2000ETF:no_observations|中证500ETF:no_observations|人工智能ETF:no_observations|信用债ETF:no_observations|军工ETF:no_observations|创业板ETF:insufficient_observations(32)|半导体ETF:no_observations|原油ETF:no_observations|可转债ETF:no_observations|恒生ETF:no_observations|新能源ETF:no_observations|日利ETF:no_observations|日经225ETF:no_observations|有色金属期货ETF:no_observations|标普500ETF:no_observations|欧洲ETF:no_observations|沪深300ETF:no_observations|消费ETF:no_observations|煤炭ETF:no_observations|白银LOF:no_observations|科创50ETF:no_observations|纳指ETF:no_observations|能源化工期货ETF:no_observations|证券ETF:no_observations|豆粕ETF:no_observations|黄金ETF:no_observations
2012-02-10,1,60,红利ETF,10年国债ETF|5年国债ETF|中证1000ETF|中证2000ETF|中证500ETF|人工智能ETF|信用债ETF|军工ETF|创业板ETF|半导体ETF|原油ETF|可转债ETF|恒生ETF|新能源ETF|日利ETF|日经225ETF|有色金属期货ETF|标普500ETF|欧洲ETF|沪深300ETF|消费ETF|煤炭ETF|白银LOF|科创50ETF|纳指ETF|能源化工期货ETF|证券ETF|豆粕ETF|黄金ETF,10年国债ETF:no_observations|5年国债ETF:no_observations|中证1000ETF:no_observations|中证2000ETF:no_observations|中证500ETF:no_observations|人工智能ETF:no_observations|信用债ETF:no_observations|军工ETF:no_observations|创业板ETF:insufficient_observations(37)|半导体ETF:no_observations|原油ETF:no_observations|可转债ETF:no_observations|恒生ETF:no_observations|新能源ETF:no_observations|日利ETF:no_observations|日经225ETF:no_observations|有色金属期货ETF:no_observations|标普500ETF:no_observations|欧洲ETF:no_observations|沪深300ETF:no_observations|消费ETF:no_observations|煤炭ETF:no_observations|白银LOF:no_observations|科创50ETF:no_observations|纳指ETF:no_observations|能源化工期货ETF:no_observations|证券ETF:no_observations|豆粕ETF:no_observations|黄金ETF:no_observations
2012-02-17,1,60,红利ETF,10年国债ETF|5年国债ETF|中证1000ETF|中证2000ETF|中证500ETF|人工智能ETF|信用债ETF|军工ETF|创业板ETF|半导体ETF|原油ETF|可转债ETF|恒生ETF|新能源ETF|日利ETF|日经225ETF|有色金属期货ETF|标普500ETF|欧洲ETF|沪深300ETF|消费ETF|煤炭ETF|白银LOF|科创50ETF|纳指ETF|能源化工期货ETF|证券ETF|豆粕ETF|黄金ETF,10年国债ETF:no_observations|5年国债ETF:no_observations|中证1000ETF:no_observations|中证2000ETF:no_observations|中证500ETF:no_observations|人工智能ETF:no_observations|信用债ETF:no_observations|军工ETF:no_observations|创业板ETF:insufficient_observations(42)|半导体ETF:no_observations|原油ETF:no_observations|可转债ETF:no_observations|恒生ETF:no_observations|新能源ETF:no_observations|日利ETF:no_observations|日经225ETF:no_observations|有色金属期货ETF:no_observations|标普500ETF:no_observations|欧洲ETF:no_observations|沪深300ETF:no_observations|消费ETF:no_observations|煤炭ETF:no_observations|白银LOF:no_observations|科创50ETF:no_observations|纳指ETF:no_observations|能源化工期货ETF:no_observations|证券ETF:no_observations|豆粕ETF:no_observations|黄金ETF:no_observations
2012-02-24,1,60,红利ETF,10年国债ETF|5年国债ETF|中证1000ETF|中证2000ETF|中证500ETF|人工智能ETF|信用债ETF|军工ETF|创业板ETF|半导体ETF|原油ETF|可转债ETF|恒生ETF|新能源ETF|日利ETF|日经225ETF|有色金属期货ETF|标普500ETF|欧洲ETF|沪深300ETF|消费ETF|煤炭ETF|白银LOF|科创50ETF|纳指ETF|能源化工期货ETF|证券ETF|豆粕ETF|黄金ETF,10年国债ETF:no_observations|5年国债ETF:no_observations|中证1000ETF:no_observations|中证2000ETF:no_observations|中证500ETF:no_observations|人工智能ETF:no_observations|信用债ETF:no_observations|军工ETF:no_observations|创业板ETF:insufficient_observations(47)|半导体ETF:no_observations|原油ETF:no_observations|可转债ETF:no_observations|恒生ETF:no_observations|新能源ETF:no_observations|日利ETF:no_observations|日经225ETF:no_observations|有色金属期货ETF:no_observations|标普500ETF:no_observations|欧洲ETF:no_observations|沪深300ETF:no_observations|消费ETF:no_observations|煤炭ETF:no_observations|白银LOF:no_observations|科创50ETF:no_observations|纳指ETF:no_observations|能源化工期货ETF:no_observations|证券ETF:no_observations|豆粕ETF:no_observations|黄金ETF:no_observations
2012-03-02,1,60,红利ETF,10年国债ETF|5年国债ETF|中证1000ETF|中证2000ETF|中证500ETF|人工智能ETF|信用债ETF|军工ETF|创业板ETF|半导体ETF|原油ETF|可转债ETF|恒生ETF|新能源ETF|日利ETF|日经225ETF|有色金属期货ETF|标普500ETF|欧洲ETF|沪深300ETF|消费ETF|煤炭ETF|白银LOF|科创50ETF|纳指ETF|能源化工期货ETF|证券ETF|豆粕ETF|黄金ETF,10年国债ETF:no_observations|5年国债ETF:no_observations|中证1000ETF:no_observations|中证2000ETF:no_observations|中证500ETF:no_observations|人工智能ETF:no_observations|信用债ETF:no_observations|军工ETF:no_observations|创业板ETF:insufficient_observations(52)|半导体ETF:no_observations|原油ETF:no_observations|可转债ETF:no_observations|恒生ETF:no_observations|新能源ETF:no_observations|日利ETF:no_observations|日经225ETF:no_observations|有色金属期货ETF:no_observations|标普500ETF:no_observations|欧洲ETF:no_observations|沪深300ETF:no_observations|消费ETF:no_observations|煤炭ETF:no_observations|白银LOF:no_observations|科创50ETF:no_observations|纳指ETF:no_observations|能源化工期货ETF:no_observations|证券ETF:no_observations|豆粕ETF:no_observations|黄金ETF:no_observations
2012-03-09,1,60,红利ETF,10年国债ETF|5年国债ETF|中证1000ETF|中证2000ETF|中证500ETF|人工智能ETF|信用债ETF|军工ETF|创业板ETF|半导体ETF|原油ETF|可转债ETF|恒生ETF|新能源ETF|日利ETF|日经225ETF|有色金属期货ETF|标普500ETF|欧洲ETF|沪深300ETF|消费ETF|煤炭ETF|白银LOF|科创50ETF|纳指ETF|能源化工期货ETF|证券ETF|豆粕ETF|黄金ETF,10年国债ETF:no_observations|5年国债ETF:no_observations|中证1000ETF:no_observations|中证2000ETF:no_observations|中证500ETF:no_observations|人工智能ETF:no_observations|信用债ETF:no_observations|军工ETF:no_observations|创业板ETF:insufficient_observations(57)|半导体ETF:no_observations|原油ETF:no_observations|可转债ETF:no_observations|恒生ETF:no_observations|新能源ETF:no_observations|日利ETF:no_observations|日经225ETF:no_observations|有色金属期货ETF:no_observations|标普500ETF:no_observations|欧洲ETF:no_observations|沪深300ETF:no_observations|消费ETF:no_observations|煤炭ETF:no_observations|白银LOF:no_observations|科创50ETF:no_observations|纳指ETF:no_observations|能源化工期货ETF:no_observations|证券ETF:no_observations|豆粕ETF:no_observations|黄金ETF:no_observations
2012-03-16,2,60,创业板ETF|红利ETF,10年国债ETF|5年国债ETF|中证1000ETF|中证2000ETF|中证500ETF|人工智能ETF|信用债ETF|军工ETF|半导体ETF|原油ETF|可转债ETF|恒生ETF|新能源ETF|日利ETF|日经225ETF|有色金属期货ETF|标普500ETF|欧洲ETF|沪深300ETF|消费ETF|煤炭ETF|白银LOF|科创50ETF|纳指ETF|能源化工期货ETF|证券ETF|豆粕ETF|黄金ETF,10年国债ETF:no_observations|5年国债ETF:no_observations|中证1000ETF:no_observations|中证2000ETF:no_observations|中证500ETF:no_observations|人工智能ETF:no_observations|信用债ETF:no_observations|军工ETF:no_observations|半导体ETF:no_observations|原油ETF:no_observations|可转债ETF:no_observations|恒生ETF:no_observations|新能源ETF:no_observations|日利ETF:no_observations|日经225ETF:no_observations|有色金属期货ETF:no_observations|标普500ETF:no_observations|欧洲ETF:no_observations|沪深300ETF:no_observations|消费ETF:no_observations|煤炭ETF:no_observations|白银LOF:no_observations|科创50ETF:no_observations|纳指ETF:no_observations|能源化工期货ETF:no_observations|证券ETF:no_observations|豆粕ETF:no_observations|黄金ETF:no_observations
2012-03-23,2,60,创业板ETF|红利ETF,10年国债ETF|5年国债ETF|中证1000ETF|中证2000ETF|中证500ETF|人工智能ETF|信用债ETF|军工ETF|半导体ETF|原油ETF|可转债ETF|恒生ETF|新能源ETF|日利ETF|日经225ETF|有色金属期货ETF|标普500ETF|欧洲ETF|沪深300ETF|消费ETF|煤炭ETF|白银LOF|科创50ETF|纳指ETF|能源化工期货ETF|证券ETF|豆粕ETF|黄金ETF,10年国债ETF:no_observations|5年国债ETF:no_observations|中证1000ETF:no_observations|中证2000ETF:no_observations|中证500ETF:no_observations|人工智能ETF:no_observations|信用债ETF:no_observations|军工ETF:no_observations|半导体ETF:no_observations|原油ETF:no_observations|可转债ETF:no_observations|恒生ETF:no_observations|新能源ETF:no_observations|日利ETF:no_observations|日经225ETF:no_observations|有色金属期货ETF:no_observations|标普500ETF:no_observations|欧洲ETF:no_observations|沪深300ETF:no_observations|消费ETF:no_observations|煤炭ETF:no_observations|白银LOF:no_observations|科创50ETF:no_observations|纳指ETF:no_observations|能源化工期货ETF:no_observations|证券ETF:no_observations|豆粕ETF:no_observations|黄金ETF:no_observations
2012-03-30,2,60,创业板ETF|红利ETF,10年国债ETF|5年国债ETF|中证1000ETF|中证2000ETF|中证500ETF|人工智能ETF|信用债ETF|军工ETF|半导体ETF|原油ETF|可转债ETF|恒生ETF|新能源ETF|日利ETF|日经225ETF|有色金属期货ETF|标普500ETF|欧洲ETF|沪深300ETF|消费ETF|煤炭ETF|白银LOF|科创50ETF|纳指ETF|能源化工期货ETF|证券ETF|豆粕ETF|黄金ETF,10年国债ETF:no_observations|5年国债ETF:no_observations|中证1000ETF:no_observations|中证2000ETF:no_observations|中证500ETF:no_observations|人工智能ETF:no_observations|信用债ETF:no_observations|军工ETF:no_observations|半导体ETF:no_observations|原油ETF:no_observations|可转债ETF:no_observations|恒生ETF:no_observations|新能源ETF:no_observations|日利ETF:no_observations|日经225ETF:no_observations|有色金属期货ETF:no_observations|标普500ETF:no_observations|欧洲ETF:no_observations|沪深300ETF:no_observations|消费ETF:no_observations|煤炭ETF:no_observations|白银LOF:no_observations|科创50ETF:no_observations|纳指ETF:no_observations|能源化工期货ETF:no_observations|证券ETF:no_observations|豆粕ETF:no_observations|黄金ETF:no_observations
2012-04-06,2,60,创业板ETF|红利ETF,10年国债ETF|5年国债ETF|中证1000ETF|中证2000ETF|中证500ETF|人工智能ETF|信用债ETF|军工ETF|半导体ETF|原油ETF|可转债ETF|恒生ETF|新能源ETF|日利ETF|日经225ETF|有色金属期货ETF|标普500ETF|欧洲ETF|沪深300ETF|消费ETF|煤炭ETF|白银LOF|科创50ETF|纳指ETF|能源化工期货ETF|证券ETF|豆粕ETF|黄金ETF,10年国债ETF:no_observations|5年国债ETF:no_observations|中证1000ETF:no_observations|中证2000ETF:no_observations|中证500ETF:no_observations|人工智能ETF:no_observations|信用债ETF:no_observations|军工ETF:no_observations|半导体ETF:no_observations|原油ETF:no_observations|可转债ETF:no_observations|恒生ETF:no_observations|新能源ETF:no_observations|日利ETF:no_observations|日经225ETF:no_observations|有色金属期货ETF:no_observations|标普500ETF:no_observations|欧洲ETF:no_observations|沪深300ETF:no_observations|消费ETF:no_observations|煤炭ETF:no_observations|白银LOF:no_observations|科创50ETF:no_observations|纳指ETF:no_observations|能源化工期货ETF:no_observations|证券ETF:no_observations|豆粕ETF:no_observations|黄金ETF:no_observations
2012-04-13,2,60,创业板ETF|红利ETF,10年国债ETF|5年国债ETF|中证1000ETF|中证2000ETF|中证500ETF|人工智能ETF|信用债ETF|军工ETF|半导体ETF|原油ETF|可转债ETF|恒生ETF|新能源ETF|日利ETF|日经225ETF|有色金属期货ETF|标普500ETF|欧洲ETF|沪深300ETF|消费ETF|煤炭ETF|白银LOF|科创50ETF|纳指ETF|能源化工期货ETF|证券ETF|豆粕ETF|黄金ETF,10年国债ETF:no_observations|5年国债ETF:no_observations|中证1000ETF:no_observations|中证2000ETF:no_observations|中证500ETF:no_observations|人工智能ETF:no_observations|信用债ETF:no_observations|军工ETF:no_observations|半导体ETF:no_observations|原油ETF:no_observations|可转债ETF:no_observations|恒生ETF:no_observations|新能源ETF:no_observations|日利ETF:no_observations|日经225ETF:no_observations|有色金属期货ETF:no_observations|标普500ETF:no_observations|欧洲ETF:no_observations|沪深300ETF:no_observations|消费ETF:no_observations|煤炭ETF:no_observations|白银LOF:no_observations|科创50ETF:no_observations|纳指ETF:no_observations|能源化工期货ETF:no_observations|证券ETF:no_observations|豆粕ETF:no_observations|黄金ETF:no_observations
2012-04-20,2,60,创业板ETF|红利ETF,10年国债ETF|5年国债ETF|中证1000ETF|中证2000ETF|中证500ETF|人工智能ETF|信用债ETF|军工ETF|半导体ETF|原油ETF|可转债ETF|恒生ETF|新能源ETF|日利ETF|日经225ETF|有色金属期货ETF|标普500ETF|欧洲ETF|沪深300ETF|消费ETF|煤炭ETF|白银LOF|科创50ETF|纳指ETF|能源化工期货ETF|证券ETF|豆粕ETF|黄金ETF,10年国债ETF:no_observations|5年国债ETF:no_observations|中证1000ETF:no_observations|中证2000ETF:no_observations|中证500ETF:no_observations|人工智能ETF:no_observations|信用债ETF:no_observations|军工ETF:no_observations|半导体ETF:no_observations|原油ETF:no_observations|可转债ETF:no_observations|恒生ETF:no_observations|新能源ETF:no_observations|日利ETF:no_observations|日经225ETF:no_observations|有色金属期货ETF:no_observations|标普500ETF:no_observations|欧洲ETF:no_observations|沪深300ETF:no_observations|消费ETF:no_observations|煤炭ETF:no_observations|白银LOF:no_observations|科创50ETF:no_observations|纳指ETF:no_observations|能源化工期货ETF:no_observations|证券ETF:no_observations|豆粕ETF:no_observations|黄金ETF:no_observations
2012-04-27,2,60,创业板ETF|红利ETF,10年国债ETF|5年国债ETF|中证1000ETF|中证2000ETF|中证500ETF|人工智能ETF|信用债ETF|军工ETF|半导体ETF|原油ETF|可转债ETF|恒生ETF|新能源ETF|日利ETF|日经225ETF|有色金属期货ETF|标普500ETF|欧洲ETF|沪深300ETF|消费ETF|煤炭ETF|白银LOF|科创50ETF|纳指ETF|能源化工期货ETF|证券ETF|豆粕ETF|黄金ETF,10年国债ETF:no_observations|5年国债ETF:no_observations|中证1000ETF:no_observations|中证2000ETF:no_observations|中证500ETF:no_observations|人工智能ETF:no_observations|信用债ETF:no_observations|军工ETF:no_observations|半导体ETF:no_observations|原油ETF:no_observations|可转债ETF:no_observations|恒生ETF:no_observations|新能源ETF:no_observations|日利ETF:no_observations|日经225ETF:no_observations|有色金属期货ETF:no_observations|标普500ETF:no_observations|欧洲ETF:no_observations|沪深300ETF:no_observations|消费ETF:no_observations|煤炭ETF:no_observations|白银LOF:no_observations|科创50ETF:no_observations|纳指ETF:no_observations|能源化工期货ETF:no_observations|证券ETF:no_observations|豆粕ETF:no_observations|黄金ETF:no_observations
2012-05-04,2,60,创业板ETF|红利ETF,10年国债ETF|5年国债ETF|中证1000ETF|中证2000ETF|中证500ETF|人工智能ETF|信用债ETF|军工ETF|半导体ETF|原油ETF|可转债ETF|恒生ETF|新能源ETF|日利ETF|日经225ETF|有色金属期货ETF|标普500ETF|欧洲ETF|沪深300ETF|消费ETF|煤炭ETF|白银LOF|科创50ETF|纳指ETF|能源化工期货ETF|证券ETF|豆粕ETF|黄金ETF,10年国债ETF:no_observations|5年国债ETF:no_observations|中证1000ETF:no_observations|中证2000ETF:no_observations|中证500ETF:no_observations|人工智能ETF:no_observations|信用债ETF:no_observations|军工ETF:no_observations|半导体ETF:no_observations|原油ETF:no_observations|可转债ETF:no_observations|恒生ETF:no_observations|新能源ETF:no_observations|日利ETF:no_observations|日经225ETF:no_observations|有色金属期货ETF:no_observations|标普500ETF:no_observations|欧洲ETF:no_observations|沪深300ETF:no_observations|消费ETF:no_observations|煤炭ETF:no_observations|白银LOF:no_observations|科创50ETF:no_observations|纳指ETF:no_observations|能源化工期货ETF:no_observations|证券ETF:no_observations|豆粕ETF:no_observations|黄金ETF:no_observations
2012-05-11,2,60,创业板ETF|红利ETF,10年国债ETF|5年国债ETF|中证1000ETF|中证2000ETF|中证500ETF|人工智能ETF|信用债ETF|军工ETF|半导体ETF|原油ETF|可转债ETF|恒生ETF|新能源ETF|日利ETF|日经225ETF|有色金属期货ETF|标普500ETF|欧洲ETF|沪深300ETF|消费ETF|煤炭ETF|白银LOF|科创50ETF|纳指ETF|能源化工期货ETF|证券ETF|豆粕ETF|黄金ETF,10年国债ETF:no_observations|5年国债ETF:no_observations|中证1000ETF:no_observations|中证2000ETF:no_observations|中证500ETF:no_observations|人工智能ETF:no_observations|信用债ETF:no_observations|军工ETF:no_observations|半导体ETF:no_observations|原油ETF:no_observations|可转债ETF:no_observations|恒生ETF:no_observations|新能源ETF:no_observations|日利ETF:no_observations|日经225ETF:no_observations|有色金属期货ETF:no_observations|标普500ETF:no_observations|欧洲ETF:no_observations|沪深300ETF:no_observations|消费ETF:no_observations|煤炭ETF:no_observations|白银LOF:no_observations|科创50ETF:no_observations|纳指ETF:no_observations|能源化工期货ETF:no_observations|证券ETF:no_observations|豆粕ETF:no_observations|黄金ETF:no_observations
2012-05-18,2,60,创业板ETF|红利ETF,10年国债ETF|5年国债ETF|中证1000ETF|中证2000ETF|中证500ETF|人工智能ETF|信用债ETF|军工ETF|半导体ETF|原油ETF|可转债ETF|恒生ETF|新能源ETF|日利ETF|日经225ETF|有色金属期货ETF|标普500ETF|欧洲ETF|沪深300ETF|消费ETF|煤炭ETF|白银LOF|科创50ETF|纳指ETF|能源化工期货ETF|证券ETF|豆粕ETF|黄金ETF,10年国债ETF:no_observations|5年国债ETF:no_observations|中证1000ETF:no_observations|中证2000ETF:no_observations|中证500ETF:no_observations|人工智能ETF:no_observations|信用债ETF:no_observations|军工ETF:no_observations|半导体ETF:no_observations|原油ETF:no_observations|可转债ETF:no_observations|恒生ETF:no_observations|新能源ETF:no_observations|日利ETF:no_observations|日经225ETF:no_observations|有色金属期货ETF:no_observations|标普500ETF:no_observations|欧洲ETF:no_observations|沪深300ETF:no_observations|消费ETF:no_observations|煤炭ETF:no_observations|白银LOF:no_observations|科创50ETF:no_observations|纳指ETF:no_observations|能源化工期货ETF:no_observations|证券ETF:no_observations|豆粕ETF:no_observations|黄金ETF:no_observations
2012-05-25,2,60,创业板ETF|红利ETF,10年国债ETF|5年国债ETF|中证1000ETF|中证2000ETF|中证500ETF|人工智能ETF|信用债ETF|军工ETF|半导体ETF|原油ETF|可转债ETF|恒生ETF|新能源ETF|日利ETF|日经225ETF|有色金属期货ETF|标普500ETF|欧洲ETF|沪深300ETF|消费ETF|煤炭ETF|白银LOF|科创50ETF|纳指ETF|能源化工期货ETF|证券ETF|豆粕ETF|黄金ETF,10年国债ETF:no_observations|5年国债ETF:no_observations|中证1000ETF:no_observations|中证2000ETF:no_observations|中证500ETF:no_observations|人工智能ETF:no_observations|信用债ETF:no_observations|军工ETF:no_observations|半导体ETF:no_observations|原油ETF:no_observations|可转债ETF:no_observations|恒生ETF:no_observations|新能源ETF:no_observations|日利ETF:no_observations|日经225ETF:no_observations|有色金属期货ETF:no_observations|标普500ETF:no_observations|欧洲ETF:no_observations|沪深300ETF:no_observations|消费ETF:no_observations|煤炭ETF:no_observations|白银LOF:no_observations|科创50ETF:no_observations|纳指ETF:no_observations|能源化工期货ETF:no_observations|证券ETF:no_observations|豆粕ETF:no_observations|黄金ETF:no_observations
2012-06-01,2,60,创业板ETF|红利ETF,10年国债ETF|5年国债ETF|中证1000ETF|中证2000ETF|中证500ETF|人工智能ETF|信用债ETF|军工ETF|半导体ETF|原油ETF|可转债ETF|恒生ETF|新能源ETF|日利ETF|日经225ETF|有色金属期货ETF|标普500ETF|欧洲ETF|沪深300ETF|消费ETF|煤炭ETF|白银LOF|科创50ETF|纳指ETF|能源化工期货ETF|证券ETF|豆粕ETF|黄金ETF,10年国债ETF:no_observations|5年国债ETF:no_observations|中证1000ETF:no_observations|中证2000ETF:no_observations|中证500ETF:no_observations|人工智能ETF:no_observations|信用债ETF:no_observations|军工ETF:no_observations|半导体ETF:no_observations|原油ETF:no_observations|可转债ETF:no_observations|恒生ETF:no_observations|新能源ETF:no_observations|日利ETF:no_observations|日经225ETF:no_observations|有色金属期货ETF:no_observations|标普500ETF:no_observations|欧洲ETF:no_observations|沪深300ETF:insufficient_observations(3)|消费ETF:no_observations|煤炭ETF:no_observations|白银LOF:no_observations|科创50ETF:no_observations|纳指ETF:no_observations|能源化工期货ETF:no_observations|证券ETF:no_observations|豆粕ETF:no_observations|黄金ETF:no_observations
2012-06-08,2,60,创业板ETF|红利ETF,10年国债ETF|5年国债ETF|中证1000ETF|中证2000ETF|中证500ETF|人工智能ETF|信用债ETF|军工ETF|半导体ETF|原油ETF|可转债ETF|恒生ETF|新能源ETF|日利ETF|日经225ETF|有色金属期货ETF|标普500ETF|欧洲ETF|沪深300ETF|消费ETF|煤炭ETF|白银LOF|科创50ETF|纳指ETF|能源化工期货ETF|证券ETF|豆粕ETF|黄金ETF,10年国债ETF:no_observations|5年国债ETF:no_observations|中证1000ETF:no_observations|中证2000ETF:no_observations|中证500ETF:no_observations|人工智能ETF:no_observations|信用债ETF:no_observations|军工ETF:no_observations|半导体ETF:no_observations|原油ETF:no_observations|可转债ETF:no_observations|恒生ETF:no_observations|新能源ETF:no_observations|日利ETF:no_observations|日经225ETF:no_observations|有色金属期货ETF:no_observations|标普500ETF:no_observations|欧洲ETF:no_observations|沪深300ETF:insufficient_observations(8)|消费ETF:no_observations|煤炭ETF:no_observations|白银LOF:no_observations|科创50ETF:no_observations|纳指ETF:no_observations|能源化工期货ETF:no_observations|证券ETF:no_observations|豆粕ETF:no_observations|黄金ETF:no_observations
2012-06-15,2,60,创业板ETF|红利ETF,10年国债ETF|5年国债ETF|中证1000ETF|中证2000ETF|中证500ETF|人工智能ETF|信用债ETF|军工ETF|半导体ETF|原油ETF|可转债ETF|恒生ETF|新能源ETF|日利ETF|日经225ETF|有色金属期货ETF|标普500ETF|欧洲ETF|沪深300ETF|消费ETF|煤炭ETF|白银LOF|科创50ETF|纳指ETF|能源化工期货ETF|证券ETF|豆粕ETF|黄金ETF,10年国债ETF:no_observations|5年国债ETF:no_observations|中证1000ETF:no_observations|中证2000ETF:no_observations|中证500ETF:no_observations|人工智能ETF:no_observations|信用债ETF:no_observations|军工ETF:no_observations|半导体ETF:no_observations|原油ETF:insufficient_observations(4)|可转债ETF:no_observations|恒生ETF:no_observations|新能源ETF:no_observations|日利ETF:no_observations|日经225ETF:no_observations|有色金属期货ETF:no_observations|标普500ETF:no_observations|欧洲ETF:no_observations|沪深300ETF:insufficient_observations(13)|消费ETF:no_observations|煤炭ETF:no_observations|白银LOF:no_observations|科创50ETF:no_observations|纳指ETF:no_observations|能源化工期货ETF:no_observations|证券ETF:no_observations|豆粕ETF:no_observations|黄金ETF:no_observations
2012-06-21,2,60,创业板ETF|红利ETF,10年国债ETF|5年国债ETF|中证1000ETF|中证2000ETF|中证500ETF|人工智能ETF|信用债ETF|军工ETF|半导体ETF|原油ETF|可转债ETF|恒生ETF|新能源ETF|日利ETF|日经225ETF|有色金属期货ETF|标普500ETF|欧洲ETF|沪深300ETF|消费ETF|煤炭ETF|白银LOF|科创50ETF|纳指ETF|能源化工期货ETF|证券ETF|豆粕ETF|黄金ETF,10年国债ETF:no_observations|5年国债ETF:no_observations|中证1000ETF:no_observations|中证2000ETF:no_observations|中证500ETF:no_observations|人工智能ETF:no_observations|信用债ETF:no_observations|军工ETF:no_observations|半导体ETF:no_observations|原油ETF:insufficient_observations(8)|可转债ETF:no_observations|恒生ETF:no_observations|新能源ETF:no_observations|日利ETF:no_observations|日经225ETF:no_observations|有色金属期货ETF:no_observations|标普500ETF:no_observations|欧洲ETF:no_observations|沪深300ETF:insufficient_observations(17)|消费ETF:no_observations|煤炭ETF:no_observations|白银LOF:no_observations|科创50ETF:no_observations|纳指ETF:no_observations|能源化工期货ETF:no_observations|证券ETF:no_observations|豆粕ETF:no_observations|黄金ETF:no_observations
2012-06-29,2,60,创业板ETF|红利ETF,10年国债ETF|5年国债ETF|中证1000ETF|中证2000ETF|中证500ETF|人工智能ETF|信用债ETF|军工ETF|半导体ETF|原油ETF|可转债ETF|恒生ETF|新能源ETF|日利ETF|日经225ETF|有色金属期货ETF|标普500ETF|欧洲ETF|沪深300ETF|消费ETF|煤炭ETF|白银LOF|科创50ETF|纳指ETF|能源化工期货ETF|证券ETF|豆粕ETF|黄金ETF,10年国债ETF:no_observations|5年国债ETF:no_observations|中证1000ETF:no_observations|中证2000ETF:no_observations|中证500ETF:no_observations|人工智能ETF:no_observations|信用债ETF:no_observations|军工ETF:no_observations|半导体ETF:no_observations|原油ETF:insufficient_observations(13)|可转债ETF:no_observations|恒生ETF:no_observations|新能源ETF:no_observations|日利ETF:no_observations|日经225ETF:no_observations|有色金属期货ETF:no_observations|标普500ETF:no_observations|欧洲ETF:no_observations|沪深300ETF:insufficient_observations(22)|消费ETF:no_observations|煤炭ETF:no_observations|白银LOF:no_observations|科创50ETF:no_observations|纳指ETF:no_observations|能源化工期货ETF:no_observations|证券ETF:no_observations|豆粕ETF:no_observations|黄金ETF:no_observations
2012-07-06,2,60,创业板ETF|红利ETF,10年国债ETF|5年国债ETF|中证1000ETF|中证2000ETF|中证500ETF|人工智能ETF|信用债ETF|军工ETF|半导体ETF|原油ETF|可转债ETF|恒生ETF|新能源ETF|日利ETF|日经225ETF|有色金属期货ETF|标普500ETF|欧洲ETF|沪深300ETF|消费ETF|煤炭ETF|白银LOF|科创50ETF|纳指ETF|能源化工期货ETF|证券ETF|豆粕ETF|黄金ETF,10年国债ETF:no_observations|5年国债ETF:no_observations|中证1000ETF:no_observations|中证2000ETF:no_observations|中证500ETF:no_observations|人工智能ETF:no_observations|信用债ETF:no_observations|军工ETF:no_observations|半导体ETF:no_observations|原油ETF:insufficient_observations(18)|可转债ETF:no_observations|恒生ETF:no_observations|新能源ETF:no_observations|日利ETF:no_observations|日经225ETF:no_observations|有色金属期货ETF:no_observations|标普500ETF:no_observations|欧洲ETF:no_observations|沪深300ETF:insufficient_observations(27)|消费ETF:no_observations|煤炭ETF:no_observations|白银LOF:no_observations|科创50ETF:no_observations|纳指ETF:no_observations|能源化工期货ETF:no_observations|证券ETF:no_observations|豆粕ETF:no_observations|黄金ETF:no_observations
2012-07-13,2,60,创业板ETF|红利ETF,10年国债ETF|5年国债ETF|中证1000ETF|中证2000ETF|中证500ETF|人工智能ETF|信用债ETF|军工ETF|半导体ETF|原油ETF|可转债ETF|恒生ETF|新能源ETF|日利ETF|日经225ETF|有色金属期货ETF|标普500ETF|欧洲ETF|沪深300ETF|消费ETF|煤炭ETF|白银LOF|科创50ETF|纳指ETF|能源化工期货ETF|证券ETF|豆粕ETF|黄金ETF,10年国债ETF:no_observations|5年国债ETF:no_observations|中证1000ETF:no_observations|中证2000ETF:no_observations|中证500ETF:no_observations|人工智能ETF:no_observations|信用债ETF:no_observations|军工ETF:no_observations|半导体ETF:no_observations|原油ETF:insufficient_observations(23)|可转债ETF:no_observations|恒生ETF:no_observations|新能源ETF:no_observations|日利ETF:no_observations|日经225ETF:no_observations|有色金属期货ETF:no_observations|标普500ETF:no_observations|欧洲ETF:no_observations|沪深300ETF:insufficient_observations(32)|消费ETF:no_observations|煤炭ETF:no_observations|白银LOF:no_observations|科创50ETF:no_observations|纳指ETF:no_observations|能源化工期货ETF:no_observations|证券ETF:no_observations|豆粕ETF:no_observations|黄金ETF:no_observations
2012-07-20,2,60,创业板ETF|红利ETF,10年国债ETF|5年国债ETF|中证1000ETF|中证2000ETF|中证500ETF|人工智能ETF|信用债ETF|军工ETF|半导体ETF|原油ETF|可转债ETF|恒生ETF|新能源ETF|日利ETF|日经225ETF|有色金属期货ETF|标普500ETF|欧洲ETF|沪深300ETF|消费ETF|煤炭ETF|白银LOF|科创50ETF|纳指ETF|能源化工期货ETF|证券ETF|豆粕ETF|黄金ETF,10年国债ETF:no_observations|5年国债ETF:no_observations|中证1000ETF:no_observations|中证2000ETF:no_observations|中证500ETF:no_observations|人工智能ETF:no_observations|信用债ETF:no_observations|军工ETF:no_observations|半导体ETF:no_observations|原油ETF:insufficient_observations(28)|可转债ETF:no_observations|恒生ETF:no_observations|新能源ETF:no_observations|日利ETF:no_observations|日经225ETF:no_observations|有色金属期货ETF:no_observations|标普500ETF:no_observations|欧洲ETF:no_observations|沪深300ETF:insufficient_observations(37)|消费ETF:no_observations|煤炭ETF:no_observations|白银LOF:no_observations|科创50ETF:no_observations|纳指ETF:no_observations|能源化工期货ETF:no_observations|证券ETF:no_observations|豆粕ETF:no_observations|黄金ETF:no_observations
2012-07-27,2,60,创业板ETF|红利ETF,10年国债ETF|5年国债ETF|中证1000ETF|中证2000ETF|中证500ETF|人工智能ETF|信用债ETF|军工ETF|半导体ETF|原油ETF|可转债ETF|恒生ETF|新能源ETF|日利ETF|日经225ETF|有色金属期货ETF|标普500ETF|欧洲ETF|沪深300ETF|消费ETF|煤炭ETF|白银LOF|科创50ETF|纳指ETF|能源化工期货ETF|证券ETF|豆粕ETF|黄金ETF,10年国债ETF:no_observations|5年国债ETF:no_observations|中证1000ETF:no_observations|中证2000ETF:no_observations|中证500ETF:no_observations|人工智能ETF:no_observations|信用债ETF:no_observations|军工ETF:no_observations|半导体ETF:no_observations|原油ETF:insufficient_observations(33)|可转债ETF:no_observations|恒生ETF:no_observations|新能源ETF:no_observations|日利ETF:no_observations|日经225ETF:no_observations|有色金属期货ETF:no_observations|标普500ETF:no_observations|欧洲ETF:no_observations|沪深300ETF:insufficient_observations(42)|消费ETF:no_observations|煤炭ETF:no_observations|白银LOF:no_observations|科创50ETF:no_observations|纳指ETF:no_observations|能源化工期货ETF:no_observations|证券ETF:no_observations|豆粕ETF:no_observations|黄金ETF:no_observations
2012-08-03,2,60,创业板ETF|红利ETF,10年国债ETF|5年国债ETF|中证1000ETF|中证2000ETF|中证500ETF|人工智能ETF|信用债ETF|军工ETF|半导体ETF|原油ETF|可转债ETF|恒生ETF|新能源ETF|日利ETF|日经225ETF|有色金属期货ETF|标普500ETF|欧洲ETF|沪深300ETF|消费ETF|煤炭ETF|白银LOF|科创50ETF|纳指ETF|能源化工期货ETF|证券ETF|豆粕ETF|黄金ETF,10年国债ETF:no_observations|5年国债ETF:no_observations|中证1000ETF:no_observations|中证2000ETF:no_observations|中证500ETF:no_observations|人工智能ETF:no_observations|信用债ETF:no_observations|军工ETF:no_observations|半导体ETF:no_observations|原油ETF:insufficient_observations(38)|可转债ETF:no_observations|恒生ETF:no_observations|新能源ETF:no_observations|日利ETF:no_observations|日经225ETF:no_observations|有色金属期货ETF:no_observations|标普500ETF:no_observations|欧洲ETF:no_observations|沪深300ETF:insufficient_observations(47)|消费ETF:no_observations|煤炭ETF:no_observations|白银LOF:no_observations|科创50ETF:no_observations|纳指ETF:no_observations|能源化工期货ETF:no_observations|证券ETF:no_observations|豆粕ETF:no_observations|黄金ETF:no_observations
2012-08-10,2,60,创业板ETF|红利ETF,10年国债ETF|5年国债ETF|中证1000ETF|中证2000ETF|中证500ETF|人工智能ETF|信用债ETF|军工ETF|半导体ETF|原油ETF|可转债ETF|恒生ETF|新能源ETF|日利ETF|日经225ETF|有色金属期货ETF|标普500ETF|欧洲ETF|沪深300ETF|消费ETF|煤炭ETF|白银LOF|科创50ETF|纳指ETF|能源化工期货ETF|证券ETF|豆粕ETF|黄金ETF,10年国债ETF:no_observations|5年国债ETF:no_observations|中证1000ETF:no_observations|中证2000ETF:no_observations|中证500ETF:no_observations|人工智能ETF:no_observations|信用债ETF:no_observations|军工ETF:no_observations|半导体ETF:no_observations|原油ETF:insufficient_observations(43)|可转债ETF:no_observations|恒生ETF:no_observations|新能源ETF:no_observations|日利ETF:no_observations|日经225ETF:no_observations|有色金属期货ETF:no_observations|标普500ETF:no_observations|欧洲ETF:no_observations|沪深300ETF:insufficient_observations(52)|消费ETF:no_observations|煤炭ETF:no_observations|白银LOF:no_observations|科创50ETF:no_observations|纳指ETF:no_observations|能源化工期货ETF:no_observations|证券ETF:no_observations|豆粕ETF:no_observations|黄金ETF:no_observations
2012-08-17,2,60,创业板ETF|红利ETF,10年国债ETF|5年国债ETF|中证1000ETF|中证2000ETF|中证500ETF|人工智能ETF|信用债ETF|军工ETF|半导体ETF|原油ETF|可转债ETF|恒生ETF|新能源ETF|日利ETF|日经225ETF|有色金属期货ETF|标普500ETF|欧洲ETF|沪深300ETF|消费ETF|煤炭ETF|白银LOF|科创50ETF|纳指ETF|能源化工期货ETF|证券ETF|豆粕ETF|黄金ETF,10年国债ETF:no_observations|5年国债ETF:no_observations|中证1000ETF:no_observations|中证2000ETF:no_observations|中证500ETF:no_observations|人工智能ETF:no_observations|信用债ETF:no_observations|军工ETF:no_observations|半导体ETF:no_observations|原油ETF:insufficient_observations(48)|可转债ETF:no_observations|恒生ETF:no_observations|新能源ETF:no_observations|日利ETF:no_observations|日经225ETF:no_observations|有色金属期货ETF:no_observations|标普500ETF:no_observations|欧洲ETF:no_observations|沪深300ETF:insufficient_observations(57)|消费ETF:no_observations|煤炭ETF:no_observations|白银LOF:no_observations|科创50ETF:no_observations|纳指ETF:no_observations|能源化工期货ETF:no_observations|证券ETF:no_observations|豆粕ETF:no_observations|黄金ETF:no_observations
2012-08-24,3,60,沪深300ETF|创业板ETF|红利ETF,10年国债ETF|5年国债ETF|中证1000ETF|中证2000ETF|中证500ETF|人工智能ETF|信用债ETF|军工ETF|半导体ETF|原油ETF|可转债ETF|恒生ETF|新能源ETF|日利ETF|日经225ETF|有色金属期货ETF|标普500ETF|欧洲ETF|消费ETF|煤炭ETF|白银LOF|科创50ETF|纳指ETF|能源化工期货ETF|证券ETF|豆粕ETF|黄金ETF,10年国债ETF:no_observations|5年国债ETF:no_observations|中证1000ETF:no_observations|中证2000ETF:no_observations|中证500ETF:no_observations|人工智能ETF:no_observations|信用债ETF:no_observations|军工ETF:no_observations|半导体ETF:no_observations|原油ETF:insufficient_observations(53)|可转债ETF:no_observations|恒生ETF:no_observations|新能源ETF:no_observations|日利ETF:no_observations|日经225ETF:no_observations|有色金属期货ETF:no_observations|标普500ETF:no_observations|欧洲ETF:no_observations|消费ETF:no_observations|煤炭ETF:no_observations|白银LOF:no_observations|科创50ETF:no_observations|纳指ETF:no_observations|能源化工期货ETF:no_observations|证券ETF:no_observations|豆粕ETF:no_observations|黄金ETF:no_observations
2012-08-31,3,60,沪深300ETF|创业板ETF|红利ETF,10年国债ETF|5年国债ETF|中证1000ETF|中证2000ETF|中证500ETF|人工智能ETF|信用债ETF|军工ETF|半导体ETF|原油ETF|可转债ETF|恒生ETF|新能源ETF|日利ETF|日经225ETF|有色金属期货ETF|标普500ETF|欧洲ETF|消费ETF|煤炭ETF|白银LOF|科创50ETF|纳指ETF|能源化工期货ETF|证券ETF|豆粕ETF|黄金ETF,10年国债ETF:no_observations|5年国债ETF:no_observations|中证1000ETF:no_observations|中证2000ETF:no_observations|中证500ETF:no_observations|人工智能ETF:no_observations|信用债ETF:no_observations|军工ETF:no_observations|半导体ETF:no_observations|原油ETF:insufficient_observations(58)|可转债ETF:no_observations|恒生ETF:no_observations|新能源ETF:no_observations|日利ETF:no_observations|日经225ETF:no_observations|有色金属期货ETF:no_observations|标普500ETF:no_observations|欧洲ETF:no_observations|消费ETF:no_observations|煤炭ETF:no_observations|白银LOF:no_observations|科创50ETF:no_observations|纳指ETF:no_observations|能源化工期货ETF:no_observations|证券ETF:no_observations|豆粕ETF:no_observations|黄金ETF:no_observations
2012-09-07,4,60,沪深300ETF|创业板ETF|红利ETF|原油ETF,10年国债ETF|5年国债ETF|中证1000ETF|中证2000ETF|中证500ETF|人工智能ETF|信用债ETF|军工ETF|半导体ETF|可转债ETF|恒生ETF|新能源ETF|日利ETF|日经225ETF|有色金属期货ETF|标普500ETF|欧洲ETF|消费ETF|煤炭ETF|白银LOF|科创50ETF|纳指ETF|能源化工期货ETF|证券ETF|豆粕ETF|黄金ETF,10年国债ETF:no_observations|5年国债ETF:no_observations|中证1000ETF:no_observations|中证2000ETF:no_observations|中证500ETF:no_observations|人工智能ETF:no_observations|信用债ETF:no_observations|军工ETF:no_observations|半导体ETF:no_observations|可转债ETF:no_observations|恒生ETF:no_observations|新能源ETF:no_observations|日利ETF:no_observations|日经225ETF:no_observations|有色金属期货ETF:no_observations|标普500ETF:no_observations|欧洲ETF:no_observations|消费ETF:no_observations|煤炭ETF:no_observations|白银LOF:no_observations|科创50ETF:no_observations|纳指ETF:no_observations|能源化工期货ETF:no_observations|证券ETF:no_observations|豆粕ETF:no_observations|黄金ETF:no_observations
2012-09-14,4,60,沪深300ETF|创业板ETF|红利ETF|原油ETF,10年国债ETF|5年国债ETF|中证1000ETF|中证2000ETF|中证500ETF|人工智能ETF|信用债ETF|军工ETF|半导体ETF|可转债ETF|恒生ETF|新能源ETF|日利ETF|日经225ETF|有色金属期货ETF|标普500ETF|欧洲ETF|消费ETF|煤炭ETF|白银LOF|科创50ETF|纳指ETF|能源化工期货ETF|证券ETF|豆粕ETF|黄金ETF,10年国债ETF:no_observations|5年国债ETF:no_observations|中证1000ETF:no_observations|中证2000ETF:no_observations|中证500ETF:no_observations|人工智能ETF:no_observations|信用债ETF:no_observations|军工ETF:no_observations|半导体ETF:no_observations|可转债ETF:no_observations|恒生ETF:no_observations|新能源ETF:no_observations|日利ETF:no_observations|日经225ETF:no_observations|有色金属期货ETF:no_observations|标普500ETF:no_observations|欧洲ETF:no_observations|消费ETF:no_observations|煤炭ETF:no_observations|白银LOF:no_observations|科创50ETF:no_observations|纳指ETF:no_observations|能源化工期货ETF:no_observations|证券ETF:no_observations|豆粕ETF:no_observations|黄金ETF:no_observations
2012-09-21,4,60,沪深300ETF|创业板ETF|红利ETF|原油ETF,10年国债ETF|5年国债ETF|中证1000ETF|中证2000ETF|中证500ETF|人工智能ETF|信用债ETF|军工ETF|半导体ETF|可转债ETF|恒生ETF|新能源ETF|日利ETF|日经225ETF|有色金属期货ETF|标普500ETF|欧洲ETF|消费ETF|煤炭ETF|白银LOF|科创50ETF|纳指ETF|能源化工期货ETF|证券ETF|豆粕ETF|黄金ETF,10年国债ETF:no_observations|5年国债ETF:no_observations|中证1000ETF:no_observations|中证2000ETF:no_observations|中证500ETF:no_observations|人工智能ETF:no_observations|信用债ETF:no_observations|军工ETF:no_observations|半导体ETF:no_observations|可转债ETF:no_observations|恒生ETF:no_observations|新能源ETF:no_observations|日利ETF:no_observations|日经225ETF:no_observations|有色金属期货ETF:no_observations|标普500ETF:no_observations|欧洲ETF:no_observations|消费ETF:no_observations|煤炭ETF:no_observations|白银LOF:no_observations|科创50ETF:no_observations|纳指ETF:no_observations|能源化工期货ETF:no_observations|证券ETF:no_observations|豆粕ETF:no_observations|黄金ETF:no_observations
2012-09-28,4,60,沪深300ETF|创业板ETF|红利ETF|原油ETF,10年国债ETF|5年国债ETF|中证1000ETF|中证2000ETF|中证500ETF|人工智能ETF|信用债ETF|军工ETF|半导体ETF|可转债ETF|恒生ETF|新能源ETF|日利ETF|日经225ETF|有色金属期货ETF|标普500ETF|欧洲ETF|消费ETF|煤炭ETF|白银LOF|科创50ETF|纳指ETF|能源化工期货ETF|证券ETF|豆粕ETF|黄金ETF,10年国债ETF:no_observations|5年国债ETF:no_observations|中证1000ETF:no_observations|中证2000ETF:no_observations|中证500ETF:no_observations|人工智能ETF:no_observations|信用债ETF:no_observations|军工ETF:no_observations|半导体ETF:no_observations|可转债ETF:no_observations|恒生ETF:no_observations|新能源ETF:no_observations|日利ETF:no_observations|日经225ETF:no_observations|有色金属期货ETF:no_observations|标普500ETF:no_observations|欧洲ETF:no_observations|消费ETF:no_observations|煤炭ETF:no_observations|白银LOF:no_observations|科创50ETF:no_observations|纳指ETF:no_observations|能源化工期货ETF:no_observations|证券ETF:no_observations|豆粕ETF:no_observations|黄金ETF:no_observations
2012-10-12,4,60,沪深300ETF|创业板ETF|红利ETF|原油ETF,10年国债ETF|5年国债ETF|中证1000ETF|中证2000ETF|中证500ETF|人工智能ETF|信用债ETF|军工ETF|半导体ETF|可转债ETF|恒生ETF|新能源ETF|日利ETF|日经225ETF|有色金属期货ETF|标普500ETF|欧洲ETF|消费ETF|煤炭ETF|白银LOF|科创50ETF|纳指ETF|能源化工期货ETF|证券ETF|豆粕ETF|黄金ETF,10年国债ETF:no_observations|5年国债ETF:no_observations|中证1000ETF:no_observations|中证2000ETF:no_observations|中证500ETF:no_observations|人工智能ETF:no_observations|信用债ETF:no_observations|军工ETF:no_observations|半导体ETF:no_observations|可转债ETF:no_observations|恒生ETF:no_observations|新能源ETF:no_observations|日利ETF:no_observations|日经225ETF:no_observations|有色金属期货ETF:no_observations|标普500ETF:no_observations|欧洲ETF:no_observations|消费ETF:no_observations|煤炭ETF:no_observations|白银LOF:no_observations|科创50ETF:no_observations|纳指ETF:no_observations|能源化工期货ETF:no_observations|证券ETF:no_observations|豆粕ETF:no_observations|黄金ETF:no_observations
2012-10-19,4,60,沪深300ETF|创业板ETF|红利ETF|原油ETF,10年国债ETF|5年国债ETF|中证1000ETF|中证2000ETF|中证500ETF|人工智能ETF|信用债ETF|军工ETF|半导体ETF|可转债ETF|恒生ETF|新能源ETF|日利ETF|日经225ETF|有色金属期货ETF|标普500ETF|欧洲ETF|消费ETF|煤炭ETF|白银LOF|科创50ETF|纳指ETF|能源化工期货ETF|证券ETF|豆粕ETF|黄金ETF,10年国债ETF:no_observations|5年国债ETF:no_observations|中证1000ETF:no_observations|中证2000ETF:no_observations|中证500ETF:no_observations|人工智能ETF:no_observations|信用债ETF:no_observations|军工ETF:no_observations|半导体ETF:no_observations|可转债ETF:no_observations|恒生ETF:no_observations|新能源ETF:no_observations|日利ETF:no_observations|日经225ETF:no_observations|有色金属期货ETF:no_observations|标普500ETF:no_observations|欧洲ETF:no_observations|消费ETF:no_observations|煤炭ETF:no_observations|白银LOF:no_observations|科创50ETF:no_observations|纳指ETF:no_observations|能源化工期货ETF:no_observations|证券ETF:no_observations|豆粕ETF:no_observations|黄金ETF:no_observations
2012-10-26,4,60,沪深300ETF|创业板ETF|红利ETF|原油ETF,10年国债ETF|5年国债ETF|中证1000ETF|中证2000ETF|中证500ETF|人工智能ETF|信用债ETF|军工ETF|半导体ETF|可转债ETF|恒生ETF|新能源ETF|日利ETF|日经225ETF|有色金属期货ETF|标普500ETF|欧洲ETF|消费ETF|煤炭ETF|白银LOF|科创50ETF|纳指ETF|能源化工期货ETF|证券ETF|豆粕ETF|黄金ETF,10年国债ETF:no_observations|5年国债ETF:no_observations|中证1000ETF:no_observations|中证2000ETF:no_observations|中证500ETF:no_observations|人工智能ETF:no_observations|信用债ETF:no_observations|军工ETF:no_observations|半导体ETF:no_observations|可转债ETF:no_observations|恒生ETF:insufficient_observations(3)|新能源ETF:no_observations|日利ETF:no_observations|日经225ETF:no_observations|有色金属期货ETF:no_observations|标普500ETF:no_observations|欧洲ETF:no_observations|消费ETF:no_observations|煤炭ETF:no_observations|白银LOF:no_observations|科创50ETF:no_observations|纳指ETF:no_observations|能源化工期货ETF:no_observations|证券ETF:no_observations|豆粕ETF:no_observations|黄金ETF:no_observations
2012-11-02,4,60,沪深300ETF|创业板ETF|红利ETF|原油ETF,10年国债ETF|5年国债ETF|中证1000ETF|中证2000ETF|中证500ETF|人工智能ETF|信用债ETF|军工ETF|半导体ETF|可转债ETF|恒生ETF|新能源ETF|日利ETF|日经225ETF|有色金属期货ETF|标普500ETF|欧洲ETF|消费ETF|煤炭ETF|白银LOF|科创50ETF|纳指ETF|能源化工期货ETF|证券ETF|豆粕ETF|黄金ETF,10年国债ETF:no_observations|5年国债ETF:no_observations|中证1000ETF:no_observations|中证2000ETF:no_observations|中证500ETF:no_observations|人工智能ETF:no_observations|信用债ETF:no_observations|军工ETF:no_observations|半导体ETF:no_observations|可转债ETF:no_observations|恒生ETF:insufficient_observations(8)|新能源ETF:no_observations|日利ETF:no_observations|日经225ETF:no_observations|有色金属期货ETF:no_observations|标普500ETF:no_observations|欧洲ETF:no_observations|消费ETF:no_observations|煤炭ETF:no_observations|白银LOF:no_observations|科创50ETF:no_observations|纳指ETF:no_observations|能源化工期货ETF:no_observations|证券ETF:no_observations|豆粕ETF:no_observations|黄金ETF:no_observations
2012-11-09,4,60,沪深300ETF|创业板ETF|红利ETF|原油ETF,10年国债ETF|5年国债ETF|中证1000ETF|中证2000ETF|中证500ETF|人工智能ETF|信用债ETF|军工ETF|半导体ETF|可转债ETF|恒生ETF|新能源ETF|日利ETF|日经225ETF|有色金属期货ETF|标普500ETF|欧洲ETF|消费ETF|煤炭ETF|白银LOF|科创50ETF|纳指ETF|能源化工期货ETF|证券ETF|豆粕ETF|黄金ETF,10年国债ETF:no_observations|5年国债ETF:no_observations|中证1000ETF:no_observations|中证2000ETF:no_observations|中证500ETF:no_observations|人工智能ETF:no_observations|信用债ETF:no_observations|军工ETF:no_observations|半导体ETF:no_observations|可转债ETF:no_observations|恒生ETF:insufficient_observations(13)|新能源ETF:no_observations|日利ETF:no_observations|日经225ETF:no_observations|有色金属期货ETF:no_observations|标普500ETF:no_observations|欧洲ETF:no_observations|消费ETF:no_observations|煤炭ETF:no_observations|白银LOF:no_observations|科创50ETF:no_observations|纳指ETF:no_observations|能源化工期货ETF:no_observations|证券ETF:no_observations|豆粕ETF:no_observations|黄金ETF:no_observations
2012-11-16,4,60,沪深300ETF|创业板ETF|红利ETF|原油ETF,10年国债ETF|5年国债ETF|中证1000ETF|中证2000ETF|中证500ETF|人工智能ETF|信用债ETF|军工ETF|半导体ETF|可转债ETF|恒生ETF|新能源ETF|日利ETF|日经225ETF|有色金属期货ETF|标普500ETF|欧洲ETF|消费ETF|煤炭ETF|白银LOF|科创50ETF|纳指ETF|能源化工期货ETF|证券ETF|豆粕ETF|黄金ETF,10年国债ETF:no_observations|5年国债ETF:no_observations|中证1000ETF:no_observations|中证2000ETF:no_observations|中证500ETF:no_observations|人工智能ETF:no_observations|信用债ETF:no_observations|军工ETF:no_observations|半导体ETF:no_observations|可转债ETF:no_observations|恒生ETF:insufficient_observations(18)|新能源ETF:no_observations|日利ETF:no_observations|日经225ETF:no_observations|有色金属期货ETF:no_observations|标普500ETF:no_observations|欧洲ETF:no_observations|消费ETF:no_observations|煤炭ETF:no_observations|白银LOF:no_observations|科创50ETF:no_observations|纳指ETF:no_observations|能源化工期货ETF:no_observations|证券ETF:no_observations|豆粕ETF:no_observations|黄金ETF:no_observations
2012-11-23,4,60,沪深300ETF|创业板ETF|红利ETF|原油ETF,10年国债ETF|5年国债ETF|中证1000ETF|中证2000ETF|中证500ETF|人工智能ETF|信用债ETF|军工ETF|半导体ETF|可转债ETF|恒生ETF|新能源ETF|日利ETF|日经225ETF|有色金属期货ETF|标普500ETF|欧洲ETF|消费ETF|煤炭ETF|白银LOF|科创50ETF|纳指ETF|能源化工期货ETF|证券ETF|豆粕ETF|黄金ETF,10年国债ETF:no_observations|5年国债ETF:no_observations|中证1000ETF:no_observations|中证2000ETF:no_observations|中证500ETF:no_observations|人工智能ETF:no_observations|信用债ETF:no_observations|军工ETF:no_observations|半导体ETF:no_observations|可转债ETF:no_observations|恒生ETF:insufficient_observations(23)|新能源ETF:no_observations|日利ETF:no_observations|日经225ETF:no_observations|有色金属期货ETF:no_observations|标普500ETF:no_observations|欧洲ETF:no_observations|消费ETF:no_observations|煤炭ETF:no_observations|白银LOF:no_observations|科创50ETF:no_observations|纳指ETF:no_observations|能源化工期货ETF:no_observations|证券ETF:no_observations|豆粕ETF:no_observations|黄金ETF:no_observations
2012-11-30,4,60,沪深300ETF|创业板ETF|红利ETF|原油ETF,10年国债ETF|5年国债ETF|中证1000ETF|中证2000ETF|中证500ETF|人工智能ETF|信用债ETF|军工ETF|半导体ETF|可转债ETF|恒生ETF|新能源ETF|日利ETF|日经225ETF|有色金属期货ETF|标普500ETF|欧洲ETF|消费ETF|煤炭ETF|白银LOF|科创50ETF|纳指ETF|能源化工期货ETF|证券ETF|豆粕ETF|黄金ETF,10年国债ETF:no_observations|5年国债ETF:no_observations|中证1000ETF:no_observations|中证2000ETF:no_observations|中证500ETF:no_observations|人工智能ETF:no_observations|信用债ETF:no_observations|军工ETF:no_observations|半导体ETF:no_observations|可转债ETF:no_observations|恒生ETF:insufficient_observations(28)|新能源ETF:no_observations|日利ETF:no_observations|日经225ETF:no_observations|有色金属期货ETF:no_observations|标普500ETF:no_observations|欧洲ETF:no_observations|消费ETF:no_observations|煤炭ETF:no_observations|白银LOF:no_observations|科创50ETF:no_observations|纳指ETF:no_observations|能源化工期货ETF:no_observations|证券ETF:no_observations|豆粕ETF:no_observations|黄金ETF:no_observations
2012-12-07,4,60,沪深300ETF|创业板ETF|红利ETF|原油ETF,10年国债ETF|5年国债ETF|中证1000ETF|中证2000ETF|中证500ETF|人工智能ETF|信用债ETF|军工ETF|半导体ETF|可转债ETF|恒生ETF|新能源ETF|日利ETF|日经225ETF|有色金属期货ETF|标普500ETF|欧洲ETF|消费ETF|煤炭ETF|白银LOF|科创50ETF|纳指ETF|能源化工期货ETF|证券ETF|豆粕ETF|黄金ETF,10年国债ETF:no_observations|5年国债ETF:no_observations|中证1000ETF:no_observations|中证2000ETF:no_observations|中证500ETF:no_observations|人工智能ETF:no_observations|信用债ETF:no_observations|军工ETF:no_observations|半导体ETF:no_observations|可转债ETF:no_observations|恒生ETF:insufficient_observations(33)|新能源ETF:no_observations|日利ETF:no_observations|日经225ETF:no_observations|有色金属期货ETF:no_observations|标普500ETF:no_observations|欧洲ETF:no_observations|消费ETF:no_observations|煤炭ETF:no_observations|白银LOF:no_observations|科创50ETF:no_observations|纳指ETF:no_observations|能源化工期货ETF:no_observations|证券ETF:no_observations|豆粕ETF:no_observations|黄金ETF:no_observations
2012-12-14,4,60,沪深300ETF|创业板ETF|红利ETF|原油ETF,10年国债ETF|5年国债ETF|中证1000ETF|中证2000ETF|中证500ETF|人工智能ETF|信用债ETF|军工ETF|半导体ETF|可转债ETF|恒生ETF|新能源ETF|日利ETF|日经225ETF|有色金属期货ETF|标普500ETF|欧洲ETF|消费ETF|煤炭ETF|白银LOF|科创50ETF|纳指ETF|能源化工期货ETF|证券ETF|豆粕ETF|黄金ETF,10年国债ETF:no_observations|5年国债ETF:no_observations|中证1000ETF:no_observations|中证2000ETF:no_observations|中证500ETF:no_observations|人工智能ETF:no_observations|信用债ETF:no_observations|军工ETF:no_observations|半导体ETF:no_observations|可转债ETF:no_observations|恒生ETF:insufficient_observations(38)|新能源ETF:no_observations|日利ETF:no_observations|日经225ETF:no_observations|有色金属期货ETF:no_observations|标普500ETF:no_observations|欧洲ETF:no_observations|消费ETF:no_observations|煤炭ETF:no_observations|白银LOF:no_observations|科创50ETF:no_observations|纳指ETF:no_observations|能源化工期货ETF:no_observations|证券ETF:no_observations|豆粕ETF:no_observations|黄金ETF:no_observations
2012-12-21,4,60,沪深300ETF|创业板ETF|红利ETF|原油ETF,10年国债ETF|5年国债ETF|中证1000ETF|中证2000ETF|中证500ETF|人工智能ETF|信用债ETF|军工ETF|半导体ETF|可转债ETF|恒生ETF|新能源ETF|日利ETF|日经225ETF|有色金属期货ETF|标普500ETF|欧洲ETF|消费ETF|煤炭ETF|白银LOF|科创50ETF|纳指ETF|能源化工期货ETF|证券ETF|豆粕ETF|黄金ETF,10年国债ETF:no_observations|5年国债ETF:no_observations|中证1000ETF:no_observations|中证2000ETF:no_observations|中证500ETF:no_observations|人工智能ETF:no_observations|信用债ETF:no_observations|军工ETF:no_observations|半导体ETF:no_observations|可转债ETF:no_observations|恒生ETF:insufficient_observations(43)|新能源ETF:no_observations|日利ETF:no_observations|日经225ETF:no_observations|有色金属期货ETF:no_observations|标普500ETF:no_observations|欧洲ETF:no_observations|消费ETF:no_observations|煤炭ETF:no_observations|白银LOF:no_observations|科创50ETF:no_observations|纳指ETF:no_observations|能源化工期货ETF:no_observations|证券ETF:no_observations|豆粕ETF:no_observations|黄金ETF:no_observations
2012-12-28,4,60,沪深300ETF|创业板ETF|红利ETF|原油ETF,10年国债ETF|5年国债ETF|中证1000ETF|中证2000ETF|中证500ETF|人工智能ETF|信用债ETF|军工ETF|半导体ETF|可转债ETF|恒生ETF|新能源ETF|日利ETF|日经225ETF|有色金属期货ETF|标普500ETF|欧洲ETF|消费ETF|煤炭ETF|白银LOF|科创50ETF|纳指ETF|能源化工期货ETF|证券ETF|豆粕ETF|黄金ETF,10年国债ETF:no_observations|5年国债ETF:no_observations|中证1000ETF:no_observations|中证2000ETF:no_observations|中证500ETF:no_observations|人工智能ETF:no_observations|信用债ETF:no_observations|军工ETF:no_observations|半导体ETF:no_observations|可转债ETF:no_observations|恒生ETF:insufficient_observations(48)|新能源ETF:no_observations|日利ETF:no_observations|日经225ETF:no_observations|有色金属期货ETF:no_observations|标普500ETF:no_observations|欧洲ETF:no_observations|消费ETF:no_observations|煤炭ETF:no_observations|白银LOF:no_observations|科创50ETF:no_observations|纳指ETF:no_observations|能源化工期货ETF:no_observations|证券ETF:no_observations|豆粕ETF:no_observations|黄金ETF:no_observations
2013-01-04,4,60,沪深300ETF|创业板ETF|红利ETF|原油ETF,10年国债ETF|5年国债ETF|中证1000ETF|中证2000ETF|中证500ETF|人工智能ETF|信用债ETF|军工ETF|半导体ETF|可转债ETF|恒生ETF|新能源ETF|日利ETF|日经225ETF|有色金属期货ETF|标普500ETF|欧洲ETF|消费ETF|煤炭ETF|白银LOF|科创50ETF|纳指ETF|能源化工期货ETF|证券ETF|豆粕ETF|黄金ETF,10年国债ETF:no_observations|5年国债ETF:no_observations|中证1000ETF:no_observations|中证2000ETF:no_observations|中证500ETF:no_observations|人工智能ETF:no_observations|信用债ETF:no_observations|军工ETF:no_observations|半导体ETF:no_observations|可转债ETF:no_observations|恒生ETF:insufficient_observations(50)|新能源ETF:no_observations|日利ETF:no_observations|日经225ETF:no_observations|有色金属期货ETF:no_observations|标普500ETF:no_observations|欧洲ETF:no_observations|消费ETF:no_observations|煤炭ETF:no_observations|白银LOF:no_observations|科创50ETF:no_observations|纳指ETF:no_observations|能源化工期货ETF:no_observations|证券ETF:no_observations|豆粕ETF:no_observations|黄金ETF:no_observations
2013-01-11,4,60,沪深300ETF|创业板ETF|红利ETF|原油ETF,10年国债ETF|5年国债ETF|中证1000ETF|中证2000ETF|中证500ETF|人工智能ETF|信用债ETF|军工ETF|半导体ETF|可转债ETF|恒生ETF|新能源ETF|日利ETF|日经225ETF|有色金属期货ETF|标普500ETF|欧洲ETF|消费ETF|煤炭ETF|白银LOF|科创50ETF|纳指ETF|能源化工期货ETF|证券ETF|豆粕ETF|黄金ETF,10年国债ETF:no_observations|5年国债ETF:no_observations|中证1000ETF:no_observations|中证2000ETF:no_observations|中证500ETF:no_observations|人工智能ETF:no_observations|信用债ETF:no_observations|军工ETF:no_observations|半导体ETF:no_observations|可转债ETF:no_observations|恒生ETF:insufficient_observations(55)|新能源ETF:no_observations|日利ETF:no_observations|日经225ETF:no_observations|有色金属期货ETF:no_observations|标普500ETF:no_observations|欧洲ETF:no_observations|消费ETF:no_observations|煤炭ETF:no_observations|白银LOF:no_observations|科创50ETF:no_observations|纳指ETF:no_observations|能源化工期货ETF:no_observations|证券ETF:no_observations|豆粕ETF:no_observations|黄金ETF:no_observations
2013-01-18,5,60,沪深300ETF|创业板ETF|红利ETF|恒生ETF|原油ETF,10年国债ETF|5年国债ETF|中证1000ETF|中证2000ETF|中证500ETF|人工智能ETF|信用债ETF|军工ETF|半导体ETF|可转债ETF|新能源ETF|日利ETF|日经225ETF|有色金属期货ETF|标普500ETF|欧洲ETF|消费ETF|煤炭ETF|白银LOF|科创50ETF|纳指ETF|能源化工期货ETF|证券ETF|豆粕ETF|黄金ETF,10年国债ETF:no_observations|5年国债ETF:no_observations|中证1000ETF:no_observations|中证2000ETF:no_observations|中证500ETF:no_observations|人工智能ETF:no_observations|信用债ETF:no_observations|军工ETF:no_observations|半导体ETF:no_observations|可转债ETF:no_observations|新能源ETF:no_observations|日利ETF:no_observations|日经225ETF:no_observations|有色金属期货ETF:no_observations|标普500ETF:no_observations|欧洲ETF:no_observations|消费ETF:no_observations|煤炭ETF:no_observations|白银LOF:no_observations|科创50ETF:no_observations|纳指ETF:no_observations|能源化工期货ETF:no_observations|证券ETF:no_observations|豆粕ETF:no_observations|黄金ETF:no_observations
2013-01-25,5,60,沪深300ETF|创业板ETF|红利ETF|恒生ETF|原油ETF,10年国债ETF|5年国债ETF|中证1000ETF|中证2000ETF|中证500ETF|人工智能ETF|信用债ETF|军工ETF|半导体ETF|可转债ETF|新能源ETF|日利ETF|日经225ETF|有色金属期货ETF|标普500ETF|欧洲ETF|消费ETF|煤炭ETF|白银LOF|科创50ETF|纳指ETF|能源化工期货ETF|证券ETF|豆粕ETF|黄金ETF,10年国债ETF:no_observations|5年国债ETF:no_observations|中证1000ETF:no_observations|中证2000ETF:no_observations|中证500ETF:no_observations|人工智能ETF:no_observations|信用债ETF:no_observations|军工ETF:no_observations|半导体ETF:no_observations|可转债ETF:no_observations|新能源ETF:no_observations|日利ETF:no_observations|日经225ETF:no_observations|有色金属期货ETF:no_observations|标普500ETF:no_observations|欧洲ETF:no_observations|消费ETF:no_observations|煤炭ETF:no_observations|白银LOF:no_observations|科创50ETF:no_observations|纳指ETF:no_observations|能源化工期货ETF:no_observations|证券ETF:no_observations|豆粕ETF:no_observations|黄金ETF:no_observations
2013-02-01,5,60,沪深300ETF|创业板ETF|红利ETF|恒生ETF|原油ETF,10年国债ETF|5年国债ETF|中证1000ETF|中证2000ETF|中证500ETF|人工智能ETF|信用债ETF|军工ETF|半导体ETF|可转债ETF|新能源ETF|日利ETF|日经225ETF|有色金属期货ETF|标普500ETF|欧洲ETF|消费ETF|煤炭ETF|白银LOF|科创50ETF|纳指ETF|能源化工期货ETF|证券ETF|豆粕ETF|黄金ETF,10年国债ETF:no_observations|5年国债ETF:no_observations|中证1000ETF:no_observations|中证2000ETF:no_observations|中证500ETF:no_observations|人工智能ETF:no_observations|信用债ETF:no_observations|军工ETF:no_observations|半导体ETF:no_observations|可转债ETF:no_observations|新能源ETF:no_observations|日利ETF:no_observations|日经225ETF:no_observations|有色金属期货ETF:no_observations|标普500ETF:no_observations|欧洲ETF:no_observations|消费ETF:no_observations|煤炭ETF:no_observations|白银LOF:no_observations|科创50ETF:no_observations|纳指ETF:no_observations|能源化工期货ETF:no_observations|证券ETF:no_observations|豆粕ETF:no_observations|黄金ETF:no_observations
2013-02-08,5,60,沪深300ETF|创业板ETF|红利ETF|恒生ETF|原油ETF,10年国债ETF|5年国债ETF|中证1000ETF|中证2000ETF|中证500ETF|人工智能ETF|信用债ETF|军工ETF|半导体ETF|可转债ETF|新能源ETF|日利ETF|日经225ETF|有色金属期货ETF|标普500ETF|欧洲ETF|消费ETF|煤炭ETF|白银LOF|科创50ETF|纳指ETF|能源化工期货ETF|证券ETF|豆粕ETF|黄金ETF,10年国债ETF:no_observations|5年国债ETF:no_observations|中证1000ETF:no_observations|中证2000ETF:no_observations|中证500ETF:no_observations|人工智能ETF:no_observations|信用债ETF:no_observations|军工ETF:no_observations|半导体ETF:no_observations|可转债ETF:no_observations|新能源ETF:no_observations|日利ETF:no_observations|日经225ETF:no_observations|有色金属期货ETF:no_observations|标普500ETF:no_observations|欧洲ETF:no_observations|消费ETF:no_observations|煤炭ETF:no_observations|白银LOF:no_observations|科创50ETF:no_observations|纳指ETF:no_observations|能源化工期货ETF:no_observations|证券ETF:no_observations|豆粕ETF:no_observations|黄金ETF:no_observations
2013-02-22,5,60,沪深300ETF|创业板ETF|红利ETF|恒生ETF|原油ETF,10年国债ETF|5年国债ETF|中证1000ETF|中证2000ETF|中证500ETF|人工智能ETF|信用债ETF|军工ETF|半导体ETF|可转债ETF|新能源ETF|日利ETF|日经225ETF|有色金属期货ETF|标普500ETF|欧洲ETF|消费ETF|煤炭ETF|白银LOF|科创50ETF|纳指ETF|能源化工期货ETF|证券ETF|豆粕ETF|黄金ETF,10年国债ETF:no_observations|5年国债ETF:no_observations|中证1000ETF:no_observations|中证2000ETF:no_observations|中证500ETF:no_observations|人工智能ETF:no_observations|信用债ETF:no_observations|军工ETF:no_observations|半导体ETF:no_observations|可转债ETF:no_observations|新能源ETF:no_observations|日利ETF:no_observations|日经225ETF:no_observations|有色金属期货ETF:no_observations|标普500ETF:no_observations|欧洲ETF:no_observations|消费ETF:no_observations|煤炭ETF:no_observations|白银LOF:no_observations|科创50ETF:no_observations|纳指ETF:no_observations|能源化工期货ETF:no_observations|证券ETF:no_observations|豆粕ETF:no_observations|黄金ETF:no_observations
2013-03-01,5,60,沪深300ETF|创业板ETF|红利ETF|恒生ETF|原油ETF,10年国债ETF|5年国债ETF|中证1000ETF|中证2000ETF|中证500ETF|人工智能ETF|信用债ETF|军工ETF|半导体ETF|可转债ETF|新能源ETF|日利ETF|日经225ETF|有色金属期货ETF|标普500ETF|欧洲ETF|消费ETF|煤炭ETF|白银LOF|科创50ETF|纳指ETF|能源化工期货ETF|证券ETF|豆粕ETF|黄金ETF,10年国债ETF:no_observations|5年国债ETF:no_observations|中证1000ETF:no_observations|中证2000ETF:no_observations|中证500ETF:no_observations|人工智能ETF:no_observations|信用债ETF:no_observations|军工ETF:no_observations|半导体ETF:no_observations|可转债ETF:no_observations|新能源ETF:no_observations|日利ETF:no_observations|日经225ETF:no_observations|有色金属期货ETF:no_observations|标普500ETF:no_observations|欧洲ETF:no_observations|消费ETF:no_observations|煤炭ETF:no_observations|白银LOF:no_observations|科创50ETF:no_observations|纳指ETF:no_observations|能源化工期货ETF:no_observations|证券ETF:no_observations|豆粕ETF:no_observations|黄金ETF:no_observations
2013-03-08,5,60,沪深300ETF|创业板ETF|红利ETF|恒生ETF|原油ETF,10年国债ETF|5年国债ETF|中证1000ETF|中证2000ETF|中证500ETF|人工智能ETF|信用债ETF|军工ETF|半导体ETF|可转债ETF|新能源ETF|日利ETF|日经225ETF|有色金属期货ETF|标普500ETF|欧洲ETF|消费ETF|煤炭ETF|白银LOF|科创50ETF|纳指ETF|能源化工期货ETF|证券ETF|豆粕ETF|黄金ETF,10年国债ETF:no_observations|5年国债ETF:no_observations|中证1000ETF:no_observations|中证2000ETF:no_observations|中证500ETF:no_observations|人工智能ETF:no_observations|信用债ETF:no_observations|军工ETF:no_observations|半导体ETF:no_observations|可转债ETF:no_observations|新能源ETF:no_observations|日利ETF:no_observations|日经225ETF:no_observations|有色金属期货ETF:no_observations|标普500ETF:no_observations|欧洲ETF:no_observations|消费ETF:no_observations|煤炭ETF:no_observations|白银LOF:no_observations|科创50ETF:no_observations|纳指ETF:no_observations|能源化工期货ETF:no_observations|证券ETF:no_observations|豆粕ETF:no_observations|黄金ETF:no_observations
2013-03-15,5,60,沪深300ETF|创业板ETF|红利ETF|恒生ETF|原油ETF,10年国债ETF|5年国债ETF|中证1000ETF|中证2000ETF|中证500ETF|人工智能ETF|信用债ETF|军工ETF|半导体ETF|可转债ETF|新能源ETF|日利ETF|日经225ETF|有色金属期货ETF|标普500ETF|欧洲ETF|消费ETF|煤炭ETF|白银LOF|科创50ETF|纳指ETF|能源化工期货ETF|证券ETF|豆粕ETF|黄金ETF,10年国债ETF:no_observations|5年国债ETF:no_observations|中证1000ETF:no_observations|中证2000ETF:no_observations|中证500ETF:no_observations|人工智能ETF:no_observations|信用债ETF:no_observations|军工ETF:no_observations|半导体ETF:no_observations|可转债ETF:no_observations|新能源ETF:no_observations|日利ETF:no_observations|日经225ETF:no_observations|有色金属期货ETF:no_observations|标普500ETF:no_observations|欧洲ETF:no_observations|消费ETF:no_observations|煤炭ETF:no_observations|白银LOF:no_observations|科创50ETF:no_observations|纳指ETF:no_observations|能源化工期货ETF:no_observations|证券ETF:no_observations|豆粕ETF:no_observations|黄金ETF:no_observations
2013-03-22,5,60,沪深300ETF|创业板ETF|红利ETF|恒生ETF|原油ETF,10年国债ETF|5年国债ETF|中证1000ETF|中证2000ETF|中证500ETF|人工智能ETF|信用债ETF|军工ETF|半导体ETF|可转债ETF|新能源ETF|日利ETF|日经225ETF|有色金属期货ETF|标普500ETF|欧洲ETF|消费ETF|煤炭ETF|白银LOF|科创50ETF|纳指ETF|能源化工期货ETF|证券ETF|豆粕ETF|黄金ETF,10年国债ETF:no_observations|5年国债ETF:no_observations|中证1000ETF:no_observations|中证2000ETF:no_observations|中证500ETF:insufficient_observations(4)|人工智能ETF:no_observations|信用债ETF:no_observations|军工ETF:no_observations|半导体ETF:no_observations|可转债ETF:no_observations|新能源ETF:no_observations|日利ETF:no_observations|日经225ETF:no_observations|有色金属期货ETF:no_observations|标普500ETF:no_observations|欧洲ETF:no_observations|消费ETF:no_observations|煤炭ETF:no_observations|白银LOF:no_observations|科创50ETF:no_observations|纳指ETF:no_observations|能源化工期货ETF:no_observations|证券ETF:no_observations|豆粕ETF:no_observations|黄金ETF:no_observations
2013-03-29,5,60,沪深300ETF|创业板ETF|红利ETF|恒生ETF|原油ETF,10年国债ETF|5年国债ETF|中证1000ETF|中证2000ETF|中证500ETF|人工智能ETF|信用债ETF|军工ETF|半导体ETF|可转债ETF|新能源ETF|日利ETF|日经225ETF|有色金属期货ETF|标普500ETF|欧洲ETF|消费ETF|煤炭ETF|白银LOF|科创50ETF|纳指ETF|能源化工期货ETF|证券ETF|豆粕ETF|黄金ETF,10年国债ETF:no_observations|5年国债ETF:insufficient_observations(3)|中证1000ETF:no_observations|中证2000ETF:no_observations|中证500ETF:insufficient_observations(9)|人工智能ETF:no_observations|信用债ETF:no_observations|军工ETF:no_observations|半导体ETF:no_observations|可转债ETF:no_observations|新能源ETF:no_observations|日利ETF:no_observations|日经225ETF:no_observations|有色金属期货ETF:no_observations|标普500ETF:no_observations|欧洲ETF:no_observations|消费ETF:no_observations|煤炭ETF:no_observations|白银LOF:no_observations|科创50ETF:no_observations|纳指ETF:no_observations|能源化工期货ETF:no_observations|证券ETF:no_observations|豆粕ETF:no_observations|黄金ETF:no_observations
2013-04-03,5,60,沪深300ETF|创业板ETF|红利ETF|恒生ETF|原油ETF,10年国债ETF|5年国债ETF|中证1000ETF|中证2000ETF|中证500ETF|人工智能ETF|信用债ETF|军工ETF|半导体ETF|可转债ETF|新能源ETF|日利ETF|日经225ETF|有色金属期货ETF|标普500ETF|欧洲ETF|消费ETF|煤炭ETF|白银LOF|科创50ETF|纳指ETF|能源化工期货ETF|证券ETF|豆粕ETF|黄金ETF,10年国债ETF:no_observations|5年国债ETF:insufficient_observations(6)|中证1000ETF:no_observations|中证2000ETF:no_observations|中证500ETF:insufficient_observations(12)|人工智能ETF:no_observations|信用债ETF:no_observations|军工ETF:no_observations|半导体ETF:no_observations|可转债ETF:no_observations|新能源ETF:no_observations|日利ETF:no_observations|日经225ETF:no_observations|有色金属期货ETF:no_observations|标普500ETF:no_observations|欧洲ETF:no_observations|消费ETF:no_observations|煤炭ETF:no_observations|白银LOF:no_observations|科创50ETF:no_observations|纳指ETF:no_observations|能源化工期货ETF:no_observations|证券ETF:no_observations|豆粕ETF:no_observations|黄金ETF:no_observations
2013-04-12,5,60,沪深300ETF|创业板ETF|红利ETF|恒生ETF|原油ETF,10年国债ETF|5年国债ETF|中证1000ETF|中证2000ETF|中证500ETF|人工智能ETF|信用债ETF|军工ETF|半导体ETF|可转债ETF|新能源ETF|日利ETF|日经225ETF|有色金属期货ETF|标普500ETF|欧洲ETF|消费ETF|煤炭ETF|白银LOF|科创50ETF|纳指ETF|能源化工期货ETF|证券ETF|豆粕ETF|黄金ETF,10年国债ETF:no_observations|5年国债ETF:insufficient_observations(11)|中证1000ETF:no_observations|中证2000ETF:no_observations|中证500ETF:insufficient_observations(17)|人工智能ETF:no_observations|信用债ETF:no_observations|军工ETF:no_observations|半导体ETF:no_observations|可转债ETF:no_observations|新能源ETF:no_observations|日利ETF:no_observations|日经225ETF:no_observations|有色金属期货ETF:no_observations|标普500ETF:no_observations|欧洲ETF:no_observations|消费ETF:no_observations|煤炭ETF:no_observations|白银LOF:no_observations|科创50ETF:no_observations|纳指ETF:no_observations|能源化工期货ETF:no_observations|证券ETF:no_observations|豆粕ETF:no_observations|黄金ETF:no_observations
2013-04-19,5,60,沪深300ETF|创业板ETF|红利ETF|恒生ETF|原油ETF,10年国债ETF|5年国债ETF|中证1000ETF|中证2000ETF|中证500ETF|人工智能ETF|信用债ETF|军工ETF|半导体ETF|可转债ETF|新能源ETF|日利ETF|日经225ETF|有色金属期货ETF|标普500ETF|欧洲ETF|消费ETF|煤炭ETF|白银LOF|科创50ETF|纳指ETF|能源化工期货ETF|证券ETF|豆粕ETF|黄金ETF,10年国债ETF:no_observations|5年国债ETF:insufficient_observations(16)|中证1000ETF:no_observations|中证2000ETF:no_observations|中证500ETF:insufficient_observations(22)|人工智能ETF:no_observations|信用债ETF:no_observations|军工ETF:no_observations|半导体ETF:no_observations|可转债ETF:no_observations|新能源ETF:no_observations|日利ETF:no_observations|日经225ETF:no_observations|有色金属期货ETF:no_observations|标普500ETF:no_observations|欧洲ETF:no_observations|消费ETF:no_observations|煤炭ETF:no_observations|白银LOF:no_observations|科创50ETF:no_observations|纳指ETF:no_observations|能源化工期货ETF:no_observations|证券ETF:no_observations|豆粕ETF:no_observations|黄金ETF:no_observations
2013-04-26,5,60,沪深300ETF|创业板ETF|红利ETF|恒生ETF|原油ETF,10年国债ETF|5年国债ETF|中证1000ETF|中证2000ETF|中证500ETF|人工智能ETF|信用债ETF|军工ETF|半导体ETF|可转债ETF|新能源ETF|日利ETF|日经225ETF|有色金属期货ETF|标普500ETF|欧洲ETF|消费ETF|煤炭ETF|白银LOF|科创50ETF|纳指ETF|能源化工期货ETF|证券ETF|豆粕ETF|黄金ETF,10年国债ETF:no_observations|5年国债ETF:insufficient_observations(21)|中证1000ETF:no_observations|中证2000ETF:no_observations|中证500ETF:insufficient_observations(27)|人工智能ETF:no_observations|信用债ETF:no_observations|军工ETF:no_observations|半导体ETF:no_observations|可转债ETF:no_observations|新能源ETF:no_observations|日利ETF:insufficient_observations(5)|日经225ETF:no_observations|有色金属期货ETF:no_observations|标普500ETF:no_observations|欧洲ETF:no_observations|消费ETF:no_observations|煤炭ETF:no_observations|白银LOF:no_observations|科创50ETF:no_observations|纳指ETF:no_observations|能源化工期货ETF:no_observations|证券ETF:no_observations|豆粕ETF:no_observations|黄金ETF:no_observations
2013-05-03,5,60,沪深300ETF|创业板ETF|红利ETF|恒生ETF|原油ETF,10年国债ETF|5年国债ETF|中证1000ETF|中证2000ETF|中证500ETF|人工智能ETF|信用债ETF|军工ETF|半导体ETF|可转债ETF|新能源ETF|日利ETF|日经225ETF|有色金属期货ETF|标普500ETF|欧洲ETF|消费ETF|煤炭ETF|白银LOF|科创50ETF|纳指ETF|能源化工期货ETF|证券ETF|豆粕ETF|黄金ETF,10年国债ETF:no_observations|5年国债ETF:insufficient_observations(23)|中证1000ETF:no_observations|中证2000ETF:no_observations|中证500ETF:insufficient_observations(29)|人工智能ETF:no_observations|信用债ETF:no_observations|军工ETF:no_observations|半导体ETF:no_observations|可转债ETF:no_observations|新能源ETF:no_observations|日利ETF:insufficient_observations(7)|日经225ETF:no_observations|有色金属期货ETF:no_observations|标普500ETF:no_observations|欧洲ETF:no_observations|消费ETF:no_observations|煤炭ETF:no_observations|白银LOF:no_observations|科创50ETF:no_observations|纳指ETF:no_observations|能源化工期货ETF:no_observations|证券ETF:no_observations|豆粕ETF:no_observations|黄金ETF:no_observations
2013-05-10,5,60,沪深300ETF|创业板ETF|红利ETF|恒生ETF|原油ETF,10年国债ETF|5年国债ETF|中证1000ETF|中证2000ETF|中证500ETF|人工智能ETF|信用债ETF|军工ETF|半导体ETF|可转债ETF|新能源ETF|日利ETF|日经225ETF|有色金属期货ETF|标普500ETF|欧洲ETF|消费ETF|煤炭ETF|白银LOF|科创50ETF|纳指ETF|能源化工期货ETF|证券ETF|豆粕ETF|黄金ETF,10年国债ETF:no_observations|5年国债ETF:insufficient_observations(28)|中证1000ETF:no_observations|中证2000ETF:no_observations|中证500ETF:insufficient_observations(34)|人工智能ETF:no_observations|信用债ETF:no_observations|军工ETF:no_observations|半导体ETF:no_observations|可转债ETF:no_observations|新能源ETF:no_observations|日利ETF:insufficient_observations(12)|日经225ETF:no_observations|有色金属期货ETF:no_observations|标普500ETF:no_observations|欧洲ETF:no_observations|消费ETF:no_observations|煤炭ETF:no_observations|白银LOF:no_observations|科创50ETF:no_observations|纳指ETF:no_observations|能源化工期货ETF:no_observations|证券ETF:no_observations|豆粕ETF:no_observations|黄金ETF:no_observations
2013-05-17,5,60,沪深300ETF|创业板ETF|红利ETF|恒生ETF|原油ETF,10年国债ETF|5年国债ETF|中证1000ETF|中证2000ETF|中证500ETF|人工智能ETF|信用债ETF|军工ETF|半导体ETF|可转债ETF|新能源ETF|日利ETF|日经225ETF|有色金属期货ETF|标普500ETF|欧洲ETF|消费ETF|煤炭ETF|白银LOF|科创50ETF|纳指ETF|能源化工期货ETF|证券ETF|豆粕ETF|黄金ETF,10年国债ETF:no_observations|5年国债ETF:insufficient_observations(33)|中证1000ETF:no_observations|中证2000ETF:no_observations|中证500ETF:insufficient_observations(39)|人工智能ETF:no_observations|信用债ETF:no_observations|军工ETF:no_observations|半导体ETF:no_observations|可转债ETF:no_observations|新能源ETF:no_observations|日利ETF:insufficient_observations(17)|日经225ETF:no_observations|有色金属期货ETF:no_observations|标普500ETF:no_observations|欧洲ETF:no_observations|消费ETF:no_observations|煤炭ETF:no_observations|白银LOF:no_observations|科创50ETF:no_observations|纳指ETF:no_observations|能源化工期货ETF:no_observations|证券ETF:no_observations|豆粕ETF:no_observations|黄金ETF:no_observations
2013-05-24,5,60,沪深300ETF|创业板ETF|红利ETF|恒生ETF|原油ETF,10年国债ETF|5年国债ETF|中证1000ETF|中证2000ETF|中证500ETF|人工智能ETF|信用债ETF|军工ETF|半导体ETF|可转债ETF|新能源ETF|日利ETF|日经225ETF|有色金属期货ETF|标普500ETF|欧洲ETF|消费ETF|煤炭ETF|白银LOF|科创50ETF|纳指ETF|能源化工期货ETF|证券ETF|豆粕ETF|黄金ETF,10年国债ETF:no_observations|5年国债ETF:insufficient_observations(38)|中证1000ETF:no_observations|中证2000ETF:no_observations|中证500ETF:insufficient_observations(44)|人工智能ETF:no_observations|信用债ETF:no_observations|军工ETF:no_observations|半导体ETF:no_observations|可转债ETF:no_observations|新能源ETF:no_observations|日利ETF:insufficient_observations(22)|日经225ETF:no_observations|有色金属期货ETF:no_observations|标普500ETF:no_observations|欧洲ETF:no_observations|消费ETF:no_observations|煤炭ETF:no_observations|白银LOF:no_observations|科创50ETF:no_observations|纳指ETF:no_observations|能源化工期货ETF:no_observations|证券ETF:no_observations|豆粕ETF:no_observations|黄金ETF:no_observations
2013-05-31,5,60,沪深300ETF|创业板ETF|红利ETF|恒生ETF|原油ETF,10年国债ETF|5年国债ETF|中证1000ETF|中证2000ETF|中证500ETF|人工智能ETF|信用债ETF|军工ETF|半导体ETF|可转债ETF|新能源ETF|日利ETF|日经225ETF|有色金属期货ETF|标普500ETF|欧洲ETF|消费ETF|煤炭ETF|白银LOF|科创50ETF|纳指ETF|能源化工期货ETF|证券ETF|豆粕ETF|黄金ETF,10年国债ETF:no_observations|5年国债ETF:insufficient_observations(43)|中证1000ETF:no_observations|中证2000ETF:no_observations|中证500ETF:insufficient_observations(49)|人工智能ETF:no_observations|信用债ETF:no_observations|军工ETF:no_observations|半导体ETF:no_observations|可转债ETF:no_observations|新能源ETF:no_observations|日利ETF:insufficient_observations(27)|日经225ETF:no_observations|有色金属期货ETF:no_observations|标普500ETF:no_observations|欧洲ETF:no_observations|消费ETF:no_observations|煤炭ETF:no_observations|白银LOF:no_observations|科创50ETF:no_observations|纳指ETF:no_observations|能源化工期货ETF:no_observations|证券ETF:no_observations|豆粕ETF:no_observations|黄金ETF:no_observations
2013-06-07,5,60,沪深300ETF|创业板ETF|红利ETF|恒生ETF|原油ETF,10年国债ETF|5年国债ETF|中证1000ETF|中证2000ETF|中证500ETF|人工智能ETF|信用债ETF|军工ETF|半导体ETF|可转债ETF|新能源ETF|日利ETF|日经225ETF|有色金属期货ETF|标普500ETF|欧洲ETF|消费ETF|煤炭ETF|白银LOF|科创50ETF|纳指ETF|能源化工期货ETF|证券ETF|豆粕ETF|黄金ETF,10年国债ETF:no_observations|5年国债ETF:insufficient_observations(48)|中证1000ETF:no_observations|中证2000ETF:no_observations|中证500ETF:insufficient_observations(54)|人工智能ETF:no_observations|信用债ETF:no_observations|军工ETF:no_observations|半导体ETF:no_observations|可转债ETF:no_observations|新能源ETF:no_observations|日利ETF:insufficient_observations(32)|日经225ETF:no_observations|有色金属期货ETF:no_observations|标普500ETF:no_observations|欧洲ETF:no_observations|消费ETF:no_observations|煤炭ETF:no_observations|白银LOF:no_observations|科创50ETF:no_observations|纳指ETF:no_observations|能源化工期货ETF:no_observations|证券ETF:no_observations|豆粕ETF:no_observations|黄金ETF:no_observations
2013-06-14,5,60,沪深300ETF|创业板ETF|红利ETF|恒生ETF|原油ETF,10年国债ETF|5年国债ETF|中证1000ETF|中证2000ETF|中证500ETF|人工智能ETF|信用债ETF|军工ETF|半导体ETF|可转债ETF|新能源ETF|日利ETF|日经225ETF|有色金属期货ETF|标普500ETF|欧洲ETF|消费ETF|煤炭ETF|白银LOF|科创50ETF|纳指ETF|能源化工期货ETF|证券ETF|豆粕ETF|黄金ETF,10年国债ETF:no_observations|5年国债ETF:insufficient_observations(50)|中证1000ETF:no_observations|中证2000ETF:no_observations|中证500ETF:insufficient_observations(56)|人工智能ETF:no_observations|信用债ETF:no_observations|军工ETF:no_observations|半导体ETF:no_observations|可转债ETF:no_observations|新能源ETF:no_observations|日利ETF:insufficient_observations(34)|日经225ETF:no_observations|有色金属期货ETF:no_observations|标普500ETF:no_observations|欧洲ETF:no_observations|消费ETF:no_observations|煤炭ETF:no_observations|白银LOF:no_observations|科创50ETF:no_observations|纳指ETF:no_observations|能源化工期货ETF:no_observations|证券ETF:no_observations|豆粕ETF:no_observations|黄金ETF:no_observations
2013-06-21,6,60,沪深300ETF|中证500ETF|创业板ETF|红利ETF|恒生ETF|原油ETF,10年国债ETF|5年国债ETF|中证1000ETF|中证2000ETF|人工智能ETF|信用债ETF|军工ETF|半导体ETF|可转债ETF|新能源ETF|日利ETF|日经225ETF|有色金属期货ETF|标普500ETF|欧洲ETF|消费ETF|煤炭ETF|白银LOF|科创50ETF|纳指ETF|能源化工期货ETF|证券ETF|豆粕ETF|黄金ETF,10年国债ETF:no_observations|5年国债ETF:insufficient_observations(55)|中证1000ETF:no_observations|中证2000ETF:no_observations|人工智能ETF:no_observations|信用债ETF:no_observations|军工ETF:no_observations|半导体ETF:no_observations|可转债ETF:no_observations|新能源ETF:no_observations|日利ETF:insufficient_observations(39)|日经225ETF:no_observations|有色金属期货ETF:no_observations|标普500ETF:no_observations|欧洲ETF:no_observations|消费ETF:no_observations|煤炭ETF:no_observations|白银LOF:no_observations|科创50ETF:no_observations|纳指ETF:no_observations|能源化工期货ETF:no_observations|证券ETF:no_observations|豆粕ETF:no_observations|黄金ETF:no_observations
2013-06-28,7,60,5年国债ETF|沪深300ETF|中证500ETF|创业板ETF|红利ETF|恒生ETF|原油ETF,10年国债ETF|中证1000ETF|中证2000ETF|人工智能ETF|信用债ETF|军工ETF|半导体ETF|可转债ETF|新能源ETF|日利ETF|日经225ETF|有色金属期货ETF|标普500ETF|欧洲ETF|消费ETF|煤炭ETF|白银LOF|科创50ETF|纳指ETF|能源化工期货ETF|证券ETF|豆粕ETF|黄金ETF,10年国债ETF:no_observations|中证1000ETF:no_observations|中证2000ETF:no_observations|人工智能ETF:no_observations|信用债ETF:no_observations|军工ETF:no_observations|半导体ETF:no_observations|可转债ETF:no_observations|新能源ETF:no_observations|日利ETF:insufficient_observations(44)|日经225ETF:no_observations|有色金属期货ETF:no_observations|标普500ETF:no_observations|欧洲ETF:no_observations|消费ETF:no_observations|煤炭ETF:no_observations|白银LOF:no_observations|科创50ETF:no_observations|纳指ETF:no_observations|能源化工期货ETF:no_observations|证券ETF:no_observations|豆粕ETF:no_observations|黄金ETF:no_observations
2013-07-05,7,60,5年国债ETF|沪深300ETF|中证500ETF|创业板ETF|红利ETF|恒生ETF|原油ETF,10年国债ETF|中证1000ETF|中证2000ETF|人工智能ETF|信用债ETF|军工ETF|半导体ETF|可转债ETF|新能源ETF|日利ETF|日经225ETF|有色金属期货ETF|标普500ETF|欧洲ETF|消费ETF|煤炭ETF|白银LOF|科创50ETF|纳指ETF|能源化工期货ETF|证券ETF|豆粕ETF|黄金ETF,10年国债ETF:no_observations|中证1000ETF:no_observations|中证2000ETF:no_observations|人工智能ETF:no_observations|信用债ETF:no_observations|军工ETF:no_observations|半导体ETF:no_observations|可转债ETF:no_observations|新能源ETF:no_observations|日利ETF:insufficient_observations(49)|日经225ETF:no_observations|有色金属期货ETF:no_observations|标普500ETF:no_observations|欧洲ETF:no_observations|消费ETF:no_observations|煤炭ETF:no_observations|白银LOF:no_observations|科创50ETF:no_observations|纳指ETF:no_observations|能源化工期货ETF:no_observations|证券ETF:no_observations|豆粕ETF:no_observations|黄金ETF:no_observations
2013-07-12,7,60,5年国债ETF|沪深300ETF|中证500ETF|创业板ETF|红利ETF|恒生ETF|原油ETF,10年国债ETF|中证1000ETF|中证2000ETF|人工智能ETF|信用债ETF|军工ETF|半导体ETF|可转债ETF|新能源ETF|日利ETF|日经225ETF|有色金属期货ETF|标普500ETF|欧洲ETF|消费ETF|煤炭ETF|白银LOF|科创50ETF|纳指ETF|能源化工期货ETF|证券ETF|豆粕ETF|黄金ETF,10年国债ETF:no_observations|中证1000ETF:no_observations|中证2000ETF:no_observations|人工智能ETF:no_observations|信用债ETF:no_observations|军工ETF:no_observations|半导体ETF:no_observations|可转债ETF:no_observations|新能源ETF:no_observations|日利ETF:insufficient_observations(54)|日经225ETF:no_observations|有色金属期货ETF:no_observations|标普500ETF:no_observations|欧洲ETF:no_observations|消费ETF:no_observations|煤炭ETF:no_observations|白银LOF:no_observations|科创50ETF:no_observations|纳指ETF:no_observations|能源化工期货ETF:no_observations|证券ETF:no_observations|豆粕ETF:no_observations|黄金ETF:no_observations
2013-07-19,7,60,5年国债ETF|沪深300ETF|中证500ETF|创业板ETF|红利ETF|恒生ETF|原油ETF,10年国债ETF|中证1000ETF|中证2000ETF|人工智能ETF|信用债ETF|军工ETF|半导体ETF|可转债ETF|新能源ETF|日利ETF|日经225ETF|有色金属期货ETF|标普500ETF|欧洲ETF|消费ETF|煤炭ETF|白银LOF|科创50ETF|纳指ETF|能源化工期货ETF|证券ETF|豆粕ETF|黄金ETF,10年国债ETF:no_observations|中证1000ETF:no_observations|中证2000ETF:no_observations|人工智能ETF:no_observations|信用债ETF:no_observations|军工ETF:no_observations|半导体ETF:no_observations|可转债ETF:no_observations|新能源ETF:no_observations|日利ETF:insufficient_observations(59)|日经225ETF:no_observations|有色金属期货ETF:no_observations|标普500ETF:no_observations|欧洲ETF:no_observations|消费ETF:no_observations|煤炭ETF:no_observations|白银LOF:no_observations|科创50ETF:no_observations|纳指ETF:no_observations|能源化工期货ETF:no_observations|证券ETF:no_observations|豆粕ETF:no_observations|黄金ETF:no_observations
2013-07-26,8,60,5年国债ETF|日利ETF|沪深300ETF|中证500ETF|创业板ETF|红利ETF|恒生ETF|原油ETF,10年国债ETF|中证1000ETF|中证2000ETF|人工智能ETF|信用债ETF|军工ETF|半导体ETF|可转债ETF|新能源ETF|日经225ETF|有色金属期货ETF|标普500ETF|欧洲ETF|消费ETF|煤炭ETF|白银LOF|科创50ETF|纳指ETF|能源化工期货ETF|证券ETF|豆粕ETF|黄金ETF,10年国债ETF:no_observations|中证1000ETF:no_observations|中证2000ETF:no_observations|人工智能ETF:no_observations|信用债ETF:no_observations|军工ETF:no_observations|半导体ETF:no_observations|可转债ETF:no_observations|新能源ETF:no_observations|日经225ETF:no_observations|有色金属期货ETF:no_observations|标普500ETF:no_observations|欧洲ETF:no_observations|消费ETF:no_observations|煤炭ETF:no_observations|白银LOF:no_observations|科创50ETF:no_observations|纳指ETF:no_observations|能源化工期货ETF:no_observations|证券ETF:no_observations|豆粕ETF:no_observations|黄金ETF:no_observations
2013-08-02,8,60,5年国债ETF|日利ETF|沪深300ETF|中证500ETF|创业板ETF|红利ETF|恒生ETF|原油ETF,10年国债ETF|中证1000ETF|中证2000ETF|人工智能ETF|信用债ETF|军工ETF|半导体ETF|可转债ETF|新能源ETF|日经225ETF|有色金属期货ETF|标普500ETF|欧洲ETF|消费ETF|煤炭ETF|白银LOF|科创50ETF|纳指ETF|能源化工期货ETF|证券ETF|豆粕ETF|黄金ETF,10年国债ETF:no_observations|中证1000ETF:no_observations|中证2000ETF:no_observations|人工智能ETF:no_observations|信用债ETF:no_observations|军工ETF:no_observations|半导体ETF:no_observations|可转债ETF:no_observations|新能源ETF:no_observations|日经225ETF:no_observations|有色金属期货ETF:no_observations|标普500ETF:no_observations|欧洲ETF:no_observations|消费ETF:no_observations|煤炭ETF:no_observations|白银LOF:no_observations|科创50ETF:no_observations|纳指ETF:no_observations|能源化工期货ETF:no_observations|证券ETF:no_observations|豆粕ETF:no_observations|黄金ETF:insufficient_observations(3)
2013-08-09,8,60,5年国债ETF|日利ETF|沪深300ETF|中证500ETF|创业板ETF|红利ETF|恒生ETF|原油ETF,10年国债ETF|中证1000ETF|中证2000ETF|人工智能ETF|信用债ETF|军工ETF|半导体ETF|可转债ETF|新能源ETF|日经225ETF|有色金属期货ETF|标普500ETF|欧洲ETF|消费ETF|煤炭ETF|白银LOF|科创50ETF|纳指ETF|能源化工期货ETF|证券ETF|豆粕ETF|黄金ETF,10年国债ETF:no_observations|中证1000ETF:no_observations|中证2000ETF:no_observations|人工智能ETF:no_observations|信用债ETF:no_observations|军工ETF:no_observations|半导体ETF:no_observations|可转债ETF:no_observations|新能源ETF:no_observations|日经225ETF:no_observations|有色金属期货ETF:no_observations|标普500ETF:no_observations|欧洲ETF:no_observations|消费ETF:no_observations|煤炭ETF:no_observations|白银LOF:no_observations|科创50ETF:no_observations|纳指ETF:no_observations|能源化工期货ETF:no_observations|证券ETF:no_observations|豆粕ETF:no_observations|黄金ETF:insufficient_observations(8)
2013-08-16,8,60,5年国债ETF|日利ETF|沪深300ETF|中证500ETF|创业板ETF|红利ETF|恒生ETF|原油ETF,10年国债ETF|中证1000ETF|中证2000ETF|人工智能ETF|信用债ETF|军工ETF|半导体ETF|可转债ETF|新能源ETF|日经225ETF|有色金属期货ETF|标普500ETF|欧洲ETF|消费ETF|煤炭ETF|白银LOF|科创50ETF|纳指ETF|能源化工期货ETF|证券ETF|豆粕ETF|黄金ETF,10年国债ETF:no_observations|中证1000ETF:no_observations|中证2000ETF:no_observations|人工智能ETF:no_observations|信用债ETF:no_observations|军工ETF:no_observations|半导体ETF:no_observations|可转债ETF:no_observations|新能源ETF:no_observations|日经225ETF:no_observations|有色金属期货ETF:no_observations|标普500ETF:no_observations|欧洲ETF:no_observations|消费ETF:no_observations|煤炭ETF:no_observations|白银LOF:no_observations|科创50ETF:no_observations|纳指ETF:no_observations|能源化工期货ETF:no_observations|证券ETF:no_observations|豆粕ETF:no_observations|黄金ETF:insufficient_observations(13)
2013-08-23,8,60,5年国债ETF|日利ETF|沪深300ETF|中证500ETF|创业板ETF|红利ETF|恒生ETF|原油ETF,10年国债ETF|中证1000ETF|中证2000ETF|人工智能ETF|信用债ETF|军工ETF|半导体ETF|可转债ETF|新能源ETF|日经225ETF|有色金属期货ETF|标普500ETF|欧洲ETF|消费ETF|煤炭ETF|白银LOF|科创50ETF|纳指ETF|能源化工期货ETF|证券ETF|豆粕ETF|黄金ETF,10年国债ETF:no_observations|中证1000ETF:no_observations|中证2000ETF:no_observations|人工智能ETF:no_observations|信用债ETF:no_observations|军工ETF:no_observations|半导体ETF:no_observations|可转债ETF:no_observations|新能源ETF:no_observations|日经225ETF:no_observations|有色金属期货ETF:no_observations|标普500ETF:no_observations|欧洲ETF:no_observations|消费ETF:no_observations|煤炭ETF:no_observations|白银LOF:no_observations|科创50ETF:no_observations|纳指ETF:no_observations|能源化工期货ETF:no_observations|证券ETF:no_observations|豆粕ETF:no_observations|黄金ETF:insufficient_observations(18)
2013-08-30,8,60,5年国债ETF|日利ETF|沪深300ETF|中证500ETF|创业板ETF|红利ETF|恒生ETF|原油ETF,10年国债ETF|中证1000ETF|中证2000ETF|人工智能ETF|信用债ETF|军工ETF|半导体ETF|可转债ETF|新能源ETF|日经225ETF|有色金属期货ETF|标普500ETF|欧洲ETF|消费ETF|煤炭ETF|白银LOF|科创50ETF|纳指ETF|能源化工期货ETF|证券ETF|豆粕ETF|黄金ETF,10年国债ETF:no_observations|中证1000ETF:no_observations|中证2000ETF:no_observations|人工智能ETF:no_observations|信用债ETF:no_observations|军工ETF:no_observations|半导体ETF:no_observations|可转债ETF:no_observations|新能源ETF:no_observations|日经225ETF:no_observations|有色金属期货ETF:no_observations|标普500ETF:no_observations|欧洲ETF:no_observations|消费ETF:no_observations|煤炭ETF:no_observations|白银LOF:no_observations|科创50ETF:no_observations|纳指ETF:no_observations|能源化工期货ETF:no_observations|证券ETF:no_observations|豆粕ETF:no_observations|黄金ETF:insufficient_observations(23)
2013-09-06,8,60,5年国债ETF|日利ETF|沪深300ETF|中证500ETF|创业板ETF|红利ETF|恒生ETF|原油ETF,10年国债ETF|中证1000ETF|中证2000ETF|人工智能ETF|信用债ETF|军工ETF|半导体ETF|可转债ETF|新能源ETF|日经225ETF|有色金属期货ETF|标普500ETF|欧洲ETF|消费ETF|煤炭ETF|白银LOF|科创50ETF|纳指ETF|能源化工期货ETF|证券ETF|豆粕ETF|黄金ETF,10年国债ETF:no_observations|中证1000ETF:no_observations|中证2000ETF:no_observations|人工智能ETF:no_observations|信用债ETF:no_observations|军工ETF:no_observations|半导体ETF:no_observations|可转债ETF:no_observations|新能源ETF:no_observations|日经225ETF:no_observations|有色金属期货ETF:no_observations|标普500ETF:no_observations|欧洲ETF:no_observations|消费ETF:no_observations|煤炭ETF:no_observations|白银LOF:no_observations|科创50ETF:no_observations|纳指ETF:no_observations|能源化工期货ETF:no_observations|证券ETF:no_observations|豆粕ETF:no_observations|黄金ETF:insufficient_observations(28)
2013-09-13,8,60,5年国债ETF|日利ETF|沪深300ETF|中证500ETF|创业板ETF|红利ETF|恒生ETF|原油ETF,10年国债ETF|中证1000ETF|中证2000ETF|人工智能ETF|信用债ETF|军工ETF|半导体ETF|可转债ETF|新能源ETF|日经225ETF|有色金属期货ETF|标普500ETF|欧洲ETF|消费ETF|煤炭ETF|白银LOF|科创50ETF|纳指ETF|能源化工期货ETF|证券ETF|豆粕ETF|黄金ETF,10年国债ETF:no_observations|中证1000ETF:no_observations|中证2000ETF:no_observations|人工智能ETF:no_observations|信用债ETF:no_observations|军工ETF:no_observations|半导体ETF:no_observations|可转债ETF:no_observations|新能源ETF:no_observations|日经225ETF:no_observations|有色金属期货ETF:no_observations|标普500ETF:no_observations|欧洲ETF:no_observations|消费ETF:no_observations|煤炭ETF:no_observations|白银LOF:no_observations|科创50ETF:no_observations|纳指ETF:no_observations|能源化工期货ETF:no_observations|证券ETF:no_observations|豆粕ETF:no_observations|黄金ETF:insufficient_observations(33)
2013-09-18,8,60,5年国债ETF|日利ETF|沪深300ETF|中证500ETF|创业板ETF|红利ETF|恒生ETF|原油ETF,10年国债ETF|中证1000ETF|中证2000ETF|人工智能ETF|信用债ETF|军工ETF|半导体ETF|可转债ETF|新能源ETF|日经225ETF|有色金属期货ETF|标普500ETF|欧洲ETF|消费ETF|煤炭ETF|白银LOF|科创50ETF|纳指ETF|能源化工期货ETF|证券ETF|豆粕ETF|黄金ETF,10年国债ETF:no_observations|中证1000ETF:no_observations|中证2000ETF:no_observations|人工智能ETF:no_observations|信用债ETF:no_observations|军工ETF:no_observations|半导体ETF:no_observations|可转债ETF:no_observations|新能源ETF:no_observations|日经225ETF:no_observations|有色金属期货ETF:no_observations|标普500ETF:no_observations|欧洲ETF:no_observations|消费ETF:zero_variance|煤炭ETF:no_observations|白银LOF:no_observations|科创50ETF:no_observations|纳指ETF:no_observations|能源化工期货ETF:no_observations|证券ETF:no_observations|豆粕ETF:no_observations|黄金ETF:insufficient_observations(36)
2013-09-27,8,60,5年国债ETF|日利ETF|沪深300ETF|中证500ETF|创业板ETF|红利ETF|恒生ETF|原油ETF,10年国债ETF|中证1000ETF|中证2000ETF|人工智能ETF|信用债ETF|军工ETF|半导体ETF|可转债ETF|新能源ETF|日经225ETF|有色金属期货ETF|标普500ETF|欧洲ETF|消费ETF|煤炭ETF|白银LOF|科创50ETF|纳指ETF|能源化工期货ETF|证券ETF|豆粕ETF|黄金ETF,10年国债ETF:no_observations|中证1000ETF:no_observations|中证2000ETF:no_observations|人工智能ETF:no_observations|信用债ETF:no_observations|军工ETF:no_observations|半导体ETF:no_observations|可转债ETF:no_observations|新能源ETF:no_observations|日经225ETF:no_observations|有色金属期货ETF:no_observations|标普500ETF:no_observations|欧洲ETF:no_observations|消费ETF:insufficient_observations(6)|煤炭ETF:no_observations|白银LOF:no_observations|科创50ETF:no_observations|纳指ETF:no_observations|能源化工期货ETF:no_observations|证券ETF:no_observations|豆粕ETF:no_observations|黄金ETF:insufficient_observations(41)
2013-09-30,8,60,5年国债ETF|日利ETF|沪深300ETF|中证500ETF|创业板ETF|红利ETF|恒生ETF|原油ETF,10年国债ETF|中证1000ETF|中证2000ETF|人工智能ETF|信用债ETF|军工ETF|半导体ETF|可转债ETF|新能源ETF|日经225ETF|有色金属期货ETF|标普500ETF|欧洲ETF|消费ETF|煤炭ETF|白银LOF|科创50ETF|纳指ETF|能源化工期货ETF|证券ETF|豆粕ETF|黄金ETF,10年国债ETF:no_observations|中证1000ETF:no_observations|中证2000ETF:no_observations|人工智能ETF:no_observations|信用债ETF:no_observations|军工ETF:no_observations|半导体ETF:no_observations|可转债ETF:no_observations|新能源ETF:no_observations|日经225ETF:no_observations|有色金属期货ETF:no_observations|标普500ETF:no_observations|欧洲ETF:no_observations|消费ETF:insufficient_observations(7)|煤炭ETF:no_observations|白银LOF:no_observations|科创50ETF:no_observations|纳指ETF:no_observations|能源化工期货ETF:no_observations|证券ETF:no_observations|豆粕ETF:no_observations|黄金ETF:insufficient_observations(42)
2013-10-11,8,60,5年国债ETF|日利ETF|沪深300ETF|中证500ETF|创业板ETF|红利ETF|恒生ETF|原油ETF,10年国债ETF|中证1000ETF|中证2000ETF|人工智能ETF|信用债ETF|军工ETF|半导体ETF|可转债ETF|新能源ETF|日经225ETF|有色金属期货ETF|标普500ETF|欧洲ETF|消费ETF|煤炭ETF|白银LOF|科创50ETF|纳指ETF|能源化工期货ETF|证券ETF|豆粕ETF|黄金ETF,10年国债ETF:no_observations|中证1000ETF:no_observations|中证2000ETF:no_observations|人工智能ETF:no_observations|信用债ETF:no_observations|军工ETF:no_observations|半导体ETF:no_observations|可转债ETF:no_observations|新能源ETF:no_observations|日经225ETF:no_observations|有色金属期货ETF:no_observations|标普500ETF:no_observations|欧洲ETF:no_observations|消费ETF:insufficient_observations(11)|煤炭ETF:no_observations|白银LOF:no_observations|科创50ETF:no_observations|纳指ETF:no_observations|能源化工期货ETF:no_observations|证券ETF:no_observations|豆粕ETF:no_observations|黄金ETF:insufficient_observations(46)
2013-10-18,8,60,5年国债ETF|日利ETF|沪深300ETF|中证500ETF|创业板ETF|红利ETF|恒生ETF|原油ETF,10年国债ETF|中证1000ETF|中证2000ETF|人工智能ETF|信用债ETF|军工ETF|半导体ETF|可转债ETF|新能源ETF|日经225ETF|有色金属期货ETF|标普500ETF|欧洲ETF|消费ETF|煤炭ETF|白银LOF|科创50ETF|纳指ETF|能源化工期货ETF|证券ETF|豆粕ETF|黄金ETF,10年国债ETF:no_observations|中证1000ETF:no_observations|中证2000ETF:no_observations|人工智能ETF:no_observations|信用债ETF:no_observations|军工ETF:no_observations|半导体ETF:no_observations|可转债ETF:no_observations|新能源ETF:no_observations|日经225ETF:no_observations|有色金属期货ETF:no_observations|标普500ETF:no_observations|欧洲ETF:no_observations|消费ETF:insufficient_observations(16)|煤炭ETF:no_observations|白银LOF:no_observations|科创50ETF:no_observations|纳指ETF:no_observations|能源化工期货ETF:no_observations|证券ETF:no_observations|豆粕ETF:no_observations|黄金ETF:insufficient_observations(51)
2013-10-25,8,60,5年国债ETF|日利ETF|沪深300ETF|中证500ETF|创业板ETF|红利ETF|恒生ETF|原油ETF,10年国债ETF|中证1000ETF|中证2000ETF|人工智能ETF|信用债ETF|军工ETF|半导体ETF|可转债ETF|新能源ETF|日经225ETF|有色金属期货ETF|标普500ETF|欧洲ETF|消费ETF|煤炭ETF|白银LOF|科创50ETF|纳指ETF|能源化工期货ETF|证券ETF|豆粕ETF|黄金ETF,10年国债ETF:no_observations|中证1000ETF:no_observations|中证2000ETF:no_observations|人工智能ETF:no_observations|信用债ETF:no_observations|军工ETF:no_observations|半导体ETF:no_observations|可转债ETF:no_observations|新能源ETF:no_observations|日经225ETF:no_observations|有色金属期货ETF:no_observations|标普500ETF:no_observations|欧洲ETF:no_observations|消费ETF:insufficient_observations(21)|煤炭ETF:no_observations|白银LOF:no_observations|科创50ETF:no_observations|纳指ETF:no_observations|能源化工期货ETF:no_observations|证券ETF:no_observations|豆粕ETF:no_observations|黄金ETF:insufficient_observations(56)
2013-11-01,9,60,5年国债ETF|日利ETF|沪深300ETF|中证500ETF|创业板ETF|红利ETF|恒生ETF|黄金ETF|原油ETF,10年国债ETF|中证1000ETF|中证2000ETF|人工智能ETF|信用债ETF|军工ETF|半导体ETF|可转债ETF|新能源ETF|日经225ETF|有色金属期货ETF|标普500ETF|欧洲ETF|消费ETF|煤炭ETF|白银LOF|科创50ETF|纳指ETF|能源化工期货ETF|证券ETF|豆粕ETF,10年国债ETF:no_observations|中证1000ETF:no_observations|中证2000ETF:no_observations|人工智能ETF:no_observations|信用债ETF:no_observations|军工ETF:no_observations|半导体ETF:no_observations|可转债ETF:no_observations|新能源ETF:no_observations|日经225ETF:no_observations|有色金属期货ETF:no_observations|标普500ETF:no_observations|欧洲ETF:no_observations|消费ETF:insufficient_observations(26)|煤炭ETF:no_observations|白银LOF:no_observations|科创50ETF:no_observations|纳指ETF:no_observations|能源化工期货ETF:no_observations|证券ETF:no_observations|豆粕ETF:no_observations
2013-11-08,9,60,5年国债ETF|日利ETF|沪深300ETF|中证500ETF|创业板ETF|红利ETF|恒生ETF|黄金ETF|原油ETF,10年国债ETF|中证1000ETF|中证2000ETF|人工智能ETF|信用债ETF|军工ETF|半导体ETF|可转债ETF|新能源ETF|日经225ETF|有色金属期货ETF|标普500ETF|欧洲ETF|消费ETF|煤炭ETF|白银LOF|科创50ETF|纳指ETF|能源化工期货ETF|证券ETF|豆粕ETF,10年国债ETF:no_observations|中证1000ETF:no_observations|中证2000ETF:no_observations|人工智能ETF:no_observations|信用债ETF:no_observations|军工ETF:no_observations|半导体ETF:no_observations|可转债ETF:no_observations|新能源ETF:no_observations|日经225ETF:no_observations|有色金属期货ETF:no_observations|标普500ETF:no_observations|欧洲ETF:no_observations|消费ETF:insufficient_observations(31)|煤炭ETF:no_observations|白银LOF:no_observations|科创50ETF:no_observations|纳指ETF:no_observations|能源化工期货ETF:no_observations|证券ETF:no_observations|豆粕ETF:no_observations
2013-11-15,9,60,5年国债ETF|日利ETF|沪深300ETF|中证500ETF|创业板ETF|红利ETF|恒生ETF|黄金ETF|原油ETF,10年国债ETF|中证1000ETF|中证2000ETF|人工智能ETF|信用债ETF|军工ETF|半导体ETF|可转债ETF|新能源ETF|日经225ETF|有色金属期货ETF|标普500ETF|欧洲ETF|消费ETF|煤炭ETF|白银LOF|科创50ETF|纳指ETF|能源化工期货ETF|证券ETF|豆粕ETF,10年国债ETF:no_observations|中证1000ETF:no_observations|中证2000ETF:no_observations|人工智能ETF:no_observations|信用债ETF:no_observations|军工ETF:no_observations|半导体ETF:no_observations|可转债ETF:no_observations|新能源ETF:no_observations|日经225ETF:no_observations|有色金属期货ETF:no_observations|标普500ETF:no_observations|欧洲ETF:no_observations|消费ETF:insufficient_observations(36)|煤炭ETF:no_observations|白银LOF:no_observations|科创50ETF:no_observations|纳指ETF:no_observations|能源化工期货ETF:no_observations|证券ETF:no_observations|豆粕ETF:no_observations
2013-11-22,9,60,5年国债ETF|日利ETF|沪深300ETF|中证500ETF|创业板ETF|红利ETF|恒生ETF|黄金ETF|原油ETF,10年国债ETF|中证1000ETF|中证2000ETF|人工智能ETF|信用债ETF|军工ETF|半导体ETF|可转债ETF|新能源ETF|日经225ETF|有色金属期货ETF|标普500ETF|欧洲ETF|消费ETF|煤炭ETF|白银LOF|科创50ETF|纳指ETF|能源化工期货ETF|证券ETF|豆粕ETF,10年国债ETF:no_observations|中证1000ETF:no_observations|中证2000ETF:no_observations|人工智能ETF:no_observations|信用债ETF:no_observations|军工ETF:no_observations|半导体ETF:no_observations|可转债ETF:no_observations|新能源ETF:no_observations|日经225ETF:no_observations|有色金属期货ETF:no_observations|标普500ETF:no_observations|欧洲ETF:no_observations|消费ETF:insufficient_observations(41)|煤炭ETF:no_observations|白银LOF:no_observations|科创50ETF:no_observations|纳指ETF:no_observations|能源化工期货ETF:no_observations|证券ETF:no_observations|豆粕ETF:no_observations
2013-11-29,9,60,5年国债ETF|日利ETF|沪深300ETF|中证500ETF|创业板ETF|红利ETF|恒生ETF|黄金ETF|原油ETF,10年国债ETF|中证1000ETF|中证2000ETF|人工智能ETF|信用债ETF|军工ETF|半导体ETF|可转债ETF|新能源ETF|日经225ETF|有色金属期货ETF|标普500ETF|欧洲ETF|消费ETF|煤炭ETF|白银LOF|科创50ETF|纳指ETF|能源化工期货ETF|证券ETF|豆粕ETF,10年国债ETF:no_observations|中证1000ETF:no_observations|中证2000ETF:no_observations|人工智能ETF:no_observations|信用债ETF:no_observations|军工ETF:no_observations|半导体ETF:no_observations|可转债ETF:no_observations|新能源ETF:no_observations|日经225ETF:no_observations|有色金属期货ETF:no_observations|标普500ETF:no_observations|欧洲ETF:no_observations|消费ETF:insufficient_observations(46)|煤炭ETF:no_observations|白银LOF:no_observations|科创50ETF:no_observations|纳指ETF:no_observations|能源化工期货ETF:no_observations|证券ETF:no_observations|豆粕ETF:no_observations
2013-12-06,9,60,5年国债ETF|日利ETF|沪深300ETF|中证500ETF|创业板ETF|红利ETF|恒生ETF|黄金ETF|原油ETF,10年国债ETF|中证1000ETF|中证2000ETF|人工智能ETF|信用债ETF|军工ETF|半导体ETF|可转债ETF|新能源ETF|日经225ETF|有色金属期货ETF|标普500ETF|欧洲ETF|消费ETF|煤炭ETF|白银LOF|科创50ETF|纳指ETF|能源化工期货ETF|证券ETF|豆粕ETF,10年国债ETF:no_observations|中证1000ETF:no_observations|中证2000ETF:no_observations|人工智能ETF:no_observations|信用债ETF:no_observations|军工ETF:no_observations|半导体ETF:no_observations|可转债ETF:no_observations|新能源ETF:no_observations|日经225ETF:no_observations|有色金属期货ETF:no_observations|标普500ETF:no_observations|欧洲ETF:no_observations|消费ETF:insufficient_observations(51)|煤炭ETF:no_observations|白银LOF:no_observations|科创50ETF:no_observations|纳指ETF:no_observations|能源化工期货ETF:no_observations|证券ETF:no_observations|豆粕ETF:no_observations
2013-12-13,9,60,5年国债ETF|日利ETF|沪深300ETF|中证500ETF|创业板ETF|红利ETF|恒生ETF|黄金ETF|原油ETF,10年国债ETF|中证1000ETF|中证2000ETF|人工智能ETF|信用债ETF|军工ETF|半导体ETF|可转债ETF|新能源ETF|日经225ETF|有色金属期货ETF|标普500ETF|欧洲ETF|消费ETF|煤炭ETF|白银LOF|科创50ETF|纳指ETF|能源化工期货ETF|证券ETF|豆粕ETF,10年国债ETF:no_observations|中证1000ETF:no_observations|中证2000ETF:no_observations|人工智能ETF:no_observations|信用债ETF:no_observations|军工ETF:no_observations|半导体ETF:no_observations|可转债ETF:no_observations|新能源ETF:no_observations|日经225ETF:no_observations|有色金属期货ETF:no_observations|标普500ETF:no_observations|欧洲ETF:no_observations|消费ETF:insufficient_observations(56)|煤炭ETF:no_observations|白银LOF:no_observations|科创50ETF:no_observations|纳指ETF:no_observations|能源化工期货ETF:no_observations|证券ETF:no_observations|豆粕ETF:no_observations
2013-12-20,10,60,5年国债ETF|日利ETF|沪深300ETF|中证500ETF|创业板ETF|红利ETF|消费ETF|恒生ETF|黄金ETF|原油ETF,10年国债ETF|中证1000ETF|中证2000ETF|人工智能ETF|信用债ETF|军工ETF|半导体ETF|可转债ETF|新能源ETF|日经225ETF|有色金属期货ETF|标普500ETF|欧洲ETF|煤炭ETF|白银LOF|科创50ETF|纳指ETF|能源化工期货ETF|证券ETF|豆粕ETF,10年国债ETF:no_observations|中证1000ETF:no_observations|中证2000ETF:no_observations|人工智能ETF:no_observations|信用债ETF:no_observations|军工ETF:no_observations|半导体ETF:no_observations|可转债ETF:no_observations|新能源ETF:no_observations|日经225ETF:no_observations|有色金属期货ETF:no_observations|标普500ETF:no_observations|欧洲ETF:no_observations|煤炭ETF:no_observations|白银LOF:no_observations|科创50ETF:no_observations|纳指ETF:no_observations|能源化工期货ETF:no_observations|证券ETF:no_observations|豆粕ETF:no_observations
2013-12-27,10,60,5年国债ETF|日利ETF|沪深300ETF|中证500ETF|创业板ETF|红利ETF|消费ETF|恒生ETF|黄金ETF|原油ETF,10年国债ETF|中证1000ETF|中证2000ETF|人工智能ETF|信用债ETF|军工ETF|半导体ETF|可转债ETF|新能源ETF|日经225ETF|有色金属期货ETF|标普500ETF|欧洲ETF|煤炭ETF|白银LOF|科创50ETF|纳指ETF|能源化工期货ETF|证券ETF|豆粕ETF,10年国债ETF:no_observations|中证1000ETF:no_observations|中证2000ETF:no_observations|人工智能ETF:no_observations|信用债ETF:no_observations|军工ETF:no_observations|半导体ETF:no_observations|可转债ETF:no_observations|新能源ETF:no_observations|日经225ETF:no_observations|有色金属期货ETF:no_observations|标普500ETF:no_observations|欧洲ETF:no_observations|煤炭ETF:no_observations|白银LOF:no_observations|科创50ETF:no_observations|纳指ETF:no_observations|能源化工期货ETF:no_observations|证券ETF:no_observations|豆粕ETF:no_observations
2014-01-03,10,60,5年国债ETF|日利ETF|沪深300ETF|中证500ETF|创业板ETF|红利ETF|消费ETF|恒生ETF|黄金ETF|原油ETF,10年国债ETF|中证1000ETF|中证2000ETF|人工智能ETF|信用债ETF|军工ETF|半导体ETF|可转债ETF|新能源ETF|日经225ETF|有色金属期货ETF|标普500ETF|欧洲ETF|煤炭ETF|白银LOF|科创50ETF|纳指ETF|能源化工期货ETF|证券ETF|豆粕ETF,10年国债ETF:no_observations|中证1000ETF:no_observations|中证2000ETF:no_observations|人工智能ETF:no_observations|信用债ETF:no_observations|军工ETF:no_observations|半导体ETF:no_observations|可转债ETF:no_observations|新能源ETF:no_observations|日经225ETF:no_observations|有色金属期货ETF:no_observations|标普500ETF:no_observations|欧洲ETF:no_observations|煤炭ETF:no_observations|白银LOF:no_observations|科创50ETF:no_observations|纳指ETF:no_observations|能源化工期货ETF:no_observations|证券ETF:no_observations|豆粕ETF:no_observations
2014-01-10,10,60,5年国债ETF|日利ETF|沪深300ETF|中证500ETF|创业板ETF|红利ETF|消费ETF|恒生ETF|黄金ETF|原油ETF,10年国债ETF|中证1000ETF|中证2000ETF|人工智能ETF|信用债ETF|军工ETF|半导体ETF|可转债ETF|新能源ETF|日经225ETF|有色金属期货ETF|标普500ETF|欧洲ETF|煤炭ETF|白银LOF|科创50ETF|纳指ETF|能源化工期货ETF|证券ETF|豆粕ETF,10年国债ETF:no_observations|中证1000ETF:no_observations|中证2000ETF:no_observations|人工智能ETF:no_observations|信用债ETF:no_observations|军工ETF:no_observations|半导体ETF:no_observations|可转债ETF:no_observations|新能源ETF:no_observations|日经225ETF:no_observations|有色金属期货ETF:no_observations|标普500ETF:no_observations|欧洲ETF:no_observations|煤炭ETF:no_observations|白银LOF:no_observations|科创50ETF:no_observations|纳指ETF:no_observations|能源化工期货ETF:no_observations|证券ETF:no_observations|豆粕ETF:no_observations
2014-01-17,10,60,5年国债ETF|日利ETF|沪深300ETF|中证500ETF|创业板ETF|红利ETF|消费ETF|恒生ETF|黄金ETF|原油ETF,10年国债ETF|中证1000ETF|中证2000ETF|人工智能ETF|信用债ETF|军工ETF|半导体ETF|可转债ETF|新能源ETF|日经225ETF|有色金属期货ETF|标普500ETF|欧洲ETF|煤炭ETF|白银LOF|科创50ETF|纳指ETF|能源化工期货ETF|证券ETF|豆粕ETF,10年国债ETF:no_observations|中证1000ETF:no_observations|中证2000ETF:no_observations|人工智能ETF:no_observations|信用债ETF:no_observations|军工ETF:no_observations|半导体ETF:no_observations|可转债ETF:no_observations|新能源ETF:no_observations|日经225ETF:no_observations|有色金属期货ETF:no_observations|标普500ETF:zero_variance|欧洲ETF:no_observations|煤炭ETF:no_observations|白银LOF:no_observations|科创50ETF:no_observations|纳指ETF:no_observations|能源化工期货ETF:no_observations|证券ETF:no_observations|豆粕ETF:no_observations
2014-01-24,10,60,5年国债ETF|日利ETF|沪深300ETF|中证500ETF|创业板ETF|红利ETF|消费ETF|恒生ETF|黄金ETF|原油ETF,10年国债ETF|中证1000ETF|中证2000ETF|人工智能ETF|信用债ETF|军工ETF|半导体ETF|可转债ETF|新能源ETF|日经225ETF|有色金属期货ETF|标普500ETF|欧洲ETF|煤炭ETF|白银LOF|科创50ETF|纳指ETF|能源化工期货ETF|证券ETF|豆粕ETF,10年国债ETF:no_observations|中证1000ETF:no_observations|中证2000ETF:no_observations|人工智能ETF:no_observations|信用债ETF:no_observations|军工ETF:no_observations|半导体ETF:no_observations|可转债ETF:no_observations|新能源ETF:no_observations|日经225ETF:no_observations|有色金属期货ETF:no_observations|标普500ETF:insufficient_observations(6)|欧洲ETF:no_observations|煤炭ETF:no_observations|白银LOF:no_observations|科创50ETF:no_observations|纳指ETF:no_observations|能源化工期货ETF:no_observations|证券ETF:no_observations|豆粕ETF:no_observations
2014-01-30,10,60,5年国债ETF|日利ETF|沪深300ETF|中证500ETF|创业板ETF|红利ETF|消费ETF|恒生ETF|黄金ETF|原油ETF,10年国债ETF|中证1000ETF|中证2000ETF|人工智能ETF|信用债ETF|军工ETF|半导体ETF|可转债ETF|新能源ETF|日经225ETF|有色金属期货ETF|标普500ETF|欧洲ETF|煤炭ETF|白银LOF|科创50ETF|纳指ETF|能源化工期货ETF|证券ETF|豆粕ETF,10年国债ETF:no_observations|中证1000ETF:no_observations|中证2000ETF:no_observations|人工智能ETF:no_observations|信用债ETF:no_observations|军工ETF:no_observations|半导体ETF:no_observations|可转债ETF:no_observations|新能源ETF:no_observations|日经225ETF:no_observations|有色金属期货ETF:no_observations|标普500ETF:insufficient_observations(10)|欧洲ETF:no_observations|煤炭ETF:no_observations|白银LOF:no_observations|科创50ETF:no_observations|纳指ETF:no_observations|能源化工期货ETF:no_observations|证券ETF:no_observations|豆粕ETF:no_observations
2014-02-07,10,60,5年国债ETF|日利ETF|沪深300ETF|中证500ETF|创业板ETF|红利ETF|消费ETF|恒生ETF|黄金ETF|原油ETF,10年国债ETF|中证1000ETF|中证2000ETF|人工智能ETF|信用债ETF|军工ETF|半导体ETF|可转债ETF|新能源ETF|日经225ETF|有色金属期货ETF|标普500ETF|欧洲ETF|煤炭ETF|白银LOF|科创50ETF|纳指ETF|能源化工期货ETF|证券ETF|豆粕ETF,10年国债ETF:no_observations|中证1000ETF:no_observations|中证2000ETF:no_observations|人工智能ETF:no_observations|信用债ETF:no_observations|军工ETF:no_observations|半导体ETF:no_observations|可转债ETF:no_observations|新能源ETF:no_observations|日经225ETF:no_observations|有色金属期货ETF:no_observations|标普500ETF:insufficient_observations(11)|欧洲ETF:no_observations|煤炭ETF:no_observations|白银LOF:no_observations|科创50ETF:no_observations|纳指ETF:no_observations|能源化工期货ETF:no_observations|证券ETF:no_observations|豆粕ETF:no_observations
2014-02-14,10,60,5年国债ETF|日利ETF|沪深300ETF|中证500ETF|创业板ETF|红利ETF|消费ETF|恒生ETF|黄金ETF|原油ETF,10年国债ETF|中证1000ETF|中证2000ETF|人工智能ETF|信用债ETF|军工ETF|半导体ETF|可转债ETF|新能源ETF|日经225ETF|有色金属期货ETF|标普500ETF|欧洲ETF|煤炭ETF|白银LOF|科创50ETF|纳指ETF|能源化工期货ETF|证券ETF|豆粕ETF,10年国债ETF:no_observations|中证1000ETF:no_observations|中证2000ETF:no_observations|人工智能ETF:no_observations|信用债ETF:no_observations|军工ETF:no_observations|半导体ETF:no_observations|可转债ETF:no_observations|新能源ETF:no_observations|日经225ETF:no_observations|有色金属期货ETF:no_observations|标普500ETF:insufficient_observations(16)|欧洲ETF:no_observations|煤炭ETF:no_observations|白银LOF:no_observations|科创50ETF:no_observations|纳指ETF:no_observations|能源化工期货ETF:no_observations|证券ETF:no_observations|豆粕ETF:no_observations
2014-02-21,10,60,5年国债ETF|日利ETF|沪深300ETF|中证500ETF|创业板ETF|红利ETF|消费ETF|恒生ETF|黄金ETF|原油ETF,10年国债ETF|中证1000ETF|中证2000ETF|人工智能ETF|信用债ETF|军工ETF|半导体ETF|可转债ETF|新能源ETF|日经225ETF|有色金属期货ETF|标普500ETF|欧洲ETF|煤炭ETF|白银LOF|科创50ETF|纳指ETF|能源化工期货ETF|证券ETF|豆粕ETF,10年国债ETF:no_observations|中证1000ETF:no_observations|中证2000ETF:no_observations|人工智能ETF:no_observations|信用债ETF:no_observations|军工ETF:no_observations|半导体ETF:no_observations|可转债ETF:no_observations|新能源ETF:no_observations|日经225ETF:no_observations|有色金属期货ETF:no_observations|标普500ETF:insufficient_observations(21)|欧洲ETF:no_observations|煤炭ETF:no_observations|白银LOF:no_observations|科创50ETF:no_observations|纳指ETF:no_observations|能源化工期货ETF:no_observations|证券ETF:no_observations|豆粕ETF:no_observations
2014-02-28,10,60,5年国债ETF|日利ETF|沪深300ETF|中证500ETF|创业板ETF|红利ETF|消费ETF|恒生ETF|黄金ETF|原油ETF,10年国债ETF|中证1000ETF|中证2000ETF|人工智能ETF|信用债ETF|军工ETF|半导体ETF|可转债ETF|新能源ETF|日经225ETF|有色金属期货ETF|标普500ETF|欧洲ETF|煤炭ETF|白银LOF|科创50ETF|纳指ETF|能源化工期货ETF|证券ETF|豆粕ETF,10年国债ETF:no_observations|中证1000ETF:no_observations|中证2000ETF:no_observations|人工智能ETF:no_observations|信用债ETF:no_observations|军工ETF:no_observations|半导体ETF:no_observations|可转债ETF:no_observations|新能源ETF:no_observations|日经225ETF:no_observations|有色金属期货ETF:no_observations|标普500ETF:insufficient_observations(26)|欧洲ETF:no_observations|煤炭ETF:no_observations|白银LOF:no_observations|科创50ETF:no_observations|纳指ETF:no_observations|能源化工期货ETF:no_observations|证券ETF:no_observations|豆粕ETF:no_observations
2014-03-07,10,60,5年国债ETF|日利ETF|沪深300ETF|中证500ETF|创业板ETF|红利ETF|消费ETF|恒生ETF|黄金ETF|原油ETF,10年国债ETF|中证1000ETF|中证2000ETF|人工智能ETF|信用债ETF|军工ETF|半导体ETF|可转债ETF|新能源ETF|日经225ETF|有色金属期货ETF|标普500ETF|欧洲ETF|煤炭ETF|白银LOF|科创50ETF|纳指ETF|能源化工期货ETF|证券ETF|豆粕ETF,10年国债ETF:no_observations|中证1000ETF:no_observations|中证2000ETF:no_observations|人工智能ETF:no_observations|信用债ETF:no_observations|军工ETF:no_observations|半导体ETF:no_observations|可转债ETF:no_observations|新能源ETF:no_observations|日经225ETF:no_observations|有色金属期货ETF:no_observations|标普500ETF:insufficient_observations(31)|欧洲ETF:no_observations|煤炭ETF:no_observations|白银LOF:no_observations|科创50ETF:no_observations|纳指ETF:no_observations|能源化工期货ETF:no_observations|证券ETF:no_observations|豆粕ETF:no_observations
2014-03-14,10,60,5年国债ETF|日利ETF|沪深300ETF|中证500ETF|创业板ETF|红利ETF|消费ETF|恒生ETF|黄金ETF|原油ETF,10年国债ETF|中证1000ETF|中证2000ETF|人工智能ETF|信用债ETF|军工ETF|半导体ETF|可转债ETF|新能源ETF|日经225ETF|有色金属期货ETF|标普500ETF|欧洲ETF|煤炭ETF|白银LOF|科创50ETF|纳指ETF|能源化工期货ETF|证券ETF|豆粕ETF,10年国债ETF:no_observations|中证1000ETF:no_observations|中证2000ETF:no_observations|人工智能ETF:no_observations|信用债ETF:no_observations|军工ETF:no_observations|半导体ETF:no_observations|可转债ETF:no_observations|新能源ETF:no_observations|日经225ETF:no_observations|有色金属期货ETF:no_observations|标普500ETF:insufficient_observations(36)|欧洲ETF:no_observations|煤炭ETF:no_observations|白银LOF:no_observations|科创50ETF:no_observations|纳指ETF:no_observations|能源化工期货ETF:no_observations|证券ETF:no_observations|豆粕ETF:no_observations
2014-03-21,10,60,5年国债ETF|日利ETF|沪深300ETF|中证500ETF|创业板ETF|红利ETF|消费ETF|恒生ETF|黄金ETF|原油ETF,10年国债ETF|中证1000ETF|中证2000ETF|人工智能ETF|信用债ETF|军工ETF|半导体ETF|可转债ETF|新能源ETF|日经225ETF|有色金属期货ETF|标普500ETF|欧洲ETF|煤炭ETF|白银LOF|科创50ETF|纳指ETF|能源化工期货ETF|证券ETF|豆粕ETF,10年国债ETF:no_observations|中证1000ETF:no_observations|中证2000ETF:no_observations|人工智能ETF:no_observations|信用债ETF:no_observations|军工ETF:no_observations|半导体ETF:no_observations|可转债ETF:no_observations|新能源ETF:no_observations|日经225ETF:no_observations|有色金属期货ETF:no_observations|标普500ETF:insufficient_observations(41)|欧洲ETF:no_observations|煤炭ETF:no_observations|白银LOF:no_observations|科创50ETF:no_observations|纳指ETF:no_observations|能源化工期货ETF:no_observations|证券ETF:no_observations|豆粕ETF:no_observations
2014-03-28,10,60,5年国债ETF|日利ETF|沪深300ETF|中证500ETF|创业板ETF|红利ETF|消费ETF|恒生ETF|黄金ETF|原油ETF,10年国债ETF|中证1000ETF|中证2000ETF|人工智能ETF|信用债ETF|军工ETF|半导体ETF|可转债ETF|新能源ETF|日经225ETF|有色金属期货ETF|标普500ETF|欧洲ETF|煤炭ETF|白银LOF|科创50ETF|纳指ETF|能源化工期货ETF|证券ETF|豆粕ETF,10年国债ETF:no_observations|中证1000ETF:no_observations|中证2000ETF:no_observations|人工智能ETF:no_observations|信用债ETF:no_observations|军工ETF:no_observations|半导体ETF:no_observations|可转债ETF:no_observations|新能源ETF:no_observations|日经225ETF:no_observations|有色金属期货ETF:no_observations|标普500ETF:insufficient_observations(46)|欧洲ETF:no_observations|煤炭ETF:no_observations|白银LOF:no_observations|科创50ETF:no_observations|纳指ETF:no_observations|能源化工期货ETF:no_observations|证券ETF:no_observations|豆粕ETF:no_observations
2014-04-04,10,60,5年国债ETF|日利ETF|沪深300ETF|中证500ETF|创业板ETF|红利ETF|消费ETF|恒生ETF|黄金ETF|原油ETF,10年国债ETF|中证1000ETF|中证2000ETF|人工智能ETF|信用债ETF|军工ETF|半导体ETF|可转债ETF|新能源ETF|日经225ETF|有色金属期货ETF|标普500ETF|欧洲ETF|煤炭ETF|白银LOF|科创50ETF|纳指ETF|能源化工期货ETF|证券ETF|豆粕ETF,10年国债ETF:no_observations|中证1000ETF:no_observations|中证2000ETF:no_observations|人工智能ETF:no_observations|信用债ETF:no_observations|军工ETF:no_observations|半导体ETF:no_observations|可转债ETF:no_observations|新能源ETF:no_observations|日经225ETF:no_observations|有色金属期货ETF:no_observations|标普500ETF:insufficient_observations(51)|欧洲ETF:no_observations|煤炭ETF:no_observations|白银LOF:no_observations|科创50ETF:no_observations|纳指ETF:no_observations|能源化工期货ETF:no_observations|证券ETF:no_observations|豆粕ETF:no_observations
2014-04-11,10,60,5年国债ETF|日利ETF|沪深300ETF|中证500ETF|创业板ETF|红利ETF|消费ETF|恒生ETF|黄金ETF|原油ETF,10年国债ETF|中证1000ETF|中证2000ETF|人工智能ETF|信用债ETF|军工ETF|半导体ETF|可转债ETF|新能源ETF|日经225ETF|有色金属期货ETF|标普500ETF|欧洲ETF|煤炭ETF|白银LOF|科创50ETF|纳指ETF|能源化工期货ETF|证券ETF|豆粕ETF,10年国债ETF:no_observations|中证1000ETF:no_observations|中证2000ETF:no_observations|人工智能ETF:no_observations|信用债ETF:no_observations|军工ETF:no_observations|半导体ETF:no_observations|可转债ETF:no_observations|新能源ETF:no_observations|日经225ETF:no_observations|有色金属期货ETF:no_observations|标普500ETF:insufficient_observations(55)|欧洲ETF:no_observations|煤炭ETF:no_observations|白银LOF:no_observations|科创50ETF:no_observations|纳指ETF:no_observations|能源化工期货ETF:no_observations|证券ETF:no_observations|豆粕ETF:no_observations
2014-04-18,11,60,5年国债ETF|日利ETF|沪深300ETF|中证500ETF|创业板ETF|红利ETF|消费ETF|恒生ETF|标普500ETF|黄金ETF|原油ETF,10年国债ETF|中证1000ETF|中证2000ETF|人工智能ETF|信用债ETF|军工ETF|半导体ETF|可转债ETF|新能源ETF|日经225ETF|有色金属期货ETF|欧洲ETF|煤炭ETF|白银LOF|科创50ETF|纳指ETF|能源化工期货ETF|证券ETF|豆粕ETF,10年国债ETF:no_observations|中证1000ETF:no_observations|中证2000ETF:no_observations|人工智能ETF:no_observations|信用债ETF:no_observations|军工ETF:no_observations|半导体ETF:no_observations|可转债ETF:no_observations|新能源ETF:no_observations|日经225ETF:no_observations|有色金属期货ETF:no_observations|欧洲ETF:no_observations|煤炭ETF:no_observations|白银LOF:no_observations|科创50ETF:no_observations|纳指ETF:no_observations|能源化工期货ETF:no_observations|证券ETF:no_observations|豆粕ETF:no_observations
2014-04-25,11,60,5年国债ETF|日利ETF|沪深300ETF|中证500ETF|创业板ETF|红利ETF|消费ETF|恒生ETF|标普500ETF|黄金ETF|原油ETF,10年国债ETF|中证1000ETF|中证2000ETF|人工智能ETF|信用债ETF|军工ETF|半导体ETF|可转债ETF|新能源ETF|日经225ETF|有色金属期货ETF|欧洲ETF|煤炭ETF|白银LOF|科创50ETF|纳指ETF|能源化工期货ETF|证券ETF|豆粕ETF,10年国债ETF:no_observations|中证1000ETF:no_observations|中证2000ETF:no_observations|人工智能ETF:no_observations|信用债ETF:no_observations|军工ETF:no_observations|半导体ETF:no_observations|可转债ETF:no_observations|新能源ETF:no_observations|日经225ETF:no_observations|有色金属期货ETF:no_observations|欧洲ETF:no_observations|煤炭ETF:no_observations|白银LOF:no_observations|科创50ETF:no_observations|纳指ETF:no_observations|能源化工期货ETF:no_observations|证券ETF:no_observations|豆粕ETF:no_observations
2014-04-30,11,60,5年国债ETF|日利ETF|沪深300ETF|中证500ETF|创业板ETF|红利ETF|消费ETF|恒生ETF|标普500ETF|黄金ETF|原油ETF,10年国债ETF|中证1000ETF|中证2000ETF|人工智能ETF|信用债ETF|军工ETF|半导体ETF|可转债ETF|新能源ETF|日经225ETF|有色金属期货ETF|欧洲ETF|煤炭ETF|白银LOF|科创50ETF|纳指ETF|能源化工期货ETF|证券ETF|豆粕ETF,10年国债ETF:no_observations|中证1000ETF:no_observations|中证2000ETF:no_observations|人工智能ETF:no_observations|信用债ETF:no_observations|军工ETF:no_observations|半导体ETF:no_observations|可转债ETF:no_observations|新能源ETF:no_observations|日经225ETF:no_observations|有色金属期货ETF:no_observations|欧洲ETF:no_observations|煤炭ETF:no_observations|白银LOF:no_observations|科创50ETF:no_observations|纳指ETF:no_observations|能源化工期货ETF:no_observations|证券ETF:no_observations|豆粕ETF:no_observations
2014-05-09,11,60,5年国债ETF|日利ETF|沪深300ETF|中证500ETF|创业板ETF|红利ETF|消费ETF|恒生ETF|标普500ETF|黄金ETF|原油ETF,10年国债ETF|中证1000ETF|中证2000ETF|人工智能ETF|信用债ETF|军工ETF|半导体ETF|可转债ETF|新能源ETF|日经225ETF|有色金属期货ETF|欧洲ETF|煤炭ETF|白银LOF|科创50ETF|纳指ETF|能源化工期货ETF|证券ETF|豆粕ETF,10年国债ETF:no_observations|中证1000ETF:no_observations|中证2000ETF:no_observations|人工智能ETF:no_observations|信用债ETF:no_observations|军工ETF:no_observations|半导体ETF:no_observations|可转债ETF:no_observations|新能源ETF:no_observations|日经225ETF:no_observations|有色金属期货ETF:no_observations|欧洲ETF:no_observations|煤炭ETF:no_observations|白银LOF:no_observations|科创50ETF:no_observations|纳指ETF:no_observations|能源化工期货ETF:no_observations|证券ETF:no_observations|豆粕ETF:no_observations
2014-05-16,11,60,5年国债ETF|日利ETF|沪深300ETF|中证500ETF|创业板ETF|红利ETF|消费ETF|恒生ETF|标普500ETF|黄金ETF|原油ETF,10年国债ETF|中证1000ETF|中证2000ETF|人工智能ETF|信用债ETF|军工ETF|半导体ETF|可转债ETF|新能源ETF|日经225ETF|有色金属期货ETF|欧洲ETF|煤炭ETF|白银LOF|科创50ETF|纳指ETF|能源化工期货ETF|证券ETF|豆粕ETF,10年国债ETF:no_observations|中证1000ETF:no_observations|中证2000ETF:no_observations|人工智能ETF:no_observations|信用债ETF:no_observations|军工ETF:no_observations|半导体ETF:no_observations|可转债ETF:no_observations|新能源ETF:no_observations|日经225ETF:no_observations|有色金属期货ETF:no_observations|欧洲ETF:no_observations|煤炭ETF:no_observations|白银LOF:no_observations|科创50ETF:no_observations|纳指ETF:no_observations|能源化工期货ETF:no_observations|证券ETF:no_observations|豆粕ETF:no_observations
2014-05-23,11,60,5年国债ETF|日利ETF|沪深300ETF|中证500ETF|创业板ETF|红利ETF|消费ETF|恒生ETF|标普500ETF|黄金ETF|原油ETF,10年国债ETF|中证1000ETF|中证2000ETF|人工智能ETF|信用债ETF|军工ETF|半导体ETF|可转债ETF|新能源ETF|日经225ETF|有色金属期货ETF|欧洲ETF|煤炭ETF|白银LOF|科创50ETF|纳指ETF|能源化工期货ETF|证券ETF|豆粕ETF,10年国债ETF:no_observations|中证1000ETF:no_observations|中证2000ETF:no_observations|人工智能ETF:no_observations|信用债ETF:no_observations|军工ETF:no_observations|半导体ETF:no_observations|可转债ETF:no_observations|新能源ETF:no_observations|日经225ETF:no_observations|有色金属期货ETF:no_observations|欧洲ETF:no_observations|煤炭ETF:no_observations|白银LOF:no_observations|科创50ETF:no_observations|纳指ETF:no_observations|能源化工期货ETF:no_observations|证券ETF:no_observations|豆粕ETF:no_observations
2014-05-30,11,60,5年国债ETF|日利ETF|沪深300ETF|中证500ETF|创业板ETF|红利ETF|消费ETF|恒生ETF|标普500ETF|黄金ETF|原油ETF,10年国债ETF|中证1000ETF|中证2000ETF|人工智能ETF|信用债ETF|军工ETF|半导体ETF|可转债ETF|新能源ETF|日经225ETF|有色金属期货ETF|欧洲ETF|煤炭ETF|白银LOF|科创50ETF|纳指ETF|能源化工期货ETF|证券ETF|豆粕ETF,10年国债ETF:no_observations|中证1000ETF:no_observations|中证2000ETF:no_observations|人工智能ETF:no_observations|信用债ETF:no_observations|军工ETF:no_observations|半导体ETF:no_observations|可转债ETF:no_observations|新能源ETF:no_observations|日经225ETF:no_observations|有色金属期货ETF:no_observations|欧洲ETF:no_observations|煤炭ETF:no_observations|白银LOF:no_observations|科创50ETF:no_observations|纳指ETF:no_observations|能源化工期货ETF:no_observations|证券ETF:no_observations|豆粕ETF:no_observations
2014-06-06,11,60,5年国债ETF|日利ETF|沪深300ETF|中证500ETF|创业板ETF|红利ETF|消费ETF|恒生ETF|标普500ETF|黄金ETF|原油ETF,10年国债ETF|中证1000ETF|中证2000ETF|人工智能ETF|信用债ETF|军工ETF|半导体ETF|可转债ETF|新能源ETF|日经225ETF|有色金属期货ETF|欧洲ETF|煤炭ETF|白银LOF|科创50ETF|纳指ETF|能源化工期货ETF|证券ETF|豆粕ETF,10年国债ETF:no_observations|中证1000ETF:no_observations|中证2000ETF:no_observations|人工智能ETF:no_observations|信用债ETF:no_observations|军工ETF:no_observations|半导体ETF:no_observations|可转债ETF:no_observations|新能源ETF:no_observations|日经225ETF:no_observations|有色金属期货ETF:no_observations|欧洲ETF:no_observations|煤炭ETF:no_observations|白银LOF:no_observations|科创50ETF:no_observations|纳指ETF:no_observations|能源化工期货ETF:no_observations|证券ETF:no_observations|豆粕ETF:no_observations
2014-06-13,11,60,5年国债ETF|日利ETF|沪深300ETF|中证500ETF|创业板ETF|红利ETF|消费ETF|恒生ETF|标普500ETF|黄金ETF|原油ETF,10年国债ETF|中证1000ETF|中证2000ETF|人工智能ETF|信用债ETF|军工ETF|半导体ETF|可转债ETF|新能源ETF|日经225ETF|有色金属期货ETF|欧洲ETF|煤炭ETF|白银LOF|科创50ETF|纳指ETF|能源化工期货ETF|证券ETF|豆粕ETF,10年国债ETF:no_observations|中证1000ETF:no_observations|中证2000ETF:no_observations|人工智能ETF:no_observations|信用债ETF:no_observations|军工ETF:no_observations|半导体ETF:no_observations|可转债ETF:no_observations|新能源ETF:no_observations|日经225ETF:no_observations|有色金属期货ETF:no_observations|欧洲ETF:no_observations|煤炭ETF:no_observations|白银LOF:no_observations|科创50ETF:no_observations|纳指ETF:no_observations|能源化工期货ETF:no_observations|证券ETF:no_observations|豆粕ETF:no_observations
2014-06-20,11,60,5年国债ETF|日利ETF|沪深300ETF|中证500ETF|创业板ETF|红利ETF|消费ETF|恒生ETF|标普500ETF|黄金ETF|原油ETF,10年国债ETF|中证1000ETF|中证2000ETF|人工智能ETF|信用债ETF|军工ETF|半导体ETF|可转债ETF|新能源ETF|日经225ETF|有色金属期货ETF|欧洲ETF|煤炭ETF|白银LOF|科创50ETF|纳指ETF|能源化工期货ETF|证券ETF|豆粕ETF,10年国债ETF:no_observations|中证1000ETF:no_observations|中证2000ETF:no_observations|人工智能ETF:no_observations|信用债ETF:no_observations|军工ETF:no_observations|半导体ETF:no_observations|可转债ETF:no_observations|新能源ETF:no_observations|日经225ETF:no_observations|有色金属期货ETF:no_observations|欧洲ETF:no_observations|煤炭ETF:no_observations|白银LOF:no_observations|科创50ETF:no_observations|纳指ETF:no_observations|能源化工期货ETF:no_observations|证券ETF:no_observations|豆粕ETF:no_observations
2014-06-27,11,60,5年国债ETF|日利ETF|沪深300ETF|中证500ETF|创业板ETF|红利ETF|消费ETF|恒生ETF|标普500ETF|黄金ETF|原油ETF,10年国债ETF|中证1000ETF|中证2000ETF|人工智能ETF|信用债ETF|军工ETF|半导体ETF|可转债ETF|新能源ETF|日经225ETF|有色金属期货ETF|欧洲ETF|煤炭ETF|白银LOF|科创50ETF|纳指ETF|能源化工期货ETF|证券ETF|豆粕ETF,10年国债ETF:no_observations|中证1000ETF:no_observations|中证2000ETF:no_observations|人工智能ETF:no_observations|信用债ETF:no_observations|军工ETF:no_observations|半导体ETF:no_observations|可转债ETF:no_observations|新能源ETF:no_observations|日经225ETF:no_observations|有色金属期货ETF:no_observations|欧洲ETF:no_observations|煤炭ETF:no_observations|白银LOF:no_observations|科创50ETF:no_observations|纳指ETF:no_observations|能源化工期货ETF:no_observations|证券ETF:no_observations|豆粕ETF:no_observations
2014-07-04,11,60,5年国债ETF|日利ETF|沪深300ETF|中证500ETF|创业板ETF|红利ETF|消费ETF|恒生ETF|标普500ETF|黄金ETF|原油ETF,10年国债ETF|中证1000ETF|中证2000ETF|人工智能ETF|信用债ETF|军工ETF|半导体ETF|可转债ETF|新能源ETF|日经225ETF|有色金属期货ETF|欧洲ETF|煤炭ETF|白银LOF|科创50ETF|纳指ETF|能源化工期货ETF|证券ETF|豆粕ETF,10年国债ETF:no_observations|中证1000ETF:no_observations|中证2000ETF:no_observations|人工智能ETF:no_observations|信用债ETF:no_observations|军工ETF:no_observations|半导体ETF:no_observations|可转债ETF:no_observations|新能源ETF:no_observations|日经225ETF:no_observations|有色金属期货ETF:no_observations|欧洲ETF:no_observations|煤炭ETF:no_observations|白银LOF:no_observations|科创50ETF:no_observations|纳指ETF:no_observations|能源化工期货ETF:no_observations|证券ETF:no_observations|豆粕ETF:no_observations
2014-07-11,11,60,5年国债ETF|日利ETF|沪深300ETF|中证500ETF|创业板ETF|红利ETF|消费ETF|恒生ETF|标普500ETF|黄金ETF|原油ETF,10年国债ETF|中证1000ETF|中证2000ETF|人工智能ETF|信用债ETF|军工ETF|半导体ETF|可转债ETF|新能源ETF|日经225ETF|有色金属期货ETF|欧洲ETF|煤炭ETF|白银LOF|科创50ETF|纳指ETF|能源化工期货ETF|证券ETF|豆粕ETF,10年国债ETF:no_observations|中证1000ETF:no_observations|中证2000ETF:no_observations|人工智能ETF:no_observations|信用债ETF:no_observations|军工ETF:no_observations|半导体ETF:no_observations|可转债ETF:no_observations|新能源ETF:no_observations|日经225ETF:no_observations|有色金属期货ETF:no_observations|欧洲ETF:no_observations|煤炭ETF:no_observations|白银LOF:no_observations|科创50ETF:no_observations|纳指ETF:no_observations|能源化工期货ETF:no_observations|证券ETF:no_observations|豆粕ETF:no_observations
2014-07-18,11,60,5年国债ETF|日利ETF|沪深300ETF|中证500ETF|创业板ETF|红利ETF|消费ETF|恒生ETF|标普500ETF|黄金ETF|原油ETF,10年国债ETF|中证1000ETF|中证2000ETF|人工智能ETF|信用债ETF|军工ETF|半导体ETF|可转债ETF|新能源ETF|日经225ETF|有色金属期货ETF|欧洲ETF|煤炭ETF|白银LOF|科创50ETF|纳指ETF|能源化工期货ETF|证券ETF|豆粕ETF,10年国债ETF:no_observations|中证1000ETF:no_observations|中证2000ETF:no_observations|人工智能ETF:no_observations|信用债ETF:no_observations|军工ETF:no_observations|半导体ETF:no_observations|可转债ETF:no_observations|新能源ETF:no_observations|日经225ETF:no_observations|有色金属期货ETF:no_observations|欧洲ETF:no_observations|煤炭ETF:no_observations|白银LOF:no_observations|科创50ETF:no_observations|纳指ETF:no_observations|能源化工期货ETF:no_observations|证券ETF:no_observations|豆粕ETF:no_observations
2014-07-25,11,60,5年国债ETF|日利ETF|沪深300ETF|中证500ETF|创业板ETF|红利ETF|消费ETF|恒生ETF|标普500ETF|黄金ETF|原油ETF,10年国债ETF|中证1000ETF|中证2000ETF|人工智能ETF|信用债ETF|军工ETF|半导体ETF|可转债ETF|新能源ETF|日经225ETF|有色金属期货ETF|欧洲ETF|煤炭ETF|白银LOF|科创50ETF|纳指ETF|能源化工期货ETF|证券ETF|豆粕ETF,10年国债ETF:no_observations|中证1000ETF:no_observations|中证2000ETF:no_observations|人工智能ETF:no_observations|信用债ETF:no_observations|军工ETF:no_observations|半导体ETF:no_observations|可转债ETF:no_observations|新能源ETF:no_observations|日经225ETF:no_observations|有色金属期货ETF:no_observations|欧洲ETF:no_observations|煤炭ETF:no_observations|白银LOF:no_observations|科创50ETF:no_observations|纳指ETF:no_observations|能源化工期货ETF:no_observations|证券ETF:no_observations|豆粕ETF:no_observations
2014-08-01,11,60,5年国债ETF|日利ETF|沪深300ETF|中证500ETF|创业板ETF|红利ETF|消费ETF|恒生ETF|标普500ETF|黄金ETF|原油ETF,10年国债ETF|中证1000ETF|中证2000ETF|人工智能ETF|信用债ETF|军工ETF|半导体ETF|可转债ETF|新能源ETF|日经225ETF|有色金属期货ETF|欧洲ETF|煤炭ETF|白银LOF|科创50ETF|纳指ETF|能源化工期货ETF|证券ETF|豆粕ETF,10年国债ETF:no_observations|中证1000ETF:no_observations|中证2000ETF:no_observations|人工智能ETF:no_observations|信用债ETF:no_observations|军工ETF:no_observations|半导体ETF:no_observations|可转债ETF:no_observations|新能源ETF:no_observations|日经225ETF:no_observations|有色金属期货ETF:no_observations|欧洲ETF:no_observations|煤炭ETF:no_observations|白银LOF:no_observations|科创50ETF:no_observations|纳指ETF:no_observations|能源化工期货ETF:no_observations|证券ETF:no_observations|豆粕ETF:no_observations
2014-08-08,11,60,5年国债ETF|日利ETF|沪深300ETF|中证500ETF|创业板ETF|红利ETF|消费ETF|恒生ETF|标普500ETF|黄金ETF|原油ETF,10年国债ETF|中证1000ETF|中证2000ETF|人工智能ETF|信用债ETF|军工ETF|半导体ETF|可转债ETF|新能源ETF|日经225ETF|有色金属期货ETF|欧洲ETF|煤炭ETF|白银LOF|科创50ETF|纳指ETF|能源化工期货ETF|证券ETF|豆粕ETF,10年国债ETF:no_observations|中证1000ETF:no_observations|中证2000ETF:no_observations|人工智能ETF:no_observations|信用债ETF:no_observations|军工ETF:no_observations|半导体ETF:no_observations|可转债ETF:no_observations|新能源ETF:no_observations|日经225ETF:no_observations|有色金属期货ETF:no_observations|欧洲ETF:no_observations|煤炭ETF:no_observations|白银LOF:no_observations|科创50ETF:no_observations|纳指ETF:no_observations|能源化工期货ETF:no_observations|证券ETF:no_observations|豆粕ETF:no_observations
2014-08-15,11,60,5年国债ETF|日利ETF|沪深300ETF|中证500ETF|创业板ETF|红利ETF|消费ETF|恒生ETF|标普500ETF|黄金ETF|原油ETF,10年国债ETF|中证1000ETF|中证2000ETF|人工智能ETF|信用债ETF|军工ETF|半导体ETF|可转债ETF|新能源ETF|日经225ETF|有色金属期货ETF|欧洲ETF|煤炭ETF|白银LOF|科创50ETF|纳指ETF|能源化工期货ETF|证券ETF|豆粕ETF,10年国债ETF:no_observations|中证1000ETF:no_observations|中证2000ETF:no_observations|人工智能ETF:no_observations|信用债ETF:no_observations|军工ETF:no_observations|半导体ETF:no_observations|可转债ETF:no_observations|新能源ETF:no_observations|日经225ETF:no_observations|有色金属期货ETF:no_observations|欧洲ETF:no_observations|煤炭ETF:no_observations|白银LOF:no_observations|科创50ETF:no_observations|纳指ETF:no_observations|能源化工期货ETF:no_observations|证券ETF:no_observations|豆粕ETF:no_observations
2014-08-22,11,60,5年国债ETF|日利ETF|沪深300ETF|中证500ETF|创业板ETF|红利ETF|消费ETF|恒生ETF|标普500ETF|黄金ETF|原油ETF,10年国债ETF|中证1000ETF|中证2000ETF|人工智能ETF|信用债ETF|军工ETF|半导体ETF|可转债ETF|新能源ETF|日经225ETF|有色金属期货ETF|欧洲ETF|煤炭ETF|白银LOF|科创50ETF|纳指ETF|能源化工期货ETF|证券ETF|豆粕ETF,10年国债ETF:no_observations|中证1000ETF:no_observations|中证2000ETF:no_observations|人工智能ETF:no_observations|信用债ETF:no_observations|军工ETF:no_observations|半导体ETF:no_observations|可转债ETF:no_observations|新能源ETF:no_observations|日经225ETF:no_observations|有色金属期货ETF:no_observations|欧洲ETF:no_observations|煤炭ETF:no_observations|白银LOF:no_observations|科创50ETF:no_observations|纳指ETF:no_observations|能源化工期货ETF:no_observations|证券ETF:no_observations|豆粕ETF:no_observations
2014-08-29,11,60,5年国债ETF|日利ETF|沪深300ETF|中证500ETF|创业板ETF|红利ETF|消费ETF|恒生ETF|标普500ETF|黄金ETF|原油ETF,10年国债ETF|中证1000ETF|中证2000ETF|人工智能ETF|信用债ETF|军工ETF|半导体ETF|可转债ETF|新能源ETF|日经225ETF|有色金属期货ETF|欧洲ETF|煤炭ETF|白银LOF|科创50ETF|纳指ETF|能源化工期货ETF|证券ETF|豆粕ETF,10年国债ETF:no_observations|中证1000ETF:no_observations|中证2000ETF:no_observations|人工智能ETF:no_observations|信用债ETF:no_observations|军工ETF:no_observations|半导体ETF:no_observations|可转债ETF:no_observations|新能源ETF:no_observations|日经225ETF:no_observations|有色金属期货ETF:no_observations|欧洲ETF:no_observations|煤炭ETF:no_observations|白银LOF:no_observations|科创50ETF:no_observations|纳指ETF:no_observations|能源化工期货ETF:no_observations|证券ETF:no_observations|豆粕ETF:no_observations
2014-09-05,11,60,5年国债ETF|日利ETF|沪深300ETF|中证500ETF|创业板ETF|红利ETF|消费ETF|恒生ETF|标普500ETF|黄金ETF|原油ETF,10年国债ETF|中证1000ETF|中证2000ETF|人工智能ETF|信用债ETF|军工ETF|半导体ETF|可转债ETF|新能源ETF|日经225ETF|有色金属期货ETF|欧洲ETF|煤炭ETF|白银LOF|科创50ETF|纳指ETF|能源化工期货ETF|证券ETF|豆粕ETF,10年国债ETF:no_observations|中证1000ETF:no_observations|中证2000ETF:no_observations|人工智能ETF:no_observations|信用债ETF:no_observations|军工ETF:no_observations|半导体ETF:no_observations|可转债ETF:no_observations|新能源ETF:no_observations|日经225ETF:no_observations|有色金属期货ETF:no_observations|欧洲ETF:no_observations|煤炭ETF:no_observations|白银LOF:no_observations|科创50ETF:no_observations|纳指ETF:no_observations|能源化工期货ETF:no_observations|证券ETF:no_observations|豆粕ETF:no_observations
2014-09-12,11,60,5年国债ETF|日利ETF|沪深300ETF|中证500ETF|创业板ETF|红利ETF|消费ETF|恒生ETF|标普500ETF|黄金ETF|原油ETF,10年国债ETF|中证1000ETF|中证2000ETF|人工智能ETF|信用债ETF|军工ETF|半导体ETF|可转债ETF|新能源ETF|日经225ETF|有色金属期货ETF|欧洲ETF|煤炭ETF|白银LOF|科创50ETF|纳指ETF|能源化工期货ETF|证券ETF|豆粕ETF,10年国债ETF:no_observations|中证1000ETF:no_observations|中证2000ETF:no_observations|人工智能ETF:no_observations|信用债ETF:no_observations|军工ETF:no_observations|半导体ETF:no_observations|可转债ETF:no_observations|新能源ETF:no_observations|日经225ETF:no_observations|有色金属期货ETF:no_observations|欧洲ETF:insufficient_observations(3)|煤炭ETF:no_observations|白银LOF:no_observations|科创50ETF:no_observations|纳指ETF:no_observations|能源化工期货ETF:no_observations|证券ETF:no_observations|豆粕ETF:no_observations
2014-09-19,11,60,5年国债ETF|日利ETF|沪深300ETF|中证500ETF|创业板ETF|红利ETF|消费ETF|恒生ETF|标普500ETF|黄金ETF|原油ETF,10年国债ETF|中证1000ETF|中证2000ETF|人工智能ETF|信用债ETF|军工ETF|半导体ETF|可转债ETF|新能源ETF|日经225ETF|有色金属期货ETF|欧洲ETF|煤炭ETF|白银LOF|科创50ETF|纳指ETF|能源化工期货ETF|证券ETF|豆粕ETF,10年国债ETF:no_observations|中证1000ETF:no_observations|中证2000ETF:no_observations|人工智能ETF:no_observations|信用债ETF:no_observations|军工ETF:no_observations|半导体ETF:no_observations|可转债ETF:no_observations|新能源ETF:no_observations|日经225ETF:no_observations|有色金属期货ETF:no_observations|欧洲ETF:insufficient_observations(8)|煤炭ETF:no_observations|白银LOF:no_observations|科创50ETF:no_observations|纳指ETF:no_observations|能源化工期货ETF:no_observations|证券ETF:no_observations|豆粕ETF:no_observations
2014-09-26,11,60,5年国债ETF|日利ETF|沪深300ETF|中证500ETF|创业板ETF|红利ETF|消费ETF|恒生ETF|标普500ETF|黄金ETF|原油ETF,10年国债ETF|中证1000ETF|中证2000ETF|人工智能ETF|信用债ETF|军工ETF|半导体ETF|可转债ETF|新能源ETF|日经225ETF|有色金属期货ETF|欧洲ETF|煤炭ETF|白银LOF|科创50ETF|纳指ETF|能源化工期货ETF|证券ETF|豆粕ETF,10年国债ETF:no_observations|中证1000ETF:no_observations|中证2000ETF:no_observations|人工智能ETF:no_observations|信用债ETF:no_observations|军工ETF:no_observations|半导体ETF:no_observations|可转债ETF:no_observations|新能源ETF:no_observations|日经225ETF:no_observations|有色金属期货ETF:no_observations|欧洲ETF:insufficient_observations(13)|煤炭ETF:no_observations|白银LOF:no_observations|科创50ETF:no_observations|纳指ETF:no_observations|能源化工期货ETF:no_observations|证券ETF:no_observations|豆粕ETF:no_observations
2014-09-30,11,60,5年国债ETF|日利ETF|沪深300ETF|中证500ETF|创业板ETF|红利ETF|消费ETF|恒生ETF|标普500ETF|黄金ETF|原油ETF,10年国债ETF|中证1000ETF|中证2000ETF|人工智能ETF|信用债ETF|军工ETF|半导体ETF|可转债ETF|新能源ETF|日经225ETF|有色金属期货ETF|欧洲ETF|煤炭ETF|白银LOF|科创50ETF|纳指ETF|能源化工期货ETF|证券ETF|豆粕ETF,10年国债ETF:no_observations|中证1000ETF:no_observations|中证2000ETF:no_observations|人工智能ETF:no_observations|信用债ETF:no_observations|军工ETF:no_observations|半导体ETF:no_observations|可转债ETF:no_observations|新能源ETF:no_observations|日经225ETF:no_observations|有色金属期货ETF:no_observations|欧洲ETF:insufficient_observations(15)|煤炭ETF:no_observations|白银LOF:no_observations|科创50ETF:no_observations|纳指ETF:no_observations|能源化工期货ETF:no_observations|证券ETF:no_observations|豆粕ETF:no_observations
2014-10-10,11,60,5年国债ETF|日利ETF|沪深300ETF|中证500ETF|创业板ETF|红利ETF|消费ETF|恒生ETF|标普500ETF|黄金ETF|原油ETF,10年国债ETF|中证1000ETF|中证2000ETF|人工智能ETF|信用债ETF|军工ETF|半导体ETF|可转债ETF|新能源ETF|日经225ETF|有色金属期货ETF|欧洲ETF|煤炭ETF|白银LOF|科创50ETF|纳指ETF|能源化工期货ETF|证券ETF|豆粕ETF,10年国债ETF:no_observations|中证1000ETF:no_observations|中证2000ETF:no_observations|人工智能ETF:no_observations|信用债ETF:no_observations|军工ETF:no_observations|半导体ETF:no_observations|可转债ETF:no_observations|新能源ETF:no_observations|日经225ETF:no_observations|有色金属期货ETF:no_observations|欧洲ETF:insufficient_observations(18)|煤炭ETF:no_observations|白银LOF:no_observations|科创50ETF:no_observations|纳指ETF:no_observations|能源化工期货ETF:no_observations|证券ETF:no_observations|豆粕ETF:no_observations
2014-10-17,11,60,5年国债ETF|日利ETF|沪深300ETF|中证500ETF|创业板ETF|红利ETF|消费ETF|恒生ETF|标普500ETF|黄金ETF|原油ETF,10年国债ETF|中证1000ETF|中证2000ETF|人工智能ETF|信用债ETF|军工ETF|半导体ETF|可转债ETF|新能源ETF|日经225ETF|有色金属期货ETF|欧洲ETF|煤炭ETF|白银LOF|科创50ETF|纳指ETF|能源化工期货ETF|证券ETF|豆粕ETF,10年国债ETF:no_observations|中证1000ETF:no_observations|中证2000ETF:no_observations|人工智能ETF:no_observations|信用债ETF:no_observations|军工ETF:no_observations|半导体ETF:no_observations|可转债ETF:no_observations|新能源ETF:no_observations|日经225ETF:no_observations|有色金属期货ETF:no_observations|欧洲ETF:insufficient_observations(23)|煤炭ETF:no_observations|白银LOF:no_observations|科创50ETF:no_observations|纳指ETF:no_observations|能源化工期货ETF:no_observations|证券ETF:no_observations|豆粕ETF:no_observations
2014-10-24,11,60,5年国债ETF|日利ETF|沪深300ETF|中证500ETF|创业板ETF|红利ETF|消费ETF|恒生ETF|标普500ETF|黄金ETF|原油ETF,10年国债ETF|中证1000ETF|中证2000ETF|人工智能ETF|信用债ETF|军工ETF|半导体ETF|可转债ETF|新能源ETF|日经225ETF|有色金属期货ETF|欧洲ETF|煤炭ETF|白银LOF|科创50ETF|纳指ETF|能源化工期货ETF|证券ETF|豆粕ETF,10年国债ETF:no_observations|中证1000ETF:no_observations|中证2000ETF:no_observations|人工智能ETF:no_observations|信用债ETF:no_observations|军工ETF:no_observations|半导体ETF:no_observations|可转债ETF:no_observations|新能源ETF:no_observations|日经225ETF:no_observations|有色金属期货ETF:no_observations|欧洲ETF:insufficient_observations(28)|煤炭ETF:no_observations|白银LOF:no_observations|科创50ETF:no_observations|纳指ETF:no_observations|能源化工期货ETF:no_observations|证券ETF:no_observations|豆粕ETF:no_observations
2014-10-31,11,60,5年国债ETF|日利ETF|沪深300ETF|中证500ETF|创业板ETF|红利ETF|消费ETF|恒生ETF|标普500ETF|黄金ETF|原油ETF,10年国债ETF|中证1000ETF|中证2000ETF|人工智能ETF|信用债ETF|军工ETF|半导体ETF|可转债ETF|新能源ETF|日经225ETF|有色金属期货ETF|欧洲ETF|煤炭ETF|白银LOF|科创50ETF|纳指ETF|能源化工期货ETF|证券ETF|豆粕ETF,10年国债ETF:no_observations|中证1000ETF:no_observations|中证2000ETF:no_observations|人工智能ETF:no_observations|信用债ETF:no_observations|军工ETF:no_observations|半导体ETF:no_observations|可转债ETF:no_observations|新能源ETF:no_observations|日经225ETF:no_observations|有色金属期货ETF:no_observations|欧洲ETF:insufficient_observations(33)|煤炭ETF:no_observations|白银LOF:no_observations|科创50ETF:no_observations|纳指ETF:no_observations|能源化工期货ETF:no_observations|证券ETF:no_observations|豆粕ETF:no_observations
2014-11-07,11,60,5年国债ETF|日利ETF|沪深300ETF|中证500ETF|创业板ETF|红利ETF|消费ETF|恒生ETF|标普500ETF|黄金ETF|原油ETF,10年国债ETF|中证1000ETF|中证2000ETF|人工智能ETF|信用债ETF|军工ETF|半导体ETF|可转债ETF|新能源ETF|日经225ETF|有色金属期货ETF|欧洲ETF|煤炭ETF|白银LOF|科创50ETF|纳指ETF|能源化工期货ETF|证券ETF|豆粕ETF,10年国债ETF:no_observations|中证1000ETF:no_observations|中证2000ETF:no_observations|人工智能ETF:no_observations|信用债ETF:no_observations|军工ETF:no_observations|半导体ETF:no_observations|可转债ETF:no_observations|新能源ETF:no_observations|日经225ETF:no_observations|有色金属期货ETF:no_observations|欧洲ETF:insufficient_observations(38)|煤炭ETF:no_observations|白银LOF:no_observations|科创50ETF:no_observations|纳指ETF:no_observations|能源化工期货ETF:no_observations|证券ETF:no_observations|豆粕ETF:no_observations
2014-11-14,11,60,5年国债ETF|日利ETF|沪深300ETF|中证500ETF|创业板ETF|红利ETF|消费ETF|恒生ETF|标普500ETF|黄金ETF|原油ETF,10年国债ETF|中证1000ETF|中证2000ETF|人工智能ETF|信用债ETF|军工ETF|半导体ETF|可转债ETF|新能源ETF|日经225ETF|有色金属期货ETF|欧洲ETF|煤炭ETF|白银LOF|科创50ETF|纳指ETF|能源化工期货ETF|证券ETF|豆粕ETF,10年国债ETF:no_observations|中证1000ETF:no_observations|中证2000ETF:no_observations|人工智能ETF:no_observations|信用债ETF:no_observations|军工ETF:no_observations|半导体ETF:no_observations|可转债ETF:no_observations|新能源ETF:no_observations|日经225ETF:no_observations|有色金属期货ETF:no_observations|欧洲ETF:insufficient_observations(43)|煤炭ETF:no_observations|白银LOF:no_observations|科创50ETF:no_observations|纳指ETF:no_observations|能源化工期货ETF:no_observations|证券ETF:no_observations|豆粕ETF:no_observations
2014-11-21,11,60,5年国债ETF|日利ETF|沪深300ETF|中证500ETF|创业板ETF|红利ETF|消费ETF|恒生ETF|标普500ETF|黄金ETF|原油ETF,10年国债ETF|中证1000ETF|中证2000ETF|人工智能ETF|信用债ETF|军工ETF|半导体ETF|可转债ETF|新能源ETF|日经225ETF|有色金属期货ETF|欧洲ETF|煤炭ETF|白银LOF|科创50ETF|纳指ETF|能源化工期货ETF|证券ETF|豆粕ETF,10年国债ETF:no_observations|中证1000ETF:no_observations|中证2000ETF:no_observations|人工智能ETF:no_observations|信用债ETF:no_observations|军工ETF:no_observations|半导体ETF:no_observations|可转债ETF:no_observations|新能源ETF:no_observations|日经225ETF:no_observations|有色金属期货ETF:no_observations|欧洲ETF:insufficient_observations(48)|煤炭ETF:no_observations|白银LOF:no_observations|科创50ETF:no_observations|纳指ETF:no_observations|能源化工期货ETF:no_observations|证券ETF:no_observations|豆粕ETF:no_observations
2014-11-28,11,60,5年国债ETF|日利ETF|沪深300ETF|中证500ETF|创业板ETF|红利ETF|消费ETF|恒生ETF|标普500ETF|黄金ETF|原油ETF,10年国债ETF|中证1000ETF|中证2000ETF|人工智能ETF|信用债ETF|军工ETF|半导体ETF|可转债ETF|新能源ETF|日经225ETF|有色金属期货ETF|欧洲ETF|煤炭ETF|白银LOF|科创50ETF|纳指ETF|能源化工期货ETF|证券ETF|豆粕ETF,10年国债ETF:no_observations|中证1000ETF:no_observations|中证2000ETF:no_observations|人工智能ETF:no_observations|信用债ETF:no_observations|军工ETF:no_observations|半导体ETF:no_observations|可转债ETF:no_observations|新能源ETF:no_observations|日经225ETF:no_observations|有色金属期货ETF:no_observations|欧洲ETF:insufficient_observations(53)|煤炭ETF:no_observations|白银LOF:no_observations|科创50ETF:no_observations|纳指ETF:no_observations|能源化工期货ETF:no_observations|证券ETF:no_observations|豆粕ETF:no_observations
2014-12-05,11,60,5年国债ETF|日利ETF|沪深300ETF|中证500ETF|创业板ETF|红利ETF|消费ETF|恒生ETF|标普500ETF|黄金ETF|原油ETF,10年国债ETF|中证1000ETF|中证2000ETF|人工智能ETF|信用债ETF|军工ETF|半导体ETF|可转债ETF|新能源ETF|日经225ETF|有色金属期货ETF|欧洲ETF|煤炭ETF|白银LOF|科创50ETF|纳指ETF|能源化工期货ETF|证券ETF|豆粕ETF,10年国债ETF:no_observations|中证1000ETF:no_observations|中证2000ETF:no_observations|人工智能ETF:no_observations|信用债ETF:no_observations|军工ETF:no_observations|半导体ETF:no_observations|可转债ETF:no_observations|新能源ETF:no_observations|日经225ETF:no_observations|有色金属期货ETF:no_observations|欧洲ETF:insufficient_observations(58)|煤炭ETF:no_observations|白银LOF:no_observations|科创50ETF:no_observations|纳指ETF:no_observations|能源化工期货ETF:no_observations|证券ETF:no_observations|豆粕ETF:no_observations
2014-12-12,12,60,5年国债ETF|日利ETF|沪深300ETF|中证500ETF|创业板ETF|红利ETF|消费ETF|恒生ETF|标普500ETF|欧洲ETF|黄金ETF|原油ETF,10年国债ETF|中证1000ETF|中证2000ETF|人工智能ETF|信用债ETF|军工ETF|半导体ETF|可转债ETF|新能源ETF|日经225ETF|有色金属期货ETF|煤炭ETF|白银LOF|科创50ETF|纳指ETF|能源化工期货ETF|证券ETF|豆粕ETF,10年国债ETF:no_observations|中证1000ETF:no_observations|中证2000ETF:no_observations|人工智能ETF:no_observations|信用债ETF:no_observations|军工ETF:no_observations|半导体ETF:no_observations|可转债ETF:no_observations|新能源ETF:no_observations|日经225ETF:no_observations|有色金属期货ETF:no_observations|煤炭ETF:no_observations|白银LOF:no_observations|科创50ETF:no_observations|纳指ETF:no_observations|能源化工期货ETF:no_observations|证券ETF:no_observations|豆粕ETF:no_observations
2014-12-19,12,60,5年国债ETF|日利ETF|沪深300ETF|中证500ETF|创业板ETF|红利ETF|消费ETF|恒生ETF|标普500ETF|欧洲ETF|黄金ETF|原油ETF,10年国债ETF|中证1000ETF|中证2000ETF|人工智能ETF|信用债ETF|军工ETF|半导体ETF|可转债ETF|新能源ETF|日经225ETF|有色金属期货ETF|煤炭ETF|白银LOF|科创50ETF|纳指ETF|能源化工期货ETF|证券ETF|豆粕ETF,10年国债ETF:no_observations|中证1000ETF:no_observations|中证2000ETF:no_observations|人工智能ETF:no_observations|信用债ETF:no_observations|军工ETF:no_observations|半导体ETF:no_observations|可转债ETF:no_observations|新能源ETF:no_observations|日经225ETF:no_observations|有色金属期货ETF:no_observations|煤炭ETF:no_observations|白银LOF:no_observations|科创50ETF:no_observations|纳指ETF:no_observations|能源化工期货ETF:no_observations|证券ETF:no_observations|豆粕ETF:no_observations
2014-12-26,12,60,5年国债ETF|日利ETF|沪深300ETF|中证500ETF|创业板ETF|红利ETF|消费ETF|恒生ETF|标普500ETF|欧洲ETF|黄金ETF|原油ETF,10年国债ETF|中证1000ETF|中证2000ETF|人工智能ETF|信用债ETF|军工ETF|半导体ETF|可转债ETF|新能源ETF|日经225ETF|有色金属期货ETF|煤炭ETF|白银LOF|科创50ETF|纳指ETF|能源化工期货ETF|证券ETF|豆粕ETF,10年国债ETF:no_observations|中证1000ETF:no_observations|中证2000ETF:no_observations|人工智能ETF:no_observations|信用债ETF:no_observations|军工ETF:no_observations|半导体ETF:no_observations|可转债ETF:no_observations|新能源ETF:no_observations|日经225ETF:no_observations|有色金属期货ETF:no_observations|煤炭ETF:no_observations|白银LOF:no_observations|科创50ETF:no_observations|纳指ETF:no_observations|能源化工期货ETF:no_observations|证券ETF:no_observations|豆粕ETF:no_observations
2014-12-31,12,60,5年国债ETF|日利ETF|沪深300ETF|中证500ETF|创业板ETF|红利ETF|消费ETF|恒生ETF|标普500ETF|欧洲ETF|黄金ETF|原油ETF,10年国债ETF|中证1000ETF|中证2000ETF|人工智能ETF|信用债ETF|军工ETF|半导体ETF|可转债ETF|新能源ETF|日经225ETF|有色金属期货ETF|煤炭ETF|白银LOF|科创50ETF|纳指ETF|能源化工期货ETF|证券ETF|豆粕ETF,10年国债ETF:no_observations|中证1000ETF:no_observations|中证2000ETF:no_observations|人工智能ETF:no_observations|信用债ETF:no_observations|军工ETF:no_observations|半导体ETF:no_observations|可转债ETF:no_observations|新能源ETF:no_observations|日经225ETF:no_observations|有色金属期货ETF:no_observations|煤炭ETF:no_observations|白银LOF:no_observations|科创50ETF:no_observations|纳指ETF:no_observations|能源化工期货ETF:no_observations|证券ETF:no_observations|豆粕ETF:no_observations
2015-01-09,12,60,5年国债ETF|日利ETF|沪深300ETF|中证500ETF|创业板ETF|红利ETF|消费ETF|恒生ETF|标普500ETF|欧洲ETF|黄金ETF|原油ETF,10年国债ETF|中证1000ETF|中证2000ETF|人工智能ETF|信用债ETF|军工ETF|半导体ETF|可转债ETF|新能源ETF|日经225ETF|有色金属期货ETF|煤炭ETF|白银LOF|科创50ETF|纳指ETF|能源化工期货ETF|证券ETF|豆粕ETF,10年国债ETF:no_observations|中证1000ETF:no_observations|中证2000ETF:no_observations|人工智能ETF:no_observations|信用债ETF:no_observations|军工ETF:no_observations|半导体ETF:no_observations|可转债ETF:no_observations|新能源ETF:no_observations|日经225ETF:no_observations|有色金属期货ETF:no_observations|煤炭ETF:no_observations|白银LOF:no_observations|科创50ETF:no_observations|纳指ETF:no_observations|能源化工期货ETF:no_observations|证券ETF:no_observations|豆粕ETF:no_observations
2015-01-16,12,60,5年国债ETF|日利ETF|沪深300ETF|中证500ETF|创业板ETF|红利ETF|消费ETF|恒生ETF|标普500ETF|欧洲ETF|黄金ETF|原油ETF,10年国债ETF|中证1000ETF|中证2000ETF|人工智能ETF|信用债ETF|军工ETF|半导体ETF|可转债ETF|新能源ETF|日经225ETF|有色金属期货ETF|煤炭ETF|白银LOF|科创50ETF|纳指ETF|能源化工期货ETF|证券ETF|豆粕ETF,10年国债ETF:no_observations|中证1000ETF:no_observations|中证2000ETF:no_observations|人工智能ETF:no_observations|信用债ETF:no_observations|军工ETF:no_observations|半导体ETF:no_observations|可转债ETF:no_observations|新能源ETF:no_observations|日经225ETF:no_observations|有色金属期货ETF:no_observations|煤炭ETF:no_observations|白银LOF:no_observations|科创50ETF:no_observations|纳指ETF:no_observations|能源化工期货ETF:no_observations|证券ETF:no_observations|豆粕ETF:no_observations
2015-01-23,12,60,5年国债ETF|日利ETF|沪深300ETF|中证500ETF|创业板ETF|红利ETF|消费ETF|恒生ETF|标普500ETF|欧洲ETF|黄金ETF|原油ETF,10年国债ETF|中证1000ETF|中证2000ETF|人工智能ETF|信用债ETF|军工ETF|半导体ETF|可转债ETF|新能源ETF|日经225ETF|有色金属期货ETF|煤炭ETF|白银LOF|科创50ETF|纳指ETF|能源化工期货ETF|证券ETF|豆粕ETF,10年国债ETF:no_observations|中证1000ETF:no_observations|中证2000ETF:no_observations|人工智能ETF:no_observations|信用债ETF:no_observations|军工ETF:no_observations|半导体ETF:no_observations|可转债ETF:no_observations|新能源ETF:no_observations|日经225ETF:no_observations|有色金属期货ETF:no_observations|煤炭ETF:no_observations|白银LOF:no_observations|科创50ETF:no_observations|纳指ETF:no_observations|能源化工期货ETF:no_observations|证券ETF:no_observations|豆粕ETF:no_observations
2015-01-30,12,60,5年国债ETF|日利ETF|沪深300ETF|中证500ETF|创业板ETF|红利ETF|消费ETF|恒生ETF|标普500ETF|欧洲ETF|黄金ETF|原油ETF,10年国债ETF|中证1000ETF|中证2000ETF|人工智能ETF|信用债ETF|军工ETF|半导体ETF|可转债ETF|新能源ETF|日经225ETF|有色金属期货ETF|煤炭ETF|白银LOF|科创50ETF|纳指ETF|能源化工期货ETF|证券ETF|豆粕ETF,10年国债ETF:no_observations|中证1000ETF:no_observations|中证2000ETF:no_observations|人工智能ETF:no_observations|信用债ETF:no_observations|军工ETF:no_observations|半导体ETF:no_observations|可转债ETF:no_observations|新能源ETF:no_observations|日经225ETF:no_observations|有色金属期货ETF:no_observations|煤炭ETF:no_observations|白银LOF:no_observations|科创50ETF:no_observations|纳指ETF:no_observations|能源化工期货ETF:no_observations|证券ETF:no_observations|豆粕ETF:no_observations
2015-02-06,12,60,5年国债ETF|日利ETF|沪深300ETF|中证500ETF|创业板ETF|红利ETF|消费ETF|恒生ETF|标普500ETF|欧洲ETF|黄金ETF|原油ETF,10年国债ETF|中证1000ETF|中证2000ETF|人工智能ETF|信用债ETF|军工ETF|半导体ETF|可转债ETF|新能源ETF|日经225ETF|有色金属期货ETF|煤炭ETF|白银LOF|科创50ETF|纳指ETF|能源化工期货ETF|证券ETF|豆粕ETF,10年国债ETF:no_observations|中证1000ETF:no_observations|中证2000ETF:no_observations|人工智能ETF:no_observations|信用债ETF:no_observations|军工ETF:no_observations|半导体ETF:no_observations|可转债ETF:no_observations|新能源ETF:no_observations|日经225ETF:no_observations|有色金属期货ETF:no_observations|煤炭ETF:no_observations|白银LOF:no_observations|科创50ETF:no_observations|纳指ETF:no_observations|能源化工期货ETF:no_observations|证券ETF:no_observations|豆粕ETF:no_observations
2015-02-13,12,60,5年国债ETF|日利ETF|沪深300ETF|中证500ETF|创业板ETF|红利ETF|消费ETF|恒生ETF|标普500ETF|欧洲ETF|黄金ETF|原油ETF,10年国债ETF|中证1000ETF|中证2000ETF|人工智能ETF|信用债ETF|军工ETF|半导体ETF|可转债ETF|新能源ETF|日经225ETF|有色金属期货ETF|煤炭ETF|白银LOF|科创50ETF|纳指ETF|能源化工期货ETF|证券ETF|豆粕ETF,10年国债ETF:no_observations|中证1000ETF:no_observations|中证2000ETF:no_observations|人工智能ETF:no_observations|信用债ETF:no_observations|军工ETF:no_observations|半导体ETF:no_observations|可转债ETF:no_observations|新能源ETF:no_observations|日经225ETF:no_observations|有色金属期货ETF:no_observations|煤炭ETF:no_observations|白银LOF:no_observations|科创50ETF:no_observations|纳指ETF:no_observations|能源化工期货ETF:no_observations|证券ETF:no_observations|豆粕ETF:no_observations
2015-02-17,12,60,5年国债ETF|日利ETF|沪深300ETF|中证500ETF|创业板ETF|红利ETF|消费ETF|恒生ETF|标普500ETF|欧洲ETF|黄金ETF|原油ETF,10年国债ETF|中证1000ETF|中证2000ETF|人工智能ETF|信用债ETF|军工ETF|半导体ETF|可转债ETF|新能源ETF|日经225ETF|有色金属期货ETF|煤炭ETF|白银LOF|科创50ETF|纳指ETF|能源化工期货ETF|证券ETF|豆粕ETF,10年国债ETF:no_observations|中证1000ETF:no_observations|中证2000ETF:no_observations|人工智能ETF:no_observations|信用债ETF:no_observations|军工ETF:no_observations|半导体ETF:no_observations|可转债ETF:no_observations|新能源ETF:no_observations|日经225ETF:no_observations|有色金属期货ETF:no_observations|煤炭ETF:no_observations|白银LOF:no_observations|科创50ETF:no_observations|纳指ETF:no_observations|能源化工期货ETF:no_observations|证券ETF:no_observations|豆粕ETF:no_observations
2015-02-27,12,60,5年国债ETF|日利ETF|沪深300ETF|中证500ETF|创业板ETF|红利ETF|消费ETF|恒生ETF|标普500ETF|欧洲ETF|黄金ETF|原油ETF,10年国债ETF|中证1000ETF|中证2000ETF|人工智能ETF|信用债ETF|军工ETF|半导体ETF|可转债ETF|新能源ETF|日经225ETF|有色金属期货ETF|煤炭ETF|白银LOF|科创50ETF|纳指ETF|能源化工期货ETF|证券ETF|豆粕ETF,10年国债ETF:no_observations|中证1000ETF:no_observations|中证2000ETF:no_observations|人工智能ETF:no_observations|信用债ETF:no_observations|军工ETF:no_observations|半导体ETF:no_observations|可转债ETF:no_observations|新能源ETF:no_observations|日经225ETF:no_observations|有色金属期货ETF:no_observations|煤炭ETF:no_observations|白银LOF:no_observations|科创50ETF:no_observations|纳指ETF:no_observations|能源化工期货ETF:no_observations|证券ETF:no_observations|豆粕ETF:no_observations
2015-03-06,12,60,5年国债ETF|日利ETF|沪深300ETF|中证500ETF|创业板ETF|红利ETF|消费ETF|恒生ETF|标普500ETF|欧洲ETF|黄金ETF|原油ETF,10年国债ETF|中证1000ETF|中证2000ETF|人工智能ETF|信用债ETF|军工ETF|半导体ETF|可转债ETF|新能源ETF|日经225ETF|有色金属期货ETF|煤炭ETF|白银LOF|科创50ETF|纳指ETF|能源化工期货ETF|证券ETF|豆粕ETF,10年国债ETF:no_observations|中证1000ETF:no_observations|中证2000ETF:no_observations|人工智能ETF:no_observations|信用债ETF:no_observations|军工ETF:no_observations|半导体ETF:no_observations|可转债ETF:no_observations|新能源ETF:no_observations|日经225ETF:no_observations|有色金属期货ETF:no_observations|煤炭ETF:no_observations|白银LOF:no_observations|科创50ETF:no_observations|纳指ETF:no_observations|能源化工期货ETF:no_observations|证券ETF:no_observations|豆粕ETF:no_observations
2015-03-13,12,60,5年国债ETF|日利ETF|沪深300ETF|中证500ETF|创业板ETF|红利ETF|消费ETF|恒生ETF|标普500ETF|欧洲ETF|黄金ETF|原油ETF,10年国债ETF|中证1000ETF|中证2000ETF|人工智能ETF|信用债ETF|军工ETF|半导体ETF|可转债ETF|新能源ETF|日经225ETF|有色金属期货ETF|煤炭ETF|白银LOF|科创50ETF|纳指ETF|能源化工期货ETF|证券ETF|豆粕ETF,10年国债ETF:no_observations|中证1000ETF:no_observations|中证2000ETF:no_observations|人工智能ETF:no_observations|信用债ETF:no_observations|军工ETF:no_observations|半导体ETF:no_observations|可转债ETF:no_observations|新能源ETF:no_observations|日经225ETF:no_observations|有色金属期货ETF:no_observations|煤炭ETF:no_observations|白银LOF:no_observations|科创50ETF:no_observations|纳指ETF:no_observations|能源化工期货ETF:no_observations|证券ETF:no_observations|豆粕ETF:no_observations
2015-03-20,12,60,5年国债ETF|日利ETF|沪深300ETF|中证500ETF|创业板ETF|红利ETF|消费ETF|恒生ETF|标普500ETF|欧洲ETF|黄金ETF|原油ETF,10年国债ETF|中证1000ETF|中证2000ETF|人工智能ETF|信用债ETF|军工ETF|半导体ETF|可转债ETF|新能源ETF|日经225ETF|有色金属期货ETF|煤炭ETF|白银LOF|科创50ETF|纳指ETF|能源化工期货ETF|证券ETF|豆粕ETF,10年国债ETF:no_observations|中证1000ETF:no_observations|中证2000ETF:no_observations|人工智能ETF:no_observations|信用债ETF:no_observations|军工ETF:no_observations|半导体ETF:no_observations|可转债ETF:no_observations|新能源ETF:no_observations|日经225ETF:no_observations|有色金属期货ETF:no_observations|煤炭ETF:no_observations|白银LOF:no_observations|科创50ETF:no_observations|纳指ETF:no_observations|能源化工期货ETF:no_observations|证券ETF:no_observations|豆粕ETF:no_observations
2015-03-27,12,60,5年国债ETF|日利ETF|沪深300ETF|中证500ETF|创业板ETF|红利ETF|消费ETF|恒生ETF|标普500ETF|欧洲ETF|黄金ETF|原油ETF,10年国债ETF|中证1000ETF|中证2000ETF|人工智能ETF|信用债ETF|军工ETF|半导体ETF|可转债ETF|新能源ETF|日经225ETF|有色金属期货ETF|煤炭ETF|白银LOF|科创50ETF|纳指ETF|能源化工期货ETF|证券ETF|豆粕ETF,10年国债ETF:no_observations|中证1000ETF:no_observations|中证2000ETF:no_observations|人工智能ETF:no_observations|信用债ETF:no_observations|军工ETF:no_observations|半导体ETF:no_observations|可转债ETF:no_observations|新能源ETF:no_observations|日经225ETF:no_observations|有色金属期货ETF:no_observations|煤炭ETF:no_observations|白银LOF:no_observations|科创50ETF:no_observations|纳指ETF:no_observations|能源化工期货ETF:no_observations|证券ETF:no_observations|豆粕ETF:no_observations
2015-04-03,12,60,5年国债ETF|日利ETF|沪深300ETF|中证500ETF|创业板ETF|红利ETF|消费ETF|恒生ETF|标普500ETF|欧洲ETF|黄金ETF|原油ETF,10年国债ETF|中证1000ETF|中证2000ETF|人工智能ETF|信用债ETF|军工ETF|半导体ETF|可转债ETF|新能源ETF|日经225ETF|有色金属期货ETF|煤炭ETF|白银LOF|科创50ETF|纳指ETF|能源化工期货ETF|证券ETF|豆粕ETF,10年国债ETF:no_observations|中证1000ETF:no_observations|中证2000ETF:no_observations|人工智能ETF:no_observations|信用债ETF:no_observations|军工ETF:no_observations|半导体ETF:no_observations|可转债ETF:no_observations|新能源ETF:no_observations|日经225ETF:no_observations|有色金属期货ETF:no_observations|煤炭ETF:no_observations|白银LOF:no_observations|科创50ETF:no_observations|纳指ETF:no_observations|能源化工期货ETF:no_observations|证券ETF:no_observations|豆粕ETF:no_observations
2015-04-10,12,60,5年国债ETF|日利ETF|沪深300ETF|中证500ETF|创业板ETF|红利ETF|消费ETF|恒生ETF|标普500ETF|欧洲ETF|黄金ETF|原油ETF,10年国债ETF|中证1000ETF|中证2000ETF|人工智能ETF|信用债ETF|军工ETF|半导体ETF|可转债ETF|新能源ETF|日经225ETF|有色金属期货ETF|煤炭ETF|白银LOF|科创50ETF|纳指ETF|能源化工期货ETF|证券ETF|豆粕ETF,10年国债ETF:no_observations|中证1000ETF:no_observations|中证2000ETF:no_observations|人工智能ETF:no_observations|信用债ETF:no_observations|军工ETF:no_observations|半导体ETF:no_observations|可转债ETF:no_observations|新能源ETF:no_observations|日经225ETF:no_observations|有色金属期货ETF:no_observations|煤炭ETF:no_observations|白银LOF:no_observations|科创50ETF:no_observations|纳指ETF:no_observations|能源化工期货ETF:no_observations|证券ETF:no_observations|豆粕ETF:no_observations
2015-04-17,12,60,5年国债ETF|日利ETF|沪深300ETF|中证500ETF|创业板ETF|红利ETF|消费ETF|恒生ETF|标普500ETF|欧洲ETF|黄金ETF|原油ETF,10年国债ETF|中证1000ETF|中证2000ETF|人工智能ETF|信用债ETF|军工ETF|半导体ETF|可转债ETF|新能源ETF|日经225ETF|有色金属期货ETF|煤炭ETF|白银LOF|科创50ETF|纳指ETF|能源化工期货ETF|证券ETF|豆粕ETF,10年国债ETF:no_observations|中证1000ETF:no_observations|中证2000ETF:no_observations|人工智能ETF:no_observations|信用债ETF:no_observations|军工ETF:no_observations|半导体ETF:no_observations|可转债ETF:no_observations|新能源ETF:no_observations|日经225ETF:no_observations|有色金属期货ETF:no_observations|煤炭ETF:no_observations|白银LOF:no_observations|科创50ETF:no_observations|纳指ETF:no_observations|能源化工期货ETF:no_observations|证券ETF:no_observations|豆粕ETF:no_observations
2015-04-24,12,60,5年国债ETF|日利ETF|沪深300ETF|中证500ETF|创业板ETF|红利ETF|消费ETF|恒生ETF|标普500ETF|欧洲ETF|黄金ETF|原油ETF,10年国债ETF|中证1000ETF|中证2000ETF|人工智能ETF|信用债ETF|军工ETF|半导体ETF|可转债ETF|新能源ETF|日经225ETF|有色金属期货ETF|煤炭ETF|白银LOF|科创50ETF|纳指ETF|能源化工期货ETF|证券ETF|豆粕ETF,10年国债ETF:no_observations|中证1000ETF:no_observations|中证2000ETF:no_observations|人工智能ETF:no_observations|信用债ETF:no_observations|军工ETF:no_observations|半导体ETF:no_observations|可转债ETF:no_observations|新能源ETF:no_observations|日经225ETF:no_observations|有色金属期货ETF:no_observations|煤炭ETF:no_observations|白银LOF:no_observations|科创50ETF:no_observations|纳指ETF:no_observations|能源化工期货ETF:no_observations|证券ETF:no_observations|豆粕ETF:no_observations
2015-04-30,12,60,5年国债ETF|日利ETF|沪深300ETF|中证500ETF|创业板ETF|红利ETF|消费ETF|恒生ETF|标普500ETF|欧洲ETF|黄金ETF|原油ETF,10年国债ETF|中证1000ETF|中证2000ETF|人工智能ETF|信用债ETF|军工ETF|半导体ETF|可转债ETF|新能源ETF|日经225ETF|有色金属期货ETF|煤炭ETF|白银LOF|科创50ETF|纳指ETF|能源化工期货ETF|证券ETF|豆粕ETF,10年国债ETF:no_observations|中证1000ETF:no_observations|中证2000ETF:no_observations|人工智能ETF:no_observations|信用债ETF:no_observations|军工ETF:no_observations|半导体ETF:no_observations|可转债ETF:no_observations|新能源ETF:no_observations|日经225ETF:no_observations|有色金属期货ETF:no_observations|煤炭ETF:no_observations|白银LOF:no_observations|科创50ETF:no_observations|纳指ETF:no_observations|能源化工期货ETF:no_observations|证券ETF:no_observations|豆粕ETF:no_observations
2015-05-08,12,60,5年国债ETF|日利ETF|沪深300ETF|中证500ETF|创业板ETF|红利ETF|消费ETF|恒生ETF|标普500ETF|欧洲ETF|黄金ETF|原油ETF,10年国债ETF|中证1000ETF|中证2000ETF|人工智能ETF|信用债ETF|军工ETF|半导体ETF|可转债ETF|新能源ETF|日经225ETF|有色金属期货ETF|煤炭ETF|白银LOF|科创50ETF|纳指ETF|能源化工期货ETF|证券ETF|豆粕ETF,10年国债ETF:no_observations|中证1000ETF:no_observations|中证2000ETF:no_observations|人工智能ETF:no_observations|信用债ETF:no_observations|军工ETF:no_observations|半导体ETF:no_observations|可转债ETF:no_observations|新能源ETF:no_observations|日经225ETF:no_observations|有色金属期货ETF:no_observations|煤炭ETF:no_observations|白银LOF:no_observations|科创50ETF:no_observations|纳指ETF:no_observations|能源化工期货ETF:no_observations|证券ETF:no_observations|豆粕ETF:no_observations
2015-05-15,12,60,5年国债ETF|日利ETF|沪深300ETF|中证500ETF|创业板ETF|红利ETF|消费ETF|恒生ETF|标普500ETF|欧洲ETF|黄金ETF|原油ETF,10年国债ETF|中证1000ETF|中证2000ETF|人工智能ETF|信用债ETF|军工ETF|半导体ETF|可转债ETF|新能源ETF|日经225ETF|有色金属期货ETF|煤炭ETF|白银LOF|科创50ETF|纳指ETF|能源化工期货ETF|证券ETF|豆粕ETF,10年国债ETF:no_observations|中证1000ETF:no_observations|中证2000ETF:no_observations|人工智能ETF:no_observations|信用债ETF:no_observations|军工ETF:no_observations|半导体ETF:no_observations|可转债ETF:no_observations|新能源ETF:no_observations|日经225ETF:no_observations|有色金属期货ETF:no_observations|煤炭ETF:no_observations|白银LOF:no_observations|科创50ETF:no_observations|纳指ETF:no_observations|能源化工期货ETF:no_observations|证券ETF:no_observations|豆粕ETF:no_observations
2015-05-22,12,60,5年国债ETF|日利ETF|沪深300ETF|中证500ETF|创业板ETF|红利ETF|消费ETF|恒生ETF|标普500ETF|欧洲ETF|黄金ETF|原油ETF,10年国债ETF|中证1000ETF|中证2000ETF|人工智能ETF|信用债ETF|军工ETF|半导体ETF|可转债ETF|新能源ETF|日经225ETF|有色金属期货ETF|煤炭ETF|白银LOF|科创50ETF|纳指ETF|能源化工期货ETF|证券ETF|豆粕ETF,10年国债ETF:no_observations|中证1000ETF:no_observations|中证2000ETF:no_observations|人工智能ETF:no_observations|信用债ETF:no_observations|军工ETF:no_observations|半导体ETF:no_observations|可转债ETF:no_observations|新能源ETF:no_observations|日经225ETF:no_observations|有色金属期货ETF:no_observations|煤炭ETF:no_observations|白银LOF:no_observations|科创50ETF:no_observations|纳指ETF:no_observations|能源化工期货ETF:no_observations|证券ETF:no_observations|豆粕ETF:no_observations
2015-05-29,12,60,5年国债ETF|日利ETF|沪深300ETF|中证500ETF|创业板ETF|红利ETF|消费ETF|恒生ETF|标普500ETF|欧洲ETF|黄金ETF|原油ETF,10年国债ETF|中证1000ETF|中证2000ETF|人工智能ETF|信用债ETF|军工ETF|半导体ETF|可转债ETF|新能源ETF|日经225ETF|有色金属期货ETF|煤炭ETF|白银LOF|科创50ETF|纳指ETF|能源化工期货ETF|证券ETF|豆粕ETF,10年国债ETF:no_observations|中证1000ETF:no_observations|中证2000ETF:no_observations|人工智能ETF:no_observations|信用债ETF:no_observations|军工ETF:no_observations|半导体ETF:no_observations|可转债ETF:no_observations|新能源ETF:no_observations|日经225ETF:no_observations|有色金属期货ETF:no_observations|煤炭ETF:no_observations|白银LOF:no_observations|科创50ETF:no_observations|纳指ETF:no_observations|能源化工期货ETF:no_observations|证券ETF:no_observations|豆粕ETF:no_observations
2015-06-05,12,60,5年国债ETF|日利ETF|沪深300ETF|中证500ETF|创业板ETF|红利ETF|消费ETF|恒生ETF|标普500ETF|欧洲ETF|黄金ETF|原油ETF,10年国债ETF|中证1000ETF|中证2000ETF|人工智能ETF|信用债ETF|军工ETF|半导体ETF|可转债ETF|新能源ETF|日经225ETF|有色金属期货ETF|煤炭ETF|白银LOF|科创50ETF|纳指ETF|能源化工期货ETF|证券ETF|豆粕ETF,10年国债ETF:no_observations|中证1000ETF:no_observations|中证2000ETF:no_observations|人工智能ETF:no_observations|信用债ETF:no_observations|军工ETF:no_observations|半导体ETF:no_observations|可转债ETF:no_observations|新能源ETF:no_observations|日经225ETF:no_observations|有色金属期货ETF:no_observations|煤炭ETF:no_observations|白银LOF:no_observations|科创50ETF:no_observations|纳指ETF:no_observations|能源化工期货ETF:no_observations|证券ETF:no_observations|豆粕ETF:no_observations
2015-06-12,12,60,5年国债ETF|日利ETF|沪深300ETF|中证500ETF|创业板ETF|红利ETF|消费ETF|恒生ETF|标普500ETF|欧洲ETF|黄金ETF|原油ETF,10年国债ETF|中证1000ETF|中证2000ETF|人工智能ETF|信用债ETF|军工ETF|半导体ETF|可转债ETF|新能源ETF|日经225ETF|有色金属期货ETF|煤炭ETF|白银LOF|科创50ETF|纳指ETF|能源化工期货ETF|证券ETF|豆粕ETF,10年国债ETF:no_observations|中证1000ETF:no_observations|中证2000ETF:no_observations|人工智能ETF:no_observations|信用债ETF:no_observations|军工ETF:no_observations|半导体ETF:no_observations|可转债ETF:no_observations|新能源ETF:no_observations|日经225ETF:no_observations|有色金属期货ETF:no_observations|煤炭ETF:no_observations|白银LOF:no_observations|科创50ETF:no_observations|纳指ETF:no_observations|能源化工期货ETF:no_observations|证券ETF:no_observations|豆粕ETF:no_observations
2015-06-19,12,60,5年国债ETF|日利ETF|沪深300ETF|中证500ETF|创业板ETF|红利ETF|消费ETF|恒生ETF|标普500ETF|欧洲ETF|黄金ETF|原油ETF,10年国债ETF|中证1000ETF|中证2000ETF|人工智能ETF|信用债ETF|军工ETF|半导体ETF|可转债ETF|新能源ETF|日经225ETF|有色金属期货ETF|煤炭ETF|白银LOF|科创50ETF|纳指ETF|能源化工期货ETF|证券ETF|豆粕ETF,10年国债ETF:no_observations|中证1000ETF:no_observations|中证2000ETF:no_observations|人工智能ETF:no_observations|信用债ETF:no_observations|军工ETF:no_observations|半导体ETF:no_observations|可转债ETF:no_observations|新能源ETF:no_observations|日经225ETF:no_observations|有色金属期货ETF:no_observations|煤炭ETF:no_observations|白银LOF:no_observations|科创50ETF:no_observations|纳指ETF:no_observations|能源化工期货ETF:no_observations|证券ETF:no_observations|豆粕ETF:no_observations
2015-06-26,12,60,5年国债ETF|日利ETF|沪深300ETF|中证500ETF|创业板ETF|红利ETF|消费ETF|恒生ETF|标普500ETF|欧洲ETF|黄金ETF|原油ETF,10年国债ETF|中证1000ETF|中证2000ETF|人工智能ETF|信用债ETF|军工ETF|半导体ETF|可转债ETF|新能源ETF|日经225ETF|有色金属期货ETF|煤炭ETF|白银LOF|科创50ETF|纳指ETF|能源化工期货ETF|证券ETF|豆粕ETF,10年国债ETF:no_observations|中证1000ETF:no_observations|中证2000ETF:no_observations|人工智能ETF:no_observations|信用债ETF:no_observations|军工ETF:no_observations|半导体ETF:no_observations|可转债ETF:no_observations|新能源ETF:no_observations|日经225ETF:no_observations|有色金属期货ETF:no_observations|煤炭ETF:no_observations|白银LOF:no_observations|科创50ETF:no_observations|纳指ETF:no_observations|能源化工期货ETF:no_observations|证券ETF:no_observations|豆粕ETF:no_observations
2015-07-03,12,60,5年国债ETF|日利ETF|沪深300ETF|中证500ETF|创业板ETF|红利ETF|消费ETF|恒生ETF|标普500ETF|欧洲ETF|黄金ETF|原油ETF,10年国债ETF|中证1000ETF|中证2000ETF|人工智能ETF|信用债ETF|军工ETF|半导体ETF|可转债ETF|新能源ETF|日经225ETF|有色金属期货ETF|煤炭ETF|白银LOF|科创50ETF|纳指ETF|能源化工期货ETF|证券ETF|豆粕ETF,10年国债ETF:no_observations|中证1000ETF:no_observations|中证2000ETF:no_observations|人工智能ETF:no_observations|信用债ETF:no_observations|军工ETF:no_observations|半导体ETF:no_observations|可转债ETF:no_observations|新能源ETF:no_observations|日经225ETF:no_observations|有色金属期货ETF:no_observations|煤炭ETF:no_observations|白银LOF:no_observations|科创50ETF:no_observations|纳指ETF:no_observations|能源化工期货ETF:no_observations|证券ETF:no_observations|豆粕ETF:no_observations
2015-07-10,12,60,5年国债ETF|日利ETF|沪深300ETF|中证500ETF|创业板ETF|红利ETF|消费ETF|恒生ETF|标普500ETF|欧洲ETF|黄金ETF|原油ETF,10年国债ETF|中证1000ETF|中证2000ETF|人工智能ETF|信用债ETF|军工ETF|半导体ETF|可转债ETF|新能源ETF|日经225ETF|有色金属期货ETF|煤炭ETF|白银LOF|科创50ETF|纳指ETF|能源化工期货ETF|证券ETF|豆粕ETF,10年国债ETF:no_observations|中证1000ETF:no_observations|中证2000ETF:no_observations|人工智能ETF:no_observations|信用债ETF:no_observations|军工ETF:no_observations|半导体ETF:no_observations|可转债ETF:no_observations|新能源ETF:no_observations|日经225ETF:no_observations|有色金属期货ETF:no_observations|煤炭ETF:no_observations|白银LOF:no_observations|科创50ETF:no_observations|纳指ETF:no_observations|能源化工期货ETF:no_observations|证券ETF:no_observations|豆粕ETF:no_observations
2015-07-17,12,60,5年国债ETF|日利ETF|沪深300ETF|中证500ETF|创业板ETF|红利ETF|消费ETF|恒生ETF|标普500ETF|欧洲ETF|黄金ETF|原油ETF,10年国债ETF|中证1000ETF|中证2000ETF|人工智能ETF|信用债ETF|军工ETF|半导体ETF|可转债ETF|新能源ETF|日经225ETF|有色金属期货ETF|煤炭ETF|白银LOF|科创50ETF|纳指ETF|能源化工期货ETF|证券ETF|豆粕ETF,10年国债ETF:no_observations|中证1000ETF:no_observations|中证2000ETF:no_observations|人工智能ETF:no_observations|信用债ETF:no_observations|军工ETF:no_observations|半导体ETF:no_observations|可转债ETF:no_observations|新能源ETF:no_observations|日经225ETF:no_observations|有色金属期货ETF:no_observations|煤炭ETF:no_observations|白银LOF:no_observations|科创50ETF:no_observations|纳指ETF:insufficient_observations(3)|能源化工期货ETF:no_observations|证券ETF:no_observations|豆粕ETF:no_observations
2015-07-24,12,60,5年国债ETF|日利ETF|沪深300ETF|中证500ETF|创业板ETF|红利ETF|消费ETF|恒生ETF|标普500ETF|欧洲ETF|黄金ETF|原油ETF,10年国债ETF|中证1000ETF|中证2000ETF|人工智能ETF|信用债ETF|军工ETF|半导体ETF|可转债ETF|新能源ETF|日经225ETF|有色金属期货ETF|煤炭ETF|白银LOF|科创50ETF|纳指ETF|能源化工期货ETF|证券ETF|豆粕ETF,10年国债ETF:no_observations|中证1000ETF:no_observations|中证2000ETF:no_observations|人工智能ETF:no_observations|信用债ETF:no_observations|军工ETF:no_observations|半导体ETF:no_observations|可转债ETF:no_observations|新能源ETF:no_observations|日经225ETF:no_observations|有色金属期货ETF:no_observations|煤炭ETF:no_observations|白银LOF:no_observations|科创50ETF:no_observations|纳指ETF:insufficient_observations(8)|能源化工期货ETF:no_observations|证券ETF:no_observations|豆粕ETF:no_observations
2015-07-31,12,60,5年国债ETF|日利ETF|沪深300ETF|中证500ETF|创业板ETF|红利ETF|消费ETF|恒生ETF|标普500ETF|欧洲ETF|黄金ETF|原油ETF,10年国债ETF|中证1000ETF|中证2000ETF|人工智能ETF|信用债ETF|军工ETF|半导体ETF|可转债ETF|新能源ETF|日经225ETF|有色金属期货ETF|煤炭ETF|白银LOF|科创50ETF|纳指ETF|能源化工期货ETF|证券ETF|豆粕ETF,10年国债ETF:no_observations|中证1000ETF:no_observations|中证2000ETF:no_observations|人工智能ETF:no_observations|信用债ETF:no_observations|军工ETF:no_observations|半导体ETF:no_observations|可转债ETF:no_observations|新能源ETF:no_observations|日经225ETF:no_observations|有色金属期货ETF:no_observations|煤炭ETF:no_observations|白银LOF:no_observations|科创50ETF:no_observations|纳指ETF:insufficient_observations(13)|能源化工期货ETF:no_observations|证券ETF:no_observations|豆粕ETF:no_observations
2015-08-07,12,60,5年国债ETF|日利ETF|沪深300ETF|中证500ETF|创业板ETF|红利ETF|消费ETF|恒生ETF|标普500ETF|欧洲ETF|黄金ETF|原油ETF,10年国债ETF|中证1000ETF|中证2000ETF|人工智能ETF|信用债ETF|军工ETF|半导体ETF|可转债ETF|新能源ETF|日经225ETF|有色金属期货ETF|煤炭ETF|白银LOF|科创50ETF|纳指ETF|能源化工期货ETF|证券ETF|豆粕ETF,10年国债ETF:no_observations|中证1000ETF:no_observations|中证2000ETF:no_observations|人工智能ETF:no_observations|信用债ETF:no_observations|军工ETF:no_observations|半导体ETF:no_observations|可转债ETF:no_observations|新能源ETF:no_observations|日经225ETF:no_observations|有色金属期货ETF:no_observations|煤炭ETF:no_observations|白银LOF:no_observations|科创50ETF:no_observations|纳指ETF:insufficient_observations(18)|能源化工期货ETF:no_observations|证券ETF:no_observations|豆粕ETF:no_observations
2015-08-14,12,60,5年国债ETF|日利ETF|沪深300ETF|中证500ETF|创业板ETF|红利ETF|消费ETF|恒生ETF|标普500ETF|欧洲ETF|黄金ETF|原油ETF,10年国债ETF|中证1000ETF|中证2000ETF|人工智能ETF|信用债ETF|军工ETF|半导体ETF|可转债ETF|新能源ETF|日经225ETF|有色金属期货ETF|煤炭ETF|白银LOF|科创50ETF|纳指ETF|能源化工期货ETF|证券ETF|豆粕ETF,10年国债ETF:no_observations|中证1000ETF:no_observations|中证2000ETF:no_observations|人工智能ETF:no_observations|信用债ETF:no_observations|军工ETF:no_observations|半导体ETF:no_observations|可转债ETF:no_observations|新能源ETF:no_observations|日经225ETF:no_observations|有色金属期货ETF:no_observations|煤炭ETF:no_observations|白银LOF:no_observations|科创50ETF:no_observations|纳指ETF:insufficient_observations(23)|能源化工期货ETF:no_observations|证券ETF:no_observations|豆粕ETF:no_observations
2015-08-21,12,60,5年国债ETF|日利ETF|沪深300ETF|中证500ETF|创业板ETF|红利ETF|消费ETF|恒生ETF|标普500ETF|欧洲ETF|黄金ETF|原油ETF,10年国债ETF|中证1000ETF|中证2000ETF|人工智能ETF|信用债ETF|军工ETF|半导体ETF|可转债ETF|新能源ETF|日经225ETF|有色金属期货ETF|煤炭ETF|白银LOF|科创50ETF|纳指ETF|能源化工期货ETF|证券ETF|豆粕ETF,10年国债ETF:no_observations|中证1000ETF:no_observations|中证2000ETF:no_observations|人工智能ETF:no_observations|信用债ETF:no_observations|军工ETF:no_observations|半导体ETF:no_observations|可转债ETF:no_observations|新能源ETF:no_observations|日经225ETF:no_observations|有色金属期货ETF:no_observations|煤炭ETF:no_observations|白银LOF:insufficient_observations(3)|科创50ETF:no_observations|纳指ETF:insufficient_observations(28)|能源化工期货ETF:no_observations|证券ETF:no_observations|豆粕ETF:no_observations
2015-08-28,12,60,5年国债ETF|日利ETF|沪深300ETF|中证500ETF|创业板ETF|红利ETF|消费ETF|恒生ETF|标普500ETF|欧洲ETF|黄金ETF|原油ETF,10年国债ETF|中证1000ETF|中证2000ETF|人工智能ETF|信用债ETF|军工ETF|半导体ETF|可转债ETF|新能源ETF|日经225ETF|有色金属期货ETF|煤炭ETF|白银LOF|科创50ETF|纳指ETF|能源化工期货ETF|证券ETF|豆粕ETF,10年国债ETF:no_observations|中证1000ETF:no_observations|中证2000ETF:no_observations|人工智能ETF:no_observations|信用债ETF:no_observations|军工ETF:no_observations|半导体ETF:no_observations|可转债ETF:no_observations|新能源ETF:no_observations|日经225ETF:no_observations|有色金属期货ETF:no_observations|煤炭ETF:no_observations|白银LOF:insufficient_observations(8)|科创50ETF:no_observations|纳指ETF:insufficient_observations(33)|能源化工期货ETF:no_observations|证券ETF:no_observations|豆粕ETF:no_observations
2015-09-02,12,60,5年国债ETF|日利ETF|沪深300ETF|中证500ETF|创业板ETF|红利ETF|消费ETF|恒生ETF|标普500ETF|欧洲ETF|黄金ETF|原油ETF,10年国债ETF|中证1000ETF|中证2000ETF|人工智能ETF|信用债ETF|军工ETF|半导体ETF|可转债ETF|新能源ETF|日经225ETF|有色金属期货ETF|煤炭ETF|白银LOF|科创50ETF|纳指ETF|能源化工期货ETF|证券ETF|豆粕ETF,10年国债ETF:no_observations|中证1000ETF:no_observations|中证2000ETF:no_observations|人工智能ETF:no_observations|信用债ETF:no_observations|军工ETF:no_observations|半导体ETF:no_observations|可转债ETF:no_observations|新能源ETF:no_observations|日经225ETF:no_observations|有色金属期货ETF:no_observations|煤炭ETF:no_observations|白银LOF:insufficient_observations(11)|科创50ETF:no_observations|纳指ETF:insufficient_observations(36)|能源化工期货ETF:no_observations|证券ETF:no_observations|豆粕ETF:no_observations
2015-09-11,12,60,5年国债ETF|日利ETF|沪深300ETF|中证500ETF|创业板ETF|红利ETF|消费ETF|恒生ETF|标普500ETF|欧洲ETF|黄金ETF|原油ETF,10年国债ETF|中证1000ETF|中证2000ETF|人工智能ETF|信用债ETF|军工ETF|半导体ETF|可转债ETF|新能源ETF|日经225ETF|有色金属期货ETF|煤炭ETF|白银LOF|科创50ETF|纳指ETF|能源化工期货ETF|证券ETF|豆粕ETF,10年国债ETF:no_observations|中证1000ETF:no_observations|中证2000ETF:no_observations|人工智能ETF:no_observations|信用债ETF:no_observations|军工ETF:no_observations|半导体ETF:no_observations|可转债ETF:no_observations|新能源ETF:no_observations|日经225ETF:no_observations|有色金属期货ETF:no_observations|煤炭ETF:no_observations|白银LOF:insufficient_observations(16)|科创50ETF:no_observations|纳指ETF:insufficient_observations(41)|能源化工期货ETF:no_observations|证券ETF:no_observations|豆粕ETF:no_observations
2015-09-18,12,60,5年国债ETF|日利ETF|沪深300ETF|中证500ETF|创业板ETF|红利ETF|消费ETF|恒生ETF|标普500ETF|欧洲ETF|黄金ETF|原油ETF,10年国债ETF|中证1000ETF|中证2000ETF|人工智能ETF|信用债ETF|军工ETF|半导体ETF|可转债ETF|新能源ETF|日经225ETF|有色金属期货ETF|煤炭ETF|白银LOF|科创50ETF|纳指ETF|能源化工期货ETF|证券ETF|豆粕ETF,10年国债ETF:no_observations|中证1000ETF:no_observations|中证2000ETF:no_observations|人工智能ETF:no_observations|信用债ETF:no_observations|军工ETF:no_observations|半导体ETF:no_observations|可转债ETF:no_observations|新能源ETF:no_observations|日经225ETF:no_observations|有色金属期货ETF:no_observations|煤炭ETF:no_observations|白银LOF:insufficient_observations(21)|科创50ETF:no_observations|纳指ETF:insufficient_observations(46)|能源化工期货ETF:no_observations|证券ETF:no_observations|豆粕ETF:no_observations
2015-09-25,12,60,5年国债ETF|日利ETF|沪深300ETF|中证500ETF|创业板ETF|红利ETF|消费ETF|恒生ETF|标普500ETF|欧洲ETF|黄金ETF|原油ETF,10年国债ETF|中证1000ETF|中证2000ETF|人工智能ETF|信用债ETF|军工ETF|半导体ETF|可转债ETF|新能源ETF|日经225ETF|有色金属期货ETF|煤炭ETF|白银LOF|科创50ETF|纳指ETF|能源化工期货ETF|证券ETF|豆粕ETF,10年国债ETF:no_observations|中证1000ETF:no_observations|中证2000ETF:no_observations|人工智能ETF:no_observations|信用债ETF:no_observations|军工ETF:no_observations|半导体ETF:no_observations|可转债ETF:no_observations|新能源ETF:no_observations|日经225ETF:no_observations|有色金属期货ETF:no_observations|煤炭ETF:no_observations|白银LOF:insufficient_observations(26)|科创50ETF:no_observations|纳指ETF:insufficient_observations(51)|能源化工期货ETF:no_observations|证券ETF:no_observations|豆粕ETF:no_observations
2015-09-30,12,60,5年国债ETF|日利ETF|沪深300ETF|中证500ETF|创业板ETF|红利ETF|消费ETF|恒生ETF|标普500ETF|欧洲ETF|黄金ETF|原油ETF,10年国债ETF|中证1000ETF|中证2000ETF|人工智能ETF|信用债ETF|军工ETF|半导体ETF|可转债ETF|新能源ETF|日经225ETF|有色金属期货ETF|煤炭ETF|白银LOF|科创50ETF|纳指ETF|能源化工期货ETF|证券ETF|豆粕ETF,10年国债ETF:no_observations|中证1000ETF:no_observations|中证2000ETF:no_observations|人工智能ETF:no_observations|信用债ETF:no_observations|军工ETF:no_observations|半导体ETF:no_observations|可转债ETF:no_observations|新能源ETF:no_observations|日经225ETF:no_observations|有色金属期货ETF:no_observations|煤炭ETF:no_observations|白银LOF:insufficient_observations(29)|科创50ETF:no_observations|纳指ETF:insufficient_observations(54)|能源化工期货ETF:no_observations|证券ETF:no_observations|豆粕ETF:no_observations
2015-10-09,12,60,5年国债ETF|日利ETF|沪深300ETF|中证500ETF|创业板ETF|红利ETF|消费ETF|恒生ETF|标普500ETF|欧洲ETF|黄金ETF|原油ETF,10年国债ETF|中证1000ETF|中证2000ETF|人工智能ETF|信用债ETF|军工ETF|半导体ETF|可转债ETF|新能源ETF|日经225ETF|有色金属期货ETF|煤炭ETF|白银LOF|科创50ETF|纳指ETF|能源化工期货ETF|证券ETF|豆粕ETF,10年国债ETF:no_observations|中证1000ETF:no_observations|中证2000ETF:no_observations|人工智能ETF:no_observations|信用债ETF:no_observations|军工ETF:no_observations|半导体ETF:no_observations|可转债ETF:no_observations|新能源ETF:no_observations|日经225ETF:no_observations|有色金属期货ETF:no_observations|煤炭ETF:no_observations|白银LOF:insufficient_observations(31)|科创50ETF:no_observations|纳指ETF:insufficient_observations(56)|能源化工期货ETF:no_observations|证券ETF:no_observations|豆粕ETF:no_observations
2015-10-16,13,60,5年国债ETF|日利ETF|沪深300ETF|中证500ETF|创业板ETF|红利ETF|消费ETF|恒生ETF|纳指ETF|标普500ETF|欧洲ETF|黄金ETF|原油ETF,10年国债ETF|中证1000ETF|中证2000ETF|人工智能ETF|信用债ETF|军工ETF|半导体ETF|可转债ETF|新能源ETF|日经225ETF|有色金属期货ETF|煤炭ETF|白银LOF|科创50ETF|能源化工期货ETF|证券ETF|豆粕ETF,10年国债ETF:no_observations|中证1000ETF:no_observations|中证2000ETF:no_observations|人工智能ETF:no_observations|信用债ETF:no_observations|军工ETF:no_observations|半导体ETF:no_observations|可转债ETF:no_observations|新能源ETF:no_observations|日经225ETF:no_observations|有色金属期货ETF:no_observations|煤炭ETF:no_observations|白银LOF:insufficient_observations(36)|科创50ETF:no_observations|能源化工期货ETF:no_observations|证券ETF:no_observations|豆粕ETF:no_observations
2015-10-23,13,60,5年国债ETF|日利ETF|沪深300ETF|中证500ETF|创业板ETF|红利ETF|消费ETF|恒生ETF|纳指ETF|标普500ETF|欧洲ETF|黄金ETF|原油ETF,10年国债ETF|中证1000ETF|中证2000ETF|人工智能ETF|信用债ETF|军工ETF|半导体ETF|可转债ETF|新能源ETF|日经225ETF|有色金属期货ETF|煤炭ETF|白银LOF|科创50ETF|能源化工期货ETF|证券ETF|豆粕ETF,10年国债ETF:no_observations|中证1000ETF:no_observations|中证2000ETF:no_observations|人工智能ETF:no_observations|信用债ETF:no_observations|军工ETF:no_observations|半导体ETF:no_observations|可转债ETF:no_observations|新能源ETF:no_observations|日经225ETF:no_observations|有色金属期货ETF:no_observations|煤炭ETF:no_observations|白银LOF:insufficient_observations(41)|科创50ETF:no_observations|能源化工期货ETF:no_observations|证券ETF:no_observations|豆粕ETF:no_observations
2015-10-30,13,60,5年国债ETF|日利ETF|沪深300ETF|中证500ETF|创业板ETF|红利ETF|消费ETF|恒生ETF|纳指ETF|标普500ETF|欧洲ETF|黄金ETF|原油ETF,10年国债ETF|中证1000ETF|中证2000ETF|人工智能ETF|信用债ETF|军工ETF|半导体ETF|可转债ETF|新能源ETF|日经225ETF|有色金属期货ETF|煤炭ETF|白银LOF|科创50ETF|能源化工期货ETF|证券ETF|豆粕ETF,10年国债ETF:no_observations|中证1000ETF:no_observations|中证2000ETF:no_observations|人工智能ETF:no_observations|信用债ETF:no_observations|军工ETF:no_observations|半导体ETF:no_observations|可转债ETF:no_observations|新能源ETF:no_observations|日经225ETF:no_observations|有色金属期货ETF:no_observations|煤炭ETF:no_observations|白银LOF:insufficient_observations(46)|科创50ETF:no_observations|能源化工期货ETF:no_observations|证券ETF:no_observations|豆粕ETF:no_observations
2015-11-06,13,60,5年国债ETF|日利ETF|沪深300ETF|中证500ETF|创业板ETF|红利ETF|消费ETF|恒生ETF|纳指ETF|标普500ETF|欧洲ETF|黄金ETF|原油ETF,10年国债ETF|中证1000ETF|中证2000ETF|人工智能ETF|信用债ETF|军工ETF|半导体ETF|可转债ETF|新能源ETF|日经225ETF|有色金属期货ETF|煤炭ETF|白银LOF|科创50ETF|能源化工期货ETF|证券ETF|豆粕ETF,10年国债ETF:no_observations|中证1000ETF:no_observations|中证2000ETF:no_observations|人工智能ETF:no_observations|信用债ETF:no_observations|军工ETF:no_observations|半导体ETF:no_observations|可转债ETF:no_observations|新能源ETF:no_observations|日经225ETF:no_observations|有色金属期货ETF:no_observations|煤炭ETF:no_observations|白银LOF:insufficient_observations(51)|科创50ETF:no_observations|能源化工期货ETF:no_observations|证券ETF:no_observations|豆粕ETF:no_observations
2015-11-13,13,60,5年国债ETF|日利ETF|沪深300ETF|中证500ETF|创业板ETF|红利ETF|消费ETF|恒生ETF|纳指ETF|标普500ETF|欧洲ETF|黄金ETF|原油ETF,10年国债ETF|中证1000ETF|中证2000ETF|人工智能ETF|信用债ETF|军工ETF|半导体ETF|可转债ETF|新能源ETF|日经225ETF|有色金属期货ETF|煤炭ETF|白银LOF|科创50ETF|能源化工期货ETF|证券ETF|豆粕ETF,10年国债ETF:no_observations|中证1000ETF:no_observations|中证2000ETF:no_observations|人工智能ETF:no_observations|信用债ETF:no_observations|军工ETF:no_observations|半导体ETF:no_observations|可转债ETF:no_observations|新能源ETF:no_observations|日经225ETF:no_observations|有色金属期货ETF:no_observations|煤炭ETF:no_observations|白银LOF:insufficient_observations(56)|科创50ETF:no_observations|能源化工期货ETF:no_observations|证券ETF:no_observations|豆粕ETF:no_observations
2015-11-20,14,60,5年国债ETF|日利ETF|沪深300ETF|中证500ETF|创业板ETF|红利ETF|消费ETF|恒生ETF|白银LOF|纳指ETF|标普500ETF|欧洲ETF|黄金ETF|原油ETF,10年国债ETF|中证1000ETF|中证2000ETF|人工智能ETF|信用债ETF|军工ETF|半导体ETF|可转债ETF|新能源ETF|日经225ETF|有色金属期货ETF|煤炭ETF|科创50ETF|能源化工期货ETF|证券ETF|豆粕ETF,10年国债ETF:no_observations|中证1000ETF:no_observations|中证2000ETF:no_observations|人工智能ETF:no_observations|信用债ETF:no_observations|军工ETF:no_observations|半导体ETF:no_observations|可转债ETF:no_observations|新能源ETF:no_observations|日经225ETF:no_observations|有色金属期货ETF:no_observations|煤炭ETF:no_observations|科创50ETF:no_observations|能源化工期货ETF:no_observations|证券ETF:no_observations|豆粕ETF:no_observations
2015-11-27,14,60,5年国债ETF|日利ETF|沪深300ETF|中证500ETF|创业板ETF|红利ETF|消费ETF|恒生ETF|白银LOF|纳指ETF|标普500ETF|欧洲ETF|黄金ETF|原油ETF,10年国债ETF|中证1000ETF|中证2000ETF|人工智能ETF|信用债ETF|军工ETF|半导体ETF|可转债ETF|新能源ETF|日经225ETF|有色金属期货ETF|煤炭ETF|科创50ETF|能源化工期货ETF|证券ETF|豆粕ETF,10年国债ETF:no_observations|中证1000ETF:no_observations|中证2000ETF:no_observations|人工智能ETF:no_observations|信用债ETF:no_observations|军工ETF:no_observations|半导体ETF:no_observations|可转债ETF:no_observations|新能源ETF:no_observations|日经225ETF:no_observations|有色金属期货ETF:no_observations|煤炭ETF:no_observations|科创50ETF:no_observations|能源化工期货ETF:no_observations|证券ETF:no_observations|豆粕ETF:no_observations
2015-12-04,14,60,5年国债ETF|日利ETF|沪深300ETF|中证500ETF|创业板ETF|红利ETF|消费ETF|恒生ETF|白银LOF|纳指ETF|标普500ETF|欧洲ETF|黄金ETF|原油ETF,10年国债ETF|中证1000ETF|中证2000ETF|人工智能ETF|信用债ETF|军工ETF|半导体ETF|可转债ETF|新能源ETF|日经225ETF|有色金属期货ETF|煤炭ETF|科创50ETF|能源化工期货ETF|证券ETF|豆粕ETF,10年国债ETF:no_observations|中证1000ETF:no_observations|中证2000ETF:no_observations|人工智能ETF:no_observations|信用债ETF:no_observations|军工ETF:no_observations|半导体ETF:no_observations|可转债ETF:no_observations|新能源ETF:no_observations|日经225ETF:no_observations|有色金属期货ETF:no_observations|煤炭ETF:no_observations|科创50ETF:no_observations|能源化工期货ETF:no_observations|证券ETF:no_observations|豆粕ETF:no_observations
2015-12-11,14,60,5年国债ETF|日利ETF|沪深300ETF|中证500ETF|创业板ETF|红利ETF|消费ETF|恒生ETF|白银LOF|纳指ETF|标普500ETF|欧洲ETF|黄金ETF|原油ETF,10年国债ETF|中证1000ETF|中证2000ETF|人工智能ETF|信用债ETF|军工ETF|半导体ETF|可转债ETF|新能源ETF|日经225ETF|有色金属期货ETF|煤炭ETF|科创50ETF|能源化工期货ETF|证券ETF|豆粕ETF,10年国债ETF:no_observations|中证1000ETF:no_observations|中证2000ETF:no_observations|人工智能ETF:no_observations|信用债ETF:no_observations|军工ETF:no_observations|半导体ETF:no_observations|可转债ETF:no_observations|新能源ETF:no_observations|日经225ETF:no_observations|有色金属期货ETF:no_observations|煤炭ETF:no_observations|科创50ETF:no_observations|能源化工期货ETF:no_observations|证券ETF:no_observations|豆粕ETF:no_observations
2015-12-18,14,60,5年国债ETF|日利ETF|沪深300ETF|中证500ETF|创业板ETF|红利ETF|消费ETF|恒生ETF|白银LOF|纳指ETF|标普500ETF|欧洲ETF|黄金ETF|原油ETF,10年国债ETF|中证1000ETF|中证2000ETF|人工智能ETF|信用债ETF|军工ETF|半导体ETF|可转债ETF|新能源ETF|日经225ETF|有色金属期货ETF|煤炭ETF|科创50ETF|能源化工期货ETF|证券ETF|豆粕ETF,10年国债ETF:no_observations|中证1000ETF:no_observations|中证2000ETF:no_observations|人工智能ETF:no_observations|信用债ETF:no_observations|军工ETF:no_observations|半导体ETF:no_observations|可转债ETF:no_observations|新能源ETF:no_observations|日经225ETF:no_observations|有色金属期货ETF:no_observations|煤炭ETF:no_observations|科创50ETF:no_observations|能源化工期货ETF:no_observations|证券ETF:no_observations|豆粕ETF:no_observations
2015-12-25,14,60,5年国债ETF|日利ETF|沪深300ETF|中证500ETF|创业板ETF|红利ETF|消费ETF|恒生ETF|白银LOF|纳指ETF|标普500ETF|欧洲ETF|黄金ETF|原油ETF,10年国债ETF|中证1000ETF|中证2000ETF|人工智能ETF|信用债ETF|军工ETF|半导体ETF|可转债ETF|新能源ETF|日经225ETF|有色金属期货ETF|煤炭ETF|科创50ETF|能源化工期货ETF|证券ETF|豆粕ETF,10年国债ETF:no_observations|中证1000ETF:no_observations|中证2000ETF:no_observations|人工智能ETF:no_observations|信用债ETF:no_observations|军工ETF:no_observations|半导体ETF:no_observations|可转债ETF:no_observations|新能源ETF:no_observations|日经225ETF:no_observations|有色金属期货ETF:no_observations|煤炭ETF:no_observations|科创50ETF:no_observations|能源化工期货ETF:no_observations|证券ETF:no_observations|豆粕ETF:no_observations
2015-12-31,14,60,5年国债ETF|日利ETF|沪深300ETF|中证500ETF|创业板ETF|红利ETF|消费ETF|恒生ETF|白银LOF|纳指ETF|标普500ETF|欧洲ETF|黄金ETF|原油ETF,10年国债ETF|中证1000ETF|中证2000ETF|人工智能ETF|信用债ETF|军工ETF|半导体ETF|可转债ETF|新能源ETF|日经225ETF|有色金属期货ETF|煤炭ETF|科创50ETF|能源化工期货ETF|证券ETF|豆粕ETF,10年国债ETF:no_observations|中证1000ETF:no_observations|中证2000ETF:no_observations|人工智能ETF:no_observations|信用债ETF:no_observations|军工ETF:no_observations|半导体ETF:no_observations|可转债ETF:no_observations|新能源ETF:no_observations|日经225ETF:no_observations|有色金属期货ETF:no_observations|煤炭ETF:no_observations|科创50ETF:no_observations|能源化工期货ETF:no_observations|证券ETF:no_observations|豆粕ETF:no_observations
2016-01-08,14,60,5年国债ETF|日利ETF|沪深300ETF|中证500ETF|创业板ETF|红利ETF|消费ETF|恒生ETF|白银LOF|纳指ETF|标普500ETF|欧洲ETF|黄金ETF|原油ETF,10年国债ETF|中证1000ETF|中证2000ETF|人工智能ETF|信用债ETF|军工ETF|半导体ETF|可转债ETF|新能源ETF|日经225ETF|有色金属期货ETF|煤炭ETF|科创50ETF|能源化工期货ETF|证券ETF|豆粕ETF,10年国债ETF:no_observations|中证1000ETF:no_observations|中证2000ETF:no_observations|人工智能ETF:no_observations|信用债ETF:no_observations|军工ETF:no_observations|半导体ETF:no_observations|可转债ETF:no_observations|新能源ETF:no_observations|日经225ETF:no_observations|有色金属期货ETF:no_observations|煤炭ETF:no_observations|科创50ETF:no_observations|能源化工期货ETF:no_observations|证券ETF:no_observations|豆粕ETF:no_observations
2016-01-15,14,60,5年国债ETF|日利ETF|沪深300ETF|中证500ETF|创业板ETF|红利ETF|消费ETF|恒生ETF|白银LOF|纳指ETF|标普500ETF|欧洲ETF|黄金ETF|原油ETF,10年国债ETF|中证1000ETF|中证2000ETF|人工智能ETF|信用债ETF|军工ETF|半导体ETF|可转债ETF|新能源ETF|日经225ETF|有色金属期货ETF|煤炭ETF|科创50ETF|能源化工期货ETF|证券ETF|豆粕ETF,10年国债ETF:no_observations|中证1000ETF:no_observations|中证2000ETF:no_observations|人工智能ETF:no_observations|信用债ETF:no_observations|军工ETF:no_observations|半导体ETF:no_observations|可转债ETF:no_observations|新能源ETF:no_observations|日经225ETF:no_observations|有色金属期货ETF:no_observations|煤炭ETF:no_observations|科创50ETF:no_observations|能源化工期货ETF:no_observations|证券ETF:no_observations|豆粕ETF:no_observations
2016-01-22,14,60,5年国债ETF|日利ETF|沪深300ETF|中证500ETF|创业板ETF|红利ETF|消费ETF|恒生ETF|白银LOF|纳指ETF|标普500ETF|欧洲ETF|黄金ETF|原油ETF,10年国债ETF|中证1000ETF|中证2000ETF|人工智能ETF|信用债ETF|军工ETF|半导体ETF|可转债ETF|新能源ETF|日经225ETF|有色金属期货ETF|煤炭ETF|科创50ETF|能源化工期货ETF|证券ETF|豆粕ETF,10年国债ETF:no_observations|中证1000ETF:no_observations|中证2000ETF:no_observations|人工智能ETF:no_observations|信用债ETF:no_observations|军工ETF:no_observations|半导体ETF:no_observations|可转债ETF:no_observations|新能源ETF:no_observations|日经225ETF:no_observations|有色金属期货ETF:no_observations|煤炭ETF:no_observations|科创50ETF:no_observations|能源化工期货ETF:no_observations|证券ETF:no_observations|豆粕ETF:no_observations
2016-01-29,14,60,5年国债ETF|日利ETF|沪深300ETF|中证500ETF|创业板ETF|红利ETF|消费ETF|恒生ETF|白银LOF|纳指ETF|标普500ETF|欧洲ETF|黄金ETF|原油ETF,10年国债ETF|中证1000ETF|中证2000ETF|人工智能ETF|信用债ETF|军工ETF|半导体ETF|可转债ETF|新能源ETF|日经225ETF|有色金属期货ETF|煤炭ETF|科创50ETF|能源化工期货ETF|证券ETF|豆粕ETF,10年国债ETF:no_observations|中证1000ETF:no_observations|中证2000ETF:no_observations|人工智能ETF:no_observations|信用债ETF:no_observations|军工ETF:no_observations|半导体ETF:no_observations|可转债ETF:no_observations|新能源ETF:no_observations|日经225ETF:no_observations|有色金属期货ETF:no_observations|煤炭ETF:no_observations|科创50ETF:no_observations|能源化工期货ETF:no_observations|证券ETF:no_observations|豆粕ETF:no_observations
2016-02-05,14,60,5年国债ETF|日利ETF|沪深300ETF|中证500ETF|创业板ETF|红利ETF|消费ETF|恒生ETF|白银LOF|纳指ETF|标普500ETF|欧洲ETF|黄金ETF|原油ETF,10年国债ETF|中证1000ETF|中证2000ETF|人工智能ETF|信用债ETF|军工ETF|半导体ETF|可转债ETF|新能源ETF|日经225ETF|有色金属期货ETF|煤炭ETF|科创50ETF|能源化工期货ETF|证券ETF|豆粕ETF,10年国债ETF:no_observations|中证1000ETF:no_observations|中证2000ETF:no_observations|人工智能ETF:no_observations|信用债ETF:no_observations|军工ETF:no_observations|半导体ETF:no_observations|可转债ETF:no_observations|新能源ETF:no_observations|日经225ETF:no_observations|有色金属期货ETF:no_observations|煤炭ETF:no_observations|科创50ETF:no_observations|能源化工期货ETF:no_observations|证券ETF:no_observations|豆粕ETF:no_observations
2016-02-19,14,60,5年国债ETF|日利ETF|沪深300ETF|中证500ETF|创业板ETF|红利ETF|消费ETF|恒生ETF|白银LOF|纳指ETF|标普500ETF|欧洲ETF|黄金ETF|原油ETF,10年国债ETF|中证1000ETF|中证2000ETF|人工智能ETF|信用债ETF|军工ETF|半导体ETF|可转债ETF|新能源ETF|日经225ETF|有色金属期货ETF|煤炭ETF|科创50ETF|能源化工期货ETF|证券ETF|豆粕ETF,10年国债ETF:no_observations|中证1000ETF:no_observations|中证2000ETF:no_observations|人工智能ETF:no_observations|信用债ETF:no_observations|军工ETF:no_observations|半导体ETF:no_observations|可转债ETF:no_observations|新能源ETF:no_observations|日经225ETF:no_observations|有色金属期货ETF:no_observations|煤炭ETF:no_observations|科创50ETF:no_observations|能源化工期货ETF:no_observations|证券ETF:no_observations|豆粕ETF:no_observations
2016-02-26,14,60,5年国债ETF|日利ETF|沪深300ETF|中证500ETF|创业板ETF|红利ETF|消费ETF|恒生ETF|白银LOF|纳指ETF|标普500ETF|欧洲ETF|黄金ETF|原油ETF,10年国债ETF|中证1000ETF|中证2000ETF|人工智能ETF|信用债ETF|军工ETF|半导体ETF|可转债ETF|新能源ETF|日经225ETF|有色金属期货ETF|煤炭ETF|科创50ETF|能源化工期货ETF|证券ETF|豆粕ETF,10年国债ETF:no_observations|中证1000ETF:no_observations|中证2000ETF:no_observations|人工智能ETF:no_observations|信用债ETF:no_observations|军工ETF:no_observations|半导体ETF:no_observations|可转债ETF:no_observations|新能源ETF:no_observations|日经225ETF:no_observations|有色金属期货ETF:no_observations|煤炭ETF:no_observations|科创50ETF:no_observations|能源化工期货ETF:no_observations|证券ETF:no_observations|豆粕ETF:no_observations
2016-03-04,14,60,5年国债ETF|日利ETF|沪深300ETF|中证500ETF|创业板ETF|红利ETF|消费ETF|恒生ETF|白银LOF|纳指ETF|标普500ETF|欧洲ETF|黄金ETF|原油ETF,10年国债ETF|中证1000ETF|中证2000ETF|人工智能ETF|信用债ETF|军工ETF|半导体ETF|可转债ETF|新能源ETF|日经225ETF|有色金属期货ETF|煤炭ETF|科创50ETF|能源化工期货ETF|证券ETF|豆粕ETF,10年国债ETF:no_observations|中证1000ETF:no_observations|中证2000ETF:no_observations|人工智能ETF:no_observations|信用债ETF:no_observations|军工ETF:no_observations|半导体ETF:no_observations|可转债ETF:no_observations|新能源ETF:no_observations|日经225ETF:no_observations|有色金属期货ETF:no_observations|煤炭ETF:no_observations|科创50ETF:no_observations|能源化工期货ETF:no_observations|证券ETF:no_observations|豆粕ETF:no_observations
2016-03-11,14,60,5年国债ETF|日利ETF|沪深300ETF|中证500ETF|创业板ETF|红利ETF|消费ETF|恒生ETF|白银LOF|纳指ETF|标普500ETF|欧洲ETF|黄金ETF|原油ETF,10年国债ETF|中证1000ETF|中证2000ETF|人工智能ETF|信用债ETF|军工ETF|半导体ETF|可转债ETF|新能源ETF|日经225ETF|有色金属期货ETF|煤炭ETF|科创50ETF|能源化工期货ETF|证券ETF|豆粕ETF,10年国债ETF:no_observations|中证1000ETF:no_observations|中证2000ETF:no_observations|人工智能ETF:no_observations|信用债ETF:no_observations|军工ETF:no_observations|半导体ETF:no_observations|可转债ETF:no_observations|新能源ETF:no_observations|日经225ETF:no_observations|有色金属期货ETF:no_observations|煤炭ETF:no_observations|科创50ETF:no_observations|能源化工期货ETF:no_observations|证券ETF:no_observations|豆粕ETF:no_observations
2016-03-18,14,60,5年国债ETF|日利ETF|沪深300ETF|中证500ETF|创业板ETF|红利ETF|消费ETF|恒生ETF|白银LOF|纳指ETF|标普500ETF|欧洲ETF|黄金ETF|原油ETF,10年国债ETF|中证1000ETF|中证2000ETF|人工智能ETF|信用债ETF|军工ETF|半导体ETF|可转债ETF|新能源ETF|日经225ETF|有色金属期货ETF|煤炭ETF|科创50ETF|能源化工期货ETF|证券ETF|豆粕ETF,10年国债ETF:no_observations|中证1000ETF:no_observations|中证2000ETF:no_observations|人工智能ETF:no_observations|信用债ETF:no_observations|军工ETF:no_observations|半导体ETF:no_observations|可转债ETF:no_observations|新能源ETF:no_observations|日经225ETF:no_observations|有色金属期货ETF:no_observations|煤炭ETF:no_observations|科创50ETF:no_observations|能源化工期货ETF:no_observations|证券ETF:no_observations|豆粕ETF:no_observations
2016-03-25,14,60,5年国债ETF|日利ETF|沪深300ETF|中证500ETF|创业板ETF|红利ETF|消费ETF|恒生ETF|白银LOF|纳指ETF|标普500ETF|欧洲ETF|黄金ETF|原油ETF,10年国债ETF|中证1000ETF|中证2000ETF|人工智能ETF|信用债ETF|军工ETF|半导体ETF|可转债ETF|新能源ETF|日经225ETF|有色金属期货ETF|煤炭ETF|科创50ETF|能源化工期货ETF|证券ETF|豆粕ETF,10年国债ETF:no_observations|中证1000ETF:no_observations|中证2000ETF:no_observations|人工智能ETF:no_observations|信用债ETF:no_observations|军工ETF:no_observations|半导体ETF:no_observations|可转债ETF:no_observations|新能源ETF:no_observations|日经225ETF:no_observations|有色金属期货ETF:no_observations|煤炭ETF:no_observations|科创50ETF:no_observations|能源化工期货ETF:no_observations|证券ETF:no_observations|豆粕ETF:no_observations
2016-04-01,14,60,5年国债ETF|日利ETF|沪深300ETF|中证500ETF|创业板ETF|红利ETF|消费ETF|恒生ETF|白银LOF|纳指ETF|标普500ETF|欧洲ETF|黄金ETF|原油ETF,10年国债ETF|中证1000ETF|中证2000ETF|人工智能ETF|信用债ETF|军工ETF|半导体ETF|可转债ETF|新能源ETF|日经225ETF|有色金属期货ETF|煤炭ETF|科创50ETF|能源化工期货ETF|证券ETF|豆粕ETF,10年国债ETF:no_observations|中证1000ETF:no_observations|中证2000ETF:no_observations|人工智能ETF:no_observations|信用债ETF:no_observations|军工ETF:no_observations|半导体ETF:no_observations|可转债ETF:no_observations|新能源ETF:no_observations|日经225ETF:no_observations|有色金属期货ETF:no_observations|煤炭ETF:no_observations|科创50ETF:no_observations|能源化工期货ETF:no_observations|证券ETF:no_observations|豆粕ETF:no_observations
2016-04-08,14,60,5年国债ETF|日利ETF|沪深300ETF|中证500ETF|创业板ETF|红利ETF|消费ETF|恒生ETF|白银LOF|纳指ETF|标普500ETF|欧洲ETF|黄金ETF|原油ETF,10年国债ETF|中证1000ETF|中证2000ETF|人工智能ETF|信用债ETF|军工ETF|半导体ETF|可转债ETF|新能源ETF|日经225ETF|有色金属期货ETF|煤炭ETF|科创50ETF|能源化工期货ETF|证券ETF|豆粕ETF,10年国债ETF:no_observations|中证1000ETF:no_observations|中证2000ETF:no_observations|人工智能ETF:no_observations|信用债ETF:no_observations|军工ETF:no_observations|半导体ETF:no_observations|可转债ETF:no_observations|新能源ETF:no_observations|日经225ETF:no_observations|有色金属期货ETF:no_observations|煤炭ETF:no_observations|科创50ETF:no_observations|能源化工期货ETF:no_observations|证券ETF:no_observations|豆粕ETF:no_observations
2016-04-15,14,60,5年国债ETF|日利ETF|沪深300ETF|中证500ETF|创业板ETF|红利ETF|消费ETF|恒生ETF|白银LOF|纳指ETF|标普500ETF|欧洲ETF|黄金ETF|原油ETF,10年国债ETF|中证1000ETF|中证2000ETF|人工智能ETF|信用债ETF|军工ETF|半导体ETF|可转债ETF|新能源ETF|日经225ETF|有色金属期货ETF|煤炭ETF|科创50ETF|能源化工期货ETF|证券ETF|豆粕ETF,10年国债ETF:no_observations|中证1000ETF:no_observations|中证2000ETF:no_observations|人工智能ETF:no_observations|信用债ETF:no_observations|军工ETF:no_observations|半导体ETF:no_observations|可转债ETF:no_observations|新能源ETF:no_observations|日经225ETF:no_observations|有色金属期货ETF:no_observations|煤炭ETF:no_observations|科创50ETF:no_observations|能源化工期货ETF:no_observations|证券ETF:no_observations|豆粕ETF:no_observations
2016-04-22,14,60,5年国债ETF|日利ETF|沪深300ETF|中证500ETF|创业板ETF|红利ETF|消费ETF|恒生ETF|白银LOF|纳指ETF|标普500ETF|欧洲ETF|黄金ETF|原油ETF,10年国债ETF|中证1000ETF|中证2000ETF|人工智能ETF|信用债ETF|军工ETF|半导体ETF|可转债ETF|新能源ETF|日经225ETF|有色金属期货ETF|煤炭ETF|科创50ETF|能源化工期货ETF|证券ETF|豆粕ETF,10年国债ETF:no_observations|中证1000ETF:no_observations|中证2000ETF:no_observations|人工智能ETF:no_observations|信用债ETF:no_observations|军工ETF:no_observations|半导体ETF:no_observations|可转债ETF:no_observations|新能源ETF:no_observations|日经225ETF:no_observations|有色金属期货ETF:no_observations|煤炭ETF:no_observations|科创50ETF:no_observations|能源化工期货ETF:no_observations|证券ETF:no_observations|豆粕ETF:no_observations
2016-04-29,14,60,5年国债ETF|日利ETF|沪深300ETF|中证500ETF|创业板ETF|红利ETF|消费ETF|恒生ETF|白银LOF|纳指ETF|标普500ETF|欧洲ETF|黄金ETF|原油ETF,10年国债ETF|中证1000ETF|中证2000ETF|人工智能ETF|信用债ETF|军工ETF|半导体ETF|可转债ETF|新能源ETF|日经225ETF|有色金属期货ETF|煤炭ETF|科创50ETF|能源化工期货ETF|证券ETF|豆粕ETF,10年国债ETF:no_observations|中证1000ETF:no_observations|中证2000ETF:no_observations|人工智能ETF:no_observations|信用债ETF:no_observations|军工ETF:no_observations|半导体ETF:no_observations|可转债ETF:no_observations|新能源ETF:no_observations|日经225ETF:no_observations|有色金属期货ETF:no_observations|煤炭ETF:no_observations|科创50ETF:no_observations|能源化工期货ETF:no_observations|证券ETF:no_observations|豆粕ETF:no_observations
2016-05-06,14,60,5年国债ETF|日利ETF|沪深300ETF|中证500ETF|创业板ETF|红利ETF|消费ETF|恒生ETF|白银LOF|纳指ETF|标普500ETF|欧洲ETF|黄金ETF|原油ETF,10年国债ETF|中证1000ETF|中证2000ETF|人工智能ETF|信用债ETF|军工ETF|半导体ETF|可转债ETF|新能源ETF|日经225ETF|有色金属期货ETF|煤炭ETF|科创50ETF|能源化工期货ETF|证券ETF|豆粕ETF,10年国债ETF:no_observations|中证1000ETF:no_observations|中证2000ETF:no_observations|人工智能ETF:no_observations|信用债ETF:no_observations|军工ETF:no_observations|半导体ETF:no_observations|可转债ETF:no_observations|新能源ETF:no_observations|日经225ETF:no_observations|有色金属期货ETF:no_observations|煤炭ETF:no_observations|科创50ETF:no_observations|能源化工期货ETF:no_observations|证券ETF:no_observations|豆粕ETF:no_observations
2016-05-13,14,60,5年国债ETF|日利ETF|沪深300ETF|中证500ETF|创业板ETF|红利ETF|消费ETF|恒生ETF|白银LOF|纳指ETF|标普500ETF|欧洲ETF|黄金ETF|原油ETF,10年国债ETF|中证1000ETF|中证2000ETF|人工智能ETF|信用债ETF|军工ETF|半导体ETF|可转债ETF|新能源ETF|日经225ETF|有色金属期货ETF|煤炭ETF|科创50ETF|能源化工期货ETF|证券ETF|豆粕ETF,10年国债ETF:no_observations|中证1000ETF:no_observations|中证2000ETF:no_observations|人工智能ETF:no_observations|信用债ETF:no_observations|军工ETF:no_observations|半导体ETF:no_observations|可转债ETF:no_observations|新能源ETF:no_observations|日经225ETF:no_observations|有色金属期货ETF:no_observations|煤炭ETF:no_observations|科创50ETF:no_observations|能源化工期货ETF:no_observations|证券ETF:no_observations|豆粕ETF:no_observations
2016-05-20,14,60,5年国债ETF|日利ETF|沪深300ETF|中证500ETF|创业板ETF|红利ETF|消费ETF|恒生ETF|白银LOF|纳指ETF|标普500ETF|欧洲ETF|黄金ETF|原油ETF,10年国债ETF|中证1000ETF|中证2000ETF|人工智能ETF|信用债ETF|军工ETF|半导体ETF|可转债ETF|新能源ETF|日经225ETF|有色金属期货ETF|煤炭ETF|科创50ETF|能源化工期货ETF|证券ETF|豆粕ETF,10年国债ETF:no_observations|中证1000ETF:no_observations|中证2000ETF:no_observations|人工智能ETF:no_observations|信用债ETF:no_observations|军工ETF:no_observations|半导体ETF:no_observations|可转债ETF:no_observations|新能源ETF:no_observations|日经225ETF:no_observations|有色金属期货ETF:no_observations|煤炭ETF:no_observations|科创50ETF:no_observations|能源化工期货ETF:no_observations|证券ETF:no_observations|豆粕ETF:no_observations
2016-05-27,14,60,5年国债ETF|日利ETF|沪深300ETF|中证500ETF|创业板ETF|红利ETF|消费ETF|恒生ETF|白银LOF|纳指ETF|标普500ETF|欧洲ETF|黄金ETF|原油ETF,10年国债ETF|中证1000ETF|中证2000ETF|人工智能ETF|信用债ETF|军工ETF|半导体ETF|可转债ETF|新能源ETF|日经225ETF|有色金属期货ETF|煤炭ETF|科创50ETF|能源化工期货ETF|证券ETF|豆粕ETF,10年国债ETF:no_observations|中证1000ETF:no_observations|中证2000ETF:no_observations|人工智能ETF:no_observations|信用债ETF:no_observations|军工ETF:no_observations|半导体ETF:no_observations|可转债ETF:no_observations|新能源ETF:no_observations|日经225ETF:no_observations|有色金属期货ETF:no_observations|煤炭ETF:no_observations|科创50ETF:no_observations|能源化工期货ETF:no_observations|证券ETF:no_observations|豆粕ETF:no_observations
2016-06-03,14,60,5年国债ETF|日利ETF|沪深300ETF|中证500ETF|创业板ETF|红利ETF|消费ETF|恒生ETF|白银LOF|纳指ETF|标普500ETF|欧洲ETF|黄金ETF|原油ETF,10年国债ETF|中证1000ETF|中证2000ETF|人工智能ETF|信用债ETF|军工ETF|半导体ETF|可转债ETF|新能源ETF|日经225ETF|有色金属期货ETF|煤炭ETF|科创50ETF|能源化工期货ETF|证券ETF|豆粕ETF,10年国债ETF:no_observations|中证1000ETF:no_observations|中证2000ETF:no_observations|人工智能ETF:no_observations|信用债ETF:no_observations|军工ETF:no_observations|半导体ETF:no_observations|可转债ETF:no_observations|新能源ETF:no_observations|日经225ETF:no_observations|有色金属期货ETF:no_observations|煤炭ETF:no_observations|科创50ETF:no_observations|能源化工期货ETF:no_observations|证券ETF:no_observations|豆粕ETF:no_observations
2016-06-08,14,60,5年国债ETF|日利ETF|沪深300ETF|中证500ETF|创业板ETF|红利ETF|消费ETF|恒生ETF|白银LOF|纳指ETF|标普500ETF|欧洲ETF|黄金ETF|原油ETF,10年国债ETF|中证1000ETF|中证2000ETF|人工智能ETF|信用债ETF|军工ETF|半导体ETF|可转债ETF|新能源ETF|日经225ETF|有色金属期货ETF|煤炭ETF|科创50ETF|能源化工期货ETF|证券ETF|豆粕ETF,10年国债ETF:no_observations|中证1000ETF:no_observations|中证2000ETF:no_observations|人工智能ETF:no_observations|信用债ETF:no_observations|军工ETF:no_observations|半导体ETF:no_observations|可转债ETF:no_observations|新能源ETF:no_observations|日经225ETF:no_observations|有色金属期货ETF:no_observations|煤炭ETF:no_observations|科创50ETF:no_observations|能源化工期货ETF:no_observations|证券ETF:no_observations|豆粕ETF:no_observations
2016-06-17,14,60,5年国债ETF|日利ETF|沪深300ETF|中证500ETF|创业板ETF|红利ETF|消费ETF|恒生ETF|白银LOF|纳指ETF|标普500ETF|欧洲ETF|黄金ETF|原油ETF,10年国债ETF|中证1000ETF|中证2000ETF|人工智能ETF|信用债ETF|军工ETF|半导体ETF|可转债ETF|新能源ETF|日经225ETF|有色金属期货ETF|煤炭ETF|科创50ETF|能源化工期货ETF|证券ETF|豆粕ETF,10年国债ETF:no_observations|中证1000ETF:no_observations|中证2000ETF:no_observations|人工智能ETF:no_observations|信用债ETF:no_observations|军工ETF:no_observations|半导体ETF:no_observations|可转债ETF:no_observations|新能源ETF:no_observations|日经225ETF:no_observations|有色金属期货ETF:no_observations|煤炭ETF:no_observations|科创50ETF:no_observations|能源化工期货ETF:no_observations|证券ETF:no_observations|豆粕ETF:no_observations
2016-06-24,14,60,5年国债ETF|日利ETF|沪深300ETF|中证500ETF|创业板ETF|红利ETF|消费ETF|恒生ETF|白银LOF|纳指ETF|标普500ETF|欧洲ETF|黄金ETF|原油ETF,10年国债ETF|中证1000ETF|中证2000ETF|人工智能ETF|信用债ETF|军工ETF|半导体ETF|可转债ETF|新能源ETF|日经225ETF|有色金属期货ETF|煤炭ETF|科创50ETF|能源化工期货ETF|证券ETF|豆粕ETF,10年国债ETF:no_observations|中证1000ETF:no_observations|中证2000ETF:no_observations|人工智能ETF:no_observations|信用债ETF:no_observations|军工ETF:no_observations|半导体ETF:no_observations|可转债ETF:no_observations|新能源ETF:no_observations|日经225ETF:no_observations|有色金属期货ETF:no_observations|煤炭ETF:no_observations|科创50ETF:no_observations|能源化工期货ETF:no_observations|证券ETF:no_observations|豆粕ETF:no_observations
2016-07-01,14,60,5年国债ETF|日利ETF|沪深300ETF|中证500ETF|创业板ETF|红利ETF|消费ETF|恒生ETF|白银LOF|纳指ETF|标普500ETF|欧洲ETF|黄金ETF|原油ETF,10年国债ETF|中证1000ETF|中证2000ETF|人工智能ETF|信用债ETF|军工ETF|半导体ETF|可转债ETF|新能源ETF|日经225ETF|有色金属期货ETF|煤炭ETF|科创50ETF|能源化工期货ETF|证券ETF|豆粕ETF,10年国债ETF:no_observations|中证1000ETF:no_observations|中证2000ETF:no_observations|人工智能ETF:no_observations|信用债ETF:no_observations|军工ETF:no_observations|半导体ETF:no_observations|可转债ETF:no_observations|新能源ETF:no_observations|日经225ETF:no_observations|有色金属期货ETF:no_observations|煤炭ETF:no_observations|科创50ETF:no_observations|能源化工期货ETF:no_observations|证券ETF:no_observations|豆粕ETF:no_observations
2016-07-08,14,60,5年国债ETF|日利ETF|沪深300ETF|中证500ETF|创业板ETF|红利ETF|消费ETF|恒生ETF|白银LOF|纳指ETF|标普500ETF|欧洲ETF|黄金ETF|原油ETF,10年国债ETF|中证1000ETF|中证2000ETF|人工智能ETF|信用债ETF|军工ETF|半导体ETF|可转债ETF|新能源ETF|日经225ETF|有色金属期货ETF|煤炭ETF|科创50ETF|能源化工期货ETF|证券ETF|豆粕ETF,10年国债ETF:no_observations|中证1000ETF:no_observations|中证2000ETF:no_observations|人工智能ETF:no_observations|信用债ETF:no_observations|军工ETF:no_observations|半导体ETF:no_observations|可转债ETF:no_observations|新能源ETF:no_observations|日经225ETF:no_observations|有色金属期货ETF:no_observations|煤炭ETF:no_observations|科创50ETF:no_observations|能源化工期货ETF:no_observations|证券ETF:no_observations|豆粕ETF:no_observations
2016-07-15,14,60,5年国债ETF|日利ETF|沪深300ETF|中证500ETF|创业板ETF|红利ETF|消费ETF|恒生ETF|白银LOF|纳指ETF|标普500ETF|欧洲ETF|黄金ETF|原油ETF,10年国债ETF|中证1000ETF|中证2000ETF|人工智能ETF|信用债ETF|军工ETF|半导体ETF|可转债ETF|新能源ETF|日经225ETF|有色金属期货ETF|煤炭ETF|科创50ETF|能源化工期货ETF|证券ETF|豆粕ETF,10年国债ETF:no_observations|中证1000ETF:no_observations|中证2000ETF:no_observations|人工智能ETF:no_observations|信用债ETF:no_observations|军工ETF:no_observations|半导体ETF:no_observations|可转债ETF:no_observations|新能源ETF:no_observations|日经225ETF:no_observations|有色金属期货ETF:no_observations|煤炭ETF:no_observations|科创50ETF:no_observations|能源化工期货ETF:no_observations|证券ETF:no_observations|豆粕ETF:no_observations
2016-07-22,14,60,5年国债ETF|日利ETF|沪深300ETF|中证500ETF|创业板ETF|红利ETF|消费ETF|恒生ETF|白银LOF|纳指ETF|标普500ETF|欧洲ETF|黄金ETF|原油ETF,10年国债ETF|中证1000ETF|中证2000ETF|人工智能ETF|信用债ETF|军工ETF|半导体ETF|可转债ETF|新能源ETF|日经225ETF|有色金属期货ETF|煤炭ETF|科创50ETF|能源化工期货ETF|证券ETF|豆粕ETF,10年国债ETF:no_observations|中证1000ETF:no_observations|中证2000ETF:no_observations|人工智能ETF:no_observations|信用债ETF:no_observations|军工ETF:no_observations|半导体ETF:no_observations|可转债ETF:no_observations|新能源ETF:no_observations|日经225ETF:no_observations|有色金属期货ETF:no_observations|煤炭ETF:no_observations|科创50ETF:no_observations|能源化工期货ETF:no_observations|证券ETF:no_observations|豆粕ETF:no_observations
2016-07-29,14,60,5年国债ETF|日利ETF|沪深300ETF|中证500ETF|创业板ETF|红利ETF|消费ETF|恒生ETF|白银LOF|纳指ETF|标普500ETF|欧洲ETF|黄金ETF|原油ETF,10年国债ETF|中证1000ETF|中证2000ETF|人工智能ETF|信用债ETF|军工ETF|半导体ETF|可转债ETF|新能源ETF|日经225ETF|有色金属期货ETF|煤炭ETF|科创50ETF|能源化工期货ETF|证券ETF|豆粕ETF,10年国债ETF:no_observations|中证1000ETF:no_observations|中证2000ETF:no_observations|人工智能ETF:no_observations|信用债ETF:no_observations|军工ETF:no_observations|半导体ETF:no_observations|可转债ETF:no_observations|新能源ETF:no_observations|日经225ETF:no_observations|有色金属期货ETF:no_observations|煤炭ETF:no_observations|科创50ETF:no_observations|能源化工期货ETF:no_observations|证券ETF:no_observations|豆粕ETF:no_observations
2016-08-05,14,60,5年国债ETF|日利ETF|沪深300ETF|中证500ETF|创业板ETF|红利ETF|消费ETF|恒生ETF|白银LOF|纳指ETF|标普500ETF|欧洲ETF|黄金ETF|原油ETF,10年国债ETF|中证1000ETF|中证2000ETF|人工智能ETF|信用债ETF|军工ETF|半导体ETF|可转债ETF|新能源ETF|日经225ETF|有色金属期货ETF|煤炭ETF|科创50ETF|能源化工期货ETF|证券ETF|豆粕ETF,10年国债ETF:no_observations|中证1000ETF:no_observations|中证2000ETF:no_observations|人工智能ETF:no_observations|信用债ETF:no_observations|军工ETF:no_observations|半导体ETF:no_observations|可转债ETF:no_observations|新能源ETF:no_observations|日经225ETF:no_observations|有色金属期货ETF:no_observations|煤炭ETF:no_observations|科创50ETF:no_observations|能源化工期货ETF:no_observations|证券ETF:no_observations|豆粕ETF:no_observations
2016-08-12,14,60,5年国债ETF|日利ETF|沪深300ETF|中证500ETF|创业板ETF|红利ETF|消费ETF|恒生ETF|白银LOF|纳指ETF|标普500ETF|欧洲ETF|黄金ETF|原油ETF,10年国债ETF|中证1000ETF|中证2000ETF|人工智能ETF|信用债ETF|军工ETF|半导体ETF|可转债ETF|新能源ETF|日经225ETF|有色金属期货ETF|煤炭ETF|科创50ETF|能源化工期货ETF|证券ETF|豆粕ETF,10年国债ETF:no_observations|中证1000ETF:no_observations|中证2000ETF:no_observations|人工智能ETF:no_observations|信用债ETF:no_observations|军工ETF:insufficient_observations(3)|半导体ETF:no_observations|可转债ETF:no_observations|新能源ETF:no_observations|日经225ETF:no_observations|有色金属期货ETF:no_observations|煤炭ETF:no_observations|科创50ETF:no_observations|能源化工期货ETF:no_observations|证券ETF:insufficient_observations(3)|豆粕ETF:no_observations
2016-08-19,14,60,5年国债ETF|日利ETF|沪深300ETF|中证500ETF|创业板ETF|红利ETF|消费ETF|恒生ETF|白银LOF|纳指ETF|标普500ETF|欧洲ETF|黄金ETF|原油ETF,10年国债ETF|中证1000ETF|中证2000ETF|人工智能ETF|信用债ETF|军工ETF|半导体ETF|可转债ETF|新能源ETF|日经225ETF|有色金属期货ETF|煤炭ETF|科创50ETF|能源化工期货ETF|证券ETF|豆粕ETF,10年国债ETF:no_observations|中证1000ETF:no_observations|中证2000ETF:no_observations|人工智能ETF:no_observations|信用债ETF:no_observations|军工ETF:insufficient_observations(8)|半导体ETF:no_observations|可转债ETF:no_observations|新能源ETF:no_observations|日经225ETF:no_observations|有色金属期货ETF:no_observations|煤炭ETF:no_observations|科创50ETF:no_observations|能源化工期货ETF:no_observations|证券ETF:insufficient_observations(8)|豆粕ETF:no_observations
2016-08-26,14,60,5年国债ETF|日利ETF|沪深300ETF|中证500ETF|创业板ETF|红利ETF|消费ETF|恒生ETF|白银LOF|纳指ETF|标普500ETF|欧洲ETF|黄金ETF|原油ETF,10年国债ETF|中证1000ETF|中证2000ETF|人工智能ETF|信用债ETF|军工ETF|半导体ETF|可转债ETF|新能源ETF|日经225ETF|有色金属期货ETF|煤炭ETF|科创50ETF|能源化工期货ETF|证券ETF|豆粕ETF,10年国债ETF:no_observations|中证1000ETF:no_observations|中证2000ETF:no_observations|人工智能ETF:no_observations|信用债ETF:no_observations|军工ETF:insufficient_observations(13)|半导体ETF:no_observations|可转债ETF:no_observations|新能源ETF:no_observations|日经225ETF:no_observations|有色金属期货ETF:no_observations|煤炭ETF:no_observations|科创50ETF:no_observations|能源化工期货ETF:no_observations|证券ETF:insufficient_observations(13)|豆粕ETF:no_observations
2016-09-02,14,60,5年国债ETF|日利ETF|沪深300ETF|中证500ETF|创业板ETF|红利ETF|消费ETF|恒生ETF|白银LOF|纳指ETF|标普500ETF|欧洲ETF|黄金ETF|原油ETF,10年国债ETF|中证1000ETF|中证2000ETF|人工智能ETF|信用债ETF|军工ETF|半导体ETF|可转债ETF|新能源ETF|日经225ETF|有色金属期货ETF|煤炭ETF|科创50ETF|能源化工期货ETF|证券ETF|豆粕ETF,10年国债ETF:no_observations|中证1000ETF:no_observations|中证2000ETF:no_observations|人工智能ETF:no_observations|信用债ETF:no_observations|军工ETF:insufficient_observations(18)|半导体ETF:no_observations|可转债ETF:no_observations|新能源ETF:no_observations|日经225ETF:no_observations|有色金属期货ETF:no_observations|煤炭ETF:no_observations|科创50ETF:no_observations|能源化工期货ETF:no_observations|证券ETF:insufficient_observations(18)|豆粕ETF:no_observations
2016-09-09,14,60,5年国债ETF|日利ETF|沪深300ETF|中证500ETF|创业板ETF|红利ETF|消费ETF|恒生ETF|白银LOF|纳指ETF|标普500ETF|欧洲ETF|黄金ETF|原油ETF,10年国债ETF|中证1000ETF|中证2000ETF|人工智能ETF|信用债ETF|军工ETF|半导体ETF|可转债ETF|新能源ETF|日经225ETF|有色金属期货ETF|煤炭ETF|科创50ETF|能源化工期货ETF|证券ETF|豆粕ETF,10年国债ETF:no_observations|中证1000ETF:no_observations|中证2000ETF:no_observations|人工智能ETF:no_observations|信用债ETF:no_observations|军工ETF:insufficient_observations(23)|半导体ETF:no_observations|可转债ETF:no_observations|新能源ETF:no_observations|日经225ETF:no_observations|有色金属期货ETF:no_observations|煤炭ETF:no_observations|科创50ETF:no_observations|能源化工期货ETF:no_observations|证券ETF:insufficient_observations(23)|豆粕ETF:no_observations
2016-09-14,14,60,5年国债ETF|日利ETF|沪深300ETF|中证500ETF|创业板ETF|红利ETF|消费ETF|恒生ETF|白银LOF|纳指ETF|标普500ETF|欧洲ETF|黄金ETF|原油ETF,10年国债ETF|中证1000ETF|中证2000ETF|人工智能ETF|信用债ETF|军工ETF|半导体ETF|可转债ETF|新能源ETF|日经225ETF|有色金属期货ETF|煤炭ETF|科创50ETF|能源化工期货ETF|证券ETF|豆粕ETF,10年国债ETF:no_observations|中证1000ETF:no_observations|中证2000ETF:no_observations|人工智能ETF:no_observations|信用债ETF:no_observations|军工ETF:insufficient_observations(26)|半导体ETF:no_observations|可转债ETF:no_observations|新能源ETF:no_observations|日经225ETF:no_observations|有色金属期货ETF:no_observations|煤炭ETF:no_observations|科创50ETF:no_observations|能源化工期货ETF:no_observations|证券ETF:insufficient_observations(26)|豆粕ETF:no_observations
2016-09-23,14,60,5年国债ETF|日利ETF|沪深300ETF|中证500ETF|创业板ETF|红利ETF|消费ETF|恒生ETF|白银LOF|纳指ETF|标普500ETF|欧洲ETF|黄金ETF|原油ETF,10年国债ETF|中证1000ETF|中证2000ETF|人工智能ETF|信用债ETF|军工ETF|半导体ETF|可转债ETF|新能源ETF|日经225ETF|有色金属期货ETF|煤炭ETF|科创50ETF|能源化工期货ETF|证券ETF|豆粕ETF,10年国债ETF:no_observations|中证1000ETF:no_observations|中证2000ETF:no_observations|人工智能ETF:no_observations|信用债ETF:no_observations|军工ETF:insufficient_observations(31)|半导体ETF:no_observations|可转债ETF:no_observations|新能源ETF:no_observations|日经225ETF:no_observations|有色金属期货ETF:no_observations|煤炭ETF:no_observations|科创50ETF:no_observations|能源化工期货ETF:no_observations|证券ETF:insufficient_observations(31)|豆粕ETF:no_observations
2016-09-30,14,60,5年国债ETF|日利ETF|沪深300ETF|中证500ETF|创业板ETF|红利ETF|消费ETF|恒生ETF|白银LOF|纳指ETF|标普500ETF|欧洲ETF|黄金ETF|原油ETF,10年国债ETF|中证1000ETF|中证2000ETF|人工智能ETF|信用债ETF|军工ETF|半导体ETF|可转债ETF|新能源ETF|日经225ETF|有色金属期货ETF|煤炭ETF|科创50ETF|能源化工期货ETF|证券ETF|豆粕ETF,10年国债ETF:no_observations|中证1000ETF:no_observations|中证2000ETF:no_observations|人工智能ETF:no_observations|信用债ETF:no_observations|军工ETF:insufficient_observations(36)|半导体ETF:no_observations|可转债ETF:no_observations|新能源ETF:no_observations|日经225ETF:no_observations|有色金属期货ETF:no_observations|煤炭ETF:no_observations|科创50ETF:no_observations|能源化工期货ETF:no_observations|证券ETF:insufficient_observations(36)|豆粕ETF:no_observations
2016-10-14,14,60,5年国债ETF|日利ETF|沪深300ETF|中证500ETF|创业板ETF|红利ETF|消费ETF|恒生ETF|白银LOF|纳指ETF|标普500ETF|欧洲ETF|黄金ETF|原油ETF,10年国债ETF|中证1000ETF|中证2000ETF|人工智能ETF|信用债ETF|军工ETF|半导体ETF|可转债ETF|新能源ETF|日经225ETF|有色金属期货ETF|煤炭ETF|科创50ETF|能源化工期货ETF|证券ETF|豆粕ETF,10年国债ETF:no_observations|中证1000ETF:no_observations|中证2000ETF:no_observations|人工智能ETF:no_observations|信用债ETF:no_observations|军工ETF:insufficient_observations(41)|半导体ETF:no_observations|可转债ETF:no_observations|新能源ETF:no_observations|日经225ETF:no_observations|有色金属期货ETF:no_observations|煤炭ETF:no_observations|科创50ETF:no_observations|能源化工期货ETF:no_observations|证券ETF:insufficient_observations(41)|豆粕ETF:no_observations
2016-10-21,14,60,5年国债ETF|日利ETF|沪深300ETF|中证500ETF|创业板ETF|红利ETF|消费ETF|恒生ETF|白银LOF|纳指ETF|标普500ETF|欧洲ETF|黄金ETF|原油ETF,10年国债ETF|中证1000ETF|中证2000ETF|人工智能ETF|信用债ETF|军工ETF|半导体ETF|可转债ETF|新能源ETF|日经225ETF|有色金属期货ETF|煤炭ETF|科创50ETF|能源化工期货ETF|证券ETF|豆粕ETF,10年国债ETF:no_observations|中证1000ETF:no_observations|中证2000ETF:no_observations|人工智能ETF:no_observations|信用债ETF:no_observations|军工ETF:insufficient_observations(46)|半导体ETF:no_observations|可转债ETF:no_observations|新能源ETF:no_observations|日经225ETF:no_observations|有色金属期货ETF:no_observations|煤炭ETF:no_observations|科创50ETF:no_observations|能源化工期货ETF:no_observations|证券ETF:insufficient_observations(46)|豆粕ETF:no_observations
2016-10-28,14,60,5年国债ETF|日利ETF|沪深300ETF|中证500ETF|创业板ETF|红利ETF|消费ETF|恒生ETF|白银LOF|纳指ETF|标普500ETF|欧洲ETF|黄金ETF|原油ETF,10年国债ETF|中证1000ETF|中证2000ETF|人工智能ETF|信用债ETF|军工ETF|半导体ETF|可转债ETF|新能源ETF|日经225ETF|有色金属期货ETF|煤炭ETF|科创50ETF|能源化工期货ETF|证券ETF|豆粕ETF,10年国债ETF:no_observations|中证1000ETF:no_observations|中证2000ETF:no_observations|人工智能ETF:no_observations|信用债ETF:no_observations|军工ETF:insufficient_observations(51)|半导体ETF:no_observations|可转债ETF:no_observations|新能源ETF:no_observations|日经225ETF:no_observations|有色金属期货ETF:no_observations|煤炭ETF:no_observations|科创50ETF:no_observations|能源化工期货ETF:no_observations|证券ETF:insufficient_observations(51)|豆粕ETF:no_observations
2016-11-04,14,60,5年国债ETF|日利ETF|沪深300ETF|中证500ETF|创业板ETF|红利ETF|消费ETF|恒生ETF|白银LOF|纳指ETF|标普500ETF|欧洲ETF|黄金ETF|原油ETF,10年国债ETF|中证1000ETF|中证2000ETF|人工智能ETF|信用债ETF|军工ETF|半导体ETF|可转债ETF|新能源ETF|日经225ETF|有色金属期货ETF|煤炭ETF|科创50ETF|能源化工期货ETF|证券ETF|豆粕ETF,10年国债ETF:no_observations|中证1000ETF:no_observations|中证2000ETF:no_observations|人工智能ETF:no_observations|信用债ETF:no_observations|军工ETF:insufficient_observations(56)|半导体ETF:no_observations|可转债ETF:no_observations|新能源ETF:no_observations|日经225ETF:no_observations|有色金属期货ETF:no_observations|煤炭ETF:no_observations|科创50ETF:no_observations|能源化工期货ETF:no_observations|证券ETF:insufficient_observations(56)|豆粕ETF:no_observations
2016-11-11,16,60,5年国债ETF|日利ETF|沪深300ETF|中证500ETF|创业板ETF|红利ETF|证券ETF|军工ETF|消费ETF|恒生ETF|白银LOF|纳指ETF|标普500ETF|欧洲ETF|黄金ETF|原油ETF,10年国债ETF|中证1000ETF|中证2000ETF|人工智能ETF|信用债ETF|半导体ETF|可转债ETF|新能源ETF|日经225ETF|有色金属期货ETF|煤炭ETF|科创50ETF|能源化工期货ETF|豆粕ETF,10年国债ETF:no_observations|中证1000ETF:insufficient_observations(4)|中证2000ETF:no_observations|人工智能ETF:no_observations|信用债ETF:no_observations|半导体ETF:no_observations|可转债ETF:no_observations|新能源ETF:no_observations|日经225ETF:no_observations|有色金属期货ETF:no_observations|煤炭ETF:no_observations|科创50ETF:no_observations|能源化工期货ETF:no_observations|豆粕ETF:no_observations
2016-11-18,16,60,5年国债ETF|日利ETF|沪深300ETF|中证500ETF|创业板ETF|红利ETF|证券ETF|军工ETF|消费ETF|恒生ETF|白银LOF|纳指ETF|标普500ETF|欧洲ETF|黄金ETF|原油ETF,10年国债ETF|中证1000ETF|中证2000ETF|人工智能ETF|信用债ETF|半导体ETF|可转债ETF|新能源ETF|日经225ETF|有色金属期货ETF|煤炭ETF|科创50ETF|能源化工期货ETF|豆粕ETF,10年国债ETF:no_observations|中证1000ETF:insufficient_observations(9)|中证2000ETF:no_observations|人工智能ETF:no_observations|信用债ETF:no_observations|半导体ETF:no_observations|可转债ETF:no_observations|新能源ETF:no_observations|日经225ETF:no_observations|有色金属期货ETF:no_observations|煤炭ETF:no_observations|科创50ETF:no_observations|能源化工期货ETF:no_observations|豆粕ETF:no_observations
2016-11-25,16,60,5年国债ETF|日利ETF|沪深300ETF|中证500ETF|创业板ETF|红利ETF|证券ETF|军工ETF|消费ETF|恒生ETF|白银LOF|纳指ETF|标普500ETF|欧洲ETF|黄金ETF|原油ETF,10年国债ETF|中证1000ETF|中证2000ETF|人工智能ETF|信用债ETF|半导体ETF|可转债ETF|新能源ETF|日经225ETF|有色金属期货ETF|煤炭ETF|科创50ETF|能源化工期货ETF|豆粕ETF,10年国债ETF:no_observations|中证1000ETF:insufficient_observations(14)|中证2000ETF:no_observations|人工智能ETF:no_observations|信用债ETF:no_observations|半导体ETF:no_observations|可转债ETF:no_observations|新能源ETF:no_observations|日经225ETF:no_observations|有色金属期货ETF:no_observations|煤炭ETF:no_observations|科创50ETF:no_observations|能源化工期货ETF:no_observations|豆粕ETF:no_observations
2016-12-02,16,60,5年国债ETF|日利ETF|沪深300ETF|中证500ETF|创业板ETF|红利ETF|证券ETF|军工ETF|消费ETF|恒生ETF|白银LOF|纳指ETF|标普500ETF|欧洲ETF|黄金ETF|原油ETF,10年国债ETF|中证1000ETF|中证2000ETF|人工智能ETF|信用债ETF|半导体ETF|可转债ETF|新能源ETF|日经225ETF|有色金属期货ETF|煤炭ETF|科创50ETF|能源化工期货ETF|豆粕ETF,10年国债ETF:no_observations|中证1000ETF:insufficient_observations(19)|中证2000ETF:no_observations|人工智能ETF:no_observations|信用债ETF:no_observations|半导体ETF:no_observations|可转债ETF:no_observations|新能源ETF:no_observations|日经225ETF:no_observations|有色金属期货ETF:no_observations|煤炭ETF:no_observations|科创50ETF:no_observations|能源化工期货ETF:no_observations|豆粕ETF:no_observations
2016-12-09,16,60,5年国债ETF|日利ETF|沪深300ETF|中证500ETF|创业板ETF|红利ETF|证券ETF|军工ETF|消费ETF|恒生ETF|白银LOF|纳指ETF|标普500ETF|欧洲ETF|黄金ETF|原油ETF,10年国债ETF|中证1000ETF|中证2000ETF|人工智能ETF|信用债ETF|半导体ETF|可转债ETF|新能源ETF|日经225ETF|有色金属期货ETF|煤炭ETF|科创50ETF|能源化工期货ETF|豆粕ETF,10年国债ETF:no_observations|中证1000ETF:insufficient_observations(24)|中证2000ETF:no_observations|人工智能ETF:no_observations|信用债ETF:no_observations|半导体ETF:no_observations|可转债ETF:no_observations|新能源ETF:no_observations|日经225ETF:no_observations|有色金属期货ETF:no_observations|煤炭ETF:no_observations|科创50ETF:no_observations|能源化工期货ETF:no_observations|豆粕ETF:no_observations
2016-12-16,16,60,5年国债ETF|日利ETF|沪深300ETF|中证500ETF|创业板ETF|红利ETF|证券ETF|军工ETF|消费ETF|恒生ETF|白银LOF|纳指ETF|标普500ETF|欧洲ETF|黄金ETF|原油ETF,10年国债ETF|中证1000ETF|中证2000ETF|人工智能ETF|信用债ETF|半导体ETF|可转债ETF|新能源ETF|日经225ETF|有色金属期货ETF|煤炭ETF|科创50ETF|能源化工期货ETF|豆粕ETF,10年国债ETF:no_observations|中证1000ETF:insufficient_observations(29)|中证2000ETF:no_observations|人工智能ETF:no_observations|信用债ETF:no_observations|半导体ETF:no_observations|可转债ETF:no_observations|新能源ETF:no_observations|日经225ETF:no_observations|有色金属期货ETF:no_observations|煤炭ETF:no_observations|科创50ETF:no_observations|能源化工期货ETF:no_observations|豆粕ETF:no_observations
2016-12-23,16,60,5年国债ETF|日利ETF|沪深300ETF|中证500ETF|创业板ETF|红利ETF|证券ETF|军工ETF|消费ETF|恒生ETF|白银LOF|纳指ETF|标普500ETF|欧洲ETF|黄金ETF|原油ETF,10年国债ETF|中证1000ETF|中证2000ETF|人工智能ETF|信用债ETF|半导体ETF|可转债ETF|新能源ETF|日经225ETF|有色金属期货ETF|煤炭ETF|科创50ETF|能源化工期货ETF|豆粕ETF,10年国债ETF:no_observations|中证1000ETF:insufficient_observations(34)|中证2000ETF:no_observations|人工智能ETF:no_observations|信用债ETF:no_observations|半导体ETF:no_observations|可转债ETF:no_observations|新能源ETF:no_observations|日经225ETF:no_observations|有色金属期货ETF:no_observations|煤炭ETF:no_observations|科创50ETF:no_observations|能源化工期货ETF:no_observations|豆粕ETF:no_observations
2016-12-30,16,60,5年国债ETF|日利ETF|沪深300ETF|中证500ETF|创业板ETF|红利ETF|证券ETF|军工ETF|消费ETF|恒生ETF|白银LOF|纳指ETF|标普500ETF|欧洲ETF|黄金ETF|原油ETF,10年国债ETF|中证1000ETF|中证2000ETF|人工智能ETF|信用债ETF|半导体ETF|可转债ETF|新能源ETF|日经225ETF|有色金属期货ETF|煤炭ETF|科创50ETF|能源化工期货ETF|豆粕ETF,10年国债ETF:no_observations|中证1000ETF:insufficient_observations(39)|中证2000ETF:no_observations|人工智能ETF:no_observations|信用债ETF:no_observations|半导体ETF:no_observations|可转债ETF:no_observations|新能源ETF:no_observations|日经225ETF:no_observations|有色金属期货ETF:no_observations|煤炭ETF:no_observations|科创50ETF:no_observations|能源化工期货ETF:no_observations|豆粕ETF:no_observations
2017-01-06,16,60,5年国债ETF|日利ETF|沪深300ETF|中证500ETF|创业板ETF|红利ETF|证券ETF|军工ETF|消费ETF|恒生ETF|白银LOF|纳指ETF|标普500ETF|欧洲ETF|黄金ETF|原油ETF,10年国债ETF|中证1000ETF|中证2000ETF|人工智能ETF|信用债ETF|半导体ETF|可转债ETF|新能源ETF|日经225ETF|有色金属期货ETF|煤炭ETF|科创50ETF|能源化工期货ETF|豆粕ETF,10年国债ETF:no_observations|中证1000ETF:insufficient_observations(43)|中证2000ETF:no_observations|人工智能ETF:no_observations|信用债ETF:no_observations|半导体ETF:no_observations|可转债ETF:no_observations|新能源ETF:no_observations|日经225ETF:no_observations|有色金属期货ETF:no_observations|煤炭ETF:no_observations|科创50ETF:no_observations|能源化工期货ETF:no_observations|豆粕ETF:no_observations
2017-01-13,16,60,5年国债ETF|日利ETF|沪深300ETF|中证500ETF|创业板ETF|红利ETF|证券ETF|军工ETF|消费ETF|恒生ETF|白银LOF|纳指ETF|标普500ETF|欧洲ETF|黄金ETF|原油ETF,10年国债ETF|中证1000ETF|中证2000ETF|人工智能ETF|信用债ETF|半导体ETF|可转债ETF|新能源ETF|日经225ETF|有色金属期货ETF|煤炭ETF|科创50ETF|能源化工期货ETF|豆粕ETF,10年国债ETF:no_observations|中证1000ETF:insufficient_observations(48)|中证2000ETF:no_observations|人工智能ETF:no_observations|信用债ETF:no_observations|半导体ETF:no_observations|可转债ETF:no_observations|新能源ETF:no_observations|日经225ETF:no_observations|有色金属期货ETF:no_observations|煤炭ETF:no_observations|科创50ETF:no_observations|能源化工期货ETF:no_observations|豆粕ETF:no_observations
2017-01-20,16,60,5年国债ETF|日利ETF|沪深300ETF|中证500ETF|创业板ETF|红利ETF|证券ETF|军工ETF|消费ETF|恒生ETF|白银LOF|纳指ETF|标普500ETF|欧洲ETF|黄金ETF|原油ETF,10年国债ETF|中证1000ETF|中证2000ETF|人工智能ETF|信用债ETF|半导体ETF|可转债ETF|新能源ETF|日经225ETF|有色金属期货ETF|煤炭ETF|科创50ETF|能源化工期货ETF|豆粕ETF,10年国债ETF:no_observations|中证1000ETF:insufficient_observations(53)|中证2000ETF:no_observations|人工智能ETF:no_observations|信用债ETF:no_observations|半导体ETF:no_observations|可转债ETF:no_observations|新能源ETF:no_observations|日经225ETF:no_observations|有色金属期货ETF:no_observations|煤炭ETF:no_observations|科创50ETF:no_observations|能源化工期货ETF:no_observations|豆粕ETF:no_observations
2017-01-26,16,60,5年国债ETF|日利ETF|沪深300ETF|中证500ETF|创业板ETF|红利ETF|证券ETF|军工ETF|消费ETF|恒生ETF|白银LOF|纳指ETF|标普500ETF|欧洲ETF|黄金ETF|原油ETF,10年国债ETF|中证1000ETF|中证2000ETF|人工智能ETF|信用债ETF|半导体ETF|可转债ETF|新能源ETF|日经225ETF|有色金属期货ETF|煤炭ETF|科创50ETF|能源化工期货ETF|豆粕ETF,10年国债ETF:no_observations|中证1000ETF:insufficient_observations(57)|中证2000ETF:no_observations|人工智能ETF:no_observations|信用债ETF:no_observations|半导体ETF:no_observations|可转债ETF:no_observations|新能源ETF:no_observations|日经225ETF:no_observations|有色金属期货ETF:no_observations|煤炭ETF:no_observations|科创50ETF:no_observations|能源化工期货ETF:no_observations|豆粕ETF:no_observations
2017-02-03,16,60,5年国债ETF|日利ETF|沪深300ETF|中证500ETF|创业板ETF|红利ETF|证券ETF|军工ETF|消费ETF|恒生ETF|白银LOF|纳指ETF|标普500ETF|欧洲ETF|黄金ETF|原油ETF,10年国债ETF|中证1000ETF|中证2000ETF|人工智能ETF|信用债ETF|半导体ETF|可转债ETF|新能源ETF|日经225ETF|有色金属期货ETF|煤炭ETF|科创50ETF|能源化工期货ETF|豆粕ETF,10年国债ETF:no_observations|中证1000ETF:insufficient_observations(58)|中证2000ETF:no_observations|人工智能ETF:no_observations|信用债ETF:no_observations|半导体ETF:no_observations|可转债ETF:no_observations|新能源ETF:no_observations|日经225ETF:no_observations|有色金属期货ETF:no_observations|煤炭ETF:no_observations|科创50ETF:no_observations|能源化工期货ETF:no_observations|豆粕ETF:no_observations
2017-02-10,17,60,5年国债ETF|日利ETF|沪深300ETF|中证500ETF|中证1000ETF|创业板ETF|红利ETF|证券ETF|军工ETF|消费ETF|恒生ETF|白银LOF|纳指ETF|标普500ETF|欧洲ETF|黄金ETF|原油ETF,10年国债ETF|中证2000ETF|人工智能ETF|信用债ETF|半导体ETF|可转债ETF|新能源ETF|日经225ETF|有色金属期货ETF|煤炭ETF|科创50ETF|能源化工期货ETF|豆粕ETF,10年国债ETF:no_observations|中证2000ETF:no_observations|人工智能ETF:no_observations|信用债ETF:no_observations|半导体ETF:no_observations|可转债ETF:no_observations|新能源ETF:no_observations|日经225ETF:no_observations|有色金属期货ETF:no_observations|煤炭ETF:no_observations|科创50ETF:no_observations|能源化工期货ETF:no_observations|豆粕ETF:no_observations
2017-02-17,17,60,5年国债ETF|日利ETF|沪深300ETF|中证500ETF|中证1000ETF|创业板ETF|红利ETF|证券ETF|军工ETF|消费ETF|恒生ETF|白银LOF|纳指ETF|标普500ETF|欧洲ETF|黄金ETF|原油ETF,10年国债ETF|中证2000ETF|人工智能ETF|信用债ETF|半导体ETF|可转债ETF|新能源ETF|日经225ETF|有色金属期货ETF|煤炭ETF|科创50ETF|能源化工期货ETF|豆粕ETF,10年国债ETF:no_observations|中证2000ETF:no_observations|人工智能ETF:no_observations|信用债ETF:no_observations|半导体ETF:no_observations|可转债ETF:no_observations|新能源ETF:no_observations|日经225ETF:no_observations|有色金属期货ETF:no_observations|煤炭ETF:no_observations|科创50ETF:no_observations|能源化工期货ETF:no_observations|豆粕ETF:no_observations
2017-02-24,17,60,5年国债ETF|日利ETF|沪深300ETF|中证500ETF|中证1000ETF|创业板ETF|红利ETF|证券ETF|军工ETF|消费ETF|恒生ETF|白银LOF|纳指ETF|标普500ETF|欧洲ETF|黄金ETF|原油ETF,10年国债ETF|中证2000ETF|人工智能ETF|信用债ETF|半导体ETF|可转债ETF|新能源ETF|日经225ETF|有色金属期货ETF|煤炭ETF|科创50ETF|能源化工期货ETF|豆粕ETF,10年国债ETF:no_observations|中证2000ETF:no_observations|人工智能ETF:no_observations|信用债ETF:no_observations|半导体ETF:no_observations|可转债ETF:no_observations|新能源ETF:no_observations|日经225ETF:no_observations|有色金属期货ETF:no_observations|煤炭ETF:no_observations|科创50ETF:no_observations|能源化工期货ETF:no_observations|豆粕ETF:no_observations
2017-03-03,17,60,5年国债ETF|日利ETF|沪深300ETF|中证500ETF|中证1000ETF|创业板ETF|红利ETF|证券ETF|军工ETF|消费ETF|恒生ETF|白银LOF|纳指ETF|标普500ETF|欧洲ETF|黄金ETF|原油ETF,10年国债ETF|中证2000ETF|人工智能ETF|信用债ETF|半导体ETF|可转债ETF|新能源ETF|日经225ETF|有色金属期货ETF|煤炭ETF|科创50ETF|能源化工期货ETF|豆粕ETF,10年国债ETF:no_observations|中证2000ETF:no_observations|人工智能ETF:no_observations|信用债ETF:no_observations|半导体ETF:no_observations|可转债ETF:no_observations|新能源ETF:no_observations|日经225ETF:no_observations|有色金属期货ETF:no_observations|煤炭ETF:no_observations|科创50ETF:no_observations|能源化工期货ETF:no_observations|豆粕ETF:no_observations
2017-03-10,17,60,5年国债ETF|日利ETF|沪深300ETF|中证500ETF|中证1000ETF|创业板ETF|红利ETF|证券ETF|军工ETF|消费ETF|恒生ETF|白银LOF|纳指ETF|标普500ETF|欧洲ETF|黄金ETF|原油ETF,10年国债ETF|中证2000ETF|人工智能ETF|信用债ETF|半导体ETF|可转债ETF|新能源ETF|日经225ETF|有色金属期货ETF|煤炭ETF|科创50ETF|能源化工期货ETF|豆粕ETF,10年国债ETF:no_observations|中证2000ETF:no_observations|人工智能ETF:no_observations|信用债ETF:no_observations|半导体ETF:no_observations|可转债ETF:no_observations|新能源ETF:no_observations|日经225ETF:no_observations|有色金属期货ETF:no_observations|煤炭ETF:no_observations|科创50ETF:no_observations|能源化工期货ETF:no_observations|豆粕ETF:no_observations
2017-03-17,17,60,5年国债ETF|日利ETF|沪深300ETF|中证500ETF|中证1000ETF|创业板ETF|红利ETF|证券ETF|军工ETF|消费ETF|恒生ETF|白银LOF|纳指ETF|标普500ETF|欧洲ETF|黄金ETF|原油ETF,10年国债ETF|中证2000ETF|人工智能ETF|信用债ETF|半导体ETF|可转债ETF|新能源ETF|日经225ETF|有色金属期货ETF|煤炭ETF|科创50ETF|能源化工期货ETF|豆粕ETF,10年国债ETF:no_observations|中证2000ETF:no_observations|人工智能ETF:no_observations|信用债ETF:no_observations|半导体ETF:no_observations|可转债ETF:no_observations|新能源ETF:no_observations|日经225ETF:no_observations|有色金属期货ETF:no_observations|煤炭ETF:no_observations|科创50ETF:no_observations|能源化工期货ETF:no_observations|豆粕ETF:no_observations
2017-03-24,17,60,5年国债ETF|日利ETF|沪深300ETF|中证500ETF|中证1000ETF|创业板ETF|红利ETF|证券ETF|军工ETF|消费ETF|恒生ETF|白银LOF|纳指ETF|标普500ETF|欧洲ETF|黄金ETF|原油ETF,10年国债ETF|中证2000ETF|人工智能ETF|信用债ETF|半导体ETF|可转债ETF|新能源ETF|日经225ETF|有色金属期货ETF|煤炭ETF|科创50ETF|能源化工期货ETF|豆粕ETF,10年国债ETF:no_observations|中证2000ETF:no_observations|人工智能ETF:no_observations|信用债ETF:no_observations|半导体ETF:no_observations|可转债ETF:no_observations|新能源ETF:no_observations|日经225ETF:no_observations|有色金属期货ETF:no_observations|煤炭ETF:no_observations|科创50ETF:no_observations|能源化工期货ETF:no_observations|豆粕ETF:no_observations
2017-03-31,17,60,5年国债ETF|日利ETF|沪深300ETF|中证500ETF|中证1000ETF|创业板ETF|红利ETF|证券ETF|军工ETF|消费ETF|恒生ETF|白银LOF|纳指ETF|标普500ETF|欧洲ETF|黄金ETF|原油ETF,10年国债ETF|中证2000ETF|人工智能ETF|信用债ETF|半导体ETF|可转债ETF|新能源ETF|日经225ETF|有色金属期货ETF|煤炭ETF|科创50ETF|能源化工期货ETF|豆粕ETF,10年国债ETF:no_observations|中证2000ETF:no_observations|人工智能ETF:no_observations|信用债ETF:no_observations|半导体ETF:no_observations|可转债ETF:no_observations|新能源ETF:no_observations|日经225ETF:no_observations|有色金属期货ETF:no_observations|煤炭ETF:no_observations|科创50ETF:no_observations|能源化工期货ETF:no_observations|豆粕ETF:no_observations
2017-04-07,17,60,5年国债ETF|日利ETF|沪深300ETF|中证500ETF|中证1000ETF|创业板ETF|红利ETF|证券ETF|军工ETF|消费ETF|恒生ETF|白银LOF|纳指ETF|标普500ETF|欧洲ETF|黄金ETF|原油ETF,10年国债ETF|中证2000ETF|人工智能ETF|信用债ETF|半导体ETF|可转债ETF|新能源ETF|日经225ETF|有色金属期货ETF|煤炭ETF|科创50ETF|能源化工期货ETF|豆粕ETF,10年国债ETF:no_observations|中证2000ETF:no_observations|人工智能ETF:no_observations|信用债ETF:no_observations|半导体ETF:no_observations|可转债ETF:no_observations|新能源ETF:no_observations|日经225ETF:no_observations|有色金属期货ETF:no_observations|煤炭ETF:no_observations|科创50ETF:no_observations|能源化工期货ETF:no_observations|豆粕ETF:no_observations
2017-04-14,17,60,5年国债ETF|日利ETF|沪深300ETF|中证500ETF|中证1000ETF|创业板ETF|红利ETF|证券ETF|军工ETF|消费ETF|恒生ETF|白银LOF|纳指ETF|标普500ETF|欧洲ETF|黄金ETF|原油ETF,10年国债ETF|中证2000ETF|人工智能ETF|信用债ETF|半导体ETF|可转债ETF|新能源ETF|日经225ETF|有色金属期货ETF|煤炭ETF|科创50ETF|能源化工期货ETF|豆粕ETF,10年国债ETF:no_observations|中证2000ETF:no_observations|人工智能ETF:no_observations|信用债ETF:no_observations|半导体ETF:no_observations|可转债ETF:no_observations|新能源ETF:no_observations|日经225ETF:no_observations|有色金属期货ETF:no_observations|煤炭ETF:no_observations|科创50ETF:no_observations|能源化工期货ETF:no_observations|豆粕ETF:no_observations
2017-04-21,17,60,5年国债ETF|日利ETF|沪深300ETF|中证500ETF|中证1000ETF|创业板ETF|红利ETF|证券ETF|军工ETF|消费ETF|恒生ETF|白银LOF|纳指ETF|标普500ETF|欧洲ETF|黄金ETF|原油ETF,10年国债ETF|中证2000ETF|人工智能ETF|信用债ETF|半导体ETF|可转债ETF|新能源ETF|日经225ETF|有色金属期货ETF|煤炭ETF|科创50ETF|能源化工期货ETF|豆粕ETF,10年国债ETF:no_observations|中证2000ETF:no_observations|人工智能ETF:no_observations|信用债ETF:no_observations|半导体ETF:no_observations|可转债ETF:no_observations|新能源ETF:no_observations|日经225ETF:no_observations|有色金属期货ETF:no_observations|煤炭ETF:no_observations|科创50ETF:no_observations|能源化工期货ETF:no_observations|豆粕ETF:no_observations
2017-04-28,17,60,5年国债ETF|日利ETF|沪深300ETF|中证500ETF|中证1000ETF|创业板ETF|红利ETF|证券ETF|军工ETF|消费ETF|恒生ETF|白银LOF|纳指ETF|标普500ETF|欧洲ETF|黄金ETF|原油ETF,10年国债ETF|中证2000ETF|人工智能ETF|信用债ETF|半导体ETF|可转债ETF|新能源ETF|日经225ETF|有色金属期货ETF|煤炭ETF|科创50ETF|能源化工期货ETF|豆粕ETF,10年国债ETF:no_observations|中证2000ETF:no_observations|人工智能ETF:no_observations|信用债ETF:no_observations|半导体ETF:no_observations|可转债ETF:no_observations|新能源ETF:no_observations|日经225ETF:no_observations|有色金属期货ETF:no_observations|煤炭ETF:no_observations|科创50ETF:no_observations|能源化工期货ETF:no_observations|豆粕ETF:no_observations
2017-05-05,17,60,5年国债ETF|日利ETF|沪深300ETF|中证500ETF|中证1000ETF|创业板ETF|红利ETF|证券ETF|军工ETF|消费ETF|恒生ETF|白银LOF|纳指ETF|标普500ETF|欧洲ETF|黄金ETF|原油ETF,10年国债ETF|中证2000ETF|人工智能ETF|信用债ETF|半导体ETF|可转债ETF|新能源ETF|日经225ETF|有色金属期货ETF|煤炭ETF|科创50ETF|能源化工期货ETF|豆粕ETF,10年国债ETF:no_observations|中证2000ETF:no_observations|人工智能ETF:no_observations|信用债ETF:no_observations|半导体ETF:no_observations|可转债ETF:no_observations|新能源ETF:no_observations|日经225ETF:no_observations|有色金属期货ETF:no_observations|煤炭ETF:no_observations|科创50ETF:no_observations|能源化工期货ETF:no_observations|豆粕ETF:no_observations
2017-05-12,17,60,5年国债ETF|日利ETF|沪深300ETF|中证500ETF|中证1000ETF|创业板ETF|红利ETF|证券ETF|军工ETF|消费ETF|恒生ETF|白银LOF|纳指ETF|标普500ETF|欧洲ETF|黄金ETF|原油ETF,10年国债ETF|中证2000ETF|人工智能ETF|信用债ETF|半导体ETF|可转债ETF|新能源ETF|日经225ETF|有色金属期货ETF|煤炭ETF|科创50ETF|能源化工期货ETF|豆粕ETF,10年国债ETF:no_observations|中证2000ETF:no_observations|人工智能ETF:no_observations|信用债ETF:no_observations|半导体ETF:no_observations|可转债ETF:no_observations|新能源ETF:no_observations|日经225ETF:no_observations|有色金属期货ETF:no_observations|煤炭ETF:no_observations|科创50ETF:no_observations|能源化工期货ETF:no_observations|豆粕ETF:no_observations
2017-05-19,17,60,5年国债ETF|日利ETF|沪深300ETF|中证500ETF|中证1000ETF|创业板ETF|红利ETF|证券ETF|军工ETF|消费ETF|恒生ETF|白银LOF|纳指ETF|标普500ETF|欧洲ETF|黄金ETF|原油ETF,10年国债ETF|中证2000ETF|人工智能ETF|信用债ETF|半导体ETF|可转债ETF|新能源ETF|日经225ETF|有色金属期货ETF|煤炭ETF|科创50ETF|能源化工期货ETF|豆粕ETF,10年国债ETF:no_observations|中证2000ETF:no_observations|人工智能ETF:no_observations|信用债ETF:no_observations|半导体ETF:no_observations|可转债ETF:no_observations|新能源ETF:no_observations|日经225ETF:no_observations|有色金属期货ETF:no_observations|煤炭ETF:no_observations|科创50ETF:no_observations|能源化工期货ETF:no_observations|豆粕ETF:no_observations
2017-05-26,17,60,5年国债ETF|日利ETF|沪深300ETF|中证500ETF|中证1000ETF|创业板ETF|红利ETF|证券ETF|军工ETF|消费ETF|恒生ETF|白银LOF|纳指ETF|标普500ETF|欧洲ETF|黄金ETF|原油ETF,10年国债ETF|中证2000ETF|人工智能ETF|信用债ETF|半导体ETF|可转债ETF|新能源ETF|日经225ETF|有色金属期货ETF|煤炭ETF|科创50ETF|能源化工期货ETF|豆粕ETF,10年国债ETF:no_observations|中证2000ETF:no_observations|人工智能ETF:no_observations|信用债ETF:no_observations|半导体ETF:no_observations|可转债ETF:no_observations|新能源ETF:no_observations|日经225ETF:no_observations|有色金属期货ETF:no_observations|煤炭ETF:no_observations|科创50ETF:no_observations|能源化工期货ETF:no_observations|豆粕ETF:no_observations
2017-06-02,17,60,5年国债ETF|日利ETF|沪深300ETF|中证500ETF|中证1000ETF|创业板ETF|红利ETF|证券ETF|军工ETF|消费ETF|恒生ETF|白银LOF|纳指ETF|标普500ETF|欧洲ETF|黄金ETF|原油ETF,10年国债ETF|中证2000ETF|人工智能ETF|信用债ETF|半导体ETF|可转债ETF|新能源ETF|日经225ETF|有色金属期货ETF|煤炭ETF|科创50ETF|能源化工期货ETF|豆粕ETF,10年国债ETF:no_observations|中证2000ETF:no_observations|人工智能ETF:no_observations|信用债ETF:no_observations|半导体ETF:no_observations|可转债ETF:no_observations|新能源ETF:no_observations|日经225ETF:no_observations|有色金属期货ETF:no_observations|煤炭ETF:no_observations|科创50ETF:no_observations|能源化工期货ETF:no_observations|豆粕ETF:no_observations
2017-06-09,17,60,5年国债ETF|日利ETF|沪深300ETF|中证500ETF|中证1000ETF|创业板ETF|红利ETF|证券ETF|军工ETF|消费ETF|恒生ETF|白银LOF|纳指ETF|标普500ETF|欧洲ETF|黄金ETF|原油ETF,10年国债ETF|中证2000ETF|人工智能ETF|信用债ETF|半导体ETF|可转债ETF|新能源ETF|日经225ETF|有色金属期货ETF|煤炭ETF|科创50ETF|能源化工期货ETF|豆粕ETF,10年国债ETF:no_observations|中证2000ETF:no_observations|人工智能ETF:no_observations|信用债ETF:no_observations|半导体ETF:no_observations|可转债ETF:no_observations|新能源ETF:no_observations|日经225ETF:no_observations|有色金属期货ETF:no_observations|煤炭ETF:no_observations|科创50ETF:no_observations|能源化工期货ETF:no_observations|豆粕ETF:no_observations
2017-06-16,17,60,5年国债ETF|日利ETF|沪深300ETF|中证500ETF|中证1000ETF|创业板ETF|红利ETF|证券ETF|军工ETF|消费ETF|恒生ETF|白银LOF|纳指ETF|标普500ETF|欧洲ETF|黄金ETF|原油ETF,10年国债ETF|中证2000ETF|人工智能ETF|信用债ETF|半导体ETF|可转债ETF|新能源ETF|日经225ETF|有色金属期货ETF|煤炭ETF|科创50ETF|能源化工期货ETF|豆粕ETF,10年国债ETF:no_observations|中证2000ETF:no_observations|人工智能ETF:no_observations|信用债ETF:no_observations|半导体ETF:no_observations|可转债ETF:no_observations|新能源ETF:no_observations|日经225ETF:no_observations|有色金属期货ETF:no_observations|煤炭ETF:no_observations|科创50ETF:no_observations|能源化工期货ETF:no_observations|豆粕ETF:no_observations
2017-06-23,17,60,5年国债ETF|日利ETF|沪深300ETF|中证500ETF|中证1000ETF|创业板ETF|红利ETF|证券ETF|军工ETF|消费ETF|恒生ETF|白银LOF|纳指ETF|标普500ETF|欧洲ETF|黄金ETF|原油ETF,10年国债ETF|中证2000ETF|人工智能ETF|信用债ETF|半导体ETF|可转债ETF|新能源ETF|日经225ETF|有色金属期货ETF|煤炭ETF|科创50ETF|能源化工期货ETF|豆粕ETF,10年国债ETF:no_observations|中证2000ETF:no_observations|人工智能ETF:no_observations|信用债ETF:no_observations|半导体ETF:no_observations|可转债ETF:no_observations|新能源ETF:no_observations|日经225ETF:no_observations|有色金属期货ETF:no_observations|煤炭ETF:no_observations|科创50ETF:no_observations|能源化工期货ETF:no_observations|豆粕ETF:no_observations
2017-06-30,17,60,5年国债ETF|日利ETF|沪深300ETF|中证500ETF|中证1000ETF|创业板ETF|红利ETF|证券ETF|军工ETF|消费ETF|恒生ETF|白银LOF|纳指ETF|标普500ETF|欧洲ETF|黄金ETF|原油ETF,10年国债ETF|中证2000ETF|人工智能ETF|信用债ETF|半导体ETF|可转债ETF|新能源ETF|日经225ETF|有色金属期货ETF|煤炭ETF|科创50ETF|能源化工期货ETF|豆粕ETF,10年国债ETF:no_observations|中证2000ETF:no_observations|人工智能ETF:no_observations|信用债ETF:no_observations|半导体ETF:no_observations|可转债ETF:no_observations|新能源ETF:no_observations|日经225ETF:no_observations|有色金属期货ETF:no_observations|煤炭ETF:no_observations|科创50ETF:no_observations|能源化工期货ETF:no_observations|豆粕ETF:no_observations
2017-07-07,17,60,5年国债ETF|日利ETF|沪深300ETF|中证500ETF|中证1000ETF|创业板ETF|红利ETF|证券ETF|军工ETF|消费ETF|恒生ETF|白银LOF|纳指ETF|标普500ETF|欧洲ETF|黄金ETF|原油ETF,10年国债ETF|中证2000ETF|人工智能ETF|信用债ETF|半导体ETF|可转债ETF|新能源ETF|日经225ETF|有色金属期货ETF|煤炭ETF|科创50ETF|能源化工期货ETF|豆粕ETF,10年国债ETF:no_observations|中证2000ETF:no_observations|人工智能ETF:no_observations|信用债ETF:no_observations|半导体ETF:no_observations|可转债ETF:no_observations|新能源ETF:no_observations|日经225ETF:no_observations|有色金属期货ETF:no_observations|煤炭ETF:no_observations|科创50ETF:no_observations|能源化工期货ETF:no_observations|豆粕ETF:no_observations
2017-07-14,17,60,5年国债ETF|日利ETF|沪深300ETF|中证500ETF|中证1000ETF|创业板ETF|红利ETF|证券ETF|军工ETF|消费ETF|恒生ETF|白银LOF|纳指ETF|标普500ETF|欧洲ETF|黄金ETF|原油ETF,10年国债ETF|中证2000ETF|人工智能ETF|信用债ETF|半导体ETF|可转债ETF|新能源ETF|日经225ETF|有色金属期货ETF|煤炭ETF|科创50ETF|能源化工期货ETF|豆粕ETF,10年国债ETF:no_observations|中证2000ETF:no_observations|人工智能ETF:no_observations|信用债ETF:no_observations|半导体ETF:no_observations|可转债ETF:no_observations|新能源ETF:no_observations|日经225ETF:no_observations|有色金属期货ETF:no_observations|煤炭ETF:no_observations|科创50ETF:no_observations|能源化工期货ETF:no_observations|豆粕ETF:no_observations
2017-07-21,17,60,5年国债ETF|日利ETF|沪深300ETF|中证500ETF|中证1000ETF|创业板ETF|红利ETF|证券ETF|军工ETF|消费ETF|恒生ETF|白银LOF|纳指ETF|标普500ETF|欧洲ETF|黄金ETF|原油ETF,10年国债ETF|中证2000ETF|人工智能ETF|信用债ETF|半导体ETF|可转债ETF|新能源ETF|日经225ETF|有色金属期货ETF|煤炭ETF|科创50ETF|能源化工期货ETF|豆粕ETF,10年国债ETF:no_observations|中证2000ETF:no_observations|人工智能ETF:no_observations|信用债ETF:no_observations|半导体ETF:no_observations|可转债ETF:no_observations|新能源ETF:no_observations|日经225ETF:no_observations|有色金属期货ETF:no_observations|煤炭ETF:no_observations|科创50ETF:no_observations|能源化工期货ETF:no_observations|豆粕ETF:no_observations
2017-07-28,17,60,5年国债ETF|日利ETF|沪深300ETF|中证500ETF|中证1000ETF|创业板ETF|红利ETF|证券ETF|军工ETF|消费ETF|恒生ETF|白银LOF|纳指ETF|标普500ETF|欧洲ETF|黄金ETF|原油ETF,10年国债ETF|中证2000ETF|人工智能ETF|信用债ETF|半导体ETF|可转债ETF|新能源ETF|日经225ETF|有色金属期货ETF|煤炭ETF|科创50ETF|能源化工期货ETF|豆粕ETF,10年国债ETF:no_observations|中证2000ETF:no_observations|人工智能ETF:no_observations|信用债ETF:no_observations|半导体ETF:no_observations|可转债ETF:no_observations|新能源ETF:no_observations|日经225ETF:no_observations|有色金属期货ETF:no_observations|煤炭ETF:no_observations|科创50ETF:no_observations|能源化工期货ETF:no_observations|豆粕ETF:no_observations
2017-08-04,17,60,5年国债ETF|日利ETF|沪深300ETF|中证500ETF|中证1000ETF|创业板ETF|红利ETF|证券ETF|军工ETF|消费ETF|恒生ETF|白银LOF|纳指ETF|标普500ETF|欧洲ETF|黄金ETF|原油ETF,10年国债ETF|中证2000ETF|人工智能ETF|信用债ETF|半导体ETF|可转债ETF|新能源ETF|日经225ETF|有色金属期货ETF|煤炭ETF|科创50ETF|能源化工期货ETF|豆粕ETF,10年国债ETF:no_observations|中证2000ETF:no_observations|人工智能ETF:no_observations|信用债ETF:no_observations|半导体ETF:no_observations|可转债ETF:no_observations|新能源ETF:no_observations|日经225ETF:no_observations|有色金属期货ETF:no_observations|煤炭ETF:no_observations|科创50ETF:no_observations|能源化工期货ETF:no_observations|豆粕ETF:no_observations
2017-08-11,17,60,5年国债ETF|日利ETF|沪深300ETF|中证500ETF|中证1000ETF|创业板ETF|红利ETF|证券ETF|军工ETF|消费ETF|恒生ETF|白银LOF|纳指ETF|标普500ETF|欧洲ETF|黄金ETF|原油ETF,10年国债ETF|中证2000ETF|人工智能ETF|信用债ETF|半导体ETF|可转债ETF|新能源ETF|日经225ETF|有色金属期货ETF|煤炭ETF|科创50ETF|能源化工期货ETF|豆粕ETF,10年国债ETF:no_observations|中证2000ETF:no_observations|人工智能ETF:no_observations|信用债ETF:no_observations|半导体ETF:no_observations|可转债ETF:no_observations|新能源ETF:no_observations|日经225ETF:no_observations|有色金属期货ETF:no_observations|煤炭ETF:no_observations|科创50ETF:no_observations|能源化工期货ETF:no_observations|豆粕ETF:no_observations
2017-08-18,17,60,5年国债ETF|日利ETF|沪深300ETF|中证500ETF|中证1000ETF|创业板ETF|红利ETF|证券ETF|军工ETF|消费ETF|恒生ETF|白银LOF|纳指ETF|标普500ETF|欧洲ETF|黄金ETF|原油ETF,10年国债ETF|中证2000ETF|人工智能ETF|信用债ETF|半导体ETF|可转债ETF|新能源ETF|日经225ETF|有色金属期货ETF|煤炭ETF|科创50ETF|能源化工期货ETF|豆粕ETF,10年国债ETF:no_observations|中证2000ETF:no_observations|人工智能ETF:no_observations|信用债ETF:no_observations|半导体ETF:no_observations|可转债ETF:no_observations|新能源ETF:no_observations|日经225ETF:no_observations|有色金属期货ETF:no_observations|煤炭ETF:no_observations|科创50ETF:no_observations|能源化工期货ETF:no_observations|豆粕ETF:no_observations
2017-08-25,17,60,5年国债ETF|日利ETF|沪深300ETF|中证500ETF|中证1000ETF|创业板ETF|红利ETF|证券ETF|军工ETF|消费ETF|恒生ETF|白银LOF|纳指ETF|标普500ETF|欧洲ETF|黄金ETF|原油ETF,10年国债ETF|中证2000ETF|人工智能ETF|信用债ETF|半导体ETF|可转债ETF|新能源ETF|日经225ETF|有色金属期货ETF|煤炭ETF|科创50ETF|能源化工期货ETF|豆粕ETF,10年国债ETF:no_observations|中证2000ETF:no_observations|人工智能ETF:no_observations|信用债ETF:no_observations|半导体ETF:no_observations|可转债ETF:no_observations|新能源ETF:no_observations|日经225ETF:no_observations|有色金属期货ETF:no_observations|煤炭ETF:no_observations|科创50ETF:no_observations|能源化工期货ETF:no_observations|豆粕ETF:no_observations
2017-09-01,17,60,5年国债ETF|日利ETF|沪深300ETF|中证500ETF|中证1000ETF|创业板ETF|红利ETF|证券ETF|军工ETF|消费ETF|恒生ETF|白银LOF|纳指ETF|标普500ETF|欧洲ETF|黄金ETF|原油ETF,10年国债ETF|中证2000ETF|人工智能ETF|信用债ETF|半导体ETF|可转债ETF|新能源ETF|日经225ETF|有色金属期货ETF|煤炭ETF|科创50ETF|能源化工期货ETF|豆粕ETF,10年国债ETF:insufficient_observations(5)|中证2000ETF:no_observations|人工智能ETF:no_observations|信用债ETF:no_observations|半导体ETF:no_observations|可转债ETF:no_observations|新能源ETF:no_observations|日经225ETF:no_observations|有色金属期货ETF:no_observations|煤炭ETF:no_observations|科创50ETF:no_observations|能源化工期货ETF:no_observations|豆粕ETF:no_observations
2017-09-08,17,60,5年国债ETF|日利ETF|沪深300ETF|中证500ETF|中证1000ETF|创业板ETF|红利ETF|证券ETF|军工ETF|消费ETF|恒生ETF|白银LOF|纳指ETF|标普500ETF|欧洲ETF|黄金ETF|原油ETF,10年国债ETF|中证2000ETF|人工智能ETF|信用债ETF|半导体ETF|可转债ETF|新能源ETF|日经225ETF|有色金属期货ETF|煤炭ETF|科创50ETF|能源化工期货ETF|豆粕ETF,10年国债ETF:insufficient_observations(10)|中证2000ETF:no_observations|人工智能ETF:no_observations|信用债ETF:no_observations|半导体ETF:no_observations|可转债ETF:no_observations|新能源ETF:no_observations|日经225ETF:no_observations|有色金属期货ETF:no_observations|煤炭ETF:no_observations|科创50ETF:no_observations|能源化工期货ETF:no_observations|豆粕ETF:no_observations
2017-09-15,17,60,5年国债ETF|日利ETF|沪深300ETF|中证500ETF|中证1000ETF|创业板ETF|红利ETF|证券ETF|军工ETF|消费ETF|恒生ETF|白银LOF|纳指ETF|标普500ETF|欧洲ETF|黄金ETF|原油ETF,10年国债ETF|中证2000ETF|人工智能ETF|信用债ETF|半导体ETF|可转债ETF|新能源ETF|日经225ETF|有色金属期货ETF|煤炭ETF|科创50ETF|能源化工期货ETF|豆粕ETF,10年国债ETF:insufficient_observations(15)|中证2000ETF:no_observations|人工智能ETF:no_observations|信用债ETF:no_observations|半导体ETF:no_observations|可转债ETF:no_observations|新能源ETF:no_observations|日经225ETF:no_observations|有色金属期货ETF:no_observations|煤炭ETF:no_observations|科创50ETF:no_observations|能源化工期货ETF:no_observations|豆粕ETF:no_observations
2017-09-22,17,60,5年国债ETF|日利ETF|沪深300ETF|中证500ETF|中证1000ETF|创业板ETF|红利ETF|证券ETF|军工ETF|消费ETF|恒生ETF|白银LOF|纳指ETF|标普500ETF|欧洲ETF|黄金ETF|原油ETF,10年国债ETF|中证2000ETF|人工智能ETF|信用债ETF|半导体ETF|可转债ETF|新能源ETF|日经225ETF|有色金属期货ETF|煤炭ETF|科创50ETF|能源化工期货ETF|豆粕ETF,10年国债ETF:insufficient_observations(20)|中证2000ETF:no_observations|人工智能ETF:no_observations|信用债ETF:no_observations|半导体ETF:no_observations|可转债ETF:no_observations|新能源ETF:no_observations|日经225ETF:no_observations|有色金属期货ETF:no_observations|煤炭ETF:no_observations|科创50ETF:no_observations|能源化工期货ETF:no_observations|豆粕ETF:no_observations
2017-09-29,17,60,5年国债ETF|日利ETF|沪深300ETF|中证500ETF|中证1000ETF|创业板ETF|红利ETF|证券ETF|军工ETF|消费ETF|恒生ETF|白银LOF|纳指ETF|标普500ETF|欧洲ETF|黄金ETF|原油ETF,10年国债ETF|中证2000ETF|人工智能ETF|信用债ETF|半导体ETF|可转债ETF|新能源ETF|日经225ETF|有色金属期货ETF|煤炭ETF|科创50ETF|能源化工期货ETF|豆粕ETF,10年国债ETF:insufficient_observations(25)|中证2000ETF:no_observations|人工智能ETF:no_observations|信用债ETF:no_observations|半导体ETF:no_observations|可转债ETF:no_observations|新能源ETF:no_observations|日经225ETF:no_observations|有色金属期货ETF:no_observations|煤炭ETF:no_observations|科创50ETF:no_observations|能源化工期货ETF:no_observations|豆粕ETF:no_observations
2017-10-13,17,60,5年国债ETF|日利ETF|沪深300ETF|中证500ETF|中证1000ETF|创业板ETF|红利ETF|证券ETF|军工ETF|消费ETF|恒生ETF|白银LOF|纳指ETF|标普500ETF|欧洲ETF|黄金ETF|原油ETF,10年国债ETF|中证2000ETF|人工智能ETF|信用债ETF|半导体ETF|可转债ETF|新能源ETF|日经225ETF|有色金属期货ETF|煤炭ETF|科创50ETF|能源化工期货ETF|豆粕ETF,10年国债ETF:insufficient_observations(30)|中证2000ETF:no_observations|人工智能ETF:no_observations|信用债ETF:no_observations|半导体ETF:no_observations|可转债ETF:no_observations|新能源ETF:no_observations|日经225ETF:no_observations|有色金属期货ETF:no_observations|煤炭ETF:no_observations|科创50ETF:no_observations|能源化工期货ETF:no_observations|豆粕ETF:no_observations
2017-10-20,17,60,5年国债ETF|日利ETF|沪深300ETF|中证500ETF|中证1000ETF|创业板ETF|红利ETF|证券ETF|军工ETF|消费ETF|恒生ETF|白银LOF|纳指ETF|标普500ETF|欧洲ETF|黄金ETF|原油ETF,10年国债ETF|中证2000ETF|人工智能ETF|信用债ETF|半导体ETF|可转债ETF|新能源ETF|日经225ETF|有色金属期货ETF|煤炭ETF|科创50ETF|能源化工期货ETF|豆粕ETF,10年国债ETF:insufficient_observations(35)|中证2000ETF:no_observations|人工智能ETF:no_observations|信用债ETF:no_observations|半导体ETF:no_observations|可转债ETF:no_observations|新能源ETF:no_observations|日经225ETF:no_observations|有色金属期货ETF:no_observations|煤炭ETF:no_observations|科创50ETF:no_observations|能源化工期货ETF:no_observations|豆粕ETF:no_observations
2017-10-27,17,60,5年国债ETF|日利ETF|沪深300ETF|中证500ETF|中证1000ETF|创业板ETF|红利ETF|证券ETF|军工ETF|消费ETF|恒生ETF|白银LOF|纳指ETF|标普500ETF|欧洲ETF|黄金ETF|原油ETF,10年国债ETF|中证2000ETF|人工智能ETF|信用债ETF|半导体ETF|可转债ETF|新能源ETF|日经225ETF|有色金属期货ETF|煤炭ETF|科创50ETF|能源化工期货ETF|豆粕ETF,10年国债ETF:insufficient_observations(40)|中证2000ETF:no_observations|人工智能ETF:no_observations|信用债ETF:no_observations|半导体ETF:no_observations|可转债ETF:no_observations|新能源ETF:no_observations|日经225ETF:no_observations|有色金属期货ETF:no_observations|煤炭ETF:no_observations|科创50ETF:no_observations|能源化工期货ETF:no_observations|豆粕ETF:no_observations
2017-11-03,17,60,5年国债ETF|日利ETF|沪深300ETF|中证500ETF|中证1000ETF|创业板ETF|红利ETF|证券ETF|军工ETF|消费ETF|恒生ETF|白银LOF|纳指ETF|标普500ETF|欧洲ETF|黄金ETF|原油ETF,10年国债ETF|中证2000ETF|人工智能ETF|信用债ETF|半导体ETF|可转债ETF|新能源ETF|日经225ETF|有色金属期货ETF|煤炭ETF|科创50ETF|能源化工期货ETF|豆粕ETF,10年国债ETF:insufficient_observations(45)|中证2000ETF:no_observations|人工智能ETF:no_observations|信用债ETF:no_observations|半导体ETF:no_observations|可转债ETF:no_observations|新能源ETF:no_observations|日经225ETF:no_observations|有色金属期货ETF:no_observations|煤炭ETF:no_observations|科创50ETF:no_observations|能源化工期货ETF:no_observations|豆粕ETF:no_observations
2017-11-10,17,60,5年国债ETF|日利ETF|沪深300ETF|中证500ETF|中证1000ETF|创业板ETF|红利ETF|证券ETF|军工ETF|消费ETF|恒生ETF|白银LOF|纳指ETF|标普500ETF|欧洲ETF|黄金ETF|原油ETF,10年国债ETF|中证2000ETF|人工智能ETF|信用债ETF|半导体ETF|可转债ETF|新能源ETF|日经225ETF|有色金属期货ETF|煤炭ETF|科创50ETF|能源化工期货ETF|豆粕ETF,10年国债ETF:insufficient_observations(50)|中证2000ETF:no_observations|人工智能ETF:no_observations|信用债ETF:no_observations|半导体ETF:no_observations|可转债ETF:no_observations|新能源ETF:no_observations|日经225ETF:no_observations|有色金属期货ETF:no_observations|煤炭ETF:no_observations|科创50ETF:no_observations|能源化工期货ETF:no_observations|豆粕ETF:no_observations
2017-11-17,17,60,5年国债ETF|日利ETF|沪深300ETF|中证500ETF|中证1000ETF|创业板ETF|红利ETF|证券ETF|军工ETF|消费ETF|恒生ETF|白银LOF|纳指ETF|标普500ETF|欧洲ETF|黄金ETF|原油ETF,10年国债ETF|中证2000ETF|人工智能ETF|信用债ETF|半导体ETF|可转债ETF|新能源ETF|日经225ETF|有色金属期货ETF|煤炭ETF|科创50ETF|能源化工期货ETF|豆粕ETF,10年国债ETF:insufficient_observations(55)|中证2000ETF:no_observations|人工智能ETF:no_observations|信用债ETF:no_observations|半导体ETF:no_observations|可转债ETF:no_observations|新能源ETF:no_observations|日经225ETF:no_observations|有色金属期货ETF:no_observations|煤炭ETF:no_observations|科创50ETF:no_observations|能源化工期货ETF:no_observations|豆粕ETF:no_observations
2017-11-24,18,60,5年国债ETF|10年国债ETF|日利ETF|沪深300ETF|中证500ETF|中证1000ETF|创业板ETF|红利ETF|证券ETF|军工ETF|消费ETF|恒生ETF|白银LOF|纳指ETF|标普500ETF|欧洲ETF|黄金ETF|原油ETF,中证2000ETF|人工智能ETF|信用债ETF|半导体ETF|可转债ETF|新能源ETF|日经225ETF|有色金属期货ETF|煤炭ETF|科创50ETF|能源化工期货ETF|豆粕ETF,中证2000ETF:no_observations|人工智能ETF:no_observations|信用债ETF:no_observations|半导体ETF:no_observations|可转债ETF:no_observations|新能源ETF:no_observations|日经225ETF:no_observations|有色金属期货ETF:no_observations|煤炭ETF:no_observations|科创50ETF:no_observations|能源化工期货ETF:no_observations|豆粕ETF:no_observations
2017-12-01,18,60,5年国债ETF|10年国债ETF|日利ETF|沪深300ETF|中证500ETF|中证1000ETF|创业板ETF|红利ETF|证券ETF|军工ETF|消费ETF|恒生ETF|白银LOF|纳指ETF|标普500ETF|欧洲ETF|黄金ETF|原油ETF,中证2000ETF|人工智能ETF|信用债ETF|半导体ETF|可转债ETF|新能源ETF|日经225ETF|有色金属期货ETF|煤炭ETF|科创50ETF|能源化工期货ETF|豆粕ETF,中证2000ETF:no_observations|人工智能ETF:no_observations|信用债ETF:no_observations|半导体ETF:no_observations|可转债ETF:no_observations|新能源ETF:no_observations|日经225ETF:no_observations|有色金属期货ETF:no_observations|煤炭ETF:no_observations|科创50ETF:no_observations|能源化工期货ETF:no_observations|豆粕ETF:no_observations
2017-12-08,18,60,5年国债ETF|10年国债ETF|日利ETF|沪深300ETF|中证500ETF|中证1000ETF|创业板ETF|红利ETF|证券ETF|军工ETF|消费ETF|恒生ETF|白银LOF|纳指ETF|标普500ETF|欧洲ETF|黄金ETF|原油ETF,中证2000ETF|人工智能ETF|信用债ETF|半导体ETF|可转债ETF|新能源ETF|日经225ETF|有色金属期货ETF|煤炭ETF|科创50ETF|能源化工期货ETF|豆粕ETF,中证2000ETF:no_observations|人工智能ETF:no_observations|信用债ETF:no_observations|半导体ETF:no_observations|可转债ETF:no_observations|新能源ETF:no_observations|日经225ETF:no_observations|有色金属期货ETF:no_observations|煤炭ETF:no_observations|科创50ETF:no_observations|能源化工期货ETF:no_observations|豆粕ETF:no_observations
2017-12-15,18,60,5年国债ETF|10年国债ETF|日利ETF|沪深300ETF|中证500ETF|中证1000ETF|创业板ETF|红利ETF|证券ETF|军工ETF|消费ETF|恒生ETF|白银LOF|纳指ETF|标普500ETF|欧洲ETF|黄金ETF|原油ETF,中证2000ETF|人工智能ETF|信用债ETF|半导体ETF|可转债ETF|新能源ETF|日经225ETF|有色金属期货ETF|煤炭ETF|科创50ETF|能源化工期货ETF|豆粕ETF,中证2000ETF:no_observations|人工智能ETF:no_observations|信用债ETF:no_observations|半导体ETF:no_observations|可转债ETF:no_observations|新能源ETF:no_observations|日经225ETF:no_observations|有色金属期货ETF:no_observations|煤炭ETF:no_observations|科创50ETF:no_observations|能源化工期货ETF:no_observations|豆粕ETF:no_observations
2017-12-22,18,60,5年国债ETF|10年国债ETF|日利ETF|沪深300ETF|中证500ETF|中证1000ETF|创业板ETF|红利ETF|证券ETF|军工ETF|消费ETF|恒生ETF|白银LOF|纳指ETF|标普500ETF|欧洲ETF|黄金ETF|原油ETF,中证2000ETF|人工智能ETF|信用债ETF|半导体ETF|可转债ETF|新能源ETF|日经225ETF|有色金属期货ETF|煤炭ETF|科创50ETF|能源化工期货ETF|豆粕ETF,中证2000ETF:no_observations|人工智能ETF:no_observations|信用债ETF:no_observations|半导体ETF:no_observations|可转债ETF:no_observations|新能源ETF:no_observations|日经225ETF:no_observations|有色金属期货ETF:no_observations|煤炭ETF:no_observations|科创50ETF:no_observations|能源化工期货ETF:no_observations|豆粕ETF:no_observations
2017-12-29,18,60,5年国债ETF|10年国债ETF|日利ETF|沪深300ETF|中证500ETF|中证1000ETF|创业板ETF|红利ETF|证券ETF|军工ETF|消费ETF|恒生ETF|白银LOF|纳指ETF|标普500ETF|欧洲ETF|黄金ETF|原油ETF,中证2000ETF|人工智能ETF|信用债ETF|半导体ETF|可转债ETF|新能源ETF|日经225ETF|有色金属期货ETF|煤炭ETF|科创50ETF|能源化工期货ETF|豆粕ETF,中证2000ETF:no_observations|人工智能ETF:no_observations|信用债ETF:no_observations|半导体ETF:no_observations|可转债ETF:no_observations|新能源ETF:no_observations|日经225ETF:no_observations|有色金属期货ETF:no_observations|煤炭ETF:no_observations|科创50ETF:no_observations|能源化工期货ETF:no_observations|豆粕ETF:no_observations
2018-01-05,18,60,5年国债ETF|10年国债ETF|日利ETF|沪深300ETF|中证500ETF|中证1000ETF|创业板ETF|红利ETF|证券ETF|军工ETF|消费ETF|恒生ETF|白银LOF|纳指ETF|标普500ETF|欧洲ETF|黄金ETF|原油ETF,中证2000ETF|人工智能ETF|信用债ETF|半导体ETF|可转债ETF|新能源ETF|日经225ETF|有色金属期货ETF|煤炭ETF|科创50ETF|能源化工期货ETF|豆粕ETF,中证2000ETF:no_observations|人工智能ETF:no_observations|信用债ETF:no_observations|半导体ETF:no_observations|可转债ETF:no_observations|新能源ETF:no_observations|日经225ETF:no_observations|有色金属期货ETF:no_observations|煤炭ETF:no_observations|科创50ETF:no_observations|能源化工期货ETF:no_observations|豆粕ETF:no_observations
2018-01-12,18,60,5年国债ETF|10年国债ETF|日利ETF|沪深300ETF|中证500ETF|中证1000ETF|创业板ETF|红利ETF|证券ETF|军工ETF|消费ETF|恒生ETF|白银LOF|纳指ETF|标普500ETF|欧洲ETF|黄金ETF|原油ETF,中证2000ETF|人工智能ETF|信用债ETF|半导体ETF|可转债ETF|新能源ETF|日经225ETF|有色金属期货ETF|煤炭ETF|科创50ETF|能源化工期货ETF|豆粕ETF,中证2000ETF:no_observations|人工智能ETF:no_observations|信用债ETF:no_observations|半导体ETF:no_observations|可转债ETF:no_observations|新能源ETF:no_observations|日经225ETF:no_observations|有色金属期货ETF:no_observations|煤炭ETF:no_observations|科创50ETF:no_observations|能源化工期货ETF:no_observations|豆粕ETF:no_observations
2018-01-19,18,60,5年国债ETF|10年国债ETF|日利ETF|沪深300ETF|中证500ETF|中证1000ETF|创业板ETF|红利ETF|证券ETF|军工ETF|消费ETF|恒生ETF|白银LOF|纳指ETF|标普500ETF|欧洲ETF|黄金ETF|原油ETF,中证2000ETF|人工智能ETF|信用债ETF|半导体ETF|可转债ETF|新能源ETF|日经225ETF|有色金属期货ETF|煤炭ETF|科创50ETF|能源化工期货ETF|豆粕ETF,中证2000ETF:no_observations|人工智能ETF:no_observations|信用债ETF:no_observations|半导体ETF:no_observations|可转债ETF:no_observations|新能源ETF:no_observations|日经225ETF:no_observations|有色金属期货ETF:no_observations|煤炭ETF:no_observations|科创50ETF:no_observations|能源化工期货ETF:no_observations|豆粕ETF:no_observations
2018-01-26,18,60,5年国债ETF|10年国债ETF|日利ETF|沪深300ETF|中证500ETF|中证1000ETF|创业板ETF|红利ETF|证券ETF|军工ETF|消费ETF|恒生ETF|白银LOF|纳指ETF|标普500ETF|欧洲ETF|黄金ETF|原油ETF,中证2000ETF|人工智能ETF|信用债ETF|半导体ETF|可转债ETF|新能源ETF|日经225ETF|有色金属期货ETF|煤炭ETF|科创50ETF|能源化工期货ETF|豆粕ETF,中证2000ETF:no_observations|人工智能ETF:no_observations|信用债ETF:no_observations|半导体ETF:no_observations|可转债ETF:no_observations|新能源ETF:no_observations|日经225ETF:no_observations|有色金属期货ETF:no_observations|煤炭ETF:no_observations|科创50ETF:no_observations|能源化工期货ETF:no_observations|豆粕ETF:no_observations
2018-02-02,18,60,5年国债ETF|10年国债ETF|日利ETF|沪深300ETF|中证500ETF|中证1000ETF|创业板ETF|红利ETF|证券ETF|军工ETF|消费ETF|恒生ETF|白银LOF|纳指ETF|标普500ETF|欧洲ETF|黄金ETF|原油ETF,中证2000ETF|人工智能ETF|信用债ETF|半导体ETF|可转债ETF|新能源ETF|日经225ETF|有色金属期货ETF|煤炭ETF|科创50ETF|能源化工期货ETF|豆粕ETF,中证2000ETF:no_observations|人工智能ETF:no_observations|信用债ETF:no_observations|半导体ETF:no_observations|可转债ETF:no_observations|新能源ETF:no_observations|日经225ETF:no_observations|有色金属期货ETF:no_observations|煤炭ETF:no_observations|科创50ETF:no_observations|能源化工期货ETF:no_observations|豆粕ETF:no_observations
2018-02-09,18,60,5年国债ETF|10年国债ETF|日利ETF|沪深300ETF|中证500ETF|中证1000ETF|创业板ETF|红利ETF|证券ETF|军工ETF|消费ETF|恒生ETF|白银LOF|纳指ETF|标普500ETF|欧洲ETF|黄金ETF|原油ETF,中证2000ETF|人工智能ETF|信用债ETF|半导体ETF|可转债ETF|新能源ETF|日经225ETF|有色金属期货ETF|煤炭ETF|科创50ETF|能源化工期货ETF|豆粕ETF,中证2000ETF:no_observations|人工智能ETF:no_observations|信用债ETF:no_observations|半导体ETF:no_observations|可转债ETF:no_observations|新能源ETF:no_observations|日经225ETF:no_observations|有色金属期货ETF:no_observations|煤炭ETF:no_observations|科创50ETF:no_observations|能源化工期货ETF:no_observations|豆粕ETF:no_observations
2018-02-14,18,60,5年国债ETF|10年国债ETF|日利ETF|沪深300ETF|中证500ETF|中证1000ETF|创业板ETF|红利ETF|证券ETF|军工ETF|消费ETF|恒生ETF|白银LOF|纳指ETF|标普500ETF|欧洲ETF|黄金ETF|原油ETF,中证2000ETF|人工智能ETF|信用债ETF|半导体ETF|可转债ETF|新能源ETF|日经225ETF|有色金属期货ETF|煤炭ETF|科创50ETF|能源化工期货ETF|豆粕ETF,中证2000ETF:no_observations|人工智能ETF:no_observations|信用债ETF:no_observations|半导体ETF:no_observations|可转债ETF:no_observations|新能源ETF:no_observations|日经225ETF:no_observations|有色金属期货ETF:no_observations|煤炭ETF:no_observations|科创50ETF:no_observations|能源化工期货ETF:no_observations|豆粕ETF:no_observations
2018-02-23,18,60,5年国债ETF|10年国债ETF|日利ETF|沪深300ETF|中证500ETF|中证1000ETF|创业板ETF|红利ETF|证券ETF|军工ETF|消费ETF|恒生ETF|白银LOF|纳指ETF|标普500ETF|欧洲ETF|黄金ETF|原油ETF,中证2000ETF|人工智能ETF|信用债ETF|半导体ETF|可转债ETF|新能源ETF|日经225ETF|有色金属期货ETF|煤炭ETF|科创50ETF|能源化工期货ETF|豆粕ETF,中证2000ETF:no_observations|人工智能ETF:no_observations|信用债ETF:no_observations|半导体ETF:no_observations|可转债ETF:no_observations|新能源ETF:no_observations|日经225ETF:no_observations|有色金属期货ETF:no_observations|煤炭ETF:no_observations|科创50ETF:no_observations|能源化工期货ETF:no_observations|豆粕ETF:no_observations
2018-03-02,18,60,5年国债ETF|10年国债ETF|日利ETF|沪深300ETF|中证500ETF|中证1000ETF|创业板ETF|红利ETF|证券ETF|军工ETF|消费ETF|恒生ETF|白银LOF|纳指ETF|标普500ETF|欧洲ETF|黄金ETF|原油ETF,中证2000ETF|人工智能ETF|信用债ETF|半导体ETF|可转债ETF|新能源ETF|日经225ETF|有色金属期货ETF|煤炭ETF|科创50ETF|能源化工期货ETF|豆粕ETF,中证2000ETF:no_observations|人工智能ETF:no_observations|信用债ETF:no_observations|半导体ETF:no_observations|可转债ETF:no_observations|新能源ETF:no_observations|日经225ETF:no_observations|有色金属期货ETF:no_observations|煤炭ETF:no_observations|科创50ETF:no_observations|能源化工期货ETF:no_observations|豆粕ETF:no_observations
2018-03-09,18,60,5年国债ETF|10年国债ETF|日利ETF|沪深300ETF|中证500ETF|中证1000ETF|创业板ETF|红利ETF|证券ETF|军工ETF|消费ETF|恒生ETF|白银LOF|纳指ETF|标普500ETF|欧洲ETF|黄金ETF|原油ETF,中证2000ETF|人工智能ETF|信用债ETF|半导体ETF|可转债ETF|新能源ETF|日经225ETF|有色金属期货ETF|煤炭ETF|科创50ETF|能源化工期货ETF|豆粕ETF,中证2000ETF:no_observations|人工智能ETF:no_observations|信用债ETF:no_observations|半导体ETF:no_observations|可转债ETF:no_observations|新能源ETF:no_observations|日经225ETF:no_observations|有色金属期货ETF:no_observations|煤炭ETF:no_observations|科创50ETF:no_observations|能源化工期货ETF:no_observations|豆粕ETF:no_observations
2018-03-16,18,60,5年国债ETF|10年国债ETF|日利ETF|沪深300ETF|中证500ETF|中证1000ETF|创业板ETF|红利ETF|证券ETF|军工ETF|消费ETF|恒生ETF|白银LOF|纳指ETF|标普500ETF|欧洲ETF|黄金ETF|原油ETF,中证2000ETF|人工智能ETF|信用债ETF|半导体ETF|可转债ETF|新能源ETF|日经225ETF|有色金属期货ETF|煤炭ETF|科创50ETF|能源化工期货ETF|豆粕ETF,中证2000ETF:no_observations|人工智能ETF:no_observations|信用债ETF:no_observations|半导体ETF:no_observations|可转债ETF:no_observations|新能源ETF:no_observations|日经225ETF:no_observations|有色金属期货ETF:no_observations|煤炭ETF:no_observations|科创50ETF:no_observations|能源化工期货ETF:no_observations|豆粕ETF:no_observations
2018-03-23,18,60,5年国债ETF|10年国债ETF|日利ETF|沪深300ETF|中证500ETF|中证1000ETF|创业板ETF|红利ETF|证券ETF|军工ETF|消费ETF|恒生ETF|白银LOF|纳指ETF|标普500ETF|欧洲ETF|黄金ETF|原油ETF,中证2000ETF|人工智能ETF|信用债ETF|半导体ETF|可转债ETF|新能源ETF|日经225ETF|有色金属期货ETF|煤炭ETF|科创50ETF|能源化工期货ETF|豆粕ETF,中证2000ETF:no_observations|人工智能ETF:no_observations|信用债ETF:no_observations|半导体ETF:no_observations|可转债ETF:no_observations|新能源ETF:no_observations|日经225ETF:no_observations|有色金属期货ETF:no_observations|煤炭ETF:no_observations|科创50ETF:no_observations|能源化工期货ETF:no_observations|豆粕ETF:no_observations
2018-03-30,18,60,5年国债ETF|10年国债ETF|日利ETF|沪深300ETF|中证500ETF|中证1000ETF|创业板ETF|红利ETF|证券ETF|军工ETF|消费ETF|恒生ETF|白银LOF|纳指ETF|标普500ETF|欧洲ETF|黄金ETF|原油ETF,中证2000ETF|人工智能ETF|信用债ETF|半导体ETF|可转债ETF|新能源ETF|日经225ETF|有色金属期货ETF|煤炭ETF|科创50ETF|能源化工期货ETF|豆粕ETF,中证2000ETF:no_observations|人工智能ETF:no_observations|信用债ETF:no_observations|半导体ETF:no_observations|可转债ETF:no_observations|新能源ETF:no_observations|日经225ETF:no_observations|有色金属期货ETF:no_observations|煤炭ETF:no_observations|科创50ETF:no_observations|能源化工期货ETF:no_observations|豆粕ETF:no_observations
2018-04-04,18,60,5年国债ETF|10年国债ETF|日利ETF|沪深300ETF|中证500ETF|中证1000ETF|创业板ETF|红利ETF|证券ETF|军工ETF|消费ETF|恒生ETF|白银LOF|纳指ETF|标普500ETF|欧洲ETF|黄金ETF|原油ETF,中证2000ETF|人工智能ETF|信用债ETF|半导体ETF|可转债ETF|新能源ETF|日经225ETF|有色金属期货ETF|煤炭ETF|科创50ETF|能源化工期货ETF|豆粕ETF,中证2000ETF:no_observations|人工智能ETF:no_observations|信用债ETF:no_observations|半导体ETF:no_observations|可转债ETF:no_observations|新能源ETF:no_observations|日经225ETF:no_observations|有色金属期货ETF:no_observations|煤炭ETF:no_observations|科创50ETF:no_observations|能源化工期货ETF:no_observations|豆粕ETF:no_observations
2018-04-13,18,60,5年国债ETF|10年国债ETF|日利ETF|沪深300ETF|中证500ETF|中证1000ETF|创业板ETF|红利ETF|证券ETF|军工ETF|消费ETF|恒生ETF|白银LOF|纳指ETF|标普500ETF|欧洲ETF|黄金ETF|原油ETF,中证2000ETF|人工智能ETF|信用债ETF|半导体ETF|可转债ETF|新能源ETF|日经225ETF|有色金属期货ETF|煤炭ETF|科创50ETF|能源化工期货ETF|豆粕ETF,中证2000ETF:no_observations|人工智能ETF:no_observations|信用债ETF:no_observations|半导体ETF:no_observations|可转债ETF:no_observations|新能源ETF:no_observations|日经225ETF:no_observations|有色金属期货ETF:no_observations|煤炭ETF:no_observations|科创50ETF:no_observations|能源化工期货ETF:no_observations|豆粕ETF:no_observations
2018-04-20,18,60,5年国债ETF|10年国债ETF|日利ETF|沪深300ETF|中证500ETF|中证1000ETF|创业板ETF|红利ETF|证券ETF|军工ETF|消费ETF|恒生ETF|白银LOF|纳指ETF|标普500ETF|欧洲ETF|黄金ETF|原油ETF,中证2000ETF|人工智能ETF|信用债ETF|半导体ETF|可转债ETF|新能源ETF|日经225ETF|有色金属期货ETF|煤炭ETF|科创50ETF|能源化工期货ETF|豆粕ETF,中证2000ETF:no_observations|人工智能ETF:no_observations|信用债ETF:no_observations|半导体ETF:no_observations|可转债ETF:no_observations|新能源ETF:no_observations|日经225ETF:no_observations|有色金属期货ETF:no_observations|煤炭ETF:no_observations|科创50ETF:no_observations|能源化工期货ETF:no_observations|豆粕ETF:no_observations
2018-04-27,18,60,5年国债ETF|10年国债ETF|日利ETF|沪深300ETF|中证500ETF|中证1000ETF|创业板ETF|红利ETF|证券ETF|军工ETF|消费ETF|恒生ETF|白银LOF|纳指ETF|标普500ETF|欧洲ETF|黄金ETF|原油ETF,中证2000ETF|人工智能ETF|信用债ETF|半导体ETF|可转债ETF|新能源ETF|日经225ETF|有色金属期货ETF|煤炭ETF|科创50ETF|能源化工期货ETF|豆粕ETF,中证2000ETF:no_observations|人工智能ETF:no_observations|信用债ETF:no_observations|半导体ETF:no_observations|可转债ETF:no_observations|新能源ETF:no_observations|日经225ETF:no_observations|有色金属期货ETF:no_observations|煤炭ETF:no_observations|科创50ETF:no_observations|能源化工期货ETF:no_observations|豆粕ETF:no_observations
2018-05-04,18,60,5年国债ETF|10年国债ETF|日利ETF|沪深300ETF|中证500ETF|中证1000ETF|创业板ETF|红利ETF|证券ETF|军工ETF|消费ETF|恒生ETF|白银LOF|纳指ETF|标普500ETF|欧洲ETF|黄金ETF|原油ETF,中证2000ETF|人工智能ETF|信用债ETF|半导体ETF|可转债ETF|新能源ETF|日经225ETF|有色金属期货ETF|煤炭ETF|科创50ETF|能源化工期货ETF|豆粕ETF,中证2000ETF:no_observations|人工智能ETF:no_observations|信用债ETF:no_observations|半导体ETF:no_observations|可转债ETF:no_observations|新能源ETF:no_observations|日经225ETF:no_observations|有色金属期货ETF:no_observations|煤炭ETF:no_observations|科创50ETF:no_observations|能源化工期货ETF:no_observations|豆粕ETF:no_observations
2018-05-11,18,60,5年国债ETF|10年国债ETF|日利ETF|沪深300ETF|中证500ETF|中证1000ETF|创业板ETF|红利ETF|证券ETF|军工ETF|消费ETF|恒生ETF|白银LOF|纳指ETF|标普500ETF|欧洲ETF|黄金ETF|原油ETF,中证2000ETF|人工智能ETF|信用债ETF|半导体ETF|可转债ETF|新能源ETF|日经225ETF|有色金属期货ETF|煤炭ETF|科创50ETF|能源化工期货ETF|豆粕ETF,中证2000ETF:no_observations|人工智能ETF:no_observations|信用债ETF:no_observations|半导体ETF:no_observations|可转债ETF:no_observations|新能源ETF:no_observations|日经225ETF:no_observations|有色金属期货ETF:no_observations|煤炭ETF:no_observations|科创50ETF:no_observations|能源化工期货ETF:no_observations|豆粕ETF:no_observations
2018-05-18,18,60,5年国债ETF|10年国债ETF|日利ETF|沪深300ETF|中证500ETF|中证1000ETF|创业板ETF|红利ETF|证券ETF|军工ETF|消费ETF|恒生ETF|白银LOF|纳指ETF|标普500ETF|欧洲ETF|黄金ETF|原油ETF,中证2000ETF|人工智能ETF|信用债ETF|半导体ETF|可转债ETF|新能源ETF|日经225ETF|有色金属期货ETF|煤炭ETF|科创50ETF|能源化工期货ETF|豆粕ETF,中证2000ETF:no_observations|人工智能ETF:no_observations|信用债ETF:no_observations|半导体ETF:no_observations|可转债ETF:no_observations|新能源ETF:no_observations|日经225ETF:no_observations|有色金属期货ETF:no_observations|煤炭ETF:no_observations|科创50ETF:no_observations|能源化工期货ETF:no_observations|豆粕ETF:no_observations
2018-05-25,18,60,5年国债ETF|10年国债ETF|日利ETF|沪深300ETF|中证500ETF|中证1000ETF|创业板ETF|红利ETF|证券ETF|军工ETF|消费ETF|恒生ETF|白银LOF|纳指ETF|标普500ETF|欧洲ETF|黄金ETF|原油ETF,中证2000ETF|人工智能ETF|信用债ETF|半导体ETF|可转债ETF|新能源ETF|日经225ETF|有色金属期货ETF|煤炭ETF|科创50ETF|能源化工期货ETF|豆粕ETF,中证2000ETF:no_observations|人工智能ETF:no_observations|信用债ETF:no_observations|半导体ETF:no_observations|可转债ETF:no_observations|新能源ETF:no_observations|日经225ETF:no_observations|有色金属期货ETF:no_observations|煤炭ETF:no_observations|科创50ETF:no_observations|能源化工期货ETF:no_observations|豆粕ETF:no_observations
2018-06-01,18,60,5年国债ETF|10年国债ETF|日利ETF|沪深300ETF|中证500ETF|中证1000ETF|创业板ETF|红利ETF|证券ETF|军工ETF|消费ETF|恒生ETF|白银LOF|纳指ETF|标普500ETF|欧洲ETF|黄金ETF|原油ETF,中证2000ETF|人工智能ETF|信用债ETF|半导体ETF|可转债ETF|新能源ETF|日经225ETF|有色金属期货ETF|煤炭ETF|科创50ETF|能源化工期货ETF|豆粕ETF,中证2000ETF:no_observations|人工智能ETF:no_observations|信用债ETF:no_observations|半导体ETF:no_observations|可转债ETF:no_observations|新能源ETF:no_observations|日经225ETF:no_observations|有色金属期货ETF:no_observations|煤炭ETF:no_observations|科创50ETF:no_observations|能源化工期货ETF:no_observations|豆粕ETF:no_observations
2018-06-08,18,60,5年国债ETF|10年国债ETF|日利ETF|沪深300ETF|中证500ETF|中证1000ETF|创业板ETF|红利ETF|证券ETF|军工ETF|消费ETF|恒生ETF|白银LOF|纳指ETF|标普500ETF|欧洲ETF|黄金ETF|原油ETF,中证2000ETF|人工智能ETF|信用债ETF|半导体ETF|可转债ETF|新能源ETF|日经225ETF|有色金属期货ETF|煤炭ETF|科创50ETF|能源化工期货ETF|豆粕ETF,中证2000ETF:no_observations|人工智能ETF:no_observations|信用债ETF:no_observations|半导体ETF:no_observations|可转债ETF:no_observations|新能源ETF:no_observations|日经225ETF:no_observations|有色金属期货ETF:no_observations|煤炭ETF:no_observations|科创50ETF:no_observations|能源化工期货ETF:no_observations|豆粕ETF:no_observations
2018-06-15,18,60,5年国债ETF|10年国债ETF|日利ETF|沪深300ETF|中证500ETF|中证1000ETF|创业板ETF|红利ETF|证券ETF|军工ETF|消费ETF|恒生ETF|白银LOF|纳指ETF|标普500ETF|欧洲ETF|黄金ETF|原油ETF,中证2000ETF|人工智能ETF|信用债ETF|半导体ETF|可转债ETF|新能源ETF|日经225ETF|有色金属期货ETF|煤炭ETF|科创50ETF|能源化工期货ETF|豆粕ETF,中证2000ETF:no_observations|人工智能ETF:no_observations|信用债ETF:no_observations|半导体ETF:no_observations|可转债ETF:no_observations|新能源ETF:no_observations|日经225ETF:no_observations|有色金属期货ETF:no_observations|煤炭ETF:no_observations|科创50ETF:no_observations|能源化工期货ETF:no_observations|豆粕ETF:no_observations
2018-06-22,18,60,5年国债ETF|10年国债ETF|日利ETF|沪深300ETF|中证500ETF|中证1000ETF|创业板ETF|红利ETF|证券ETF|军工ETF|消费ETF|恒生ETF|白银LOF|纳指ETF|标普500ETF|欧洲ETF|黄金ETF|原油ETF,中证2000ETF|人工智能ETF|信用债ETF|半导体ETF|可转债ETF|新能源ETF|日经225ETF|有色金属期货ETF|煤炭ETF|科创50ETF|能源化工期货ETF|豆粕ETF,中证2000ETF:no_observations|人工智能ETF:no_observations|信用债ETF:no_observations|半导体ETF:no_observations|可转债ETF:no_observations|新能源ETF:no_observations|日经225ETF:no_observations|有色金属期货ETF:no_observations|煤炭ETF:no_observations|科创50ETF:no_observations|能源化工期货ETF:no_observations|豆粕ETF:no_observations
2018-06-29,18,60,5年国债ETF|10年国债ETF|日利ETF|沪深300ETF|中证500ETF|中证1000ETF|创业板ETF|红利ETF|证券ETF|军工ETF|消费ETF|恒生ETF|白银LOF|纳指ETF|标普500ETF|欧洲ETF|黄金ETF|原油ETF,中证2000ETF|人工智能ETF|信用债ETF|半导体ETF|可转债ETF|新能源ETF|日经225ETF|有色金属期货ETF|煤炭ETF|科创50ETF|能源化工期货ETF|豆粕ETF,中证2000ETF:no_observations|人工智能ETF:no_observations|信用债ETF:no_observations|半导体ETF:no_observations|可转债ETF:no_observations|新能源ETF:no_observations|日经225ETF:no_observations|有色金属期货ETF:no_observations|煤炭ETF:no_observations|科创50ETF:no_observations|能源化工期货ETF:no_observations|豆粕ETF:no_observations
2018-07-06,18,60,5年国债ETF|10年国债ETF|日利ETF|沪深300ETF|中证500ETF|中证1000ETF|创业板ETF|红利ETF|证券ETF|军工ETF|消费ETF|恒生ETF|白银LOF|纳指ETF|标普500ETF|欧洲ETF|黄金ETF|原油ETF,中证2000ETF|人工智能ETF|信用债ETF|半导体ETF|可转债ETF|新能源ETF|日经225ETF|有色金属期货ETF|煤炭ETF|科创50ETF|能源化工期货ETF|豆粕ETF,中证2000ETF:no_observations|人工智能ETF:no_observations|信用债ETF:no_observations|半导体ETF:no_observations|可转债ETF:no_observations|新能源ETF:no_observations|日经225ETF:no_observations|有色金属期货ETF:no_observations|煤炭ETF:no_observations|科创50ETF:no_observations|能源化工期货ETF:no_observations|豆粕ETF:no_observations
2018-07-13,18,60,5年国债ETF|10年国债ETF|日利ETF|沪深300ETF|中证500ETF|中证1000ETF|创业板ETF|红利ETF|证券ETF|军工ETF|消费ETF|恒生ETF|白银LOF|纳指ETF|标普500ETF|欧洲ETF|黄金ETF|原油ETF,中证2000ETF|人工智能ETF|信用债ETF|半导体ETF|可转债ETF|新能源ETF|日经225ETF|有色金属期货ETF|煤炭ETF|科创50ETF|能源化工期货ETF|豆粕ETF,中证2000ETF:no_observations|人工智能ETF:no_observations|信用债ETF:no_observations|半导体ETF:no_observations|可转债ETF:no_observations|新能源ETF:no_observations|日经225ETF:no_observations|有色金属期货ETF:no_observations|煤炭ETF:no_observations|科创50ETF:no_observations|能源化工期货ETF:no_observations|豆粕ETF:no_observations
2018-07-20,18,60,5年国债ETF|10年国债ETF|日利ETF|沪深300ETF|中证500ETF|中证1000ETF|创业板ETF|红利ETF|证券ETF|军工ETF|消费ETF|恒生ETF|白银LOF|纳指ETF|标普500ETF|欧洲ETF|黄金ETF|原油ETF,中证2000ETF|人工智能ETF|信用债ETF|半导体ETF|可转债ETF|新能源ETF|日经225ETF|有色金属期货ETF|煤炭ETF|科创50ETF|能源化工期货ETF|豆粕ETF,中证2000ETF:no_observations|人工智能ETF:no_observations|信用债ETF:no_observations|半导体ETF:no_observations|可转债ETF:no_observations|新能源ETF:no_observations|日经225ETF:no_observations|有色金属期货ETF:no_observations|煤炭ETF:no_observations|科创50ETF:no_observations|能源化工期货ETF:no_observations|豆粕ETF:no_observations
2018-07-27,18,60,5年国债ETF|10年国债ETF|日利ETF|沪深300ETF|中证500ETF|中证1000ETF|创业板ETF|红利ETF|证券ETF|军工ETF|消费ETF|恒生ETF|白银LOF|纳指ETF|标普500ETF|欧洲ETF|黄金ETF|原油ETF,中证2000ETF|人工智能ETF|信用债ETF|半导体ETF|可转债ETF|新能源ETF|日经225ETF|有色金属期货ETF|煤炭ETF|科创50ETF|能源化工期货ETF|豆粕ETF,中证2000ETF:no_observations|人工智能ETF:no_observations|信用债ETF:no_observations|半导体ETF:no_observations|可转债ETF:no_observations|新能源ETF:no_observations|日经225ETF:no_observations|有色金属期货ETF:no_observations|煤炭ETF:no_observations|科创50ETF:no_observations|能源化工期货ETF:no_observations|豆粕ETF:no_observations
2018-08-03,18,60,5年国债ETF|10年国债ETF|日利ETF|沪深300ETF|中证500ETF|中证1000ETF|创业板ETF|红利ETF|证券ETF|军工ETF|消费ETF|恒生ETF|白银LOF|纳指ETF|标普500ETF|欧洲ETF|黄金ETF|原油ETF,中证2000ETF|人工智能ETF|信用债ETF|半导体ETF|可转债ETF|新能源ETF|日经225ETF|有色金属期货ETF|煤炭ETF|科创50ETF|能源化工期货ETF|豆粕ETF,中证2000ETF:no_observations|人工智能ETF:no_observations|信用债ETF:no_observations|半导体ETF:no_observations|可转债ETF:no_observations|新能源ETF:no_observations|日经225ETF:no_observations|有色金属期货ETF:no_observations|煤炭ETF:no_observations|科创50ETF:no_observations|能源化工期货ETF:no_observations|豆粕ETF:no_observations
2018-08-10,18,60,5年国债ETF|10年国债ETF|日利ETF|沪深300ETF|中证500ETF|中证1000ETF|创业板ETF|红利ETF|证券ETF|军工ETF|消费ETF|恒生ETF|白银LOF|纳指ETF|标普500ETF|欧洲ETF|黄金ETF|原油ETF,中证2000ETF|人工智能ETF|信用债ETF|半导体ETF|可转债ETF|新能源ETF|日经225ETF|有色金属期货ETF|煤炭ETF|科创50ETF|能源化工期货ETF|豆粕ETF,中证2000ETF:no_observations|人工智能ETF:no_observations|信用债ETF:no_observations|半导体ETF:no_observations|可转债ETF:no_observations|新能源ETF:no_observations|日经225ETF:no_observations|有色金属期货ETF:no_observations|煤炭ETF:no_observations|科创50ETF:no_observations|能源化工期货ETF:no_observations|豆粕ETF:no_observations
2018-08-17,18,60,5年国债ETF|10年国债ETF|日利ETF|沪深300ETF|中证500ETF|中证1000ETF|创业板ETF|红利ETF|证券ETF|军工ETF|消费ETF|恒生ETF|白银LOF|纳指ETF|标普500ETF|欧洲ETF|黄金ETF|原油ETF,中证2000ETF|人工智能ETF|信用债ETF|半导体ETF|可转债ETF|新能源ETF|日经225ETF|有色金属期货ETF|煤炭ETF|科创50ETF|能源化工期货ETF|豆粕ETF,中证2000ETF:no_observations|人工智能ETF:no_observations|信用债ETF:no_observations|半导体ETF:no_observations|可转债ETF:no_observations|新能源ETF:no_observations|日经225ETF:no_observations|有色金属期货ETF:no_observations|煤炭ETF:no_observations|科创50ETF:no_observations|能源化工期货ETF:no_observations|豆粕ETF:no_observations
2018-08-24,18,60,5年国债ETF|10年国债ETF|日利ETF|沪深300ETF|中证500ETF|中证1000ETF|创业板ETF|红利ETF|证券ETF|军工ETF|消费ETF|恒生ETF|白银LOF|纳指ETF|标普500ETF|欧洲ETF|黄金ETF|原油ETF,中证2000ETF|人工智能ETF|信用债ETF|半导体ETF|可转债ETF|新能源ETF|日经225ETF|有色金属期货ETF|煤炭ETF|科创50ETF|能源化工期货ETF|豆粕ETF,中证2000ETF:no_observations|人工智能ETF:no_observations|信用债ETF:no_observations|半导体ETF:no_observations|可转债ETF:no_observations|新能源ETF:no_observations|日经225ETF:no_observations|有色金属期货ETF:no_observations|煤炭ETF:no_observations|科创50ETF:no_observations|能源化工期货ETF:no_observations|豆粕ETF:no_observations
2018-08-31,18,60,5年国债ETF|10年国债ETF|日利ETF|沪深300ETF|中证500ETF|中证1000ETF|创业板ETF|红利ETF|证券ETF|军工ETF|消费ETF|恒生ETF|白银LOF|纳指ETF|标普500ETF|欧洲ETF|黄金ETF|原油ETF,中证2000ETF|人工智能ETF|信用债ETF|半导体ETF|可转债ETF|新能源ETF|日经225ETF|有色金属期货ETF|煤炭ETF|科创50ETF|能源化工期货ETF|豆粕ETF,中证2000ETF:no_observations|人工智能ETF:no_observations|信用债ETF:no_observations|半导体ETF:no_observations|可转债ETF:no_observations|新能源ETF:no_observations|日经225ETF:no_observations|有色金属期货ETF:no_observations|煤炭ETF:no_observations|科创50ETF:no_observations|能源化工期货ETF:no_observations|豆粕ETF:no_observations
2018-09-07,18,60,5年国债ETF|10年国债ETF|日利ETF|沪深300ETF|中证500ETF|中证1000ETF|创业板ETF|红利ETF|证券ETF|军工ETF|消费ETF|恒生ETF|白银LOF|纳指ETF|标普500ETF|欧洲ETF|黄金ETF|原油ETF,中证2000ETF|人工智能ETF|信用债ETF|半导体ETF|可转债ETF|新能源ETF|日经225ETF|有色金属期货ETF|煤炭ETF|科创50ETF|能源化工期货ETF|豆粕ETF,中证2000ETF:no_observations|人工智能ETF:no_observations|信用债ETF:no_observations|半导体ETF:no_observations|可转债ETF:no_observations|新能源ETF:no_observations|日经225ETF:no_observations|有色金属期货ETF:no_observations|煤炭ETF:no_observations|科创50ETF:no_observations|能源化工期货ETF:no_observations|豆粕ETF:no_observations
2018-09-14,18,60,5年国债ETF|10年国债ETF|日利ETF|沪深300ETF|中证500ETF|中证1000ETF|创业板ETF|红利ETF|证券ETF|军工ETF|消费ETF|恒生ETF|白银LOF|纳指ETF|标普500ETF|欧洲ETF|黄金ETF|原油ETF,中证2000ETF|人工智能ETF|信用债ETF|半导体ETF|可转债ETF|新能源ETF|日经225ETF|有色金属期货ETF|煤炭ETF|科创50ETF|能源化工期货ETF|豆粕ETF,中证2000ETF:no_observations|人工智能ETF:no_observations|信用债ETF:no_observations|半导体ETF:no_observations|可转债ETF:no_observations|新能源ETF:no_observations|日经225ETF:no_observations|有色金属期货ETF:no_observations|煤炭ETF:no_observations|科创50ETF:no_observations|能源化工期货ETF:no_observations|豆粕ETF:no_observations
2018-09-21,18,60,5年国债ETF|10年国债ETF|日利ETF|沪深300ETF|中证500ETF|中证1000ETF|创业板ETF|红利ETF|证券ETF|军工ETF|消费ETF|恒生ETF|白银LOF|纳指ETF|标普500ETF|欧洲ETF|黄金ETF|原油ETF,中证2000ETF|人工智能ETF|信用债ETF|半导体ETF|可转债ETF|新能源ETF|日经225ETF|有色金属期货ETF|煤炭ETF|科创50ETF|能源化工期货ETF|豆粕ETF,中证2000ETF:no_observations|人工智能ETF:no_observations|信用债ETF:no_observations|半导体ETF:no_observations|可转债ETF:no_observations|新能源ETF:no_observations|日经225ETF:no_observations|有色金属期货ETF:no_observations|煤炭ETF:no_observations|科创50ETF:no_observations|能源化工期货ETF:no_observations|豆粕ETF:no_observations
2018-09-28,18,60,5年国债ETF|10年国债ETF|日利ETF|沪深300ETF|中证500ETF|中证1000ETF|创业板ETF|红利ETF|证券ETF|军工ETF|消费ETF|恒生ETF|白银LOF|纳指ETF|标普500ETF|欧洲ETF|黄金ETF|原油ETF,中证2000ETF|人工智能ETF|信用债ETF|半导体ETF|可转债ETF|新能源ETF|日经225ETF|有色金属期货ETF|煤炭ETF|科创50ETF|能源化工期货ETF|豆粕ETF,中证2000ETF:no_observations|人工智能ETF:no_observations|信用债ETF:no_observations|半导体ETF:no_observations|可转债ETF:no_observations|新能源ETF:no_observations|日经225ETF:no_observations|有色金属期货ETF:no_observations|煤炭ETF:no_observations|科创50ETF:no_observations|能源化工期货ETF:no_observations|豆粕ETF:no_observations
2018-10-12,18,60,5年国债ETF|10年国债ETF|日利ETF|沪深300ETF|中证500ETF|中证1000ETF|创业板ETF|红利ETF|证券ETF|军工ETF|消费ETF|恒生ETF|白银LOF|纳指ETF|标普500ETF|欧洲ETF|黄金ETF|原油ETF,中证2000ETF|人工智能ETF|信用债ETF|半导体ETF|可转债ETF|新能源ETF|日经225ETF|有色金属期货ETF|煤炭ETF|科创50ETF|能源化工期货ETF|豆粕ETF,中证2000ETF:no_observations|人工智能ETF:no_observations|信用债ETF:no_observations|半导体ETF:no_observations|可转债ETF:no_observations|新能源ETF:no_observations|日经225ETF:no_observations|有色金属期货ETF:no_observations|煤炭ETF:no_observations|科创50ETF:no_observations|能源化工期货ETF:no_observations|豆粕ETF:no_observations
2018-10-19,18,60,5年国债ETF|10年国债ETF|日利ETF|沪深300ETF|中证500ETF|中证1000ETF|创业板ETF|红利ETF|证券ETF|军工ETF|消费ETF|恒生ETF|白银LOF|纳指ETF|标普500ETF|欧洲ETF|黄金ETF|原油ETF,中证2000ETF|人工智能ETF|信用债ETF|半导体ETF|可转债ETF|新能源ETF|日经225ETF|有色金属期货ETF|煤炭ETF|科创50ETF|能源化工期货ETF|豆粕ETF,中证2000ETF:no_observations|人工智能ETF:no_observations|信用债ETF:no_observations|半导体ETF:no_observations|可转债ETF:no_observations|新能源ETF:no_observations|日经225ETF:no_observations|有色金属期货ETF:no_observations|煤炭ETF:no_observations|科创50ETF:no_observations|能源化工期货ETF:no_observations|豆粕ETF:no_observations
2018-10-26,18,60,5年国债ETF|10年国债ETF|日利ETF|沪深300ETF|中证500ETF|中证1000ETF|创业板ETF|红利ETF|证券ETF|军工ETF|消费ETF|恒生ETF|白银LOF|纳指ETF|标普500ETF|欧洲ETF|黄金ETF|原油ETF,中证2000ETF|人工智能ETF|信用债ETF|半导体ETF|可转债ETF|新能源ETF|日经225ETF|有色金属期货ETF|煤炭ETF|科创50ETF|能源化工期货ETF|豆粕ETF,中证2000ETF:no_observations|人工智能ETF:no_observations|信用债ETF:no_observations|半导体ETF:no_observations|可转债ETF:no_observations|新能源ETF:no_observations|日经225ETF:no_observations|有色金属期货ETF:no_observations|煤炭ETF:no_observations|科创50ETF:no_observations|能源化工期货ETF:no_observations|豆粕ETF:no_observations
2018-11-02,18,60,5年国债ETF|10年国债ETF|日利ETF|沪深300ETF|中证500ETF|中证1000ETF|创业板ETF|红利ETF|证券ETF|军工ETF|消费ETF|恒生ETF|白银LOF|纳指ETF|标普500ETF|欧洲ETF|黄金ETF|原油ETF,中证2000ETF|人工智能ETF|信用债ETF|半导体ETF|可转债ETF|新能源ETF|日经225ETF|有色金属期货ETF|煤炭ETF|科创50ETF|能源化工期货ETF|豆粕ETF,中证2000ETF:no_observations|人工智能ETF:no_observations|信用债ETF:no_observations|半导体ETF:no_observations|可转债ETF:no_observations|新能源ETF:no_observations|日经225ETF:no_observations|有色金属期货ETF:no_observations|煤炭ETF:no_observations|科创50ETF:no_observations|能源化工期货ETF:no_observations|豆粕ETF:no_observations
2018-11-09,18,60,5年国债ETF|10年国债ETF|日利ETF|沪深300ETF|中证500ETF|中证1000ETF|创业板ETF|红利ETF|证券ETF|军工ETF|消费ETF|恒生ETF|白银LOF|纳指ETF|标普500ETF|欧洲ETF|黄金ETF|原油ETF,中证2000ETF|人工智能ETF|信用债ETF|半导体ETF|可转债ETF|新能源ETF|日经225ETF|有色金属期货ETF|煤炭ETF|科创50ETF|能源化工期货ETF|豆粕ETF,中证2000ETF:no_observations|人工智能ETF:no_observations|信用债ETF:no_observations|半导体ETF:no_observations|可转债ETF:no_observations|新能源ETF:no_observations|日经225ETF:no_observations|有色金属期货ETF:no_observations|煤炭ETF:no_observations|科创50ETF:no_observations|能源化工期货ETF:no_observations|豆粕ETF:no_observations
2018-11-16,18,60,5年国债ETF|10年国债ETF|日利ETF|沪深300ETF|中证500ETF|中证1000ETF|创业板ETF|红利ETF|证券ETF|军工ETF|消费ETF|恒生ETF|白银LOF|纳指ETF|标普500ETF|欧洲ETF|黄金ETF|原油ETF,中证2000ETF|人工智能ETF|信用债ETF|半导体ETF|可转债ETF|新能源ETF|日经225ETF|有色金属期货ETF|煤炭ETF|科创50ETF|能源化工期货ETF|豆粕ETF,中证2000ETF:no_observations|人工智能ETF:no_observations|信用债ETF:no_observations|半导体ETF:no_observations|可转债ETF:no_observations|新能源ETF:no_observations|日经225ETF:no_observations|有色金属期货ETF:no_observations|煤炭ETF:no_observations|科创50ETF:no_observations|能源化工期货ETF:no_observations|豆粕ETF:no_observations
2018-11-23,18,60,5年国债ETF|10年国债ETF|日利ETF|沪深300ETF|中证500ETF|中证1000ETF|创业板ETF|红利ETF|证券ETF|军工ETF|消费ETF|恒生ETF|白银LOF|纳指ETF|标普500ETF|欧洲ETF|黄金ETF|原油ETF,中证2000ETF|人工智能ETF|信用债ETF|半导体ETF|可转债ETF|新能源ETF|日经225ETF|有色金属期货ETF|煤炭ETF|科创50ETF|能源化工期货ETF|豆粕ETF,中证2000ETF:no_observations|人工智能ETF:no_observations|信用债ETF:no_observations|半导体ETF:no_observations|可转债ETF:no_observations|新能源ETF:no_observations|日经225ETF:no_observations|有色金属期货ETF:no_observations|煤炭ETF:no_observations|科创50ETF:no_observations|能源化工期货ETF:no_observations|豆粕ETF:no_observations
2018-11-30,18,60,5年国债ETF|10年国债ETF|日利ETF|沪深300ETF|中证500ETF|中证1000ETF|创业板ETF|红利ETF|证券ETF|军工ETF|消费ETF|恒生ETF|白银LOF|纳指ETF|标普500ETF|欧洲ETF|黄金ETF|原油ETF,中证2000ETF|人工智能ETF|信用债ETF|半导体ETF|可转债ETF|新能源ETF|日经225ETF|有色金属期货ETF|煤炭ETF|科创50ETF|能源化工期货ETF|豆粕ETF,中证2000ETF:no_observations|人工智能ETF:no_observations|信用债ETF:no_observations|半导体ETF:no_observations|可转债ETF:no_observations|新能源ETF:no_observations|日经225ETF:no_observations|有色金属期货ETF:no_observations|煤炭ETF:no_observations|科创50ETF:no_observations|能源化工期货ETF:no_observations|豆粕ETF:no_observations
2018-12-07,18,60,5年国债ETF|10年国债ETF|日利ETF|沪深300ETF|中证500ETF|中证1000ETF|创业板ETF|红利ETF|证券ETF|军工ETF|消费ETF|恒生ETF|白银LOF|纳指ETF|标普500ETF|欧洲ETF|黄金ETF|原油ETF,中证2000ETF|人工智能ETF|信用债ETF|半导体ETF|可转债ETF|新能源ETF|日经225ETF|有色金属期货ETF|煤炭ETF|科创50ETF|能源化工期货ETF|豆粕ETF,中证2000ETF:no_observations|人工智能ETF:no_observations|信用债ETF:no_observations|半导体ETF:no_observations|可转债ETF:no_observations|新能源ETF:no_observations|日经225ETF:no_observations|有色金属期货ETF:no_observations|煤炭ETF:no_observations|科创50ETF:no_observations|能源化工期货ETF:no_observations|豆粕ETF:no_observations
2018-12-14,18,60,5年国债ETF|10年国债ETF|日利ETF|沪深300ETF|中证500ETF|中证1000ETF|创业板ETF|红利ETF|证券ETF|军工ETF|消费ETF|恒生ETF|白银LOF|纳指ETF|标普500ETF|欧洲ETF|黄金ETF|原油ETF,中证2000ETF|人工智能ETF|信用债ETF|半导体ETF|可转债ETF|新能源ETF|日经225ETF|有色金属期货ETF|煤炭ETF|科创50ETF|能源化工期货ETF|豆粕ETF,中证2000ETF:no_observations|人工智能ETF:no_observations|信用债ETF:no_observations|半导体ETF:no_observations|可转债ETF:no_observations|新能源ETF:no_observations|日经225ETF:no_observations|有色金属期货ETF:no_observations|煤炭ETF:no_observations|科创50ETF:no_observations|能源化工期货ETF:no_observations|豆粕ETF:no_observations
2018-12-21,18,60,5年国债ETF|10年国债ETF|日利ETF|沪深300ETF|中证500ETF|中证1000ETF|创业板ETF|红利ETF|证券ETF|军工ETF|消费ETF|恒生ETF|白银LOF|纳指ETF|标普500ETF|欧洲ETF|黄金ETF|原油ETF,中证2000ETF|人工智能ETF|信用债ETF|半导体ETF|可转债ETF|新能源ETF|日经225ETF|有色金属期货ETF|煤炭ETF|科创50ETF|能源化工期货ETF|豆粕ETF,中证2000ETF:no_observations|人工智能ETF:no_observations|信用债ETF:no_observations|半导体ETF:no_observations|可转债ETF:no_observations|新能源ETF:no_observations|日经225ETF:no_observations|有色金属期货ETF:no_observations|煤炭ETF:no_observations|科创50ETF:no_observations|能源化工期货ETF:no_observations|豆粕ETF:no_observations
2018-12-28,18,60,5年国债ETF|10年国债ETF|日利ETF|沪深300ETF|中证500ETF|中证1000ETF|创业板ETF|红利ETF|证券ETF|军工ETF|消费ETF|恒生ETF|白银LOF|纳指ETF|标普500ETF|欧洲ETF|黄金ETF|原油ETF,中证2000ETF|人工智能ETF|信用债ETF|半导体ETF|可转债ETF|新能源ETF|日经225ETF|有色金属期货ETF|煤炭ETF|科创50ETF|能源化工期货ETF|豆粕ETF,中证2000ETF:no_observations|人工智能ETF:no_observations|信用债ETF:no_observations|半导体ETF:no_observations|可转债ETF:no_observations|新能源ETF:no_observations|日经225ETF:no_observations|有色金属期货ETF:no_observations|煤炭ETF:no_observations|科创50ETF:no_observations|能源化工期货ETF:no_observations|豆粕ETF:no_observations
2019-01-04,18,60,5年国债ETF|10年国债ETF|日利ETF|沪深300ETF|中证500ETF|中证1000ETF|创业板ETF|红利ETF|证券ETF|军工ETF|消费ETF|恒生ETF|白银LOF|纳指ETF|标普500ETF|欧洲ETF|黄金ETF|原油ETF,中证2000ETF|人工智能ETF|信用债ETF|半导体ETF|可转债ETF|新能源ETF|日经225ETF|有色金属期货ETF|煤炭ETF|科创50ETF|能源化工期货ETF|豆粕ETF,中证2000ETF:no_observations|人工智能ETF:no_observations|信用债ETF:no_observations|半导体ETF:no_observations|可转债ETF:no_observations|新能源ETF:no_observations|日经225ETF:no_observations|有色金属期货ETF:no_observations|煤炭ETF:no_observations|科创50ETF:no_observations|能源化工期货ETF:no_observations|豆粕ETF:no_observations
2019-01-11,18,60,5年国债ETF|10年国债ETF|日利ETF|沪深300ETF|中证500ETF|中证1000ETF|创业板ETF|红利ETF|证券ETF|军工ETF|消费ETF|恒生ETF|白银LOF|纳指ETF|标普500ETF|欧洲ETF|黄金ETF|原油ETF,中证2000ETF|人工智能ETF|信用债ETF|半导体ETF|可转债ETF|新能源ETF|日经225ETF|有色金属期货ETF|煤炭ETF|科创50ETF|能源化工期货ETF|豆粕ETF,中证2000ETF:no_observations|人工智能ETF:no_observations|信用债ETF:no_observations|半导体ETF:no_observations|可转债ETF:no_observations|新能源ETF:no_observations|日经225ETF:no_observations|有色金属期货ETF:no_observations|煤炭ETF:no_observations|科创50ETF:no_observations|能源化工期货ETF:no_observations|豆粕ETF:no_observations
2019-01-18,18,60,5年国债ETF|10年国债ETF|日利ETF|沪深300ETF|中证500ETF|中证1000ETF|创业板ETF|红利ETF|证券ETF|军工ETF|消费ETF|恒生ETF|白银LOF|纳指ETF|标普500ETF|欧洲ETF|黄金ETF|原油ETF,中证2000ETF|人工智能ETF|信用债ETF|半导体ETF|可转债ETF|新能源ETF|日经225ETF|有色金属期货ETF|煤炭ETF|科创50ETF|能源化工期货ETF|豆粕ETF,中证2000ETF:no_observations|人工智能ETF:no_observations|信用债ETF:no_observations|半导体ETF:no_observations|可转债ETF:no_observations|新能源ETF:no_observations|日经225ETF:no_observations|有色金属期货ETF:no_observations|煤炭ETF:no_observations|科创50ETF:no_observations|能源化工期货ETF:no_observations|豆粕ETF:no_observations
2019-01-25,18,60,5年国债ETF|10年国债ETF|日利ETF|沪深300ETF|中证500ETF|中证1000ETF|创业板ETF|红利ETF|证券ETF|军工ETF|消费ETF|恒生ETF|白银LOF|纳指ETF|标普500ETF|欧洲ETF|黄金ETF|原油ETF,中证2000ETF|人工智能ETF|信用债ETF|半导体ETF|可转债ETF|新能源ETF|日经225ETF|有色金属期货ETF|煤炭ETF|科创50ETF|能源化工期货ETF|豆粕ETF,中证2000ETF:no_observations|人工智能ETF:no_observations|信用债ETF:no_observations|半导体ETF:no_observations|可转债ETF:no_observations|新能源ETF:no_observations|日经225ETF:no_observations|有色金属期货ETF:no_observations|煤炭ETF:no_observations|科创50ETF:no_observations|能源化工期货ETF:no_observations|豆粕ETF:no_observations
2019-02-01,18,60,5年国债ETF|10年国债ETF|日利ETF|沪深300ETF|中证500ETF|中证1000ETF|创业板ETF|红利ETF|证券ETF|军工ETF|消费ETF|恒生ETF|白银LOF|纳指ETF|标普500ETF|欧洲ETF|黄金ETF|原油ETF,中证2000ETF|人工智能ETF|信用债ETF|半导体ETF|可转债ETF|新能源ETF|日经225ETF|有色金属期货ETF|煤炭ETF|科创50ETF|能源化工期货ETF|豆粕ETF,中证2000ETF:no_observations|人工智能ETF:no_observations|信用债ETF:no_observations|半导体ETF:no_observations|可转债ETF:no_observations|新能源ETF:no_observations|日经225ETF:no_observations|有色金属期货ETF:no_observations|煤炭ETF:no_observations|科创50ETF:no_observations|能源化工期货ETF:no_observations|豆粕ETF:no_observations
2019-02-15,18,60,5年国债ETF|10年国债ETF|日利ETF|沪深300ETF|中证500ETF|中证1000ETF|创业板ETF|红利ETF|证券ETF|军工ETF|消费ETF|恒生ETF|白银LOF|纳指ETF|标普500ETF|欧洲ETF|黄金ETF|原油ETF,中证2000ETF|人工智能ETF|信用债ETF|半导体ETF|可转债ETF|新能源ETF|日经225ETF|有色金属期货ETF|煤炭ETF|科创50ETF|能源化工期货ETF|豆粕ETF,中证2000ETF:no_observations|人工智能ETF:no_observations|信用债ETF:no_observations|半导体ETF:no_observations|可转债ETF:no_observations|新能源ETF:no_observations|日经225ETF:no_observations|有色金属期货ETF:no_observations|煤炭ETF:no_observations|科创50ETF:no_observations|能源化工期货ETF:no_observations|豆粕ETF:no_observations
2019-02-22,18,60,5年国债ETF|10年国债ETF|日利ETF|沪深300ETF|中证500ETF|中证1000ETF|创业板ETF|红利ETF|证券ETF|军工ETF|消费ETF|恒生ETF|白银LOF|纳指ETF|标普500ETF|欧洲ETF|黄金ETF|原油ETF,中证2000ETF|人工智能ETF|信用债ETF|半导体ETF|可转债ETF|新能源ETF|日经225ETF|有色金属期货ETF|煤炭ETF|科创50ETF|能源化工期货ETF|豆粕ETF,中证2000ETF:no_observations|人工智能ETF:no_observations|信用债ETF:no_observations|半导体ETF:no_observations|可转债ETF:no_observations|新能源ETF:no_observations|日经225ETF:no_observations|有色金属期货ETF:no_observations|煤炭ETF:no_observations|科创50ETF:no_observations|能源化工期货ETF:no_observations|豆粕ETF:no_observations
2019-03-01,18,60,5年国债ETF|10年国债ETF|日利ETF|沪深300ETF|中证500ETF|中证1000ETF|创业板ETF|红利ETF|证券ETF|军工ETF|消费ETF|恒生ETF|白银LOF|纳指ETF|标普500ETF|欧洲ETF|黄金ETF|原油ETF,中证2000ETF|人工智能ETF|信用债ETF|半导体ETF|可转债ETF|新能源ETF|日经225ETF|有色金属期货ETF|煤炭ETF|科创50ETF|能源化工期货ETF|豆粕ETF,中证2000ETF:no_observations|人工智能ETF:no_observations|信用债ETF:no_observations|半导体ETF:no_observations|可转债ETF:no_observations|新能源ETF:no_observations|日经225ETF:no_observations|有色金属期货ETF:no_observations|煤炭ETF:no_observations|科创50ETF:no_observations|能源化工期货ETF:no_observations|豆粕ETF:no_observations
2019-03-08,18,60,5年国债ETF|10年国债ETF|日利ETF|沪深300ETF|中证500ETF|中证1000ETF|创业板ETF|红利ETF|证券ETF|军工ETF|消费ETF|恒生ETF|白银LOF|纳指ETF|标普500ETF|欧洲ETF|黄金ETF|原油ETF,中证2000ETF|人工智能ETF|信用债ETF|半导体ETF|可转债ETF|新能源ETF|日经225ETF|有色金属期货ETF|煤炭ETF|科创50ETF|能源化工期货ETF|豆粕ETF,中证2000ETF:no_observations|人工智能ETF:no_observations|信用债ETF:no_observations|半导体ETF:no_observations|可转债ETF:no_observations|新能源ETF:no_observations|日经225ETF:no_observations|有色金属期货ETF:no_observations|煤炭ETF:no_observations|科创50ETF:no_observations|能源化工期货ETF:no_observations|豆粕ETF:no_observations
2019-03-15,18,60,5年国债ETF|10年国债ETF|日利ETF|沪深300ETF|中证500ETF|中证1000ETF|创业板ETF|红利ETF|证券ETF|军工ETF|消费ETF|恒生ETF|白银LOF|纳指ETF|标普500ETF|欧洲ETF|黄金ETF|原油ETF,中证2000ETF|人工智能ETF|信用债ETF|半导体ETF|可转债ETF|新能源ETF|日经225ETF|有色金属期货ETF|煤炭ETF|科创50ETF|能源化工期货ETF|豆粕ETF,中证2000ETF:no_observations|人工智能ETF:no_observations|信用债ETF:no_observations|半导体ETF:no_observations|可转债ETF:no_observations|新能源ETF:no_observations|日经225ETF:no_observations|有色金属期货ETF:no_observations|煤炭ETF:no_observations|科创50ETF:no_observations|能源化工期货ETF:no_observations|豆粕ETF:no_observations
2019-03-22,18,60,5年国债ETF|10年国债ETF|日利ETF|沪深300ETF|中证500ETF|中证1000ETF|创业板ETF|红利ETF|证券ETF|军工ETF|消费ETF|恒生ETF|白银LOF|纳指ETF|标普500ETF|欧洲ETF|黄金ETF|原油ETF,中证2000ETF|人工智能ETF|信用债ETF|半导体ETF|可转债ETF|新能源ETF|日经225ETF|有色金属期货ETF|煤炭ETF|科创50ETF|能源化工期货ETF|豆粕ETF,中证2000ETF:no_observations|人工智能ETF:no_observations|信用债ETF:no_observations|半导体ETF:no_observations|可转债ETF:no_observations|新能源ETF:no_observations|日经225ETF:no_observations|有色金属期货ETF:no_observations|煤炭ETF:no_observations|科创50ETF:no_observations|能源化工期货ETF:no_observations|豆粕ETF:no_observations
2019-03-29,18,60,5年国债ETF|10年国债ETF|日利ETF|沪深300ETF|中证500ETF|中证1000ETF|创业板ETF|红利ETF|证券ETF|军工ETF|消费ETF|恒生ETF|白银LOF|纳指ETF|标普500ETF|欧洲ETF|黄金ETF|原油ETF,中证2000ETF|人工智能ETF|信用债ETF|半导体ETF|可转债ETF|新能源ETF|日经225ETF|有色金属期货ETF|煤炭ETF|科创50ETF|能源化工期货ETF|豆粕ETF,中证2000ETF:no_observations|人工智能ETF:no_observations|信用债ETF:insufficient_observations(4)|半导体ETF:no_observations|可转债ETF:no_observations|新能源ETF:no_observations|日经225ETF:no_observations|有色金属期货ETF:no_observations|煤炭ETF:no_observations|科创50ETF:no_observations|能源化工期货ETF:no_observations|豆粕ETF:no_observations
2019-04-04,18,60,5年国债ETF|10年国债ETF|日利ETF|沪深300ETF|中证500ETF|中证1000ETF|创业板ETF|红利ETF|证券ETF|军工ETF|消费ETF|恒生ETF|白银LOF|纳指ETF|标普500ETF|欧洲ETF|黄金ETF|原油ETF,中证2000ETF|人工智能ETF|信用债ETF|半导体ETF|可转债ETF|新能源ETF|日经225ETF|有色金属期货ETF|煤炭ETF|科创50ETF|能源化工期货ETF|豆粕ETF,中证2000ETF:no_observations|人工智能ETF:no_observations|信用债ETF:insufficient_observations(8)|半导体ETF:no_observations|可转债ETF:no_observations|新能源ETF:no_observations|日经225ETF:no_observations|有色金属期货ETF:no_observations|煤炭ETF:no_observations|科创50ETF:no_observations|能源化工期货ETF:no_observations|豆粕ETF:no_observations
2019-04-12,18,60,5年国债ETF|10年国债ETF|日利ETF|沪深300ETF|中证500ETF|中证1000ETF|创业板ETF|红利ETF|证券ETF|军工ETF|消费ETF|恒生ETF|白银LOF|纳指ETF|标普500ETF|欧洲ETF|黄金ETF|原油ETF,中证2000ETF|人工智能ETF|信用债ETF|半导体ETF|可转债ETF|新能源ETF|日经225ETF|有色金属期货ETF|煤炭ETF|科创50ETF|能源化工期货ETF|豆粕ETF,中证2000ETF:no_observations|人工智能ETF:no_observations|信用债ETF:insufficient_observations(13)|半导体ETF:no_observations|可转债ETF:no_observations|新能源ETF:no_observations|日经225ETF:no_observations|有色金属期货ETF:no_observations|煤炭ETF:no_observations|科创50ETF:no_observations|能源化工期货ETF:no_observations|豆粕ETF:no_observations
2019-04-19,18,60,5年国债ETF|10年国债ETF|日利ETF|沪深300ETF|中证500ETF|中证1000ETF|创业板ETF|红利ETF|证券ETF|军工ETF|消费ETF|恒生ETF|白银LOF|纳指ETF|标普500ETF|欧洲ETF|黄金ETF|原油ETF,中证2000ETF|人工智能ETF|信用债ETF|半导体ETF|可转债ETF|新能源ETF|日经225ETF|有色金属期货ETF|煤炭ETF|科创50ETF|能源化工期货ETF|豆粕ETF,中证2000ETF:no_observations|人工智能ETF:no_observations|信用债ETF:insufficient_observations(18)|半导体ETF:no_observations|可转债ETF:no_observations|新能源ETF:no_observations|日经225ETF:no_observations|有色金属期货ETF:no_observations|煤炭ETF:no_observations|科创50ETF:no_observations|能源化工期货ETF:no_observations|豆粕ETF:no_observations
2019-04-26,18,60,5年国债ETF|10年国债ETF|日利ETF|沪深300ETF|中证500ETF|中证1000ETF|创业板ETF|红利ETF|证券ETF|军工ETF|消费ETF|恒生ETF|白银LOF|纳指ETF|标普500ETF|欧洲ETF|黄金ETF|原油ETF,中证2000ETF|人工智能ETF|信用债ETF|半导体ETF|可转债ETF|新能源ETF|日经225ETF|有色金属期货ETF|煤炭ETF|科创50ETF|能源化工期货ETF|豆粕ETF,中证2000ETF:no_observations|人工智能ETF:no_observations|信用债ETF:insufficient_observations(23)|半导体ETF:no_observations|可转债ETF:no_observations|新能源ETF:no_observations|日经225ETF:no_observations|有色金属期货ETF:no_observations|煤炭ETF:no_observations|科创50ETF:no_observations|能源化工期货ETF:no_observations|豆粕ETF:no_observations
2019-04-30,18,60,5年国债ETF|10年国债ETF|日利ETF|沪深300ETF|中证500ETF|中证1000ETF|创业板ETF|红利ETF|证券ETF|军工ETF|消费ETF|恒生ETF|白银LOF|纳指ETF|标普500ETF|欧洲ETF|黄金ETF|原油ETF,中证2000ETF|人工智能ETF|信用债ETF|半导体ETF|可转债ETF|新能源ETF|日经225ETF|有色金属期货ETF|煤炭ETF|科创50ETF|能源化工期货ETF|豆粕ETF,中证2000ETF:no_observations|人工智能ETF:no_observations|信用债ETF:insufficient_observations(25)|半导体ETF:no_observations|可转债ETF:no_observations|新能源ETF:no_observations|日经225ETF:no_observations|有色金属期货ETF:no_observations|煤炭ETF:no_observations|科创50ETF:no_observations|能源化工期货ETF:no_observations|豆粕ETF:no_observations
2019-05-10,18,60,5年国债ETF|10年国债ETF|日利ETF|沪深300ETF|中证500ETF|中证1000ETF|创业板ETF|红利ETF|证券ETF|军工ETF|消费ETF|恒生ETF|白银LOF|纳指ETF|标普500ETF|欧洲ETF|黄金ETF|原油ETF,中证2000ETF|人工智能ETF|信用债ETF|半导体ETF|可转债ETF|新能源ETF|日经225ETF|有色金属期货ETF|煤炭ETF|科创50ETF|能源化工期货ETF|豆粕ETF,中证2000ETF:no_observations|人工智能ETF:no_observations|信用债ETF:insufficient_observations(30)|半导体ETF:no_observations|可转债ETF:no_observations|新能源ETF:no_observations|日经225ETF:no_observations|有色金属期货ETF:no_observations|煤炭ETF:no_observations|科创50ETF:no_observations|能源化工期货ETF:no_observations|豆粕ETF:no_observations
2019-05-17,18,60,5年国债ETF|10年国债ETF|日利ETF|沪深300ETF|中证500ETF|中证1000ETF|创业板ETF|红利ETF|证券ETF|军工ETF|消费ETF|恒生ETF|白银LOF|纳指ETF|标普500ETF|欧洲ETF|黄金ETF|原油ETF,中证2000ETF|人工智能ETF|信用债ETF|半导体ETF|可转债ETF|新能源ETF|日经225ETF|有色金属期货ETF|煤炭ETF|科创50ETF|能源化工期货ETF|豆粕ETF,中证2000ETF:no_observations|人工智能ETF:no_observations|信用债ETF:insufficient_observations(35)|半导体ETF:no_observations|可转债ETF:no_observations|新能源ETF:no_observations|日经225ETF:no_observations|有色金属期货ETF:no_observations|煤炭ETF:no_observations|科创50ETF:no_observations|能源化工期货ETF:no_observations|豆粕ETF:no_observations
2019-05-24,18,60,5年国债ETF|10年国债ETF|日利ETF|沪深300ETF|中证500ETF|中证1000ETF|创业板ETF|红利ETF|证券ETF|军工ETF|消费ETF|恒生ETF|白银LOF|纳指ETF|标普500ETF|欧洲ETF|黄金ETF|原油ETF,中证2000ETF|人工智能ETF|信用债ETF|半导体ETF|可转债ETF|新能源ETF|日经225ETF|有色金属期货ETF|煤炭ETF|科创50ETF|能源化工期货ETF|豆粕ETF,中证2000ETF:no_observations|人工智能ETF:no_observations|信用债ETF:insufficient_observations(40)|半导体ETF:no_observations|可转债ETF:no_observations|新能源ETF:no_observations|日经225ETF:no_observations|有色金属期货ETF:no_observations|煤炭ETF:no_observations|科创50ETF:no_observations|能源化工期货ETF:no_observations|豆粕ETF:no_observations
2019-05-31,18,60,5年国债ETF|10年国债ETF|日利ETF|沪深300ETF|中证500ETF|中证1000ETF|创业板ETF|红利ETF|证券ETF|军工ETF|消费ETF|恒生ETF|白银LOF|纳指ETF|标普500ETF|欧洲ETF|黄金ETF|原油ETF,中证2000ETF|人工智能ETF|信用债ETF|半导体ETF|可转债ETF|新能源ETF|日经225ETF|有色金属期货ETF|煤炭ETF|科创50ETF|能源化工期货ETF|豆粕ETF,中证2000ETF:no_observations|人工智能ETF:no_observations|信用债ETF:insufficient_observations(45)|半导体ETF:no_observations|可转债ETF:no_observations|新能源ETF:no_observations|日经225ETF:no_observations|有色金属期货ETF:no_observations|煤炭ETF:no_observations|科创50ETF:no_observations|能源化工期货ETF:no_observations|豆粕ETF:no_observations
2019-06-06,18,60,5年国债ETF|10年国债ETF|日利ETF|沪深300ETF|中证500ETF|中证1000ETF|创业板ETF|红利ETF|证券ETF|军工ETF|消费ETF|恒生ETF|白银LOF|纳指ETF|标普500ETF|欧洲ETF|黄金ETF|原油ETF,中证2000ETF|人工智能ETF|信用债ETF|半导体ETF|可转债ETF|新能源ETF|日经225ETF|有色金属期货ETF|煤炭ETF|科创50ETF|能源化工期货ETF|豆粕ETF,中证2000ETF:no_observations|人工智能ETF:no_observations|信用债ETF:insufficient_observations(49)|半导体ETF:no_observations|可转债ETF:no_observations|新能源ETF:no_observations|日经225ETF:no_observations|有色金属期货ETF:no_observations|煤炭ETF:no_observations|科创50ETF:no_observations|能源化工期货ETF:no_observations|豆粕ETF:no_observations
2019-06-14,18,60,5年国债ETF|10年国债ETF|日利ETF|沪深300ETF|中证500ETF|中证1000ETF|创业板ETF|红利ETF|证券ETF|军工ETF|消费ETF|恒生ETF|白银LOF|纳指ETF|标普500ETF|欧洲ETF|黄金ETF|原油ETF,中证2000ETF|人工智能ETF|信用债ETF|半导体ETF|可转债ETF|新能源ETF|日经225ETF|有色金属期货ETF|煤炭ETF|科创50ETF|能源化工期货ETF|豆粕ETF,中证2000ETF:no_observations|人工智能ETF:no_observations|信用债ETF:insufficient_observations(54)|半导体ETF:zero_variance|可转债ETF:no_observations|新能源ETF:no_observations|日经225ETF:no_observations|有色金属期货ETF:no_observations|煤炭ETF:no_observations|科创50ETF:no_observations|能源化工期货ETF:no_observations|豆粕ETF:no_observations
2019-06-21,18,60,5年国债ETF|10年国债ETF|日利ETF|沪深300ETF|中证500ETF|中证1000ETF|创业板ETF|红利ETF|证券ETF|军工ETF|消费ETF|恒生ETF|白银LOF|纳指ETF|标普500ETF|欧洲ETF|黄金ETF|原油ETF,中证2000ETF|人工智能ETF|信用债ETF|半导体ETF|可转债ETF|新能源ETF|日经225ETF|有色金属期货ETF|煤炭ETF|科创50ETF|能源化工期货ETF|豆粕ETF,中证2000ETF:no_observations|人工智能ETF:no_observations|信用债ETF:insufficient_observations(59)|半导体ETF:insufficient_observations(6)|可转债ETF:no_observations|新能源ETF:no_observations|日经225ETF:no_observations|有色金属期货ETF:no_observations|煤炭ETF:no_observations|科创50ETF:no_observations|能源化工期货ETF:no_observations|豆粕ETF:no_observations
2019-06-28,19,60,5年国债ETF|10年国债ETF|信用债ETF|日利ETF|沪深300ETF|中证500ETF|中证1000ETF|创业板ETF|红利ETF|证券ETF|军工ETF|消费ETF|恒生ETF|白银LOF|纳指ETF|标普500ETF|欧洲ETF|黄金ETF|原油ETF,中证2000ETF|人工智能ETF|半导体ETF|可转债ETF|新能源ETF|日经225ETF|有色金属期货ETF|煤炭ETF|科创50ETF|能源化工期货ETF|豆粕ETF,中证2000ETF:no_observations|人工智能ETF:no_observations|半导体ETF:insufficient_observations(11)|可转债ETF:no_observations|新能源ETF:no_observations|日经225ETF:insufficient_observations(2)|有色金属期货ETF:no_observations|煤炭ETF:no_observations|科创50ETF:no_observations|能源化工期货ETF:no_observations|豆粕ETF:no_observations
2019-07-05,19,60,5年国债ETF|10年国债ETF|信用债ETF|日利ETF|沪深300ETF|中证500ETF|中证1000ETF|创业板ETF|红利ETF|证券ETF|军工ETF|消费ETF|恒生ETF|白银LOF|纳指ETF|标普500ETF|欧洲ETF|黄金ETF|原油ETF,中证2000ETF|人工智能ETF|半导体ETF|可转债ETF|新能源ETF|日经225ETF|有色金属期货ETF|煤炭ETF|科创50ETF|能源化工期货ETF|豆粕ETF,中证2000ETF:no_observations|人工智能ETF:no_observations|半导体ETF:insufficient_observations(16)|可转债ETF:no_observations|新能源ETF:no_observations|日经225ETF:insufficient_observations(7)|有色金属期货ETF:no_observations|煤炭ETF:no_observations|科创50ETF:no_observations|能源化工期货ETF:no_observations|豆粕ETF:no_observations
2019-07-12,19,60,5年国债ETF|10年国债ETF|信用债ETF|日利ETF|沪深300ETF|中证500ETF|中证1000ETF|创业板ETF|红利ETF|证券ETF|军工ETF|消费ETF|恒生ETF|白银LOF|纳指ETF|标普500ETF|欧洲ETF|黄金ETF|原油ETF,中证2000ETF|人工智能ETF|半导体ETF|可转债ETF|新能源ETF|日经225ETF|有色金属期货ETF|煤炭ETF|科创50ETF|能源化工期货ETF|豆粕ETF,中证2000ETF:no_observations|人工智能ETF:no_observations|半导体ETF:insufficient_observations(21)|可转债ETF:no_observations|新能源ETF:no_observations|日经225ETF:insufficient_observations(12)|有色金属期货ETF:no_observations|煤炭ETF:no_observations|科创50ETF:no_observations|能源化工期货ETF:no_observations|豆粕ETF:no_observations
2019-07-19,19,60,5年国债ETF|10年国债ETF|信用债ETF|日利ETF|沪深300ETF|中证500ETF|中证1000ETF|创业板ETF|红利ETF|证券ETF|军工ETF|消费ETF|恒生ETF|白银LOF|纳指ETF|标普500ETF|欧洲ETF|黄金ETF|原油ETF,中证2000ETF|人工智能ETF|半导体ETF|可转债ETF|新能源ETF|日经225ETF|有色金属期货ETF|煤炭ETF|科创50ETF|能源化工期货ETF|豆粕ETF,中证2000ETF:no_observations|人工智能ETF:no_observations|半导体ETF:insufficient_observations(26)|可转债ETF:no_observations|新能源ETF:no_observations|日经225ETF:insufficient_observations(17)|有色金属期货ETF:no_observations|煤炭ETF:no_observations|科创50ETF:no_observations|能源化工期货ETF:no_observations|豆粕ETF:no_observations
2019-07-26,19,60,5年国债ETF|10年国债ETF|信用债ETF|日利ETF|沪深300ETF|中证500ETF|中证1000ETF|创业板ETF|红利ETF|证券ETF|军工ETF|消费ETF|恒生ETF|白银LOF|纳指ETF|标普500ETF|欧洲ETF|黄金ETF|原油ETF,中证2000ETF|人工智能ETF|半导体ETF|可转债ETF|新能源ETF|日经225ETF|有色金属期货ETF|煤炭ETF|科创50ETF|能源化工期货ETF|豆粕ETF,中证2000ETF:no_observations|人工智能ETF:no_observations|半导体ETF:insufficient_observations(31)|可转债ETF:no_observations|新能源ETF:no_observations|日经225ETF:insufficient_observations(22)|有色金属期货ETF:no_observations|煤炭ETF:no_observations|科创50ETF:no_observations|能源化工期货ETF:no_observations|豆粕ETF:no_observations
2019-08-02,19,60,5年国债ETF|10年国债ETF|信用债ETF|日利ETF|沪深300ETF|中证500ETF|中证1000ETF|创业板ETF|红利ETF|证券ETF|军工ETF|消费ETF|恒生ETF|白银LOF|纳指ETF|标普500ETF|欧洲ETF|黄金ETF|原油ETF,中证2000ETF|人工智能ETF|半导体ETF|可转债ETF|新能源ETF|日经225ETF|有色金属期货ETF|煤炭ETF|科创50ETF|能源化工期货ETF|豆粕ETF,中证2000ETF:no_observations|人工智能ETF:no_observations|半导体ETF:insufficient_observations(36)|可转债ETF:no_observations|新能源ETF:no_observations|日经225ETF:insufficient_observations(27)|有色金属期货ETF:no_observations|煤炭ETF:no_observations|科创50ETF:no_observations|能源化工期货ETF:no_observations|豆粕ETF:no_observations
2019-08-09,19,60,5年国债ETF|10年国债ETF|信用债ETF|日利ETF|沪深300ETF|中证500ETF|中证1000ETF|创业板ETF|红利ETF|证券ETF|军工ETF|消费ETF|恒生ETF|白银LOF|纳指ETF|标普500ETF|欧洲ETF|黄金ETF|原油ETF,中证2000ETF|人工智能ETF|半导体ETF|可转债ETF|新能源ETF|日经225ETF|有色金属期货ETF|煤炭ETF|科创50ETF|能源化工期货ETF|豆粕ETF,中证2000ETF:no_observations|人工智能ETF:no_observations|半导体ETF:insufficient_observations(41)|可转债ETF:no_observations|新能源ETF:no_observations|日经225ETF:insufficient_observations(32)|有色金属期货ETF:no_observations|煤炭ETF:no_observations|科创50ETF:no_observations|能源化工期货ETF:no_observations|豆粕ETF:no_observations
2019-08-16,19,60,5年国债ETF|10年国债ETF|信用债ETF|日利ETF|沪深300ETF|中证500ETF|中证1000ETF|创业板ETF|红利ETF|证券ETF|军工ETF|消费ETF|恒生ETF|白银LOF|纳指ETF|标普500ETF|欧洲ETF|黄金ETF|原油ETF,中证2000ETF|人工智能ETF|半导体ETF|可转债ETF|新能源ETF|日经225ETF|有色金属期货ETF|煤炭ETF|科创50ETF|能源化工期货ETF|豆粕ETF,中证2000ETF:no_observations|人工智能ETF:no_observations|半导体ETF:insufficient_observations(46)|可转债ETF:no_observations|新能源ETF:no_observations|日经225ETF:insufficient_observations(37)|有色金属期货ETF:no_observations|煤炭ETF:no_observations|科创50ETF:no_observations|能源化工期货ETF:no_observations|豆粕ETF:no_observations
2019-08-23,19,60,5年国债ETF|10年国债ETF|信用债ETF|日利ETF|沪深300ETF|中证500ETF|中证1000ETF|创业板ETF|红利ETF|证券ETF|军工ETF|消费ETF|恒生ETF|白银LOF|纳指ETF|标普500ETF|欧洲ETF|黄金ETF|原油ETF,中证2000ETF|人工智能ETF|半导体ETF|可转债ETF|新能源ETF|日经225ETF|有色金属期货ETF|煤炭ETF|科创50ETF|能源化工期货ETF|豆粕ETF,中证2000ETF:no_observations|人工智能ETF:no_observations|半导体ETF:insufficient_observations(51)|可转债ETF:no_observations|新能源ETF:no_observations|日经225ETF:insufficient_observations(42)|有色金属期货ETF:no_observations|煤炭ETF:no_observations|科创50ETF:no_observations|能源化工期货ETF:no_observations|豆粕ETF:no_observations
2019-08-30,19,60,5年国债ETF|10年国债ETF|信用债ETF|日利ETF|沪深300ETF|中证500ETF|中证1000ETF|创业板ETF|红利ETF|证券ETF|军工ETF|消费ETF|恒生ETF|白银LOF|纳指ETF|标普500ETF|欧洲ETF|黄金ETF|原油ETF,中证2000ETF|人工智能ETF|半导体ETF|可转债ETF|新能源ETF|日经225ETF|有色金属期货ETF|煤炭ETF|科创50ETF|能源化工期货ETF|豆粕ETF,中证2000ETF:no_observations|人工智能ETF:no_observations|半导体ETF:insufficient_observations(56)|可转债ETF:no_observations|新能源ETF:no_observations|日经225ETF:insufficient_observations(47)|有色金属期货ETF:no_observations|煤炭ETF:no_observations|科创50ETF:no_observations|能源化工期货ETF:no_observations|豆粕ETF:no_observations
2019-09-06,20,60,5年国债ETF|10年国债ETF|信用债ETF|日利ETF|沪深300ETF|中证500ETF|中证1000ETF|创业板ETF|红利ETF|半导体ETF|证券ETF|军工ETF|消费ETF|恒生ETF|白银LOF|纳指ETF|标普500ETF|欧洲ETF|黄金ETF|原油ETF,中证2000ETF|人工智能ETF|可转债ETF|新能源ETF|日经225ETF|有色金属期货ETF|煤炭ETF|科创50ETF|能源化工期货ETF|豆粕ETF,中证2000ETF:no_observations|人工智能ETF:no_observations|可转债ETF:no_observations|新能源ETF:no_observations|日经225ETF:insufficient_observations(52)|有色金属期货ETF:no_observations|煤炭ETF:no_observations|科创50ETF:no_observations|能源化工期货ETF:no_observations|豆粕ETF:no_observations
2019-09-12,20,60,5年国债ETF|10年国债ETF|信用债ETF|日利ETF|沪深300ETF|中证500ETF|中证1000ETF|创业板ETF|红利ETF|半导体ETF|证券ETF|军工ETF|消费ETF|恒生ETF|白银LOF|纳指ETF|标普500ETF|欧洲ETF|黄金ETF|原油ETF,中证2000ETF|人工智能ETF|可转债ETF|新能源ETF|日经225ETF|有色金属期货ETF|煤炭ETF|科创50ETF|能源化工期货ETF|豆粕ETF,中证2000ETF:no_observations|人工智能ETF:no_observations|可转债ETF:no_observations|新能源ETF:no_observations|日经225ETF:insufficient_observations(56)|有色金属期货ETF:no_observations|煤炭ETF:no_observations|科创50ETF:no_observations|能源化工期货ETF:no_observations|豆粕ETF:no_observations
2019-09-20,21,60,5年国债ETF|10年国债ETF|信用债ETF|日利ETF|沪深300ETF|中证500ETF|中证1000ETF|创业板ETF|红利ETF|半导体ETF|证券ETF|军工ETF|消费ETF|恒生ETF|白银LOF|纳指ETF|标普500ETF|日经225ETF|欧洲ETF|黄金ETF|原油ETF,中证2000ETF|人工智能ETF|可转债ETF|新能源ETF|有色金属期货ETF|煤炭ETF|科创50ETF|能源化工期货ETF|豆粕ETF,中证2000ETF:no_observations|人工智能ETF:no_observations|可转债ETF:no_observations|新能源ETF:no_observations|有色金属期货ETF:no_observations|煤炭ETF:no_observations|科创50ETF:no_observations|能源化工期货ETF:no_observations|豆粕ETF:no_observations
2019-09-27,21,60,5年国债ETF|10年国债ETF|信用债ETF|日利ETF|沪深300ETF|中证500ETF|中证1000ETF|创业板ETF|红利ETF|半导体ETF|证券ETF|军工ETF|消费ETF|恒生ETF|白银LOF|纳指ETF|标普500ETF|日经225ETF|欧洲ETF|黄金ETF|原油ETF,中证2000ETF|人工智能ETF|可转债ETF|新能源ETF|有色金属期货ETF|煤炭ETF|科创50ETF|能源化工期货ETF|豆粕ETF,中证2000ETF:no_observations|人工智能ETF:no_observations|可转债ETF:no_observations|新能源ETF:no_observations|有色金属期货ETF:no_observations|煤炭ETF:no_observations|科创50ETF:no_observations|能源化工期货ETF:no_observations|豆粕ETF:no_observations
2019-09-30,21,60,5年国债ETF|10年国债ETF|信用债ETF|日利ETF|沪深300ETF|中证500ETF|中证1000ETF|创业板ETF|红利ETF|半导体ETF|证券ETF|军工ETF|消费ETF|恒生ETF|白银LOF|纳指ETF|标普500ETF|日经225ETF|欧洲ETF|黄金ETF|原油ETF,中证2000ETF|人工智能ETF|可转债ETF|新能源ETF|有色金属期货ETF|煤炭ETF|科创50ETF|能源化工期货ETF|豆粕ETF,中证2000ETF:no_observations|人工智能ETF:no_observations|可转债ETF:no_observations|新能源ETF:no_observations|有色金属期货ETF:no_observations|煤炭ETF:no_observations|科创50ETF:no_observations|能源化工期货ETF:no_observations|豆粕ETF:no_observations
2019-10-11,21,60,5年国债ETF|10年国债ETF|信用债ETF|日利ETF|沪深300ETF|中证500ETF|中证1000ETF|创业板ETF|红利ETF|半导体ETF|证券ETF|军工ETF|消费ETF|恒生ETF|白银LOF|纳指ETF|标普500ETF|日经225ETF|欧洲ETF|黄金ETF|原油ETF,中证2000ETF|人工智能ETF|可转债ETF|新能源ETF|有色金属期货ETF|煤炭ETF|科创50ETF|能源化工期货ETF|豆粕ETF,中证2000ETF:no_observations|人工智能ETF:no_observations|可转债ETF:no_observations|新能源ETF:no_observations|有色金属期货ETF:no_observations|煤炭ETF:no_observations|科创50ETF:no_observations|能源化工期货ETF:no_observations|豆粕ETF:no_observations
2019-10-18,21,60,5年国债ETF|10年国债ETF|信用债ETF|日利ETF|沪深300ETF|中证500ETF|中证1000ETF|创业板ETF|红利ETF|半导体ETF|证券ETF|军工ETF|消费ETF|恒生ETF|白银LOF|纳指ETF|标普500ETF|日经225ETF|欧洲ETF|黄金ETF|原油ETF,中证2000ETF|人工智能ETF|可转债ETF|新能源ETF|有色金属期货ETF|煤炭ETF|科创50ETF|能源化工期货ETF|豆粕ETF,中证2000ETF:no_observations|人工智能ETF:no_observations|可转债ETF:no_observations|新能源ETF:no_observations|有色金属期货ETF:no_observations|煤炭ETF:no_observations|科创50ETF:no_observations|能源化工期货ETF:no_observations|豆粕ETF:no_observations
2019-10-25,21,60,5年国债ETF|10年国债ETF|信用债ETF|日利ETF|沪深300ETF|中证500ETF|中证1000ETF|创业板ETF|红利ETF|半导体ETF|证券ETF|军工ETF|消费ETF|恒生ETF|白银LOF|纳指ETF|标普500ETF|日经225ETF|欧洲ETF|黄金ETF|原油ETF,中证2000ETF|人工智能ETF|可转债ETF|新能源ETF|有色金属期货ETF|煤炭ETF|科创50ETF|能源化工期货ETF|豆粕ETF,中证2000ETF:no_observations|人工智能ETF:no_observations|可转债ETF:no_observations|新能源ETF:no_observations|有色金属期货ETF:no_observations|煤炭ETF:no_observations|科创50ETF:no_observations|能源化工期货ETF:no_observations|豆粕ETF:no_observations
2019-11-01,21,60,5年国债ETF|10年国债ETF|信用债ETF|日利ETF|沪深300ETF|中证500ETF|中证1000ETF|创业板ETF|红利ETF|半导体ETF|证券ETF|军工ETF|消费ETF|恒生ETF|白银LOF|纳指ETF|标普500ETF|日经225ETF|欧洲ETF|黄金ETF|原油ETF,中证2000ETF|人工智能ETF|可转债ETF|新能源ETF|有色金属期货ETF|煤炭ETF|科创50ETF|能源化工期货ETF|豆粕ETF,中证2000ETF:no_observations|人工智能ETF:no_observations|可转债ETF:no_observations|新能源ETF:no_observations|有色金属期货ETF:no_observations|煤炭ETF:no_observations|科创50ETF:no_observations|能源化工期货ETF:no_observations|豆粕ETF:no_observations
2019-11-08,21,60,5年国债ETF|10年国债ETF|信用债ETF|日利ETF|沪深300ETF|中证500ETF|中证1000ETF|创业板ETF|红利ETF|半导体ETF|证券ETF|军工ETF|消费ETF|恒生ETF|白银LOF|纳指ETF|标普500ETF|日经225ETF|欧洲ETF|黄金ETF|原油ETF,中证2000ETF|人工智能ETF|可转债ETF|新能源ETF|有色金属期货ETF|煤炭ETF|科创50ETF|能源化工期货ETF|豆粕ETF,中证2000ETF:no_observations|人工智能ETF:no_observations|可转债ETF:no_observations|新能源ETF:no_observations|有色金属期货ETF:no_observations|煤炭ETF:no_observations|科创50ETF:no_observations|能源化工期货ETF:no_observations|豆粕ETF:no_observations
2019-11-15,21,60,5年国债ETF|10年国债ETF|信用债ETF|日利ETF|沪深300ETF|中证500ETF|中证1000ETF|创业板ETF|红利ETF|半导体ETF|证券ETF|军工ETF|消费ETF|恒生ETF|白银LOF|纳指ETF|标普500ETF|日经225ETF|欧洲ETF|黄金ETF|原油ETF,中证2000ETF|人工智能ETF|可转债ETF|新能源ETF|有色金属期货ETF|煤炭ETF|科创50ETF|能源化工期货ETF|豆粕ETF,中证2000ETF:no_observations|人工智能ETF:no_observations|可转债ETF:no_observations|新能源ETF:no_observations|有色金属期货ETF:no_observations|煤炭ETF:no_observations|科创50ETF:no_observations|能源化工期货ETF:no_observations|豆粕ETF:no_observations
2019-11-22,21,60,5年国债ETF|10年国债ETF|信用债ETF|日利ETF|沪深300ETF|中证500ETF|中证1000ETF|创业板ETF|红利ETF|半导体ETF|证券ETF|军工ETF|消费ETF|恒生ETF|白银LOF|纳指ETF|标普500ETF|日经225ETF|欧洲ETF|黄金ETF|原油ETF,中证2000ETF|人工智能ETF|可转债ETF|新能源ETF|有色金属期货ETF|煤炭ETF|科创50ETF|能源化工期货ETF|豆粕ETF,中证2000ETF:no_observations|人工智能ETF:no_observations|可转债ETF:no_observations|新能源ETF:no_observations|有色金属期货ETF:no_observations|煤炭ETF:no_observations|科创50ETF:no_observations|能源化工期货ETF:no_observations|豆粕ETF:no_observations
2019-11-29,21,60,5年国债ETF|10年国债ETF|信用债ETF|日利ETF|沪深300ETF|中证500ETF|中证1000ETF|创业板ETF|红利ETF|半导体ETF|证券ETF|军工ETF|消费ETF|恒生ETF|白银LOF|纳指ETF|标普500ETF|日经225ETF|欧洲ETF|黄金ETF|原油ETF,中证2000ETF|人工智能ETF|可转债ETF|新能源ETF|有色金属期货ETF|煤炭ETF|科创50ETF|能源化工期货ETF|豆粕ETF,中证2000ETF:no_observations|人工智能ETF:no_observations|可转债ETF:no_observations|新能源ETF:no_observations|有色金属期货ETF:no_observations|煤炭ETF:no_observations|科创50ETF:no_observations|能源化工期货ETF:no_observations|豆粕ETF:no_observations
2019-12-06,21,60,5年国债ETF|10年国债ETF|信用债ETF|日利ETF|沪深300ETF|中证500ETF|中证1000ETF|创业板ETF|红利ETF|半导体ETF|证券ETF|军工ETF|消费ETF|恒生ETF|白银LOF|纳指ETF|标普500ETF|日经225ETF|欧洲ETF|黄金ETF|原油ETF,中证2000ETF|人工智能ETF|可转债ETF|新能源ETF|有色金属期货ETF|煤炭ETF|科创50ETF|能源化工期货ETF|豆粕ETF,中证2000ETF:no_observations|人工智能ETF:no_observations|可转债ETF:no_observations|新能源ETF:no_observations|有色金属期货ETF:no_observations|煤炭ETF:no_observations|科创50ETF:no_observations|能源化工期货ETF:no_observations|豆粕ETF:no_observations
2019-12-13,21,60,5年国债ETF|10年国债ETF|信用债ETF|日利ETF|沪深300ETF|中证500ETF|中证1000ETF|创业板ETF|红利ETF|半导体ETF|证券ETF|军工ETF|消费ETF|恒生ETF|白银LOF|纳指ETF|标普500ETF|日经225ETF|欧洲ETF|黄金ETF|原油ETF,中证2000ETF|人工智能ETF|可转债ETF|新能源ETF|有色金属期货ETF|煤炭ETF|科创50ETF|能源化工期货ETF|豆粕ETF,中证2000ETF:no_observations|人工智能ETF:no_observations|可转债ETF:no_observations|新能源ETF:no_observations|有色金属期货ETF:no_observations|煤炭ETF:no_observations|科创50ETF:no_observations|能源化工期货ETF:no_observations|豆粕ETF:insufficient_observations(5)
2019-12-20,21,60,5年国债ETF|10年国债ETF|信用债ETF|日利ETF|沪深300ETF|中证500ETF|中证1000ETF|创业板ETF|红利ETF|半导体ETF|证券ETF|军工ETF|消费ETF|恒生ETF|白银LOF|纳指ETF|标普500ETF|日经225ETF|欧洲ETF|黄金ETF|原油ETF,中证2000ETF|人工智能ETF|可转债ETF|新能源ETF|有色金属期货ETF|煤炭ETF|科创50ETF|能源化工期货ETF|豆粕ETF,中证2000ETF:no_observations|人工智能ETF:no_observations|可转债ETF:no_observations|新能源ETF:no_observations|有色金属期货ETF:no_observations|煤炭ETF:no_observations|科创50ETF:no_observations|能源化工期货ETF:no_observations|豆粕ETF:insufficient_observations(10)
2019-12-27,21,60,5年国债ETF|10年国债ETF|信用债ETF|日利ETF|沪深300ETF|中证500ETF|中证1000ETF|创业板ETF|红利ETF|半导体ETF|证券ETF|军工ETF|消费ETF|恒生ETF|白银LOF|纳指ETF|标普500ETF|日经225ETF|欧洲ETF|黄金ETF|原油ETF,中证2000ETF|人工智能ETF|可转债ETF|新能源ETF|有色金属期货ETF|煤炭ETF|科创50ETF|能源化工期货ETF|豆粕ETF,中证2000ETF:no_observations|人工智能ETF:no_observations|可转债ETF:no_observations|新能源ETF:no_observations|有色金属期货ETF:insufficient_observations(2)|煤炭ETF:no_observations|科创50ETF:no_observations|能源化工期货ETF:no_observations|豆粕ETF:insufficient_observations(15)
2020-01-03,21,60,5年国债ETF|10年国债ETF|信用债ETF|日利ETF|沪深300ETF|中证500ETF|中证1000ETF|创业板ETF|红利ETF|半导体ETF|证券ETF|军工ETF|消费ETF|恒生ETF|白银LOF|纳指ETF|标普500ETF|日经225ETF|欧洲ETF|黄金ETF|原油ETF,中证2000ETF|人工智能ETF|可转债ETF|新能源ETF|有色金属期货ETF|煤炭ETF|科创50ETF|能源化工期货ETF|豆粕ETF,中证2000ETF:no_observations|人工智能ETF:no_observations|可转债ETF:no_observations|新能源ETF:no_observations|有色金属期货ETF:insufficient_observations(6)|煤炭ETF:no_observations|科创50ETF:no_observations|能源化工期货ETF:no_observations|豆粕ETF:insufficient_observations(19)
2020-01-10,21,60,5年国债ETF|10年国债ETF|信用债ETF|日利ETF|沪深300ETF|中证500ETF|中证1000ETF|创业板ETF|红利ETF|半导体ETF|证券ETF|军工ETF|消费ETF|恒生ETF|白银LOF|纳指ETF|标普500ETF|日经225ETF|欧洲ETF|黄金ETF|原油ETF,中证2000ETF|人工智能ETF|可转债ETF|新能源ETF|有色金属期货ETF|煤炭ETF|科创50ETF|能源化工期货ETF|豆粕ETF,中证2000ETF:no_observations|人工智能ETF:no_observations|可转债ETF:no_observations|新能源ETF:no_observations|有色金属期货ETF:insufficient_observations(11)|煤炭ETF:no_observations|科创50ETF:no_observations|能源化工期货ETF:no_observations|豆粕ETF:insufficient_observations(24)
2020-01-17,21,60,5年国债ETF|10年国债ETF|信用债ETF|日利ETF|沪深300ETF|中证500ETF|中证1000ETF|创业板ETF|红利ETF|半导体ETF|证券ETF|军工ETF|消费ETF|恒生ETF|白银LOF|纳指ETF|标普500ETF|日经225ETF|欧洲ETF|黄金ETF|原油ETF,中证2000ETF|人工智能ETF|可转债ETF|新能源ETF|有色金属期货ETF|煤炭ETF|科创50ETF|能源化工期货ETF|豆粕ETF,中证2000ETF:no_observations|人工智能ETF:no_observations|可转债ETF:no_observations|新能源ETF:no_observations|有色金属期货ETF:insufficient_observations(16)|煤炭ETF:no_observations|科创50ETF:no_observations|能源化工期货ETF:no_observations|豆粕ETF:insufficient_observations(29)
2020-01-23,21,60,5年国债ETF|10年国债ETF|信用债ETF|日利ETF|沪深300ETF|中证500ETF|中证1000ETF|创业板ETF|红利ETF|半导体ETF|证券ETF|军工ETF|消费ETF|恒生ETF|白银LOF|纳指ETF|标普500ETF|日经225ETF|欧洲ETF|黄金ETF|原油ETF,中证2000ETF|人工智能ETF|可转债ETF|新能源ETF|有色金属期货ETF|煤炭ETF|科创50ETF|能源化工期货ETF|豆粕ETF,中证2000ETF:no_observations|人工智能ETF:no_observations|可转债ETF:no_observations|新能源ETF:no_observations|有色金属期货ETF:insufficient_observations(20)|煤炭ETF:no_observations|科创50ETF:no_observations|能源化工期货ETF:insufficient_observations(3)|豆粕ETF:insufficient_observations(33)
2020-02-07,21,60,5年国债ETF|10年国债ETF|信用债ETF|日利ETF|沪深300ETF|中证500ETF|中证1000ETF|创业板ETF|红利ETF|半导体ETF|证券ETF|军工ETF|消费ETF|恒生ETF|白银LOF|纳指ETF|标普500ETF|日经225ETF|欧洲ETF|黄金ETF|原油ETF,中证2000ETF|人工智能ETF|可转债ETF|新能源ETF|有色金属期货ETF|煤炭ETF|科创50ETF|能源化工期货ETF|豆粕ETF,中证2000ETF:no_observations|人工智能ETF:no_observations|可转债ETF:no_observations|新能源ETF:no_observations|有色金属期货ETF:insufficient_observations(25)|煤炭ETF:no_observations|科创50ETF:no_observations|能源化工期货ETF:insufficient_observations(8)|豆粕ETF:insufficient_observations(38)
2020-02-14,21,60,5年国债ETF|10年国债ETF|信用债ETF|日利ETF|沪深300ETF|中证500ETF|中证1000ETF|创业板ETF|红利ETF|半导体ETF|证券ETF|军工ETF|消费ETF|恒生ETF|白银LOF|纳指ETF|标普500ETF|日经225ETF|欧洲ETF|黄金ETF|原油ETF,中证2000ETF|人工智能ETF|可转债ETF|新能源ETF|有色金属期货ETF|煤炭ETF|科创50ETF|能源化工期货ETF|豆粕ETF,中证2000ETF:no_observations|人工智能ETF:no_observations|可转债ETF:no_observations|新能源ETF:no_observations|有色金属期货ETF:insufficient_observations(30)|煤炭ETF:no_observations|科创50ETF:no_observations|能源化工期货ETF:insufficient_observations(13)|豆粕ETF:insufficient_observations(43)
2020-02-21,21,60,5年国债ETF|10年国债ETF|信用债ETF|日利ETF|沪深300ETF|中证500ETF|中证1000ETF|创业板ETF|红利ETF|半导体ETF|证券ETF|军工ETF|消费ETF|恒生ETF|白银LOF|纳指ETF|标普500ETF|日经225ETF|欧洲ETF|黄金ETF|原油ETF,中证2000ETF|人工智能ETF|可转债ETF|新能源ETF|有色金属期货ETF|煤炭ETF|科创50ETF|能源化工期货ETF|豆粕ETF,中证2000ETF:no_observations|人工智能ETF:no_observations|可转债ETF:no_observations|新能源ETF:no_observations|有色金属期货ETF:insufficient_observations(35)|煤炭ETF:no_observations|科创50ETF:no_observations|能源化工期货ETF:insufficient_observations(18)|豆粕ETF:insufficient_observations(48)
2020-02-28,21,60,5年国债ETF|10年国债ETF|信用债ETF|日利ETF|沪深300ETF|中证500ETF|中证1000ETF|创业板ETF|红利ETF|半导体ETF|证券ETF|军工ETF|消费ETF|恒生ETF|白银LOF|纳指ETF|标普500ETF|日经225ETF|欧洲ETF|黄金ETF|原油ETF,中证2000ETF|人工智能ETF|可转债ETF|新能源ETF|有色金属期货ETF|煤炭ETF|科创50ETF|能源化工期货ETF|豆粕ETF,中证2000ETF:no_observations|人工智能ETF:no_observations|可转债ETF:no_observations|新能源ETF:no_observations|有色金属期货ETF:insufficient_observations(40)|煤炭ETF:no_observations|科创50ETF:no_observations|能源化工期货ETF:insufficient_observations(23)|豆粕ETF:insufficient_observations(53)
2020-03-06,21,60,5年国债ETF|10年国债ETF|信用债ETF|日利ETF|沪深300ETF|中证500ETF|中证1000ETF|创业板ETF|红利ETF|半导体ETF|证券ETF|军工ETF|消费ETF|恒生ETF|白银LOF|纳指ETF|标普500ETF|日经225ETF|欧洲ETF|黄金ETF|原油ETF,中证2000ETF|人工智能ETF|可转债ETF|新能源ETF|有色金属期货ETF|煤炭ETF|科创50ETF|能源化工期货ETF|豆粕ETF,中证2000ETF:no_observations|人工智能ETF:no_observations|可转债ETF:no_observations|新能源ETF:no_observations|有色金属期货ETF:insufficient_observations(45)|煤炭ETF:insufficient_observations(3)|科创50ETF:no_observations|能源化工期货ETF:insufficient_observations(28)|豆粕ETF:insufficient_observations(58)
2020-03-13,22,60,5年国债ETF|10年国债ETF|信用债ETF|日利ETF|沪深300ETF|中证500ETF|中证1000ETF|创业板ETF|红利ETF|半导体ETF|证券ETF|军工ETF|消费ETF|恒生ETF|白银LOF|纳指ETF|标普500ETF|日经225ETF|欧洲ETF|黄金ETF|豆粕ETF|原油ETF,中证2000ETF|人工智能ETF|可转债ETF|新能源ETF|有色金属期货ETF|煤炭ETF|科创50ETF|能源化工期货ETF,中证2000ETF:no_observations|人工智能ETF:no_observations|可转债ETF:no_observations|新能源ETF:no_observations|有色金属期货ETF:insufficient_observations(50)|煤炭ETF:insufficient_observations(8)|科创50ETF:no_observations|能源化工期货ETF:insufficient_observations(33)
2020-03-20,22,60,5年国债ETF|10年国债ETF|信用债ETF|日利ETF|沪深300ETF|中证500ETF|中证1000ETF|创业板ETF|红利ETF|半导体ETF|证券ETF|军工ETF|消费ETF|恒生ETF|白银LOF|纳指ETF|标普500ETF|日经225ETF|欧洲ETF|黄金ETF|豆粕ETF|原油ETF,中证2000ETF|人工智能ETF|可转债ETF|新能源ETF|有色金属期货ETF|煤炭ETF|科创50ETF|能源化工期货ETF,中证2000ETF:no_observations|人工智能ETF:no_observations|可转债ETF:no_observations|新能源ETF:no_observations|有色金属期货ETF:insufficient_observations(55)|煤炭ETF:insufficient_observations(13)|科创50ETF:no_observations|能源化工期货ETF:insufficient_observations(38)
2020-03-27,23,60,5年国债ETF|10年国债ETF|信用债ETF|日利ETF|沪深300ETF|中证500ETF|中证1000ETF|创业板ETF|红利ETF|半导体ETF|证券ETF|军工ETF|消费ETF|恒生ETF|白银LOF|纳指ETF|标普500ETF|日经225ETF|欧洲ETF|黄金ETF|有色金属期货ETF|豆粕ETF|原油ETF,中证2000ETF|人工智能ETF|可转债ETF|新能源ETF|煤炭ETF|科创50ETF|能源化工期货ETF,中证2000ETF:no_observations|人工智能ETF:no_observations|可转债ETF:no_observations|新能源ETF:no_observations|煤炭ETF:insufficient_observations(18)|科创50ETF:no_observations|能源化工期货ETF:insufficient_observations(43)
2020-04-03,23,60,5年国债ETF|10年国债ETF|信用债ETF|日利ETF|沪深300ETF|中证500ETF|中证1000ETF|创业板ETF|红利ETF|半导体ETF|证券ETF|军工ETF|消费ETF|恒生ETF|白银LOF|纳指ETF|标普500ETF|日经225ETF|欧洲ETF|黄金ETF|有色金属期货ETF|豆粕ETF|原油ETF,中证2000ETF|人工智能ETF|可转债ETF|新能源ETF|煤炭ETF|科创50ETF|能源化工期货ETF,中证2000ETF:no_observations|人工智能ETF:no_observations|可转债ETF:no_observations|新能源ETF:no_observations|煤炭ETF:insufficient_observations(23)|科创50ETF:no_observations|能源化工期货ETF:insufficient_observations(48)
2020-04-10,23,60,5年国债ETF|10年国债ETF|信用债ETF|日利ETF|沪深300ETF|中证500ETF|中证1000ETF|创业板ETF|红利ETF|半导体ETF|证券ETF|军工ETF|消费ETF|恒生ETF|白银LOF|纳指ETF|标普500ETF|日经225ETF|欧洲ETF|黄金ETF|有色金属期货ETF|豆粕ETF|原油ETF,中证2000ETF|人工智能ETF|可转债ETF|新能源ETF|煤炭ETF|科创50ETF|能源化工期货ETF,中证2000ETF:no_observations|人工智能ETF:no_observations|可转债ETF:insufficient_observations(2)|新能源ETF:no_observations|煤炭ETF:insufficient_observations(27)|科创50ETF:no_observations|能源化工期货ETF:insufficient_observations(52)
2020-04-17,23,60,5年国债ETF|10年国债ETF|信用债ETF|日利ETF|沪深300ETF|中证500ETF|中证1000ETF|创业板ETF|红利ETF|半导体ETF|证券ETF|军工ETF|消费ETF|恒生ETF|白银LOF|纳指ETF|标普500ETF|日经225ETF|欧洲ETF|黄金ETF|有色金属期货ETF|豆粕ETF|原油ETF,中证2000ETF|人工智能ETF|可转债ETF|新能源ETF|煤炭ETF|科创50ETF|能源化工期货ETF,中证2000ETF:no_observations|人工智能ETF:no_observations|可转债ETF:insufficient_observations(7)|新能源ETF:no_observations|煤炭ETF:insufficient_observations(32)|科创50ETF:no_observations|能源化工期货ETF:insufficient_observations(57)
2020-04-24,24,60,5年国债ETF|10年国债ETF|信用债ETF|日利ETF|沪深300ETF|中证500ETF|中证1000ETF|创业板ETF|红利ETF|半导体ETF|证券ETF|军工ETF|消费ETF|恒生ETF|白银LOF|纳指ETF|标普500ETF|日经225ETF|欧洲ETF|黄金ETF|有色金属期货ETF|能源化工期货ETF|豆粕ETF|原油ETF,中证2000ETF|人工智能ETF|可转债ETF|新能源ETF|煤炭ETF|科创50ETF,中证2000ETF:no_observations|人工智能ETF:no_observations|可转债ETF:insufficient_observations(12)|新能源ETF:no_observations|煤炭ETF:insufficient_observations(37)|科创50ETF:no_observations
2020-04-30,24,60,5年国债ETF|10年国债ETF|信用债ETF|日利ETF|沪深300ETF|中证500ETF|中证1000ETF|创业板ETF|红利ETF|半导体ETF|证券ETF|军工ETF|消费ETF|恒生ETF|白银LOF|纳指ETF|标普500ETF|日经225ETF|欧洲ETF|黄金ETF|有色金属期货ETF|能源化工期货ETF|豆粕ETF|原油ETF,中证2000ETF|人工智能ETF|可转债ETF|新能源ETF|煤炭ETF|科创50ETF,中证2000ETF:no_observations|人工智能ETF:no_observations|可转债ETF:insufficient_observations(16)|新能源ETF:no_observations|煤炭ETF:insufficient_observations(41)|科创50ETF:no_observations
2020-05-08,24,60,5年国债ETF|10年国债ETF|信用债ETF|日利ETF|沪深300ETF|中证500ETF|中证1000ETF|创业板ETF|红利ETF|半导体ETF|证券ETF|军工ETF|消费ETF|恒生ETF|白银LOF|纳指ETF|标普500ETF|日经225ETF|欧洲ETF|黄金ETF|有色金属期货ETF|能源化工期货ETF|豆粕ETF|原油ETF,中证2000ETF|人工智能ETF|可转债ETF|新能源ETF|煤炭ETF|科创50ETF,中证2000ETF:no_observations|人工智能ETF:no_observations|可转债ETF:insufficient_observations(19)|新能源ETF:no_observations|煤炭ETF:insufficient_observations(44)|科创50ETF:no_observations
2020-05-15,24,60,5年国债ETF|10年国债ETF|信用债ETF|日利ETF|沪深300ETF|中证500ETF|中证1000ETF|创业板ETF|红利ETF|半导体ETF|证券ETF|军工ETF|消费ETF|恒生ETF|白银LOF|纳指ETF|标普500ETF|日经225ETF|欧洲ETF|黄金ETF|有色金属期货ETF|能源化工期货ETF|豆粕ETF|原油ETF,中证2000ETF|人工智能ETF|可转债ETF|新能源ETF|煤炭ETF|科创50ETF,中证2000ETF:no_observations|人工智能ETF:no_observations|可转债ETF:insufficient_observations(24)|新能源ETF:no_observations|煤炭ETF:insufficient_observations(49)|科创50ETF:no_observations
2020-05-22,24,60,5年国债ETF|10年国债ETF|信用债ETF|日利ETF|沪深300ETF|中证500ETF|中证1000ETF|创业板ETF|红利ETF|半导体ETF|证券ETF|军工ETF|消费ETF|恒生ETF|白银LOF|纳指ETF|标普500ETF|日经225ETF|欧洲ETF|黄金ETF|有色金属期货ETF|能源化工期货ETF|豆粕ETF|原油ETF,中证2000ETF|人工智能ETF|可转债ETF|新能源ETF|煤炭ETF|科创50ETF,中证2000ETF:no_observations|人工智能ETF:no_observations|可转债ETF:insufficient_observations(29)|新能源ETF:no_observations|煤炭ETF:insufficient_observations(54)|科创50ETF:no_observations
2020-05-29,24,60,5年国债ETF|10年国债ETF|信用债ETF|日利ETF|沪深300ETF|中证500ETF|中证1000ETF|创业板ETF|红利ETF|半导体ETF|证券ETF|军工ETF|消费ETF|恒生ETF|白银LOF|纳指ETF|标普500ETF|日经225ETF|欧洲ETF|黄金ETF|有色金属期货ETF|能源化工期货ETF|豆粕ETF|原油ETF,中证2000ETF|人工智能ETF|可转债ETF|新能源ETF|煤炭ETF|科创50ETF,中证2000ETF:no_observations|人工智能ETF:no_observations|可转债ETF:insufficient_observations(34)|新能源ETF:no_observations|煤炭ETF:insufficient_observations(59)|科创50ETF:no_observations
2020-06-05,25,60,5年国债ETF|10年国债ETF|信用债ETF|日利ETF|沪深300ETF|中证500ETF|中证1000ETF|创业板ETF|红利ETF|半导体ETF|证券ETF|军工ETF|消费ETF|恒生ETF|白银LOF|纳指ETF|标普500ETF|日经225ETF|欧洲ETF|黄金ETF|有色金属期货ETF|能源化工期货ETF|豆粕ETF|煤炭ETF|原油ETF,中证2000ETF|人工智能ETF|可转债ETF|新能源ETF|科创50ETF,中证2000ETF:no_observations|人工智能ETF:no_observations|可转债ETF:insufficient_observations(39)|新能源ETF:no_observations|科创50ETF:no_observations
2020-06-12,25,60,5年国债ETF|10年国债ETF|信用债ETF|日利ETF|沪深300ETF|中证500ETF|中证1000ETF|创业板ETF|红利ETF|半导体ETF|证券ETF|军工ETF|消费ETF|恒生ETF|白银LOF|纳指ETF|标普500ETF|日经225ETF|欧洲ETF|黄金ETF|有色金属期货ETF|能源化工期货ETF|豆粕ETF|煤炭ETF|原油ETF,中证2000ETF|人工智能ETF|可转债ETF|新能源ETF|科创50ETF,中证2000ETF:no_observations|人工智能ETF:no_observations|可转债ETF:insufficient_observations(44)|新能源ETF:no_observations|科创50ETF:no_observations
2020-06-19,25,60,5年国债ETF|10年国债ETF|信用债ETF|日利ETF|沪深300ETF|中证500ETF|中证1000ETF|创业板ETF|红利ETF|半导体ETF|证券ETF|军工ETF|消费ETF|恒生ETF|白银LOF|纳指ETF|标普500ETF|日经225ETF|欧洲ETF|黄金ETF|有色金属期货ETF|能源化工期货ETF|豆粕ETF|煤炭ETF|原油ETF,中证2000ETF|人工智能ETF|可转债ETF|新能源ETF|科创50ETF,中证2000ETF:no_observations|人工智能ETF:no_observations|可转债ETF:insufficient_observations(49)|新能源ETF:no_observations|科创50ETF:no_observations
2020-06-24,25,60,5年国债ETF|10年国债ETF|信用债ETF|日利ETF|沪深300ETF|中证500ETF|中证1000ETF|创业板ETF|红利ETF|半导体ETF|证券ETF|军工ETF|消费ETF|恒生ETF|白银LOF|纳指ETF|标普500ETF|日经225ETF|欧洲ETF|黄金ETF|有色金属期货ETF|能源化工期货ETF|豆粕ETF|煤炭ETF|原油ETF,中证2000ETF|人工智能ETF|可转债ETF|新能源ETF|科创50ETF,中证2000ETF:no_observations|人工智能ETF:no_observations|可转债ETF:insufficient_observations(52)|新能源ETF:no_observations|科创50ETF:no_observations
2020-07-03,25,60,5年国债ETF|10年国债ETF|信用债ETF|日利ETF|沪深300ETF|中证500ETF|中证1000ETF|创业板ETF|红利ETF|半导体ETF|证券ETF|军工ETF|消费ETF|恒生ETF|白银LOF|纳指ETF|标普500ETF|日经225ETF|欧洲ETF|黄金ETF|有色金属期货ETF|能源化工期货ETF|豆粕ETF|煤炭ETF|原油ETF,中证2000ETF|人工智能ETF|可转债ETF|新能源ETF|科创50ETF,中证2000ETF:no_observations|人工智能ETF:no_observations|可转债ETF:insufficient_observations(57)|新能源ETF:no_observations|科创50ETF:no_observations
2020-07-10,26,60,可转债ETF|5年国债ETF|10年国债ETF|信用债ETF|日利ETF|沪深300ETF|中证500ETF|中证1000ETF|创业板ETF|红利ETF|半导体ETF|证券ETF|军工ETF|消费ETF|恒生ETF|白银LOF|纳指ETF|标普500ETF|日经225ETF|欧洲ETF|黄金ETF|有色金属期货ETF|能源化工期货ETF|豆粕ETF|煤炭ETF|原油ETF,中证2000ETF|人工智能ETF|新能源ETF|科创50ETF,中证2000ETF:no_observations|人工智能ETF:no_observations|新能源ETF:no_observations|科创50ETF:no_observations
2020-07-17,26,60,可转债ETF|5年国债ETF|10年国债ETF|信用债ETF|日利ETF|沪深300ETF|中证500ETF|中证1000ETF|创业板ETF|红利ETF|半导体ETF|证券ETF|军工ETF|消费ETF|恒生ETF|白银LOF|纳指ETF|标普500ETF|日经225ETF|欧洲ETF|黄金ETF|有色金属期货ETF|能源化工期货ETF|豆粕ETF|煤炭ETF|原油ETF,中证2000ETF|人工智能ETF|新能源ETF|科创50ETF,中证2000ETF:no_observations|人工智能ETF:no_observations|新能源ETF:no_observations|科创50ETF:no_observations
2020-07-24,26,60,可转债ETF|5年国债ETF|10年国债ETF|信用债ETF|日利ETF|沪深300ETF|中证500ETF|中证1000ETF|创业板ETF|红利ETF|半导体ETF|证券ETF|军工ETF|消费ETF|恒生ETF|白银LOF|纳指ETF|标普500ETF|日经225ETF|欧洲ETF|黄金ETF|有色金属期货ETF|能源化工期货ETF|豆粕ETF|煤炭ETF|原油ETF,中证2000ETF|人工智能ETF|新能源ETF|科创50ETF,中证2000ETF:no_observations|人工智能ETF:no_observations|新能源ETF:no_observations|科创50ETF:no_observations
2020-07-31,26,60,可转债ETF|5年国债ETF|10年国债ETF|信用债ETF|日利ETF|沪深300ETF|中证500ETF|中证1000ETF|创业板ETF|红利ETF|半导体ETF|证券ETF|军工ETF|消费ETF|恒生ETF|白银LOF|纳指ETF|标普500ETF|日经225ETF|欧洲ETF|黄金ETF|有色金属期货ETF|能源化工期货ETF|豆粕ETF|煤炭ETF|原油ETF,中证2000ETF|人工智能ETF|新能源ETF|科创50ETF,中证2000ETF:no_observations|人工智能ETF:no_observations|新能源ETF:no_observations|科创50ETF:no_observations
2020-08-07,26,60,可转债ETF|5年国债ETF|10年国债ETF|信用债ETF|日利ETF|沪深300ETF|中证500ETF|中证1000ETF|创业板ETF|红利ETF|半导体ETF|证券ETF|军工ETF|消费ETF|恒生ETF|白银LOF|纳指ETF|标普500ETF|日经225ETF|欧洲ETF|黄金ETF|有色金属期货ETF|能源化工期货ETF|豆粕ETF|煤炭ETF|原油ETF,中证2000ETF|人工智能ETF|新能源ETF|科创50ETF,中证2000ETF:no_observations|人工智能ETF:no_observations|新能源ETF:no_observations|科创50ETF:no_observations
2020-08-14,26,60,可转债ETF|5年国债ETF|10年国债ETF|信用债ETF|日利ETF|沪深300ETF|中证500ETF|中证1000ETF|创业板ETF|红利ETF|半导体ETF|证券ETF|军工ETF|消费ETF|恒生ETF|白银LOF|纳指ETF|标普500ETF|日经225ETF|欧洲ETF|黄金ETF|有色金属期货ETF|能源化工期货ETF|豆粕ETF|煤炭ETF|原油ETF,中证2000ETF|人工智能ETF|新能源ETF|科创50ETF,中证2000ETF:no_observations|人工智能ETF:no_observations|新能源ETF:no_observations|科创50ETF:no_observations
2020-08-21,26,60,可转债ETF|5年国债ETF|10年国债ETF|信用债ETF|日利ETF|沪深300ETF|中证500ETF|中证1000ETF|创业板ETF|红利ETF|半导体ETF|证券ETF|军工ETF|消费ETF|恒生ETF|白银LOF|纳指ETF|标普500ETF|日经225ETF|欧洲ETF|黄金ETF|有色金属期货ETF|能源化工期货ETF|豆粕ETF|煤炭ETF|原油ETF,中证2000ETF|人工智能ETF|新能源ETF|科创50ETF,中证2000ETF:no_observations|人工智能ETF:no_observations|新能源ETF:no_observations|科创50ETF:no_observations
2020-08-28,26,60,可转债ETF|5年国债ETF|10年国债ETF|信用债ETF|日利ETF|沪深300ETF|中证500ETF|中证1000ETF|创业板ETF|红利ETF|半导体ETF|证券ETF|军工ETF|消费ETF|恒生ETF|白银LOF|纳指ETF|标普500ETF|日经225ETF|欧洲ETF|黄金ETF|有色金属期货ETF|能源化工期货ETF|豆粕ETF|煤炭ETF|原油ETF,中证2000ETF|人工智能ETF|新能源ETF|科创50ETF,中证2000ETF:no_observations|人工智能ETF:no_observations|新能源ETF:no_observations|科创50ETF:no_observations
2020-09-04,26,60,可转债ETF|5年国债ETF|10年国债ETF|信用债ETF|日利ETF|沪深300ETF|中证500ETF|中证1000ETF|创业板ETF|红利ETF|半导体ETF|证券ETF|军工ETF|消费ETF|恒生ETF|白银LOF|纳指ETF|标普500ETF|日经225ETF|欧洲ETF|黄金ETF|有色金属期货ETF|能源化工期货ETF|豆粕ETF|煤炭ETF|原油ETF,中证2000ETF|人工智能ETF|新能源ETF|科创50ETF,中证2000ETF:no_observations|人工智能ETF:no_observations|新能源ETF:no_observations|科创50ETF:no_observations
2020-09-11,26,60,可转债ETF|5年国债ETF|10年国债ETF|信用债ETF|日利ETF|沪深300ETF|中证500ETF|中证1000ETF|创业板ETF|红利ETF|半导体ETF|证券ETF|军工ETF|消费ETF|恒生ETF|白银LOF|纳指ETF|标普500ETF|日经225ETF|欧洲ETF|黄金ETF|有色金属期货ETF|能源化工期货ETF|豆粕ETF|煤炭ETF|原油ETF,中证2000ETF|人工智能ETF|新能源ETF|科创50ETF,中证2000ETF:no_observations|人工智能ETF:no_observations|新能源ETF:no_observations|科创50ETF:no_observations
2020-09-18,26,60,可转债ETF|5年国债ETF|10年国债ETF|信用债ETF|日利ETF|沪深300ETF|中证500ETF|中证1000ETF|创业板ETF|红利ETF|半导体ETF|证券ETF|军工ETF|消费ETF|恒生ETF|白银LOF|纳指ETF|标普500ETF|日经225ETF|欧洲ETF|黄金ETF|有色金属期货ETF|能源化工期货ETF|豆粕ETF|煤炭ETF|原油ETF,中证2000ETF|人工智能ETF|新能源ETF|科创50ETF,中证2000ETF:no_observations|人工智能ETF:no_observations|新能源ETF:no_observations|科创50ETF:no_observations
2020-09-25,26,60,可转债ETF|5年国债ETF|10年国债ETF|信用债ETF|日利ETF|沪深300ETF|中证500ETF|中证1000ETF|创业板ETF|红利ETF|半导体ETF|证券ETF|军工ETF|消费ETF|恒生ETF|白银LOF|纳指ETF|标普500ETF|日经225ETF|欧洲ETF|黄金ETF|有色金属期货ETF|能源化工期货ETF|豆粕ETF|煤炭ETF|原油ETF,中证2000ETF|人工智能ETF|新能源ETF|科创50ETF,中证2000ETF:no_observations|人工智能ETF:zero_variance|新能源ETF:no_observations|科创50ETF:no_observations
2020-09-30,26,60,可转债ETF|5年国债ETF|10年国债ETF|信用债ETF|日利ETF|沪深300ETF|中证500ETF|中证1000ETF|创业板ETF|红利ETF|半导体ETF|证券ETF|军工ETF|消费ETF|恒生ETF|白银LOF|纳指ETF|标普500ETF|日经225ETF|欧洲ETF|黄金ETF|有色金属期货ETF|能源化工期货ETF|豆粕ETF|煤炭ETF|原油ETF,中证2000ETF|人工智能ETF|新能源ETF|科创50ETF,中证2000ETF:no_observations|人工智能ETF:insufficient_observations(4)|新能源ETF:no_observations|科创50ETF:no_observations
2020-10-09,26,60,可转债ETF|5年国债ETF|10年国债ETF|信用债ETF|日利ETF|沪深300ETF|中证500ETF|中证1000ETF|创业板ETF|红利ETF|半导体ETF|证券ETF|军工ETF|消费ETF|恒生ETF|白银LOF|纳指ETF|标普500ETF|日经225ETF|欧洲ETF|黄金ETF|有色金属期货ETF|能源化工期货ETF|豆粕ETF|煤炭ETF|原油ETF,中证2000ETF|人工智能ETF|新能源ETF|科创50ETF,中证2000ETF:no_observations|人工智能ETF:insufficient_observations(5)|新能源ETF:no_observations|科创50ETF:no_observations
2020-10-16,26,60,可转债ETF|5年国债ETF|10年国债ETF|信用债ETF|日利ETF|沪深300ETF|中证500ETF|中证1000ETF|创业板ETF|红利ETF|半导体ETF|证券ETF|军工ETF|消费ETF|恒生ETF|白银LOF|纳指ETF|标普500ETF|日经225ETF|欧洲ETF|黄金ETF|有色金属期货ETF|能源化工期货ETF|豆粕ETF|煤炭ETF|原油ETF,中证2000ETF|人工智能ETF|新能源ETF|科创50ETF,中证2000ETF:no_observations|人工智能ETF:insufficient_observations(10)|新能源ETF:no_observations|科创50ETF:no_observations
2020-10-23,26,60,可转债ETF|5年国债ETF|10年国债ETF|信用债ETF|日利ETF|沪深300ETF|中证500ETF|中证1000ETF|创业板ETF|红利ETF|半导体ETF|证券ETF|军工ETF|消费ETF|恒生ETF|白银LOF|纳指ETF|标普500ETF|日经225ETF|欧洲ETF|黄金ETF|有色金属期货ETF|能源化工期货ETF|豆粕ETF|煤炭ETF|原油ETF,中证2000ETF|人工智能ETF|新能源ETF|科创50ETF,中证2000ETF:no_observations|人工智能ETF:insufficient_observations(15)|新能源ETF:no_observations|科创50ETF:no_observations
2020-10-30,26,60,可转债ETF|5年国债ETF|10年国债ETF|信用债ETF|日利ETF|沪深300ETF|中证500ETF|中证1000ETF|创业板ETF|红利ETF|半导体ETF|证券ETF|军工ETF|消费ETF|恒生ETF|白银LOF|纳指ETF|标普500ETF|日经225ETF|欧洲ETF|黄金ETF|有色金属期货ETF|能源化工期货ETF|豆粕ETF|煤炭ETF|原油ETF,中证2000ETF|人工智能ETF|新能源ETF|科创50ETF,中证2000ETF:no_observations|人工智能ETF:insufficient_observations(20)|新能源ETF:no_observations|科创50ETF:no_observations
2020-11-06,26,60,可转债ETF|5年国债ETF|10年国债ETF|信用债ETF|日利ETF|沪深300ETF|中证500ETF|中证1000ETF|创业板ETF|红利ETF|半导体ETF|证券ETF|军工ETF|消费ETF|恒生ETF|白银LOF|纳指ETF|标普500ETF|日经225ETF|欧洲ETF|黄金ETF|有色金属期货ETF|能源化工期货ETF|豆粕ETF|煤炭ETF|原油ETF,中证2000ETF|人工智能ETF|新能源ETF|科创50ETF,中证2000ETF:no_observations|人工智能ETF:insufficient_observations(25)|新能源ETF:no_observations|科创50ETF:no_observations
2020-11-13,26,60,可转债ETF|5年国债ETF|10年国债ETF|信用债ETF|日利ETF|沪深300ETF|中证500ETF|中证1000ETF|创业板ETF|红利ETF|半导体ETF|证券ETF|军工ETF|消费ETF|恒生ETF|白银LOF|纳指ETF|标普500ETF|日经225ETF|欧洲ETF|黄金ETF|有色金属期货ETF|能源化工期货ETF|豆粕ETF|煤炭ETF|原油ETF,中证2000ETF|人工智能ETF|新能源ETF|科创50ETF,中证2000ETF:no_observations|人工智能ETF:insufficient_observations(30)|新能源ETF:no_observations|科创50ETF:no_observations
2020-11-20,26,60,可转债ETF|5年国债ETF|10年国债ETF|信用债ETF|日利ETF|沪深300ETF|中证500ETF|中证1000ETF|创业板ETF|红利ETF|半导体ETF|证券ETF|军工ETF|消费ETF|恒生ETF|白银LOF|纳指ETF|标普500ETF|日经225ETF|欧洲ETF|黄金ETF|有色金属期货ETF|能源化工期货ETF|豆粕ETF|煤炭ETF|原油ETF,中证2000ETF|人工智能ETF|新能源ETF|科创50ETF,中证2000ETF:no_observations|人工智能ETF:insufficient_observations(35)|新能源ETF:no_observations|科创50ETF:insufficient_observations(3)
2020-11-27,26,60,可转债ETF|5年国债ETF|10年国债ETF|信用债ETF|日利ETF|沪深300ETF|中证500ETF|中证1000ETF|创业板ETF|红利ETF|半导体ETF|证券ETF|军工ETF|消费ETF|恒生ETF|白银LOF|纳指ETF|标普500ETF|日经225ETF|欧洲ETF|黄金ETF|有色金属期货ETF|能源化工期货ETF|豆粕ETF|煤炭ETF|原油ETF,中证2000ETF|人工智能ETF|新能源ETF|科创50ETF,中证2000ETF:no_observations|人工智能ETF:insufficient_observations(40)|新能源ETF:no_observations|科创50ETF:insufficient_observations(8)
2020-12-04,26,60,可转债ETF|5年国债ETF|10年国债ETF|信用债ETF|日利ETF|沪深300ETF|中证500ETF|中证1000ETF|创业板ETF|红利ETF|半导体ETF|证券ETF|军工ETF|消费ETF|恒生ETF|白银LOF|纳指ETF|标普500ETF|日经225ETF|欧洲ETF|黄金ETF|有色金属期货ETF|能源化工期货ETF|豆粕ETF|煤炭ETF|原油ETF,中证2000ETF|人工智能ETF|新能源ETF|科创50ETF,中证2000ETF:no_observations|人工智能ETF:insufficient_observations(45)|新能源ETF:no_observations|科创50ETF:insufficient_observations(13)
2020-12-11,26,60,可转债ETF|5年国债ETF|10年国债ETF|信用债ETF|日利ETF|沪深300ETF|中证500ETF|中证1000ETF|创业板ETF|红利ETF|半导体ETF|证券ETF|军工ETF|消费ETF|恒生ETF|白银LOF|纳指ETF|标普500ETF|日经225ETF|欧洲ETF|黄金ETF|有色金属期货ETF|能源化工期货ETF|豆粕ETF|煤炭ETF|原油ETF,中证2000ETF|人工智能ETF|新能源ETF|科创50ETF,中证2000ETF:no_observations|人工智能ETF:insufficient_observations(50)|新能源ETF:no_observations|科创50ETF:insufficient_observations(18)
2020-12-18,26,60,可转债ETF|5年国债ETF|10年国债ETF|信用债ETF|日利ETF|沪深300ETF|中证500ETF|中证1000ETF|创业板ETF|红利ETF|半导体ETF|证券ETF|军工ETF|消费ETF|恒生ETF|白银LOF|纳指ETF|标普500ETF|日经225ETF|欧洲ETF|黄金ETF|有色金属期货ETF|能源化工期货ETF|豆粕ETF|煤炭ETF|原油ETF,中证2000ETF|人工智能ETF|新能源ETF|科创50ETF,中证2000ETF:no_observations|人工智能ETF:insufficient_observations(55)|新能源ETF:no_observations|科创50ETF:insufficient_observations(23)
2020-12-25,27,60,可转债ETF|5年国债ETF|10年国债ETF|信用债ETF|日利ETF|沪深300ETF|中证500ETF|中证1000ETF|创业板ETF|红利ETF|半导体ETF|人工智能ETF|证券ETF|军工ETF|消费ETF|恒生ETF|白银LOF|纳指ETF|标普500ETF|日经225ETF|欧洲ETF|黄金ETF|有色金属期货ETF|能源化工期货ETF|豆粕ETF|煤炭ETF|原油ETF,中证2000ETF|新能源ETF|科创50ETF,中证2000ETF:no_observations|新能源ETF:no_observations|科创50ETF:insufficient_observations(28)
2020-12-31,27,60,可转债ETF|5年国债ETF|10年国债ETF|信用债ETF|日利ETF|沪深300ETF|中证500ETF|中证1000ETF|创业板ETF|红利ETF|半导体ETF|人工智能ETF|证券ETF|军工ETF|消费ETF|恒生ETF|白银LOF|纳指ETF|标普500ETF|日经225ETF|欧洲ETF|黄金ETF|有色金属期货ETF|能源化工期货ETF|豆粕ETF|煤炭ETF|原油ETF,中证2000ETF|新能源ETF|科创50ETF,中证2000ETF:no_observations|新能源ETF:no_observations|科创50ETF:insufficient_observations(32)
2021-01-08,27,60,可转债ETF|5年国债ETF|10年国债ETF|信用债ETF|日利ETF|沪深300ETF|中证500ETF|中证1000ETF|创业板ETF|红利ETF|半导体ETF|人工智能ETF|证券ETF|军工ETF|消费ETF|恒生ETF|白银LOF|纳指ETF|标普500ETF|日经225ETF|欧洲ETF|黄金ETF|有色金属期货ETF|能源化工期货ETF|豆粕ETF|煤炭ETF|原油ETF,中证2000ETF|新能源ETF|科创50ETF,中证2000ETF:no_observations|新能源ETF:no_observations|科创50ETF:insufficient_observations(37)
2021-01-15,27,60,可转债ETF|5年国债ETF|10年国债ETF|信用债ETF|日利ETF|沪深300ETF|中证500ETF|中证1000ETF|创业板ETF|红利ETF|半导体ETF|人工智能ETF|证券ETF|军工ETF|消费ETF|恒生ETF|白银LOF|纳指ETF|标普500ETF|日经225ETF|欧洲ETF|黄金ETF|有色金属期货ETF|能源化工期货ETF|豆粕ETF|煤炭ETF|原油ETF,中证2000ETF|新能源ETF|科创50ETF,中证2000ETF:no_observations|新能源ETF:no_observations|科创50ETF:insufficient_observations(42)
2021-01-22,27,60,可转债ETF|5年国债ETF|10年国债ETF|信用债ETF|日利ETF|沪深300ETF|中证500ETF|中证1000ETF|创业板ETF|红利ETF|半导体ETF|人工智能ETF|证券ETF|军工ETF|消费ETF|恒生ETF|白银LOF|纳指ETF|标普500ETF|日经225ETF|欧洲ETF|黄金ETF|有色金属期货ETF|能源化工期货ETF|豆粕ETF|煤炭ETF|原油ETF,中证2000ETF|新能源ETF|科创50ETF,中证2000ETF:no_observations|新能源ETF:no_observations|科创50ETF:insufficient_observations(47)
2021-01-29,27,60,可转债ETF|5年国债ETF|10年国债ETF|信用债ETF|日利ETF|沪深300ETF|中证500ETF|中证1000ETF|创业板ETF|红利ETF|半导体ETF|人工智能ETF|证券ETF|军工ETF|消费ETF|恒生ETF|白银LOF|纳指ETF|标普500ETF|日经225ETF|欧洲ETF|黄金ETF|有色金属期货ETF|能源化工期货ETF|豆粕ETF|煤炭ETF|原油ETF,中证2000ETF|新能源ETF|科创50ETF,中证2000ETF:no_observations|新能源ETF:no_observations|科创50ETF:insufficient_observations(52)
2021-02-05,27,60,可转债ETF|5年国债ETF|10年国债ETF|信用债ETF|日利ETF|沪深300ETF|中证500ETF|中证1000ETF|创业板ETF|红利ETF|半导体ETF|人工智能ETF|证券ETF|军工ETF|消费ETF|恒生ETF|白银LOF|纳指ETF|标普500ETF|日经225ETF|欧洲ETF|黄金ETF|有色金属期货ETF|能源化工期货ETF|豆粕ETF|煤炭ETF|原油ETF,中证2000ETF|新能源ETF|科创50ETF,中证2000ETF:no_observations|新能源ETF:no_observations|科创50ETF:insufficient_observations(57)
2021-02-10,28,60,可转债ETF|5年国债ETF|10年国债ETF|信用债ETF|日利ETF|沪深300ETF|中证500ETF|中证1000ETF|创业板ETF|红利ETF|半导体ETF|人工智能ETF|科创50ETF|证券ETF|军工ETF|消费ETF|恒生ETF|白银LOF|纳指ETF|标普500ETF|日经225ETF|欧洲ETF|黄金ETF|有色金属期货ETF|能源化工期货ETF|豆粕ETF|煤炭ETF|原油ETF,中证2000ETF|新能源ETF,中证2000ETF:no_observations|新能源ETF:insufficient_observations(3)
2021-02-19,28,60,可转债ETF|5年国债ETF|10年国债ETF|信用债ETF|日利ETF|沪深300ETF|中证500ETF|中证1000ETF|创业板ETF|红利ETF|半导体ETF|人工智能ETF|科创50ETF|证券ETF|军工ETF|消费ETF|恒生ETF|白银LOF|纳指ETF|标普500ETF|日经225ETF|欧洲ETF|黄金ETF|有色金属期货ETF|能源化工期货ETF|豆粕ETF|煤炭ETF|原油ETF,中证2000ETF|新能源ETF,中证2000ETF:no_observations|新能源ETF:insufficient_observations(5)
2021-02-26,28,60,可转债ETF|5年国债ETF|10年国债ETF|信用债ETF|日利ETF|沪深300ETF|中证500ETF|中证1000ETF|创业板ETF|红利ETF|半导体ETF|人工智能ETF|科创50ETF|证券ETF|军工ETF|消费ETF|恒生ETF|白银LOF|纳指ETF|标普500ETF|日经225ETF|欧洲ETF|黄金ETF|有色金属期货ETF|能源化工期货ETF|豆粕ETF|煤炭ETF|原油ETF,中证2000ETF|新能源ETF,中证2000ETF:no_observations|新能源ETF:insufficient_observations(10)
2021-03-05,28,60,可转债ETF|5年国债ETF|10年国债ETF|信用债ETF|日利ETF|沪深300ETF|中证500ETF|中证1000ETF|创业板ETF|红利ETF|半导体ETF|人工智能ETF|科创50ETF|证券ETF|军工ETF|消费ETF|恒生ETF|白银LOF|纳指ETF|标普500ETF|日经225ETF|欧洲ETF|黄金ETF|有色金属期货ETF|能源化工期货ETF|豆粕ETF|煤炭ETF|原油ETF,中证2000ETF|新能源ETF,中证2000ETF:no_observations|新能源ETF:insufficient_observations(15)
2021-03-12,28,60,可转债ETF|5年国债ETF|10年国债ETF|信用债ETF|日利ETF|沪深300ETF|中证500ETF|中证1000ETF|创业板ETF|红利ETF|半导体ETF|人工智能ETF|科创50ETF|证券ETF|军工ETF|消费ETF|恒生ETF|白银LOF|纳指ETF|标普500ETF|日经225ETF|欧洲ETF|黄金ETF|有色金属期货ETF|能源化工期货ETF|豆粕ETF|煤炭ETF|原油ETF,中证2000ETF|新能源ETF,中证2000ETF:no_observations|新能源ETF:insufficient_observations(20)
2021-03-19,28,60,可转债ETF|5年国债ETF|10年国债ETF|信用债ETF|日利ETF|沪深300ETF|中证500ETF|中证1000ETF|创业板ETF|红利ETF|半导体ETF|人工智能ETF|科创50ETF|证券ETF|军工ETF|消费ETF|恒生ETF|白银LOF|纳指ETF|标普500ETF|日经225ETF|欧洲ETF|黄金ETF|有色金属期货ETF|能源化工期货ETF|豆粕ETF|煤炭ETF|原油ETF,中证2000ETF|新能源ETF,中证2000ETF:no_observations|新能源ETF:insufficient_observations(25)
2021-03-26,28,60,可转债ETF|5年国债ETF|10年国债ETF|信用债ETF|日利ETF|沪深300ETF|中证500ETF|中证1000ETF|创业板ETF|红利ETF|半导体ETF|人工智能ETF|科创50ETF|证券ETF|军工ETF|消费ETF|恒生ETF|白银LOF|纳指ETF|标普500ETF|日经225ETF|欧洲ETF|黄金ETF|有色金属期货ETF|能源化工期货ETF|豆粕ETF|煤炭ETF|原油ETF,中证2000ETF|新能源ETF,中证2000ETF:no_observations|新能源ETF:insufficient_observations(30)
2021-04-02,28,60,可转债ETF|5年国债ETF|10年国债ETF|信用债ETF|日利ETF|沪深300ETF|中证500ETF|中证1000ETF|创业板ETF|红利ETF|半导体ETF|人工智能ETF|科创50ETF|证券ETF|军工ETF|消费ETF|恒生ETF|白银LOF|纳指ETF|标普500ETF|日经225ETF|欧洲ETF|黄金ETF|有色金属期货ETF|能源化工期货ETF|豆粕ETF|煤炭ETF|原油ETF,中证2000ETF|新能源ETF,中证2000ETF:no_observations|新能源ETF:insufficient_observations(35)
2021-04-09,28,60,可转债ETF|5年国债ETF|10年国债ETF|信用债ETF|日利ETF|沪深300ETF|中证500ETF|中证1000ETF|创业板ETF|红利ETF|半导体ETF|人工智能ETF|科创50ETF|证券ETF|军工ETF|消费ETF|恒生ETF|白银LOF|纳指ETF|标普500ETF|日经225ETF|欧洲ETF|黄金ETF|有色金属期货ETF|能源化工期货ETF|豆粕ETF|煤炭ETF|原油ETF,中证2000ETF|新能源ETF,中证2000ETF:no_observations|新能源ETF:insufficient_observations(39)
2021-04-16,28,60,可转债ETF|5年国债ETF|10年国债ETF|信用债ETF|日利ETF|沪深300ETF|中证500ETF|中证1000ETF|创业板ETF|红利ETF|半导体ETF|人工智能ETF|科创50ETF|证券ETF|军工ETF|消费ETF|恒生ETF|白银LOF|纳指ETF|标普500ETF|日经225ETF|欧洲ETF|黄金ETF|有色金属期货ETF|能源化工期货ETF|豆粕ETF|煤炭ETF|原油ETF,中证2000ETF|新能源ETF,中证2000ETF:no_observations|新能源ETF:insufficient_observations(44)
2021-04-23,28,60,可转债ETF|5年国债ETF|10年国债ETF|信用债ETF|日利ETF|沪深300ETF|中证500ETF|中证1000ETF|创业板ETF|红利ETF|半导体ETF|人工智能ETF|科创50ETF|证券ETF|军工ETF|消费ETF|恒生ETF|白银LOF|纳指ETF|标普500ETF|日经225ETF|欧洲ETF|黄金ETF|有色金属期货ETF|能源化工期货ETF|豆粕ETF|煤炭ETF|原油ETF,中证2000ETF|新能源ETF,中证2000ETF:no_observations|新能源ETF:insufficient_observations(49)
2021-04-30,28,60,可转债ETF|5年国债ETF|10年国债ETF|信用债ETF|日利ETF|沪深300ETF|中证500ETF|中证1000ETF|创业板ETF|红利ETF|半导体ETF|人工智能ETF|科创50ETF|证券ETF|军工ETF|消费ETF|恒生ETF|白银LOF|纳指ETF|标普500ETF|日经225ETF|欧洲ETF|黄金ETF|有色金属期货ETF|能源化工期货ETF|豆粕ETF|煤炭ETF|原油ETF,中证2000ETF|新能源ETF,中证2000ETF:no_observations|新能源ETF:insufficient_observations(54)
2021-05-07,28,60,可转债ETF|5年国债ETF|10年国债ETF|信用债ETF|日利ETF|沪深300ETF|中证500ETF|中证1000ETF|创业板ETF|红利ETF|半导体ETF|人工智能ETF|科创50ETF|证券ETF|军工ETF|消费ETF|恒生ETF|白银LOF|纳指ETF|标普500ETF|日经225ETF|欧洲ETF|黄金ETF|有色金属期货ETF|能源化工期货ETF|豆粕ETF|煤炭ETF|原油ETF,中证2000ETF|新能源ETF,中证2000ETF:no_observations|新能源ETF:insufficient_observations(56)
2021-05-14,29,60,可转债ETF|5年国债ETF|10年国债ETF|信用债ETF|日利ETF|沪深300ETF|中证500ETF|中证1000ETF|创业板ETF|红利ETF|半导体ETF|人工智能ETF|新能源ETF|科创50ETF|证券ETF|军工ETF|消费ETF|恒生ETF|白银LOF|纳指ETF|标普500ETF|日经225ETF|欧洲ETF|黄金ETF|有色金属期货ETF|能源化工期货ETF|豆粕ETF|煤炭ETF|原油ETF,中证2000ETF,中证2000ETF:no_observations
2021-05-21,29,60,可转债ETF|5年国债ETF|10年国债ETF|信用债ETF|日利ETF|沪深300ETF|中证500ETF|中证1000ETF|创业板ETF|红利ETF|半导体ETF|人工智能ETF|新能源ETF|科创50ETF|证券ETF|军工ETF|消费ETF|恒生ETF|白银LOF|纳指ETF|标普500ETF|日经225ETF|欧洲ETF|黄金ETF|有色金属期货ETF|能源化工期货ETF|豆粕ETF|煤炭ETF|原油ETF,中证2000ETF,中证2000ETF:no_observations
2021-05-28,29,60,可转债ETF|5年国债ETF|10年国债ETF|信用债ETF|日利ETF|沪深300ETF|中证500ETF|中证1000ETF|创业板ETF|红利ETF|半导体ETF|人工智能ETF|新能源ETF|科创50ETF|证券ETF|军工ETF|消费ETF|恒生ETF|白银LOF|纳指ETF|标普500ETF|日经225ETF|欧洲ETF|黄金ETF|有色金属期货ETF|能源化工期货ETF|豆粕ETF|煤炭ETF|原油ETF,中证2000ETF,中证2000ETF:no_observations
2021-06-04,29,60,可转债ETF|5年国债ETF|10年国债ETF|信用债ETF|日利ETF|沪深300ETF|中证500ETF|中证1000ETF|创业板ETF|红利ETF|半导体ETF|人工智能ETF|新能源ETF|科创50ETF|证券ETF|军工ETF|消费ETF|恒生ETF|白银LOF|纳指ETF|标普500ETF|日经225ETF|欧洲ETF|黄金ETF|有色金属期货ETF|能源化工期货ETF|豆粕ETF|煤炭ETF|原油ETF,中证2000ETF,中证2000ETF:no_observations
2021-06-11,29,60,可转债ETF|5年国债ETF|10年国债ETF|信用债ETF|日利ETF|沪深300ETF|中证500ETF|中证1000ETF|创业板ETF|红利ETF|半导体ETF|人工智能ETF|新能源ETF|科创50ETF|证券ETF|军工ETF|消费ETF|恒生ETF|白银LOF|纳指ETF|标普500ETF|日经225ETF|欧洲ETF|黄金ETF|有色金属期货ETF|能源化工期货ETF|豆粕ETF|煤炭ETF|原油ETF,中证2000ETF,中证2000ETF:no_observations
2021-06-18,29,60,可转债ETF|5年国债ETF|10年国债ETF|信用债ETF|日利ETF|沪深300ETF|中证500ETF|中证1000ETF|创业板ETF|红利ETF|半导体ETF|人工智能ETF|新能源ETF|科创50ETF|证券ETF|军工ETF|消费ETF|恒生ETF|白银LOF|纳指ETF|标普500ETF|日经225ETF|欧洲ETF|黄金ETF|有色金属期货ETF|能源化工期货ETF|豆粕ETF|煤炭ETF|原油ETF,中证2000ETF,中证2000ETF:no_observations
2021-06-25,29,60,可转债ETF|5年国债ETF|10年国债ETF|信用债ETF|日利ETF|沪深300ETF|中证500ETF|中证1000ETF|创业板ETF|红利ETF|半导体ETF|人工智能ETF|新能源ETF|科创50ETF|证券ETF|军工ETF|消费ETF|恒生ETF|白银LOF|纳指ETF|标普500ETF|日经225ETF|欧洲ETF|黄金ETF|有色金属期货ETF|能源化工期货ETF|豆粕ETF|煤炭ETF|原油ETF,中证2000ETF,中证2000ETF:no_observations
2021-07-02,29,60,可转债ETF|5年国债ETF|10年国债ETF|信用债ETF|日利ETF|沪深300ETF|中证500ETF|中证1000ETF|创业板ETF|红利ETF|半导体ETF|人工智能ETF|新能源ETF|科创50ETF|证券ETF|军工ETF|消费ETF|恒生ETF|白银LOF|纳指ETF|标普500ETF|日经225ETF|欧洲ETF|黄金ETF|有色金属期货ETF|能源化工期货ETF|豆粕ETF|煤炭ETF|原油ETF,中证2000ETF,中证2000ETF:no_observations
2021-07-09,29,60,可转债ETF|5年国债ETF|10年国债ETF|信用债ETF|日利ETF|沪深300ETF|中证500ETF|中证1000ETF|创业板ETF|红利ETF|半导体ETF|人工智能ETF|新能源ETF|科创50ETF|证券ETF|军工ETF|消费ETF|恒生ETF|白银LOF|纳指ETF|标普500ETF|日经225ETF|欧洲ETF|黄金ETF|有色金属期货ETF|能源化工期货ETF|豆粕ETF|煤炭ETF|原油ETF,中证2000ETF,中证2000ETF:no_observations
2021-07-16,29,60,可转债ETF|5年国债ETF|10年国债ETF|信用债ETF|日利ETF|沪深300ETF|中证500ETF|中证1000ETF|创业板ETF|红利ETF|半导体ETF|人工智能ETF|新能源ETF|科创50ETF|证券ETF|军工ETF|消费ETF|恒生ETF|白银LOF|纳指ETF|标普500ETF|日经225ETF|欧洲ETF|黄金ETF|有色金属期货ETF|能源化工期货ETF|豆粕ETF|煤炭ETF|原油ETF,中证2000ETF,中证2000ETF:no_observations
2021-07-23,29,60,可转债ETF|5年国债ETF|10年国债ETF|信用债ETF|日利ETF|沪深300ETF|中证500ETF|中证1000ETF|创业板ETF|红利ETF|半导体ETF|人工智能ETF|新能源ETF|科创50ETF|证券ETF|军工ETF|消费ETF|恒生ETF|白银LOF|纳指ETF|标普500ETF|日经225ETF|欧洲ETF|黄金ETF|有色金属期货ETF|能源化工期货ETF|豆粕ETF|煤炭ETF|原油ETF,中证2000ETF,中证2000ETF:no_observations
2021-07-30,29,60,可转债ETF|5年国债ETF|10年国债ETF|信用债ETF|日利ETF|沪深300ETF|中证500ETF|中证1000ETF|创业板ETF|红利ETF|半导体ETF|人工智能ETF|新能源ETF|科创50ETF|证券ETF|军工ETF|消费ETF|恒生ETF|白银LOF|纳指ETF|标普500ETF|日经225ETF|欧洲ETF|黄金ETF|有色金属期货ETF|能源化工期货ETF|豆粕ETF|煤炭ETF|原油ETF,中证2000ETF,中证2000ETF:no_observations
2021-08-06,29,60,可转债ETF|5年国债ETF|10年国债ETF|信用债ETF|日利ETF|沪深300ETF|中证500ETF|中证1000ETF|创业板ETF|红利ETF|半导体ETF|人工智能ETF|新能源ETF|科创50ETF|证券ETF|军工ETF|消费ETF|恒生ETF|白银LOF|纳指ETF|标普500ETF|日经225ETF|欧洲ETF|黄金ETF|有色金属期货ETF|能源化工期货ETF|豆粕ETF|煤炭ETF|原油ETF,中证2000ETF,中证2000ETF:no_observations
2021-08-13,29,60,可转债ETF|5年国债ETF|10年国债ETF|信用债ETF|日利ETF|沪深300ETF|中证500ETF|中证1000ETF|创业板ETF|红利ETF|半导体ETF|人工智能ETF|新能源ETF|科创50ETF|证券ETF|军工ETF|消费ETF|恒生ETF|白银LOF|纳指ETF|标普500ETF|日经225ETF|欧洲ETF|黄金ETF|有色金属期货ETF|能源化工期货ETF|豆粕ETF|煤炭ETF|原油ETF,中证2000ETF,中证2000ETF:no_observations
2021-08-20,29,60,可转债ETF|5年国债ETF|10年国债ETF|信用债ETF|日利ETF|沪深300ETF|中证500ETF|中证1000ETF|创业板ETF|红利ETF|半导体ETF|人工智能ETF|新能源ETF|科创50ETF|证券ETF|军工ETF|消费ETF|恒生ETF|白银LOF|纳指ETF|标普500ETF|日经225ETF|欧洲ETF|黄金ETF|有色金属期货ETF|能源化工期货ETF|豆粕ETF|煤炭ETF|原油ETF,中证2000ETF,中证2000ETF:no_observations
2021-08-27,29,60,可转债ETF|5年国债ETF|10年国债ETF|信用债ETF|日利ETF|沪深300ETF|中证500ETF|中证1000ETF|创业板ETF|红利ETF|半导体ETF|人工智能ETF|新能源ETF|科创50ETF|证券ETF|军工ETF|消费ETF|恒生ETF|白银LOF|纳指ETF|标普500ETF|日经225ETF|欧洲ETF|黄金ETF|有色金属期货ETF|能源化工期货ETF|豆粕ETF|煤炭ETF|原油ETF,中证2000ETF,中证2000ETF:no_observations
2021-09-03,29,60,可转债ETF|5年国债ETF|10年国债ETF|信用债ETF|日利ETF|沪深300ETF|中证500ETF|中证1000ETF|创业板ETF|红利ETF|半导体ETF|人工智能ETF|新能源ETF|科创50ETF|证券ETF|军工ETF|消费ETF|恒生ETF|白银LOF|纳指ETF|标普500ETF|日经225ETF|欧洲ETF|黄金ETF|有色金属期货ETF|能源化工期货ETF|豆粕ETF|煤炭ETF|原油ETF,中证2000ETF,中证2000ETF:no_observations
2021-09-10,29,60,可转债ETF|5年国债ETF|10年国债ETF|信用债ETF|日利ETF|沪深300ETF|中证500ETF|中证1000ETF|创业板ETF|红利ETF|半导体ETF|人工智能ETF|新能源ETF|科创50ETF|证券ETF|军工ETF|消费ETF|恒生ETF|白银LOF|纳指ETF|标普500ETF|日经225ETF|欧洲ETF|黄金ETF|有色金属期货ETF|能源化工期货ETF|豆粕ETF|煤炭ETF|原油ETF,中证2000ETF,中证2000ETF:no_observations
2021-09-17,29,60,可转债ETF|5年国债ETF|10年国债ETF|信用债ETF|日利ETF|沪深300ETF|中证500ETF|中证1000ETF|创业板ETF|红利ETF|半导体ETF|人工智能ETF|新能源ETF|科创50ETF|证券ETF|军工ETF|消费ETF|恒生ETF|白银LOF|纳指ETF|标普500ETF|日经225ETF|欧洲ETF|黄金ETF|有色金属期货ETF|能源化工期货ETF|豆粕ETF|煤炭ETF|原油ETF,中证2000ETF,中证2000ETF:no_observations
2021-09-24,29,60,可转债ETF|5年国债ETF|10年国债ETF|信用债ETF|日利ETF|沪深300ETF|中证500ETF|中证1000ETF|创业板ETF|红利ETF|半导体ETF|人工智能ETF|新能源ETF|科创50ETF|证券ETF|军工ETF|消费ETF|恒生ETF|白银LOF|纳指ETF|标普500ETF|日经225ETF|欧洲ETF|黄金ETF|有色金属期货ETF|能源化工期货ETF|豆粕ETF|煤炭ETF|原油ETF,中证2000ETF,中证2000ETF:no_observations
2021-09-30,29,60,可转债ETF|5年国债ETF|10年国债ETF|信用债ETF|日利ETF|沪深300ETF|中证500ETF|中证1000ETF|创业板ETF|红利ETF|半导体ETF|人工智能ETF|新能源ETF|科创50ETF|证券ETF|军工ETF|消费ETF|恒生ETF|白银LOF|纳指ETF|标普500ETF|日经225ETF|欧洲ETF|黄金ETF|有色金属期货ETF|能源化工期货ETF|豆粕ETF|煤炭ETF|原油ETF,中证2000ETF,中证2000ETF:no_observations
2021-10-08,29,60,可转债ETF|5年国债ETF|10年国债ETF|信用债ETF|日利ETF|沪深300ETF|中证500ETF|中证1000ETF|创业板ETF|红利ETF|半导体ETF|人工智能ETF|新能源ETF|科创50ETF|证券ETF|军工ETF|消费ETF|恒生ETF|白银LOF|纳指ETF|标普500ETF|日经225ETF|欧洲ETF|黄金ETF|有色金属期货ETF|能源化工期货ETF|豆粕ETF|煤炭ETF|原油ETF,中证2000ETF,中证2000ETF:no_observations
2021-10-15,29,60,可转债ETF|5年国债ETF|10年国债ETF|信用债ETF|日利ETF|沪深300ETF|中证500ETF|中证1000ETF|创业板ETF|红利ETF|半导体ETF|人工智能ETF|新能源ETF|科创50ETF|证券ETF|军工ETF|消费ETF|恒生ETF|白银LOF|纳指ETF|标普500ETF|日经225ETF|欧洲ETF|黄金ETF|有色金属期货ETF|能源化工期货ETF|豆粕ETF|煤炭ETF|原油ETF,中证2000ETF,中证2000ETF:no_observations
2021-10-22,29,60,可转债ETF|5年国债ETF|10年国债ETF|信用债ETF|日利ETF|沪深300ETF|中证500ETF|中证1000ETF|创业板ETF|红利ETF|半导体ETF|人工智能ETF|新能源ETF|科创50ETF|证券ETF|军工ETF|消费ETF|恒生ETF|白银LOF|纳指ETF|标普500ETF|日经225ETF|欧洲ETF|黄金ETF|有色金属期货ETF|能源化工期货ETF|豆粕ETF|煤炭ETF|原油ETF,中证2000ETF,中证2000ETF:no_observations
2021-10-29,29,60,可转债ETF|5年国债ETF|10年国债ETF|信用债ETF|日利ETF|沪深300ETF|中证500ETF|中证1000ETF|创业板ETF|红利ETF|半导体ETF|人工智能ETF|新能源ETF|科创50ETF|证券ETF|军工ETF|消费ETF|恒生ETF|白银LOF|纳指ETF|标普500ETF|日经225ETF|欧洲ETF|黄金ETF|有色金属期货ETF|能源化工期货ETF|豆粕ETF|煤炭ETF|原油ETF,中证2000ETF,中证2000ETF:no_observations
2021-11-05,29,60,可转债ETF|5年国债ETF|10年国债ETF|信用债ETF|日利ETF|沪深300ETF|中证500ETF|中证1000ETF|创业板ETF|红利ETF|半导体ETF|人工智能ETF|新能源ETF|科创50ETF|证券ETF|军工ETF|消费ETF|恒生ETF|白银LOF|纳指ETF|标普500ETF|日经225ETF|欧洲ETF|黄金ETF|有色金属期货ETF|能源化工期货ETF|豆粕ETF|煤炭ETF|原油ETF,中证2000ETF,中证2000ETF:no_observations
2021-11-12,29,60,可转债ETF|5年国债ETF|10年国债ETF|信用债ETF|日利ETF|沪深300ETF|中证500ETF|中证1000ETF|创业板ETF|红利ETF|半导体ETF|人工智能ETF|新能源ETF|科创50ETF|证券ETF|军工ETF|消费ETF|恒生ETF|白银LOF|纳指ETF|标普500ETF|日经225ETF|欧洲ETF|黄金ETF|有色金属期货ETF|能源化工期货ETF|豆粕ETF|煤炭ETF|原油ETF,中证2000ETF,中证2000ETF:no_observations
2021-11-19,29,60,可转债ETF|5年国债ETF|10年国债ETF|信用债ETF|日利ETF|沪深300ETF|中证500ETF|中证1000ETF|创业板ETF|红利ETF|半导体ETF|人工智能ETF|新能源ETF|科创50ETF|证券ETF|军工ETF|消费ETF|恒生ETF|白银LOF|纳指ETF|标普500ETF|日经225ETF|欧洲ETF|黄金ETF|有色金属期货ETF|能源化工期货ETF|豆粕ETF|煤炭ETF|原油ETF,中证2000ETF,中证2000ETF:no_observations
2021-11-26,29,60,可转债ETF|5年国债ETF|10年国债ETF|信用债ETF|日利ETF|沪深300ETF|中证500ETF|中证1000ETF|创业板ETF|红利ETF|半导体ETF|人工智能ETF|新能源ETF|科创50ETF|证券ETF|军工ETF|消费ETF|恒生ETF|白银LOF|纳指ETF|标普500ETF|日经225ETF|欧洲ETF|黄金ETF|有色金属期货ETF|能源化工期货ETF|豆粕ETF|煤炭ETF|原油ETF,中证2000ETF,中证2000ETF:no_observations
2021-12-03,29,60,可转债ETF|5年国债ETF|10年国债ETF|信用债ETF|日利ETF|沪深300ETF|中证500ETF|中证1000ETF|创业板ETF|红利ETF|半导体ETF|人工智能ETF|新能源ETF|科创50ETF|证券ETF|军工ETF|消费ETF|恒生ETF|白银LOF|纳指ETF|标普500ETF|日经225ETF|欧洲ETF|黄金ETF|有色金属期货ETF|能源化工期货ETF|豆粕ETF|煤炭ETF|原油ETF,中证2000ETF,中证2000ETF:no_observations
2021-12-10,29,60,可转债ETF|5年国债ETF|10年国债ETF|信用债ETF|日利ETF|沪深300ETF|中证500ETF|中证1000ETF|创业板ETF|红利ETF|半导体ETF|人工智能ETF|新能源ETF|科创50ETF|证券ETF|军工ETF|消费ETF|恒生ETF|白银LOF|纳指ETF|标普500ETF|日经225ETF|欧洲ETF|黄金ETF|有色金属期货ETF|能源化工期货ETF|豆粕ETF|煤炭ETF|原油ETF,中证2000ETF,中证2000ETF:no_observations
2021-12-17,29,60,可转债ETF|5年国债ETF|10年国债ETF|信用债ETF|日利ETF|沪深300ETF|中证500ETF|中证1000ETF|创业板ETF|红利ETF|半导体ETF|人工智能ETF|新能源ETF|科创50ETF|证券ETF|军工ETF|消费ETF|恒生ETF|白银LOF|纳指ETF|标普500ETF|日经225ETF|欧洲ETF|黄金ETF|有色金属期货ETF|能源化工期货ETF|豆粕ETF|煤炭ETF|原油ETF,中证2000ETF,中证2000ETF:no_observations
2021-12-24,29,60,可转债ETF|5年国债ETF|10年国债ETF|信用债ETF|日利ETF|沪深300ETF|中证500ETF|中证1000ETF|创业板ETF|红利ETF|半导体ETF|人工智能ETF|新能源ETF|科创50ETF|证券ETF|军工ETF|消费ETF|恒生ETF|白银LOF|纳指ETF|标普500ETF|日经225ETF|欧洲ETF|黄金ETF|有色金属期货ETF|能源化工期货ETF|豆粕ETF|煤炭ETF|原油ETF,中证2000ETF,中证2000ETF:no_observations
2021-12-31,29,60,可转债ETF|5年国债ETF|10年国债ETF|信用债ETF|日利ETF|沪深300ETF|中证500ETF|中证1000ETF|创业板ETF|红利ETF|半导体ETF|人工智能ETF|新能源ETF|科创50ETF|证券ETF|军工ETF|消费ETF|恒生ETF|白银LOF|纳指ETF|标普500ETF|日经225ETF|欧洲ETF|黄金ETF|有色金属期货ETF|能源化工期货ETF|豆粕ETF|煤炭ETF|原油ETF,中证2000ETF,中证2000ETF:no_observations
2022-01-07,29,60,可转债ETF|5年国债ETF|10年国债ETF|信用债ETF|日利ETF|沪深300ETF|中证500ETF|中证1000ETF|创业板ETF|红利ETF|半导体ETF|人工智能ETF|新能源ETF|科创50ETF|证券ETF|军工ETF|消费ETF|恒生ETF|白银LOF|纳指ETF|标普500ETF|日经225ETF|欧洲ETF|黄金ETF|有色金属期货ETF|能源化工期货ETF|豆粕ETF|煤炭ETF|原油ETF,中证2000ETF,中证2000ETF:no_observations
2022-01-14,29,60,可转债ETF|5年国债ETF|10年国债ETF|信用债ETF|日利ETF|沪深300ETF|中证500ETF|中证1000ETF|创业板ETF|红利ETF|半导体ETF|人工智能ETF|新能源ETF|科创50ETF|证券ETF|军工ETF|消费ETF|恒生ETF|白银LOF|纳指ETF|标普500ETF|日经225ETF|欧洲ETF|黄金ETF|有色金属期货ETF|能源化工期货ETF|豆粕ETF|煤炭ETF|原油ETF,中证2000ETF,中证2000ETF:no_observations
2022-01-21,29,60,可转债ETF|5年国债ETF|10年国债ETF|信用债ETF|日利ETF|沪深300ETF|中证500ETF|中证1000ETF|创业板ETF|红利ETF|半导体ETF|人工智能ETF|新能源ETF|科创50ETF|证券ETF|军工ETF|消费ETF|恒生ETF|白银LOF|纳指ETF|标普500ETF|日经225ETF|欧洲ETF|黄金ETF|有色金属期货ETF|能源化工期货ETF|豆粕ETF|煤炭ETF|原油ETF,中证2000ETF,中证2000ETF:no_observations
2022-01-28,29,60,可转债ETF|5年国债ETF|10年国债ETF|信用债ETF|日利ETF|沪深300ETF|中证500ETF|中证1000ETF|创业板ETF|红利ETF|半导体ETF|人工智能ETF|新能源ETF|科创50ETF|证券ETF|军工ETF|消费ETF|恒生ETF|白银LOF|纳指ETF|标普500ETF|日经225ETF|欧洲ETF|黄金ETF|有色金属期货ETF|能源化工期货ETF|豆粕ETF|煤炭ETF|原油ETF,中证2000ETF,中证2000ETF:no_observations
2022-02-11,29,60,可转债ETF|5年国债ETF|10年国债ETF|信用债ETF|日利ETF|沪深300ETF|中证500ETF|中证1000ETF|创业板ETF|红利ETF|半导体ETF|人工智能ETF|新能源ETF|科创50ETF|证券ETF|军工ETF|消费ETF|恒生ETF|白银LOF|纳指ETF|标普500ETF|日经225ETF|欧洲ETF|黄金ETF|有色金属期货ETF|能源化工期货ETF|豆粕ETF|煤炭ETF|原油ETF,中证2000ETF,中证2000ETF:no_observations
2022-02-18,29,60,可转债ETF|5年国债ETF|10年国债ETF|信用债ETF|日利ETF|沪深300ETF|中证500ETF|中证1000ETF|创业板ETF|红利ETF|半导体ETF|人工智能ETF|新能源ETF|科创50ETF|证券ETF|军工ETF|消费ETF|恒生ETF|白银LOF|纳指ETF|标普500ETF|日经225ETF|欧洲ETF|黄金ETF|有色金属期货ETF|能源化工期货ETF|豆粕ETF|煤炭ETF|原油ETF,中证2000ETF,中证2000ETF:no_observations
2022-02-25,29,60,可转债ETF|5年国债ETF|10年国债ETF|信用债ETF|日利ETF|沪深300ETF|中证500ETF|中证1000ETF|创业板ETF|红利ETF|半导体ETF|人工智能ETF|新能源ETF|科创50ETF|证券ETF|军工ETF|消费ETF|恒生ETF|白银LOF|纳指ETF|标普500ETF|日经225ETF|欧洲ETF|黄金ETF|有色金属期货ETF|能源化工期货ETF|豆粕ETF|煤炭ETF|原油ETF,中证2000ETF,中证2000ETF:no_observations
2022-03-04,29,60,可转债ETF|5年国债ETF|10年国债ETF|信用债ETF|日利ETF|沪深300ETF|中证500ETF|中证1000ETF|创业板ETF|红利ETF|半导体ETF|人工智能ETF|新能源ETF|科创50ETF|证券ETF|军工ETF|消费ETF|恒生ETF|白银LOF|纳指ETF|标普500ETF|日经225ETF|欧洲ETF|黄金ETF|有色金属期货ETF|能源化工期货ETF|豆粕ETF|煤炭ETF|原油ETF,中证2000ETF,中证2000ETF:no_observations
2022-03-11,29,60,可转债ETF|5年国债ETF|10年国债ETF|信用债ETF|日利ETF|沪深300ETF|中证500ETF|中证1000ETF|创业板ETF|红利ETF|半导体ETF|人工智能ETF|新能源ETF|科创50ETF|证券ETF|军工ETF|消费ETF|恒生ETF|白银LOF|纳指ETF|标普500ETF|日经225ETF|欧洲ETF|黄金ETF|有色金属期货ETF|能源化工期货ETF|豆粕ETF|煤炭ETF|原油ETF,中证2000ETF,中证2000ETF:no_observations
2022-03-18,29,60,可转债ETF|5年国债ETF|10年国债ETF|信用债ETF|日利ETF|沪深300ETF|中证500ETF|中证1000ETF|创业板ETF|红利ETF|半导体ETF|人工智能ETF|新能源ETF|科创50ETF|证券ETF|军工ETF|消费ETF|恒生ETF|白银LOF|纳指ETF|标普500ETF|日经225ETF|欧洲ETF|黄金ETF|有色金属期货ETF|能源化工期货ETF|豆粕ETF|煤炭ETF|原油ETF,中证2000ETF,中证2000ETF:no_observations
2022-03-25,29,60,可转债ETF|5年国债ETF|10年国债ETF|信用债ETF|日利ETF|沪深300ETF|中证500ETF|中证1000ETF|创业板ETF|红利ETF|半导体ETF|人工智能ETF|新能源ETF|科创50ETF|证券ETF|军工ETF|消费ETF|恒生ETF|白银LOF|纳指ETF|标普500ETF|日经225ETF|欧洲ETF|黄金ETF|有色金属期货ETF|能源化工期货ETF|豆粕ETF|煤炭ETF|原油ETF,中证2000ETF,中证2000ETF:no_observations
2022-04-01,29,60,可转债ETF|5年国债ETF|10年国债ETF|信用债ETF|日利ETF|沪深300ETF|中证500ETF|中证1000ETF|创业板ETF|红利ETF|半导体ETF|人工智能ETF|新能源ETF|科创50ETF|证券ETF|军工ETF|消费ETF|恒生ETF|白银LOF|纳指ETF|标普500ETF|日经225ETF|欧洲ETF|黄金ETF|有色金属期货ETF|能源化工期货ETF|豆粕ETF|煤炭ETF|原油ETF,中证2000ETF,中证2000ETF:no_observations
2022-04-08,29,60,可转债ETF|5年国债ETF|10年国债ETF|信用债ETF|日利ETF|沪深300ETF|中证500ETF|中证1000ETF|创业板ETF|红利ETF|半导体ETF|人工智能ETF|新能源ETF|科创50ETF|证券ETF|军工ETF|消费ETF|恒生ETF|白银LOF|纳指ETF|标普500ETF|日经225ETF|欧洲ETF|黄金ETF|有色金属期货ETF|能源化工期货ETF|豆粕ETF|煤炭ETF|原油ETF,中证2000ETF,中证2000ETF:no_observations
2022-04-15,29,60,可转债ETF|5年国债ETF|10年国债ETF|信用债ETF|日利ETF|沪深300ETF|中证500ETF|中证1000ETF|创业板ETF|红利ETF|半导体ETF|人工智能ETF|新能源ETF|科创50ETF|证券ETF|军工ETF|消费ETF|恒生ETF|白银LOF|纳指ETF|标普500ETF|日经225ETF|欧洲ETF|黄金ETF|有色金属期货ETF|能源化工期货ETF|豆粕ETF|煤炭ETF|原油ETF,中证2000ETF,中证2000ETF:no_observations
2022-04-22,29,60,可转债ETF|5年国债ETF|10年国债ETF|信用债ETF|日利ETF|沪深300ETF|中证500ETF|中证1000ETF|创业板ETF|红利ETF|半导体ETF|人工智能ETF|新能源ETF|科创50ETF|证券ETF|军工ETF|消费ETF|恒生ETF|白银LOF|纳指ETF|标普500ETF|日经225ETF|欧洲ETF|黄金ETF|有色金属期货ETF|能源化工期货ETF|豆粕ETF|煤炭ETF|原油ETF,中证2000ETF,中证2000ETF:no_observations
2022-04-29,29,60,可转债ETF|5年国债ETF|10年国债ETF|信用债ETF|日利ETF|沪深300ETF|中证500ETF|中证1000ETF|创业板ETF|红利ETF|半导体ETF|人工智能ETF|新能源ETF|科创50ETF|证券ETF|军工ETF|消费ETF|恒生ETF|白银LOF|纳指ETF|标普500ETF|日经225ETF|欧洲ETF|黄金ETF|有色金属期货ETF|能源化工期货ETF|豆粕ETF|煤炭ETF|原油ETF,中证2000ETF,中证2000ETF:no_observations
2022-05-06,29,60,可转债ETF|5年国债ETF|10年国债ETF|信用债ETF|日利ETF|沪深300ETF|中证500ETF|中证1000ETF|创业板ETF|红利ETF|半导体ETF|人工智能ETF|新能源ETF|科创50ETF|证券ETF|军工ETF|消费ETF|恒生ETF|白银LOF|纳指ETF|标普500ETF|日经225ETF|欧洲ETF|黄金ETF|有色金属期货ETF|能源化工期货ETF|豆粕ETF|煤炭ETF|原油ETF,中证2000ETF,中证2000ETF:no_observations
2022-05-13,29,60,可转债ETF|5年国债ETF|10年国债ETF|信用债ETF|日利ETF|沪深300ETF|中证500ETF|中证1000ETF|创业板ETF|红利ETF|半导体ETF|人工智能ETF|新能源ETF|科创50ETF|证券ETF|军工ETF|消费ETF|恒生ETF|白银LOF|纳指ETF|标普500ETF|日经225ETF|欧洲ETF|黄金ETF|有色金属期货ETF|能源化工期货ETF|豆粕ETF|煤炭ETF|原油ETF,中证2000ETF,中证2000ETF:no_observations
2022-05-20,29,60,可转债ETF|5年国债ETF|10年国债ETF|信用债ETF|日利ETF|沪深300ETF|中证500ETF|中证1000ETF|创业板ETF|红利ETF|半导体ETF|人工智能ETF|新能源ETF|科创50ETF|证券ETF|军工ETF|消费ETF|恒生ETF|白银LOF|纳指ETF|标普500ETF|日经225ETF|欧洲ETF|黄金ETF|有色金属期货ETF|能源化工期货ETF|豆粕ETF|煤炭ETF|原油ETF,中证2000ETF,中证2000ETF:no_observations
2022-05-27,29,60,可转债ETF|5年国债ETF|10年国债ETF|信用债ETF|日利ETF|沪深300ETF|中证500ETF|中证1000ETF|创业板ETF|红利ETF|半导体ETF|人工智能ETF|新能源ETF|科创50ETF|证券ETF|军工ETF|消费ETF|恒生ETF|白银LOF|纳指ETF|标普500ETF|日经225ETF|欧洲ETF|黄金ETF|有色金属期货ETF|能源化工期货ETF|豆粕ETF|煤炭ETF|原油ETF,中证2000ETF,中证2000ETF:no_observations
2022-06-02,29,60,可转债ETF|5年国债ETF|10年国债ETF|信用债ETF|日利ETF|沪深300ETF|中证500ETF|中证1000ETF|创业板ETF|红利ETF|半导体ETF|人工智能ETF|新能源ETF|科创50ETF|证券ETF|军工ETF|消费ETF|恒生ETF|白银LOF|纳指ETF|标普500ETF|日经225ETF|欧洲ETF|黄金ETF|有色金属期货ETF|能源化工期货ETF|豆粕ETF|煤炭ETF|原油ETF,中证2000ETF,中证2000ETF:no_observations
2022-06-10,29,60,可转债ETF|5年国债ETF|10年国债ETF|信用债ETF|日利ETF|沪深300ETF|中证500ETF|中证1000ETF|创业板ETF|红利ETF|半导体ETF|人工智能ETF|新能源ETF|科创50ETF|证券ETF|军工ETF|消费ETF|恒生ETF|白银LOF|纳指ETF|标普500ETF|日经225ETF|欧洲ETF|黄金ETF|有色金属期货ETF|能源化工期货ETF|豆粕ETF|煤炭ETF|原油ETF,中证2000ETF,中证2000ETF:no_observations
2022-06-17,29,60,可转债ETF|5年国债ETF|10年国债ETF|信用债ETF|日利ETF|沪深300ETF|中证500ETF|中证1000ETF|创业板ETF|红利ETF|半导体ETF|人工智能ETF|新能源ETF|科创50ETF|证券ETF|军工ETF|消费ETF|恒生ETF|白银LOF|纳指ETF|标普500ETF|日经225ETF|欧洲ETF|黄金ETF|有色金属期货ETF|能源化工期货ETF|豆粕ETF|煤炭ETF|原油ETF,中证2000ETF,中证2000ETF:no_observations
2022-06-24,29,60,可转债ETF|5年国债ETF|10年国债ETF|信用债ETF|日利ETF|沪深300ETF|中证500ETF|中证1000ETF|创业板ETF|红利ETF|半导体ETF|人工智能ETF|新能源ETF|科创50ETF|证券ETF|军工ETF|消费ETF|恒生ETF|白银LOF|纳指ETF|标普500ETF|日经225ETF|欧洲ETF|黄金ETF|有色金属期货ETF|能源化工期货ETF|豆粕ETF|煤炭ETF|原油ETF,中证2000ETF,中证2000ETF:no_observations
2022-07-01,29,60,可转债ETF|5年国债ETF|10年国债ETF|信用债ETF|日利ETF|沪深300ETF|中证500ETF|中证1000ETF|创业板ETF|红利ETF|半导体ETF|人工智能ETF|新能源ETF|科创50ETF|证券ETF|军工ETF|消费ETF|恒生ETF|白银LOF|纳指ETF|标普500ETF|日经225ETF|欧洲ETF|黄金ETF|有色金属期货ETF|能源化工期货ETF|豆粕ETF|煤炭ETF|原油ETF,中证2000ETF,中证2000ETF:no_observations
2022-07-08,29,60,可转债ETF|5年国债ETF|10年国债ETF|信用债ETF|日利ETF|沪深300ETF|中证500ETF|中证1000ETF|创业板ETF|红利ETF|半导体ETF|人工智能ETF|新能源ETF|科创50ETF|证券ETF|军工ETF|消费ETF|恒生ETF|白银LOF|纳指ETF|标普500ETF|日经225ETF|欧洲ETF|黄金ETF|有色金属期货ETF|能源化工期货ETF|豆粕ETF|煤炭ETF|原油ETF,中证2000ETF,中证2000ETF:no_observations
2022-07-15,29,60,可转债ETF|5年国债ETF|10年国债ETF|信用债ETF|日利ETF|沪深300ETF|中证500ETF|中证1000ETF|创业板ETF|红利ETF|半导体ETF|人工智能ETF|新能源ETF|科创50ETF|证券ETF|军工ETF|消费ETF|恒生ETF|白银LOF|纳指ETF|标普500ETF|日经225ETF|欧洲ETF|黄金ETF|有色金属期货ETF|能源化工期货ETF|豆粕ETF|煤炭ETF|原油ETF,中证2000ETF,中证2000ETF:no_observations
2022-07-22,29,60,可转债ETF|5年国债ETF|10年国债ETF|信用债ETF|日利ETF|沪深300ETF|中证500ETF|中证1000ETF|创业板ETF|红利ETF|半导体ETF|人工智能ETF|新能源ETF|科创50ETF|证券ETF|军工ETF|消费ETF|恒生ETF|白银LOF|纳指ETF|标普500ETF|日经225ETF|欧洲ETF|黄金ETF|有色金属期货ETF|能源化工期货ETF|豆粕ETF|煤炭ETF|原油ETF,中证2000ETF,中证2000ETF:no_observations
2022-07-29,29,60,可转债ETF|5年国债ETF|10年国债ETF|信用债ETF|日利ETF|沪深300ETF|中证500ETF|中证1000ETF|创业板ETF|红利ETF|半导体ETF|人工智能ETF|新能源ETF|科创50ETF|证券ETF|军工ETF|消费ETF|恒生ETF|白银LOF|纳指ETF|标普500ETF|日经225ETF|欧洲ETF|黄金ETF|有色金属期货ETF|能源化工期货ETF|豆粕ETF|煤炭ETF|原油ETF,中证2000ETF,中证2000ETF:no_observations
2022-08-05,29,60,可转债ETF|5年国债ETF|10年国债ETF|信用债ETF|日利ETF|沪深300ETF|中证500ETF|中证1000ETF|创业板ETF|红利ETF|半导体ETF|人工智能ETF|新能源ETF|科创50ETF|证券ETF|军工ETF|消费ETF|恒生ETF|白银LOF|纳指ETF|标普500ETF|日经225ETF|欧洲ETF|黄金ETF|有色金属期货ETF|能源化工期货ETF|豆粕ETF|煤炭ETF|原油ETF,中证2000ETF,中证2000ETF:no_observations
2022-08-12,29,60,可转债ETF|5年国债ETF|10年国债ETF|信用债ETF|日利ETF|沪深300ETF|中证500ETF|中证1000ETF|创业板ETF|红利ETF|半导体ETF|人工智能ETF|新能源ETF|科创50ETF|证券ETF|军工ETF|消费ETF|恒生ETF|白银LOF|纳指ETF|标普500ETF|日经225ETF|欧洲ETF|黄金ETF|有色金属期货ETF|能源化工期货ETF|豆粕ETF|煤炭ETF|原油ETF,中证2000ETF,中证2000ETF:no_observations
2022-08-19,29,60,可转债ETF|5年国债ETF|10年国债ETF|信用债ETF|日利ETF|沪深300ETF|中证500ETF|中证1000ETF|创业板ETF|红利ETF|半导体ETF|人工智能ETF|新能源ETF|科创50ETF|证券ETF|军工ETF|消费ETF|恒生ETF|白银LOF|纳指ETF|标普500ETF|日经225ETF|欧洲ETF|黄金ETF|有色金属期货ETF|能源化工期货ETF|豆粕ETF|煤炭ETF|原油ETF,中证2000ETF,中证2000ETF:no_observations
2022-08-26,29,60,可转债ETF|5年国债ETF|10年国债ETF|信用债ETF|日利ETF|沪深300ETF|中证500ETF|中证1000ETF|创业板ETF|红利ETF|半导体ETF|人工智能ETF|新能源ETF|科创50ETF|证券ETF|军工ETF|消费ETF|恒生ETF|白银LOF|纳指ETF|标普500ETF|日经225ETF|欧洲ETF|黄金ETF|有色金属期货ETF|能源化工期货ETF|豆粕ETF|煤炭ETF|原油ETF,中证2000ETF,中证2000ETF:no_observations
2022-09-02,29,60,可转债ETF|5年国债ETF|10年国债ETF|信用债ETF|日利ETF|沪深300ETF|中证500ETF|中证1000ETF|创业板ETF|红利ETF|半导体ETF|人工智能ETF|新能源ETF|科创50ETF|证券ETF|军工ETF|消费ETF|恒生ETF|白银LOF|纳指ETF|标普500ETF|日经225ETF|欧洲ETF|黄金ETF|有色金属期货ETF|能源化工期货ETF|豆粕ETF|煤炭ETF|原油ETF,中证2000ETF,中证2000ETF:no_observations
2022-09-09,29,60,可转债ETF|5年国债ETF|10年国债ETF|信用债ETF|日利ETF|沪深300ETF|中证500ETF|中证1000ETF|创业板ETF|红利ETF|半导体ETF|人工智能ETF|新能源ETF|科创50ETF|证券ETF|军工ETF|消费ETF|恒生ETF|白银LOF|纳指ETF|标普500ETF|日经225ETF|欧洲ETF|黄金ETF|有色金属期货ETF|能源化工期货ETF|豆粕ETF|煤炭ETF|原油ETF,中证2000ETF,中证2000ETF:no_observations
2022-09-16,29,60,可转债ETF|5年国债ETF|10年国债ETF|信用债ETF|日利ETF|沪深300ETF|中证500ETF|中证1000ETF|创业板ETF|红利ETF|半导体ETF|人工智能ETF|新能源ETF|科创50ETF|证券ETF|军工ETF|消费ETF|恒生ETF|白银LOF|纳指ETF|标普500ETF|日经225ETF|欧洲ETF|黄金ETF|有色金属期货ETF|能源化工期货ETF|豆粕ETF|煤炭ETF|原油ETF,中证2000ETF,中证2000ETF:no_observations
2022-09-23,29,60,可转债ETF|5年国债ETF|10年国债ETF|信用债ETF|日利ETF|沪深300ETF|中证500ETF|中证1000ETF|创业板ETF|红利ETF|半导体ETF|人工智能ETF|新能源ETF|科创50ETF|证券ETF|军工ETF|消费ETF|恒生ETF|白银LOF|纳指ETF|标普500ETF|日经225ETF|欧洲ETF|黄金ETF|有色金属期货ETF|能源化工期货ETF|豆粕ETF|煤炭ETF|原油ETF,中证2000ETF,中证2000ETF:no_observations
2022-09-30,29,60,可转债ETF|5年国债ETF|10年国债ETF|信用债ETF|日利ETF|沪深300ETF|中证500ETF|中证1000ETF|创业板ETF|红利ETF|半导体ETF|人工智能ETF|新能源ETF|科创50ETF|证券ETF|军工ETF|消费ETF|恒生ETF|白银LOF|纳指ETF|标普500ETF|日经225ETF|欧洲ETF|黄金ETF|有色金属期货ETF|能源化工期货ETF|豆粕ETF|煤炭ETF|原油ETF,中证2000ETF,中证2000ETF:no_observations
2022-10-14,29,60,可转债ETF|5年国债ETF|10年国债ETF|信用债ETF|日利ETF|沪深300ETF|中证500ETF|中证1000ETF|创业板ETF|红利ETF|半导体ETF|人工智能ETF|新能源ETF|科创50ETF|证券ETF|军工ETF|消费ETF|恒生ETF|白银LOF|纳指ETF|标普500ETF|日经225ETF|欧洲ETF|黄金ETF|有色金属期货ETF|能源化工期货ETF|豆粕ETF|煤炭ETF|原油ETF,中证2000ETF,中证2000ETF:no_observations
2022-10-21,29,60,可转债ETF|5年国债ETF|10年国债ETF|信用债ETF|日利ETF|沪深300ETF|中证500ETF|中证1000ETF|创业板ETF|红利ETF|半导体ETF|人工智能ETF|新能源ETF|科创50ETF|证券ETF|军工ETF|消费ETF|恒生ETF|白银LOF|纳指ETF|标普500ETF|日经225ETF|欧洲ETF|黄金ETF|有色金属期货ETF|能源化工期货ETF|豆粕ETF|煤炭ETF|原油ETF,中证2000ETF,中证2000ETF:no_observations
2022-10-28,29,60,可转债ETF|5年国债ETF|10年国债ETF|信用债ETF|日利ETF|沪深300ETF|中证500ETF|中证1000ETF|创业板ETF|红利ETF|半导体ETF|人工智能ETF|新能源ETF|科创50ETF|证券ETF|军工ETF|消费ETF|恒生ETF|白银LOF|纳指ETF|标普500ETF|日经225ETF|欧洲ETF|黄金ETF|有色金属期货ETF|能源化工期货ETF|豆粕ETF|煤炭ETF|原油ETF,中证2000ETF,中证2000ETF:no_observations
2022-11-04,29,60,可转债ETF|5年国债ETF|10年国债ETF|信用债ETF|日利ETF|沪深300ETF|中证500ETF|中证1000ETF|创业板ETF|红利ETF|半导体ETF|人工智能ETF|新能源ETF|科创50ETF|证券ETF|军工ETF|消费ETF|恒生ETF|白银LOF|纳指ETF|标普500ETF|日经225ETF|欧洲ETF|黄金ETF|有色金属期货ETF|能源化工期货ETF|豆粕ETF|煤炭ETF|原油ETF,中证2000ETF,中证2000ETF:no_observations
2022-11-11,29,60,可转债ETF|5年国债ETF|10年国债ETF|信用债ETF|日利ETF|沪深300ETF|中证500ETF|中证1000ETF|创业板ETF|红利ETF|半导体ETF|人工智能ETF|新能源ETF|科创50ETF|证券ETF|军工ETF|消费ETF|恒生ETF|白银LOF|纳指ETF|标普500ETF|日经225ETF|欧洲ETF|黄金ETF|有色金属期货ETF|能源化工期货ETF|豆粕ETF|煤炭ETF|原油ETF,中证2000ETF,中证2000ETF:no_observations
2022-11-18,29,60,可转债ETF|5年国债ETF|10年国债ETF|信用债ETF|日利ETF|沪深300ETF|中证500ETF|中证1000ETF|创业板ETF|红利ETF|半导体ETF|人工智能ETF|新能源ETF|科创50ETF|证券ETF|军工ETF|消费ETF|恒生ETF|白银LOF|纳指ETF|标普500ETF|日经225ETF|欧洲ETF|黄金ETF|有色金属期货ETF|能源化工期货ETF|豆粕ETF|煤炭ETF|原油ETF,中证2000ETF,中证2000ETF:no_observations
2022-11-25,29,60,可转债ETF|5年国债ETF|10年国债ETF|信用债ETF|日利ETF|沪深300ETF|中证500ETF|中证1000ETF|创业板ETF|红利ETF|半导体ETF|人工智能ETF|新能源ETF|科创50ETF|证券ETF|军工ETF|消费ETF|恒生ETF|白银LOF|纳指ETF|标普500ETF|日经225ETF|欧洲ETF|黄金ETF|有色金属期货ETF|能源化工期货ETF|豆粕ETF|煤炭ETF|原油ETF,中证2000ETF,中证2000ETF:no_observations
2022-12-02,29,60,可转债ETF|5年国债ETF|10年国债ETF|信用债ETF|日利ETF|沪深300ETF|中证500ETF|中证1000ETF|创业板ETF|红利ETF|半导体ETF|人工智能ETF|新能源ETF|科创50ETF|证券ETF|军工ETF|消费ETF|恒生ETF|白银LOF|纳指ETF|标普500ETF|日经225ETF|欧洲ETF|黄金ETF|有色金属期货ETF|能源化工期货ETF|豆粕ETF|煤炭ETF|原油ETF,中证2000ETF,中证2000ETF:no_observations
2022-12-09,29,60,可转债ETF|5年国债ETF|10年国债ETF|信用债ETF|日利ETF|沪深300ETF|中证500ETF|中证1000ETF|创业板ETF|红利ETF|半导体ETF|人工智能ETF|新能源ETF|科创50ETF|证券ETF|军工ETF|消费ETF|恒生ETF|白银LOF|纳指ETF|标普500ETF|日经225ETF|欧洲ETF|黄金ETF|有色金属期货ETF|能源化工期货ETF|豆粕ETF|煤炭ETF|原油ETF,中证2000ETF,中证2000ETF:no_observations
2022-12-16,29,60,可转债ETF|5年国债ETF|10年国债ETF|信用债ETF|日利ETF|沪深300ETF|中证500ETF|中证1000ETF|创业板ETF|红利ETF|半导体ETF|人工智能ETF|新能源ETF|科创50ETF|证券ETF|军工ETF|消费ETF|恒生ETF|白银LOF|纳指ETF|标普500ETF|日经225ETF|欧洲ETF|黄金ETF|有色金属期货ETF|能源化工期货ETF|豆粕ETF|煤炭ETF|原油ETF,中证2000ETF,中证2000ETF:no_observations
2022-12-23,29,60,可转债ETF|5年国债ETF|10年国债ETF|信用债ETF|日利ETF|沪深300ETF|中证500ETF|中证1000ETF|创业板ETF|红利ETF|半导体ETF|人工智能ETF|新能源ETF|科创50ETF|证券ETF|军工ETF|消费ETF|恒生ETF|白银LOF|纳指ETF|标普500ETF|日经225ETF|欧洲ETF|黄金ETF|有色金属期货ETF|能源化工期货ETF|豆粕ETF|煤炭ETF|原油ETF,中证2000ETF,中证2000ETF:no_observations
2022-12-30,29,60,可转债ETF|5年国债ETF|10年国债ETF|信用债ETF|日利ETF|沪深300ETF|中证500ETF|中证1000ETF|创业板ETF|红利ETF|半导体ETF|人工智能ETF|新能源ETF|科创50ETF|证券ETF|军工ETF|消费ETF|恒生ETF|白银LOF|纳指ETF|标普500ETF|日经225ETF|欧洲ETF|黄金ETF|有色金属期货ETF|能源化工期货ETF|豆粕ETF|煤炭ETF|原油ETF,中证2000ETF,中证2000ETF:no_observations
2023-01-06,29,60,可转债ETF|5年国债ETF|10年国债ETF|信用债ETF|日利ETF|沪深300ETF|中证500ETF|中证1000ETF|创业板ETF|红利ETF|半导体ETF|人工智能ETF|新能源ETF|科创50ETF|证券ETF|军工ETF|消费ETF|恒生ETF|白银LOF|纳指ETF|标普500ETF|日经225ETF|欧洲ETF|黄金ETF|有色金属期货ETF|能源化工期货ETF|豆粕ETF|煤炭ETF|原油ETF,中证2000ETF,中证2000ETF:no_observations
2023-01-13,29,60,可转债ETF|5年国债ETF|10年国债ETF|信用债ETF|日利ETF|沪深300ETF|中证500ETF|中证1000ETF|创业板ETF|红利ETF|半导体ETF|人工智能ETF|新能源ETF|科创50ETF|证券ETF|军工ETF|消费ETF|恒生ETF|白银LOF|纳指ETF|标普500ETF|日经225ETF|欧洲ETF|黄金ETF|有色金属期货ETF|能源化工期货ETF|豆粕ETF|煤炭ETF|原油ETF,中证2000ETF,中证2000ETF:no_observations
2023-01-20,29,60,可转债ETF|5年国债ETF|10年国债ETF|信用债ETF|日利ETF|沪深300ETF|中证500ETF|中证1000ETF|创业板ETF|红利ETF|半导体ETF|人工智能ETF|新能源ETF|科创50ETF|证券ETF|军工ETF|消费ETF|恒生ETF|白银LOF|纳指ETF|标普500ETF|日经225ETF|欧洲ETF|黄金ETF|有色金属期货ETF|能源化工期货ETF|豆粕ETF|煤炭ETF|原油ETF,中证2000ETF,中证2000ETF:no_observations
2023-02-03,29,60,可转债ETF|5年国债ETF|10年国债ETF|信用债ETF|日利ETF|沪深300ETF|中证500ETF|中证1000ETF|创业板ETF|红利ETF|半导体ETF|人工智能ETF|新能源ETF|科创50ETF|证券ETF|军工ETF|消费ETF|恒生ETF|白银LOF|纳指ETF|标普500ETF|日经225ETF|欧洲ETF|黄金ETF|有色金属期货ETF|能源化工期货ETF|豆粕ETF|煤炭ETF|原油ETF,中证2000ETF,中证2000ETF:no_observations
2023-02-10,29,60,可转债ETF|5年国债ETF|10年国债ETF|信用债ETF|日利ETF|沪深300ETF|中证500ETF|中证1000ETF|创业板ETF|红利ETF|半导体ETF|人工智能ETF|新能源ETF|科创50ETF|证券ETF|军工ETF|消费ETF|恒生ETF|白银LOF|纳指ETF|标普500ETF|日经225ETF|欧洲ETF|黄金ETF|有色金属期货ETF|能源化工期货ETF|豆粕ETF|煤炭ETF|原油ETF,中证2000ETF,中证2000ETF:no_observations
2023-02-17,29,60,可转债ETF|5年国债ETF|10年国债ETF|信用债ETF|日利ETF|沪深300ETF|中证500ETF|中证1000ETF|创业板ETF|红利ETF|半导体ETF|人工智能ETF|新能源ETF|科创50ETF|证券ETF|军工ETF|消费ETF|恒生ETF|白银LOF|纳指ETF|标普500ETF|日经225ETF|欧洲ETF|黄金ETF|有色金属期货ETF|能源化工期货ETF|豆粕ETF|煤炭ETF|原油ETF,中证2000ETF,中证2000ETF:no_observations
2023-02-24,29,60,可转债ETF|5年国债ETF|10年国债ETF|信用债ETF|日利ETF|沪深300ETF|中证500ETF|中证1000ETF|创业板ETF|红利ETF|半导体ETF|人工智能ETF|新能源ETF|科创50ETF|证券ETF|军工ETF|消费ETF|恒生ETF|白银LOF|纳指ETF|标普500ETF|日经225ETF|欧洲ETF|黄金ETF|有色金属期货ETF|能源化工期货ETF|豆粕ETF|煤炭ETF|原油ETF,中证2000ETF,中证2000ETF:no_observations
2023-03-03,29,60,可转债ETF|5年国债ETF|10年国债ETF|信用债ETF|日利ETF|沪深300ETF|中证500ETF|中证1000ETF|创业板ETF|红利ETF|半导体ETF|人工智能ETF|新能源ETF|科创50ETF|证券ETF|军工ETF|消费ETF|恒生ETF|白银LOF|纳指ETF|标普500ETF|日经225ETF|欧洲ETF|黄金ETF|有色金属期货ETF|能源化工期货ETF|豆粕ETF|煤炭ETF|原油ETF,中证2000ETF,中证2000ETF:no_observations
2023-03-10,29,60,可转债ETF|5年国债ETF|10年国债ETF|信用债ETF|日利ETF|沪深300ETF|中证500ETF|中证1000ETF|创业板ETF|红利ETF|半导体ETF|人工智能ETF|新能源ETF|科创50ETF|证券ETF|军工ETF|消费ETF|恒生ETF|白银LOF|纳指ETF|标普500ETF|日经225ETF|欧洲ETF|黄金ETF|有色金属期货ETF|能源化工期货ETF|豆粕ETF|煤炭ETF|原油ETF,中证2000ETF,中证2000ETF:no_observations
2023-03-17,29,60,可转债ETF|5年国债ETF|10年国债ETF|信用债ETF|日利ETF|沪深300ETF|中证500ETF|中证1000ETF|创业板ETF|红利ETF|半导体ETF|人工智能ETF|新能源ETF|科创50ETF|证券ETF|军工ETF|消费ETF|恒生ETF|白银LOF|纳指ETF|标普500ETF|日经225ETF|欧洲ETF|黄金ETF|有色金属期货ETF|能源化工期货ETF|豆粕ETF|煤炭ETF|原油ETF,中证2000ETF,中证2000ETF:no_observations
2023-03-24,29,60,可转债ETF|5年国债ETF|10年国债ETF|信用债ETF|日利ETF|沪深300ETF|中证500ETF|中证1000ETF|创业板ETF|红利ETF|半导体ETF|人工智能ETF|新能源ETF|科创50ETF|证券ETF|军工ETF|消费ETF|恒生ETF|白银LOF|纳指ETF|标普500ETF|日经225ETF|欧洲ETF|黄金ETF|有色金属期货ETF|能源化工期货ETF|豆粕ETF|煤炭ETF|原油ETF,中证2000ETF,中证2000ETF:no_observations
2023-03-31,29,60,可转债ETF|5年国债ETF|10年国债ETF|信用债ETF|日利ETF|沪深300ETF|中证500ETF|中证1000ETF|创业板ETF|红利ETF|半导体ETF|人工智能ETF|新能源ETF|科创50ETF|证券ETF|军工ETF|消费ETF|恒生ETF|白银LOF|纳指ETF|标普500ETF|日经225ETF|欧洲ETF|黄金ETF|有色金属期货ETF|能源化工期货ETF|豆粕ETF|煤炭ETF|原油ETF,中证2000ETF,中证2000ETF:no_observations
2023-04-07,29,60,可转债ETF|5年国债ETF|10年国债ETF|信用债ETF|日利ETF|沪深300ETF|中证500ETF|中证1000ETF|创业板ETF|红利ETF|半导体ETF|人工智能ETF|新能源ETF|科创50ETF|证券ETF|军工ETF|消费ETF|恒生ETF|白银LOF|纳指ETF|标普500ETF|日经225ETF|欧洲ETF|黄金ETF|有色金属期货ETF|能源化工期货ETF|豆粕ETF|煤炭ETF|原油ETF,中证2000ETF,中证2000ETF:no_observations
2023-04-14,29,60,可转债ETF|5年国债ETF|10年国债ETF|信用债ETF|日利ETF|沪深300ETF|中证500ETF|中证1000ETF|创业板ETF|红利ETF|半导体ETF|人工智能ETF|新能源ETF|科创50ETF|证券ETF|军工ETF|消费ETF|恒生ETF|白银LOF|纳指ETF|标普500ETF|日经225ETF|欧洲ETF|黄金ETF|有色金属期货ETF|能源化工期货ETF|豆粕ETF|煤炭ETF|原油ETF,中证2000ETF,中证2000ETF:no_observations
2023-04-21,29,60,可转债ETF|5年国债ETF|10年国债ETF|信用债ETF|日利ETF|沪深300ETF|中证500ETF|中证1000ETF|创业板ETF|红利ETF|半导体ETF|人工智能ETF|新能源ETF|科创50ETF|证券ETF|军工ETF|消费ETF|恒生ETF|白银LOF|纳指ETF|标普500ETF|日经225ETF|欧洲ETF|黄金ETF|有色金属期货ETF|能源化工期货ETF|豆粕ETF|煤炭ETF|原油ETF,中证2000ETF,中证2000ETF:no_observations
2023-04-28,29,60,可转债ETF|5年国债ETF|10年国债ETF|信用债ETF|日利ETF|沪深300ETF|中证500ETF|中证1000ETF|创业板ETF|红利ETF|半导体ETF|人工智能ETF|新能源ETF|科创50ETF|证券ETF|军工ETF|消费ETF|恒生ETF|白银LOF|纳指ETF|标普500ETF|日经225ETF|欧洲ETF|黄金ETF|有色金属期货ETF|能源化工期货ETF|豆粕ETF|煤炭ETF|原油ETF,中证2000ETF,中证2000ETF:no_observations
2023-05-05,29,60,可转债ETF|5年国债ETF|10年国债ETF|信用债ETF|日利ETF|沪深300ETF|中证500ETF|中证1000ETF|创业板ETF|红利ETF|半导体ETF|人工智能ETF|新能源ETF|科创50ETF|证券ETF|军工ETF|消费ETF|恒生ETF|白银LOF|纳指ETF|标普500ETF|日经225ETF|欧洲ETF|黄金ETF|有色金属期货ETF|能源化工期货ETF|豆粕ETF|煤炭ETF|原油ETF,中证2000ETF,中证2000ETF:no_observations
2023-05-12,29,60,可转债ETF|5年国债ETF|10年国债ETF|信用债ETF|日利ETF|沪深300ETF|中证500ETF|中证1000ETF|创业板ETF|红利ETF|半导体ETF|人工智能ETF|新能源ETF|科创50ETF|证券ETF|军工ETF|消费ETF|恒生ETF|白银LOF|纳指ETF|标普500ETF|日经225ETF|欧洲ETF|黄金ETF|有色金属期货ETF|能源化工期货ETF|豆粕ETF|煤炭ETF|原油ETF,中证2000ETF,中证2000ETF:no_observations
2023-05-19,29,60,可转债ETF|5年国债ETF|10年国债ETF|信用债ETF|日利ETF|沪深300ETF|中证500ETF|中证1000ETF|创业板ETF|红利ETF|半导体ETF|人工智能ETF|新能源ETF|科创50ETF|证券ETF|军工ETF|消费ETF|恒生ETF|白银LOF|纳指ETF|标普500ETF|日经225ETF|欧洲ETF|黄金ETF|有色金属期货ETF|能源化工期货ETF|豆粕ETF|煤炭ETF|原油ETF,中证2000ETF,中证2000ETF:no_observations
2023-05-26,29,60,可转债ETF|5年国债ETF|10年国债ETF|信用债ETF|日利ETF|沪深300ETF|中证500ETF|中证1000ETF|创业板ETF|红利ETF|半导体ETF|人工智能ETF|新能源ETF|科创50ETF|证券ETF|军工ETF|消费ETF|恒生ETF|白银LOF|纳指ETF|标普500ETF|日经225ETF|欧洲ETF|黄金ETF|有色金属期货ETF|能源化工期货ETF|豆粕ETF|煤炭ETF|原油ETF,中证2000ETF,中证2000ETF:no_observations
2023-06-02,29,60,可转债ETF|5年国债ETF|10年国债ETF|信用债ETF|日利ETF|沪深300ETF|中证500ETF|中证1000ETF|创业板ETF|红利ETF|半导体ETF|人工智能ETF|新能源ETF|科创50ETF|证券ETF|军工ETF|消费ETF|恒生ETF|白银LOF|纳指ETF|标普500ETF|日经225ETF|欧洲ETF|黄金ETF|有色金属期货ETF|能源化工期货ETF|豆粕ETF|煤炭ETF|原油ETF,中证2000ETF,中证2000ETF:no_observations
2023-06-09,29,60,可转债ETF|5年国债ETF|10年国债ETF|信用债ETF|日利ETF|沪深300ETF|中证500ETF|中证1000ETF|创业板ETF|红利ETF|半导体ETF|人工智能ETF|新能源ETF|科创50ETF|证券ETF|军工ETF|消费ETF|恒生ETF|白银LOF|纳指ETF|标普500ETF|日经225ETF|欧洲ETF|黄金ETF|有色金属期货ETF|能源化工期货ETF|豆粕ETF|煤炭ETF|原油ETF,中证2000ETF,中证2000ETF:no_observations
2023-06-16,29,60,可转债ETF|5年国债ETF|10年国债ETF|信用债ETF|日利ETF|沪深300ETF|中证500ETF|中证1000ETF|创业板ETF|红利ETF|半导体ETF|人工智能ETF|新能源ETF|科创50ETF|证券ETF|军工ETF|消费ETF|恒生ETF|白银LOF|纳指ETF|标普500ETF|日经225ETF|欧洲ETF|黄金ETF|有色金属期货ETF|能源化工期货ETF|豆粕ETF|煤炭ETF|原油ETF,中证2000ETF,中证2000ETF:no_observations
2023-06-21,29,60,可转债ETF|5年国债ETF|10年国债ETF|信用债ETF|日利ETF|沪深300ETF|中证500ETF|中证1000ETF|创业板ETF|红利ETF|半导体ETF|人工智能ETF|新能源ETF|科创50ETF|证券ETF|军工ETF|消费ETF|恒生ETF|白银LOF|纳指ETF|标普500ETF|日经225ETF|欧洲ETF|黄金ETF|有色金属期货ETF|能源化工期货ETF|豆粕ETF|煤炭ETF|原油ETF,中证2000ETF,中证2000ETF:no_observations
2023-06-30,29,60,可转债ETF|5年国债ETF|10年国债ETF|信用债ETF|日利ETF|沪深300ETF|中证500ETF|中证1000ETF|创业板ETF|红利ETF|半导体ETF|人工智能ETF|新能源ETF|科创50ETF|证券ETF|军工ETF|消费ETF|恒生ETF|白银LOF|纳指ETF|标普500ETF|日经225ETF|欧洲ETF|黄金ETF|有色金属期货ETF|能源化工期货ETF|豆粕ETF|煤炭ETF|原油ETF,中证2000ETF,中证2000ETF:no_observations
2023-07-07,29,60,可转债ETF|5年国债ETF|10年国债ETF|信用债ETF|日利ETF|沪深300ETF|中证500ETF|中证1000ETF|创业板ETF|红利ETF|半导体ETF|人工智能ETF|新能源ETF|科创50ETF|证券ETF|军工ETF|消费ETF|恒生ETF|白银LOF|纳指ETF|标普500ETF|日经225ETF|欧洲ETF|黄金ETF|有色金属期货ETF|能源化工期货ETF|豆粕ETF|煤炭ETF|原油ETF,中证2000ETF,中证2000ETF:no_observations
2023-07-14,29,60,可转债ETF|5年国债ETF|10年国债ETF|信用债ETF|日利ETF|沪深300ETF|中证500ETF|中证1000ETF|创业板ETF|红利ETF|半导体ETF|人工智能ETF|新能源ETF|科创50ETF|证券ETF|军工ETF|消费ETF|恒生ETF|白银LOF|纳指ETF|标普500ETF|日经225ETF|欧洲ETF|黄金ETF|有色金属期货ETF|能源化工期货ETF|豆粕ETF|煤炭ETF|原油ETF,中证2000ETF,中证2000ETF:no_observations
2023-07-21,29,60,可转债ETF|5年国债ETF|10年国债ETF|信用债ETF|日利ETF|沪深300ETF|中证500ETF|中证1000ETF|创业板ETF|红利ETF|半导体ETF|人工智能ETF|新能源ETF|科创50ETF|证券ETF|军工ETF|消费ETF|恒生ETF|白银LOF|纳指ETF|标普500ETF|日经225ETF|欧洲ETF|黄金ETF|有色金属期货ETF|能源化工期货ETF|豆粕ETF|煤炭ETF|原油ETF,中证2000ETF,中证2000ETF:no_observations
2023-07-28,29,60,可转债ETF|5年国债ETF|10年国债ETF|信用债ETF|日利ETF|沪深300ETF|中证500ETF|中证1000ETF|创业板ETF|红利ETF|半导体ETF|人工智能ETF|新能源ETF|科创50ETF|证券ETF|军工ETF|消费ETF|恒生ETF|白银LOF|纳指ETF|标普500ETF|日经225ETF|欧洲ETF|黄金ETF|有色金属期货ETF|能源化工期货ETF|豆粕ETF|煤炭ETF|原油ETF,中证2000ETF,中证2000ETF:no_observations
2023-08-04,29,60,可转债ETF|5年国债ETF|10年国债ETF|信用债ETF|日利ETF|沪深300ETF|中证500ETF|中证1000ETF|创业板ETF|红利ETF|半导体ETF|人工智能ETF|新能源ETF|科创50ETF|证券ETF|军工ETF|消费ETF|恒生ETF|白银LOF|纳指ETF|标普500ETF|日经225ETF|欧洲ETF|黄金ETF|有色金属期货ETF|能源化工期货ETF|豆粕ETF|煤炭ETF|原油ETF,中证2000ETF,中证2000ETF:no_observations
2023-08-11,29,60,可转债ETF|5年国债ETF|10年国债ETF|信用债ETF|日利ETF|沪深300ETF|中证500ETF|中证1000ETF|创业板ETF|红利ETF|半导体ETF|人工智能ETF|新能源ETF|科创50ETF|证券ETF|军工ETF|消费ETF|恒生ETF|白银LOF|纳指ETF|标普500ETF|日经225ETF|欧洲ETF|黄金ETF|有色金属期货ETF|能源化工期货ETF|豆粕ETF|煤炭ETF|原油ETF,中证2000ETF,中证2000ETF:no_observations
2023-08-18,29,60,可转债ETF|5年国债ETF|10年国债ETF|信用债ETF|日利ETF|沪深300ETF|中证500ETF|中证1000ETF|创业板ETF|红利ETF|半导体ETF|人工智能ETF|新能源ETF|科创50ETF|证券ETF|军工ETF|消费ETF|恒生ETF|白银LOF|纳指ETF|标普500ETF|日经225ETF|欧洲ETF|黄金ETF|有色金属期货ETF|能源化工期货ETF|豆粕ETF|煤炭ETF|原油ETF,中证2000ETF,中证2000ETF:no_observations
2023-08-25,29,60,可转债ETF|5年国债ETF|10年国债ETF|信用债ETF|日利ETF|沪深300ETF|中证500ETF|中证1000ETF|创业板ETF|红利ETF|半导体ETF|人工智能ETF|新能源ETF|科创50ETF|证券ETF|军工ETF|消费ETF|恒生ETF|白银LOF|纳指ETF|标普500ETF|日经225ETF|欧洲ETF|黄金ETF|有色金属期货ETF|能源化工期货ETF|豆粕ETF|煤炭ETF|原油ETF,中证2000ETF,中证2000ETF:no_observations
2023-09-01,29,60,可转债ETF|5年国债ETF|10年国债ETF|信用债ETF|日利ETF|沪深300ETF|中证500ETF|中证1000ETF|创业板ETF|红利ETF|半导体ETF|人工智能ETF|新能源ETF|科创50ETF|证券ETF|军工ETF|消费ETF|恒生ETF|白银LOF|纳指ETF|标普500ETF|日经225ETF|欧洲ETF|黄金ETF|有色金属期货ETF|能源化工期货ETF|豆粕ETF|煤炭ETF|原油ETF,中证2000ETF,中证2000ETF:no_observations
2023-09-08,29,60,可转债ETF|5年国债ETF|10年国债ETF|信用债ETF|日利ETF|沪深300ETF|中证500ETF|中证1000ETF|创业板ETF|红利ETF|半导体ETF|人工智能ETF|新能源ETF|科创50ETF|证券ETF|军工ETF|消费ETF|恒生ETF|白银LOF|纳指ETF|标普500ETF|日经225ETF|欧洲ETF|黄金ETF|有色金属期货ETF|能源化工期货ETF|豆粕ETF|煤炭ETF|原油ETF,中证2000ETF,中证2000ETF:no_observations
2023-09-15,29,60,可转债ETF|5年国债ETF|10年国债ETF|信用债ETF|日利ETF|沪深300ETF|中证500ETF|中证1000ETF|创业板ETF|红利ETF|半导体ETF|人工智能ETF|新能源ETF|科创50ETF|证券ETF|军工ETF|消费ETF|恒生ETF|白银LOF|纳指ETF|标普500ETF|日经225ETF|欧洲ETF|黄金ETF|有色金属期货ETF|能源化工期货ETF|豆粕ETF|煤炭ETF|原油ETF,中证2000ETF,中证2000ETF:no_observations
2023-09-22,29,60,可转债ETF|5年国债ETF|10年国债ETF|信用债ETF|日利ETF|沪深300ETF|中证500ETF|中证1000ETF|创业板ETF|红利ETF|半导体ETF|人工智能ETF|新能源ETF|科创50ETF|证券ETF|军工ETF|消费ETF|恒生ETF|白银LOF|纳指ETF|标普500ETF|日经225ETF|欧洲ETF|黄金ETF|有色金属期货ETF|能源化工期货ETF|豆粕ETF|煤炭ETF|原油ETF,中证2000ETF,中证2000ETF:insufficient_observations(5)
2023-09-28,29,60,可转债ETF|5年国债ETF|10年国债ETF|信用债ETF|日利ETF|沪深300ETF|中证500ETF|中证1000ETF|创业板ETF|红利ETF|半导体ETF|人工智能ETF|新能源ETF|科创50ETF|证券ETF|军工ETF|消费ETF|恒生ETF|白银LOF|纳指ETF|标普500ETF|日经225ETF|欧洲ETF|黄金ETF|有色金属期货ETF|能源化工期货ETF|豆粕ETF|煤炭ETF|原油ETF,中证2000ETF,中证2000ETF:insufficient_observations(9)
2023-10-13,29,60,可转债ETF|5年国债ETF|10年国债ETF|信用债ETF|日利ETF|沪深300ETF|中证500ETF|中证1000ETF|创业板ETF|红利ETF|半导体ETF|人工智能ETF|新能源ETF|科创50ETF|证券ETF|军工ETF|消费ETF|恒生ETF|白银LOF|纳指ETF|标普500ETF|日经225ETF|欧洲ETF|黄金ETF|有色金属期货ETF|能源化工期货ETF|豆粕ETF|煤炭ETF|原油ETF,中证2000ETF,中证2000ETF:insufficient_observations(14)
2023-10-20,29,60,可转债ETF|5年国债ETF|10年国债ETF|信用债ETF|日利ETF|沪深300ETF|中证500ETF|中证1000ETF|创业板ETF|红利ETF|半导体ETF|人工智能ETF|新能源ETF|科创50ETF|证券ETF|军工ETF|消费ETF|恒生ETF|白银LOF|纳指ETF|标普500ETF|日经225ETF|欧洲ETF|黄金ETF|有色金属期货ETF|能源化工期货ETF|豆粕ETF|煤炭ETF|原油ETF,中证2000ETF,中证2000ETF:insufficient_observations(19)
2023-10-27,29,60,可转债ETF|5年国债ETF|10年国债ETF|信用债ETF|日利ETF|沪深300ETF|中证500ETF|中证1000ETF|创业板ETF|红利ETF|半导体ETF|人工智能ETF|新能源ETF|科创50ETF|证券ETF|军工ETF|消费ETF|恒生ETF|白银LOF|纳指ETF|标普500ETF|日经225ETF|欧洲ETF|黄金ETF|有色金属期货ETF|能源化工期货ETF|豆粕ETF|煤炭ETF|原油ETF,中证2000ETF,中证2000ETF:insufficient_observations(24)
2023-11-03,29,60,可转债ETF|5年国债ETF|10年国债ETF|信用债ETF|日利ETF|沪深300ETF|中证500ETF|中证1000ETF|创业板ETF|红利ETF|半导体ETF|人工智能ETF|新能源ETF|科创50ETF|证券ETF|军工ETF|消费ETF|恒生ETF|白银LOF|纳指ETF|标普500ETF|日经225ETF|欧洲ETF|黄金ETF|有色金属期货ETF|能源化工期货ETF|豆粕ETF|煤炭ETF|原油ETF,中证2000ETF,中证2000ETF:insufficient_observations(29)
2023-11-10,29,60,可转债ETF|5年国债ETF|10年国债ETF|信用债ETF|日利ETF|沪深300ETF|中证500ETF|中证1000ETF|创业板ETF|红利ETF|半导体ETF|人工智能ETF|新能源ETF|科创50ETF|证券ETF|军工ETF|消费ETF|恒生ETF|白银LOF|纳指ETF|标普500ETF|日经225ETF|欧洲ETF|黄金ETF|有色金属期货ETF|能源化工期货ETF|豆粕ETF|煤炭ETF|原油ETF,中证2000ETF,中证2000ETF:insufficient_observations(34)
2023-11-17,29,60,可转债ETF|5年国债ETF|10年国债ETF|信用债ETF|日利ETF|沪深300ETF|中证500ETF|中证1000ETF|创业板ETF|红利ETF|半导体ETF|人工智能ETF|新能源ETF|科创50ETF|证券ETF|军工ETF|消费ETF|恒生ETF|白银LOF|纳指ETF|标普500ETF|日经225ETF|欧洲ETF|黄金ETF|有色金属期货ETF|能源化工期货ETF|豆粕ETF|煤炭ETF|原油ETF,中证2000ETF,中证2000ETF:insufficient_observations(39)
2023-11-24,29,60,可转债ETF|5年国债ETF|10年国债ETF|信用债ETF|日利ETF|沪深300ETF|中证500ETF|中证1000ETF|创业板ETF|红利ETF|半导体ETF|人工智能ETF|新能源ETF|科创50ETF|证券ETF|军工ETF|消费ETF|恒生ETF|白银LOF|纳指ETF|标普500ETF|日经225ETF|欧洲ETF|黄金ETF|有色金属期货ETF|能源化工期货ETF|豆粕ETF|煤炭ETF|原油ETF,中证2000ETF,中证2000ETF:insufficient_observations(44)
2023-12-01,29,60,可转债ETF|5年国债ETF|10年国债ETF|信用债ETF|日利ETF|沪深300ETF|中证500ETF|中证1000ETF|创业板ETF|红利ETF|半导体ETF|人工智能ETF|新能源ETF|科创50ETF|证券ETF|军工ETF|消费ETF|恒生ETF|白银LOF|纳指ETF|标普500ETF|日经225ETF|欧洲ETF|黄金ETF|有色金属期货ETF|能源化工期货ETF|豆粕ETF|煤炭ETF|原油ETF,中证2000ETF,中证2000ETF:insufficient_observations(49)
2023-12-08,29,60,可转债ETF|5年国债ETF|10年国债ETF|信用债ETF|日利ETF|沪深300ETF|中证500ETF|中证1000ETF|创业板ETF|红利ETF|半导体ETF|人工智能ETF|新能源ETF|科创50ETF|证券ETF|军工ETF|消费ETF|恒生ETF|白银LOF|纳指ETF|标普500ETF|日经225ETF|欧洲ETF|黄金ETF|有色金属期货ETF|能源化工期货ETF|豆粕ETF|煤炭ETF|原油ETF,中证2000ETF,中证2000ETF:insufficient_observations(54)
2023-12-15,29,60,可转债ETF|5年国债ETF|10年国债ETF|信用债ETF|日利ETF|沪深300ETF|中证500ETF|中证1000ETF|创业板ETF|红利ETF|半导体ETF|人工智能ETF|新能源ETF|科创50ETF|证券ETF|军工ETF|消费ETF|恒生ETF|白银LOF|纳指ETF|标普500ETF|日经225ETF|欧洲ETF|黄金ETF|有色金属期货ETF|能源化工期货ETF|豆粕ETF|煤炭ETF|原油ETF,中证2000ETF,中证2000ETF:insufficient_observations(59)
2023-12-22,30,60,可转债ETF|5年国债ETF|10年国债ETF|信用债ETF|日利ETF|沪深300ETF|中证500ETF|中证1000ETF|中证2000ETF|创业板ETF|红利ETF|半导体ETF|人工智能ETF|新能源ETF|科创50ETF|证券ETF|军工ETF|消费ETF|恒生ETF|白银LOF|纳指ETF|标普500ETF|日经225ETF|欧洲ETF|黄金ETF|有色金属期货ETF|能源化工期货ETF|豆粕ETF|煤炭ETF|原油ETF,,
2023-12-29,30,60,可转债ETF|5年国债ETF|10年国债ETF|信用债ETF|日利ETF|沪深300ETF|中证500ETF|中证1000ETF|中证2000ETF|创业板ETF|红利ETF|半导体ETF|人工智能ETF|新能源ETF|科创50ETF|证券ETF|军工ETF|消费ETF|恒生ETF|白银LOF|纳指ETF|标普500ETF|日经225ETF|欧洲ETF|黄金ETF|有色金属期货ETF|能源化工期货ETF|豆粕ETF|煤炭ETF|原油ETF,,
2024-01-05,30,60,可转债ETF|5年国债ETF|10年国债ETF|信用债ETF|日利ETF|沪深300ETF|中证500ETF|中证1000ETF|中证2000ETF|创业板ETF|红利ETF|半导体ETF|人工智能ETF|新能源ETF|科创50ETF|证券ETF|军工ETF|消费ETF|恒生ETF|白银LOF|纳指ETF|标普500ETF|日经225ETF|欧洲ETF|黄金ETF|有色金属期货ETF|能源化工期货ETF|豆粕ETF|煤炭ETF|原油ETF,,
2024-01-12,30,60,可转债ETF|5年国债ETF|10年国债ETF|信用债ETF|日利ETF|沪深300ETF|中证500ETF|中证1000ETF|中证2000ETF|创业板ETF|红利ETF|半导体ETF|人工智能ETF|新能源ETF|科创50ETF|证券ETF|军工ETF|消费ETF|恒生ETF|白银LOF|纳指ETF|标普500ETF|日经225ETF|欧洲ETF|黄金ETF|有色金属期货ETF|能源化工期货ETF|豆粕ETF|煤炭ETF|原油ETF,,
2024-01-19,30,60,可转债ETF|5年国债ETF|10年国债ETF|信用债ETF|日利ETF|沪深300ETF|中证500ETF|中证1000ETF|中证2000ETF|创业板ETF|红利ETF|半导体ETF|人工智能ETF|新能源ETF|科创50ETF|证券ETF|军工ETF|消费ETF|恒生ETF|白银LOF|纳指ETF|标普500ETF|日经225ETF|欧洲ETF|黄金ETF|有色金属期货ETF|能源化工期货ETF|豆粕ETF|煤炭ETF|原油ETF,,
2024-01-26,30,60,可转债ETF|5年国债ETF|10年国债ETF|信用债ETF|日利ETF|沪深300ETF|中证500ETF|中证1000ETF|中证2000ETF|创业板ETF|红利ETF|半导体ETF|人工智能ETF|新能源ETF|科创50ETF|证券ETF|军工ETF|消费ETF|恒生ETF|白银LOF|纳指ETF|标普500ETF|日经225ETF|欧洲ETF|黄金ETF|有色金属期货ETF|能源化工期货ETF|豆粕ETF|煤炭ETF|原油ETF,,
2024-02-02,30,60,可转债ETF|5年国债ETF|10年国债ETF|信用债ETF|日利ETF|沪深300ETF|中证500ETF|中证1000ETF|中证2000ETF|创业板ETF|红利ETF|半导体ETF|人工智能ETF|新能源ETF|科创50ETF|证券ETF|军工ETF|消费ETF|恒生ETF|白银LOF|纳指ETF|标普500ETF|日经225ETF|欧洲ETF|黄金ETF|有色金属期货ETF|能源化工期货ETF|豆粕ETF|煤炭ETF|原油ETF,,
2024-02-08,30,60,可转债ETF|5年国债ETF|10年国债ETF|信用债ETF|日利ETF|沪深300ETF|中证500ETF|中证1000ETF|中证2000ETF|创业板ETF|红利ETF|半导体ETF|人工智能ETF|新能源ETF|科创50ETF|证券ETF|军工ETF|消费ETF|恒生ETF|白银LOF|纳指ETF|标普500ETF|日经225ETF|欧洲ETF|黄金ETF|有色金属期货ETF|能源化工期货ETF|豆粕ETF|煤炭ETF|原油ETF,,
2024-02-23,30,60,可转债ETF|5年国债ETF|10年国债ETF|信用债ETF|日利ETF|沪深300ETF|中证500ETF|中证1000ETF|中证2000ETF|创业板ETF|红利ETF|半导体ETF|人工智能ETF|新能源ETF|科创50ETF|证券ETF|军工ETF|消费ETF|恒生ETF|白银LOF|纳指ETF|标普500ETF|日经225ETF|欧洲ETF|黄金ETF|有色金属期货ETF|能源化工期货ETF|豆粕ETF|煤炭ETF|原油ETF,,
2024-03-01,30,60,可转债ETF|5年国债ETF|10年国债ETF|信用债ETF|日利ETF|沪深300ETF|中证500ETF|中证1000ETF|中证2000ETF|创业板ETF|红利ETF|半导体ETF|人工智能ETF|新能源ETF|科创50ETF|证券ETF|军工ETF|消费ETF|恒生ETF|白银LOF|纳指ETF|标普500ETF|日经225ETF|欧洲ETF|黄金ETF|有色金属期货ETF|能源化工期货ETF|豆粕ETF|煤炭ETF|原油ETF,,
2024-03-08,30,60,可转债ETF|5年国债ETF|10年国债ETF|信用债ETF|日利ETF|沪深300ETF|中证500ETF|中证1000ETF|中证2000ETF|创业板ETF|红利ETF|半导体ETF|人工智能ETF|新能源ETF|科创50ETF|证券ETF|军工ETF|消费ETF|恒生ETF|白银LOF|纳指ETF|标普500ETF|日经225ETF|欧洲ETF|黄金ETF|有色金属期货ETF|能源化工期货ETF|豆粕ETF|煤炭ETF|原油ETF,,
2024-03-15,30,60,可转债ETF|5年国债ETF|10年国债ETF|信用债ETF|日利ETF|沪深300ETF|中证500ETF|中证1000ETF|中证2000ETF|创业板ETF|红利ETF|半导体ETF|人工智能ETF|新能源ETF|科创50ETF|证券ETF|军工ETF|消费ETF|恒生ETF|白银LOF|纳指ETF|标普500ETF|日经225ETF|欧洲ETF|黄金ETF|有色金属期货ETF|能源化工期货ETF|豆粕ETF|煤炭ETF|原油ETF,,
2024-03-22,30,60,可转债ETF|5年国债ETF|10年国债ETF|信用债ETF|日利ETF|沪深300ETF|中证500ETF|中证1000ETF|中证2000ETF|创业板ETF|红利ETF|半导体ETF|人工智能ETF|新能源ETF|科创50ETF|证券ETF|军工ETF|消费ETF|恒生ETF|白银LOF|纳指ETF|标普500ETF|日经225ETF|欧洲ETF|黄金ETF|有色金属期货ETF|能源化工期货ETF|豆粕ETF|煤炭ETF|原油ETF,,
2024-03-29,30,60,可转债ETF|5年国债ETF|10年国债ETF|信用债ETF|日利ETF|沪深300ETF|中证500ETF|中证1000ETF|中证2000ETF|创业板ETF|红利ETF|半导体ETF|人工智能ETF|新能源ETF|科创50ETF|证券ETF|军工ETF|消费ETF|恒生ETF|白银LOF|纳指ETF|标普500ETF|日经225ETF|欧洲ETF|黄金ETF|有色金属期货ETF|能源化工期货ETF|豆粕ETF|煤炭ETF|原油ETF,,
2024-04-03,30,60,可转债ETF|5年国债ETF|10年国债ETF|信用债ETF|日利ETF|沪深300ETF|中证500ETF|中证1000ETF|中证2000ETF|创业板ETF|红利ETF|半导体ETF|人工智能ETF|新能源ETF|科创50ETF|证券ETF|军工ETF|消费ETF|恒生ETF|白银LOF|纳指ETF|标普500ETF|日经225ETF|欧洲ETF|黄金ETF|有色金属期货ETF|能源化工期货ETF|豆粕ETF|煤炭ETF|原油ETF,,
2024-04-12,30,60,可转债ETF|5年国债ETF|10年国债ETF|信用债ETF|日利ETF|沪深300ETF|中证500ETF|中证1000ETF|中证2000ETF|创业板ETF|红利ETF|半导体ETF|人工智能ETF|新能源ETF|科创50ETF|证券ETF|军工ETF|消费ETF|恒生ETF|白银LOF|纳指ETF|标普500ETF|日经225ETF|欧洲ETF|黄金ETF|有色金属期货ETF|能源化工期货ETF|豆粕ETF|煤炭ETF|原油ETF,,
2024-04-19,30,60,可转债ETF|5年国债ETF|10年国债ETF|信用债ETF|日利ETF|沪深300ETF|中证500ETF|中证1000ETF|中证2000ETF|创业板ETF|红利ETF|半导体ETF|人工智能ETF|新能源ETF|科创50ETF|证券ETF|军工ETF|消费ETF|恒生ETF|白银LOF|纳指ETF|标普500ETF|日经225ETF|欧洲ETF|黄金ETF|有色金属期货ETF|能源化工期货ETF|豆粕ETF|煤炭ETF|原油ETF,,
2024-04-26,30,60,可转债ETF|5年国债ETF|10年国债ETF|信用债ETF|日利ETF|沪深300ETF|中证500ETF|中证1000ETF|中证2000ETF|创业板ETF|红利ETF|半导体ETF|人工智能ETF|新能源ETF|科创50ETF|证券ETF|军工ETF|消费ETF|恒生ETF|白银LOF|纳指ETF|标普500ETF|日经225ETF|欧洲ETF|黄金ETF|有色金属期货ETF|能源化工期货ETF|豆粕ETF|煤炭ETF|原油ETF,,
2024-04-30,30,60,可转债ETF|5年国债ETF|10年国债ETF|信用债ETF|日利ETF|沪深300ETF|中证500ETF|中证1000ETF|中证2000ETF|创业板ETF|红利ETF|半导体ETF|人工智能ETF|新能源ETF|科创50ETF|证券ETF|军工ETF|消费ETF|恒生ETF|白银LOF|纳指ETF|标普500ETF|日经225ETF|欧洲ETF|黄金ETF|有色金属期货ETF|能源化工期货ETF|豆粕ETF|煤炭ETF|原油ETF,,
2024-05-10,30,60,可转债ETF|5年国债ETF|10年国债ETF|信用债ETF|日利ETF|沪深300ETF|中证500ETF|中证1000ETF|中证2000ETF|创业板ETF|红利ETF|半导体ETF|人工智能ETF|新能源ETF|科创50ETF|证券ETF|军工ETF|消费ETF|恒生ETF|白银LOF|纳指ETF|标普500ETF|日经225ETF|欧洲ETF|黄金ETF|有色金属期货ETF|能源化工期货ETF|豆粕ETF|煤炭ETF|原油ETF,,
2024-05-17,30,60,可转债ETF|5年国债ETF|10年国债ETF|信用债ETF|日利ETF|沪深300ETF|中证500ETF|中证1000ETF|中证2000ETF|创业板ETF|红利ETF|半导体ETF|人工智能ETF|新能源ETF|科创50ETF|证券ETF|军工ETF|消费ETF|恒生ETF|白银LOF|纳指ETF|标普500ETF|日经225ETF|欧洲ETF|黄金ETF|有色金属期货ETF|能源化工期货ETF|豆粕ETF|煤炭ETF|原油ETF,,
2024-05-24,30,60,可转债ETF|5年国债ETF|10年国债ETF|信用债ETF|日利ETF|沪深300ETF|中证500ETF|中证1000ETF|中证2000ETF|创业板ETF|红利ETF|半导体ETF|人工智能ETF|新能源ETF|科创50ETF|证券ETF|军工ETF|消费ETF|恒生ETF|白银LOF|纳指ETF|标普500ETF|日经225ETF|欧洲ETF|黄金ETF|有色金属期货ETF|能源化工期货ETF|豆粕ETF|煤炭ETF|原油ETF,,
2024-05-31,30,60,可转债ETF|5年国债ETF|10年国债ETF|信用债ETF|日利ETF|沪深300ETF|中证500ETF|中证1000ETF|中证2000ETF|创业板ETF|红利ETF|半导体ETF|人工智能ETF|新能源ETF|科创50ETF|证券ETF|军工ETF|消费ETF|恒生ETF|白银LOF|纳指ETF|标普500ETF|日经225ETF|欧洲ETF|黄金ETF|有色金属期货ETF|能源化工期货ETF|豆粕ETF|煤炭ETF|原油ETF,,
2024-06-07,30,60,可转债ETF|5年国债ETF|10年国债ETF|信用债ETF|日利ETF|沪深300ETF|中证500ETF|中证1000ETF|中证2000ETF|创业板ETF|红利ETF|半导体ETF|人工智能ETF|新能源ETF|科创50ETF|证券ETF|军工ETF|消费ETF|恒生ETF|白银LOF|纳指ETF|标普500ETF|日经225ETF|欧洲ETF|黄金ETF|有色金属期货ETF|能源化工期货ETF|豆粕ETF|煤炭ETF|原油ETF,,
2024-06-14,30,60,可转债ETF|5年国债ETF|10年国债ETF|信用债ETF|日利ETF|沪深300ETF|中证500ETF|中证1000ETF|中证2000ETF|创业板ETF|红利ETF|半导体ETF|人工智能ETF|新能源ETF|科创50ETF|证券ETF|军工ETF|消费ETF|恒生ETF|白银LOF|纳指ETF|标普500ETF|日经225ETF|欧洲ETF|黄金ETF|有色金属期货ETF|能源化工期货ETF|豆粕ETF|煤炭ETF|原油ETF,,
2024-06-21,30,60,可转债ETF|5年国债ETF|10年国债ETF|信用债ETF|日利ETF|沪深300ETF|中证500ETF|中证1000ETF|中证2000ETF|创业板ETF|红利ETF|半导体ETF|人工智能ETF|新能源ETF|科创50ETF|证券ETF|军工ETF|消费ETF|恒生ETF|白银LOF|纳指ETF|标普500ETF|日经225ETF|欧洲ETF|黄金ETF|有色金属期货ETF|能源化工期货ETF|豆粕ETF|煤炭ETF|原油ETF,,
2024-06-28,30,60,可转债ETF|5年国债ETF|10年国债ETF|信用债ETF|日利ETF|沪深300ETF|中证500ETF|中证1000ETF|中证2000ETF|创业板ETF|红利ETF|半导体ETF|人工智能ETF|新能源ETF|科创50ETF|证券ETF|军工ETF|消费ETF|恒生ETF|白银LOF|纳指ETF|标普500ETF|日经225ETF|欧洲ETF|黄金ETF|有色金属期货ETF|能源化工期货ETF|豆粕ETF|煤炭ETF|原油ETF,,
2024-07-05,30,60,可转债ETF|5年国债ETF|10年国债ETF|信用债ETF|日利ETF|沪深300ETF|中证500ETF|中证1000ETF|中证2000ETF|创业板ETF|红利ETF|半导体ETF|人工智能ETF|新能源ETF|科创50ETF|证券ETF|军工ETF|消费ETF|恒生ETF|白银LOF|纳指ETF|标普500ETF|日经225ETF|欧洲ETF|黄金ETF|有色金属期货ETF|能源化工期货ETF|豆粕ETF|煤炭ETF|原油ETF,,
2024-07-12,30,60,可转债ETF|5年国债ETF|10年国债ETF|信用债ETF|日利ETF|沪深300ETF|中证500ETF|中证1000ETF|中证2000ETF|创业板ETF|红利ETF|半导体ETF|人工智能ETF|新能源ETF|科创50ETF|证券ETF|军工ETF|消费ETF|恒生ETF|白银LOF|纳指ETF|标普500ETF|日经225ETF|欧洲ETF|黄金ETF|有色金属期货ETF|能源化工期货ETF|豆粕ETF|煤炭ETF|原油ETF,,
2024-07-19,30,60,可转债ETF|5年国债ETF|10年国债ETF|信用债ETF|日利ETF|沪深300ETF|中证500ETF|中证1000ETF|中证2000ETF|创业板ETF|红利ETF|半导体ETF|人工智能ETF|新能源ETF|科创50ETF|证券ETF|军工ETF|消费ETF|恒生ETF|白银LOF|纳指ETF|标普500ETF|日经225ETF|欧洲ETF|黄金ETF|有色金属期货ETF|能源化工期货ETF|豆粕ETF|煤炭ETF|原油ETF,,
2024-07-26,30,60,可转债ETF|5年国债ETF|10年国债ETF|信用债ETF|日利ETF|沪深300ETF|中证500ETF|中证1000ETF|中证2000ETF|创业板ETF|红利ETF|半导体ETF|人工智能ETF|新能源ETF|科创50ETF|证券ETF|军工ETF|消费ETF|恒生ETF|白银LOF|纳指ETF|标普500ETF|日经225ETF|欧洲ETF|黄金ETF|有色金属期货ETF|能源化工期货ETF|豆粕ETF|煤炭ETF|原油ETF,,
2024-08-02,30,60,可转债ETF|5年国债ETF|10年国债ETF|信用债ETF|日利ETF|沪深300ETF|中证500ETF|中证1000ETF|中证2000ETF|创业板ETF|红利ETF|半导体ETF|人工智能ETF|新能源ETF|科创50ETF|证券ETF|军工ETF|消费ETF|恒生ETF|白银LOF|纳指ETF|标普500ETF|日经225ETF|欧洲ETF|黄金ETF|有色金属期货ETF|能源化工期货ETF|豆粕ETF|煤炭ETF|原油ETF,,
2024-08-09,30,60,可转债ETF|5年国债ETF|10年国债ETF|信用债ETF|日利ETF|沪深300ETF|中证500ETF|中证1000ETF|中证2000ETF|创业板ETF|红利ETF|半导体ETF|人工智能ETF|新能源ETF|科创50ETF|证券ETF|军工ETF|消费ETF|恒生ETF|白银LOF|纳指ETF|标普500ETF|日经225ETF|欧洲ETF|黄金ETF|有色金属期货ETF|能源化工期货ETF|豆粕ETF|煤炭ETF|原油ETF,,
2024-08-16,30,60,可转债ETF|5年国债ETF|10年国债ETF|信用债ETF|日利ETF|沪深300ETF|中证500ETF|中证1000ETF|中证2000ETF|创业板ETF|红利ETF|半导体ETF|人工智能ETF|新能源ETF|科创50ETF|证券ETF|军工ETF|消费ETF|恒生ETF|白银LOF|纳指ETF|标普500ETF|日经225ETF|欧洲ETF|黄金ETF|有色金属期货ETF|能源化工期货ETF|豆粕ETF|煤炭ETF|原油ETF,,
2024-08-23,30,60,可转债ETF|5年国债ETF|10年国债ETF|信用债ETF|日利ETF|沪深300ETF|中证500ETF|中证1000ETF|中证2000ETF|创业板ETF|红利ETF|半导体ETF|人工智能ETF|新能源ETF|科创50ETF|证券ETF|军工ETF|消费ETF|恒生ETF|白银LOF|纳指ETF|标普500ETF|日经225ETF|欧洲ETF|黄金ETF|有色金属期货ETF|能源化工期货ETF|豆粕ETF|煤炭ETF|原油ETF,,
2024-08-30,30,60,可转债ETF|5年国债ETF|10年国债ETF|信用债ETF|日利ETF|沪深300ETF|中证500ETF|中证1000ETF|中证2000ETF|创业板ETF|红利ETF|半导体ETF|人工智能ETF|新能源ETF|科创50ETF|证券ETF|军工ETF|消费ETF|恒生ETF|白银LOF|纳指ETF|标普500ETF|日经225ETF|欧洲ETF|黄金ETF|有色金属期货ETF|能源化工期货ETF|豆粕ETF|煤炭ETF|原油ETF,,
2024-09-06,30,60,可转债ETF|5年国债ETF|10年国债ETF|信用债ETF|日利ETF|沪深300ETF|中证500ETF|中证1000ETF|中证2000ETF|创业板ETF|红利ETF|半导体ETF|人工智能ETF|新能源ETF|科创50ETF|证券ETF|军工ETF|消费ETF|恒生ETF|白银LOF|纳指ETF|标普500ETF|日经225ETF|欧洲ETF|黄金ETF|有色金属期货ETF|能源化工期货ETF|豆粕ETF|煤炭ETF|原油ETF,,
2024-09-13,30,60,可转债ETF|5年国债ETF|10年国债ETF|信用债ETF|日利ETF|沪深300ETF|中证500ETF|中证1000ETF|中证2000ETF|创业板ETF|红利ETF|半导体ETF|人工智能ETF|新能源ETF|科创50ETF|证券ETF|军工ETF|消费ETF|恒生ETF|白银LOF|纳指ETF|标普500ETF|日经225ETF|欧洲ETF|黄金ETF|有色金属期货ETF|能源化工期货ETF|豆粕ETF|煤炭ETF|原油ETF,,
2024-09-20,30,60,可转债ETF|5年国债ETF|10年国债ETF|信用债ETF|日利ETF|沪深300ETF|中证500ETF|中证1000ETF|中证2000ETF|创业板ETF|红利ETF|半导体ETF|人工智能ETF|新能源ETF|科创50ETF|证券ETF|军工ETF|消费ETF|恒生ETF|白银LOF|纳指ETF|标普500ETF|日经225ETF|欧洲ETF|黄金ETF|有色金属期货ETF|能源化工期货ETF|豆粕ETF|煤炭ETF|原油ETF,,
2024-09-27,30,60,可转债ETF|5年国债ETF|10年国债ETF|信用债ETF|日利ETF|沪深300ETF|中证500ETF|中证1000ETF|中证2000ETF|创业板ETF|红利ETF|半导体ETF|人工智能ETF|新能源ETF|科创50ETF|证券ETF|军工ETF|消费ETF|恒生ETF|白银LOF|纳指ETF|标普500ETF|日经225ETF|欧洲ETF|黄金ETF|有色金属期货ETF|能源化工期货ETF|豆粕ETF|煤炭ETF|原油ETF,,
2024-09-30,30,60,可转债ETF|5年国债ETF|10年国债ETF|信用债ETF|日利ETF|沪深300ETF|中证500ETF|中证1000ETF|中证2000ETF|创业板ETF|红利ETF|半导体ETF|人工智能ETF|新能源ETF|科创50ETF|证券ETF|军工ETF|消费ETF|恒生ETF|白银LOF|纳指ETF|标普500ETF|日经225ETF|欧洲ETF|黄金ETF|有色金属期货ETF|能源化工期货ETF|豆粕ETF|煤炭ETF|原油ETF,,
2024-10-11,30,60,可转债ETF|5年国债ETF|10年国债ETF|信用债ETF|日利ETF|沪深300ETF|中证500ETF|中证1000ETF|中证2000ETF|创业板ETF|红利ETF|半导体ETF|人工智能ETF|新能源ETF|科创50ETF|证券ETF|军工ETF|消费ETF|恒生ETF|白银LOF|纳指ETF|标普500ETF|日经225ETF|欧洲ETF|黄金ETF|有色金属期货ETF|能源化工期货ETF|豆粕ETF|煤炭ETF|原油ETF,,
2024-10-18,30,60,可转债ETF|5年国债ETF|10年国债ETF|信用债ETF|日利ETF|沪深300ETF|中证500ETF|中证1000ETF|中证2000ETF|创业板ETF|红利ETF|半导体ETF|人工智能ETF|新能源ETF|科创50ETF|证券ETF|军工ETF|消费ETF|恒生ETF|白银LOF|纳指ETF|标普500ETF|日经225ETF|欧洲ETF|黄金ETF|有色金属期货ETF|能源化工期货ETF|豆粕ETF|煤炭ETF|原油ETF,,
2024-10-25,30,60,可转债ETF|5年国债ETF|10年国债ETF|信用债ETF|日利ETF|沪深300ETF|中证500ETF|中证1000ETF|中证2000ETF|创业板ETF|红利ETF|半导体ETF|人工智能ETF|新能源ETF|科创50ETF|证券ETF|军工ETF|消费ETF|恒生ETF|白银LOF|纳指ETF|标普500ETF|日经225ETF|欧洲ETF|黄金ETF|有色金属期货ETF|能源化工期货ETF|豆粕ETF|煤炭ETF|原油ETF,,
2024-11-01,30,60,可转债ETF|5年国债ETF|10年国债ETF|信用债ETF|日利ETF|沪深300ETF|中证500ETF|中证1000ETF|中证2000ETF|创业板ETF|红利ETF|半导体ETF|人工智能ETF|新能源ETF|科创50ETF|证券ETF|军工ETF|消费ETF|恒生ETF|白银LOF|纳指ETF|标普500ETF|日经225ETF|欧洲ETF|黄金ETF|有色金属期货ETF|能源化工期货ETF|豆粕ETF|煤炭ETF|原油ETF,,
2024-11-08,30,60,可转债ETF|5年国债ETF|10年国债ETF|信用债ETF|日利ETF|沪深300ETF|中证500ETF|中证1000ETF|中证2000ETF|创业板ETF|红利ETF|半导体ETF|人工智能ETF|新能源ETF|科创50ETF|证券ETF|军工ETF|消费ETF|恒生ETF|白银LOF|纳指ETF|标普500ETF|日经225ETF|欧洲ETF|黄金ETF|有色金属期货ETF|能源化工期货ETF|豆粕ETF|煤炭ETF|原油ETF,,
2024-11-15,30,60,可转债ETF|5年国债ETF|10年国债ETF|信用债ETF|日利ETF|沪深300ETF|中证500ETF|中证1000ETF|中证2000ETF|创业板ETF|红利ETF|半导体ETF|人工智能ETF|新能源ETF|科创50ETF|证券ETF|军工ETF|消费ETF|恒生ETF|白银LOF|纳指ETF|标普500ETF|日经225ETF|欧洲ETF|黄金ETF|有色金属期货ETF|能源化工期货ETF|豆粕ETF|煤炭ETF|原油ETF,,
2024-11-22,30,60,可转债ETF|5年国债ETF|10年国债ETF|信用债ETF|日利ETF|沪深300ETF|中证500ETF|中证1000ETF|中证2000ETF|创业板ETF|红利ETF|半导体ETF|人工智能ETF|新能源ETF|科创50ETF|证券ETF|军工ETF|消费ETF|恒生ETF|白银LOF|纳指ETF|标普500ETF|日经225ETF|欧洲ETF|黄金ETF|有色金属期货ETF|能源化工期货ETF|豆粕ETF|煤炭ETF|原油ETF,,
2024-11-29,30,60,可转债ETF|5年国债ETF|10年国债ETF|信用债ETF|日利ETF|沪深300ETF|中证500ETF|中证1000ETF|中证2000ETF|创业板ETF|红利ETF|半导体ETF|人工智能ETF|新能源ETF|科创50ETF|证券ETF|军工ETF|消费ETF|恒生ETF|白银LOF|纳指ETF|标普500ETF|日经225ETF|欧洲ETF|黄金ETF|有色金属期货ETF|能源化工期货ETF|豆粕ETF|煤炭ETF|原油ETF,,
2024-12-06,30,60,可转债ETF|5年国债ETF|10年国债ETF|信用债ETF|日利ETF|沪深300ETF|中证500ETF|中证1000ETF|中证2000ETF|创业板ETF|红利ETF|半导体ETF|人工智能ETF|新能源ETF|科创50ETF|证券ETF|军工ETF|消费ETF|恒生ETF|白银LOF|纳指ETF|标普500ETF|日经225ETF|欧洲ETF|黄金ETF|有色金属期货ETF|能源化工期货ETF|豆粕ETF|煤炭ETF|原油ETF,,
2024-12-13,30,60,可转债ETF|5年国债ETF|10年国债ETF|信用债ETF|日利ETF|沪深300ETF|中证500ETF|中证1000ETF|中证2000ETF|创业板ETF|红利ETF|半导体ETF|人工智能ETF|新能源ETF|科创50ETF|证券ETF|军工ETF|消费ETF|恒生ETF|白银LOF|纳指ETF|标普500ETF|日经225ETF|欧洲ETF|黄金ETF|有色金属期货ETF|能源化工期货ETF|豆粕ETF|煤炭ETF|原油ETF,,
2024-12-20,30,60,可转债ETF|5年国债ETF|10年国债ETF|信用债ETF|日利ETF|沪深300ETF|中证500ETF|中证1000ETF|中证2000ETF|创业板ETF|红利ETF|半导体ETF|人工智能ETF|新能源ETF|科创50ETF|证券ETF|军工ETF|消费ETF|恒生ETF|白银LOF|纳指ETF|标普500ETF|日经225ETF|欧洲ETF|黄金ETF|有色金属期货ETF|能源化工期货ETF|豆粕ETF|煤炭ETF|原油ETF,,
2024-12-27,30,60,可转债ETF|5年国债ETF|10年国债ETF|信用债ETF|日利ETF|沪深300ETF|中证500ETF|中证1000ETF|中证2000ETF|创业板ETF|红利ETF|半导体ETF|人工智能ETF|新能源ETF|科创50ETF|证券ETF|军工ETF|消费ETF|恒生ETF|白银LOF|纳指ETF|标普500ETF|日经225ETF|欧洲ETF|黄金ETF|有色金属期货ETF|能源化工期货ETF|豆粕ETF|煤炭ETF|原油ETF,,
2025-01-03,30,60,可转债ETF|5年国债ETF|10年国债ETF|信用债ETF|日利ETF|沪深300ETF|中证500ETF|中证1000ETF|中证2000ETF|创业板ETF|红利ETF|半导体ETF|人工智能ETF|新能源ETF|科创50ETF|证券ETF|军工ETF|消费ETF|恒生ETF|白银LOF|纳指ETF|标普500ETF|日经225ETF|欧洲ETF|黄金ETF|有色金属期货ETF|能源化工期货ETF|豆粕ETF|煤炭ETF|原油ETF,,
2025-01-10,30,60,可转债ETF|5年国债ETF|10年国债ETF|信用债ETF|日利ETF|沪深300ETF|中证500ETF|中证1000ETF|中证2000ETF|创业板ETF|红利ETF|半导体ETF|人工智能ETF|新能源ETF|科创50ETF|证券ETF|军工ETF|消费ETF|恒生ETF|白银LOF|纳指ETF|标普500ETF|日经225ETF|欧洲ETF|黄金ETF|有色金属期货ETF|能源化工期货ETF|豆粕ETF|煤炭ETF|原油ETF,,
2025-01-17,30,60,可转债ETF|5年国债ETF|10年国债ETF|信用债ETF|日利ETF|沪深300ETF|中证500ETF|中证1000ETF|中证2000ETF|创业板ETF|红利ETF|半导体ETF|人工智能ETF|新能源ETF|科创50ETF|证券ETF|军工ETF|消费ETF|恒生ETF|白银LOF|纳指ETF|标普500ETF|日经225ETF|欧洲ETF|黄金ETF|有色金属期货ETF|能源化工期货ETF|豆粕ETF|煤炭ETF|原油ETF,,
2025-01-24,30,60,可转债ETF|5年国债ETF|10年国债ETF|信用债ETF|日利ETF|沪深300ETF|中证500ETF|中证1000ETF|中证2000ETF|创业板ETF|红利ETF|半导体ETF|人工智能ETF|新能源ETF|科创50ETF|证券ETF|军工ETF|消费ETF|恒生ETF|白银LOF|纳指ETF|标普500ETF|日经225ETF|欧洲ETF|黄金ETF|有色金属期货ETF|能源化工期货ETF|豆粕ETF|煤炭ETF|原油ETF,,
2025-01-27,30,60,可转债ETF|5年国债ETF|10年国债ETF|信用债ETF|日利ETF|沪深300ETF|中证500ETF|中证1000ETF|中证2000ETF|创业板ETF|红利ETF|半导体ETF|人工智能ETF|新能源ETF|科创50ETF|证券ETF|军工ETF|消费ETF|恒生ETF|白银LOF|纳指ETF|标普500ETF|日经225ETF|欧洲ETF|黄金ETF|有色金属期货ETF|能源化工期货ETF|豆粕ETF|煤炭ETF|原油ETF,,
2025-02-07,30,60,可转债ETF|5年国债ETF|10年国债ETF|信用债ETF|日利ETF|沪深300ETF|中证500ETF|中证1000ETF|中证2000ETF|创业板ETF|红利ETF|半导体ETF|人工智能ETF|新能源ETF|科创50ETF|证券ETF|军工ETF|消费ETF|恒生ETF|白银LOF|纳指ETF|标普500ETF|日经225ETF|欧洲ETF|黄金ETF|有色金属期货ETF|能源化工期货ETF|豆粕ETF|煤炭ETF|原油ETF,,
2025-02-14,30,60,可转债ETF|5年国债ETF|10年国债ETF|信用债ETF|日利ETF|沪深300ETF|中证500ETF|中证1000ETF|中证2000ETF|创业板ETF|红利ETF|半导体ETF|人工智能ETF|新能源ETF|科创50ETF|证券ETF|军工ETF|消费ETF|恒生ETF|白银LOF|纳指ETF|标普500ETF|日经225ETF|欧洲ETF|黄金ETF|有色金属期货ETF|能源化工期货ETF|豆粕ETF|煤炭ETF|原油ETF,,
2025-02-21,30,60,可转债ETF|5年国债ETF|10年国债ETF|信用债ETF|日利ETF|沪深300ETF|中证500ETF|中证1000ETF|中证2000ETF|创业板ETF|红利ETF|半导体ETF|人工智能ETF|新能源ETF|科创50ETF|证券ETF|军工ETF|消费ETF|恒生ETF|白银LOF|纳指ETF|标普500ETF|日经225ETF|欧洲ETF|黄金ETF|有色金属期货ETF|能源化工期货ETF|豆粕ETF|煤炭ETF|原油ETF,,
2025-02-28,30,60,可转债ETF|5年国债ETF|10年国债ETF|信用债ETF|日利ETF|沪深300ETF|中证500ETF|中证1000ETF|中证2000ETF|创业板ETF|红利ETF|半导体ETF|人工智能ETF|新能源ETF|科创50ETF|证券ETF|军工ETF|消费ETF|恒生ETF|白银LOF|纳指ETF|标普500ETF|日经225ETF|欧洲ETF|黄金ETF|有色金属期货ETF|能源化工期货ETF|豆粕ETF|煤炭ETF|原油ETF,,
2025-03-07,30,60,可转债ETF|5年国债ETF|10年国债ETF|信用债ETF|日利ETF|沪深300ETF|中证500ETF|中证1000ETF|中证2000ETF|创业板ETF|红利ETF|半导体ETF|人工智能ETF|新能源ETF|科创50ETF|证券ETF|军工ETF|消费ETF|恒生ETF|白银LOF|纳指ETF|标普500ETF|日经225ETF|欧洲ETF|黄金ETF|有色金属期货ETF|能源化工期货ETF|豆粕ETF|煤炭ETF|原油ETF,,
2025-03-14,30,60,可转债ETF|5年国债ETF|10年国债ETF|信用债ETF|日利ETF|沪深300ETF|中证500ETF|中证1000ETF|中证2000ETF|创业板ETF|红利ETF|半导体ETF|人工智能ETF|新能源ETF|科创50ETF|证券ETF|军工ETF|消费ETF|恒生ETF|白银LOF|纳指ETF|标普500ETF|日经225ETF|欧洲ETF|黄金ETF|有色金属期货ETF|能源化工期货ETF|豆粕ETF|煤炭ETF|原油ETF,,
2025-03-21,30,60,可转债ETF|5年国债ETF|10年国债ETF|信用债ETF|日利ETF|沪深300ETF|中证500ETF|中证1000ETF|中证2000ETF|创业板ETF|红利ETF|半导体ETF|人工智能ETF|新能源ETF|科创50ETF|证券ETF|军工ETF|消费ETF|恒生ETF|白银LOF|纳指ETF|标普500ETF|日经225ETF|欧洲ETF|黄金ETF|有色金属期货ETF|能源化工期货ETF|豆粕ETF|煤炭ETF|原油ETF,,
2025-03-28,30,60,可转债ETF|5年国债ETF|10年国债ETF|信用债ETF|日利ETF|沪深300ETF|中证500ETF|中证1000ETF|中证2000ETF|创业板ETF|红利ETF|半导体ETF|人工智能ETF|新能源ETF|科创50ETF|证券ETF|军工ETF|消费ETF|恒生ETF|白银LOF|纳指ETF|标普500ETF|日经225ETF|欧洲ETF|黄金ETF|有色金属期货ETF|能源化工期货ETF|豆粕ETF|煤炭ETF|原油ETF,,
2025-04-03,30,60,可转债ETF|5年国债ETF|10年国债ETF|信用债ETF|日利ETF|沪深300ETF|中证500ETF|中证1000ETF|中证2000ETF|创业板ETF|红利ETF|半导体ETF|人工智能ETF|新能源ETF|科创50ETF|证券ETF|军工ETF|消费ETF|恒生ETF|白银LOF|纳指ETF|标普500ETF|日经225ETF|欧洲ETF|黄金ETF|有色金属期货ETF|能源化工期货ETF|豆粕ETF|煤炭ETF|原油ETF,,
2025-04-11,30,60,可转债ETF|5年国债ETF|10年国债ETF|信用债ETF|日利ETF|沪深300ETF|中证500ETF|中证1000ETF|中证2000ETF|创业板ETF|红利ETF|半导体ETF|人工智能ETF|新能源ETF|科创50ETF|证券ETF|军工ETF|消费ETF|恒生ETF|白银LOF|纳指ETF|标普500ETF|日经225ETF|欧洲ETF|黄金ETF|有色金属期货ETF|能源化工期货ETF|豆粕ETF|煤炭ETF|原油ETF,,
2025-04-18,30,60,可转债ETF|5年国债ETF|10年国债ETF|信用债ETF|日利ETF|沪深300ETF|中证500ETF|中证1000ETF|中证2000ETF|创业板ETF|红利ETF|半导体ETF|人工智能ETF|新能源ETF|科创50ETF|证券ETF|军工ETF|消费ETF|恒生ETF|白银LOF|纳指ETF|标普500ETF|日经225ETF|欧洲ETF|黄金ETF|有色金属期货ETF|能源化工期货ETF|豆粕ETF|煤炭ETF|原油ETF,,
2025-04-25,30,60,可转债ETF|5年国债ETF|10年国债ETF|信用债ETF|日利ETF|沪深300ETF|中证500ETF|中证1000ETF|中证2000ETF|创业板ETF|红利ETF|半导体ETF|人工智能ETF|新能源ETF|科创50ETF|证券ETF|军工ETF|消费ETF|恒生ETF|白银LOF|纳指ETF|标普500ETF|日经225ETF|欧洲ETF|黄金ETF|有色金属期货ETF|能源化工期货ETF|豆粕ETF|煤炭ETF|原油ETF,,
2025-04-30,30,60,可转债ETF|5年国债ETF|10年国债ETF|信用债ETF|日利ETF|沪深300ETF|中证500ETF|中证1000ETF|中证2000ETF|创业板ETF|红利ETF|半导体ETF|人工智能ETF|新能源ETF|科创50ETF|证券ETF|军工ETF|消费ETF|恒生ETF|白银LOF|纳指ETF|标普500ETF|日经225ETF|欧洲ETF|黄金ETF|有色金属期货ETF|能源化工期货ETF|豆粕ETF|煤炭ETF|原油ETF,,
2025-05-09,30,60,可转债ETF|5年国债ETF|10年国债ETF|信用债ETF|日利ETF|沪深300ETF|中证500ETF|中证1000ETF|中证2000ETF|创业板ETF|红利ETF|半导体ETF|人工智能ETF|新能源ETF|科创50ETF|证券ETF|军工ETF|消费ETF|恒生ETF|白银LOF|纳指ETF|标普500ETF|日经225ETF|欧洲ETF|黄金ETF|有色金属期货ETF|能源化工期货ETF|豆粕ETF|煤炭ETF|原油ETF,,
2025-05-16,30,60,可转债ETF|5年国债ETF|10年国债ETF|信用债ETF|日利ETF|沪深300ETF|中证500ETF|中证1000ETF|中证2000ETF|创业板ETF|红利ETF|半导体ETF|人工智能ETF|新能源ETF|科创50ETF|证券ETF|军工ETF|消费ETF|恒生ETF|白银LOF|纳指ETF|标普500ETF|日经225ETF|欧洲ETF|黄金ETF|有色金属期货ETF|能源化工期货ETF|豆粕ETF|煤炭ETF|原油ETF,,
2025-05-23,30,60,可转债ETF|5年国债ETF|10年国债ETF|信用债ETF|日利ETF|沪深300ETF|中证500ETF|中证1000ETF|中证2000ETF|创业板ETF|红利ETF|半导体ETF|人工智能ETF|新能源ETF|科创50ETF|证券ETF|军工ETF|消费ETF|恒生ETF|白银LOF|纳指ETF|标普500ETF|日经225ETF|欧洲ETF|黄金ETF|有色金属期货ETF|能源化工期货ETF|豆粕ETF|煤炭ETF|原油ETF,,
2025-05-30,30,60,可转债ETF|5年国债ETF|10年国债ETF|信用债ETF|日利ETF|沪深300ETF|中证500ETF|中证1000ETF|中证2000ETF|创业板ETF|红利ETF|半导体ETF|人工智能ETF|新能源ETF|科创50ETF|证券ETF|军工ETF|消费ETF|恒生ETF|白银LOF|纳指ETF|标普500ETF|日经225ETF|欧洲ETF|黄金ETF|有色金属期货ETF|能源化工期货ETF|豆粕ETF|煤炭ETF|原油ETF,,
2025-06-06,30,60,可转债ETF|5年国债ETF|10年国债ETF|信用债ETF|日利ETF|沪深300ETF|中证500ETF|中证1000ETF|中证2000ETF|创业板ETF|红利ETF|半导体ETF|人工智能ETF|新能源ETF|科创50ETF|证券ETF|军工ETF|消费ETF|恒生ETF|白银LOF|纳指ETF|标普500ETF|日经225ETF|欧洲ETF|黄金ETF|有色金属期货ETF|能源化工期货ETF|豆粕ETF|煤炭ETF|原油ETF,,
2025-06-13,30,60,可转债ETF|5年国债ETF|10年国债ETF|信用债ETF|日利ETF|沪深300ETF|中证500ETF|中证1000ETF|中证2000ETF|创业板ETF|红利ETF|半导体ETF|人工智能ETF|新能源ETF|科创50ETF|证券ETF|军工ETF|消费ETF|恒生ETF|白银LOF|纳指ETF|标普500ETF|日经225ETF|欧洲ETF|黄金ETF|有色金属期货ETF|能源化工期货ETF|豆粕ETF|煤炭ETF|原油ETF,,
2025-06-20,30,60,可转债ETF|5年国债ETF|10年国债ETF|信用债ETF|日利ETF|沪深300ETF|中证500ETF|中证1000ETF|中证2000ETF|创业板ETF|红利ETF|半导体ETF|人工智能ETF|新能源ETF|科创50ETF|证券ETF|军工ETF|消费ETF|恒生ETF|白银LOF|纳指ETF|标普500ETF|日经225ETF|欧洲ETF|黄金ETF|有色金属期货ETF|能源化工期货ETF|豆粕ETF|煤炭ETF|原油ETF,,
2025-06-27,30,60,可转债ETF|5年国债ETF|10年国债ETF|信用债ETF|日利ETF|沪深300ETF|中证500ETF|中证1000ETF|中证2000ETF|创业板ETF|红利ETF|半导体ETF|人工智能ETF|新能源ETF|科创50ETF|证券ETF|军工ETF|消费ETF|恒生ETF|白银LOF|纳指ETF|标普500ETF|日经225ETF|欧洲ETF|黄金ETF|有色金属期货ETF|能源化工期货ETF|豆粕ETF|煤炭ETF|原油ETF,,
2025-07-04,30,60,可转债ETF|5年国债ETF|10年国债ETF|信用债ETF|日利ETF|沪深300ETF|中证500ETF|中证1000ETF|中证2000ETF|创业板ETF|红利ETF|半导体ETF|人工智能ETF|新能源ETF|科创50ETF|证券ETF|军工ETF|消费ETF|恒生ETF|白银LOF|纳指ETF|标普500ETF|日经225ETF|欧洲ETF|黄金ETF|有色金属期货ETF|能源化工期货ETF|豆粕ETF|煤炭ETF|原油ETF,,
2025-07-11,30,60,可转债ETF|5年国债ETF|10年国债ETF|信用债ETF|日利ETF|沪深300ETF|中证500ETF|中证1000ETF|中证2000ETF|创业板ETF|红利ETF|半导体ETF|人工智能ETF|新能源ETF|科创50ETF|证券ETF|军工ETF|消费ETF|恒生ETF|白银LOF|纳指ETF|标普500ETF|日经225ETF|欧洲ETF|黄金ETF|有色金属期货ETF|能源化工期货ETF|豆粕ETF|煤炭ETF|原油ETF,,
2025-07-18,30,60,可转债ETF|5年国债ETF|10年国债ETF|信用债ETF|日利ETF|沪深300ETF|中证500ETF|中证1000ETF|中证2000ETF|创业板ETF|红利ETF|半导体ETF|人工智能ETF|新能源ETF|科创50ETF|证券ETF|军工ETF|消费ETF|恒生ETF|白银LOF|纳指ETF|标普500ETF|日经225ETF|欧洲ETF|黄金ETF|有色金属期货ETF|能源化工期货ETF|豆粕ETF|煤炭ETF|原油ETF,,
2025-07-25,30,60,可转债ETF|5年国债ETF|10年国债ETF|信用债ETF|日利ETF|沪深300ETF|中证500ETF|中证1000ETF|中证2000ETF|创业板ETF|红利ETF|半导体ETF|人工智能ETF|新能源ETF|科创50ETF|证券ETF|军工ETF|消费ETF|恒生ETF|白银LOF|纳指ETF|标普500ETF|日经225ETF|欧洲ETF|黄金ETF|有色金属期货ETF|能源化工期货ETF|豆粕ETF|煤炭ETF|原油ETF,,
2025-08-01,30,60,可转债ETF|5年国债ETF|10年国债ETF|信用债ETF|日利ETF|沪深300ETF|中证500ETF|中证1000ETF|中证2000ETF|创业板ETF|红利ETF|半导体ETF|人工智能ETF|新能源ETF|科创50ETF|证券ETF|军工ETF|消费ETF|恒生ETF|白银LOF|纳指ETF|标普500ETF|日经225ETF|欧洲ETF|黄金ETF|有色金属期货ETF|能源化工期货ETF|豆粕ETF|煤炭ETF|原油ETF,,
2025-08-08,30,60,可转债ETF|5年国债ETF|10年国债ETF|信用债ETF|日利ETF|沪深300ETF|中证500ETF|中证1000ETF|中证2000ETF|创业板ETF|红利ETF|半导体ETF|人工智能ETF|新能源ETF|科创50ETF|证券ETF|军工ETF|消费ETF|恒生ETF|白银LOF|纳指ETF|标普500ETF|日经225ETF|欧洲ETF|黄金ETF|有色金属期货ETF|能源化工期货ETF|豆粕ETF|煤炭ETF|原油ETF,,
2025-08-15,30,60,可转债ETF|5年国债ETF|10年国债ETF|信用债ETF|日利ETF|沪深300ETF|中证500ETF|中证1000ETF|中证2000ETF|创业板ETF|红利ETF|半导体ETF|人工智能ETF|新能源ETF|科创50ETF|证券ETF|军工ETF|消费ETF|恒生ETF|白银LOF|纳指ETF|标普500ETF|日经225ETF|欧洲ETF|黄金ETF|有色金属期货ETF|能源化工期货ETF|豆粕ETF|煤炭ETF|原油ETF,,
2025-08-22,30,60,可转债ETF|5年国债ETF|10年国债ETF|信用债ETF|日利ETF|沪深300ETF|中证500ETF|中证1000ETF|中证2000ETF|创业板ETF|红利ETF|半导体ETF|人工智能ETF|新能源ETF|科创50ETF|证券ETF|军工ETF|消费ETF|恒生ETF|白银LOF|纳指ETF|标普500ETF|日经225ETF|欧洲ETF|黄金ETF|有色金属期货ETF|能源化工期货ETF|豆粕ETF|煤炭ETF|原油ETF,,
2025-08-29,30,60,可转债ETF|5年国债ETF|10年国债ETF|信用债ETF|日利ETF|沪深300ETF|中证500ETF|中证1000ETF|中证2000ETF|创业板ETF|红利ETF|半导体ETF|人工智能ETF|新能源ETF|科创50ETF|证券ETF|军工ETF|消费ETF|恒生ETF|白银LOF|纳指ETF|标普500ETF|日经225ETF|欧洲ETF|黄金ETF|有色金属期货ETF|能源化工期货ETF|豆粕ETF|煤炭ETF|原油ETF,,
2025-09-05,30,60,可转债ETF|5年国债ETF|10年国债ETF|信用债ETF|日利ETF|沪深300ETF|中证500ETF|中证1000ETF|中证2000ETF|创业板ETF|红利ETF|半导体ETF|人工智能ETF|新能源ETF|科创50ETF|证券ETF|军工ETF|消费ETF|恒生ETF|白银LOF|纳指ETF|标普500ETF|日经225ETF|欧洲ETF|黄金ETF|有色金属期货ETF|能源化工期货ETF|豆粕ETF|煤炭ETF|原油ETF,,
2025-09-12,30,60,可转债ETF|5年国债ETF|10年国债ETF|信用债ETF|日利ETF|沪深300ETF|中证500ETF|中证1000ETF|中证2000ETF|创业板ETF|红利ETF|半导体ETF|人工智能ETF|新能源ETF|科创50ETF|证券ETF|军工ETF|消费ETF|恒生ETF|白银LOF|纳指ETF|标普500ETF|日经225ETF|欧洲ETF|黄金ETF|有色金属期货ETF|能源化工期货ETF|豆粕ETF|煤炭ETF|原油ETF,,
2025-09-19,30,60,可转债ETF|5年国债ETF|10年国债ETF|信用债ETF|日利ETF|沪深300ETF|中证500ETF|中证1000ETF|中证2000ETF|创业板ETF|红利ETF|半导体ETF|人工智能ETF|新能源ETF|科创50ETF|证券ETF|军工ETF|消费ETF|恒生ETF|白银LOF|纳指ETF|标普500ETF|日经225ETF|欧洲ETF|黄金ETF|有色金属期货ETF|能源化工期货ETF|豆粕ETF|煤炭ETF|原油ETF,,
2025-09-26,30,60,可转债ETF|5年国债ETF|10年国债ETF|信用债ETF|日利ETF|沪深300ETF|中证500ETF|中证1000ETF|中证2000ETF|创业板ETF|红利ETF|半导体ETF|人工智能ETF|新能源ETF|科创50ETF|证券ETF|军工ETF|消费ETF|恒生ETF|白银LOF|纳指ETF|标普500ETF|日经225ETF|欧洲ETF|黄金ETF|有色金属期货ETF|能源化工期货ETF|豆粕ETF|煤炭ETF|原油ETF,,
2025-09-30,30,60,可转债ETF|5年国债ETF|10年国债ETF|信用债ETF|日利ETF|沪深300ETF|中证500ETF|中证1000ETF|中证2000ETF|创业板ETF|红利ETF|半导体ETF|人工智能ETF|新能源ETF|科创50ETF|证券ETF|军工ETF|消费ETF|恒生ETF|白银LOF|纳指ETF|标普500ETF|日经225ETF|欧洲ETF|黄金ETF|有色金属期货ETF|能源化工期货ETF|豆粕ETF|煤炭ETF|原油ETF,,
2025-10-10,30,60,可转债ETF|5年国债ETF|10年国债ETF|信用债ETF|日利ETF|沪深300ETF|中证500ETF|中证1000ETF|中证2000ETF|创业板ETF|红利ETF|半导体ETF|人工智能ETF|新能源ETF|科创50ETF|证券ETF|军工ETF|消费ETF|恒生ETF|白银LOF|纳指ETF|标普500ETF|日经225ETF|欧洲ETF|黄金ETF|有色金属期货ETF|能源化工期货ETF|豆粕ETF|煤炭ETF|原油ETF,,
2025-10-17,30,60,可转债ETF|5年国债ETF|10年国债ETF|信用债ETF|日利ETF|沪深300ETF|中证500ETF|中证1000ETF|中证2000ETF|创业板ETF|红利ETF|半导体ETF|人工智能ETF|新能源ETF|科创50ETF|证券ETF|军工ETF|消费ETF|恒生ETF|白银LOF|纳指ETF|标普500ETF|日经225ETF|欧洲ETF|黄金ETF|有色金属期货ETF|能源化工期货ETF|豆粕ETF|煤炭ETF|原油ETF,,
2025-10-24,30,60,可转债ETF|5年国债ETF|10年国债ETF|信用债ETF|日利ETF|沪深300ETF|中证500ETF|中证1000ETF|中证2000ETF|创业板ETF|红利ETF|半导体ETF|人工智能ETF|新能源ETF|科创50ETF|证券ETF|军工ETF|消费ETF|恒生ETF|白银LOF|纳指ETF|标普500ETF|日经225ETF|欧洲ETF|黄金ETF|有色金属期货ETF|能源化工期货ETF|豆粕ETF|煤炭ETF|原油ETF,,
2025-10-31,30,60,可转债ETF|5年国债ETF|10年国债ETF|信用债ETF|日利ETF|沪深300ETF|中证500ETF|中证1000ETF|中证2000ETF|创业板ETF|红利ETF|半导体ETF|人工智能ETF|新能源ETF|科创50ETF|证券ETF|军工ETF|消费ETF|恒生ETF|白银LOF|纳指ETF|标普500ETF|日经225ETF|欧洲ETF|黄金ETF|有色金属期货ETF|能源化工期货ETF|豆粕ETF|煤炭ETF|原油ETF,,
2025-11-07,30,60,可转债ETF|5年国债ETF|10年国债ETF|信用债ETF|日利ETF|沪深300ETF|中证500ETF|中证1000ETF|中证2000ETF|创业板ETF|红利ETF|半导体ETF|人工智能ETF|新能源ETF|科创50ETF|证券ETF|军工ETF|消费ETF|恒生ETF|白银LOF|纳指ETF|标普500ETF|日经225ETF|欧洲ETF|黄金ETF|有色金属期货ETF|能源化工期货ETF|豆粕ETF|煤炭ETF|原油ETF,,
2025-11-14,30,60,可转债ETF|5年国债ETF|10年国债ETF|信用债ETF|日利ETF|沪深300ETF|中证500ETF|中证1000ETF|中证2000ETF|创业板ETF|红利ETF|半导体ETF|人工智能ETF|新能源ETF|科创50ETF|证券ETF|军工ETF|消费ETF|恒生ETF|白银LOF|纳指ETF|标普500ETF|日经225ETF|欧洲ETF|黄金ETF|有色金属期货ETF|能源化工期货ETF|豆粕ETF|煤炭ETF|原油ETF,,
2025-11-21,30,60,可转债ETF|5年国债ETF|10年国债ETF|信用债ETF|日利ETF|沪深300ETF|中证500ETF|中证1000ETF|中证2000ETF|创业板ETF|红利ETF|半导体ETF|人工智能ETF|新能源ETF|科创50ETF|证券ETF|军工ETF|消费ETF|恒生ETF|白银LOF|纳指ETF|标普500ETF|日经225ETF|欧洲ETF|黄金ETF|有色金属期货ETF|能源化工期货ETF|豆粕ETF|煤炭ETF|原油ETF,,
2025-11-28,30,60,可转债ETF|5年国债ETF|10年国债ETF|信用债ETF|日利ETF|沪深300ETF|中证500ETF|中证1000ETF|中证2000ETF|创业板ETF|红利ETF|半导体ETF|人工智能ETF|新能源ETF|科创50ETF|证券ETF|军工ETF|消费ETF|恒生ETF|白银LOF|纳指ETF|标普500ETF|日经225ETF|欧洲ETF|黄金ETF|有色金属期货ETF|能源化工期货ETF|豆粕ETF|煤炭ETF|原油ETF,,
2025-12-05,30,60,可转债ETF|5年国债ETF|10年国债ETF|信用债ETF|日利ETF|沪深300ETF|中证500ETF|中证1000ETF|中证2000ETF|创业板ETF|红利ETF|半导体ETF|人工智能ETF|新能源ETF|科创50ETF|证券ETF|军工ETF|消费ETF|恒生ETF|白银LOF|纳指ETF|标普500ETF|日经225ETF|欧洲ETF|黄金ETF|有色金属期货ETF|能源化工期货ETF|豆粕ETF|煤炭ETF|原油ETF,,
2025-12-12,30,60,可转债ETF|5年国债ETF|10年国债ETF|信用债ETF|日利ETF|沪深300ETF|中证500ETF|中证1000ETF|中证2000ETF|创业板ETF|红利ETF|半导体ETF|人工智能ETF|新能源ETF|科创50ETF|证券ETF|军工ETF|消费ETF|恒生ETF|白银LOF|纳指ETF|标普500ETF|日经225ETF|欧洲ETF|黄金ETF|有色金属期货ETF|能源化工期货ETF|豆粕ETF|煤炭ETF|原油ETF,,
2025-12-19,30,60,可转债ETF|5年国债ETF|10年国债ETF|信用债ETF|日利ETF|沪深300ETF|中证500ETF|中证1000ETF|中证2000ETF|创业板ETF|红利ETF|半导体ETF|人工智能ETF|新能源ETF|科创50ETF|证券ETF|军工ETF|消费ETF|恒生ETF|白银LOF|纳指ETF|标普500ETF|日经225ETF|欧洲ETF|黄金ETF|有色金属期货ETF|能源化工期货ETF|豆粕ETF|煤炭ETF|原油ETF,,
2025-12-26,30,60,可转债ETF|5年国债ETF|10年国债ETF|信用债ETF|日利ETF|沪深300ETF|中证500ETF|中证1000ETF|中证2000ETF|创业板ETF|红利ETF|半导体ETF|人工智能ETF|新能源ETF|科创50ETF|证券ETF|军工ETF|消费ETF|恒生ETF|白银LOF|纳指ETF|标普500ETF|日经225ETF|欧洲ETF|黄金ETF|有色金属期货ETF|能源化工期货ETF|豆粕ETF|煤炭ETF|原油ETF,,
2025-12-31,30,60,可转债ETF|5年国债ETF|10年国债ETF|信用债ETF|日利ETF|沪深300ETF|中证500ETF|中证1000ETF|中证2000ETF|创业板ETF|红利ETF|半导体ETF|人工智能ETF|新能源ETF|科创50ETF|证券ETF|军工ETF|消费ETF|恒生ETF|白银LOF|纳指ETF|标普500ETF|日经225ETF|欧洲ETF|黄金ETF|有色金属期货ETF|能源化工期货ETF|豆粕ETF|煤炭ETF|原油ETF,,
2026-01-09,30,60,可转债ETF|5年国债ETF|10年国债ETF|信用债ETF|日利ETF|沪深300ETF|中证500ETF|中证1000ETF|中证2000ETF|创业板ETF|红利ETF|半导体ETF|人工智能ETF|新能源ETF|科创50ETF|证券ETF|军工ETF|消费ETF|恒生ETF|白银LOF|纳指ETF|标普500ETF|日经225ETF|欧洲ETF|黄金ETF|有色金属期货ETF|能源化工期货ETF|豆粕ETF|煤炭ETF|原油ETF,,
2026-01-16,30,60,可转债ETF|5年国债ETF|10年国债ETF|信用债ETF|日利ETF|沪深300ETF|中证500ETF|中证1000ETF|中证2000ETF|创业板ETF|红利ETF|半导体ETF|人工智能ETF|新能源ETF|科创50ETF|证券ETF|军工ETF|消费ETF|恒生ETF|白银LOF|纳指ETF|标普500ETF|日经225ETF|欧洲ETF|黄金ETF|有色金属期货ETF|能源化工期货ETF|豆粕ETF|煤炭ETF|原油ETF,,
2026-01-23,30,60,可转债ETF|5年国债ETF|10年国债ETF|信用债ETF|日利ETF|沪深300ETF|中证500ETF|中证1000ETF|中证2000ETF|创业板ETF|红利ETF|半导体ETF|人工智能ETF|新能源ETF|科创50ETF|证券ETF|军工ETF|消费ETF|恒生ETF|白银LOF|纳指ETF|标普500ETF|日经225ETF|欧洲ETF|黄金ETF|有色金属期货ETF|能源化工期货ETF|豆粕ETF|煤炭ETF|原油ETF,,
2026-01-30,30,60,可转债ETF|5年国债ETF|10年国债ETF|信用债ETF|日利ETF|沪深300ETF|中证500ETF|中证1000ETF|中证2000ETF|创业板ETF|红利ETF|半导体ETF|人工智能ETF|新能源ETF|科创50ETF|证券ETF|军工ETF|消费ETF|恒生ETF|白银LOF|纳指ETF|标普500ETF|日经225ETF|欧洲ETF|黄金ETF|有色金属期货ETF|能源化工期货ETF|豆粕ETF|煤炭ETF|原油ETF,,
2026-02-06,30,60,可转债ETF|5年国债ETF|10年国债ETF|信用债ETF|日利ETF|沪深300ETF|中证500ETF|中证1000ETF|中证2000ETF|创业板ETF|红利ETF|半导体ETF|人工智能ETF|新能源ETF|科创50ETF|证券ETF|军工ETF|消费ETF|恒生ETF|白银LOF|纳指ETF|标普500ETF|日经225ETF|欧洲ETF|黄金ETF|有色金属期货ETF|能源化工期货ETF|豆粕ETF|煤炭ETF|原油ETF,,
2026-02-13,30,60,可转债ETF|5年国债ETF|10年国债ETF|信用债ETF|日利ETF|沪深300ETF|中证500ETF|中证1000ETF|中证2000ETF|创业板ETF|红利ETF|半导体ETF|人工智能ETF|新能源ETF|科创50ETF|证券ETF|军工ETF|消费ETF|恒生ETF|白银LOF|纳指ETF|标普500ETF|日经225ETF|欧洲ETF|黄金ETF|有色金属期货ETF|能源化工期货ETF|豆粕ETF|煤炭ETF|原油ETF,,
2026-02-27,30,60,可转债ETF|5年国债ETF|10年国债ETF|信用债ETF|日利ETF|沪深300ETF|中证500ETF|中证1000ETF|中证2000ETF|创业板ETF|红利ETF|半导体ETF|人工智能ETF|新能源ETF|科创50ETF|证券ETF|军工ETF|消费ETF|恒生ETF|白银LOF|纳指ETF|标普500ETF|日经225ETF|欧洲ETF|黄金ETF|有色金属期货ETF|能源化工期货ETF|豆粕ETF|煤炭ETF|原油ETF,,
2026-03-06,30,60,可转债ETF|5年国债ETF|10年国债ETF|信用债ETF|日利ETF|沪深300ETF|中证500ETF|中证1000ETF|中证2000ETF|创业板ETF|红利ETF|半导体ETF|人工智能ETF|新能源ETF|科创50ETF|证券ETF|军工ETF|消费ETF|恒生ETF|白银LOF|纳指ETF|标普500ETF|日经225ETF|欧洲ETF|黄金ETF|有色金属期货ETF|能源化工期货ETF|豆粕ETF|煤炭ETF|原油ETF,,
2026-03-13,30,60,可转债ETF|5年国债ETF|10年国债ETF|信用债ETF|日利ETF|沪深300ETF|中证500ETF|中证1000ETF|中证2000ETF|创业板ETF|红利ETF|半导体ETF|人工智能ETF|新能源ETF|科创50ETF|证券ETF|军工ETF|消费ETF|恒生ETF|白银LOF|纳指ETF|标普500ETF|日经225ETF|欧洲ETF|黄金ETF|有色金属期货ETF|能源化工期货ETF|豆粕ETF|煤炭ETF|原油ETF,,
2026-03-20,30,60,可转债ETF|5年国债ETF|10年国债ETF|信用债ETF|日利ETF|沪深300ETF|中证500ETF|中证1000ETF|中证2000ETF|创业板ETF|红利ETF|半导体ETF|人工智能ETF|新能源ETF|科创50ETF|证券ETF|军工ETF|消费ETF|恒生ETF|白银LOF|纳指ETF|标普500ETF|日经225ETF|欧洲ETF|黄金ETF|有色金属期货ETF|能源化工期货ETF|豆粕ETF|煤炭ETF|原油ETF,,
2026-03-27,30,60,可转债ETF|5年国债ETF|10年国债ETF|信用债ETF|日利ETF|沪深300ETF|中证500ETF|中证1000ETF|中证2000ETF|创业板ETF|红利ETF|半导体ETF|人工智能ETF|新能源ETF|科创50ETF|证券ETF|军工ETF|消费ETF|恒生ETF|白银LOF|纳指ETF|标普500ETF|日经225ETF|欧洲ETF|黄金ETF|有色金属期货ETF|能源化工期货ETF|豆粕ETF|煤炭ETF|原油ETF,,
2026-04-03,30,60,可转债ETF|5年国债ETF|10年国债ETF|信用债ETF|日利ETF|沪深300ETF|中证500ETF|中证1000ETF|中证2000ETF|创业板ETF|红利ETF|半导体ETF|人工智能ETF|新能源ETF|科创50ETF|证券ETF|军工ETF|消费ETF|恒生ETF|白银LOF|纳指ETF|标普500ETF|日经225ETF|欧洲ETF|黄金ETF|有色金属期货ETF|能源化工期货ETF|豆粕ETF|煤炭ETF|原油ETF,,
2026-04-10,30,60,可转债ETF|5年国债ETF|10年国债ETF|信用债ETF|日利ETF|沪深300ETF|中证500ETF|中证1000ETF|中证2000ETF|创业板ETF|红利ETF|半导体ETF|人工智能ETF|新能源ETF|科创50ETF|证券ETF|军工ETF|消费ETF|恒生ETF|白银LOF|纳指ETF|标普500ETF|日经225ETF|欧洲ETF|黄金ETF|有色金属期货ETF|能源化工期货ETF|豆粕ETF|煤炭ETF|原油ETF,,
2026-04-17,30,60,可转债ETF|5年国债ETF|10年国债ETF|信用债ETF|日利ETF|沪深300ETF|中证500ETF|中证1000ETF|中证2000ETF|创业板ETF|红利ETF|半导体ETF|人工智能ETF|新能源ETF|科创50ETF|证券ETF|军工ETF|消费ETF|恒生ETF|白银LOF|纳指ETF|标普500ETF|日经225ETF|欧洲ETF|黄金ETF|有色金属期货ETF|能源化工期货ETF|豆粕ETF|煤炭ETF|原油ETF,,
2026-04-24,30,60,可转债ETF|5年国债ETF|10年国债ETF|信用债ETF|日利ETF|沪深300ETF|中证500ETF|中证1000ETF|中证2000ETF|创业板ETF|红利ETF|半导体ETF|人工智能ETF|新能源ETF|科创50ETF|证券ETF|军工ETF|消费ETF|恒生ETF|白银LOF|纳指ETF|标普500ETF|日经225ETF|欧洲ETF|黄金ETF|有色金属期货ETF|能源化工期货ETF|豆粕ETF|煤炭ETF|原油ETF,,
2026-04-30,30,60,可转债ETF|5年国债ETF|10年国债ETF|信用债ETF|日利ETF|沪深300ETF|中证500ETF|中证1000ETF|中证2000ETF|创业板ETF|红利ETF|半导体ETF|人工智能ETF|新能源ETF|科创50ETF|证券ETF|军工ETF|消费ETF|恒生ETF|白银LOF|纳指ETF|标普500ETF|日经225ETF|欧洲ETF|黄金ETF|有色金属期货ETF|能源化工期货ETF|豆粕ETF|煤炭ETF|原油ETF,,
2026-05-08,30,60,可转债ETF|5年国债ETF|10年国债ETF|信用债ETF|日利ETF|沪深300ETF|中证500ETF|中证1000ETF|中证2000ETF|创业板ETF|红利ETF|半导体ETF|人工智能ETF|新能源ETF|科创50ETF|证券ETF|军工ETF|消费ETF|恒生ETF|白银LOF|纳指ETF|标普500ETF|日经225ETF|欧洲ETF|黄金ETF|有色金属期货ETF|能源化工期货ETF|豆粕ETF|煤炭ETF|原油ETF,,
2026-05-15,30,60,可转债ETF|5年国债ETF|10年国债ETF|信用债ETF|日利ETF|沪深300ETF|中证500ETF|中证1000ETF|中证2000ETF|创业板ETF|红利ETF|半导体ETF|人工智能ETF|新能源ETF|科创50ETF|证券ETF|军工ETF|消费ETF|恒生ETF|白银LOF|纳指ETF|标普500ETF|日经225ETF|欧洲ETF|黄金ETF|有色金属期货ETF|能源化工期货ETF|豆粕ETF|煤炭ETF|原油ETF,,
2026-05-22,30,60,可转债ETF|5年国债ETF|10年国债ETF|信用债ETF|日利ETF|沪深300ETF|中证500ETF|中证1000ETF|中证2000ETF|创业板ETF|红利ETF|半导体ETF|人工智能ETF|新能源ETF|科创50ETF|证券ETF|军工ETF|消费ETF|恒生ETF|白银LOF|纳指ETF|标普500ETF|日经225ETF|欧洲ETF|黄金ETF|有色金属期货ETF|能源化工期货ETF|豆粕ETF|煤炭ETF|原油ETF,,
2026-05-29,30,60,可转债ETF|5年国债ETF|10年国债ETF|信用债ETF|日利ETF|沪深300ETF|中证500ETF|中证1000ETF|中证2000ETF|创业板ETF|红利ETF|半导体ETF|人工智能ETF|新能源ETF|科创50ETF|证券ETF|军工ETF|消费ETF|恒生ETF|白银LOF|纳指ETF|标普500ETF|日经225ETF|欧洲ETF|黄金ETF|有色金属期货ETF|能源化工期货ETF|豆粕ETF|煤炭ETF|原油ETF,,
2026-06-05,30,60,可转债ETF|5年国债ETF|10年国债ETF|信用债ETF|日利ETF|沪深300ETF|中证500ETF|中证1000ETF|中证2000ETF|创业板ETF|红利ETF|半导体ETF|人工智能ETF|新能源ETF|科创50ETF|证券ETF|军工ETF|消费ETF|恒生ETF|白银LOF|纳指ETF|标普500ETF|日经225ETF|欧洲ETF|黄金ETF|有色金属期货ETF|能源化工期货ETF|豆粕ETF|煤炭ETF|原油ETF,,
2026-06-12,30,60,可转债ETF|5年国债ETF|10年国债ETF|信用债ETF|日利ETF|沪深300ETF|中证500ETF|中证1000ETF|中证2000ETF|创业板ETF|红利ETF|半导体ETF|人工智能ETF|新能源ETF|科创50ETF|证券ETF|军工ETF|消费ETF|恒生ETF|白银LOF|纳指ETF|标普500ETF|日经225ETF|欧洲ETF|黄金ETF|有色金属期货ETF|能源化工期货ETF|豆粕ETF|煤炭ETF|原油ETF,,
2026-06-18,30,60,可转债ETF|5年国债ETF|10年国债ETF|信用债ETF|日利ETF|沪深300ETF|中证500ETF|中证1000ETF|中证2000ETF|创业板ETF|红利ETF|半导体ETF|人工智能ETF|新能源ETF|科创50ETF|证券ETF|军工ETF|消费ETF|恒生ETF|白银LOF|纳指ETF|标普500ETF|日经225ETF|欧洲ETF|黄金ETF|有色金属期货ETF|能源化工期货ETF|豆粕ETF|煤炭ETF|原油ETF,,
2026-06-26,30,60,可转债ETF|5年国债ETF|10年国债ETF|信用债ETF|日利ETF|沪深300ETF|中证500ETF|中证1000ETF|中证2000ETF|创业板ETF|红利ETF|半导体ETF|人工智能ETF|新能源ETF|科创50ETF|证券ETF|军工ETF|消费ETF|恒生ETF|白银LOF|纳指ETF|标普500ETF|日经225ETF|欧洲ETF|黄金ETF|有色金属期货ETF|能源化工期货ETF|豆粕ETF|煤炭ETF|原油ETF,,
2026-07-03,30,60,可转债ETF|5年国债ETF|10年国债ETF|信用债ETF|日利ETF|沪深300ETF|中证500ETF|中证1000ETF|中证2000ETF|创业板ETF|红利ETF|半导体ETF|人工智能ETF|新能源ETF|科创50ETF|证券ETF|军工ETF|消费ETF|恒生ETF|白银LOF|纳指ETF|标普500ETF|日经225ETF|欧洲ETF|黄金ETF|有色金属期货ETF|能源化工期货ETF|豆粕ETF|煤炭ETF|原油ETF,,
2026-07-10,30,60,可转债ETF|5年国债ETF|10年国债ETF|信用债ETF|日利ETF|沪深300ETF|中证500ETF|中证1000ETF|中证2000ETF|创业板ETF|红利ETF|半导体ETF|人工智能ETF|新能源ETF|科创50ETF|证券ETF|军工ETF|消费ETF|恒生ETF|白银LOF|纳指ETF|标普500ETF|日经225ETF|欧洲ETF|黄金ETF|有色金属期货ETF|能源化工期货ETF|豆粕ETF|煤炭ETF|原油ETF,,
2026-07-17,30,60,可转债ETF|5年国债ETF|10年国债ETF|信用债ETF|日利ETF|沪深300ETF|中证500ETF|中证1000ETF|中证2000ETF|创业板ETF|红利ETF|半导体ETF|人工智能ETF|新能源ETF|科创50ETF|证券ETF|军工ETF|消费ETF|恒生ETF|白银LOF|纳指ETF|标普500ETF|日经225ETF|欧洲ETF|黄金ETF|有色金属期货ETF|能源化工期货ETF|豆粕ETF|煤炭ETF|原油ETF,,
2026-07-24,30,60,可转债ETF|5年国债ETF|10年国债ETF|信用债ETF|日利ETF|沪深300ETF|中证500ETF|中证1000ETF|中证2000ETF|创业板ETF|红利ETF|半导体ETF|人工智能ETF|新能源ETF|科创50ETF|证券ETF|军工ETF|消费ETF|恒生ETF|白银LOF|纳指ETF|标普500ETF|日经225ETF|欧洲ETF|黄金ETF|有色金属期货ETF|能源化工期货ETF|豆粕ETF|煤炭ETF|原油ETF,,
2026-07-31,30,60,可转债ETF|5年国债ETF|10年国债ETF|信用债ETF|日利ETF|沪深300ETF|中证500ETF|中证1000ETF|中证2000ETF|创业板ETF|红利ETF|半导体ETF|人工智能ETF|新能源ETF|科创50ETF|证券ETF|军工ETF|消费ETF|恒生ETF|白银LOF|纳指ETF|标普500ETF|日经225ETF|欧洲ETF|黄金ETF|有色金属期货ETF|能源化工期货ETF|豆粕ETF|煤炭ETF|原油ETF,,
2026-08-07,30,60,可转债ETF|5年国债ETF|10年国债ETF|信用债ETF|日利ETF|沪深300ETF|中证500ETF|中证1000ETF|中证2000ETF|创业板ETF|红利ETF|半导体ETF|人工智能ETF|新能源ETF|科创50ETF|证券ETF|军工ETF|消费ETF|恒生ETF|白银LOF|纳指ETF|标普500ETF|日经225ETF|欧洲ETF|黄金ETF|有色金属期货ETF|能源化工期货ETF|豆粕ETF|煤炭ETF|原油ETF,,
2026-08-14,30,60,可转债ETF|5年国债ETF|10年国债ETF|信用债ETF|日利ETF|沪深300ETF|中证500ETF|中证1000ETF|中证2000ETF|创业板ETF|红利ETF|半导体ETF|人工智能ETF|新能源ETF|科创50ETF|证券ETF|军工ETF|消费ETF|恒生ETF|白银LOF|纳指ETF|标普500ETF|日经225ETF|欧洲ETF|黄金ETF|有色金属期货ETF|能源化工期货ETF|豆粕ETF|煤炭ETF|原油ETF,,
2026-08-21,30,60,可转债ETF|5年国债ETF|10年国债ETF|信用债ETF|日利ETF|沪深300ETF|中证500ETF|中证1000ETF|中证2000ETF|创业板ETF|红利ETF|半导体ETF|人工智能ETF|新能源ETF|科创50ETF|证券ETF|军工ETF|消费ETF|恒生ETF|白银LOF|纳指ETF|标普500ETF|日经225ETF|欧洲ETF|黄金ETF|有色金属期货ETF|能源化工期货ETF|豆粕ETF|煤炭ETF|原油ETF,,
2026-08-28,30,60,可转债ETF|5年国债ETF|10年国债ETF|信用债ETF|日利ETF|沪深300ETF|中证500ETF|中证1000ETF|中证2000ETF|创业板ETF|红利ETF|半导体ETF|人工智能ETF|新能源ETF|科创50ETF|证券ETF|军工ETF|消费ETF|恒生ETF|白银LOF|纳指ETF|标普500ETF|日经225ETF|欧洲ETF|黄金ETF|有色金属期货ETF|能源化工期货ETF|豆粕ETF|煤炭ETF|原油ETF,,
2026-08-31,30,60,可转债ETF|5年国债ETF|10年国债ETF|信用债ETF|日利ETF|沪深300ETF|中证500ETF|中证1000ETF|中证2000ETF|创业板ETF|红利ETF|半导体ETF|人工智能ETF|新能源ETF|科创50ETF|证券ETF|军工ETF|消费ETF|恒生ETF|白银LOF|纳指ETF|标普500ETF|日经225ETF|欧洲ETF|黄金ETF|有色金属期货ETF|能源化工期货ETF|豆粕ETF|煤炭ETF|原油ETF,,
