date,turnover,transaction_cost,weight_可转债ETF,previous_weight_可转债ETF,weight_5年国债ETF,previous_weight_5年国债ETF,weight_10年国债ETF,previous_weight_10年国债ETF,weight_信用债ETF,previous_weight_信用债ETF,weight_日利ETF,previous_weight_日利ETF,weight_沪深300ETF,previous_weight_沪深300ETF,weight_中证500ETF,previous_weight_中证500ETF,weight_中证1000ETF,previous_weight_中证1000ETF,weight_中证2000ETF,previous_weight_中证2000ETF,weight_创业板ETF,previous_weight_创业板ETF,weight_红利ETF,previous_weight_红利ETF,weight_半导体ETF,previous_weight_半导体ETF,weight_人工智能ETF,previous_weight_人工智能ETF,weight_新能源ETF,previous_weight_新能源ETF,weight_科创50ETF,previous_weight_科创50ETF,weight_证券ETF,previous_weight_证券ETF,weight_军工ETF,previous_weight_军工ETF,weight_消费ETF,previous_weight_消费ETF,weight_恒生ETF,previous_weight_恒生ETF,weight_白银LOF,previous_weight_白银LOF,weight_纳指ETF,previous_weight_纳指ETF,weight_标普500ETF,previous_weight_标普500ETF,weight_日经225ETF,previous_weight_日经225ETF,weight_欧洲ETF,previous_weight_欧洲ETF,weight_黄金ETF,previous_weight_黄金ETF,weight_有色金属期货ETF,previous_weight_有色金属期货ETF,weight_能源化工期货ETF,previous_weight_能源化工期货ETF,weight_豆粕ETF,previous_weight_豆粕ETF,weight_煤炭ETF,previous_weight_煤炭ETF,weight_原油ETF,previous_weight_原油ETF
2018-01-05,1.0378436100973165e-09,3.113530830291949e-13,0.0,0.0,0.15059706400011227,0.15059706400536726,0.09802707888427248,0.09802707842799015,0.0,0.0,0.15281273359897873,0.15281273360001782,0.029310531953968957,0.029310531956830376,0.020829322915209548,0.020829322914790713,0.0035749376012894894,0.0035749376032262253,0.0,0.0,0.015245804002752623,0.015245804001026165,0.031147970413648116,0.031147970412372064,0.0,0.0,0.0,0.0,0.0,0.0,0.0,0.0,0.018244723735824593,0.0182447237339077,0.014365845477559659,0.01436584547547735,0.05890281564417414,0.058902816148006076,0.08635524524122117,0.08635524524479449,0.04409481796545632,0.04409481792465803,0.02270333865287967,0.022703338640949294,0.054663029996122284,0.054663029996492245,0.0,0.0,0.053222294589984585,0.053222294590039,0.09475491710054591,0.09475491709931985,0.0,0.0,0.0,0.0,0.0,0.0,0.0,0.0,0.051147528225999425,0.051147528224735284
2018-01-12,4.3921374980005964e-07,1.317641249400179e-10,0.0,0.0,0.1496989803702394,0.14969898079858546,0.09703826736679917,0.09703807455879182,0.0,0.0,0.151870994182568,0.15187099412370728,0.029691100834958302,0.0296911010299615,0.02076588696405147,0.020765886646089714,0.0035625220860313455,0.0035625223310622018,0.0,0.0,0.01522830492476678,0.015228304416164507,0.031504346074917415,0.03150434563164612,0.0,0.0,0.0,0.0,0.0,0.0,0.0,0.0,0.018304648001768533,0.018304647486206988,0.014115025574317533,0.014115024983736787,0.06090739889051582,0.060907617284621116,0.08696608210877167,0.08696608245316126,0.04378556808538916,0.04378554722012828,0.022971384321180975,0.02297138205644297,0.054973852813446564,0.0549738526746011,0.0,0.0,0.053046388803604926,0.053046388605910655,0.0947207052073554,0.09472070476027546,0.0,0.0,0.0,0.0,0.0,0.0,0.0,0.0,0.05084854338931751,0.05084854293890695
2018-01-19,2.2224220100081765e-08,6.667266030024529e-12,0.0,0.0,0.1487097087071396,0.1487097087092959,0.0964958241529488,0.09649581459229661,0.0,0.0,0.15118479969075094,0.15118479968445847,0.030044557762618926,0.030044557763810598,0.020181881290292594,0.020181881278717825,0.0034343606108987305,0.0034343606127358378,0.0,0.0,0.01457047670891395,0.014570476693198183,0.03196437500470694,0.03196437499140099,0.0,0.0,0.0,0.0,0.0,0.0,0.0,0.0,0.019019917225735587,0.019019917210366357,0.013328155856860143,0.013328155839244711,0.061483115431234546,0.061483126529934144,0.08847078685467916,0.08847078686290467,0.04330240286727225,0.04330240149593947,0.023187215352334672,0.023187215290478867,0.05548103967653672,0.05548103967244626,0.0,0.0,0.05321980645120032,0.05321980644232971,0.09509141797973038,0.09509141796862515,0.0,0.0,0.0,0.0,0.0,0.0,0.0,0.0,0.05083015837614563,0.05083015836181641
2018-01-26,4.1611617943027035e-08,1.248348538290811e-11,0.0,0.0,0.14828591671026264,0.14828591670358254,0.09590012510129359,0.09590011736531813,0.0,0.0,0.1501975127250611,0.15019751270536058,0.030417495363071836,0.030417495356394413,0.020382515181940807,0.020382515159116647,0.003476192002952673,0.003476192000145941,0.0,0.0,0.015100193153867823,0.015100193126085517,0.03253573564917148,0.032535735625168274,0.0,0.0,0.0,0.0,0.0,0.0,0.0,0.0,0.019684671820251586,0.019684671793799197,0.013774155114862486,0.013774155088905062,0.060290941411160995,0.060290962216138236,0.08839923673392298,0.08839923673475474,0.043595374233754446,0.04359536146783303,0.02309636615714652,0.023096366088681246,0.05517256035436767,0.055172560345020286,0.0,0.0,0.053497219881699816,0.05349721986563164,0.09524957090233051,0.09524957088149841,0.0,0.0,0.0,0.0,0.0,0.0,0.0,0.0,0.05094421750288099,0.0509442174765661
2018-02-02,3.41799104187435e-06,1.0253973125623049e-09,0.0,0.0,0.1508298554695551,0.15082985547603847,0.09773220068844096,0.09773050552976574,0.0,0.0,0.153053581099262,0.15305358074324052,0.0300851375332899,0.030085137781468922,0.01945044459940903,0.019450444510172898,0.0032643740638963834,0.0032643741355473485,0.0,0.0,0.0144202788574751,0.014420278677903155,0.032770319001335084,0.03277031898137434,0.0,0.0,0.0,0.0,0.0,0.0,0.0,0.0,0.018839415333536273,0.0188394151109193,0.01287553887500751,0.01287553864733059,0.05930178078693433,0.059303488801191795,0.08946807992401888,0.08946808034195067,0.04332421087652319,0.043324198896713934,0.02334007535399407,0.023340074844317733,0.05567279382583204,0.05567279397415182,0.0,0.0,0.05294034302266964,0.05294034311136814,0.09500420490998919,0.09500420484070657,0.0,0.0,0.0,0.0,0.0,0.0,0.0,0.0,0.04762736577883131,0.04762736559583796
2018-02-09,0.002816023529088897,8.44807058726669e-07,0.0,0.0,0.1560605486478461,0.15606054967551922,0.10135186439795733,0.1013518638512377,0.0,0.0,0.15813259354694525,0.15813259422843548,0.029401876278964553,0.02940187685486743,0.019332141114139903,0.01933214138292468,0.0032270487433803843,0.0032270487399096988,0.0,0.0,0.014386047445569433,0.014386047634383071,0.03250916684024481,0.032509167151479855,0.0,0.0,0.0,0.0,0.0,0.0,0.0,0.0,0.0182712766148152,0.018271276651171005,0.012660532504650051,0.01266053250444565,0.054525576263484664,0.055933580695979195,0.08608498415800683,0.08608498477726557,0.04498861185549508,0.04358060078820095,0.022248240778942385,0.02224824082223589,0.053794509781670184,0.05379451243178853,0.0,0.0,0.05127588764688938,0.05127588857601321,0.09638389834969754,0.09638389822231172,0.0,0.0,0.0,0.0,0.0,0.0,0.0,0.0,0.04536519503130102,0.04536519501183122
2018-02-14,0.003919850276991963,1.1759550830975888e-06,0.0,0.0,0.15704932910314376,0.15704932921439385,0.10149551531275389,0.10149551324566825,0.0,0.0,0.15863928904062294,0.15863928918089215,0.02885202491257436,0.028852025208932416,0.01925641514046624,0.019256415261486033,0.0032335953838683548,0.0032335953976978457,0.0,0.0,0.014499041568074904,0.014499041644188136,0.031827595304548824,0.03182759549719493,0.0,0.0,0.0,0.0,0.0,0.0,0.0,0.0,0.01707623596962085,0.01707623599733005,0.012582089056117353,0.01258208906003296,0.05405138297832787,0.056011304424478804,0.08465710585777417,0.0846571061564456,0.04720574055884802,0.045245817629779854,0.0224601171009421,0.02246011715044901,0.05366207420865458,0.05366207609646768,0.0,0.0,0.051004873787095145,0.051004874255132455,0.09758846955749392,0.09758846941515172,0.0,0.0,0.0,0.0,0.0,0.0,0.0,0.0,0.04485910515907283,0.044859105164278296
2018-02-23,0.00536701530057145,1.6101045901714348e-06,0.0,0.0,0.15534773734643462,0.15534773740309007,0.10085117541896699,0.10085117443398398,0.0,0.0,0.15720804288682894,0.15720804297214272,0.029427361346025093,0.029427361606213218,0.01953416664750454,0.019534166755366084,0.00325950540710142,0.0032595054146811182,0.0,0.0,0.014572663783831716,0.014572663852470696,0.03222221083209758,0.03222221100810541,0.0,0.0,0.0,0.0,0.0,0.0,0.0,0.0,0.01702751077007591,0.017027510798352984,0.01263377868905025,0.012633778694829841,0.05317504597882163,0.05585855027247936,0.08735116766561088,0.08735116807936397,0.04886670958534698,0.04618320303336795,0.02287311801284534,0.022873118065408097,0.05390138435965096,0.05390138608258247,0.0,0.0,0.05088906959057047,0.050889069955684846,0.09651342164855756,0.09651342153523397,0.0,0.0,0.0,0.0,0.0,0.0,0.0,0.0,0.044345930030679236,0.04434593003664351
2018-03-02,1.0234155815684598e-07,3.070246744705379e-11,0.0,0.0,0.1555274967004421,0.1555274967630995,0.10129156715071944,0.10129156715234482,0.0,0.0,0.15675295570467715,0.15675295578462622,0.02934208884527639,0.029342089120869545,0.020206743831665236,0.02020674395276356,0.003404375298588167,0.0034043753934938545,0.0,0.0,0.015502964389225703,0.015502964485753251,0.03168943558264981,0.031689435742639965,0.0,0.0,0.0,0.0,0.0,0.0,0.0,0.0,0.017269564964646048,0.017269565042042537,0.01356403544956847,0.013564035533819544,0.051779526594837914,0.05177956991653363,0.08627006328515054,0.08627006362667947,0.04862879850446831,0.04862874733368935,0.023481042807055333,0.023481042890962475,0.05455675142048524,0.05455675730700557,0.0,0.0,0.05075027407146717,0.05075027449058569,0.09562900544589302,0.09562900545341929,0.0,0.0,0.0,0.0,0.0,0.0,0.0,0.0,0.04435330995318389,0.04435331000967191
2018-03-09,3.3737599609189386e-07,1.0121279882756815e-10,0.0,0.0,0.15540219899589286,0.15540219914153633,0.1008204727865952,0.10082047278333703,0.0,0.0,0.15665051196381738,0.1566505121464598,0.029531518118400817,0.02953151887848979,0.020316168872446097,0.0203161691884208,0.003434264008651755,0.0034342642387050044,0.0,0.0,0.015471526620694275,0.015471526863978667,0.031996683599161364,0.031996684036411996,0.0,0.0,0.0,0.0,0.0,0.0,0.0,0.0,0.017282709294680846,0.01728270948895502,0.013630066916273604,0.013630067121861444,0.051104846957526026,0.05110498615483303,0.08571055315778742,0.08571055436742629,0.04886000103747458,0.048859832352734694,0.023677362470156085,0.0236773626820029,0.05437636860996549,0.05437639265241518,0.0,0.0,0.050307828641567194,0.05030782977449883,0.09637948883857053,0.09637948887157645,0.0,0.0,0.0,0.0,0.0,0.0,0.0,0.0,0.04504742911033851,0.04504742925635674
2018-03-16,1.1063973120754508e-06,3.319191936226352e-10,0.0,0.0,0.15451978837383623,0.15451978861583995,0.10036711191542212,0.10036711168101628,0.0,0.0,0.1561393541787432,0.1561393545055594,0.029515364557926776,0.02951536617236719,0.020332788597424118,0.020332789283857126,0.003463949922113494,0.0034639504030681183,0.0,0.0,0.01592204420659065,0.015922044753796348,0.031683841096367446,0.03168384200190275,0.0,0.0,0.0,0.0,0.0,0.0,0.0,0.0,0.017289786177359944,0.01728978660030797,0.013678242192538966,0.013678242621363544,0.05158822656194207,0.05158864639435796,0.08721489849039654,0.08721490365066682,0.04836720961651917,0.04836665671298604,0.023976293646571282,0.023976294123341877,0.05487201396047692,0.05487213303075329,0.0,0.0,0.05006239889286161,0.05006240157227295,0.09546688477849997,0.09546688471778293,0.0,0.0,0.0,0.0,0.0,0.0,0.0,0.0,0.04553980283440958,0.04553980315875957
2018-03-23,1.369066799337959e-07,4.107200398013877e-11,0.0,0.0,0.1551953110244703,0.15519531110501855,0.1011352013285112,0.10113520131873822,0.0,0.0,0.15686959546958765,0.1568695955741776,0.02903689403914596,0.029036894505138963,0.020216854344600483,0.02021685455139127,0.003451348884772602,0.003451349034164755,0.0,0.0,0.015699558557285227,0.01569955872211976,0.031226185069196794,0.031226185327346122,0.0,0.0,0.0,0.0,0.0,0.0,0.0,0.0,0.01718634335549114,0.01718634348549313,0.01368016980451883,0.013680169937655782,0.04961070500438387,0.04961073131514052,0.0868464513029135,0.08684645267204803,0.04855549729849612,0.048555428854929215,0.023724571445369214,0.023724571588846128,0.05440543999307854,0.054405477934406865,0.0,0.0,0.05034959861915209,0.05034959948494306,0.09633551458890942,0.09633551461461123,0.0,0.0,0.0,0.0,0.0,0.0,0.0,0.0,0.04647475987011701,0.046474759973830916
2018-03-30,2.418604183630768e-07,7.255812550892304e-11,0.0,0.0,0.15772741374356344,0.15772741376526525,0.10256059554457701,0.10256047580704443,0.0,0.0,0.1592047379433792,0.15920473799772117,0.02864862769818449,0.028648628229026127,0.020268133198508335,0.020268133424897136,0.0034711920410419217,0.0034711921846549373,0.0,0.0,0.016190959096164578,0.01619095926138185,0.030821875981798634,0.030821876268914465,0.0,0.0,0.0,0.0,0.0,0.0,0.0,0.0,0.017034685548974294,0.01703468564679958,0.014262934332229095,0.014262934414580257,0.04909924896279629,0.04909928909612598,0.08436571201116849,0.0843657153553832,0.04835324560028282,0.04835324442890853,0.022589470033958985,0.02258947016720013,0.05292765595770568,0.05292773028788325,0.0,0.0,0.049917712796596514,0.049917714080810714,0.09685040894552181,0.09685040892421953,0.0,0.0,0.0,0.0,0.0,0.0,0.0,0.0,0.04570539056354845,0.04570539065918356
2018-04-04,3.79383042190852e-08,1.138149126572556e-11,0.0,0.0,0.15792654836387893,0.15792654837029185,0.10287903469467867,0.10287901603505512,0.0,0.0,0.1592399173889515,0.15923991740274243,0.028285662539435277,0.02828566267300389,0.02031608006825751,0.020316080129523593,0.0034971316531246183,0.003497131695597958,0.0,0.0,0.0164005778159751,0.016400577861612427,0.030116201727213965,0.030116201795501823,0.0,0.0,0.0,0.0,0.0,0.0,0.0,0.0,0.017298997470114773,0.017298997496321515,0.014866609303933277,0.014866609326511581,0.048737268855560005,0.0487372760285287,0.08402614027469728,0.08402614096830799,0.04877283658125072,0.04877283627609918,0.022590933121189826,0.022590933156415305,0.05216397356307816,0.05216398387884679,0.0,0.0,0.04951973491351021,0.04951973521852346,0.09772136755103478,0.09772136754665785,0.0,0.0,0.0,0.0,0.0,0.0,0.0,0.0,0.04564098411411527,0.045640984140458564
2018-04-13,3.51816318478089e-08,1.0554489554342668e-11,0.0,0.0,0.15685744849665123,0.15685744850047023,0.10245329629804178,0.10245327905123677,0.0,0.0,0.15786322835635694,0.15786322836486077,0.028270652410413093,0.02827065253254314,0.02007738173258636,0.02007738178697303,0.00345601425447448,0.003456014293965287,0.0,0.0,0.015843381611557777,0.015843381650897617,0.03028508809051357,0.030285088156986616,0.0,0.0,0.0,0.0,0.0,0.0,0.0,0.0,0.01711973294177635,0.01711973296577688,0.01459158382231932,0.014591583843058387,0.04926764613830059,0.04926765254059494,0.08483305208309937,0.08483305306444208,0.04856271378751572,0.04856271345039762,0.02276104916029413,0.022761049192849773,0.052500074153571046,0.05250008363215607,0.0,0.0,0.04975666135319073,0.04975666164167545,0.09749356917584782,0.09749356916895482,0.0,0.0,0.0,0.0,0.0,0.0,0.0,0.0,0.04800742613348979,0.048007426162160236
2018-04-20,1.9970173006575442e-09,5.991051901972632e-13,0.0,0.0,0.15668358832670481,0.15668358832390938,0.10304421030719829,0.10304420934110793,0.0,0.0,0.15676841192577956,0.15676841192182944,0.0274701817017092,0.027470181719829068,0.019761541734706102,0.0197615417437911,0.0034053397552624163,0.003405339765648616,0.0,0.0,0.015684515964285002,0.015684515971155097,0.029345018684895294,0.029345018694259702,0.0,0.0,0.0,0.0,0.0,0.0,0.0,0.0,0.0167705951104974,0.01677059511493138,0.015203232012520147,0.015203232016605436,0.04845059172409703,0.048450591988027654,0.08411871569349907,0.08411871576438448,0.049415326761324915,0.04941532674223153,0.02294240203423092,0.022942402040146106,0.05320969746858449,0.05320969801081038,0.0,0.0,0.05078255904428841,0.05078255909121027,0.09676197182051516,0.09676197181393573,0.0,0.0,0.0,0.0,0.0,0.0,0.0,0.0,0.05018209992990191,0.05018209993618668
2018-04-27,1.9754217268040664e-09,5.926265180412199e-13,0.0,0.0,0.15814503089111825,0.15814503088824797,0.10396181629893274,0.10396181541207085,0.0,0.0,0.15830647667966466,0.15830647667659317,0.027256406118971472,0.027256406133873777,0.019450310697004175,0.01945031070388043,0.003356984845408976,0.00335698485468038,0.0,0.0,0.015510470386476292,0.015510470391358173,0.02922034688676022,0.029220346894889872,0.0,0.0,0.0,0.0,0.0,0.0,0.0,0.0,0.0165193519270272,0.01651935192946094,0.014685177452812627,0.01468517745476522,0.04850207206688388,0.04850207240391803,0.08371796819249697,0.08371796825781685,0.04858478276805197,0.048584782677189325,0.02260149189391558,0.022601491898143058,0.052760307573514166,0.05276030806402943,0.0,0.0,0.04988771472896389,0.04988771476494575,0.0964810016703639,0.09648100166631937,0.0,0.0,0.0,0.0,0.0,0.0,0.0,0.0,0.05105228892163308,0.051052288927817484
2018-05-04,3.187642970328003e-09,9.562928910984009e-13,0.0,0.0,0.15745490736342876,0.1574549073610545,0.1029017419169008,0.10290174043955533,0.0,0.0,0.15765034751719886,0.15765034751531906,0.027413169287329106,0.027413169307682648,0.019568687611199384,0.019568687620917936,0.0033518995617148285,0.003351899573356984,0.0,0.0,0.015839683740782554,0.015839683748097078,0.029415333799426454,0.029415333811177703,0.0,0.0,0.0,0.0,0.0,0.0,0.0,0.0,0.017151100955085107,0.01715110095934726,0.01429802542375217,0.014298025426971943,0.048618079210880065,0.04861807970307954,0.08484516654273835,0.08484516664899619,0.04808171609405402,0.048081715985548744,0.022676632175306754,0.02267663218142508,0.053053549271548185,0.05305355012942402,0.0,0.0,0.050403713967722585,0.05040371402181326,0.09532074543752586,0.09532074543380918,0.0,0.0,0.0,0.0,0.0,0.0,0.0,0.0,0.05195550012340617,0.05195550013242355
2018-05-11,1.5036501773129513e-07,4.5109505319388534e-11,0.0,0.0,0.15516251532713116,0.15516251531554687,0.1012677916286611,0.10126771668023946,0.0,0.0,0.15597186420378956,0.15597186422740622,0.027887696430091282,0.027887696726894402,0.01981308923972143,0.019813089385696415,0.003397098311605846,0.003397098432660043,0.0,0.0,0.015993961143950824,0.015993961262561935,0.029813383926512387,0.02981338411437811,0.0,0.0,0.0,0.0,0.0,0.0,0.0,0.0,0.017001850354775017,0.01700185044031258,0.014125397616184414,0.014125397694109032,0.050947043602461606,0.0509471000478085,0.08532164933033443,0.08532165116255329,0.047677131638890896,0.04767713143509538,0.02340487793641295,0.02340487803865249,0.053383995144718616,0.053384009956255765,0.0,0.0,0.05044885052811626,0.05044885132364064,0.09449343129702507,0.09449343127831764,0.0,0.0,0.0,0.0,0.0,0.0,0.0,0.0,0.053888372339617255,0.05388837247787129
2018-05-18,6.069169141286086e-07,1.8207507423858256e-10,0.0,0.0,0.15540921441293545,0.1554092143645839,0.10139923061964233,0.10139892777145461,0.0,0.0,0.15628608479150452,0.1562860848363504,0.027644283921133467,0.027644284655258443,0.01960190237824051,0.01960190274536959,0.0033498287501461783,0.003349829050077498,0.0,0.0,0.015714737857827482,0.01571473815801009,0.029780057611183134,0.02978005808864416,0.0,0.0,0.0,0.0,0.0,0.0,0.0,0.0,0.016497742665436372,0.016497742883996375,0.013804918017457523,0.013804918219128827,0.05165125634758961,0.05165150552904779,0.08580967180092125,0.08580967711364285,0.04738127682827717,0.047381276327250435,0.02390714428259389,0.02390714455402877,0.05385726305484409,0.0538573068568202,0.0,0.0,0.05010237672665077,0.05010237860409825,0.09292748349784626,0.09292748343695513,0.0,0.0,0.0,0.0,0.0,0.0,0.0,0.0,0.05487552643577018,0.054875526805282744
2018-05-25,2.3208356449795284e-07,6.962506934938584e-11,0.0,0.0,0.1555625284808027,0.15556252844696086,0.10181913831784462,0.10181902259608472,0.0,0.0,0.15622573176403978,0.15622573179141605,0.027344845609339415,0.027344846035478293,0.019676981476235228,0.019676981698174285,0.003362839592996066,0.0033628397734285055,0.0,0.0,0.015767700952837256,0.01576770113531282,0.02952727873837064,0.029527279020720443,0.0,0.0,0.0,0.0,0.0,0.0,0.0,0.0,0.01636450616877067,0.016364506305797114,0.013804567079592376,0.013804567209517176,0.050311217411653585,0.050311274089171514,0.08532526262518245,0.08532526625554648,0.04738153376831347,0.047381533509216554,0.02369844452171216,0.02369844468224838,0.05449627594459192,0.054496328461177544,0.0,0.0,0.050405290807036096,0.05040529201017351,0.09361921394516502,0.09361921391808159,0.0,0.0,0.0,0.0,0.0,0.0,0.0,0.0,0.055306642795516565,0.05530664306149449
2018-06-01,0.0029002855122421214,8.700856536726364e-07,0.0,0.0,0.15535432024688703,0.15535431931083385,0.1039176807445347,0.10246754240587311,0.0,0.0,0.15626888479925985,0.15626888375784212,0.027222108412364745,0.027222110412963418,0.01891681476859775,0.018916815757732502,0.003216505190696424,0.003216505881143596,0.0,0.0,0.014968302159197063,0.014968302961527152,0.02950561992685981,0.029505621295609404,0.0,0.0,0.0,0.0,0.0,0.0,0.0,0.0,0.015556943940316337,0.015556944514477353,0.012873618205658736,0.012873618720448269,0.053081018042880734,0.054531047475504454,0.08472946713110976,0.08472947823771147,0.047558286080800226,0.04755828438887996,0.024006351044417777,0.024006351779088882,0.05429226780869824,0.05429235675661966,0.0,0.0,0.04912384943599909,0.04912385372356271,0.09435331033213365,0.09435330958406532,0.0,0.0,0.0,0.0,0.0,0.0,0.0,0.0,0.055054651729588094,0.055054653036116716
2018-06-08,0.00024383050227834912,7.314915068350473e-08,0.0,0.0,0.15481683784631897,0.15481683715542538,0.10317545504085157,0.10305354312682939,0.0,0.0,0.15592283980121185,0.15592283894164635,0.027385160340345566,0.02738516256335964,0.018828657125402645,0.01882865822008862,0.003189116737662588,0.003189117446138662,0.0,0.0,0.014803011548415937,0.014803012446665754,0.029442357437653794,0.02944235897216499,0.0,0.0,0.0,0.0,0.0,0.0,0.0,0.0,0.01567576251917425,0.01567576318404875,0.01266399715121669,0.012663997741374066,0.05215059785326268,0.05227193369696071,0.0878423101499611,0.08784235509921741,0.04752551826193745,0.04752551709762676,0.02495061653210834,0.02495061742628294,0.05525893300626639,0.05525945263489577,0.0,0.0,0.04928628264317035,0.04928628762985649,0.0932825212875419,0.09328252066519477,0.0,0.0,0.0,0.0,0.0,0.0,0.0,0.0,0.053800024717497855,0.05380002595222365
2018-06-15,6.058444939810448e-06,1.8175334819431341e-09,0.0,0.0,0.15529917052453454,0.15529916997245694,0.10341095569181111,0.10340793281177654,0.0,0.0,0.15654082213468418,0.15654081738243902,0.027103362659411444,0.027103365470557528,0.018402164003723943,0.018402165355178107,0.003096435877879439,0.003096437167420838,0.0,0.0,0.014407079916966985,0.014407081049302868,0.02930354549172407,0.02930354739283928,0.0,0.0,0.0,0.0,0.0,0.0,0.0,0.0,0.015277114397769782,0.015277115278410774,0.012029088838452108,0.012029089658150742,0.05189338950148568,0.051895747847929614,0.08484635431810433,0.0848463768271868,0.049111205226143144,0.04911120475114082,0.025098058705044973,0.025098059856404658,0.05584454807588754,0.055845176716523816,0.0,0.0,0.04931198473832936,0.0493119913867515,0.09404738473115239,0.09404738416804206,0.0,0.0,0.0,0.0,0.0,0.0,0.0,0.0,0.05497733516689493,0.0549773369074879
2018-06-22,6.277373978363747e-07,1.883212193509124e-10,0.0,0.0,0.15763086267923304,0.15763085932349652,0.10519136722509924,0.10519105802281024,0.0,0.0,0.15867189949079819,0.1586718983951081,0.026247189661664512,0.026247189969597084,0.01699240735058956,0.016992407485479057,0.002826870617358622,0.0028268708575266252,0.0,0.0,0.013249353677549296,0.013249353781675414,0.028701998556454635,0.028701998744452346,0.0,0.0,0.0,0.0,0.0,0.0,0.0,0.0,0.013724160828974721,0.013724160892932848,0.011155159784632558,0.011155159838691947,0.050719962679470626,0.05072012195544759,0.08456993401871132,0.0845699363473377,0.047751113540893814,0.047751113427460246,0.026078324625681194,0.026078324762443917,0.057003191280347004,0.05700334105077681,0.0,0.0,0.04915720969301503,0.049157210711738356,0.09397199157651175,0.09397199147496213,0.0,0.0,0.0,0.0,0.0,0.0,0.0,0.0,0.05635700271301469,0.05635700295806312
2018-06-29,4.305070573857109e-08,1.2915211721571325e-11,0.0,0.0,0.15862073942392388,0.15862073909450622,0.10626004841125689,0.10626002741170643,0.0,0.0,0.15987622659944725,0.15987622643479832,0.02516511149843259,0.02516511154174778,0.016965265742848054,0.016965265762873608,0.002842795252513914,0.0028427952984278588,0.0,0.0,0.013539026311984588,0.013539026327355987,0.027683215258967556,0.027683215282796582,0.0,0.0,0.0,0.0,0.0,0.0,0.0,0.0,0.014052513413262527,0.014052513422044216,0.011580483027535272,0.011580483035095885,0.0478820876640376,0.0478820916966759,0.08292703132824429,0.08292703156180108,0.04858001637385341,0.04858001635837645,0.02538686350188145,0.025386863521193792,0.056280285839607896,0.05628030271940997,0.0,0.0,0.048578015782621206,0.04857801593080439,0.09514892874018552,0.09514892872392662,0.0,0.0,0.0,0.0,0.0,0.0,0.0,0.0,0.058631345829396074,0.0586313458764588
2018-07-06,2.222240951881352e-06,6.666722855644055e-10,0.0,0.0,0.15915895758876195,0.15915895666241445,0.10652993455763918,0.10652990090295468,0.0,0.0,0.15986035526247683,0.15985927962490484,0.02449906568488792,0.024499066113483216,0.016709414898469596,0.01670941507437901,0.0028027242198017752,0.002802724677025862,0.0,0.0,0.01340165717903217,0.013401657300335311,0.027121467652654656,0.027121467861777052,0.0,0.0,0.0,0.0,0.0,0.0,0.0,0.0,0.013814919092791691,0.013814919130421939,0.011903154751899578,0.011903154780341048,0.046202843698372145,0.04620285846331535,0.08265096559518738,0.08265096921465306,0.048539340809055934,0.048539340392209925,0.025946891677544947,0.02594689186340874,0.05769938256774322,0.05770047139721127,0.0,0.0,0.049345594508824996,0.04934559632357339,0.09554654741201872,0.09554654692699278,0.0,0.0,0.0,0.0,0.0,0.0,0.0,0.0,0.05826678284283722,0.058266783290598
2018-07-13,0.006210679481848266,1.8632038445544798e-06,0.0,0.0,0.15659204201864077,0.1565920359596171,0.1049166223616731,0.10491661551662738,0.0,0.0,0.16045524859108262,0.15734992369629366,0.025313981939873564,0.025313984378834427,0.017158783611174653,0.017158784922613447,0.0028405613401460434,0.00284056199680963,0.0,0.0,0.014012289348463844,0.01401229040816187,0.027652389380373427,0.027652391248086182,0.0,0.0,0.0,0.0,0.0,0.0,0.0,0.0,0.013938771119982207,0.01393877181250408,0.012158265995816047,0.012158266594134062,0.048133954164372,0.048137447619133036,0.08374989662638173,0.08374995296614801,0.04773160296961036,0.0477316023234586,0.026670482104397323,0.026670483356676728,0.055600027076546314,0.058701794163453676,0.0,0.0,0.05001991351366909,0.05001992406948155,0.09394497693065122,0.09394497563473714,0.0,0.0,0.0,0.0,0.0,0.0,0.0,0.0,0.05911019090714562,0.05911019333322924
2018-07-20,0.0011240758282536345,3.3722274847609034e-07,0.0,0.0,0.1575237903581267,0.1575237896902022,0.10557316904222167,0.10557316826225004,0.0,0.0,0.16123629036681783,0.16067425399694485,0.025001240831842717,0.02500124100703755,0.016944152439149932,0.01694415253050752,0.0028201531696002025,0.002820153246855823,0.0,0.0,0.013781308397913397,0.013781308472101125,0.027426905700702338,0.027426905829091432,0.0,0.0,0.0,0.0,0.0,0.0,0.0,0.0,0.01362451483884413,0.013624514887626962,0.011789991461541756,0.011789991505425507,0.048046302512633546,0.04804643178951737,0.0832726551246761,0.08327265898429015,0.04709439681465402,0.04709439677438895,0.026730201713667266,0.026730201805169874,0.05566771162609122,0.05622961403619243,0.0,0.0,0.05173571201155177,0.05173571347989466,0.09334903134882094,0.09334903129272815,0.0,0.0,0.0,0.0,0.0,0.0,0.0,0.0,0.058382472241144616,0.05838247240977526
2018-07-27,0.0025543780850888257,7.663134255266477e-07,0.0,0.0,0.15589387565623355,0.15589387132490146,0.10405388367852102,0.10405388017644261,0.0,0.0,0.16090934054204872,0.15963215977654427,0.025507060536016,0.025507061396960372,0.01728899803514562,0.017288998462974613,0.0028760188966874094,0.0028760191804522712,0.0,0.0,0.013817416816129503,0.013817417149417654,0.02824011054797956,0.028240111221894553,0.0,0.0,0.0,0.0,0.0,0.0,0.0,0.0,0.014152494626455788,0.014152494852884317,0.012338232543540974,0.012338232743575464,0.04786625179735514,0.04788312557181505,0.08448193960299515,0.0844820329008661,0.04695656277430282,0.04695656261747147,0.026902420761514428,0.026902421177343087,0.054733335910981396,0.0559935464070265,0.0,0.0,0.051829807018231595,0.05182981422397031,0.09314023519462716,0.09314023490782901,0.0,0.0,0.0,0.0,0.0,0.0,0.0,0.0,0.059012015061234185,0.05901201590763081
2018-08-03,0.0003216901544671868,9.650704634015603e-08,0.0,0.0,0.15837607639711432,0.1583760510692576,0.10597862205639262,0.10597860255272802,0.0,0.0,0.16321787729832585,0.1630570775498879,0.02457372304644033,0.02457372421438042,0.016528942479016852,0.01652894303882397,0.00273906292371813,0.0027390634326506635,0.0,0.0,0.01313242624173279,0.013132426675566466,0.027622960049469028,0.027622960978052773,0.0,0.0,0.0,0.0,0.0,0.0,0.0,0.0,0.013461659536013842,0.013461659818756248,0.011438304665188366,0.011438304924313879,0.04595386641475299,0.04595408745072172,0.08303106137711817,0.08303117444572344,0.04724297698161262,0.047242976818144475,0.026715271863409273,0.02671527243447517,0.054759610172399845,0.05492009843542456,0.0,0.0,0.05187912704443529,0.051879143599393406,0.09401910050670652,0.09401910017290038,0.0,0.0,0.0,0.0,0.0,0.0,0.0,0.0,0.059329330946153135,0.05932933238879897
2018-08-10,0.006270150527443879,1.8810451582331636e-06,0.0,0.0,0.15788516248886275,0.1578851246635313,0.1053113487849425,0.10531132069512611,0.0,0.0,0.16594859038267418,0.16281358159437903,0.024795844857830977,0.02479584648496842,0.016574133405026933,0.01657413420923164,0.0027224362961910673,0.0027224367530384957,0.0,0.0,0.012966714609693982,0.01296671522933953,0.02791227809823132,0.027912279486024226,0.0,0.0,0.0,0.0,0.0,0.0,0.0,0.0,0.013610275383059365,0.013610275813315666,0.011455689841338003,0.011455690221617987,0.04470744928409703,0.04470765476728278,0.08447926008470473,0.08551189274717912,0.047224059532654905,0.04722405937826053,0.02727213047977997,0.027272131326672368,0.053698246946003975,0.05580045946322286,0.0,0.0,0.05149849898115501,0.051498515251071006,0.09353299033194168,0.09353298992605708,0.0,0.0,0.0,0.0,0.0,0.0,0.0,0.0,0.0584048902118116,0.05840489198968178
2018-08-17,0.0018448767438742674,5.534630231622802e-07,0.0,0.0,0.1602307238666261,0.16023070712991802,0.1069916941351242,0.10699167262848502,0.0,0.0,0.17003515624837107,0.16911275650275,0.024375581550620674,0.02437558513115687,0.01648524064954058,0.016485242403744018,0.0027110886557487356,0.002711089898938274,0.0,0.0,0.01292738239374455,0.012927383747842152,0.027451930143988026,0.02745193315602564,0.0,0.0,0.0,0.0,0.0,0.0,0.0,0.0,0.01361171085365731,0.013611711728576092,0.011562829439657243,0.01156283023398752,0.04339558891484424,0.04339582551065257,0.08220711075876583,0.08220801030792589,0.04639234133637191,0.04639234127376523,0.02782344982862167,0.027823451741442302,0.053402441434339754,0.05432368414028699,0.0,0.0,0.050487625334073305,0.05048766679283014,0.0933180424554374,0.0933180421350752,0.0,0.0,0.0,0.0,0.0,0.0,0.0,0.0,0.05659006200046733,0.05659006553659787
2018-08-24,0.0041812122360307975,1.2543636708092391e-06,0.0,0.0,0.15848280840641402,0.1584828073919158,0.10590281579599678,0.10590281350841367,0.0,0.0,0.17122860923078825,0.16913800641485432,0.02454967247187552,0.024549673129597775,0.01631586862741662,0.016315868935660678,0.0026766935213056596,0.0026766937108847373,0.0,0.0,0.012772905462960683,0.012772905704828598,0.0275403333756094,0.027540333924961823,0.0,0.0,0.0,0.0,0.0,0.0,0.0,0.0,0.013735844614080742,0.013735844782976878,0.01166200669780115,0.011662006851733528,0.04400858358825675,0.044011310357260885,0.08251262868785803,0.08328139880174223,0.045740109580651306,0.045740109598393246,0.02761646538509458,0.02761646570063659,0.05225052854263798,0.05356962390318514,0.0,0.0,0.050681420999409144,0.0506814314221687,0.09355344306656427,0.09355344306930535,0.0,0.0,0.0,0.0,0.0,0.0,0.0,0.0,0.05876926194527885,0.058769262791480065
2018-08-31,0.0056573328310129106,1.697199849303873e-06,0.0,0.0,0.15786179703642805,0.15786179444338877,0.10539178383415716,0.10539178084466087,0.0,0.0,0.17281170977036958,0.16998304893739846,0.02459828113125976,0.02459828227716412,0.016218422961352792,0.01621842347942013,0.0026474323086346178,0.0026474326043390973,0.0,0.0,0.01268369172089123,0.012683692126066466,0.02773093156672977,0.027730932546600237,0.0,0.0,0.0,0.0,0.0,0.0,0.0,0.0,0.013535694157113275,0.013535694433925095,0.01172537660236059,0.011725376859225794,0.04358330287368226,0.04375561944336503,0.08172648600798217,0.08321591732877749,0.0452681769386027,0.04526817695801494,0.0283358240226461,0.02833582459387295,0.05162301186506961,0.05278988347361211,0.0,0.0,0.05144040951806531,0.05144045033243295,0.0933278622734424,0.09332786230025762,0.0,0.0,0.0,0.0,0.0,0.0,0.0,0.0,0.059489805411212696,0.05948980701747748
2018-09-07,4.1778585571031895e-07,1.2533575671309566e-10,0.0,0.0,0.1599460225427249,0.15994602213961034,0.10650750244652388,0.10650750211436028,0.0,0.0,0.1752257277894786,0.17522551963182895,0.024262099101750804,0.02426209928294401,0.016166583983376927,0.016166584064058544,0.00262213517970338,0.0026221352458220036,0.0,0.0,0.012541895761559613,0.012541895824828734,0.02757525451502888,0.027575254673034698,0.0,0.0,0.0,0.0,0.0,0.0,0.0,0.0,0.013567132697745442,0.013567132738392901,0.012523469421449943,0.01252346946171278,0.04270338915350032,0.04270341898559793,0.0791760593414401,0.07917607891442492,0.04418583334512236,0.04418583335640948,0.028142030557707347,0.02814203064767724,0.05164776607303808,0.05164792115902098,0.0,0.0,0.04995161664997049,0.049951620045156644,0.09431358162725885,0.09431358163493071,0.0,0.0,0.0,0.0,0.0,0.0,0.0,0.0,0.05894189981262007,0.05894190008018892
2018-09-14,2.2407469918844618e-05,6.722240975653385e-09,0.0,0.0,0.15994326066686382,0.159943255502406,0.10617209436991931,0.10617208924989319,0.0,0.0,0.1755035795444105,0.17549238609393494,0.024099573056835986,0.024099575033984518,0.015927528044821032,0.015927528929313452,0.0026031539104702547,0.0026031546065517224,0.0,0.0,0.012287365218743193,0.012287365915332958,0.027753145707625358,0.027753147524760467,0.0,0.0,0.0,0.0,0.0,0.0,0.0,0.0,0.013486704989945919,0.013486705450236697,0.012710341331628478,0.012710341790339254,0.041297638800301247,0.04129773966004934,0.07915385595045785,0.07915452050554085,0.044357381992970395,0.044357382100048276,0.02815729605740467,0.028157297052500113,0.05206399405855894,0.052074351901894855,0.0,0.0,0.05061453856265165,0.05061460793731051,0.09502997790492135,0.0950299779561068,0.0,0.0,0.0,0.0,0.0,0.0,0.0,0.0,0.05883856983147017,0.058838572789796005
2018-09-21,0.0036974057649679284,1.1092217294903783e-06,0.0,0.0,0.15876073034637728,0.15876072697449087,0.10559433807661908,0.10559433571106575,0.0,0.0,0.176103691123808,0.1742549939787639,0.024497108740219622,0.0244971097289581,0.015860437112521403,0.015860437530327988,0.002579071136389511,0.0025790713944203055,0.0,0.0,0.012139077033235406,0.012139077357239228,0.028093903925297467,0.028093904836839437,0.0,0.0,0.0,0.0,0.0,0.0,0.0,0.0,0.013593639182083655,0.01359363940337878,0.012288391866074336,0.012288392078334931,0.043098643557157874,0.0432891437310255,0.07893968913939818,0.08020898086808544,0.04438307257637639,0.04438307261243155,0.02787806079296096,0.027878061243103058,0.05161775756606595,0.05200662561453622,0.0,0.0,0.05023095831151,0.05023099566268454,0.09434545577480086,0.09434545578434847,0.0,0.0,0.0,0.0,0.0,0.0,0.0,0.0,0.05999597373910406,0.059995975489966206
2018-09-28,0.007689645653508714,2.306893696052614e-06,0.0,0.0,0.15772077055683245,0.1577207669944537,0.10479591578428138,0.10479591096067722,0.0,0.0,0.17840239822364085,0.1745575837828694,0.0249468176612463,0.02494681877328975,0.01579241638234936,0.015792416816085772,0.0025553097299459327,0.002555309984743862,0.0,0.0,0.01214568866212047,0.01214568900010388,0.028628299356582523,0.028628300411946295,0.0,0.0,0.0,0.0,0.0,0.0,0.0,0.0,0.013600258319250047,0.013600258554580389,0.012107254993670259,0.012107255214910925,0.04286318896322177,0.04559083358112814,0.0782846843574738,0.07939581912055149,0.04451189594788555,0.044511896018751815,0.0278006824275519,0.02780068289145397,0.05121913127201648,0.05122508827024994,0.0,0.0,0.05068548255854917,0.05068556295065913,0.09315889815065073,0.09315889816017203,0.0,0.0,0.0,0.0,0.0,0.0,0.0,0.0,0.060780906652731115,0.06078090851337236
2018-10-12,1.9383059629346153e-07,5.814917888803845e-11,0.0,0.0,0.16315972534764248,0.16315972449690053,0.10845187283233418,0.10845177680309452,0.0,0.0,0.18397489710201403,0.18397489710922854,0.023486489278995784,0.023486489845066943,0.01465197607122696,0.014651976324732394,0.0023693256973491774,0.0023693259265585714,0.0,0.0,0.011222740532975296,0.011222740744842447,0.02756270874276334,0.027562709359458114,0.0,0.0,0.0,0.0,0.0,0.0,0.0,0.0,0.012590135576302739,0.01259013573704264,0.010912305067310722,0.010912305223067416,0.03976145379131216,0.039761464411185304,0.07384869882316508,0.07384870683535408,0.04596382659482277,0.045963826641461376,0.02651359489834864,0.02651359517910308,0.05015913050166481,0.05015919367230859,0.0,0.0,0.048325081328516914,0.04832509284845016,0.09677529398078633,0.09677529394546984,0.0,0.0,0.0,0.0,0.0,0.0,0.0,0.0,0.060270743832468644,0.06027074489667562
2018-10-19,4.52857636277712e-08,1.3585729088331359e-11,0.0,0.0,0.16360797201445887,0.16360796668818556,0.10850281256446749,0.10850279528145963,0.0,0.0,0.1837084939366273,0.18370849393104877,0.022937341640627183,0.022937341775002135,0.013797454769434924,0.013797454829143553,0.0022359316816528457,0.002235931760439737,0.0,0.0,0.010797606603626936,0.010797606658311917,0.02678759479557532,0.02678759493131144,0.0,0.0,0.0,0.0,0.0,0.0,0.0,0.0,0.012061580170920141,0.012061580215687739,0.01057632978104281,0.010576329827280531,0.0390865897940529,0.039086591312305324,0.07408257195221335,0.07408257435463035,0.046363154787713294,0.046363154810722895,0.027600814601296632,0.027600814685129562,0.05091061072436341,0.05091062510367663,0.0,0.0,0.04874700305591522,0.048747006513894645,0.09864744916284451,0.09864744913482251,0.0,0.0,0.0,0.0,0.0,0.0,0.0,0.0,0.05954868796316676,0.05954868818694718
2018-10-26,1.9138418112449318e-08,5.741525433734795e-12,0.0,0.0,0.16384702735850493,0.16384702695022924,0.10912632176823435,0.10912631261981236,0.0,0.0,0.18434673813851843,0.1843467381448185,0.024155582878960916,0.024155583028625638,0.014544963993497138,0.014544964051663174,0.0023139630366078075,0.002313963107047231,0.0,0.0,0.011422386722321506,0.01142238677350416,0.02783590283500734,0.027835902991169826,0.0,0.0,0.0,0.0,0.0,0.0,0.0,0.0,0.014564732643929486,0.014564732685146957,0.011081311468729146,0.01108131150827402,0.039247211337936426,0.039247213409656215,0.07321536875814866,0.07321537066026008,0.04749036415803408,0.04749036417640609,0.02613774857153736,0.02613774863499252,0.048787711371234596,0.0487877145181733,0.0,0.0,0.04728816479975093,0.047288166498447345,0.10029390311070005,0.10029390309818847,0.0,0.0,0.0,0.0,0.0,0.0,0.0,0.0,0.054300597048346944,0.05430059714358456
2018-11-02,2.9584744289361947e-08,8.875423286808583e-12,0.0,0.0,0.16436109737366839,0.16436109704703863,0.10970086085360835,0.10970084639767402,0.0,0.0,0.18484627635627374,0.18484627636495257,0.023966867877487846,0.023966868046509708,0.014788701495375372,0.014788701565106048,0.002363959130804984,0.002363959213523583,0.0,0.0,0.011552577250660306,0.011552577311775957,0.027815619307569393,0.027815619487254684,0.0,0.0,0.0,0.0,0.0,0.0,0.0,0.0,0.014773862883060228,0.01477386293283826,0.011265060130170557,0.011265060177858574,0.03578870853244036,0.03578870935583685,0.07497539827524512,0.07497540328593595,0.046613220491203984,0.04661322050605911,0.026535845156183353,0.0265358452342793,0.04981492726473537,0.04981493296033634,0.0,0.0,0.048061954633007636,0.048061957034649834,0.09947100722926036,0.09947100721945229,0.0,0.0,0.0,0.0,0.0,0.0,0.0,0.0,0.05330405575924474,0.053304055858918356
2018-11-09,6.552868143153666e-07,1.9658604429460997e-10,0.0,0.0,0.16318548388747947,0.16318519202313214,0.10900931428337628,0.10900927876374242,0.0,0.0,0.18302184121674747,0.18302184117978157,0.024018682879047785,0.024018683849054156,0.014883976649075493,0.01488397702775929,0.0024099786188821856,0.0024099790459217695,0.0,0.0,0.011786405034183914,0.01178640536385052,0.027842164888696508,0.02784216588370592,0.0,0.0,0.0,0.0,0.0,0.0,0.0,0.0,0.014331173214442968,0.014331173475647076,0.011217279040957866,0.011217279300870606,0.03639662352577359,0.03639662907816854,0.07641858040196012,0.0764187987491407,0.04631139802469746,0.046311398152955444,0.026943700676252708,0.026943701122598713,0.05104791614571676,0.051048002305563854,0.0,0.0,0.04798389775478246,0.04798391038251105,0.09821945097180901,0.09821945074934897,0.0,0.0,0.0,0.0,0.0,0.0,0.0,0.0,0.05497213278611787,0.054972133546247234
2018-11-16,4.630403281418935e-08,1.3891209844256803e-11,0.0,0.0,0.16475011044476998,0.1647501012586742,0.11006585126503197,0.11006583736781109,0.0,0.0,0.18377762570964457,0.1837776256840471,0.024345700102694993,0.024345700243760166,0.015847891443641234,0.015847891498561542,0.0025830425960380364,0.0025830426683099814,0.0,0.0,0.012495100999043312,0.012495101045164653,0.02795823591604725,0.02795823605615323,0.0,0.0,0.0,0.0,0.0,0.0,0.0,0.0,0.015274900095061746,0.015274900130965115,0.011800112598783918,0.011800112634629541,0.03704708294713268,0.03704708381727047,0.07583705697008916,0.07583707385768487,0.045628280197387135,0.04562828020687915,0.0258232898459302,0.025823289899076275,0.049483196608858,0.049483199829951675,0.0,0.0,0.04778904990156834,0.04778905141413064,0.09783154752944039,0.09783154748633803,0.0,0.0,0.0,0.0,0.0,0.0,0.0,0.0,0.05166192482883699,0.051661924900592016
2018-11-23,2.2177349095608284e-08,6.653204728682485e-12,0.0,0.0,0.16526411775820762,0.16526410905543013,0.11074358375418167,0.11074358142406214,0.0,0.0,0.18478221510312842,0.1847822150706803,0.0242203722303238,0.024220372294162,0.015633930878482336,0.015633930902514314,0.0025859986197004936,0.0025859986624120184,0.0,0.0,0.012073288817811145,0.012073288837967358,0.02783163722935892,0.027831637292657366,0.0,0.0,0.0,0.0,0.0,0.0,0.0,0.0,0.015325598374620475,0.015325598389928927,0.011784243197326218,0.011784243212245183,0.03723775044099773,0.037237750825332094,0.07645864994989002,0.07645865889394828,0.046207404856263255,0.04620740485375929,0.024949250127699447,0.0249492501506879,0.048513890717266944,0.048513891675712885,0.0,0.0,0.04710975418287989,0.047109754689699954,0.09918965826642136,0.09918965824559596,0.0,0.0,0.0,0.0,0.0,0.0,0.0,0.0,0.05008865549544033,0.05008865552320405
2018-11-30,4.294598492742517e-07,1.288379547822755e-10,0.0,0.0,0.1647367203021001,0.16473671612526358,0.11098780951950847,0.11098760001731016,0.0,0.0,0.18509266135202096,0.1850926603450232,0.023758531681593493,0.023758532072047988,0.015011473644601406,0.015011473797710737,0.002464958549839175,0.0024649588380900663,0.0,0.0,0.01173333025325476,0.011733330384169066,0.027350918658869853,0.027350919048124738,0.0,0.0,0.0,0.0,0.0,0.0,0.0,0.0,0.014764358905431,0.014764359000539466,0.01141563308570785,0.011415633173435632,0.03673510509263831,0.03673510742569278,0.0778296068320097,0.07782980021441291,0.04615133800728687,0.04615133798007679,0.026097574409881735,0.026097574593877647,0.050011012003992855,0.05001102520832903,0.0,0.0,0.04746260481409318,0.04746260872776745,0.09944343377574266,0.09944343375906073,0.0,0.0,0.0,0.0,0.0,0.0,0.0,0.0,0.04895292911142771,0.04895292928906819
2018-12-07,3.7882249277580715e-08,1.1364674783274213e-11,0.0,0.0,0.16577756973214122,0.16577756842385472,0.11137136218534728,0.11137134536821215,0.0,0.0,0.18481164454662705,0.1848116437449102,0.024003943556399225,0.024003943624486972,0.015166127311535564,0.015166127335025738,0.002521963848387906,0.002521963904536881,0.0,0.0,0.012018108717933034,0.01201810873786842,0.027717115415957377,0.02771711548299074,0.0,0.0,0.0,0.0,0.0,0.0,0.0,0.0,0.014907518460162895,0.014907518473869891,0.011496236782997153,0.01149623679621344,0.03848843772479719,0.03848843850345639,0.0762969902228436,0.07629700584785502,0.046114322720999475,0.04611432271778237,0.025302098636182085,0.025302098663353565,0.04865159613650466,0.04865159778691901,0.0,0.0,0.046699486504290955,0.04669948707172031,0.09937635442880863,0.09937635441803956,0.0,0.0,0.0,0.0,0.0,0.0,0.0,0.0,0.04927912306808472,0.049279123098904594
2018-12-14,5.304499150690645e-08,1.5913497452071933e-11,0.0,0.0,0.16602030941339163,0.1660203064114099,0.11141274025838403,0.11141271802774297,0.0,0.0,0.1849141062165787,0.18491410497025737,0.024324866377680963,0.024324866435749878,0.015339807287788321,0.015339807303194867,0.002540794994716688,0.002540795055747056,0.0,0.0,0.012079385913815755,0.012079385925967249,0.02816387491438524,0.028163874970189108,0.0,0.0,0.0,0.0,0.0,0.0,0.0,0.0,0.015049551850969855,0.015049551856762084,0.011483437188917155,0.011483437194592305,0.03903954348705007,0.03903954425096502,0.07747639997978284,0.07747642406902688,0.046749128847662136,0.046749128833192065,0.025699290161146793,0.025699290181989402,0.04841519339659505,0.048415194521145545,0.0,0.0,0.045205448204346,0.045205448497372666,0.09988958024767147,0.09988958021859,0.0,0.0,0.0,0.0,0.0,0.0,0.0,0.0,0.046196541259117284,0.046196541276105806
2018-12-21,4.626699878253204e-09,1.388009963475961e-12,0.0,0.0,0.16911791126380213,0.16911790936081977,0.11335531498249247,0.11335531468809235,0.0,0.0,0.18846693319566282,0.1884669330924733,0.02359716494489312,0.023597164959714437,0.014968532872869884,0.014968532877215335,0.0024706694667780372,0.002470669487216479,0.0,0.0,0.011665200982753565,0.011665200986562107,0.028173739791699973,0.028173739807507644,0.0,0.0,0.0,0.0,0.0,0.0,0.0,0.0,0.014699254568816666,0.014699254570785076,0.01119985334887711,0.01119985335105095,0.038178812520461625,0.03817881266721807,0.07625839355052216,0.07625839543174567,0.04750203972359573,0.047502039719655074,0.024297334737416677,0.024297334742519633,0.046220342212079456,0.04622034234778049,0.0,0.0,0.04518771254671284,0.04518771262401664,0.10258122036156692,0.10258122035272958,0.0,0.0,0.0,0.0,0.0,0.0,0.0,0.0,0.04205956892899884,0.042059568932897314
2018-12-28,1.632907408680856e-09,4.898722226042567e-13,0.0,0.0,0.1701157106316926,0.1701157102151121,0.11432457994404302,0.11432457969632435,0.0,0.0,0.18930220569565015,0.18930220563813,0.023126340405014194,0.02312634040847121,0.014644891466831103,0.014644891466137433,0.002408043084468146,0.0024080430984451708,0.0,0.0,0.011453948160740373,0.011453948160135854,0.02801852696043145,0.028018526962861605,0.0,0.0,0.0,0.0,0.0,0.0,0.0,0.0,0.013905767864807116,0.013905767863008043,0.011013319686408448,0.011013319684943764,0.03768354975364034,0.037683549790046095,0.0763496919648774,0.07634969265111868,0.04851740250921449,0.048517402503897675,0.02398477327140348,0.0239847732717679,0.04565378765153064,0.04565378770231712,0.0,0.0,0.045277642407303954,0.04527764242985456,0.10445524919596501,0.10445524911120942,0.0,0.0,0.0,0.0,0.0,0.0,0.0,0.0,0.03976456934597808,0.03976456934621908
2019-01-04,4.657220871971679e-10,1.3971662615915035e-13,0.0,0.0,0.17001517281590267,0.17001517277575834,0.11459656037595381,0.11459656032829776,0.0,0.0,0.18898247126147863,0.18898247113228167,0.02278633605874279,0.022786336062263057,0.014442634498629068,0.014442634498887472,0.0023774788888786375,0.0023774789007218007,0.0,0.0,0.011148302426758327,0.01114830242710702,0.02741791727049414,0.027417917273260026,0.0,0.0,0.0,0.0,0.0,0.0,0.0,0.0,0.01443448411858392,0.014434484117948307,0.011316423486175278,0.01131642348557973,0.03716135448449115,0.03716135451212528,0.07437162488644246,0.07437162501317851,0.05017997024721808,0.05017997024582476,0.023786257068246483,0.023786257069263007,0.045649619585297806,0.04564961962798063,0.0,0.0,0.0446955714131609,0.04469557142807299,0.10630029770213546,0.10630029768889618,0.0,0.0,0.0,0.0,0.0,0.0,0.0,0.0,0.040337523411410434,0.04033752341255339
2019-01-11,3.879389633750646e-09,1.1638168901251938e-12,0.0,0.0,0.16797689196537346,0.16797689192736018,0.11286418051627832,0.11286418023660057,0.0,0.0,0.18628774240382226,0.18628774196243758,0.023319217405114577,0.023319217412953303,0.014857744200054658,0.01485774420085736,0.0024458346545476587,0.0024458346720105783,0.0,0.0,0.01139245757495983,0.011392457575630158,0.02774587956527366,0.027745879571976537,0.0,0.0,0.0,0.0,0.0,0.0,0.0,0.0,0.015083690801352207,0.015083690800588327,0.011486494353385288,0.011486494352717246,0.03767754542886828,0.037677545516688594,0.07653444486764466,0.07653444648416945,0.04908075063209143,0.04908075063064132,0.02450597792332692,0.024505977925653226,0.046389749038918876,0.046389749196013644,0.0,0.0,0.04480751313373329,0.04480751317284154,0.10311470545151086,0.10311470427377384,0.0,0.0,0.0,0.0,0.0,0.0,0.0,0.0,0.04442918008374369,0.04442918008708658
2019-01-18,4.769747997137273e-07,1.4309243991411819e-10,0.0,0.0,0.16757005905116273,0.16757005892919097,0.11290773762763553,0.112907518828639,0.0,0.0,0.18582840796372227,0.18582840506886705,0.02353352817993592,0.023533528509451278,0.014876211080727939,0.014876211193368221,0.0024476983183640976,0.00244769859137753,0.0,0.0,0.0112749023676506,0.01127490246335522,0.027940702858750666,0.027940703205561118,0.0,0.0,0.0,0.0,0.0,0.0,0.0,0.0,0.01519584954132016,0.01519584961398681,0.011418291709276248,0.011418291772700175,0.03911620890097857,0.03911621414295389,0.07675178995029142,0.07675201411241302,0.04856893341609875,0.04856893346657997,0.024654385645116624,0.02465438578890796,0.04656986005029949,0.04656986599977818,0.0,0.0,0.04444140672026204,0.044441408224078986,0.10234389556550984,0.10234387889393348,0.0,0.0,0.0,0.0,0.0,0.0,0.0,0.0,0.044560131052897196,0.0445601311948572
2019-01-25,1.9784652610469258e-05,5.935395783140777e-09,0.0,0.0,0.16688675572646003,0.16688675509020967,0.112306389641527,0.11229655113273136,0.0,0.0,0.18539866522654452,0.1853986566848076,0.02382134741627215,0.023821348132244114,0.01494673635429012,0.014946736603879067,0.002467446245812123,0.002467446724982474,0.0,0.0,0.01136499799996357,0.01136499820219449,0.02819226974005497,0.028192270495381727,0.0,0.0,0.0,0.0,0.0,0.0,0.0,0.0,0.01524985621113293,0.015249856371381527,0.011525899058047405,0.011525899179810242,0.040157561700464604,0.04015757633027384,0.0778904492525965,0.07790030520188015,0.0478160953561043,0.04781609538797973,0.02473585460670456,0.024735854929740547,0.04723478933105381,0.04723480456673335,0.0,0.0,0.044740843074278946,0.04474084625775274,0.1016911367651359,0.10169109212561353,0.0,0.0,0.0,0.0,0.0,0.0,0.0,0.0,0.043572906293556604,0.04357290658240376
2019-02-01,0.0013703547983147228,4.111064394944168e-07,0.0,0.0,0.16623698148039956,0.166236981391789,0.11245602082247558,0.11177088584903022,0.0,0.0,0.18447409089702063,0.1844740901950087,0.02401058522555121,0.024010585277394244,0.014344787392404506,0.01434478740981572,0.0023077562602666574,0.0023077562819786893,0.0,0.0,0.010993481051273152,0.010993481064704817,0.028330534631120487,0.02833053468549578,0.0,0.0,0.0,0.0,0.0,0.0,0.0,0.0,0.01491376921028857,0.014913769221486281,0.011061428956224239,0.011061428962679877,0.04009667027062557,0.04009667081608438,0.07812763509555351,0.078812810958804,0.0484666490027824,0.04846664899702128,0.02499858485508664,0.024998584880678524,0.047225324189133694,0.04722532475696731,0.0,0.0,0.04505443123157411,0.045054431428217086,0.10245880937769228,0.1024587677483639,0.0,0.0,0.0,0.0,0.0,0.0,0.0,0.0,0.04444246005052725,0.04444246007448028
2019-02-15,0.0026010173349203737,7.80305200476112e-07,0.0,0.0,0.16411995007168098,0.16411994055357396,0.1124237565413913,0.11112761412313553,0.0,0.0,0.18198154126999383,0.18198142318869917,0.02510110549190834,0.02510110779681509,0.015292659461766873,0.015292660230356771,0.002491903634827918,0.002491904460753904,0.0,0.0,0.011991774027975468,0.011991774607778886,0.02891069177141828,0.028910694064600832,0.0,0.0,0.0,0.0,0.0,0.0,0.0,0.0,0.015969933954749434,0.015969934475791446,0.011722659055437106,0.01172265933499453,0.04305940004382067,0.04305954239743612,0.07780960269334529,0.0791098996309195,0.04745789493961984,0.047457894687178655,0.02535831881347761,0.02535831986656158,0.04826486817314214,0.04826492137969294,0.0,0.0,0.04416549844510685,0.04416550524249174,0.10118146081913267,0.10117722242177131,0.0,0.0,0.0,0.0,0.0,0.0,0.0,0.0,0.042696980791205284,0.042696981537448296
2019-02-22,0.0025839730051361734,7.75191901540852e-07,0.0,0.0,0.1628783749634583,0.16287837468570995,0.11266370820587042,0.11137172522136805,0.0,0.0,0.18079571681269285,0.18079571635229869,0.02519612001002815,0.025196120087271713,0.015589043945559069,0.015589043973751585,0.0025652280528455427,0.0025652280777975476,0.0,0.0,0.012373176721493462,0.01237317674411658,0.028728893640898867,0.028728893718876845,0.0,0.0,0.0,0.0,0.0,0.0,0.0,0.0,0.01666942478172528,0.01666942480399982,0.011963587589171303,0.01196358760329578,0.043297001770345504,0.04329715119540168,0.07607440117071762,0.07736623075088193,0.04772304390080376,0.04772304390110251,0.025212748205525614,0.025212748240185375,0.0482854799149759,0.048285486752080525,0.0,0.0,0.044636492924367555,0.044636493254371364,0.10177770693487936,0.10177770415495606,0.0,0.0,0.0,0.0,0.0,0.0,0.0,0.0,0.043569850454641325,0.04356985048253367
2019-03-01,0.0016375353290174872,4.912605987052461e-07,0.0,0.0,0.16132719855980807,0.16132719766596026,0.11161405620447866,0.11159792808461591,0.0,0.0,0.17992655244227435,0.17992654793385032,0.02672029453209738,0.02672029578715025,0.016709398557657355,0.016709398920302872,0.0027438659012804646,0.002743866208572538,0.0,0.0,0.013345357485069629,0.013345357756520668,0.02992674949764905,0.029926750697690373,0.0,0.0,0.0,0.0,0.0,0.0,0.0,0.0,0.018843630544956858,0.018843630871120613,0.012841591307684537,0.012841591473734393,0.043978160190082695,0.04479687966868515,0.07537936265724555,0.07537939218029162,0.04661251563418561,0.046612515658877786,0.024968818243973304,0.024968818582987166,0.04756469005300776,0.04756470144388882,0.0,0.0,0.044925745347379455,0.04492574814260666,0.10033806803974497,0.09953543389737081,0.0,0.0,0.0,0.0,0.0,0.0,0.0,0.0,0.04223394480142434,0.04223394502577383
2019-03-08,0.002959994407807155,8.879983223421464e-07,0.0,0.0,0.1603093349828866,0.16030933486719628,0.11264538013739328,0.1111665779057845,0.0,0.0,0.1789552517818967,0.17895525093023612,0.027514585679645313,0.02751458615551273,0.018027914670379563,0.018027914812201493,0.0030279679221141584,0.0030279680030932394,0.0,0.0,0.014634291746639253,0.014634291852080792,0.030852185814416587,0.03085218626947483,0.0,0.0,0.0,0.0,0.0,0.0,0.0,0.0,0.02151968907674674,0.021519689225000804,0.0132748581586618,0.013274858221258387,0.0429139492200534,0.04439392932088205,0.07551390261523509,0.07551391430725336,0.04564266328272125,0.04564266329847755,0.024781337665292055,0.024781337769243027,0.04710831773666745,0.047108320736341774,0.0,0.0,0.0443575349588376,0.04435753571647499,0.09766751976232317,0.09766632575737917,0.0,0.0,0.0,0.0,0.0,0.0,0.0,0.0,0.04125331478809001,0.04125331485210873
2019-03-15,0.007850547150634381,2.355164145190314e-06,0.0,0.0,0.16066718451920464,0.1606671844872898,0.11537733520814454,0.1130795708632692,0.0,0.0,0.17944623107538615,0.17944623103100163,0.02679578657516774,0.026795786800007042,0.01755165674816875,0.017551656815116605,0.0029230310595408796,0.002923031092208207,0.0,0.0,0.01432190060226875,0.01432190065276523,0.02980278569359944,0.02980278590412787,0.0,0.0,0.0,0.0,0.0,0.0,0.0,0.0,0.018965997396001095,0.018965997453785414,0.013202181381664862,0.013202181414522462,0.040395487476620036,0.043288362980942,0.07469406434502786,0.07572644857419111,0.0452660069372944,0.04526600695218857,0.02556351894717714,0.02556351900215589,0.04808720947722441,0.04808722208818177,0.0,0.0,0.04436163929645424,0.04436163974994938,0.10098708678529318,0.09935957763115053,0.0,0.0,0.0,0.0,0.0,0.0,0.0,0.0,0.04159089647576201,0.04159089650714708
2019-03-22,0.0048979992886983795,1.4693997866095138e-06,0.0,0.0,0.1588480346626686,0.158848033716528,0.11662624392251117,0.11417793599699724,0.0,0.0,0.177425568662604,0.17742556649265168,0.027476676168739757,0.027476683529706385,0.01826799459512489,0.018267996579782335,0.003045881860932963,0.0030458828439990115,0.0,0.0,0.014549313438848901,0.01454931485216889,0.0306334259008694,0.03063343318700918,0.0,0.0,0.0,0.0,0.0,0.0,0.0,0.0,0.0197998734236223,0.019799875129406917,0.013349090241800055,0.013349091136000926,0.0407079137992604,0.04315602048593345,0.07427025624264487,0.07427100849668818,0.04515164922578589,0.04515164960295192,0.02566742981093148,0.025667431330820847,0.04742111525756857,0.04742121944946888,0.0,0.0,0.044162410124730316,0.0441624222319196,0.1006679111395793,0.10066722253683699,0.0,0.0,0.0,0.0,0.0,0.0,0.0,0.0,0.04192921152177714,0.041929212401129616
2019-03-29,9.406171806613682e-05,2.8218515419841043e-08,0.0,0.0,0.16022712660047642,0.1602271254204115,0.11775865333453829,0.11771317331292269,0.0,0.0,0.17829216331315445,0.17829216215584862,0.026829764823485765,0.02682977172630577,0.017698401837838065,0.0176984038999012,0.0029321171284245624,0.002932118316348387,0.0,0.0,0.013977921556478758,0.013977923027267079,0.03019303513857238,0.0301930422079839,0.0,0.0,0.0,0.0,0.0,0.0,0.0,0.0,0.018348812132060164,0.01834881375446591,0.0131756472227184,0.013175648191796124,0.04086346995583486,0.040910200877788315,0.07416414259592406,0.07416432465778157,0.04488652280170426,0.044886523385630504,0.02557549578747466,0.025575497465390083,0.04766475464003297,0.04766483649385074,0.0,0.0,0.04413789006282474,0.04413790155670713,0.10123588550494894,0.10123433700490224,0.0,0.0,0.0,0.0,0.0,0.0,0.0,0.0,0.04203819556350822,0.04203819654469824
2019-04-04,0.00891326148377838,2.6739784451335138e-06,0.0,0.0,0.15691513150086356,0.15691513145041586,0.1181475882463382,0.11469109369129671,0.0,0.0,0.17538255523171853,0.17538255505322958,0.028484073546859064,0.028484074020944532,0.018902688295694463,0.018902688406906835,0.0031328251431940396,0.0031328251891568812,0.0,0.0,0.015009774813085937,0.015009774889546523,0.031376053122420006,0.031376053582725195,0.0,0.0,0.0,0.0,0.0,0.0,0.0,0.0,0.020735837945611273,0.02073583804357188,0.014266208700627725,0.014266208749370962,0.03980049034427909,0.04337682064296141,0.07468554069764317,0.07556581415645691,0.044175124402390235,0.04417512441970651,0.025848595116563153,0.025848595199030044,0.04813278893638002,0.04813281390111218,0.0,0.0,0.04387035506731297,0.04387035562283627,0.0989254854128886,0.09792534945497743,0.0,0.0,0.0,0.0,0.0,0.0,0.0,0.0,0.042208883476130034,0.04220888352575411
2019-04-12,0.0007064626974750067,2.1193880924250198e-07,0.0,0.0,0.1567815812644788,0.15678158088369287,0.11782270024494688,0.11782269124702169,0.0,0.0,0.17572204073997416,0.17572203951219864,0.028393164535112852,0.02839317465507739,0.018604495935851367,0.018604497953138444,0.003062270228894784,0.0030622711331200207,0.0,0.0,0.01431673508056065,0.01431673642674781,0.03151808778185812,0.031518098531113196,0.0,0.0,0.0,0.0,0.0,0.0,0.0,0.0,0.019616199524068484,0.01961620114945682,0.013645570870014119,0.013645571766368688,0.039366590301140314,0.03971370897347118,0.07484366250442029,0.0748492846915933,0.044301509429044685,0.044301509807427454,0.02622113095282945,0.02622113249053141,0.048421360529977406,0.0484218090373278,0.0,0.0,0.04407182186045448,0.044071833319413785,0.10052999757413124,0.10017677683188046,0.0,0.0,0.0,0.0,0.0,0.0,0.0,0.0,0.04276108064224192,0.04276108159041921
2019-04-19,0.0021394008137989667,6.418202441396899e-07,0.0,0.0,0.15659482715997197,0.15659482666470925,0.11715133146884847,0.11715132320904098,0.0,0.0,0.17605900366120936,0.17605900199996927,0.028892623342062208,0.02889263193944845,0.018742658417575952,0.01874265997376122,0.0031257559716620993,0.0031257566227601598,0.0,0.0,0.014427495428225847,0.014427496457620176,0.03146293146544814,0.0314629395851417,0.0,0.0,0.0,0.0,0.0,0.0,0.0,0.0,0.019500128826170922,0.019500130063884385,0.013947321508958558,0.013947322192863251,0.039330903898194526,0.040385315392752995,0.07480039086795337,0.07481516650512254,0.04361519830196562,0.04361519857312041,0.026245921043498346,0.02624592220142858,0.04849594983006794,0.04849642667411997,0.0,0.0,0.045522298820315665,0.045522311206829126,0.0990140898186204,0.09794439982803115,0.0,0.0,0.0,0.0,0.0,0.0,0.0,0.0,0.04307117016925074,0.04307117090939638
2019-04-26,2.073249180880015e-05,6.219747542640045e-09,0.0,0.0,0.15709106044489027,0.15709106027146322,0.11715993202350117,0.1171599146200928,0.0,0.0,0.1766105300925352,0.17661052756313902,0.028063715009141108,0.02806372638525205,0.017815407733883595,0.01781540992258039,0.0029784638065729558,0.0029784650143581757,0.0,0.0,0.014190805152840928,0.014190806711009791,0.030233075623288985,0.030233085293764114,0.0,0.0,0.0,0.0,0.0,0.0,0.0,0.0,0.019019891509938963,0.019019893323872883,0.012859246960203933,0.012859247959991866,0.03915915555684593,0.039162775352443696,0.07466101642831159,0.07466246940276701,0.04379012630483366,0.04379012688921866,0.027111192502958823,0.02711119444732846,0.04945512757510982,0.04946036633778584,0.0,0.0,0.04568878162201386,0.045688803790692095,0.09986677191228266,0.09985642577260984,0.0,0.0,0.0,0.0,0.0,0.0,0.0,0.0,0.044245699740846585,0.0442457009416301
2019-04-30,4.072507896871148e-05,1.2217523690613443e-08,0.0,0.0,0.15761848095358744,0.1576184806333274,0.11758756283472184,0.11758753773390558,0.0,0.0,0.17733532767279336,0.17733532449836586,0.027897238260191384,0.02789725126114607,0.017284851753165048,0.017284854344438733,0.0028510633059667693,0.0028510648380709503,0.0,0.0,0.013811023734931127,0.013811025642666954,0.029810254131041748,0.029810264812621574,0.0,0.0,0.0,0.0,0.0,0.0,0.0,0.0,0.018432849654225723,0.01843285181795704,0.012495584253624726,0.012495585503225137,0.03962843596967448,0.039634515707518574,0.07529899529500383,0.0753008911767666,0.043849421247162325,0.04384942193648794,0.02777906968381736,0.027779072261787992,0.05007430772572951,0.0500866334025543,0.0,0.0,0.04542377465745398,0.045423798165752115,0.10036148077918626,0.10034114683520567,0.0,0.0,0.0,0.0,0.0,0.0,0.0,0.0,0.04246027808772316,0.042460279428201526
2019-05-10,0.0022935785830445624,6.880735749133686e-07,0.0,0.0,0.16072837332276732,0.16072837327549966,0.12033275826952318,0.12033253289951683,0.0,0.0,0.1801879146178914,0.1801879145481565,0.026228487504834988,0.02622848858965412,0.016256240120709208,0.01625624035402201,0.002700881169715864,0.0027008812860573566,0.0,0.0,0.01275108966461921,0.012751089833632583,0.028694840688329667,0.028694841741903645,0.0,0.0,0.0,0.0,0.0,0.0,0.0,0.0,0.016763409114281334,0.016763409298064833,0.012058870271528447,0.012058870375856923,0.0376275364979603,0.037627949484164605,0.07362256666108558,0.07362260460580823,0.044625418397627424,0.04462541843062704,0.026996365586636827,0.026996365816347682,0.04866374824219759,0.049810079769236404,0.0,0.0,0.045785777680261895,0.04578578118598363,0.10437364079024126,0.10322707698572783,0.0,0.0,0.0,0.0,0.0,0.0,0.0,0.0,0.04160208139978853,0.04160208151974
2019-05-17,0.005289196714833615,1.5867590144500845e-06,0.0,0.0,0.15860714794298963,0.15860714772928167,0.12168827159981319,0.11928874737048299,0.0,0.0,0.17780351799771552,0.1778035177769098,0.02675550515232776,0.02675550607790398,0.016746175872908393,0.016746176153118617,0.0028080848207249595,0.002808084939194623,0.0,0.0,0.013105077350716247,0.013105077556145364,0.028935191180235208,0.028935192043296733,0.0,0.0,0.0,0.0,0.0,0.0,0.0,0.0,0.01707156338367912,0.017071563607976386,0.012494467365345804,0.012494467496049013,0.039505238896570975,0.04214981855247679,0.07325643890667081,0.0732564440136768,0.04431365509621168,0.044313655100294634,0.02635895498927548,0.026358955240403065,0.04808388680944781,0.048083895524463155,0.0,0.0,0.04565995280578541,0.04565995452886178,0.1051129864231613,0.10486791272958827,0.0,0.0,0.0,0.0,0.0,0.0,0.0,0.0,0.04169388340642079,0.041693883559876216
2019-05-24,8.580152568390433e-07,2.5740457705171296e-10,0.0,0.0,0.1608153306496473,0.16081533056146763,0.12304609088121271,0.12304604676504553,0.0,0.0,0.18012270508415146,0.18012270512948272,0.026031718848097823,0.026031723184147367,0.01620373299305402,0.016203734005133013,0.0027192325604025727,0.002719233243964565,0.0,0.0,0.012582975062055248,0.012582975806464617,0.0285243310572649,0.02852433535879768,0.0,0.0,0.0,0.0,0.0,0.0,0.0,0.0,0.016707045426001377,0.016707046222561587,0.012432679767513593,0.012432680270276334,0.03614612020758074,0.03614618750940479,0.07186779985996952,0.0718678295796375,0.0442784985976716,0.04427849884005903,0.026318349626911486,0.02631835055532763,0.048822452171238234,0.04882275633811885,0.0,0.0,0.04618896779779374,0.04618898149527805,0.10580289650012116,0.10580251169683964,0.0,0.0,0.0,0.0,0.0,0.0,0.0,0.0,0.04138907290931253,0.04138907343799359
2019-05-31,6.321634581933112e-06,1.8964903745799337e-09,0.0,0.0,0.16135976150709,0.16135976108273103,0.12332617579488613,0.12332608809846952,0.0,0.0,0.18044972790182584,0.18044972774542287,0.02654503916121761,0.026545060831672067,0.016407586755617896,0.01640759116864172,0.002761303159022107,0.002761305833216149,0.0,0.0,0.012870624037177689,0.012870627268340274,0.028890360222439713,0.028890381090653495,0.0,0.0,0.0,0.0,0.0,0.0,0.0,0.0,0.01691556438714433,0.016915567850419054,0.012465473119143932,0.012465475241859602,0.03749564128049583,0.037497772508681734,0.07161519055750881,0.07161532823526252,0.04403846754759157,0.04403846837954283,0.025801035000807538,0.02580103872204079,0.047946195873510955,0.047946963858577114,0.0,0.0,0.045746869922590534,0.04574692887764688,0.10616524741936884,0.10616217487925635,0.0,0.0,0.0,0.0,0.0,0.0,0.0,0.0,0.03919973635256074,0.03919973832756593
2019-06-06,2.0157506168839295e-07,6.047251850651788e-11,0.0,0.0,0.1613900882644222,0.16139008824820233,0.12385338010960259,0.12385328012097963,0.0,0.0,0.1801891641946342,0.1801891642205897,0.026126273008430533,0.026126274815985905,0.015897439208433242,0.01589743964233026,0.0026706556844418787,0.002670655993522448,0.0,0.0,0.012585087833742193,0.012585088171624655,0.028667773157648548,0.02866777501159426,0.0,0.0,0.0,0.0,0.0,0.0,0.0,0.0,0.016884632841847717,0.016884633210750854,0.012004912182747716,0.012004912422893905,0.03659046035116595,0.036590488994286595,0.07089467087763288,0.07089467694159857,0.0448465779067383,0.04484657804186486,0.025495023067027396,0.025495023455528853,0.04823299014268193,0.04823304493244979,0.0,0.0,0.0456632136906951,0.04566321888555505,0.1102888737559754,0.11028887297328743,0.0,0.0,0.0,0.0,0.0,0.0,0.0,0.0,0.03771878372213228,0.03771878391695507
2019-06-14,1.3493086253525861e-06,4.0479258760577583e-10,0.0,0.0,0.15983848153063737,0.15983848154316974,0.12270987129515139,0.12270919840067777,0.0,0.0,0.17894899822509328,0.17894899831987063,0.026603258518368294,0.02660326492627453,0.0161150730148003,0.016115074509308117,0.0027146361661643044,0.0027146372328814327,0.0,0.0,0.012752118050678482,0.01275211920557489,0.02877178800572289,0.02877179402591292,0.0,0.0,0.0,0.0,0.0,0.0,0.0,0.0,0.017149147051530044,0.01714914831926845,0.011983018124409552,0.011983018953320155,0.03792606355378018,0.03792632770041379,0.07129714113838209,0.07129716563252751,0.04457386188055556,0.04457386240721309,0.026398461551040187,0.026398463034821736,0.04904445709224071,0.04904480226636408,0.0,0.0,0.04631882864798637,0.046318848476456224,0.10999084154621297,0.10999083978637396,0.0,0.0,0.0,0.0,0.0,0.0,0.0,0.0,0.03686395460724614,0.03686395525957118
2019-06-21,0.0034973984803909775,1.0492195441172931e-06,0.0,0.0,0.15791271959048334,0.15791271948838442,0.122818177636112,0.12106947872385357,0.0,0.0,0.176386096895063,0.17638609670459726,0.027288521533540364,0.02728852244256448,0.016129134884649995,0.016129135049866367,0.002696082159460846,0.002696082231477379,0.0,0.0,0.012743375445876602,0.01274337556981,0.028913705437886423,0.028913706153895987,0.0,0.0,0.0,0.0,0.0,0.0,0.0,0.0,0.018050707411917628,0.018050707569324826,0.011973412990712019,0.011973413074785836,0.03730178434321314,0.038058571770885195,0.07338377155162192,0.07338381313546333,0.04473679337171743,0.04473679340135187,0.026963911086799,0.026963911266357728,0.048255064623259535,0.049246928531865304,0.0,0.0,0.046356899868288365,0.046356903687542896,0.11119447721580247,0.1111944771804301,0.0,0.0,0.0,0.0,0.0,0.0,0.0,0.0,0.03689536395359591,0.036895364017543515
2019-06-28,0.06604846159256222,1.9814538477768665e-05,0.0,0.0,0.15359968149755682,0.1574399661640113,0.12233109449907457,0.12233109449828458,0.03302423074535487,0.0,0.1487597359681172,0.17587134297826343,0.027313881934456982,0.027313882463915588,0.016254196086691073,0.016254196169141803,0.0027284217866584497,0.0027284218130963693,0.0,0.0,0.012936819574544872,0.012936819635954179,0.028926881061520575,0.02892688146387879,0.0,0.0,0.0,0.0,0.0,0.0,0.0,0.0,0.018042530328422898,0.018042530410767185,0.012260005416484821,0.012260005441177356,0.03538793528552056,0.03746027281108542,0.07389472322786289,0.07389472324212362,0.0444656644525458,0.04446566440240957,0.026538961261234662,0.026538961310713125,0.04778057770138934,0.047780577924023473,0.0,0.0,0.04610696267505528,0.04610696274624856,0.11247665385849095,0.11247665387900722,0.0,0.0,0.0,0.0,0.0,0.0,0.0,0.0,0.03717104263901724,0.03717104264589833
2019-07-05,7.144466324430186e-07,2.1433398973290557e-10,0.0,0.0,0.15295709214913025,0.15295735781866338,0.12222379529701018,0.12222379535352262,0.03291498755738986,0.032914630404228366,0.14773898749294834,0.1477389907974391,0.027394326843573628,0.027394329120336108,0.01619965414187472,0.01619965449000849,0.0027159775232961413,0.0027159776731978465,0.0,0.0,0.012899731473104116,0.012899731731626026,0.02912796222115179,0.029127964078904015,0.0,0.0,0.0,0.0,0.0,0.0,0.0,0.0,0.017797074063112473,0.017797074387644305,0.01273694884502607,0.012736948974539678,0.035487566888026165,0.03548764716867117,0.07433149105427671,0.07433149114775742,0.04424253039490645,0.044242530324751624,0.026900742864416006,0.026900743093348705,0.048812281123671315,0.04881228287058357,0.0,0.0,0.04672467441472315,0.0467246747430446,0.11230644084000103,0.11230644093081447,0.0,0.0,0.0,0.0,0.0,0.0,0.0,0.0,0.036487734812361755,0.03648773489091846
2019-07-12,3.70231537023466e-07,1.110694611070398e-10,0.0,0.0,0.15339711722506233,0.1533971252459189,0.12243317285432775,0.12243317303769563,0.03317799690230051,0.03317781178653211,0.14825759834457558,0.14825760091280585,0.026939100453410643,0.026939106835693758,0.015689084235864317,0.01568908530416849,0.00262909680474012,0.0026290973561227783,0.0,0.0,0.012782989581818935,0.012782990397624015,0.02845878142304825,0.028458786430727377,0.0,0.0,0.0,0.0,0.0,0.0,0.0,0.0,0.01747310204311021,0.017473103018888134,0.012221960083059242,0.012221960495966092,0.03598241927977522,0.03598256842991902,0.0732808651048969,0.07328086544269892,0.04432591011576142,0.04432591016248667,0.02722187928392381,0.027221880047430116,0.048967696045576804,0.048967702740686785,0.0,0.0,0.04629966725158975,0.046299668501703986,0.11313361553985538,0.11313361614730806,0.0,0.0,0.0,0.0,0.0,0.0,0.0,0.0,0.03732794742730279,0.0373279477056235
2019-07-19,8.91871787182634e-08,2.6756153615479017e-11,0.0,0.0,0.15360631311826578,0.15360631584830103,0.12267111719322256,0.12267111723324295,0.033029136694245426,0.03302909210065601,0.14841592907701467,0.14841592995361857,0.026941552844348408,0.026941555427973954,0.015728804123970475,0.015728804568032058,0.0026348680035100137,0.0026348682348692923,0.0,0.0,0.01289611836529431,0.012896118713047574,0.0283423331298083,0.0283423350880371,0.0,0.0,0.0,0.0,0.0,0.0,0.0,0.0,0.017538248521067154,0.017538248929506974,0.012327567224633976,0.012327567396414715,0.03549895504382059,0.0354989861505554,0.07346901490377862,0.0734690150497859,0.04653916437696128,0.04653916442406874,0.027175771686394748,0.027175772006274156,0.04853962150860449,0.04853962384828114,0.0,0.0,0.045753983287319375,0.04575398375076252,0.11331156395488928,0.11331156424441326,0.0,0.0,0.0,0.0,0.0,0.0,0.0,0.0,0.03557993694285067,0.035579937032158684
2019-07-26,3.1436861352984735e-07,9.431058405895419e-11,0.0,0.0,0.1527380427596953,0.15273804327663637,0.12190993656445412,0.12190993653349988,0.032896910976423804,0.03289675386117014,0.1475803757288709,0.14758037596995882,0.027375967771831957,0.027375969582561565,0.01576627090453068,0.015766271135566105,0.0026852028819649896,0.0026852029757247343,0.0,0.0,0.013132904889976055,0.013132905072216771,0.028613141900904866,0.02861314311622021,0.0,0.0,0.0,0.0,0.0,0.0,0.0,0.0,0.017667698259599383,0.017667698476911662,0.012481345586080342,0.012481345668079796,0.035543830941260054,0.035543980309403665,0.07359856889653252,0.07359856898193587,0.04740441023384025,0.047404410195741514,0.027559710198946572,0.027559710370390934,0.04921068775899804,0.049210690123769545,0.0,0.0,0.045963171755910054,0.045963172039855955,0.11306484398479498,0.11306484428625306,0.0,0.0,0.0,0.0,0.0,0.0,0.0,0.0,0.034806978005385056,0.03480697802410357
2019-08-02,4.3061939508396915e-06,1.2918581852519073e-09,0.0,0.0,0.15417339237999375,0.15417340248543585,0.12309506840223675,0.12309506769467995,0.033173471120895776,0.03317131873147715,0.1488950320715001,0.14889503812366098,0.027274099457326693,0.027274153033976633,0.015862704439440642,0.015862711061081204,0.00268695838259641,0.0026869609896777134,0.0,0.0,0.013331307872318817,0.013331313059768346,0.02878150194887493,0.028781539097926,0.0,0.0,0.0,0.0,0.0,0.0,0.0,0.0,0.01728909111937341,0.017289097096727806,0.012651887127503557,0.01265188941002112,0.03543304964426671,0.03543495032153268,0.07158752342492074,0.07158752564653227,0.04659222760892032,0.046592227797464233,0.027366391240631442,0.02736639602734516,0.04913978303711856,0.049139870815339506,0.0,0.0,0.04546441199856533,0.04546441954283551,0.11274784657752067,0.11274786629926258,0.0,0.0,0.0,0.0,0.0,0.0,0.0,0.0,0.03445425214599534,0.034454252765255246
2019-08-09,0.005404514784942064,1.6213544354826189e-06,0.0,0.0,0.1541239195664317,0.15412392080226303,0.12373657861437355,0.12373657842026224,0.035819815391257906,0.03311755819289809,0.14842013736485288,0.14842013839888124,0.02623194599824034,0.02623195194810012,0.015078242516897182,0.015078244059325724,0.0025693093309429064,0.00256931005552805,0.0,0.0,0.012862465154368912,0.012862466443687132,0.02750426319147719,0.02750426768023164,0.0,0.0,0.0,0.0,0.0,0.0,0.0,0.0,0.01619398645389802,0.016193987787230562,0.012099873681658843,0.012099874302968269,0.03468901778792835,0.03468904383149134,0.06904123679119474,0.06904123728193302,0.05038791029772178,0.050387910565382846,0.02679663415649071,0.026796635456826652,0.04842799174776593,0.04842800451578319,0.0,0.0,0.04432939712907421,0.04432939857235696,0.11952849340177758,0.12223069007844849,0.0,0.0,0.0,0.0,0.0,0.0,0.0,0.0,0.03215878142364728,0.03215878160640123
2019-08-16,0.004979012784071095,1.4937038352213285e-06,0.0,0.0,0.15465513444320378,0.15465513446007725,0.12427552187058417,0.12427552186434974,0.03839305733618174,0.03590355095038076,0.1485111544105917,0.14851115442230195,0.02642809837000747,0.02642809843059893,0.015252984663816874,0.01525298468183655,0.0026197195138977273,0.0026197195225279323,0.0,0.0,0.013128335316664842,0.01312833533192709,0.027870798270134785,0.027870798318360653,0.0,0.0,0.0,0.0,0.0,0.0,0.0,0.0,0.01617958595341999,0.016179585968762435,0.012151650105586363,0.012151650112616442,0.035054174312660294,0.035054174480677686,0.06686479852818386,0.06686479853250668,0.05074428644260996,0.05074428644600769,0.026912633492593555,0.02691263350691865,0.04780342571993012,0.047803425803407434,0.0,0.0,0.04389838429193845,0.04389838430709094,0.11805507757815319,0.12054458347776462,0.0,0.0,0.0,0.0,0.0,0.0,0.0,0.0,0.031201179379840994,0.031201179381886705
2019-08-23,0.0017289945367401412,5.186983610220423e-07,0.0,0.0,0.15298509004905822,0.15298509014903688,0.12271033821280947,0.12271033809619744,0.03889931268677111,0.03803481553501308,0.14734391055946522,0.14734391064573688,0.02688485830653364,0.02688485895766171,0.01570971475799854,0.015709714933023564,0.002717246531170397,0.0027172466004847084,0.0,0.0,0.013505433840990297,0.013505433987205984,0.0280668140158592,0.02806681450484891,0.0,0.0,0.0,0.0,0.0,0.0,0.0,0.0,0.01699678416919747,0.016996784329428926,0.01263329400791736,0.012633294078737605,0.03590970264642128,0.03590970681003976,0.06829161742445737,0.06829161748792328,0.05009276494279374,0.050092764969206394,0.02735713564674839,0.027357135788588966,0.04863994420642293,0.048639945705665225,0.0,0.0,0.04383821457910847,0.043838214721748515,0.11575938609955749,0.11662387536794905,0.0,0.0,0.0,0.0,0.0,0.0,0.0,0.0,0.031658437316719315,0.03165843733150305
2019-08-30,0.005700323762226404,1.710097128667921e-06,0.0,0.0,0.15155256386405272,0.1515525638730422,0.12167053549073438,0.12167053547016646,0.04144930125434971,0.038599139393804535,0.1459830685830474,0.14598306859063825,0.026631696568507987,0.02663169663028732,0.01572595076689048,0.015725950786196534,0.002715423856465978,0.0027154238652362054,0.0,0.0,0.013409212465074443,0.013409212480886841,0.02783573236063185,0.027835732408006818,0.0,0.0,0.0,0.0,0.0,0.0,0.0,0.0,0.016512084140242314,0.016512084156719703,0.012719600810026732,0.012719600817469146,0.03662677156669533,0.036626771856943206,0.06688212671629663,0.0668821267210628,0.05446176803180484,0.05446176803770603,0.026522283755310985,0.0265222837688634,0.04809450023794974,0.04809450034562902,0.0,0.0,0.043327479993107626,0.0433274800075305,0.1173174453034792,0.12016760655204295,0.0,0.0,0.0,0.0,0.0,0.0,0.0,0.0,0.03056245423533157,0.030562454237768225
2019-09-06,0.007656631676215129,2.2969895028645386e-06,0.0,0.0,0.1495494630226056,0.14954946299285887,0.12265111164015363,0.12007312163475131,0.04218985721478006,0.04093953430884319,0.1442344227803951,0.14423442272901113,0.02728092204268848,0.027280923040358562,0.016188355902572345,0.01618835618452331,0.0027786775020531393,0.002778677697406097,0.0,0.0,0.013830855710111572,0.013830855889961828,0.02833197058461533,0.028331971212686245,2.3881208583259824e-09,0.0,0.0,0.0,0.0,0.0,0.0,0.0,0.017398619464412523,0.01739861972019148,0.01345035257953186,0.013450352589721474,0.03665420430302711,0.03665420537074521,0.06809359654269465,0.0680935971272081,0.05635614233621309,0.0563561430488385,0.02695716949098214,0.026957169696569697,0.04834158299971895,0.04834158539986974,0.0,0.0,0.043778889963551025,0.04377889026870079,0.11120121269453526,0.11502952070803397,0.0,0.0,0.0,0.0,0.0,0.0,0.0,0.0,0.030732590837237346,0.03073259037972052
2019-09-12,0.0040582320697487104,1.217469620924613e-06,0.0,0.0,0.15018523429606126,0.15018523427042624,0.12502147970487607,0.12299241798585502,0.04231161814517456,0.04231156457608479,0.14471867999962754,0.14471868004695815,0.02738017075342581,0.027380171334339284,0.01650982918391107,0.016509829400648136,0.0028553508475813475,0.0028553509643138206,0.0,0.0,0.013964533085052905,0.013964533243860402,0.02852383156168642,0.028523831976786294,2.8251523989226935e-09,2.4434527585268994e-09,0.0,0.0,0.0,0.0,0.0,0.0,0.01799518688154536,0.01799518708743185,0.0133938237813985,0.013393823831570869,0.03546591549787237,0.03546591600224988,0.07023719926468194,0.07023719971389311,0.05260545134871405,0.05260545173594016,0.027095995516727218,0.027095995693488552,0.04867891691306895,0.048678918358818685,0.0,0.0,0.044806460391672104,0.044806460674898796,0.10523873044694303,0.10726784144358495,0.0,0.0,0.0,0.0,0.0,0.0,0.0,0.0,0.033011589554827206,0.03301158921539831
2019-09-20,5.911743179474632e-07,1.7735229538423894e-10,0.0,0.0,0.15057621879008856,0.1505762192135931,0.12508059244638375,0.125080592541459,0.04258899260630047,0.04258869723465962,0.14530722355000705,0.14530722415218084,0.02740848188402666,0.027408483427138666,0.016430478572006094,0.01643047922587602,0.0028492599058367197,0.0028492604943796654,0.0,0.0,0.014048256359350919,0.014048256905896879,0.028594799631477173,0.028594800820861424,2.687964712805333e-09,2.8688922288080102e-09,0.0,0.0,0.0,0.0,0.0,0.0,0.017581412197134754,0.017581412742798647,0.013154298990722195,0.013154299348784428,0.03613272330728133,0.03613272421792354,0.06857862867374775,0.06857862959129715,0.05122107181422047,0.05122107292081972,0.02723800304017486,0.0272380038606303,0.04917390362647164,0.04917417181295924,2.155180655823955e-10,0.0,0.04530985033504634,0.04530985206464922,0.10551868843603315,0.10551870361656669,0.0,0.0,0.0,0.0,0.0,0.0,0.0,0.0,0.033207112930207276,0.033207112938633696
2019-09-27,0.0010478473666513432,3.143542099954029e-07,0.0,0.0,0.15182578618830805,0.15182578654595194,0.1257570593793574,0.12575705931439143,0.04349278319869618,0.04296885987254601,0.14652176457797653,0.14652176504201855,0.027071334455517952,0.027071335853982834,0.015895398244057075,0.015895398886200694,0.0027206861256707303,0.002720686495979582,0.0,0.0,0.013461073229192086,0.013461073765793773,0.028304891036988147,0.028304892136721434,2.390369088929902e-09,2.5882374945826603e-09,0.0,0.0,0.0,0.0,0.0,0.0,0.01706109207626276,0.017061092575939997,0.01231034002506728,0.012310340344445277,0.035473697705464,0.035473698580864896,0.06790275584664154,0.06790275652604241,0.05196619292260737,0.051966195860236264,0.02716044396435115,0.027160444729678986,0.048864739970647705,0.04938839223309623,4.0500197921888164e-10,2.1806118595187928e-10,0.04454015806250908,0.0445401605986642,0.10738646121686873,0.10738671895797029,0.0,0.0,0.0,0.0,0.0,0.0,0.0,0.0,0.03228333897844521,0.03228333887317639
2019-09-30,0.0004503303897876609,1.3509911693629826e-07,0.0,0.0,0.1520004465385459,0.1520004472272494,0.12587661536132097,0.12587661526598232,0.04380139260031812,0.043576228011718114,0.14684464263735775,0.14684464349278564,0.027186287342385217,0.027186290016884898,0.01600026983354127,0.016000271044328784,0.002750517331502626,0.0027505180226692493,0.0,0.0,0.013711806870200663,0.013711807884657345,0.028217701894558075,0.02821770398302831,2.3716944774089103e-09,2.422508693613037e-09,0.0,0.0,0.0,0.0,0.0,0.0,0.017183473065478665,0.01718347400586415,0.012446916080232594,0.012446916676994699,0.035639600967811526,0.03563960263003484,0.06808136041266478,0.06808136167809745,0.05076382818820645,0.05076383323911728,0.027197618771246136,0.02719762022033961,0.04873460078872224,0.04895945798854459,7.404134670216595e-10,4.0462096883586455e-10,0.04480047101232175,0.04480047586475397,0.10665436855285275,0.1066546514563579,0.0,0.0,0.0,0.0,0.0,0.0,0.0,0.0,0.03210807863862434,0.03210807846346176
2019-10-11,0.005671580450568174,1.701474135170452e-06,0.0,0.0,0.15240566161998648,0.15240566193271612,0.1263375641910117,0.12633756404826127,0.04669971595796507,0.04386392623960607,0.14706959551857351,0.14706959593426933,0.02732898856541981,0.02732899007671861,0.016139269103685006,0.016139269760514868,0.0027898740437811787,0.002789874334329017,0.0,0.0,0.013871215676055166,0.013871216227652333,0.02850725914400601,0.028507260325424263,2.3605200200476317e-09,2.3430343780310343e-09,0.0,0.0,0.0,0.0,0.0,0.0,0.016877195181548683,0.01687719567357551,0.012393700971235577,0.012393701276064553,0.03603643591472505,0.036036436756514745,0.06739046344713492,0.06739046407444166,0.05183044432856131,0.051830448689086636,0.02683508520978461,0.026835085961699732,0.04754438196852965,0.047691391093818356,1.0032916839532781e-09,7.353876264243662e-10,0.044449152364681145,0.044449155512054694,0.10462650357679809,0.10731526923090982,0.0,0.0,0.0,0.0,0.0,0.0,0.0,0.0,0.030867489852705283,0.030867489773920277
2019-10-18,0.0009980277802793245,2.9940833408379734e-07,0.0,0.0,0.15178221600478528,0.15178221628292513,0.12561579462811723,0.12561579457314903,0.04713325822678366,0.04663424440248861,0.14658821529571783,0.14658821565382432,0.027613589170853808,0.02761359062742642,0.01605477760849508,0.016054778212480657,0.0027671095953282912,0.0027671099219639494,0.0,0.0,0.013741370995727717,0.013741371504756416,0.028602110203311288,0.028602111335887352,2.052143407296403e-09,2.2762587782830813e-09,0.0,0.0,0.0,0.0,0.0,0.0,0.01700947351884849,0.017009473992783835,0.012090071593004608,0.012090071888224767,0.035864221862214656,0.0358642226070114,0.06985365327328003,0.06985365411053833,0.05022265982457259,0.05022266225056957,0.02747435827823872,0.027474358996047294,0.04777417129885629,0.048273133495819937,9.222344422140744e-10,1.0227302735898836e-09,0.04645007287920783,0.04645007777795226,0.10276988372292607,0.10276992003268541,0.0,0.0,0.0,0.0,0.0,0.0,0.0,0.0,0.030592989045352677,0.030592989034476274
2019-10-25,0.0021924010763506767,6.577203229052029e-07,0.0,0.0,0.1518865221977087,0.1518865248195019,0.12548552036043692,0.12548551969060887,0.048238973465630434,0.04714277623579595,0.14695006850806938,0.14695007147017278,0.027324061763367748,0.027324076014421217,0.015860175232352194,0.015860180882499093,0.0027319537599161995,0.002731956689551243,0.0,0.0,0.013752627615560209,0.013752632396479444,0.0284587088284325,0.028458719880709412,3.178482395593734e-09,2.016253255641568e-09,0.0,0.0,0.0,0.0,0.0,0.0,0.016509343312483157,0.016509347681410803,0.011922097937498518,0.011922100692784867,0.0354897405600892,0.03548974753117519,0.0695761370602477,0.0695761455379873,0.050553342814677424,0.050553367279240584,0.027454097413953507,0.027454104375627644,0.04702185250219302,0.04811673529793132,2.303361057292999e-09,9.372637421056435e-10,0.047372167250666626,0.047372260409638864,0.10267688653129332,0.10267801286755304,0.0,0.0,0.0,0.0,0.0,0.0,0.0,0.0,0.0307357174035799,0.030735717293393503
2019-11-01,1.0431289005841137e-06,3.129386701752341e-10,0.0,0.0,0.1512925039835181,0.15129250416575046,0.12460074032485088,0.12460074033927601,0.04827471507107131,0.04827419350662109,0.14670685061634545,0.1467068508271201,0.02730649050538077,0.02730649158666847,0.015698861132261894,0.0156988615802546,0.0027301252674464603,0.002730125547391447,0.0,0.0,0.013852098117960236,0.013852098513775838,0.027972257807853694,0.027972258597965878,3.057427803106109e-09,3.3198903983778164e-09,0.0,0.0,0.0,0.0,0.0,0.0,0.016384587165345174,0.016384587525625095,0.011848147421834238,0.011848147666759535,0.036962672954586336,0.036962673638938126,0.06947249166998087,0.0694724922946058,0.05106536551290325,0.0510653683862675,0.02799628778330285,0.027996288326737298,0.04744219178365161,0.04744227198206549,2.03851998600148e-09,2.3090990213757784e-09,0.04761663084990371,0.0476166365572017,0.10242391753210013,0.10242434387778207,0.0,0.0,0.0,0.0,0.0,0.0,0.0,0.0,0.030353059403755284,0.030353059450204264
2019-11-08,0.006380794010928202,1.9142382032784604e-06,0.0,0.0,0.1509374748080853,0.15093747492228515,0.12439493264753787,0.12439493255223986,0.0511407165812549,0.04795031967108877,0.14620361661166548,0.14620361676990926,0.027927009437882306,0.02792701098560989,0.01591594388529821,0.01591594440351512,0.0027604300545127263,0.0027604302880729504,0.0,0.0,0.014168606113230989,0.014168606566165906,0.02822903505182659,0.028229036059200206,2.897757120459686e-09,3.0659921668180525e-09,0.0,0.0,0.0,0.0,0.0,0.0,0.016695054511628074,0.0166950549275994,0.01196316877847984,0.01196316901208594,0.037208509677715725,0.03720851064640883,0.07107586838933684,0.0710758694016628,0.049521205194147204,0.04952120906895369,0.028028457429263822,0.028028458082509818,0.047164709455536476,0.047427849425265955,1.981817994868716e-09,2.0515339994308173e-09,0.04773850922277439,0.047738542365265486,0.09813753643563478,0.10106474887434047,0.0,0.0,0.0,0.0,0.0,0.0,0.0,0.0,0.030789210834613428,0.03078921086029433
2019-11-15,0.006848759688180637,2.054627906454191e-06,0.0,0.0,0.15232271674436462,0.1523227168469129,0.1258285361136491,0.1258285360362567,0.055045141743549214,0.05162076197685128,0.14750268222672483,0.14750268238848258,0.02754947679491182,0.027549478466241294,0.015723123446258536,0.01572312399331131,0.0027180031997156985,0.002718003447534266,0.0,0.0,0.014105781272391826,0.014105781755959756,0.02774438202799903,0.027744383130950987,2.8752707540207653e-09,3.0493314032887306e-09,0.0,0.0,0.0,0.0,0.0,0.0,0.016226878917839332,0.016226879345819026,0.011644244668559676,0.011644244917400935,0.03738698627092166,0.0373869874494959,0.0684252153843805,0.06842521641011569,0.04823440455340194,0.04823440893478234,0.028604578344288673,0.028604579068744824,0.0471253826587722,0.04796358310384219,1.910826015888366e-09,1.983755434638203e-09,0.04818191081179712,0.04818270786088469,0.09474175953740939,0.09732712931370588,0.0,0.0,0.0,0.0,0.0,0.0,0.0,0.0,0.03088879049696821,0.030888790519620728
2019-11-22,0.005027708461945525,1.5083125385836573e-06,0.0,0.0,0.1527002773540195,0.15270027750671425,0.1260850072641223,0.12608500723294835,0.057476629525023276,0.05496277532522455,0.14732649933768413,0.14732649948125492,0.02742277372640532,0.02742277559585067,0.01583463392863261,0.01583463453317833,0.0027423736146258977,0.002742373906285842,0.0,0.0,0.01425636803841989,0.014256368584107037,0.02776156293156672,0.0277615641667752,2.6791701917340892e-09,2.8662212366923887e-09,0.0,0.0,0.0,0.0,0.0,0.0,0.01607628272546822,0.016076283192141567,0.01175472313263148,0.011754723415544987,0.03707309246578969,0.03707309376772787,0.06888127169576556,0.06888127334103754,0.04804511435764177,0.04804511952278235,0.02871423454545043,0.028714235336828195,0.045475529120488085,0.04733025567280269,1.7621544281362784e-09,1.9060498936871458e-09,0.047714341607803704,0.04771456292671108,0.09445338528389352,0.09511227678632767,0.0,0.0,0.0,0.0,0.0,0.0,0.0,0.0,0.03020589490324321,0.03020589493348588
2019-11-29,0.0006623796802868605,1.9871390408605813e-07,0.0,0.0,0.15238226551915934,0.15238226579501427,0.12593711463246116,0.12593711456353499,0.05784958948378662,0.05751839971256942,0.1472227745188362,0.14722277477485424,0.02725166523243117,0.02725166801252452,0.015653166990668793,0.015653167942126477,0.0026818953768859353,0.0026818958799914227,0.0,0.0,0.013902942369140183,0.013902943227807905,0.027870626945901783,0.02787062885776022,2.3664536301049912e-09,2.61691121807061e-09,0.0,0.0,0.0,0.0,0.0,0.0,0.015968068820711133,0.01596806956128113,0.011579992494282076,0.011579992958722557,0.03630153242603665,0.03630153434360677,0.0698323015847716,0.06983230416158467,0.04776194700620172,0.04776195339197062,0.03014829629455696,0.030148297742022576,0.04613984104283261,0.04647081906966849,1.5420523896274928e-09,1.7829080156912307e-09,0.048266043082928985,0.04826614592463774,0.09339649546399253,0.09339658282374577,0.0,0.0,0.0,0.0,0.0,0.0,0.0,0.0,0.02985343680590835,0.02985343685675693
2019-12-06,0.0011694917937384109,3.5084753812152325e-07,0.0,0.0,0.15272722633466154,0.15272722711682987,0.12613532616196543,0.12613532584789808,0.058435075893999856,0.05785033048959195,0.14713173761332898,0.14713173834143348,0.027308096816065545,0.027308106149911932,0.01587136705956548,0.015871370057712244,0.002728278411704134,0.002728279892131746,0.0,0.0,0.014208321418254314,0.014208324161450006,0.027883825320925322,0.02788383137922916,2.7025005759148985e-09,2.5471659437931675e-09,0.0,0.0,0.0,0.0,0.0,0.0,0.01641585079162882,0.016415853136755157,0.011970339569525038,0.011970340981415674,0.035793414299739576,0.03579342031236269,0.06826360603360003,0.06826361249489743,0.04833702613004603,0.048337051781411865,0.028945508297881627,0.028945512601090646,0.04539941018667294,0.045408326516481745,1.562192003981942e-09,1.5391327261537723e-09,0.048095102841822404,0.048175372739116526,0.09452628262284751,0.09502177192161428,0.0,0.0,0.0,0.0,0.0,0.0,0.0,0.0,0.02982419993107286,0.02982419999236695
2019-12-13,0.0012500618136285276,3.7501854408855824e-07,0.0,0.0,0.15221876719866254,0.1522187675325895,0.12585688934221118,0.12585688919574917,0.0589709148128468,0.05834588405249453,0.14698324320348002,0.14698324353167513,0.027329212817642536,0.027329216943338414,0.016016483111251652,0.016016484490563147,0.002756927141712554,0.00275692782294861,0.0,0.0,0.01426508987269726,0.014265091130959062,0.02816669962062778,0.028166702445408313,2.6123996334609886e-09,2.9449866968323085e-09,0.0,0.0,0.0,0.0,0.0,0.0,0.016356324775950323,0.016356325833118957,0.011872669275177179,0.011872669916961802,0.03519676952879762,0.035196771919323334,0.07008355081498319,0.07008355572625732,0.04753267961165432,0.047532688657317725,0.02907287915420819,0.02907288115982855,0.04566545654788554,0.04597421913934856,1.2779748580708866e-09,1.5627718167282259e-09,0.04792605535152286,0.048241324440535444,0.09379067017865815,0.09379163779044804,0.0,0.0,0.0,0.0,0.0,0.0,0.0,0.0,0.029938713749655857,0.02993871376337588
2019-12-20,0.002852303539155305,8.556910617465915e-07,0.0,0.0,0.1508869140244704,0.1508869141523491,0.12445528441848683,0.12445528431979622,0.05980996569480385,0.05838381407871451,0.14576569754406607,0.14576569767264963,0.028004027938806676,0.028004031099490623,0.01663208656687552,0.016632087407803885,0.002882527038177474,0.0028825273832581563,0.0,0.0,0.014712773936059955,0.014712774679301406,0.028693365368295132,0.02869336725480803,2.3600138561693843e-09,2.563030297655004e-09,0.0,0.0,0.0,0.0,0.0,0.0,0.01751962331037744,0.0175196240022079,0.012182901309585555,0.012182901668959668,0.03529836951248074,0.035298371047703135,0.07123738354277323,0.071237389392719,0.04734300594443597,0.04734301239312963,0.029186701902395085,0.029186703125971915,0.04479087733306189,0.045355243443836596,1.329760900131702e-09,1.2749631295190528e-09,0.04660534817136493,0.04746651284674868,0.09274874616429163,0.09274934355586349,0.0,0.0,0.0,0.0,0.0,0.0,0.0,0.0,0.031244396589416946,0.031244396636694958
2019-12-27,0.004307174870972418,1.2921524612917253e-06,0.0,0.0,0.15044836906949635,0.15044836930603891,0.1244030019765451,0.12440300192148358,0.06151344002691784,0.059359852772480085,0.14454444416748014,0.14454444426710855,0.02776195671331318,0.02776196069044793,0.016382713157518675,0.016382714197519684,0.0028488855700053114,0.0028488860144654576,0.0,0.0,0.014598884644140692,0.014598885573799967,0.028338932688612144,0.02833893497987994,2.1871857881805747e-09,2.3957652894956785e-09,0.0,0.0,0.0,0.0,0.0,0.0,0.017626157177849537,0.017626158066616892,0.011885430007696403,0.01188543044995062,0.03449716316318139,0.03449716482821515,0.07110999483191197,0.07111000062216635,0.04941791518339181,0.049417956497198205,0.02950272942992107,0.029502731064994337,0.04475662718026845,0.0451169178208368,1.4511078243266546e-09,1.3251208076334116e-09,0.046397684531008294,0.04639832099523478,0.09183489207897784,0.09362749129298807,0.0,0.0,0.0,0.0,0.0,0.0,0.0,0.0,0.0321307747634704,0.03213077491768862
2020-01-03,0.0012550712542779621,3.7652137628338864e-07,0.0,0.0,0.14939861893156517,0.1493986191536436,0.12351846915884367,0.12351846892462633,0.06169999503478741,0.061072460028131874,0.1437335178907412,0.14373351802306195,0.028467738679063204,0.0284677472685792,0.016753602126652303,0.016753603874188595,0.0028988807296458424,0.002898881423104129,0.0,0.0,0.0148360134264967,0.014836014953736876,0.028962458654716403,0.028962463177434762,2.021566763057857e-09,2.194187474176109e-09,0.0,0.0,0.0,0.0,0.0,0.0,0.01822914188066012,0.01822914341754376,0.012077903971223615,0.012077904690623403,0.035735920960801415,0.0357359244096076,0.07158243914910685,0.07158245391634789,0.04872505131770875,0.048725089753347654,0.02972582866262562,0.029725831448098733,0.04454347278218333,0.0447095937639114,1.8192403450793922e-09,1.4329743452429317e-09,0.046067637316854454,0.04606824754771196,0.09126639018220008,0.09172711505025098,0.0,0.0,0.0,0.0,0.0,0.0,0.0,0.0,0.031776915303316854,0.03177691554888779
2020-01-10,0.004362947329312603,1.3088841987937808e-06,0.0,0.0,0.14914622429708047,0.14914622432059763,0.12322934966531011,0.1232293496332146,0.06373561065250966,0.06155413701994884,0.14335159374490458,0.1433515937687495,0.028434368944752608,0.02843436962307648,0.017111380670272333,0.017111380883318855,0.0029804955282344094,0.0029804956262194002,0.0,0.0,0.015406493876657568,0.015406494068689096,0.02896427755920137,0.028964277976873398,1.8992137117308406e-09,2.0269803643297958e-09,0.0,0.0,0.0,0.0,0.0,0.0,0.017943207189289403,0.017943207366616348,0.012459185907618662,0.012459186003686252,0.03658225162559496,0.03658225199651922,0.07102486713986998,0.07102486780958182,0.04861752866694822,0.04861753043570517,0.02986673233779949,0.029866732632735617,0.04414472041257484,0.04414472886609271,1.7180262159523824e-09,1.804933047055155e-09,0.04583190047906691,0.04583190552033364,0.08980632609421253,0.09198778098215733,0.0,0.0,0.0,0.0,0.0,0.0,0.0,0.0,0.031363481590861914,0.031363481633970555
2020-01-17,0.0024327723975766553,7.298317192729966e-07,0.0,0.0,0.14922240983395837,0.14922240985799376,0.12354663649456094,0.12354663642695532,0.06503463056667369,0.06381824443549108,0.14341194469953575,0.14341194472200955,0.02834924456348534,0.028349245632714865,0.017218675092960933,0.017218675450713268,0.00300795142711139,0.00300795159470762,0.0,0.0,0.015547234500890574,0.015547234826351468,0.028990661226704857,0.028990661875286265,1.9443660594969557e-09,2.106495242455366e-09,0.0,0.0,0.0,0.0,0.0,0.0,0.017768091007969423,0.01776809130330219,0.012426617674938401,0.012426617836944081,0.03683730371177329,0.036837304367612275,0.07142717356752237,0.07142717488310718,0.048117914386432384,0.048117916517447595,0.02999849992860098,0.029998500412338876,0.04439014705540365,0.044390156271578,1.5491142943061126e-09,1.7052902595501981e-09,0.04566268950764787,0.04566269698761628,0.08852756928282111,0.08974393075146837,0.0,0.0,0.0,0.0,0.0,0.0,0.0,0.0,0.030514601977528283,0.030514602034576618
2020-01-23,1.1621807722549658e-05,3.4865423167648973e-09,0.0,0.0,0.14993453529705528,0.14993453530469036,0.124327573663136,0.12432757349565154,0.06513817536488285,0.06513236462850605,0.14365022289834606,0.14365022302650785,0.028192290825911206,0.028192295147638064,0.017353464395794407,0.01735346577417141,0.003026794519501175,0.003026795177373949,0.0,0.0,0.016082375342630614,0.016082376638530686,0.0282529206701043,0.028252923021210435,1.9743796453421876e-09,2.1718806298092036e-09,0.0,0.0,0.0,0.0,0.0,0.0,0.01794155910908228,0.017941560244365305,0.012548211816762392,0.012548212450441333,0.035612556674377224,0.03561255887922211,0.07058538319390263,0.0705853888857873,0.04778029640543603,0.04778030460322484,0.03043334654216115,0.030433348563331793,0.04497634639646711,0.04497639532072817,1.403995648474034e-09,1.5506361700346552e-09,0.0458308239670439,0.045830861029379444,0.08863486313179302,0.08864055743128915,0.0,0.0,0.0,0.0,0.0,0.0,0.0,0.0,0.029698256407236924,0.029698256655433283
2020-02-07,4.627117412857877e-08,1.388135223857363e-11,0.0,0.0,0.15194986351835757,0.15194986355101828,0.12664672811134597,0.12664672814395084,0.06581352268471184,0.06581349958856803,0.14443460030232505,0.14443462126032244,0.02679175780824982,0.026791758032488094,0.01649230460847502,0.016492304692432264,0.0028447866885687556,0.0028447868319647464,0.0,0.0,0.016255155529435725,0.016255155617421933,0.02620550808548425,0.026205508223524993,1.8275646130964279e-09,1.890321823213215e-09,0.0,0.0,0.0,0.0,0.0,0.0,0.016158462576025993,0.016158462632071345,0.012039096340716503,0.012039096382028927,0.033865600435766634,0.03386560064860945,0.06943449046767154,0.06943449053389333,0.04821426356346439,0.04821426364916592,0.031956495723491886,0.031956495825654234,0.04570099137438136,0.045700991650396476,1.3684717646207115e-09,1.4206351906591416e-09,0.04624162080061312,0.04624162123851685,0.0902060078728382,0.09020600791441784,0.0,0.0,0.0,0.0,0.0,0.0,0.0,0.0,0.028748740312040208,0.028748740272596697
2020-02-14,3.3580921580286535e-08,1.007427647408596e-11,0.0,0.0,0.15026690534911658,0.15026690539524817,0.1254206878957786,0.12542068794414163,0.06505569790331976,0.06505568117314005,0.1426636626309776,0.1426636754116994,0.02681729106435216,0.026817291403346474,0.016714289419220582,0.016714289551815153,0.0029196135853912005,0.0029196137343429933,0.0,0.0,0.016534733872324514,0.016534734011361796,0.026309838257200156,0.026309838473366036,1.9180584398829787e-09,1.9841163839103826e-09,0.0,0.0,0.0,0.0,0.0,0.0,0.016111599647270977,0.01611159973775566,0.012260890663298444,0.012260890733323548,0.034413253709312315,0.03441325405125812,0.06915610883748605,0.06915610892927532,0.04750359314383756,0.04750359325358103,0.03596601631254469,0.035966016617791,0.048629426448580676,0.04862942753082933,1.2760755618100814e-09,1.3476942425955844e-09,0.045950045735008466,0.04595004638162214,0.09006107272629617,0.09006107279002326,0.0,0.0,0.0,0.0,0.0,0.0,0.0,0.0,0.02724526960454958,0.027245269544268664
2020-02-21,2.5810300780010238e-08,7.743090234003071e-12,0.0,0.0,0.1486618132393814,0.14866181327837957,0.12375310527779855,0.12375310532116075,0.06484613196491186,0.06484611909440782,0.1415728320890077,0.14157283986455615,0.027820608255947003,0.027820608797826257,0.01748511770126261,0.01748511788156748,0.003118915887205566,0.003118916037818928,0.0,0.0,0.01736706977046576,0.017367069961408684,0.02707619596349045,0.02707619628539787,2.0872752949167555e-09,2.165505365617959e-09,0.0,0.0,0.0,0.0,0.0,0.0,0.01821645832250078,0.018216458463358717,0.013300110988187896,0.013300111075179363,0.035933798137992426,0.0359337987567297,0.06855514309323327,0.06855514319781249,0.049177428046314024,0.04917742822977906,0.033032437471759823,0.03303243776525885,0.04595892130692841,0.045958922395971186,1.1612968992270224e-09,1.2333575750790861e-09,0.04545921782665287,0.04545921872591401,0.09148709986878563,0.09148709996365482,0.0,0.0,0.0,0.0,0.0,0.0,0.0,0.0,0.027177591539601684,0.027177591504955412
2020-02-28,7.830944529940054e-08,2.349283358982016e-11,0.0,0.0,0.15047320785266752,0.15047320794742686,0.1256793569791083,0.12567935707274971,0.06573135848920623,0.06573131937075931,0.14289885424443718,0.14289888082205968,0.02765598665810921,0.027655988077442815,0.017734852841573147,0.017734853301703206,0.0031895242471240196,0.0031895245097182047,0.0,0.0,0.017568687616391035,0.01756868811253643,0.02703523555791073,0.02703523637511934,1.9196317036697517e-09,2.0370955906026324e-09,0.0,0.0,0.0,0.0,0.0,0.0,0.018151887626610994,0.01815188796560656,0.013509334549148615,0.013509334760901387,0.03576808265836574,0.03576808422877401,0.06670998155010237,0.06670998175869396,0.04977066139673842,0.04977066203899746,0.030906812495084646,0.030906813062575474,0.043460213239179514,0.04346021590446166,1.004721053705444e-09,1.1196937198610865e-09,0.04381638652953895,0.043816388642416805,0.09473919135691018,0.09473919174010313,0.0,0.0,0.0,0.0,0.0,0.0,0.0,0.0,0.025200381187440377,0.025200381151164686
2020-03-06,1.1983560535313488e-07,3.595068160594046e-11,0.0,0.0,0.15154328104402257,0.15154328104438186,0.12688738371370334,0.1268873838219235,0.0660161881363539,0.0660161282185511,0.14334300333492167,0.14334300940279512,0.02860849383687064,0.028608498858054034,0.017919528033307396,0.017919529107711985,0.003257333733554911,0.0032573342308964224,0.0,0.0,0.017699029500846744,0.017699030642874848,0.02771528047125233,0.02771528283684803,1.65076425121454e-09,1.793685683937146e-09,0.0,0.0,0.0,0.0,0.0,0.0,0.01911466979893733,0.019114670682046336,0.01363870402607998,0.013638704510860683,0.038115279076655705,0.03811529325291145,0.06679729398850576,0.06679729443673336,0.04645623090453965,0.046456232773012494,0.029883617137097047,0.029883618680369987,0.04282847210331142,0.042828489239406305,8.555686298022947e-10,9.856105778919e-10,0.041724401431146016,0.041724407147995426,0.09349043295432431,0.09349043387609232,0.0,0.0,0.0,0.0,0.0,0.0,0.0,0.0,0.024961374268236546,0.024961374457238367
2020-03-13,0.024015854271375123,7.2047562814125365e-06,0.0,0.0,0.15774412107183453,0.15774412109355335,0.13265971015820388,0.13265970996976378,0.06805624657935257,0.06805624548909285,0.13639250019980884,0.14840042414456525,0.027826951075323843,0.027826951393003622,0.01765138980226607,0.017651389928957435,0.003182419431460428,0.00318241947970761,0.0,0.0,0.01701916259045264,0.017019162727956987,0.027463484263781875,0.027463484490141632,1.8516656202199424e-09,1.60471024715729e-09,0.0,0.0,0.0,0.0,0.0,0.0,0.018297581267008905,0.01829758136244804,0.013565751778383515,0.01356575183353866,0.03702548247035307,0.037025482991521246,0.06320317579043508,0.0632031757938518,0.046486004424793184,0.04648600455133529,0.027691184427200678,0.02769118466006656,0.0399760278081669,0.039976028537783655,1.064104200901705e-09,7.998973265333817e-10,0.038391935448260854,0.03839193594171124,0.0966604902525288,0.09666049021365743,0.0,0.0,0.0,0.0,0.012007925306954095,0.0,0.0,0.0,0.018698452937660433,0.01869845299273604
2020-03-20,0.0035219784877153436,1.056593546314603e-06,0.0,0.0,0.16486618113945198,0.16486618131648653,0.13812529704067844,0.13812529708672197,0.07136821404037302,0.07136821348772134,0.14227996523202244,0.1440403200097469,0.026756753552765206,0.026756755719633787,0.01752750970002222,0.017527510226738357,0.003152288392287615,0.003152288596003707,0.0,0.0,0.01663564741881557,0.016635647984138503,0.026808764777494942,0.026808765971292826,1.87451437181664e-09,1.907871190269834e-09,0.0,0.0,0.0,0.0,0.0,0.0,0.017751947418466307,0.017751947804885128,0.013369535107993772,0.013369535357772184,0.03579398459574571,0.03579399810226778,0.06097112964994361,0.060971129812267634,0.038912159524548615,0.03891216016459005,0.02730657043065198,0.02730657162846765,0.03857039556496545,0.038571000644263435,9.129416801671815e-10,9.97131985388545e-10,0.03275381458893864,0.03275382199515225,0.09366947368104298,0.09366947431668725,0.0,0.0,0.0,0.0,0.014477510604970446,0.012716521913764538,0.0,0.0,0.018902854751364908,0.018902854956395067
2020-03-27,0.015172020566343168,4.55160616990295e-06,0.0,0.0,0.16180694541416096,0.16180694541484544,0.13543328860192425,0.13543328849602324,0.07728823446485371,0.06970222447318475,0.13839940750651117,0.13839940773749457,0.026650317687992576,0.0266503183126473,0.01695725356245214,0.016957253744061783,0.00306138213609749,0.0030613822321548818,0.0,0.0,0.01642627913850367,0.016426279340896886,0.026410663302279237,0.02641066370547364,1.5768650663356297e-09,1.6498132138482154e-09,0.0,0.0,0.0,0.0,0.0,0.0,0.017117049991997254,0.01711705013055897,0.012654858288873841,0.012654858387458065,0.03665331203418698,0.036653315046594005,0.06315058398291343,0.06315058413269058,0.040341380573033554,0.04034138105821663,0.02882531053953555,0.02882531141271807,0.03892146102174298,0.038921601212521764,8.190517010579152e-10,9.501342219580119e-10,0.034242933546338505,0.0342429424083584,0.09065817096113367,0.09824402532609192,0.0,0.0,0.0,0.0,0.014910104688296556,0.014910104502694964,0.0,0.0,0.02009106016125566,0.020091060325366703
2020-04-03,1.433018901161858e-07,4.299056703485574e-11,0.0,0.0,0.16211358241733048,0.16211358240856988,0.13528585963950338,0.135285859585498,0.07802511715913896,0.07802504649155273,0.13795147288710563,0.13795147315327697,0.026843235404948984,0.026843236350405524,0.016926782813912786,0.016926783128970484,0.0030169380965504363,0.0030169384328325374,0.0,0.0,0.01628792850896938,0.01628792885133593,0.026272411868565774,0.026272412494034114,1.505168226156227e-09,1.6498708306067078e-09,0.0,0.0,0.0,0.0,0.0,0.0,0.01716528654827319,0.01716528679401264,0.01262597837305114,0.012625978574594616,0.03812338781225185,0.03812339243125842,0.06244398253700233,0.06244398276270017,0.039965158097615604,0.039965158935673435,0.02834244456666477,0.02834244570495055,0.03832030673613793,0.038320318327597434,6.754032293338816e-10,8.247178779257714e-10,0.03515943185667478,0.035159439433936276,0.08959991960239667,0.08959996138072092,0.0,0.0,0.0,0.0,0.014620159729710662,0.014620158809117798,0.0,0.0,0.0209106131636239,0.020910613474372924
2020-04-10,0.003241670242910562,9.725010728731687e-07,0.0,0.0,0.16068783344815876,0.16068783342882711,0.13340391586361602,0.13340391572905722,0.07846929737185628,0.07684846325043136,0.13541767907896188,0.13541767914322606,0.026714174841432067,0.02671417522082188,0.017105235381575955,0.017105235519948074,0.0030875707811229424,0.0030875708767093713,0.0,0.0,0.016649464104431445,0.016649464256437624,0.026078741514064373,0.02607874176119063,1.4248999741316273e-09,1.491327760976688e-09,0.0,0.0,0.0,0.0,0.0,0.0,0.017058000025893846,0.01705800012700916,0.01297039435263085,0.012970394431440251,0.0385891118112719,0.0385891137282155,0.06362810215328034,0.06362810229318996,0.04182907050657497,0.04182907104746923,0.028850054851579047,0.028850055380343458,0.03988743561255867,0.039887467340994104,6.101343274934652e-10,6.94974511793108e-10,0.036496130938833395,0.03649614085516628,0.08895190668775521,0.09057269552121935,0.0,0.0,0.0,0.0,0.014244109390032749,0.014244108543892945,0.0,0.0,0.019881769249335008,0.01988176935810837
2020-04-17,0.0020219599870349722,6.065879961104917e-07,0.0,0.0,0.16051227171752153,0.16051227169309398,0.1332403833561757,0.13324038315447065,0.07882669425607174,0.0778157164783822,0.13483573432162446,0.13483573438996393,0.0266548356864699,0.026654836069879926,0.01700299311691322,0.017002993259017777,0.003036604501862748,0.00303660462524002,0.0,0.0,0.016667880041591004,0.016667880199875612,0.02574590133215031,0.025745901573634995,1.2816958200905705e-09,1.3820483107386708e-09,0.0,0.0,0.0,0.0,0.0,0.0,0.016979639357442396,0.016979639461396426,0.012846498352990815,0.01284649843373354,0.038278466213477635,0.03827846777412857,0.06305431652819268,0.06305431666809266,0.042598638929376924,0.042598639564122326,0.029891559041054016,0.029891559694207228,0.040176599967477696,0.04017661525830013,5.204511656815151e-10,6.140423548545154e-10,0.0364976367459507,0.03649764239201877,0.08947300210904824,0.09048395657291514,1.1422188873481022e-10,0.0,0.0,0.0,0.013889905684329731,0.01388990380885624,0.0,0.0,0.019790436823909727,0.01979043693257921
2020-04-24,8.71894890531083e-06,2.615684671593249e-09,0.0,0.0,0.16120596898302084,0.1612059689992216,0.13338567331365617,0.13338567281252217,0.07857880629982078,0.07857444817001881,0.13457034262230572,0.13457034296344897,0.026854426686711678,0.02685442862891263,0.01712975350649724,0.01712975420299009,0.0030786577584930217,0.003078658215596798,0.0,0.0,0.016793669480090943,0.016793670252087875,0.025549417380499494,0.025549418576088636,1.6173432534724049e-09,1.285511186101004e-09,0.0,0.0,0.0,0.0,0.0,0.0,0.016567473665634755,0.0165674741738675,0.013170317265153584,0.013170317699424047,0.039643434778934436,0.03964345482175814,0.06277105609132246,0.06277105668976628,0.04142970931330337,0.041429712051052225,0.030239990644546844,0.030239994551345527,0.040085214737751285,0.04008559079858987,4.685177941307756e-10,5.21542267516442e-10,0.036161735178490584,0.03616178656670064,0.08948182530355976,0.08948572290567157,2.5895119864911344e-10,1.1541406982156732e-10,1.6989939760636688e-10,0.0,0.013872847940689801,0.013872847742441614,0.0,0.0,0.019429676534805703,0.019429677256027404
2020-04-30,4.103565812101612e-07,1.2310697436304836e-10,0.0,0.0,0.16073027676842902,0.16073027686100788,0.1329166730820724,0.13291667218722703,0.07898969630933923,0.07898949225520795,0.13353631904754362,0.1335363193497196,0.026848144805621713,0.026848146270329266,0.016589725284689376,0.016589725812684777,0.0029414696974074113,0.0029414702232169834,0.0,0.0,0.01667184692395172,0.01667184752199401,0.0254249037235929,0.02542490461982628,1.8117360600093161e-09,1.5824220441282247e-09,0.0,0.0,0.0,0.0,0.0,0.0,0.01635058018476236,0.01635058060168686,0.012574645255771686,0.012574645643599386,0.039407710990771415,0.039407719303353704,0.06395583582184272,0.0639558362843995,0.040604054228242675,0.04060405590118716,0.032069826275181575,0.03206983046881186,0.04104941341536793,0.04104953907214347,3.1044684315849423e-10,4.856209293631842e-10,0.03709517126777247,0.03709520244874362,0.08864470711110915,0.08864473448232923,1.888442975175183e-10,2.592902344620785e-10,0.0,1.6923226212138128e-10,0.01353645359060142,0.01353645369972361,0.0,0.0,0.020062543904902124,0.020062544496242344
2020-05-08,1.6515375221452225e-06,4.954612566435667e-10,0.0,0.0,0.1593802117985815,0.15938021210770378,0.13164903644742218,0.13164903432675362,0.0787933518187654,0.0787925289188139,0.13346480488674445,0.1334648055457144,0.02724238649730752,0.027242390194854367,0.01723340810950473,0.017233409397491756,0.003064189754938779,0.003064190795737758,0.0,0.0,0.017280070964852873,0.017280072430220193,0.02583444674407307,0.025834448967020782,2.7617532302292142e-09,2.0350721037358933e-09,0.0,0.0,0.0,0.0,0.0,0.0,0.01663606003964964,0.016636060997436804,0.013167871793410465,0.013167872649726473,0.04016445077663056,0.04016447591872166,0.06260006893893365,0.06260006996828056,0.04051226707526533,0.040512270982806395,0.03259158590996778,0.03259159857279721,0.04084267529643385,0.04084327854638898,1.7336261812341287e-10,3.0564956467365166e-10,0.03681135222519164,0.036811453087619204,0.08832917382547575,0.08832923841668712,2.122742084722427e-10,1.908144503253744e-10,0.0,0.0,0.013653042429369907,0.013653042500056396,0.0,0.0,0.020749541520090835,0.02074954314363274
2020-05-15,7.28990451285104e-07,2.186971353855312e-10,0.0,0.0,0.15971456484901606,0.1597145651128228,0.13109465519892813,0.1310946541917037,0.07866263142459393,0.07866226802835444,0.13393578424584268,0.13393578477649654,0.027396197502871582,0.027396200254386705,0.01748314703400484,0.01748314798659213,0.003114179988881093,0.0031141808241242908,0.0,0.0,0.017427472115932405,0.017427473192997315,0.025723816465310703,0.025723818046254707,2.8968527733018516e-09,2.8050909811600667e-09,0.0,0.0,0.0,0.0,0.0,0.0,0.016598840885009385,0.016598841589839416,0.013383920498621561,0.013383921141406475,0.04027616343605694,0.040276181565914816,0.06228093528938219,0.06228093600053419,0.04209643907186883,0.04209644288427377,0.030975407101044877,0.03097541313092263,0.04011619418340003,0.040116346430374344,0.0,1.746321020088389e-10,0.03600162103608508,0.036001661346877364,0.08998152030849421,0.08998165258450688,1.2174083130811114e-10,2.1221297487335974e-10,0.0,0.0,0.013394277935904522,0.013394278170275343,0.0,0.0,0.020342228410157447,0.020342229549406045
2020-05-22,3.6458040393939227e-06,1.0937412118181767e-09,0.0,0.0,0.15682506664519077,0.1568250665912167,0.1296668402687603,0.12966683907479543,0.07787907325418711,0.07787725182171099,0.13237710194212216,0.13237710218286855,0.026933118560128838,0.026933119913279152,0.017069842847097325,0.017069843362245304,0.0030451822545738277,0.0030451826741616787,0.0,0.0,0.017085403733256017,0.017085404315090702,0.02519935383999716,0.025199354639987404,2.6004800852855377e-09,2.8343519132152393e-09,0.0,0.0,0.0,0.0,0.0,0.0,0.016192099660142487,0.016192100040320314,0.012957179097468624,0.012957179438629627,0.04013121072495623,0.04013121896244286,0.06282998803584819,0.06282998846929039,0.045035745086294286,0.045035749478521646,0.03172867633925108,0.03172868002082297,0.04142925240362673,0.04142969796532238,0.0,0.0,0.037896344397688235,0.03789642412199145,0.09100574234462848,0.09100701765029273,2.233529797989657e-10,1.240812631069863e-10,1.1913948520974048e-10,0.0,0.013447717253280493,0.013447717250087162,0.0,0.0,0.02126505836852905,0.021265059068489522
2020-05-29,0.0008310042601453048,2.493012780435914e-07,0.0,0.0,0.15618464236279617,0.15618464229175644,0.12974446344577775,0.12974446143225388,0.07770186124678173,0.07728636126190849,0.13239929083760835,0.1323992908774971,0.026580458086143576,0.026580458357923793,0.016866489636009965,0.01686648974355144,0.0030290924246880175,0.0030290925106983327,0.0,0.0,0.016763649311130276,0.016763649432115797,0.025125733359908368,0.025125733527606088,2.348535916668228e-09,2.491735695802043e-09,0.0,0.0,0.0,0.0,0.0,0.0,0.015929480037030916,0.01592948011591132,0.012688946485571628,0.012688946556593906,0.03961924251247096,0.039619243759269965,0.06016100251941865,0.06016100260435632,0.0460331239174141,0.046033125071604675,0.03183403378012135,0.031834034497600715,0.04288652677686766,0.043007224171801556,0.0,0.0,0.040382310637931636,0.04038323659101103,0.09054538477152846,0.09083925910041545,2.1573019167429192e-10,2.2018548822829298e-10,1.40140245617439e-10,1.1827786699023107e-10,0.013716388764593761,0.013716388725820308,0.0,0.0,0.021807876381800255,0.02180787654010423
2020-06-05,0.0239337686256806,7.180130587704179e-06,0.0,0.0,0.1533358621931601,0.15333586223652537,0.1342998680802434,0.12692281465959737,0.07774647674695201,0.07663853790130025,0.13143567352154317,0.13143567339953915,0.02726853779143764,0.02726853803273555,0.01742862882382927,0.0174286289102821,0.0031531233386768564,0.0031531233980894094,0.0,0.0,0.017399680228181696,0.017399680334019046,0.025483478040058023,0.025483478145333784,2.5315123726133834e-09,2.4183197008593537e-09,0.0,0.0,0.0,0.0,0.0,0.0,0.01612040639816351,0.016120406448274838,0.012779939301694482,0.012779939342795286,0.0407918016049127,0.04079180226824758,0.06262366504167034,0.0626236652752916,0.04557217195218085,0.04557217360641424,0.03213243986132068,0.03213244053900805,0.043121754044363164,0.04312210027630094,0.0,0.0,0.04150161058580252,0.04299575201901656,0.0783826387601235,0.08885503125077779,2.703311771662892e-10,2.1810736037560843e-10,2.1657413242553393e-10,1.3924044005144572e-10,0.017318488511636254,0.013836596932488909,1.0264105035245642e-10,0.0,0.022103752052991064,0.022103752248294445
2020-06-12,0.00030354302345341784,9.106290703602535e-08,0.0,0.0,0.15271093553629003,0.15271093559885313,0.13463564872265218,0.1344840191787018,0.07737986694380691,0.07737983540077001,0.13080433730664243,0.13080433723763332,0.027286545480824115,0.027286545714944634,0.017437283834104478,0.017437283918375318,0.0031410326708739156,0.0031410327608992848,0.0,0.0,0.017695266625760427,0.017695266731013834,0.025085714284899713,0.025085714383416793,2.510100681825098e-09,2.534511325602954e-09,0.0,0.0,0.0,0.0,0.0,0.0,0.016055632218036044,0.016055632268852753,0.012683775131529521,0.012683775171294364,0.04049031700194243,0.040490317734299,0.06275908497414089,0.06275908521390948,0.04583307704766674,0.045833079737735045,0.03276140809774373,0.03276140902935503,0.04317136806600971,0.043192463926787,1.0487724650085047e-10,0.0,0.040845823471635366,0.040974306228568354,0.0786960656710256,0.07869825293594104,2.975966356616231e-10,2.756647370997607e-10,2.648144680100845e-10,2.175563385946255e-10,0.017003057533789816,0.017002947434545716,1.8453756019727371e-10,1.0211870048458266e-10,0.023523756018699205,0.02352375626425302
2020-06-19,0.011759803531355396,3.5279410594066187e-06,0.0,0.0,0.15184938419294017,0.1518493842346295,0.13984148394703774,0.1339615963814008,0.07800495558864652,0.07800494204761851,0.13101572626652247,0.13101572622722402,0.027664077248116464,0.027664077465316676,0.01794785272010597,0.017947852800400316,0.0032165076981509858,0.0032165077495853174,0.0,0.0,0.0183459158279527,0.018345915927246208,0.025511366851694015,0.025511366952004684,2.4435772686338086e-09,2.5042481139271326e-09,0.0,0.0,0.0,0.0,0.0,0.0,0.01630169546711137,0.016301695517210585,0.012622708827402612,0.012622708866573401,0.04122572286702096,0.04122572369156456,0.06234227329893053,0.06234227353382599,0.04468767554606762,0.04468767782888927,0.032939687292573606,0.03293968824533358,0.04101893144691635,0.042730890026819825,1.0307329881555383e-10,1.0354713812982293e-10,0.03886064602993444,0.04090009132084197,0.07628374701112708,0.07841223964193489,2.8609065376614557e-10,3.005147069881887e-10,2.597880236259782e-10,2.6548386551616784e-10,0.017148261141932075,0.01714826052287386,1.9418113455248005e-10,1.9352514626970175e-10,0.02317137744310584,0.02317137765138716
2020-06-24,0.0006527870573017608,1.9583611719052824e-07,0.0,0.0,0.15036388505391401,0.15036388560020647,0.13863238616342635,0.13849607070602707,0.07764634467348754,0.07745627869871743,0.13034316283670297,0.1303431624629757,0.028031352720438774,0.028031355468880206,0.018055381820620192,0.018055382741727896,0.003251226510881084,0.0032512273504033797,0.0,0.0,0.019191775957507,0.0191917771976043,0.025133892830954824,0.025133893883295923,2.9052023889675723e-09,2.5622682902637504e-09,0.0,0.0,0.0,0.0,0.0,0.0,0.017370297877640176,0.01737029851813936,0.012821471251216604,0.012821471762755523,0.04237030193378523,0.04237031658808167,0.06297225131600784,0.0629722542782227,0.04500374180074331,0.045003773499654474,0.0331429731056018,0.033142985872048544,0.040925007174562475,0.04092722176965687,4.511612620059902e-10,1.0370834860069227e-10,0.03839928699775914,0.038400184386419116,0.07647901163229198,0.07680222023248505,6.247283071073079e-10,2.8850458614038773e-10,6.562925803917986e-10,2.593818805559317e-10,0.01704281495521919,0.0170428050726598,6.06486068124574e-10,1.8981251360490174e-10,0.022823428143368817,0.022823430506362492
2020-07-03,0.00907049045614135,2.7211471368424043e-06,0.0,0.0,0.14965881499078434,0.14965881517798083,0.13784590106396952,0.1378458994185514,0.08091400219548323,0.07637875907104946,0.12883691569441497,0.12883691546524387,0.029319844337937332,0.02931984586035628,0.018428507896461124,0.018428508300465295,0.0033019081006339015,0.0033019083121558898,0.0,0.0,0.01931573771610968,0.019315738228542746,0.025838069253571242,0.02583806980377037,3.04129585699225e-09,3.0474604612306737e-09,0.0,0.0,0.0,0.0,0.0,0.0,0.018963825805950418,0.0189638261449217,0.012989848232503648,0.01298984843818239,0.045028453005549196,0.045028873566246984,0.06302385519396926,0.06302385665125734,0.044896780482960606,0.04489681731800855,0.03318820448251979,0.03318821337270258,0.038455391916404305,0.04029866617828944,3.994183816781243e-10,4.3784387117173477e-10,0.03636443493306339,0.03819799524878323,0.07511539242309925,0.07597333048801069,6.029863464281893e-10,6.306771396350306e-10,6.326353466055977e-10,6.53082611682638e-10,0.017321134679909044,0.01732113445086126,5.977028071570043e-10,6.255330458158184e-10,0.021192972320666997,0.02119297311002238
2020-07-10,9.43081895351559e-10,2.829245686054677e-13,1.2490729398804904e-10,0.0,0.14448109005973883,0.1444810900724977,0.13203604517978929,0.1320360451445167,0.07891822586691746,0.07891822584254535,0.12591683606472084,0.1259168361039118,0.031924327673762125,0.03192432772982271,0.02020544024838909,0.020205440241645712,0.003635475927586929,0.00363547597853693,0.0,0.0,0.02146540554179419,0.021465405538939077,0.027504192802217654,0.027504192801681756,3.48914923843182e-09,3.49891214644063e-09,0.0,0.0,0.0,0.0,0.0,0.0,0.022570175117040465,0.022570175123898206,0.015573750483256057,0.015573750468239935,0.047631875039579066,0.047631875095199165,0.0641707987802648,0.06417079878674921,0.045532402115504245,0.04553240213964131,0.03321784188453401,0.03321784193094539,0.03761177357933129,0.03761177364489743,4.3366808851216624e-10,3.900877437615084e-10,0.03589166672393732,0.03589166680222012,0.07431924890991608,0.07431924888961673,7.121835641370589e-10,6.020266956873813e-10,6.453379091435242e-10,6.244373507880405e-10,0.01691650330415082,0.01691650323724948,6.670823836048882e-10,6.795693447235961e-10,0.020476918625241026,0.020476918632212043
2020-07-17,1.1782891491860688e-07,3.534867447558206e-11,1.9492707299963718e-10,1.2232784120774457e-10,0.1475776760961423,0.1475776764533411,0.1350533675204644,0.1350533676263595,0.07998982782966303,0.07998982798669522,0.1275539649996626,0.12755396723496537,0.030211385091672996,0.030211387457563927,0.019336157144780864,0.019336157635507504,0.0034789183328666254,0.0034789187554777755,0.0,0.0,0.020780246654290586,0.02078024723335036,0.026459593582020845,0.02645959440080555,2.8785039513947084e-09,3.1855800814973607e-09,0.0,0.0,0.0,0.0,0.0,0.0,0.02092601468981542,0.02092601526379787,0.014594592801825337,0.014594593118518014,0.0472320841710952,0.04723212063109245,0.061847282057635296,0.06184728241231861,0.04650409159377162,0.04650409252183265,0.03083754350584245,0.030837545558960296,0.038671552733704165,0.03867155668331165,4.123073185269687e-10,4.4220770914367823e-10,0.03715348384008472,0.037153489053052054,0.07469611631114899,0.07469611653149046,6.927708746701717e-10,7.185735651527063e-10,6.006224975864529e-10,6.568934718747547e-10,0.017119243362319944,0.017119184520461732,4.178821724257875e-10,6.210921067572106e-10,0.019976852484178718,0.01997685317442314
2020-07-24,1.0022520675181123e-07,3.0067562025543364e-11,2.6803543828603854e-10,1.9185834805861084e-10,0.14420063516427423,0.14420063547398676,0.13200087390277523,0.13200087409430125,0.07780780219323065,0.0778078022476698,0.12409440166066803,0.12409440232638315,0.030760719833473976,0.030760721960924713,0.01966340799803624,0.019663408426438458,0.0035771297589348573,0.003577130134723698,0.0,0.0,0.02139604511483857,0.021396045621227818,0.026378450216845283,0.02637845089907743,2.576342267355048e-09,2.8436872905913496e-09,0.0,0.0,0.0,0.0,0.0,0.0,0.020760019613821366,0.020760020088797602,0.01643029545619461,0.016430295746339543,0.04827215912389118,0.048272186460757226,0.06067016277565495,0.06067016301959298,0.05153696266407321,0.05153696873786736,0.03355426983976793,0.03355427234859506,0.03859200992848524,0.03859201232391986,4.0842877725572414e-10,4.032034183944401e-10,0.03781515521408995,0.03781515940848214,0.07527661102490493,0.07527661123819056,6.832801315538706e-10,6.890334721530896e-10,5.748254649706352e-10,5.832366658860934e-10,0.017043500576618444,0.017043450545417588,2.4959339755938676e-10,4.18516852032531e-10,0.02016938317891563,0.0201693837677711
2020-07-31,7.953780484363987e-06,2.386134145309196e-09,5.059816211125056e-10,2.678187069380124e-10,0.14393271710516575,0.1439327176082476,0.13177381912623143,0.1317738192345479,0.07806401375519435,0.07806401370997204,0.12440322635223282,0.12440322701110221,0.030494788629360198,0.030494792433564972,0.019425850478693683,0.01942585118303477,0.0035552888933365547,0.0035552893259330315,0.0,0.0,0.02101710343648742,0.02101710430981157,0.026067043780087475,0.02606704486415437,2.235677172718185e-09,2.550848518275596e-09,0.0,0.0,0.0,0.0,0.0,0.0,0.02008667902772815,0.020086679771994256,0.016083924333922618,0.016083924758592303,0.04922537844776478,0.04922920522960202,0.05981791301525105,0.059817913411521755,0.05331782534621097,0.053317950043765126,0.03279389420857789,0.03279389784461337,0.03824822079071002,0.03824822455945025,5.911679926921905e-10,4.112898288827322e-10,0.037360796114973525,0.03736080282742218,0.07745309466220701,0.0774530949581421,7.809443409668873e-10,6.968366906810336e-10,6.734266811389169e-10,5.747975910272991e-10,0.016953707403274218,0.01694973115903212,2.0246829437465617e-10,2.4902902904711594e-10,0.01992471010292413,0.01992471100487575
2020-08-07,0.009414061387918594,2.824218416375578e-06,8.728638296465981e-10,5.081528647632007e-10,0.14086934359248268,0.14086934407212381,0.12921858188959415,0.12921858180283471,0.07662900608804075,0.07662900577585728,0.12218022487074803,0.1221802254849506,0.030563753822520332,0.030563757131106786,0.01985352262108383,0.019853523424562133,0.003700099542125727,0.003700099977645989,0.0,0.0,0.02115258060641872,0.02115258157285541,0.02634742507481478,0.02634742624817373,2.5262781609501317e-09,2.3653912524598108e-09,0.0,0.0,0.0,0.0,0.0,0.0,0.02094032727438025,0.020940328143956806,0.01749952370696238,0.01749952420125291,0.04854043925536253,0.04854053889290347,0.05855078297344982,0.05855078335863174,0.05538627059317736,0.06009317998456868,0.033236728473685445,0.033236731923538085,0.038465413625118024,0.03846541703676296,9.447302370915802e-10,5.737971764004714e-10,0.03644273533912216,0.036442739204819885,0.07929208252079106,0.07929208288863064,1.075543258483653e-09,7.768713257409491e-10,9.545493179749618e-10,6.687982698170799e-10,0.021072461170035015,0.016365432355972515,1.5385719825832108e-10,1.998402175118526e-10,0.02005869043226514,0.0200586914260009
2020-08-14,6.071752583986845e-07,1.821525775196053e-10,8.923394217405651e-10,8.679149624052324e-10,0.14224973201107532,0.142249732653352,0.13079589372969347,0.13079589396195848,0.07767328846189432,0.07767328868637455,0.12375695486323506,0.12375695543131812,0.03014027655961677,0.030140280956671175,0.019429476820302688,0.019429477777602816,0.0035752516900093264,0.0035752524723175944,0.0,0.0,0.019970714481978992,0.019970715567816457,0.026855934171519713,0.026855935717591973,2.0627999235816387e-09,2.3892285501973496e-09,0.0,0.0,0.0,0.0,0.0,0.0,0.020016394591809566,0.020016395570853517,0.017016251235686834,0.017016251892321668,0.04818037338796944,0.04818048086402139,0.06010571891762083,0.06010571939202052,0.051849536868020976,0.05184969713741326,0.03402409360247802,0.03402409989485347,0.03959661645212561,0.039596623116945645,9.691828680538114e-10,9.766167526583578e-10,0.03771055404478882,0.037710561185673334,0.07478016257767721,0.07478016395184083,1.0203763721690108e-09,1.070659186420891e-09,9.765645753026224e-10,9.78921533563651e-10,0.021381944969014376,0.02138164140580957,0.0,1.5509734526253536e-10,0.020890824642219554,0.02089082592480522
2020-08-21,1.2555631991468254e-06,3.766689597440476e-10,1.0795082209367445e-09,8.960070968410943e-10,0.14192489200211497,0.1419248924922682,0.1303403849196019,0.1303403850184591,0.07785710941267035,0.07785710918450257,0.12367608752392237,0.1236760879104257,0.030469930758324392,0.03046993404232165,0.01957468089319859,0.019574681637007735,0.0036126917988723354,0.0036126925091988084,0.0,0.0,0.019698927445770766,0.019698928262289705,0.027373277161788865,0.027373278377271312,1.9523488040112228e-09,2.004947111331639e-09,0.0,0.0,0.0,0.0,0.0,0.0,0.02038689730804334,0.02038689809052409,0.017043260336575737,0.01704326085646848,0.04932659118887274,0.04932672063177615,0.05884735271177753,0.05884735306773802,0.05174972267354404,0.05175019697111381,0.034426968994964884,0.03442697292541271,0.03927094566337744,0.03927094933442491,1.1578978274799241e-09,9.574371670666905e-10,0.03733712821558214,0.0373371318530897,0.07533202531880707,0.07533202776287183,1.2238131400228952e-09,1.049683828646204e-09,1.1654294583832642e-09,9.711346613329402e-10,0.02153108596272644,0.021530459161680414,0.0,0.0,0.020220033130466854,0.020220034031945198
2020-08-28,0.0018467065784428644,5.540119735328592e-07,1.0633128126603171e-09,1.0674235449064434e-09,0.1401091495237315,0.14010914966175989,0.128924003051367,0.1289240030217922,0.07730286596182785,0.0773028656111258,0.12276959847175663,0.1227695985778347,0.030596169225311606,0.030596170251686018,0.019388922593903,0.01938892283213169,0.003614928039998405,0.003614928203611477,0.0,0.0,0.020322961456111757,0.020322961738892694,0.02667411959323048,0.02667411995339797,1.7789109384373293e-09,1.886252170541994e-09,0.0,0.0,0.0,0.0,0.0,0.0,0.019909534768938784,0.019909535013265114,0.016215476412976076,0.016215476568314,0.050828623339979985,0.05175185464996719,0.05937852146708525,0.059378521564792244,0.05060237837208713,0.05060249061949057,0.03755065831549535,0.03755066113150991,0.04062400861120829,0.0406240102029275,1.155880458535435e-09,1.1588293200143972e-09,0.037820733478043184,0.03782073475132676,0.0751271930854218,0.07512719392008886,1.2031458677369558e-09,1.2134116255930204e-09,1.1520097262693516e-09,1.1539493197161114e-09,0.022459938528092804,0.021536585619148337,0.0,0.0,0.019780209350173383,0.01978020962707136
2020-09-04,0.00010370775154568434,3.11123254637053e-08,1.6508557207382607e-09,1.064737957521368e-09,0.13879946964597062,0.1387994702647797,0.12785928743228397,0.12785928727685372,0.07626694776683939,0.07626694071424246,0.12145173420778106,0.12145173468676475,0.03079411378320776,0.030794117977500295,0.019421044485043355,0.0194210454791682,0.003622563443812993,0.003622564251201522,0.0,0.0,0.02049239581738138,0.02049239700020268,0.02653205139915101,0.02653205283866678,2.0817456669251163e-09,1.7316827970069622e-09,0.0,0.0,0.0,0.0,0.0,0.0,0.02008882168149492,0.02008882271178811,0.016453812503558603,0.016453813183968644,0.0517613956722389,0.051812998833333276,0.05784048882250847,0.057840489259422735,0.04938978135825429,0.04938984027453518,0.043401066119808575,0.043401227638912014,0.04326429332632295,0.0432643034653978,1.7639738031190049e-09,1.1473653009098682e-09,0.03776543222589419,0.037765436859064465,0.07330255732494545,0.073302559886509,1.792963416011591e-09,1.202064481120061e-09,1.7745475053115898e-09,1.1602362351122676e-09,0.0222854089318808,0.02223356532819443,3.0605999043172586e-10,0.0,0.019207324681475416,0.0192073257634076
2020-09-11,1.0476281468640189e-06,3.142884440592056e-10,1.4684918667937003e-09,1.6414866286109863e-09,0.14234865087444595,0.14234865107641742,0.13160685284724472,0.1316068528711816,0.07812388966243788,0.07812388872609559,0.12452121900587176,0.1245212191495023,0.030040792005624945,0.030040793267728898,0.01866593338240591,0.018665933658204497,0.00343882367646657,0.003438823903332659,0.0,0.0,0.019022563608309274,0.019022563924804007,0.026595124926415893,0.02659512535245341,1.662642069694196e-09,1.918628159471964e-09,0.0,0.0,0.0,0.0,0.0,0.0,0.01934421401824652,0.019344214299889907,0.015520147478059656,0.015520147667221717,0.04838650034514556,0.048386837213470354,0.057814106964259405,0.05781410709304065,0.05042552819625002,0.05042568915803863,0.038356138694705624,0.03835615335827045,0.039482711861186605,0.03948271517782682,1.5807391300003455e-09,1.7893765216517652e-09,0.038197260708714216,0.038197262778839905,0.07592105946125798,0.07592106052625658,1.6031286865406128e-09,1.788312359291704e-09,1.6009241904599078e-09,1.7816952776912238e-09,0.02337551381816156,0.023374990940430447,2.3144814771036858e-10,3.120099875329089e-10,0.018812960317415903,0.018812960625485327
2020-09-18,7.631732090545692e-08,2.289519627163707e-11,1.4352656488272328e-09,1.4785825895152253e-09,0.14306487924913938,0.14306487934316722,0.13168399984169543,0.1316839998254473,0.07848600411256774,0.07848598226291041,0.1252567116109937,0.1252567116850221,0.03047511347145761,0.030475114104329244,0.019130547948042198,0.01913054808543151,0.0035711754919922783,0.0035711756937007668,0.0,0.0,0.01963835405239417,0.019638354217282696,0.026920690023445527,0.026920690223487483,1.624900689432969e-09,1.7642399128634107e-09,0.0,0.0,0.0,0.0,0.0,0.0,0.01925484983893356,0.01925484997328601,0.015636565836577396,0.01563656592802045,0.0478666507232643,0.047866671917793695,0.05748791383965656,0.05748791390543219,0.049456518624790106,0.0494565281147864,0.03721641988529301,0.037216422669137765,0.0388170762681764,0.03881707734688682,1.5061773174874795e-09,1.594039532061137e-09,0.0375956754038976,0.03759567618337885,0.07567440385173065,0.075674404316347,1.556705584047937e-09,1.6166776239549575e-09,1.564003678254523e-09,1.622855158441187e-09,0.02406745835685657,0.02406744206410164,1.912850500980799e-10,2.3047816771088176e-10,0.018698983690757887,0.01869898383317761
2020-09-25,7.492830700079459e-08,2.2478492100238375e-11,1.3817461003426984e-09,1.441873869812719e-09,0.1463442003258039,0.14634420045586105,0.13478936113909373,0.13478936112330803,0.08011513738488533,0.08011509993651762,0.1277931481119441,0.12779314822525284,0.030720313151938284,0.030720313995443324,0.019191784138761377,0.019191784326254156,0.0035726184253310625,0.0035726186571687236,0.0,0.0,0.019921416893558183,0.019921417114163776,0.026952228958080426,0.026952229237085526,1.4940249905397958e-09,1.6366062485649982e-09,0.0,0.0,0.0,0.0,0.0,0.0,0.02020647191308704,0.020206472106264518,0.015976234104226474,0.015976234242110088,0.04804145518529443,0.04804148259436142,0.05659476132988564,0.05659476143005621,0.043370298195836855,0.04337030004882083,0.03552537171800885,0.03552537386329888,0.038220166506164395,0.03822016774091861,1.4189341435824632e-09,1.528810198815009e-09,0.03643474498410319,0.0364347458674793,0.07376941639401371,0.07376941711864186,1.4687009603982122e-09,1.5574710642001743e-09,1.4839900917405974e-09,1.5676095578709986e-09,0.024658172166276034,0.024658172214757745,1.2682641022339664e-10,1.9141256067788265e-10,0.017802691599484343,0.01780269177845219
2020-09-30,1.6142345490515138e-07,4.8427036471545407e-11,1.3289901031317457e-09,1.3866073093608587e-09,0.14505369543192384,0.1450536956262259,0.13372674026175743,0.1337267402307377,0.07930915975258343,0.0793090790718758,0.12706645209159387,0.1270664522598103,0.030691961002737064,0.030691962332627307,0.01897849271643181,0.018978493004833865,0.0035241820106028947,0.0035241823311847015,0.0,0.0,0.020002243668859075,0.020002244014700053,0.026748824227076674,0.026748824653305043,1.331310727945904e-09,1.4716008034000724e-09,0.0,0.0,0.0,0.0,0.0,0.0,0.02043415180932528,0.020434152114931062,0.01637551247375682,0.016375512693802153,0.048428507576550414,0.04842856899534277,0.056251325462629696,0.05625132561667595,0.043302164824093284,0.043302167704362356,0.037144623823603916,0.037144629824774955,0.039363288002281914,0.03936329063536736,1.3352594653603474e-09,1.4407527027634504e-09,0.03676442331187242,0.036764424811657884,0.07504097435537654,0.07504097591775791,1.3786743962805467e-09,1.4752731347468734e-09,1.401130959929152e-09,1.4784149465785337e-09,0.024394756631204422,0.024394756714871298,0.0,1.2869491674900162e-10,0.017398513790373434,0.017398514063811887
2020-10-09,1.721685315321954e-07,5.165055945965862e-11,1.2757863018480686e-09,1.330065633834048e-09,0.14497300550006248,0.14497300571252766,0.13344291249928233,0.1334429124824303,0.07946327056937744,0.07946318450196369,0.12712172567076827,0.12712172585509504,0.030594385594871164,0.030594386912673056,0.01884515927132376,0.018845159561962144,0.003504455366053408,0.0035044556870284676,0.0,0.0,0.020079407982630304,0.020079408335343597,0.02667440868234435,0.026674409111259303,1.2021502530816607e-09,1.3263785377502514e-09,0.0,0.0,0.0,0.0,0.0,0.0,0.020147041580595076,0.020147041884772662,0.01638767493167338,0.016387675155782138,0.04850893564692482,0.04850900127961574,0.05650468069531642,0.05650468085723637,0.04368460861254972,0.0436846118128703,0.03761478755349529,0.03761479471075139,0.038934772125752554,0.03893477451924246,1.2233207187736694e-09,1.3154105953741247e-09,0.036826809322427614,0.03682681085135098,0.07506559069462397,0.07506559227696379,1.2872699925458262e-09,1.3771173107077706e-09,1.3206339502305593e-09,1.3911342929847836e-09,0.024526992145338343,0.024526992232202123,0.0,0.0,0.017099369245427973,0.017099369518822252
2020-10-16,0.0036408490427222665,1.0922547128166799e-06,1.2503267922081133e-09,1.2827669542616936e-09,0.14281339954393385,0.14281339958115033,0.1312017426876245,0.13120174255102232,0.08073583471628389,0.07891541033152488,0.1256723770432755,0.12567237705853468,0.031679609595234755,0.03167960999814965,0.019466925405180233,0.019466925490742505,0.0036377548478269974,0.0036377548980511365,0.0,0.0,0.02113137848112941,0.021131378593791817,0.02692759126273241,0.02692759138373977,1.2113965598050072e-09,1.2441944285768528e-09,0.0,0.0,0.0,0.0,0.0,0.0,0.02044193398520426,0.020441934071790648,0.016896908628484864,0.016896908684696815,0.04867919414006194,0.050499613483980944,0.05715311712780978,0.057153117155368596,0.04356571151074882,0.04356571233733193,0.037408892844495355,0.037408894513924706,0.039844125147473264,0.03984412591155383,1.1833703191602469e-09,1.2114486858756846e-09,0.0364696038912661,0.036469604242770626,0.07380670304754387,0.07380670336584508,1.2413564927423732e-09,1.2821279659364666e-09,1.302959788747457e-09,1.3404589469500354e-09,0.025345764581407818,0.02534576459001919,0.0,0.0,0.017121425322872478,0.01712142539501351
2020-10-23,3.124342390664223e-05,9.373027171992668e-09,1.7827725262999832e-09,1.2512383366537396e-09,0.1439699402798068,0.14396994071328756,0.13198362727021382,0.1319836264099588,0.08108938575391046,0.08107376833620678,0.1260024870383823,0.12600248727186958,0.031585681064470815,0.03158568530354635,0.01909292816500556,0.01909292899170453,0.0035775517635356726,0.0035775523200049985,0.0,0.0,0.020634084968126364,0.020634086032308204,0.026710096456377824,0.0267100976561792,1.9850929476013015e-09,1.1753138093357497e-09,0.0,0.0,0.0,0.0,0.0,0.0,0.0204039513765771,0.02040395223463527,0.01601040376066415,0.016010404316707458,0.0488548653658406,0.04887043584332109,0.05766900738013846,0.05766900770381045,0.04467504759114496,0.044675061377806406,0.036202701924454794,0.036202713978268616,0.03913211342581522,0.039132120749247414,1.952073940068702e-09,1.1793343751998835e-09,0.03559457114966397,0.03559457435326471,0.07428592249494068,0.07428592619584498,1.72389388296048e-09,1.2688298177225144e-09,1.8928230586315377e-09,1.3028330752561043e-09,0.0258067912506196,0.02580679141568202,2.748877678482196e-10,0.0,0.016718831908766718,0.016718832618795983
2020-10-30,0.002793662228583543,8.380986685750627e-07,1.754601621325129e-09,1.7953938265251925e-09,0.1449267219418625,0.14492672200898934,0.133186783009705,0.13318678285248559,0.08353821499700025,0.08214138403992775,0.12706735962967755,0.12706735965354643,0.031882681148004154,0.03188268179998138,0.019049712221136234,0.019049712354813654,0.00356473916809895,0.003564739241254737,0.0,0.0,0.021003746935910887,0.021003747115517977,0.026888093899633408,0.026888094092364243,1.917674613935479e-09,1.965309846457082e-09,0.0,0.0,0.0,0.0,0.0,0.0,0.019837450397306666,0.019837450530820814,0.015855666734515512,0.015855666819765926,0.04859502877930015,0.049991853738328804,0.057963976296597865,0.05796397634047809,0.042507376030029874,0.04250737709012509,0.035444787493689046,0.035444788789116354,0.038224629714748465,0.03822463054172123,1.929319832529189e-09,1.9771954975488876e-09,0.03475051053621987,0.03475051096123141,0.07394841171835555,0.0739484123172719,1.6752640583758288e-09,1.725028532886152e-09,1.8339948994513281e-09,1.8821459823560693e-09,0.02542642965358933,0.0254264296690897,2.644993469177231e-10,2.6889997381905866e-10,0.016337670319264527,0.016337670429195827
2020-11-06,0.004023906200605925,1.2071718601817773e-06,1.7112809949663003e-09,1.7416682952153947e-09,0.14378123499378875,0.14378123506978122,0.13202548062950395,0.1320254804506778,0.08423944586670443,0.08222749294522776,0.1258671285747545,0.12586712858870802,0.03221951961436046,0.03221952088267218,0.01915617082906601,0.019156171016236873,0.003562886306437926,0.003562886388262566,0.0,0.0,0.02145445170317859,0.02145445196384703,0.027444816665217572,0.027444816955687294,1.9917208462918193e-09,2.0170944979618736e-09,0.0,0.0,0.0,0.0,0.0,0.0,0.019555466329329196,0.019555466509732073,0.01599345373391036,0.015993453850475167,0.04595007359989752,0.04796200545973153,0.05915917312682985,0.05915917320379698,0.04352583956063931,0.0435258441778937,0.03653062096846525,0.03653062983116159,0.039271823792693644,0.03927182677809978,1.9208570543055353e-09,1.949036179523254e-09,0.03443498815862492,0.034434988775360935,0.07404493687252524,0.0740449381394762,1.6219093179674184e-09,1.6615185547020393e-09,1.782648045451417e-09,1.8134482134661573e-09,0.02575551157253484,0.025755511598623194,2.611506067267314e-10,2.722086544330966e-10,0.01602696781197077,0.016026967959573944
2020-11-13,0.0009013666000258423,2.7040998000775266e-07,1.6890885854991613e-09,1.7097928133821948e-09,0.1431337761242076,0.14313377626492124,0.1315456083527209,0.13154560796672046,0.08485982547078652,0.08440914262022906,0.12579199424324614,0.12579199427903737,0.03231897319130859,0.03231897617299231,0.0189991766490766,0.018999177019778806,0.003527882284222574,0.0035278824533179183,0.0,0.0,0.02076435212247699,0.020764352615708897,0.028302602288502066,0.028302602964631177,2.0701394382155022e-09,2.043273259565402e-09,0.0,0.0,0.0,0.0,0.0,0.0,0.01949608484557537,0.019496085210438618,0.015333543382133295,0.015333543609480875,0.04575266249525003,0.0462033075948757,0.06037855589543689,0.06037855606520051,0.042793056636388827,0.04279306483217331,0.03498373611273182,0.034983744045318545,0.04006931072958547,0.04006932254582658,1.983878184899291e-09,2.0005202290904918e-09,0.036223368279797906,0.03622337019766169,0.07222904673883843,0.07222904898415496,1.5938812079037108e-09,1.6363669872749983e-09,1.8387850244412716e-09,1.8441112799957783e-09,0.026102556542442885,0.026102556595560888,3.057408445101095e-10,2.6915195240321507e-10,0.017393878133757913,0.017393878458754574
2020-11-20,2.570497566874619e-05,7.711492700623857e-09,2.037224330120382e-09,1.675250623250726e-09,0.1427451407469036,0.14274514126980023,0.13096440169440757,0.13096440093539333,0.0845357036503679,0.08452285428925034,0.1258033978560813,0.12580339803884974,0.03250810020129644,0.032508110948254565,0.019189068118158088,0.019189069301204665,0.003562617514488555,0.0035626181349614123,0.0,0.0,0.02036258812804992,0.02036258961992502,0.028731738587576737,0.028731740903122336,2.7499276799329358e-09,2.0773422738708274e-09,0.0,0.0,0.0,0.0,0.0,0.0,0.019566219641083675,0.0195662207868453,0.01616831900466518,0.016168319769261426,0.04574015176750748,0.04575288961693111,0.060565027787748804,0.06056502831432547,0.04232091118864606,0.0423209324624095,0.034805909102857635,0.034805932363504655,0.040023715205794896,0.04002375239976862,2.4567536060125345e-09,2.00340791696439e-09,0.03623127003617946,0.03623127661155994,0.07157328617918814,0.07157329163862185,1.883946922726876e-09,1.6163507751489963e-09,2.3627706657781057e-09,1.8823405662745462e-09,0.02610825504048099,0.026108255285734246,4.411707628794017e-10,3.0939929417187945e-10,0.018494166616723567,0.018494167746184863
2020-11-27,0.0003273137584016226,9.819412752048677e-08,2.53149127864288e-09,2.042831069784545e-09,0.142754451525364,0.14275445220681052,0.1308181727004041,0.1308181717188635,0.08455051293269288,0.08438686024873211,0.12565543448934763,0.12565543468833482,0.03236429762273747,0.03236431322782813,0.019089666465112173,0.019089668029408424,0.0035153739884431147,0.0035153747434544668,0.0,0.0,0.020059030917557574,0.02005903285693442,0.028822469395871714,0.028822472606232854,3.6338007883199168e-09,2.7365311624498845e-09,0.0,0.0,0.0,0.0,0.0,0.0,0.019534381750524507,0.019534383271565273,0.016305061005649883,0.01630506200950464,0.04496642502833699,0.04512985919820642,0.06107201106351682,0.061072011755458656,0.04105032341722594,0.04105034253893246,0.035475535698497686,0.03547559293595416,0.040645251405988916,0.04064535232984215,3.1500085303769824e-09,2.5335228690753084e-09,0.036884894385170564,0.0368849056897657,0.0692406751424758,0.06924067993805483,2.3257095694156136e-09,1.9495268475115473e-09,3.0350706387413263e-09,2.3718024152821403e-09,0.026469546490421277,0.02646954681516837,6.425989539055135e-10,4.707660255335551e-10,0.020726469255981046,0.02072647108596772
2020-12-04,2.489923624119106e-06,7.469770872357318e-10,2.866457867444834e-09,2.5315505479155878e-09,0.14194812565551676,0.14194812665497997,0.13004623723161068,0.13004623600550658,0.0843794823216054,0.08437824027621339,0.12501511464052714,0.12501511513123814,0.033113559130701624,0.0331135812695281,0.019305972234935423,0.01930597428448106,0.003536992602625232,0.003536993937631874,0.0,0.0,0.020714418148006862,0.020714420777562168,0.028437199321338674,0.028437203231744305,4.099763294894913e-09,3.6960159448860446e-09,0.0,0.0,0.0,0.0,0.0,0.0,0.020717255864540648,0.020717258017946348,0.016671118610712795,0.016671120008512307,0.04549668812516808,0.04549772487528806,0.0606885779856267,0.06068857893570573,0.04153848506370345,0.04153851044377018,0.03597167780328289,0.03597173466603903,0.04059834615070002,0.04059840948455365,3.496911191404168e-09,3.148217455200826e-09,0.03708420376289785,0.03708421775789896,0.06941029217372657,0.06941029986772324,2.5273202179956848e-09,2.310709979499271e-09,3.4602199351095854e-09,3.0738625340055517e-09,0.025295890245682455,0.025295890796726495,4.487439284689947e-10,6.360425692813713e-10,0.020030346027674444,0.020030348180551338
2020-12-11,2.987883554629443e-06,8.963650663888329e-10,3.2962565581658274e-09,2.8444136993724756e-09,0.14253152006167305,0.14253152102306896,0.13085108401351933,0.13085108347628063,0.08435357653274536,0.0843520853358905,0.12534836370323865,0.12534836415881734,0.03241876524100506,0.03241877843283333,0.018988339263274836,0.018988341016238818,0.0034962093616859855,0.0034962106812368872,0.0,0.0,0.020824904675911568,0.02082490698294149,0.0276894359149404,0.0276894389427246,4.541776983355238e-09,4.039846339770103e-09,0.0,0.0,0.0,0.0,0.0,0.0,0.01935491335998364,0.01935491505224897,0.016502169129140917,0.016502170376887584,0.046614623485729256,0.04661598838436352,0.05996430837364561,0.05996430919143565,0.041105861620230236,0.04110587733912125,0.0354572316561249,0.03545725978284552,0.04078062534361626,0.0407806638159254,3.965181177518921e-09,3.4990062776278138e-09,0.03720228199969118,0.037202292968077116,0.06941952064671136,0.06941952689817196,2.894381613097252e-09,2.588857562298758e-09,4.16104095174905e-09,3.678829863805752e-09,0.02571109078997765,0.025711091335814173,3.3097333851928904e-10,4.4976363958122016e-10,0.021385155637544073,0.02138515770435931
2020-12-18,0.00013005708521388238,3.9017125564164714e-08,3.922010405643058e-09,3.2380201377091346e-09,0.14123483801005815,0.14123483855780639,0.12923910558070037,0.12923910412115971,0.08376785608016543,0.08370283314225148,0.12425649395515843,0.12425649397031677,0.03266973441984686,0.03266974277255578,0.018825187012889356,0.01882518827627396,0.0034614545372595768,0.003461455316369455,0.0,0.0,0.021166474910374662,0.021166476634838827,0.02711383645289819,0.027113838442756923,5.299831663592843e-09,4.347176294331082e-09,0.0,0.0,0.0,0.0,0.0,0.0,0.019280578303733566,0.01928057953185775,0.016033560972336394,0.016033561821901264,0.04783322877672723,0.047898168601031986,0.05964570058004468,0.059645701120166594,0.04349504494021258,0.043495063825718626,0.03608507106209378,0.03608508984739458,0.040668579637492104,0.040668598768922454,4.7439679611941615e-09,3.959560051663072e-09,0.038078792028603134,0.038078800324317104,0.07012791102917504,0.07012791566057702,3.532981102640038e-09,2.9453546363999557e-09,5.0206159650651526e-09,4.231873547933505e-09,0.02546072217308173,0.025460722356019892,6.637485945411817e-10,3.1601875358798656e-10,0.021555806353993002,0.021555807869760097
2020-12-25,2.3767597863202776e-09,7.130279358960832e-13,3.891339566560835e-09,3.923139813135003e-09,0.14153113488935418,0.14153113501403247,0.12941314604269946,0.12941314604579246,0.08381263218163491,0.0838126321423564,0.12422725544424323,0.12422725544527115,0.03250608111152826,0.03250608115998513,0.018535616295628037,0.01853561629146717,0.003424228941237738,0.0034242290132506107,0.0,0.0,0.02139460561391652,0.021394605622692815,0.026657980106256855,0.02665798009668824,5.257662004095384e-09,5.291529478916325e-09,1.090487241181279e-10,0.0,0.0,0.0,0.0,0.0,0.018383438064636513,0.01838343805519215,0.017434906121890532,0.017434906110535154,0.04739858184104647,0.04739858233838506,0.05906868536511938,0.059068685320456546,0.04382720444331547,0.0438272045304709,0.03583503757484201,0.03583503763909671,0.04041035624181481,0.04041035630212079,4.66569784539256e-09,4.703415750292336e-09,0.037802999632403855,0.0378029996679999,0.07041918583884342,0.07041918587881595,3.450179260288576e-09,3.4787653766172586e-09,5.903652703161957e-09,4.970948482679209e-09,0.026672592224782597,0.02667259221097397,6.830822370253433e-10,6.968218879739281e-10,0.02124430806414342,0.021244308049795685
2020-12-31,2.8850154005056685e-09,8.655046201517005e-13,3.837163932354526e-09,3.861486842538406e-09,0.14037912265348804,0.140379122772153,0.12868250493153827,0.12868250493540043,0.08369586275648978,0.08369586271309865,0.12309407744473941,0.12309407744430147,0.03286299401387065,0.032862994058734246,0.018493389520508524,0.01849338951382347,0.0033849292452377473,0.0033849293233350545,0.0,0.0,0.021762674293452435,0.02176267430207858,0.02618857970085216,0.026188579686614158,5.109830860472591e-09,5.138649422532949e-09,2.1807844596492688e-10,1.0920731300941625e-10,0.0,0.0,0.0,0.0,0.018790670113271735,0.018790670102169917,0.017837432451500716,0.01783743243809313,0.04861496497945196,0.04861496579354746,0.0596594382267369,0.05965943818866048,0.04478118983960386,0.04478118992710801,0.03618302672608363,0.03618302678157247,0.040439846273558934,0.04043984632431379,4.742886835288672e-09,4.769046099415205e-09,0.03824657565931896,0.03824657569320032,0.06976248301624252,0.06976248304729861,3.378787736450066e-09,3.40344710092922e-09,6.871291925227022e-09,5.698337053565622e-09,0.026950137917816835,0.026950137903230937,6.775621249388176e-10,6.892148328926132e-10,0.020190075400635065,0.020190075381877313
2021-01-08,3.1554575361024216e-08,9.466372608307264e-12,4.737773687896043e-09,3.851990125231822e-09,0.13776922616417853,0.13776922615730627,0.12618274017817377,0.12618274008098562,0.0812763970963243,0.08127639595828305,0.1206765628059234,0.1206765626942804,0.03478878931131823,0.03478878929478277,0.018916760940220316,0.018916760835991298,0.003364336982934952,0.0033643370107272396,0.0,0.0,0.023261969429152214,0.02326196936977716,0.02547891123954254,0.025478911077751777,5.193237230814686e-09,5.211786862590117e-09,1.6092399474230182e-09,2.1809565221314754e-10,0.0,0.0,0.0,0.0,0.01952914845205069,0.01952914834203405,0.02039937880477466,0.020399378698999795,0.05380087756621691,0.05380089329639558,0.05923461183888337,0.059234611629183746,0.04439292973900108,0.044392929698281486,0.03453734825562845,0.03453734825429011,0.039486930976297865,0.03948693097706496,9.47246123963333e-09,4.624483684019063e-09,0.037800713440721806,0.03780071340081509,0.0695630709939155,0.0695630709825933,3.6683048156445138e-09,3.387071107428745e-09,1.2770234736839845e-08,6.945332287743156e-09,0.02760793002714453,0.027607929896921325,7.33074980720691e-10,6.603266388542289e-10,0.021931327573270414,0.021931327444448763
2021-01-15,8.199974152575786e-09,2.4599922457727355e-12,4.842316606651651e-09,4.750000693665575e-09,0.1390814281000836,0.13908142809079316,0.12743019278037518,0.12743019273381717,0.08157570760405043,0.08157570751009777,0.12136567006414019,0.12136567000600551,0.034642348185992225,0.0346423481791133,0.018757045046661303,0.018757044990981818,0.003329615739506,0.003329615796487652,0.0,0.0,0.022869778059946947,0.022869778033247436,0.025684705138700633,0.025684705049279256,5.47799710961902e-09,5.521139420214264e-09,2.271920943725083e-09,1.7107601352636294e-09,0.0,0.0,0.0,0.0,0.019342665817990858,0.01934266576072575,0.018635233165533383,0.018635233106991885,0.050270914801717435,0.050270918769397564,0.06187116873433332,0.06187116857539706,0.040858347133018086,0.040858347135038726,0.035466015867883116,0.03546601587513056,0.04037906009243458,0.04037906010237748,1.1400826556829571e-08,9.884500663686022e-09,0.03762990239430371,0.037629902374828696,0.06762160512947238,0.06762160514244436,3.6191511645195553e-09,3.6157872899238954e-09,1.3748202665195014e-08,1.2655684266513088e-08,0.02958332885957597,0.029583328788407425,7.103202282717174e-10,6.897741689838934e-10,0.023605225213545564,0.02360522515179092
2021-01-22,4.810197554400943e-09,1.4430592663202829e-12,4.8563098275036545e-09,4.8639347838746786e-09,0.13773152599347685,0.13773152599986394,0.1264247224662039,0.12642472243323988,0.08101788403344343,0.08101788393926639,0.12042752616552528,0.12042752612221629,0.03493374364849677,0.034933743659954476,0.01909472714623297,0.019094727107641124,0.003417784019258551,0.003417784081341867,0.0,0.0,0.02411997226355514,0.024119972255742608,0.025834870015719286,0.025834869950226193,5.428411325708222e-09,5.46484677555751e-09,2.497621089912024e-09,2.2962161156170034e-09,0.0,0.0,0.0,0.0,0.019641380816726547,0.019641380776293828,0.018908962299936462,0.018908962258238522,0.04914191782733463,0.049141920035313605,0.06413728172161189,0.06413728161273016,0.041537298943079386,0.04153729895516624,0.036321137893651885,0.03632113790712161,0.040500812640895084,0.040500812656652466,1.2015838365917781e-08,1.1326262793255582e-08,0.03719564410906322,0.0371956440978037,0.0680165835118148,0.06801658352970437,3.627949018445985e-09,3.641876842127486e-09,1.432892159201544e-08,1.340576154817697e-08,0.027973012197691802,0.027973012143546805,7.594812817893816e-10,7.520363108478142e-10,0.0236231687717497,0.02362316872700096
2021-01-29,3.798115510884714e-09,1.1394346532654142e-12,4.981826741947661e-09,4.84755542873692e-09,0.13966406943286747,0.13966406942701975,0.1281870121607205,0.12818701212094147,0.0826906505880611,0.08269065021748452,0.12257927799360455,0.12257927793871722,0.03441640687982492,0.03441640689233751,0.018876495084697083,0.018876495036413983,0.0033167663175979563,0.0033167663805621765,0.0,0.0,0.023624217084639243,0.02362421707290014,0.025252609879206186,0.025252609795537333,5.087127418737463e-09,5.070160166406066e-09,2.745743767919205e-09,2.3873306051315196e-09,0.0,0.0,0.0,0.0,0.018660497831370446,0.018660497779311936,0.017757833970423496,0.017757833919159968,0.04992072751366404,0.049920729269872004,0.06270087376244603,0.06270087370318846,0.04086611955618332,0.04086611957739486,0.03622604108756736,0.036226041109837424,0.03998336610883293,0.03998336613272434,1.2003657739502911e-08,1.1930177307095875e-08,0.036530501262741474,0.036530501261299565,0.06805380038945918,0.0680538003816393,3.639950923455093e-09,3.614147017776149e-09,1.4747113350105406e-08,1.4388486280939768e-08,0.027788936031272762,0.02778893596641963,7.596211563093551e-10,7.352149120067754e-10,0.022903753099779073,0.022903753044166995
2021-02-05,1.2096715164209858e-08,3.629014549262957e-12,5.059838803590125e-09,4.816847161347877e-09,0.13921817399887113,0.13921817398091282,0.12770575786040392,0.12770575780852242,0.08179242879871833,0.08179242660455864,0.12202842100597504,0.12202842093042707,0.034801277278139794,0.034801277272117855,0.01850576291568538,0.018505762847577982,0.003182795020226991,0.003182795095656565,0.0,0.0,0.023815185606659545,0.023815185587428088,0.024819601350457077,0.02481960123637965,4.925269553195183e-09,4.876366808952252e-09,3.052203241975594e-09,2.623193124526119e-09,0.0,0.0,0.0,0.0,0.017624731186023986,0.01762473111246126,0.016432396486244463,0.016432396414295232,0.051766385203921,0.051766391132336005,0.06329089196931632,0.06329089189234319,0.04204501368837255,0.0420450136884425,0.03697156308118259,0.0369715631023086,0.040698913417332276,0.04069891344064956,1.1931675461197032e-08,1.186388086811243e-08,0.03699436197949679,0.03699436197100229,0.06701201185625284,0.06701201183334328,3.6789371113001003e-09,3.6145970380167997e-09,1.7100610489744984e-08,1.4910803278139137e-08,0.027664509908374026,0.027664509819694986,7.77778507017198e-10,7.381107301380159e-10,0.02362977086203276,0.02362977078574345
2021-02-10,6.81795901018514e-08,2.045387703055542e-11,6.040265527329528e-09,5.1048957678694396e-09,0.13715803031841275,0.13715806337957964,0.12565405952978637,0.12565405952438047,0.08102378373447819,0.08102378363518596,0.1206201073064836,0.12062010721752926,0.03575284818948169,0.03575284826059507,0.01859612341688315,0.01859612332379128,0.0031985589334271526,0.003198558969248165,0.0,0.0,0.024471098061620043,0.02447109803503026,0.024996290106949665,0.0249962899688687,4.913177973864085e-09,4.919304150183429e-09,3.295431016291691e-09,3.051543291997676e-09,0.0,0.0,1.2926744850522659e-09,0.0,0.01780571329500527,0.017805713200919948,0.016957025422730705,0.016957025332191063,0.053875820678956736,0.05387582153134713,0.06298549549094087,0.06298549523897244,0.042458340414534196,0.042458340477711215,0.037221336734702744,0.037221336631308534,0.04114229457297686,0.04114229446690265,3.817471160864329e-08,1.2245516834202017e-08,0.03693912961914675,0.036939129524362,0.06672334557905849,0.06672334552089143,4.182125762925869e-09,3.741038375991094e-09,2.0781079224937058e-08,1.708325749231087e-08,0.027610901647439127,0.027610901551454053,8.83022040389149e-10,7.791326460146288e-10,0.0248096173844982,0.024809617285042006
2021-02-19,1.4600348800388593e-07,4.380104640116578e-11,9.096589490666511e-09,6.074378241159413e-09,0.13673129588273275,0.13673136814696765,0.12539386418445905,0.12539386424909055,0.08062499893157554,0.08062499875113396,0.12024545861062781,0.12024545850088111,0.03607611481446645,0.03607611492838572,0.019017706828479163,0.019017706674818422,0.0032732065856576104,0.0032732065365777005,0.0,0.0,0.0242325594278801,0.024232559350022425,0.025715148356599223,0.025715148131005283,5.292117044329568e-09,5.0279250087740186e-09,4.091154094106813e-09,3.382236757605912e-09,0.0,0.0,4.221910948231326e-09,1.2915694396600839e-09,0.017820508231850708,0.017820508074332615,0.016628638748243194,0.016628638596608975,0.053914485056034654,0.053914485582760754,0.06560078883240068,0.0656007885466912,0.04216986774210561,0.042169867774337996,0.037007428356479306,0.037007428173415305,0.041012918958518156,0.041012918771739876,9.144771488847106e-08,3.880776819661895e-08,0.036516946063262064,0.03651694588688393,0.064678194251527,0.06467819407047772,5.032578451259944e-09,4.414405537710548e-09,3.111372191206925e-08,2.101765101248734e-08,0.027299095370909486,0.027299095154503253,1.172166508176909e-09,9.3739839336739e-10,0.026040623298238034,0.026040623146033202
2021-02-26,3.358497468508284e-08,1.007549240552485e-11,1.1839658094022698e-08,9.135490433619265e-09,0.13781641242022247,0.1378164289173199,0.12616397496806753,0.12616397504785146,0.0812302870967188,0.08123028689390792,0.1208571504070215,0.12085715030987776,0.03444266180079379,0.034442661898033584,0.01880739553533665,0.018807395359777823,0.0032773507639402527,0.003277350751965326,0.0,0.0,0.02188001639678363,0.02188001627883396,0.026614494732995087,0.02661449447105737,6.032485258762618e-09,5.156110913539841e-09,4.86910282917896e-09,3.981539450183603e-09,0.0,0.0,6.2009645657134354e-09,4.002697037911663e-09,0.017540398381621226,0.01754039820416553,0.0169879499657997,0.016987949793556376,0.04947203315464036,0.0494720331841727,0.06466010226867373,0.06466010204016513,0.04383273642595186,0.04383273651478569,0.036277998197576704,0.036277998003171066,0.0412865973536475,0.04128659715091051,9.290706597200334e-08,9.130519879172584e-08,0.03729997836761016,0.037299978180456626,0.06532959709743814,0.06532959689109624,5.952589835342173e-09,5.394460147636937e-09,3.91776367461718e-08,3.399647504715574e-08,0.028109899849199094,0.02810989965293281,1.4107948838618024e-09,1.1819800534754183e-09,0.028112796425663625,0.02811279630201031
2021-03-05,1.7018964683942736e-09,5.10568940518282e-13,1.2093745205768525e-08,1.2063885375048752e-08,0.14070000742734243,0.14070000763566098,0.128609144680613,0.12860914472370286,0.08288069278457426,0.08288069268521897,0.12331813383458917,0.1233181337879221,0.03391055362244039,0.03391055365710026,0.018874663159231923,0.018874663104929166,0.00336533174862947,0.0033653318605211535,0.0,0.0,0.02133527941598848,0.021335279404924894,0.027442758759079203,0.027442758680340084,6.117384344198281e-09,6.1022680414531845e-09,5.0106577180750985e-09,4.935053770549764e-09,0.0,0.0,6.250340397301795e-09,6.203113439241656e-09,0.017171792098863246,0.017171792027556317,0.016881674615981834,0.01688167455512764,0.04723458183956061,0.04723458220674535,0.06402097755568265,0.06402097749377485,0.0414805370115945,0.04148053707019961,0.03520261742481774,0.03520261743849404,0.041007044091290266,0.04100704407292796,9.041827378328038e-08,9.041540353133489e-08,0.037521024243748556,0.037521024223509246,0.06381114886864457,0.06381114882461511,5.693298556712634e-09,5.704329492049757e-09,3.929049835509371e-08,3.927803843315002e-08,0.02683811819503662,0.026838118129681933,1.5323745897549917e-09,1.496745999947081e-09,0.028393752215718177,0.02839375221820929
2021-03-12,1.6047139665244375e-09,4.814141899573312e-13,1.1996234422393318e-08,1.1998558812369312e-08,0.14054682631096127,0.14054682636578258,0.1287857704673468,0.12878577045852618,0.08295696181165658,0.08295696168169053,0.12324956469141196,0.12324956463774304,0.032863491702860285,0.03286349177179163,0.018308127222831563,0.018308127175292427,0.0032407724131173024,0.003240772534060603,0.0,0.0,0.020530950483957394,0.020530950475426798,0.02723312739764804,0.027233127325010282,5.646078662125988e-09,5.6401039131133046e-09,4.871556766440925e-09,4.799898577396884e-09,0.0,0.0,5.993321788241534e-09,5.960545381422057e-09,0.016913968122413026,0.016913968056493384,0.014770791056777512,0.014770790999382815,0.045410986420341075,0.04541098681044187,0.06437679050576983,0.06437679044810506,0.04181267902545992,0.041812679091124384,0.03584634976852092,0.035846349794802404,0.04244384592337932,0.04244384591033943,9.034284941038897e-08,9.032576498444344e-08,0.039928592547414266,0.039928592538469566,0.06481615434931401,0.06481615430822456,5.753858854529595e-09,5.772494867897969e-09,3.843537512475634e-08,3.845444083061651e-08,0.025608877831407802,0.02560887775733491,1.5586046501702222e-09,1.5230305538820997e-09,0.0303552073495315,0.03035520738511967
2021-03-19,1.8093931046545607e-09,5.428179313963682e-13,1.2043466236134416e-08,1.2005144530813335e-08,0.1398330118563385,0.13983301189580946,0.12790491587201763,0.12790491585234895,0.08307432061556949,0.08307432048920121,0.12288933785448988,0.12288933779238144,0.032802049514353976,0.032802049557143505,0.018391976050246287,0.018391975998570946,0.0032559129117134375,0.0032559130317673757,0.0,0.0,0.020464635582439526,0.020464635569645295,0.027557368897547615,0.0275573688194651,5.347915336499927e-09,5.339778817990577e-09,4.785059943170362e-09,4.713486405615826e-09,0.0,0.0,5.8823584620425555e-09,5.850269348200918e-09,0.01661985691788834,0.016619856846032673,0.014938962463719185,0.014938962401330495,0.045772578958904665,0.04577257952728158,0.06488277419484352,0.06488277413939786,0.04223768178344952,0.04223768184557945,0.03673998227292213,0.03673998230525514,0.04272788974615918,0.04272788972778696,9.276522094274374e-08,9.272940926443807e-08,0.03927247597343349,0.03927247597340871,0.06516733875728802,0.06516733871865812,5.618402058865493e-09,5.628571135708682e-09,3.891065815193985e-08,3.892392030561729e-08,0.025918201322245246,0.025918201244374856,1.6027153021271627e-09,1.559236190563336e-09,0.02954856149863399,0.029548561514745126
2021-03-26,1.5854130949644606e-09,4.756239284893381e-13,1.2116793359757172e-08,1.2097546094699431e-08,0.142090028146731,0.14209002817997426,0.13017484605514004,0.13017484603214438,0.08385589444137889,0.0838558943295892,0.12465382189606895,0.12465382183579547,0.031918043805630916,0.031918043835851305,0.018360635231036426,0.018360635180272512,0.0032567075082959923,0.003256707641283841,0.0,0.0,0.02009951113203029,0.020099511116495047,0.02734959327387901,0.02734959320138771,5.347212257967914e-09,5.339194529836311e-09,4.954883414344757e-09,4.9023573769059854e-09,0.0,0.0,5.902689793236942e-09,5.880141850703857e-09,0.01701299415721457,0.017012994084898612,0.01500091267571937,0.015000912612847195,0.04504479253571708,0.04504479300083156,0.06237923378406859,0.06237923373447722,0.04045936784432467,0.0404593678889305,0.03632589175493847,0.03632589179080429,0.04268194587578428,0.0426819458663975,9.009619100070597e-08,9.009114367927696e-08,0.039017222836631074,0.03901722283343877,0.0657991292182307,0.0657991291823569,5.614392960182094e-09,5.624586573268512e-09,3.8879484580629103e-08,3.890414837626285e-08,0.026786759816404514,0.026786759739850813,1.597024244054883e-09,1.5553395242050575e-09,0.027732503502103344,0.027732503517915022
2021-04-02,2.0802842474628426e-09,6.240852742388527e-13,1.2152398674755323e-08,1.2057450163556761e-08,0.14028725665193806,0.14028725669430206,0.12858633900009098,0.12858633894907853,0.08319958849826749,0.08319958835394749,0.1231145959966308,0.12311459591365223,0.03267905366552613,0.03267905369206838,0.018528300289460117,0.01852830023511105,0.0032918883465835064,0.003291888446776299,0.0,0.0,0.02100923586941175,0.02100923585862644,0.027784192917426013,0.0277841928403725,5.541466819176767e-09,5.535893818207674e-09,5.0920806641371936e-09,5.020729514969538e-09,0.0,0.0,6.057008560066363e-09,6.030729152684966e-09,0.01669919390686359,0.016699193833290694,0.015125684857103234,0.015125684792757879,0.046455674099391206,0.04645567485403679,0.06372396513944566,0.06372396508671206,0.03891339816413766,0.03891339818390708,0.036898625998895825,0.03689862604080205,0.043434943170124876,0.04343494316928444,9.038057668529642e-08,9.031940933482372e-08,0.039836541217583045,0.03983654121125339,0.06452193760423318,0.06452193756034302,5.563246778848076e-09,5.569081982380528e-09,3.968257227390825e-08,3.971491744563292e-08,0.02746825733915978,0.02746825726629465,1.6761837567736983e-09,1.6304369919241229e-09,0.028441161122193016,0.028441161138734298
2021-04-09,2.1215849221958535e-09,6.36475476658756e-13,1.2221143565183297e-08,1.2040683428054383e-08,0.13929480921022866,0.13929480924722273,0.12764616877569987,0.12764616872089243,0.0825074781553487,0.08250747799978835,0.12235739333736777,0.12235739325204596,0.032447725950455024,0.03244772597309808,0.018571197142662258,0.018571197088725115,0.0033068843931737244,0.003306884484990099,0.0,0.0,0.020949560064486013,0.020949560050616527,0.027653702905525445,0.027653702826153734,5.759662523432733e-09,5.778960844971212e-09,5.155116310892318e-09,5.1043252892391405e-09,0.0,0.0,6.144743468197093e-09,6.142358340280063e-09,0.01663834933139937,0.016638349258732105,0.015084679867199847,0.015084679803458874,0.04649086787782175,0.046490868606527284,0.06356059871313721,0.06356059866093063,0.04005296658836486,0.04005296661818,0.03814400074857688,0.038144000794362545,0.04425212464102733,0.044252124647716974,9.11308872702109e-08,9.109066576288648e-08,0.04046237623011452,0.04046237622604959,0.06498389696883304,0.06498389693585743,5.6562344605814505e-09,5.676728615110011e-09,3.9166040969306125e-08,3.9210150756425515e-08,0.027268172342955633,0.027268172268408195,1.7372812933192715e-09,1.6934174478619626e-09,0.02832687978451217,0.028326879798952966
2021-04-16,1.8729944380472835e-09,5.61898331414185e-13,1.2299739975041952e-08,1.2170914551696101e-08,0.14012016204812616,0.140120162071378,0.1284972647369403,0.1284972646800641,0.0828669241864696,0.0828669240107279,0.12269517500912065,0.12269517492446459,0.03148870294591062,0.03148870296406621,0.01837498156475661,0.018374981511655033,0.0032631921522746844,0.0032631922716710718,0.0,0.0,0.020765241491392823,0.02076524147722923,0.027604966251311536,0.027604966175168024,5.647742304918593e-09,5.665570478583203e-09,5.129863479379599e-09,5.097766482902259e-09,0.0,0.0,6.0167360172894765e-09,6.019493739608511e-09,0.016150259283658607,0.01615025920936244,0.014860031958212928,0.014860031894159069,0.04545915900264102,0.04545915958187078,0.06307410239049126,0.06307410234674796,0.04037458920316966,0.04037458924081582,0.038711145559013,0.03871114560571385,0.04484018519653082,0.044840185211517496,9.16968821213589e-08,9.169478699775322e-08,0.040650844310936,0.040650844308430835,0.06509233402276397,0.06509233400551669,5.680860045203851e-09,5.703965430328598e-09,4.0647149671454146e-08,4.0685714784085514e-08,0.027003196748773037,0.027003196678455844,1.7943494003238296e-09,1.753715242434302e-09,0.028107373024183833,0.02810737303905729
2021-04-23,2.3877224387147282e-09,7.163167316144185e-13,1.2497526839828454e-08,1.2305577756807154e-08,0.13932747839418466,0.13932747838071602,0.12795515254185877,0.12795515247853656,0.08227836055764066,0.0822783602829442,0.12185757728001478,0.12185757717388955,0.03216249421392731,0.03216249423206647,0.01871610948834241,0.018716109434072085,0.0033341385190228815,0.003334138616579676,0.0,0.0,0.021679975428763727,0.021679975420494765,0.02778695534777936,0.027786955267169525,5.678920803721224e-09,5.695799376881454e-09,5.347938571877289e-09,5.316874772370294e-09,0.0,0.0,6.176845093530172e-09,6.180794413555997e-09,0.016430516163108283,0.016430516089307606,0.014782971932870143,0.014782971867030193,0.04706430892867226,0.0470643098198393,0.06229366292786347,0.06229366287483762,0.041196247078883134,0.04119624712128448,0.03836778270251498,0.038367782751760254,0.044417521957716546,0.04441752196758562,9.000472177437864e-08,8.996941410983643e-08,0.040427326286089534,0.04042732628181266,0.06577517533078729,0.06577517531608666,5.614418104918487e-09,5.6361660882490515e-09,4.0919501450495606e-08,4.09624082341146e-08,0.02806145558040354,0.028061455508117963,1.9011296902402642e-09,1.8607874440423025e-09,0.026084621198553905,0.026084621188046823
2021-04-30,3.059460961088664e-09,9.17838288326599e-13,1.271210790938987e-08,1.244321332287119e-08,0.13856830533977677,0.13856830531656197,0.12716159412164962,0.1271615940507976,0.08194398763962907,0.08194398728335614,0.12125865778082558,0.12125865765783779,0.03251656114908122,0.032516561168753955,0.018763432366440454,0.018763432307608248,0.0032801011519848337,0.0032801012299721244,0.0,0.0,0.022436786967910183,0.022436786963798354,0.027567412344400133,0.027567412254744104,5.8370289665127226e-09,5.8522195324624315e-09,5.2336314706727695e-09,5.181454940836605e-09,0.0,0.0,6.228913780660902e-09,6.225656327707985e-09,0.016373082495845796,0.01637308241889364,0.014589704204043341,0.014589704134146444,0.04813449062168238,0.04813449187374336,0.0629487340920373,0.06294873403262372,0.04078971083662454,0.040789710874139816,0.03848690238879456,0.03848690243927682,0.044557247310509675,0.0445572473144988,8.854777340250859e-08,8.844716661976742e-08,0.04037081782984799,0.04037081781647047,0.06483216796362792,0.06483216793406663,5.831395384364021e-09,5.855291825057976e-09,4.2561720686663085e-08,4.260427290457289e-08,0.027523844578424186,0.027523844494651478,2.0055229595430355e-09,1.9596296469620726e-09,0.02789628985876987,0.027896289865153523
2021-05-07,2.2096838663185692e-09,6.629051598955707e-13,1.2919492917696435e-08,1.275714529409371e-08,0.13929180364146124,0.13929180363087043,0.12785332347728862,0.12785332341547043,0.08224233048191984,0.08224233019088359,0.12173480112147386,0.12173480102007815,0.03193145107396156,0.031931451090583644,0.0188021730645107,0.01880217301043953,0.003295974703230132,0.0032959748147665027,0.0,0.0,0.022154456989670404,0.022154456984057058,0.027789631505635327,0.027789631429721448,5.818291574624188e-09,5.835503342286566e-09,5.147178661184726e-09,5.113727320123465e-09,0.0,0.0,6.181684229597667e-09,6.1833886192397715e-09,0.016118841146956157,0.016118841072637974,0.014288791938688239,0.014288791872814281,0.04658489735674536,0.046584898136734366,0.061814954323062256,0.06181495427229178,0.04172596850545797,0.041725968552864555,0.037305721123475015,0.037305721163575604,0.044481096582846984,0.044481096589725364,8.902836392620786e-08,8.902219667798552e-08,0.03996839873011466,0.03996839872250025,0.06566395882541719,0.06566395881856946,5.897547341224456e-09,5.926355601486515e-09,4.4631637598481564e-08,4.466747968410101e-08,0.028250685254645976,0.02825068518752595,2.0829040697490024e-09,2.0530125215428054e-09,0.028700568446338035,0.028700568465080484
2021-05-14,2.6507572011232654e-09,7.952271603369796e-13,1.3570548258018325e-08,1.297490625410286e-08,0.140185726032507,0.1401857260504397,0.12870071723343718,0.12870071718977977,0.08292273075916223,0.08292273038527939,0.12248024766437417,0.12248024763315515,0.03173132288186622,0.031731322899418594,0.018829581979084735,0.018829581944511346,0.0033037099504667246,0.003303710024648368,0.0,0.0,0.021827086775219145,0.02182708677436414,0.028076626878884847,0.028076626838984833,5.53578145377926e-09,5.617146113784402e-09,5.072016138609479e-09,5.1351108273733684e-09,0.0,0.0,5.969544331900514e-09,6.055230185000806e-09,0.015956216061032993,0.01595621599688835,0.014240911813786694,0.014240911763497545,0.0469044388938579,0.046904439579681725,0.06028706454016891,0.06028706451367416,0.04186919428330267,0.041869194275682864,0.03603305095609504,0.0360330509905988,0.04323341286565601,0.043233412887024585,8.428516936932562e-08,8.433738452632056e-08,0.039670713255371456,0.03967071324378926,0.06677180669934386,0.06677180667044635,5.913388529173121e-09,5.9998116699667515e-09,4.68030182753049e-08,4.6875712700062126e-08,0.028605182466426182,0.02860518244980516,2.1354309695215355e-09,2.145009635886679e-09,0.028370088725058723,0.028370088748017715
2021-05-21,5.008858101295119e-09,1.5026574303885355e-12,1.4698278828554567e-08,1.343678156881189e-08,0.13895433718761377,0.13895433718573036,0.12754406523205056,0.1275440651698288,0.08187458150335918,0.08187458069163905,0.12094597018312225,0.12094597013735607,0.03250802972788708,0.032508029756602275,0.018922988354457052,0.01892298831633486,0.0033187284577193056,0.003318728523428636,0.0,0.0,0.023046629681658656,0.023046629690710002,0.02716424607969055,0.027164246023502016,5.516891209657831e-09,5.607069004527732e-09,5.072363420363663e-09,5.138854954339118e-09,0.0,0.0,6.046000965092148e-09,6.1442923401320074e-09,0.01689449991268057,0.016894499854393553,0.015074457089588066,0.015074457039573599,0.048342704378514345,0.048342706175157076,0.060707974319209795,0.06070797428247771,0.04211013635315366,0.04211013635060954,0.03585553133230867,0.03585553137909536,0.043040122420072956,0.04304012245228668,8.436438971563141e-08,8.441377234664633e-08,0.0399049079917995,0.03990490798472959,0.0675820688452304,0.06758206881065187,5.658103348157275e-09,5.749517186747116e-09,4.277827829356792e-08,4.287230907783873e-08,0.0272983305787558,0.027298330541869243,1.9685930687111396e-09,1.967676145448526e-09,0.028909524268228973,0.028909524303751048
2021-05-28,7.528859626841158e-09,2.258657888052347e-12,1.665162281939345e-08,1.4832992697342852e-08,0.13785010115978513,0.13785010113505547,0.12695547173194133,0.12695547165107168,0.08144293161026894,0.0814429303504776,0.1201154742986485,0.12011547424266693,0.03325089906805732,0.03325089909916396,0.01915577317684718,0.019155773131465836,0.0034231291679515637,0.00342312921373442,0.0,0.0,0.023445068199015387,0.02344506821027248,0.027566309189086934,0.027566309121914975,5.7909008439882624e-09,5.88876289363849e-09,5.223022710537775e-09,5.288857846964719e-09,1.043616662827102e-10,0.0,6.19538281245797e-09,6.300738431808298e-09,0.01748824942712537,0.017488249365016504,0.015414627434770845,0.015414627379087484,0.04935191026908575,0.049351913299010355,0.061335150625879006,0.06133515058292626,0.041262409765581175,0.041262409747655424,0.036432789276661756,0.036432789334600854,0.04308983257928419,0.0430898326110028,8.429235186569097e-08,8.432351963434366e-08,0.039907052768145705,0.03990705275432644,0.06741364642161957,0.06741364637201032,5.44290607722548e-09,5.527394365565049e-09,4.15404487247304e-08,4.1672351632005044e-08,0.026466087234939813,0.02646608718325001,2.0651054944757925e-09,2.0513820166651175e-09,0.02863291928920139,0.028632919329290525
2021-06-04,8.052282458684648e-09,2.4156847376053944e-12,1.7612231483404555e-08,1.664152173649639e-08,0.13738216177674334,0.1373821617532858,0.12700603463265883,0.12700603453565426,0.08127736386561207,0.08127736147475194,0.11992588694110902,0.11992588688301425,0.032655794184364394,0.03265579422735708,0.019116830322365417,0.01911683027660874,0.0034374988738205465,0.0034374989324194908,0.0,0.0,0.023254829730704293,0.02325482974435045,0.027803346219824766,0.027803346153872685,5.673829829479599e-09,5.76275671244218e-09,5.090559945550128e-09,5.145933898980707e-09,2.0627411097242746e-10,1.0887334686299735e-10,6.1647977464595174e-09,6.264536614377622e-09,0.017142426438014526,0.01714242637358553,0.01527141171321508,0.01527141165652209,0.04880341920815764,0.04880342249663535,0.06100642396223302,0.061006423920767765,0.04135992817928658,0.04135992817471364,0.03621092316450635,0.036210923225536665,0.04325799536708161,0.043257995403820124,8.486342654349497e-08,8.489597296134514e-08,0.0403061394945009,0.04030613948643674,0.06631023195831727,0.06631023191677897,5.450195206350255e-09,5.528406932641735e-09,4.354888684945685e-08,4.3666985295571963e-08,0.027279994029307173,0.027279993979097483,2.1935604164637733e-09,2.1836279086259933e-09,0.031191189134414946,0.031191189186175656
2021-06-11,7.916348208379865e-09,2.3749044625139595e-12,1.8367800624030893e-08,1.7617616790524623e-08,0.1372064496469065,0.13720644963060621,0.1265154525579586,0.12651545246814055,0.081123598979284,0.08112359635112625,0.11989004249759917,0.11989004244605145,0.03280218119702379,0.03280218124906962,0.019402765012745085,0.01940276497255722,0.0035311991856670248,0.0035311992646558524,0.0,0.0,0.023839759271929755,0.023839759299163224,0.027853751399699436,0.02785375134019678,6.034914572048185e-09,6.121205923752234e-09,5.30871883202413e-09,5.361079954712904e-09,3.013844815590586e-10,2.1359449247283566e-10,6.248984936725275e-09,6.338536883599012e-09,0.017255396096131116,0.017255396031537015,0.016058180234554808,0.016058180180590905,0.047995019155866965,0.04799502232107275,0.06043692092753035,0.06043692089069559,0.04069874569208893,0.04069874569411231,0.03644268946519462,0.036442689537049384,0.043434568165951634,0.04343456821631415,8.482536098395944e-08,8.487906263259936e-08,0.040088175866660594,0.04008817586718675,0.0660918664702762,0.06609186643814752,5.309427932084717e-09,5.375325461347404e-09,4.2178369007733627e-08,4.22812776101425e-08,0.02747389637025457,0.027473896330761076,2.2386511087825073e-09,2.2309799573561656e-09,0.03185917099306452,0.03185917105228554
2021-06-18,8.321971491859195e-09,2.4965914475577585e-12,1.8477759346849693e-08,1.8220251719979958e-08,0.1384566850679041,0.1384566850595531,0.1273157406715277,0.12731574058228384,0.08186493307202476,0.08186492976776902,0.12107507667699326,0.12107507662831944,0.03205356570736233,0.03205356576468006,0.019133017776879008,0.019133017734530543,0.0035028601160250203,0.003502860257895095,0.0,0.0,0.02337120182314587,0.02337120186065573,0.027825247361874705,0.027825247301638625,6.279584141615897e-09,6.336411616968073e-09,5.3432910337158946e-09,5.357746253538878e-09,3.87866305769415e-10,2.959798789400693e-10,6.375143609976626e-09,6.43299828661156e-09,0.016804533819250324,0.0168045337407363,0.01567049723477963,0.015670497171492753,0.046953105244207885,0.046953108577496905,0.06074812828510412,0.06074812825505671,0.04025128756028318,0.04025128757399826,0.03738907264110198,0.03738907273220584,0.04387009223315908,0.04387009231030141,8.523632887242e-08,8.53248028405789e-08,0.04026466539422272,0.04026466540732773,0.06498329508456076,0.06498329506026711,5.2335535592021054e-09,5.267573536726017e-09,4.42926669231533e-08,4.437044679433544e-08,0.02638286730259059,0.026382867267027717,2.2955963691779293e-09,2.2688186083388396e-09,0.03208395300521278,0.03208395307173451
2021-06-25,7.320144419806597e-09,2.196043325941979e-12,1.8756604037008226e-08,1.8692690182493504e-08,0.1381018585770885,0.13810185859767476,0.127115434631597,0.12711543455319238,0.0816493726183208,0.08164936935135318,0.12061667816485025,0.12061667814332039,0.03235014768303429,0.032350147814963474,0.019524829405566005,0.019524829394328945,0.0035853614715604994,0.0035853616570082738,0.0,0.0,0.023926639224515083,0.02392663930863352,0.028313345286565587,0.028313345273729664,6.447384993695305e-09,6.513046498520018e-09,5.303418078431103e-09,5.327497316565136e-09,4.905393086784527e-10,4.191787153423101e-10,6.427106398215751e-09,6.486949952848821e-09,0.01697153387617225,0.016971533807506285,0.01618423681439031,0.016184236770878043,0.045388359949158276,0.04538836224929796,0.061900551345194225,0.061900551355464316,0.03899796053367561,0.03899796056949147,0.038590301612857654,0.038590301755199,0.04446658751377086,0.04446658765120865,8.468798866552826e-08,8.482703795019266e-08,0.03994388127828458,0.039943881339036556,0.06403672659363502,0.06403672660071004,5.174013318330168e-09,5.212759628719379e-09,4.461329531689663e-08,4.470260820926102e-08,0.025895353080530176,0.025895353070963596,2.324520714983028e-09,2.3124426621721715e-09,0.03244066611436236,0.03244066624182819
2021-07-02,1.667643368131077e-08,5.002930104393231e-12,1.8614897167316137e-08,1.8586790407397042e-08,0.13782426093796288,0.13782426097202902,0.12695350111290468,0.12695350103492067,0.08134428504550083,0.0813442769765808,0.1200338264311058,0.1200338264156149,0.0325735906888744,0.03257359092835723,0.019311082926834814,0.019311082934822425,0.0035690139149963775,0.0035690141420427913,0.0,0.0,0.0250382640740649,0.025038264228394697,0.027843902998666886,0.027843902998017693,6.691856964137567e-09,6.780204548613958e-09,5.290591863705459e-09,5.322418908002051e-09,5.715050463473361e-10,5.071636820671885e-10,6.6084294773380396e-09,6.686236651539741e-09,0.016691366483528633,0.016691366434486855,0.015437785308289096,0.015437785280838688,0.046488716701584464,0.04648872300203574,0.061108577655375494,0.06110857767748644,0.03900805122501348,0.03900805128035406,0.03906069592083451,0.039060696157443016,0.04467971302313513,0.04467971322112774,8.33517102875237e-08,8.351674222294244e-08,0.039530299874363656,0.03953029995773514,0.06369887850250469,0.06369887851173203,5.116510225528814e-09,5.1645974796308074e-09,4.284755448308863e-08,4.2963231454964084e-08,0.02761218013471137,0.02761218015404982,2.2003583686047047e-09,2.194126060005779e-09,0.03219183574633405,0.03219183597041904
2021-07-09,1.2201737314189426e-08,3.660521194256827e-12,1.875710757496073e-08,1.8859429400144133e-08,0.13902317905169786,0.1390231791116459,0.12836056345193148,0.12836056339974233,0.08201461269475703,0.08201460669236098,0.12075887741436872,0.12075887742734731,0.0320277111974695,0.03202771153011623,0.019519357461375193,0.019519357502860286,0.0036719824293574357,0.0036719826530066794,0.0,0.0,0.025048556317405157,0.02504855651361151,0.027515459156406127,0.02751545919464957,7.0316301695418145e-09,7.1483409796530014e-09,5.333360630679969e-09,5.396773954413589e-09,6.546484025113305e-10,6.280926404317567e-10,6.693603217466223e-09,6.797572885321728e-09,0.016445761071981816,0.016445761052254187,0.01618827317983424,0.01618827318717579,0.044296844333687656,0.04429684755987229,0.05855366401615857,0.058553664055580774,0.03887097728584063,0.03887097737659786,0.04007155604897322,0.0400715563981091,0.045437133858137364,0.0454371340994393,8.29578839804391e-08,8.313386624836733e-08,0.03963215351957254,0.03963215362783966,0.06479421141874546,0.06479421146215102,5.129487320752504e-09,5.204042759687949e-09,4.382143318173212e-08,4.395526035305797e-08,0.027326623602042202,0.027326623639119453,2.102696970502439e-09,2.1249933676870045e-09,0.030442330008406418,0.030442330268147393
2021-07-16,2.4631135286276818e-08,7.389340585883045e-12,1.875666306227913e-08,1.893261507470511e-08,0.13803251735258687,0.13803251744775047,0.127801156895197,0.1278011568866601,0.0815185310780049,0.08151851877097424,0.11975617264874296,0.11975617269616734,0.03219099066429624,0.03219099137279256,0.019897294819560988,0.019897294928910264,0.003693496116283331,0.0036934963445983677,0.0,0.0,0.025632822861511848,0.025632823231964294,0.028076655152286727,0.028076655255949923,6.410112133111213e-09,6.584104887956954e-09,5.237072503636037e-09,5.361259836030636e-09,6.524380700200056e-10,6.819231660778883e-10,6.259327623466363e-09,6.425388606444254e-09,0.016690569526904835,0.016690569581794167,0.015742451801802764,0.015742451875190435,0.04493602308846268,0.044936030292392896,0.059797692631186894,0.05979769270345696,0.03925925814783763,0.0392592582872558,0.040088057708784076,0.04008805842297465,0.04541974519345374,0.04541974557600769,8.245839048868614e-08,8.266170760980995e-08,0.0395461794252369,0.03954617958572315,0.06512919335722672,0.06512919341893514,5.0060987730607875e-09,5.137958167504189e-09,4.4955893540559134e-08,4.517389702381268e-08,0.02763957895537422,0.027639579035624192,2.1736829568924775e-09,2.2549361390079257e-09,0.029151440665579294,0.029151441071086782
2021-07-23,2.0750490823815107e-08,6.225147247144531e-12,1.8851934914889155e-08,1.9044052862069514e-08,0.13890301228224036,0.13890301238663508,0.12857454381039832,0.1285745438267834,0.08197036330601351,0.08197035293076779,0.12024377442015809,0.12024377448237833,0.032323303560812165,0.03232330443093844,0.020249252179103762,0.020249252312777435,0.00382099446989643,0.003820994681614331,0.0,0.0,0.02579582647709537,0.025795826912915598,0.028230074343794872,0.02823007447046856,6.7300578530564414e-09,6.939866619680976e-09,5.250712863227055e-09,5.396134460724543e-09,6.20369540735497e-10,6.771461891429966e-10,6.1716868743581215e-09,6.36423477130784e-09,0.017156044192371864,0.01715604427584551,0.016863816378259653,0.016863816478026657,0.0437133459825467,0.04371335032057815,0.059081967004626944,0.0590819670815165,0.03790907773826561,0.03790907787385362,0.04014333061463176,0.040143331520530595,0.045537774766965765,0.04553777524320401,8.157316455224471e-08,8.178935388015333e-08,0.03902125037824597,0.03902125055784645,0.0644230926719215,0.06442309273146765,4.885777324614533e-09,5.035772449452168e-09,4.673773196523976e-08,4.698654383433207e-08,0.027467431691620862,0.027467431772511083,2.16191644283616e-09,2.264184705828166e-09,0.028571550747678368,0.02857155121205062
2021-07-30,1.2040558855774213e-08,3.6121676567322637e-12,1.865249585267837e-08,1.8829284897256638e-08,0.14074893035802896,0.1407489304431592,0.1302080581423372,0.13020805812221894,0.08305354305883007,0.08305353705866908,0.12158917583531768,0.12158917588517774,0.030772187347416886,0.030772187940430195,0.019703610346144575,0.019703610453209692,0.0037509205960286965,0.0037509207849987683,0.0,0.0,0.025467933609933293,0.025467933971346654,0.027340508140977417,0.027340508255036276,7.0875017933567325e-09,7.298696181195476e-09,5.037864184109266e-09,5.185461228687078e-09,5.585749431630239e-10,6.19399100052774e-10,6.097042908128133e-09,6.28791277218699e-09,0.016479126686006092,0.0164791267534382,0.017074379819007512,0.01707437990053737,0.03926811905796766,0.03926812010514664,0.05650363650400658,0.0565036365816622,0.03841053954928218,0.03841053966674058,0.04099825414643383,0.04099825487562232,0.04647809390748537,0.04647809422519577,8.198959589709778e-08,8.217377879197928e-08,0.03989605924043542,0.039896059370240836,0.06584758228376736,0.06584758233385332,4.9647307051524835e-09,5.108017795193431e-09,4.724607067368511e-08,4.7481386823742966e-08,0.02780712958177629,0.027807129658480693,2.0349460241449437e-09,2.1347886900381777e-09,0.028602038119993903,0.02860203849610955
2021-08-06,7.224826618478094e-09,2.167447985543428e-12,1.868182542324889e-08,1.8828092117804897e-08,0.14083125711998581,0.14083125716452902,0.13065105343937983,0.13065105336070423,0.08275671623612506,0.0827567127023874,0.12139712813685956,0.12139712814407919,0.03135160148909933,0.031351601849272624,0.020121122176208133,0.0201211222324683,0.0038720324602810594,0.0038720326158264377,0.0,0.0,0.025875574072219742,0.025875574298067222,0.02709531465311914,0.027095314701278284,6.614190881423195e-09,6.773895247371422e-09,4.926357137730861e-09,5.0370360452912245e-09,5.57415060598996e-10,5.841587466934026e-10,5.9854587594482325e-09,6.132017415006335e-09,0.016475466732013267,0.01647546675448826,0.01877301113852727,0.018773011178271924,0.03944311092674606,0.03944311147853054,0.05626032361751038,0.05626032365952139,0.03837480915400102,0.03837480922012482,0.040924847371229436,0.04092484777941749,0.04632792316186702,0.046327923365142146,8.132315941400218e-08,8.146575645970863e-08,0.039876015825643915,0.039876015907946046,0.06530034560285959,0.06530034561721679,4.733401229487311e-09,4.83532762846961e-09,4.484022232423178e-08,4.501516604868422e-08,0.027278566313385585,0.027278566342424836,1.994277901803086e-09,2.05584764386354e-09,0.027013610716630488,0.027013610901005645
2021-08-13,8.613600640375677e-09,2.584080192112703e-12,1.87294600843089e-08,1.888483858531882e-08,0.14033353129299356,0.14033353134885249,0.12990008758718594,0.1299000875346277,0.08268632374627903,0.08268631949203677,0.12141029667896512,0.12141029669611704,0.031568555787805076,0.03156855622196175,0.02065907895213829,0.020659079026502016,0.003988495957263435,0.003988496117730798,0.0,0.0,0.024812099153454795,0.02481209938374061,0.02845167381002647,0.028451673884280743,6.244992288102116e-09,6.410789811179885e-09,4.837474937415498e-09,4.9529835679513424e-09,5.154807197283534e-10,5.501563569076961e-10,5.764115560923907e-09,5.91796956153418e-09,0.016874447978865326,0.016874448014188116,0.018891196038150912,0.01889119609287493,0.04053124229056774,0.04053124307191096,0.05701586488635593,0.05701586493942748,0.036345460109095985,0.03634546017020034,0.04094652427688231,0.04094652476257243,0.04671899220248664,0.04671899243353258,8.162246558897603e-08,8.177431837876835e-08,0.04008345718773431,0.040083457282202126,0.0634102973085889,0.06341029732999927,4.730160615182757e-09,4.840679781725646e-09,4.519951572564467e-08,4.53919007958544e-08,0.027329934569286493,0.027329934606170603,2.163500653116449e-09,2.239030327991172e-09,0.028042270378707664,0.02804227062840382
2021-08-20,7.14196072503219e-09,2.142588217509657e-12,1.8580779652062965e-08,1.8725856545375963e-08,0.14186437701745147,0.14186437706482616,0.13131253536872486,0.1313125353353654,0.08340750321727401,0.0834074996796533,0.12226553628116711,0.12226553629269625,0.031013558052875232,0.031013558410307864,0.020377242560599994,0.020377242622177834,0.003922453594542214,0.003922453746936828,0.0,0.0,0.024200323470171616,0.024200323658532807,0.02842174635962618,0.028421746425611485,5.849147392153289e-09,5.998180898644911e-09,4.5400988418594e-09,4.64371955948741e-09,4.775289020695913e-10,5.035299004874225e-10,5.514142349351517e-09,5.652631388720351e-09,0.01784236149511777,0.017842361524462627,0.019164730617971196,0.01916473066302697,0.03906809650521329,0.03906809703819209,0.055051830261616815,0.0550518303025954,0.036184275640562945,0.03618427569247954,0.04067249604081811,0.040672496453619277,0.04647320203264175,0.046473202247563426,8.043513520344805e-08,8.057661106955206e-08,0.04000515188427296,0.04000515197262714,0.06506476829678895,0.06506476831377739,4.512392677280822e-09,4.611628454594772e-09,4.469831470554586e-08,4.487279958085791e-08,0.027756600238423714,0.027756600270405215,2.0353874920295345e-09,2.1026646504121623e-09,0.025931044421212447,0.02593104459752119
2021-08-27,1.1627480605434434e-08,3.48824418163033e-12,1.8546757949997855e-08,1.8721478385050262e-08,0.1409532654416987,0.14095326552900148,0.13041964979963097,0.13041964980718276,0.08326328973293981,0.0832632839191995,0.12182628650708867,0.12182628653652142,0.030659008676932675,0.03065900924017174,0.020793719215675358,0.020793719333472058,0.004000426634912634,0.00400042681893824,0.0,0.0,0.02400619454607213,0.024006194837295818,0.029564067407403333,0.02956406754258906,5.7163767969077944e-09,5.908490693024626e-09,4.3693918100277585e-09,4.508340314489014e-09,4.4444423658169156e-10,5.031703142302844e-10,5.151860124667837e-09,5.327920549751548e-09,0.017709212938488806,0.01770921301263559,0.01948502923326231,0.019485029328490618,0.03758227854562717,0.037582279283256935,0.05479333710137621,0.0547933371787589,0.03622491064193766,0.03622491073277209,0.042033580116392154,0.04203358106164317,0.04734146919046275,0.047341469571384694,8.090886351853758e-08,8.109478593958605e-08,0.04013862118546731,0.040138621335419164,0.06475472835229808,0.06475472840036689,4.436036451098831e-09,4.570043465632497e-09,4.585695443630604e-08,4.6096451791153654e-08,0.027368890747390632,0.027368890813794695,2.15802495369153e-09,2.2643905155479073e-09,0.0270818663962322,0.027081866722033034
2021-09-03,9.727540134891688e-09,2.918262040467506e-12,1.8758976003048e-08,1.892272375916905e-08,0.14018121644815787,0.14018121651963752,0.1298815795989783,0.12988157960010158,0.08279742957550727,0.08279742471173707,0.12091247023195345,0.12091247024781152,0.03078131361430807,0.030781314088134563,0.02121082473641871,0.021210824837119446,0.003993423457529516,0.003993423628401103,0.0,0.0,0.022926246426815813,0.022926246640326695,0.03129742385466295,0.03129742400297201,5.0627021257337995e-09,5.221045661369965e-09,4.0780588619420064e-09,4.192513308245372e-09,4.0359483735254057e-10,4.47324998076483e-10,4.639554208265233e-09,4.785323027108351e-09,0.018532469453482036,0.018532469511515486,0.01883840241798749,0.018838402490914286,0.03728200971818447,0.03728201027533872,0.055910913728376865,0.05591091379595447,0.03643585469932207,0.0364358547743903,0.042331164434787356,0.042331165247835215,0.04723686697381696,0.04723686728042184,8.202833715042441e-08,8.219646663929126e-08,0.040010595974180455,0.040010596095898035,0.06497754599172968,0.06497754602803764,4.3645761875157595e-09,4.482730188961638e-09,4.6103618724121873e-08,4.631707488347454e-08,0.02704408507356307,0.027044085122550268,2.267948311672668e-09,2.364878632075155e-09,0.027417995882871374,0.027417996170821066
2021-09-10,1.2276582452493941e-08,3.682974735748182e-12,1.8890623146354782e-08,1.9077175442380204e-08,0.13955257395817816,0.139552574051238,0.12926298587923707,0.12926298588561885,0.08246140951404828,0.08246140337575723,0.12059458967545804,0.12059458970265334,0.03129089200362949,0.0312908926445005,0.02201680833300306,0.02201680847146348,0.004073860899000668,0.004073861096371528,0.0,0.0,0.023457746197923637,0.023457746479443424,0.03338204303744021,0.03338204328456595,4.91753539545981e-09,5.0998301410424676e-09,3.9781023624398274e-09,4.113143213214827e-09,3.359391221961496e-10,3.9659769382471503e-10,4.451139892010933e-09,4.619272068816591e-09,0.019128409631251335,0.019128409718416024,0.01879583314650894,0.01879583324616467,0.03823104294268533,0.03823104378228715,0.05525337509378545,0.05525337517945213,0.03605436327845623,0.03605436337966999,0.0419622252845369,0.04196222618531048,0.04685634335686098,0.046856343685779435,8.556880241604211e-08,8.576809996308297e-08,0.03918615498523326,0.03918615512310433,0.06393909432793696,0.06393909438221494,4.2797750010888074e-09,4.415871559519078e-09,4.7808384670129266e-08,4.806497954597223e-08,0.02675125712438768,0.026751257195690638,2.4756744587623463e-09,2.601791838797871e-09,0.027748818624461824,0.02774881897353677
2021-09-17,8.369845993096981e-09,2.510953797929094e-12,1.834198129847209e-08,1.8501838186268974e-08,0.1403938411415748,0.14039384120408024,0.13001394187640716,0.13001394186282964,0.083097496564946,0.08309749239444211,0.12161837877020269,0.12161837876936113,0.03058720784887092,0.030587208240615317,0.02170756429166839,0.021707564382821117,0.004028028840130224,0.0040280290114756,0.0,0.0,0.022959408835186386,0.022959409020677553,0.03269721144501343,0.032697211599028504,4.645206930978556e-09,4.789134098557441e-09,3.787555676660681e-09,3.888682592979972e-09,3.017036041747924e-10,3.3248563651927255e-10,4.197553382770821e-09,4.326727570345857e-09,0.018548345420277394,0.01854834546962018,0.017975343403374523,0.017975343460663342,0.038024473988076464,0.038024474499028044,0.05298594813449498,0.05298594818790801,0.035706430343859084,0.035706430411743796,0.04182813614603681,0.04182813670229068,0.04677188841880331,0.046771888650733486,8.727436652687161e-08,8.743717029494009e-08,0.039471387240727684,0.03947138734251202,0.06426232040774059,0.064262320440693,4.205418941216655e-09,4.311455814916761e-09,4.938412019246293e-08,4.9577474293868784e-08,0.02754406683790116,0.027544066880229836,2.372858321590469e-09,2.462583497237075e-09,0.02977840553394317,0.029778405841694503
2021-09-24,7.653864594826829e-09,2.2961593784480485e-12,1.8367388664304875e-08,1.8521162908683323e-08,0.14081875913566058,0.14081875919169562,0.13034314321399584,0.1303431432006507,0.08306079146758547,0.08306078765637642,0.12169205142796173,0.12169205142558344,0.030816350597718818,0.030816350967793463,0.021870411307214316,0.021870411389903272,0.004065207029345116,0.004065207190793979,0.0,0.0,0.023352925558839114,0.02335292573761258,0.03231393480692735,0.032313934937022705,4.706648856950317e-09,4.844151223181632e-09,3.736863195785963e-09,3.82967793690704e-09,2.8064302469170333e-10,3.0404544281475475e-10,4.130036609094443e-09,4.249853704085752e-09,0.018867361178649032,0.018867361221056585,0.018503088047437794,0.01850308809861411,0.03829528165638226,0.03829528214507357,0.0529622910926997,0.05296229113794027,0.03471207269885298,0.03471207275192373,0.04150320002348723,0.041503200505980144,0.04644343315084446,0.04644343336096875,8.680339382668097e-08,8.695811065333965e-08,0.0392261405814322,0.03922614067196036,0.06387600762600014,0.06387600765135812,4.145012111268313e-09,4.24188856491681e-09,5.3873097458873075e-08,5.405527669090566e-08,0.027489133736755645,0.02748913377153952,2.2240641010932118e-09,2.301519592287772e-09,0.029788237395062613,0.02978823768046583
2021-09-30,7.157655279434879e-09,2.1472965838304636e-12,1.7674084494060796e-08,1.7823460874025526e-08,0.14170556209009325,0.14170556214084937,0.13106135130387392,0.13106135128260724,0.08329990678270648,0.08329990323007606,0.12223239852386207,0.12223239851893167,0.030916078459663984,0.030916078768997945,0.020571497289030988,0.020571497353963488,0.0037749652631733823,0.00377496543502788,0.0,0.0,0.023419993649838836,0.023419993805282403,0.030410880687742507,0.030410880788964607,4.460847341694969e-09,4.584053175710005e-09,3.569679883551692e-09,3.6511554548552258e-09,2.5892616425677867e-10,2.7154263524010497e-10,3.981546042700811e-09,4.087493718492632e-09,0.01820183480596422,0.018201834839177703,0.01738507722271945,0.01738507726286963,0.0414054576702457,0.041405458297345314,0.053455250736859555,0.053455250776246604,0.03383561978065771,0.03383561982167574,0.040642747014601466,0.0406427473669664,0.046052523521591,0.046052523704213005,8.470675714572483e-08,8.485522727807446e-08,0.03866407488113368,0.03866407495923416,0.06326801923364396,0.0632680192543351,4.009956608130295e-09,4.09500538094383e-09,5.607313706711287e-08,5.6244918638457244e-08,0.027144989843922544,0.027144989871522043,1.915859968179243e-09,1.9775663130838755e-09,0.03255159458788055,0.03255159493129041
2021-10-08,7.561520347678976e-09,2.2684561043036927e-12,1.773438249462782e-08,1.78866795627598e-08,0.14162891552993248,0.1416289155844627,0.13093213023676883,0.13093213021625888,0.08324045512732474,0.08324045136823362,0.12219378810488501,0.12219378810372587,0.030972925145102286,0.03097292546850176,0.020735601287103413,0.020735601357313203,0.0038610530454070563,0.003861053216737776,0.0,0.0,0.02388977192304321,0.023889772094153928,0.030528564937939564,0.03052856504595034,4.381106639025831e-09,4.506766734686927e-09,3.5323634491455347e-09,3.6169308095478353e-09,2.5129185215915893e-10,2.667806197080236e-10,3.936652106308687e-09,4.045786515609961e-09,0.018152194039730132,0.018152194076875773,0.017509064218121567,0.01750906426292767,0.04147490751506088,0.04147490817529197,0.053236542167651266,0.05323654220896517,0.0329302574920575,0.03293025753132351,0.04076502811935793,0.04076502849250065,0.04626497303194776,0.04626497322656415,8.39188386761478e-08,8.40700360081686e-08,0.038592904855000554,0.03859290493478849,0.06295577284091847,0.06295577286427574,3.879024374420026e-09,3.963854113512438e-09,5.848512545310939e-08,5.866257148877275e-08,0.026989335339501454,0.026989335369788963,1.9311818491267803e-09,1.9970778535150155e-09,0.03314563699317914,0.033145637384876185
2021-10-15,1.136920303322311e-08,3.4107609099669327e-12,1.724166797324286e-08,1.74120864632709e-08,0.14045748937645838,0.14045748945927422,0.12986671540359707,0.12986671541842754,0.08289839848192226,0.08289839279732068,0.121771176598884,0.1217711766149995,0.03114844166024229,0.031148442096235653,0.02037902419566133,0.02037902429702249,0.0038212321716622304,0.003821232363404341,0.0,0.0,0.023526341953913895,0.023526342168614642,0.029782035231138638,0.029782035368161215,4.060694757093348e-09,4.2075017619339435e-09,3.4345034170035734e-09,3.5416926607692435e-09,2.1295793138925797e-10,2.48846109022996e-10,3.7222293352916543e-09,3.852714690367788e-09,0.01762959783646054,0.017629597903231674,0.01734354545443653,0.017343545531733368,0.04326985483110548,0.04326985616534551,0.0539375858750745,0.053937585940016276,0.034997497570829574,0.03499749764387187,0.040338550785459525,0.0403385512490954,0.045967966107013015,0.04596796635144795,7.958074640360737e-08,7.975777229686281e-08,0.037897156022144066,0.03789715612902208,0.06436145041035261,0.06436145045831854,4.049198802565795e-09,4.165026711622929e-09,6.298669084090682e-08,6.319250725964102e-08,0.025436367242022914,0.025436367295847816,1.6815231548059822e-09,1.7636241583105517e-09,0.035169395821408614,0.035169396606837086
2021-10-22,1.0346525106298113e-08,3.1039575318894337e-12,1.728681090584095e-08,1.7453095315041555e-08,0.1396653252247828,0.1396653253011101,0.12903951137039008,0.12903951138483488,0.08252531770433233,0.08252531253106987,0.1212700150609166,0.121270015076361,0.03115100246598049,0.031151002874942137,0.020558457384942004,0.020558457478562605,0.003873269718404102,0.0038732698968598506,0.0,0.0,0.02389630015209233,0.02389630036274599,0.030120136587589795,0.0301201367159878,3.912652401377172e-09,4.050683441931207e-09,3.3337421268672688e-09,3.431389968005781e-09,1.951086637336315e-10,2.2426825331203844e-10,3.6305183627284678e-09,3.75198700179727e-09,0.017665994665217826,0.017665994725176513,0.017636972391669718,0.017636972462040927,0.042247555389206715,0.042247556366785295,0.05518950392519672,0.0551895039836975,0.035171966006962714,0.035171966070814895,0.041170105894598186,0.04117010640090871,0.04678810294801209,0.04678810320447495,7.840054006104342e-08,7.857176877608952e-08,0.03793390731830804,0.03793390741778645,0.06347957321730242,0.06347957325768556,3.923137588719409e-09,4.027238403700229e-09,6.063856152815579e-08,6.085980731817625e-08,0.02524674688170529,0.02524674692645942,1.7023365510795188e-09,1.7796573395012988e-09,0.035370062668981524,0.035370063411799914
2021-10-29,1.2206337147937365e-08,3.661901144381209e-12,1.6984547575539433e-08,1.716159360263557e-08,0.14015543066322855,0.14015543075495537,0.1297512204297334,0.1297512204564485,0.08295699931775449,0.08295699321458591,0.12174021564879561,0.12174021567466374,0.030925140138543986,0.03092514060205471,0.020248671078546398,0.020248671189759867,0.003783341853066304,0.0037833420488692674,0.0,0.0,0.024012110615170983,0.024012110862894863,0.027896730438144585,0.027896730566625314,3.841196370768571e-09,3.991623343762822e-09,3.1856315001601624e-09,3.2919508538487906e-09,1.6386313082887615e-10,2.018875905494811e-10,3.5046330964514703e-09,3.6357967683240027e-09,0.01721379119926583,0.017213791275630046,0.017770547766665586,0.017770547854211075,0.0425093790633117,0.042509380303917974,0.05452431588694654,0.05452431595751631,0.03465864905172773,0.03465864912864321,0.04188577942347375,0.04188578007263505,0.04726471237724139,0.04726471268868745,7.870055948346344e-08,7.888606368190387e-08,0.03835988936416008,0.038359889483543325,0.06420229450498637,0.06420229455827062,3.6351557910024926e-09,3.745635921590427e-09,4.9712886915136924e-08,4.997254961589655e-08,0.025337171417883324,0.02533717147662066,1.396559415181923e-09,1.4773812099951334e-09,0.03480344863631993,0.034803449464983954
2021-11-05,1.6909043338038448e-08,5.072713001411534e-12,1.7024436540485167e-08,1.7224594028009265e-08,0.13969683832007646,0.13969683843537173,0.12969542397375378,0.12969542401766393,0.08264954442432236,0.08264953596980079,0.12106219574002658,0.12106219577291419,0.030683423812086493,0.03068342433510367,0.02044116864843957,0.020441168786828695,0.0038673437103212633,0.0038673439291740776,0.0,0.0,0.024483679838984522,0.02448368014556437,0.02769000159616754,0.027690001747950194,3.893073917431739e-09,4.0666512378465e-09,3.1949525469424112e-09,3.318096157146818e-09,1.1502947052315832e-10,1.629900375484913e-10,3.4672381958042227e-09,3.616799935417402e-09,0.01701720154670962,0.017017201646496376,0.01909143100597177,0.019091431124052736,0.04404810316607757,0.04404810552662537,0.0530939832756968,0.05309398336136104,0.033724174040618254,0.03372417413148913,0.043301622100048245,0.04330162311753151,0.04812409410011079,0.04812409451267072,8.051629807891363e-08,8.073151157894421e-08,0.039090647868720546,0.03909064801850496,0.06286693417085125,0.06286693423894939,3.5079281613219835e-09,3.6282964673639915e-09,5.026061939196757e-08,5.056039055566001e-08,0.024295304486336055,0.024295304560255956,1.3036167371553952e-09,1.3938254704166523e-09,0.03507672089148738,0.03507672191853578
2021-11-12,1.6630707265068344e-08,4.989212179520503e-12,1.690022704525628e-08,1.7099284580357453e-08,0.1392645854714237,0.1392645855875717,0.1287542595100867,0.12875425953490022,0.08230121004206548,0.08230120172671176,0.12047617896946279,0.12047617900154564,0.030722442596228982,0.0307224431919284,0.020476333603655233,0.02047633375798762,0.003914588266389588,0.003914588488531265,0.0,0.0,0.02483521137668523,0.024835211731196363,0.027391142011693966,0.027391142183360688,3.837454816179275e-09,4.0208717397816176e-09,3.122107290564732e-09,3.254339069161454e-09,0.0,1.1482583758604437e-10,3.3546909740013676e-09,3.5128311542819188e-09,0.01762426401713502,0.01762426413067675,0.0195218010603394,0.019521801193831706,0.04239965334804558,0.042399655139406175,0.05330691513500235,0.053306915231269326,0.03562683726290346,0.03562683737749528,0.04274318754295918,0.042743188541794784,0.04779028433672997,0.04779028475498547,7.887558733012913e-08,7.909270080981725e-08,0.03847406425877012,0.03847406441255486,0.06509590437962981,0.06509590445916238,3.36043072607818e-09,3.4921850046879508e-09,4.598157131330943e-08,4.628523073589973e-08,0.02431714003358026,0.024317140120557388,1.122436997371215e-09,1.218574387926628e-09,0.0349638402227068,0.034963841343688844
2021-11-19,1.651939775522716e-08,4.955819326568147e-12,1.6753364630397913e-08,1.695217732913233e-08,0.13933608403056688,0.13933608416110685,0.12928608992305068,0.12928608995803365,0.0823093774875325,0.08230936922783365,0.12051599036695196,0.12051599041144502,0.030364482311703134,0.03036448287646394,0.020413545788287427,0.020413545943635182,0.003966927806492882,0.003966928029085185,0.0,0.0,0.024457004318656807,0.024457004658963697,0.027133101240237486,0.02713310140858161,3.5138760944192182e-09,3.6870985079314653e-09,3.0036998134326052e-09,3.1310135398510413e-09,0.0,0.0,3.171044453133032e-09,3.3226043711544636e-09,0.01701863338817164,0.017018633500820866,0.02004712525243123,0.02004712539050008,0.04275581099130463,0.04275581291833523,0.05317495205386823,0.05317495215496592,0.03543950666875297,0.035439506786374274,0.04336374566477782,0.04336374679567314,0.04808676169459378,0.04808676213913453,7.884464924439902e-08,7.906148346264449e-08,0.0383392989272903,0.03833929908290689,0.06532844881168523,0.06532844889718764,3.113888517321084e-09,3.2373258969551126e-09,4.3634673576384286e-08,4.3940049648815837e-08,0.024733895859349767,0.024733895948460677,1.004028578397587e-09,1.0937446528401584e-09,0.033929064375069685,0.03392906528499456
2021-11-26,1.828869165041277e-08,5.486607495123831e-12,1.6791642422051097e-08,1.699923108403408e-08,0.13963474414617574,0.13963474428494457,0.12946451893145977,0.12946451896176936,0.08249739869409367,0.08249738954974788,0.12067357954412535,0.12067357959048927,0.030785453158636452,0.030785453773337627,0.020875627010174314,0.02087562717577644,0.004077296475405262,0.0040772967034499305,0.0,0.0,0.02518517480491501,0.02518517518648843,0.027832850866703066,0.027832851054163252,3.5409461383253485e-09,3.7221992532768685e-09,2.9278375537458445e-09,3.058486196796656e-09,0.0,0.0,3.11451477919026e-09,3.2709012392646014e-09,0.017391775308045067,0.017391775429570096,0.019705493974665533,0.019705494117215682,0.04320098886923876,0.04320099107680735,0.05221325779539028,0.05221325789959279,0.03421071863683549,0.03421071875129471,0.04375665560975649,0.04375665694513549,0.04844226909706442,0.04844226959385065,7.79619293798098e-08,7.819095144243638e-08,0.037549426556215924,0.03754942670917818,0.06322481045573342,0.06322481054453025,3.1915839589958736e-09,3.3217966331833388e-09,4.556858557381956e-08,4.5887043055196766e-08,0.024696171508696792,0.024696171601444553,9.697634697386108e-10,1.0613046641027403e-09,0.034581634489865905,0.03458163553929997
2021-12-03,1.3816204322059749e-08,4.144861296617924e-12,1.7053980423938305e-08,1.7238079959496768e-08,0.14147578392210045,0.14147578403247899,0.1313133287709953,0.13131332878956228,0.0836840888006265,0.08368408189252428,0.12232696784923897,0.12232696788665212,0.030919596614832866,0.030919597122278403,0.021137975519388667,0.021137975653377182,0.004153118563089041,0.004153118758611587,0.0,0.0,0.02542198327225739,0.0254219835927642,0.027956796399317977,0.027956796551788968,3.4072916059629165e-09,3.5621271039202065e-09,2.8389637432756253e-09,2.9491239024692444e-09,0.0,0.0,2.9405264189493886e-09,3.0710762748954135e-09,0.01771731958290401,0.017717319676201097,0.020349133359620856,0.020349133472842704,0.04307426682226612,0.04307426849934717,0.05068330200484628,0.050683302086177336,0.03246807754554237,0.03246807763175923,0.04292818839968374,0.04292818931745974,0.0471760790653423,0.047176079455855904,7.602889496550063e-08,7.623153791356474e-08,0.0368209162752193,0.036820916403352985,0.0634278683570468,0.0634278684230765,2.98836805216417e-09,3.0976084919969576e-09,4.342201117433006e-08,4.370384225876972e-08,0.02498223390706743,0.024982233975726697,9.273637536741163e-10,9.99688638087093e-10,0.03198282536121372,0.03198282592507818
2021-12-10,4.1694432155429574e-08,1.2508329646628872e-11,1.6549810174909873e-08,1.681544762580615e-08,0.13986291407670745,0.13986291428344372,0.1296706678962632,0.12967066793007395,0.08280549474650421,0.08280547389928833,0.12096216182892769,0.12096216190882687,0.03195329744701669,0.03195329859176376,0.02112200945654817,0.021122009716229198,0.004098478000060169,0.004098478304987314,0.0,0.0,0.02511598028774859,0.02511598085125104,0.028260876021998355,0.028260876330495073,3.1454544019118914e-09,3.375651281434501e-09,2.6949095047497195e-09,2.865400114830167e-09,0.0,0.0,2.7225126461537768e-09,2.918625133896055e-09,0.01847462104195135,0.018474621242711122,0.02013014385240191,0.020130144077643738,0.04532008472304824,0.04532009491628442,0.05079558047736087,0.050795580641582634,0.03191531533439311,0.031915315505131304,0.0432817403862962,0.04328174257208178,0.048099782726578375,0.04809978366217137,7.624253542852081e-08,7.655653389461762e-08,0.037038550840560104,0.03703855108937991,0.06270177003790947,0.06270177017920965,2.8281660495119164e-09,2.991343558212302e-09,4.239390934580062e-08,4.283275293532188e-08,0.025055387926330344,0.025055388082581263,8.175085140691746e-10,9.408601412673662e-10,0.033334995496589276,0.03333499691824909
2021-12-17,2.5179376592011322e-08,7.553812977603396e-12,1.6452586330247865e-08,1.66832153222232e-08,0.14043281854031883,0.14043281869183996,0.1301332765709786,0.13013327656987686,0.08304462938767537,0.08304461679908871,0.12127857503007358,0.121278575074041,0.031698377538440445,0.03169837834116135,0.021321320925108637,0.021321321121186197,0.004132078988956162,0.004132079245491778,0.0,0.0,0.025357013841346407,0.02535701427777111,0.028193886203752683,0.028193886433411232,2.8854591645765133e-09,3.0696097278143464e-09,2.568726248317814e-09,2.705926323928533e-09,0.0,0.0,2.5516389409039834e-09,2.7081426190779048e-09,0.01851387917518252,0.01851387932332707,0.020005045419578326,0.020005045585501837,0.04446487314219505,0.04446487741567338,0.049270688726550126,0.04927068884824818,0.03211923320107147,0.0321192333276714,0.043400593346440516,0.04340059516517111,0.04871369151463956,0.04871369246442251,7.686419575944693e-08,7.713537575322939e-08,0.03714928222189031,0.037149282426496684,0.06299319625730129,0.06299319636060453,2.67099205973656e-09,2.800901694145777e-09,4.31786904969088e-08,4.355066708365408e-08,0.025680243119490943,0.025680243233223633,7.759927992633984e-10,8.723525894102441e-10,0.03209714890072733,0.03209714976960012
2021-12-24,5.7502958029507255e-08,1.7250887408852174e-11,1.629422535344114e-08,1.66037669504234e-08,0.1408009379905022,0.1408009382424503,0.1307209698052484,0.1307209698614566,0.08317486489050327,0.08317483613902422,0.1214459713771019,0.12144597146593948,0.031195280731405862,0.0311952821646325,0.021223879687618918,0.02122388004474602,0.004097007405452007,0.004097007777024584,0.0,0.0,0.02456305315882153,0.024563053881576626,0.02823153049706061,0.028231530934216157,2.524350783595359e-09,2.7847715639214553e-09,2.3286913575266034e-09,2.5310494967988968e-09,0.0,0.0,2.24547914101904e-09,2.4712108529517444e-09,0.018097220506710143,0.018097220779671505,0.01943667359496202,0.019436673896511426,0.04483849757666055,0.04483851030383977,0.04907421330046016,0.04907421352551655,0.032922961346591374,0.03292296159031128,0.042959129846617365,0.0429591340360969,0.048317920078146476,0.048317922384346006,7.588255002756491e-08,7.627745058035715e-08,0.03705776686119718,0.03705776728292638,0.06381197347169926,0.06381197367101861,2.56585952627401e-09,2.7633132219636452e-09,4.271620931244364e-08,4.325160754439844e-08,0.026383758046684077,0.026383758275882924,6.124292959389145e-10,7.723608432681313e-10,0.03164624465676202,0.03164624628728115
2021-12-31,6.815758102254698e-08,2.0447274306764093e-11,1.5796729514999313e-08,1.6132181639917123e-08,0.14098324232488235,0.14098324262296105,0.13073908428746076,0.13073908436458054,0.08305652177977198,0.08305648770098155,0.12115580069867471,0.1211558008024912,0.030960142636298867,0.03096014428174806,0.02110856813331872,0.021108568548294057,0.004089208224719312,0.0040892086379328224,0.0,0.0,0.024120358302257772,0.024120359106073592,0.027821655888571304,0.02782165638029634,2.2617275084244675e-09,2.5427075848029024e-09,2.1379740613682975e-09,2.359138616834674e-09,0.0,0.0,1.996106933347043e-09,2.2392593187498628e-09,0.018186511731065568,0.018186512053085316,0.02036035550219904,0.020360355865137434,0.044166316112486205,0.04416632869386328,0.048734541130096655,0.04873454139448227,0.03237891477430885,0.03237891505670684,0.04369881039115485,0.04369881710667992,0.04915457139439889,0.04915457490029303,7.490608411359905e-08,7.534363618417551e-08,0.0374985765381797,0.03749857704249551,0.06326677634731724,0.06326677658207132,2.3543871642665016e-09,2.5691326062082906e-09,4.227548139374193e-08,4.2865986958393206e-08,0.026205011215571297,0.026205011488625595,4.0606082440106824e-10,5.759420030824261e-10,0.032314890452714344,0.03231489274321544
2022-01-07,7.992419216981466e-08,2.3977257650944397e-11,1.5608150487822995e-08,1.5965087359911584e-08,0.14183604379348327,0.14183604414494388,0.13164245249345097,0.1316424525962498,0.08370386627087197,0.0837038263087759,0.12210972384468603,0.12210972396654395,0.03050600099357119,0.030506002829262264,0.020996275087054022,0.020996275565774977,0.004069034805416967,0.004069035254407403,0.0,0.0,0.022900279505047156,0.02290028032645368,0.028624398728802493,0.02862439934679208,1.8442456099610406e-09,2.1297510373478117e-09,1.8725456113605614e-09,2.103074852953029e-09,0.0,0.0,1.6820448950339972e-09,1.9333607959655075e-09,0.01774206679404197,0.017742067160332393,0.019032159300178025,0.019032159706131407,0.04397390864744405,0.04397392435163368,0.04847502486410984,0.04847502516632783,0.032205006230741164,0.03220500655856994,0.04212607902412641,0.04212608523191908,0.04831326432553237,0.04831326864091476,7.372218602873677e-08,7.420255104786916e-08,0.0381268485282802,0.03812684916864554,0.06387053799024747,0.06387053826140694,2.1372946146185913e-09,2.3620117067752924e-09,4.28673508369959e-08,4.350183196183123e-08,0.026226226724172193,0.026226227042185534,2.2797115440918551e-10,4.0774356227241566e-10,0.033520662086953035,0.033520665767316715
2022-01-14,1.1538840775588042e-07,3.4616522326764125e-11,1.500792404552679e-08,1.5434398004657803e-08,0.14157033351863943,0.1415703339740538,0.13124870979971587,0.13124870993706958,0.0833582797000537,0.08335822200584968,0.12159596755466016,0.12159596771632775,0.03005805483764846,0.03005805740566574,0.020583252394481267,0.02058325305057442,0.00395380496742801,0.003953805544221799,0.0,0.0,0.022462002831531897,0.02246200395722902,0.02891028740805173,0.02891028828963118,1.413355632795993e-09,1.7557622517570913e-09,1.5473560632515187e-09,1.830155657280134e-09,0.0,0.0,1.3334363840174319e-09,1.6412580974270501e-09,0.017643070467468245,0.017643070969287005,0.018074596091060758,0.018074596643020763,0.04171602038169201,0.04171603211561184,0.05127007698066267,0.051270077413688935,0.03237131297312332,0.03237131343116254,0.04217001575653843,0.04217002762112378,0.04829081300240802,0.048290820768239325,7.329899438608744e-08,7.389622526269127e-08,0.03842823898868316,0.03842823998624526,0.0642736659094175,0.06427366628649124,1.9106231392310435e-09,2.197716537408192e-09,4.3362578253749194e-08,4.414592581252379e-08,0.026314722614077725,0.026314723061715513,0.0,2.316654768914677e-10,0.03570663594838984,0.03570664868968353
2022-01-21,8.874751055275269e-08,2.6624253165825806e-11,1.4932768213045145e-08,1.5312010183528572e-08,0.14224802568514416,0.14224802611270787,0.1320267463872838,0.13202674652029295,0.0835520540899657,0.08355200971621059,0.12168042524855747,0.12168042540017862,0.030416267675481015,0.030416270057724768,0.020454274790645502,0.02045427534947166,0.003880989554215946,0.0038809900616602355,0.0,0.0,0.02236037535545897,0.02236037631733548,0.02884578556539218,0.028845786309905676,1.1631966139048497e-09,1.4431607673246703e-09,1.3892256528796738e-09,1.62544892368141e-09,0.0,0.0,1.0978390896924936e-09,1.3479518073145355e-09,0.017729493148043823,0.017729493578029512,0.017691332575269364,0.01769133304013137,0.04232294153425877,0.042322954745245896,0.0522763953608394,0.052276395753485076,0.03356835557654224,0.033568355981781865,0.04032021283389674,0.0403202184178164,0.04652147605099901,0.04652147990754275,7.105644853236216e-08,7.159072560514918e-08,0.037517336720357376,0.03751733753151058,0.06465744315149165,0.06465744348350479,1.7223105656196372e-09,1.9653627151919643e-09,4.5208690451179106e-08,4.589409132850001e-08,0.02641253499387292,0.026412535381307844,0.0,0.0,0.035517397131804844,0.035517407155405065
2022-01-28,7.262122582697946e-08,2.1786367748093838e-11,1.4660965358932782e-08,1.5011581539582782e-08,0.1456532146082415,0.1456532150168547,0.13506967221870952,0.13506967234064093,0.08558199138428225,0.08558195507366934,0.12459333337342283,0.12459333350485219,0.02987564444510312,0.02987564654768372,0.019597462643577947,0.019597463156782877,0.0036869129264483166,0.003686913412027866,0.0,0.0,0.02164895568805257,0.021648956539043345,0.028421863865407914,0.02842186458505189,8.853972293981619e-10,1.129188794147903e-09,1.0693677367522834e-09,1.2848478446799173e-09,0.0,0.0,8.457016512595287e-10,1.06476624494402e-09,0.017282503750159516,0.01728250414205937,0.017113071394859278,0.01711307181413418,0.04165568229876562,0.041655693485036956,0.050729705017509286,0.0507297053743718,0.03304621119830702,0.033046211571967125,0.037689659805198665,0.03768966298926382,0.044595749939338986,0.0445957531012386,6.798788673830216e-08,6.850632733544438e-08,0.03625558006476498,0.036255580840259184,0.06493390852001713,0.06493390882777635,1.5111231179945787e-09,1.7275174836862057e-09,4.6378319447849314e-08,4.700565295587983e-08,0.027849891744682574,0.027849892086692557,0.0,0.0,0.03471885177438976,0.03471885986071108
2022-02-11,4.007777634229548e-07,1.2023332902688643e-10,1.4212941246825908e-08,1.491404684074606e-08,0.1430492821391972,0.1430492830134606,0.13238454112458578,0.1323845414393115,0.08386411600720724,0.08386391561832553,0.12197789466672153,0.12197789505507205,0.029275244718033448,0.029275250521262668,0.019811862485041267,0.01981186391698616,0.0037249895615574648,0.0037249906188874544,0.0,0.0,0.02061748060704521,0.020617482732921175,0.029474082357180083,0.02947408472414523,3.801770117311927e-10,8.394369136530423e-10,6.410265722559787e-10,1.0507890328863686e-09,0.0,0.0,3.8491377200349954e-10,7.93483874662028e-10,0.017267385811527734,0.017267386851384875,0.016856002964062703,0.016856004069825153,0.041673941673567964,0.04167398673916476,0.05237668658002415,0.05237668769569262,0.032515064998871496,0.032515065975311154,0.039800097478767046,0.039800124937275444,0.047087193486240256,0.04708724288902399,6.869143168496323e-08,6.964304153725413e-08,0.03688579148275565,0.036885793703252207,0.06457230957842858,0.06457231040658055,1.1122639446965748e-09,1.5438023499070916e-09,4.566445370418657e-08,4.6904064630620445e-08,0.03109013562703315,0.0310901370656767,0.0,0.0,0.035695765564944075,0.03569581633777498
2022-02-18,8.84778058422042e-07,2.654334175266126e-10,1.2713057614437827e-08,1.36487005203147e-08,0.143269000708892,0.143269002353413,0.13264636035528515,0.13264636093604867,0.08428677170304842,0.08428632931401922,0.12273371273919936,0.12273371341393324,0.029368904911482006,0.02936891552955168,0.019737441540213136,0.01973744394222032,0.0037609539333489476,0.0037609556227770936,0.0,0.0,0.020767442262635938,0.020767446012799496,0.029168020854926355,0.029168024657022392,0.0,3.8867559239678167e-10,1.299950140721586e-10,6.39231410298655e-10,0.0,0.0,0.0,3.924645933969234e-10,0.016522716051429263,0.01652271772153849,0.01695385650445687,0.016953858344955632,0.042063351353930106,0.04206346554764117,0.05206339842811242,0.052063400199396676,0.03252086698762986,0.032520868599227794,0.03859465364614408,0.03859469213225682,0.04581274385048988,0.045812821733904045,6.580412479536732e-08,6.763634567871503e-08,0.03629270149669005,0.03629270516290751,0.06602815069704801,0.06602815209556204,5.619880021700378e-10,1.0957622239821675e-09,4.052000023952995e-08,4.2804169105093464e-08,0.03095044588372901,0.030950448401890547,0.0,0.0,0.036458386362143526,0.036458551673585124
2022-02-25,4.209899119635511e-07,1.2629697358906532e-10,1.2182481398340403e-08,1.2839675803091593e-08,0.1444588229610799,0.14445882411100291,0.13385746880354243,0.13385746937948334,0.08504144335578463,0.08504123286082875,0.12403088017224768,0.12403088054494102,0.029093592033536397,0.02909359871249572,0.019930391574868648,0.01993039314410413,0.0038359402242343554,0.0038359412812186975,0.0,0.0,0.02059153262096291,0.020591535020656256,0.029591745330412964,0.029591747873234042,0.0,0.0,0.0,1.3416845074117754e-10,0.0,0.0,0.0,0.0,0.016123938382357993,0.016123939417919207,0.01779835682498585,0.01779835801806693,0.04081935740111272,0.04081939882360882,0.04898247591087356,0.04898247695816703,0.03456587564854471,0.03456587674325767,0.035583344671246395,0.03558335612350281,0.04282745550732202,0.042827475122504864,6.297657284903085e-08,6.399706087625363e-08,0.03330674292606369,0.033306745018115,0.06898247165348081,0.06898247258148058,2.731746350512168e-10,5.793164054821594e-10,4.147744737195912e-08,4.2809084969814056e-08,0.03381414465261398,0.03381414657362568,0.0,0.0,0.03676390243505202,0.03676401133248017
2022-03-04,0.00037116652062937363,1.1134995618881207e-07,1.2228348179851821e-08,1.2293609850333676e-08,0.1434446837144703,0.14344468428963358,0.13267794245156686,0.1326779424455439,0.08416177734327822,0.08397619543660018,0.12336855122717735,0.12336855116685455,0.0290193078166672,0.029019311187194367,0.020092781393361236,0.0200927824160314,0.003842326730160711,0.0038423273283842664,0.0,0.0,0.02055479000589112,0.02055479148761071,0.03030592983780958,0.03030593153865311,2.0751065942197204e-10,0.0,2.6615220434411754e-10,0.0,1.830132513051875e-10,0.0,2.396134238272109e-10,0.0,0.01609255368564555,0.01609255433619291,0.017552655459701774,0.017552656214016374,0.04080311043118632,0.040803125661323464,0.047456028978635774,0.04745602964732234,0.03427195298071705,0.034271953690880916,0.037784518483809496,0.03778452953928566,0.04511618305701732,0.04511620808588258,6.347549955329747e-08,6.345945913953355e-08,0.03265802706344874,0.03265802844454168,0.06811649148945048,0.06811649202413562,4.676618932366934e-10,2.771548050096289e-10,4.4139881682624926e-08,4.423938090875701e-08,0.032201517209879245,0.03220151836266204,1.8445399622620722e-10,0.0,0.04047874924799112,0.04066426642764564
2022-03-11,2.7012597798893642e-08,8.103779339668091e-12,1.1705456388417494e-08,1.1734893234698114e-08,0.14553289484192364,0.1455328948735914,0.13458397768880775,0.1345839777014496,0.08528063025639501,0.08528061675009624,0.12510052885871817,0.12510052886607767,0.027727198836337636,0.027727198946410347,0.019001814148362255,0.019001814189464276,0.003683192431992885,0.003683192466367069,0.0,0.0,0.019626310955100264,0.019626311011645643,0.029438939911677498,0.029438939975634022,1.7160160430982247e-10,2.0848580416608376e-10,2.1629212294023253e-10,2.5325891231690706e-10,1.4450763196878174e-10,1.8010574643821103e-10,1.9486532318191122e-10,2.315191833338818e-10,0.014894982412363613,0.014894982441771972,0.016586581228598518,0.016586581261225742,0.03937047056288752,0.039370470885155426,0.0444598778189326,0.04445987784479922,0.03469442330342303,0.03469442333274595,0.03692188883240072,0.03692188915123561,0.04456052849633032,0.04456052910337038,6.220731232236724e-08,6.224871307903182e-08,0.03231598261633399,0.032315982673897334,0.07092514406599884,0.07092514409043651,4.2520336953517414e-10,4.795544177998314e-10,4.403481278321274e-08,4.408560052564058e-08,0.03440255443704204,0.03440255448772343,1.4587297158717382e-10,1.8150100526804744e-10,0.040891959050449234,0.04089197034327057
2022-03-18,0.0016395836317206315,4.918750895161895e-07,1.1502489583458413e-08,1.1675436124238455e-08,0.14543577282642375,0.14543577303260916,0.13475962921929355,0.13475962927835772,0.08585669127134148,0.08503689947834094,0.12496985334187326,0.12496985333372235,0.027341750721583246,0.027341751416980573,0.01855468867209771,0.018554688933476216,0.003609091132670237,0.0036090912814693045,0.0,0.0,0.020193099331688277,0.020193099704726835,0.028491852412398214,0.028491852848658628,1.640168537410449e-10,1.7106972738105935e-10,2.1868177180455462e-10,2.1477098713715684e-10,1.3737391975552266e-10,1.438360412318591e-10,1.9867054548266466e-10,1.9266500486671677e-10,0.01532089354173642,0.015320893704145891,0.016564804080052214,0.016564804260503038,0.03811820500741551,0.0381182065788392,0.04544772334840448,0.04544772356503654,0.034555854793706375,0.03455585495678881,0.03781040345249564,0.03781040565254449,0.0458134708795966,0.04581347831321039,6.262432313902317e-08,6.274074400418681e-08,0.034144960205028156,0.03414496058837,0.06928240496111689,0.06928240507561256,4.2790179379002416e-10,4.2310932159693185e-10,4.141393213412645e-08,4.160259402128472e-08,0.034834873490297596,0.03483487376534696,1.215481138030888e-10,1.3442394522476222e-10,0.03889386050184257,0.039713636932611374
2022-03-25,0.0033555256268132582,1.0066576880439774e-06,1.1041911660198222e-08,1.1206143865452209e-08,0.14388752971589439,0.1438875298708305,0.13325059392758298,0.13325059399080347,0.08656422302819532,0.08488646023428956,0.12359055861110062,0.12359055859159962,0.027127142776249853,0.02712714328778721,0.018584836387806204,0.018584836603030182,0.003603302774603771,0.003603302917838298,0.0,0.0,0.01992868099417018,0.01992868128715358,0.02959018739057856,0.029590187787755125,1.2694515134231302e-10,1.5572458672574964e-10,1.9050594289745498e-10,2.089262162606901e-10,1.0079271086851084e-10,1.3271161647376374e-10,1.7876357958156214e-10,1.9521232122970144e-10,0.014876030479321416,0.014876030619278195,0.016344503866267235,0.016344504015108462,0.037565250421937,0.03756525128572922,0.046741093507096196,0.04674109370279293,0.034339308561271924,0.034339308697890696,0.039020239217470075,0.03902024125339892,0.046457863669096995,0.046457869334982166,6.42749820715213e-08,6.444741603493611e-08,0.03306782048500893,0.03306782077048801,0.06910292887900119,0.0691029289702499,4.413433993839662e-10,4.4571528084032017e-10,4.28383537722164e-08,4.307145574699368e-08,0.0361903180158221,0.03619031831109503,0.0,1.3359433236961058e-10,0.0401674680979269,0.04184521847099878
2022-04-01,0.002743424474411691,8.230273423235072e-07,1.094031978822147e-08,1.1147100805778137e-08,0.14357497821234824,0.1435749784093616,0.13325592837341962,0.13325592846104553,0.08786858293300623,0.08649687072788285,0.1234589510224606,0.12345895099213595,0.026906446812218574,0.026906447471355555,0.018516944203356794,0.018516944483920494,0.0035437468198507606,0.0035437469981703016,0.0,0.0,0.019548413640971974,0.01954841401269351,0.030685301768458788,0.030685302351884658,0.0,1.2083644778578158e-10,1.7457303298799335e-10,1.8522275757696976e-10,0.0,9.684199952988019e-11,1.6183552668532368e-10,1.716910878371081e-10,0.01502566068956681,0.015025660872566798,0.015951152516567025,0.015951152706121553,0.03713671506451487,0.03713671611176629,0.04637948273163414,0.046379482983461284,0.033505763914368006,0.03350576408124642,0.04070030630086819,0.040700312130789486,0.04750602368959068,0.047506048185725964,6.288583523124583e-08,6.308755085833714e-08,0.03444215907804847,0.03444215949828306,0.0681599510348144,0.06815995114109472,4.338158416009839e-10,4.320580221421696e-10,4.187415871160643e-08,4.215487428174489e-08,0.0340565114239467,0.03405651173057187,0.0,0.0,0.03977686329945099,0.041148539253745856
2022-04-08,0.0006729053229035176,2.0187159687105526e-07,1.0747164149601409e-08,1.1013991343879313e-08,0.14503181351804897,0.14503181384925712,0.13457971526893264,0.13457971544785807,0.08894162910075915,0.08860517719464969,0.12433856187915597,0.12433856186377411,0.02700657667227511,0.02700657765655308,0.018305106160136975,0.01830510658170532,0.0034882410420825133,0.0034882413124100566,0.0,0.0,0.019085402541580726,0.01908540308184816,0.031222943576734257,0.031222944518848276,1.3572924581091545e-10,0.0,2.7819309778552713e-10,1.6931039046114354e-10,1.2991794613723722e-10,0.0,2.6711301874544575e-10,1.549147865496972e-10,0.015033355470304188,0.015033355746911111,0.015475751482345066,0.015475751764825829,0.03709192678411507,0.03709192828015213,0.046488092065918134,0.04648809244943485,0.033364731663060095,0.033364731916823064,0.03932141395885499,0.03932141832987041,0.04662325230861199,0.04662326564644295,6.099042429364244e-08,6.094978453922157e-08,0.03265464387475169,0.03265464444606466,0.06880414652186141,0.0688041466950675,5.268829254629745e-10,4.319176667844779e-10,4.1565491482627306e-08,4.1666253217968803e-08,0.03254213533118072,0.03254213576325239,1.1762722270212763e-10,0.0,0.040600446020746896,0.04093687306807937
2022-04-15,0.005056039608030102,1.5168118824090304e-06,1.0512510047710672e-08,1.0656222975473651e-08,0.14457654365607445,0.14457654381090967,0.13425200993742695,0.13425201000626727,0.09124813900758735,0.08872011923921741,0.12378839732882797,0.12378839729318286,0.02673897042967587,0.026738970936225463,0.017960708317841897,0.017960708517479905,0.0033240258509952656,0.0033240259790415705,0.0,0.0,0.018181352000129034,0.018181352244899758,0.03153554821373323,0.03153554872868609,0.0,1.295030461047474e-10,2.228447267249804e-10,2.6316401514170095e-10,0.0,1.204553823892156e-10,2.1183447598950774e-10,2.50117225376499e-10,0.015293079938576197,0.015293080073653488,0.01436761397782325,0.014367614104876,0.03840165454662013,0.03840165580619199,0.045565959958087855,0.04556596012359749,0.03495564478124746,0.0349556449018826,0.038496070229096145,0.03849607312663448,0.046232418467423694,0.04623243389377094,6.019231759420231e-08,6.034125921977119e-08,0.03263098774392462,0.03263098802588572,0.07004877724569736,0.07004877731944051,4.957094480800637e-10,5.318573017647427e-10,4.1139917583760264e-08,4.1345557111232346e-08,0.033204764612801245,0.03320476481721452,0.0,1.2861742920867267e-10,0.039197220981276065,0.04172521728418846
2022-04-22,0.0005872287269468248,1.761686180840474e-07,1.0238570942531298e-08,1.0470184135910036e-08,0.1448499226914859,0.14484992317063258,0.13433891951000312,0.13433891981793247,0.09191011990651712,0.0916165065227087,0.12433838639010517,0.12433838635088709,0.02564920137454007,0.0256492024353163,0.0169921067321508,0.016992107232778848,0.0031422788209216454,0.0031422791666790846,0.0,0.0,0.01711786503936829,0.017117865628175705,0.02967717780454976,0.029677178865691784,1.6827647703382883e-10,0.0,3.4361862344186446e-10,2.1808202009472646e-10,1.584586877252598e-10,0.0,3.430211307729302e-10,2.093636767830112e-10,0.014471572552722075,0.014471572899185438,0.0141136849665839,0.01411368529857972,0.03811331855160258,0.03811332074222243,0.04434137843129254,0.044341378850836805,0.03463829875416634,0.03463829908356573,0.03875098201209736,0.03875098659860191,0.04728512784048686,0.047285141977599705,6.125986896656105e-08,6.11671579434776e-08,0.03351574150356765,0.033515742286188054,0.0704457014391347,0.07044570163115854,6.246850784437628e-10,5.029889806043262e-10,4.205269828533822e-08,4.214254646816578e-08,0.03517400402016928,0.03517400458791557,1.4011063422510318e-10,0.0,0.04113409632922605,0.04142768214302019
2022-04-29,9.191605159952853e-07,2.7574815479858556e-10,9.668085342775619e-09,1.0340360164652087e-08,0.14719692389959627,0.14719692609112728,0.13655413481245796,0.13655413620327603,0.09353537420987716,0.09353491462961928,0.12647862859492154,0.1264786292166301,0.025548893354120566,0.025548897274165934,0.016242221217675865,0.01624222296449577,0.002933425848776942,0.002933427374753499,0.0,0.0,0.016766599629740433,0.016766601641060454,0.029641186603190327,0.02964119092118307,0.0,1.579403354496558e-10,0.0,3.196443448577565e-10,0.0,1.5885022733408187e-10,0.0,3.278449106542469e-10,0.013556721845389074,0.01355672309059481,0.013422656709966755,0.01342265800414568,0.03833306591534497,0.038333075942483405,0.04516629728564625,0.04516629862480002,0.03347933563736079,0.033479336783661405,0.037798186430044345,0.03779820082385069,0.046217532078969246,0.04621758809842216,5.988641401434692e-08,6.129711219606146e-08,0.032815793102295106,0.03281579561531972,0.07076698695390855,0.0707669878238057,4.0451037439795044e-10,6.204398697859784e-10,3.849348270586829e-08,4.041965254275306e-08,0.03512587682817881,0.035125879152554856,0.0,1.3921127183453192e-10,0.038420050590046516,0.038420395942994415
2022-05-06,0.0012932348703441883,3.8797046110325647e-07,9.461864015017276e-09,9.660972883890061e-09,0.14544185469046925,0.1454418549229015,0.13489666303256864,0.13489666313388649,0.09297097168485569,0.09232435433991158,0.12486462958234189,0.1248646295213081,0.02576562609565131,0.02576562665088452,0.016804996568216036,0.016804996828360952,0.0030879914165831183,0.0030879915976888698,0.0,0.0,0.01696364048281062,0.01696364077837545,0.02949402671488796,0.029494027265398837,0.0,0.0,0.0,0.0,0.0,0.0,0.0,0.0,0.013745853852240527,0.013745854015372762,0.01454946126271962,0.014549461444305568,0.03798631201030406,0.03798631300155644,0.04637479041241149,0.04637479062351769,0.03364839172485266,0.033648391871654366,0.03807777537022067,0.038077776898677,0.04638003562097045,0.046380040624389905,5.989195723765176e-08,5.994276679979954e-08,0.03333974549368298,0.03333974588798164,0.07055105674408842,0.07055105680984139,4.258701300174298e-10,3.966758212544372e-10,3.9286490440538305e-08,3.944297764647766e-08,0.03454132198481421,0.034541322290550534,0.0,0.0,0.04051474618912861,0.04116135205004308
2022-05-13,1.204691602123549e-07,3.614074806370647e-11,9.566921876388178e-09,9.66346550909681e-09,0.14815355588546375,0.14815355607330175,0.1374780465118444,0.13747804660463261,0.09464129246757645,0.0946412322329964,0.12702882156332432,0.1270288215934693,0.025879803811235846,0.02587980410826847,0.017265280558321883,0.017265280686947257,0.0032435821975343683,0.003243582293093086,0.0,0.0,0.01775702516884068,0.017757025318342036,0.029008781570459084,0.029008781853315634,0.0,0.0,0.0,0.0,0.0,0.0,0.0,0.0,0.013945753217664314,0.013945753301810115,0.015114915286275695,0.015114915378108846,0.038019522845824986,0.038019523486999066,0.044698302341225425,0.0446983024388092,0.032237179504034166,0.03223717958238136,0.03503447374995317,0.03503447432422401,0.04413867066698584,0.04413867297935358,5.864703087783436e-08,5.8730463200691946e-08,0.03240561715033643,0.03240561733764328,0.07172428364569866,0.07172428370239237,3.538905334020731e-10,4.0238709859792953e-10,3.9641716619306896e-08,3.976074782247626e-08,0.03409094039601319,0.034090940552598224,0.0,0.0,0.038134043251827406,0.03813409759424986
2022-05-20,5.007216249471086e-07,1.5021648748413257e-10,9.489042520858173e-09,9.605419668049813e-09,0.1475850976633252,0.14758509783960105,0.1366362371812555,0.13663623726134907,0.09437451015732122,0.09437425980084539,0.12625665340169787,0.12625665339736122,0.025999144807954754,0.02599914510699318,0.01749391304910941,0.017493913189397397,0.003310741323813093,0.003310741433389903,0.0,0.0,0.017867130641619308,0.017867130802839883,0.02948677554970004,0.029486775845400166,0.0,0.0,0.0,0.0,0.0,0.0,0.0,0.0,0.013887794998196774,0.013887795088324082,0.015349490842505874,0.01534949094216791,0.0369053692423992,0.03690536968048886,0.046137373795134246,0.046137373908473,0.031748189419197125,0.031748189499036246,0.03476676898033695,0.03476676947404275,0.04371406089951132,0.043714062351770555,6.01585464985748e-08,6.02447913595698e-08,0.032857616451782416,0.032857616662288154,0.06984636413397884,0.06984636417213373,3.242912710801598e-10,3.558864585907583e-10,3.947853916887089e-08,3.959677155545848e-08,0.035488009436441155,0.03548800963117227,0.0,0.0,0.0402886485743001,0.04028889411005597
2022-05-27,0.002613340737117274,7.840022211351822e-07,9.299300090666541e-09,9.46448068517159e-09,0.14715469397612901,0.14715469422928124,0.13656046808978275,0.1365604682115736,0.0952981306826743,0.09399146035521082,0.12555546541077875,0.12555546538110784,0.025827143377509444,0.025827143807819832,0.017605163278301788,0.017605163489243535,0.0033205012940313566,0.0033205014424205165,0.0,0.0,0.01732321631512676,0.01732321654561604,0.030016333854549663,0.03001633431334388,0.0,0.0,0.0,0.0,0.0,0.0,0.0,0.0,0.013981452139344949,0.0139814522691973,0.01530246796509316,0.015302468109509451,0.036876529310987595,0.036876529967195135,0.04532205349396533,0.04532205366245727,0.03174806134967218,0.03174806146285806,0.03410758280439882,0.034107583445795724,0.04373540219129208,0.043735403960450475,6.043257815422117e-08,6.057830350849285e-08,0.033453457797051785,0.033453458143796175,0.07035623536567712,0.07035623541556642,3.2932332228586193e-10,3.1789902372862444e-10,3.96563687655509e-08,3.987385575115465e-08,0.03532317406991475,0.035323174367338346,0.0,0.0,0.04113235751614795,0.04243902118567915
2022-06-02,0.0018492367202423796,5.547710160727138e-07,9.035724857764374e-09,9.202453121471027e-09,0.14495357717051904,0.14495357732188724,0.13478031101027135,0.13478031110044525,0.09508081093436883,0.09415619264341331,0.12420256605455608,0.12420256600949574,0.026126845835650198,0.026126846233631505,0.0177625545350123,0.017762554732062476,0.0033527388349556216,0.0033527389820280965,0.0,0.0,0.017933592395729673,0.01793359261688858,0.02966745613807492,0.02966745653238082,0.0,0.0,0.0,0.0,0.0,0.0,0.0,0.0,0.013859967163277344,0.013859967282927937,0.01543318574342962,0.015433185877992183,0.0379215477903682,0.03792154847232054,0.047519023011408465,0.04751902319522376,0.030848170035584828,0.030848170129598274,0.035630486961982795,0.035630487699640695,0.04490603726865705,0.04490603914633855,6.02414439896587e-08,6.03578944988556e-08,0.03402997904200198,0.034029979375484666,0.06871233224164355,0.06871233225137693,3.604875626605871e-10,3.3638207658300363e-10,3.9369308202196795e-08,3.954225984142941e-08,0.03506558589286437,0.03506558617064271,0.0,0.0,0.042213122932679314,0.04313773478723103
2022-06-10,0.007981407970733455,2.394422391220036e-06,8.926720881857446e-09,8.994509965897572e-09,0.14383796494422327,0.14383796502155807,0.13378315577955205,0.13378315581186773,0.09812824014663103,0.09413753618997064,0.12328703167934314,0.12328703165063698,0.026604139964542414,0.0266041401491287,0.018016540377415985,0.018016540463404992,0.0033912638868767273,0.0033912639342261624,0.0,0.0,0.01831647296298558,0.018316473061751812,0.029853735283406718,0.029853735456438338,0.0,0.0,0.0,0.0,0.0,0.0,0.0,0.0,0.01440913963926282,0.014409139686120412,0.01529971933699362,0.015299719389716296,0.038291595111631646,0.03829159543411085,0.04826138515236957,0.0482613852449542,0.03124915698868918,0.031249157027376566,0.035233058983915405,0.03523305929316392,0.044115480551823495,0.04411548137653758,5.936364254999966e-08,5.9426921579208426e-08,0.033347489011517864,0.033347489155647544,0.0686941343645718,0.06869413436629479,3.625164665525869e-10,3.650354104835617e-10,4.163890079434256e-08,4.172777500352762e-08,0.03522074904716322,0.03522074917618483,0.0,0.0,0.04065943649530372,0.04465013759666792
2022-06-17,1.2341354178400012e-07,3.702406253520003e-11,8.77521136788416e-09,9.12355372152408e-09,0.14559614621385367,0.14559614684813957,0.1353740682048722,0.13537406866968765,0.09933985321849753,0.09933979151172664,0.12500598596531987,0.1250059861284397,0.027403894317134216,0.02740389587001927,0.018679495712800916,0.018679496338959895,0.0035572064380406452,0.003557206951402528,0.0,0.0,0.019209417819941423,0.019209418555952217,0.02995172576118163,0.029951727081258574,0.0,0.0,0.0,0.0,0.0,0.0,0.0,0.0,0.015349786707179658,0.015349787113299923,0.01585068576471436,0.015850686194266512,0.039970823549799216,0.039970827439516125,0.04725156373616206,0.04725156428259782,0.0312577290773091,0.03125772942039256,0.03259823208154753,0.0325982337470463,0.041052970546775605,0.041052974471064936,5.608330855583774e-08,5.652489259630275e-08,0.03112081680057423,0.031120817603967073,0.06900121555725014,0.069001215768764,2.658972222131168e-10,3.522335858024222e-10,3.937790839549097e-08,4.0082823572881796e-08,0.03511667182975056,0.035116672775293206,0.0,0.0,0.037311606194969864,0.03731164714470199
2022-06-24,4.928622872073986e-08,1.4785868616221956e-11,8.530997938802425e-09,8.835126539985974e-09,0.14612747042816093,0.14612747095556938,0.1357458766798798,0.13574587708212418,0.099792187636728,0.09979216299361347,0.12532923905772303,0.12532923920381014,0.028158202517541427,0.028158204010265236,0.0188811640893157,0.018881164613721742,0.0036382875284935077,0.00363828796767841,0.0,0.0,0.020583002395038085,0.020583003086032805,0.029661152960519632,0.029661154039391017,0.0,0.0,0.0,0.0,0.0,0.0,0.0,0.0,0.015512693026397803,0.015512693364424655,0.01638870473218006,0.01638870509298874,0.040850567953371934,0.04085057233350605,0.04836439529219816,0.04836439579346219,0.030913056756807136,0.030913057036808862,0.032866962522189715,0.03286696393094195,0.04121821200664305,0.04121821541239301,5.4701797561183594e-08,5.510299665309661e-08,0.030865904516582183,0.03086590517395947,0.06930638505006118,0.06930638522035545,1.694353376355948e-10,2.5043286532883296e-10,3.7304320873062816e-08,3.7919036318231815e-08,0.032859400299455145,0.03285940087953244,0.0,0.0,0.03293703384416192,0.032937039701828194
2022-07-01,8.194695119749786e-08,2.4584085359249358e-11,8.287386247535606e-09,8.646711463237698e-09,0.14560011334543646,0.14560011395419495,0.1351280916025819,0.1351280920641936,0.09945489758480609,0.09945485661133054,0.12499811690135816,0.12499811709261019,0.028990930681846327,0.028990932959857416,0.01928493251889223,0.01928493320984937,0.0037032267285026085,0.0037032272543480274,0.0,0.0,0.020902304151420116,0.02090230506056063,0.030442628311183665,0.030442629849395986,0.0,0.0,0.0,0.0,0.0,0.0,0.0,0.0,0.015448988312808241,0.015448988741268342,0.01669485294447513,0.016694853411283052,0.043150777842885756,0.04315079353250732,0.0493393189803321,0.04933931972176398,0.029892197243267537,0.02989219758828394,0.03268326974038761,0.032683271670793226,0.041263649800537594,0.0412636552926936,5.408875660858706e-08,5.459086704825812e-08,0.02979068824797455,0.029790689027486765,0.06844710179688512,0.06844710198077666,0.0,1.633162728692216e-10,3.5283233126001846e-08,3.604287425213713e-08,0.03329783679458307,0.03329783755221428,0.0,0.0,0.03148597881045966,0.031485983980819095
2022-07-08,8.205457810119421e-08,2.461637343035826e-11,8.032763752145782e-09,8.38822823307287e-09,0.14664976114073913,0.14664976178355202,0.13637696093318522,0.13637696142373354,0.1002404180328615,0.10024037700557228,0.12607708369074488,0.12607708389800126,0.028966233104345714,0.028966235437630425,0.019441006669047915,0.019441007385332238,0.0037624480806295563,0.0037624486098658916,0.0,0.0,0.02137248856421483,0.02137248954598503,0.030399092314657285,0.03039909389849578,0.0,0.0,0.0,0.0,0.0,0.0,0.0,0.0,0.015015523552885575,0.015015523987355358,0.01730465689966812,0.0173046573905888,0.04252161291859772,0.04252162762329208,0.049360864473455404,0.04936086524541027,0.028361522245122398,0.028361522590434854,0.03405340638784933,0.03405340883214233,0.04250264498331292,0.042502652997948386,5.430960778998094e-08,5.481561415500029e-08,0.02891218035815618,0.02891218113165622,0.06643474661829689,0.06643474681427114,0.0,0.0,3.28365565639946e-08,3.3610869115940444e-08,0.03332786309937064,0.033327863894966156,0.0,0.0,0.028919390753930796,0.02891939368905422
2022-07-15,6.041658641783027e-08,1.812497592534908e-11,7.730175600932324e-09,8.04546686652302e-09,0.14771350267829833,0.14771350324296798,0.13736335384943438,0.13736335428032037,0.10095451976289084,0.10095448955459761,0.12677552258443683,0.12677552276153117,0.02841787174634937,0.028417873500555465,0.019143654188534753,0.019143654783570514,0.0037238378548155172,0.003723838320898299,0.0,0.0,0.021223435324641864,0.021223436138934328,0.03016679403978568,0.030166795322033244,0.0,0.0,0.0,0.0,0.0,0.0,0.0,0.0,0.014759270871377836,0.014759271236720557,0.017079434347883855,0.017079434762115573,0.041879843121531826,0.041879851943340284,0.04793800893511917,0.04793800951063886,0.02823245697606501,0.028232457271153207,0.033736089916039616,0.03373609187128097,0.04213596554439503,0.04213597144349945,5.374528550545916e-08,5.419811512046443e-08,0.02870328788182219,0.028703288525099405,0.06626462933251058,0.06626462950431858,0.0,0.0,2.9687294805006783e-08,3.03846999010736e-08,0.034207196104708126,0.034207196824763836,0.0,0.0,0.029581233776603308,0.0295812365733784
2022-07-22,1.1053607112738833e-07,3.31608213382165e-11,7.375232403983568e-09,7.753003563655108e-09,0.14706144634205875,0.14706144701318574,0.13678787402727563,0.13678787454528413,0.10060419323625006,0.10060413796821448,0.12609881908141046,0.1260988193203692,0.027776818356005543,0.02777682043313703,0.01918567677860427,0.019185677575128512,0.003783092013754349,0.0037830925916150183,0.0,0.0,0.020601312765383545,0.020601313775077436,0.029829778812214623,0.029829780488891674,0.0,0.0,0.0,0.0,0.0,0.0,0.0,0.0,0.014579699108158354,0.014579699590456878,0.017198083580334183,0.01719808413408119,0.04119047129010587,0.0411904795749626,0.04758170633052259,0.047581707086057044,0.02751246437618325,0.027512464761457356,0.035699639027343605,0.03569964326613604,0.04391480141282047,0.043914821532546576,5.509466291572263e-08,5.565473644696679e-08,0.030350703225019114,0.030350704357586366,0.06502092728921949,0.065020927499959,0.0,0.0,2.8885234355652487e-08,2.9767713973574855e-08,0.03283772274150387,0.032837723605423814,0.0,0.0,0.032384678850702356,0.03238468770497596
2022-07-29,1.4201463430357781e-07,4.260439029107334e-11,6.967916947188688e-09,7.363356122413909e-09,0.1463094275261191,0.1463094282371874,0.13615561401957932,0.13615561453228694,0.09984672472041561,0.09984665371309862,0.12527350476663235,0.12527350503216944,0.02754123528924861,0.027541237477395574,0.019054077851963735,0.019054078716413493,0.003800703556570679,0.003800704173828501,0.0,0.0,0.02014582369943577,0.020145824751450395,0.0300466235411428,0.030046625457513684,0.0,0.0,0.0,0.0,0.0,0.0,0.0,0.0,0.014495535879257192,0.014495536404596826,0.017308614744361992,0.017308615355365802,0.040721136500485144,0.040721144083236,0.047005305710488644,0.04700530648776596,0.028527848437010627,0.02852784887398991,0.0358938318638592,0.03589383702383595,0.04413194212472546,0.04413196823790532,5.502958150168295e-08,5.5610093390738105e-08,0.03004444337871605,0.030044444585552384,0.06633329831271845,0.06633329858507768,0.0,0.0,2.969879341091138e-08,3.064759083133275e-08,0.0338011407934688,0.03380114188344412,0.0,0.0,0.033563075587508366,0.033563092766845715
2022-08-05,2.403739703591685e-07,7.211219110775055e-11,6.514609246761754e-09,6.945514945747113e-09,0.14694795176248818,0.1469479525815131,0.13691569381393565,0.13691569442436435,0.09973225605995273,0.0997321358729677,0.12514295847044835,0.1251429587794838,0.026691842521712403,0.02669184473253783,0.01847048528980297,0.018470486254042462,0.003686495557825023,0.0036864962653458447,0.0,0.0,0.019627153379018214,0.01962715454467238,0.028956458683699903,0.028956460604275005,0.0,0.0,0.0,0.0,0.0,0.0,0.0,0.0,0.013826113727971606,0.013826114322571947,0.017112617762458787,0.017112618458983767,0.039841905510017775,0.039841912274620646,0.04585586587984837,0.04585586669455336,0.029088041019649045,0.029088041527349652,0.037705605889097986,0.037705616305430185,0.045517857967270384,0.04551792626969664,5.517490880483608e-08,5.583325069683926e-08,0.03078476563650723,0.030784767186897394,0.06736673736225617,0.06736673766841123,0.0,0.0,2.7688089866197754e-08,2.876566240505503e-08,0.033364115220769736,0.03336411647439891,0.0,0.0,0.03336498910766132,0.03336500721345577
2022-08-12,8.776082532827465e-08,2.6328247598482393e-11,6.4358245564727594e-09,6.5231374518945975e-09,0.1454291271334778,0.14542912724617438,0.13548155245089022,0.1354815525242965,0.0988514750031769,0.09885143112276407,0.12409202108737902,0.1240920211273812,0.02710735776302675,0.02710735810950897,0.019186671347234716,0.01918667149696804,0.0038346899491070495,0.0038346900469700585,0.0,0.0,0.02008153789600846,0.020081538075103638,0.029390882785368846,0.029390883072966233,0.0,0.0,0.0,0.0,0.0,0.0,0.0,0.0,0.014711759369831162,0.01471175945874889,0.017729881075403898,0.01772988117836704,0.03950146264088128,0.03950146347831028,0.04525775585825072,0.04525775596762616,0.02934383596513261,0.029343836038802817,0.03803545241222091,0.03803545452283607,0.0459158137504911,0.04591584925935565,5.5477359451416495e-08,5.556832563708887e-08,0.030974847581964914,0.030974847832334663,0.06709308151386216,0.06709308155303345,0.0,0.0,2.7349672665773453e-08,2.7469973456888733e-08,0.0344056089626234,0.03440560919482961,0.0,0.0,0.03357509619081151,0.0335750991321855
2022-08-19,2.4513369613293074e-07,7.354010883987921e-11,6.3246735497226634e-09,6.460122353459633e-09,0.14600346040569073,0.1460034605942527,0.13617789521902915,0.13617789535675745,0.09874496462476437,0.09874484205791631,0.12390287222738498,0.12390287228532632,0.026961812110577188,0.02696181263416157,0.01924725014990439,0.019247250395049296,0.003859882253061146,0.0038598824145885447,0.0,0.0,0.020392728756096365,0.020392729048212117,0.029651420074872842,0.029651420550638505,0.0,0.0,0.0,0.0,0.0,0.0,0.0,0.0,0.014653237426344893,0.014653237572874586,0.01745717434665584,0.01745717451110145,0.0388377104150444,0.03883771152332955,0.04492696739658169,0.04492696756579268,0.028328496610174763,0.02832849672748524,0.03807356918857876,0.03807357222947886,0.046616257114332184,0.0466163632017132,5.619324227221413e-08,5.634434302714759e-08,0.030626794166640225,0.030626794553597708,0.0666852916486367,0.06668529171015977,0.0,0.0,2.643048180071084e-08,2.66198212108243e-08,0.033658548340641935,0.03365854866035152,0.0,0.0,0.03519357857659001,0.03519358698292622
2022-08-26,3.5501036572113438e-06,1.065031097163403e-09,5.896510246173273e-09,6.2030698053391226e-09,0.14557174335852532,0.14557174377587725,0.13585557853319707,0.13585557875656376,0.09845214778246698,0.0984503727306385,0.12367109648912115,0.12367109651495183,0.026536609845403614,0.026536611312015564,0.018747910314270106,0.01874791100084344,0.0036763073523040685,0.003676307779459069,0.0,0.0,0.01957124124556348,0.019571242032835223,0.03041984585336689,0.030419847490922948,0.0,0.0,0.0,0.0,0.0,0.0,0.0,0.0,0.01463783849475558,0.01463783889876527,0.01654709418609776,0.016547094633611387,0.03938176464788536,0.03938176886887002,0.04540715181511048,0.04540715231559203,0.02808585333791109,0.02808585363968974,0.037235266679143744,0.03723527382514782,0.046040090379826454,0.0460404683112547,5.528880128891065e-08,5.543098291028712e-08,0.029562568041950104,0.0295625690527518,0.06718107555091511,0.06718107563144646,0.0,0.0,2.705177670818281e-08,2.7283995621832344e-08,0.03529223164646536,0.035292232778111006,0.0,0.0,0.03812649620863192,0.038127871732604
2022-09-02,1.9095419564057954e-07,5.7286258692173856e-11,5.754599581654048e-09,5.884154503444781e-09,0.14767471620067324,0.14767471639758084,0.13793392312265287,0.1379339232524668,0.09973573471494451,0.09973563923784663,0.125370122156646,0.1253701222095314,0.02641696427984977,0.02641696479558308,0.018453511560425576,0.018453511797890502,0.0035624254162692076,0.0035624255738357542,0.0,0.0,0.018861488141111556,0.018861488403600447,0.030663963082552953,0.030663963685131357,0.0,0.0,0.0,0.0,0.0,0.0,0.0,0.0,0.014517760729482488,0.01451776087389953,0.016155605428889778,0.016155605586455936,0.039686578268206006,0.039686579955338586,0.045808662295120484,0.045808662478051654,0.027352241972831814,0.02735224208734558,0.0353219620681791,0.035321963758166916,0.04427530081699085,0.04427532793036491,5.361277869599834e-08,5.3755295106657944e-08,0.029012070585622135,0.0290120709339368,0.06688182722099732,0.06688182728962766,0.0,0.0,2.7001572737420314e-08,2.7177433786197676e-08,0.03522619116552031,0.03522619156947741,0.0,0.0,0.03708886440408308,0.03708892536698475
2022-09-09,1.602509753514867e-07,4.807529260544601e-11,5.686435617314382e-09,5.809014931093008e-09,0.14737744100103914,0.14737744119935114,0.1374590894398224,0.1374590895598569,0.09954703170920615,0.09954695158371867,0.12502591310353725,0.1250259131529201,0.0263004967334378,0.02630049721643294,0.018824894935934134,0.01882489517024066,0.003617138274904146,0.0036171384240151856,0.0,0.0,0.01869127531055367,0.01869127555664618,0.03139282513906138,0.031392825818263,0.0,0.0,0.0,0.0,0.0,0.0,0.0,0.0,0.014553826702351972,0.014553826839626404,0.01716090149327313,0.01716090164938569,0.038154892053359105,0.0381548930566968,0.044469308624854084,0.04446930878387895,0.027640650094098853,0.027640650203490345,0.03592859895928861,0.03592860090007645,0.044902088725190754,0.044902143181417054,5.278151588654609e-08,5.291564766719165e-08,0.029545342242466348,0.029545342599928453,0.06775705021983006,0.06775705029410825,0.0,0.0,2.7114832881512814e-08,2.728395523280808e-08,0.0357682207808738,0.035768221196558266,0.0,0.0,0.035882928874132504,0.0358829476047708
2022-09-16,4.5845957289118764e-07,1.3753787186735627e-10,5.4437694015251034e-09,5.625881202554395e-09,0.14692369772450944,0.1469236979982612,0.13713428004621128,0.13713428020055904,0.09941147835436971,0.09941124912458302,0.12500828544388667,0.12500828551629883,0.02621693967309582,0.026216940407194675,0.018308972381242804,0.01830897273364582,0.0034621401385192515,0.003462140373422428,0.0,0.0,0.017926481036468912,0.017926481401016957,0.03143867551646046,0.0314386765596735,0.0,0.0,0.0,0.0,0.0,0.0,0.0,0.0,0.014546607139455053,0.014546607356210422,0.01686793778556804,0.01686793802771165,0.038805668540112775,0.03880567028831184,0.04448875031837048,0.04448875056766755,0.02841100897876249,0.028411009158737167,0.035528162831400686,0.0355281657584068,0.04443230577058182,0.04443239381820004,5.22804679070392e-08,5.248672222449317e-08,0.02962836176258129,0.02962836235688684,0.06690146645379391,0.06690146655880551,0.0,0.0,2.7542800535473295e-08,2.778476197590593e-08,0.037149502527642826,0.03714950348457792,0.0,0.0,0.037409192309928486,0.037409322412462954
2022-09-23,1.5195828136544406e-07,4.558748440963321e-11,5.323107511454539e-09,5.445638012164316e-09,0.14865269715340454,0.14865269737315978,0.13891835457651802,0.1389183547118842,0.10020896784567465,0.100208891866534,0.12644381044117092,0.12644381049501036,0.02548755428304654,0.02548755475229863,0.018096527304860433,0.018096527543070316,0.0034361847855358405,0.0034361849412338505,0.0,0.0,0.017379464282863112,0.017379464522218883,0.031233143803823565,0.031233144531411284,0.0,0.0,0.0,0.0,0.0,0.0,0.0,0.0,0.013641209380955508,0.013641209522219856,0.01700007157006516,0.01700007173230214,0.038000402667574554,0.038000403755212624,0.043562094123908074,0.04356209428568771,0.029103586337742873,0.029103586459292015,0.03476690178939141,0.034766903750285204,0.04333087818196933,0.043330922601967324,5.1754851201575555e-08,5.189427932766944e-08,0.029006686737627504,0.029006687135395563,0.06781633837726136,0.06781633845908808,0.0,0.0,2.7426305107274398e-08,2.7600107891209355e-08,0.038503127696769966,0.03850312859881003,0.0,0.0,0.03541191415557279,0.03541193802289297
2022-09-30,0.001433057839297794,4.2991735178933815e-07,5.071222151632864e-09,5.297533837372468e-09,0.14916393232276884,0.14916393279332008,0.13887537280417903,0.13887537297588928,0.10110490796710729,0.10038837913257626,0.1275624886906102,0.12756248860549235,0.02546404696318273,0.02546404800681538,0.017708888608529007,0.017708889125573394,0.003331596567918675,0.003331596829657368,0.0,0.0,0.01764966020225105,0.01764966074141114,0.030652458790896495,0.0306524603130501,0.0,0.0,0.0,0.0,0.0,0.0,0.0,0.0,0.013198283312281865,0.01319828357584952,0.016221533606465655,0.016221533933346122,0.03966431109618306,0.03966431494775301,0.04229545711751492,0.04229545744198693,0.0289370246479933,0.028937024876967917,0.03512955623660162,0.0351295621953352,0.04275114300537091,0.04346759648381316,5.160640393965291e-08,5.177615749811394e-08,0.028166630571133357,0.028166631448029136,0.0689071701181502,0.06890717019633671,0.0,0.0,2.710701073280854e-08,2.7433468894110117e-08,0.03952369107338087,0.039523693657319225,0.0,0.0,0.033691762512844003,0.03369181821231741
2022-10-14,0.0020769504950987616,6.230851485296285e-07,4.9621789819261136e-09,5.128234702285813e-09,0.14979477242839365,0.14979477270548924,0.13953440607851478,0.139534406213888,0.10229704958011238,0.10125857437234471,0.12775016002427933,0.1277501599844975,0.024961006120400926,0.02496100669317792,0.01784702305924212,0.017847023385666475,0.0033400907329083937,0.003340090914065957,0.0,0.0,0.017776102069467965,0.017776102409592074,0.03076316962884566,0.03076317049081281,0.0,0.0,0.0,0.0,0.0,0.0,0.0,0.0,0.01336650163909884,0.013366501814015061,0.015954524633524852,0.015954524841615334,0.03828073058413518,0.03828073188548987,0.040624021652754166,0.040624021843257314,0.029188146723814177,0.0291881468765615,0.03319595258988737,0.03319595407242054,0.04153052667516931,0.04153054483921587,5.0644733739351e-08,5.0820040202173543e-08,0.02828164537735402,0.0282816459109215,0.0696194919091162,0.06961949197175879,0.0,0.0,2.661257705413278e-08,2.6889481697237842e-08,0.03895200237722898,0.03895200359599827,0.0,0.0,0.03694259389626209,0.03798104234145461
2022-10-21,0.003811821700463739,1.1435465101391217e-06,4.716032809121996e-09,4.904753724172556e-09,0.1491961355034901,0.14919613589443612,0.13903255821267732,0.13903255840578263,0.10385141381647654,0.10194550298016994,0.1271750912870655,0.1271750912731403,0.02490235687908304,0.024902357613802963,0.01816211706744289,0.01816211748325821,0.0034255021919185917,0.00342550242451625,0.0,0.0,0.018119017086608395,0.018119017527362814,0.03050425062916821,0.030504251646046192,0.0,0.0,0.0,0.0,0.0,0.0,0.0,0.0,0.013463996186846097,0.013463996409765262,0.01661648069661373,0.016616480961842428,0.03696694497321698,0.03696694640222359,0.03996940471735935,0.0399694049484871,0.02862932284996653,0.028629323039869575,0.03409506669716974,0.03409506938332098,0.04271062966874673,0.04271098668623228,5.0896569816125947e-08,5.1106918206206805e-08,0.02980265311620857,0.02980265399713949,0.06852999220818949,0.06852999228755449,0.0,0.0,2.5956540823010763e-08,2.6346763304127277e-08,0.038113028591364936,0.03811303002899341,0.0,0.0,0.036733956051243834,0.038639498247620904
2022-10-28,0.0009338345687607795,2.8015037062823385e-07,4.511835609765294e-09,4.679632399164646e-09,0.1491561820100577,0.14915618294478425,0.13932191171113809,0.13932191213690442,0.10385112996096127,0.10338421419372808,0.1270198271877673,0.12701982704884476,0.023996375307738523,0.023996376926756106,0.01815211063999603,0.018152111666410804,0.0034340311686086237,0.00343403172909374,0.0,0.0,0.017536416126411183,0.017536417169247826,0.029734891127921922,0.02973489336125814,2.2002538209126343e-10,0.0,2.340821744257184e-10,0.0,2.1726615871938542e-10,0.0,2.5246046627685226e-10,0.0,0.01315719264296597,0.013157193178366559,0.017358154810812747,0.01735815548025827,0.03348073939915588,0.03348074135010584,0.03764034500853941,0.03764034551840517,0.029852951632678048,0.029852952111984257,0.0350458732761781,0.03504588174916846,0.04441824444184064,0.04457443125284245,5.248845749159163e-08,5.248619830609753e-08,0.031478913820475296,0.03147891662576172,0.0691962605245365,0.06919626069018035,2.611197517225119e-10,0.0,2.4260295689922915e-08,2.4725777751772953e-08,0.03862785573226104,0.03862785977775968,1.9101165731017726e-10,0.0,0.037540510833401396,0.03785121319653046
2022-11-04,0.0036706466601785803,1.101193998053574e-06,4.3481957960173055e-09,4.502364167294677e-09,0.14921910653056192,0.14921910678750508,0.13937549050833847,0.13937549059686324,0.10540276231319314,0.10356743909185333,0.12697813765113514,0.12697813755057982,0.024090473551842687,0.02409047411715348,0.018249124590942276,0.01824912493837784,0.0034808061212652395,0.003480806283408573,0.0,0.0,0.01786487747372116,0.017864877832027292,0.028863531402564785,0.028863532069063204,2.2289623704826598e-10,2.3076525485309645e-10,2.364726603599648e-10,2.4166119373916015e-10,2.0630489561257536e-10,2.1831301322033509e-10,2.6674579831837717e-10,2.638433382221208e-10,0.013228189314372972,0.013228189482961093,0.017317468794036783,0.01731746900812062,0.03417457243512457,0.03417457324573322,0.03786710167131256,0.037867101852272274,0.029832576074164216,0.029832576226662848,0.034024490630806765,0.034024492864923504,0.043422250358364355,0.04404595614033018,5.256593161764875e-08,5.272024824494676e-08,0.031226365837524497,0.031226366743155924,0.068931639449072,0.06893163948165647,2.6318442979046357e-10,2.578927293966208e-10,2.3827398726431675e-08,2.412489556511525e-08,0.03982346935257082,0.039823471731327865,1.6701080435754215e-10,1.8532866941177144e-10,0.03662748383494455,0.037839091210711856
2022-11-11,0.0044044416185159896,1.3213324855547968e-06,4.185332641466388e-09,4.3213800464182226e-09,0.14777041145686093,0.14777041168025912,0.13820692064575518,0.1382069207105514,0.10623727889501697,0.10403505819226849,0.1259009110299568,0.12590091092344735,0.02415532311126429,0.02415532370544281,0.01840170161790118,0.01840170196858965,0.0034764723899941685,0.0034764725372899504,0.0,0.0,0.017546518699921795,0.01754651904771179,0.029411790504099193,0.0294117912364712,1.8751241780715312e-10,2.092662287196982e-10,2.1124890472996493e-10,2.309785825895191e-10,1.7645983118727994e-10,2.043016819069373e-10,2.4397031105895096e-10,2.5740103900796905e-10,0.013444652518780862,0.013444652679001239,0.01647895058726446,0.01647895078256479,0.03469618292829706,0.03469618392174619,0.039160117781641295,0.039160117981793814,0.031655532426363084,0.03165553259249877,0.033285470338023586,0.033285472653412945,0.04190402114884035,0.04287281139429557,5.2244727428553327e-08,5.2473332983257566e-08,0.03235827966865544,0.032358280968094615,0.07047944092017966,0.07047944098333155,2.607308831156626e-10,2.737470131197607e-10,2.311999188303045e-08,2.3501241584446332e-08,0.04040284039485096,0.040402844169723076,1.3902522147544158e-10,1.7136247410958717e-10,0.035027102167333075,0.03626052022849405
2022-11-18,2.3118299893620125e-08,6.935489968086037e-12,3.9899726655447834e-09,4.094936186966816e-09,0.145394100280652,0.14539410037606681,0.13561243552597843,0.13561243551424518,0.10353954128489294,0.10353953155955815,0.1246350260553142,0.12463502423323224,0.024733334391312797,0.02473333463546836,0.018561305640482233,0.01856130578051202,0.003493381605889492,0.0034933818153498612,0.0,0.0,0.017581454676531612,0.01758145481706245,0.029429742192421844,0.029429742465806385,1.8275303053146173e-10,2.038894508471985e-10,2.0625853764476467e-10,2.2424549568530259e-10,1.431642473894767e-10,1.6845230920836897e-10,2.366095827719669e-10,2.462537009547541e-10,0.014061868996478353,0.014061869073984717,0.01667997354603607,0.016679973629192605,0.035492258470796345,0.03549225884909576,0.042809333154783115,0.042809333256815525,0.031289210344650716,0.031289210415829494,0.035123346810285436,0.035123347647280014,0.04316100748795018,0.043161012091089114,5.3883341627736104e-08,5.411397784059108e-08,0.034265423488036836,0.03426542404696687,0.07035255741691421,0.07035255745909484,2.5413614966176e-10,2.630515600232568e-10,2.287464632273707e-08,2.3209657383974465e-08,0.038602200136856654,0.03860220058787332,1.062756704180787e-10,1.340389046991166e-10,0.035182416616578706,0.035182419086973345
2022-11-25,2.380689039245076e-08,7.142067117735227e-12,3.884969051392738e-09,3.986144255132365e-09,0.14588322855169708,0.14588322863357006,0.13603700345506756,0.13603700345281838,0.10404298350901761,0.10404298203832239,0.12450761979415935,0.1245076093636585,0.024299583785949576,0.024299583999799066,0.018253965315886855,0.018253965442225677,0.0034211377415247473,0.003421137955923958,0.0,0.0,0.01716406904292453,0.017164069169021037,0.029665564944881786,0.029665565202912726,1.5715757008047866e-10,1.7167194945998813e-10,1.8384063300482417e-10,1.9577263555543854e-10,1.2376076188353908e-10,1.4351725021999906e-10,2.2656225430384612e-10,2.3021673098288257e-10,0.013588819072950349,0.013588819143909511,0.016333037817755584,0.01633303789302013,0.03411491620718807,0.03411491649505913,0.042093305447072724,0.04209330553212578,0.03147708794887837,0.03147708801323092,0.035348577039834315,0.035348577833473116,0.04394363342851097,0.043943638800693255,5.4921961778093456e-08,5.5160269409149864e-08,0.03483483159444264,0.03483483216050259,0.07006462610904307,0.07006462613293721,2.4749646299922023e-10,2.5099606189196424e-10,2.236117027359042e-08,2.2701140890672463e-08,0.039577679562838274,0.03957768004068267,0.0,1.0677560957614188e-10,0.03534824752345791,0.03534824974960916
2022-12-02,9.945662306235846e-08,2.9836986918707536e-11,3.791623195049775e-09,3.917413008134252e-09,0.1439654381959764,0.14396543853406935,0.134182412275888,0.13418241236457207,0.10469755879219327,0.10469755885971158,0.12351710614870269,0.12351705642039125,0.024987710735440247,0.024987711543473314,0.018283827552971196,0.018283828018350084,0.00342964730921247,0.0034296477748319587,0.0,0.0,0.017378948492255478,0.01737894896440436,0.030192747057328485,0.030192748063844085,0.0,1.5678372858552854e-10,0.0,1.8499934385141573e-10,0.0,1.2229839548205195e-10,1.1382068351433257e-10,2.2346115283557258e-10,0.013945522279588665,0.013945522603669628,0.016089062723583136,0.016089063052998873,0.03600259548605213,0.036002596882079844,0.04428895914089476,0.04428895950613923,0.03195014722319518,0.03195014750624313,0.03533250884576848,0.03533251229840769,0.04365290707217166,0.043652932702662024,5.377085898002143e-08,5.43249743053787e-08,0.034585692719154945,0.034585694815859394,0.06965746995210374,0.06965747013017458,1.4403282653613363e-10,2.495335840193438e-10,2.1574852846103413e-08,2.228960715766038e-08,0.03947026064004795,0.03947026247167695,0.0,0.0,0.034389397962282645,0.034389406017370186
2022-12-09,5.2346769658423785e-08,1.5704030897527132e-11,3.673090510385339e-09,3.78299901375132e-09,0.14454666399699462,0.1445466643220687,0.13481360087741465,0.1348136010273474,0.10504068904682426,0.10504068914423242,0.124095631957398,0.12409560578401309,0.02552798166791128,0.025527982402774506,0.018384265667079656,0.018384266058923095,0.0034497753822124917,0.003449775779401247,0.0,0.0,0.017658604527598445,0.017658604928364977,0.030526946365169467,0.03052694726211749,0.0,0.0,0.0,0.0,0.0,0.0,0.0,1.1323206041715428e-10,0.014209279525968824,0.01420927979470647,0.015736892774975243,0.01573689304540749,0.03748507779385841,0.037485079306198876,0.04518018781370577,0.04518018815664602,0.03227195550789914,0.032271955748492835,0.03386361173408669,0.033863613842149365,0.041655784512386135,0.04165579394573204,5.158957871312381e-08,5.207095669710797e-08,0.03360859364717438,0.03360859514137341,0.0691475031398885,0.06914750328991508,0.0,1.4793542942561162e-10,2.0436125139282245e-08,2.1048458098277055e-08,0.04100555221767884,0.04100555438826162,0.0,0.0,0.03179132614498091,0.031791329468292474
2022-12-16,7.926856370079609e-08,2.3780569110238825e-11,3.467311904295893e-09,3.6301145052776367e-09,0.1448131828514785,0.144813183309483,0.1351269417009268,0.13512694195712066,0.10331983104444009,0.103319831234834,0.12441699459029207,0.1244169549560103,0.02551307731184962,0.025513078260195984,0.01820091822447923,0.018200918736430243,0.0034195484496746093,0.003419548918337687,0.0,0.0,0.017605840588323336,0.017605841115933586,0.029760157765580223,0.029760158825352618,0.0,0.0,0.0,0.0,0.0,0.0,0.0,0.0,0.014020834357084126,0.01402083470655224,0.015516903228304004,0.015516903582260318,0.03856222587036999,0.038562228451601,0.0452775815813152,0.04527758204187589,0.03321067317912005,0.03321067351837174,0.034099243529079705,0.03409924651116328,0.04232580995321925,0.04232582870041511,5.221794683958806e-08,5.2711557690017845e-08,0.03435918272130029,0.03435918497856334,0.06970418994070754,0.06970419018009547,0.0,0.0,2.0979199287017746e-08,2.1643323576781157e-08,0.04058160446469655,0.04058160712728007,0.0,0.0,0.030165181983300832,0.03016518490312791
2022-12-23,6.272090277491837e-08,1.881627083247551e-11,3.2500439688738538e-09,3.4105285480970356e-09,0.14563214751756404,0.1456321479470279,0.13599084932555736,0.13599084957576688,0.10340890807414882,0.10340890823664815,0.12500141850141133,0.12500138714095996,0.024914332360448557,0.024914333160950815,0.017361207063857048,0.017361207512878098,0.0032329484267941805,0.003232948871007782,0.0,0.0,0.016994336069768846,0.016994336537156384,0.029182123234212144,0.029182124135154773,0.0,0.0,0.0,0.0,0.0,0.0,0.0,0.0,0.01355041937604012,0.01355041969366298,0.014808404864585095,0.014808405182543583,0.03829355910699508,0.038293561260731634,0.04610468208860902,0.04610468253979759,0.033316447937997304,0.033316448257138344,0.03332921798574762,0.03332922024523177,0.04148290739521524,0.04148291945248471,5.0586051216403716e-08,5.104828515504896e-08,0.0339971167586558,0.033997118708551766,0.07087723161468251,0.07087723185439772,0.0,0.0,2.0313234710171322e-08,2.09316787847611e-08,0.04136746677038292,0.04136746959769019,0.0,0.0,0.03115420137799699,0.03115420469972643
2022-12-30,6.276484877516354e-08,1.882945463254906e-11,3.1129922341104328e-09,3.269246236671985e-09,0.14602130517582373,0.1460213056425246,0.13612121111580766,0.1361212113968061,0.10455565123202144,0.10455565139820205,0.1250671385379846,0.1250671071555601,0.025065309542990723,0.025065310461240886,0.017576117868228287,0.0175761183707245,0.003266456760930632,0.0032664572254154684,0.0,0.0,0.017325344850333543,0.01732534537847026,0.02907928065648853,0.029079281660733973,0.0,0.0,0.0,0.0,0.0,0.0,0.0,0.0,0.01360672985794672,0.013606730204690972,0.015272139343046616,0.015272139695437089,0.03813385342501134,0.03813385591928853,0.04625984343702413,0.04625984394484157,0.033108947356181584,0.03310894770349008,0.03264319727902135,0.032643199520752154,0.04031183184856981,0.04031184106522183,4.869397254050972e-08,4.917380872215884e-08,0.033305835673541506,0.033305837622620654,0.07055080093070759,0.07055080117595916,0.0,0.0,2.0073757280435156e-08,2.0716737230566043e-08,0.04261849289862427,0.04261849788819825,0.0,0.0,0.030110440328993782,0.030110443410029265
2023-01-06,4.9625555548819015e-08,1.4887666664645703e-11,3.0060934423098666e-09,3.145747598186948e-09,0.14532784186830922,0.14532784228130285,0.1354412528418465,0.1354412530822635,0.10388045711683178,0.10388045725648033,0.1242811494217252,0.12428112460894737,0.025562601362193967,0.02556260221020739,0.017881966177267287,0.017881966623751532,0.0033581437171456632,0.0033581441369129154,0.0,0.0,0.017600178730307885,0.01760017919820512,0.029405658969147853,0.029405659862591336,0.0,0.0,0.0,0.0,0.0,0.0,0.0,0.0,0.0137892504789731,0.013789250785716927,0.015513438627544012,0.015513438938724358,0.03896238447226343,0.038962387157574024,0.0483072131304973,0.048307213661710195,0.03254952942272914,0.032549529722094475,0.03240671258021114,0.032406714361380505,0.0400841275659301,0.040084134182425665,4.7811579428478584e-08,4.824315494501751e-08,0.03387021694126142,0.033870218765492045,0.07076485547610184,0.0707648557017105,0.0,0.0,1.928137717585241e-08,1.9861369905821633e-08,0.04162801312354818,0.041628016170636765,0.0,0.0,0.029384937877115113,0.029384940041599774
2023-01-13,5.9403389911243015e-08,1.7821016973372903e-11,2.8480640560034703e-09,2.99208105721172e-09,0.14449937058914017,0.14449937103989802,0.1347981137284801,0.13479811397691957,0.10283781188429059,0.10283781203704653,0.12402819972246479,0.1240281700207699,0.02583840564989614,0.025838406603005955,0.017857980268900762,0.017857980758619364,0.003351596680998323,0.00335159713481156,0.0,0.0,0.017950967032374258,0.0179509675552156,0.029235917668355985,0.029235918629965937,0.0,0.0,0.0,0.0,0.0,0.0,0.0,0.0,0.014021917371979291,0.014021917712973102,0.01495756927999659,0.014957569619365191,0.039238827979174426,0.0392388309869076,0.0480305119966583,0.04803051255420323,0.03210918221232818,0.03210918254078189,0.033356582313177445,0.03335658469106809,0.04056825449747048,0.04056826317856175,4.743274096067363e-08,4.7893864867402344e-08,0.0349807465439666,0.034980749093284795,0.07091727265153096,0.07091727289915142,0.0,0.0,1.8878348360754023e-08,1.9495789522442133e-08,0.04206218499948321,0.04206218850428573,0.0,0.0,0.029358517770179962,0.02935852008142939
2023-01-20,5.092822077024823e-08,1.5278466231074466e-11,2.7520834163316895e-09,2.8849521184216674e-09,0.1435959691294939,0.14359596954086032,0.13365035045156706,0.13365035064623773,0.10199457073093121,0.10199457086907333,0.12336676261313007,0.12336673714901979,0.026577609552400412,0.02657761052450546,0.01833967472693123,0.01833967519233423,0.003434933515533832,0.00343493394560878,0.0,0.0,0.018700613011309066,0.01870061351743297,0.02942894629612475,0.029428947210084145,0.0,0.0,0.0,0.0,0.0,0.0,0.0,0.0,0.015102007516114808,0.01510200784295978,0.015498853271373549,0.015498853589748196,0.03992363548200033,0.039923638812575754,0.04840288209676243,0.04840288262681232,0.03160535900155191,0.031605359303474384,0.03273316985024854,0.03273317168435733,0.03982162262648629,0.03982162836980898,4.79131549139903e-08,4.8349936053987404e-08,0.035096812054365545,0.03509681448897655,0.07136415754705168,0.07136415778578227,0.0,0.0,1.8934724242892265e-08,1.95302114617557e-08,0.041880787135315276,0.04188079014936908,0.0,0.0,0.02948121379134541,0.029481215985879043
2023-02-03,9.327212433698501e-08,2.79816373010955e-11,2.6029167250670717e-09,2.759355689003327e-09,0.14232557442869218,0.14232557497418474,0.13263227419305804,0.13263227445428996,0.10206200738707648,0.10206200758367255,0.12215219838192003,0.12215215174585789,0.026431958854256244,0.02643196025803257,0.01858860198872051,0.018588602672838815,0.0035164027236994208,0.0035164032783113106,0.0,0.0,0.018707780020636035,0.018707780752808996,0.02940591409246416,0.029405915442458224,0.0,0.0,0.0,0.0,0.0,0.0,0.0,0.0,0.014725671208076727,0.014725671666999332,0.015788630637727903,0.015788631088900863,0.039640411506155306,0.03964041624729588,0.048287336590563244,0.04828733735229679,0.03202823452455236,0.03202823496159265,0.034452800533114454,0.034452804891134454,0.041131094654194025,0.04113111111329983,4.7927306417816684e-08,4.84759956152516e-08,0.03554293184405398,0.03554293603994706,0.0715887548497902,0.07158875519446384,0.0,0.0,1.75435230078664e-08,1.828870403692347e-08,0.04141114894550051,0.04141115272987317,0.0,0.0,0.02958020456200208,0.02958020802768583
2023-02-10,1.1350125555569511e-07,3.405037666670853e-11,2.4372376567265623e-09,2.594067591738356e-09,0.14311199291872292,0.14311199349541326,0.13335198392272193,0.13335198421386524,0.10292618639899516,0.1029261866087867,0.12276777579875556,0.12276771904812787,0.026229624141594347,0.026229625613178344,0.018656865183664998,0.01865686592066067,0.0035790353502935263,0.0035790359320084166,0.0,0.0,0.018572044658368647,0.01857204543770171,0.029345724571980623,0.029345726024163354,0.0,0.0,0.0,0.0,0.0,0.0,0.0,0.0,0.01453878942874666,0.014538789916690177,0.01593839788869907,0.015938398373207385,0.03915207565302503,0.03915208028614451,0.04784437425327606,0.04784437504423873,0.0304353431481412,0.030435343604312097,0.03510833347842172,0.035108338877223665,0.041879750273829175,0.04187977487368637,4.74625697201117e-08,4.8031720446413554e-08,0.03575559065443645,0.03575559546349628,0.07010409947282346,0.07010409983015471,0.0,0.0,1.6721769237473646e-08,1.7494235222037577e-08,0.04105460551014778,0.041054608877479803,0.0,0.0,0.029647340671779127,0.0296473444394377
2023-02-17,5.3795744897955296e-08,1.6138723469386587e-11,2.2830787272057527e-09,2.4000559752754413e-09,0.14307878907426724,0.14307878944899258,0.13337186644709395,0.13337186663463763,0.10363555557885944,0.10363555571923695,0.12272482010621016,0.12272479320833782,0.025957502765526552,0.025957503508720316,0.018462717221505363,0.018462717630232585,0.003534416708717531,0.00353441710982475,0.0,0.0,0.018134909796424896,0.018134910221925007,0.029294051896939836,0.029294052642354452,0.0,0.0,0.0,0.0,0.0,0.0,0.0,0.0,0.014251740803430033,0.014251741093583771,0.015580565261360165,0.015580565548293623,0.039596923246365705,0.03959692546466728,0.04708270192193539,0.047082702307794225,0.02991946567423902,0.029919465941393275,0.035777294354988304,0.035777297030720266,0.042421580942692466,0.042421590829466324,4.6613151596008705e-08,4.701663771948772e-08,0.036112084431225114,0.03611208666909094,0.0697420395860487,0.06974203978240004,0.0,0.0,1.5803058546762495e-08,1.635729285388989e-08,0.04115229493426293,0.041152296930029086,0.0,0.0,0.03016861454861833,0.030168616504312747
2023-02-24,4.012708259455304e-08,1.203812477836591e-11,2.202297649844596e-09,2.3026478036612013e-09,0.1435316418305957,0.14353164216637387,0.13391592599967322,0.13391592617058254,0.10402140203234209,0.10402140216383451,0.12325129995899613,0.1232512798954549,0.026135754414414385,0.026135755126821817,0.018722955695322827,0.018722956067657816,0.0035675045611707912,0.0035675049225933723,0.0,0.0,0.017824828204348615,0.0178248285831076,0.03046143955182476,0.0304614403284257,0.0,0.0,0.0,0.0,0.0,0.0,0.0,0.0,0.014632069750635558,0.014632070010436178,0.015627703622374353,0.015627703876280364,0.03971568227671363,0.0397156844993188,0.04604796399160517,0.04604796431065161,0.030127068945494693,0.03012706918566187,0.03452578236027861,0.034525784182696626,0.041378323562992404,0.04137832927809572,4.551524694765648e-08,4.588186750005294e-08,0.03596665331089787,0.035966655488572113,0.07013788527034767,0.07013788544925822,0.0,0.0,1.5621266900072807e-08,1.6121747438318628e-08,0.04129250922621517,0.04129251041531208,0.0,0.0,0.029115542094944786,0.029115543572601595
2023-03-03,2.1183035689952077e-08,6.354910706985622e-12,2.1358525857060273e-09,2.2145978736913952e-09,0.14376059208379613,0.1437605922897323,0.1340554558077909,0.1340554558872963,0.10409481652894766,0.10409481661693508,0.12348878327183621,0.12348877268031837,0.026279420752142003,0.026279421196977137,0.018829121005850148,0.018829121236912574,0.003574451585018326,0.003574451852570773,0.0,0.0,0.017568670074007416,0.01756867030302754,0.03087877728031103,0.030878777785277544,0.0,0.0,0.0,0.0,0.0,0.0,0.0,0.0,0.014500540932879414,0.014500541094831383,0.015973372721555922,0.015973372879295455,0.03988820669806206,0.03988820797351229,0.046568835603268785,0.04656883581763884,0.029858213190797595,0.029858213339387103,0.03382999982489219,0.0338300007162902,0.04074264344829741,0.040742645638013275,4.5354326916155966e-08,4.563290176648189e-08,0.03557664086725129,0.035576642009306596,0.0705647095273567,0.07056470963947252,0.0,0.0,1.5391150004856907e-08,1.577065052858173e-08,0.04026023998990315,0.04026024054560261,0.0,0.0,0.029706445924705973,0.029706446879451783
2023-03-10,2.5477092775823122e-08,7.643127832746937e-12,2.0448218746105834e-09,2.1236748489180877e-09,0.1439411867361857,0.14394118695709673,0.134404129961751,0.13440413004281349,0.10447409832469909,0.10447409842703839,0.12345667068262685,0.12345665794408034,0.025627743572636617,0.02562774402524497,0.018526927768172136,0.018526928020535374,0.0035332397930600314,0.0035332400833668768,0.0,0.0,0.01722623842360489,0.017226238673677025,0.030728960507678982,0.030728961061581198,0.0,0.0,0.0,0.0,0.0,0.0,0.0,0.0,0.01404110154953965,0.014041101728472005,0.01611460604800869,0.016114606224872735,0.038289911427257635,0.038289912454347826,0.045964074571142044,0.04596407479731027,0.029112296689957178,0.029112296854688222,0.03498295787158656,0.03498295908894221,0.041635580846123205,0.041635584097802644,4.7138537465990594e-08,4.7439393584304074e-08,0.03650702811040329,0.03650702960382193,0.0706338263499107,0.07063382649270833,0.0,0.0,1.5012233411026325e-08,1.5419984067818044e-08,0.041073558860591525,0.0410735596253068,0.0,0.0,0.029725797709471653,0.029725798813240046
2023-03-17,2.2513889405484856e-08,6.754166821645456e-12,1.9800323906575825e-09,2.0531432245291506e-09,0.1451581773148925,0.1451581775302827,0.13563495772290818,0.13563495780370965,0.10542788398397995,0.10542788409520769,0.12440219212696922,0.12440218087002458,0.0252877852482362,0.02528778567757775,0.018249572986889454,0.01824957322638198,0.0034564956564538444,0.0034564959338069393,0.0,0.0,0.016828888106511,0.01682888834085701,0.030759551822455978,0.030759552380507007,0.0,0.0,0.0,0.0,0.0,0.0,0.0,0.0,0.01386677673351838,0.013866776901126419,0.015618410431322961,0.015618410596264275,0.038028184405775864,0.03802818538345683,0.043811484629512766,0.04381148482698115,0.03074429663213566,0.03074429679388719,0.03503145832690275,0.03503145958158139,0.040570118490882275,0.040570121099318325,4.54903686589282e-08,4.5779232669785735e-08,0.035239617425885716,0.035239618638368796,0.07365583294317588,0.07365583308691198,0.0,0.0,1.4161422094304108e-08,1.4549672555432846e-08,0.04064007055344074,0.04064007125395632,0.0,0.0,0.027588182826327495,0.02758818359774364
2023-03-24,1.537824054816055e-07,4.613472164448164e-11,1.8416085868445052e-09,1.9843492721635016e-09,0.14425798377178628,0.14425798440191748,0.13469320690047965,0.1346932072041641,0.10570295491408951,0.10570295539673517,0.12363158267861496,0.12363150578741233,0.025745019692281577,0.025745021875288248,0.01857185747917811,0.018571858505324616,0.0035156479943096665,0.0035156487083788405,0.0,0.0,0.017128380952870798,0.017128381943196342,0.030701993310944958,0.030701996059117245,0.0,0.0,0.0,0.0,0.0,0.0,0.0,0.0,0.014068344635142237,0.014068345272155069,0.015835125401618747,0.015835126035276207,0.03792052473406956,0.03792053079173085,0.0449441268619077,0.044944127842561334,0.031398859174559916,0.031398859832003016,0.03576290860838987,0.0357629201347167,0.04061831861914271,0.040618347327914396,4.540853528111887e-08,4.607821628323844e-08,0.03596271869476254,0.03596272897190695,0.07454932210260413,0.0745493226556758,0.0,0.0,1.3777870163309952e-08,1.4700701264043702e-08,0.038215428267432947,0.038215430729321244,0.0,0.0,0.026775634177800184,0.026775637761937532
2023-03-31,3.571409637972918e-08,1.0714228913918753e-11,1.7479093667080611e-09,1.8258617662954615e-09,0.143591904736716,0.14359190494382096,0.13396525870134224,0.13396525880895607,0.10532190765842771,0.10532190789157815,0.12302845805678009,0.12302844019973178,0.025674832660758137,0.025674833218851285,0.018468262537636053,0.01846826284535821,0.0034765244396898136,0.0034765247625788585,0.0,0.0,0.017229860221359188,0.017229860531662866,0.030287805895198902,0.030287806483396216,0.0,0.0,0.0,0.0,0.0,0.0,0.0,0.0,0.013952535695721344,0.013952535913862382,0.015104291917226339,0.015104292129707202,0.038568178623430455,0.03856817982436558,0.045815487584001106,0.04581548782186569,0.03182875454896214,0.03182875477212094,0.03633288785499457,0.036332890225482986,0.04140080663415329,0.041400812228792674,4.553647671711854e-08,4.5883029955076024e-08,0.036356825386851574,0.03635682800767324,0.07409325235318413,0.0740932525424078,0.0,0.0,1.3726296080663753e-08,1.4175345334988761e-08,0.037858270707453456,0.037858271247778935,0.0,0.0,0.027643832775431358,0.02764383371577093
2023-04-07,4.443369794870541e-08,1.333010938461162e-11,1.666634775371307e-09,1.7445936518741669e-09,0.1424529676165782,0.1424529678286595,0.13297172058580925,0.1329717207227121,0.10470025154544453,0.10470025180777891,0.12206818594234711,0.1220681637254981,0.0257571020975871,0.02575710275284488,0.01864058892351966,0.01864058928045312,0.0035278120330644244,0.0035278123842933454,0.0,0.0,0.017384909640293357,0.01738491000034003,0.030277714687957542,0.030277715349121544,0.0,0.0,0.0,0.0,0.0,0.0,0.0,0.0,0.014336739562370027,0.01433673981394001,0.01544273404139505,0.015442734286911834,0.03809343470418947,0.03809343601074058,0.04530213519682429,0.04530213545952938,0.0330733588136614,0.03307335908155198,0.03612712020862115,0.03612712293398169,0.04154903068330085,0.041549038254583746,4.4856896202368654e-08,4.5231993896968926e-08,0.036612204803873186,0.036612208317875275,0.07487587532963473,0.07487587555169306,0.0,0.0,1.3068840746227306e-08,1.354841614180284e-08,0.03824181728769615,0.03824181791917926,0.0,0.0,0.028564236703460873,0.028564237993307966
2023-04-14,4.8894993978988415e-08,1.4668498193696524e-11,1.5800058086078347e-09,1.6640397014152902e-09,0.14260515208518862,0.1426051523061546,0.1332669876370759,0.13326698778465199,0.10430529788763292,0.10430529816822863,0.12205054486626916,0.12205052041877236,0.02558901022777067,0.025589010896676426,0.018629988885296638,0.018629989260163977,0.0035238211015724357,0.0035238214636976028,0.0,0.0,0.017215319235051516,0.017215319606602456,0.030909811010035117,0.03090981178494919,0.0,0.0,0.0,0.0,0.0,0.0,0.0,0.0,0.014346078866844726,0.014346079128560249,0.015229986321546566,0.015229986575319682,0.036386155713693726,0.03638615667167747,0.045203131761593116,0.045203132036694293,0.03381815115975351,0.03381815145529605,0.03595357528774466,0.03595357809159008,0.0416576178034889,0.04165762648286563,4.475028403771718e-08,4.5136720867659516e-08,0.03716398504219141,0.03716398934705475,0.07512150867733344,0.07512150891381293,0.0,0.0,1.2496863057324277e-08,1.298884139382456e-08,0.037892895348082,0.037892895998086165,0.0,0.0,0.029130922254681956,0.02913092381954377
2023-04-21,3.258055231698696e-08,9.774165695096087e-12,1.5314453189058716e-09,1.5906369124280122e-09,0.14277247806988097,0.14277247822815536,0.13335943291509592,0.1333594330243706,0.10504437286017868,0.10504437306816736,0.12219539030912807,0.12219537401885176,0.025862083486254454,0.025862083967916245,0.018636531762852328,0.01863653202415336,0.0035216343944393033,0.0035216346842057494,0.0,0.0,0.017096421535101467,0.017096421793183502,0.031309703531056866,0.03130970409253734,0.0,0.0,0.0,0.0,0.0,0.0,0.0,0.0,0.014525838346479351,0.014525838531492846,0.015035914952760104,0.015035915129838005,0.035983701376662965,0.035983701982319524,0.04580261971395256,0.04580261990877483,0.03375652892462741,0.033756529129246135,0.03635341553946973,0.03635341741741523,0.04216369151504721,0.04216369723442659,4.493779571779709e-08,4.525212193381751e-08,0.03763569137864691,0.03763569418957994,0.07452562175061275,0.07452562191393246,0.0,0.0,1.2398730980782986e-08,1.28024094605301e-08,0.03621525146191092,0.03621525182671617,0.0,0.0,0.028203617307870237,0.02820361818954862
2023-04-28,1.3906370007155946e-08,4.171911002146783e-12,1.5212634817481265e-09,1.5337080729059717e-09,0.14372666629382858,0.14372666633059278,0.1344290195366658,0.13442901955098097,0.10557452212399912,0.10557452222111237,0.12278794728524987,0.12278794033206496,0.025236911890420117,0.02523691212101089,0.018028991016306554,0.01802899113865493,0.0033769330334463194,0.0033769332312764827,0.0,0.0,0.016623666080229596,0.01662366620260332,0.031595980679706495,0.0315959809625227,0.0,0.0,0.0,0.0,0.0,0.0,0.0,0.0,0.013931037598117762,0.013931037684059542,0.015047801162227037,0.015047801243029017,0.03585509895231785,0.03585509924338631,0.04487734775711834,0.04487734784286443,0.03377286401070904,0.03377286410814411,0.03630330015135268,0.03630330095885937,0.04181485368311815,0.041814855635983826,4.495559777481635e-08,4.518084899506989e-08,0.03793056435546591,0.03793056558324463,0.07529316105709338,0.07529316112711172,0.0,0.0,1.1599533835676598e-08,1.1887348430957093e-08,0.03641899082651649,0.03641899105062854,0.0,0.0,0.02737428442971573,0.027374284829963697
2023-05-05,2.0159207309179048e-08,6.047762192753714e-12,1.498762954242471e-09,1.5161750709593227e-09,0.14318037171422515,0.14318037177928583,0.1340768221182094,0.1340768221665355,0.10517748070515562,0.10517748084234732,0.1222183535416677,0.12221834346206406,0.02535403303043546,0.025354033345571545,0.01820686956936054,0.018206869740209398,0.0034015389200616657,0.003401539151908815,0.0,0.0,0.016465157989820053,0.016465158156906617,0.03254769812630337,0.032547698574882516,0.0,0.0,0.0,0.0,0.0,0.0,0.0,0.0,0.014333275869773605,0.014333275992317774,0.01499867513304967,0.0149986752483174,0.03560047669580381,0.035600477072722764,0.04480937060602854,0.04480937072650095,0.03431480288290669,0.03431480302348537,0.03654144277683693,0.036541444013272695,0.041853426155943715,0.04185342930005122,4.5494942323181404e-08,4.577065374662187e-08,0.037674361594399366,0.03767436329989224,0.07598151973626355,0.0759815198400062,0.0,0.0,1.0900297633398923e-08,1.1231399339890528e-08,0.036566670824180046,0.036566671136584,0.0,0.0,0.026697594115572126,0.02669759460890958
2023-05-12,9.22064704236724e-08,2.7661941127101717e-11,1.4670459147867472e-09,1.4988295359673664e-09,0.1436807175377913,0.14368071772043656,0.13454446677025572,0.1345444669475347,0.105069876455354,0.1050698768116243,0.12219793555748557,0.1221978894542505,0.025068591058562004,0.02506859187147707,0.017890358797030076,0.017890359234437776,0.0033455438703948884,0.0033455442923516275,0.0,0.0,0.01631128727005105,0.016311287711538315,0.03258295337540664,0.03258295451889153,0.0,0.0,0.0,0.0,0.0,0.0,0.0,0.0,0.014550124136398883,0.014550124470855285,0.01475246456379993,0.014752464864061744,0.035175220677257465,0.03517522166013075,0.04429066340488602,0.04429066377609172,0.03384039361975573,0.03384039401025019,0.03751495062573593,0.03751495747334952,0.042478375352167294,0.04247839685591572,4.491173539946958e-08,4.545708527683313e-08,0.0377374266130147,0.03773743444577827,0.07590102026290188,0.07590102054942206,0.0,0.0,1.026890777570766e-08,1.08400604870721e-08,0.036598661882377106,0.036598662680637446,0.0,0.0,0.026468911521684502,0.026468912854989687
2023-05-19,1.175183055285342e-07,3.5255491658560256e-11,1.439157848910787e-09,1.4613920775641105e-09,0.14373571533108329,0.14373571547361855,0.13451083657353136,0.1345108367365591,0.10509841265782303,0.10509841300934417,0.1223488957900177,0.12234883703086494,0.024893815264505837,0.02489381604034904,0.01785311863947427,0.017853119066044372,0.003332229139387251,0.003332229562902709,0.0,0.0,0.01636243648311303,0.0163624369215707,0.03236600905296505,0.03236601007147466,0.0,0.0,0.0,0.0,0.0,0.0,0.0,0.0,0.014370857997139497,0.014370858333717701,0.015226312453907358,0.015226312749698634,0.03424942168593716,0.03424942256029438,0.04495188994299481,0.044951890316084785,0.03214407128788397,0.032144071643496044,0.038569873229412056,0.03856988284205531,0.04319527035560522,0.043195301000065495,4.6599274451281136e-08,4.718694747227155e-08,0.03813406721276869,0.03813407615776778,0.07515400012454042,0.07515400040796485,0.0,0.0,9.5157291572723e-09,1.0102233794988725e-08,0.03666796330052198,0.03666796399822328,0.0,0.0,0.02683474592322647,0.026834747327330082
2023-05-26,1.2220011347700603e-07,3.66600340431018e-11,1.4100983436886802e-09,1.4387427398658048e-09,0.14463273108053468,0.14463273121579429,0.1353056042793945,0.1353056044352595,0.10584965391386396,0.10584965424835861,0.12282856776511465,0.1228285066650579,0.02432151971533086,0.02432152039645488,0.017531685315463143,0.0175316857136804,0.003306362805986341,0.003306363215493568,0.0,0.0,0.016192983581388962,0.016192983991601483,0.030940034225108572,0.030940035026131775,0.0,0.0,0.0,0.0,0.0,0.0,0.0,0.0,0.013810769115976522,0.013810769434116497,0.014937066198411226,0.014937066480440624,0.034195098638365125,0.034195099479348685,0.04346469498020515,0.043464695304642205,0.031680191975455935,0.03168019231436529,0.039774283669209,0.03977429680278435,0.043575706546717864,0.043575738404608856,4.5799315450472606e-08,4.636456346669836e-08,0.037831962053161354,0.03783196910998403,0.07525778466457049,0.07525778493535075,0.0,0.0,8.59822915109516e-09,9.150987208177653e-09,0.03630143922384651,0.036301439791527175,0.0,0.0,0.028261804444252196,0.0282618060807057
2023-06-02,1.1381936132674179e-07,3.414580839802253e-11,1.3656329202551188e-09,1.4058503322932667e-09,0.14489265808345336,0.1448926581988005,0.13533304941340304,0.13533304954100073,0.10597436689415704,0.10597436716906825,0.12280893219335282,0.1228088752836721,0.024087182432267627,0.024087182951206522,0.017760943896506072,0.017760944223187393,0.0033503599733467363,0.0033503603360184693,0.0,0.0,0.015917511826061093,0.015917512155672543,0.031153018740222613,0.031153019391055792,0.0,0.0,0.0,0.0,0.0,0.0,0.0,0.0,0.01368079061915782,0.013680790881208448,0.014998095061194589,0.014998095294426417,0.033129030319151,0.03312903088471085,0.042514492980940455,0.042514493231363554,0.032469310429889785,0.03246931071000898,0.041185920081438246,0.041185936162766175,0.04430970313559916,0.04430973275163367,4.59375275135965e-08,4.6417168149031283e-08,0.03746387182722023,0.03746387603695373,0.07568584426791089,0.07568584449464867,0.0,0.0,8.216315075921993e-09,8.70441679290311e-09,0.036365539689285915,0.03636554015373042,0.0,0.0,0.026919322615965913,0.02691932362143132
2023-06-09,6.908347913610542e-08,2.0725043740831626e-11,1.3387565437292825e-09,1.3610822370171138e-09,0.14412565508123973,0.14412565513486358,0.13475814523731602,0.13475814529220634,0.10539974303412743,0.1053997432122438,0.12214743016063785,0.12214739561889842,0.024060594373329483,0.02406059472127934,0.01741483723427743,0.017414837447206045,0.0032689835703916597,0.003268983850278495,0.0,0.0,0.015257887185262317,0.015257887400689785,0.03175050402116753,0.031750504461755535,0.0,0.0,0.0,0.0,0.0,0.0,0.0,0.0,0.013616661865579291,0.013616662041046307,0.014224579276549356,0.01422457942625188,0.03300869064057047,0.033008691029816226,0.04475186288433589,0.04475186306492504,0.03250358908295988,0.03250358927105503,0.04094700145773529,0.040947008153544094,0.044962570198303624,0.04496259055499169,4.6010204100749565e-08,4.638219334128881e-08,0.03771802357195267,0.037718026141690994,0.07483279181347467,0.07483279196115869,0.0,0.0,7.80091535192278e-09,8.185984695762395e-09,0.03650782414128312,0.03650782439820528,0.0,0.0,0.028742570019630143,0.02874257088863329
2023-06-16,4.4174196547150223e-07,1.3252258964145066e-10,1.2779650691062225e-09,1.335411213048915e-09,0.14264022942391874,0.14264022968292442,0.13376340233732656,0.13376340265394004,0.10436782060551947,0.10436782118646484,0.12086504603879608,0.12086482516781327,0.024513557870764723,0.024513558973715113,0.017653306664942744,0.017653307357578262,0.00331550105315651,0.0033155018227479104,0.0,0.0,0.015882791598695628,0.015882792304375462,0.030735218315524757,0.030735219521124124,0.0,0.0,0.0,0.0,0.0,0.0,0.0,0.0,0.013592363466889915,0.013592364044248462,0.014222687473515419,0.014222687971918781,0.03446988457980748,0.03446988593690335,0.045504584549630564,0.04550458513841513,0.03206971910968868,0.03206971969970844,0.04291279595075747,0.042912866560976086,0.04569481150950968,0.04569493610966011,4.6858215945612224e-08,4.780842818086252e-08,0.03859176703247757,0.038591778102570834,0.07388313397028631,0.07388313447382289,0.0,0.0,7.1665316903383975e-09,7.886777757311066e-09,0.03745569646557719,0.0374556973314089,0.0,0.0,0.02786562668050185,0.02786562892906631
2023-06-21,1.6115152342553453e-07,4.834545702766036e-11,1.2466834520456604e-09,1.2684105047951256e-09,0.14202755496465913,0.14202755502882794,0.13299347242387505,0.13299347251161525,0.10374346236978207,0.1037434626151524,0.1205778104581875,0.12057772988242582,0.024448257303187938,0.024448257787987298,0.017697653061708504,0.01769765336399575,0.003350325255671017,0.003350325618156123,0.0,0.0,0.016065840089385795,0.016065840398725946,0.029946904461682935,0.029946904944575244,0.0,0.0,0.0,0.0,0.0,0.0,0.0,0.0,0.01345095241589647,0.013450952666422909,0.014943490740135791,0.014943490959573362,0.03374011851094635,0.03374011905417983,0.04526476992276762,0.045264770176179775,0.03259937290869206,0.03259937316989582,0.042954658688898535,0.04295468217085143,0.04603744139081479,0.046037487728331286,4.5943506119041606e-08,4.646807808123318e-08,0.038613018592654536,0.038613022822681156,0.07445229133035408,0.07445229154152341,0.0,0.0,6.618608730767633e-09,7.083272213095912e-09,0.038975633574678696,0.03897563401056458,0.0,0.0,0.028116917727222697,0.028116918728573807
2023-06-30,1.2968467565639476e-07,3.8905402696918426e-11,1.238504080882467e-09,1.2496785504268311e-09,0.1428613783329553,0.14286137835802812,0.1338238233659202,0.13382382338867935,0.10439919631211404,0.10439919650369404,0.12118946701960161,0.12118940217726382,0.024050358465324488,0.024050358850586876,0.01727906923869628,0.01727906947844516,0.003281452014054087,0.003281452330075995,0.0,0.0,0.01555257539681618,0.015552575640099897,0.030175440469701678,0.03017544088640634,0.0,0.0,0.0,0.0,0.0,0.0,0.0,0.0,0.01303335679985057,0.013033356999508658,0.015016459472001243,0.01501645964589891,0.032943282986091824,0.032943283417281234,0.0443337550841083,0.044333755283134754,0.03174312817223455,0.0317431283823445,0.04332134920831884,0.043321367304478615,0.04654220363790562,0.04654224184372271,4.509898125585408e-08,4.5565330995482443e-08,0.038770396351980305,0.03877039963414594,0.07428559604000891,0.07428559620142113,0.0,0.0,6.287103526580893e-09,6.692640459605159e-09,0.038898114266385,0.03889811458330231,0.0,0.0,0.02849954474134205,0.028499545583831668
2023-07-07,3.9658633139244914e-08,1.1897589941773473e-11,1.1688914807919453e-09,1.2323683812269899e-09,0.14242448743647668,0.14242448744127434,0.13322802328802427,0.13322802329514105,0.10386618537693498,0.10386618541224359,0.12052390287797432,0.1205238830486577,0.02401915093157873,0.024019151004138265,0.01731021464457677,0.017310214689947145,0.003282712975843978,0.0032827130310401132,0.0,0.0,0.015510374087987529,0.01551037413410961,0.03006267876709054,0.030062678844412074,0.0,0.0,0.0,0.0,0.0,0.0,0.0,0.0,0.013279442903943785,0.0132794429423207,0.015041388192239739,0.015041388225793942,0.03269551721866779,0.03269551729929633,0.04369271594051918,0.04369271597696173,0.032284178789504334,0.03228417882953345,0.04361387168433407,0.04361387711628189,0.04673670803477345,0.04673672076593887,4.4220872051087285e-08,4.428979179249694e-08,0.037994043413324644,0.03799404395867251,0.07418056357195094,0.0741805636021353,0.0,0.0,6.286165395107397e-09,6.367696066669275e-09,0.041287972070099,0.04128797220150572,0.0,0.0,0.028965816118226427,0.028965816290739417
2023-07-14,9.187806526078951e-08,2.7563419578236852e-11,1.1004582182446715e-09,1.1645189279225458e-09,0.1412559836187709,0.141255983629151,0.13226356552659044,0.13226356554566773,0.10336533790481418,0.10336533796803068,0.11954222409663921,0.11954217815760643,0.024282685921581518,0.024282686058234026,0.01738873513826247,0.017388735220520903,0.0032533100399059186,0.003253310126730902,0.0,0.0,0.01570705204495309,0.01570705212903465,0.030181003296785153,0.030181003443179248,0.0,0.0,0.0,0.0,0.0,0.0,0.0,0.0,0.013438367756511027,0.01343836782529312,0.014743582073029315,0.014743582132661427,0.03340991537795064,0.033409915531254136,0.04458690556317739,0.0445869056327588,0.032758883617749424,0.03275888369357568,0.0436684851568074,0.04366850052525022,0.04647586315994015,0.046475890266354125,4.46668935568872e-08,4.477483308825149e-08,0.03857294191158971,0.038572943382537625,0.07429672225944299,0.07429672231307058,0.0,0.0,6.374499948166918e-09,6.50989598598624e-09,0.041314666740162063,0.041314666949845695,0.0,0.0,0.02949371665348538,0.029493717019994797
2023-07-21,3.8953186382104196e-07,1.1685955914631257e-10,1.0259767809413687e-09,1.0947058852817789e-09,0.1409773094812143,0.14097730947600595,0.13208417435370262,0.13208417435487518,0.10318328682634832,0.10318328691590765,0.11920312426544744,0.11920292950472397,0.023800638573811442,0.023800638783000688,0.016986205116463718,0.01698620524744208,0.003177605428437433,0.0031776055596271324,0.0,0.0,0.01508973123840533,0.015089731371562574,0.03009413241748698,0.03009413264437148,0.0,0.0,0.0,0.0,0.0,0.0,0.0,0.0,0.013291349467043067,0.01329134957606271,0.014308410573327022,0.014308410663742364,0.03267289371331839,0.03267289392472058,0.04358520365955701,0.04358520376273251,0.03369437720594239,0.03369437732848572,0.044453127976709944,0.044453209584321494,0.04709038128436015,0.04709048908297175,4.393532356337992e-08,4.408579592144351e-08,0.038846958288515844,0.038846960611732345,0.07509964612960399,0.075099646206602,0.0,0.0,6.157616932094628e-09,6.3912240635793735e-09,0.04292228205858393,0.04292228245816033,0.0,0.0,0.02943911082280323,0.02943911137122561
2023-07-28,2.5658565383044307e-07,7.697569614913291e-11,9.70047109963698e-10,1.022434504387977e-09,0.14005603965135918,0.1400560396411444,0.13126935589738348,0.13126935588967578,0.10242977969114407,0.10242977977539239,0.11848159392043822,0.11848146564553363,0.02416071532987931,0.0241607155309556,0.01698494613103599,0.01698494624981865,0.0031574621351017807,0.0031574622561361446,0.0,0.0,0.015179451853035522,0.015179451974081938,0.03046568212898852,0.030465682352388616,0.0,0.0,0.0,0.0,0.0,0.0,0.0,0.0,0.013796696535573697,0.0137966966365733,0.014257570716546611,0.014257570798932922,0.03385617389220905,0.03385617412632187,0.04466595084407247,0.04466595094694291,0.03326533585691057,0.03326533596666702,0.04396703083765511,0.04396707445258799,0.046913249239213875,0.04691332890159426,4.37955907020178e-08,4.394569179248793e-08,0.03850944683559401,0.03850944874948837,0.07425630666857021,0.07425630673988759,0.0,0.0,5.939844002873662e-09,6.154202333487245e-09,0.04395724720023898,0.043957247718788124,0.0,0.0,0.030369913929567675,0.03036991452475972
2023-08-04,2.757885136413955e-08,8.273655409241864e-12,9.26577711615994e-10,9.823175948965692e-10,0.1401094024923062,0.140109402504074,0.13144812235920486,0.1314481223727287,0.10252071235045516,0.10252071238441272,0.11863391846007049,0.11863390467064491,0.024794661510343968,0.02479466158481182,0.017376739219788495,0.017376739262633695,0.003199136540165789,0.0031991365878714733,0.0,0.0,0.015605311275076568,0.015605311318937037,0.031022385110695307,0.03102238519034117,0.0,0.0,0.0,0.0,0.0,0.0,0.0,0.0,0.01554830672478938,0.01554830676267909,0.014255544932020392,0.014255544962130209,0.034369964984909414,0.0343699650760584,0.044856477350956214,0.044856477387749845,0.031954795768552514,0.03195479580510129,0.04308188891187652,0.043081893984092214,0.04628178415272747,0.04628179129052349,4.200468650446235e-08,4.206548295083419e-08,0.037565740642716054,0.03756574107738755,0.07361329968044161,0.07361329970994986,0.0,0.0,5.9237247388009114e-09,5.994237286032705e-09,0.043327894416590566,0.04332789456317717,0.0,0.0,0.030433864261324016,0.030433864462657667
2023-08-11,1.328066195137834e-07,3.9841985854135014e-11,9.42694361237949e-10,9.249840991469355e-10,0.14009707266921828,0.14009707275411498,0.1314483510407013,0.13144835112519196,0.10253265486725545,0.1025326551079339,0.11855386025776775,0.11855379387216826,0.02460320029209877,0.024603200799609575,0.017179893410680852,0.017179893709280983,0.0031597086116903475,0.0031597089783153014,0.0,0.0,0.0155706086633359,0.015570608972037134,0.030664570915231098,0.030664571445998674,0.0,0.0,0.0,0.0,0.0,0.0,0.0,0.0,0.015829823554521855,0.015829823822425246,0.013951073990797752,0.013951074197411116,0.03392354788548295,0.03392354848725891,0.044159115277145077,0.04415911552733106,0.0317120969504483,0.031712097205764365,0.042636616842501425,0.04263663767191206,0.04618153759310784,0.04618157228976375,4.189358049125996e-08,4.24359680807708e-08,0.03765535262391403,0.037655355512563306,0.07338356166489757,0.07338356187388773,0.0,0.0,5.575354634087975e-09,5.945093386102711e-09,0.044034895578946236,0.04403489659500602,0.0,0.0,0.03272240889862759,0.032722410745979966
2023-08-18,1.8250122375345668e-07,5.4750367126036996e-11,9.790212803232435e-10,9.419050223026537e-10,0.14096108703255478,0.14096108715601605,0.13254694721773075,0.13254694734191236,0.1029982001253101,0.10299820043841464,0.11894985148823185,0.11894976027473611,0.023806558281486163,0.0238065588974971,0.016800258896770483,0.01680025927735746,0.003082325369029574,0.003082325836241643,0.0,0.0,0.01497496808578194,0.01497496847767321,0.030497202567166044,0.03049720324126276,0.0,0.0,0.0,0.0,0.0,0.0,0.0,0.0,0.015346361361102286,0.015346361705773363,0.0139540829371864,0.013954083213405275,0.03326106091941335,0.03326106166624368,0.04308962165187398,0.04308962196502898,0.03185304193808615,0.03185304226934406,0.042563102959182385,0.04256313111118424,0.046141066533462394,0.04614111564444671,4.019109573752161e-08,4.084846617793674e-08,0.03740526926769112,0.03740527295768233,0.07416227865172202,0.07416227893170374,0.0,0.0,5.143405544686846e-09,5.535722839341179e-09,0.04578413153603634,0.04578413326783441,0.0,0.0,0.03182253686665924,0.031822539000147504
2023-08-25,3.7192250299125596e-08,1.1157675089737678e-11,9.114480630086162e-10,9.705325655680763e-10,0.14112895672912867,0.14112895674688114,0.13281836726224583,0.1328183672793028,0.10319608316562198,0.10319608320289021,0.11906740361331002,0.1190673850171849,0.02314464130120048,0.023144641370213673,0.016173326378734136,0.016173326424469003,0.002955440703560599,0.0029554407585810592,0.0,0.0,0.014412390323587394,0.014412390370835184,0.030356131286706795,0.03035613136497235,0.0,0.0,0.0,0.0,0.0,0.0,0.0,0.0,0.014675978274139384,0.014675978315818189,0.013483203681950114,0.013483203715687737,0.03241087518172547,0.032410875262586236,0.04233983271676205,0.04233983275424095,0.032955334093016285,0.032955334134490234,0.04382133660985581,0.04382134417795811,0.04668969073466693,0.046689700034715946,4.1098276650879516e-08,4.116358087442767e-08,0.0375521445395442,0.03755214499307682,0.07479781183222013,0.07479781186653237,0.0,0.0,5.304123122888511e-09,5.384506889651388e-09,0.04613735256090333,0.04613735272690319,0.0,0.0,0.03188365169727249,0.031883651964039576
2023-09-01,2.3036061313748648e-07,6.910818394124594e-11,8.620139881407839e-10,9.048262511530928e-10,0.14024534714606637,0.1402453471467397,0.1318741828836863,0.1318741828806648,0.10251688905897449,0.10251688913944292,0.11845285541435574,0.11845274023707059,0.023310478904412377,0.023310479079922335,0.016342734241452446,0.016342734351372835,0.0030041226998246385,0.003004122820072065,0.0,0.0,0.014604621948641861,0.014604622061969646,0.030010944618040252,0.030010944803951885,0.0,0.0,0.0,0.0,0.0,0.0,0.0,0.0,0.014243186453987864,0.014243186550317173,0.01372836141609209,0.01372836149704658,0.03237375699749648,0.03237375720211964,0.04253577510579996,0.04253577519648111,0.03312057657191068,0.03312057667013786,0.04383832965764607,0.04383836756407846,0.047072735116972464,0.04707280790468526,4.090137305486939e-08,4.104915004410378e-08,0.03771270033314278,0.03771270165785522,0.07489178673820641,0.0748917868090478,0.0,0.0,5.250312229871296e-09,5.443524335183279e-09,0.04761321869251741,0.04761321924450122,0.0,0.0,0.03250734898707423,0.0325073497850223
2023-09-08,2.612845955987861e-07,7.838537867963582e-11,8.241609160824387e-10,8.62759189390988e-10,0.14007200206715198,0.14007200206849657,0.13162297739124262,0.13162297739377044,0.1026982926564606,0.10269829274543693,0.11891315116998219,0.11891302052768458,0.02333764754351986,0.02333764773701069,0.016296431034814735,0.016296431154537154,0.002999985647814096,0.002999985776612295,0.0,0.0,0.01430602998273899,0.01430603010562017,0.030508826214984616,0.030508826424492305,0.0,0.0,0.0,0.0,0.0,0.0,0.0,0.0,0.014160403494653544,0.014160403599767522,0.01381659181293871,0.013816591900950664,0.03269657560003982,0.03269657583901371,0.04260774084883011,0.04260774094890132,0.032330632571974265,0.032330632676585244,0.043839038705524705,0.043839096117193145,0.04669076012783238,0.04669082844309963,4.109671196786231e-08,4.1253974096774545e-08,0.03677888111836077,0.036778882283352195,0.07532250026337536,0.07532250034186716,0.0,0.0,5.0083716554673225e-09,5.215563467111165e-09,0.04770015286259411,0.047700153526243474,0.0,0.0,0.03330133195592188,0.03330133305706833
2023-09-15,2.3774948316886001e-07,7.1324844950658e-11,7.788976593922716e-10,8.173705541159697e-10,0.1402940170722503,0.14029401708406838,0.13187700354460055,0.1318770035671504,0.1025649954480748,0.10256499554241261,0.11882729403562521,0.11882717516088352,0.023158116994434028,0.02315811718923685,0.01629000303977007,0.016290003161862156,0.0029948055822317738,0.0029948057108812195,0.0,0.0,0.013986166224664125,0.013986166348684943,0.030983540738760525,0.030983540973216754,0.0,0.0,0.0,0.0,0.0,0.0,0.0,0.0,0.01417701641266758,0.014177016520346987,0.013684325064271625,0.013684325154130364,0.03259723038769347,0.032597230632266716,0.04218090170420838,0.042180901806450524,0.033034336536669394,0.03303433664673662,0.043747969546852505,0.04374801995907804,0.04670896868466858,0.046709032144373955,4.104352367693877e-08,4.1197777270842955e-08,0.03665406557164385,0.03665406673815806,0.07672425163823517,0.07672425172157098,0.0,0.0,4.92682863380677e-09,5.132962022633568e-09,0.04572469647521146,0.04572469699109153,0.0,0.0,0.03379024854821673,0.03379024979928945
2023-09-22,1.2885289621413455e-07,3.8655868864240364e-11,7.333928700091178e-10,7.833049308082066e-10,0.14138860024350228,0.14138860026766897,0.1327491085012455,0.13274910853576785,0.10353485851770619,0.10353485859705232,0.11994095365941464,0.11994088923296663,0.02298939638083012,0.022989396527831166,0.016159236378499878,0.016159236472592826,0.0029542877594011044,0.002954287861212323,0.0,0.0,0.013804661968333494,0.0138046620641877,0.031409409908875904,0.03140941008968115,0.0,0.0,0.0,0.0,0.0,0.0,0.0,0.0,0.014068711149114654,0.014068711232545203,0.01340709065451365,0.01340709072322988,0.0320884217432673,0.03208842192213504,0.04178417065507246,0.04178417073564164,0.03320644691582013,0.033206447003313384,0.04291096785480903,0.04291098813371521,0.046370189955875774,0.04637023049181658,4.0323683760205525e-08,4.044500171202203e-08,0.03652906550867362,0.036529066399611745,0.07722489240925014,0.07722489247857456,0.0,0.0,4.732531464937415e-09,4.887600813680492e-09,0.045757758739819555,0.045757759209060535,0.0,0.0,0.03172172530636654,0.031721725905488066
2023-09-28,3.888190562715875e-07,1.1664571688147625e-10,7.858711984430841e-10,7.396150483088868e-10,0.14121593452516354,0.1412159348892065,0.13270393845155296,0.13270393884158846,0.1038363908150078,0.10383639153278859,0.12035653854653396,0.12035634418326191,0.0232826792589393,0.023282680527474703,0.01641088920626641,0.01641088999455401,0.0030130427557373755,0.0030130436128430705,0.0,0.0,0.01412927018328567,0.014129270981393716,0.03134422160472493,0.03134422314827283,0.0,0.0,0.0,0.0,0.0,0.0,0.0,0.0,0.014231891498924615,0.01423189219586513,0.013341047595864488,0.013341048175082354,0.0325402848912524,0.03254028652728426,0.04183542717770503,0.041835427877074075,0.03296036807050776,0.03296036880610073,0.04221643575153555,0.04221651535437778,0.045375928057908285,0.0453760141247348,3.8964240240504346e-08,3.9996440328402705e-08,0.035625560848678586,0.03562556673390091,0.07629777931206361,0.07629777991891801,0.0,0.0,4.161471479257551e-09,4.668114625398751e-09,0.046612970809181725,0.04661297400882423,0.0,0.0,0.032669356727583254,0.03266936316228398
2023-10-13,1.3430558461712386e-07,4.0291675385137156e-11,8.156191890047975e-10,7.843551620857641e-10,0.1416692741600395,0.14166927422056133,0.13298112696892544,0.13298112698951994,0.10401471620328996,0.10401471644234582,0.12054884210977902,0.12054877498825076,0.023254637476918232,0.023254637910184693,0.01638180238547632,0.016381802652559556,0.0030435251163380725,0.003043525476449081,0.0,0.0,0.014225187931216755,0.014225188204798636,0.03115080383251409,0.031150804323485354,0.0,0.0,0.0,0.0,0.0,0.0,0.0,0.0,0.01406181523034551,0.014061815465803837,0.013417069165158314,0.013417069362613885,0.031891871039094855,0.031891871556732815,0.04315975642473096,0.043159756686674065,0.03215177542327531,0.03215177566878848,0.044107526842835997,0.04410756140275029,0.046482799570968854,0.04648282291844735,3.898171548923163e-08,3.949855532960231e-08,0.036450490436797635,0.036450492447644624,0.0742994565543795,0.07429945674863729,0.0,0.0,3.7264768224398396e-09,4.012933753983285e-09,0.044461945937149354,0.044461946918426976,0.0,0.0,0.03224553366695494,0.03224553531948112
2023-10-20,1.2698350693876008e-08,3.809505208162802e-12,7.964507245676534e-10,8.001032121835664e-10,0.14219420155352694,0.14219420150989273,0.13364299763237097,0.1336429947192929,0.10446938240425767,0.10446938246491728,0.12124834331649545,0.12124833992403233,0.02231663395242185,0.02231663402574288,0.015871278526637167,0.015871278560954008,0.0029335763049969385,0.0029335764350484506,0.0,0.0,0.013565955394799286,0.013565955433110089,0.030730973068153457,0.03073097314700455,0.0,0.0,0.0,0.0,0.0,0.0,0.0,0.0,0.014045477980311132,0.014045478006330483,0.01286456408348636,0.012864564090376947,0.03011088318169032,0.030110883271362774,0.04141055743149505,0.04141055747455001,0.03297920872547324,0.03297920876395128,0.043142048919685996,0.04314205144562614,0.04595311039536726,0.045953112539216356,3.7400102306251535e-08,3.757035608217076e-08,0.035153785677606096,0.03515378591601197,0.0773604915509192,0.07736049156560705,0.0,0.0,3.608035544210003e-09,3.736620641635171e-09,0.045842884086148165,0.04584288429162615,0.0,0.0,0.03416360400956894,0.034163604308265635
2023-10-27,2.278156486168084e-08,6.834469458504251e-12,7.942964428405295e-10,8.01973469884879e-10,0.14336713823723737,0.143367138219939,0.13460516349835136,0.13460515845997736,0.10465905054142596,0.1046590506735904,0.12179548115325346,0.12179547481814339,0.02230810701336621,0.0223081071524674,0.01574422946878943,0.015744229543874864,0.0029296558924187975,0.002929656042775749,0.0,0.0,0.013351520314363494,0.013351520392708038,0.030883880045537594,0.030883880210016673,0.0,0.0,0.0,0.0,0.0,0.0,0.0,0.0,0.014231397668536322,0.01423139773048377,0.013019501534414151,0.01301950157046775,0.03103358882198614,0.031033589012285208,0.04096759235731053,0.040967592446092056,0.033264621809971036,0.033264621893501316,0.04140781610212468,0.04140782022331575,0.0445497796128351,0.04454978376174697,3.637364630451855e-08,3.659730376827996e-08,0.03466292085962771,0.03466292133387537,0.07845450792290656,0.0784545079723174,0.0,0.0,3.4553643433879633e-09,3.615650450188727e-09,0.04607623422775132,0.04607623467542147,0.0,0.0,0.03268777229448572,0.03268777285207238
2023-11-03,6.484901870423119e-08,1.9454705611269354e-11,7.956100572137185e-10,7.876953563379166e-10,0.14253047154370393,0.14253047160076243,0.1340418094937937,0.13404177808238182,0.10391798232274385,0.10391798268483882,0.1209070582525596,0.12090705724737695,0.022396444616433267,0.022396444934034917,0.01582672373830739,0.015826723921144665,0.0029473721303784474,0.0029473724086417504,0.0,0.0,0.013687141331274641,0.013687141520431939,0.03047519231452624,0.030475192666686423,0.0,0.0,0.0,0.0,0.0,0.0,0.0,0.0,0.01399849690909855,0.013998497066833536,0.01283502948022282,0.012835029596318475,0.031951998520087246,0.0319519990130157,0.040917607081482885,0.040917607293792735,0.032781362303642286,0.03278136249657295,0.042634652863895534,0.042634669430453964,0.045120878924867026,0.04512088754797858,3.7275596447452406e-08,3.7677935214582904e-08,0.035283366784530756,0.035283367919187444,0.0782208641011928,0.07822086423945306,0.0,0.0,3.2379113789066914e-09,3.445209782311248e-09,0.046935434887694305,0.04693543612217976,0.0,0.0,0.03259007109044687,0.03259007229707401
2023-11-10,4.6660596500482864e-08,1.3998178950144857e-11,7.220874642852687e-10,7.984902496831504e-10,0.1419694867881853,0.14196948679665625,0.13356363950545128,0.13356361657412852,0.10357232802535556,0.10357232809670962,0.12043483719968262,0.12043483680070706,0.022657530630774348,0.0226575306988374,0.016128827845272996,0.016128827882714657,0.0030358167477786387,0.0030358167958737274,0.0,0.0,0.014187733741524253,0.014187733780526375,0.030282070073926453,0.030282070142912648,0.0,0.0,0.0,0.0,0.0,0.0,0.0,0.0,0.014538919531182666,0.014538919563828474,0.013092815045045515,0.013092815070554858,0.031859236787820835,0.03185923689157934,0.041420593844262034,0.041420593891296126,0.03212701607790801,0.03212701611469319,0.044013719213932545,0.04401373575520654,0.04623037339576886,0.046230378368581675,3.7548862320811634e-08,3.761701267424373e-08,0.03581909554870181,0.03581909584283712,0.07635392812974053,0.076353928153403,0.0,0.0,3.1048754674733967e-09,3.2776164841674175e-09,0.04798842345253406,0.04798842385126399,0.0,0.0,0.03072356703932651,0.030723567234569957
2023-11-17,8.770196025865958e-07,2.6310588077597874e-10,1.099180047853255e-09,7.162814254979464e-10,0.14138729634296077,0.14138729638980563,0.13285800503318795,0.13285773671220663,0.10306233377329142,0.10306233502540893,0.11978565967945196,0.11978549017232656,0.022263204715470872,0.022263205667279167,0.01607482788944378,0.01607482842834619,0.0030403773450587103,0.003040378136547053,0.0,0.0,0.013804358736979166,0.013804359300656863,0.03008644843687285,0.030086449410222347,0.0,0.0,0.0,0.0,0.0,0.0,0.0,0.0,0.014454696250624247,0.01445469671990875,0.013364444623442275,0.013364444971990259,0.031150262295163118,0.0311502635371079,0.04176559934310297,0.041765600000139846,0.032634331620524336,0.032634332199381534,0.04483698444992063,0.044837311988097095,0.04706191347030413,0.047062001256809795,3.681658947304024e-08,3.7915661430445244e-08,0.03714130012219204,0.03714130619369786,0.07654966936080344,0.07654966969952379,1.686250125238566e-10,0.0,2.955908542648129e-09,3.1441244444694587e-09,0.04781155031669373,0.04781155457925975,1.3017097327527052e-10,0.0,0.0308666950240376,0.030866697835216738
2023-11-24,9.573298530392328e-08,2.871989559117698e-11,1.0004336603880947e-09,1.098537258323524e-09,0.14166219718075232,0.1416621971763036,0.1333818968235438,0.13338188696191372,0.10366335244718002,0.10366335264968335,0.12045442647393718,0.12045438847352333,0.022324656438868336,0.022324656512123283,0.01619314075481746,0.01619314079708487,0.0030847766133460792,0.003084776671171291,0.0,0.0,0.013775860142765849,0.013775860186671401,0.03046764956795186,0.030467649644828176,0.0,0.0,0.0,0.0,0.0,0.0,0.0,0.0,0.014411306786046744,0.014411306823046777,0.013434560122866606,0.013434560150351212,0.03155970067422792,0.03155970077184014,0.041279093755279106,0.041279093800473864,0.032674845695283714,0.03267484573886771,0.045020550817853236,0.04502058911122437,0.04706321207466318,0.04706321954205662,3.7177186364145296e-08,3.726323627046971e-08,0.037305403952197065,0.03730540442425196,0.07587102638485264,0.07587102641002075,1.491256170768156e-10,1.6555483070925e-10,2.6728330158995354e-09,2.8542186295276294e-09,0.04606995553311473,0.046069955824048846,1.1966155996825875e-10,1.3224535128258772e-10,0.030302346641211942,0.0303023468167224
2023-12-01,6.890544719130934e-08,2.06716341573928e-11,9.85818401427473e-10,9.96311160402143e-10,0.14185664883885027,0.14185664882317375,0.133537231552713,0.13353720660692736,0.10366813549869852,0.10366813558420696,0.12054568862066099,0.12054567917083009,0.021918090578579786,0.021918090733193386,0.015969439479484097,0.01596943957235206,0.003027013420457942,0.0030270135811452555,0.0,0.0,0.013516313854019996,0.01351631394844978,0.03037209772414207,0.03037209788714179,0.0,0.0,0.0,0.0,0.0,0.0,0.0,0.0,0.01398654257089163,0.013986542650061233,0.013145979490320047,0.01314597954679647,0.03136548711001213,0.031365487317452624,0.039496798906935936,0.03949679899231713,0.03421783938966075,0.03421783950014962,0.04499278782070703,0.0449928102978287,0.04702677244341413,0.04702678039968071,3.705012749178257e-08,3.735508599960925e-08,0.03827912132453718,0.03827912242349693,0.07749879801528577,0.07749879807208393,1.7104648300131595e-10,1.4950185968465493e-10,2.5876255235145738e-09,2.7435165444501936e-09,0.04530109960275797,0.04530110032613212,1.4375752482852584e-10,1.2387167897740887e-10,0.03027807281949517,0.03027807319829284
2023-12-08,1.0317134756076052e-06,3.095140426822815e-10,1.1059170470508976e-09,9.906887230704954e-10,0.14291804169290134,0.14291804198127805,0.13454654559605086,0.13454603318054567,0.10433890621064583,0.10433890700872779,0.12146422679404602,0.12146422346804157,0.02140558618836625,0.02140558757185599,0.015926761005742727,0.015926761924163063,0.0030187551235387896,0.0030187562729532473,0.0,0.0,0.013286126239379688,0.013286127158135624,0.03038477639480624,0.030384777998220622,0.0,0.0,0.0,0.0,0.0,0.0,0.0,0.0,0.01399649968120812,0.013996500484841523,0.01296927205836633,0.01296927271773167,0.030456614474636188,0.03045661626263028,0.038238759457668636,0.038238760264051375,0.03336510713303862,0.03336510816048338,0.04479410146917871,0.044794420030994604,0.047424930464245146,0.047425089079280947,3.558158967428678e-08,3.703082936124083e-08,0.038800897280671216,0.03880091138711094,0.07796820436852776,0.07796820502426408,1.522552995224862e-10,1.7090116879957108e-10,2.314938397533398e-09,2.606138213264717e-09,0.045502267359034156,0.045502274219644465,0.0,1.4337496142416354e-10,0.029193581853247025,0.029193584863112437
2023-12-15,5.834836494557588e-07,1.7504509483672762e-10,9.708202812592571e-10,1.0984717947011982e-09,0.14239257847303782,0.14239257846305695,0.13414179884879834,0.1341415074912002,0.10380271839652283,0.10380271845995226,0.12079254619491568,0.12079254582618473,0.021063434433594992,0.021063434576423647,0.01584963702622812,0.015849637126067427,0.002994716218963965,0.002994716337972134,0.0,0.0,0.013084832101071708,0.013084832200156141,0.030459425985506012,0.03045942616197833,0.0,0.0,0.0,0.0,0.0,0.0,0.0,0.0,0.013749548867481611,0.013749548952589756,0.012906069265144485,0.012906069332456277,0.028973989788836706,0.028973989945313795,0.03805200178191038,0.038052001862253784,0.03334245577077273,0.033342455875771906,0.047114991484147405,0.04711523375057665,0.04898974960894587,0.04898979463216196,3.607064533287102e-08,3.6216316478193734e-08,0.03980386359929927,0.03980386538529718,0.07774405432406291,0.07774405438355655,1.5828455621288883e-10,1.527698636179531e-10,1.983275400299512e-09,2.220484292027731e-09,0.045518432339655905,0.04551843291405354,0.0,0.0,0.029223116308077602,0.029223116634934425
2023-12-22,7.068128114015237e-10,2.120438434204571e-13,1.008042673679687e-09,9.658064897086755e-10,0.14276919969615298,0.14276919971138635,0.13452601689630428,0.13452601686762758,0.10415637486280094,0.10415637482405049,0.12097551649623543,0.12097551646191324,0.020975018297573065,0.020975018296094137,0.015411185928653797,0.015411185918456298,0.002895830996661902,0.002895831066305315,0.0,0.0,0.012921944180903755,0.012921944172641578,0.02999186925968021,0.029991869243285372,0.0,0.0,0.0,0.0,0.0,0.0,0.0,0.0,0.01334976513421065,0.01334976511485398,0.012344235706841093,0.01234423568457038,0.02897834856488756,0.028978348561524227,0.0386545477337492,0.03865454771584325,0.03360654855862741,0.03360654854263173,0.04671330813053684,0.0467133081633403,0.048902750752985294,0.048902750786951464,3.616546873197773e-08,3.624035973955075e-08,0.03921043069392621,0.03921043073290166,0.07796886278222477,0.07796886275381586,2.2627899258705714e-10,1.6049270222600692e-10,2.0461016649737706e-09,2.0759709549366653e-09,0.04492805447721541,0.044928054514839715,0.0,0.0,0.030720151403937225,0.030720151424337053
2023-12-29,6.745285106789564e-10,2.023585532036869e-13,1.0342769686330063e-09,1.0080805808531067e-09,0.1423394275857497,0.14233942760143545,0.1338588722978705,0.133858872269226,0.10351803691808475,0.10351803687829278,0.1200566036658023,0.12005660362931993,0.021357009687041704,0.021357009686971882,0.015429662914086045,0.015429662903226208,0.002880741249409764,0.0028807413202673873,0.0,0.0,0.013151697685556017,0.013151697676803268,0.029466041687059113,0.029466041667462254,0.0,0.0,0.0,0.0,0.0,0.0,0.0,0.0,0.01337964986069843,0.013379649840762614,0.012689689312101977,0.01268968928935089,0.02990776593128875,0.029907765933417988,0.03909586659222197,0.03909586657492588,0.03330234659577742,0.033302346576810776,0.047018765710685854,0.04701876573796207,0.04904264342731816,0.04904264346070714,3.6471032233751904e-08,3.6540469684512936e-08,0.0395795297963938,0.03957952983261283,0.07832129840037855,0.07832129837237368,2.8663787849862373e-10,2.2672247784214144e-10,2.022166737863338e-09,2.051291372022812e-09,0.04472099244126526,0.04472099247689811,0.0,0.0,0.03088331842709628,0.030883318444608596
2024-01-05,6.476015331310926e-10,1.9428045993932776e-13,1.060492129047635e-09,1.0385033007631718e-09,0.1433698341865254,0.14336983419863517,0.13516732482411353,0.13516732479676996,0.10434975567494767,0.10434975563658865,0.12096575558957602,0.12096575555342155,0.02103119487989673,0.02103119487897109,0.015450343391561917,0.015450343380802025,0.002886330484884582,0.002886330553444496,0.0,0.0,0.012668848008833285,0.012668848000414313,0.03086299299108904,0.03086299297028737,0.0,0.0,0.0,0.0,0.0,0.0,0.0,0.0,0.013200143746454052,0.01320014372671219,0.012720517219253385,0.01272051719745658,0.02883964726456837,0.02883964726472766,0.038649724748726154,0.03864972473056254,0.03247691258641737,0.03247691256811618,0.046142717554768196,0.046142717581429314,0.048877717307877974,0.048877717338832845,3.607505887638816e-08,3.614540034616927e-08,0.03885754655256475,0.038857546587757745,0.0786578611889683,0.07865786116139159,3.380994412207279e-10,2.846309478847536e-10,1.973446879665774e-09,2.0012193870591453e-09,0.043654549818305535,0.04365454985290881,0.0,0.0,0.031170242533570477,0.03117024255101608
2024-01-12,7.139016737968647e-10,2.1417050213905937e-13,1.0988700104318822e-09,1.0615759108669495e-09,0.14389207734110201,0.1438920773433408,0.1357380640763314,0.1357380640476822,0.10473107351207082,0.10473107345514765,0.12131295074424482,0.12131295070144964,0.020758225276818185,0.020758225275881562,0.015109213216653495,0.015109213207570821,0.0028105572854083445,0.0028105573550152828,0.0,0.0,0.012542344019650258,0.012542344012569172,0.0305451719835007,0.030545171963232934,0.0,0.0,0.0,0.0,0.0,0.0,0.0,0.0,0.012904968416324599,0.01290496839846968,0.012011195973321225,0.01201119595602012,0.028596596359472107,0.02859659635931629,0.03815912152918434,0.03815912151246246,0.03273608072252954,0.03273608070266667,0.047818122321266227,0.04781812238092999,0.0500528512050843,0.050052851230139986,3.8604079805204e-08,3.868559712325591e-08,0.039854125429553286,0.03985412546582081,0.07852245309505258,0.07852245306954551,3.9638153858565496e-10,3.3986416763820865e-10,1.886328826704981e-09,1.9153217035393794e-09,0.04207245425500553,0.042072454292403756,0.0,0.0,0.02983231125176599,0.029832311267975715
2024-01-19,7.37801585284728e-10,2.2134047558541836e-13,1.1270599343602654e-09,1.0966807251971788e-09,0.1450370938527615,0.14503709383619925,0.13702756221325074,0.13702756218747175,0.10566173369581582,0.1056617336290324,0.12243170688050076,0.12243170683570435,0.02080305772503616,0.020803057726342368,0.014765694296720021,0.014765694288435193,0.002709915982294233,0.002709916053510329,0.0,0.0,0.012294623797084195,0.012294623790886444,0.030576999098421567,0.03057699908114708,0.0,0.0,0.0,0.0,0.0,0.0,0.0,0.0,0.012912671496218706,0.012912671479513988,0.011422430249872332,0.011422430235136694,0.02831370886754902,0.028313708870768447,0.03654792505569139,0.03654792504158617,0.03297964634511751,0.032979646327335965,0.04797679582141796,0.04797679587915355,0.05008832222741904,0.05008832225353595,3.777159035631071e-08,3.78574184407958e-08,0.03923824818316537,0.03923824821857379,0.07895600850337343,0.07895600848287847,4.64963887317029e-10,3.9594249544294315e-10,1.8995636433600342e-09,1.9294879325343244e-09,0.04093820536789756,0.040938205405054794,0.0,0.0,0.029317609077214864,0.02931760909820337
2024-01-26,5.977761940899154e-10,1.793328582269746e-13,1.1334469607234544e-09,1.1149364490696402e-09,0.14400852570114345,0.14400852569854566,0.1358688791160614,0.13586887909090653,0.10475274432634929,0.10475274427210036,0.12127849146604366,0.12127849142735894,0.02102665385746098,0.02102665385919817,0.014681407520049384,0.014681407510980052,0.002665393716467709,0.0026653937926107937,0.0,0.0,0.012119233159344524,0.01211923315092559,0.03104250837723047,0.031042508377399174,0.0,0.0,0.0,0.0,0.0,0.0,0.0,0.0,0.013312793510503828,0.013312793492270285,0.011434616605866203,0.011434616590224274,0.028043096276181755,0.02804309627792901,0.03777246542613128,0.037772465414968974,0.03235834590445986,0.03235834588553977,0.04969465866169569,0.04969465868989349,0.05133514657217225,0.051335146596644655,3.782570450079723e-08,3.788753028917372e-08,0.040314033940187115,0.04031403397313704,0.07801501934353325,0.07801501931831932,5.211555381487432e-10,4.681242821281245e-10,1.9091364609537655e-09,1.9320661050055932e-09,0.040955054313937186,0.04095505434409661,0.0,0.0,0.02932089081573715,0.02932089083429398
2024-02-02,6.150994194135106e-10,1.8452982582405316e-13,1.1397406847027378e-09,1.1217419657445158e-09,0.1453008772245677,0.14530087721424242,0.13747877092267446,0.13747877089621158,0.10555318398944868,0.10555318392905841,0.12208215578152944,0.12208215574281656,0.020410601807003517,0.02041060180751109,0.013622964987152273,0.013622964978199186,0.0023903785731936834,0.0023903786532374124,0.0,0.0,0.011267478273775843,0.011267478266444525,0.031185625555784222,0.031185625556982264,0.0,0.0,0.0,0.0,0.0,0.0,0.0,0.0,0.012820773502345026,0.012820773485154695,0.010499343870543479,0.010499343857449243,0.027465988773940086,0.027465988774718637,0.03653433811224169,0.03653433810036072,0.03281624341435393,0.032816243396624284,0.049054197031711155,0.0490541970585771,0.051456867009134315,0.0514568670349526,3.8015890563643965e-08,3.8082375368086565e-08,0.03962408050864186,0.039624080543974906,0.07955635494116656,0.07955635491731627,5.748433090197604e-10,5.212134466493126e-10,1.877130745491305e-09,1.899500520866481e-09,0.04109790177112761,0.041097901799504004,0.0,0.0,0.02978183234205921,0.02978183236183272
2024-02-08,5.709621103638241e-10,1.712886331091472e-13,1.1556995267523409e-09,1.1408739146699022e-09,0.14399462249235317,0.14399462250816814,0.1362642869093773,0.13626428688636874,0.10481642382046201,0.1048164237896176,0.12112532629247472,0.12112532626584233,0.021012291484842318,0.02101229148550231,0.014816724647633913,0.014816724640566884,0.0024006878301794433,0.0024006879144377775,0.0,0.0,0.011984530940929886,0.011984530931985198,0.03199741955934049,0.031997419561996934,0.0,0.0,0.0,0.0,0.0,0.0,0.0,0.0,0.013030049242337442,0.013030049224538001,0.010884961590923167,0.010884961577205607,0.02914350580640182,0.02914350581250417,0.03749385487458627,0.03749385486019474,0.03180788153209583,0.03180788150968911,0.04989660999926782,0.04989661002782683,0.05229940467372311,0.052299404701202014,3.762915278778087e-08,3.767738800972253e-08,0.03945616145412869,0.03945616148366117,0.07847048651632424,0.0784704864873531,6.399644741232732e-10,5.630924364180976e-10,1.8748866947084314e-09,1.8928731393650978e-09,0.03984772961131587,0.0398477296237535,0.0,0.0,0.029256999421599025,0.029256999433358234
2024-02-23,6.351640296999945e-10,1.9054920890999833e-13,1.173918880201457e-09,1.1593966450588762e-09,0.14256431133836428,0.1425643113539752,0.13489522544695254,0.1348952254239812,0.10367896254271314,0.10367896251029866,0.11964795020270336,0.11964795017491699,0.021582892341537676,0.021582892343135103,0.014717423197161418,0.014717423189181572,0.002531512841372805,0.0025315129258199087,0.0,0.0,0.012188126391395224,0.0121881263824529,0.033335131698961705,0.03333513170991941,0.0,0.0,0.0,0.0,0.0,0.0,0.0,0.0,0.013276527226299944,0.013276527208246323,0.011197829228339434,0.011197829214667563,0.02946695058833453,0.029466950592111216,0.03833371413072318,0.038333714114841995,0.03226390427228134,0.03226390425134081,0.050179361424596544,0.05017936145505838,0.052846847857651244,0.05284684788470926,3.9894145662632203e-08,3.995538225854226e-08,0.03965255525291473,0.039652555282349934,0.07742005356133105,0.07742005352162179,7.336233468930898e-10,6.389143484964182e-10,1.8154721887171506e-09,1.834147715448215e-09,0.03962116725362842,0.039621167267145076,0.0,0.0,0.030599509585577236,0.03059950960638552
2024-03-01,5.96568500322093e-10,1.789705500966279e-13,1.1842355919022224e-09,1.1698383514041183e-09,0.14225756535412487,0.14225756535021533,0.1352145643009491,0.13521456427778736,0.10345996842294385,0.10345996838230376,0.11916889587338524,0.11916889584269452,0.02166515267817668,0.021665152680480523,0.015140505847360994,0.015140505840298087,0.0026194913468815216,0.0026194914233585707,0.0,0.0,0.012498761364678701,0.012498761355910873,0.0325873678046415,0.032587367814038495,0.0,0.0,0.0,0.0,0.0,0.0,0.0,0.0,0.013396682312886363,0.013396682295917851,0.011679755477014142,0.011679755463900723,0.02934282854414279,0.029342828548025227,0.037979259078642275,0.03797925906253322,0.031827739107661665,0.03182773908593599,0.049713832885968846,0.04971383291772339,0.05356126376842547,0.053561263794037875,3.977708181183564e-08,3.984234487836833e-08,0.04039393831861787,0.04039393834980016,0.07722689054600064,0.07722689050329591,7.953033408119471e-10,7.362703162909119e-10,1.7859438834183572e-09,1.8033994533945505e-09,0.03983460352534953,0.039834603541892985,0.0,0.0,0.030430889899583452,0.03043088991799582
2024-03-08,5.86706042995092e-10,1.760118128985276e-13,1.1836139280505247e-09,1.1740953716813837e-09,0.14137964298598155,0.14137964297284406,0.13442757037609088,0.13442757035092934,0.10266955350969051,0.1026695534620581,0.11830416871279593,0.11830416867978626,0.021618248892127923,0.02161824889367824,0.014833875596390052,0.014833875588567101,0.002572399750175803,0.002572399828964559,0.0,0.0,0.012267103347719735,0.012267103338737706,0.03295559260008307,0.03295559260959337,0.0,0.0,0.0,0.0,0.0,0.0,0.0,0.0,0.012956948758211191,0.012956948740221583,0.011522688362648581,0.011522688349053543,0.02883843328231847,0.028838433282981225,0.03695429794138505,0.036954297924369044,0.032855300044603304,0.03285530002324093,0.04987936747564893,0.04987936750012288,0.053261857963171434,0.05326185798483935,4.1244128844228973e-08,4.1307947622894776e-08,0.04043818742352529,0.04043818745184375,0.08054650438814774,0.08054650436170191,8.469045479640571e-10,7.952250565839625e-10,1.7307847690292513e-09,1.7491316618191862e-09,0.04113142671291197,0.04113142673997678,0.0,0.0,0.030586786870940515,0.03058678689009062
2024-03-15,6.021754824878514e-10,1.8065264474635538e-13,1.1881236293023564e-09,1.1776735982297841e-09,0.14004591096718091,0.14004591094735264,0.13276104694841442,0.13276104692018703,0.10205289057057539,0.10205289051906277,0.11755119970995861,0.11755119967435751,0.021650793230717797,0.021650793232508375,0.015039888437678409,0.015039888430628874,0.002645253886424409,0.002645253961378337,0.0,0.0,0.012814814649755856,0.012814814641104663,0.0317553152774332,0.03175531528295634,0.0,0.0,0.0,0.0,0.0,0.0,0.0,0.0,0.012884970399480018,0.012884970381623163,0.011641360699503783,0.011641360686085593,0.029464501983963325,0.029464501985405896,0.03822933033325485,0.03822933031735133,0.03339705831015275,0.033397058289415214,0.04994738894853305,0.04994738897490603,0.05314485010540524,0.0531448501291837,3.9962975069393684e-08,4.0026833384072546e-08,0.041004010803643846,0.04100401083456293,0.07987812665561472,0.07987812662636251,9.022833986830955e-10,8.596841448021107e-10,1.7164791634113983e-09,1.7352658961182797e-09,0.04253392072318785,0.0425339207535881,0.0,0.0,0.031557323589260076,0.03155732361252181
2024-03-22,6.592036296979594e-10,1.977610889093878e-13,1.209301957856158e-09,1.191804693489668e-09,0.13901008073146753,0.13901008070806142,0.13188793690132364,0.13188793686559327,0.10116983303805861,0.1011698329718676,0.11645220618142339,0.11645220613701408,0.021549562119764873,0.021549562121752314,0.015095435704892982,0.015095435698674583,0.002700433360903175,0.002700433434638107,0.0,0.0,0.012787567380464316,0.012787567372655394,0.03129417432214895,0.031294174325329244,0.0,0.0,0.0,0.0,0.0,0.0,0.0,0.0,0.01297487844468491,0.012974878427837774,0.011877074841864723,0.011877074829188533,0.02988807962640237,0.02988807962914108,0.03793407320319201,0.0379340731871858,0.03420365827342061,0.034203658254448745,0.05000892764464107,0.05000892767508289,0.05386869910947822,0.053868699147675954,4.0663219617781996e-08,4.073291660091524e-08,0.04096115695903533,0.04096115699425637,0.08074197833682502,0.08074197831397521,9.47483895441674e-10,9.064945686685019e-10,1.6745076693415638e-09,1.689372497700289e-09,0.04356732565571409,0.04356732568774231,0.0,0.0,0.03202687366978114,0.03202687369729085
2024-03-29,7.170196160507042e-10,2.1510588481521122e-13,1.2209786650682933e-09,1.2025557494796206e-09,0.13956123981754237,0.13956123979290014,0.13236338001178127,0.13236337997564518,0.10166427112365886,0.10166427103385921,0.11693831692841447,0.11693831687357865,0.021272652790556568,0.021272652791577785,0.014486888886827398,0.01448688887952936,0.0025824188453255773,0.002582418923231386,0.0,0.0,0.0122269858867909,0.012226985878680848,0.031317504017755,0.0313175040187214,0.0,0.0,0.0,0.0,0.0,0.0,0.0,0.0,0.012265024875887418,0.012265024859496845,0.011484172032646806,0.011484172020451032,0.029160669689858483,0.029160669691676227,0.037443764372399886,0.037443764356430716,0.033878942497755395,0.03387894247979302,0.050210187503304575,0.05021018752853314,0.055329518062965044,0.05532951813120422,4.024901527941934e-08,4.0317593035689545e-08,0.04174912551914638,0.04174912555589637,0.08189745973716885,0.08189745971541162,9.720971704372415e-10,9.37107385920991e-10,1.6489901724638187e-09,1.661455062745326e-09,0.041388796221923506,0.041388796257084096,0.0,0.0,0.03277863708720992,0.032778637117587696
2024-04-03,6.90441808114814e-10,2.0713254243444416e-13,1.232113031418926e-09,1.2206092228578633e-09,0.1386804700175235,0.13868046999598738,0.13142540156199914,0.13142540152172733,0.1009577412848403,0.10095774117828138,0.11615919471540437,0.11615919465551426,0.021487711590396908,0.021487711593996293,0.014810488350148188,0.014810488345125581,0.002630765590234605,0.002630765666513461,0.0,0.0,0.012481395570874123,0.01248139556462928,0.03145169714193647,0.03145169714430415,0.0,0.0,0.0,0.0,0.0,0.0,0.0,0.0,0.012316700453001973,0.012316700438410025,0.011566177175812193,0.011566177165361183,0.02948270515818119,0.029482705163651274,0.037841559174721394,0.037841559160626585,0.03442016386758521,0.03442016385149487,0.049788032258157346,0.04978803228980252,0.054154409168403014,0.05415440920231054,3.9683697843516966e-08,3.9753997577170476e-08,0.04149812354788099,0.041498123584721,0.08339086993625038,0.08339086991963036,9.981834541186433e-10,9.758388758088698e-10,1.6425587645892233e-09,1.6593254749516e-09,0.04160725290568014,0.04160725293929362,0.0,0.0,0.03384909697441558,0.03384909700884783
2024-04-12,6.192440825930098e-10,1.8577322477790293e-13,1.2402417978883229e-09,1.2342987610464602e-09,0.1390401601785283,0.13904016015891738,0.1316659712190356,0.13166597118333262,0.1010620707170933,0.10106207060810138,0.11607176285189373,0.11607176279026882,0.02100016938057097,0.02100016938244882,0.014591677191980342,0.014591677186483276,0.0025586474607662674,0.0025586475397563245,0.0,0.0,0.011939412865947066,0.011939412859719797,0.03226890410024382,0.03226890410432644,0.0,0.0,0.0,0.0,0.0,0.0,0.0,0.0,0.011778359682575151,0.011778359667943722,0.010939082318479934,0.010939082308453233,0.028212811353667357,0.028212811355216916,0.03822115926418572,0.03822115925100415,0.037099680782808925,0.037099680770700465,0.049102438105582416,0.049102438131399834,0.052520988502146634,0.052520988526378654,3.8604676326997714e-08,3.867045343446335e-08,0.04022602891572895,0.04022602894743341,0.08637052435126116,0.08637052434482914,1.0536184686961342e-09,1.0439747189903338e-09,1.6235104727958936e-09,1.6421415666992529e-09,0.04124027591033019,0.041240275937245136,0.0,0.0,0.03408983232512713,0.034089832355172045
2024-04-19,7.068313736676484e-10,2.1204941210029448e-13,1.2426170689118606e-09,1.2428378734780315e-09,0.13935864034485854,0.1393586403288974,0.13239818912141876,0.13239818909230014,0.10130910453445842,0.10130910434983888,0.11618011301608688,0.1161801129442873,0.02140442716071831,0.021404427165185497,0.014722934896785032,0.014722934893097268,0.0025140879454039807,0.002514088031342609,0.0,0.0,0.011995307880359591,0.01199530787562874,0.03346040997671632,0.03346040998525762,0.0,0.0,0.0,0.0,0.0,0.0,0.0,0.0,0.011871451333910156,0.011871451320925389,0.011138967768993523,0.011138967760721222,0.028600857510623957,0.028600857513883724,0.03670660773536873,0.03670660772199766,0.038374587324199266,0.03837458731785111,0.04799672741685916,0.04799672744630097,0.05084956058935835,0.05084956061846491,3.6631895415967315e-08,3.670192346367593e-08,0.039250439178071396,0.03925043921191746,0.08799292738720067,0.0879929273889596,1.0838263418706398e-09,1.0813045067638354e-09,1.625827838462209e-09,1.6476345216097693e-09,0.041694703705515104,0.041694703739200124,0.0,0.0,0.03217991458892732,0.03217991462024224
2024-04-26,8.903107188446631e-10,2.670932156533989e-13,1.2390495055960715e-09,1.2450868125977214e-09,0.1396826225693433,0.13968262255501415,0.13251346743621412,0.13251346737628958,0.10162777697401355,0.10162777669716067,0.11640338507967171,0.11640338501890515,0.02122230876911317,0.021222308775186497,0.014502455158601813,0.014502455157337179,0.0025300300312034044,0.0025300301193938875,0.0,0.0,0.011862692562850816,0.011862692561044661,0.032566192194424116,0.0325661922045243,0.0,0.0,0.0,0.0,0.0,0.0,0.0,0.0,0.011819262128035638,0.011819262117313127,0.011376066536220805,0.011376066530384789,0.029018011228205916,0.029018011232790856,0.038721037483327836,0.03872103747377727,0.036598590622000216,0.03659859061789782,0.04723295702879639,0.04723295706837079,0.05119706294994341,0.051197062993466276,3.5913935851097596e-08,3.599327024119198e-08,0.04002198111661428,0.040021981155043525,0.08559446719857952,0.08559446722141509,1.0881020346112721e-09,1.0931550336426155e-09,1.585472607237646e-09,1.6125890416178517e-09,0.0425422578691952,0.04254225790758487,0.0,0.0,0.03296733523708493,0.03296733527299842
2024-04-30,1.632780380558919e-09,4.898341141676757e-13,1.2265928524651385e-09,1.2455669376026867e-09,0.13829862946929242,0.1382986294651896,0.13102031771874478,0.13102031766017186,0.10101350434195204,0.10101350363751806,0.11593121754824381,0.1159312175011381,0.02169202280029327,0.021692022818900016,0.015053303556723952,0.015053303565940743,0.0026340942641963497,0.002634094362899566,0.0,0.0,0.012646396465689833,0.012646396473123253,0.03179098948805165,0.031790989505870636,0.0,0.0,0.0,0.0,0.0,0.0,0.0,0.0,0.012652555795103484,0.012652555792928776,0.01158539419218894,0.01158539419474194,0.029501562133838373,0.029501562151144276,0.03968325345365466,0.03968325345499581,0.03644651490456283,0.03644651491039317,0.048121396498150934,0.04812139664828327,0.051424099867737216,0.05142409997316176,3.608985977432418e-08,3.61808963325068e-08,0.040031902970874216,0.040031903026636576,0.08533551783842575,0.08533551788624917,1.0751001366303898e-09,1.0910838715007854e-09,1.5523331448840853e-09,1.589572431600056e-09,0.04226840528818929,0.04226840534934644,0.0,0.0,0.032868881460200394,0.032868881514247585
2024-05-10,3.677562443138327e-09,1.103268732941498e-12,1.215274866787293e-09,1.2362916361775826e-09,0.13771243967016278,0.13771243969077998,0.13066599247768576,0.13066599243905982,0.10030933734235649,0.10030933557684164,0.1149244709232557,0.11492447088861535,0.02173159166060426,0.021731591703228824,0.015119393385378321,0.015119393414973082,0.0026451395558985476,0.0026451396655570512,0.0,0.0,0.01266045537727816,0.01266045540359563,0.03213455906986593,0.03213455911488966,0.0,0.0,0.0,0.0,0.0,0.0,0.0,0.0,0.012269008619418644,0.01226900863488939,0.011949910073584915,0.01194991009362799,0.030030157285607963,0.03003015732566606,0.041101236272828405,0.04110123629017122,0.036402090325507806,0.03640209034571428,0.0483656818554942,0.04836568226526869,0.05168050804743827,0.05168050834890714,3.5266580250230625e-08,3.5403611373236554e-08,0.04016087663822978,0.04016087674775524,0.08385305961805314,0.08385305967932219,1.0417230940987975e-09,1.0622248406102603e-09,1.4931028920256716e-09,1.5343891007588934e-09,0.04444092917715211,0.044440929434273975,0.0,0.0,0.03184312360751779,0.03184312370034609
2024-05-17,7.370383065335486e-09,2.2111149196006455e-12,1.1870975124195104e-09,1.2037899267252758e-09,0.13655386105214865,0.13655386108392087,0.12942230662722404,0.129422306495486,0.09943612423756029,0.09943612072313648,0.11388349964399617,0.11388349960496669,0.021404466284706283,0.0214044663454851,0.0146327835394714,0.014632783583852968,0.0025554439358421834,0.0025554440778550276,0.0,0.0,0.012170255805475745,0.012170255846781577,0.03199320753401542,0.03199320760089981,0.0,0.0,0.0,0.0,0.0,0.0,0.0,0.0,0.011986493278176606,0.011986493305988184,0.01134687351041228,0.011346873544231893,0.029320711367647044,0.029320711421531767,0.04255379765436721,0.04255379768634354,0.037980721264758155,0.037980721305206085,0.0494615414873558,0.04946154253547131,0.053239894576978024,0.05323989558571783,3.586443997770448e-08,3.604590815194906e-08,0.041082191284466406,0.04108219147642528,0.0857103138461933,0.08571031402503534,1.0451666382469813e-09,1.0651824849934223e-09,1.4525592895071854e-09,1.493624504245658e-09,0.0437961377027666,0.04379613799548175,0.0,0.0,0.03146933581717485,0.0314693359476777
2024-05-24,3.6885552648648705e-08,1.106566579459461e-11,1.1746506166433628e-09,1.1848408705642904e-09,0.13647613445440007,0.1364761346287573,0.12942429684735376,0.12942429686361204,0.09932992974862212,0.0993299113058457,0.11375025153162678,0.11375025159154277,0.021416483450059944,0.021416483698275444,0.014490920987960844,0.014490921183453895,0.002523482009998091,0.0025234823322456243,0.0,0.0,0.01221781220240442,0.012217812384533809,0.03227929332009899,0.03227929362823064,0.0,0.0,0.0,0.0,0.0,0.0,0.0,0.0,0.011869253919912896,0.011869254062727557,0.011353458440984635,0.011353458597612906,0.029371421067881136,0.029371421292032587,0.04160368749212446,0.04160368763359259,0.039712590771168635,0.039712591075315745,0.05025034519857698,0.050250350846605694,0.05312407124660902,0.05312407452073086,3.5149614918825153e-08,3.55369614927702e-08,0.04049690506950922,0.04049690573318776,0.08476448071797467,0.08476448461491067,9.97739383381781e-10,1.0504288473618112e-09,1.4058432191858043e-09,1.4589828760329328e-09,0.04454266476338838,0.044542666246825874,0.0,0.0,0.031002478031496847,0.031002478528746314
2024-05-31,8.627318771184676e-08,2.5881956313554027e-11,1.178719321495271e-09,1.18297520391477e-09,0.13757873457945885,0.13757873486477054,0.1305108241239397,0.1305108242066682,0.10007363764848151,0.10007359451188766,0.11454867875489881,0.1145486788595589,0.02128434157172121,0.02128434198550746,0.014462353551877893,0.014462353880502756,0.0025080573482456005,0.002508057800164751,0.0,0.0,0.01207018610948436,0.012070186413456767,0.032729908915455116,0.03272990950892913,0.0,0.0,0.0,0.0,0.0,0.0,0.0,0.0,0.011795726452139759,0.011795726692619716,0.011342269925472786,0.011342270186397576,0.02867760915976252,0.02867760952265306,0.04048376331251288,0.04048376355023508,0.04121492592297696,0.04121492662436082,0.0498632993586004,0.04986331297900528,0.05224246698527175,0.052242474554379234,3.3677631144234766e-08,3.421145340526484e-08,0.03996166218764153,0.03996166339335576,0.08456319559047346,0.08456320844403416,9.384726432363817e-10,1.0139886937256118e-09,1.3895034282165632e-09,1.4529928413161265e-09,0.04302650479697396,0.04302650675474377,0.0,0.0,0.031061816520284502,0.031061817405359324
2024-06-07,1.6337560045655057e-07,4.901268013696517e-11,1.1652079841844843e-09,1.1608237002248619e-09,0.1371592237571499,0.13715922408758444,0.13003235225887805,0.13003235228923068,0.09977104638322329,0.09977096469980734,0.11409583015629006,0.11409583025337797,0.021211571610327076,0.021211572104753433,0.014220072609583845,0.014220073005971562,0.002405718839330865,0.002405719408456943,0.0,0.0,0.012073000535769797,0.012073000908500489,0.03227149586969059,0.03227149657265908,0.0,0.0,0.0,0.0,0.0,0.0,0.0,0.0,0.011465941503093078,0.011465941799976483,0.011319279069984142,0.011319279391601609,0.02832491928907574,0.02832491971309108,0.040826652551650966,0.04082665284088892,0.04005874619650715,0.04005874698205242,0.05091082605144833,0.050910848632170505,0.05395032490370944,0.053950339565395015,3.370161491575248e-08,3.434794848621831e-08,0.0407729277222547,0.04077292929255167,0.0854865732968936,0.08548660705994779,8.396728778240957e-10,9.099062549422661e-10,1.291509464394222e-09,1.34701691528156e-09,0.04316793967762591,0.04316794198711187,0.0,0.0,0.03047552071950819,0.0304755216391753
2024-06-14,1.3084462464139674e-07,3.9253387392419016e-11,1.1387477057816386e-09,1.171652759528741e-09,0.13780202733221342,0.13780202755620088,0.130770890038366,0.13077088999119543,0.10019651185431733,0.1001964464791756,0.11461511767731858,0.11461511770921293,0.02091933407160252,0.020919334394563033,0.014214336957215063,0.014214337224539714,0.0024395236621506237,0.002439524092794429,0.0,0.0,0.011833561085045154,0.01183356133850779,0.03225190933363297,0.032251909827895074,0.0,0.0,0.0,0.0,0.0,0.0,0.0,0.0,0.011445737635733217,0.011445737837429705,0.011571214232042428,0.01157121445139895,0.02725622240037443,0.027256222669600014,0.04045062416484651,0.040450624356019045,0.03891973945128201,0.03891973996173161,0.052689731676609,0.052689757581790626,0.055227126498592155,0.05522713723323342,3.3143501979271663e-08,3.364175766193674e-08,0.04048707919035216,0.04048708017807162,0.08380760504487586,0.08380762690420099,7.762645838156272e-10,8.319456010566173e-10,1.2145805956837738e-09,1.288532068831452e-09,0.04237914523110309,0.042379146498729786,0.0,0.0,0.030722526189232602,0.030722526779821277
2024-06-21,3.5987394391029314e-07,1.0796218317308794e-10,1.1131267771991728e-09,1.121157010154273e-09,0.13785226143035348,0.13785226186101673,0.13095512538473283,0.1309551253061527,0.1001209293865494,0.10012074952815742,0.11447620739506165,0.11447620742495922,0.020816634727296224,0.02081663531776051,0.01392751266005095,0.01392751315318017,0.0023846106818358527,0.002384611516322197,0.0,0.0,0.011720628452097443,0.011720628927065943,0.03196275177609314,0.031962752679364576,0.0,0.0,0.0,0.0,0.0,0.0,0.0,0.0,0.01149846553353755,0.011498465918149884,0.01112385364919931,0.011123854066981123,0.02645426382330099,0.02645426429324144,0.041016232252026254,0.041016232611278944,0.04029535299433275,0.040295354120759096,0.053824063226590835,0.05382414784919248,0.05548985447347335,0.055489876178674936,3.196552532625264e-08,3.281335826839822e-08,0.03938383658819628,0.039383838172947466,0.08498254651742768,0.08498260793481077,7.311370363690601e-10,7.733169650755067e-10,1.1513522061418961e-09,1.206841614272866e-09,0.041798275235230865,0.04179827737643955,0.0,0.0,0.02991655885147203,0.029916559848870854
2024-06-28,1.0039253738663668e-07,3.0117761215991e-11,9.932021199830525e-10,1.112768390387767e-09,0.13900271293863636,0.13900271299524056,0.13214450392346325,0.13214450386534554,0.10077581136866656,0.1007757612459425,0.11521407650889182,0.11521407649346505,0.020695023000842142,0.020695023086846887,0.01358300072306106,0.013583000794682637,0.0023102984776568105,0.0023102985905316055,0.0,0.0,0.011396962794587967,0.011396962863571723,0.0319984279572673,0.031998428096881276,0.0,0.0,0.0,0.0,0.0,0.0,0.0,0.0,0.011301186723843322,0.01130118677894353,0.010836216863198942,0.0108362169235839,0.026151327501648787,0.026151327569589974,0.0400811554283144,0.0400811554809328,0.03868742147476949,0.03868742161465966,0.05342225436297952,0.053422275511153534,0.05661618632790555,0.056616194527328495,3.232511816318563e-08,3.2436570750738665e-08,0.039597184076036476,0.03959718432434726,0.08376396187095175,0.08376398060477899,6.143449201781857e-10,7.209170441813928e-10,1.0160218480206777e-09,1.1534898101524092e-09,0.04186312836823426,0.041863128683849754,0.0,0.0,0.03055912436035722,0.03055912452457867
2024-07-05,3.6245990022849503e-06,1.087379700685485e-09,9.533759461119252e-10,9.811388372922656e-10,0.13802541187252154,0.1380254119686739,0.1311976235880606,0.13119762308686353,0.10004963342216953,0.10004782316798712,0.1143376169568495,0.11433761632161624,0.020500364115508925,0.02050036439024846,0.013223367566767919,0.01322336778874954,0.0022442341888847415,0.0022442344825426273,1.300447575955179e-10,0.0,0.010940422897738325,0.010940423105272134,0.03231239362929797,0.03231239408293412,1.4034297412198068e-10,0.0,1.3825500125905614e-10,0.0,1.4403217517485754e-10,0.0,1.5264577761344148e-10,0.0,0.010735122260511827,0.010735122403863947,0.010686650315065768,0.010686650485108787,0.02548053794157277,0.025480538150040387,0.04057122977281474,0.04057122994115047,0.040219860565606905,0.04021986111163583,0.05503083688454272,0.05503234418804827,0.05700042277186811,0.05700046924038283,3.343601786224623e-08,3.342278354122666e-08,0.04046537997212059,0.0404653807964626,0.085044988748584,0.085045242208745,6.404749163503807e-10,6.279314791887597e-10,9.651039344941767e-10,1.02521646916432e-09,0.040860745390985206,0.04086074621952338,1.7778998858339783e-10,0.0,0.031073120260444943,0.031073120803080383
2024-07-12,0.003164923356609916,9.494770069829747e-07,9.467352473550212e-10,9.551144235846917e-10,0.1376703530448361,0.13767035306854106,0.13075945799868888,0.13075945788943794,0.10149519062583744,0.09991273005147541,0.11416096430779726,0.11416096351077347,0.020666708130918084,0.02066670827495824,0.013503555594796102,0.013503555706918734,0.00230314590979693,0.0023031460098390712,1.5510741256993918e-10,1.3336590859005033e-10,0.011179166635447331,0.01117916673533315,0.03153101008349373,0.031531010299826426,1.7577520632751898e-10,1.470148910093759e-10,1.7144383569735981e-10,1.437692039802879e-10,1.7851631059346954e-10,1.4715103451389076e-10,1.9502647363299174e-10,1.5829515060434694e-10,0.010843126506922464,0.010843126570324647,0.010920900691403739,0.010920900769052177,0.025537252342218653,0.025537252449583613,0.040246847749374426,0.04024684783108224,0.04097030035511415,0.040970300646268575,0.054809840537995806,0.056391981657517444,0.05768321763044978,0.057683326806727116,3.445119625830515e-08,3.46115743982639e-08,0.04057147108222641,0.040571471540406696,0.08572706483349533,0.08572727367034097,6.276042392676807e-10,6.372432872129713e-10,9.274471664933448e-10,9.489884513801105e-10,0.03934444071456224,0.039344441020018044,2.2087516796361113e-10,1.6948001521545944e-10,0.03007594717489789,0.030075947439578272
2024-07-19,0.0014328855178157188,4.298656553447156e-07,9.3146396485678e-10,9.299382984469357e-10,0.1374093539961631,0.13740935401373502,0.13067918652841357,0.13067918639536197,0.10197575221892262,0.10125931087348165,0.11384904861701009,0.1138490476136441,0.021004233392466036,0.021004233540812208,0.013320683342167872,0.013320683452980932,0.0022592625729601157,0.00225926267811994,1.865917587594736e-10,1.4878608054699396e-10,0.011361389564564669,0.011361389664929387,0.03154612699860332,0.031546127213486576,2.2159152345521066e-10,1.8130126248200665e-10,2.1026197534257658e-10,1.688124099804534e-10,2.2484095196495725e-10,1.817048019382824e-10,2.4641551036140717e-10,1.9910397535832434e-10,0.011005755304385344,0.011005755365919506,0.01101384375461143,0.011013843831023735,0.026216536460061463,0.026216536573337505,0.04023648656814984,0.04023648664771295,0.039992601911681386,0.03999260216861001,0.05258211504557234,0.05258213140852712,0.058170691459446484,0.058170858020145086,3.333667302347723e-08,3.344432187220262e-08,0.04076644530507508,0.04076644575517813,0.08721597967075308,0.08793223709905668,6.136512661257284e-10,6.097296092265457e-10,9.036888910427196e-10,9.127912206117659e-10,0.03831458874883651,0.038314589010601724,2.771739643940383e-10,2.155651679228221e-10,0.031079881387802846,0.031079881681281105
2024-07-26,0.001378598852190208,4.1357965565706235e-07,9.070196336347107e-10,9.300977342149053e-10,0.14094730951439705,0.14094730952604068,0.13418672823949393,0.13418672812176413,0.1049814086165218,0.10429211071973653,0.11634092947566475,0.11634092822296618,0.02075096927931895,0.020750969378901658,0.012996409292832984,0.012996409367119119,0.0022207512328207175,0.0022207513255218907,2.0768265087602342e-10,1.863775901102059e-10,0.011111618984030892,0.011111619052627116,0.03133509919810889,0.03133509934458196,2.397511008312965e-10,2.1611121235586788e-10,2.2950759311518169e-10,2.0522586189180876e-10,2.5363585959327863e-10,2.2885206945805978e-10,2.7261584889883655e-10,2.4487431317953816e-10,0.011201274094971621,0.011201274134689363,0.01111110214423497,0.011111102196063207,0.025441432479413068,0.025441432552096355,0.039010845391766705,0.039010845442412574,0.03728001793278464,0.03728001808236381,0.05089286025575213,0.050892863525845135,0.056028756184978455,0.056028771072491886,3.240116576176784e-08,3.241627852641282e-08,0.040092135901489384,0.040092136186651084,0.08448130909878722,0.08517058877067286,5.794432007155546e-10,5.885499383612048e-10,8.713596930917502e-10,9.032157609477587e-10,0.03949339958985059,0.03949339978110156,3.063763517859486e-10,2.6924678386495044e-10,0.03009560682422378,0.030095607007523114
2024-08-02,0.005308101626146444,1.592430487843933e-06,8.69971248285108e-10,9.13009234669252e-10,0.1397373529692025,0.13973735298512838,0.1334171174841847,0.13341711745198992,0.10656663526479378,0.10391258612443252,0.11505819349607359,0.1150581918555566,0.020658636919787542,0.020658637002152758,0.013389911724971471,0.013389911789942088,0.0023124247200527674,0.0023124247957600564,1.9524438654244806e-10,2.1911466196038435e-10,0.011135698719799417,0.011135698779336381,0.031091181112833616,0.031091181229591276,2.2684914330869758e-10,2.489745005664637e-10,2.1277816593946103e-10,2.338684044702932e-10,2.3073111048481606e-10,2.5029864283425304e-10,2.5849571258253144e-10,2.789014859187775e-10,0.01175004502644598,0.011750045068479898,0.011695816128260166,0.011695816176271615,0.024954596917081722,0.024954596977000344,0.039161892853754474,0.03916189289665152,0.03763999527529213,0.037639995403566655,0.05216507973435376,0.05216509786935649,0.057163205857813953,0.057163336501154495,3.2793675290853705e-08,3.2870627303885405e-08,0.04001622551868487,0.0400162257777518,0.08327096517368714,0.0859248655740597,5.47755587211423e-10,5.867674519555239e-10,8.134970245164511e-10,8.64234794860894e-10,0.03825967113807115,0.03825967127147539,2.9034443976651977e-10,3.056601331102447e-10,0.030555317525513045,0.03055531769888577
2024-08-09,1.4021885668266345e-07,4.2065657004799034e-11,8.266152673982976e-10,8.826940954968724e-10,0.14329694645649277,0.14329694648266425,0.13654307880900327,0.136543078731892,0.10921425586758399,0.10921418709560923,0.11791344422110295,0.11791344296076077,0.020691851250289592,0.02069185129690761,0.01344874107989007,0.013448741118628491,0.002305781524608073,0.002305781613511508,1.6763776794088161e-10,1.9576050139126964e-10,0.01103251927124713,0.01103251930989202,0.031473844049958594,0.0314738441219384,1.8871703648341789e-10,2.1570689558546913e-10,1.7517863799997607e-10,2.007103465097946e-10,2.0679782509048273e-10,2.3329721718073354e-10,2.2712590420959452e-10,2.5491929006374536e-10,0.011721350260905497,0.011721350290072707,0.011476100882752176,0.011476100915365032,0.026247265387660722,0.026247265419956523,0.03894776083485309,0.03894776085824637,0.035529580854218194,0.03552958090996285,0.047766308394527605,0.047766310674655206,0.05342871997593961,0.0534287327970949,3.073384759099502e-08,3.0834527060160465e-08,0.038975549094247865,0.038975549246125535,0.08327591273063935,0.08327596651537385,4.907689875657475e-10,5.367003738638137e-10,7.447780030630065e-10,8.066179145098764e-10,0.038254945087392085,0.03825494515533845,2.731656654710868e-10,2.9774051455540486e-10,0.028456009932054358,0.028456010027330052
2024-08-16,0.0007741794212719646,2.3225382638158936e-07,1.0084995726371992e-09,8.061155584026456e-10,0.14145645020378192,0.14145645021250314,0.1347213408958796,0.13472134018487258,0.10846926265314512,0.10808218926989716,0.1167778454715554,0.11677783131721041,0.020505147735602653,0.020505147882814663,0.013153106496420854,0.013153106610158196,0.0022557160769002124,0.00225571627314438,2.98262185445524e-10,1.661922695147951e-10,0.010805967111829351,0.010805967217713241,0.03148838608920924,0.03148838631357358,3.2962297456421195e-10,1.8550922563935734e-10,3.1830935690547246e-10,1.73712018031695e-10,3.5410439215926417e-10,2.0164330070179317e-10,3.777182899523266e-10,2.2427470728534412e-10,0.0116624619750014,0.011662462035763673,0.011156650708285996,0.011156650786161588,0.025415274246217878,0.025415274340053504,0.03886274636251704,0.038862746427308366,0.03634642917433489,0.03634642936979788,0.05070607174444825,0.05070609055442157,0.056894400266787964,0.05728140305536451,3.176778576881934e-08,3.174412995635649e-08,0.03982710336179528,0.03982710384923839,0.08390075814219916,0.08390082398744426,6.477119266376004e-10,4.991620051665029e-10,9.124734014129235e-10,7.263373948753309e-10,0.036376920870332716,0.03637692103701598,4.482462976634789e-10,2.7362163007523384e-10,0.029217923951020873,0.02921792427484466
2024-08-23,0.0005169859288539947,1.550957786561984e-07,1.4626713619483724e-09,9.83476547010786e-10,0.1409716176468555,0.14097161768677846,0.13451750082382583,0.1345174996514651,0.1081924000204648,0.10793396416213928,0.11629592598657817,0.11629587295492305,0.020239944922802334,0.020239945216262673,0.012636358839687993,0.01263635907675043,0.002154833784618036,0.002154834213644978,5.144976251222801e-10,2.8473389181440663e-10,0.010420926088082559,0.01042092631746961,0.031043633282433418,0.03104363372505597,5.678804699658675e-10,3.14400141250366e-10,5.582861326029593e-10,3.086139113604762e-10,6.112667407260326e-10,3.4097732332567236e-10,6.405569710281601e-10,3.6388647654431656e-10,0.011198303158620774,0.011198303302585387,0.010645684224413181,0.010645684401424877,0.023927861241501102,0.023927861423659,0.03969862618827311,0.03969862633947042,0.03759672309584817,0.03759672354079432,0.052632570591914576,0.05263298686246274,0.05705150435027731,0.05730928892230854,3.32047436930943e-08,3.313321494260429e-08,0.04102773638668464,0.0410277375200421,0.08475375455767337,0.08475404183804439,9.749041844548118e-10,6.575590309749015e-10,1.329528472394767e-09,8.969641110991926e-10,0.03617583161183988,0.03617583192237818,7.4681794300221e-10,4.2524172082026133e-10,0.02881822258645142,0.028818223213272424
2024-08-30,0.00020911677790285402,6.27350333708562e-08,2.2855344033073053e-09,1.484726939089099e-09,0.14124259001405623,0.1412425900997802,0.13448933941182503,0.1344893377874167,0.10833559827170254,0.10823131018898212,0.11646138228112972,0.11646111841503515,0.02007456122153431,0.020074561661981648,0.012721593092087518,0.012721593458029659,0.0021812788911595646,0.0021812796525365313,8.597916770268868e-10,5.186206883774366e-10,0.010413944321158088,0.010413944682067989,0.030271950613191174,0.030271951226418105,9.467858802186789e-10,5.626216863664468e-10,9.282111524784502e-10,5.49319294097727e-10,1.0321145096905525e-09,6.24261043804603e-10,1.0651576079908078e-09,6.360446814236203e-10,0.0112983681187888,0.011298368348851574,0.01068530123559567,0.010685301516664799,0.023657236195339357,0.023657236462827635,0.04001270276252926,0.04001270298632148,0.03781242352069172,0.03781242424068679,0.05054556770192838,0.050545626067890745,0.057109528151372026,0.05721328030764174,3.361588324272086e-08,3.332267421751303e-08,0.04155138322360905,0.04155138514209254,0.08504856169319355,0.085049301751899,1.524028366686068e-09,9.779555454119e-10,2.074310069366496e-09,1.3446742796335699e-09,0.036960943271378104,0.03696094378085831,1.2686364014580131e-09,7.638266378737984e-10,0.029125700407276685,0.02912570143729197
2024-09-06,0.0002683028196463168,8.049084589389503e-08,2.2197737549857737e-09,2.3205811551927063e-09,0.14258841367543876,0.14258841367484598,0.13582187723199665,0.1358218770349603,0.10916572484289035,0.10903167951443112,0.11711473119407795,0.1171146253364127,0.020076092682665875,0.020076092738532884,0.01290622326766609,0.01290622331280154,0.0022151367123071602,0.0022151367950490695,7.318431604299211e-10,8.826351661397873e-10,0.01062703590219642,0.010627035945624632,0.030408398138384824,0.030408398211749038,7.969224578325281e-10,9.473396724053487e-10,7.843668722276657e-10,9.345185699576544e-10,8.921479105024707e-10,1.0455678836116716e-09,9.066317476979465e-10,1.0586638203125115e-09,0.011528554832303556,0.011528554859946256,0.01065041241403024,0.010650412447463384,0.023881013630773464,0.023881013666807987,0.03950518428149847,0.03950518430991008,0.035875877118383644,0.03587587719695182,0.04926639748537636,0.0492664039336532,0.05596618575944281,0.05609682245596416,3.250878903829835e-08,3.2482719519875054e-08,0.041028765920180586,0.041028766151201025,0.08497606700024377,0.08497957304480137,1.3209226990634523e-09,1.4680567559607038e-09,1.8130361530344918e-09,1.9409749096845604e-09,0.03812810940207799,0.03812810948517448,1.1057376413015834e-09,1.2542669705426454e-09,0.028269755427893634,0.02826975554839464
2024-09-13,0.0004438314600259727,1.331494380077918e-07,2.0506686636646055e-09,2.1829770504005264e-09,0.14304389119119376,0.14304389118881028,0.13636767529091828,0.13636767512496015,0.10960811110606876,0.10938630630247406,0.11730617902027644,0.11730606827167929,0.01958178309474405,0.01958178313211067,0.012635839093797398,0.012635839124789132,0.0021626782512810224,0.0021626783061625995,5.73347013983502e-10,7.12931377889162e-10,0.010567228631543196,0.010567228661370576,0.02916722688592226,0.029167226932337663,6.325699219317932e-10,7.761522826223136e-10,6.36404788501083e-10,7.818016501297192e-10,7.284288435763932e-10,8.814045187290522e-10,7.367339571584271e-10,8.88712371370301e-10,0.011503386229651297,0.011503386248180633,0.010486069589086803,0.010486069611799351,0.022870649401044763,0.022870649424909333,0.03952852511031206,0.03952852513041599,0.036098805746742804,0.036098805803491646,0.05141648881110928,0.05141652326749534,0.056106656812488276,0.05611075146948911,3.307249361620453e-08,3.3063014144804115e-08,0.04097389139672176,0.04097389155124289,0.08533812797231981,0.08555591261775665,1.1896840768753448e-09,1.3563291350967634e-09,1.6205647140125325e-09,1.7769537043046753e-09,0.03777660233565527,0.03777660239064724,8.972552415333125e-10,1.054025270370779e-09,0.027460141890971738,0.02746014196557585
2024-09-20,0.00271180003041013,8.135400091230389e-07,2.026535021118835e-09,2.0345041004444185e-09,0.14189256591209007,0.1418925658659741,0.13563050323575085,0.1356305023700851,0.10970427756795284,0.10872238472521704,0.11672093995445669,0.11634693427709138,0.019549740404405824,0.019549740654188897,0.012612414618187778,0.01261241482660736,0.0021504854247902457,0.0021504857824590283,6.428195006617025e-10,5.708351985055201e-10,0.010437621731825993,0.010437621932011235,0.02912604509435952,0.029126045401650442,7.069275404963043e-10,6.213524081227881e-10,7.127694621902712e-10,6.361634295463567e-10,7.920460903832707e-10,7.079855848542152e-10,8.113350404549648e-10,7.231607198794777e-10,0.01159185228288893,0.011591852409783105,0.010321534523399827,0.01032153467608532,0.022545372577434275,0.02254537273687831,0.04072997525809206,0.04072997540736959,0.037125782007128794,0.037125782433857814,0.05146434469846145,0.05146476692028175,0.05582218001881352,0.0566170452211839,3.280939387056251e-08,3.2920877982411296e-08,0.04156930165797856,0.041569302785758086,0.08511950044761095,0.0856801085621283,1.2625682950827109e-09,1.2087559714328417e-09,1.6496961541384301e-09,1.617560517727823e-09,0.037731973069312384,0.03773197342114491,1.0024052858240332e-09,9.114311915302908e-10,0.02815354709856325,0.02815354763761707
2024-09-27,0.00046178876167390405,1.385366285021712e-07,1.9143500865888655e-09,2.0638010928009253e-09,0.13903108773656558,0.13903108770966582,0.1327308744138071,0.13256944005768465,0.10748160286606867,0.10741236422425295,0.11423381556705631,0.11423359422002173,0.02132560187300758,0.021325601919390504,0.013577469912114441,0.013577469940922576,0.002300270545638457,0.0023002705990492083,5.448499402672483e-10,6.784508742911277e-10,0.011335572375134528,0.011335572401405427,0.03163315539777525,0.031633155480268266,6.065699342559614e-10,7.455830989927648e-10,6.19418662020281e-10,7.620315598663231e-10,6.87004284114017e-10,8.340437797790812e-10,6.993809850594817e-10,8.461610177935423e-10,0.013037899301473501,0.01303789931723834,0.01081339650243664,0.0108133965199908,0.025730848856328408,0.025730848892653507,0.0433625129179871,0.04336251294359453,0.03807323563332485,0.03807323570667603,0.05082350930035419,0.050823679810334484,0.05414708828172461,0.05414711174296162,3.276971227042164e-08,3.2760747771708954e-08,0.04081722741330615,0.04081722759228449,0.0853008850293091,0.0855315833830102,1.091947048106303e-09,1.2539077742503694e-09,1.4741377259571221e-09,1.6328729663446065e-09,0.037374233365040276,0.03737423342348214,9.425729610710803e-10,1.1095952573686317e-09,0.02686967136160334,0.026869671427917408
2024-09-30,0.0021400662150800795,6.420198645240238e-07,2.2912767745815494e-09,1.9585224888867163e-09,0.13788250515305722,0.13788250506248545,0.1321664449403166,0.13109641670455668,0.106847649386025,0.10684764685474438,0.11384270361802644,0.11384270298996882,0.022574246534740633,0.022574247607283705,0.014675967170765135,0.014675967857312764,0.0024953308711944816,0.0024953313709267875,6.841405447576396e-10,5.909067289786455e-10,0.012454131531775282,0.012454132136862467,0.031394712466536,0.03139471389267713,7.667208258025859e-10,6.43284407556457e-10,7.745454091268841e-10,6.628727473580322e-10,8.657654633815424e-10,7.302709045005949e-10,8.93715525592608e-10,7.577435771339957e-10,0.013925711457842799,0.013925711894047612,0.01134304984235421,0.011343050262684866,0.027714482498236197,0.027714483442118888,0.044713921017280576,0.04471392161460854,0.03791703890306079,0.03791704009447201,0.04876489953003621,0.049822689806061624,0.053112349298615094,0.05312216556538248,3.2251673690926914e-08,3.258671005215458e-08,0.04076403630783025,0.040764039644220075,0.08431335008906843,0.08431576313768042,1.3317209891317605e-09,1.099686066845843e-09,1.8168200488574158e-09,1.50069092650931e-09,0.03693764047171416,0.03693764136375165,1.1193229237099834e-09,9.78180656023509e-10,0.026159786115822113,0.026159787189285123
2024-10-11,4.884864518036534e-10,1.46545935541096e-13,2.2172425697941695e-09,2.2304383065336696e-09,0.13638411018424274,0.1363841101723637,0.13115052306943492,0.13115052302907976,0.10525781189484705,0.10525781185260162,0.11260392994678262,0.11260392992048308,0.023566292974348445,0.023566292978699426,0.015288999230562449,0.015288999218113863,0.002606329827298933,0.002606329890961842,7.029182656074319e-10,7.06212864301938e-10,0.014389258686012023,0.014389258675387692,0.0319321930249443,0.0319321930328667,9.683389072537462e-10,9.710021047206078e-10,8.942781551757563e-10,8.979355938696803e-10,9.573445457319986e-10,9.61058067874246e-10,1.1324543369894274e-09,1.1444579966696598e-09,0.01522975625835127,0.015229756237982846,0.012594185224201127,0.012594185205442482,0.027718557378214822,0.02771855737593031,0.04596356039097167,0.04596356037313328,0.035961093687134425,0.035961093672162214,0.04910614981691731,0.04910614983533004,0.053514043046015196,0.05351404307112454,3.155887949447973e-08,3.161958554403863e-08,0.04026717001454327,0.04026717002163204,0.08287683252975041,0.08287683253876471,1.3189378083169149e-09,1.30948287792286e-09,1.8216740977053894e-09,1.8261385701460845e-09,0.035803647997107065,0.03580364798039306,1.1176494384349964e-09,1.120743410154716e-09,0.02778551212860224,0.027785512130491415
2024-10-18,5.170504095998972e-10,1.5511512287996915e-13,2.2199145274686273e-09,2.234935068172967e-09,0.1366562884200409,0.13665628840847785,0.13143046782971002,0.13143046778356074,0.10581737116688329,0.10581737111748006,0.1125491956133844,0.11254919558578882,0.02227742547197512,0.02227742547341507,0.014529259373481488,0.014529259361128411,0.0025378829106871867,0.0025378829782592184,6.899585082173546e-10,6.929017682104428e-10,0.013202894774654967,0.013202894763913783,0.031547527832534804,0.031547527842963434,9.17469716925429e-10,9.190254668651043e-10,8.504069860755036e-10,8.52677012807688e-10,8.676426951335892e-10,8.684941174404671e-10,1.0133285802257733e-09,1.0219548436219503e-09,0.01488586463974132,0.014885864619556762,0.0122473171541995,0.012247317136259357,0.025456684735393253,0.0254566847283781,0.0441585403066978,0.044158540288833203,0.03743660263909958,0.03743660262664184,0.04977651178311113,0.04977651180462401,0.05594220836080463,0.05594220838428334,3.158926503841822e-08,3.16498871921056e-08,0.04079874564705669,0.040798745656809444,0.0862100785029852,0.08621007852941776,1.3101016994598148e-09,1.3009462146972853e-09,1.764958144287755e-09,1.7674751098760392e-09,0.035127373322795294,0.03512737330669304,1.0494489117044808e-09,1.0516207751266829e-09,0.027411717242268784,0.027411717243598106
2024-10-25,5.503801665116136e-10,1.6511404995348405e-13,2.215651294106716e-09,2.2323946665514177e-09,0.1354683470816719,0.13546834706698643,0.13029412303062807,0.13029412297017462,0.10517981752943101,0.10517981747236614,0.11197015366202344,0.11197015363104378,0.02300465466530233,0.02300465466901905,0.015279859926475516,0.015279859914949455,0.0026900389337976933,0.00269003899776355,7.25787342148179e-10,7.308286746423803e-10,0.014032538024111958,0.01403253801396956,0.03132676160521832,0.0313267616130755,1.0091396242168334e-09,1.0163863930014024e-09,8.927652995666271e-10,8.982392130112801e-10,9.41415540008678e-10,9.46501862518885e-10,1.1064253400608828e-09,1.119895359096656e-09,0.01548496392126578,0.015484963901729147,0.013002304926999251,0.01300230490915057,0.026408725428875887,0.02640872542451733,0.04463333772046883,0.0446333377037215,0.03882336400218152,0.038823363992447985,0.04896669460641223,0.048966694625997995,0.05416769045391535,0.054167690480276316,3.00629233735558e-08,3.012249844480296e-08,0.03981786407174118,0.039817864076900356,0.08704625495759559,0.08704625498440272,1.3277626028989527e-09,1.321585832392818e-09,1.7953750258848524e-09,1.8002039656963651e-09,0.0352140643332924,0.03521406431735582,1.0574526762693425e-09,1.0613953394758512e-09,0.02718839998389366,0.02718839998422263
2024-11-01,5.515500131060368e-10,1.6546500393181103e-13,2.208243440913592e-09,2.2250725122505515e-09,0.13546687716752706,0.13546687715342642,0.13019521503031814,0.1301952149673877,0.10505881235508176,0.10505881229538218,0.11184326828586004,0.11184326825437406,0.02274471823928513,0.02274471824291963,0.015736731127738376,0.015736731117492474,0.00280034240306611,0.0028003424642464993,7.646244291786369e-10,7.713349247582838e-10,0.013948002776164434,0.013948002766610824,0.0305089650367674,0.030508965043113585,1.0087353299276005e-09,1.0160309496052824e-09,8.940827460401e-10,8.99739079589205e-10,9.75629806676097e-10,9.818982505602825e-10,1.0823931772552118e-09,1.0952784141453583e-09,0.01584470305965772,0.015844703040824498,0.0133156277052051,0.013315627687893159,0.026373335481091942,0.0263733354774423,0.044287568388254796,0.04428756837145804,0.03845353953524531,0.038453539525624685,0.04921454345405629,0.04921454347615192,0.05423095015966488,0.05423095018808903,3.043266711461086e-08,3.049174017931328e-08,0.039456035364433206,0.03945603536766549,0.08849564343316155,0.088495643459969,1.3160795811361595e-09,1.3096227415668925e-09,1.7876288985949787e-09,1.792969069749549e-09,0.03524102709776403,0.035241027082674285,1.035524612278712e-09,1.0393289577613468e-09,0.026784052394047558,0.026784052394239276
2024-11-08,6.120075535100625e-10,1.8360226605301875e-13,2.2112329682134018e-09,2.2286877183764048e-09,0.13407023655552605,0.134070236538294,0.12884178586686582,0.12884178578602265,0.10375581022243711,0.10375581014584889,0.11036552229515517,0.11036552225819601,0.02400673379586558,0.024006733804537567,0.01641443281203587,0.016414432803302067,0.002898745115321756,0.0028987451789830596,7.794102546698064e-10,7.881833034004225e-10,0.014955255720796394,0.014955255712940247,0.031183223824217447,0.031183223832570002,1.0479488558818484e-09,1.0588725740714588e-09,9.186905936275242e-10,9.272155084055189e-10,9.847265882900153e-10,9.92864284813275e-10,1.122070809782927e-09,1.1381049522244766e-09,0.018288067651032407,0.01828806763547539,0.013935716493722081,0.01393571647719921,0.028677441711539357,0.02867744171602961,0.04514278973236732,0.04514278971700899,0.03582408071780573,0.03582408070530697,0.05036960139089466,0.05036960142180174,0.0548211174181131,0.054821117440882534,3.019836252867275e-08,3.025769588703345e-08,0.038846719457375126,0.03884671945788341,0.08383860277907158,0.08383860279862987,1.31655815245246e-09,1.3116562056164813e-09,1.7761582279157232e-09,1.7821052932327966e-09,0.035703775965727394,0.035703775952775026,1.0748987587685118e-09,1.0813546533713185e-09,0.028060299044072288,0.02806029904957223
2024-11-15,6.309511420054489e-10,1.8928534260163466e-13,2.1978579843214097e-09,2.214107014588299e-09,0.13542665989908895,0.13542665988257882,0.1303276452728396,0.13032764518901643,0.10469769893124276,0.10469769885168809,0.11129195370218035,0.11129195366396653,0.023493035662670272,0.02349303567048465,0.016123592960907325,0.016123592952217842,0.00285919674624112,0.0028591968091278867,7.61368375945336e-10,7.695724053883853e-10,0.01495761924038035,0.014957619232982347,0.03054616037611893,0.030546160384000254,1.0471892796021603e-09,1.0583741610401234e-09,9.376936888786731e-10,9.47065845813654e-10,9.903881963906327e-10,9.984118621655242e-10,1.107967437461715e-09,1.1237931712249738e-09,0.017096841600034843,0.017096841583869093,0.013682065488855123,0.013682065473052018,0.027345906171524572,0.027345906171956938,0.04276770687213855,0.042767706854958884,0.03524241219685668,0.03524241218417212,0.051486504657091134,0.051486504701180096,0.05734187153273601,0.05734187155395541,2.9681180569415497e-08,2.9743630774829906e-08,0.03846125226996832,0.03846125226981767,0.08191560899265184,0.08191560901766509,1.2829998837929152e-09,1.276322596869865e-09,1.7446238826324343e-09,1.7474640996653158e-09,0.03621160145152162,0.0362116014388962,1.0286187819500248e-09,1.0332909084380232e-09,0.028724625195063604,0.02872462520238054
2024-11-22,6.318577567664689e-10,1.8955732702994065e-13,2.1790403213095813e-09,2.1973690215350694e-09,0.13523115252951246,0.1352311525117708,0.1300964965578987,0.13009649647448335,0.10446543224197435,0.10446543216106921,0.11102093203078062,0.11102093199102646,0.02314007161491642,0.023140071621513457,0.01581744995960092,0.015817449950947148,0.0028447909856539923,0.0028447910504848274,7.576241659967137e-10,7.658157352155084e-10,0.014493581729967007,0.01449358172243211,0.03095454403966609,0.030954544049566414,1.0054213583007093e-09,1.015554359288466e-09,8.993134263835428e-10,9.075202673750709e-10,9.643736268299692e-10,9.718844502209835e-10,1.073667760613857e-09,1.088615908944756e-09,0.016673426905173566,0.016673426889102713,0.013280727887687083,0.013280727872232532,0.026731961974673937,0.02673196197369806,0.04304263316398607,0.043042633147135245,0.036369077101594524,0.03636907709110212,0.050459589559419656,0.05045958959090734,0.05678332594231327,0.05678332596690182,2.9426440058136222e-08,2.9485683094920085e-08,0.03852465295124278,0.03852465294963175,0.08533407480042493,0.08533407482880953,1.3022982534548605e-09,1.2983528874194699e-09,1.761782685120898e-09,1.769254029158733e-09,0.035176370423436076,0.03517637041091313,1.0440827110454943e-09,1.049927902857184e-09,0.02955966718603309,0.029559667196294336
2024-11-29,6.926498980060062e-10,2.0779496940180185e-13,2.1692934515739902e-09,2.186370981434591e-09,0.13585712253447554,0.13585712251607962,0.13103407493295308,0.13103407483108268,0.10492469941983454,0.10492469933012899,0.11144152328246007,0.11144152323919793,0.022566346975804397,0.022566346982050383,0.015293871631434329,0.015293871623000627,0.002775157539533838,0.0027751576060760117,7.517555044217409e-10,7.603070229339341e-10,0.013923328447451103,0.0139233284402096,0.030755254551749,0.030755254564194326,9.658876092361702e-10,9.754147950929993e-10,8.644958306655472e-10,8.72054675366335e-10,9.285560569113187e-10,9.35368352175221e-10,1.0326794814304777e-09,1.047089986855683e-09,0.016015557325056634,0.0160155573094608,0.012864394796756834,0.012864394782317873,0.026061060148291314,0.02606106014662385,0.04251901877305618,0.042519018756244135,0.035113872559884976,0.035113872548482535,0.05148521719622867,0.051485217244346584,0.0589046187416431,0.05890461877147341,3.034705366648995e-08,3.041077232386409e-08,0.03924727112343824,0.0392472711237151,0.08471248628119488,0.08471248631627684,1.2998954825580732e-09,1.2950790726423979e-09,1.7358543636974352e-09,1.7399381998083939e-09,0.03498723098500575,0.034987230972323105,9.982766740542856e-10,1.003157061668147e-09,0.029517851659999286,0.029517851671162863
2024-12-06,7.661756927036697e-10,2.2985270781110087e-13,2.1573297965777474e-09,2.172445328226302e-09,0.13508283968382628,0.13508283966344978,0.13076609926897184,0.13076609916421972,0.10414624324358845,0.10414624313480657,0.11043627167712308,0.11043627162585706,0.022633395666995813,0.022633395673897137,0.015513844592475666,0.015513844584510586,0.002838342090034331,0.0028383421553909373,7.670336688559376e-10,7.763566216522713e-10,0.014111551839225854,0.014111551832336417,0.031167560874854113,0.031167560890860452,9.610887148078672e-10,9.70470354911495e-10,8.698579777674525e-10,8.776800591911084e-10,9.110228687445343e-10,9.169101349970067e-10,1.027345288105339e-09,1.041881393307858e-09,0.016456354064806226,0.01645635404980652,0.012901881686052276,0.012901881671898506,0.026071671314177102,0.02607167131263885,0.04254685863430695,0.042546858616860944,0.036080312870341545,0.03608031285937219,0.05277319296644105,0.05277319304412877,0.059830839765245475,0.05983083980020565,3.116679060268922e-08,3.123281139527869e-08,0.04068007258988666,0.04068007259316606,0.08475457443403552,0.08475457447355622,1.3109943951761244e-09,1.304284798649995e-09,1.7067151525184523e-09,1.7052398954270873e-09,0.033016716991800865,0.0330167169760359,1.025906695966115e-09,1.0313000043686212e-09,0.02819133384172577,0.02819133384762155
2024-12-13,8.159177358332546e-10,2.4477532074997633e-13,2.18446110234024e-09,2.2008891033870287e-09,0.13401173109500483,0.13401173107257935,0.13041432942887185,0.13041432934036923,0.10303852825282889,0.10303852811262883,0.10911831700764699,0.10911831694481429,0.02297267745047895,0.02297267745878715,0.015834153341381024,0.01583415333380929,0.0028973073096814302,0.0028973073758574654,7.792164422454731e-10,7.892455731567978e-10,0.01439504505092368,0.014395045044302484,0.03141307709493744,0.03141307711188816,9.507113067287343e-10,9.598548782235407e-10,8.729496929683579e-10,8.810265113498331e-10,8.996077244724943e-10,9.050483969019008e-10,1.0104300448093834e-09,1.0245229741404342e-09,0.016667150666188416,0.016667150651239047,0.013115349553830691,0.013115349539580424,0.02716029928477293,0.027160299286806768,0.04408535180869937,0.0440853517925764,0.036339306243661634,0.03633930623321444,0.05326740058091334,0.05326740068660836,0.05907870136251266,0.05907870139242394,3.04293800720877e-08,3.0495336974401157e-08,0.0403779118294438,0.04037791183139012,0.08549240103621826,0.08549240107308348,1.3189673838355798e-09,1.3122266868986613e-09,1.7163692162150411e-09,1.7158453546940748e-09,0.032435668153428104,0.032435668136657415,1.036758702411919e-09,1.0425624289975361e-09,0.027885252249724057,0.02788525225482457
2024-12-20,8.312364029271936e-10,2.4937092087815805e-13,2.1623168288298953e-09,2.174034970278903e-09,0.13643782428287643,0.13643782426029316,0.13264347859271652,0.1326434785095072,0.10455904708824972,0.10455904695934394,0.11077452358749072,0.11077452352993401,0.022823364534520385,0.022823364540594235,0.015552179936355133,0.015552179926762262,0.002814606239197394,0.0028146063026764597,7.402379773675747e-10,7.462408961822925e-10,0.014109785714315355,0.014109785705698848,0.03156621642420057,0.03156621644039568,9.63089420861902e-10,9.696854174683793e-10,8.953121799833732e-10,9.011926856328389e-10,8.659930311907941e-10,8.674024691609816e-10,9.972230180909308e-10,1.0081685611427387e-09,0.01609668045454754,0.016096680437686695,0.01271789836931993,0.01271789835360293,0.02623550984097571,0.026235509838773055,0.043436653781097415,0.04343665376217672,0.03480075248508208,0.03480075247079207,0.05463926787292273,0.05463926802408972,0.057946974791834006,0.05794697481775244,3.026604643526067e-08,3.0335597369193506e-08,0.03992783722378842,0.03992783722377185,0.08437600036918912,0.08437600040767142,1.3116648260189789e-09,1.299754480728749e-09,1.7545665701013552e-09,1.748082940970647e-09,0.03194903731106228,0.031949037292310314,1.0123165986130665e-09,1.0144959714065414e-09,0.02659232013149166,0.02659232013151129
2024-12-27,1.1421170297825286e-09,3.4263510893475856e-13,2.1629141994071886e-09,2.1558711406753516e-09,0.13552614172000263,0.13552614169184357,0.13209647758686185,0.1320964774818298,0.103900639740471,0.10390063956353775,0.11005833341336317,0.11005833333907275,0.022913242967825775,0.022913242975848142,0.015397067343345013,0.015397067332694815,0.002772596451983808,0.0027725965259537836,7.0936779610922e-10,7.123078315102203e-10,0.013983522223088324,0.013983522213727268,0.03158455442268865,0.03158455444489661,9.989926900858738e-10,1.0036623124611227e-09,9.039115577204966e-10,9.071543078953538e-10,8.563861126482393e-10,8.534546449793322e-10,1.0154912056804965e-09,1.0247058783053819e-09,0.016069542837720118,0.01606954281954857,0.012669280525657231,0.012669280509213518,0.025903385956323743,0.025903385952417018,0.043814372233556206,0.04381437221208139,0.034764032452784255,0.03476403243573666,0.055550834801275345,0.05555083508509972,0.05870847954950336,0.058708479582980026,3.007645960949706e-08,3.015507106687001e-08,0.04010256938472403,0.040102569383310166,0.08459728826312887,0.08459728831350426,1.334868060397866e-09,1.3092992408253612e-09,1.762974837857924e-09,1.7356326733774136e-09,0.032883320495757686,0.032883320475008124,9.786731358793173e-10,9.74134053974567e-10,0.026704276829899624,0.026704276830402916
2025-01-03,1.051549858715509e-09,3.1546495761465266e-13,2.146727598412844e-09,2.1423947005258978e-09,0.1365450289288185,0.13654502890478143,0.133895933471413,0.1338959333796263,0.10459392465422021,0.10459392449149411,0.11060520683459008,0.11060520676276756,0.022091098824545928,0.022091098829566044,0.014587547611288424,0.014587547600298364,0.0026205726867301335,0.0026205727634176874,6.772201172790613e-10,6.787713893356991e-10,0.01309404839839403,0.01309404838892542,0.03137481306397088,0.03137481308549425,9.046939683322398e-10,9.058318555191038e-10,8.190129862957795e-10,8.189253665708345e-10,8.232537405074243e-10,8.189255941488454e-10,9.457210948753748e-10,9.521845642510836e-10,0.014828993000793805,0.014828992982727421,0.012038223946016462,0.012038223930391695,0.02526288694941938,0.025262886944333773,0.043062294852885985,0.043062294831601435,0.03504043262653301,0.03504043261105567,0.05505348012790234,0.05505348037817751,0.05852095241945338,0.058520952453224175,3.0384868477073965e-08,3.0463561197669124e-08,0.040009084589995844,0.04000908458920384,0.08551311968607327,0.08551311973314056,1.3517124484293416e-09,1.3295468054627351e-09,1.8322227949535789e-09,1.8080022120306309e-09,0.033673728500830155,0.033673728481799704,9.648905957470397e-10,9.604426997747522e-10,0.0275885879758011,0.027588587979386365
2025-01-10,1.1057666071268092e-09,3.3172998213804274e-13,2.1624021834136173e-09,2.158121777578922e-09,0.13630571965236513,0.13630571962501303,0.13379957734253184,0.1337995772409629,0.10463310780114878,0.10463310762934927,0.11054272320259986,0.11054272312837785,0.02182724195298261,0.02182724195678751,0.01432543330720939,0.014325433296104454,0.002561374755846932,0.0025613748354428446,6.628892065259588e-10,6.637574077317434e-10,0.012770550312380429,0.012770550302948828,0.030436741370106046,0.03043674138659849,9.173236474343925e-10,9.188319781662041e-10,8.176398918683534e-10,8.172941571537368e-10,8.093168831087023e-10,8.040482693263353e-10,9.441335592870361e-10,9.504369616209853e-10,0.014372807887238222,0.014372807869242445,0.011821460544887162,0.011821460529634904,0.024575432029309587,0.02457543202230293,0.04235174793408759,0.04235174791227371,0.035633517753565755,0.035633517738781616,0.055265795648211644,0.05526579591887407,0.05854545319116954,0.05854545322616629,3.0412114900197775e-08,3.049159215088217e-08,0.04287335642861958,0.04287335643999361,0.08668933365453613,0.08668933369631382,1.3846275446847248e-09,1.3636782217986047e-09,1.830709022809785e-09,1.8067667719584852e-09,0.032417267012735715,0.03241726699287018,9.400741629877503e-10,9.341743920190846e-10,0.02825131733723722,0.028251317343259048
2025-01-17,1.265028017803115e-09,3.7950840534093447e-13,2.1642260824643328e-09,2.1610611032529017e-09,0.13520898380341628,0.13520898377164903,0.13276884300012687,0.13276884289592675,0.10357547548253286,0.10357547523732803,0.10969050046407253,0.10969050037911944,0.021766499231092695,0.021766499235333976,0.014440600581990384,0.014440600571460687,0.0025992694807547927,0.0025992695634935938,6.724685504968659e-10,6.751927540198917e-10,0.012923483590820866,0.012923483581971833,0.03047869514822193,0.030478695167125612,9.151187613882724e-10,9.177280542955239e-10,8.105724787048938e-10,8.113768679950234e-10,8.208192382079309e-10,8.17237421338317e-10,9.263756328401041e-10,9.332093859459935e-10,0.01451526895936687,0.01451526894189636,0.011778839756012236,0.011778839741527488,0.02429314916720158,0.0242931491596939,0.0425168417388185,0.04251684171732697,0.03567143142740827,0.03567143141274886,0.05471105430204606,0.05471105459680043,0.05828303995149863,0.05828303999056658,2.967009801427483e-08,2.9753787792599524e-08,0.044218221788881504,0.04421822182184308,0.08683378549993404,0.0868337855492325,1.4076233879631756e-09,1.3882124503040632e-09,1.898310315939922e-09,1.8756530287381053e-09,0.03389164386724582,0.03389164384806368,9.441483331645872e-10,9.407493482824944e-10,0.02983433252879662,0.02983433254268304
2025-01-24,1.0683935420064287e-09,3.205180626019286e-13,2.1599698678246556e-09,2.1740617630292684e-09,0.13425397956671464,0.13425397953728693,0.13180260084551085,0.1318026007370651,0.1029831067879059,0.10298310658455288,0.1090101857719929,0.1090101856984224,0.02169441511283606,0.02169441511584499,0.014470252842998483,0.014470252833416174,0.0025982758863545246,0.002598275960665861,6.609676759839285e-10,6.648698569304018e-10,0.013109341363849579,0.013109341355793305,0.03010974413895275,0.030109744152220338,9.219614201828398e-10,9.27686046201488e-10,8.307082107249496e-10,8.349563599918991e-10,7.996489079459826e-10,7.985015134117261e-10,9.205556071980035e-10,9.295691174470239e-10,0.01454151802838241,0.014541518012051231,0.011691775334321418,0.011691775320408144,0.023982409659859663,0.02398240965247293,0.04228029195358965,0.042280291934258016,0.034864672007546664,0.03486467199430104,0.054710149189435064,0.054710149395477976,0.05822803510830701,0.0582280351424211,3.038332007518135e-08,3.0456817066618497e-08,0.049468967120566,0.04946896716859967,0.08719578713077349,0.08719578717108546,1.3909444475348942e-09,1.3835029983769428e-09,1.8284074989877188e-09,1.8231140573543708e-09,0.034576281496196994,0.03457628147942698,9.084806596287749e-10,9.075803476944033e-10,0.02842816984894144,0.028428169853570502
2025-01-27,1.0820857874372472e-09,3.246257362311741e-13,2.1459367613211338e-09,2.161310566050311e-09,0.1336796644581247,0.13367966442606066,0.13123006403829918,0.1312300639162542,0.1026848589163471,0.10268485871264935,0.10865534022515985,0.10865534015089885,0.021800923436756155,0.021800923440454013,0.014598498326205012,0.014598498317168477,0.0026419390225877392,0.0026419390972104123,6.636914608084632e-10,6.686358404272621e-10,0.013270171994723516,0.013270171987166832,0.030158631611739838,0.030158631625585776,9.212855627873899e-10,9.280584191947493e-10,8.388400686086155e-10,8.444740614110722e-10,8.060410350978284e-10,8.064068251561909e-10,9.149071994758535e-10,9.247300723728374e-10,0.014665029442262657,0.014665029426466237,0.011748420695137742,0.011748420681692674,0.023996997534501588,0.023996997527614344,0.04276511831686358,0.04276511829856732,0.03490442127126642,0.03490442125853589,0.0546177330780564,0.0546177332829807,0.05827422124696632,0.05827422128197185,2.9923262526573464e-08,2.9997075813812336e-08,0.04993177913033608,0.04993177917756432,0.08734567890809994,0.08734567894758448,1.4006482259697696e-09,1.3956596931415366e-09,1.8275811281502884e-09,1.8236805258593714e-09,0.03455283603451132,0.03455283601817404,9.112885951722506e-10,9.116000690172517e-10,0.028477631958572263,0.02847763196376758
2025-02-07,1.0646843289585984e-09,3.1940529868757947e-13,2.138065465153888e-09,2.1570967527685654e-09,0.13413109504670462,0.13413109501153384,0.13175509254789855,0.1317550924115934,0.10273879601537424,0.10273879580661655,0.10863955149909424,0.10863955142634893,0.021800029206863997,0.021800029212623268,0.014813873417616764,0.014813873410540742,0.0026786357467419473,0.0026786358265046208,6.740677260590333e-10,6.813622154659284e-10,0.013234053251552627,0.013234053245705766,0.029878925944744138,0.029878925958125406,9.479656185999694e-10,9.585241475595703e-10,8.593317408280802e-10,8.681650996201216e-10,8.094316185484929e-10,8.122039473981764e-10,9.34969329401853e-10,9.479311509086575e-10,0.01452170224672492,0.014521702232438774,0.012082844461636762,0.012082844449448989,0.023729552801693116,0.023729552796139586,0.04446072637118221,0.044460726356390735,0.03626064733066097,0.036260647322877086,0.05388027127381347,0.05388027141182506,0.057806577238007216,0.057806577272378805,2.9677807088580175e-08,2.974531254300705e-08,0.044761320946482025,0.04476132099013705,0.08985806908748821,0.0898580691671692,1.4148263294140932e-09,1.4147343625812875e-09,1.8162076680835373e-09,1.8172717328829469e-09,0.03533255578998514,0.035332555778239634,9.045117433637342e-10,9.070772345845263e-10,0.02763563959855049,0.027635639603683485
2025-02-14,1.026054659797581e-09,3.0781639793927427e-13,2.1287886058428796e-09,2.1460987923018154e-09,0.13317685429763054,0.13317685426102843,0.13098207211101223,0.13098207197752917,0.10231179153119882,0.10231179134012519,0.10816748054665132,0.10816748047623675,0.022098563010522158,0.022098563016787302,0.015175748026269874,0.015175748019073652,0.002750404941102269,0.002750405018211518,6.846442789981958e-10,6.915003523760367e-10,0.013522401338897925,0.01352240133273604,0.029978192183059447,0.029978192195479866,9.373981543299682e-10,9.463382292459507e-10,8.840217303349475e-10,8.930567127170988e-10,8.135538114743193e-10,8.154746546846454e-10,9.243574893691833e-10,9.359638305153164e-10,0.014809399836222675,0.014809399821594592,0.012134294054317166,0.0121342940414136,0.024301285631979423,0.02430128562698103,0.04715234251874732,0.04715234250479374,0.036057960787630176,0.0360579607790581,0.05272981520223414,0.05272981527678453,0.0568637879849451,0.056863788021967496,2.9478471178332314e-08,2.9543245712366578e-08,0.044234112370551706,0.04423411240996621,0.09179799171472858,0.091797991854971,1.4210879137094084e-09,1.4210315758630255e-09,1.7985829012050498e-09,1.8004343927126963e-09,0.03445783317576863,0.034457833162784834,9.02454480590896e-10,9.038637768432354e-10,0.02729762876316992,0.02729762876546892
2025-02-21,1.3192304160135428e-09,3.9576912480406284e-13,2.123617760867288e-09,2.130656498505873e-09,0.13202493478303404,0.13202493473790483,0.12976343490326853,0.12976343474680793,0.10168849862449378,0.10168849837225179,0.10774997624775312,0.10774997616521391,0.022101216262775746,0.022101216267872734,0.015228537426031008,0.015228537417427164,0.00278528875661008,0.0027852888321186747,6.980461509646617e-10,7.039279853955639e-10,0.01377592318167289,0.013775923174424899,0.029436187220384994,0.02943618722887147,9.551726001280826e-10,9.625283273666732e-10,9.061051247580021e-10,9.139454353508215e-10,8.165555778572803e-10,8.156660886966716e-10,9.26119004386102e-10,9.360027591733798e-10,0.014592075794271532,0.014592075778324462,0.01216673045762822,0.01216673044372283,0.024109195382941602,0.024109195375543558,0.04788476711461013,0.04788476709754303,0.036405396635395736,0.03640539662472866,0.05251318803707457,0.05251318810037151,0.0566823231038341,0.05668232315353,2.9063734825656403e-08,2.9140386543806917e-08,0.045909207914774396,0.04590920796567168,0.09210269248195985,0.09210269277180533,1.4334355805875136e-09,1.4244668722238092e-09,1.822060913396653e-09,1.8086933302169428e-09,0.03529470370908771,0.03529470369416095,8.729580848435669e-10,8.687029020351919e-10,0.02778568234459224,0.02778568234672766
2025-02-28,8.983386390442375e-10,2.6950159171327123e-13,2.1467620679835335e-09,2.162644970824464e-09,0.13234463419201487,0.13234463415719191,0.12979628414506564,0.12979628405703794,0.10202352282187849,0.10202352264946188,0.10832540254019858,0.10832540247444605,0.02246827648483904,0.02246827649126965,0.015504367096481755,0.015504367088723306,0.0028735705234498514,0.0028735705910217803,7.093423048645447e-10,7.16714976357953e-10,0.014023831574338102,0.014023831567838175,0.029645341205570854,0.029645341213685852,1.0086366725612392e-09,1.0196186441819828e-09,9.302863311990051e-10,9.406529637907072e-10,8.462680620246388e-10,8.490143796421433e-10,9.970230936814712e-10,1.0110529066337253e-09,0.014994310546599063,0.01499431053140271,0.012252530152506512,0.01225253013862595,0.024665108564992728,0.024665108559801453,0.050680720717748935,0.05068072070470236,0.03559521296538396,0.035595212955127666,0.05096742257938347,0.05096742262427441,0.054613410968973396,0.054613411013262274,2.9102753925712637e-08,2.9168740291921314e-08,0.04608969658518688,0.0460896966265141,0.09079709253414607,0.09079709264300709,1.420033892514863e-09,1.4178774187399752e-09,1.8044758889417986e-09,1.8047928936570509e-09,0.03561809541281884,0.03561809540016096,8.731884641471458e-10,8.7221659583375e-10,0.02672112854965231,0.02672112854911838
2025-03-07,1.1195718633470764e-09,3.358715590041229e-13,2.145741772303415e-09,2.147590004135589e-09,0.1327462573888478,0.13274625735730675,0.13001567403414685,0.13001567392799443,0.10218008757041745,0.10218008737502583,0.1085176089757265,0.1085176088998953,0.022403161931653127,0.02240316193809527,0.015553915774383788,0.01555391576538513,0.0028934770293277917,0.002893477100705071,7.071512731683213e-10,7.123020526714537e-10,0.013912010497618112,0.013912010490289102,0.029396671896177413,0.029396671902141697,9.98261412320564e-10,1.0049773823378425e-09,9.264862168248758e-10,9.334570923090948e-10,8.438663864091898e-10,8.420876897805712e-10,9.841565877995732e-10,9.95182474604354e-10,0.01496481260808821,0.014964812591718607,0.01251983617508807,0.012519836160045967,0.02473391555745593,0.024733915550041587,0.05172532347231065,0.05172532345753385,0.03622545344679946,0.03622545343445068,0.04966134831423754,0.04966134835793955,0.05314869050711435,0.05314869056098162,2.8525932836691964e-08,2.8604025261732023e-08,0.0467293039260103,0.04672930398025777,0.09153874964681664,0.09153874986119793,1.4583228897590756e-09,1.4451656978286337e-09,1.8009449846568916e-09,1.7742938529106429e-09,0.03515342242556576,0.03515342240997998,8.63401663504407e-10,8.562728886644e-10,0.025980239567948264,0.025980239563659482
2025-03-14,1.6480116892480536e-09,4.94403506774416e-13,2.1765126334285014e-09,2.1470753709116323e-09,0.13355021533862332,0.13355021530598143,0.13031091462228742,0.13031091452321017,0.10301852284607556,0.1030185226109396,0.1094747169280704,0.10947471683749907,0.022345795673009088,0.02234579567519579,0.015554669525000146,0.015554669509296746,0.002888753455079713,0.0028887535314418436,7.083250358557813e-10,7.043476745130012e-10,0.013606242772128144,0.013606242758100299,0.030118143436929593,0.030118143440915544,9.582210168237768e-10,9.518786923667085e-10,8.906787500547226e-10,8.854158577482005e-10,8.51000490346197e-10,8.373238841347795e-10,9.465775011732915e-10,9.462033003556915e-10,0.014746310859549295,0.01474631083583586,0.013042621849653753,0.013042621827147896,0.025347427270595094,0.025347427257918415,0.05031425087691237,0.05031425085320549,0.036800533520078865,0.03680053350186893,0.046806708474297055,0.04680670850330271,0.05113360644498959,0.05113360649510424,2.803077103324612e-08,2.810973143828274e-08,0.047121713352366576,0.04712171340705029,0.09287244956335372,0.09287245009206038,1.5338715934559013e-09,1.4956553407526575e-09,1.869753056937143e-09,1.7823414409432256e-09,0.03521386433099667,0.03521386430882794,9.430208936270043e-10,9.245706370873099e-10,0.02573249995127165,0.025732499940553776
2025-03-21,4.65532348428995e-09,1.3965970452869848e-12,2.3309875257200856e-09,2.156534829436457e-09,0.13160695701112982,0.13160695694397803,0.12857154322232683,0.12857154300100437,0.10168628175457262,0.10168628116285473,0.10799611445654839,0.10799611426535997,0.02243120064000081,0.022431200632426963,0.015524018161700908,0.015524018128447085,0.0028801093212244134,0.0028801094172910026,7.479563740467742e-10,7.15989030020312e-10,0.013628741814082483,0.013628741783734468,0.029852909861703643,0.02985290985223743,9.909623533154815e-10,9.442650957793554e-10,9.144405447746759e-10,8.724501516477258e-10,9.053787239416262e-10,8.50046333554383e-10,9.61432127954854e-10,9.278396238224065e-10,0.014753724867468811,0.01475372482534751,0.012734944147030107,0.012734944107597639,0.02537056331718447,0.025370563286633677,0.051412651965036055,0.051412651916978164,0.03721373458351875,0.03721373454297048,0.047759129248837455,0.04775912927830602,0.05171408191030992,0.0517140819865442,2.8276388320151593e-08,2.8378736017321193e-08,0.04922611501695791,0.049226115080462485,0.09483571581077624,0.09483571777081627,1.6799843289743555e-09,1.5347888730903804e-09,2.170804251517793e-09,1.8710497472046444e-09,0.03453678656073904,0.034536786513178014,9.929110574859324e-10,9.221327120135255e-10,0.026264636357605703,0.026264636329999043
2025-03-28,6.710211271598071e-09,2.013063381479421e-12,2.6056934342451535e-09,2.3231005187629566e-09,0.13225616178787208,0.13225616170697108,0.12928593542618952,0.12928593515486295,0.10220080998350752,0.10220080920107644,0.10835306389495103,0.10835306364462324,0.02222925190068758,0.02222925188199129,0.015304215805305804,0.015304215756994262,0.002797249981204204,0.0027972500835378106,7.777143170476293e-10,7.203876931794062e-10,0.013321970593105628,0.01332197054849283,0.030315852762072045,0.03031585274777323,1.046566857590382e-09,9.667325342899732e-10,9.467139901845768e-10,8.735565959143672e-10,9.840642305248805e-10,8.935489176902787e-10,1.00309463611524e-09,9.41100610655855e-10,0.014497587281946831,0.014497587224262415,0.012384262433097048,0.012384262379354251,0.025540728555339273,0.025540728510825284,0.05043292485831132,0.05043292478900113,0.03744228702866852,0.03744228697092299,0.04825030881130511,0.04825030883442603,0.05192445292672969,0.0519244530156031,2.795051363143406e-08,2.8061963510013994e-08,0.04761982450179475,0.04761982460271647,0.09519533675196168,0.09519533968036784,1.911777344589118e-09,1.6879993525185432e-09,2.676526365554053e-09,2.203990793710856e-09,0.034302851225107914,0.034302851157036934,1.1102519758281503e-09,1.001707145798681e-09,0.026344882477925546,0.026344882435072735
2025-04-03,1.5849641502367705e-08,4.7548924507103114e-12,3.3464899029835545e-09,2.5975747781336605e-09,0.13262080253467434,0.13262080235300563,0.12960695361323388,0.12960695309753992,0.10253678747872261,0.10253678571144956,0.10864599626204835,0.10864599575770291,0.022016211478611002,0.02201621141128166,0.015178129934167383,0.015178129823397014,0.0027795098747421063,0.0027795099471838625,9.372485527714337e-10,7.690182820186303e-10,0.013105823791368472,0.01310582368494594,0.03051499001341013,0.0305149899516947,1.2536789849846108e-09,1.0322798767718687e-09,1.1456098357895428e-09,9.410440225562675e-10,1.1959894194380708e-09,9.581935175864974e-10,1.174494241467282e-09,9.88892267905354e-10,0.014282441061011354,0.014282440932755979,0.012105862213508364,0.01210586208974014,0.025229625991793667,0.025229625888365755,0.049619830743716536,0.049619830603126004,0.037684298279128725,0.037684298159796605,0.04715309695438579,0.04715309693527944,0.05083985057501015,0.05083985065604207,2.725697613116569e-08,2.7351568161198857e-08,0.0467029783196551,0.04670297842231759,0.0984600325969152,0.09846004017100767,2.450791336919557e-09,1.8966646998255755e-09,3.7804890022191115e-09,2.6353188740412394e-09,0.03454511561984853,0.03454511547676352,1.3617250238045502e-09,1.0926036148319485e-09,0.026371618760555778,0.026371618663445652
2025-04-11,1.1957140861007956e-07,3.5871422583023865e-11,5.682221664196813e-09,3.3377783678165166e-09,0.1353605771459757,0.13536057666607001,0.13268437174988065,0.13268435912057658,0.10411658165349323,0.10411654860373595,0.11009070350183515,0.11009070238468012,0.021465402213159516,0.02146540199590784,0.014443899870907035,0.014443899608264817,0.0025940727598042675,0.002594072753196211,1.4253136804783436e-09,8.689472069518369e-10,0.011985399272082826,0.011985399020818837,0.030181889641799912,0.030181889456470705,1.9659250103062305e-09,1.2192443081368526e-09,1.7523071130570228e-09,1.0546318999843372e-09,1.869819530429982e-09,1.095858373394122e-09,1.793914552905638e-09,1.154514362774634e-09,0.013659317786495437,0.013659317486403038,0.012109507713655017,0.012109507412676352,0.026440264398270557,0.026440264121371175,0.04541070214976443,0.045410701786213266,0.036081279965457014,0.03608127966137965,0.04733610184969945,0.047336101796283794,0.0501535113045901,0.05015351130556714,2.6981072680297875e-08,2.713960802239265e-08,0.04515004910696848,0.04515004927560272,0.1016732640014294,0.10167332345898708,3.692980563868114e-09,2.3231610526261537e-09,4.901205678506991e-09,3.5649994713455e-09,0.03608894798322642,0.03608894752998042,2.1231792377933204e-09,1.3123009081473247e-09,0.02297410374356547,0.022974103484770098
2025-04-18,8.822829461154301e-08,2.6468488383462902e-11,5.6473814353406126e-09,5.598957831423227e-09,0.13444072384091993,0.13444072369332932,0.13203302462678682,0.13203301900433154,0.10333797023452668,0.1033379336955712,0.10940122286377352,0.10940122253560003,0.021515235784781553,0.021515235740060198,0.014383713852897622,0.014383713792660787,0.002602837792541686,0.0026028377416687405,1.490937884655044e-09,1.441486702429082e-09,0.011971406214191247,0.011971406155130444,0.030350895854188358,0.03035089581781517,2.103883437912348e-09,2.0503173285575884e-09,1.8294563585153927e-09,1.7711058809656022e-09,1.927787851899853e-09,1.8609033574804014e-09,1.870794650231817e-09,1.8233035407364823e-09,0.013530886813982136,0.013530886736787153,0.011923587179484947,0.011923587098517612,0.02611259153103425,0.026112591470238384,0.04629728108696374,0.046297281003066806,0.03650341578146422,0.0365034157167623,0.045896237334435236,0.0458962373355294,0.048480094809435395,0.04848009482659687,2.74023142120695e-08,2.719076509511796e-08,0.046629007496377085,0.046629007511405356,0.10666640989533584,0.10666645397619925,3.763181340043378e-09,3.7073109917059435e-09,4.7594318954073e-09,4.733457594635518e-09,0.03527751644095151,0.035277516314646984,2.2018000250770597e-09,2.1440288896289908e-09,0.022645887568959005,0.022645887512445135
2025-04-25,2.543614538292831e-06,7.630843614878491e-10,1.8798847603222864e-08,5.663644144634481e-09,0.13361705923860456,0.13361705683199254,0.13127534321854345,0.13127519137873994,0.10290751552630742,0.10290646874022315,0.10903616977532773,0.10903616460482304,0.021545479175692852,0.021545478427413996,0.01448069603821333,0.014480695080070079,0.0026326017101230277,0.0026326009214040044,4.288522460607087e-09,1.51340141452492e-09,0.012146113251526659,0.012146112314125261,0.03023496543191055,0.030234964777424603,5.84548712784935e-09,2.064733347836919e-09,5.328207189685466e-09,1.8251329245160454e-09,5.850331537116622e-09,1.9455635740371266e-09,5.089028701694711e-09,1.839771402668001e-09,0.013588929621239774,0.013588928429769817,0.01181068780853206,0.011810686562123548,0.025524485734230107,0.02552448473349374,0.047209167164888995,0.04720916590025697,0.0369532083997114,0.03695320737103162,0.045952764481442004,0.045952764275251294,0.048600226952223075,0.0486002270338352,3.069515417103924e-08,2.7607305967520828e-08,0.04744424193037064,0.047444241731177075,0.10653113423068732,0.10653240595634421,1.0967155120625919e-08,3.8047715817652194e-09,1.272109767883181e-08,4.8146552291211455e-09,0.03565717405399952,0.035657172155969516,6.2492793331239165e-09,2.1830220264050453e-09,0.022851930423314525,0.022851929512528447
2025-04-30,5.1493747149817086e-08,1.5448124144945125e-11,1.879060131530589e-08,1.875651937666767e-08,0.13364246777636318,0.1336424676707189,0.13151271733797784,0.1315127128464315,0.10279334592634516,0.1027933257190565,0.10885251611854246,0.10885251588847969,0.021435879192382334,0.02143587916132277,0.014437389059565146,0.01443738901902034,0.0026191433934289405,0.0026191433631358608,4.227765242114547e-09,4.2686823757291946e-09,0.012099498415929916,0.012099498376551748,0.03006441406345702,0.03006441403849262,5.840717521949163e-09,5.880222869223954e-09,5.350997297974118e-09,5.3913633109507746e-09,5.789233231219908e-09,5.830094174830514e-09,5.04453235211492e-09,5.0849826541988324e-09,0.01353894184004773,0.013538941788459718,0.01174269308160654,0.01174269302736517,0.02526298922446857,0.025262989180699615,0.04712683605869723,0.04712683600265656,0.036542931166955506,0.036542931120759375,0.04734539990979895,0.04734539992007767,0.0498558213571332,0.04985582137961806,3.172416971191739e-08,3.159544771562673e-08,0.04820239799510647,0.04820239801373322,0.10543363032272197,0.10543365575188433,1.0907012723953852e-08,1.0928338080425484e-08,1.2715399835995559e-08,1.271886368115362e-08,0.034465274241429186,0.03446527414852614,6.0596144679012105e-09,6.099046411498487e-09,0.023025607067998735,0.02302560702944934
2025-05-09,1.4722718455939155e-07,4.416815536781746e-11,1.8937561279482683e-08,1.8925014576294165e-08,0.1326326351291153,0.13263263493623403,0.13025853801275422,0.13025851710942501,0.10196381074284533,0.10196375980680171,0.10785615838438913,0.1078561579808838,0.02167721572736812,0.021677215678891606,0.014732265981428053,0.01473226591759115,0.002707400267109098,0.002707400211611977,4.430139558392995e-09,4.446390747090008e-09,0.012602000760201057,0.012602000698584899,0.02969191404522615,0.029691914003891262,5.88939062298004e-09,5.9013939306693235e-09,5.584156936251424e-09,5.597044985350551e-09,5.9494655712367624e-09,5.961364603622893e-09,5.096645416697551e-09,5.110602178199482e-09,0.013788191056177984,0.013788190974006327,0.01258208676403582,0.012582086678471471,0.025238455769849604,0.02523845569938575,0.04832404435766839,0.04832404427051127,0.03593012185823748,0.03593012178110524,0.04801219325270915,0.04801219328426027,0.05050264289108549,0.05050264293909609,3.2109131923641617e-08,3.182663577271986e-08,0.049653173976400844,0.04965317400067689,0.10498990935156625,0.10498998277674791,1.0711941117716228e-08,1.071927608899177e-08,1.2558884879325188e-08,1.2555361420055002e-08,0.03404977934595166,0.034049779202720225,6.0667314699675025e-09,6.076970867526748e-09,0.02280735499183223,0.02280735492904778
2025-05-16,2.5323726918125032e-08,7.597118075437509e-12,1.880494223803255e-08,1.8935034904502688e-08,0.1323933672997587,0.13239336718684885,0.13007469704862062,0.13007469435574984,0.102136855173218,0.10213684622630778,0.10801338686754404,0.10801338653315447,0.02203661003437594,0.02203661001041502,0.014631109773937593,0.014631109728291292,0.0026686631766933014,0.0026686633877221195,4.294774244501993e-09,4.362522733093791e-09,0.012685456791465552,0.012685456754019837,0.030416422722119318,0.030416422730136342,5.591563119611356e-09,5.6585960633538606e-09,5.359270272811029e-09,5.4303411728654e-09,5.93291121063353e-09,6.008715943004435e-09,4.907818690150174e-09,4.974434715894554e-09,0.014064312216295768,0.014064312158271565,0.012184911200539262,0.012184911145681055,0.025543341276889182,0.02554334122013291,0.049509572269222465,0.04950957219291544,0.03536066246656067,0.0353606624005558,0.050428409698822306,0.050428410071533585,0.05209678096467436,0.0520967810700914,3.197480224692945e-08,3.207320392322249e-08,0.04884798026700626,0.048847980351748116,0.09822262195177706,0.0982226329518073,1.0786815824876236e-08,1.0892706706682712e-08,1.2997585343164137e-08,1.3126899844812862e-08,0.03401675486587208,0.034016754750271015,6.105244039601581e-09,6.173188393427266e-09,0.02466797717888054,0.024667977138702064
2025-05-23,2.595271088891049e-08,7.785813266673147e-12,1.8826543026944863e-08,1.8734536425411746e-08,0.1315408046331966,0.1315408045560224,0.12928947109035718,0.12928946860693621,0.10152953827558454,0.1015295285914889,0.10733353998146399,0.10733353980167563,0.02192652188512789,0.021926521865663833,0.014510864014181281,0.014510863988022801,0.0026568252036294087,0.002656825187935201,4.249587796122922e-09,4.290597396503917e-09,0.012628287275788597,0.012628287250936879,0.030480445040256002,0.030480445026175616,5.473424348509367e-09,5.511960663881491e-09,5.286911699008957e-09,5.324532101782398e-09,5.866147631529239e-09,5.9009038405245925e-09,4.784822233291149e-09,4.824924800397347e-09,0.0136882469840474,0.013688246950737276,0.012140952025012383,0.012140951990125494,0.02510292279822123,0.025102922769066144,0.049222721141544884,0.04922272110591277,0.03630503120404218,0.03630503117206256,0.04933337186075664,0.04933337188036579,0.051500170679838427,0.051500170705809145,3.172525713942056e-08,3.164892112899984e-08,0.05013481209052546,0.05013481210926481,0.10294750348932118,0.10294751617510642,1.0669980810701127e-08,1.067218997056223e-08,1.2638695513212646e-08,1.2611668499396222e-08,0.03406126169807279,0.03406126163118178,6.100982052498984e-09,6.132998883820341e-09,0.023666603006679787,0.023666602982276908
2025-05-30,1.180254053173015e-07,3.540762159519045e-11,1.8981371789339666e-08,1.8829557187703423e-08,0.13140292944390441,0.1314029290009763,0.1290539303424323,0.12905391905481434,0.10148264774792379,0.10148260548689017,0.10731098580477995,0.1073109847378684,0.0216407947106458,0.021640794561178022,0.01454657926171627,0.014546579087570677,0.002670114501876218,0.0026701146129958133,4.492533343085128e-09,4.345759142041138e-09,0.012454930005731347,0.012454929844225578,0.030054291180319225,0.030054291063683077,5.657405560244353e-09,5.439286062666496e-09,5.46156390369616e-09,5.273577786679131e-09,5.945557235853712e-09,5.739182855540998e-09,4.973932252951539e-09,4.787801941172483e-09,0.013580035880042304,0.013580035680229509,0.012218521850973047,0.012218521650367723,0.025033346235343,0.025033346033983366,0.049103857588133355,0.04910385734737076,0.036065643694821105,0.03606564347352668,0.05102308584776994,0.05102308605681298,0.05259569105647049,0.05259569111523018,3.219792648254487e-08,3.242770913440381e-08,0.050758962315846916,0.050758962394376016,0.10084044019141644,0.10084049851688505,1.0922120472671899e-08,1.0659976246365281e-08,1.28389384168386e-08,1.267340107521983e-08,0.03394373803031156,0.033943737652960174,6.249596636724199e-09,6.03804402645703e-09,0.02421936658859644,0.024219366413759776
2025-06-06,2.1694486839836212e-07,6.508346051950863e-11,2.0118644521613952e-08,1.907898180814753e-08,0.13108905324035927,0.13108905244581004,0.12869742353784305,0.12869739829963184,0.10116354208733154,0.1011634712710356,0.10686457076184712,0.10686456892405964,0.02164362795829898,0.021643627695152323,0.014626897484341648,0.014626897179645566,0.0026931774035548104,0.002693177419227464,4.900883215490313e-09,4.484877332458225e-09,0.012612251734066137,0.012612251445589117,0.030076461333119135,0.03007646110892256,6.294842363860268e-09,5.721723022308585e-09,6.069419593509515e-09,5.5565845837950625e-09,6.506128513395176e-09,5.935995190616706e-09,5.500112468123275e-09,5.004485924234319e-09,0.013855561617212703,0.013855561268517697,0.012223004459882666,0.012223004105172358,0.02492350640902277,0.024923506062787062,0.04946475658476838,0.049464756178857136,0.03703774515256643,0.0370377447754083,0.050162095183262465,0.05016209525720831,0.05218452308206725,0.05218452314274519,3.1604349708590175e-08,3.1774626579375894e-08,0.05019047010936808,0.050190470156540934,0.10291469501347883,0.10291480311816695,1.1839568748035728e-08,1.090675436733999e-08,1.3402675295419974e-08,1.2615447176329368e-08,0.03381238503060464,0.03381238439106288,6.765230136883397e-09,6.165723758264471e-09,0.023764138815149508,0.02376413850925943
2025-06-13,5.644708700885509e-08,1.6934126102656527e-11,2.0006466142492376e-08,2.0092715400602037e-08,0.13045037546307955,0.1304503751754707,0.12833811759921268,0.1283381115785989,0.10061348829248523,0.10061346867602664,0.10625747145138177,0.10625747075944844,0.02163520702979209,0.021635206935938293,0.014643983962953647,0.014643983848297225,0.002691390663220344,0.002691390813462332,4.928280075888984e-09,4.920094602724988e-09,0.012643470422678311,0.012643470318144426,0.0300527860641761,0.030052785997194995,6.117589830450229e-09,6.075037343076805e-09,5.992247646689256e-09,5.969138221842404e-09,6.540842611524981e-09,6.514697433189061e-09,5.372203375374392e-09,5.3429200550997625e-09,0.013927866526542331,0.013927866395136393,0.012024093448517025,0.01202409331888879,0.024595693642333192,0.024595693505742484,0.049982861425941466,0.049982861261787886,0.03865539348444643,0.0386553933367311,0.049909431600145174,0.04990943173918511,0.05226202535692473,0.052262025424373554,3.162941656456639e-08,3.17671358237399e-08,0.04936658200124972,0.04936658206553645,0.10250107460689314,0.10250110215305396,1.1842415137547941e-08,1.1826182222343771e-08,1.3374567894289792e-08,1.3406964525621912e-08,0.03460995964280474,0.03460995941403322,6.786674121224534e-09,6.752826443225173e-09,0.02483861472451895,0.024838614615236947
2025-06-20,3.5592985032157095e-08,1.0677895509647127e-11,1.9898273042764214e-08,1.9991773928839467e-08,0.13122914248672213,0.13122914226792465,0.1290551128097736,0.12905510900908967,0.10112748828912967,0.10112747633218869,0.10675715660469012,0.10675715604489655,0.021479793198802718,0.021479793116753205,0.014436703043411627,0.014436702944075107,0.002644350820094022,0.002644350978386448,4.787254634087381e-09,4.7957292645230525e-09,0.012479898809657629,0.012479898720151813,0.030028018317172552,0.030028018261685264,6.166461828102548e-09,6.156179006502681e-09,5.995363329739783e-09,5.998435134964387e-09,6.483290651904008e-09,6.481774338249647e-09,5.321922170181787e-09,5.316466341379095e-09,0.013653091287676172,0.013653091174357672,0.012122116741973627,0.012122116630578128,0.023912305147730527,0.023912305026796435,0.048335779547721225,0.04833577940213519,0.03855802871255073,0.03855802858346298,0.04974205377957137,0.049742053910235014,0.05210047110182317,0.05210047116963464,3.1669302495678685e-08,3.17884475062231e-08,0.04814454633894093,0.048144546425006436,0.1025017315393184,0.10250174858577506,1.1828290324902704e-08,1.1836724269835776e-08,1.4512292586962641e-08,1.4586869093610533e-08,0.03507453672496642,0.03507453652078439,6.720755640349722e-09,6.712227420715096e-09,0.026617561315066582,0.026617561231456238
2025-06-27,1.2956253407648871e-08,3.886876022294661e-12,2.0050496410417586e-08,2.0180198577524758e-08,0.1304754533439158,0.1304754532799759,0.12819678087666245,0.1281967791389179,0.10062844535531365,0.10062844108370506,0.1061894809227232,0.10618948073559233,0.02198807101995463,0.021988071025587905,0.01478627952426963,0.014786279511988779,0.0027197644142894274,0.002719764627030094,4.817231806937521e-09,4.940387767209931e-09,0.012957856125842791,0.012957856119577126,0.03040254951392881,0.030402549544263614,6.17931012922477e-09,6.311475662339229e-09,5.9922549617069484e-09,6.125115061808215e-09,6.5746244621414575e-09,6.712282386967502e-09,5.320962543511017e-09,5.445101428329147e-09,0.014565490385169976,0.014565490361822834,0.012587925416304468,0.012587925394373225,0.024025671392066354,0.02402567137035627,0.05016421567840546,0.050164215647321805,0.03808956152713431,0.038089561504275456,0.05082530349264571,0.050825304063280945,0.0529985462770843,0.052998546560524176,3.23456460855303e-08,3.2443719056845455e-08,0.04920728306162463,0.04920728317929811,0.10113318244978453,0.10113318638058567,1.1754425143545293e-08,1.1912426944647947e-08,1.3664992475001898e-08,1.3827105063092929e-08,0.03338501582614118,0.03338501575180792,6.610770914038643e-09,6.7397712073640715e-09,0.02467301008602367,0.02467301008213166
2025-07-04,1.5755933369708412e-08,4.726780010912523e-12,2.0004931258476985e-08,2.0143118140833662e-08,0.1299093195785296,0.12990931951747456,0.1277153489988489,0.12771534686092081,0.10013981062939159,0.10013980528973525,0.10563086430623071,0.10563086412106407,0.022024092896204377,0.022024092910059676,0.014910795919026576,0.01491079591475549,0.002744252588736153,0.0027442528162459094,4.762485975941922e-09,4.895971025232754e-09,0.013180844504821364,0.013180844506452847,0.03040352840568579,0.030403528445895486,5.979714555028917e-09,6.120818173802899e-09,5.841532887113829e-09,5.983914737001942e-09,6.636280722528254e-09,6.787660523228353e-09,5.133696878670822e-09,5.2657698293318444e-09,0.014394881643192655,0.01439488162780168,0.012896099235569499,0.012896099221278885,0.023921225820212128,0.023921225806060986,0.049414767906064465,0.049414767882584865,0.03847170007994711,0.03847170006507922,0.051295826009132205,0.05129582687777352,0.05379618534638757,0.05379618588626493,3.2332015616392125e-08,3.243855943445376e-08,0.04966731731453006,0.04966731749802735,0.1011104254024353,0.10111042997140329,1.1698006019836154e-08,1.1867830582313566e-08,1.341527120862424e-08,1.358851634396927e-08,0.033458622597200685,0.03345862252949144,6.587363980294565e-09,6.728056179090292e-09,0.024913978426553962,0.024913978431414577
2025-07-11,1.1235201771831081e-08,3.370560531549324e-12,2.003117749496983e-08,2.0158529542611712e-08,0.12945447300611793,0.12945447296000212,0.12721369555619647,0.12721369382337497,0.1000036396893867,0.10000363608951005,0.10541637669151202,0.10541637654965924,0.022250435707669235,0.022250435727660094,0.015045698445448983,0.015045698447956888,0.0027661976997386943,0.0027661979192993595,4.653757383304612e-09,4.789183704093502e-09,0.013324521156566928,0.013324521164443968,0.031030699176086265,0.03103069922666719,5.779019794089714e-09,5.920245196641548e-09,5.68573357550699e-09,5.828976650851756e-09,6.635964413328276e-09,6.7902270777813385e-09,4.974384434424557e-09,5.107828155439413e-09,0.014668745291252163,0.01466874528363995,0.01274244328586417,0.012742443279317603,0.024079454713244866,0.024079454706921688,0.0493419589287569,0.0493419589136365,0.038166245891575225,0.03816624588396438,0.05152038557998512,0.05152038658298466,0.053858301300761593,0.05385830189438279,3.167423730916126e-08,3.178573272550846e-08,0.05063511287396687,0.050635113276402806,0.09989025645475991,0.09989025834034378,1.1352710219471762e-08,1.1516952134553589e-08,1.3219184749733753e-08,1.3386435401641647e-08,0.03342135561918108,0.03342135556545998,6.626003129668737e-09,6.769810916781015e-09,0.025169892299756427,0.025169892310450203
2025-07-18,1.0904319975904789e-08,3.2712959927714364e-12,1.9874920667354815e-08,1.9996274079806095e-08,0.1290627754611301,0.12906277541377567,0.12688173085519308,0.1268817291474006,0.09973176917766487,0.09973176570368089,0.10510361804293315,0.10510361790674838,0.022380122220095822,0.022380122242485936,0.01526513427741213,0.015265134280100859,0.0028180684128895402,0.002818068626963063,4.597582623132405e-09,4.730082026518047e-09,0.013758907768348634,0.01375890777597739,0.030372139189019074,0.030372139231857734,5.712855161322712e-09,5.850985203798423e-09,5.939170633217671e-09,6.084878354229571e-09,6.432055939378232e-09,6.5809968619289074e-09,4.942181686153235e-09,5.0734436375651636e-09,0.014760408008711782,0.014760408000901871,0.013066276987236385,0.013066276979822645,0.024120748953608225,0.024120748948000995,0.05021414384147887,0.050214143827284535,0.03907860715084191,0.03907860714439395,0.05177041559291153,0.05177041682884309,0.05393668560501217,0.053936686303738865,3.1327450806926034e-08,3.143617753702895e-08,0.04926916198560499,0.04926916218935976,0.09991740748384041,0.09991740911351038,1.1030314880997016e-08,1.1189335190989481e-08,1.293550486991336e-08,1.3097812040480509e-08,0.03395190730178166,0.03395190725641064,6.288529539680686e-09,6.4254893104129e-09,0.024539862603718696,0.024539862613268605
2025-07-25,1.834428715192112e-08,5.503286145576336e-12,2.0028289940712474e-08,2.0183493184847313e-08,0.12751990186252962,0.12751990180908937,0.1251157850161917,0.12511577994814843,0.09855897707888149,0.09855897319689065,0.10422632556843313,0.10422632544372128,0.022855387866618178,0.02285538791099573,0.015669858732710176,0.015669858750087556,0.002868216605541515,0.0028682168418007687,4.482266541527764e-09,4.6351419318921516e-09,0.014115586543178607,0.014115586566148962,0.03100481356673238,0.031004813643140134,5.657030761689373e-09,5.8180100483843064e-09,5.744671220948405e-09,5.91181279619005e-09,6.582353480126193e-09,6.759804070688146e-09,4.881544061651292e-09,5.034642417995816e-09,0.015463421900785163,0.015463421906373231,0.01328340933843213,0.01328340934461829,0.02474462010664469,0.02474462011421443,0.05199964329525758,0.05199964328814676,0.03970063965528382,0.03970063965925636,0.05162018108316404,0.05162018310540152,0.0540306150170819,0.05403061629422734,3.2546199716120637e-08,3.2687934744947934e-08,0.049627691414943546,0.049627691897089966,0.0994302594747027,0.09943026275678976,1.1059301290653034e-08,1.1249091577138837e-08,1.330213972694316e-08,1.3498127556312569e-08,0.033629253922850814,0.03362925388600425,6.840223588189872e-09,7.0106223421433635e-09,0.024535300826016442,0.024535300849174456
2025-08-01,1.8856219902247978e-08,5.656865970674393e-12,1.973009440693433e-08,1.988530952521198e-08,0.12834188321549775,0.1283418831600785,0.12603005057343758,0.1260300455925253,0.09918729330741682,0.09918728910976601,0.10476336960838001,0.10476336947353004,0.022583342013860266,0.022583342047901647,0.01558088609719354,0.01558088610779553,0.0028658713483627088,0.0028658715830821705,4.335486126858037e-09,4.4774756982225944e-09,0.014036146475831025,0.014036146491942363,0.030247573157140672,0.030247573215205572,5.605630282551126e-09,5.758936079354239e-09,5.8518082508885145e-09,6.014297995985704e-09,6.139659834683912e-09,6.302873319466342e-09,4.827491338946574e-09,4.972445240452034e-09,0.015108001427938137,0.01510800142728539,0.013482842142407133,0.013482842141849263,0.023940085400020825,0.023940085400000352,0.05062087429782048,0.05062087428592138,0.03834059818712567,0.03834059818464276,0.053153364028803246,0.05315336754360217,0.05552243216496318,0.055522434132068255,3.1766032470852015e-08,3.1898121411723665e-08,0.04900429976294473,0.049004300021830934,0.0989061376549269,0.09890613938882889,1.0670872632332e-08,1.0854546804522515e-08,1.2736668083331778e-08,1.2927660537158033e-08,0.033530720873820155,0.03353072083015562,6.273472036137608e-09,6.428684957913506e-09,0.02475412032489361,0.024754120341636206
2025-08-08,1.3503763196297133e-08,4.0511289588891395e-12,1.9928577283707763e-08,2.0056739467385993e-08,0.12794196429955854,0.12794196425136425,0.12563628028770607,0.12563627724473728,0.09895677183270725,0.09895676836599158,0.10433710417267826,0.10433710404540028,0.02269670150773254,0.02269670153808282,0.015790710191998326,0.015790710198400535,0.0029357009647727095,0.0029357011820281445,4.3582052005907196e-09,4.490039730211024e-09,0.014094184691723471,0.014094184703049639,0.030761842678867828,0.030761842734609957,5.561738577523457e-09,5.70226632872548e-09,5.708252933560417e-09,5.855192172235047e-09,6.0127305074155434e-09,6.160693173886092e-09,4.7240721117622614e-09,4.855787493603698e-09,0.015184384792801145,0.015184384787537747,0.014016452394267007,0.01401645238861983,0.024167997893437928,0.024167997890701204,0.05094249161767669,0.05094249160602734,0.03913843451955806,0.03913843451635388,0.052273821063607416,0.052273822949550776,0.05459230098732337,0.05459230203984846,3.163123074761336e-08,3.174669227318917e-08,0.04838924932790958,0.0483892495006713,0.10029756165487133,0.10029756354292302,1.0532344432930593e-08,1.0696496993657947e-08,1.2337763779931477e-08,1.2507251232277611e-08,0.03383910378386972,0.03383910374564566,6.369162012347176e-09,6.513812816547239e-09,0.024006834172855138,0.02400683418348455
2025-08-15,1.2507353463459494e-08,3.752206039037848e-12,1.9877559130425008e-08,1.9998431274431568e-08,0.1273592878857513,0.12735928783034012,0.12477409788779072,0.12477409432705112,0.09847354497011436,0.09847354257711302,0.10394882425018452,0.10394882412186007,0.022947888994812333,0.022947889019991407,0.015989325808250413,0.015989325806278806,0.0029780547350080518,0.0029780549411443555,4.238308564904987e-09,4.3550919480376475e-09,0.01480170225329462,0.014801702256862209,0.030249407106378877,0.030249407145391417,5.5838269451598014e-09,5.711757843822649e-09,5.913997113840749e-09,6.051977510085227e-09,6.0325086116862305e-09,6.168694399828088e-09,4.713718959442115e-09,4.8326024855032255e-09,0.015525511589483983,0.015525511574787007,0.013860298480182272,0.013860298465104021,0.024221269998554396,0.024221269987446174,0.051467822641390215,0.05146782262269934,0.03916868169287155,0.039168681681126326,0.05318312098221593,0.05318312401744451,0.055104819557247386,0.055104820856894374,3.272803787674113e-08,3.28243762289214e-08,0.048587820989898514,0.048587821114725774,0.09910550896293838,0.09910550919294457,1.0340313561109127e-08,1.0491275483054474e-08,1.190364112142311e-08,1.2060370320813221e-08,0.03447516554625274,0.03447516550334384,6.108635571949358e-09,6.234941688622803e-09,0.023777738226831827,0.023777738227932426
2025-08-22,4.592982320269934e-09,1.37789469608098e-12,2.033893350470742e-08,2.0417300449388284e-08,0.12712625355798285,0.12712625351190432,0.12430436023613811,0.12430435937331849,0.09838183091711647,0.09838182979997293,0.10403190899487028,0.1040319088997393,0.02361261979492909,0.02361261981227163,0.016661862631452924,0.016661862621606946,0.00309289296718732,0.0030928931170865833,4.347720272316683e-09,4.445616866616715e-09,0.01556874020818032,0.015568740203066088,0.030435879749188644,0.030435879770597935,5.824631847123202e-09,5.9311601229627506e-09,6.256265543502089e-09,6.371983505735e-09,6.155664361007983e-09,6.2682771416793415e-09,4.887334380140144e-09,4.98760224928941e-09,0.01618079888452839,0.01618079886216423,0.01408998190380096,0.014089981879194175,0.025025162282737944,0.025025162267882633,0.05095623123478547,0.05095623121306846,0.038594839560910664,0.03859483954196511,0.05229144632766959,0.05229144693945163,0.054620556002749385,0.05462055634534393,3.252430966750231e-08,3.2562564658398655e-08,0.048447116436858784,0.048447116537942606,0.09873396436743381,0.09873396443611945,1.0180865299829689e-08,1.0294641645567392e-08,1.1924671260389456e-08,1.2042953497369727e-08,0.03409261801556244,0.034092617968379195,6.0761419387927465e-09,6.17813189386563e-09,0.02375082740937856,0.023750827398692283
2025-08-29,7.419295249500129e-09,2.2257885748500383e-12,1.981689463321019e-08,1.9915497781873697e-08,0.12634658044738595,0.12634658040610985,0.12353495835230573,0.12353495652154808,0.09777143670909898,0.09777143500579905,0.10336572706805684,0.10336572698244403,0.024427989031368703,0.024427989079388826,0.01732855522571715,0.017328555235441998,0.0031544303607972577,0.0031544305365741143,4.1917864765523076e-09,4.306150932532966e-09,0.01687407137014137,0.016874071388007422,0.029763171342847367,0.029763171383470052,6.6834803007057375e-09,6.822419725643451e-09,7.3260452116463615e-09,7.474590988255742e-09,6.2203700448128365e-09,6.355104345968405e-09,5.626892734553618e-09,5.75971530716921e-09,0.01648521696137022,0.016485216955093536,0.014558172339514083,0.014558172330219655,0.02512531874501325,0.0251253187484453,0.050393983574204666,0.050393983569535145,0.03921461295289144,0.03921461295292579,0.052072286733788345,0.052072287827231806,0.05453668129783518,0.05453668201422066,3.257017159260395e-08,3.2637271532685356e-08,0.04787363946081214,0.04787363963358672,0.09906976784506352,0.09906976803935129,1.0051791719991661e-08,1.018604146513374e-08,1.1565406345301554e-08,1.1704149147780241e-08,0.03369999706768165,0.03369999703922123,5.7352180406688325e-09,5.85447581079867e-09,0.02440329332604898,0.02440329333596851
2025-09-05,1.2190380240161714e-08,3.657114072048514e-12,1.932671084260679e-08,1.944714009165429e-08,0.12659963390024284,0.12659963385017806,0.12395962206494654,0.12395961874813406,0.0978413759972154,0.0978413734220745,0.10331375473427754,0.103313754624571,0.023861014941701696,0.02386101499271872,0.016525349107161715,0.016525349117749895,0.0029816676325359146,0.0029816678286400367,3.902948738668673e-09,4.019913005060581e-09,0.016532876140113797,0.016532876161011924,0.029438112184702617,0.02943811222954051,5.682338677565914e-09,5.820766608395408e-09,6.360845317262702e-09,6.513981497158491e-09,6.376673966394365e-09,6.526286248775473e-09,4.898500425553211e-09,5.030788719127405e-09,0.015505698532429522,0.015505698527560747,0.013059359071343259,0.013059359066039668,0.025138748505738526,0.025138748510044256,0.050394835566946454,0.05039483555937353,0.040860588560545384,0.040860588562817025,0.051711847071855686,0.05171184789165266,0.054378027105225685,0.054378027761873386,3.2264360077552086e-08,3.233303564784736e-08,0.047253692002131996,0.04725369218300678,0.1027458132732441,0.10274581605267441,9.934463750995856e-09,1.0086733600927876e-08,1.1214908417188807e-08,1.1373382968469227e-08,0.0336109136290763,0.033610913603356184,5.503051613410338e-09,5.629052932057621e-09,0.024286964513763155,0.024286964525901306
2025-09-12,8.048032905844279e-08,2.4144098717532834e-11,1.9307577272670428e-08,1.954755443117278e-08,0.12496680874453574,0.12496680867840101,0.1218244245926395,0.12182438919759578,0.09662518398247548,0.09662517935062044,0.10214875532033879,0.10214875517320776,0.0246720125786931,0.024672012722100845,0.01741155976526049,0.0174115598279639,0.003106531033194806,0.00310653130183072,3.849712425398872e-09,4.033647471934373e-09,0.017974554354433552,0.01797455444442587,0.029124510250016892,0.029124510368296115,5.881499153000237e-09,6.105421702993369e-09,6.738637249151864e-09,6.992160480577207e-09,6.621382932311827e-09,6.865671785371784e-09,5.048178908946853e-09,5.262609852401205e-09,0.01577308727896356,0.015773087316548633,0.013321829525292362,0.013321829564703116,0.025782279036509228,0.025782279079379564,0.05218541222990477,0.05218541224011175,0.040507564107168895,0.04050756413367906,0.05189788172150403,0.051897884854865545,0.054280629233717556,0.05428063156029434,3.264429220478631e-08,3.284067301852067e-08,0.04669549283304793,0.04669549354365589,0.10385487594564782,0.10385490687157846,9.636520142937301e-09,9.87413655080083e-09,1.0933855303431432e-08,1.1191354462276405e-08,0.033600590793062664,0.03360059080242161,5.319725645281924e-09,5.508814252483436e-09,0.024245910692211603,0.024245910746275627
2025-09-19,2.3575200223304284e-08,7.072560066991284e-12,1.8995128310219716e-08,1.9149632533370037e-08,0.1252905378314394,0.12529053777818025,0.12237873907938537,0.12237873159206555,0.09667747264954431,0.09667746857750939,0.10224841117345647,0.10224841103335673,0.02433665902101012,0.024336659093493508,0.01758562899715616,0.01758562901975709,0.003126985153708482,0.003126985356409097,3.724810934161135e-09,3.8519407248850244e-09,0.01823466689900127,0.01823466694143409,0.028425228635135955,0.028425228684318016,6.0927426849180335e-09,6.257921241829792e-09,6.663036997794956e-09,6.843998618779101e-09,6.51025560309146e-09,6.685066266070651e-09,5.102370327996436e-09,5.2577863000717575e-09,0.015143061883176484,0.015143061884558594,0.013119015750016508,0.013119015751581559,0.024869662526673608,0.02486966253373653,0.05273292475379299,0.05273292474668367,0.04053101078798367,0.04053101078949504,0.05294055483005399,0.052940556346113485,0.05507389015196284,0.05507389128185704,3.3392010698083284e-08,3.347073535032502e-08,0.04644350482313533,0.04644350508468769,0.1031149302326826,0.10311493716807413,9.437116499524534e-09,9.608443183668048e-09,1.0675203279979663e-08,1.085635123488098e-08,0.03320083710449004,0.03320083707671291,5.271028652615096e-09,5.408493913999854e-09,0.02452617185249038,0.024526171869606306
2025-09-26,1.7465674542159527e-07,5.239702362647858e-11,1.8757158190521888e-08,1.8957435125058474e-08,0.1239851228852777,0.12398512266090653,0.12083971383581771,0.12083964802726398,0.09576736584560619,0.09576734560700106,0.10142337572025871,0.10142337523906268,0.024671505995426713,0.024671506051005133,0.017800518402501735,0.017800518369634064,0.003121349051462846,0.0031213493208577755,3.627004587454087e-09,3.6723679341272606e-09,0.01893714314749033,0.018937143156375878,0.02820553349100242,0.028205533475748012,6.431802064652376e-09,6.552286811254635e-09,6.833756762007243e-09,6.983521597390373e-09,6.6759410874455704e-09,6.8097793345831205e-09,5.2986278975412715e-09,5.403374001825642e-09,0.014923631176415505,0.014923631114489353,0.013189274208423625,0.013189274150135967,0.024151938263842456,0.024151938197347286,0.05237260575411573,0.052372605659838756,0.04259281455126154,0.04259281447746121,0.05319746917999813,0.05319747074827756,0.055337539291004684,0.05533754053167525,3.298368935661711e-08,3.3249412892650464e-08,0.04609482881357749,0.04609482913218942,0.10597969817627269,0.1059797808059742,9.487695498740554e-09,9.54149201497982e-09,1.0553179018002608e-08,1.0671046082408181e-08,0.032617565064293676,0.03261756493707601,5.251431831170149e-09,5.296821009992721e-09,0.02479090124566383,0.024790901200143354
2025-09-30,5.4839028436062e-08,1.6451708530818597e-11,1.8766609398378024e-08,1.8746997409896298e-08,0.12324865652938836,0.12324865649298157,0.12017747776329046,0.12017745381072077,0.09514345448905465,0.09514345121433485,0.10078914653480639,0.10078914646213244,0.024685150336437672,0.024685150348014176,0.017735965509877064,0.017735965508730817,0.0030971911378832383,0.0030971911667626523,3.5028918724995445e-09,3.589905542342197e-09,0.01882708688750946,0.018827086892326726,0.02798796216491952,0.027987962166478933,6.3066782862728855e-09,6.365641068858738e-09,6.588869586058183e-09,6.6469143565763885e-09,6.748636514962574e-09,6.8044069932275555e-09,5.176062240446725e-09,5.247550617103252e-09,0.015506054436467478,0.015506054430166652,0.013104460394916898,0.013104460388589964,0.024225168202141878,0.024225168195785317,0.052450070172911034,0.052450070162975315,0.04458537350669615,0.044585373501217405,0.05349411754841374,0.05349411781498301,0.05524812135669995,0.05524812153791996,3.2715883014342987e-08,3.270940208689533e-08,0.045948410099520186,0.04594841015583344,0.10675884733715275,0.10675887377440796,9.374411920305725e-09,9.394290629077143e-09,1.0408566324269e-08,1.0421038843474613e-08,0.03202771546959741,0.03202771545107631,5.0731690285817324e-09,5.140861503498957e-09,0.024959465460537608,0.024959465457552565
2025-10-10,0.006560105740612158,1.968031722183647e-06,1.8683599503825724e-08,1.874574427161252e-08,0.12199454264527845,0.12199454230488936,0.12130891730704538,0.11904371789402608,0.09512821507950028,0.09411336328979904,0.09956828060183794,0.09956827988662728,0.02483510330784207,0.024835103364828866,0.017956654921605586,0.017956654923256495,0.0031165773550243295,0.0031165773085729547,3.4994570799322225e-09,3.4916383416703496e-09,0.01872267379722458,0.01872267382578023,0.027732838237071875,0.027732838255576268,6.508915775097774e-09,6.5566825391026475e-09,6.5602584542860506e-09,6.613758233266769e-09,7.0157675086081106e-09,7.073322313628477e-09,5.32450041587899e-09,5.360845193584237e-09,0.015159648651408697,0.015159648602542038,0.013460886701689882,0.013460886641782754,0.023814122385610904,0.023814122349052794,0.051961837612994194,0.051961837569192565,0.04536572337457044,0.04536572337037324,0.05374254969107947,0.05374255012450017,0.05554892097765772,0.05554892133714936,3.437521367603592e-08,3.419710200910645e-08,0.04656802854154606,0.046568028810352526,0.10816533363166046,0.11144538490962408,9.542569329716806e-09,9.62087109463707e-09,1.00163761865685e-08,1.0098143799919158e-08,0.03171510670040895,0.031715106531958304,5.134178080439705e-09,5.141723744325364e-09,0.024133931818106687,0.02413393180028407
2025-10-17,0.007516037038486649,2.2548111115459946e-06,2.1124149850325774e-08,1.826807399268841e-08,0.12126843235120452,0.1212684302014184,0.12100142787654604,0.12086316617193961,0.09818314436677278,0.09456342006694751,0.09900156499748755,0.09900155902891616,0.02419633393279241,0.024196333718565662,0.01711654790533137,0.017116547559562607,0.003003260229101492,0.003003259792616505,4.700917693436505e-09,3.4145795377281017e-09,0.017336958655738328,0.01733695836909812,0.028771305516552895,0.02877130517221712,7.337139662580825e-09,5.92237101091175e-09,7.238250277314188e-09,5.947539348353674e-09,7.874057371458006e-09,6.599276504574035e-09,6.133741308705274e-09,4.863482854590382e-09,0.014971811046498432,0.014971810578065941,0.013056971642978723,0.013056971148432588,0.023920885226824343,0.023920884736664975,0.04992365722212224,0.049923656658987244,0.05026807242679525,0.05026807215340794,0.053413905977759135,0.053413906188459946,0.054329497098276336,0.054329497593016716,3.4982790574851717e-08,3.4205920420863245e-08,0.0457188276087612,0.04571882829953645,0.11008846362602306,0.11384648074904995,1.2938873057396369e-08,9.326844304998814e-09,1.2966942180969472e-08,9.783215060530913e-09,0.03150494257259948,0.03150494127749937,7.295959466175923e-09,5.474230922434219e-09,0.022923867127012994,0.02292386673006324
2025-10-24,0.01661155525693834,4.9834665770815015e-06,2.1168774818746537e-08,2.1182212774310314e-08,0.12172300902001704,0.12172300872293074,0.12307656518426713,0.12135518811628564,0.10528567878230516,0.09870128173327215,0.09939626647089769,0.09939626365062765,0.024248992915081778,0.02424899295473472,0.01697913867054832,0.016979138677667618,0.0029796726372860786,0.0029796726026237565,4.70291561168579e-09,4.741077773550029e-09,0.017542768525735015,0.017542768547594022,0.029230636237367057,0.02923063624011541,7.154371218070486e-09,7.221652335156989e-09,7.3910887068883895e-09,7.460356995117004e-09,7.613845444111214e-09,7.680847137252944e-09,6.0462765541219614e-09,6.09955191948057e-09,0.014862732388140927,0.014862732355295928,0.012677136401720634,0.012677136352255513,0.023478749725128742,0.023478749660197393,0.050431251441366974,0.050431251418058945,0.045716811468568534,0.045716811521233525,0.055470014941452386,0.05547001622162777,0.05613936417139334,0.05613936506282095,3.676338237497183e-08,3.6672719349063614e-08,0.04641344709323177,0.04641344738041066,0.09922071211851566,0.10752648663277702,1.3040819011161869e-08,1.3120540501399607e-08,1.2909664154567245e-08,1.2996426557128354e-08,0.031920246602915626,0.03192024650567055,7.46035833310918e-09,7.516829096855103e-09,0.023206680952563993,0.023206680951585484
2025-10-31,1.89851235475586e-07,5.69553706426758e-11,2.140091100889366e-08,2.1305392259982602e-08,0.12163493080269126,0.12163493070189135,0.12307370300781836,0.12307361396088172,0.10498553357183259,0.10498552914859106,0.09897703923596408,0.09897703805890021,0.024700756118637448,0.024700756139103778,0.01747920940980793,0.017479209417553116,0.0030411108306113944,0.0030411108902521793,4.5870238956994865e-09,4.713756085065896e-09,0.01861735715734108,0.01861735717242099,0.028829828510708835,0.028829828505108,7.340291510315983e-09,7.4395862742614816e-09,7.664441121858251e-09,7.759925588262288e-09,8.20032630607953e-09,8.288620153402162e-09,6.158529794607196e-09,6.2717734166929485e-09,0.01505575853720748,0.01505575853439062,0.013057988984619415,0.013057988977437845,0.023090473945504474,0.02309047392516792,0.05044921977680014,0.05044921976713063,0.04477692582429757,0.04477692584002271,0.05725100032440537,0.05725102441916119,0.058755822404987175,0.05875583570838547,3.9251451724010114e-08,3.9255970502327246e-08,0.04607723649271272,0.046077236613304394,0.09557951027849751,0.09557956686323853,1.3113876826731694e-08,1.313981145079656e-08,1.2705499246063479e-08,1.2747450542414182e-08,0.03162744838853431,0.03162744835208272,7.221731247079749e-09,7.327829630919634e-09,0.022939018752938304,0.02293901875486002
2025-11-07,1.3517508517744367e-07,4.05525255532331e-11,2.165432654777113e-08,2.1555050748071153e-08,0.12161736985285188,0.12161736978115163,0.12316217768828569,0.12316211390995908,0.1051561555377923,0.10515615275658594,0.09905771650251802,0.09905771573457534,0.02462497282760614,0.02462497284157912,0.017383539962494934,0.017383539966608314,0.0030651968260891633,0.0030651968715041987,4.573889571149045e-09,4.684975859564934e-09,0.018411201819926903,0.01841120182964471,0.02954184844956299,0.029541848443384904,7.064789365350853e-09,7.1518898584205594e-09,7.417101955814047e-09,7.500332009969589e-09,8.301815247374273e-09,8.374555995246102e-09,5.958287537698686e-09,6.058251370295332e-09,0.01491121201029625,0.01491121200488039,0.012895185749768553,0.012895185740104837,0.023021741620508684,0.023021741597896356,0.051014574325036005,0.05101457431493851,0.04564103292752125,0.04564103294205297,0.05685810595789575,0.05685812075886012,0.05679790335629988,0.05679790608063099,3.871774686571779e-08,3.873238359337872e-08,0.04578894791224073,0.0457889480121948,0.09620357897404322,0.09620362825082351,1.299884192343491e-08,1.30143454517765e-08,1.2657369648450347e-08,1.2683208491683563e-08,0.03205407209682694,0.03205407206230295,7.417292999598215e-09,7.504954491485898e-09,0.022793338840973024,0.022793338840373777
2025-11-14,0.0028102481065925148,8.430744319777544e-07,2.1614940303558767e-08,2.159109938916068e-08,0.11969383436090736,0.11969383411307515,0.12245142568472503,0.12104632834402121,0.10346546539608843,0.10346544236000413,0.09747012968354515,0.09747012661181433,0.024263208514809897,0.02426320854237619,0.01713537894644122,0.01713537895128561,0.0030345164626345874,0.0030345165048298265,4.452926702714069e-09,4.554154077739529e-09,0.01800681421638616,0.01800681423415658,0.029371368230835578,0.029371368213503297,6.679718109633257e-09,6.7958890214904736e-09,6.8661613006260155e-09,6.9827501262341946e-09,8.250607822134124e-09,8.362236841805152e-09,5.5972864067588695e-09,5.706821098117904e-09,0.014600584399015123,0.014600584374791633,0.012434147815173605,0.012434147775148648,0.02353337932127058,0.023533379257264193,0.051484499087239455,0.05148449906334311,0.04993256058886111,0.049932560708190216,0.056558161519712095,0.05655816808925872,0.05819782114030864,0.05819782778711826,3.839920233055602e-08,3.83409451741628e-08,0.04582320648191351,0.045823206721112286,0.0977879751270922,0.09919308464415297,1.2929602810586772e-08,1.3016231036140791e-08,1.223783335222888e-08,1.2352605478232565e-08,0.031601063981980336,0.03160106388071843,7.120533031856721e-09,7.232956897378949e-09,0.023154334892247552,0.02315433488814592
2025-11-21,1.3139870049122535e-06,3.94196101473676e-10,2.1671232627732554e-08,2.1684235204021957e-08,0.12164990799621593,0.12164990762056074,0.12459217252060989,0.12459154921486802,0.10516386733579594,0.10516384025103394,0.09906742794101751,0.09906742337379897,0.023954597757872103,0.02395459772544287,0.016721484326356843,0.016721484267496933,0.0029798187356769013,0.0029798187170301917,4.393420156992775e-09,4.3732364173171715e-09,0.017397922864307535,0.017397922820000928,0.029299578630003376,0.029299578536617833,6.473144959358627e-09,6.467637016949529e-09,6.83557227490401e-09,6.830857189394654e-09,7.967589911255052e-09,7.955201054567583e-09,5.423204917847358e-09,5.404218751734122e-09,0.014465651660609882,0.014465651554746321,0.012483027244526206,0.012483027115611993,0.02329314118326435,0.023293140987219282,0.04961914151511129,0.04961914141721226,0.04857691388956956,0.048576913953328235,0.05589602194078341,0.05589602324360183,0.057346303640110716,0.057346304853451616,3.73052426291266e-08,3.6935777774876665e-08,0.045133483699086964,0.04513348388987739,0.09640611336195573,0.09640676756124707,1.2889613181776759e-08,1.2864382959002183e-08,1.2159616786223823e-08,1.2170116829233615e-08,0.0321389687402621,0.032138968415189886,6.8973947476619514e-09,6.863583803364245e-09,0.02381433300083154,0.023814332932416506
2025-11-28,2.1073356984470083e-06,6.322007095341024e-10,2.116730662847578e-08,2.117936152615292e-08,0.12116620355190073,0.12116620312619947,0.12386643232679628,0.12386541016876947,0.10483199725950577,0.10483197417790362,0.09880023504251602,0.09880022914528215,0.023613865789617022,0.02361386575819524,0.016397119348573647,0.01639711928740236,0.0029347678755555985,0.0029347678798382886,4.40469159843595e-09,4.351286546620492e-09,0.0172705518398222,0.017270551796687014,0.02860044084541433,0.028600440740630804,6.465811672242476e-09,6.436896608306689e-09,6.93676697877759e-09,6.913627390589716e-09,7.551150310702335e-09,7.524539333110242e-09,5.401260780379224e-09,5.342661158814902e-09,0.013928619150283681,0.01392861903199004,0.012374433505611324,0.012374433357277153,0.02306236052202123,0.02306236028464572,0.04957836646249389,0.04957836635468291,0.051148378899585234,0.05114837907878027,0.056135351305877754,0.05613535383324828,0.057665089040829856,0.0576650915194486,3.74185015882158e-08,3.699286933825841e-08,0.04513362022101401,0.04513362048250172,0.09729960612290578,0.09730065432774532,1.3019009251620317e-08,1.2962022449016066e-08,1.237102930930492e-08,1.2318546868499249e-08,0.03276351599763904,0.03276351563164409,6.754526545894442e-09,6.660444935858169e-09,0.023428923401982035,0.02342892333487127
2025-12-05,2.854047796718229e-07,8.562143390154685e-11,2.091994397548328e-08,2.093153117635776e-08,0.12002544047691927,0.12002544030039125,0.1224887293172417,0.12248859808144749,0.10383629163565945,0.10383628362622638,0.09793844131970533,0.09793843887645762,0.02357908349445494,0.023579083464003166,0.016422786340924766,0.0164227863042444,0.0029104023064392267,0.0029104023283452424,4.31261142196343e-09,4.3752609703522115e-09,0.017337121306729902,0.017337121275214803,0.02832613133083709,0.02832613127143634,6.517437654391585e-09,6.575532049160764e-09,6.939564387523328e-09,6.994508012544045e-09,7.381581121338095e-09,7.43230671809923e-09,5.348729101505887e-09,5.410995666159065e-09,0.013674350626188865,0.013674350569936778,0.01245396449894283,0.01245396443133904,0.022356657718406166,0.022356657600671983,0.04910237729767641,0.04910237723954624,0.058004100650816716,0.058004100742848556,0.05644438197935103,0.056444383394498844,0.057805078376229856,0.05780507967252445,3.759219385436226e-08,3.75487594827825e-08,0.04480116400679298,0.044801164124253806,0.09700387797257513,0.09700401731413351,1.3389410712275738e-08,1.3386317574798614e-08,1.2304785755932318e-08,1.2360460439797711e-08,0.03147574951353121,0.03147574922003368,6.667413665679245e-09,6.729462305713719e-09,0.02401374845690559,0.024013748417311895
2025-12-12,6.072585822794407e-07,1.821775746838322e-10,2.619892173606811e-08,2.0944226382571316e-08,0.1194149040244408,0.11941490279232445,0.12215370832641878,0.12215353651224561,0.1031988853837199,0.1031988023736528,0.09728798245890082,0.0972879606749496,0.023472928556218135,0.023472928184981513,0.01648430097317672,0.016484300592925483,0.002919986373126482,0.002919986686719443,5.35575321198086e-09,4.335874885459886e-09,0.01775453276158296,0.017754532403042478,0.027495957719819348,0.02749595714300369,7.512394733249314e-09,6.491156079176192e-09,7.970111768974982e-09,7.05287264254895e-09,8.427008529010927e-09,7.442349565320968e-09,6.580957117400893e-09,5.30447985532377e-09,0.013884058931728104,0.013884058436541924,0.012831454613459598,0.012831454037302075,0.021763342136691236,0.021763340999924524,0.048060260947216805,0.048060260433638737,0.06606545046287136,0.06606545173860898,0.054904397442475564,0.05490439950555705,0.05673272920236711,0.056732731187847524,3.531743477032505e-08,3.5775637407411686e-08,0.044398058895656047,0.044398059405657865,0.096828228154436,0.09682852517763049,1.5393041076488922e-08,1.338259967067109e-08,1.4823437793112011e-08,1.1842978495288717e-08,0.030910043267831342,0.03091003970483803,8.311868694558253e-09,6.3533847957360445e-09,0.023438653476933313,0.02343865308304837
2025-12-19,0.005347040622048645,1.6041121866145933e-06,2.6261529547331183e-08,2.597394823901731e-08,0.1178876536251104,0.11788765250944033,0.1223631527199919,0.12039968058539922,0.10258210998275326,0.10187218238922595,0.09601999477570346,0.09601988574826378,0.023163994623656044,0.023163994518075527,0.0163125272440344,0.016312527092724835,0.002863109319328533,0.002863108967470114,5.745414140250698e-09,5.253086415622866e-09,0.017220120812509412,0.017220120698542757,0.027306082497744157,0.027306082242320145,7.769876924768208e-09,7.340172588223776e-09,8.130411906444754e-09,7.74916200975859e-09,8.46684220569419e-09,8.061402903535419e-09,6.974563591533767e-09,6.419695603879467e-09,0.013885546628557344,0.01388554631487903,0.012859780561070932,0.012859780162329382,0.021748425185786006,0.021748424372292813,0.0470340094285359,0.04703400912424114,0.07581742106914213,0.07849093499176645,0.05292968393514392,0.05292968463607736,0.05584792887442866,0.05584792977004495,3.432673105326632e-08,3.435999532139679e-08,0.04359988133694136,0.04359988175066249,0.097735529737058,0.09773553408192286,1.559008869275855e-08,1.5246650235921822e-08,1.5490890018644073e-08,1.4800151606451644e-08,0.03050323035319938,0.0305032272004189,8.972684021538086e-09,8.247666466727927e-09,0.022319679560272705,0.02231967939197054
2025-12-26,0.02599354189935185,7.798062569805554e-06,2.720231233938192e-08,2.6091443140458607e-08,0.11509446378779946,0.1150944618794386,0.12661630255705575,0.11955811224091274,0.10414432100559343,0.10018764894709922,0.09564874370261325,0.09366684968399414,0.02306796968407157,0.023067969590912094,0.016600541273312328,0.016600541129826316,0.002908143052124228,0.0029081426025948363,6.37584446725325e-09,5.887148590818043e-09,0.017502293869220396,0.01750229376854572,0.026625349619839124,0.02662534935472521,8.396773522651973e-09,7.957220653245565e-09,8.650396802736661e-09,8.243326734168313e-09,9.09819571699057e-09,8.680083981686512e-09,7.583288219535893e-09,7.030252524062124e-09,0.013712103176602018,0.013712102829827967,0.01333278157700129,0.013332781153443017,0.02129237438973762,0.02129237330443167,0.0464962579071757,0.04649625755769571,0.07592154315042228,0.08891830904548566,0.05277367481502818,0.05277367554675724,0.055191331572510646,0.05519133231815522,3.39218887720487e-08,3.4081547677045894e-08,0.043453346790694874,0.0434533471225941,0.09786622849777864,0.09786623158345929,1.604462745648299e-08,1.572670819963867e-08,1.6346505253692146e-08,1.5698308442175155e-08,0.029981973611407225,0.02998196954364291,9.36175667145109e-09,8.597917795600402e-09,0.02177011297842292,0.021770112802500498
2025-12-31,5.532313241119466e-09,1.6596939723358397e-12,2.7715015917889492e-08,2.7566169627081054e-08,0.1167332145424501,0.11673321446974935,0.12800473452672775,0.1280047342089682,0.1057450549423371,0.10574505421525626,0.09709050647822502,0.09709050561829209,0.023446832017582374,0.023446832006277462,0.016953545388438396,0.01695354537541078,0.0029602205600246768,0.002960220550270908,6.41073703776309e-09,6.4427563212983046e-09,0.01780224953001259,0.017802249519014032,0.02714214169267741,0.027142141669485424,8.595011363286871e-09,8.609064858731149e-09,8.900154625558185e-09,8.911813596186104e-09,9.312989869579917e-09,9.321203927752371e-09,7.733223709158981e-09,7.756067143263915e-09,0.013859877366133212,0.013859877342488605,0.013768200826687518,0.013768200798669828,0.021449063826197604,0.02144906374560144,0.047130627164886266,0.04713062713953957,0.06532111687829524,0.06532111700695728,0.05333638273623881,0.05333638278417825,0.05558251538311005,0.05558251545103981,3.406424164915413e-08,3.4044561440505116e-08,0.04381998429118926,0.043819984321716215,0.09721983770139037,0.09721984008536666,1.6583835816669296e-08,1.6524672318602836e-08,1.68890809506014e-08,1.682894152422434e-08,0.03053854085991163,0.030538540600147622,9.474052160291133e-09,9.492385050260338e-09,0.0220952076091416,0.022095207593934477
2026-01-09,1.0654779825579157e-07,3.1964339476737464e-11,2.840787278183957e-08,2.8363545190468364e-08,0.11535353409681229,0.11535353373892805,0.12658794305478874,0.12658793708150676,0.10451301657790978,0.10451298064751444,0.09609955620827519,0.09609954707168629,0.023638492134277093,0.02363849209074023,0.017756105624420575,0.017756105581360173,0.0030727914066639647,0.0030727913687625835,6.611545855506049e-09,6.64073367181014e-09,0.0179320237860959,0.017932023745698328,0.027135591246776992,0.027135591173985476,9.199150431360639e-09,9.197425625350074e-09,9.056543402385923e-09,9.056844949836869e-09,9.521865079272282e-09,9.515296877594797e-09,8.163377459373712e-09,8.175462600375418e-09,0.013906301896869307,0.013906301830676107,0.015301417244231598,0.015301417171756763,0.021224189201208988,0.02122418896470602,0.04687383931748273,0.04687383924434039,0.06798093750145388,0.06798094397278688,0.052851530956403485,0.052851531027385,0.055428233298939304,0.055428233415425965,3.42222890998245e-08,3.412719615267236e-08,0.04457084852522242,0.04457084861766068,0.09772115818998209,0.0977212046571151,1.7199742057114772e-08,1.7068672869121965e-08,1.680975809427402e-08,1.676460841099199e-08,0.030341460604761367,0.03034145978865568,9.877061854750772e-09,9.891014125840462e-09,0.021710880058218092,0.021710880008508703
2026-01-16,0.015630879764019848,4.689263929205954e-06,2.9043367478992786e-08,2.8246879404549602e-08,0.11303656269175096,0.11303656000960335,0.1255061903575131,0.12421176359192523,0.10638587534730705,0.10228435007501627,0.09646147117590591,0.09404200151865354,0.023180424119912665,0.023180423995177602,0.01805103183316342,0.018051031684858762,0.0031118851380454275,0.0031118847088436896,7.080850343406017e-09,6.6393304912354385e-09,0.017888127021031836,0.017888126895409247,0.02627230254155705,0.026272302229875106,9.586233901530472e-09,9.233869970056823e-09,9.668391181169093e-09,9.342715498115924e-09,9.832874665403206e-09,9.454924388962916e-09,8.662200708350651e-09,8.204548086593035e-09,0.013437767785607178,0.01343776741735188,0.014948079665179246,0.014948079307399258,0.02055353806084391,0.02055353672297001,0.04710025060704557,0.047100250260367384,0.07387255710757565,0.08168799040065458,0.05137258130893692,0.051372581809851284,0.053933582939264736,0.05393358338181694,3.473789283798089e-08,3.4889363012662873e-08,0.04444195843924183,0.0444419587601844,0.09916965088274904,0.09916965605580062,1.7804984778126047e-08,1.7685246477921176e-08,1.6993311944259993e-08,1.6404751085021098e-08,0.029620066682702822,0.029620059173050637,1.0219484410845702e-08,9.44062635903053e-09,0.021655942665073577,0.02165594245893537
2026-01-23,0.02880679050981861,8.642037152945582e-06,1.5047362167363549e-07,2.888055326384802e-08,0.11043578181140301,0.1104357491355223,0.1260329357276474,0.12287557960519711,0.10899485532476591,0.10388138668881107,0.10006409657271093,0.09414516691252438,0.022505573466414255,0.022505573003866068,0.0180258577006272,0.018025857201627277,0.003061122366255225,0.003061120904734405,1.0299555022727853e-08,7.117458318892638e-09,0.0172646661960516,0.01726466573522597,0.02589787105085499,0.025897869970020918,1.3273836600855784e-08,9.843297842757565e-09,1.2707803081196738e-08,9.413114559334787e-09,1.3475812374873551e-08,9.558047410915444e-09,1.2668103620665362e-08,8.716941894356968e-09,0.012952669814384291,0.012952668550265244,0.014811354361673985,0.014811353190164255,0.019601566836128154,0.019601557552563518,0.045342955430973435,0.0453429541379755,0.07762104890012947,0.09202443600713965,0.049993551635528585,0.04999355278062536,0.05293619356816356,0.05293619472743679,3.51204425478476e-08,3.3558161803730595e-08,0.04230523388479959,0.04230523394903911,0.10143082338281258,0.10143082916210222,2.3960078666690887e-08,1.6825989486345024e-08,3.3856549402261765e-08,1.691004159966019e-08,0.029178956958078553,0.028965540030257968,1.8792334633540474e-08,1.0179026084499014e-08,0.021542560382459656,0.021542559752268712
2026-01-30,0.051415770316646923,1.5424731094994077e-05,0.0005305729915230868,1.4391074066553688e-07,0.10866303453931274,0.10518642399119343,0.1273571796050094,0.12005890870398613,0.10977711509187982,0.1038078411109155,0.10151243911278478,0.09522631717840503,0.02160003135807477,0.021600030922668486,0.017398875519884924,0.0173988750510123,0.002921439122724474,0.002921437291390638,1.348193459598218e-08,9.670504665063744e-09,0.016313537138139413,0.016313536705305103,0.025354855779067223,0.025354854528097073,1.6704167257848945e-08,1.2331730893161663e-08,1.595368176765913e-08,1.1875301857462825e-08,1.789104591073342e-08,1.2877665936217847e-08,1.6828461672539338e-08,1.1808596939626387e-08,0.012416808594321134,0.012416807036078874,0.013603688574610345,0.013603686987724087,0.019327581514563735,0.019327563960199107,0.04540796679246718,0.0454079652946755,0.07897645405654499,0.09885944068458648,0.047569395205733375,0.04756939584418522,0.049672905390338695,0.04967290605680152,4.017663800174133e-08,3.34554488394972e-08,0.04059214777212345,0.040592147669950236,0.10527508150231711,0.1110999787276844,3.372052671235787e-08,2.450543856248668e-08,7.571389130180117e-08,3.293516824057791e-08,0.03043207466932351,0.02828501636018042,3.086678504474999e-08,1.8537896120446964e-08,0.025296554332123664,0.025296553986467792
2026-02-06,0.004639924968782727,1.391977490634818e-06,0.0011080831123862509,0.000545100867245136,0.11453405573624612,0.11453326463005978,0.13432049423949632,0.13432029549035857,0.11565659980776952,0.11565621576527106,0.10725500191856294,0.10695763246598856,0.022324937852409826,0.02232493684038712,0.017527090797955815,0.017527089635551434,0.0029774283864481004,0.0029774246869603734,2.1870402083840412e-08,1.4018617897867656e-08,0.016899904130565132,0.016899903028259177,0.02645120002183603,0.026451198026367705,2.6744009610085477e-08,1.652344740323584e-08,2.609931577152576e-08,1.5853946886718522e-08,3.045109627903139e-08,1.840759658036514e-08,2.8621149392649815e-08,1.6820578226196327e-08,0.012872621057180305,0.012872617631057912,0.01425959069807942,0.014259587532267803,0.0205598278858753,0.02055975552456222,0.04561074007989924,0.04561073665205359,0.054581145515140005,0.05458114573265425,0.04860760281079575,0.048607603559057425,0.051086784795727064,0.05108678550056064,7.591664038872873e-08,4.207468260721476e-08,0.041750447191891055,0.04175044733062803,0.09569475790526952,0.09801471858031449,4.2996740402470723e-08,3.217971433279643e-08,1.8454092222661275e-07,7.661618621622009e-08,0.03304691894526843,0.031588999660120916,5.3217782313775345e-08,3.262469229690351e-08,0.022874276653139482,0.022874275740811596
2026-02-13,0.005117885754301457,1.535365726290437e-06,0.0011420443691058941,0.0011371347735265054,0.11498285659379412,0.11498282816778548,0.135007114770838,0.1350070980690266,0.11609753979697893,0.11609745642321788,0.10751775488562619,0.1075102550792618,0.02260357450914491,0.022603574267382603,0.01820054970954776,0.01820054943338628,0.003079998101644807,0.003079997171075937,2.320921156934768e-08,2.249883936838705e-08,0.017360769013406687,0.01736076874722403,0.026881330237304237,0.02688132977702876,2.8587334126192372e-08,2.7830479318476708e-08,2.775027181562339e-08,2.6998322113038302e-08,3.2811113395021407e-08,3.201406641101974e-08,3.04013398582454e-08,2.9654195567711023e-08,0.012814427970748936,0.012814427094562035,0.014407938650027586,0.014407937861900541,0.019891035757700178,0.019891018430217875,0.04579640943958925,0.04579640860809646,0.045597582963850476,0.045597583084007166,0.04878580072644981,0.04878580102654178,0.05165321090389435,0.05165321114068123,8.395310484429563e-08,8.30319179694298e-08,0.04335976926494123,0.04335976934892767,0.09514175581002071,0.09770069794614954,4.53356711878506e-08,4.420268152525889e-08,1.8949030720914582e-07,1.8610823353481656e-07,0.03581653128838838,0.03327015860908029,5.5686997977360365e-08,5.479414395217016e-08,0.023861488011645608,0.023861487808039948
2026-02-27,0.0033570272101058206,1.007108163031746e-06,0.001123909840005494,0.001122305427658267,0.11367844567842995,0.1136778053378544,0.13319577787528505,0.13319521545155202,0.11541859804500983,0.11484711084685173,0.10755983374418555,0.10645657294166005,0.022413661432723685,0.022413659837619816,0.01826261521467935,0.018262613456495533,0.003103802941858685,0.0031037973673354396,3.500616534731418e-08,2.3628723575096964e-08,0.017273846805508267,0.01727384508086869,0.02673596206734373,0.02673595925621476,4.360856465209693e-08,2.9104374200891483e-08,4.21877123427319e-08,2.7727518148093166e-08,4.812555658266007e-08,3.237579072687253e-08,4.6764722887766794e-08,3.019149578591267e-08,0.012481905603597921,0.012481899927622983,0.014976852092699035,0.014976847422582307,0.019463516460954667,0.019463388230041536,0.044264894065929004,0.04426488774137612,0.052986130304307294,0.0529861309462806,0.048011953018663484,0.04801195457867437,0.051025666382574414,0.05102566776022525,1.1448269954047223e-07,8.423719929899782e-08,0.044071550433357816,0.04407155090738122,0.09420011690353644,0.095878626454931,5.93223957993617e-08,4.52407347473201e-08,2.517041820030788e-07,1.8801970820819642e-07,0.03595531678807199,0.035954719971393594,7.664889809279242e-08,5.536261673661545e-08,0.02379492645038106,0.023794925167219007
2026-03-06,0.0044580944706064255,1.3374283411819275e-06,0.0011013770670368018,0.0011013515306661698,0.11432153285487337,0.11432152571921315,0.1340907060403824,0.1340907011370391,0.1160153419641893,0.11601533042001108,0.10801500742179468,0.10801498754913444,0.022113973453256608,0.022113973340577256,0.017781856316161925,0.017781856192906894,0.002996334383404612,0.0029963339692819137,3.405746590684534e-08,3.396414651237587e-08,0.01666380295585917,0.01666380283332011,0.02764397029010358,0.027643970115616045,4.091088350611994e-08,4.086289908545165e-08,4.0586301317325174e-08,4.0490921657786464e-08,4.796242259530181e-08,4.765249358082834e-08,4.4555798492370386e-08,4.4481292564467686e-08,0.01200281493729476,0.012002814524871003,0.014607562517654082,0.014607562194439545,0.01915739590394818,0.019157388334615204,0.042624157981311916,0.04262415747586859,0.0535979955877395,0.05359799568847458,0.04755704236571175,0.047557042486090564,0.05072546054066274,0.050725460671758135,1.1116981037634139e-07,1.087509348456788e-07,0.04135631587666143,0.04135631589499171,0.09277101586292527,0.09500006272768889,5.9542625187307673e-08,5.867917560780903e-08,2.8201703231073426e-07,2.778286598970994e-07,0.03910826914629119,0.036879310403258696,8.398103789163427e-08,8.240305484262391e-08,0.02574732174935919,0.025747321676598312
2026-03-13,2.5690160394514276e-06,7.707048118354282e-10,0.001101205580982845,0.0011006158286394237,0.11417646475146076,0.11417635787554894,0.1338529072110834,0.1338527981504269,0.11604520316818455,0.11604511964448609,0.10798383483794592,0.1079836391884948,0.022296449392753888,0.022296448422595344,0.01789259927383005,0.017892598205415913,0.0030613508228824354,0.0030613474986465063,3.863032877519973e-08,3.456687217087062e-08,0.01718811815649179,0.0171881171265242,0.02839029655443796,0.028390295052529442,4.6605490670558023e-08,4.0097589827986125e-08,4.649990691939176e-08,4.031039505952948e-08,5.6607990130098765e-08,5.107336407451321e-08,5.1099441692293175e-08,4.375922305652254e-08,0.012041702275315267,0.012041698512439861,0.01410874078763655,0.014108737846903186,0.019733599742312376,0.01973350984134803,0.04311826301668846,0.043118257813989994,0.05176483260809404,0.05176483258173511,0.046974475891269976,0.04697447637112753,0.04978467075445477,0.04978467121164168,1.1927376989025354e-07,1.085263806200714e-07,0.0400343659765214,0.04003436585307949,0.09251824356677965,0.09251952713775496,6.501440770601799e-08,5.969291615891473e-08,3.3457470425710566e-07,3.2421920882248457e-07,0.042338674218548894,0.04233864881055349,9.716205674334918e-08,8.951800078546978e-08,0.025593145944228294,0.025593145262168694
2026-03-20,7.43698956553193e-08,2.2310968696595785e-11,0.0010899734327192356,0.0010899675066069997,0.11693812978652326,0.11693812695544288,0.1369772008247955,0.1369771989354261,0.1187711340532626,0.11877113137247633,0.11050930814327706,0.11050930488882474,0.022348971423658607,0.022348971250834605,0.017260262275468882,0.017260262074947845,0.002974319455722909,0.0029743189269898626,3.8174209208340716e-08,3.7941369154553745e-08,0.017557913743566952,0.017557913563659596,0.028392113965469524,0.02839211369577209,4.6969973044653735e-08,4.682170579483253e-08,4.749145094095617e-08,4.732478856069156e-08,5.448159322405559e-08,5.41178668553716e-08,5.078398431265651e-08,5.06621127675951e-08,0.01209960289987776,0.012099602279778967,0.013502869748605206,0.013502869236885586,0.0199554338623744,0.019955429798501772,0.04391026001716712,0.04391025922412108,0.04270592661689,0.042705926671508826,0.047405875203807936,0.047405875358154916,0.04963636170541516,0.04963636185859442,1.1978077846986503e-07,1.1820894542679437e-07,0.0395061640744298,0.03950616407237606,0.08762513581451083,0.08762517263731374,6.266405544540046e-08,6.201610788015929e-08,3.6465137521310707e-07,3.582989656465883e-07,0.04354792292632028,0.043547920380849425,9.62406032389038e-08,9.523300352188626e-08,0.027284238788113813,0.0272842386860688
2026-03-27,1.3960055051036492e-07,4.188016515310947e-11,0.0011048224340734125,0.0011048155107153822,0.11842540121477987,0.11842539626460255,0.13876537805972508,0.13876537570435946,0.12036566471853434,0.12036566085586162,0.11196026082953607,0.11196025591615778,0.022093712818013016,0.02209371252512752,0.016945950869308612,0.016945950530805276,0.002905665538235449,0.0029056647741438728,3.8306670673560964e-08,3.732532122521415e-08,0.017571269457582764,0.01757126915167724,0.028440029333293048,0.028440028913948204,4.651210120626844e-08,4.527605805770896e-08,4.764430009007146e-08,4.6380747919783216e-08,5.8044645475262667e-08,5.655438912182805e-08,5.0826093789047614e-08,4.947676829302929e-08,0.011522478442335712,0.011522477482824894,0.012926109522716825,0.01292610875363422,0.01940156124462969,0.01940155805529209,0.04348669678194624,0.043486695614031505,0.04318054494397518,0.04318054504656384,0.04699626786793987,0.04699626803392711,0.049392695886965515,0.04939269600334181,1.210026207341423e-07,1.1875367490915356e-07,0.03907893739441928,0.03907893737562801,0.08284073540449406,0.08284080481981701,6.559561201593794e-08,6.406406181945798e-08,3.743856258623508e-07,3.7135679290844783e-07,0.042483600051238295,0.042483577377063306,1.0024252772193179e-07,9.764694079842897e-08,0.030111314626060082,0.030111314455722026
2026-04-03,2.3182835953591303e-06,6.954850786077391e-10,0.001088726386248192,0.0010887004523813261,0.11808994579808854,0.11808992371190657,0.13834655779024288,0.13834655070456617,0.12003583251293772,0.12003581904401325,0.11158074995044516,0.11158073129877158,0.02201735899560907,0.022017358331020174,0.01682223055353324,0.01682222977735807,0.0028930866229118423,0.0028930846916931105,3.9510641822677114e-08,3.8300738051950757e-08,0.016975489532823622,0.016975488809053894,0.028248724005082503,0.02824872305749577,4.650539997633536e-08,4.506529888907412e-08,4.7730472468289937e-08,4.6278317998375994e-08,5.576169569664693e-08,5.441183793770677e-08,5.1092945320522255e-08,4.963159996268578e-08,0.011369183111038208,0.011369180688472452,0.01284857333088335,0.012848571477114632,0.019774886049320983,0.01977487673244804,0.04338511119815253,0.043385108104055735,0.0455639224080352,0.0455639228606327,0.0469330749189995,0.04693307540389682,0.04892272976493612,0.04892273021942583,1.2213773926630743e-07,1.2091257981977032e-07,0.03872920128534433,0.03872920124330999,0.08505027933934066,0.0850514370891538,6.733931749667717e-08,6.624735546828612e-08,1.0857135782306837e-06,3.7060918924048036e-07,0.040721544765550025,0.040721220191473693,9.640138102518771e-08,9.550777268926376e-08,0.03060117948730505,0.030601179147066344
2026-04-10,0.0016527248566507882,4.958174569952364e-07,0.0011141968719072975,0.0011141790087931729,0.11705895149699909,0.11705891007584174,0.13726790706800188,0.13726789876984039,0.11912471647140249,0.11912470037605402,0.11062232505288976,0.11062229731454812,0.022229616288202338,0.02222961553387526,0.017310769417918766,0.017310768540323842,0.002976849671482911,0.00297684742664455,4.169422919069077e-08,4.035424006270701e-08,0.01765769647270599,0.01765769567266336,0.027607903097579,0.02760790193684227,5.137033475816439e-08,4.9983895386781994e-08,5.2669463152533255e-08,5.129713074963577e-08,5.7109907482684623e-08,5.574917670298887e-08,5.525844464865656e-08,5.388598790606905e-08,0.011336376900204873,0.01133637419090869,0.013113596123627265,0.013113594056884356,0.019369709699338593,0.019369700582823227,0.044107224817965515,0.044107221600926894,0.04641193408857787,0.0464119348628729,0.04840949483034094,0.048409495291550426,0.05001458650104381,0.05001458689175027,1.282615029054848e-07,1.269775067191036e-07,0.04020795718687238,0.04020795738626711,0.08495680793895287,0.08578316854167257,6.8672449512531e-08,6.765406720920485e-08,0.000825307266731319,1.0534750419922033e-06,0.04029202882528076,0.04029006497583652,9.380461610853375e-08,9.306743015996995e-08,0.027983495071026526,0.027983494518603453
2026-04-17,0.0012001814540715452,3.6005443622146354e-07,0.0011166661152442834,0.001116650337027746,0.1158331329324117,0.11583305081991434,0.13591662067577,0.1359166092109452,0.11768384436346901,0.11768381842263649,0.10925893637585543,0.10925888193209383,0.022788034492559527,0.02278803382532479,0.01771537545949787,0.017715374688063012,0.003057489692767349,0.003057487498398975,4.405814205593644e-08,4.286438590083931e-08,0.019034327798055143,0.019034327154592162,0.027535446602604992,0.027535445529552897,5.480106060926757e-08,5.3644107244652005e-08,5.715123907180438e-08,5.6049976551490415e-08,6.197179717821216e-08,6.090541487724264e-08,5.889614640491158e-08,5.777067038378971e-08,0.011738018075922844,0.011738015593305994,0.013459164350468004,0.013459162448467238,0.019281955307159118,0.019281946042299717,0.044442951024439646,0.0444429480286526,0.04629614376732445,0.04629614460979359,0.05052567930815343,0.05052567988802361,0.051345193792123635,0.05134519453842953,1.3508229826372986e-07,1.3340037255061214e-07,0.04060316233145734,0.040603162533744894,0.08489829869705609,0.08549838705315913,7.169959260213372e-08,7.078982431857467e-08,0.0014118614897993538,0.0008120809170997386,0.040480288528220526,0.04048019959687106,9.35888711754196e-08,9.302377546762573e-08,0.025576831570492897,0.025576830883076232
2026-04-24,0.01611340444407534,4.834021333222602e-06,0.0011184551912398603,0.001118453116128712,0.11610982512331548,0.11610968234628334,0.13644487135504899,0.1364448694876344,0.11787868847981732,0.117878602368005,0.11572067332015169,0.10942494885622892,0.023082544469849434,0.023082544297374503,0.018000981037912388,0.01800098082347205,0.0031144388714484136,0.00311443816217992,4.432781782045088e-08,4.460905094281503e-08,0.019606410896557097,0.01960641073015769,0.027988257046695532,0.02798825663052592,5.5577474975385664e-08,5.582182026722266e-08,5.982786227630536e-08,6.001987828618447e-08,6.199234199443232e-08,6.220926143642903e-08,5.912209385131413e-08,5.936756621438699e-08,0.011590419418189809,0.011590418624341776,0.013957198099945407,0.013957197530461918,0.018897156347699978,0.018897154813164483,0.043872411029572074,0.04387241011901974,0.043769421295044686,0.04376942186197183,0.0507715177774202,0.05077151844372504,0.05149991884905443,0.051499919530855476,1.3487580631349016e-07,1.3389432172620083e-07,0.040320190781481434,0.040320190992292525,0.07529503984578859,0.08335173862458682,7.147656627821881e-08,7.152317779696248e-08,0.0031872600017165487,0.0014265227253739408,0.04139777220340367,0.04139777120604438,9.737635322450434e-08,9.746715079962864e-08,0.026375963982330407,0.026375963797944327
2026-04-30,0.0007790262752032558,2.3370788256097673e-07,0.0011211895947523167,0.0011211879880454615,0.11625764147313662,0.11625760553418941,0.13642824575509838,0.13642824413965488,0.11805353011847661,0.11805351674772184,0.1158551007729451,0.11585505121011241,0.02319799051166998,0.023197990383360362,0.01811706563106615,0.01811706545623762,0.0031086696033225327,0.003108668989692521,4.4346800223905645e-08,4.465297590644207e-08,0.01944376430388105,0.019443764174870117,0.0284708936336585,0.028470893259594756,5.836755740193179e-08,5.845891488802655e-08,5.904776072566165e-08,5.9130028328895306e-08,6.398841128646957e-08,6.402343638104743e-08,6.172589412045775e-08,6.180025694185874e-08,0.011708883949758562,0.011708883263937065,0.013507764115988077,0.013507763594031887,0.019118179067159225,0.019118177911320824,0.04396616888542527,0.043966168057248844,0.04187135267437813,0.04187135330746002,0.0520688713618946,0.052068872103609366,0.05245657674906805,0.052456577512152006,1.3788061966336882e-07,1.3629297902540606e-07,0.040308831527395186,0.04030883178717756,0.07296626142218891,0.07335577157293889,7.133818758474187e-08,7.119717431412171e-08,0.0036747077931900156,0.0032853044675540508,0.04160517748927034,0.04160517683583539,1.0379567621465856e-07,1.0324538606125795e-07,0.026692533075369337,0.02669253290210308
2026-05-08,0.0011147397930229195,3.344219379068758e-07,0.0011220551193335414,0.0011220548967372942,0.11482473684521553,0.11482178458269701,0.13470817228696816,0.13470817194050974,0.11663383986718119,0.11663382158106679,0.11480598595561319,0.11449524915268443,0.023357047763159444,0.023357047732741394,0.0186452447032573,0.01864524466899066,0.0032069602909292005,0.0032069602050244167,4.590199022470476e-08,4.5804070620141335e-08,0.019999823213085098,0.019999823183740648,0.027504581269068965,0.02750458120634365,6.49735328921198e-08,6.490554869476018e-08,6.378880002443499e-08,6.371682697379855e-08,6.446383667591572e-08,6.438361697202129e-08,6.857998461675712e-08,6.851111245818165e-08,0.011710554747658435,0.011710554650521836,0.014017293863624953,0.01401729379017265,0.01874049465778879,0.018740494479721818,0.04426781703883883,0.044267816919945996,0.04333648219662345,0.04333648225939058,0.054466788609276374,0.05446678867969834,0.05336430614639529,0.053364306218581466,1.4668847720416838e-07,1.4661810943710317e-07,0.0414976704599826,0.04149767048103379,0.07358328548600729,0.07414065515609239,7.184274203290328e-08,7.177168771225316e-08,0.003748491168485402,0.003504830648067816,0.040487693354654075,0.04048769324546237,9.774490488007967e-08,9.767579714568317e-08,0.025970050972584507,0.025970050934005267
2026-05-15,0.0005529411428950218,1.6588234286850653e-07,0.0011044791040139147,0.001104478969013699,0.11536319216622676,0.11525513322909446,0.13531182987724044,0.13531182965234878,0.1169580594601369,0.11695804940190678,0.11527953950029111,0.11511116876715637,0.023551068233498264,0.02355106821722551,0.01869191363707721,0.01869191361727707,0.0032477517727271914,0.003247751716747636,4.639075011575611e-08,4.635267415042907e-08,0.020652413943312138,0.020652413928460785,0.02715740159745125,0.027157401558395643,6.830530338265734e-08,6.826988561803569e-08,6.717310277140876e-08,6.713823151119876e-08,6.203598036484067e-08,6.200156006481542e-08,7.05672778652837e-08,7.053137422192968e-08,0.011544502657781341,0.011544502594632095,0.013788418230734817,0.013788418183080282,0.01830228343108594,0.01830228331427751,0.04389154691784256,0.04389154683466057,0.042759023332093346,0.042759023377331846,0.056017762874100915,0.05601776295217908,0.053642641051862755,0.053642641106673127,1.4327693139458782e-07,1.4318664370333746e-07,0.039928475575186764,0.039928475587592716,0.07263400886218258,0.07291047924309722,7.339777934118335e-08,7.336104537092478e-08,0.0036783469187270713,0.003678317313101188,0.040812836768199516,0.04081283670463936,9.449879594887519e-08,9.447080939991984e-08,0.02568187844230616,0.02568187841888461
2026-05-22,5.380701275056747e-07,1.614210382517024e-10,0.0011101953244907297,0.0011101948340766915,0.11713715436734727,0.11713711514154376,0.13737141774281372,0.1373714170192135,0.11871964037561201,0.11871962521917484,0.11695427943470675,0.11695416348904711,0.023239857194248186,0.023239857105604247,0.01837386672449775,0.01837386661993945,0.0032029615110550206,0.0032029612673794756,4.554259907874746e-08,4.56595457241736e-08,0.020335202336227508,0.020335202253162064,0.027104058643577733,0.027104058454576783,7.254370066428106e-08,7.228471880563706e-08,6.609297782724601e-08,6.589964205735023e-08,6.15154709169192e-08,6.14066351272216e-08,7.361000047284632e-08,7.333527371068392e-08,0.011521250428451571,0.011521250137259,0.013174577752936428,0.013174577523374155,0.017786689396310163,0.017786688875974704,0.04301448884105573,0.043014488426325964,0.03857538346664222,0.03857538358755997,0.056230274698112225,0.05623027508664041,0.05358940765211878,0.05358940790254418,1.4227189432942276e-07,1.4168068495776652e-07,0.04019751568980003,0.04019751574438829,0.07106225454117497,0.07106252264483255,7.306157584767401e-08,7.279178638078767e-08,0.0038036044748643374,0.0038035117079289766,0.04026795232006263,0.04026795205647239,9.458280953376658e-08,9.409008354091941e-08,0.02722733786286545,0.027227337754611218
2026-05-29,1.3737318422937136e-07,4.121195526881141e-11,0.0011119229711004594,0.001111922806066809,0.11734915312758393,0.11734914835875883,0.13785937755322458,0.1378593773291393,0.11886227656391701,0.11886227357873404,0.11696706577014965,0.11696705645889797,0.02384419864931377,0.023844198625276133,0.01869325574122375,0.018693255709734357,0.0032409686824776893,0.0032409686057266306,4.616205625703908e-08,4.62139515629891e-08,0.02188368081428597,0.021883680796297548,0.02709262462875622,0.027092624564378973,7.815547068960152e-08,7.807223038542065e-08,6.995263021297354e-08,6.987452117612407e-08,6.266585093343146e-08,6.260398457681671e-08,7.696289893272444e-08,7.68712191364666e-08,0.01116285848079799,0.011162858374339862,0.013246319802940736,0.013246319723003797,0.01727473941392979,0.0172747392236843,0.042304494897556034,0.04230449474321314,0.035627837040549754,0.03562783707431704,0.05930452019936556,0.05930452064589305,0.055174512873805,0.05517451296654748,1.5024692821080785e-07,1.5015374376267442e-07,0.040950462356381716,0.04095046239516696,0.06868522307011722,0.06868529109299142,7.328363159009726e-08,7.317970719621601e-08,0.003669150138460151,0.003669100547175798,0.040237744086756615,0.040237743993018264,9.969960032744203e-08,9.945193228441383e-08,0.025456956008239266,0.025456955966348005
2026-06-05,3.4088455960967593e-07,1.0226536788290278e-10,0.0010998901292859724,0.001099889818442576,0.11719606263203758,0.11719605120243823,0.13775475058035525,0.13775475018672437,0.11880350545914893,0.11880350082096269,0.11679029455381663,0.11679028215196571,0.023769497158679723,0.02376949710328336,0.01822379744776285,0.01822379738000588,0.0031536953091458246,0.0031536951732433244,4.463784632906999e-08,4.475382154283855e-08,0.021641116625327802,0.021641116579161793,0.02837987920853132,0.028379879095185537,7.469600989793981e-08,7.457109554988761e-08,6.931030581959818e-08,6.920236787707409e-08,5.882398007814228e-08,5.879404999108818e-08,7.259067259446532e-08,7.246421367497379e-08,0.011152352874352218,0.01115235268142109,0.012571663521553344,0.012571663370211737,0.016958523920559108,0.016958523563228894,0.04262517943542856,0.0426251791631049,0.03453341569489276,0.034533415720704785,0.060161662048958606,0.06016166252080367,0.055985006157873586,0.055985006303733924,1.6430435146076185e-07,1.6416292348962003e-07,0.040308917308531006,0.04030891734579907,0.06973936524940885,0.0697395348949281,7.36672191142853e-08,7.352004879929617e-08,0.003696580984019989,0.0036964424540794944,0.03910064136040813,0.03910064117323602,1.1414684595731288e-07,1.1374650663223778e-07,0.02635353016269048,0.026353530082307352
2026-06-12,4.464086688550171e-08,1.3392260065650512e-11,0.001113379942170992,0.001113379917761393,0.11991124314575427,0.11991124287726958,0.14066607210627827,0.14066607207870643,0.1215599199421419,0.12155991973634826,0.1198190639712069,0.11981906356439384,0.023517018361033194,0.02351701835623676,0.017997301317038084,0.017997301311189807,0.0031405105711115088,0.003140510567339593,4.430175060697674e-08,4.432280350338778e-08,0.020737969130674976,0.02073796912690327,0.02852640100388134,0.02852640099191814,7.44131023196756e-08,7.442348727502076e-08,6.518389627597962e-08,6.519255987230339e-08,5.732961375317595e-08,5.733476204019055e-08,7.136763512231962e-08,7.137588456475848e-08,0.011283602553714892,0.011283602536190365,0.012300910023438553,0.012300910010433872,0.017158828443588937,0.01715882840909419,0.041929665427558535,0.04192966539990761,0.03017877081754978,0.030178770817702285,0.05813688208628625,0.058136882379990866,0.05590866896008084,0.055908668988741604,1.5835824003979572e-07,1.5836874073574895e-07,0.0400330155895275,0.04003301560308292,0.06550269220626614,0.06550271412222382,7.366446068463036e-08,7.366694384174825e-08,0.003914148474927858,0.003914127236092216,0.039932347756574,0.03993234773954448,1.0726623671209136e-07,1.0726815598708304e-07,0.02673093628425986,0.02673093627559064
2026-06-18,0.0026484817094093735,7.94544512822812e-07,0.0011211716585691426,0.001121171389626399,0.1179917871931215,0.11799178510319247,0.13867790115393455,0.13867790090949492,0.11963025103154544,0.11963024938186423,0.11772709089929634,0.1177270875714592,0.024112925664705173,0.024112925680972605,0.01905265855140063,0.01905265855837829,0.003304441953296421,0.0033044419330252447,4.6072474060911293e-08,4.643929717716031e-08,0.022253661152424765,0.022253661188094236,0.027168309972770168,0.027168309922707735,8.182262941636538e-08,8.193479732669386e-08,6.922990697874786e-08,6.93995541731768e-08,5.952193516322392e-08,5.975626273700246e-08,7.730641189746668e-08,7.742848483487297e-08,0.011889377141364177,0.01188937703628587,0.012780051773291026,0.012780051705268105,0.01647002146437494,0.01647002119717391,0.041370770055777537,0.041370769846687534,0.0327217604990042,0.03272176062685502,0.06154284743036589,0.061543099759084896,0.05669121772311475,0.056691218190118,1.6934827432840688e-07,1.693973537430319e-07,0.04058199681636184,0.04058199703222592,0.06644679651054403,0.0677707829979454,7.361270606673066e-08,7.372753968635808e-08,0.004775506389735814,0.0034512740555985755,0.03939014542996428,0.039390145328900075,9.622404439783641e-08,9.614037487953794e-08,0.02429863639665497,0.024298636361377045
2026-06-26,9.506304258689181e-08,2.851891277606754e-11,0.0011172355007534477,0.0011172354659836042,0.11991878716081582,0.11991878682269858,0.14087675296459734,0.14087675293129598,0.12149735945680339,0.1214973591818461,0.11958504421904159,0.11958504341283492,0.024932881170921236,0.024932881169474258,0.020060300781957648,0.020060300778532447,0.003403573589753253,0.0034035735855966775,4.6824149626231536e-08,4.6847896680577596e-08,0.023745549372029183,0.02374554937496285,0.026246672578107616,0.026246672563798465,9.65556554422448e-08,9.656888243963091e-08,7.628526285501944e-08,7.6292182852306e-08,5.958822728577638e-08,5.9591670033671064e-08,8.817840452263424e-08,8.818715230061389e-08,0.012834033687920469,0.012834033668516265,0.012687030313630108,0.012687030298615285,0.016067933002752364,0.016067932955754892,0.03998760826783524,0.03998760822805639,0.02914501824404809,0.029145018245796798,0.06099185100438315,0.060991897483872695,0.05623391681101492,0.05623391686772666,1.8318041882662722e-07,1.8319809398837068e-07,0.04029183642035822,0.04029183644501779,0.062433623682061824,0.06243362457428017,7.118238677257172e-08,7.117883349668357e-08,0.004538684509907357,0.0045386386662406315,0.039391945896886,0.039391945874790335,9.079002382282596e-08,9.077127095784594e-08,0.024011648779892623,0.024011648768325546
2026-07-03,1.3532463636195472e-08,4.059739090858641e-12,0.0011231155107521657,0.0011231155029550251,0.12016798456291763,0.12016798442336726,0.1411343898310805,0.14113438982065185,0.12179345392196152,0.1217934538054236,0.11983333283650008,0.11983333241706526,0.023994640679579567,0.023994640677373457,0.019571589363679004,0.01957158936118253,0.0033347081965671866,0.0033347081969540846,4.645212706392241e-08,4.64656158501898e-08,0.021842074852706558,0.021842074851280546,0.02617648841531245,0.026176488409274345,9.412340807717731e-08,9.413571266764372e-08,7.096556349817453e-08,7.097878682699631e-08,5.723921080249747e-08,5.725162466344703e-08,8.591939543263474e-08,8.593195828975912e-08,0.012866498625484045,0.01286649861915269,0.012667720225377432,0.012667720220271139,0.016569492715886966,0.016569492701366737,0.04002447125956244,0.04002447124561566,0.029456338813367126,0.029456338812652572,0.059507567020095464,0.05950757145858242,0.05554420036858501,0.055544200380549504,1.6815157012157423e-07,1.6815581812419704e-07,0.04061260660153521,0.04061260660977543,0.06395585164841194,0.06395585386631787,7.142994375517793e-08,7.144102715345274e-08,0.004435806962498468,0.0044358009561694285,0.04082057127719025,0.04082057126882529,9.035711703234882e-08,9.036703953738295e-08,0.024566411672613333,0.024566411667610335
2026-07-10,5.387361239809619e-09,1.6162083719428854e-12,0.001114668377229949,0.0011146683748484954,0.11921744274235188,0.11921744260268906,0.1401324369337634,0.1401324369257418,0.12081063899025488,0.12081063886862048,0.11885196761624135,0.11885196691054238,0.024115755854128295,0.024115755852270843,0.019307605920677,0.019307605918468116,0.0031767829166053627,0.0031767829159745965,4.3657596338552786e-08,4.366746242828743e-08,0.02167906715777335,0.021679067156233505,0.02636299481791504,0.02636299481359251,1.0168755587550391e-07,1.0169346382598162e-07,7.591787437028486e-08,7.592600713834543e-08,5.2392497996986254e-08,5.2402132756074954e-08,9.359001511216823e-08,9.359652478769762e-08,0.01255814394264086,0.012558143937772942,0.01243072459196936,0.012430724587999422,0.016167934316109783,0.016167934306056043,0.04158321383511547,0.04158321382664688,0.030299582408135343,0.030299582407920328,0.05915121414619269,0.05915121549620327,0.055784877119346855,0.055784877125155216,1.6597891428588692e-07,1.6597901044358328e-07,0.04091062076233186,0.04091062076712688,0.06393200174642735,0.06393200302491539,7.221298223545544e-08,7.222089193145952e-08,0.004652714818365328,0.004652713149128816,0.04225862853735678,0.042258628532040675,9.088710484271519e-08,9.089362660184849e-08,0.0255002861245267,0.02550028612093286
2026-07-17,4.642435009579922e-09,1.3927305028739764e-12,0.0011017312527512523,0.0011017312495341972,0.11956238353890133,0.11956238340059971,0.1404918099998805,0.14049180999233307,0.12115590527267218,0.12115590512910916,0.1191806131731385,0.11918061152173534,0.023380621541374432,0.023380621539890654,0.017810354199467623,0.01781035419746719,0.0029367244504057005,0.0029367244507665503,4.082141176132381e-08,4.0830865286019915e-08,0.020033253906169165,0.02003325390467066,0.02735767037437529,0.02735767037088049,8.033394110077743e-08,8.034110592978124e-08,6.89773450485355e-08,6.898537385690953e-08,4.812362043977924e-08,4.813280314721858e-08,7.84016543174709e-08,7.840890351081157e-08,0.012381504728415151,0.012381504723999218,0.01123162441621872,0.011231624412425917,0.01744564135639399,0.017445641347929825,0.04342464949924862,0.04342464949248831,0.02969692034785406,0.029696920347835342,0.059021499829886546,0.05902150177572875,0.057318147192655725,0.057318147201168394,1.607030842059536e-07,1.607038377732642e-07,0.04072530690663581,0.0407253069111156,0.06275067345809693,0.06275067376591986,7.306950199995957e-08,7.307667792335983e-08,0.004801189187570308,0.004801188849906049,0.04219867005631697,0.04219867005169366,9.439108369508552e-08,9.439627404277692e-08,0.025992460489928575,0.025992460486960217
2026-07-24,7.203492615754191e-08,2.161047784726257e-11,0.0010987301800716499,0.001098730163492597,0.11891372781923065,0.11891372734991773,0.1398178456411568,0.1398178456129965,0.12047421165741032,0.12047421119485119,0.11850375294195177,0.11850371824166576,0.023407150725463125,0.023407150730123272,0.017216595081389185,0.01721659508174986,0.0027511238798171,0.0027511238871555585,3.725999062073827e-08,3.7303698807023204e-08,0.019239588695463664,0.019239588698435017,0.02835248468413326,0.028352484681073903,7.617603838020085e-08,7.620222477260979e-08,6.677395241142854e-08,6.679906723669389e-08,4.899593461803385e-08,4.901911961499945e-08,7.562382680684736e-08,7.564922748062818e-08,0.012473382778382518,0.012473382768149273,0.01097510680718422,0.010975106799569784,0.017471773240954943,0.0174717732195061,0.043456015677374865,0.04345601566024512,0.030802907102708867,0.030802907119147082,0.057903531383609784,0.05790354446007901,0.05580382414105371,0.05580382420467982,1.5679292628870993e-07,1.5681786168818028e-07,0.04041347521527188,0.040413475248118676,0.06384498536517097,0.06384500797314954,7.351873019404237e-08,7.353597569840133e-08,0.004955438117688064,0.004955437846283659,0.043801667788702654,0.04380166778036145,1.0020346466275578e-07,1.0022246206805743e-07,0.0283220457309462,0.028322045729611597
2026-07-31,1.2453233360449614e-07,3.735970008134884e-11,0.001107886528881346,0.0011078865235133184,0.1202325750632379,0.12023257457839914,0.14157412238705797,0.14157412235877465,0.12181909404160023,0.121819093507826,0.11987526735709303,0.11987520646492632,0.022769215934563197,0.022769215941761112,0.016506967960436093,0.016506967961986103,0.002671170587449119,0.0026711706028098724,3.5786682792499106e-08,3.582068321308037e-08,0.01768627670656112,0.017686276710169545,0.028949490592908775,0.02894949059274648,6.669371225202891e-08,6.672092863177675e-08,5.842979337396687e-08,5.845540098533477e-08,4.810950469822571e-08,4.812928106397117e-08,6.7573203181213e-08,6.759994057688063e-08,0.012366978189664622,0.012366978179858318,0.01081569609780768,0.010815696090918672,0.018432009061735703,0.018432009041036874,0.045060021031217916,0.04506002101703897,0.030884781927874607,0.030884781951350578,0.05586163267003474,0.05586163879266328,0.055422288364792356,0.05542228851036182,1.474476859318211e-07,1.474773603264636e-07,0.04125802813340622,0.04125802817859527,0.06305103762239808,0.0630510933156099,7.375914989272667e-08,7.377963611699486e-08,0.004874589341403933,0.004874589077211967,0.0412311250191336,0.04123112501332528,9.827183725985249e-08,9.829658229886285e-08,0.02754914930917236,0.02754914930930348
2026-08-07,0.006053281167258722,1.8159843501776165e-06,0.0011069283721001338,0.0011069283091311936,0.11804499019334136,0.11804498817171252,0.13902638566833025,0.13902638554159508,0.11952268280143344,0.11952268036755301,0.12057509891807658,0.11754846408479892,0.022833544053249423,0.02283354410599695,0.017282511621700098,0.017282511655583165,0.002854549175704464,0.002854549196368643,3.903209457978849e-08,3.921568149097253e-08,0.018776650287990117,0.018776650333345905,0.028184387451074693,0.028184387475716284,7.139324473666029e-08,7.148126968081909e-08,6.320828422122521e-08,6.330535431492587e-08,4.88129048400338e-08,4.893816431780784e-08,7.11451426232505e-08,7.123063276494435e-08,0.012018360230896164,0.012018360200048666,0.011219585437446772,0.011219585419832347,0.017300068126256635,0.01730006804307201,0.04320864354732982,0.04320864349338027,0.032785159107063006,0.03278515924582955,0.058095412869101574,0.06034719501105468,0.05897750113759978,0.058977505650306225,1.579521141149838e-07,1.5805484367312878e-07,0.0424295491541148,0.04242954936610345,0.06427525188024504,0.06505010447875115,7.358646688477981e-08,7.364221264439762e-08,0.004618083644603752,0.004618082725061521,0.04103475467038714,0.0410347546744088,9.97048662535247e-08,9.974322146805604e-08,0.025829276816836617,0.025829276838969205
2026-08-14,0.0028113292979760505,8.433987893928151e-07,0.001076716987800864,0.0010767169471924088,0.11759326584635185,0.11759326380641062,0.13853174066093193,0.13853174055621087,0.11904221121565654,0.11904220375779268,0.12145399904960923,0.1200483451505073,0.022823998210759696,0.022823998240950005,0.017527292996102194,0.017527293013718456,0.0029149064583304414,0.0029149064820443993,3.994138104767192e-08,4.006133781080827e-08,0.01902731089240588,0.01902731091827949,0.027925475302680688,0.027925475309540655,7.246519923136709e-08,7.248689024199114e-08,6.230576904602192e-08,6.233494770274484e-08,4.971687143858528e-08,4.9769279305920375e-08,7.150614360503662e-08,7.152515141869204e-08,0.012017102343262599,0.012017102316799528,0.011295373967755479,0.01129537395196404,0.01760579236883518,0.017605792306046506,0.042835655765635555,0.042835655718688005,0.0298746972601837,0.029874697322828346,0.057582754166201205,0.05758314719424895,0.05916179708524383,0.059161800435480916,1.6197156693573186e-07,1.620251146363408e-07,0.04394426345420125,0.043944263619540194,0.06436812188702748,0.06577338951652761,7.33259667542069e-08,7.33131046361334e-08,0.004758194329529357,0.004758193418223869,0.04097905336264084,0.040979053357153405,9.902726980298356e-08,9.900216425932237e-08,0.027659646128686217,0.027659646141861928
2026-08-21,0.0028344801571118607,8.503440471335582e-07,0.001070390966933802,0.0010703909153686518,0.11740841967420605,0.11740840913789787,0.13832322274031564,0.13832322257794138,0.11879394489362351,0.11879388344804961,0.12262343555524235,0.12120626931515036,0.022405379209025737,0.022405379233746484,0.017230467730999222,0.01723046774015513,0.002857975965044162,0.0028579759989661923,3.9135409557790275e-08,3.9345161976435085e-08,0.018498817796686454,0.018498817815285572,0.02878889579922366,0.028788895795297448,7.024908145481594e-08,7.033485905315172e-08,5.8723003848863286e-08,5.8829479877027007e-08,4.812748803720273e-08,4.826835721496524e-08,6.85794597044238e-08,6.86639020632544e-08,0.011575574203391285,0.011575574154560309,0.010768673038934905,0.010768673006844115,0.01717997116448433,0.01717997105841562,0.043424280847674884,0.04342428077477902,0.030461721068464512,0.03046172114853386,0.056897080020277366,0.05689716392215471,0.058241485551558024,0.05824148803320528,1.5832192262578388e-07,1.5842638742649966e-07,0.04305635479847697,0.04305635499158989,0.0641661135769591,0.0655832661144414,7.27359873238363e-08,7.278092481348458e-08,0.004943174557393457,0.004943173195229796,0.04253834805903608,0.04253834804236971,1.0101637910230073e-07,1.0102973412918919e-07,0.02874565589331668,0.028745655901210605
2026-08-28,0.0016289294710665903,4.886788413199771e-07,0.0010756148807239136,0.0010756147909759639,0.11657354977861192,0.11657350206327452,0.13733455762961388,0.13733455739120903,0.11803633891945098,0.11803576257308343,0.12266570533722587,0.12185186752282225,0.022443777964834637,0.0224437779916495,0.017359684983016575,0.01735968499128996,0.002897880754803074,0.0028978807681898913,3.9683803147835466e-08,3.982590356737823e-08,0.018286207891369,0.01828620790870496,0.029213596254374682,0.029213596250520273,7.146055045353067e-08,7.141174605593423e-08,5.914122407091292e-08,5.912284998726906e-08,4.7671409526522183e-08,4.772368553650895e-08,6.991111988994703e-08,6.98596455991319e-08,0.011966735535778712,0.011966735466440614,0.010933833671016975,0.01093383362183182,0.016967944959967864,0.016967944816632375,0.04277634760189508,0.042776347492738585,0.03223789876114513,0.03223789887727288,0.0570820482709303,0.057082096294885,0.05858259238243429,0.05858259460568282,1.5714474166811284e-07,1.5716208465041876e-07,0.04282542091482401,0.042825421119838676,0.06440472970796302,0.0652191435938682,7.305337222268613e-08,7.294902300549448e-08,0.004773360469543507,0.004773358699078307,0.04352717712632907,0.04352717710903415,1.0629383370338544e-07,1.0614819329629054e-07,0.02803437184409303,0.028034371847844814
2026-08-31,0.00010337991916159997,3.1013975748479986e-08,0.0010699245470593478,0.0010699245118815216,0.11647873108539747,0.11647867774065873,0.13729782474664415,0.13729782459071085,0.11795794256865383,0.11795757460620156,0.1226459848311178,0.12259471879867605,0.0223716331702771,0.022371633172463816,0.01723946745025385,0.01723946744271553,0.0028867420847632436,0.002886742106574674,3.977257812452248e-08,3.9685247992226223e-08,0.01800743636506637,0.018007436361540795,0.02925353830698758,0.029253538290455,6.98984861372955e-08,6.980117830993124e-08,5.8630042811588896e-08,5.8529151416619276e-08,4.757520107646312e-08,4.746798412529032e-08,6.871511730986827e-08,6.86147317661858e-08,0.011937235312985104,0.01193723526989731,0.010946133024159106,0.010946132992370178,0.01710977260166496,0.017109772515301085,0.04274819823191016,0.042748198163985916,0.03261383267772211,0.03261383273805326,0.05697585656870232,0.05697588050080624,0.05884670484006558,0.058846706385907624,1.570246982414761e-07,1.5696815224652394e-07,0.042841866019857434,0.042841866127573736,0.06450828091129747,0.06455994520088684,7.357415657566252e-08,7.344672604871609e-08,0.004867508001582703,0.0048675066755588985,0.04317391769965809,0.04317391767457045,1.0706999493930691e-07,1.0693679788307354e-07,0.028220846693898908,0.028220846683240316
