date,turnover,transaction_cost,weight_可转债ETF,previous_weight_可转债ETF,weight_5年国债ETF,previous_weight_5年国债ETF,weight_10年国债ETF,previous_weight_10年国债ETF,weight_信用债ETF,previous_weight_信用债ETF,weight_日利ETF,previous_weight_日利ETF,weight_沪深300ETF,previous_weight_沪深300ETF,weight_中证500ETF,previous_weight_中证500ETF,weight_中证1000ETF,previous_weight_中证1000ETF,weight_中证2000ETF,previous_weight_中证2000ETF,weight_创业板ETF,previous_weight_创业板ETF,weight_红利ETF,previous_weight_红利ETF,weight_半导体ETF,previous_weight_半导体ETF,weight_人工智能ETF,previous_weight_人工智能ETF,weight_新能源ETF,previous_weight_新能源ETF,weight_科创50ETF,previous_weight_科创50ETF,weight_证券ETF,previous_weight_证券ETF,weight_军工ETF,previous_weight_军工ETF,weight_消费ETF,previous_weight_消费ETF,weight_恒生ETF,previous_weight_恒生ETF,weight_白银LOF,previous_weight_白银LOF,weight_纳指ETF,previous_weight_纳指ETF,weight_标普500ETF,previous_weight_标普500ETF,weight_日经225ETF,previous_weight_日经225ETF,weight_欧洲ETF,previous_weight_欧洲ETF,weight_黄金ETF,previous_weight_黄金ETF,weight_有色金属期货ETF,previous_weight_有色金属期货ETF,weight_能源化工期货ETF,previous_weight_能源化工期货ETF,weight_豆粕ETF,previous_weight_豆粕ETF,weight_煤炭ETF,previous_weight_煤炭ETF,weight_原油ETF,previous_weight_原油ETF
2018-01-31,0.009604932281353638,2.881479684406091e-06,0.0,0.0,0.09699682165120381,0.09699681534025954,0.04454272991002055,0.044542729608725386,0.0,0.0,0.30000000010610245,0.2951975406349547,0.042419092129234996,0.04383961723062759,0.034063725481330735,0.03406372663496561,0.002232516126202574,0.0022325161489832527,0.0,0.0,0.02649661279655689,0.026496613234617113,0.04538590844986336,0.0461025182208591,0.0,0.0,0.0,0.0,0.0,0.0,0.0,0.0,0.007824359740855904,0.007824359794799493,0.006710787708816989,0.006710787707779039,0.045590801119537276,0.048256116320553634,0.06231452029994465,0.06231452191458465,0.029700915163945577,0.02970091510769376,0.05092805814021428,0.050928059559964746,0.0540431629814185,0.05404317310391857,0.0,0.0,0.045659436671106515,0.04565943728438283,0.063006322717849,0.06300632304360859,0.0,0.0,0.0,0.0,0.0,0.0,0.0,0.0,0.04208422880579604,0.04208422910872223
2018-02-28,0.19670156215747317,5.9010468647241944e-05,0.0,0.0,0.1977834910254274,0.09943270995468692,0.04621263646096218,0.04621263645296628,0.0,0.0,0.30000000004848676,0.30703380627829036,0.030654971794716074,0.041281853273205535,0.03007162689926309,0.03309448432408608,0.0021470084450252677,0.0021470084685941532,0.0,0.0,0.026267860501012024,0.026267861301501688,0.0329380443666402,0.0442458314171593,0.0,0.0,0.0,0.0,0.0,0.0,0.0,0.0,0.006968806177036186,0.006968806198275107,0.006529580527049651,0.0065295805479054815,0.033211162607236326,0.04498678105151881,0.05197140839174744,0.06077825652152614,0.029440907187590157,0.029440907188775265,0.03252032662595132,0.051825202006820024,0.03402653555588038,0.053604717148820376,0.0,0.0,0.03667718859573651,0.04357111276166004,0.06384436947887435,0.06384436952268972,0.0,0.0,0.0,0.0,0.0,0.0,0.0,0.0,0.0387340753113647,0.038734075581519145
2018-03-30,0.009021587505387965,2.7064762516163895e-06,0.0,0.0,0.2011535400867017,0.20114430885461793,0.051201968604765606,0.04670040955599935,0.0,0.0,0.3000000003466501,0.3045107839105772,0.02981627585847567,0.029816276884430736,0.030561072391022914,0.03056107358436233,0.0022213451799616936,0.002221344803478847,0.0,0.0,0.028212627256709664,0.028212628229604214,0.03165575798658361,0.031655758898962494,0.0,0.0,0.0,0.0,0.0,0.0,0.0,0.0,0.006838000489854184,0.006837999979832924,0.006965635494003586,0.006965634996625533,0.03119699077832294,0.031196991643722954,0.050146337133222446,0.05014633847531095,0.02892573869851588,0.02892573661055397,0.03051019786542787,0.030510198825206305,0.032316441961300055,0.03231644294778606,0.0,0.0,0.03559014773978746,0.03559014878753114,0.06405608568384856,0.06405608588493185,0.0,0.0,0.0,0.0,0.0,0.0,0.0,0.0,0.03863183644484613,0.03863183712646508
2018-04-27,0.0018869329969590808,5.660798990877242e-07,0.0,0.0,0.2021926623013799,0.2021926635406797,0.05203183820695482,0.052031838166211236,0.0,0.0,0.3000000002777645,0.2990565338200287,0.0284385495491351,0.02843855433372984,0.029401550689266857,0.02940158416370563,0.002153654901854718,0.002153655066258519,0.0,0.0,0.02709475373291738,0.027094757726585778,0.03008626782015787,0.030086270996813512,0.0,0.0,0.0,0.0,0.0,0.0,0.0,0.0,0.006647790806257019,0.006647791019201865,0.007189859318080377,0.007189859556543752,0.030894955283755795,0.030894958694971594,0.04899635636421412,0.04988629769418393,0.02913724129329407,0.029137241389710702,0.03060309467614695,0.030603101020204318,0.03229517390860452,0.03229518040765717,0.0,0.0,0.0356580336052262,0.035658089769076515,0.0639720226561161,0.0639720232327087,0.0,0.0,0.0,0.0,0.0,0.0,0.0,0.0,0.04320619460887374,0.04325959940172888
2018-05-31,0.0023359933386668873,7.007980016000661e-07,0.0,0.0,0.20045678660820718,0.2004567877922041,0.05176641665701175,0.05176641662170913,0.0,0.0,0.3000000000967187,0.29883200346268785,0.028094669178714636,0.028094669408249107,0.028524554387702777,0.028524554721739464,0.002054925671520892,0.0020549256813457138,0.0,0.0,0.026135363234251283,0.02613536341474781,0.030225946914681043,0.030225947126948288,0.0,0.0,0.0,0.0,0.0,0.0,0.0,0.0,0.006242638944209434,0.006242638958659427,0.0063616832530806414,0.006361683268075268,0.03336296936708913,0.03336296993904618,0.04963702505993131,0.049637027013040964,0.02864342044648303,0.028643420449084626,0.032475173364811157,0.03247517388672309,0.03318955859167697,0.03318955898859208,0.0,0.0,0.035175670678590905,0.03517567111440371,0.06307398553541647,0.0630739855733226,0.0,0.0,0.0,0.0,0.0,0.0,0.0,0.0,0.04457921200990283,0.0457472025794207
2018-06-29,0.007949470617793991,2.384841185338197e-06,0.0,0.0,0.20267808082877886,0.2026780397186916,0.05631898950444285,0.05234430743088233,0.0,0.0,0.30000000217094114,0.3039747374586803,0.026240660168119496,0.02624065983207595,0.025629572648907566,0.0256295723242763,0.0018226798831095844,0.0018226769867557867,0.0,0.0,0.023636582499462173,0.02363658209325664,0.028486328230250182,0.028486327871912853,0.0,0.0,0.0,0.0,0.0,0.0,0.0,0.0,0.005651653356786755,0.005651650849648187,0.005666371524422832,0.0056663690117463575,0.03138884481164274,0.03138884462488422,0.04850411382559737,0.048504113697667765,0.029116737033312336,0.029116735727136966,0.03435375754947993,0.03435375742294561,0.034429868102975145,0.034429867935360986,0.0,0.0,0.03470089186140161,0.03470089168274023,0.06305057914899366,0.06305057845880443,0.0,0.0,0.0,0.0,0.0,0.0,0.0,0.0,0.048324286851375825,0.04832428687253378
2018-07-31,0.01017794834315179,3.053384502945537e-06,0.0,0.0,0.20043574481621698,0.2004360594038886,0.055548540103254086,0.05554854047259128,0.0,0.0,0.3000000006875242,0.29491102651594836,0.026570381834051325,0.026570395605160658,0.02577372648265315,0.02577374006331533,0.001815787877421423,0.0018157892086961831,0.0,0.0,0.023502587419060215,0.023502595941500247,0.02923473315459284,0.0292347520005388,0.0,0.0,0.0,0.0,0.0,0.0,0.0,0.0,0.005656987649798401,0.0056569890983252415,0.005997428044963811,0.00599742954009298,0.0310699182917142,0.03106996936514481,0.04894873369924459,0.05003060554337276,0.028201603159717745,0.028201604801595774,0.03523846390422263,0.0362463544423121,0.03660114057151102,0.03681197883194857,0.0,0.0,0.037437104149606756,0.03748327838051701,0.062135964660252875,0.062135967421907495,0.0,0.0,0.0,0.0,0.0,0.0,0.0,0.0,0.04583115349419382,0.048572923363144005
2018-08-31,0.008987255062533289,2.6961765187599866e-06,0.0,0.0,0.2007088496808793,0.201946191342223,0.060418349728196756,0.055924725848352085,0.0,0.0,0.3000000003803503,0.30325628608423355,0.025679904369993435,0.02567990427411879,0.024530251628465193,0.024530251520001274,0.0016994284478842393,0.001699428033133526,0.0,0.0,0.022169488982196995,0.022169488832193596,0.028569131152890295,0.028569131062869322,0.0,0.0,0.0,0.0,0.0,0.0,0.0,0.0,0.005450230446135439,0.005450229385266396,0.005744047081147844,0.0057440461368010376,0.028732101452633434,0.02873210139072738,0.04870992688018482,0.048709926916421356,0.027163815812492106,0.027163815195698295,0.037322139630063915,0.03732213966606994,0.03812281611050848,0.03812281614667263,0.0,0.0,0.03674379110706916,0.03674379111826761,0.061916901823497614,0.061916901715105076,0.0,0.0,0.0,0.0,0.0,0.0,0.0,0.0,0.04631882528541068,0.04631882533184528
2018-09-28,0.007215948798188155,2.1647846394564464e-06,0.0,0.0,0.1971575256641256,0.20069215222432468,0.0637334287475357,0.06012546710819668,0.0,0.0,0.30000000003922306,0.30007334787811807,0.0260648917665958,0.026064891696555757,0.023905293101945797,0.023905293020561453,0.001641633152472129,0.0016416245438892303,0.0,0.0,0.021246346321735693,0.021246346222665996,0.029517545417204232,0.029517545361835994,0.0,0.0,0.0,0.0,0.0,0.0,0.0,0.0,0.005480670849527017,0.005480669017942516,0.005935934075169768,0.005935932680989478,0.030212982429005393,0.030212982373246034,0.048121114860983645,0.04812111482279786,0.02673165988864565,0.026731659610549817,0.03664698324996841,0.03664698320529324,0.038152556504508175,0.03815255646252089,0.0,0.0,0.036234045348685684,0.03623404530373766,0.06185492688323986,0.061854926804254556,0.0,0.0,0.0,0.0,0.0,0.0,0.0,0.0,0.04736246169942836,0.047362461662520096
2018-10-31,0.02198739813644676,6.596219440934027e-06,0.0,0.0,0.20534938414180204,0.2053493843130062,0.0758546394026788,0.06672700750035104,0.0,0.0,0.30000000037490465,0.310993699271924,0.02458900130400021,0.024589000588827837,0.02190924289067352,0.021909241978131672,0.003356025262082153,0.0014908613157257231,0.0,0.0,0.01984084265856697,0.019840841553408338,0.028420745738349823,0.028420745157942583,0.0,0.0,0.0,0.0,0.0,0.0,0.0,0.0,0.005972954220917133,0.005972562111349955,0.005397426636190306,0.005396927388912189,0.02413392263904628,0.024133921832593018,0.04486491781146491,0.04486491750048316,0.02812020152585911,0.028120196738629887,0.03417606104209439,0.03417606065656272,0.03636097134767071,0.036360970990995604,0.0,0.0,0.0341399999668998,0.03413999955586907,0.06649356930260741,0.06649356823720724,0.0,0.0,0.0,0.0,0.0,0.0,0.0,0.0,0.04102009373419187,0.0410200933080801
2018-11-30,0.03206584263483359,9.619752790450077e-06,0.0,0.0,0.18876783529493302,0.20480075661234995,0.07631233086179681,0.0763123204119793,0.0,0.0,0.30000000089498263,0.29860491704474496,0.024687550719262097,0.024687547908662025,0.022598856093211127,0.022598852616122777,0.009103891235238656,0.0035452586069845207,0.0,0.0,0.02041272976008031,0.020412725280235296,0.028046212384226624,0.028046210225891682,0.0,0.0,0.0,0.0,0.0,0.0,0.0,0.0,0.010332259615228167,0.005917621947072588,0.01023105763953567,0.005566742168424405,0.025751840121584952,0.025751837348673406,0.047579932222265,0.04757993123809038,0.02756481660782631,0.02756460237749715,0.034213735014325265,0.03421373348903811,0.03704898009671608,0.03704897872690989,0.0,0.0,0.03374447692763366,0.033744475211070796,0.06566646279338957,0.06566645897802895,0.0,0.0,0.0,0.0,0.0,0.0,0.0,0.0,0.03793703171776406,0.0379370298082241
2018-12-28,0.025049865560261158,7.514959668078347e-06,0.0,0.0,0.18777362830635919,0.1943659087951176,0.07837851833671683,0.07837851040508119,0.0,0.0,0.3000000000379332,0.3059326523293051,0.023960920342835118,0.023960916818663854,0.0219830267508832,0.021983021971734355,0.01266871684535865,0.00886788037222629,0.0,0.0,0.01986887467494375,0.01986886745372047,0.02864743504735423,0.028647432746975822,0.0,0.0,0.0,0.0,0.0,0.0,0.0,0.0,0.01372024264078273,0.00970317353900964,0.013910229074127676,0.009841853207238023,0.026340072214164394,0.026340069290145908,0.04653981225352177,0.04653981119365959,0.029532496105322274,0.02889391955383531,0.03135263842560251,0.0313526365513454,0.03372295190799897,0.03372295025879099,0.0,0.0,0.0320976384009067,0.0320976363439562,0.06877587275681123,0.06877583736306188,0.0,0.0,0.0,0.0,0.0,0.0,0.0,0.0,0.030726925878377827,0.03072692180613208
2019-01-31,0.01736054805649288,5.208164416947864e-06,0.0,0.0,0.1761879572856323,0.1848682313138792,0.08052418754840472,0.07718221715445324,0.0,0.0,0.30000000003038557,0.2946617050844007,0.024843695380949875,0.02484369534849847,0.021847452682222986,0.021847452641235904,0.012427072242787388,0.01242707214342875,0.0,0.0,0.019306242338435843,0.01930624228860965,0.029020426210814278,0.029020426187224845,0.0,0.0,0.0,0.0,0.0,0.0,0.0,0.0,0.014661321103313212,0.014661321018130577,0.014194927908267941,0.014194927813181556,0.02800885880765326,0.028008858779534494,0.04790268638338246,0.047902686367616486,0.03000351961288888,0.030003519522711936,0.03221600167573799,0.032216001653254216,0.03474507353455044,0.03474507351418586,0.0,0.0,0.0319631941468663,0.03196319411746565,0.06812781937289547,0.06812781134873123,0.0,0.0,0.0,0.0,0.0,0.0,0.0,0.0,0.034019563734811034,0.034019563703458086
2019-02-28,0.019848020584446006,5.9544061753338015e-06,0.0,0.0,0.15996928659327925,0.16989328941045603,0.07748728386539874,0.0774872837095122,0.0,0.0,0.30000000168125524,0.2900759915681863,0.027730256463903702,0.027730257037387972,0.025052110514137065,0.025052111007371706,0.014363870551358422,0.014363870888232037,0.0,0.0,0.022954896454141418,0.022954896908418274,0.030579624703401004,0.030579625532641593,0.0,0.0,0.0,0.0,0.0,0.0,0.0,0.0,0.019179810301802686,0.01917981069460575,0.016279270432643444,0.016279270780810207,0.03141547635003024,0.03141547702749876,0.04808089935006079,0.04808090017918885,0.028582962364928938,0.02858296261397416,0.03273668933539897,0.0327366899946183,0.03520669616830393,0.03520669688643803,0.0,0.0,0.03177510827528397,0.031775108761252134,0.0659791931854194,0.06597919316215199,0.0,0.0,0.0,0.0,0.0,0.0,0.0,0.0,0.032626563409252816,0.032626563837255984
2019-03-29,0.0050463379785062965,1.5139013935518889e-06,0.0,0.0,0.15616667037284762,0.1586898375670776,0.07740156719045228,0.07740156713244516,0.0,0.0,0.3000000001117321,0.2974768311804862,0.02779472457448124,0.027794724687358992,0.02656342896109194,0.026563429058694882,0.015424069441556986,0.0154240694753702,0.0,0.0,0.02424428602478832,0.02424428609914664,0.030867119632149432,0.030867119795137715,0.0,0.0,0.0,0.0,0.0,0.0,0.0,0.0,0.01810187198407249,0.0181018720249902,0.016639362816236566,0.016639362849775786,0.03422828921187381,0.034228289551618586,0.047806398192504145,0.04780639851512626,0.027319151014647793,0.027319151037257846,0.03342806467374529,0.033428064867566,0.03520443871178624,0.035204438913911645,0.0,0.0,0.03128598565709744,0.03128598573798874,0.06504460729465922,0.06504460730810453,0.0,0.0,0.0,0.0,0.0,0.0,0.0,0.0,0.03247996413427695,0.032479964197943086
2019-04-30,0.0030920108360159067,9.27603250804772e-07,0.0,0.0,0.1521110857849838,0.1536570871364339,0.07504401845045504,0.0750440183654182,0.0,0.0,0.30000000023542056,0.2984539949024493,0.028906834966777983,0.028906835177939825,0.025948311376266173,0.025948311527709763,0.015000934218504233,0.015000934266226318,0.0,0.0,0.023959955502494888,0.023959955623522284,0.030482369622480632,0.030482369845443967,0.0,0.0,0.0,0.0,0.0,0.0,0.0,0.0,0.018188686117112985,0.018188686180977184,0.015783909558490274,0.015783909603139246,0.03749110851534815,0.037491110097943,0.04913613613409305,0.04913613659751188,0.026693669294202502,0.02669366931939443,0.03631601084871072,0.036316011331501974,0.0370057811179035,0.03700578151034592,0.0,0.0,0.03220440800169074,0.03220440813600133,0.06291366177780462,0.06291366179642584,0.0,0.0,0.0,0.0,0.0,0.0,0.0,0.0,0.032813118477260345,0.03281311858161555
2019-05-31,0.011209355417818371,3.362806625345511e-06,0.0,0.0,0.15589304679696167,0.15589304702649556,0.08284377291255782,0.07723910104253948,0.0,0.0,0.300000001880939,0.30560467925394086,0.027536005524399214,0.02753600535425034,0.024658467876880884,0.024658467616240274,0.014544670923255317,0.014544670206843241,0.0,0.0,0.02235309529921532,0.022353094952793452,0.029574280679915348,0.0295742804773546,0.0,0.0,0.0,0.0,0.0,0.0,0.0,0.0,0.016709876972458793,0.016709876342161936,0.015763210628963676,0.015763209904389452,0.03789231911718176,0.037892319223555376,0.04678385634953407,0.046783856310419536,0.026838263409097673,0.02683826240280486,0.033767229548673956,0.03376722949156857,0.03630847216331359,0.036308472134205384,0.0,0.0,0.03246923081264717,0.03246923060021955,0.06573746594488335,0.0657374648805974,0.0,0.0,0.0,0.0,0.0,0.0,0.0,0.0,0.030326733159121374,0.030326732779620464
2019-06-28,0.027168683783124172,8.150605134937251e-06,0.0,0.0,0.13931330563284416,0.15289764746720974,0.0814263695238638,0.08142636948789929,0.007494380266126598,0.0,0.3000000000431474,0.2939100385557236,0.02848101543693002,0.028481015434838084,0.024555073990685936,0.024555073984185733,0.014446274740625823,0.014446274721145248,0.0,0.0,0.02258499288448548,0.02258499287566819,0.029765781752874875,0.029765781752363073,0.0,0.0,0.0,0.0,0.0,0.0,0.0,0.0,0.017915897355389402,0.01791589733996959,0.015584071477950701,0.015584071457839828,0.03882593244451735,0.03882593245407451,0.04852427317083208,0.048524273176940635,0.02723963726770331,0.027239637248861664,0.03491375592532841,0.03491375592860431,0.037119261672688045,0.0371192616769856,0.0,0.0,0.03289513823545843,0.032895138233470414,0.0700079360540299,0.07000793608798743,0.0,0.0,0.0,0.0,0.0,0.0,0.0,0.0,0.028906902124518134,0.0289069021162333
2019-07-31,0.008803168320322761,2.6409504960968284e-06,0.0,0.0,0.13438962624196568,0.13879120928920466,0.0812575811261775,0.08125757887416972,0.01013555739101438,0.007479283737537013,0.30000000138013255,0.2982547049454179,0.02872360847735703,0.028723607888838886,0.02403449551434541,0.024034494643122968,0.014309787689608963,0.014309785677799015,0.0,0.0,0.02321425006234904,0.02321424913380813,0.029835877448203554,0.029835877165876573,0.0,0.0,0.0,0.0,0.0,0.0,0.0,0.0,0.01739716614994227,0.01739716456523635,0.01612277019983232,0.01612276832881936,0.03931287933209967,0.039312879300077944,0.04773383978043598,0.04773383965778857,0.029059141258813124,0.029059140042000303,0.03640676730385555,0.03640676702874886,0.03838056737900424,0.038380567151430026,0.0,0.0,0.032759759812052563,0.032759759241589824,0.07061770649085063,0.07061770760377291,0.0,0.0,0.0,0.0,0.0,0.0,0.0,0.0,0.026308616961959547,0.02630861572476076
2019-08-30,0.009325869989213309,2.7977609967639925e-06,0.0,0.0,0.12925820862884446,0.13392114213896952,0.08148780319582401,0.08148780296607894,0.01271480598634427,0.01009644111857927,0.30000000023869605,0.29795543293409005,0.027941584452925265,0.02794158431718875,0.023904074970921653,0.023904074774977663,0.014466443012806819,0.014466442572307586,0.0,0.0,0.023554558703020274,0.023554558501053303,0.02882027391383986,0.028820273784118056,0.0,0.0,0.0,0.0,0.0,0.0,0.0,0.0,0.016497657087632015,0.01649765670607343,0.016268327759085616,0.016268327353943648,0.04043644298105822,0.040436442997082045,0.044191086403314685,0.04419108637306945,0.033569684790345715,0.0335696846700549,0.03510772317292349,0.035107723116003305,0.037594416088377346,0.03759441605617985,0.0,0.0,0.031103389675924367,0.031103389533472782,0.07916886796057766,0.0791688694290354,0.0,0.0,0.0,0.0,0.0,0.0,0.0,0.0,0.02391465097753829,0.023914650657722053
2019-09-30,0.018655360952141823,5.596608285642547e-06,0.0,0.0,0.12088653968108894,0.1292806381642745,0.08096811665838635,0.08096811696456245,0.01493739417267372,0.012779205214636864,0.3000000012432117,0.300933581317333,0.02844434901397949,0.02844434827380258,0.024253600059022988,0.024253598994926233,0.014612774550848362,0.014612771656457045,0.0,0.0,0.02401929514267765,0.02401929405370715,0.029134727515111116,0.029134726835355257,0.0034122633515767044,0.0,0.0,0.0,0.0,0.0,0.0,0.0,0.01712084591370288,0.017120843664586945,0.01587541491642048,0.015875412317944065,0.03923746814340995,0.039237467936789935,0.044858694384379706,0.04485869432025104,0.031203532422055827,0.0312035318247031,0.03590181981712136,0.035901819500542796,0.0385735851219784,0.03857358491842773,0.0037572135780916277,0.0,0.03207160890132593,0.032071608335930195,0.0756763603327065,0.07567636194529449,0.0,0.0,0.0,0.0,0.0,0.0,0.0,0.0,0.025054395080230246,0.025054393760474625
2019-10-31,0.0005898413789499099,1.7695241368497294e-07,0.0,0.0,0.12027772856866974,0.1202821288674924,0.08003899675743359,0.08003899696052705,0.0149524987892401,0.014952468044234342,0.3000000015686493,0.29970513208480737,0.02858641886826211,0.02858641891837322,0.023923599822157644,0.02392359933534181,0.01467883008450633,0.014678828325370971,0.0,0.0,0.024432589573759697,0.024432589164524843,0.029008492756786585,0.029008492704899153,0.0033333931312870173,0.0033333867986402635,0.0,0.0,0.0,0.0,0.0,0.0,0.01634365293806094,0.016343651325565967,0.01517410768891661,0.015174105893240232,0.04056337828928154,0.04056337986381665,0.04556211698854099,0.04556211888897327,0.03139088000523108,0.03139088023507535,0.0367751655291619,0.03677516668727036,0.03890990915322625,0.038909910633626636,0.003861490382787834,0.0038614835341429206,0.034027761474170005,0.034027762142258756,0.0741024656801631,0.0743929788062016,0.0,0.0,0.0,0.0,0.0,0.0,0.0,0.0,0.024056521949707414,0.024056520785616684
2019-11-29,0.0037837384693480253,1.1351215408044074e-06,0.0,0.0,0.11966434973213722,0.12098544549959309,0.08087312210982463,0.08087312234221236,0.016846186560884404,0.014954322158802272,0.30000000074878835,0.3005707637862202,0.028465646483975038,0.028465646483603536,0.023688245992456,0.02368824584167477,0.01422467999026397,0.014224679453045945,0.0,0.0,0.024313868753987625,0.02431386863030202,0.028728824254290134,0.02872882425839308,0.003421978778324323,0.0034219775940524874,0.0,0.0,0.0,0.0,0.0,0.0,0.01588358107903312,0.01588358059476561,0.014745290774242035,0.014745290220575505,0.0399001706153183,0.03990017098007236,0.045936334603409366,0.04593633508026128,0.029309835561545546,0.029309835532961723,0.03973104885235735,0.039731049227747464,0.040569415157195865,0.04056941559001333,0.003933792292889562,0.003933790906535498,0.03449631914771561,0.03449631931083154,0.0720107492337231,0.07201075761408882,0.0,0.0,0.0,0.0,0.0,0.0,0.0,0.0,0.02325655927763863,0.023256558894246476
2019-12-31,0.018912980928326256,5.6738942784978764e-06,0.0,0.0,0.10849908209927588,0.1179555545669035,0.07964372588355276,0.07964372590391851,0.019558647517886947,0.01647829109117146,0.3000000000342756,0.2936238663161371,0.02929963483789625,0.02929963484168232,0.024862030829162284,0.02486203082447264,0.015043716962284607,0.01504371693700821,0.0,0.0,0.02546883055784411,0.025468830554849692,0.029389010393099997,0.029389010393655466,0.0038749896375412066,0.003874989532792222,0.0,0.0,0.0,0.0,0.0,0.0,0.018139078187186308,0.018139078166975763,0.015168693988243288,0.01516869396071558,0.039079358790658186,0.03907935881112256,0.0471789525580574,0.04717895258751637,0.030099043451972732,0.030099043453586754,0.039121402223652395,0.03912140224627445,0.04046085863082368,0.040460858655643514,0.0038649787243004306,0.0038649786073412366,0.03401123870967647,0.03401123872069715,0.07252255149711363,0.07252256935894205,0.0,0.0,0.0,0.0,0.0,0.0,0.0,0.0,0.024714174485495666,0.024714174468593555
2020-01-23,0.011805355046367545,3.5416065139102634e-06,0.0,0.0,0.10787154658143513,0.10787154700705669,0.07952160171299363,0.0795216023438952,0.023196073884609102,0.019407691269272612,0.30000000133088384,0.2978857074011407,0.029330949071758056,0.029330949376985247,0.026156783193698456,0.026156783399282915,0.015990112315890388,0.015990112165053756,0.0,0.0,0.02801334685626151,0.028013347140093382,0.029006944122756534,0.029006944475711692,0.004962028263642775,0.004962028115149754,0.0,0.0,0.0,0.0,0.0,0.0,0.017775573213597056,0.017775573104219507,0.01591454654114564,0.015914546348004238,0.0389870487472694,0.03898704938945267,0.04624685761011169,0.04624685840328892,0.029204419660027715,0.029204419910975936,0.03994701870747738,0.0399470195076819,0.040637142329642946,0.04063714313185058,0.0037859835632053835,0.003785983291200178,0.03350359674322558,0.03350359714520715,0.0669048805105256,0.07280755213888485,0.0,0.0,0.0,0.0,0.0,0.0,0.0,0.0,0.023043545039842198,0.023043544935591586
2020-02-28,0.03878851083152635,1.1636553249457904e-05,0.0,0.0,0.1080718715797259,0.10807187158575916,0.08024719792775017,0.08024719792724566,0.040675913794425894,0.023366795552896485,0.30000000013371253,0.29791486296756514,0.02872322555351307,0.02872322570762815,0.026685418433713564,0.02668541856729724,0.016820652845289157,0.016820652905376085,0.0,0.0,0.030549380709992743,0.030549380925712164,0.027708758874917395,0.027708759006556498,0.005673304434452425,0.005673304446387287,0.0,0.0,0.0,0.0,0.0,0.0,0.017952854348724047,0.01795285441009814,0.01710388081554889,0.01710388087234778,0.03908959383276571,0.03908959464252706,0.043632142377606604,0.0436321426441857,0.03036836601555361,0.03036836615196911,0.040498332071183654,0.0404983342986992,0.03919937508330588,0.03919937603494645,0.003509683214296738,0.003509683206714708,0.03197559459235151,0.03197559476983076,0.05199472762844176,0.07138897760596119,0.0,0.0,0.0,0.0,0.0,0.0,0.0,0.0,0.019519725732728692,0.019519725770295662
2020-03-31,0.03964963635343207,1.189489090602962e-05,0.0,0.0,0.1164575479429474,0.1164575481725988,0.08644492980355395,0.08644492949492343,0.04409988940075422,0.04309739161174785,0.30000000167384205,0.3198248192971954,0.02752817172742239,0.027528170682655808,0.024895611075617056,0.02489560980085312,0.015600420794533219,0.015600417767311196,0.0,0.0,0.027584337953149518,0.027584336925723874,0.026945329127327566,0.02694532797617376,0.007064857124244734,0.004505926216462517,0.0,0.0,0.0,0.0,0.0,0.0,0.016879120637373575,0.016879117861043576,0.01588338167749007,0.015883378469204155,0.04032316993325848,0.040323169519456685,0.041206866387924326,0.041206865844709666,0.02363770095966149,0.02363769944365212,0.036658927732408676,0.036658927192986766,0.03459996834795826,0.03459996771064028,0.0041678198943019855,0.0032394280346379357,0.025538900446405978,0.025538899258395933,0.05403948317596664,0.05403948349967772,0.004734815532957333,0.0,0.0,0.0,0.010600160029421964,0.0,0.0,0.0,0.015108588621479103,0.015108585219949011
2020-04-30,0.02106281143415328,6.318843430245983e-06,0.0,0.0,0.10483162238496486,0.11536302644971114,0.08481268966539383,0.08481269033661971,0.043578652666157194,0.043578652614497976,0.3000000005626781,0.2894685993330239,0.027865960344215363,0.027865960321254622,0.024946015873654356,0.024946015826884924,0.015502337880010025,0.015502337735944161,0.0,0.0,0.028970926224610963,0.028970926212479705,0.02604125003480726,0.026041250025118028,0.007224980848380411,0.007224980414100409,0.0,0.0,0.0,0.0,0.0,0.0,0.01616071170460229,0.01616071156213953,0.01591006898123275,0.015910068835830113,0.043039075646266155,0.043039075807113,0.04180337753904347,0.04180337762478622,0.024758994034581077,0.024758993982194572,0.041994768686347175,0.041994768833569084,0.03700192459352196,0.037001924658527606,0.004371467207629981,0.004371466743498528,0.027053064205125103,0.027053064177697664,0.05425477315115276,0.0542547736734403,0.004919211471163369,0.004919211020915485,1.9386962529697657e-09,0.0,0.009428240369582777,0.009428239965508253,0.0,0.0,0.01552988398618249,0.015529883845145481
2020-05-29,0.0053069568042033236,1.592087041260997e-06,0.0,0.0,0.0991794675368735,0.10183294423370386,0.08276096399831978,0.08276096472182261,0.042623084509473254,0.0426230843323811,0.3000000008109322,0.2973465307933044,0.027578947138844727,0.027578947022424423,0.025353746015464876,0.025353745873030045,0.01595882990260144,0.015958829611276162,0.0,0.0,0.029120757872649124,0.02912075777785907,0.025726262463229177,0.02572626240227121,0.007725290932136233,0.007725290163813056,0.0,0.0,0.0,0.0,0.0,0.0,0.01573926097957109,0.015739260668863803,0.016049345074099185,0.016049344771761342,0.043255747329783434,0.04325574748385651,0.03930987213694152,0.03930987212598433,0.02806012088852973,0.028060120774456396,0.04167215198410292,0.04167215210603568,0.03875492145767806,0.03875492150292516,0.004692704961372116,0.004692704163034886,0.0294413794426003,0.02944137935213082,0.055580329868096016,0.05558033052861159,0.004991141619831333,0.004991140821651503,5.2701503056536746e-09,2.035020626667e-09,0.00955038624807681,0.009550385434220965,0.0,0.0,0.016875281558642836,0.016875281299560462
2020-06-30,0.010547080836999474,3.1641242510998418e-06,0.0,0.0,0.09057312093210237,0.09584666035938397,0.08010497664222474,0.08010497696298244,0.041706228593076586,0.04170622774922311,0.3000000008854236,0.294726552890091,0.029017227125669738,0.02901722658552579,0.026962758011544206,0.026962757402097904,0.01700676439905192,0.017006763286832347,0.0,0.0,0.03308879699328004,0.03308879659200703,0.02551784003026934,0.025517839594842294,0.008357879327153338,0.008357875993590825,0.0,0.0,0.0,0.0,0.0,0.0,0.016597701194163983,0.016597700016196607,0.01608172182613114,0.01608172056175775,0.04672566327008981,0.04672566352774635,0.04010809712000867,0.040108096856986145,0.027535236211972056,0.02753523562552614,0.0421960723366452,0.04219607233520126,0.037341235691637,0.03734123544391097,0.004640317339522409,0.004640312921373223,0.030047469957075548,0.03004746946267869,0.055204238748303026,0.05520423916110699,0.005265792630419354,0.005265788519818397,3.740751963324761e-08,5.190351191607045e-09,0.00942010098904038,0.009420097014913793,3.531631092913413e-08,0.0,0.016500687021365014,0.016500685945855968
2020-07-31,0.031419615126606924,9.425884537982077e-06,1.0049059522528919e-10,0.0,0.07637658189872042,0.0855771775553517,0.07524025072741733,0.07524025088684094,0.039382904773504444,0.03938290476541007,0.30000000016599004,0.2842901927482894,0.031349721385682455,0.03134972156926148,0.028932781757791737,0.028932781901338932,0.018559078355346665,0.018559078407984535,0.0,0.0,0.03617426312014327,0.036174263443940015,0.026444931594635512,0.026444931707160845,0.00889660349951343,0.00889660349951477,0.0,0.0,0.0,0.0,0.0,0.0,0.01966453169211325,0.019664531752144603,0.02015656372862282,0.02015656378584427,0.04783424151298121,0.05325469746766146,0.03872670101289653,0.03872670122912742,0.03220223105860093,0.03220223123415299,0.042534398730711284,0.04253440000759916,0.037405903979764114,0.03740590431291536,0.0044696275668202595,0.004469627554762667,0.031009061998366807,0.031009062163168673,0.0546652438409846,0.05575399633004652,0.00535562902588588,0.005355629018063235,3.6419778470399476e-08,3.650046406563993e-08,0.00934222309357037,0.009342223076432711,3.882831157288561e-08,3.891563772953899e-08,0.015276450131355944,0.015276450166886321
2020-08-31,0.012465351572532929,3.739605471759878e-06,2.861358185643099e-10,9.951792710560726e-11,0.0718633073465066,0.0737273856932742,0.07284203834928986,0.07284203907076536,0.03855227029151286,0.0385522702629151,0.30000000023585344,0.29376732469635025,0.031980264354869024,0.03198026470505908,0.02914321290344162,0.029143213177498177,0.018994060481356035,0.01899406060447247,0.0,0.0,0.035565101372753274,0.03556510187731291,0.027173705281957207,0.02717370550897302,0.008371944361034582,0.008371944385212085,0.0,0.0,0.0,0.0,0.0,0.0,0.019906389422976203,0.019906389555326573,0.020600066104528563,0.020600066239514783,0.04893928472478432,0.05154461763976463,0.03863865712288211,0.03863865749462544,0.03299778580539191,0.03299778616664867,0.048423294863046494,0.04881662788079087,0.03971757054235327,0.03971757129615929,0.0043917493577407835,0.004391749340405066,0.031067800847647407,0.031067801146507847,0.05125999520469305,0.052629921804538154,0.005413052438977912,0.005413052442447117,3.613007708026672e-08,3.640997294804012e-08,0.009163516957566783,0.009163516943354917,3.871907659344508e-08,3.8978777378293444e-08,0.014994856493547142,0.01499485657981575
2020-09-30,0.022941980470828405,6.882594141248521e-06,0.0038846994929025496,2.88178996187367e-10,0.07467705392928077,0.07467705436232738,0.0760008881906946,0.07600088799467365,0.039825328848586625,0.03982526861443943,0.30000000026394746,0.3114709895987815,0.03140597681576208,0.03140597577461026,0.02813528366868165,0.028135282347861893,0.018311321103194358,0.01831131850215613,0.0,0.0,0.03426770160301407,0.03426770079002044,0.02701063609823563,0.027010634486997132,0.007858686281296285,0.007858647693646829,0.0,0.0,0.0,0.0,0.0,0.0,0.01991184699652577,0.019911844680876697,0.020426728368825923,0.020426726087838798,0.04532750948672563,0.0453275094499233,0.036248608783410935,0.03624860766000734,0.028244497693322816,0.028244496306532082,0.04756760218530698,0.04756760240328558,0.03831774623715043,0.03831774567868982,0.004812284686669214,0.004618598793940103,0.03037245440476456,0.030372453229542913,0.05134476745508812,0.05134476770464326,0.00543797307834316,0.005437789059527425,0.004482465116484569,3.692404357836622e-08,0.009940379890512845,0.009940347115410428,0.002909880431633184,4.001380573831473e-08,0.01327767888963985,0.01327767443823972
2020-10-30,1.5167184904289754e-05,4.550155471286926e-09,0.00393973777096029,0.003939732708100058,0.07461303827167044,0.07461303837245581,0.07569538647603459,0.07569538635698451,0.040317964627309515,0.0403104151835002,0.30000000082787665,0.30000758419924045,0.0326249964422984,0.03262499626871338,0.028241379697841202,0.02824137943450977,0.01852239397821213,0.01852239340042335,0.0,0.0,0.03598412549538389,0.03598412538262489,0.02715176354399686,0.027151763241912538,0.007783827782832176,0.007783825088211132,0.0,0.0,0.0,0.0,0.0,0.0,0.019330749901502662,0.019330749353595595,0.019778635845177542,0.0197786353053659,0.04855696578797159,0.04855696584080188,0.03735292663876531,0.037352926435727164,0.027726599448158525,0.027726599160560535,0.04539163328996255,0.045391633312568784,0.037210017861844885,0.037210017758851695,0.004739033710229112,0.004739027006327514,0.028709211595742287,0.028709211327155097,0.05059813256077291,0.05059813260563951,0.005533612805213432,0.005533609314557902,0.0044914617246028955,0.004491456838168439,0.0103609559046141,0.01036095419519393,0.002877124001645569,0.002877118943201031,0.0124683240093804,0.012468322965609152
2020-11-30,0.008880567017016918,2.664170105105075e-06,0.003884522304348493,0.003884522242107601,0.0697031346904791,0.07318332411617273,0.0740401207662879,0.07404012225139979,0.039385529509184204,0.03938552947016301,0.3000000008659407,0.2955597175406369,0.03346028905161332,0.03346029013690104,0.028308507021420966,0.02830850768622451,0.01825411820003801,0.018254118496337148,0.0,0.0,0.03436911765120579,0.03436911887510596,0.02920056078265973,0.029200561473903583,0.008374635184666543,0.008374635254234519,0.0,0.0,0.0,0.0,0.0,0.0,0.019377172052889295,0.01937717237306708,0.020647753033823223,0.020647753378464598,0.0467609278880865,0.04772074735300113,0.03964859133405103,0.03964859238445919,0.02657949291681952,0.026579493463679382,0.04521972886198226,0.04521997577560434,0.03930912773763858,0.039309130098039075,0.005194149476482213,0.005194149462501511,0.03063454981966057,0.030634550584028038,0.047220000338097166,0.0472200167408986,0.00585962910060126,0.0058596291478004965,0.004753965809160754,0.004753965787121732,0.010698980012581634,0.01069898012636376,0.003303081416126258,0.003303081370203254,0.015812314174155052,0.015812314411580798
2020-12-31,0.009714696707031,2.9144090121092995e-06,0.003762056373074792,0.003762056333315672,0.06887165301193815,0.06887165526307483,0.07317442011233881,0.07317442385737546,0.03912722946660876,0.03912723007882616,0.30000000091835366,0.2951426530733684,0.033646142102242524,0.03364614336701995,0.02743125814950959,0.027431258868490353,0.017597506474469008,0.01759750685157629,0.0,0.0,0.03730423820523512,0.03730424045554729,0.026459506452312417,0.026459507128518165,0.007855925446592334,0.007855925616336731,4.687710202343549e-10,0.0,0.0,0.0,0.0,0.0,0.018320479352256676,0.018320479736012907,0.022262598279644972,0.022262598771456237,0.04629003751181963,0.05046767603624223,0.03846601334683168,0.03846601443467213,0.029225411973854875,0.02922541277116807,0.04568221194146042,0.046361764739090754,0.03938769051453312,0.03938769334639225,0.0052575821878336985,0.005257582240693311,0.03161438889401648,0.031614389842318055,0.047759296014545885,0.04775943367287739,0.005848404614190489,0.005848404733282712,0.004943492806545753,0.0049434928441414745,0.010987705364019497,0.010987705595365766,0.00330818483074012,0.0033081848512079353,0.01541656518626046,0.015416565491629602
2021-01-29,0.0033066252170751644,9.919875651225492e-07,0.0037913204795984247,0.0037913204662552847,0.06842940055532863,0.06842940118891745,0.07279538891814796,0.07279538914504986,0.03860571236304776,0.03860571242336572,0.3000000001398567,0.2983466879446282,0.03518955102796196,0.03518955210734442,0.02796215386443646,0.027962154327868444,0.01722013295501756,0.01722013313334225,0.0,0.0,0.040441136812270684,0.04044114104713615,0.02547980584587673,0.025479806212627035,0.00792671445463336,0.007926714456555,8.232227125431721e-10,4.808271246432514e-10,0.0,0.0,0.0,0.0,0.018169285307334842,0.01816928549898698,0.022133676220469845,0.022133676503088874,0.04582006244778248,0.04746994428941769,0.040373059922033064,0.04037306046234317,0.0266347406985605,0.0266347410664706,0.04567206776741207,0.045675485457455985,0.038891117620249195,0.03889111904190669,0.005269405736594992,0.005269405711779198,0.03015559640635076,0.030155596894600963,0.04652736019796562,0.04652736250392927,0.005785241736458341,0.005785241728917369,0.004842197720704988,0.004842197695491511,0.011314568349166767,0.011314568393670867,0.003104987922275117,0.003104987929688886,0.01746531370724252,0.01746531388833526
2021-02-26,0.006861576018847327,2.058472805654198e-06,0.0037451009632341824,0.0037451009762281265,0.06770315209707514,0.06770315209181954,0.0718364276881978,0.07183642785376824,0.038024424916657425,0.0380244249179097,0.30000000024123774,0.2965692122370698,0.03530973159941734,0.03530973253737431,0.027933633071673233,0.027933633294115266,0.017060591124057632,0.01706059120030221,0.0,0.0,0.03755459177068702,0.0375545954409557,0.02692511545045631,0.02692511562028656,0.007586810891865604,0.007586810911342713,7.49315396766989e-10,7.874811624751591e-10,0.0,0.0,0.0,0.0,0.01712393522364206,0.017123935296767805,0.02123019770473469,0.02123019782144302,0.04268134696618849,0.04552858047736882,0.041744952465862996,0.04174495273872148,0.028643967580169807,0.0286439677796057,0.04527524687307564,0.04585879377797238,0.040265182169671246,0.04026518286770718,0.005439582523528073,0.005439582535468467,0.03087239917960426,0.03087239938707849,0.04478324097962306,0.0447832414979411,0.00662731727461394,0.006627317294083153,0.005419299249016214,0.005419299258993912,0.011475586167097467,0.01147558618405612,0.0032438656796388438,0.003243865699725232,0.021494299399658405,0.021494299514414044
2021-03-31,0.012895499221150823,3.868649766345246e-06,0.0037933236140090657,0.0037933229103815176,0.06913044214807951,0.0691304414087845,0.07983202194497349,0.07338428287487236,0.038975719210402916,0.038975718683878044,0.3000000001981081,0.3064477496990938,0.03344060362208357,0.0334406036232856,0.02745385277936236,0.027453852755095137,0.01709346808110612,0.017093467999117536,0.0,0.0,0.0355722385857613,0.03557223859649101,0.02808273800379221,0.028082737974516454,0.006645875232519592,0.006645874960145224,3.845814665558994e-09,7.231541218511274e-10,0.0,0.0,3.157593667206957e-09,0.0,0.016462474154363773,0.016462474057116077,0.019593164154033896,0.01959316408986341,0.03994161462694106,0.0399416146504535,0.04099512133362661,0.040995121325447914,0.025691339160807583,0.02569133911491232,0.04525606274125275,0.04525606279712265,0.042267528707499065,0.04226752872577467,0.005343399345817058,0.005343398938399038,0.0326353878469458,0.03263538783088754,0.04400496648904555,0.04400496648497213,0.006339304134429803,0.006339303871031637,0.0055619634358838365,0.005561963066078389,0.010837543755886638,0.010837543543338112,0.0034006670841025305,0.003400666742874627,0.02164917260575748,0.021649172552912613
2021-04-30,0.011866652795705073,3.559995838711522e-06,0.003714926912075167,0.003714927195159684,0.06793462640001108,0.06793462643428652,0.0786065493103131,0.07860654940128688,0.038280807405093785,0.03828080744329419,0.3000000000568752,0.29406667365902284,0.033267608723909256,0.03326761402260585,0.02781188000656972,0.027811881654048395,0.01704032355678439,0.017040324025528183,0.0,0.0,0.03843207891413587,0.03843221330067357,0.027832655805044765,0.027832657266965807,0.007359173983937183,0.0073591741761814215,3.496529324896891e-09,3.860536638464605e-09,0.0,0.0,2.9846588749777955e-09,3.2739944194264806e-09,0.0159519536787151,0.01595195406847296,0.018196122680230666,0.01819612320619234,0.041266617446940934,0.041443280496516605,0.04055775219568114,0.040557755502415,0.026601402545408263,0.026601403611337886,0.042178506372260935,0.04793467702644633,0.04336655986214594,0.043366888197049175,0.005156631383612427,0.005156631593620136,0.03334637644954879,0.033346378822094694,0.044352214983091415,0.04435222529659397,0.00664638763166938,0.006646387827184561,0.0059113698502415305,0.005911370035653869,0.011213572557677054,0.011213572779665207,0.0036883381818026482,0.0036883384217309685,0.021285556625035906,0.021285557401442085
2021-05-31,0.005987526051893557,1.796257815568067e-06,0.0037372580071781073,0.0037372580606974243,0.06753041851182026,0.06753041817318003,0.07842548280585433,0.07842548249731432,0.0380362678310478,0.038036262991751724,0.30000000048513487,0.2970062431644469,0.033897868465749034,0.03389787267196797,0.02836053721470826,0.028360538398759086,0.017677487486509866,0.0176774879098478,0.0,0.0,0.03910384128241377,0.040167471092893224,0.027771032998807448,0.02777103398830774,0.007637287752046225,0.0076372879541083795,3.3782375867058077e-09,3.594179765761311e-09,2.187827104955995e-10,0.0,2.930417272861855e-09,3.0955518303579523e-09,0.01728285363561933,0.017282854017830116,0.019332696743683854,0.019332697217703407,0.04013250325921732,0.041862298211788294,0.03951462265262106,0.039514624849160254,0.02677091313786002,0.026770913863542977,0.0398230475831814,0.039823513363672305,0.04195612144369431,0.042155954813625544,0.004961868764231122,0.00496186890341537,0.03291194898717038,0.03291195061403589,0.04573436993383011,0.04573439473949841,0.0066621469829036915,0.006662147155635442,0.005863112008267416,0.005863112158298366,0.010929891913912148,0.010929892141918906,0.0036944381424066745,0.0036944382735030635,0.022251975442693618,0.022251976083365023
2021-06-30,0.0022939719629076274,6.881915888722882e-07,0.00371557758050238,0.0037155777788414057,0.06729204199837686,0.06729204176738138,0.07803998001199378,0.07803998008883682,0.03779740575137438,0.037797403740093875,0.3000000009062003,0.2988530176709018,0.033034364649603125,0.03303436907067032,0.02871294298932271,0.028712945038778716,0.01855458606942675,0.018554586693216468,0.0,0.0,0.04051045437684414,0.041081100797763205,0.027873182275524187,0.02787318399360807,0.009173274940440254,0.009173275124947249,3.549233413203978e-09,3.498988379816757e-09,6.410411256484509e-10,2.5224189655120913e-10,3.3683322518361482e-09,3.303496988817466e-09,0.01651024188563797,0.01651024234343125,0.0197123379647358,0.0197123386511047,0.03772540951612277,0.0377254229695451,0.03947988812613166,0.03947989242371791,0.02518015057033184,0.025180151660308212,0.04194274619723253,0.04250652444397365,0.04289629024117727,0.04290880483737154,0.004905853873504952,0.004905854020815172,0.032546056971802684,0.03254605961974008,0.04327976263537963,0.04327977535468488,0.00642840928238781,0.0064284094321895476,0.006057063844966086,0.00605706398299901,0.010672121313570898,0.010672121538689901,0.0038949803436396056,0.003894980527282014,0.024064868125162984,0.02406486937438015
2021-07-30,0.0026873713946362803,8.06211418390884e-07,0.0038104654364627144,0.0038104651098840652,0.06817290519133877,0.06817290302309387,0.07952066864330769,0.0795206687436557,0.03967566790559902,0.03833198672311216,0.30000000086307177,0.3013436844905506,0.031103887036426043,0.031103887181887266,0.02885381325460986,0.028853813364324864,0.019251654696641352,0.019251654682204335,0.0,0.0,0.041374838936158176,0.04137483925594383,0.027271220747709143,0.027271220820920778,0.01095475512936825,0.01095475498296445,3.742234244503533e-09,3.70816885421828e-09,1.2219076991475164e-09,7.503510042470125e-10,3.5060596997298255e-09,3.440221792262048e-09,0.01586196499185382,0.01586196491534569,0.021038591911787766,0.021038591914572795,0.0318856586848562,0.031885658830297994,0.035966866072159154,0.03596686621181938,0.024748203965496103,0.024748203992209155,0.04380051503977041,0.04380051537269422,0.04446661394566946,0.04446661425505803,0.0047964224120350275,0.0047964221141402336,0.03255745470363422,0.032557454827556606,0.04450446987549364,0.04450447009985584,0.006826918713107043,0.0068269184774450405,0.006730568671660562,0.006730568436745698,0.011192586106489157,0.011192585935066631,0.004071978886154337,0.00407197861484985,0.02156129970893863,0.02156129972505945
2021-08-31,0.0031054886607304543,9.316465982191362e-07,0.003921239838488186,0.0039212398361191045,0.06782206033057352,0.06782206039605546,0.077606794956551,0.07915952356353362,0.03955615181946603,0.039556151809663986,0.30000000023542606,0.2984472559179902,0.030733365450475305,0.030733365630492622,0.03067192080133944,0.03067192097483608,0.020529925288751555,0.020529925356032642,0.0,0.0,0.03871740887126607,0.03871740952464265,0.02980356857673162,0.029803568722677816,0.00961662018617218,0.009616620199869303,3.362368544767174e-09,3.5744892655762922e-09,1.2366673635470754e-09,1.3582953035192628e-09,3.0146333394210893e-09,3.2205160180415862e-09,0.016562684951716443,0.016562684990607472,0.02405974702665673,0.024059747116462162,0.030295545362726654,0.03029554552318961,0.034729653170890655,0.034729653344837255,0.023405436824509133,0.023405436900208926,0.04486925062146387,0.04486925983735749,0.045160790501054725,0.045160793935798804,0.004751335041992171,0.004751335041234097,0.03267530133597161,0.032675301509896976,0.043996906426874836,0.043996906839809384,0.0068471321174235445,0.006847132125460398,0.006622117111970037,0.0066221171197683205,0.010970538368907106,0.010970538381899812,0.005129835029307981,0.005129835035324526,0.020944662139624086,0.02094466221293084
2021-09-30,0.004312174412058266,1.2936523236174798e-06,0.0038873630314011005,0.00388736050563932,0.0684098448274776,0.06840984475530346,0.07821289941748971,0.0782128994202532,0.039662072497714834,0.039662071920445706,0.30000000009270694,0.3021560872894121,0.031146249548285196,0.03114624952912826,0.03002536743214369,0.030025367408919257,0.01931115844148928,0.019311158374425968,0.0,0.0,0.03792227784346921,0.037922277842064984,0.030233749848998168,0.03023374982387409,0.008930780219822382,0.00893077999897322,0.0010719458618077893,3.142116086737136e-09,0.0002925423927754206,1.124376399350739e-09,0.0007915996213206503,2.776286340263563e-09,0.01746236180148214,0.017462361717135343,0.0213507618207486,0.021350761761663138,0.033510271901034804,0.03351027188581072,0.0339142001670346,0.03391420014328219,0.02172863425844344,0.02172863419316738,0.04327747181743509,0.043277471820780934,0.04391411953753762,0.04391411954075207,0.005025888463299658,0.005025887340678183,0.031448003862900115,0.03144800383833506,0.04261996041212925,0.04261996040395357,0.006868286254894042,0.00686828586353119,0.008266437715942725,0.00826643744906784,0.010890027831736858,0.01089002759587342,0.005368042517902734,0.005368042016473842,0.02445768056057651,0.02445768051827652
2021-10-29,0.0016681217305757503,5.004365191727251e-07,0.0038865271604334086,0.0038865272821417577,0.067746178295295,0.06774617834425353,0.07752795841661883,0.07752796021712266,0.03954822411644282,0.03954822317974675,0.30000000126193016,0.29916594135358243,0.03119436759540184,0.031194369992092238,0.02959116714056091,0.02959116906835533,0.019378233336609374,0.01937823407152772,0.0,0.0,0.038929687046862824,0.03892970880885602,0.02776895078187191,0.027768952212640495,0.008829314774691134,0.008829315000846171,0.0010757215738664816,0.0010757216178914023,0.00032566406228000795,0.00032566404203578087,0.0007956625567435304,0.0007956625755959985,0.0165351256202286,0.016535126124480472,0.02185147301936965,0.02185147386685221,0.03444675286622236,0.03444675595700382,0.03463574844298518,0.034635750052721445,0.022285022443414907,0.022285023127754128,0.043826317655401625,0.04465690416588307,0.04512299513452533,0.04512642581930725,0.00471555133546841,0.004715551463725837,0.03123963482050062,0.031239636593900694,0.04330344934065249,0.04330345180980921,0.006930986814288362,0.006930986967653167,0.007449932711286561,0.007449932908904708,0.010177487886142117,0.010177488039976309,0.004699524084708734,0.004699524248745934,0.02618233970519685,0.026182341086593196
2021-11-30,0.004282469179981109,1.2847407539943325e-06,0.004060879310044443,0.004060879381962972,0.06765148455669624,0.06765148454873382,0.07763017440699264,0.07763017474973949,0.03941469719781133,0.03941469701355062,0.30000000028788093,0.29785876589011356,0.030796969120331502,0.030796970045197405,0.0304998871539482,0.030499888013418543,0.021153518200665182,0.021153518502820497,0.0,0.0,0.041150669833399094,0.04115181827801693,0.027099363498769086,0.02709936402516378,0.0096281366654119,0.009628136740341454,0.0011510295075474511,0.0011510295679564503,0.0003281228585426739,0.00032812287962715624,0.0008551845245233352,0.0008551845686270334,0.016465084406074984,0.016465084569476676,0.024835924335217842,0.024835924743849394,0.03497440857728745,0.034974410062106956,0.03203057484072954,0.03203057531117596,0.021333676763037716,0.021333676990644725,0.04361041950124124,0.04521161356792048,0.04505113974981586,0.04559002340177977,0.004625845268834199,0.0046258453363420505,0.0298218125884855,0.029821813193179572,0.04274783272378213,0.042747833798650985,0.006898943575450323,0.006898943631150205,0.006685399954906102,0.0066854000174997675,0.009986783640656676,0.00998678368337097,0.004385569325504851,0.004385569396845527,0.025126467626411783,0.025126468090737576
2021-12-31,0.0009353836783777164,2.806151035133149e-07,0.0040918570079029925,0.004091857024999106,0.06788030285815067,0.0678803028582867,0.07781328180999537,0.07781328245473805,0.03944104193683636,0.03944104165843259,0.300000000840736,0.2995323094004934,0.031107775155857578,0.03110777579278712,0.030727396594452817,0.03072739719874769,0.020863130420451386,0.020863130677737353,0.0,0.0,0.03895145298066421,0.038951455243765865,0.02758611626182258,0.02758611667275741,0.009254234799913583,0.00925423485775329,0.001182899381703865,0.0011828993409886042,0.0002921987660622416,0.0002921987317639845,0.0007960091792764423,0.0007960091337474833,0.017401304409137085,0.017401304572144286,0.02493829085984483,0.024938291208112907,0.03564975613735311,0.03564975705530586,0.03083703640596969,0.030837036785688922,0.020737917614733585,0.02073791780370528,0.043931834663151564,0.04393188699542333,0.04572389106168773,0.046191521841797936,0.004617927006583434,0.004617927028923585,0.030418990309592303,0.03041899084209649,0.042505882624294875,0.04250588339279688,0.0070265283207819485,0.007026528358408369,0.006823531992640633,0.006823532035225897,0.010484995123282794,0.010484995164798196,0.0046990854997183105,0.004699085536300897,0.024215329977402052,0.024215330332272564
2022-01-28,0.021302006224811317,6.390601867443395e-06,0.00422339340180499,0.004223392455281717,0.07061504939219587,0.07061504929432144,0.08094817310594445,0.0809481730593721,0.05157300981640703,0.04092201544158263,0.3000000007789536,0.31065100387766226,0.030226253467584247,0.030226253396755314,0.028725513128806817,0.028725513037544084,0.01894105956208216,0.01894105931332235,0.0,0.0,0.03520285143991457,0.03520285142740954,0.02837664843445947,0.0283766483066794,0.008280444532922203,0.008280443963801716,0.0011125484520856414,0.0011125476219036527,0.0002746704587996579,0.0002746701612887657,0.000742686292538926,0.0007426856597879901,0.016650988382439145,0.016650988055429018,0.02110620980874898,0.021106209585904354,0.033856423591501685,0.03385642355160028,0.03232205864244569,0.03232205853347976,0.021312061815974715,0.021312061535412923,0.038153390448615675,0.038153390450696004,0.041770899267819246,0.04177089927943609,0.0043477021786134055,0.004347701335619916,0.029614596482987456,0.029614596389808644,0.04392844159511246,0.043928441575815276,0.007530639588752414,0.007530638944782863,0.008012406711510803,0.008012406099074445,0.011220400442474396,0.01122039973021538,0.0047343077065040194,0.0047343069724935,0.02619717107200021,0.026197170943518835
2022-02-28,0.0023052649872386042,6.915794961715812e-07,0.004213345973812678,0.00421334597490257,0.07011882424819517,0.07011882445382732,0.08031740400651,0.08031742428647505,0.05123686270876847,0.051236862591040835,0.3000000001357542,0.29884736779173604,0.029679542253440442,0.029679542406879634,0.02943796963665558,0.029437969785328096,0.019904226143796652,0.01990422620192555,0.0,0.0,0.03437353194965418,0.03437353239696188,0.029356748819581797,0.02935674894804105,0.008463724824506564,0.008463724840019313,0.0011317487942673725,0.0011317487860935014,0.0002813971329410788,0.000281397119567362,0.0007382657461557145,0.0007382657358295257,0.015574180534018961,0.015574180568200076,0.021840941463485135,0.021840941526526565,0.0334081516549053,0.03340815188028113,0.030908689954852558,0.03090869005414424,0.02185766051001575,0.02185766055636009,0.03741485776523687,0.03741485970074315,0.040108758122311995,0.041261366007797444,0.004329317276515487,0.004329317279320421,0.027648153518447884,0.02764815362779975,0.04613672707644017,0.0461367275526851,0.0077105302303158724,0.007710530242324187,0.007834385563270135,0.007834385576661615,0.01305741179802544,0.01305741182226695,0.005213130924769338,0.005213130932335581,0.027703511233349392,0.02770351135392564
2022-03-31,0.019973284982379415,5.991985494713824e-06,0.003967513284809049,0.003967513327960831,0.06694274590568758,0.06980312395781783,0.07748805496459267,0.080128086143017,0.05946874574733617,0.05060578046636775,0.3000000003851026,0.2988763232024106,0.027477520356278717,0.027477520968628898,0.027433495617706534,0.027433496229034838,0.018501522754901946,0.01850152302523721,0.0,0.0,0.03229670115569876,0.03229670239850695,0.030300697662137457,0.030300698497684665,0.007612957899213049,0.0076129580054321395,0.0009731669024668512,0.0009731668966434549,0.00026097949858992005,0.00026097948858730223,0.0006591829651104926,0.0006591829534072652,0.014627025446078086,0.014627025631117731,0.020115090620106545,0.020115090905010014,0.030334945824158355,0.030334946605093248,0.03016355073966152,0.03016355134128798,0.021829908289234132,0.021829908540004838,0.039990814248238644,0.041560013991391274,0.040517855169878325,0.04343487303859262,0.004347403784197518,0.004347403832319741,0.028322593541665563,0.028322594123742488,0.046276057580474254,0.04627606453652937,0.008380641437635528,0.008380641545701173,0.008403535158335473,0.008403535273537082,0.013688078212730074,0.013688078376686029,0.005688471626005881,0.005688471713750632,0.03393074322196838,0.03393074498449918
2022-04-29,0.04648289699889134,1.3944869099667402e-05,0.004032198205450477,0.004032198238800086,0.06453631452687576,0.06943053368902541,0.07552591898067197,0.08028785274160494,0.08513533700151053,0.0618938885020646,0.30000000006558725,0.3113085572536544,0.026223191041777043,0.026223191289168432,0.024152354792587604,0.024152354984097308,0.015288443563414267,0.01528844364616618,0.0,0.0,0.027658719019435472,0.02765871933622335,0.030022736441481034,0.03002273689706886,0.006321743958223306,0.006321744000967198,0.000816913890102684,0.0008169139234376946,0.00021363937993709348,0.00021363942455729755,0.0005548172846055856,0.0005548173185494407,0.013250556475637287,0.013250556541331603,0.016794491323846146,0.01679449141279599,0.03160739593382015,0.03160739652676162,0.029194235723484476,0.029194235962221,0.021904159541162378,0.02190415964574087,0.03735193456599921,0.0373519881377294,0.03888758673152777,0.039823498705102,0.004246817186492378,0.004246817219289987,0.027193175614086847,0.027193175849712797,0.04722730169678362,0.04856806615341911,0.00847492662594775,0.008474926672830207,0.008171729430251934,0.00817172947769805,0.014356813305132107,0.014356813374054459,0.005712136143408598,0.0057121361849850295,0.03514441155075942,0.03514441689094228
2022-05-31,0.012838875587190195,3.851662676157058e-06,0.004070200904152896,0.004070200984459999,0.06341749959851792,0.06341753776110064,0.07389567125514285,0.07437556556377417,0.08373724195624538,0.08373724151499069,0.2999999999962284,0.29358056264388804,0.02634726478145992,0.02634726549422608,0.025945592175182882,0.025945592855295695,0.01717181936571915,0.01717181959563153,0.0,0.0,0.028508131458548844,0.028508132609258184,0.029814971204387513,0.02981497262850091,0.006809833996444384,0.0068098340874771495,0.0008426339616013829,0.0008426340338747835,0.00024297344820437572,0.0002429735115653937,0.0006015568821546465,0.000601556949351701,0.013394354848965805,0.013394354996820745,0.019050890291947165,0.019050890554615327,0.030461733624714236,0.030461735023365775,0.030132087896660272,0.030132088725826102,0.020595724099977182,0.020595724337781188,0.03533415130504401,0.03533418680253508,0.037376631117506526,0.037715661933330785,0.00432965928287577,0.0043296593635465015,0.028507893419877944,0.028507894311455194,0.0460740032138079,0.04609464190937579,0.007954158663375227,0.00795415875475632,0.008442493946767873,0.008442494045506408,0.014476911566097928,0.014476911726183908,0.006178238662540182,0.006178238751398295,0.03628567707585134,0.041865468530107634
2022-06-30,5.117169650773585e-06,1.5351508952320752e-09,0.004164324280367589,0.004164324290083633,0.06320885111856536,0.0632088514524035,0.073432529057916,0.07343499597938229,0.08341085837318267,0.0834108577826514,0.30000000018784145,0.29999744219416785,0.02913778109634848,0.029137781319397968,0.02817564554283355,0.02817564574580777,0.018961690135638247,0.018961690223044003,0.0,0.0,0.033555516424583716,0.03355551679657061,0.03035732137149516,0.03035732159935204,0.007283712618229064,0.007283712643947793,0.0009333920489791811,0.0009333920507279491,0.00029404303122010426,0.0002940430305997319,0.0006558851777763554,0.0006558851779013097,0.014814288332324413,0.014814288389351601,0.020560301625191728,0.020560301721248238,0.034134131477545224,0.034134131842819326,0.031632445158826475,0.03163244537912737,0.019365656766745294,0.019365656838094887,0.032276118321320754,0.032276118632900544,0.034440876981744896,0.034440877356333964,0.0039649715864993685,0.003964971595689326,0.025007427317598863,0.025007427455127226,0.04524680113492032,0.045246889291742365,0.00692986601377772,0.006929866036416683,0.008027918799555358,0.008027918827919709,0.01338019274234871,0.013380192791429714,0.006324066560509266,0.006324066583296677,0.03032338671611475,0.030323386972464894
2022-07-29,0.0011022694939310366,3.3068084817931095e-07,0.004254223484903887,0.004254222765677668,0.06349431835557567,0.06349431829963019,0.07405565571390646,0.07405565565082517,0.08425009174687585,0.08369896528840265,0.3000000009608076,0.30055113570777336,0.027980435469327714,0.027980435359180822,0.028045261316476066,0.028045261208062076,0.01960695062633761,0.019606950415280353,0.0,0.0,0.032894978766190006,0.03289497869718195,0.030123671155119033,0.030123671067264015,0.006949432410294066,0.0069494318715712005,0.0009087047876343691,0.0009087039679619147,0.0002971362517690862,0.0002971355795635611,0.0006682692474569565,0.0006682684438118602,0.014023977046986899,0.014023976718176654,0.02143621772809579,0.0214362175377722,0.033234802491492715,0.033234802418028925,0.030073703598831707,0.030073703486278705,0.01847464915157891,0.01847464888967756,0.03510905864955982,0.03510905859113419,0.036424528114900295,0.0364245280620962,0.004150097631158122,0.004150096913107028,0.024643288110119264,0.024643287960220785,0.04379817990404267,0.04379817985669354,0.006727496649708682,0.006727496100234796,0.007511793442487981,0.007511792934273683,0.013674759821326325,0.013674759482706592,0.00620480668462784,0.006204806126949545,0.03098351068240847,0.03098351060046317
2022-08-31,0.0026854083060930457,8.056224918279136e-07,0.004188018936346929,0.004188019007066793,0.06372566466844687,0.06372574205117379,0.07356064300640978,0.0745729581725095,0.08364969258833868,0.0836496925939671,0.3000000006024042,0.29865729649991246,0.026921469247767567,0.026921470300076186,0.02770894122032757,0.027708942419629876,0.01899087156038826,0.018990872013922234,0.0,0.0,0.03157271781944181,0.03157272040448527,0.030482275817029877,0.030482277632668937,0.006821695334371447,0.006821695483626353,0.0008333138780370321,0.0008333138566873523,0.00028025095304676315,0.0002802509769924633,0.0006283519661149106,0.0006283519369097133,0.014064786758986432,0.01406478704404976,0.020503379078494012,0.020503379573902695,0.03243632998932942,0.03243633249259227,0.0296877431350826,0.029687744228031776,0.017920549087932638,0.01792054944460961,0.035599873604828344,0.03559988806644209,0.03737642039176115,0.037376601372631615,0.004204809947964006,0.004204810025954969,0.023994240152700276,0.023994240864991273,0.04422778088258795,0.04455785906503937,0.006824798209116404,0.006824798360981472,0.007244109948914622,0.007244110111900119,0.014152029070670995,0.014152029354795549,0.006636844422456419,0.006636844575999786,0.03576239772070286,0.035762422068449234
2022-09-30,0.017800323811589937,5.340097143476981e-06,0.0043013489657164365,0.00417507620839751,0.06516446848078422,0.06516446798852976,0.07500618145087598,0.07500618253624931,0.08526951987381688,0.08526951929513585,0.30000000022864637,0.30890016104906776,0.0260425564935013,0.02604255478886147,0.026239040537772214,0.02623903887667977,0.017301502455734936,0.017301498991937194,0.0,0.0,0.02901122068323324,0.029011219326555527,0.03093589275998761,0.03093589149679827,0.006297099397337415,0.006297044772560329,0.003432817921024032,0.0007765303489754218,0.003329870562564115,0.0002556953943486259,0.0036172500036442757,0.0005910557720938786,0.012854039668569447,0.012854033140882756,0.020223804845957528,0.020223802073257215,0.03258804817232029,0.03258804705075176,0.027240733127118038,0.027240731223505118,0.018864536975269068,0.01886453341259485,0.034590536234024895,0.03459053534230942,0.03611578522417731,0.03611578443314233,0.0040698475622408,0.004052797994904202,0.023257042986988878,0.023257040865255714,0.04546160090372912,0.04546160034213802,0.007015786395863314,0.007015752657765634,0.007612608485023543,0.007612584165821322,0.01609648496368919,0.01609648052366559,0.006749382648201956,0.006749349072196285,0.03131099199218787,0.031310990855618885
2022-10-31,0.0021943882146360344,6.583164643908103e-07,0.004611169087503047,0.004245860659537024,0.0657570743268173,0.06575707431797011,0.07589911380102639,0.07589911381793087,0.0853949295251194,0.08539492951301546,0.30000000004212346,0.3010971941325371,0.02415502048729581,0.024155020450656955,0.026241100224662618,0.02624110019409281,0.017310980919713646,0.017310980857624704,0.0,0.0,0.028047762767731122,0.028047762741614756,0.029724434490620833,0.029724434467040588,0.00629562773686865,0.006295627230281106,0.0036887534011487335,0.003499810428685388,0.0035313854219512974,0.0031790082573371374,0.0038692172144092853,0.003747806205068356,0.012630390998675353,0.012630390895553132,0.021373213685012778,0.021373213637407382,0.027001678478472707,0.02700167844691395,0.02355567368666011,0.023555673637969194,0.019642956425141574,0.01964295636344708,0.03378470070998498,0.0337847006952013,0.037275335521933135,0.03727533551338475,0.0042421239079521635,0.004172971567307037,0.02591822740811673,0.025918227375946182,0.04604168907436785,0.04604168906783846,0.007166309334793623,0.007166309036609261,0.0070560850887651785,0.007056084781623065,0.015718934121104578,0.01571893404190429,0.00615637486638998,0.006156374426116172,0.0379097372456377,0.037909737239386614
2022-11-30,0.015606781582717466,4.682034474815239e-06,0.00454844370173213,0.004548443441566991,0.06341658592231918,0.0634165859964527,0.07300189608414859,0.07300189761633008,0.0738688022535748,0.08167218973439283,0.3000000009840521,0.2921966121886688,0.02548862461855478,0.02548862467623448,0.027268051788831918,0.027268051861090277,0.017819984435622733,0.01781998444489108,0.0,0.0,0.028304905594989088,0.02830490567804385,0.031187050337497208,0.031187050507797125,0.0063606659837608295,0.00636066580455828,0.0038341177318607423,0.0038341174732619025,0.003380633284206618,0.0033806330230103,0.0038015113385252482,0.003801511072951691,0.013666820349466563,0.013666820317505329,0.02005791129931112,0.020057911313628135,0.02898271978848217,0.02898271986605502,0.027789054639815177,0.027789054689532453,0.020431296108247,0.020431296113796925,0.03453668398113511,0.03453668415121904,0.03829355205114149,0.038293552324255464,0.0044760220131611055,0.004476021752042231,0.02859173610117955,0.028591736182705777,0.04634086441059087,0.0463408647588745,0.007437337952052384,0.00743733781454165,0.007018072190177856,0.007018072040505192,0.01615115953437353,0.016151159518188726,0.00608735387475651,0.006087353699965982,0.03785814164643362,0.037858141937933604
2022-12-30,0.006942986496462928,2.082895948938878e-06,0.0051184392398950646,0.004456574013649343,0.06433980327919074,0.06433980323425986,0.07415049876777972,0.07415049877327513,0.07487101920122889,0.07487101954537508,0.3000000001269928,0.3034714930255826,0.025855079153503217,0.025855079103565413,0.02626613542982873,0.02626613538161487,0.017109026264903533,0.01710902615991689,0.0,0.0,0.028722889466513253,0.028722889427728375,0.029600402042053577,0.02960040200457103,0.006125756285044583,0.006125754471894958,0.004343348622065691,0.0037742621510260116,0.004042225330858101,0.0032941304658798956,0.004510230863474083,0.00368107914902463,0.013365724810525984,0.013365724639680375,0.019203809202998915,0.019203809107342967,0.031599905779451716,0.03159990574692678,0.030050086167966252,0.030050086124150683,0.021769785384245538,0.02176978530410125,0.03241859434250319,0.03241859431404681,0.035772344841792834,0.035772344821569345,0.0048915625821808854,0.004228273821238672,0.027736816808348393,0.02773681676501249,0.04694601380560918,0.046946013794268805,0.007862620778547534,0.007862620267797769,0.007355553103049249,0.0073555524488979705,0.017506059765657795,0.017506059651557385,0.005554340600476563,0.0055543383586954724,0.03291192795331385,0.03291192792734884
2023-01-31,0.01501364109296083,4.504092327888248e-06,0.005183772797384843,0.005183772833365485,0.0625739720791102,0.06257397186958306,0.07206562261254337,0.07206562264426794,0.06479248084481562,0.072299291586472,0.3000000002401972,0.29249317990324386,0.027392819110862138,0.027392819481764332,0.027365699190370674,0.02736569956020117,0.018015467780999963,0.01801546790384381,0.0,0.0,0.031085594222663118,0.03108559501549616,0.0297248553360721,0.029724855800178033,0.006463453222627004,0.006463453262415604,0.004848067852188755,0.004848067895067461,0.004356778025614765,0.004356778071648171,0.004693839503415207,0.004693839546387506,0.014446368597449034,0.014446368672363,0.01982790391198836,0.019827904026845384,0.03295589845196654,0.03295589922230583,0.03169315194755481,0.03169315222015727,0.02088521239307638,0.02088521250233749,0.033434895174757485,0.03343489637810362,0.03592120715703249,0.035921209440469705,0.004980916847701376,0.004980916888361507,0.028930826078685034,0.028930826521304437,0.04724135845396798,0.047241359024648,0.007894121587902916,0.007894121629615777,0.0075552264408544545,0.007555226481147393,0.017057007572073048,0.017057007654895064,0.005688375082313529,0.005688375122368032,0.03292510748381169,0.03292510884114287
2023-02-28,0.005533338813301143,1.6600016439903428e-06,0.005126935320066831,0.005126935279997159,0.06589618190352411,0.06312951287634938,0.07280426482652438,0.07280426477730265,0.06655280238022848,0.06655280249765445,0.30000000019745937,0.30276666900946847,0.02656014486037886,0.026560144890361834,0.027727926227538793,0.027727926261107236,0.018467240432576918,0.018467240437612654,0.0,0.0,0.02894549794418304,0.02894549798369608,0.030924017931451726,0.03092401796800432,0.0062029113547004714,0.006202911323277726,0.00498804348731735,0.0049880434533306215,0.0040398020465178845,0.004039802011671446,0.00452854050797147,0.004528540471458162,0.013924897277636336,0.013924897266315472,0.019845754794473622,0.019845754796553303,0.032735770738471,0.03273577078516097,0.029546742661616363,0.029546742681005923,0.01947991697293356,0.019479916970501086,0.03407237856702317,0.0340723786237806,0.036686339389395244,0.03668633945633748,0.004942702715538968,0.004942702676343234,0.02950560319361789,0.02950560323216524,0.04661739336978197,0.04661739342004614,0.007569957424474388,0.007569957395679069,0.007266313299867886,0.007266313269862014,0.01686422986626669,0.016864229856427757,0.005994944782075375,0.005994944750249278,0.03218274552638792,0.03218274557828016
2023-03-31,0.0027230547116831026,8.169164135049307e-07,0.0051404462411788684,0.005140446320154629,0.06576064871214286,0.06576063602284889,0.07266498418900072,0.07266498419867194,0.06593928793563224,0.06730080244431175,0.3000000005573683,0.2986384858908207,0.0263709217210881,0.02637092224679675,0.02748173181233506,0.02748173239301164,0.018131720057909476,0.01813172031300742,0.0,0.0,0.028442831585512453,0.028442832264295687,0.03069917029404854,0.030699171028835393,0.006988520930763858,0.006988521036369296,0.005733620220171648,0.005733620322859571,0.0037697032944236076,0.0037697034011340298,0.0048521803375446235,0.004852180435030922,0.013646985210417354,0.013646985375028195,0.018911792293245817,0.01891179252193168,0.031823598808953905,0.03182359961031431,0.029634570396994717,0.029634570802761117,0.02083882273826186,0.020838822979884885,0.03592911762055316,0.03592911964095975,0.03658218223038365,0.0365821843769197,0.005077993179995096,0.005077993270031046,0.03014861639455071,0.030148617187422472,0.04909306523798093,0.049093066614159644,0.007496477537026915,0.007496477640003882,0.007628259088577681,0.007628259192222851,0.015484460055465773,0.015484460201166589,0.005641246704825181,0.005641246799679415,0.030087044613646967,0.030087045469365872
2023-04-28,0.027327812689728646,8.198343806918593e-06,0.0051789833838318715,0.005178983665980119,0.0796671070589506,0.06600320155607511,0.07311686282080682,0.07311686197881799,0.056727163730665324,0.06627903543402001,0.3000000009610687,0.3002359413380717,0.02599234185250606,0.025992344185157803,0.026901777604762298,0.026901780278415905,0.01766069578506136,0.01766069666464703,0.0,0.0,0.02751752522602851,0.027517528547801824,0.032113091566124165,0.03211309851613654,0.0068085947644519655,0.006808595164862776,0.005476094884895746,0.0054760952519495535,0.0036190948818483415,0.00361909518376076,0.004864812887153124,0.004864813222630388,0.013663393098249996,0.013663393691467162,0.018892824123926767,0.01889282491078546,0.029666246123886648,0.02966624908798399,0.02910750683859907,0.029107508199618385,0.022172411756274806,0.02217241267850169,0.03434619294127859,0.03599849576320659,0.03482655281055111,0.03704956827570569,0.005174357971247973,0.005174358265541798,0.031540039836671085,0.03154005090143672,0.05002443532413472,0.05002516623001045,0.007296810876414464,0.00729681126200741,0.007370278497781644,0.007370278882230755,0.01493670223835561,0.014936702740661606,0.005462577223288592,0.005462577569636909,0.029875522931184187,0.029875530552878057
2023-05-31,0.0006272656022299605,1.8817968066898812e-07,0.005133061758283112,0.005133061753294275,0.08060243360969321,0.08028880088413182,0.07357028976602131,0.073570289721384,0.05689786505292312,0.056897865070549544,0.3000000000444901,0.30031363263585154,0.025016385851008696,0.025016385860895687,0.026516206225451887,0.026516206236468238,0.01749327532065552,0.0174932753249002,0.0,0.0,0.026461844313563146,0.026461844324925148,0.03207791824740663,0.03207791826347873,0.006776832980025898,0.006776832978008669,0.005599550936121076,0.0055995509334409825,0.003423161648417957,0.003423161643702818,0.004766497094413063,0.004766497090758024,0.013492009503851498,0.01349200950527298,0.0186069097993836,0.01860690980283065,0.02776824278221293,0.02776824279240999,0.028022131861496564,0.028022131868069587,0.020808887073098324,0.02080888707734039,0.039207033574566716,0.039207033610507,0.037179563564728624,0.0371795635916763,0.005572939004375271,0.005572938999759267,0.03160529929560459,0.03160529931252742,0.04962190604757862,0.04962190606565884,0.0070343572650460396,0.0070343572628715064,0.00669340831464949,0.00669340831202508,0.014827252862933314,0.01482725286260187,0.005226234015916403,0.005226234012802867,0.02999850218608329,0.029998502201856635
2023-06-30,0.005344704266434579,1.6034112799303735e-06,0.005095700225108854,0.005095700513625861,0.07991175842601354,0.0799117569170842,0.0731676183928627,0.07316761825598302,0.05638843212812537,0.056388439306099845,0.300000000268351,0.2973276497809427,0.024899566101458204,0.024899567921153738,0.025917368731955957,0.0259173707719425,0.017250942454298295,0.01725094333613039,0.0,0.0,0.025878905055420707,0.025878907175631266,0.030829387414118125,0.030829391287044566,0.006309251416375018,0.0063092518751043354,0.00563026743782563,0.005630267891019352,0.003392561624047569,0.003392561978833497,0.004532281902285342,0.0045322822954173515,0.012849682756871586,0.012849683391074094,0.01895188429257838,0.018951885126011897,0.027399305820641838,0.02739930773873886,0.02890502249732542,0.028905023850087985,0.020948635832012688,0.020948636736158738,0.0385439319656022,0.04119999417227978,0.03895023970085231,0.03896647812312629,0.005784439173756422,0.00578443955401668,0.032406685154999386,0.03240669309792464,0.049612621006437325,0.04961263022008274,0.007139275460857187,0.007139275898117734,0.006878358243746077,0.006878358666653038,0.01603675026585528,0.016036750843192442,0.005123170897747932,0.005123171279255018,0.03126595535246965,0.03126596199726739
2023-07-31,0.011278973372526223,3.3836920117578665e-06,0.005075821905619416,0.005075821926465374,0.07858048500947704,0.07858048483494387,0.07201455609134866,0.07201455605198005,0.05554720317411314,0.05554720347407212,0.3000000001196688,0.2943605136473076,0.025713925654207978,0.025713925815171176,0.02595910703065002,0.025959107192510343,0.016803037341744126,0.016803037403527843,0.0,0.0,0.025757113648781995,0.025757113815336498,0.03177746062427666,0.03177746110487762,0.006131962900244747,0.00613196293216632,0.005271628237299802,0.005271628267874349,0.0032542791551800287,0.0032542791782041486,0.004270415596631962,0.004270415622811066,0.01483450307934154,0.01483450313124677,0.018027553579811558,0.018027553637120115,0.028814926381437872,0.028814926581173374,0.0297376858250045,0.029737685942481745,0.02152130701284644,0.021521307082269018,0.03591812223103757,0.039127617916222254,0.036696818724914114,0.03912680109238716,0.005690135466472539,0.005690135494437585,0.032232055964401214,0.03223205695323297,0.04928560345539204,0.04928560520787538,0.00736649885079171,0.007366498882687163,0.007387014523442195,0.007387014554939722,0.017982065841564244,0.01798206589742918,0.005258139084238379,0.005258139111573831,0.03309057349005966,0.03309057724767553
2023-08-31,0.0031239879957061295,9.371963987118387e-07,0.005040910192240599,0.005040910151113757,0.07915482683894783,0.07915482661989154,0.07427707483000917,0.07271508129494562,0.055875915594199396,0.05587591565676058,0.30000000030395874,0.30156199314356763,0.024476199195529645,0.024476199246564877,0.02486123978926413,0.02486123984199112,0.01598369156322806,0.015983691578981732,0.0,0.0,0.024692513958075254,0.024692514011654853,0.03128455661645376,0.03128455669731313,0.0058601077109551045,0.005860107690327695,0.004984823170452691,0.0049848231473496,0.0029882692397904375,0.0029882692025482906,0.004205251134164853,0.004205251104393522,0.014449856011420802,0.01444985601888601,0.017570130210237195,0.017570130225195876,0.027319039132231344,0.027319039189736005,0.028217181642811975,0.028217181683931412,0.02205882314164635,0.02205882316608557,0.03600820506362623,0.03600820521466287,0.03709589518788532,0.03709589534233757,0.005480739965801427,0.005480739938744555,0.03171024650669035,0.03171024660605638,0.0502868206351212,0.05028682075731813,0.0073375084897815,0.007337508470251854,0.00790596337623261,0.00790596335880252,0.019768667238057758,0.019768667255579103,0.0051586599761790424,0.005158659948333235,0.03594688328500724,0.03594688343667495
2023-09-28,0.0087248773368634,2.61746320105902e-06,0.00504922760140854,0.0050492275794321384,0.07959074593543297,0.07959074590115811,0.07903870771203698,0.07467626929927028,0.056510020984401985,0.05651002098128744,0.30000000003084815,0.3043624386992798,0.024287692905869265,0.024287692902415364,0.024801945538060206,0.02480194553475917,0.01596009432256248,0.01596009431516248,0.0,0.0,0.023688981838371096,0.023688981834776534,0.03226649822079026,0.032266498218122074,0.005682400801979291,0.005682400787435322,0.004802958872280954,0.004802958857324219,0.0028128735593401146,0.0028128735399923195,0.003989507448899968,0.00398950743226108,0.014137799603429122,0.01413779959437672,0.0169651556732363,0.016965155665357404,0.02726949571902023,0.027269495716103962,0.027483120056555076,0.027483120052110843,0.021917000573864504,0.0219170005676679,0.03474188383102986,0.03474188382888368,0.0358865696026388,0.035886569600438636,0.0054727200217645315,0.005472720005417667,0.030004014126277005,0.0300040141243268,0.05134314466604598,0.05134314466388056,0.007345194777188756,0.007345194762349122,0.007840341026690434,0.00784034101282943,0.0193632256766375,0.0193632256690935,0.005636179497662801,0.005636179481657043,0.03611249937567681,0.03611249937283029
2023-10-31,0.0049283422255946155,1.4785026676783846e-06,0.004998167925891195,0.00499816752301108,0.0805578002440512,0.08055780008355412,0.08235990909354891,0.07989574211393732,0.05674038504614619,0.056740385011299695,0.3000000008372621,0.30246417182895746,0.023632985718741773,0.023632985685625135,0.02434445650366472,0.024344456479779484,0.015953327400897655,0.015953327259067302,0.0,0.0,0.023479959395111626,0.023479959362944638,0.0313519541446377,0.03135195411563504,0.006106091140240859,0.006106090830006315,0.004603614389484169,0.00460361406857617,0.0027251535740937523,0.002725153240241998,0.00399419188321331,0.003994191549672059,0.014081993289818306,0.014081993099645803,0.016784432782776713,0.016784432626154575,0.026766614265748098,0.02676661425748028,0.02732723437232392,0.027327234318762824,0.022091208701979694,0.022091208595979593,0.03407170344085559,0.03407170346453347,0.03494840920766914,0.03494840923542209,0.005273991543081091,0.005273991199677705,0.029131302830962255,0.029131302850623913,0.052805585097772494,0.05280558514778199,0.007355648674068047,0.007355648346260379,0.007696335329793159,0.007696335023642911,0.019516875543456148,0.019516875415238097,0.005489146525123858,0.005489146183078705,0.03581152109758628,0.03581152108340989
2023-11-30,0.0022145065432293996,6.643519629688198e-07,0.004909708863318589,0.004909708954323221,0.0801344873394517,0.08013448844863284,0.08220429257861152,0.08220429258330604,0.05658210368404432,0.05658210410348354,0.300000000329056,0.2988927470574412,0.022906995604729582,0.022906996103291083,0.024288726451808677,0.024288727059411187,0.016187375032230597,0.016187375284826125,0.0,0.0,0.02264434388335148,0.022644344386359136,0.031265111442168536,0.03126511292681843,0.006025085127500911,0.006025085254414309,0.004673299935994944,0.004673300052835001,0.002491818242970459,0.00249181833675834,0.003913304639886163,0.0039133047463652875,0.013906013844904789,0.013906014041410715,0.016870081443156586,0.016870081677839856,0.02621601235361656,0.02621601299986139,0.025895364654968434,0.025895365055534025,0.022646938930383484,0.02264693925941263,0.03627375410997438,0.03718070135634248,0.037127957081060425,0.03732815964982915,0.005585705115671742,0.00558570523281118,0.03189362874716611,0.031893631918517934,0.05233041068093577,0.05233049204090638,0.007147310859755756,0.0071473109809492286,0.007547676999886735,0.007547677129711553,0.01884926215531452,0.01884926242910007,0.005958464210335781,0.005958464322992809,0.03352476565774552,0.0335247766065147
2023-12-29,0.0014401800005316113,4.3205400015948335e-07,0.004879773788683018,0.004879773758861935,0.07987191291078355,0.08059199628682029,0.08256185537464496,0.08256185576007764,0.056595220506969926,0.05659522020737488,0.3000000008035978,0.2992799115184925,0.0223811111911144,0.022381111406494156,0.023425989961114557,0.023425990200722294,0.015329314188687139,0.015329314284447294,2.828719963463716e-10,0.0,0.02215115495616967,0.022151155173351714,0.030472213999539827,0.03047221441042086,0.005662980263734082,0.005662980252385407,0.004582009930445296,0.004582009921532533,0.002537412595406119,0.0025374126044183276,0.0038474365858020367,0.003847436580014128,0.013352169453265669,0.01335216950561736,0.016210887112348128,0.016210887207417927,0.025178370180684723,0.025178370433117266,0.025801236428761806,0.02580123663574174,0.022245991106692564,0.02224599125511471,0.037924127247068964,0.03792412808310499,0.03875571966723843,0.03875572054179502,0.005826799463697999,0.005826799447059862,0.03348701064255031,0.03348701121325698,0.052946541882284266,0.052946543119484706,0.007305625418956126,0.007305625395458481,0.007837531479641264,0.007837531462821554,0.018662522034468148,0.01866252215256714,0.005872242570984142,0.005872242551116412,0.03429483797179306,0.034294838630911484
2024-01-31,0.010102083252463982,3.030624975739194e-06,0.004824592963580725,0.0048245924189097775,0.0815964111024416,0.08159641112809755,0.08465654558935677,0.08465654560779798,0.06270949440553765,0.05765846001394592,0.3000000008640972,0.3050510422922703,0.021557762612731752,0.02155776254017141,0.021318956766089168,0.021318956692563323,0.013326111307536798,0.013326111080599458,1.6956663350510862e-09,2.487277450654805e-10,0.01893055700664937,0.018930556893952583,0.03254268951182516,0.032542689527176115,0.004515856577225001,0.004515856119948365,0.0039011993502502105,0.003901198876200586,0.0022258522670431475,0.002225851743940181,0.0032092499465745643,0.0032092494439718367,0.012976011837253328,0.012976011573142501,0.014038082126730555,0.014038081901463693,0.0232446644743741,0.023244664411885312,0.02432230124149046,0.02432230116809209,0.022099913119345515,0.022099912985630285,0.04095770762808918,0.04095770765651945,0.0411823064671438,0.0411823064938349,0.006167261484672616,0.006167261021570787,0.034526726443226734,0.03452672648708951,0.05354515590473811,0.05354515589370945,0.00735453946659143,0.0073545389917711096,0.007922899811039141,0.007922899364838405,0.01656977911572637,0.01656977890170786,0.006294989093496307,0.006294988661368073,0.03348237981947684,0.03348237985910358
2024-02-29,0.047905436010946024,1.4371630803283806e-05,0.004799210057691183,0.004799210137524155,0.08021759265988097,0.08021759271775483,0.0837054734284978,0.08370547320537722,0.08016915657204586,0.061808320072175404,0.3000000001421971,0.29440811885971513,0.022465702687452408,0.0224657032456653,0.02237665660656643,0.02237665724774042,0.013472109756945015,0.01347210993237583,1.3786597056168763e-09,1.611656412599015e-09,0.020441672476893054,0.020441672892107018,0.031579022475435425,0.03368233226867925,0.004856190713915495,0.004856190808816536,0.004384121197553068,0.00438412129062785,0.002282618615991908,0.0022826187000254123,0.003457988761584672,0.00345798884886914,0.013174876273303215,0.01317487641296609,0.01442203247281701,0.01442203264617937,0.024423379051219617,0.024423379597983748,0.025094415081211647,0.025094415348432382,0.0213445476223312,0.021344547774227386,0.03336770308984616,0.04063961862065665,0.03328043772186962,0.04281444513346936,0.006465527055917677,0.006465527145240113,0.032920108702970546,0.03433098089709873,0.05246009821053818,0.052460117306403965,0.007185113416851259,0.007185113498248707,0.00769976170379658,0.007699761791569923,0.016719663384450148,0.016719663534274017,0.006630233302047984,0.006630233399525666,0.030604585379518982,0.03423717505461393
2024-03-29,0.009692960703013433,2.9078882109040297e-06,0.004756410786828038,0.004756410909514459,0.07893496191237163,0.07893496197085988,0.08228787460635273,0.08228787473678063,0.07903117524768691,0.07903117298630753,0.3000000002595526,0.2951535221694254,0.022469765872947373,0.022469766418326157,0.022169318027021462,0.02216931860616471,0.013850996436754031,0.013850996698051985,1.2479090494822013e-09,1.4717731581809856e-09,0.02075724273783583,0.020757243218069106,0.030605646753207694,0.0306056490275245,0.004875148501700154,0.004875148653238069,0.004513153059409285,0.004513153208090541,0.0023113585465626358,0.002311358675495852,0.003359678110491349,0.0033596782467074696,0.012337047174373734,0.012337047379674072,0.014787378334723541,0.014787378595920338,0.024744394555781056,0.024744395111825915,0.02490719847702084,0.02490719882376363,0.02281090282344027,0.022810903116929095,0.03351572026939992,0.033515725204713416,0.03425730230535583,0.03425730937844737,0.006617156134679893,0.006617156281165389,0.03414002257837915,0.03414003012388654,0.05095735242605901,0.055803791573246615,0.007318028427394781,0.007318028564946057,0.007380043107806778,0.007380043239937399,0.017409143670900597,0.017409143945695284,0.0060996591012449815,0.006099659250251416,0.032795918506808824,0.0327959324132683
2024-04-30,0.09259574738362572,2.7778724215087714e-05,0.004808877751158606,0.004808878146969153,0.07823475275784907,0.07823475323084594,0.08146740777900587,0.08146740824306299,0.1223063717347527,0.07853925492625222,0.29999999990579196,0.2974692430224797,0.022916719619577506,0.022916812142818682,0.02303683007164692,0.023040201867095534,0.014130675217199,0.014130677224482307,1.1130932872911097e-09,1.2340609389775434e-09,0.021473041667387734,0.021473078003356617,0.026405128112153644,0.031073896991900177,0.0048880880290061955,0.00488808863252765,0.004557851678691167,0.0045578522620352046,0.0023146718703446587,0.002314672343362937,0.0033801907397287704,0.0033801912393558657,0.01272911663617978,0.012729117849210008,0.014920367082601683,0.014920369035609279,0.025038067400762525,0.02503811373843238,0.026401574491100768,0.026401579169342868,0.024544021453238602,0.02454403100327916,0.026391870374288952,0.03212714953493282,0.027464173328984508,0.03184492492715539,0.005994713345307645,0.005994713903252066,0.027075642992110658,0.0327416012086646,0.03546291343406318,0.053105989941984254,0.007976173161175153,0.007976173807654707,0.007494037004922445,0.007494037511962019,0.017782289777408415,0.01778229190887675,0.00611283510331498,0.006112835695094571,0.02469159636715367,0.03289206125394347
2024-05-31,0.006957164110591727,2.087149233177518e-06,0.004855158725372884,0.004855159428683883,0.07829889436434874,0.07829889925526366,0.0816421041185924,0.08164212265206736,0.12359850516854928,0.12190220100768066,0.29999999997151683,0.2982177220770894,0.02262219209898114,0.022622215795649547,0.022266491858551788,0.02226652260013413,0.013536041076400183,0.013536043670190833,8.103999110576875e-10,1.0657452278571946e-09,0.020618782099403352,0.020618794330623427,0.027132441440224413,0.02734963596625202,0.004722808106630471,0.004722809056385301,0.004215150650712289,0.0042151515625990475,0.0022676478524029137,0.0022676486316452384,0.0032106836533386572,0.0032106844560976554,0.011938978155581741,0.011938979852527502,0.014695728379262264,0.014695731067712443,0.02448616727889808,0.024486191937400807,0.027097280993097,0.02709729532014254,0.027630276417233108,0.027923300934041592,0.02750289697180576,0.027512854123862274,0.028066269833824105,0.028070239397994776,0.0058319399473187785,0.005831940864300274,0.0271914305111653,0.027191841348532902,0.03240097180885787,0.03535481455301806,0.008280439325260432,0.008280440477199802,0.007738975462736338,0.0077389763234295495,0.018210855647618304,0.018210859106685878,0.006465488509748227,0.0064654895357801985,0.023475398762167518,0.02347543360126373
2024-06-28,0.005977702654574377,1.793310796372313e-06,0.0047516426867776915,0.004751642630054731,0.07943603022516073,0.07943603025349896,0.08300546653008246,0.0830054665802242,0.12796816410708148,0.12497931322754592,0.30000000046587855,0.3029888507670751,0.022086675115502198,0.022086675177074466,0.02099899539324052,0.020998995452160215,0.012520237839907905,0.01252023784614937,7.790796655516686e-10,7.39679435278463e-10,0.01954916213866907,0.019549162187225546,0.026635612179424104,0.02663561226118912,0.0048539616906228215,0.004853961649699598,0.004294533450547806,0.0042945334077831385,0.0020079406278967105,0.0020079405798930066,0.003126611103289707,0.003126611053078494,0.011485673996892555,0.01148567398674953,0.014098041948063012,0.014098041958498628,0.022421339896980322,0.022421339950009552,0.026938599438038502,0.026938599498693733,0.026042966438599175,0.02604296651884286,0.029587674634530874,0.029587674741360797,0.030541615029498457,0.030541615137213932,0.005989569195173072,0.00598956915231333,0.027054704458425092,0.02705470454345067,0.03222734205464322,0.032227342152555565,0.00784580350292313,0.007845803472191335,0.007481935761667349,0.007481935713659039,0.017791639001926807,0.017791639024679864,0.006067192270570839,0.006067192232588006,0.023190868038906073,0.023190868104861605
2024-07-31,0.004740617213436712,1.4221851640310134e-06,0.004632914206874379,0.004632913419291758,0.08041421464694774,0.08041421459250693,0.08435250078543727,0.0843525008163873,0.13168911623569177,0.1293188181903017,0.3000000017627514,0.3023703101894198,0.021921887169296227,0.021921887012443596,0.020224538969427202,0.02022453878464093,0.012195442235646071,0.012195441859789718,2.26983938196467e-09,7.624134324644431e-10,0.018867272952608177,0.018867272731936984,0.025852566914704136,0.025852566795132686,0.004969491997027063,0.004969491349223538,0.004142221053795626,0.0041422203810963535,0.0020023886309936483,0.002002387881224206,0.003118226350368023,0.0031182256105070187,0.01150504775027258,0.011505047303007335,0.015108892041588225,0.01510889171753206,0.021365746642332706,0.021365746431779072,0.026190373156200836,0.02619037299234112,0.024848232047035436,0.024848231916676407,0.029132281314261498,0.02913228134386567,0.030967644015639714,0.030967644097868504,0.006103939630874403,0.0061039389725219715,0.02753675131072131,0.027536751277370344,0.03338447351094229,0.03338447354820919,0.007460700553420077,0.007460699985436403,0.00718581057456512,0.007185809914723542,0.01644526548272758,0.016445265129887865,0.005414865384410665,0.005414864738315482,0.022967190403599347,0.02296719025414888
2024-08-30,0.003883034653752709,1.1649103961258126e-06,0.0045636048958468825,0.004563584953331951,0.0810035883394752,0.08100358833525176,0.08477928765591226,0.08477928774665779,0.13219989062644608,0.13219989066606488,0.3000000000670653,0.3019415172635772,0.021500811866300644,0.02150081179934079,0.019737342299160975,0.019737342226300872,0.011863161732271314,0.011863161584692763,0.001586224617846598,2.2404028841021548e-09,0.01792663004120844,0.017926629957444394,0.02528825209164124,0.025288252037071145,0.004558573774677436,0.004558572537707149,0.0037821558083738827,0.0037821533009635626,0.0023148782493360915,0.001959631955970969,0.0030085228129838547,0.0030085018203294712,0.01152371579292705,0.011523715607547206,0.013951222389631385,0.013951222262211089,0.02035523790919586,0.020355237825291545,0.02698839198522052,0.026988391923431897,0.025544625651454437,0.02554462559522288,0.028906211461982686,0.028906211419789475,0.031325516257971066,0.03132551622069966,0.006262758817785104,0.006262758265079045,0.028491044438410922,0.028491044392701476,0.03444237893117897,0.0344423788927046,0.007667834052624475,0.007667833675483498,0.006987867303232169,0.006987866463987419,0.015764191335610456,0.015764191188543487,0.005494274947792311,0.005494274058763042,0.0221818038464364,0.022181803783435886
2024-09-30,0.017441148012421553,5.2323444037264655e-06,0.004693558086527928,0.0046935588345907815,0.07879678610849389,0.0787967895521896,0.08224792534658054,0.08224792680174785,0.12825900187765019,0.12825900235493523,0.3000000000333166,0.2912794260271059,0.024092421834719494,0.02409255525406733,0.022688937273258877,0.022688966220851724,0.013523163706399801,0.013523165526685447,0.0018013892135575209,0.0018013899719959404,0.021362763322510747,0.02136277465083028,0.02599283197104157,0.026133387989686136,0.004863481373181072,0.004863482226543802,0.00432537347271061,0.004325374300827872,0.002511607603956902,0.002511608333706776,0.00323946913191384,0.0032394698922467843,0.01415321001083464,0.014153211750427448,0.014757611587999557,0.014757613453503654,0.02376179534171524,0.023761822269662957,0.030045753664031134,0.030052642016220158,0.02552461724214531,0.02552467596811491,0.02606876609504389,0.028392354456359875,0.026950204368836377,0.02951963958221331,0.006061831469344889,0.006061832355163854,0.026969201022715935,0.02785228885467548,0.03163385629848974,0.034430590168153766,0.0076799032940864905,0.0076799042382946015,0.006422691390203706,0.006422692203706048,0.015698514195312784,0.015698515677140566,0.00602082584787514,0.00602082671921667,0.01985250781554559,0.01985251234913537
2024-10-31,0.06565659880405961,1.969697964121788e-05,0.004634926532766947,0.004634926640666828,0.10367158597537084,0.077155304786255,0.08072311351373439,0.08072311356359846,0.10340621117711601,0.12566460389687317,0.29999999994243487,0.2936879817295211,0.022503744304120662,0.02419059659650048,0.02250216357126006,0.023978226631516476,0.014904499532737106,0.014904500197862372,0.0020103082251122827,0.0020103083405533803,0.022018606258460964,0.023719071338386567,0.02290035597004255,0.025324354484285116,0.006346017986943003,0.0063460181471381594,0.005014404668980501,0.005014404812112458,0.002809589467175639,0.0028095895801693335,0.004033426482757546,0.004033426615561817,0.015593795274999609,0.015593795816653981,0.017153031589444426,0.01715303253122881,0.02258861719498498,0.02258866020816904,0.02904463204423921,0.02968051168886571,0.02629329458981996,0.026302786711781437,0.025324505627422486,0.02669548527081412,0.027156544636209954,0.02775258367999012,0.005824138661114507,0.005824138788693893,0.026382777109440078,0.02638353861907392,0.032619732306543046,0.03328905811706965,0.007403285533453682,0.007403285698119629,0.006287619367251345,0.0062876195012296614,0.015019989389538477,0.015019989630416859,0.005628613295382074,0.005628613457164754,0.02020046977114271,0.020200472919728
2024-11-29,0.0007672531838343239,2.3017595515029716e-07,0.004709119780884253,0.0047091198204090474,0.10419408851148865,0.10419408722113839,0.08144329973828894,0.08144329976357095,0.10313098659864964,0.10351460924135783,0.3000000001227955,0.29961637482122866,0.022377111744335168,0.022377111988309197,0.02216151498822301,0.02216151522629699,0.015021221129699799,0.015021221244111024,0.0021173142082412098,0.0021173142463332246,0.02214351489738711,0.022143515150336367,0.022997871021305523,0.022997871247906965,0.0064953910195453555,0.006495391073719426,0.005100203838340342,0.005100203886956247,0.002822787766441924,0.0028227878048712207,0.004127694011954565,0.004127694057008861,0.016257245560689026,0.016257245675212823,0.01671640699170615,0.016716407116328182,0.022316757662363875,0.02231675787165397,0.027924502440975666,0.027924502661191425,0.02360011749059984,0.02360011766927648,0.026077515756641582,0.026077516069591886,0.02921153352025993,0.029211534006410644,0.005788344445454343,0.005788344488772455,0.025933145710558946,0.025933145933265875,0.031106380187472606,0.031106380424516574,0.0071973246396023335,0.007197324690732507,0.006259595142477089,0.006259595185903454,0.014851363725248895,0.014851363803045192,0.005544183104129491,0.005544183154386092,0.022373464244239166,0.022373464456158104
2024-12-31,0.0055284657373590495,1.6585397212077148e-06,0.004794296647081914,0.00479429675906682,0.10425352088353707,0.10425352091506924,0.07977930878226708,0.08251346035826097,0.10253514933772435,0.10253515057958978,0.3000000000759108,0.29723576720723105,0.02286134183898713,0.022861345681225703,0.022422267167844925,0.022422270071343835,0.015033910423136494,0.015033910804639184,0.0020677202176191778,0.002067720327055064,0.022295024471886995,0.022295028061252217,0.02401677221250969,0.02401677885710702,0.006876992032760532,0.006876992184501849,0.00537701045641949,0.005377010591289734,0.0026404422844912554,0.0026404423919288117,0.004254787107673483,0.0042547872330040756,0.016645871167085227,0.01664587156896732,0.016699953455247857,0.016699953888119994,0.02222061207605442,0.022220613529210283,0.028791350759846634,0.028791353198836432,0.023355508997604846,0.0233555098627836,0.02765428911565963,0.027684120197460128,0.028735995680133342,0.028736215347100098,0.00585050826440035,0.005850508382862511,0.02643099990527074,0.026431002083622993,0.03106721048839876,0.031067212383379263,0.0071314022183168475,0.00713140235639256,0.006251229534645195,0.006251229654677418,0.014077289015302483,0.01407728921711372,0.005550747141848036,0.005550747278015457,0.02032848824033525,0.020328489028892387
2025-01-27,0.001981071755553611,5.943215266660832e-07,0.00483665982710635,0.004836659871160736,0.10384018975039694,0.10384018979690884,0.07987472554364221,0.0798747257674282,0.1022250417701724,0.10222504189537855,0.3000000001728143,0.29900946429503755,0.021895609684599193,0.021895609868144893,0.021425431972944785,0.02142543215445128,0.014483713929867673,0.01448371403390714,0.0020063972114498963,0.002006397261868145,0.02137565472401501,0.02137565490743277,0.022841219056481236,0.022841219221720853,0.006596946627761801,0.006596946682894619,0.005219781497050027,0.0052197815487958705,0.0024657458048501276,0.0024657458529051867,0.0040490129234794035,0.004049012973397615,0.015077428947193902,0.01507742904589569,0.015462243447077298,0.015462243552179868,0.02081303203979087,0.02081303220203016,0.028446661570545314,0.028446661757098663,0.023760485866530724,0.023760486026058396,0.027989077505027504,0.027989077512154473,0.029269656610994187,0.029269656637417023,0.005909835419034265,0.005909835464613885,0.032426062395792,0.03341659541246846,0.03248500251785609,0.03248500269667341,0.0071549254037887675,0.007154925453255686,0.006261040483642891,0.006261040526082705,0.014855248145190736,0.014855248213621945,0.00509107293662819,0.00509107298607919,0.02186209621427586,0.021862096382938248
2025-02-28,0.00452502443250167,1.3575073297505008e-06,0.004951647909403357,0.004951648117026305,0.10233860471578138,0.102338605517614,0.07638541975394435,0.07864503810595413,0.1011048391044806,0.10110769952670184,0.3000000006883232,0.29773748847207243,0.02246388724211718,0.022463888982518873,0.022652098427873944,0.02265210027097915,0.015682383344526003,0.01568238412333548,0.00222062991916267,0.002220630118026774,0.022487571385911724,0.022487573286244487,0.022351007375173076,0.02235100890759759,0.007476251659698186,0.007476251984155355,0.005998392019143096,0.0059983923007409,0.0025976160994404984,0.002597616291155314,0.004621552313668491,0.004621552558725475,0.015346306329995051,0.015346307004181905,0.01605283738900593,0.01605283813044918,0.021295825642385482,0.0212958269038197,0.03355964561486507,0.03355965140802429,0.024121231539194207,0.02412123289673823,0.026000433220090987,0.02600043535078337,0.02730696606045901,0.027306968123159726,0.005775651734490694,0.005775651948002038,0.02979572760636128,0.029795731726958343,0.03361602987659204,0.033616032591273576,0.007164344495895935,0.007164344760133076,0.006119747277452307,0.0061197474832299205,0.015244034417956435,0.015244034923039669,0.004848376687801974,0.004848376928151698,0.020420940148805813,0.02042094125920724
2025-03-31,0.002792323367898354,8.37697010369506e-07,0.0048987400074071855,0.004898227428536885,0.10269998455406049,0.10269998469205058,0.07631961218389145,0.07631961211653368,0.10177043916617459,0.10177043909437555,0.3000000000773734,0.3013961616233326,0.0222177623911479,0.022217762226487466,0.022281222372491156,0.02228122221010375,0.015175916336228544,0.015175916046083418,0.0027282685278763466,0.00213862425712305,0.021313645570117414,0.021313645400294647,0.022831567661593593,0.02283156750692646,0.0067554483142845895,0.006755446794632141,0.0053723912684825615,0.005372388099807033,0.003323307042907842,0.0025175261245706654,0.004231149458402868,0.00423113693296941,0.014903467767965688,0.014903467439581009,0.016157280357087363,0.01615728006769841,0.021988551216730698,0.021988551033828376,0.03322231553669744,0.03322231542557247,0.025927981644603096,0.025927981486511056,0.024568265815502588,0.02456826566260247,0.025814154307543836,0.02581415415512566,0.005589033484951636,0.005588980683138049,0.0307103183724028,0.030710318263499296,0.03605488132718474,0.03605488121537669,0.007482406310578585,0.007482404016840351,0.006021339519112071,0.006021199229395898,0.014646139155105141,0.01464613872309864,0.0049625888789706,0.004962580881968423,0.020031821373123735,0.020031821161936074
2025-04-30,0.010979836535233965,3.2939509605701892e-06,0.004849805632592289,0.004849805626963832,0.10220821880882869,0.10444184310749645,0.07821900368272937,0.07821900369308074,0.1084404796928656,0.10295056144783885,0.30000000026078505,0.30325629280215,0.021659744531881766,0.02165974461119632,0.021317678708985745,0.021317678787576573,0.014445956639881954,0.014445956679535566,0.0026116122923732794,0.0026116122889484777,0.01960830633393721,0.019608306402795928,0.022908163777580554,0.022908163857355564,0.006815874278652766,0.006815874283680226,0.005078701823640072,0.005078701823192356,0.0030123166831252913,0.0030123166779568106,0.004162392599229024,0.004162392596393988,0.014004220243920944,0.014004220277541753,0.01554857424294819,0.015548574283630136,0.02204413502729585,0.022044135097586785,0.03153840656385182,0.03153840669263572,0.025026962455298285,0.025026962541935684,0.02440970890906311,0.024409709007353612,0.02519340847108805,0.02519340857487935,0.005784103583229037,0.005784103582984165,0.03149312030998865,0.031493120488460986,0.039450845857259775,0.039450846107924833,0.0072266787775789945,0.007226678781189586,0.005545977794657195,0.005545977792453356,0.014907603826326778,0.014907603843570606,0.004704020669875809,0.004704020667238732,0.017783977520528963,0.017783977574453026
2025-05-30,0.007127177396122734,2.13815321883682e-06,0.004877609155837387,0.0048776091655522175,0.09716458729830738,0.10072817510997482,0.07693433902285124,0.07693433903234435,0.1073055855001457,0.10730558532525408,0.3000000000762258,0.29643641155305606,0.02191743952345561,0.02191743955784838,0.021528645579929482,0.021528645613863497,0.01476119593269237,0.014761195952779181,0.0027696610148932824,0.002769661030246797,0.02023105751458324,0.020231057545538077,0.02295348376065884,0.02295348379850743,0.006496935447362525,0.006496935458620579,0.005131330160452442,0.005131330171850725,0.0030554932679841477,0.0030554932822648454,0.004058172606228177,0.004058172618541818,0.01407925590146622,0.014079255919459119,0.016216088496061678,0.0162160885169589,0.02189433773296368,0.021894337762187938,0.032937577801695234,0.032937577875288004,0.024757285935300712,0.02475728597139366,0.026366721057251585,0.02636672110969267,0.02663948393854272,0.026639483991754594,0.00587783053274091,0.0058778305432911635,0.033240256858675744,0.03324025699542085,0.03781961773612032,0.03781961788328733,0.007155228231977241,0.007155228241712663,0.00558205100722132,0.005582051016519368,0.014716019336148923,0.014716019348610953,0.004783404557177311,0.004783404567214842,0.018749305015048852,0.018749305040965166
2025-06-30,0.006372119957941253,1.911635987382376e-06,0.004965580659913176,0.004965580800397268,0.09332370771458484,0.09650975735931033,0.07647096093031464,0.07647096105234115,0.10640214633555814,0.10640214537622093,0.3000000007024666,0.2968139416828332,0.02213291315419164,0.022132913545715633,0.021957478898318325,0.021957479292403492,0.015084099588731265,0.015084099811137333,0.0027963875560382467,0.0027963877715561957,0.02112104113137679,0.021121041502927405,0.02302156038695086,0.02302156081834859,0.006560896464703149,0.006560896603761955,0.005287886534121588,0.005287886682502877,0.0031446334476607357,0.0031446336502304498,0.004014702443832942,0.004014702616808203,0.015095654464054366,0.015095654675124871,0.016822966740501474,0.016822966978040043,0.0209001119326439,0.02090011222918986,0.033614492515403584,0.03361449349802039,0.026111784495240386,0.02611178497801109,0.026538581087110595,0.0265385817043199,0.027093281048432918,0.02709328169912977,0.006090377240876169,0.006090377377158256,0.03252408016341479,0.03252408156987286,0.03751169143690599,0.03751169296451591,0.0072326983875076085,0.0072326985106260224,0.005678217555711855,0.0056782176810669235,0.014529265728645739,0.014529265874850244,0.0047180886675655806,0.004718088808310936,0.01925471258722207,0.01925471288526794
2025-07-31,0.010432007512828589,3.1296022538485763e-06,0.005065699963237445,0.005065700280340269,0.0913357384160796,0.09133602793124265,0.0746917409714899,0.07469174118251139,0.1043466986807274,0.10434669797274239,0.3000000019169275,0.2947839988684982,0.023204251540339334,0.023204254899653335,0.023304257643451797,0.023304261356966637,0.015892339528751718,0.01589234066681859,0.002928903845421699,0.00292890414043459,0.02314405779625814,0.02314406167182757,0.023375689590846915,0.023375692475164182,0.006777973078293256,0.0067779735208454315,0.005785237256215275,0.005785237660211321,0.0033902253662101006,0.0033902256592830194,0.0042103174964400495,0.004210317828044119,0.015953398202823606,0.01595339924889756,0.017853721846231643,0.017853723125716963,0.021348043031867586,0.02134804467986864,0.033723123172354534,0.034287011721462604,0.026744739380589345,0.026744743970167194,0.02693167223338408,0.02693168969402932,0.027731347067093053,0.027731382674433713,0.005924960230043455,0.005924960612227616,0.029587948803729273,0.032049826156331784,0.03489416888130175,0.03708403458293816,0.007088336171835175,0.007088336604934338,0.005741330736630133,0.00574133110041826,0.014546635873577627,0.014546636496145345,0.0050999372342481275,0.005099937603701243,0.01937750404360053,0.019377505614143586
2025-08-29,0.011798341507956354,3.539502452386906e-06,0.005132726525262241,0.00513272769594699,0.08349706578349445,0.08938695777749885,0.07286634139534101,0.07286634322445722,0.10228931711350754,0.10228931716121209,0.3000000004768383,0.29410082972286017,0.024478910584210777,0.024478938228811836,0.025374971850910196,0.025375021344309908,0.01725445055027412,0.017254455462509574,0.0031022662579719964,0.003102267384492309,0.02711940706005122,0.027119732617549613,0.02249103150015017,0.022491042553623393,0.008646384323011359,0.008646386149610696,0.007884462192043312,0.00788446392098778,0.0036101045198186532,0.0036101056544556344,0.0053132128970952855,0.005313214247437312,0.016910700984880154,0.016910705228556255,0.01911711800717362,0.01911712383218399,0.021742656831287812,0.021742664189092688,0.032892204199067035,0.03289585603487802,0.026634532427390813,0.026634558946640106,0.02662459617733297,0.026624669124116113,0.027330674118868716,0.027330789318727046,0.006154255919895143,0.006154257285793094,0.028636272218539947,0.028636872542960923,0.03458786974641282,0.034592222285255075,0.0069332292184658825,0.006933230668624313,0.005361171404803748,0.0053611726314142525,0.01445602057321984,0.01445602285072685,0.004865907125515669,0.004865908393311935,0.018692138017165346,0.018692143521956226
2025-09-30,0.010824195882089445,3.2472587646268333e-06,0.0050756756763963495,0.005075676023656057,0.08165203781930809,0.08202502464275475,0.07138650862748573,0.0713865089594187,0.10024287141354074,0.10024287092365952,0.3000000016209205,0.294587904169757,0.024911306447269632,0.02491131236690119,0.026154973110752374,0.026154986904265928,0.017061010671291187,0.017061012031981463,0.003023334842658408,0.0030233351669936956,0.02857115315741853,0.030471925268166715,0.02129893393645555,0.021298935864705135,0.00922759701034134,0.009227597631428885,0.008035309997258445,0.00803531055817798,0.00442063558159629,0.004420635951845148,0.005614014966305155,0.0056140154004348675,0.016018604218024413,0.016018605350281285,0.01732970339237357,0.01732970467810894,0.02111175088391815,0.021111752580393394,0.033593771568790814,0.03447599553080334,0.030495805696640007,0.030496219745474357,0.02754473785739544,0.027544755585359997,0.027882731325864715,0.02788275300891891,0.006340451544864734,0.006340451957687994,0.027678764206377382,0.02767878330780925,0.035280013553790096,0.03753562204768133,0.006951311923247455,0.006951312369423941,0.0051927919076784216,0.005192792264763054,0.013835704814906945,0.013835705493536025,0.00481532252290795,0.004815322905405013,0.019253169704221754,0.019253171310206308
2025-10-31,0.006319243252944337,1.8957729758833008e-06,0.005040921354612141,0.0050409213772124525,0.07803444140342039,0.08119405138637913,0.07119332775052589,0.07119332784942166,0.09955584694882305,0.09955584694908262,0.30000000030211466,0.2968403786756427,0.025116090796922192,0.025116091104360947,0.02597181431998673,0.02597181468610196,0.01687912779471804,0.016879127918051504,0.0029950271179655682,0.00299502713732833,0.028467133178692417,0.028467133833922645,0.02210597707066896,0.022105977236292127,0.009001755975080888,0.009001756027625759,0.007972832571624976,0.007972832617375013,0.00466318949332849,0.0046631895204367335,0.0055199071019746415,0.005519907133422507,0.015671373628101688,0.015671373730456552,0.017399202294128554,0.017399202416269993,0.020275490094458747,0.02027549022535805,0.03255728698406679,0.03255728758093861,0.030859084669738624,0.03085908541517288,0.029702770460667348,0.029702771155855984,0.029877887404358056,0.029877888105027253,0.007438180543896092,0.0074381805822832485,0.02796686034325125,0.027966860776432158,0.03674818053687908,0.03674818643043118,0.007178391768429499,0.007178391803942848,0.004906800241516813,0.0049068002623997254,0.013766404740385891,0.013766404801829635,0.00530586243666538,0.005305862463656331,0.017828830672997176,0.017828830797289946
2025-11-28,0.0038637388350345352,1.1591216505103605e-06,0.005369542691742102,0.0050042655806099914,0.07837431470854508,0.07837431463972767,0.07141241821234856,0.07141241070741072,0.1002293938907964,0.10022939341732537,0.3000000011774095,0.30193187059492677,0.02420879311972846,0.02420879277389409,0.02456474784580408,0.024564747519460476,0.0164231244680158,0.016423123790657992,0.003928693945957693,0.0029870036943968844,0.026625401540796994,0.026625401282868468,0.02211080920435163,0.022110808655569143,0.008190206536249373,0.00819020467774138,0.007451806578434556,0.00745180415777812,0.00440425408379305,0.004403981905184,0.004987700542805408,0.004987651084502047,0.014617622808165438,0.01461762195834741,0.016624271354250247,0.016624270642943167,0.02041768596524147,0.020417685352121434,0.032258948996233154,0.032258948779446725,0.03554061106233047,0.03554061097615341,0.029363969673099215,0.02936396947041503,0.029564891607433672,0.029564891405328177,0.006989975054777464,0.006989971358086149,0.027619875556293916,0.027619875294559473,0.038260457610228664,0.03826045753683554,0.00719614954409267,0.0071961445826686544,0.0054800462965914265,0.004855622696614185,0.014378419734607694,0.014378418325969809,0.005046207013238788,0.005046078592990138,0.01835965917663705,0.018359658545467606
2025-12-31,0.01841453697451742,5.524361092355226e-06,0.00534462429611917,0.00534462460976878,0.07605436439154536,0.0760543657789133,0.0690631889301965,0.06906318932420936,0.09728837830559425,0.09728837849929708,0.300000001114676,0.29079273262741734,0.02421183275097882,0.0242118332347547,0.02558248467188069,0.025582485212469044,0.01668566354593277,0.016685663895064744,0.00401348957068908,0.0040134898606469585,0.027644088530040873,0.027644089173391586,0.021135545386931357,0.021135545877553688,0.008572430827651604,0.008572431166298116,0.007811658993196367,0.007811659334115603,0.004423208041672656,0.004423208349134597,0.005019671639596452,0.005019671962378875,0.014650940060849372,0.014650940382441552,0.018630816635350655,0.01863081698750519,0.01912707219371834,0.019127072509598872,0.030888631305136822,0.030888631873624436,0.046224771429815154,0.055432026552277996,0.02810213883786614,0.02810213946188275,0.028703774819032486,0.028703775463221455,0.006518242319386036,0.006518242655930238,0.027010413614955004,0.027010414164547143,0.03850644409250998,0.03850644576388728,0.007665532116031613,0.007665532457133902,0.005529208455737855,0.005529208780177364,0.013499144088130832,0.013499144350357739,0.004652185645219156,0.004652185961092051,0.017440053389558622,0.017440053730908373
2026-01-30,0.048721574834512886,1.4616472450353865e-05,0.005282476596917928,0.005282476083091165,0.06999082137130436,0.06999082122980066,0.06383309719727015,0.06383309701984372,0.08937986809968,0.08937986763676249,0.3000000001376559,0.2756392205742987,0.022779789144171222,0.02277978898320302,0.026813603725140925,0.02681360359145029,0.016817736956955057,0.016817736748981755,0.004024144830477923,0.004024144326549159,0.025871841669500985,0.025871841530969525,0.020164260068198502,0.020164259922146457,0.00897081474236015,0.008970814405496472,0.0076197107346793165,0.007619710360879455,0.00425725226512623,0.004257251765303587,0.005109593391255414,0.005109592920654361,0.013405031250663358,0.01340503098873775,0.018800228611029705,0.01880022841559116,0.017602278340884344,0.017602278114491075,0.030393402126301754,0.03039340198857295,0.06930693085580919,0.09366771818603249,0.02559736799732151,0.025597367851649965,0.02619824776902729,0.026198247625291573,0.006257052753447464,0.0062570523168925885,0.02555364733428348,0.02555364718527202,0.04494119279916583,0.04494119288619928,0.008007765829770898,0.008007765465115375,0.005295345041295086,0.0052953445427164625,0.012675876056811159,0.012675875706833362,0.004658477062714588,0.004658476562550963,0.020392145240780254,0.02039214506462275
2026-02-27,0.020072235939249075,6.021670781774722e-06,0.006932323437702437,0.0054089241676323835,0.07236119337335259,0.07236119337736671,0.06597574454184175,0.0659757443387661,0.09241024100462354,0.09241024090040996,0.30000000025194656,0.31003611806537407,0.02336049079740639,0.023360490449391213,0.027814469873890857,0.027814469647071346,0.01765782893092687,0.01765782833044247,0.006435994161674267,0.004330955216703864,0.02707335538445996,0.027073355140387362,0.02101313117909226,0.021013130715579646,0.009290962169669216,0.009290955522016133,0.0077346954936294,0.007734642662550445,0.006475748535014974,0.004490575002403906,0.006529697187118406,0.0051933514424995966,0.01331718179099542,0.01331718035403346,0.020455054001732236,0.020455053534034748,0.017517890790267717,0.017517890010827365,0.029280634028255287,0.029280633771954112,0.04595313371760862,0.04595313384163072,0.025532360585517066,0.025532360291995355,0.0265959359099864,0.02659593564028006,0.0071075142853919485,0.0071066709146785515,0.027418462137508214,0.027418461884641046,0.04254459088307132,0.04254459091123214,0.007747788235504715,0.007747753035277588,0.006870377994617297,0.0052991033206180715,0.013141731255894096,0.013141727739955754,0.0064948977366068,0.004980959961457998,0.018956570324693348,0.018956569808787817
2026-03-31,0.017368943679967698,5.210683103990309e-06,0.00818869042143629,0.006706690058337707,0.07460991152972181,0.07460991144193777,0.06802182329671923,0.06802182324347589,0.09533389021387742,0.09533389007395207,0.29999999999459376,0.30868447183457765,0.022823739839776112,0.022823739557878916,0.02590406794003149,0.025904067728736834,0.016618915141266618,0.016618914560677017,0.00755204833901862,0.006118661727155724,0.0272319351945968,0.027231935003211166,0.022305632406412763,0.022305632072535952,0.008247406390612744,0.008247260951330325,0.007770927574272329,0.007200168363705862,0.00781980911743159,0.0066939544768272515,0.007757837432366773,0.005832947385612391,0.012176008106684325,0.012176005729914889,0.01774976188561157,0.01774976136796859,0.017588740349222715,0.01758873972132831,0.028301840674434142,0.028301840454574692,0.03816933144362775,0.03816933137683567,0.024184810825540373,0.02418481056842154,0.024898957499750355,0.02489895725752595,0.007798904658586545,0.006368042125585943,0.02358135972472409,0.02358135945629707,0.038699892969847806,0.03869989290571245,0.007604395067027097,0.007545271856117227,0.009751185042123982,0.009750871408320884,0.014300688526635371,0.014300686049968809,0.007899641390870562,0.007242514433144637,0.027107847003179003,0.027107846808330942
2026-04-30,0.011414099262581417,3.424229778774425e-06,0.008362634485144196,0.008362634615125727,0.07333812921821735,0.0733382608157801,0.06126327639434913,0.0669700826575229,0.09367105964042081,0.09367107738954353,0.3000000003123042,0.2942929506810136,0.023960871932487447,0.02396087251692283,0.027345050456005878,0.027345051393802552,0.0175266566806148,0.017526656992861617,0.007971654876181736,0.007971655008198145,0.030200659452831354,0.03020066099836196,0.022175791581932634,0.022175792034918398,0.009541713327773031,0.009541713478105916,0.009038145633016444,0.009038145776418996,0.0081284787368895,0.008128478868200999,0.008810346146721857,0.00881034628661784,0.01238025641021404,0.012380256594745547,0.01828295417806129,0.01828295449945162,0.017052467482752014,0.017052467747880145,0.028821903159399375,0.028821903907890713,0.035987606908508905,0.035987620591560056,0.027441191425305742,0.027441192288321446,0.02709628429077936,0.02709628510817352,0.008506541133984446,0.00850654126953113,0.02485238947783903,0.024852390105430545,0.03784815875549049,0.03784822948571615,0.007777466413027343,0.007777466541606827,0.00927530344037665,0.009275303559240123,0.014210460955294702,0.01421046114585814,0.008058482181075285,0.008058482309012382,0.021074064913001015,0.021074065332186774
2026-05-29,0.0019300310934669577,5.790093280400873e-07,0.008222482774212262,0.008222482781565604,0.073322042609076,0.07332204537772483,0.060410743159217774,0.06137575428826327,0.09350502192647686,0.09350502199142591,0.30000000003879207,0.2990349844920587,0.024417409617353992,0.024417409645466476,0.02797308875816703,0.027973088803315522,0.018116065992777052,0.01811606600949148,0.00823291527094967,0.008232915278615057,0.03369931344282826,0.0336993137001818,0.02092154320906435,0.020921543228269203,0.012588759157581871,0.012588759168692086,0.010555317193118979,0.010555317202534087,0.00785640145093666,0.007856401458161353,0.010821131473662326,0.010821131483318513,0.011701839709666937,0.011701839719550269,0.01777553717137283,0.017775537187192988,0.015276251319585115,0.015276251331873969,0.027495090036589672,0.027495090065143245,0.03035918058292383,0.03035918064983092,0.030986834449105112,0.03098683451933617,0.028256145273596038,0.028256145315276704,0.009136080980400368,0.009136080988561343,0.025031758605456512,0.02503175863450383,0.035725624187083485,0.03572562501980078,0.007868963693425792,0.007868963700865822,0.00858471726919843,0.008584717275611685,0.013625706008338186,0.013625706018955377,0.007607599881448641,0.007607599888465652,0.01992643475759388,0.019926434775947535
2026-06-30,0.007351279159829877,2.205383747948963e-06,0.008160156642323103,0.008120214840119709,0.07428805736821324,0.07428805668707568,0.061218197073292506,0.06121819635779128,0.09468287931521346,0.09468287875856814,0.30000000056684917,0.30367564014676407,0.024831127010655277,0.024831124338323737,0.029355289924007506,0.029355288088358435,0.01833854453694648,0.018338539365629087,0.008110790937360566,0.008109061778337034,0.03489090937883101,0.03489090815343039,0.019838513061834134,0.019838508320316077,0.016145785648939617,0.01614577841722128,0.011015908248323259,0.01101587443057479,0.007623574506483932,0.007228615407332145,0.012669108972710827,0.012669092596498129,0.013017707166345411,0.0130176896801588,0.016506863806087388,0.01650685666732621,0.0143436123991052,0.014343598892273478,0.025748111982023543,0.025748108849421483,0.02385281227144753,0.02385280932291493,0.031035644180252484,0.03103564251621067,0.02805760873812987,0.02805760659963474,0.010589685142488016,0.01058963903980466,0.0243687607714184,0.024368757883887142,0.03343066431191362,0.03343066287958959,0.007726705600493781,0.007693927857576747,0.009939711524750051,0.00772212219132434,0.013278579698738418,0.013278553371253004,0.007741775042230683,0.0067533374153759184,0.019192914172591315,0.01919290914690804
2026-07-31,0.015652603287720744,4.695780986316223e-06,0.009598424636157099,0.00834376110327203,0.07613498873376043,0.07613498876648923,0.06287374704022286,0.0628737469954266,0.097121152670878,0.0971211526414551,0.3000000001433535,0.3078263017544849,0.0236304825882298,0.02363048180585604,0.025034009836713354,0.025034009160001893,0.015132074091049214,0.015132071497528661,0.008983020985273999,0.006563478019299595,0.027602264772223658,0.027602264239174782,0.02265641944183385,0.02265641858561775,0.010898144674761938,0.010898119985155353,0.008996155267248672,0.008956231281073018,0.009077718934427069,0.00647925440397448,0.009639586528242447,0.009639327160593281,0.013138648800616546,0.013138642254523278,0.01470922670971107,0.014709223582845175,0.016519086111129372,0.016519083600523118,0.029680258180560394,0.02968025760687417,0.026671828546111106,0.026671827950901554,0.02958100922008763,0.029581008758931278,0.02876514093683526,0.02876514042502365,0.00909809658988492,0.00908644626386015,0.025559284054833716,0.025559283375855373,0.03389897737042152,0.033898977059733784,0.009144032584682733,0.008064209629454377,0.010763493299756207,0.010751756790984189,0.014150089749667295,0.0141500843745269,0.009088229305847044,0.008678043723143609,0.02185440819547906,0.0218544072034161
2026-08-31,0.017045249776972176,5.113574933091652e-06,0.009307537544416516,0.009307537951208745,0.0690751293278197,0.07406029513970973,0.05810543106522656,0.061224636951352204,0.09442761129778067,0.09442761372026756,0.3000000009409158,0.2914773760524294,0.02331305985476955,0.02331306134382871,0.026252098165918343,0.02625210040368331,0.016420331281512632,0.01642033204250173,0.010170006581687936,0.01017000703914505,0.0282187156647281,0.02821871883233313,0.022988245525021146,0.02298824686186692,0.01147640571700164,0.011476406220613357,0.009080159486193435,0.009080159909996412,0.009062324331876719,0.009062324750742506,0.009847587900851613,0.009847588346827862,0.01273409065703581,0.012734091179227027,0.014947658314249834,0.014947658965896348,0.015396948205592936,0.015396948824295483,0.028272952652157173,0.028272954515262103,0.02828050426548172,0.028280507298692772,0.031469267163175996,0.03146927392333426,0.030667709327861066,0.030667714044420043,0.009742300454749312,0.009742300895758749,0.026649291526470935,0.026649293724807645,0.036886423905653935,0.0373046391192072,0.009140532918182136,0.009140533334363743,0.010791912062757888,0.010791912482075812,0.014877588776696296,0.014877589352845005,0.009919124078202607,0.009919124517089092,0.022479051006012135,0.022479052256217633
