date,selected_candidate_id,solver_name,solver_status,objective_value,failure_reason,fallback_used,inaccurate_solution,covariance_method,covariance_annualized,covariance_trading_days,covariance_fallback_used,covariance_fallback_method,covariance_failure_note,covariance_min_eigenvalue,covariance_max_eigenvalue,covariance_condition_number,covariance_point_in_time,covariance_psd_repaired,covariance_jitter_added,covariance_min_eigenvalue_before_repair,covariance_eigenvalue_floor,covariance_relative_floor,covariance_psd_notes,covariance_observations,covariance_assets,covariance_ewma_halflife,reference_solver_name,reference_solver_status,reference_problem_is_dcp,reference_covariance_scale,reference_max_risk_budget_error,ema_insufficient_history,ema_deviation_span,ema_valid_asset_count,group_bounds_point_in_time_relaxed,group_bounds_capacity_before_relaxation,effective_group_upper_bounds,cvar_effective_obs,cvar_total_obs,cvar_scale,cvar_limit_effective,cvar_active,cvar_inactive_reason,problem_is_dcp,final_turnover,predicted_volatility,final_cvar,final_max_risk_budget_error,reference_tracking_error,max_constraint_violation,group_exposure_bond,group_exposure_cash,group_exposure_commodity_gold,group_exposure_defensive,group_exposure_equity,scenario_cvar,relative_cvar_baseline,relative_cvar_weight_difference,information_cutoff,active_assets_json,inaccurate_ratio_overall
2018-01-05,candidate_03,CLARABEL,optimal,0.01919858424108391,,False,False,ewma,True,243,False,,,1.0720066853570164e-05,0.09525585616834507,8885.752063814927,True,False,0.0,1.0720066853558318e-05,9.525585616834507e-08,1e-06,symmetrized,78,18,60.0,CLARABEL,optimal,True,0.09525585616834507,7.78739342358059e-06,False,20,0,False,2.35,bond=0.70000000;cash=0.30000000;commodity_gold=0.40000000;defensive=0.25000000;equity=0.70000000,78,252,,,False,not_requested,True,0.0355193541191163,0.02838325819692443,,0.10913213002993603,0.27186424077076293,0.0,0.21158046709579628,0.2999999999502417,0.11809911192670569,0.03696796694219314,0.3333524540850632,0.003054393221801802,,,2018-01-04,"[""5年国债ETF"", ""10年国债ETF"", ""日利ETF"", ""沪深300ETF"", ""中证500ETF"", ""中证1000ETF"", ""创业板ETF"", ""红利ETF"", ""证券ETF"", ""军工ETF"", ""消费ETF"", ""恒生ETF"", ""白银LOF"", ""纳指ETF"", ""标普500ETF"", ""欧洲ETF"", ""黄金ETF"", ""原油ETF""]",0.0
2018-01-12,candidate_03,CLARABEL,optimal,0.019563067817095426,,False,False,ewma,True,243,False,,,1.3789781845581418e-05,0.08813021060369546,6390.979320092328,True,False,0.0,1.3789781845575945e-05,8.813021060369542e-08,1e-06,symmetrized,83,18,60.0,CLARABEL,optimal,True,0.08813021060369546,5.136594765045577e-06,False,20,0,False,2.35,bond=0.70000000;cash=0.30000000;commodity_gold=0.40000000;defensive=0.25000000;equity=0.70000000,83,252,,,False,not_requested,True,0.00291148677168408,0.027764842497093354,,0.11500987229512659,0.2793131907778811,0.0,0.21014068191827967,0.2999999999479776,0.11782684024697876,0.0373056464218932,0.33472683146487087,0.0030312420229953205,,,2018-01-11,"[""5年国债ETF"", ""10年国债ETF"", ""日利ETF"", ""沪深300ETF"", ""中证500ETF"", ""中证1000ETF"", ""创业板ETF"", ""红利ETF"", ""证券ETF"", ""军工ETF"", ""消费ETF"", ""恒生ETF"", ""白银LOF"", ""纳指ETF"", ""标普500ETF"", ""欧洲ETF"", ""黄金ETF"", ""原油ETF""]",0.0
2018-01-19,candidate_03,CLARABEL,optimal,0.019224230666803073,,False,False,ewma,True,243,False,,,1.3307397349449428e-05,0.09552484358887926,7178.326541277544,True,False,0.0,1.3307397349441309e-05,9.55248435888793e-08,1e-06,symmetrized,88,18,60.0,CLARABEL,optimal,True,0.09552484358887926,1.8881094683287358e-06,False,20,0,False,2.35,bond=0.70000000;cash=0.30000000;commodity_gold=0.40000000;defensive=0.25000000;equity=0.70000000,88,252,,,False,not_requested,True,0.0012742201259311721,0.0276640049991938,,0.11737821473107772,0.27711632213384096,4.861655522603314e-11,0.2093656479397794,0.30000000004861654,0.11799291547970053,0.037939828853507454,0.33470160767839624,0.002996109016109792,,,2018-01-18,"[""5年国债ETF"", ""10年国债ETF"", ""日利ETF"", ""沪深300ETF"", ""中证500ETF"", ""中证1000ETF"", ""创业板ETF"", ""红利ETF"", ""证券ETF"", ""军工ETF"", ""消费ETF"", ""恒生ETF"", ""白银LOF"", ""纳指ETF"", ""标普500ETF"", ""欧洲ETF"", ""黄金ETF"", ""原油ETF""]",0.0
2018-01-26,candidate_03,CLARABEL,optimal,0.023750724215470476,,False,False,ewma,True,243,False,,,1.2638052368384368e-05,0.09878172549600275,7816.214288138044,True,False,0.0,1.2638052368379977e-05,9.878172549600277e-08,1e-06,symmetrized,93,18,60.0,CLARABEL,optimal,True,0.09878172549600275,3.13944465309135e-06,False,20,0,False,2.35,bond=0.70000000;cash=0.30000000;commodity_gold=0.40000000;defensive=0.25000000;equity=0.70000000,93,252,,,False,not_requested,True,0.003747950949946119,0.02973098798018473,,0.11137421723005246,0.30773131664610653,1.6846413153359663e-10,0.20846658607442298,0.3000000001684641,0.11838831497719554,0.037550707065156744,0.3355943917147607,0.002973045693414908,,,2018-01-25,"[""5年国债ETF"", ""10年国债ETF"", ""日利ETF"", ""沪深300ETF"", ""中证500ETF"", ""中证1000ETF"", ""创业板ETF"", ""红利ETF"", ""证券ETF"", ""军工ETF"", ""消费ETF"", ""恒生ETF"", ""白银LOF"", ""纳指ETF"", ""标普500ETF"", ""欧洲ETF"", ""黄金ETF"", ""原油ETF""]",0.0
2018-02-02,candidate_03,CLARABEL,optimal,0.03503057715682299,,False,False,ewma,True,243,False,,,1.2236897377052742e-05,0.12516772213180782,10228.713886783815,True,False,0.0,1.223689737702256e-05,1.2516772213180783e-07,1e-06,symmetrized,98,18,60.0,CLARABEL,optimal,True,0.12516772213180782,6.587463680457484e-06,False,20,0,False,2.35,bond=0.70000000;cash=0.30000000;commodity_gold=0.40000000;defensive=0.25000000;equity=0.70000000,98,252,,,False,not_requested,True,0.009593888722503526,0.032920995863402344,,0.09284907584235293,0.3732871346068932,3.391453784473697e-10,0.21641553038771066,0.30000000033914537,0.11543486330539757,0.03770915163897466,0.33044045432877184,0.0037284736463554565,,,2018-02-01,"[""5年国债ETF"", ""10年国债ETF"", ""日利ETF"", ""沪深300ETF"", ""中证500ETF"", ""中证1000ETF"", ""创业板ETF"", ""红利ETF"", ""证券ETF"", ""军工ETF"", ""消费ETF"", ""恒生ETF"", ""白银LOF"", ""纳指ETF"", ""标普500ETF"", ""欧洲ETF"", ""黄金ETF"", ""原油ETF""]",0.0
2018-02-09,candidate_03,CLARABEL,optimal,0.026806345063152878,,False,False,ewma,True,243,False,,,1.3314441994790823e-05,0.12172434769023174,9142.279318791992,True,False,0.0,1.3314441994806084e-05,1.217243476902317e-07,1e-06,symmetrized,102,18,60.0,CLARABEL,optimal,True,0.12172434769023174,1.0734189647698678e-05,False,20,0,False,2.35,bond=0.70000000;cash=0.30000000;commodity_gold=0.40000000;defensive=0.25000000;equity=0.70000000,102,252,,,False,not_requested,True,0.009620858684931975,0.03443171665658171,,0.08414503446920509,0.326257822170429,4.2711417735930013e-10,0.22526924808087878,0.30000000042711417,0.11292690947370014,0.03678769700083835,0.3250161450174686,0.004392833800103982,,,2018-02-08,"[""5年国债ETF"", ""10年国债ETF"", ""日利ETF"", ""沪深300ETF"", ""中证500ETF"", ""中证1000ETF"", ""创业板ETF"", ""红利ETF"", ""证券ETF"", ""军工ETF"", ""消费ETF"", ""恒生ETF"", ""白银LOF"", ""纳指ETF"", ""标普500ETF"", ""欧洲ETF"", ""黄金ETF"", ""原油ETF""]",0.0
2018-02-14,candidate_03,CLARABEL,optimal,0.021235568668781218,,False,False,ewma,True,243,False,,,1.3416314643806125e-05,0.14200103090414345,10584.205474765062,True,False,0.0,1.341631464381543e-05,1.420010309041435e-07,1e-06,symmetrized,104,18,60.0,CLARABEL,optimal,True,0.14200103090414345,6.277955486119757e-06,False,20,0,False,2.35,bond=0.70000000;cash=0.30000000;commodity_gold=0.40000000;defensive=0.25000000;equity=0.70000000,104,252,,,False,not_requested,True,0.000931653447322529,0.0378908632892263,,0.09092374545836039,0.29131876770164034,9.755141139322632e-11,0.22507245633787887,0.3000000000975514,0.11288350742633252,0.035845641200579544,0.3261983949376578,0.004381583882095657,,,2018-02-13,"[""5年国债ETF"", ""10年国债ETF"", ""日利ETF"", ""沪深300ETF"", ""中证500ETF"", ""中证1000ETF"", ""创业板ETF"", ""红利ETF"", ""证券ETF"", ""军工ETF"", ""消费ETF"", ""恒生ETF"", ""白银LOF"", ""纳指ETF"", ""标普500ETF"", ""欧洲ETF"", ""黄金ETF"", ""原油ETF""]",0.0
2018-02-23,candidate_03,CLARABEL,optimal,0.020957507110790665,,False,False,ewma,True,243,False,,,1.6244496972986234e-05,0.15294184185581888,9414.994019830428,True,False,0.0,1.6244496972963652e-05,1.5294184185581888e-07,1e-06,symmetrized,105,18,60.0,CLARABEL,optimal,True,0.15294184185581888,2.992202628150642e-06,False,20,0,False,2.35,bond=0.70000000;cash=0.30000000;commodity_gold=0.40000000;defensive=0.25000000;equity=0.70000000,105,252,,,False,not_requested,True,0.004448464658175138,0.039073172429359086,,0.10032903444455464,0.2889096971597161,3.684486049593261e-11,0.22281222494304448,0.30000000003684485,0.11150895765912569,0.03634895636670771,0.3293298609942772,0.0043740449379193755,,,2018-02-22,"[""5年国债ETF"", ""10年国债ETF"", ""日利ETF"", ""沪深300ETF"", ""中证500ETF"", ""中证1000ETF"", ""创业板ETF"", ""红利ETF"", ""证券ETF"", ""军工ETF"", ""消费ETF"", ""恒生ETF"", ""白银LOF"", ""纳指ETF"", ""标普500ETF"", ""欧洲ETF"", ""黄金ETF"", ""原油ETF""]",0.0
2018-03-02,candidate_03,CLARABEL,optimal,0.019589018396841473,,False,False,ewma,True,243,False,,,1.5427044915613248e-05,0.14660919738271935,9503.388249964877,True,False,0.0,1.54270449156059e-05,1.4660919738271938e-07,1e-06,symmetrized,109,18,60.0,CLARABEL,optimal,True,0.14660919738271935,4.894810260724913e-06,False,20,0,False,2.35,bond=0.70000000;cash=0.30000000;commodity_gold=0.40000000;defensive=0.25000000;equity=0.70000000,109,252,,,False,not_requested,True,0.027892569606679747,0.03826503863387703,,0.09539485334872809,0.27584632847892593,0.0,0.23487561753689556,0.29999999982184533,0.11071573980141321,0.035693495040962996,0.3187151477988829,0.004316558357707092,,,2018-03-01,"[""5年国债ETF"", ""10年国债ETF"", ""日利ETF"", ""沪深300ETF"", ""中证500ETF"", ""中证1000ETF"", ""创业板ETF"", ""红利ETF"", ""证券ETF"", ""军工ETF"", ""消费ETF"", ""恒生ETF"", ""白银LOF"", ""纳指ETF"", ""标普500ETF"", ""欧洲ETF"", ""黄金ETF"", ""原油ETF""]",0.0
2018-03-09,candidate_03,CLARABEL,optimal,0.01978652117259153,,False,False,ewma,True,243,False,,,1.4465291697010345e-05,0.1469997637650181,10162.239852750408,True,False,0.0,1.446529169700676e-05,1.4699976376501815e-07,1e-06,symmetrized,114,18,60.0,CLARABEL,optimal,True,0.1469997637650181,5.69693432796517e-06,False,20,0,False,2.35,bond=0.70000000;cash=0.30000000;commodity_gold=0.40000000;defensive=0.25000000;equity=0.70000000,114,252,,,False,not_requested,True,0.0004259952794711426,0.03858404513058656,,0.0901515805820531,0.28126765522127334,6.29189977896516e-10,0.23425003018485197,0.30000000062918997,0.11172694317768954,0.03603751741683057,0.3179855085914379,0.004280535041483894,,,2018-03-08,"[""5年国债ETF"", ""10年国债ETF"", ""日利ETF"", ""沪深300ETF"", ""中证500ETF"", ""中证1000ETF"", ""创业板ETF"", ""红利ETF"", ""证券ETF"", ""军工ETF"", ""消费ETF"", ""恒生ETF"", ""白银LOF"", ""纳指ETF"", ""标普500ETF"", ""欧洲ETF"", ""黄金ETF"", ""原油ETF""]",0.0
2018-03-16,candidate_03,CLARABEL,optimal,0.021394567175334396,,False,False,ewma,True,243,False,,,1.3508638246341173e-05,0.15550593084176628,11511.591916667485,True,False,0.0,1.350863824636167e-05,1.5550593084176623e-07,1e-06,symmetrized,119,18,60.0,CLARABEL,optimal,True,0.15550593084176628,4.169199019299352e-06,False,20,0,False,2.35,bond=0.70000000;cash=0.30000000;commodity_gold=0.40000000;defensive=0.25000000;equity=0.70000000,119,252,,,False,not_requested,True,0.0018644573934919898,0.03941978387888735,,0.0792391140489462,0.29227876207652526,2.220446049250313e-16,0.23308574816002384,0.29999999995094767,0.11128856333802677,0.03569073408722929,0.3199349544637724,0.004268736564890231,,,2018-03-15,"[""5年国债ETF"", ""10年国债ETF"", ""日利ETF"", ""沪深300ETF"", ""中证500ETF"", ""中证1000ETF"", ""创业板ETF"", ""红利ETF"", ""证券ETF"", ""军工ETF"", ""消费ETF"", ""恒生ETF"", ""白银LOF"", ""纳指ETF"", ""标普500ETF"", ""欧洲ETF"", ""黄金ETF"", ""原油ETF""]",0.0
2018-03-23,candidate_03,CLARABEL,optimal,0.02210522262156697,,False,False,ewma,True,243,False,,,1.267570202718385e-05,0.14953002339863009,11796.587130081902,True,False,0.0,1.267570202717894e-05,1.4953002339863003e-07,1e-06,symmetrized,124,18,60.0,CLARABEL,optimal,True,0.14953002339863009,2.319096623803335e-06,False,20,0,False,2.35,bond=0.70000000;cash=0.30000000;commodity_gold=0.40000000;defensive=0.25000000;equity=0.70000000,124,252,,,False,not_requested,True,0.0026480142000648178,0.038201917220875334,,0.07776150646714498,0.2969947335109203,9.697709302258772e-11,0.23572505796855045,0.3000000000969771,0.11248099967290129,0.03516595871510566,0.3166279835464657,0.004210115827619862,,,2018-03-22,"[""5年国债ETF"", ""10年国债ETF"", ""日利ETF"", ""沪深300ETF"", ""中证500ETF"", ""中证1000ETF"", ""创业板ETF"", ""红利ETF"", ""证券ETF"", ""军工ETF"", ""消费ETF"", ""恒生ETF"", ""白银LOF"", ""纳指ETF"", ""标普500ETF"", ""欧洲ETF"", ""黄金ETF"", ""原油ETF""]",0.0
2018-03-30,candidate_03,CLARABEL,optimal,0.023140546990685844,,False,False,ewma,True,243,False,,,1.2274804727683797e-05,0.166951672586004,13601.167292663487,True,False,0.0,1.2274804727680407e-05,1.6695167258600376e-07,1e-06,symmetrized,128,18,60.0,CLARABEL,optimal,True,0.166951672586004,9.39569947119856e-06,False,20,0,False,2.35,bond=0.70000000;cash=0.30000000;commodity_gold=0.40000000;defensive=0.25000000;equity=0.70000000,128,252,,,False,not_requested,True,0.005639357001165343,0.039726749274988545,,0.0825429465782165,0.30348685667463227,5.873903030639838e-10,0.24018752681220268,0.3000000005873903,0.1115304342556893,0.03452297659660297,0.31375906174811463,0.0046197776399425254,,,2018-03-29,"[""5年国债ETF"", ""10年国债ETF"", ""日利ETF"", ""沪深300ETF"", ""中证500ETF"", ""中证1000ETF"", ""创业板ETF"", ""红利ETF"", ""证券ETF"", ""军工ETF"", ""消费ETF"", ""恒生ETF"", ""白银LOF"", ""纳指ETF"", ""标普500ETF"", ""欧洲ETF"", ""黄金ETF"", ""原油ETF""]",0.0
2018-04-04,candidate_03,CLARABEL,optimal,0.020309975499031314,,False,False,ewma,True,243,False,,,1.2810759488918975e-05,0.1676022074381559,13082.925144534025,True,False,0.0,1.28107594888953e-05,1.6760220743815599e-07,1e-06,symmetrized,131,18,60.0,CLARABEL,optimal,True,0.1676022074381559,4.788835306648864e-06,False,20,0,False,2.35,bond=0.70000000;cash=0.30000000;commodity_gold=0.40000000;defensive=0.25000000;equity=0.70000000,131,252,,,False,not_requested,True,0.00026460271486916827,0.03938031302921832,,0.09040187004462055,0.2849884493372982,1.4886128996138837e-09,0.24087895834570539,0.3000000014886129,0.11223086275942222,0.03373998508951224,0.31315019231674734,0.004587461930510437,,,2018-04-03,"[""5年国债ETF"", ""10年国债ETF"", ""日利ETF"", ""沪深300ETF"", ""中证500ETF"", ""中证1000ETF"", ""创业板ETF"", ""红利ETF"", ""证券ETF"", ""军工ETF"", ""消费ETF"", ""恒生ETF"", ""白银LOF"", ""纳指ETF"", ""标普500ETF"", ""欧洲ETF"", ""黄金ETF"", ""原油ETF""]",0.0
2018-04-13,candidate_03,CLARABEL,optimal,0.021330015027486365,,False,False,ewma,True,243,False,,,1.3025068328028085e-05,0.15906755023549132,12212.415799247723,True,False,0.0,1.3025068328048617e-05,1.5906755023549124e-07,1e-06,symmetrized,136,18,60.0,CLARABEL,optimal,True,0.15906755023549132,4.701187213886071e-06,False,20,0,False,2.35,bond=0.70000000;cash=0.30000000;commodity_gold=0.40000000;defensive=0.25000000;equity=0.70000000,136,252,,,False,not_requested,True,0.0035330080492940426,0.038870341183486645,,0.07889430397278634,0.29160449217449097,1.6300016891790392e-10,0.24020530397885964,0.30000000016300016,0.11388924753293111,0.03402355019646591,0.31188189812874323,0.004562304987211916,,,2018-04-12,"[""5年国债ETF"", ""10年国债ETF"", ""日利ETF"", ""沪深300ETF"", ""中证500ETF"", ""中证1000ETF"", ""创业板ETF"", ""红利ETF"", ""证券ETF"", ""军工ETF"", ""消费ETF"", ""恒生ETF"", ""白银LOF"", ""纳指ETF"", ""标普500ETF"", ""欧洲ETF"", ""黄金ETF"", ""原油ETF""]",0.0
2018-04-20,candidate_03,CLARABEL,optimal,0.027471060415539206,,False,False,ewma,True,243,False,,,1.3150672125515969e-05,0.16279850289722111,12379.481546144447,True,False,0.0,1.3150672125507478e-05,1.6279850289722128e-07,1e-06,symmetrized,140,18,60.0,CLARABEL,optimal,True,0.16279850289722111,6.289445153330464e-06,False,20,0,False,2.35,bond=0.70000000;cash=0.30000000;commodity_gold=0.40000000;defensive=0.25000000;equity=0.70000000,140,252,,,False,not_requested,True,0.0025081653547803324,0.03879173979091665,,0.08198941014612778,0.33118058311946463,7.43818007187258e-10,0.2407094437796184,0.300000000743818,0.11574152767354663,0.03305889257038278,0.3104901352326343,0.004553276187420663,,,2018-04-19,"[""5年国债ETF"", ""10年国债ETF"", ""日利ETF"", ""沪深300ETF"", ""中证500ETF"", ""中证1000ETF"", ""创业板ETF"", ""红利ETF"", ""证券ETF"", ""军工ETF"", ""消费ETF"", ""恒生ETF"", ""白银LOF"", ""纳指ETF"", ""标普500ETF"", ""欧洲ETF"", ""黄金ETF"", ""原油ETF""]",0.0
2018-04-27,candidate_03,CLARABEL,optimal,0.03286227836658306,,False,False,ewma,True,243,False,,,1.2782879462787372e-05,0.18750993153041512,14668.833581375851,True,False,0.0,1.2782879462780406e-05,1.875099315304151e-07,1e-06,symmetrized,145,18,60.0,CLARABEL,optimal,True,0.18750993153041512,4.753748834046556e-06,False,20,0,False,2.35,bond=0.70000000;cash=0.30000000;commodity_gold=0.40000000;defensive=0.25000000;equity=0.70000000,145,252,,,False,not_requested,True,0.0049020610720728166,0.04089853840520834,,0.08642547235262885,0.3620097596851223,7.800727286344511e-10,0.24251315749264177,0.3000000007800727,0.11551633287751051,0.03286495129387038,0.3091055575559048,0.004565875717677767,,,2018-04-26,"[""5年国债ETF"", ""10年国债ETF"", ""日利ETF"", ""沪深300ETF"", ""中证500ETF"", ""中证1000ETF"", ""创业板ETF"", ""红利ETF"", ""证券ETF"", ""军工ETF"", ""消费ETF"", ""恒生ETF"", ""白银LOF"", ""纳指ETF"", ""标普500ETF"", ""欧洲ETF"", ""黄金ETF"", ""原油ETF""]",0.0
2018-05-04,candidate_03,CLARABEL,optimal,0.029286604003915567,,False,False,ewma,True,243,False,,,1.3444409782222713e-05,0.1851456022709692,13771.196004140227,True,False,0.0,1.3444409782217589e-05,1.8514560227096906e-07,1e-06,symmetrized,147,18,60.0,CLARABEL,optimal,True,0.1851456022709692,6.321990208266182e-06,False,20,0,False,2.35,bond=0.70000000;cash=0.30000000;commodity_gold=0.40000000;defensive=0.25000000;equity=0.70000000,147,252,,,False,not_requested,True,0.0025657391717053427,0.04090459275296017,,0.08800390445489924,0.3419621002317651,2.4012558608177414e-10,0.2413283176705397,0.3000000002401256,0.11517878441326995,0.03307988714224167,0.31041301053382314,0.004568598067932979,,,2018-05-03,"[""5年国债ETF"", ""10年国债ETF"", ""日利ETF"", ""沪深300ETF"", ""中证500ETF"", ""中证1000ETF"", ""创业板ETF"", ""红利ETF"", ""证券ETF"", ""军工ETF"", ""消费ETF"", ""恒生ETF"", ""白银LOF"", ""纳指ETF"", ""标普500ETF"", ""欧洲ETF"", ""黄金ETF"", ""原油ETF""]",0.0
2018-05-11,candidate_03,CLARABEL,optimal,0.031213303615408264,,False,False,ewma,True,243,False,,,1.3062991898497187e-05,0.18440234406549086,14116.394276161585,True,False,0.0,1.306299189844709e-05,1.8440234406549078e-07,1e-06,symmetrized,152,18,60.0,CLARABEL,optimal,True,0.18440234406549086,5.324838304732182e-06,False,20,0,False,2.35,bond=0.70000000;cash=0.30000000;commodity_gold=0.40000000;defensive=0.25000000;equity=0.70000000,152,252,,,False,not_requested,True,0.005497713201433402,0.041677377323736706,,0.08472114465844267,0.3527134816670277,9.745798612570411e-11,0.23802490541283833,0.300000000097458,0.11596438153625283,0.033577814821622864,0.312432898131828,0.0045708861616107314,,,2018-05-10,"[""5年国债ETF"", ""10年国债ETF"", ""日利ETF"", ""沪深300ETF"", ""中证500ETF"", ""中证1000ETF"", ""创业板ETF"", ""红利ETF"", ""证券ETF"", ""军工ETF"", ""消费ETF"", ""恒生ETF"", ""白银LOF"", ""纳指ETF"", ""标普500ETF"", ""欧洲ETF"", ""黄金ETF"", ""原油ETF""]",0.0
2018-05-18,candidate_03,CLARABEL,optimal,0.03098627793498845,,False,False,ewma,True,243,False,,,1.2601512322250028e-05,0.17952030598307472,14245.93345562995,True,False,0.0,1.260151232225568e-05,1.7952030598307478e-07,1e-06,symmetrized,156,18,60.0,CLARABEL,optimal,True,0.17952030598307472,7.20223028866096e-06,False,20,0,False,2.35,bond=0.70000000;cash=0.30000000;commodity_gold=0.40000000;defensive=0.25000000;equity=0.70000000,156,252,,,False,not_requested,True,0.0006753227569557124,0.04085409123334175,,0.08345442200526891,0.351980504477292,1.3460949022103819e-10,0.23869856017459573,0.3000000001346095,0.11548527535094717,0.033510521764864486,0.3123056425749832,0.0045453037165704485,,,2018-05-17,"[""5年国债ETF"", ""10年国债ETF"", ""日利ETF"", ""沪深300ETF"", ""中证500ETF"", ""中证1000ETF"", ""创业板ETF"", ""红利ETF"", ""证券ETF"", ""军工ETF"", ""消费ETF"", ""恒生ETF"", ""白银LOF"", ""纳指ETF"", ""标普500ETF"", ""欧洲ETF"", ""黄金ETF"", ""原油ETF""]",0.0
2018-05-25,candidate_03,CLARABEL,optimal,0.030614313312399413,,False,False,ewma,True,243,False,,,1.2141676440950592e-05,0.1796186675687984,14793.564005954993,True,False,0.0,1.2141676440963684e-05,1.7961866756879837e-07,1e-06,symmetrized,161,18,60.0,CLARABEL,optimal,True,0.1796186675687984,3.7841434940566465e-06,False,20,0,False,2.35,bond=0.70000000;cash=0.30000000;commodity_gold=0.40000000;defensive=0.25000000;equity=0.70000000,161,252,,,False,not_requested,True,0.00017520989013369414,0.04116763898028556,,0.0825932602530083,0.34991859940065895,6.590483714319362e-11,0.23930302380051088,0.3000000000659048,0.11617319930172376,0.03322920752182887,0.31129456931003163,0.004691546688550264,,,2018-05-24,"[""5年国债ETF"", ""10年国债ETF"", ""日利ETF"", ""沪深300ETF"", ""中证500ETF"", ""中证1000ETF"", ""创业板ETF"", ""红利ETF"", ""证券ETF"", ""军工ETF"", ""消费ETF"", ""恒生ETF"", ""白银LOF"", ""纳指ETF"", ""标普500ETF"", ""欧洲ETF"", ""黄金ETF"", ""原油ETF""]",0.0
2018-06-01,candidate_03,CLARABEL,optimal,0.027825684950055305,,False,False,ewma,True,243,False,,,1.186368325998202e-05,0.18887299602849428,15920.266235157438,True,False,0.0,1.1863683259952927e-05,1.8887299602849444e-07,1e-06,symmetrized,165,18,60.0,CLARABEL,optimal,True,0.18887299602849428,2.304877483864931e-06,False,20,0,False,2.35,bond=0.70000000;cash=0.30000000;commodity_gold=0.40000000;defensive=0.25000000;equity=0.70000000,165,252,,,False,not_requested,True,0.0021577171054636326,0.04101320337394898,,0.08177007652645978,0.3333579655134366,1.6047669859631242e-09,0.24170784283959007,0.300000001604767,0.11689966228959237,0.033315044245430185,0.3080774490206204,0.004727338922575819,,,2018-05-31,"[""5年国债ETF"", ""10年国债ETF"", ""日利ETF"", ""沪深300ETF"", ""中证500ETF"", ""中证1000ETF"", ""创业板ETF"", ""红利ETF"", ""证券ETF"", ""军工ETF"", ""消费ETF"", ""恒生ETF"", ""白银LOF"", ""纳指ETF"", ""标普500ETF"", ""欧洲ETF"", ""黄金ETF"", ""原油ETF""]",0.0
2018-06-08,candidate_03,CLARABEL,optimal,0.028227540230281605,,False,False,ewma,True,243,False,,,1.1472544345025523e-05,0.18299461816065732,15950.656860176225,True,False,0.0,1.1472544345031391e-05,1.8299461816065724e-07,1e-06,symmetrized,170,18,60.0,CLARABEL,optimal,True,0.18299461816065732,5.819951069990781e-06,False,20,0,False,2.35,bond=0.70000000;cash=0.30000000;commodity_gold=0.40000000;defensive=0.25000000;equity=0.70000000,170,252,,,False,not_requested,True,0.001074693112551624,0.040319846951391965,,0.0811798949596894,0.33589119643180165,3.600378883916733e-10,0.2404273747521392,0.3000000003600379,0.11548199793407837,0.03325771744449078,0.3108329095092539,0.004703964720302516,,,2018-06-07,"[""5年国债ETF"", ""10年国债ETF"", ""日利ETF"", ""沪深300ETF"", ""中证500ETF"", ""中证1000ETF"", ""创业板ETF"", ""红利ETF"", ""证券ETF"", ""军工ETF"", ""消费ETF"", ""恒生ETF"", ""白银LOF"", ""纳指ETF"", ""标普500ETF"", ""欧洲ETF"", ""黄金ETF"", ""原油ETF""]",0.0
2018-06-15,candidate_03,CLARABEL,optimal,0.030116064258278383,,False,False,ewma,True,243,False,,,1.085432916455232e-05,0.18527624742643584,17069.34114652653,True,False,0.0,1.0854329164539675e-05,1.85276247426436e-07,1e-06,symmetrized,175,18,60.0,CLARABEL,optimal,True,0.18527624742643584,3.829903131045975e-06,False,20,0,False,2.35,bond=0.70000000;cash=0.30000000;commodity_gold=0.40000000;defensive=0.25000000;equity=0.70000000,175,252,,,False,not_requested,True,0.002412284860384556,0.040122720432752106,,0.07790141712500283,0.3467973176113828,7.187900274985282e-11,0.2410939228244696,0.300000000071879,0.11760746716537701,0.0331028026447404,0.30819580729353396,0.0046535275559511785,,,2018-06-14,"[""5年国债ETF"", ""10年国债ETF"", ""日利ETF"", ""沪深300ETF"", ""中证500ETF"", ""中证1000ETF"", ""创业板ETF"", ""红利ETF"", ""证券ETF"", ""军工ETF"", ""消费ETF"", ""恒生ETF"", ""白银LOF"", ""纳指ETF"", ""标普500ETF"", ""欧洲ETF"", ""黄金ETF"", ""原油ETF""]",0.0
2018-06-22,candidate_03,CLARABEL,optimal,0.028311421942211108,,False,False,ewma,True,243,False,,,1.0625597463533356e-05,0.19481287379803744,18334.29832690611,True,False,0.0,1.0625597463524148e-05,1.9481287379803757e-07,1e-06,symmetrized,178,18,60.0,CLARABEL,optimal,True,0.19481287379803744,4.076985737365424e-06,False,20,0,False,2.35,bond=0.70000000;cash=0.30000000;commodity_gold=0.40000000;defensive=0.25000000;equity=0.70000000,178,252,,,False,not_requested,True,0.005561276486114623,0.03980220559526056,,0.07281659685361899,0.33584834690403337,3.747257504294055e-10,0.24390978180263218,0.30000000037472574,0.11859312651174966,0.03228428526193055,0.30521280604896195,0.004611469923467374,,,2018-06-21,"[""5年国债ETF"", ""10年国债ETF"", ""日利ETF"", ""沪深300ETF"", ""中证500ETF"", ""中证1000ETF"", ""创业板ETF"", ""红利ETF"", ""证券ETF"", ""军工ETF"", ""消费ETF"", ""恒生ETF"", ""白银LOF"", ""纳指ETF"", ""标普500ETF"", ""欧洲ETF"", ""黄金ETF"", ""原油ETF""]",0.0
2018-06-29,candidate_03,CLARABEL,optimal,0.02998178254902856,,False,False,ewma,True,243,False,,,1.0157498934491908e-05,0.1917777619102119,18880.411718182953,True,False,0.0,1.0157498934483776e-05,1.91777761910212e-07,1e-06,symmetrized,183,18,60.0,CLARABEL,optimal,True,0.1917777619102119,1.848610236679371e-06,False,20,0,False,2.35,bond=0.70000000;cash=0.30000000;commodity_gold=0.40000000;defensive=0.25000000;equity=0.70000000,183,252,,,False,not_requested,True,0.004023953017953907,0.039191770767069624,,0.07247197126598348,0.34583288624862785,2.133972498707948e-09,0.24566536706411898,0.3000000021339725,0.12143726219820951,0.0311110475343345,0.30178632106936465,0.0045650048807614725,,,2018-06-28,"[""5年国债ETF"", ""10年国债ETF"", ""日利ETF"", ""沪深300ETF"", ""中证500ETF"", ""中证1000ETF"", ""创业板ETF"", ""红利ETF"", ""证券ETF"", ""军工ETF"", ""消费ETF"", ""恒生ETF"", ""白银LOF"", ""纳指ETF"", ""标普500ETF"", ""欧洲ETF"", ""黄金ETF"", ""原油ETF""]",0.0
2018-07-06,candidate_03,CLARABEL,optimal,0.03070402453151709,,False,False,ewma,True,243,False,,,1.2262249824583925e-05,0.2047557389387994,16698.05638181467,True,False,0.0,1.2262249824574162e-05,2.0475573893879916e-07,1e-06,symmetrized,187,18,60.0,CLARABEL,optimal,True,0.2047557389387994,7.834714254265074e-06,False,20,0,False,2.35,bond=0.70000000;cash=0.30000000;commodity_gold=0.40000000;defensive=0.25000000;equity=0.70000000,187,252,,,False,not_requested,True,0.0005480848760141118,0.03986537100569777,,0.06987672039872556,0.35038777609119887,1.6096751709326895e-10,0.2459313964711571,0.3000000001609675,0.12152195293152056,0.0305108192542002,0.3020358311821545,0.004667970630886608,,,2018-07-05,"[""5年国债ETF"", ""10年国债ETF"", ""日利ETF"", ""沪深300ETF"", ""中证500ETF"", ""中证1000ETF"", ""创业板ETF"", ""红利ETF"", ""证券ETF"", ""军工ETF"", ""消费ETF"", ""恒生ETF"", ""白银LOF"", ""纳指ETF"", ""标普500ETF"", ""欧洲ETF"", ""黄金ETF"", ""原油ETF""]",0.0
2018-07-13,candidate_03,CLARABEL,optimal,0.02817384308455555,,False,False,ewma,True,243,False,,,1.817687336552738e-05,0.24117158180959253,13268.045442126302,True,False,0.0,1.817687336557936e-05,2.411715818095925e-07,1e-06,symmetrized,192,18,60.0,CLARABEL,optimal,True,0.24117158180959253,4.387447775922038e-06,False,20,0,False,2.35,bond=0.70000000;cash=0.30000000;commodity_gold=0.40000000;defensive=0.25000000;equity=0.70000000,192,252,,,False,not_requested,True,0.008632602067069178,0.04307495530872767,,0.0787882686576934,0.33465565145441095,4.963138233726738e-10,0.24240159161130487,0.3000000004963138,0.12087534226444724,0.031149676191242558,0.3055733894366917,0.004757130943182049,,,2018-07-12,"[""5年国债ETF"", ""10年国债ETF"", ""日利ETF"", ""沪深300ETF"", ""中证500ETF"", ""中证1000ETF"", ""创业板ETF"", ""红利ETF"", ""证券ETF"", ""军工ETF"", ""消费ETF"", ""恒生ETF"", ""白银LOF"", ""纳指ETF"", ""标普500ETF"", ""欧洲ETF"", ""黄金ETF"", ""原油ETF""]",0.0
2018-07-20,candidate_03,CLARABEL,optimal,0.029650031356535145,,False,False,ewma,True,243,False,,,1.7825277275718193e-05,0.22881363490045808,12836.469882695781,True,False,0.0,1.7825277275696967e-05,2.288136349004582e-07,1e-06,symmetrized,197,18,60.0,CLARABEL,optimal,True,0.22881363490045808,3.362405313137029e-06,False,20,0,False,2.35,bond=0.70000000;cash=0.30000000;commodity_gold=0.40000000;defensive=0.25000000;equity=0.70000000,197,252,,,False,not_requested,True,0.0007273456484716764,0.04196769536530113,,0.07448074272388178,0.3442979305187364,2.3741159593804184e-09,0.24420520398565704,0.30000000237411595,0.11965298765825186,0.03089096574439597,0.3052508402375792,0.0047072704369205175,,,2018-07-19,"[""5年国债ETF"", ""10年国债ETF"", ""日利ETF"", ""沪深300ETF"", ""中证500ETF"", ""中证1000ETF"", ""创业板ETF"", ""红利ETF"", ""证券ETF"", ""军工ETF"", ""消费ETF"", ""恒生ETF"", ""白银LOF"", ""纳指ETF"", ""标普500ETF"", ""欧洲ETF"", ""黄金ETF"", ""原油ETF""]",0.0
2018-07-27,candidate_03,CLARABEL,optimal,0.02935654755780309,,False,False,ewma,True,243,False,,,1.6872249932377248e-05,0.2316299267276863,13728.455164903451,True,False,0.0,1.6872249932363028e-05,2.316299267276863e-07,1e-06,symmetrized,202,18,60.0,CLARABEL,optimal,True,0.2316299267276863,2.320960978192954e-06,False,20,0,False,2.35,bond=0.70000000;cash=0.30000000;commodity_gold=0.40000000;defensive=0.25000000;equity=0.70000000,202,252,,,False,not_requested,True,0.0050673920366487,0.04209181391011557,,0.07313659015739364,0.34207414108324014,1.1810358246933106e-10,0.2415842790518944,0.30000000011810357,0.12006038618191428,0.031855174894883403,0.3065001597532045,0.004713749491157621,,,2018-07-26,"[""5年国债ETF"", ""10年国债ETF"", ""日利ETF"", ""沪深300ETF"", ""中证500ETF"", ""中证1000ETF"", ""创业板ETF"", ""红利ETF"", ""证券ETF"", ""军工ETF"", ""消费ETF"", ""恒生ETF"", ""白银LOF"", ""纳指ETF"", ""标普500ETF"", ""欧洲ETF"", ""黄金ETF"", ""原油ETF""]",0.0
2018-08-03,candidate_03,CLARABEL,optimal,0.027587012450920236,,False,False,ewma,True,243,False,,,1.603582242149326e-05,0.2470043929454268,15403.288116633164,True,False,0.0,1.6035822421497167e-05,2.4700439294542697e-07,1e-06,symmetrized,207,18,60.0,CLARABEL,optimal,True,0.2470043929454268,4.573043745122879e-06,False,20,0,False,2.35,bond=0.70000000;cash=0.30000000;commodity_gold=0.40000000;defensive=0.25000000;equity=0.70000000,207,252,,,False,not_requested,True,0.007460151252857467,0.041998408644605675,,0.06994954219540465,0.33127373201319305,1.1187860082806367e-09,0.2492286826242924,0.300000001118786,0.12082890453329667,0.031130921750887556,0.2988114899727375,0.004849885115635597,,,2018-08-02,"[""5年国债ETF"", ""10年国债ETF"", ""日利ETF"", ""沪深300ETF"", ""中证500ETF"", ""中证1000ETF"", ""创业板ETF"", ""红利ETF"", ""证券ETF"", ""军工ETF"", ""消费ETF"", ""恒生ETF"", ""白银LOF"", ""纳指ETF"", ""标普500ETF"", ""欧洲ETF"", ""黄金ETF"", ""原油ETF""]",0.0
2018-08-10,candidate_03,CLARABEL,optimal,0.028608179786107343,,False,False,ewma,True,243,False,,,1.5243986460875656e-05,0.28002855829325995,18369.77217291325,True,False,0.0,1.5243986460900312e-05,2.8002855829325986e-07,1e-06,symmetrized,212,18,60.0,CLARABEL,optimal,True,0.28002855829325995,1.7167388625949354e-07,False,20,0,False,2.35,bond=0.70000000;cash=0.30000000;commodity_gold=0.40000000;defensive=0.25000000;equity=0.70000000,212,252,,,False,not_requested,True,0.001151222588196353,0.043397235864857255,,0.07477484948488435,0.33814085803148336,3.5689767807767225e-10,0.24822940526707699,0.30000000035689767,0.1199891727666461,0.03147458935287876,0.3003068322565006,0.004925452671244377,,,2018-08-09,"[""5年国债ETF"", ""10年国债ETF"", ""日利ETF"", ""沪深300ETF"", ""中证500ETF"", ""中证1000ETF"", ""创业板ETF"", ""红利ETF"", ""证券ETF"", ""军工ETF"", ""消费ETF"", ""恒生ETF"", ""白银LOF"", ""纳指ETF"", ""标普500ETF"", ""欧洲ETF"", ""黄金ETF"", ""原油ETF""]",0.0
2018-08-17,candidate_03,CLARABEL,optimal,0.03368930552019537,,False,False,ewma,True,243,False,,,1.4641214155630547e-05,0.27820793142076217,19001.69811489112,True,False,0.0,1.4641214155661303e-05,2.7820793142076215e-07,1e-06,symmetrized,216,18,60.0,CLARABEL,optimal,True,0.27820793142076217,7.4596475535260165e-06,False,20,0,False,2.35,bond=0.70000000;cash=0.30000000;commodity_gold=0.40000000;defensive=0.25000000;equity=0.70000000,216,252,,,False,not_requested,True,0.008127225407698687,0.044038566545824144,,0.07277697200715176,0.3661929701368739,7.078848618391476e-11,0.25130959715374157,0.3000000000707885,0.1175071444841865,0.030787761782319425,0.300395496508964,0.005049209791974923,,,2018-08-16,"[""5年国债ETF"", ""10年国债ETF"", ""日利ETF"", ""沪深300ETF"", ""中证500ETF"", ""中证1000ETF"", ""创业板ETF"", ""红利ETF"", ""证券ETF"", ""军工ETF"", ""消费ETF"", ""恒生ETF"", ""白银LOF"", ""纳指ETF"", ""标普500ETF"", ""欧洲ETF"", ""黄金ETF"", ""原油ETF""]",0.0
2018-08-24,candidate_03,CLARABEL,optimal,0.034105064820124285,,False,False,ewma,True,243,False,,,1.436517083525674e-05,0.2756473977624459,19188.59169331413,True,False,0.0,1.4365170835276363e-05,2.75647397762446e-07,1e-06,symmetrized,219,18,60.0,CLARABEL,optimal,True,0.2756473977624459,6.844055452537301e-06,False,20,0,False,2.35,bond=0.70000000;cash=0.30000000;commodity_gold=0.40000000;defensive=0.25000000;equity=0.70000000,219,252,,,False,not_requested,True,0.0029391003744075137,0.044189496190152756,,0.07102374041636215,0.3690279180903796,7.154027370503968e-11,0.24912984228648297,0.30000000007154026,0.11875863093453021,0.03089863763635118,0.3012128890710952,0.005068453902671342,,,2018-08-23,"[""5年国债ETF"", ""10年国债ETF"", ""日利ETF"", ""沪深300ETF"", ""中证500ETF"", ""中证1000ETF"", ""创业板ETF"", ""红利ETF"", ""证券ETF"", ""军工ETF"", ""消费ETF"", ""恒生ETF"", ""白银LOF"", ""纳指ETF"", ""标普500ETF"", ""欧洲ETF"", ""黄金ETF"", ""原油ETF""]",0.0
2018-08-31,candidate_03,CLARABEL,optimal,0.03711989502074692,,False,False,ewma,True,243,False,,,1.3697976690787265e-05,0.27946328948030585,20401.793329686578,True,False,0.0,1.3697976690814907e-05,2.794632894803059e-07,1e-06,symmetrized,224,18,60.0,CLARABEL,optimal,True,0.27946328948030585,4.025379762684356e-06,False,20,0,False,2.35,bond=0.70000000;cash=0.30000000;commodity_gold=0.40000000;defensive=0.25000000;equity=0.70000000,224,252,,,False,not_requested,True,0.0036202380513683484,0.04413467339834814,,0.07198215901608797,0.38494884952841407,1.078847011726225e-10,0.24655019152175067,0.3000000001078847,0.11898486637714009,0.031151357151720176,0.3033135848415045,0.005074328315963081,,,2018-08-30,"[""5年国债ETF"", ""10年国债ETF"", ""日利ETF"", ""沪深300ETF"", ""中证500ETF"", ""中证1000ETF"", ""创业板ETF"", ""红利ETF"", ""证券ETF"", ""军工ETF"", ""消费ETF"", ""恒生ETF"", ""白银LOF"", ""纳指ETF"", ""标普500ETF"", ""欧洲ETF"", ""黄金ETF"", ""原油ETF""]",0.0
2018-09-07,candidate_03,CLARABEL,optimal,0.03543597176913923,,False,False,ewma,True,243,False,,,1.3056586522796737e-05,0.27468086526388125,21037.724123704902,True,False,0.0,1.3056586522788664e-05,2.746808652638812e-07,1e-06,symmetrized,228,18,60.0,CLARABEL,optimal,True,0.27468086526388125,1.522881653739927e-06,False,20,0,False,2.35,bond=0.70000000;cash=0.30000000;commodity_gold=0.40000000;defensive=0.25000000;equity=0.70000000,228,252,,,False,not_requested,True,0.006585266153142656,0.044246666414582005,,0.06840792979407578,0.37577807741394625,1.0336806410826682e-09,0.25132257196068847,0.30000000103368063,0.11817273115808874,0.030885062128117403,0.29961963371942474,0.005094990773831012,,,2018-09-06,"[""5年国债ETF"", ""10年国债ETF"", ""日利ETF"", ""沪深300ETF"", ""中证500ETF"", ""中证1000ETF"", ""创业板ETF"", ""红利ETF"", ""证券ETF"", ""军工ETF"", ""消费ETF"", ""恒生ETF"", ""白银LOF"", ""纳指ETF"", ""标普500ETF"", ""欧洲ETF"", ""黄金ETF"", ""原油ETF""]",0.0
2018-09-14,candidate_03,CLARABEL,optimal,0.036871424405784704,,False,False,ewma,True,243,False,,,1.2974680994411972e-05,0.2691427011536389,20743.685433927447,True,False,0.0,1.2974680994400044e-05,2.6914270115363896e-07,1e-06,symmetrized,228,18,60.0,CLARABEL,optimal,True,0.2691427011536389,5.248721569643677e-06,False,20,0,False,2.35,bond=0.70000000;cash=0.30000000;commodity_gold=0.40000000;defensive=0.25000000;equity=0.70000000,228,252,,,False,not_requested,True,0.0011483582942922125,0.043476811482236505,,0.06713642757515338,0.3839172448974417,1.8355711395301455e-10,0.2510641228113303,0.3000000001835571,0.1186500839939674,0.031096477917184964,0.29918931509396035,0.005086900786997942,,,2018-09-13,"[""5年国债ETF"", ""10年国债ETF"", ""日利ETF"", ""沪深300ETF"", ""中证500ETF"", ""中证1000ETF"", ""创业板ETF"", ""红利ETF"", ""证券ETF"", ""军工ETF"", ""消费ETF"", ""恒生ETF"", ""白银LOF"", ""纳指ETF"", ""标普500ETF"", ""欧洲ETF"", ""黄金ETF"", ""原油ETF""]",0.0
2018-09-21,candidate_03,CLARABEL,optimal,0.0380772637474953,,False,False,ewma,True,243,False,,,1.2273748324699845e-05,0.2692456785008431,21936.711701918288,True,False,0.0,1.2273748324700513e-05,2.692456785008432e-07,1e-06,symmetrized,228,18,60.0,CLARABEL,optimal,True,0.2692456785008431,5.119073969717114e-06,False,20,0,False,2.35,bond=0.70000000;cash=0.30000000;commodity_gold=0.40000000;defensive=0.25000000;equity=0.70000000,228,252,,,False,not_requested,True,0.003026698143858468,0.04352700153165831,,0.06778598076296175,0.38995292933982323,3.7027825250390833e-11,0.2484334865986346,0.3000000000370278,0.11930884131144992,0.03154390793486226,0.3007137641180254,0.0051311231711409075,,,2018-09-20,"[""5年国债ETF"", ""10年国债ETF"", ""日利ETF"", ""沪深300ETF"", ""中证500ETF"", ""中证1000ETF"", ""创业板ETF"", ""红利ETF"", ""证券ETF"", ""军工ETF"", ""消费ETF"", ""恒生ETF"", ""白银LOF"", ""纳指ETF"", ""标普500ETF"", ""欧洲ETF"", ""黄金ETF"", ""原油ETF""]",0.0
2018-09-28,candidate_03,CLARABEL,optimal,0.04156255897995724,,False,False,ewma,True,243,False,,,1.1781810340810005e-05,0.272589760273788,23136.491964192264,True,False,0.0,1.178181034086192e-05,2.7258976027378816e-07,1e-06,symmetrized,228,18,60.0,CLARABEL,optimal,True,0.272589760273788,2.932045506623404e-06,False,20,0,False,2.35,bond=0.70000000;cash=0.30000000;commodity_gold=0.40000000;defensive=0.25000000;equity=0.70000000,228,252,,,False,not_requested,True,0.0041880930099767125,0.044900653159092856,,0.07424351101386001,0.4073207124213288,5.98893323822125e-10,0.24509492554592024,0.3000000005988933,0.11946786709654425,0.03220227561162904,0.3032349311470133,0.005187895204465925,,,2018-09-27,"[""5年国债ETF"", ""10年国债ETF"", ""日利ETF"", ""沪深300ETF"", ""中证500ETF"", ""中证1000ETF"", ""创业板ETF"", ""红利ETF"", ""证券ETF"", ""军工ETF"", ""消费ETF"", ""恒生ETF"", ""白银LOF"", ""纳指ETF"", ""标普500ETF"", ""欧洲ETF"", ""黄金ETF"", ""原油ETF""]",0.0
2018-10-12,candidate_03,CLARABEL,optimal,0.03843511377388888,,False,False,ewma,True,243,False,,,1.2962981487213067e-05,0.26634841278161525,20546.848195713803,True,False,0.0,1.2962981487180296e-05,2.6634841278161533e-07,1e-06,symmetrized,226,18,60.0,CLARABEL,optimal,True,0.26634841278161525,3.272025598299866e-06,False,20,0,False,2.35,bond=0.70000000;cash=0.30000000;commodity_gold=0.40000000;defensive=0.25000000;equity=0.70000000,226,252,,,False,not_requested,True,0.0069376480187736626,0.04373572155351206,,0.07518941070631358,0.39137848443214934,1.5950057941083173e-10,0.2487523676243418,0.30000000015950057,0.11968169113088542,0.030412201918850492,0.30115373916642163,0.005134945747601949,,,2018-10-11,"[""5年国债ETF"", ""10年国债ETF"", ""日利ETF"", ""沪深300ETF"", ""中证500ETF"", ""中证1000ETF"", ""创业板ETF"", ""红利ETF"", ""证券ETF"", ""军工ETF"", ""消费ETF"", ""恒生ETF"", ""白银LOF"", ""纳指ETF"", ""标普500ETF"", ""欧洲ETF"", ""黄金ETF"", ""原油ETF""]",0.0
2018-10-19,candidate_03,CLARABEL,optimal,0.03894406269972827,,False,False,ewma,True,243,False,,,1.219682391000813e-05,0.27667937881215726,22684.543193669248,True,False,0.0,1.219682390998802e-05,2.7667937881215746e-07,1e-06,symmetrized,226,18,60.0,CLARABEL,optimal,True,0.27667937881215726,9.317401355540822e-06,False,20,0,False,2.35,bond=0.70000000;cash=0.30000000;commodity_gold=0.40000000;defensive=0.25000000;equity=0.70000000,226,252,,,False,not_requested,True,0.00047830485569342815,0.045812696853270406,,0.07017483945532653,0.3946357972164091,1.052503084686407e-10,0.24974719622601668,0.3000000001052503,0.12073478658766312,0.029623413221404278,0.2998946038596657,0.005282572549569306,,,2018-10-18,"[""5年国债ETF"", ""10年国债ETF"", ""日利ETF"", ""沪深300ETF"", ""中证500ETF"", ""中证1000ETF"", ""创业板ETF"", ""红利ETF"", ""证券ETF"", ""军工ETF"", ""消费ETF"", ""恒生ETF"", ""白银LOF"", ""纳指ETF"", ""标普500ETF"", ""欧洲ETF"", ""黄金ETF"", ""原油ETF""]",0.0
2018-10-26,candidate_03,CLARABEL,optimal,0.04157782021557324,,False,False,ewma,True,243,False,,,1.1652863873606062e-05,0.29165768218131183,25028.841437161343,True,False,0.0,1.1652863873573207e-05,2.916576821813114e-07,1e-06,symmetrized,225,18,60.0,CLARABEL,optimal,True,0.29165768218131183,4.659582955819641e-06,False,20,0,False,2.35,bond=0.70000000;cash=0.30000000;commodity_gold=0.40000000;defensive=0.25000000;equity=0.70000000,225,252,,,False,not_requested,True,0.0031048468306726206,0.04808415440617066,,0.07075396854864131,0.40750357949304244,3.7804165353705343e-10,0.25100620754110875,0.30000000037804164,0.11902696062942386,0.03083486450853603,0.2991319669428896,0.005585671475414804,,,2018-10-25,"[""5年国债ETF"", ""10年国债ETF"", ""日利ETF"", ""沪深300ETF"", ""中证500ETF"", ""中证1000ETF"", ""创业板ETF"", ""红利ETF"", ""证券ETF"", ""军工ETF"", ""消费ETF"", ""恒生ETF"", ""白银LOF"", ""纳指ETF"", ""标普500ETF"", ""欧洲ETF"", ""黄金ETF"", ""原油ETF""]",0.0
2018-11-02,candidate_03,CLARABEL,optimal,0.04306500787990312,,False,False,ewma,True,243,False,,,1.119788934823221e-05,0.29161647272780716,26042.092724719067,True,False,0.0,1.119788934827308e-05,2.916164727278072e-07,1e-06,symmetrized,224,18,60.0,CLARABEL,optimal,True,0.29161647272780716,6.448400048458813e-06,False,20,0,False,2.35,bond=0.70000000;cash=0.30000000;commodity_gold=0.40000000;defensive=0.25000000;equity=0.70000000,224,252,,,False,not_requested,True,0.0010476639706179808,0.04803465202496055,,0.06908331928047384,0.41493970791573836,2.2559137891065006e-10,0.2503849076539001,0.30000000022559137,0.11687734555786748,0.03067547026681359,0.3020622762958275,0.005603638307238046,,,2018-11-01,"[""5年国债ETF"", ""10年国债ETF"", ""日利ETF"", ""沪深300ETF"", ""中证500ETF"", ""中证1000ETF"", ""创业板ETF"", ""红利ETF"", ""证券ETF"", ""军工ETF"", ""消费ETF"", ""恒生ETF"", ""白银LOF"", ""纳指ETF"", ""标普500ETF"", ""欧洲ETF"", ""黄金ETF"", ""原油ETF""]",0.0
2018-11-09,candidate_03,CLARABEL,optimal,0.04536511507283902,,False,False,ewma,True,243,False,,,1.0918937163760426e-05,0.2805878176733213,25697.356204648062,True,False,0.0,1.0918937163772041e-05,2.805878176733214e-07,1e-06,symmetrized,223,18,60.0,CLARABEL,optimal,True,0.2805878176733213,4.13825921274924e-06,False,20,0,False,2.35,bond=0.70000000;cash=0.30000000;commodity_gold=0.40000000;defensive=0.25000000;equity=0.70000000,223,252,,,False,not_requested,True,0.004532500484517777,0.04793242973977551,,0.06747465084504461,0.42554955205246686,4.939898490263772e-11,0.24700242748982265,0.300000000049399,0.1173906279249825,0.03077656240990048,0.3048303821258954,0.005671277203484984,,,2018-11-08,"[""5年国债ETF"", ""10年国债ETF"", ""日利ETF"", ""沪深300ETF"", ""中证500ETF"", ""中证1000ETF"", ""创业板ETF"", ""红利ETF"", ""证券ETF"", ""军工ETF"", ""消费ETF"", ""恒生ETF"", ""白银LOF"", ""纳指ETF"", ""标普500ETF"", ""欧洲ETF"", ""黄金ETF"", ""原油ETF""]",0.0
2018-11-16,candidate_03,CLARABEL,optimal,0.05032760452761394,,False,False,ewma,True,243,False,,,1.0436215171310716e-05,0.2884166472273718,27636.134603685896,True,False,0.0,1.043621517131247e-05,2.884166472273716e-07,1e-06,symmetrized,223,18,60.0,CLARABEL,optimal,True,0.2884166472273718,2.7366903000286547e-06,False,20,0,False,2.35,bond=0.70000000;cash=0.30000000;commodity_gold=0.40000000;defensive=0.25000000;equity=0.70000000,223,252,,,False,not_requested,True,0.00028000098909414933,0.048146534544363205,,0.06923609497219661,0.44865095790618953,2.3032792340060837e-10,0.24847215733175199,0.3000000002303279,0.11416991060628562,0.03079213392975857,0.3065657979018759,0.005638431404090827,,,2018-11-15,"[""5年国债ETF"", ""10年国债ETF"", ""日利ETF"", ""沪深300ETF"", ""中证500ETF"", ""中证1000ETF"", ""创业板ETF"", ""红利ETF"", ""证券ETF"", ""军工ETF"", ""消费ETF"", ""恒生ETF"", ""白银LOF"", ""纳指ETF"", ""标普500ETF"", ""欧洲ETF"", ""黄金ETF"", ""原油ETF""]",0.0
2018-11-23,candidate_03,CLARABEL,optimal,0.052629640859061126,,False,False,ewma,True,243,False,,,9.920992185169199e-06,0.2893853980825128,29168.99768504126,True,False,0.0,9.920992185204779e-06,2.8938539808251277e-07,1e-06,symmetrized,223,18,60.0,CLARABEL,optimal,True,0.2893853980825128,2.3488180883046716e-06,False,20,0,False,2.35,bond=0.70000000;cash=0.30000000;commodity_gold=0.40000000;defensive=0.25000000;equity=0.70000000,223,252,,,False,not_requested,True,0.0036914311972531585,0.04864536465028983,,0.06821124295337566,0.4584962586794221,1.092953449965961e-09,0.24974532278621936,0.30000000109295344,0.11479906978990764,0.03067362051290591,0.30478198581801363,0.005889955775374036,,,2018-11-22,"[""5年国债ETF"", ""10年国债ETF"", ""日利ETF"", ""沪深300ETF"", ""中证500ETF"", ""中证1000ETF"", ""创业板ETF"", ""红利ETF"", ""证券ETF"", ""军工ETF"", ""消费ETF"", ""恒生ETF"", ""白银LOF"", ""纳指ETF"", ""标普500ETF"", ""欧洲ETF"", ""黄金ETF"", ""原油ETF""]",0.0
2018-11-30,candidate_03,CLARABEL,optimal,0.05394174063875536,,False,False,ewma,True,243,False,,,9.790999526013981e-06,0.290258536924057,29645.44489588228,True,False,0.0,9.79099952605227e-06,2.9025853692405677e-07,1e-06,symmetrized,224,18,60.0,CLARABEL,optimal,True,0.290258536924057,3.212858931570667e-06,False,20,0,False,2.35,bond=0.70000000;cash=0.30000000;commodity_gold=0.40000000;defensive=0.25000000;equity=0.70000000,224,252,,,False,not_requested,True,0.0008121376310988634,0.047892722147697686,,0.06951079943354466,0.46443623564422293,7.137979651794524e-10,0.2501506321095127,0.30000000071379795,0.11411837766631155,0.030133989625188966,0.30559699988518896,0.005871507812930625,,,2018-11-29,"[""5年国债ETF"", ""10年国债ETF"", ""日利ETF"", ""沪深300ETF"", ""中证500ETF"", ""中证1000ETF"", ""创业板ETF"", ""红利ETF"", ""证券ETF"", ""军工ETF"", ""消费ETF"", ""恒生ETF"", ""白银LOF"", ""纳指ETF"", ""标普500ETF"", ""欧洲ETF"", ""黄金ETF"", ""原油ETF""]",0.0
2018-12-07,candidate_03,CLARABEL,optimal,0.05351606852721803,,False,False,ewma,True,243,False,,,9.365821377891739e-06,0.31539099295088874,33674.675207385146,True,False,0.0,9.365821377879955e-06,3.1539099295088895e-07,1e-06,symmetrized,226,18,60.0,CLARABEL,optimal,True,0.31539099295088874,4.8511767795286764e-06,False,20,0,False,2.35,bond=0.70000000;cash=0.30000000;commodity_gold=0.40000000;defensive=0.25000000;equity=0.70000000,226,252,,,False,not_requested,True,0.0011407828994181943,0.05076027624069844,,0.07382147199089611,0.4625706892329423,6.626857396163643e-10,0.2507528168277749,0.30000000066268573,0.11423092615156628,0.030525733119669673,0.3044905232383036,0.0059658091028109966,,,2018-12-06,"[""5年国债ETF"", ""10年国债ETF"", ""日利ETF"", ""沪深300ETF"", ""中证500ETF"", ""中证1000ETF"", ""创业板ETF"", ""红利ETF"", ""证券ETF"", ""军工ETF"", ""消费ETF"", ""恒生ETF"", ""白银LOF"", ""纳指ETF"", ""标普500ETF"", ""欧洲ETF"", ""黄金ETF"", ""原油ETF""]",0.0
2018-12-14,candidate_03,CLARABEL,optimal,0.051648658584609375,,False,False,ewma,True,243,False,,,9.569559973357517e-06,0.3065815545257791,32037.16319029597,True,False,0.0,9.569559973393582e-06,3.0658155452577903e-07,1e-06,symmetrized,228,18,60.0,CLARABEL,optimal,True,0.3065815545257791,2.849731456602833e-06,False,20,0,False,2.35,bond=0.70000000;cash=0.30000000;commodity_gold=0.40000000;defensive=0.25000000;equity=0.70000000,228,252,,,False,not_requested,True,0.00021652151653602132,0.049986653512418135,,0.07712971820438194,0.4545074837571927,3.520200797524353e-11,0.25066282158107855,0.300000000035202,0.11275373814830311,0.030989389412650694,0.30559405082276575,0.005940476176104076,,,2018-12-13,"[""5年国债ETF"", ""10年国债ETF"", ""日利ETF"", ""沪深300ETF"", ""中证500ETF"", ""中证1000ETF"", ""创业板ETF"", ""红利ETF"", ""证券ETF"", ""军工ETF"", ""消费ETF"", ""恒生ETF"", ""白银LOF"", ""纳指ETF"", ""标普500ETF"", ""欧洲ETF"", ""黄金ETF"", ""原油ETF""]",0.0
2018-12-21,candidate_03,CLARABEL,optimal,0.0550133682249648,,False,False,ewma,True,243,False,,,9.206362940219255e-06,0.3082279154398478,33479.87880135727,True,False,0.0,9.20636294017366e-06,3.0822791543984775e-07,1e-06,symmetrized,230,18,60.0,CLARABEL,optimal,True,0.3082279154398478,5.333094823617435e-06,False,20,0,False,2.35,bond=0.70000000;cash=0.30000000;commodity_gold=0.40000000;defensive=0.25000000;equity=0.70000000,230,252,,,False,not_requested,True,0.010901529631113417,0.049898415446995185,,0.07806805874140511,0.4681541078467781,2.348654049022514e-10,0.2549449023977919,0.3000000002348654,0.11257984129472899,0.030968484716373878,0.3015067713562399,0.005958368627490112,,,2018-12-20,"[""5年国债ETF"", ""10年国债ETF"", ""日利ETF"", ""沪深300ETF"", ""中证500ETF"", ""中证1000ETF"", ""创业板ETF"", ""红利ETF"", ""证券ETF"", ""军工ETF"", ""消费ETF"", ""恒生ETF"", ""白银LOF"", ""纳指ETF"", ""标普500ETF"", ""欧洲ETF"", ""黄金ETF"", ""原油ETF""]",0.0
2018-12-28,candidate_03,CLARABEL,optimal,0.05419796706367342,,False,False,ewma,True,243,False,,,9.246883488355975e-06,0.30069852107507766,32518.90449941633,True,False,0.0,9.246883488392253e-06,3.006985210750776e-07,1e-06,symmetrized,228,18,60.0,CLARABEL,optimal,True,0.30069852107507766,4.754828866748717e-06,False,20,0,False,2.35,bond=0.70000000;cash=0.30000000;commodity_gold=0.40000000;defensive=0.25000000;equity=0.70000000,228,252,,,False,not_requested,True,0.004485915251917102,0.04853650375279759,,0.07880582044250306,0.4652178112843897,4.9237097732302e-10,0.25752120522365995,0.30000000049237097,0.11319049927795874,0.030891229195884447,0.2983970658101259,0.0059022356176594865,,,2018-12-27,"[""5年国债ETF"", ""10年国债ETF"", ""日利ETF"", ""沪深300ETF"", ""中证500ETF"", ""中证1000ETF"", ""创业板ETF"", ""红利ETF"", ""证券ETF"", ""军工ETF"", ""消费ETF"", ""恒生ETF"", ""白银LOF"", ""纳指ETF"", ""标普500ETF"", ""欧洲ETF"", ""黄金ETF"", ""原油ETF""]",0.0
2019-01-04,candidate_03,CLARABEL,optimal,0.04921922482610888,,False,False,ewma,True,243,False,,,9.309334112444268e-06,0.29607662490092446,31804.275292380313,True,False,0.0,9.309334112460316e-06,2.960766249009249e-07,1e-06,symmetrized,227,18,60.0,CLARABEL,optimal,True,0.29607662490092446,3.849587477094962e-06,False,20,0,False,2.35,bond=0.70000000;cash=0.30000000;commodity_gold=0.40000000;defensive=0.25000000;equity=0.70000000,227,252,,,False,not_requested,True,0.0003104519343986919,0.048133523826999695,,0.07789406697401771,0.4436797162451337,1.1534595500961586e-10,0.25754119787129254,0.30000000011534594,0.11585421772417914,0.03029585113415522,0.2963087331550273,0.0058822983150060735,,,2019-01-03,"[""5年国债ETF"", ""10年国债ETF"", ""日利ETF"", ""沪深300ETF"", ""中证500ETF"", ""中证1000ETF"", ""创业板ETF"", ""红利ETF"", ""证券ETF"", ""军工ETF"", ""消费ETF"", ""恒生ETF"", ""白银LOF"", ""纳指ETF"", ""标普500ETF"", ""欧洲ETF"", ""黄金ETF"", ""原油ETF""]",0.0
2019-01-11,candidate_03,CLARABEL,optimal,0.0417912221871945,,False,False,ewma,True,243,False,,,1.1479770455698992e-05,0.29465203041808113,25667.066389102296,True,False,0.0,1.147977045566295e-05,2.946520304180812e-07,1e-06,symmetrized,226,18,60.0,CLARABEL,optimal,True,0.29465203041808113,6.936518664880931e-06,False,20,0,False,2.35,bond=0.70000000;cash=0.30000000;commodity_gold=0.40000000;defensive=0.25000000;equity=0.70000000,226,252,,,False,not_requested,True,0.007573988367182562,0.049882262661952975,,0.08089426307406196,0.4081052326218849,4.3971642993412274e-10,0.2507357701291895,0.3000000004397164,0.11632911591647405,0.03070911513707645,0.3022259983775436,0.006034489793706859,,,2019-01-10,"[""5年国债ETF"", ""10年国债ETF"", ""日利ETF"", ""沪深300ETF"", ""中证500ETF"", ""中证1000ETF"", ""创业板ETF"", ""红利ETF"", ""证券ETF"", ""军工ETF"", ""消费ETF"", ""恒生ETF"", ""白银LOF"", ""纳指ETF"", ""标普500ETF"", ""欧洲ETF"", ""黄金ETF"", ""原油ETF""]",0.0
2019-01-18,candidate_03,CLARABEL,optimal,0.043104143465168464,,False,False,ewma,True,243,False,,,1.0653734947160487e-05,0.2955387536600197,27740.389180490067,True,False,0.0,1.0653734947176996e-05,2.955387536600199e-07,1e-06,symmetrized,228,18,60.0,CLARABEL,optimal,True,0.2955387536600197,5.4867118895740585e-06,False,20,0,False,2.35,bond=0.70000000;cash=0.30000000;commodity_gold=0.40000000;defensive=0.25000000;equity=0.70000000,228,252,,,False,not_requested,True,0.0013483788769068344,0.05019230765195901,,0.08251150964693438,0.41509888640645226,3.681316362857956e-11,0.24982105890656953,0.30000000003681315,0.11570232856928218,0.03093151769802111,0.3035450947893139,0.006048964906307416,,,2019-01-17,"[""5年国债ETF"", ""10年国债ETF"", ""日利ETF"", ""沪深300ETF"", ""中证500ETF"", ""中证1000ETF"", ""创业板ETF"", ""红利ETF"", ""证券ETF"", ""军工ETF"", ""消费ETF"", ""恒生ETF"", ""白银LOF"", ""纳指ETF"", ""标普500ETF"", ""欧洲ETF"", ""黄金ETF"", ""原油ETF""]",0.0
2019-01-25,candidate_03,CLARABEL,optimal,0.043449909950435225,,False,False,ewma,True,243,False,,,9.922993559421005e-06,0.29454991408571923,29683.574046671645,True,False,0.0,9.922993559423358e-06,2.945499140857193e-07,1e-06,symmetrized,228,18,60.0,CLARABEL,optimal,True,0.29454991408571923,3.997088470923671e-06,False,20,0,False,2.35,bond=0.70000000;cash=0.30000000;commodity_gold=0.40000000;defensive=0.25000000;equity=0.70000000,228,252,,,False,not_requested,True,0.0015344285383555503,0.05057168793346754,,0.08234409268377965,0.41674337931686134,4.626382610339874e-11,0.24782560837343567,0.3000000000462638,0.11419757916728433,0.031202356918051552,0.3067744554949646,0.006088646303140401,,,2019-01-24,"[""5年国债ETF"", ""10年国债ETF"", ""日利ETF"", ""沪深300ETF"", ""中证500ETF"", ""中证1000ETF"", ""创业板ETF"", ""红利ETF"", ""证券ETF"", ""军工ETF"", ""消费ETF"", ""恒生ETF"", ""白银LOF"", ""纳指ETF"", ""标普500ETF"", ""欧洲ETF"", ""黄金ETF"", ""原油ETF""]",0.0
2019-02-01,candidate_03,CLARABEL,optimal,0.043538887503312,,False,False,ewma,True,243,False,,,9.764089714126637e-06,0.2811995716399756,28799.363778185838,True,False,0.0,9.764089714165958e-06,2.811995716399753e-07,1e-06,symmetrized,228,18,60.0,CLARABEL,optimal,True,0.2811995716399756,5.052708204972278e-06,False,20,0,False,2.35,bond=0.70000000;cash=0.30000000;commodity_gold=0.40000000;defensive=0.25000000;equity=0.70000000,228,252,,,False,not_requested,True,0.0010272704890536694,0.04937258276819087,,0.08308559003142832,0.41721952932425455,3.9360792403186906e-11,0.24706248219550409,0.3000000000393608,0.11597656082909087,0.03145858285526308,0.3055023740807813,0.006088804177574535,,,2019-01-31,"[""5年国债ETF"", ""10年国债ETF"", ""日利ETF"", ""沪深300ETF"", ""中证500ETF"", ""中证1000ETF"", ""创业板ETF"", ""红利ETF"", ""证券ETF"", ""军工ETF"", ""消费ETF"", ""恒生ETF"", ""白银LOF"", ""纳指ETF"", ""标普500ETF"", ""欧洲ETF"", ""黄金ETF"", ""原油ETF""]",0.0
2019-02-15,candidate_03,CLARABEL,optimal,0.033289981786435864,,False,False,ewma,True,243,False,,,1.1150068295600642e-05,0.29854789310311003,26775.431790037084,True,False,0.0,1.1150068295570085e-05,2.9854789310311013e-07,1e-06,symmetrized,228,18,60.0,CLARABEL,optimal,True,0.29854789310311003,4.241340652161307e-06,False,20,0,False,2.35,bond=0.70000000;cash=0.30000000;commodity_gold=0.40000000;defensive=0.25000000;equity=0.70000000,228,252,,,False,not_requested,True,0.00952078119811495,0.05109208877197591,,0.08106329333455088,0.36385002365323077,1.3600953696624174e-11,0.2434352830729807,0.30000000001360094,0.11321559204179064,0.032026137573247286,0.31132298729838037,0.006163094140318943,,,2019-02-14,"[""5年国债ETF"", ""10年国债ETF"", ""日利ETF"", ""沪深300ETF"", ""中证500ETF"", ""中证1000ETF"", ""创业板ETF"", ""红利ETF"", ""证券ETF"", ""军工ETF"", ""消费ETF"", ""恒生ETF"", ""白银LOF"", ""纳指ETF"", ""标普500ETF"", ""欧洲ETF"", ""黄金ETF"", ""原油ETF""]",0.0
2019-02-22,candidate_03,CLARABEL,optimal,0.03276916404340489,,False,False,ewma,True,243,False,,,1.0617909926411571e-05,0.2875359058226704,27080.273595789116,True,False,0.0,1.0617909926439438e-05,2.875359058226704e-07,1e-06,symmetrized,227,18,60.0,CLARABEL,optimal,True,0.2875359058226704,3.344989847022667e-06,False,20,0,False,2.35,bond=0.70000000;cash=0.30000000;commodity_gold=0.40000000;defensive=0.25000000;equity=0.70000000,227,252,,,False,not_requested,True,0.0032326236317129133,0.0503426793366223,,0.08251332615224959,0.3616824119786922,1.3119472175304736e-10,0.24167271786731942,0.3000000001311947,0.11441551143051185,0.0318608975794904,0.3120508729914836,0.006195407676634136,,,2019-02-21,"[""5年国债ETF"", ""10年国债ETF"", ""日利ETF"", ""沪深300ETF"", ""中证500ETF"", ""中证1000ETF"", ""创业板ETF"", ""红利ETF"", ""证券ETF"", ""军工ETF"", ""消费ETF"", ""恒生ETF"", ""白银LOF"", ""纳指ETF"", ""标普500ETF"", ""欧洲ETF"", ""黄金ETF"", ""原油ETF""]",0.0
2019-03-01,candidate_03,CLARABEL,optimal,0.03883901870570703,,False,False,ewma,True,243,False,,,1.1265406104316216e-05,0.2845250474411103,25256.528242874232,True,False,0.0,1.1265406104315167e-05,2.8452504744111014e-07,1e-06,symmetrized,226,18,60.0,CLARABEL,optimal,True,0.2845250474411103,2.785946281842755e-06,False,20,0,False,2.35,bond=0.70000000;cash=0.30000000;commodity_gold=0.40000000;defensive=0.25000000;equity=0.70000000,226,252,,,False,not_requested,True,0.0013431516511796717,0.050893690647546556,,0.0814446155893077,0.3940139729866995,4.122946428708474e-11,0.23932434530805863,0.30000000004122945,0.11189683322207865,0.03327501536633792,0.31550380606229533,0.00613941019159446,,,2019-02-28,"[""5年国债ETF"", ""10年国债ETF"", ""日利ETF"", ""沪深300ETF"", ""中证500ETF"", ""中证1000ETF"", ""创业板ETF"", ""红利ETF"", ""证券ETF"", ""军工ETF"", ""消费ETF"", ""恒生ETF"", ""白银LOF"", ""纳指ETF"", ""标普500ETF"", ""欧洲ETF"", ""黄金ETF"", ""原油ETF""]",0.0
2019-03-08,candidate_03,CLARABEL,optimal,0.03406296894990277,,False,False,ewma,True,243,False,,,1.1612157256720478e-05,0.2881480746913342,24814.344856083473,True,False,0.0,1.1612157256780963e-05,2.881480746913342e-07,1e-06,symmetrized,227,18,60.0,CLARABEL,optimal,True,0.2881480746913342,4.401232356156248e-06,False,20,0,False,2.35,bond=0.70000000;cash=0.30000000;commodity_gold=0.40000000;defensive=0.25000000;equity=0.70000000,227,252,,,False,not_requested,True,0.00551880228459823,0.051586721732769965,,0.08370463636656769,0.3685156021854458,8.531458872695907e-11,0.23459364194621352,0.3000000000853146,0.10876387775794955,0.03397690534702159,0.3226655748635008,0.006264890040923775,,,2019-03-07,"[""5年国债ETF"", ""10年国债ETF"", ""日利ETF"", ""沪深300ETF"", ""中证500ETF"", ""中证1000ETF"", ""创业板ETF"", ""红利ETF"", ""证券ETF"", ""军工ETF"", ""消费ETF"", ""恒生ETF"", ""白银LOF"", ""纳指ETF"", ""标普500ETF"", ""欧洲ETF"", ""黄金ETF"", ""原油ETF""]",0.0
2019-03-15,candidate_03,CLARABEL,optimal,0.03528001588622529,,False,False,ewma,True,243,False,,,1.1166489868316428e-05,0.32005388592606887,28661.995819669643,True,False,0.0,1.116648986836121e-05,3.200538859260687e-07,1e-06,symmetrized,227,18,60.0,CLARABEL,optimal,True,0.32005388592606887,4.062649075688152e-06,False,20,0,False,2.35,bond=0.70000000;cash=0.30000000;commodity_gold=0.40000000;defensive=0.25000000;equity=0.70000000,227,252,,,False,not_requested,True,0.0014946933000861105,0.05256473700340202,,0.09100557688130154,0.3754979286879412,2.4646160667884942e-09,0.2352306707242331,0.30000000246461606,0.11039832748512497,0.03281296018307426,0.32155803914295167,0.006218830503017207,,,2019-03-14,"[""5年国债ETF"", ""10年国债ETF"", ""日利ETF"", ""沪深300ETF"", ""中证500ETF"", ""中证1000ETF"", ""创业板ETF"", ""红利ETF"", ""证券ETF"", ""军工ETF"", ""消费ETF"", ""恒生ETF"", ""白银LOF"", ""纳指ETF"", ""标普500ETF"", ""欧洲ETF"", ""黄金ETF"", ""原油ETF""]",0.0
2019-03-22,candidate_03,CLARABEL,optimal,0.03599188110516811,,False,False,ewma,True,243,False,,,1.072300792024163e-05,0.3081603849884702,28738.24091902062,True,False,0.0,1.0723007920195406e-05,3.081603849884699e-07,1e-06,symmetrized,226,18,60.0,CLARABEL,optimal,True,0.3081603849884702,5.486319667839801e-06,False,20,0,False,2.35,bond=0.70000000;cash=0.30000000;commodity_gold=0.40000000;defensive=0.25000000;equity=0.70000000,226,252,,,False,not_requested,True,0.00548629419541664,0.05208367704909186,,0.09261855311256666,0.37884302465797703,8.266404227796897e-11,0.2331643531202252,0.30000000008266403,0.11061436111622823,0.033224665843264986,0.32299661983761757,0.006276012919786802,,,2019-03-21,"[""5年国债ETF"", ""10年国债ETF"", ""日利ETF"", ""沪深300ETF"", ""中证500ETF"", ""中证1000ETF"", ""创业板ETF"", ""红利ETF"", ""证券ETF"", ""军工ETF"", ""消费ETF"", ""恒生ETF"", ""白银LOF"", ""纳指ETF"", ""标普500ETF"", ""欧洲ETF"", ""黄金ETF"", ""原油ETF""]",0.0
2019-03-29,candidate_03,CLARABEL,optimal,0.03393711610089946,,False,False,ewma,True,243,False,,,1.0354179644775394e-05,0.31371552167969063,30298.44299040997,True,False,0.0,1.0354179644740823e-05,3.137155216796905e-07,1e-06,symmetrized,226,18,60.0,CLARABEL,optimal,True,0.31371552167969063,6.082203184029633e-06,False,20,0,False,2.35,bond=0.70000000;cash=0.30000000;commodity_gold=0.40000000;defensive=0.25000000;equity=0.70000000,226,252,,,False,not_requested,True,0.00383405066518739,0.051835633425633014,,0.08661804936828038,0.3680178521343561,1.797825222027427e-10,0.23560872941542368,0.3000000001797825,0.11291490687725915,0.032796102817325014,0.31868026071020983,0.006322904280236331,,,2019-03-28,"[""5年国债ETF"", ""10年国债ETF"", ""日利ETF"", ""沪深300ETF"", ""中证500ETF"", ""中证1000ETF"", ""创业板ETF"", ""红利ETF"", ""证券ETF"", ""军工ETF"", ""消费ETF"", ""恒生ETF"", ""白银LOF"", ""纳指ETF"", ""标普500ETF"", ""欧洲ETF"", ""黄金ETF"", ""原油ETF""]",0.0
2019-04-04,candidate_03,CLARABEL,optimal,0.032273622020105065,,False,False,ewma,True,243,False,,,1.0142140439779915e-05,0.33697375222765835,33225.112019349115,True,False,0.0,1.0142140439805058e-05,3.3697375222765835e-07,1e-06,symmetrized,225,18,60.0,CLARABEL,optimal,True,0.33697375222765835,2.778277238976723e-06,False,20,0,False,2.35,bond=0.70000000;cash=0.30000000;commodity_gold=0.40000000;defensive=0.25000000;equity=0.70000000,225,252,,,False,not_requested,True,0.010447531875160346,0.054891959247728966,,0.09378293126714884,0.358114714151984,1.5790825869110847e-09,0.22990701428785687,0.3000000015790826,0.11059634905784645,0.03274535051919287,0.3267512845560212,0.006476125176112927,,,2019-04-03,"[""5年国债ETF"", ""10年国债ETF"", ""日利ETF"", ""沪深300ETF"", ""中证500ETF"", ""中证1000ETF"", ""创业板ETF"", ""红利ETF"", ""证券ETF"", ""军工ETF"", ""消费ETF"", ""恒生ETF"", ""白银LOF"", ""纳指ETF"", ""标普500ETF"", ""欧洲ETF"", ""黄金ETF"", ""原油ETF""]",0.0
2019-04-12,candidate_03,CLARABEL,optimal,0.029344641206464815,,False,False,ewma,True,243,False,,,1.0260996909161108e-05,0.32973614103071563,32134.903065444287,True,False,0.0,1.0260996909153167e-05,3.297361410307157e-07,1e-06,symmetrized,226,18,60.0,CLARABEL,optimal,True,0.32973614103071563,4.274584451097185e-06,False,20,0,False,2.35,bond=0.70000000;cash=0.30000000;commodity_gold=0.40000000;defensive=0.25000000;equity=0.70000000,226,252,,,False,not_requested,True,0.002211513545581474,0.05324322544274261,,0.08914887662248505,0.3423433801404053,2.3236395585435332e-09,0.2299145370852955,0.30000000232363955,0.1130405553607754,0.032951053848767876,0.32409385138152164,0.0063218503157450225,,,2019-04-11,"[""5年国债ETF"", ""10年国债ETF"", ""日利ETF"", ""沪深300ETF"", ""中证500ETF"", ""中证1000ETF"", ""创业板ETF"", ""红利ETF"", ""证券ETF"", ""军工ETF"", ""消费ETF"", ""恒生ETF"", ""白银LOF"", ""纳指ETF"", ""标普500ETF"", ""欧洲ETF"", ""黄金ETF"", ""原油ETF""]",0.0
2019-04-19,candidate_03,CLARABEL,optimal,0.032608127071831375,,False,False,ewma,True,243,False,,,9.993399162937862e-06,0.32480417971071085,32501.871927151646,True,False,0.0,9.993399162852186e-06,3.2480417971071095e-07,1e-06,symmetrized,225,18,60.0,CLARABEL,optimal,True,0.32480417971071085,2.7976156323494816e-07,False,20,0,False,2.35,bond=0.70000000;cash=0.30000000;commodity_gold=0.40000000;defensive=0.25000000;equity=0.70000000,225,252,,,False,not_requested,True,0.0002576967182018903,0.053183064336708115,,0.08886649324101749,0.36112543985962486,6.071509961458332e-11,0.2291860506630865,0.3000000000607151,0.1110918639782653,0.03281631074522915,0.3269057745527041,0.006370656458575502,,,2019-04-18,"[""5年国债ETF"", ""10年国债ETF"", ""日利ETF"", ""沪深300ETF"", ""中证500ETF"", ""中证1000ETF"", ""创业板ETF"", ""红利ETF"", ""证券ETF"", ""军工ETF"", ""消费ETF"", ""恒生ETF"", ""白银LOF"", ""纳指ETF"", ""标普500ETF"", ""欧洲ETF"", ""黄金ETF"", ""原油ETF""]",0.0
2019-04-26,candidate_03,CLARABEL,optimal,0.03295714727743178,,False,False,ewma,True,243,False,,,9.495969883477907e-06,0.33798857647015734,35592.84418732473,True,False,0.0,9.495969883450662e-06,3.379885764701573e-07,1e-06,symmetrized,225,18,60.0,CLARABEL,optimal,True,0.33798857647015734,4.2246052315980664e-06,False,20,0,False,2.35,bond=0.70000000;cash=0.30000000;commodity_gold=0.40000000;defensive=0.25000000;equity=0.70000000,225,252,,,False,not_requested,True,0.003274940290131173,0.05234385436317055,,0.09034886287429053,0.36271567922845827,3.0787927762787604e-11,0.23012344881061755,0.3000000000307879,0.11435033646022286,0.0316066689407083,0.3239195457576634,0.00632037770481622,,,2019-04-25,"[""5年国债ETF"", ""10年国债ETF"", ""日利ETF"", ""沪深300ETF"", ""中证500ETF"", ""中证1000ETF"", ""创业板ETF"", ""红利ETF"", ""证券ETF"", ""军工ETF"", ""消费ETF"", ""恒生ETF"", ""白银LOF"", ""纳指ETF"", ""标普500ETF"", ""欧洲ETF"", ""黄金ETF"", ""原油ETF""]",0.0
2019-04-30,candidate_03,CLARABEL,optimal,0.03285964845379165,,False,False,ewma,True,243,False,,,9.259651495996263e-06,0.34041795862866675,36763.58216892488,True,False,0.0,9.259651495986398e-06,3.404179586286666e-07,1e-06,symmetrized,225,18,60.0,CLARABEL,optimal,True,0.34041795862866675,3.6956676082444684e-06,False,20,0,False,2.35,bond=0.70000000;cash=0.30000000;commodity_gold=0.40000000;defensive=0.25000000;equity=0.70000000,225,252,,,False,not_requested,True,0.002949268707425755,0.05160113254700847,,0.08906016412302514,0.3622141813846107,2.232204365792967e-09,0.2311131195031278,0.30000000223220435,0.11503711618344907,0.03118983779836157,0.3226599242828573,0.006259864493410873,,,2019-04-29,"[""5年国债ETF"", ""10年国债ETF"", ""日利ETF"", ""沪深300ETF"", ""中证500ETF"", ""中证1000ETF"", ""创业板ETF"", ""红利ETF"", ""证券ETF"", ""军工ETF"", ""消费ETF"", ""恒生ETF"", ""白银LOF"", ""纳指ETF"", ""标普500ETF"", ""欧洲ETF"", ""黄金ETF"", ""原油ETF""]",0.0
2019-05-10,candidate_03,CLARABEL,optimal,0.030879624951482682,,False,False,ewma,True,243,False,,,9.04461540043565e-06,0.3352962183177191,37071.36273606161,True,False,0.0,9.044615400402248e-06,3.352962183177189e-07,1e-06,symmetrized,225,18,60.0,CLARABEL,optimal,True,0.3352962183177191,4.669493620490517e-06,False,20,0,False,2.35,bond=0.70000000;cash=0.30000000;commodity_gold=0.40000000;defensive=0.25000000;equity=0.70000000,225,252,,,False,not_requested,True,0.004735093208704215,0.051061205241203646,,0.08748187436366459,0.3509045600122403,2.2189533543937046e-10,0.23414696333546936,0.3000000002218953,0.11806250711366961,0.02978069261428444,0.3180098367146813,0.006151171373000968,,,2019-05-09,"[""5年国债ETF"", ""10年国债ETF"", ""日利ETF"", ""沪深300ETF"", ""中证500ETF"", ""中证1000ETF"", ""创业板ETF"", ""红利ETF"", ""证券ETF"", ""军工ETF"", ""消费ETF"", ""恒生ETF"", ""白银LOF"", ""纳指ETF"", ""标普500ETF"", ""欧洲ETF"", ""黄金ETF"", ""原油ETF""]",0.0
2019-05-17,candidate_03,CLARABEL,optimal,0.03367596445869664,,False,False,ewma,True,243,False,,,8.650249936630359e-06,0.3613635363490862,41774.92430812383,True,False,0.0,8.650249936644078e-06,3.613635363490863e-07,1e-06,symmetrized,225,18,60.0,CLARABEL,optimal,True,0.3613635363490862,4.506387011465884e-06,False,20,0,False,2.35,bond=0.70000000;cash=0.30000000;commodity_gold=0.40000000;defensive=0.25000000;equity=0.70000000,225,252,,,False,not_requested,True,0.0066829127668552955,0.052733081975476936,,0.09199901618402594,0.36628022785582887,3.4493441436467265e-10,0.23202767151479747,0.3000000003449344,0.1184683940644357,0.030093711645314415,0.31941022243051814,0.006189789451280504,,,2019-05-16,"[""5年国债ETF"", ""10年国债ETF"", ""日利ETF"", ""沪深300ETF"", ""中证500ETF"", ""中证1000ETF"", ""创业板ETF"", ""红利ETF"", ""证券ETF"", ""军工ETF"", ""消费ETF"", ""恒生ETF"", ""白银LOF"", ""纳指ETF"", ""标普500ETF"", ""欧洲ETF"", ""黄金ETF"", ""原油ETF""]",0.0
2019-05-24,candidate_03,CLARABEL,optimal,0.03268187798799722,,False,False,ewma,True,243,False,,,8.337138923918459e-06,0.37168424165304353,44581.74981188292,True,False,0.0,8.337138923974112e-06,3.716842416530436e-07,1e-06,symmetrized,225,18,60.0,CLARABEL,optimal,True,0.37168424165304353,4.922046208319375e-06,False,20,0,False,2.35,bond=0.70000000;cash=0.30000000;commodity_gold=0.40000000;defensive=0.25000000;equity=0.70000000,225,252,,,False,not_requested,True,0.007755046680501809,0.05144167282599588,,0.0919103346579456,0.36069072924256335,5.637618150089452e-11,0.23493936890651368,0.30000000005637617,0.12251673123592241,0.02966293695849835,0.3128809628426893,0.006103763298334752,,,2019-05-23,"[""5年国债ETF"", ""10年国债ETF"", ""日利ETF"", ""沪深300ETF"", ""中证500ETF"", ""中证1000ETF"", ""创业板ETF"", ""红利ETF"", ""证券ETF"", ""军工ETF"", ""消费ETF"", ""恒生ETF"", ""白银LOF"", ""纳指ETF"", ""标普500ETF"", ""欧洲ETF"", ""黄金ETF"", ""原油ETF""]",0.0
2019-05-31,candidate_03,CLARABEL,optimal,0.03196101105209051,,False,False,ewma,True,243,False,,,7.923023463634597e-06,0.365914553782362,46183.701898883795,True,False,0.0,7.923023463651214e-06,3.6591455378236216e-07,1e-06,symmetrized,226,18,60.0,CLARABEL,optimal,True,0.365914553782362,2.4566810512376136e-06,False,20,0,False,2.35,bond=0.70000000;cash=0.30000000;commodity_gold=0.40000000;defensive=0.25000000;equity=0.70000000,226,252,,,False,not_requested,True,0.00017555559739703894,0.050941702625587684,,0.09611599117285843,0.35753292029385686,2.416792821424707e-09,0.23525836901088915,0.3000000024167928,0.12101511232487969,0.029997928000985243,0.3137285882464533,0.006105912384259429,,,2019-05-30,"[""5年国债ETF"", ""10年国债ETF"", ""日利ETF"", ""沪深300ETF"", ""中证500ETF"", ""中证1000ETF"", ""创业板ETF"", ""红利ETF"", ""证券ETF"", ""军工ETF"", ""消费ETF"", ""恒生ETF"", ""白银LOF"", ""纳指ETF"", ""标普500ETF"", ""欧洲ETF"", ""黄金ETF"", ""原油ETF""]",0.0
2019-06-06,candidate_03,CLARABEL,optimal,0.03476791447561322,,False,False,ewma,True,243,False,,,7.772182807009301e-06,0.35380948450366856,45522.537656292305,True,False,0.0,7.772182806966236e-06,3.5380948450366903e-07,1e-06,symmetrized,226,18,60.0,CLARABEL,optimal,True,0.35380948450366856,3.822128547412845e-06,False,20,0,False,2.35,bond=0.70000000;cash=0.30000000;commodity_gold=0.40000000;defensive=0.25000000;equity=0.70000000,226,252,,,False,not_requested,True,0.0007556753317094801,0.04944984757881065,,0.09308014429468128,0.3728408468308134,2.711815771938575e-10,0.23637628739549205,0.30000000027118157,0.12341864823444491,0.029847398299253407,0.31035766579962815,0.006027935612561959,,,2019-06-05,"[""5年国债ETF"", ""10年国债ETF"", ""日利ETF"", ""沪深300ETF"", ""中证500ETF"", ""中证1000ETF"", ""创业板ETF"", ""红利ETF"", ""证券ETF"", ""军工ETF"", ""消费ETF"", ""恒生ETF"", ""白银LOF"", ""纳指ETF"", ""标普500ETF"", ""欧洲ETF"", ""黄金ETF"", ""原油ETF""]",0.0
2019-06-14,candidate_03,CLARABEL,optimal,0.03507470305178973,,False,False,ewma,True,243,False,,,7.550505594341171e-06,0.35060066132133416,46434.06417499996,True,False,0.0,7.550505594292597e-06,3.50600661321334e-07,1e-06,symmetrized,225,18,60.0,CLARABEL,optimal,True,0.35060066132133416,3.0640917007898616e-06,False,20,0,False,2.35,bond=0.70000000;cash=0.30000000;commodity_gold=0.40000000;defensive=0.25000000;equity=0.70000000,225,252,,,False,not_requested,True,0.0028774135678811576,0.049860526940244745,,0.09295202935785543,0.37425281057788595,2.5158589656015806e-09,0.2346361089396302,0.30000000251585895,0.12273490293980802,0.030018640427821087,0.3126103451768819,0.0060611955348338735,,,2019-06-13,"[""5年国债ETF"", ""10年国债ETF"", ""日利ETF"", ""沪深300ETF"", ""中证500ETF"", ""中证1000ETF"", ""创业板ETF"", ""红利ETF"", ""证券ETF"", ""军工ETF"", ""消费ETF"", ""恒生ETF"", ""白银LOF"", ""纳指ETF"", ""标普500ETF"", ""欧洲ETF"", ""黄金ETF"", ""原油ETF""]",0.0
2019-06-21,candidate_03,CLARABEL,optimal,0.03757927086532807,,False,False,ewma,True,243,False,,,7.2720041326666735e-06,0.3450544516755887,47449.705113005184,True,False,0.0,7.272004132730804e-06,3.4505445167558864e-07,1e-06,symmetrized,225,18,60.0,CLARABEL,optimal,True,0.3450544516755887,5.167777467451895e-06,False,20,0,False,2.35,bond=0.70000000;cash=0.30000000;commodity_gold=0.40000000;defensive=0.25000000;equity=0.70000000,225,252,,,False,not_requested,True,0.0065747315686463075,0.04953916135099234,,0.09240173046656959,0.38701836553054964,1.4239764922763243e-10,0.23245920776939627,0.30000000014239764,0.12401954118270603,0.03026966211199159,0.3132515887935086,0.00608515313812914,,,2019-06-20,"[""5年国债ETF"", ""10年国债ETF"", ""日利ETF"", ""沪深300ETF"", ""中证500ETF"", ""中证1000ETF"", ""创业板ETF"", ""红利ETF"", ""证券ETF"", ""军工ETF"", ""消费ETF"", ""恒生ETF"", ""白银LOF"", ""纳指ETF"", ""标普500ETF"", ""欧洲ETF"", ""黄金ETF"", ""原油ETF""]",0.0
2019-06-28,candidate_03,CLARABEL,optimal,0.038129422385124345,,False,False,ewma,True,243,False,,,6.972858557487424e-06,0.33360009877479746,47842.659653059956,True,False,0.0,6.972858557491896e-06,3.33600098774797e-07,1e-06,symmetrized,225,18,60.0,CLARABEL,optimal,True,0.33360009877479746,5.867225180672397e-06,False,20,0,False,2.35,bond=0.70000000;cash=0.30000000;commodity_gold=0.40000000;defensive=0.25000000;equity=0.70000000,225,252,,,False,not_requested,True,0.0015968633438693085,0.04896829092799296,,0.09452359175468045,0.3903690871944095,5.916772627401201e-11,0.23172041993763648,0.3000000000591677,0.12401664776939478,0.030291258504177788,0.31397167372962337,0.006105621922925963,,,2019-06-27,"[""5年国债ETF"", ""10年国债ETF"", ""日利ETF"", ""沪深300ETF"", ""中证500ETF"", ""中证1000ETF"", ""创业板ETF"", ""红利ETF"", ""证券ETF"", ""军工ETF"", ""消费ETF"", ""恒生ETF"", ""白银LOF"", ""纳指ETF"", ""标普500ETF"", ""欧洲ETF"", ""黄金ETF"", ""原油ETF""]",0.0
2019-07-05,candidate_03,CLARABEL,optimal,0.03702408353095985,,False,False,ewma,True,243,False,,,2.197353245052738e-06,0.33231411558517554,151233.8156522484,True,False,0.0,2.197353244997221e-06,3.323141155851754e-07,1e-06,symmetrized,58,19,60.0,CLARABEL,optimal,True,0.33231411558517554,3.97604493638376e-06,False,20,0,False,2.35,bond=0.70000000;cash=0.30000000;commodity_gold=0.40000000;defensive=0.25000000;equity=0.70000000,58,252,,,False,not_requested,True,0.013300066754011311,0.047055343795839026,,0.0955410608963887,0.38342713610725804,6.014388986841368e-11,0.23019738321955693,0.3000000000601439,0.12266814415662289,0.030526451241242883,0.31660802132243343,0.005531111373191587,,,2019-07-04,"[""5年国债ETF"", ""10年国债ETF"", ""信用债ETF"", ""日利ETF"", ""沪深300ETF"", ""中证500ETF"", ""中证1000ETF"", ""创业板ETF"", ""红利ETF"", ""证券ETF"", ""军工ETF"", ""消费ETF"", ""恒生ETF"", ""白银LOF"", ""纳指ETF"", ""标普500ETF"", ""欧洲ETF"", ""黄金ETF"", ""原油ETF""]",0.0
2019-07-12,candidate_03,CLARABEL,optimal,0.0358981792379949,,False,False,ewma,True,243,False,,,2.4259215189125152e-06,0.3355267060709191,138308.96978947942,True,False,0.0,2.4259215188900464e-06,3.355267060709191e-07,1e-06,symmetrized,62,19,60.0,CLARABEL,optimal,True,0.3355267060709191,4.562158866475152e-06,False,20,0,False,2.35,bond=0.70000000;cash=0.30000000;commodity_gold=0.40000000;defensive=0.25000000;equity=0.70000000,62,252,,,False,not_requested,True,0.01049241124435498,0.04771711924886927,,0.09302209253626538,0.3778104460691073,5.957864201988627e-10,0.23624134427364646,0.3000000005957864,0.12008036153413187,0.029859924050071016,0.3138183695463644,0.006234579671975625,,,2019-07-11,"[""5年国债ETF"", ""10年国债ETF"", ""信用债ETF"", ""日利ETF"", ""沪深300ETF"", ""中证500ETF"", ""中证1000ETF"", ""创业板ETF"", ""红利ETF"", ""证券ETF"", ""军工ETF"", ""消费ETF"", ""恒生ETF"", ""白银LOF"", ""纳指ETF"", ""标普500ETF"", ""欧洲ETF"", ""黄金ETF"", ""原油ETF""]",0.0
2019-07-19,candidate_03,CLARABEL,optimal,0.03915405099407241,,False,False,ewma,True,243,False,,,2.2540928854423025e-06,0.31559120245414274,140008.07353252295,True,False,0.0,2.254092885485416e-06,3.155912024541426e-07,1e-06,symmetrized,67,19,60.0,CLARABEL,optimal,True,0.31559120245414274,4.4702108634164794e-06,False,20,0,False,2.35,bond=0.70000000;cash=0.30000000;commodity_gold=0.40000000;defensive=0.25000000;equity=0.70000000,67,252,,,False,not_requested,True,0.00032295020947737535,0.045766052004420646,,0.09632530286925288,0.395714518838114,3.60248331165991e-10,0.23660188890699757,0.3000000003602483,0.12054596477396064,0.029722008694136274,0.3131301372646572,0.0061062173238684405,,,2019-07-18,"[""5年国债ETF"", ""10年国债ETF"", ""信用债ETF"", ""日利ETF"", ""沪深300ETF"", ""中证500ETF"", ""中证1000ETF"", ""创业板ETF"", ""红利ETF"", ""证券ETF"", ""军工ETF"", ""消费ETF"", ""恒生ETF"", ""白银LOF"", ""纳指ETF"", ""标普500ETF"", ""欧洲ETF"", ""黄金ETF"", ""原油ETF""]",0.0
2019-07-26,candidate_03,CLARABEL,optimal,0.039536594222656304,,False,False,ewma,True,243,False,,,2.128218256941627e-06,0.3094796460770203,145417.24988383497,True,False,0.0,2.128218256927432e-06,3.0947964607702e-07,1e-06,symmetrized,72,19,60.0,CLARABEL,optimal,True,0.3094796460770203,4.663298932117144e-06,False,20,0,False,2.35,bond=0.70000000;cash=0.30000000;commodity_gold=0.40000000;defensive=0.25000000;equity=0.70000000,72,252,,,False,not_requested,True,0.0034880162979221193,0.046748370023487466,,0.09795105559372803,0.3973199591855839,2.220446049250313e-16,0.2351807109445315,0.2999999999791588,0.11875058854965856,0.03000052912730349,0.3160681713993475,0.006072354641543605,,,2019-07-25,"[""5年国债ETF"", ""10年国债ETF"", ""信用债ETF"", ""日利ETF"", ""沪深300ETF"", ""中证500ETF"", ""中证1000ETF"", ""创业板ETF"", ""红利ETF"", ""证券ETF"", ""军工ETF"", ""消费ETF"", ""恒生ETF"", ""白银LOF"", ""纳指ETF"", ""标普500ETF"", ""欧洲ETF"", ""黄金ETF"", ""原油ETF""]",0.0
2019-08-02,candidate_03,CLARABEL,optimal,0.04371872998312919,,False,False,ewma,True,243,False,,,2.1339335922999656e-06,0.2840389128267278,133105.7882267972,True,False,0.0,2.133933592299609e-06,2.84038912826728e-07,1e-06,symmetrized,77,19,60.0,CLARABEL,optimal,True,0.2840389128267278,8.886595622925597e-06,False,20,0,False,2.35,bond=0.70000000;cash=0.30000000;commodity_gold=0.40000000;defensive=0.25000000;equity=0.70000000,77,252,,,False,not_requested,True,0.003818430640281147,0.045511874860084796,,0.10114514048017345,0.417809601809869,5.727890384221723e-11,0.23872461522726607,0.3000000000572789,0.1174603964805964,0.030100997022398896,0.3137139912124597,0.005962979604771711,,,2019-08-01,"[""5年国债ETF"", ""10年国债ETF"", ""信用债ETF"", ""日利ETF"", ""沪深300ETF"", ""中证500ETF"", ""中证1000ETF"", ""创业板ETF"", ""红利ETF"", ""证券ETF"", ""军工ETF"", ""消费ETF"", ""恒生ETF"", ""白银LOF"", ""纳指ETF"", ""标普500ETF"", ""欧洲ETF"", ""黄金ETF"", ""原油ETF""]",0.0
2019-08-09,candidate_03,CLARABEL,optimal,0.045810368954395414,,False,False,ewma,True,243,False,,,2.031401974922844e-06,0.29305092223181406,144260.42991463796,True,False,0.0,2.031401974933076e-06,2.930509222318142e-07,1e-06,symmetrized,81,19,60.0,CLARABEL,optimal,True,0.29305092223181406,4.579125316456212e-06,False,20,0,False,2.35,bond=0.70000000;cash=0.30000000;commodity_gold=0.40000000;defensive=0.25000000;equity=0.70000000,81,252,,,False,not_requested,True,0.002752453985468535,0.04553445239186389,,0.0984169354360514,0.4278060034103794,3.1265739997010655e-10,0.2424583235945958,0.3000000003126574,0.12263158995374313,0.028989626836316555,0.30592045930268713,0.005851680755307459,,,2019-08-08,"[""5年国债ETF"", ""10年国债ETF"", ""信用债ETF"", ""日利ETF"", ""沪深300ETF"", ""中证500ETF"", ""中证1000ETF"", ""创业板ETF"", ""红利ETF"", ""证券ETF"", ""军工ETF"", ""消费ETF"", ""恒生ETF"", ""白银LOF"", ""纳指ETF"", ""标普500ETF"", ""欧洲ETF"", ""黄金ETF"", ""原油ETF""]",0.0
2019-08-16,candidate_03,CLARABEL,optimal,0.04669273443272501,,False,False,ewma,True,243,False,,,1.9525922437355482e-06,0.28758461751817854,147283.4988671234,True,False,0.0,1.9525922436952625e-06,2.8758461751817866e-07,1e-06,symmetrized,86,19,60.0,CLARABEL,optimal,True,0.28758461751817854,5.824314941615949e-06,False,20,0,False,2.35,bond=0.70000000;cash=0.30000000;commodity_gold=0.40000000;defensive=0.25000000;equity=0.70000000,86,252,,,False,not_requested,True,0.000509688110719695,0.04419211147068208,,0.1002841146469094,0.4321221483056724,5.669231195604141e-10,0.24302042397300433,0.3000000005669231,0.12236153139172076,0.0293330143599459,0.30528502970840593,0.005781139148606666,,,2019-08-15,"[""5年国债ETF"", ""10年国债ETF"", ""信用债ETF"", ""日利ETF"", ""沪深300ETF"", ""中证500ETF"", ""中证1000ETF"", ""创业板ETF"", ""红利ETF"", ""证券ETF"", ""军工ETF"", ""消费ETF"", ""恒生ETF"", ""白银LOF"", ""纳指ETF"", ""标普500ETF"", ""欧洲ETF"", ""黄金ETF"", ""原油ETF""]",0.0
2019-08-23,candidate_03,CLARABEL,optimal,0.04606828953911706,,False,False,ewma,True,243,False,,,1.8613352886010588e-06,0.27059252475837176,145375.48738021482,True,False,0.0,1.8613352885550124e-06,2.705925247583717e-07,1e-06,symmetrized,90,19,60.0,CLARABEL,optimal,True,0.27059252475837176,3.436180959125179e-06,False,20,0,False,2.35,bond=0.70000000;cash=0.30000000;commodity_gold=0.40000000;defensive=0.25000000;equity=0.70000000,90,252,,,False,not_requested,True,0.004727916213071592,0.04368731966851148,,0.10008577899480625,0.42882310031056725,2.456682635099128e-10,0.2402184895053848,0.30000000024566825,0.11904521051656655,0.029538712100973207,0.3111975876314072,0.005857191599778418,,,2019-08-22,"[""5年国债ETF"", ""10年国债ETF"", ""信用债ETF"", ""日利ETF"", ""沪深300ETF"", ""中证500ETF"", ""中证1000ETF"", ""创业板ETF"", ""红利ETF"", ""证券ETF"", ""军工ETF"", ""消费ETF"", ""恒生ETF"", ""白银LOF"", ""纳指ETF"", ""标普500ETF"", ""欧洲ETF"", ""黄金ETF"", ""原油ETF""]",0.0
2019-08-30,candidate_03,CLARABEL,optimal,0.047650010267274404,,False,False,ewma,True,243,False,,,1.8837416480092576e-06,0.26467552645734044,140505.21563668252,True,False,0.0,1.883741648023368e-06,2.6467552645734033e-07,1e-06,symmetrized,94,19,60.0,CLARABEL,optimal,True,0.26467552645734044,3.729712312522393e-06,False,20,0,False,2.35,bond=0.70000000;cash=0.30000000;commodity_gold=0.40000000;defensive=0.25000000;equity=0.70000000,94,252,,,False,not_requested,True,0.0022934524392371498,0.04349007750896888,,0.10109865881951718,0.4363643119356022,1.1746624228869962e-09,0.23938640012168386,0.3000000011746624,0.12112168908716046,0.029455577871355852,0.31003633174513745,0.005799243376409083,,,2019-08-29,"[""5年国债ETF"", ""10年国债ETF"", ""信用债ETF"", ""日利ETF"", ""沪深300ETF"", ""中证500ETF"", ""中证1000ETF"", ""创业板ETF"", ""红利ETF"", ""证券ETF"", ""军工ETF"", ""消费ETF"", ""恒生ETF"", ""白银LOF"", ""纳指ETF"", ""标普500ETF"", ""欧洲ETF"", ""黄金ETF"", ""原油ETF""]",0.0
2019-09-06,candidate_03,CLARABEL,optimal,0.08271773996692604,,False,False,ewma,True,243,False,,,6.301165206318594e-07,0.25469949682149856,404210.1555536023,True,False,0.0,6.301165206545254e-07,2.5469949682149845e-07,1e-06,symmetrized,54,20,60.0,CLARABEL,optimal,True,0.25469949682149856,2.2398590288907894e-06,False,20,0,False,2.35,bond=0.70000000;cash=0.30000000;commodity_gold=0.40000000;defensive=0.25000000;equity=0.70000000,54,252,,,False,not_requested,True,0.020394600702142485,0.04063683501491962,,0.11499775062102545,0.5737725318370427,1.1740770022861113e-09,0.2303617186655419,0.300000001174077,0.12136311993752573,0.029964616162902875,0.31831054405995246,0.005985489846179833,,,2019-09-05,"[""5年国债ETF"", ""10年国债ETF"", ""信用债ETF"", ""日利ETF"", ""沪深300ETF"", ""中证500ETF"", ""中证1000ETF"", ""创业板ETF"", ""红利ETF"", ""半导体ETF"", ""证券ETF"", ""军工ETF"", ""消费ETF"", ""恒生ETF"", ""白银LOF"", ""纳指ETF"", ""标普500ETF"", ""欧洲ETF"", ""黄金ETF"", ""原油ETF""]",0.0
2019-09-12,candidate_03,CLARABEL,optimal,0.08121063706288639,,False,False,ewma,True,243,False,,,6.446305331404094e-07,0.26496257754662206,411030.13885460736,True,False,0.0,6.446305331554044e-07,2.6496257754662217e-07,1e-06,symmetrized,57,20,60.0,CLARABEL,optimal,True,0.26496257754662206,3.2700330604568117e-06,False,20,0,False,2.35,bond=0.70000000;cash=0.30000000;commodity_gold=0.40000000;defensive=0.25000000;equity=0.70000000,57,252,,,False,not_requested,True,0.00032688827605522903,0.04039410646354804,,0.11369154997296219,0.569926315345703,1.1019496426456499e-10,0.23010138128708257,0.30000000011019495,0.1194379072696699,0.03005020681763436,0.32041050451541836,0.005938209461981854,,,2019-09-11,"[""5年国债ETF"", ""10年国债ETF"", ""信用债ETF"", ""日利ETF"", ""沪深300ETF"", ""中证500ETF"", ""中证1000ETF"", ""创业板ETF"", ""红利ETF"", ""半导体ETF"", ""证券ETF"", ""军工ETF"", ""消费ETF"", ""恒生ETF"", ""白银LOF"", ""纳指ETF"", ""标普500ETF"", ""欧洲ETF"", ""黄金ETF"", ""原油ETF""]",0.0
2019-09-20,candidate_03,CLARABEL,optimal,0.07375123120241008,,False,False,ewma,True,243,False,,,7.273366420463243e-07,0.277883951529403,382056.8571213335,True,False,0.0,7.273366420531447e-07,2.7788395152940304e-07,1e-06,symmetrized,55,21,60.0,CLARABEL,optimal,True,0.277883951529403,3.033206746438921e-06,False,20,0,False,2.35,bond=0.70000000;cash=0.30000000;commodity_gold=0.40000000;defensive=0.25000000;equity=0.70000000,55,252,,,False,not_requested,True,0.0018714459441688403,0.03982844328274895,,0.12125012925575346,0.5430036495263857,1.1964057522462213e-10,0.2303308344418683,0.30000000011964056,0.11861093071597581,0.030096538823582552,0.3209616958989328,0.005974874729887759,,,2019-09-19,"[""5年国债ETF"", ""10年国债ETF"", ""信用债ETF"", ""日利ETF"", ""沪深300ETF"", ""中证500ETF"", ""中证1000ETF"", ""创业板ETF"", ""红利ETF"", ""半导体ETF"", ""证券ETF"", ""军工ETF"", ""消费ETF"", ""恒生ETF"", ""白银LOF"", ""纳指ETF"", ""标普500ETF"", ""日经225ETF"", ""欧洲ETF"", ""黄金ETF"", ""原油ETF""]",0.0
2019-09-27,candidate_03,CLARABEL,optimal,0.07789209412729275,,False,False,ewma,True,243,False,,,7.606654956842666e-07,0.3083400505464766,405355.6422578433,True,False,0.0,7.606654956863814e-07,3.0834005054647605e-07,1e-06,symmetrized,60,21,60.0,CLARABEL,optimal,True,0.3083400505464766,2.25025440474258e-06,False,20,0,False,2.35,bond=0.70000000;cash=0.30000000;commodity_gold=0.40000000;defensive=0.25000000;equity=0.70000000,60,252,,,False,not_requested,True,0.006089175971574677,0.041111403852186194,,0.11698684720900479,0.5577400249401862,0.0,0.23422926190529766,0.29999999997562704,0.1197930488924534,0.029844296551820734,0.3161333926748013,0.006197439484109167,,,2019-09-26,"[""5年国债ETF"", ""10年国债ETF"", ""信用债ETF"", ""日利ETF"", ""沪深300ETF"", ""中证500ETF"", ""中证1000ETF"", ""创业板ETF"", ""红利ETF"", ""半导体ETF"", ""证券ETF"", ""军工ETF"", ""消费ETF"", ""恒生ETF"", ""白银LOF"", ""纳指ETF"", ""标普500ETF"", ""日经225ETF"", ""欧洲ETF"", ""黄金ETF"", ""原油ETF""]",0.0
2019-09-30,candidate_03,CLARABEL,optimal,0.07814083153409104,,False,False,ewma,True,243,False,,,8.308619402783076e-07,0.30307273010825847,364769.06139994867,True,False,0.0,8.308619403406156e-07,3.0307273010825836e-07,1e-06,symmetrized,61,21,60.0,CLARABEL,optimal,True,0.30307273010825847,2.258473857316007e-06,False,20,0,False,2.35,bond=0.70000000;cash=0.30000000;commodity_gold=0.40000000;defensive=0.25000000;equity=0.70000000,61,252,,,False,not_requested,True,0.0004945775584912909,0.04075377797169637,,0.11673566693053561,0.5590377146835577,2.039835078626595e-09,0.23424011952798396,0.30000000203983507,0.11822844560182183,0.02971142028344574,0.3178200125469134,0.006183842226611315,,,2019-09-27,"[""5年国债ETF"", ""10年国债ETF"", ""信用债ETF"", ""日利ETF"", ""沪深300ETF"", ""中证500ETF"", ""中证1000ETF"", ""创业板ETF"", ""红利ETF"", ""半导体ETF"", ""证券ETF"", ""军工ETF"", ""消费ETF"", ""恒生ETF"", ""白银LOF"", ""纳指ETF"", ""标普500ETF"", ""日经225ETF"", ""欧洲ETF"", ""黄金ETF"", ""原油ETF""]",0.0
2019-10-11,candidate_03,CLARABEL,optimal,0.0534207832284238,,False,False,ewma,True,243,False,,,1.7842087054401523e-06,0.29557293007501945,165660.51335463225,True,False,0.0,1.7842087054545906e-06,2.955729300750197e-07,1e-06,symmetrized,65,21,60.0,CLARABEL,optimal,True,0.29557293007501945,6.278900484643635e-06,False,20,0,False,2.35,bond=0.70000000;cash=0.30000000;commodity_gold=0.40000000;defensive=0.25000000;equity=0.70000000,65,252,,,False,not_requested,True,0.00042227461573554744,0.039888009487520866,,0.11440217504806775,0.4622216397085899,2.6839752642615622e-11,0.23496109731713152,0.30000000002683974,0.11844288075173576,0.029991487275529652,0.31660453462876337,0.006082840248352926,,,2019-10-10,"[""5年国债ETF"", ""10年国债ETF"", ""信用债ETF"", ""日利ETF"", ""沪深300ETF"", ""中证500ETF"", ""中证1000ETF"", ""创业板ETF"", ""红利ETF"", ""半导体ETF"", ""证券ETF"", ""军工ETF"", ""消费ETF"", ""恒生ETF"", ""白银LOF"", ""纳指ETF"", ""标普500ETF"", ""日经225ETF"", ""欧洲ETF"", ""黄金ETF"", ""原油ETF""]",0.0
2019-10-18,candidate_03,CLARABEL,optimal,0.053307705130604136,,False,False,ewma,True,243,False,,,2.057829088598664e-06,0.28529840589049527,138640.4767389002,True,False,0.0,2.057829088637975e-06,2.8529840589049503e-07,1e-06,symmetrized,70,21,60.0,CLARABEL,optimal,True,0.28529840589049527,6.006065169816832e-06,False,20,0,False,2.35,bond=0.70000000;cash=0.30000000;commodity_gold=0.40000000;defensive=0.25000000;equity=0.70000000,70,252,,,False,not_requested,True,0.0015322037499348646,0.03861426139122531,,0.11239118542222666,0.4616344934879994,1.3230194717550603e-10,0.23405253194219997,0.30000000013230194,0.11534374170922634,0.030112998773042115,0.32049072744322965,0.0059571460747760464,,,2019-10-17,"[""5年国债ETF"", ""10年国债ETF"", ""信用债ETF"", ""日利ETF"", ""沪深300ETF"", ""中证500ETF"", ""中证1000ETF"", ""创业板ETF"", ""红利ETF"", ""半导体ETF"", ""证券ETF"", ""军工ETF"", ""消费ETF"", ""恒生ETF"", ""白银LOF"", ""纳指ETF"", ""标普500ETF"", ""日经225ETF"", ""欧洲ETF"", ""黄金ETF"", ""原油ETF""]",0.0
2019-10-25,candidate_03,CLARABEL,optimal,0.055480500810865224,,False,False,ewma,True,243,False,,,2.3492999466466242e-06,0.27323964476721596,116306.83649281842,True,False,0.0,2.3492999466536076e-06,2.732396447672159e-07,1e-06,symmetrized,75,21,60.0,CLARABEL,optimal,True,0.27323964476721596,3.838492371732727e-06,False,20,0,False,2.35,bond=0.70000000;cash=0.30000000;commodity_gold=0.40000000;defensive=0.25000000;equity=0.70000000,75,252,,,False,not_requested,True,0.0015658418156728477,0.03748618980018621,,0.11250378095688571,0.47095101325724015,4.225086946973988e-11,0.23483931533699698,0.30000000004225086,0.11564299179131111,0.029966254590031115,0.31955143823941007,0.005828723746646865,,,2019-10-24,"[""5年国债ETF"", ""10年国债ETF"", ""信用债ETF"", ""日利ETF"", ""沪深300ETF"", ""中证500ETF"", ""中证1000ETF"", ""创业板ETF"", ""红利ETF"", ""半导体ETF"", ""证券ETF"", ""军工ETF"", ""消费ETF"", ""恒生ETF"", ""白银LOF"", ""纳指ETF"", ""标普500ETF"", ""日经225ETF"", ""欧洲ETF"", ""黄金ETF"", ""原油ETF""]",0.0
2019-11-01,candidate_03,CLARABEL,optimal,0.0603208573098395,,False,False,ewma,True,243,False,,,2.161656788285695e-06,0.2724161537893106,126021.92691530401,True,False,0.0,2.1616567883197617e-06,2.724161537893107e-07,1e-06,symmetrized,80,21,60.0,CLARABEL,optimal,True,0.2724161537893106,6.818602995881107e-06,False,20,0,False,2.35,bond=0.70000000;cash=0.30000000;commodity_gold=0.40000000;defensive=0.25000000;equity=0.70000000,80,252,,,False,not_requested,True,0.001016337726071674,0.03783442921359804,,0.1121642038696339,0.49112208524561485,1.6994239349088502e-10,0.23368103479666105,0.3000000001699424,0.11510108587864622,0.029452891045421235,0.32176498810932913,0.00575408693394514,,,2019-10-31,"[""5年国债ETF"", ""10年国债ETF"", ""信用债ETF"", ""日利ETF"", ""沪深300ETF"", ""中证500ETF"", ""中证1000ETF"", ""创业板ETF"", ""红利ETF"", ""半导体ETF"", ""证券ETF"", ""军工ETF"", ""消费ETF"", ""恒生ETF"", ""白银LOF"", ""纳指ETF"", ""标普500ETF"", ""日经225ETF"", ""欧洲ETF"", ""黄金ETF"", ""原油ETF""]",0.0
2019-11-08,candidate_03,CLARABEL,optimal,0.06491129379949329,,False,False,ewma,True,243,False,,,2.0655141517319167e-06,0.2598454347985938,125801.81771241582,True,False,0.0,2.065514151748162e-06,2.5984543479859367e-07,1e-06,symmetrized,85,21,60.0,CLARABEL,optimal,True,0.2598454347985938,2.9501804345577476e-06,False,20,0,False,2.35,bond=0.70000000;cash=0.30000000;commodity_gold=0.40000000;defensive=0.25000000;equity=0.70000000,85,252,,,False,not_requested,True,0.002530251155497276,0.038480841897926346,,0.11253615287030067,0.5093522541465255,8.233619341879717e-11,0.2325238356211117,0.3000000000823362,0.11255885615195214,0.029699791768466228,0.32521751637613383,0.00571402125968567,,,2019-11-07,"[""5年国债ETF"", ""10年国债ETF"", ""信用债ETF"", ""日利ETF"", ""沪深300ETF"", ""中证500ETF"", ""中证1000ETF"", ""创业板ETF"", ""红利ETF"", ""半导体ETF"", ""证券ETF"", ""军工ETF"", ""消费ETF"", ""恒生ETF"", ""白银LOF"", ""纳指ETF"", ""标普500ETF"", ""日经225ETF"", ""欧洲ETF"", ""黄金ETF"", ""原油ETF""]",0.0
2019-11-15,candidate_03,CLARABEL,optimal,0.06680620598822531,,False,False,ewma,True,243,False,,,1.971176917844567e-06,0.25915001414227457,131469.68787847244,True,False,0.0,1.9711769177815457e-06,2.591500141422745e-07,1e-06,symmetrized,90,21,60.0,CLARABEL,optimal,True,0.25915001414227457,2.951296253200092e-06,False,20,0,False,2.35,bond=0.70000000;cash=0.30000000;commodity_gold=0.40000000;defensive=0.25000000;equity=0.70000000,90,252,,,False,not_requested,True,0.004380115228100976,0.03844057648142906,,0.11223150556277453,0.5165938042566708,1.5656823615373128e-09,0.23672586050386846,0.30000000156568235,0.1110561425939508,0.02914402708019974,0.3230739682562986,0.005694258340780538,,,2019-11-14,"[""5年国债ETF"", ""10年国债ETF"", ""信用债ETF"", ""日利ETF"", ""沪深300ETF"", ""中证500ETF"", ""中证1000ETF"", ""创业板ETF"", ""红利ETF"", ""半导体ETF"", ""证券ETF"", ""军工ETF"", ""消费ETF"", ""恒生ETF"", ""白银LOF"", ""纳指ETF"", ""标普500ETF"", ""日经225ETF"", ""欧洲ETF"", ""黄金ETF"", ""原油ETF""]",0.0
2019-11-22,candidate_03,CLARABEL,optimal,0.07062892219348965,,False,False,ewma,True,243,False,,,1.923930209679116e-06,0.25337190003692495,131694.95377859042,True,False,0.0,1.923930209662836e-06,2.533719000369248e-07,1e-06,symmetrized,95,21,60.0,CLARABEL,optimal,True,0.25337190003692495,3.015656400498501e-06,False,20,0,False,2.35,bond=0.70000000;cash=0.30000000;commodity_gold=0.40000000;defensive=0.25000000;equity=0.70000000,95,252,,,False,not_requested,True,0.000862719345052105,0.039328971690544307,,0.11310098430336449,0.531456146792132,3.8777370203746386e-10,0.2366855639072163,0.3000000003877737,0.11065287392295113,0.02915496884123807,0.32350659294082107,0.005638085219874399,,,2019-11-21,"[""5年国债ETF"", ""10年国债ETF"", ""信用债ETF"", ""日利ETF"", ""沪深300ETF"", ""中证500ETF"", ""中证1000ETF"", ""创业板ETF"", ""红利ETF"", ""半导体ETF"", ""证券ETF"", ""军工ETF"", ""消费ETF"", ""恒生ETF"", ""白银LOF"", ""纳指ETF"", ""标普500ETF"", ""日经225ETF"", ""欧洲ETF"", ""黄金ETF"", ""原油ETF""]",0.0
2019-11-29,candidate_03,CLARABEL,optimal,0.06475864602265873,,False,False,ewma,True,243,False,,,2.2905529219154304e-06,0.2430049839137463,106090.0979797219,True,False,0.0,2.2905529219462556e-06,2.4300498391374607e-07,1e-06,symmetrized,100,21,60.0,CLARABEL,optimal,True,0.2430049839137463,3.6160257321782296e-06,False,20,0,False,2.35,bond=0.70000000;cash=0.30000000;commodity_gold=0.40000000;defensive=0.25000000;equity=0.70000000,100,252,,,False,not_requested,True,0.0001030103589965063,0.03781743577536071,,0.11322276568579252,0.5089461854159872,8.21434975595281e-10,0.23642708732616807,0.30000000082143496,0.1096473259315683,0.029285101938470788,0.3246404839823579,0.005553948437465493,,,2019-11-28,"[""5年国债ETF"", ""10年国债ETF"", ""信用债ETF"", ""日利ETF"", ""沪深300ETF"", ""中证500ETF"", ""中证1000ETF"", ""创业板ETF"", ""红利ETF"", ""半导体ETF"", ""证券ETF"", ""军工ETF"", ""消费ETF"", ""恒生ETF"", ""白银LOF"", ""纳指ETF"", ""标普500ETF"", ""日经225ETF"", ""欧洲ETF"", ""黄金ETF"", ""原油ETF""]",0.0
2019-12-06,candidate_03,CLARABEL,optimal,0.06857786505326967,,False,False,ewma,True,243,False,,,2.292461353738899e-06,0.23407379839553838,102105.8863277127,True,False,0.0,2.2924613537188446e-06,2.3407379839553844e-07,1e-06,symmetrized,104,21,60.0,CLARABEL,optimal,True,0.23407379839553838,3.5973517053117243e-06,False,20,0,False,2.35,bond=0.70000000;cash=0.30000000;commodity_gold=0.40000000;defensive=0.25000000;equity=0.70000000,104,252,,,False,not_requested,True,0.0018285881857030466,0.037625415027345746,,0.1125020496816774,0.5236057475357122,2.6842084110967335e-11,0.23534815230259648,0.3000000000268421,0.11073338396234224,0.029227756678325934,0.32469070702989333,0.005540954711151048,,,2019-12-05,"[""5年国债ETF"", ""10年国债ETF"", ""信用债ETF"", ""日利ETF"", ""沪深300ETF"", ""中证500ETF"", ""中证1000ETF"", ""创业板ETF"", ""红利ETF"", ""半导体ETF"", ""证券ETF"", ""军工ETF"", ""消费ETF"", ""恒生ETF"", ""白银LOF"", ""纳指ETF"", ""标普500ETF"", ""日经225ETF"", ""欧洲ETF"", ""黄金ETF"", ""原油ETF""]",0.0
2019-12-13,candidate_03,CLARABEL,optimal,0.06738049713925988,,False,False,ewma,True,243,False,,,2.1786149174417374e-06,0.22212756210298135,101958.15714133505,True,False,0.0,2.1786149174160554e-06,2.2212756210298112e-07,1e-06,symmetrized,109,21,60.0,CLARABEL,optimal,True,0.22212756210298135,2.5464376387437926e-06,False,20,0,False,2.35,bond=0.70000000;cash=0.30000000;commodity_gold=0.40000000;defensive=0.25000000;equity=0.70000000,109,252,,,False,not_requested,True,0.000823490871661225,0.036473154084853326,,0.11145421095011353,0.5190906675121996,7.243805555390281e-11,0.23422629653354513,0.30000000007243804,0.10975480567092949,0.029513532980200836,0.32650536474288633,0.005513140196134309,,,2019-12-12,"[""5年国债ETF"", ""10年国债ETF"", ""信用债ETF"", ""日利ETF"", ""沪深300ETF"", ""中证500ETF"", ""中证1000ETF"", ""创业板ETF"", ""红利ETF"", ""半导体ETF"", ""证券ETF"", ""军工ETF"", ""消费ETF"", ""恒生ETF"", ""白银LOF"", ""纳指ETF"", ""标普500ETF"", ""日经225ETF"", ""欧洲ETF"", ""黄金ETF"", ""原油ETF""]",0.0
2019-12-20,candidate_03,CLARABEL,optimal,0.0664736435836231,,False,False,ewma,True,243,False,,,2.133523868828184e-06,0.220341712843709,103275.95395721043,True,False,0.0,2.1335238688627566e-06,2.2034171284370894e-07,1e-06,symmetrized,114,21,60.0,CLARABEL,optimal,True,0.220341712843709,4.30650899146956e-06,False,20,0,False,2.35,bond=0.70000000;cash=0.30000000;commodity_gold=0.40000000;defensive=0.25000000;equity=0.70000000,114,252,,,False,not_requested,True,0.0055531644560910705,0.03767256638750202,,0.1128457075283428,0.515212244983228,0.0,0.22889765595847236,0.29999999997470617,0.10976501318199997,0.030035924673223323,0.33130140621159826,0.005576071839775166,,,2019-12-19,"[""5年国债ETF"", ""10年国债ETF"", ""信用债ETF"", ""日利ETF"", ""沪深300ETF"", ""中证500ETF"", ""中证1000ETF"", ""创业板ETF"", ""红利ETF"", ""半导体ETF"", ""证券ETF"", ""军工ETF"", ""消费ETF"", ""恒生ETF"", ""白银LOF"", ""纳指ETF"", ""标普500ETF"", ""日经225ETF"", ""欧洲ETF"", ""黄金ETF"", ""原油ETF""]",0.0
2019-12-27,candidate_03,CLARABEL,optimal,0.06988965938262018,,False,False,ewma,True,243,False,,,2.123621714314551e-06,0.2335425111930966,109973.68769535207,True,False,0.0,2.12362171430842e-06,2.3354251119309658e-07,1e-06,symmetrized,119,21,60.0,CLARABEL,optimal,True,0.2335425111930966,2.768595828067655e-06,False,20,0,False,2.35,bond=0.70000000;cash=0.30000000;commodity_gold=0.40000000;defensive=0.25000000;equity=0.70000000,119,252,,,False,not_requested,True,0.0035567403975332516,0.03739778851545215,,0.1123779832998212,0.5284598662246747,1.8371404952866044e-09,0.22717298456937307,0.3000000018371405,0.11264854115398248,0.029738504867046052,0.33043996757245775,0.0055241466520443505,,,2019-12-26,"[""5年国债ETF"", ""10年国债ETF"", ""信用债ETF"", ""日利ETF"", ""沪深300ETF"", ""中证500ETF"", ""中证1000ETF"", ""创业板ETF"", ""红利ETF"", ""半导体ETF"", ""证券ETF"", ""军工ETF"", ""消费ETF"", ""恒生ETF"", ""白银LOF"", ""纳指ETF"", ""标普500ETF"", ""日经225ETF"", ""欧洲ETF"", ""黄金ETF"", ""原油ETF""]",0.0
2020-01-03,candidate_03,CLARABEL,optimal,0.0605183062963325,,False,False,ewma,True,243,False,,,3.082055759052562e-06,0.23959465928811258,77738.58684560758,True,False,0.0,3.082055759079529e-06,2.395946592881127e-07,1e-06,symmetrized,122,21,60.0,CLARABEL,optimal,True,0.23959465928811258,4.57810853920354e-06,False,20,0,False,2.35,bond=0.70000000;cash=0.30000000;commodity_gold=0.40000000;defensive=0.25000000;equity=0.70000000,122,252,,,False,not_requested,True,0.0034273058945234348,0.03731391739912789,,0.11201487600022657,0.49172647675991105,7.518863309741164e-11,0.22383315832574632,0.3000000000751886,0.11183530293505277,0.03038971320510195,0.3339418254589104,0.005555435118340041,,,2020-01-02,"[""5年国债ETF"", ""10年国债ETF"", ""信用债ETF"", ""日利ETF"", ""沪深300ETF"", ""中证500ETF"", ""中证1000ETF"", ""创业板ETF"", ""红利ETF"", ""半导体ETF"", ""证券ETF"", ""军工ETF"", ""消费ETF"", ""恒生ETF"", ""白银LOF"", ""纳指ETF"", ""标普500ETF"", ""日经225ETF"", ""欧洲ETF"", ""黄金ETF"", ""原油ETF""]",0.0
2020-01-10,candidate_03,CLARABEL,optimal,0.05605049298470907,,False,False,ewma,True,243,False,,,3.075822839051834e-06,0.23418375172222217,76136.9441532636,True,False,0.0,3.0758228390249195e-06,2.341837517222221e-07,1e-06,symmetrized,126,21,60.0,CLARABEL,optimal,True,0.23418375172222217,2.751006680401513e-06,False,20,0,False,2.35,bond=0.70000000;cash=0.30000000;commodity_gold=0.40000000;defensive=0.25000000;equity=0.70000000,126,252,,,False,not_requested,True,0.003709662455105862,0.03725051561328342,,0.1162188544315523,0.4731815162783637,4.8332005064821715e-11,0.22258388168732218,0.300000000048332,0.11167848334263006,0.030284187914197024,0.33545344700751867,0.0055577230111539455,,,2020-01-09,"[""5年国债ETF"", ""10年国债ETF"", ""信用债ETF"", ""日利ETF"", ""沪深300ETF"", ""中证500ETF"", ""中证1000ETF"", ""创业板ETF"", ""红利ETF"", ""半导体ETF"", ""证券ETF"", ""军工ETF"", ""消费ETF"", ""恒生ETF"", ""白银LOF"", ""纳指ETF"", ""标普500ETF"", ""日经225ETF"", ""欧洲ETF"", ""黄金ETF"", ""原油ETF""]",0.0
2020-01-17,candidate_03,CLARABEL,optimal,0.05742756875082029,,False,False,ewma,True,243,False,,,2.9190420308727003e-06,0.23319768571738375,79888.43026274107,True,False,0.0,2.9190420308747823e-06,2.3319768571738396e-07,1e-06,symmetrized,131,21,60.0,CLARABEL,optimal,True,0.23319768571738375,6.815432981005509e-06,False,20,0,False,2.35,bond=0.70000000;cash=0.30000000;commodity_gold=0.40000000;defensive=0.25000000;equity=0.70000000,131,252,,,False,not_requested,True,0.0033052640589466427,0.03667239117729662,,0.1163080805492066,0.4790009264726893,8.464834388988152e-11,0.2225945146214771,0.30000000008464833,0.1106187186368614,0.03028535259456439,0.3365014140624489,0.005521708410797387,,,2020-01-16,"[""5年国债ETF"", ""10年国债ETF"", ""信用债ETF"", ""日利ETF"", ""沪深300ETF"", ""中证500ETF"", ""中证1000ETF"", ""创业板ETF"", ""红利ETF"", ""半导体ETF"", ""证券ETF"", ""军工ETF"", ""消费ETF"", ""恒生ETF"", ""白银LOF"", ""纳指ETF"", ""标普500ETF"", ""日经225ETF"", ""欧洲ETF"", ""黄金ETF"", ""原油ETF""]",0.0
2020-01-23,candidate_03,CLARABEL,optimal,0.05490147440595574,,False,False,ewma,True,243,False,,,3.3220628634166335e-06,0.24532605749052558,73847.50607585303,True,False,0.0,3.3220628634733813e-06,2.4532605749052533e-07,1e-06,symmetrized,134,21,60.0,CLARABEL,optimal,True,0.24532605749052558,2.8835827955292492e-06,False,20,0,False,2.35,bond=0.70000000;cash=0.30000000;commodity_gold=0.40000000;defensive=0.25000000;equity=0.70000000,134,252,,,False,not_requested,True,0.003477203638667543,0.03623260024148167,,0.12481349038851283,0.4683199213020553,1.2165907170569312e-10,0.22307352842642575,0.30000000012165906,0.10975931994995576,0.029475741006312898,0.3376914104956463,0.0055079695887664155,,,2020-01-22,"[""5年国债ETF"", ""10年国债ETF"", ""信用债ETF"", ""日利ETF"", ""沪深300ETF"", ""中证500ETF"", ""中证1000ETF"", ""创业板ETF"", ""红利ETF"", ""半导体ETF"", ""证券ETF"", ""军工ETF"", ""消费ETF"", ""恒生ETF"", ""白银LOF"", ""纳指ETF"", ""标普500ETF"", ""日经225ETF"", ""欧洲ETF"", ""黄金ETF"", ""原油ETF""]",0.0
2020-02-07,candidate_03,CLARABEL,optimal,0.049262367376472514,,False,False,ewma,True,243,False,,,3.3261211737553343e-06,0.26446867141461705,79512.6387761816,True,False,0.0,3.3261211737615227e-06,2.644686714146169e-07,1e-06,symmetrized,136,21,60.0,CLARABEL,optimal,True,0.26446867141461705,3.845776026606407e-06,False,20,0,False,2.35,bond=0.70000000;cash=0.30000000;commodity_gold=0.40000000;defensive=0.25000000;equity=0.70000000,136,252,,,False,not_requested,True,0.005894528242205278,0.040350180262190796,,0.13661599907885752,0.44336309477968844,1.2137205684936703e-09,0.2178544179574981,0.30000000121372056,0.10874941256200477,0.02969669355715645,0.34369947470962015,0.005568750711796259,,,2020-02-06,"[""5年国债ETF"", ""10年国债ETF"", ""信用债ETF"", ""日利ETF"", ""沪深300ETF"", ""中证500ETF"", ""中证1000ETF"", ""创业板ETF"", ""红利ETF"", ""半导体ETF"", ""证券ETF"", ""军工ETF"", ""消费ETF"", ""恒生ETF"", ""白银LOF"", ""纳指ETF"", ""标普500ETF"", ""日经225ETF"", ""欧洲ETF"", ""黄金ETF"", ""原油ETF""]",0.0
2020-02-14,candidate_03,CLARABEL,optimal,0.05094372312408549,,False,False,ewma,True,243,False,,,3.3805719891350346e-06,0.26305715661560414,77814.39278946132,True,False,0.0,3.380571989134449e-06,2.630571566156043e-07,1e-06,symmetrized,140,21,60.0,CLARABEL,optimal,True,0.26305715661560414,5.779437021052186e-06,False,20,0,False,2.35,bond=0.70000000;cash=0.30000000;commodity_gold=0.40000000;defensive=0.25000000;equity=0.70000000,140,252,,,False,not_requested,True,0.00656867711640873,0.04092127313660549,,0.13847950304955,0.450823153702746,2.220446049250313e-16,0.21259078560476735,0.2999999998386294,0.1072906527432519,0.02985456334595697,0.3502639984673946,0.005605644674268305,,,2020-02-13,"[""5年国债ETF"", ""10年国债ETF"", ""信用债ETF"", ""日利ETF"", ""沪深300ETF"", ""中证500ETF"", ""中证1000ETF"", ""创业板ETF"", ""红利ETF"", ""半导体ETF"", ""证券ETF"", ""军工ETF"", ""消费ETF"", ""恒生ETF"", ""白银LOF"", ""纳指ETF"", ""标普500ETF"", ""日经225ETF"", ""欧洲ETF"", ""黄金ETF"", ""原油ETF""]",0.0
2020-02-21,candidate_03,CLARABEL,optimal,0.05101709629803858,,False,False,ewma,True,243,False,,,3.3084902228308344e-06,0.2603795220644766,78700.40548032474,True,False,0.0,3.308490222830176e-06,2.603795220644767e-07,1e-06,symmetrized,142,21,60.0,CLARABEL,optimal,True,0.2603795220644766,2.2078124125961274e-06,False,20,0,False,2.35,bond=0.70000000;cash=0.30000000;commodity_gold=0.40000000;defensive=0.25000000;equity=0.70000000,142,252,,,False,not_requested,True,0.007266002412675509,0.0414226199526051,,0.1432419578780139,0.4510857854069945,1.0190809307530913e-10,0.2085383133265903,0.3000000001019081,0.10597600323111481,0.030585966671068856,0.3548997166693178,0.005700803166603726,,,2020-02-20,"[""5年国债ETF"", ""10年国债ETF"", ""信用债ETF"", ""日利ETF"", ""沪深300ETF"", ""中证500ETF"", ""中证1000ETF"", ""创业板ETF"", ""红利ETF"", ""半导体ETF"", ""证券ETF"", ""军工ETF"", ""消费ETF"", ""恒生ETF"", ""白银LOF"", ""纳指ETF"", ""标普500ETF"", ""日经225ETF"", ""欧洲ETF"", ""黄金ETF"", ""原油ETF""]",0.0
2020-02-28,candidate_03,CLARABEL,optimal,0.048684470425187136,,False,False,ewma,True,243,False,,,3.1413784579094493e-06,0.25648764064116947,81648.11851796393,True,False,0.0,3.141378457927899e-06,2.564876406411695e-07,1e-06,symmetrized,146,21,60.0,CLARABEL,optimal,True,0.25648764064116947,3.1310015071069064e-06,False,20,0,False,2.35,bond=0.70000000;cash=0.30000000;commodity_gold=0.40000000;defensive=0.25000000;equity=0.70000000,146,252,,,False,not_requested,True,0.0085177714617727,0.040470857531315595,,0.1425298630733814,0.4405067975162843,1.851424014098768e-10,0.21549460177406443,0.3000000001851424,0.10521433898304515,0.030513837523461724,0.34877722153428614,0.005630195740123005,,,2020-02-27,"[""5年国债ETF"", ""10年国债ETF"", ""信用债ETF"", ""日利ETF"", ""沪深300ETF"", ""中证500ETF"", ""中证1000ETF"", ""创业板ETF"", ""红利ETF"", ""半导体ETF"", ""证券ETF"", ""军工ETF"", ""消费ETF"", ""恒生ETF"", ""白银LOF"", ""纳指ETF"", ""标普500ETF"", ""日经225ETF"", ""欧洲ETF"", ""黄金ETF"", ""原油ETF""]",0.0
2020-03-06,candidate_03,CLARABEL,optimal,0.051849383533815865,,False,False,ewma,True,243,False,,,3.031387778688815e-06,0.25441767822550093,83927.79043779934,True,False,0.0,3.031387778712141e-06,2.5441767822550105e-07,1e-06,symmetrized,149,21,60.0,CLARABEL,optimal,True,0.25441767822550093,2.5680298098157417e-06,False,20,0,False,2.35,bond=0.70000000;cash=0.30000000;commodity_gold=0.40000000;defensive=0.25000000;equity=0.70000000,149,252,,,False,not_requested,True,0.0016566075480017812,0.04134644030804256,,0.13800731026004667,0.4552614826694278,4.6162051958731354e-10,0.21507479921508452,0.3000000004616205,0.10142043326862188,0.03109860966428299,0.35240615739039016,0.0056552121202302595,,,2020-03-05,"[""5年国债ETF"", ""10年国债ETF"", ""信用债ETF"", ""日利ETF"", ""沪深300ETF"", ""中证500ETF"", ""中证1000ETF"", ""创业板ETF"", ""红利ETF"", ""半导体ETF"", ""证券ETF"", ""军工ETF"", ""消费ETF"", ""恒生ETF"", ""白银LOF"", ""纳指ETF"", ""标普500ETF"", ""日经225ETF"", ""欧洲ETF"", ""黄金ETF"", ""原油ETF""]",0.0
2020-03-13,candidate_03,CLARABEL,optimal,0.04256301930217208,,False,False,ewma,True,243,False,,,2.374131208201236e-06,0.2670033253498797,112463.5927566005,True,False,0.0,2.3741312082012254e-06,2.670033253498797e-07,1e-06,symmetrized,46,22,60.0,CLARABEL,optimal,True,0.2670033253498797,2.8509054828262936e-06,False,20,0,False,2.35,bond=0.70000000;cash=0.30000000;commodity_gold=0.40000000;defensive=0.25000000;equity=0.70000000,46,252,,,False,not_requested,True,0.062349431840209746,0.03886554938275459,,0.11324755371511915,0.40643486973523246,3.381356306064731e-11,0.24169811516106074,0.30000000003381355,0.09363018426776144,0.03046287714174865,0.33420882339561553,0.0034973147465087455,,,2020-03-12,"[""5年国债ETF"", ""10年国债ETF"", ""信用债ETF"", ""日利ETF"", ""沪深300ETF"", ""中证500ETF"", ""中证1000ETF"", ""创业板ETF"", ""红利ETF"", ""半导体ETF"", ""证券ETF"", ""军工ETF"", ""消费ETF"", ""恒生ETF"", ""白银LOF"", ""纳指ETF"", ""标普500ETF"", ""日经225ETF"", ""欧洲ETF"", ""黄金ETF"", ""豆粕ETF"", ""原油ETF""]",0.0
2020-03-20,candidate_03,CLARABEL,optimal,0.04128700440799589,,False,False,ewma,True,243,False,,,2.374131208201236e-06,0.2670033253498797,112463.5927566005,True,False,0.0,2.3741312082012254e-06,2.670033253498797e-07,1e-06,symmetrized,46,22,60.0,CLARABEL,optimal,True,0.2670033253498797,2.8509054828262936e-06,False,20,0,False,2.35,bond=0.70000000;cash=0.30000000;commodity_gold=0.40000000;defensive=0.25000000;equity=0.70000000,46,252,,,False,not_requested,True,0.01765298057800293,0.037658238253297234,,0.11148990438992626,0.40461660322960036,8.513528770848211e-11,0.25598736862720733,0.3000000000851353,0.09045003190324262,0.028986234794611748,0.32457636458980293,0.003365981470231168,,,2020-03-19,"[""5年国债ETF"", ""10年国债ETF"", ""信用债ETF"", ""日利ETF"", ""沪深300ETF"", ""中证500ETF"", ""中证1000ETF"", ""创业板ETF"", ""红利ETF"", ""半导体ETF"", ""证券ETF"", ""军工ETF"", ""消费ETF"", ""恒生ETF"", ""白银LOF"", ""纳指ETF"", ""标普500ETF"", ""日经225ETF"", ""欧洲ETF"", ""黄金ETF"", ""豆粕ETF"", ""原油ETF""]",0.0
2020-03-27,candidate_03,CLARABEL,optimal,0.030246634428509663,,False,False,ewma,True,243,False,,,2.3306039044522423e-06,0.28079105320841635,120479.95486148908,True,False,0.0,2.3306039044522516e-06,2.8079105320841656e-07,1e-06,symmetrized,47,22,60.0,CLARABEL,optimal,True,0.28079105320841635,2.850776031865926e-06,False,20,0,False,2.35,bond=0.70000000;cash=0.30000000;commodity_gold=0.40000000;defensive=0.25000000;equity=0.70000000,47,252,,,False,not_requested,True,0.052940524913065806,0.03841867365959018,,0.11039501546272291,0.34159591199412465,2.0915297271884015e-10,0.2736852477165637,0.30000000020915296,0.08486814204245433,0.02913839874310051,0.3123082112887285,0.004011028706818179,,,2020-03-26,"[""5年国债ETF"", ""10年国债ETF"", ""信用债ETF"", ""日利ETF"", ""沪深300ETF"", ""中证500ETF"", ""中证1000ETF"", ""创业板ETF"", ""红利ETF"", ""半导体ETF"", ""证券ETF"", ""军工ETF"", ""消费ETF"", ""恒生ETF"", ""白银LOF"", ""纳指ETF"", ""标普500ETF"", ""日经225ETF"", ""欧洲ETF"", ""黄金ETF"", ""豆粕ETF"", ""原油ETF""]",0.0
2020-04-03,candidate_03,CLARABEL,optimal,0.023155387083290725,,False,False,ewma,True,243,False,,,2.0778791642533017e-06,0.30613211617235936,147329.12357893042,True,False,0.0,2.077879164253353e-06,3.061321161723589e-07,1e-06,symmetrized,37,23,60.0,CLARABEL,optimal,True,0.30613211617235936,2.9280219370000915e-06,False,20,0,False,2.35,bond=0.70000000;cash=0.30000000;commodity_gold=0.40000000;defensive=0.25000000;equity=0.70000000,37,252,,,False,not_requested,True,0.042651806841793684,0.04272593800019018,,0.11222252785771421,0.2985937400612333,4.327398994696807e-10,0.2947128534386263,0.3000000004327399,0.07885545398626602,0.029013201323670516,0.29741849081869737,0.005051888273393484,,,2020-04-02,"[""5年国债ETF"", ""10年国债ETF"", ""信用债ETF"", ""日利ETF"", ""沪深300ETF"", ""中证500ETF"", ""中证1000ETF"", ""创业板ETF"", ""红利ETF"", ""半导体ETF"", ""证券ETF"", ""军工ETF"", ""消费ETF"", ""恒生ETF"", ""白银LOF"", ""纳指ETF"", ""标普500ETF"", ""日经225ETF"", ""欧洲ETF"", ""黄金ETF"", ""有色金属期货ETF"", ""豆粕ETF"", ""原油ETF""]",0.0
2020-04-10,candidate_03,CLARABEL,optimal,0.03426730945774496,,False,False,ewma,True,243,False,,,1.9504620850758927e-06,0.29545798196725037,151481.0178715953,True,False,0.0,1.9504620850762586e-06,2.9545798196725044e-07,1e-06,symmetrized,40,23,60.0,CLARABEL,optimal,True,0.29545798196725037,2.376863908568061e-06,False,20,0,False,2.35,bond=0.70000000;cash=0.30000000;commodity_gold=0.40000000;defensive=0.25000000;equity=0.70000000,40,252,,,False,not_requested,True,0.005155485798036535,0.04299783092368712,,0.113779543704582,0.369662836087399,8.731889100666024e-10,0.29328681959093034,0.3000000008731889,0.08023702371213376,0.029085921378055445,0.29739023444569157,0.0050155351974411075,,,2020-04-09,"[""5年国债ETF"", ""10年国债ETF"", ""信用债ETF"", ""日利ETF"", ""沪深300ETF"", ""中证500ETF"", ""中证1000ETF"", ""创业板ETF"", ""红利ETF"", ""半导体ETF"", ""证券ETF"", ""军工ETF"", ""消费ETF"", ""恒生ETF"", ""白银LOF"", ""纳指ETF"", ""标普500ETF"", ""日经225ETF"", ""欧洲ETF"", ""黄金ETF"", ""有色金属期货ETF"", ""豆粕ETF"", ""原油ETF""]",0.0
2020-04-17,candidate_03,CLARABEL,optimal,0.04648887780025728,,False,False,ewma,True,243,False,,,2.2582040222946834e-06,0.3501357714333869,155050.54812434307,True,False,0.0,2.2582040222947457e-06,3.5013577143338694e-07,1e-06,symmetrized,44,23,60.0,CLARABEL,optimal,True,0.3501357714333869,2.790623818992033e-06,False,20,0,False,2.35,bond=0.70000000;cash=0.30000000;commodity_gold=0.40000000;defensive=0.25000000;equity=0.70000000,44,252,,,False,not_requested,True,0.001122999845453847,0.04701363881861268,,0.11072563959779004,0.4311198483178178,7.008297830957133e-10,0.2918484060767113,0.30000000070082977,0.08150672724436034,0.028784656114828437,0.2978602098632703,0.004928359613522118,,,2020-04-16,"[""5年国债ETF"", ""10年国债ETF"", ""信用债ETF"", ""日利ETF"", ""沪深300ETF"", ""中证500ETF"", ""中证1000ETF"", ""创业板ETF"", ""红利ETF"", ""半导体ETF"", ""证券ETF"", ""军工ETF"", ""消费ETF"", ""恒生ETF"", ""白银LOF"", ""纳指ETF"", ""标普500ETF"", ""日经225ETF"", ""欧洲ETF"", ""黄金ETF"", ""有色金属期货ETF"", ""豆粕ETF"", ""原油ETF""]",0.0
2020-04-24,candidate_03,CLARABEL,optimal,0.0672034428855035,,False,False,ewma,True,243,False,,,2.3031949126350337e-06,0.33593606430481315,145856.5501607835,True,False,0.0,2.303194912634989e-06,3.3593606430481306e-07,1e-06,symmetrized,49,23,60.0,CLARABEL,optimal,True,0.33593606430481315,3.952231342606305e-06,False,20,0,False,2.35,bond=0.70000000;cash=0.30000000;commodity_gold=0.40000000;defensive=0.25000000;equity=0.70000000,49,252,,,False,not_requested,True,0.0014325340774042307,0.04616501226379014,,0.1107213297136197,0.5183603474176326,9.865544492448919e-10,0.29131108758733654,0.30000000098655444,0.08037421840754112,0.028552982090686546,0.2997617109278815,0.004805297118235966,,,2020-04-23,"[""5年国债ETF"", ""10年国债ETF"", ""信用债ETF"", ""日利ETF"", ""沪深300ETF"", ""中证500ETF"", ""中证1000ETF"", ""创业板ETF"", ""红利ETF"", ""半导体ETF"", ""证券ETF"", ""军工ETF"", ""消费ETF"", ""恒生ETF"", ""白银LOF"", ""纳指ETF"", ""标普500ETF"", ""日经225ETF"", ""欧洲ETF"", ""黄金ETF"", ""有色金属期货ETF"", ""豆粕ETF"", ""原油ETF""]",0.0
2020-04-30,candidate_03,CLARABEL,optimal,0.08268484250760894,,False,False,ewma,True,243,False,,,6.379853795047239e-07,0.38524624136982644,603848.0719870068,True,False,0.0,6.379853795046557e-07,3.8524624136982624e-07,1e-06,symmetrized,37,24,60.0,CLARABEL,optimal,True,0.38524624136982644,3.4307725760851504e-06,False,20,0,False,2.35,bond=0.70000000;cash=0.30000000;commodity_gold=0.40000000;defensive=0.25000000;equity=0.70000000,37,252,,,False,not_requested,True,0.002616228667891061,0.04989302810266885,,0.11197167587996354,0.574914717382155,7.360322906713179e-10,0.2898885458946423,0.3000000007360323,0.08023269110303205,0.028508997790276134,0.30136976447601727,0.005127123421058031,,,2020-04-29,"[""5年国债ETF"", ""10年国债ETF"", ""信用债ETF"", ""日利ETF"", ""沪深300ETF"", ""中证500ETF"", ""中证1000ETF"", ""创业板ETF"", ""红利ETF"", ""半导体ETF"", ""证券ETF"", ""军工ETF"", ""消费ETF"", ""恒生ETF"", ""白银LOF"", ""纳指ETF"", ""标普500ETF"", ""日经225ETF"", ""欧洲ETF"", ""黄金ETF"", ""有色金属期货ETF"", ""能源化工期货ETF"", ""豆粕ETF"", ""原油ETF""]",0.0
2020-05-08,candidate_03,CLARABEL,optimal,0.08337781302586217,,False,False,ewma,True,243,False,,,6.192055195086284e-07,0.37812239291287686,610657.3358921873,True,False,0.0,6.19205519508621e-07,3.781223929128766e-07,1e-06,symmetrized,38,24,60.0,CLARABEL,optimal,True,0.37812239291287686,5.4746448687262306e-06,False,20,0,False,2.35,bond=0.70000000;cash=0.30000000;commodity_gold=0.40000000;defensive=0.25000000;equity=0.70000000,38,252,,,False,not_requested,True,0.0019892940503912597,0.049783943568452595,,0.1113490246286602,0.5773644615202402,1.743991617786378e-10,0.2868042838962238,0.30000000017439915,0.07894916414118278,0.028887648410967956,0.30535890337722643,0.00515414708056297,,,2020-05-07,"[""5年国债ETF"", ""10年国债ETF"", ""信用债ETF"", ""日利ETF"", ""沪深300ETF"", ""中证500ETF"", ""中证1000ETF"", ""创业板ETF"", ""红利ETF"", ""半导体ETF"", ""证券ETF"", ""军工ETF"", ""消费ETF"", ""恒生ETF"", ""白银LOF"", ""纳指ETF"", ""标普500ETF"", ""日经225ETF"", ""欧洲ETF"", ""黄金ETF"", ""有色金属期货ETF"", ""能源化工期货ETF"", ""豆粕ETF"", ""原油ETF""]",0.0
2020-05-15,candidate_03,CLARABEL,optimal,0.08028514080929323,,False,False,ewma,True,243,False,,,6.451350879416016e-07,0.3491066944609267,541137.3539994592,True,False,0.0,6.451350879417216e-07,3.491066944609268e-07,1e-06,symmetrized,43,24,60.0,CLARABEL,optimal,True,0.3491066944609267,4.7838567463695525e-06,False,20,0,False,2.35,bond=0.70000000;cash=0.30000000;commodity_gold=0.40000000;defensive=0.25000000;equity=0.70000000,43,252,,,False,not_requested,True,0.0015908305894192227,0.04905517579529254,,0.11251218037597094,0.566578668671273,2.379189067980292e-10,0.2863285820794817,0.3000000002379189,0.08114926515078669,0.028738793499176723,0.30378335903263604,0.005038529498452792,,,2020-05-14,"[""5年国债ETF"", ""10年国债ETF"", ""信用债ETF"", ""日利ETF"", ""沪深300ETF"", ""中证500ETF"", ""中证1000ETF"", ""创业板ETF"", ""红利ETF"", ""半导体ETF"", ""证券ETF"", ""军工ETF"", ""消费ETF"", ""恒生ETF"", ""白银LOF"", ""纳指ETF"", ""标普500ETF"", ""日经225ETF"", ""欧洲ETF"", ""黄金ETF"", ""有色金属期货ETF"", ""能源化工期货ETF"", ""豆粕ETF"", ""原油ETF""]",0.0
2020-05-22,candidate_03,CLARABEL,optimal,0.08101139273019671,,False,False,ewma,True,243,False,,,7.030552695313351e-07,0.3495182851097094,497141.9748303748,True,False,0.0,7.030552695311294e-07,3.4951828510970966e-07,1e-06,symmetrized,46,24,60.0,CLARABEL,optimal,True,0.3495182851097094,2.761995292428765e-06,False,20,0,False,2.35,bond=0.70000000;cash=0.30000000;commodity_gold=0.40000000;defensive=0.25000000;equity=0.70000000,46,252,,,False,not_requested,True,0.0022619357922942693,0.048821179939163566,,0.11017927177712512,0.5690886589402855,1.2581760078234083e-09,0.2835527828881596,0.300000001258176,0.08318989835699096,0.028376968567616748,0.3048803489290566,0.005045602298267895,,,2020-05-21,"[""5年国债ETF"", ""10年国债ETF"", ""信用债ETF"", ""日利ETF"", ""沪深300ETF"", ""中证500ETF"", ""中证1000ETF"", ""创业板ETF"", ""红利ETF"", ""半导体ETF"", ""证券ETF"", ""军工ETF"", ""消费ETF"", ""恒生ETF"", ""白银LOF"", ""纳指ETF"", ""标普500ETF"", ""日经225ETF"", ""欧洲ETF"", ""黄金ETF"", ""有色金属期货ETF"", ""能源化工期货ETF"", ""豆粕ETF"", ""原油ETF""]",0.0
2020-05-29,candidate_03,CLARABEL,optimal,0.0828421251906787,,False,False,ewma,True,243,False,,,8.160222708501687e-07,0.33931223887120654,415812.47349744,True,False,0.0,8.160222708869359e-07,3.393122388712065e-07,1e-06,symmetrized,48,24,60.0,CLARABEL,optimal,True,0.33931223887120654,4.8157900326487035e-06,False,20,0,False,2.35,bond=0.70000000;cash=0.30000000;commodity_gold=0.40000000;defensive=0.25000000;equity=0.70000000,48,252,,,False,not_requested,True,0.0008570329928050547,0.0485693441625557,,0.1108024626961234,0.5755857101107523,3.771489787141036e-10,0.2827047338822881,0.30000000037714897,0.08406471423595634,0.028248920003954715,0.304981631500652,0.005051675158065585,,,2020-05-28,"[""5年国债ETF"", ""10年国债ETF"", ""信用债ETF"", ""日利ETF"", ""沪深300ETF"", ""中证500ETF"", ""中证1000ETF"", ""创业板ETF"", ""红利ETF"", ""半导体ETF"", ""证券ETF"", ""军工ETF"", ""消费ETF"", ""恒生ETF"", ""白银LOF"", ""纳指ETF"", ""标普500ETF"", ""日经225ETF"", ""欧洲ETF"", ""黄金ETF"", ""有色金属期货ETF"", ""能源化工期货ETF"", ""豆粕ETF"", ""原油ETF""]",0.0
2020-06-05,candidate_03,CLARABEL,optimal,0.10613418491489163,,False,False,ewma,True,243,False,,,3.9609765917298947e-07,0.396097659180087,1000000.0000179186,True,True,1.3852201460296983e-07,2.5757564457711773e-07,3.9609765918008755e-07,1e-06,symmetrized;eigenvalue_floor,37,25,60.0,CLARABEL,optimal,True,0.396097659180087,2.1938972256940747e-06,False,20,0,False,2.35,bond=0.70000000;cash=0.30000000;commodity_gold=0.40000000;defensive=0.25000000;equity=0.70000000,37,252,,,False,not_requested,True,0.027210392426571976,0.055477516827769476,,0.10946041064917644,0.6498671062567554,0.0,0.26441824758586063,0.2999999999860615,0.09381815455421871,0.02858593424304267,0.31317766363081645,0.005435960241767472,,,2020-06-04,"[""5年国债ETF"", ""10年国债ETF"", ""信用债ETF"", ""日利ETF"", ""沪深300ETF"", ""中证500ETF"", ""中证1000ETF"", ""创业板ETF"", ""红利ETF"", ""半导体ETF"", ""证券ETF"", ""军工ETF"", ""消费ETF"", ""恒生ETF"", ""白银LOF"", ""纳指ETF"", ""标普500ETF"", ""日经225ETF"", ""欧洲ETF"", ""黄金ETF"", ""有色金属期货ETF"", ""能源化工期货ETF"", ""豆粕ETF"", ""煤炭ETF"", ""原油ETF""]",0.0
2020-06-12,candidate_03,CLARABEL,optimal,0.09918583454489587,,False,False,ewma,True,243,False,,,3.8150752701214297e-07,0.3815075270042979,999999.9999794366,True,True,9.370886018119168e-08,2.8779866682310586e-07,3.8150752700429754e-07,1e-06,symmetrized;eigenvalue_floor,39,25,60.0,CLARABEL,optimal,True,0.3815075270042979,3.3139109670843325e-06,False,20,0,False,2.35,bond=0.70000000;cash=0.30000000;commodity_gold=0.40000000;defensive=0.25000000;equity=0.70000000,39,252,,,False,not_requested,True,0.001477543509963515,0.05426126578825655,,0.10902018199389366,0.6297804074807142,3.3028579871086094e-11,0.2635690611947004,0.30000000003302857,0.09395428793188268,0.02820593370178382,0.31427071713860444,0.005419947268470585,,,2020-06-11,"[""5年国债ETF"", ""10年国债ETF"", ""信用债ETF"", ""日利ETF"", ""沪深300ETF"", ""中证500ETF"", ""中证1000ETF"", ""创业板ETF"", ""红利ETF"", ""半导体ETF"", ""证券ETF"", ""军工ETF"", ""消费ETF"", ""恒生ETF"", ""白银LOF"", ""纳指ETF"", ""标普500ETF"", ""日经225ETF"", ""欧洲ETF"", ""黄金ETF"", ""有色金属期货ETF"", ""能源化工期货ETF"", ""豆粕ETF"", ""煤炭ETF"", ""原油ETF""]",0.0
2020-06-19,candidate_03,CLARABEL,optimal,0.09952803502186534,,False,False,ewma,True,243,False,,,3.7708032989491663e-07,0.37708032990604334,1000000.0000295076,True,True,5.1405111683127316e-08,3.2567521822291573e-07,3.7708032990604305e-07,1e-06,symmetrized;eigenvalue_floor,42,25,60.0,CLARABEL,optimal,True,0.37708032990604334,3.818074915395986e-06,False,20,0,False,2.35,bond=0.70000000;cash=0.30000000;commodity_gold=0.40000000;defensive=0.25000000;equity=0.70000000,42,252,,,False,not_requested,True,0.0022555637080977726,0.053407354525020725,,0.10867317187859281,0.6308161287684106,2.3329882470335406e-10,0.26444614353230445,0.3000000002332988,0.09301706110705461,0.028745907142102314,0.3137908879852399,0.0054125870282606,,,2020-06-18,"[""5年国债ETF"", ""10年国债ETF"", ""信用债ETF"", ""日利ETF"", ""沪深300ETF"", ""中证500ETF"", ""中证1000ETF"", ""创业板ETF"", ""红利ETF"", ""半导体ETF"", ""证券ETF"", ""军工ETF"", ""消费ETF"", ""恒生ETF"", ""白银LOF"", ""纳指ETF"", ""标普500ETF"", ""日经225ETF"", ""欧洲ETF"", ""黄金ETF"", ""有色金属期货ETF"", ""能源化工期货ETF"", ""豆粕ETF"", ""煤炭ETF"", ""原油ETF""]",0.0
2020-06-24,candidate_03,CLARABEL,optimal,0.09818588181704599,,False,False,ewma,True,243,False,,,5.589291816225371e-07,0.3735353348377771,668305.3007778678,True,False,0.0,5.589291816226329e-07,3.735353348377772e-07,1e-06,symmetrized,44,25,60.0,CLARABEL,optimal,True,0.3735353348377771,2.6161029471130637e-06,False,20,0,False,2.35,bond=0.70000000;cash=0.30000000;commodity_gold=0.40000000;defensive=0.25000000;equity=0.70000000,44,252,,,False,not_requested,True,0.0036453650769966797,0.05341706206961902,,0.10791691850130117,0.6264563221996661,4.960653554597627e-10,0.2604106284983879,0.30000000049606534,0.0930960603312349,0.028293780966819365,0.31819952970749243,0.005422498079536488,,,2020-06-23,"[""5年国债ETF"", ""10年国债ETF"", ""信用债ETF"", ""日利ETF"", ""沪深300ETF"", ""中证500ETF"", ""中证1000ETF"", ""创业板ETF"", ""红利ETF"", ""半导体ETF"", ""证券ETF"", ""军工ETF"", ""消费ETF"", ""恒生ETF"", ""白银LOF"", ""纳指ETF"", ""标普500ETF"", ""日经225ETF"", ""欧洲ETF"", ""黄金ETF"", ""有色金属期货ETF"", ""能源化工期货ETF"", ""豆粕ETF"", ""煤炭ETF"", ""原油ETF""]",0.0
2020-07-03,candidate_03,CLARABEL,optimal,0.060634860897291,,False,False,ewma,True,243,False,,,1.1912189465613188e-06,0.4016601797388467,337184.1766774409,True,False,0.0,1.191218946561344e-06,4.016601797388468e-07,1e-06,symmetrized,48,25,60.0,CLARABEL,optimal,True,0.4016601797388467,3.70183219266379e-06,False,20,0,False,2.35,bond=0.70000000;cash=0.30000000;commodity_gold=0.40000000;defensive=0.25000000;equity=0.70000000,48,252,,,False,not_requested,True,0.006006109408085772,0.05596958055850904,,0.10735290129406824,0.49198754812009965,4.3695025375711793e-10,0.2554934921238715,0.30000000043695024,0.09208496292208423,0.029131976754364648,0.32328956776272944,0.005765060282924811,,,2020-07-02,"[""5年国债ETF"", ""10年国债ETF"", ""信用债ETF"", ""日利ETF"", ""沪深300ETF"", ""中证500ETF"", ""中证1000ETF"", ""创业板ETF"", ""红利ETF"", ""半导体ETF"", ""证券ETF"", ""军工ETF"", ""消费ETF"", ""恒生ETF"", ""白银LOF"", ""纳指ETF"", ""标普500ETF"", ""日经225ETF"", ""欧洲ETF"", ""黄金ETF"", ""有色金属期货ETF"", ""能源化工期货ETF"", ""豆粕ETF"", ""煤炭ETF"", ""原油ETF""]",0.0
2020-07-10,candidate_03,CLARABEL,optimal,0.06882914359442464,,False,False,ewma,True,243,False,,,7.739097461127273e-07,0.3898205402681475,503702.84419621,True,False,0.0,7.739097461120222e-07,3.898205402681474e-07,1e-06,symmetrized,41,26,60.0,CLARABEL,optimal,True,0.3898205402681475,3.0830324834404954e-06,False,20,0,False,2.35,bond=0.70000000;cash=0.30000000;commodity_gold=0.40000000;defensive=0.25000000;equity=0.70000000,41,252,,,False,not_requested,True,0.011222763550750076,0.05626131533588031,,0.10508238679824285,0.523837079612928,3.939809034569919e-10,0.24355058432609206,0.3000000003939809,0.09203652371002814,0.029076177216759303,0.3353367143531396,0.005356190908319286,,,2020-07-09,"[""可转债ETF"", ""5年国债ETF"", ""10年国债ETF"", ""信用债ETF"", ""日利ETF"", ""沪深300ETF"", ""中证500ETF"", ""中证1000ETF"", ""创业板ETF"", ""红利ETF"", ""半导体ETF"", ""证券ETF"", ""军工ETF"", ""消费ETF"", ""恒生ETF"", ""白银LOF"", ""纳指ETF"", ""标普500ETF"", ""日经225ETF"", ""欧洲ETF"", ""黄金ETF"", ""有色金属期货ETF"", ""能源化工期货ETF"", ""豆粕ETF"", ""煤炭ETF"", ""原油ETF""]",0.0
2020-07-17,candidate_03,CLARABEL,optimal,0.0722052890926221,,False,False,ewma,True,243,False,,,1.4879006393164228e-06,0.40927838423902396,275071.045353577,True,False,0.0,1.4879006393168723e-06,4.0927838423902395e-07,1e-06,symmetrized,44,26,60.0,CLARABEL,optimal,True,0.40927838423902396,4.372871643572307e-06,False,20,0,False,2.35,bond=0.70000000;cash=0.30000000;commodity_gold=0.40000000;defensive=0.25000000;equity=0.70000000,44,252,,,False,not_requested,True,0.00456499716242073,0.05575206657959018,,0.10521176056067136,0.5370758592609614,1.0660450300292723e-10,0.24916490472080366,0.3000000001066045,0.09185989568032642,0.027822949646090066,0.3311522498461753,0.005277076974396673,,,2020-07-16,"[""可转债ETF"", ""5年国债ETF"", ""10年国债ETF"", ""信用债ETF"", ""日利ETF"", ""沪深300ETF"", ""中证500ETF"", ""中证1000ETF"", ""创业板ETF"", ""红利ETF"", ""半导体ETF"", ""证券ETF"", ""军工ETF"", ""消费ETF"", ""恒生ETF"", ""白银LOF"", ""纳指ETF"", ""标普500ETF"", ""日经225ETF"", ""欧洲ETF"", ""黄金ETF"", ""有色金属期货ETF"", ""能源化工期货ETF"", ""豆粕ETF"", ""煤炭ETF"", ""原油ETF""]",0.0
2020-07-24,candidate_03,CLARABEL,optimal,0.0748179408838048,,False,False,ewma,True,243,False,,,1.6284882425841769e-06,0.38844660338277537,238532.0281872999,True,False,0.0,1.6284882425841292e-06,3.884466033827752e-07,1e-06,symmetrized,46,26,60.0,SCS,optimal,True,0.38844660338277537,9.63579198900652e-06,False,20,0,False,2.35,bond=0.70000000;cash=0.30000000;commodity_gold=0.40000000;defensive=0.25000000;equity=0.70000000,46,252,,,False,not_requested,True,0.009989394161447458,0.05689629536439103,,0.10740993163019809,0.5463154992578096,6.033110677705622e-10,0.2407072683127977,0.30000000060331106,0.09344836810298446,0.028036230905636422,0.3378081320752704,0.00533275113183729,,,2020-07-23,"[""可转债ETF"", ""5年国债ETF"", ""10年国债ETF"", ""信用债ETF"", ""日利ETF"", ""沪深300ETF"", ""中证500ETF"", ""中证1000ETF"", ""创业板ETF"", ""红利ETF"", ""半导体ETF"", ""证券ETF"", ""军工ETF"", ""消费ETF"", ""恒生ETF"", ""白银LOF"", ""纳指ETF"", ""标普500ETF"", ""日经225ETF"", ""欧洲ETF"", ""黄金ETF"", ""有色金属期货ETF"", ""能源化工期货ETF"", ""豆粕ETF"", ""煤炭ETF"", ""原油ETF""]",0.0
2020-07-31,candidate_03,CLARABEL,optimal,0.08291700193339531,,False,False,ewma,True,243,False,,,1.7183960516663446e-06,0.39635382856681767,230653.36316530153,True,False,0.0,1.7183960516661517e-06,3.963538285668178e-07,1e-06,symmetrized,50,26,60.0,CLARABEL,optimal,True,0.39635382856681767,3.0750026793549545e-06,False,20,0,False,2.35,bond=0.70000000;cash=0.30000000;commodity_gold=0.40000000;defensive=0.25000000;equity=0.70000000,50,252,,,False,not_requested,True,4.7876165048983677e-05,0.05707700186827361,,0.1069394232995865,0.5759028739197081,3.795835867848041e-11,0.24006705165685233,0.30000000003795835,0.09522272403271759,0.02763427266606624,0.3370759516064056,0.005244451115754517,,,2020-07-30,"[""可转债ETF"", ""5年国债ETF"", ""10年国债ETF"", ""信用债ETF"", ""日利ETF"", ""沪深300ETF"", ""中证500ETF"", ""中证1000ETF"", ""创业板ETF"", ""红利ETF"", ""半导体ETF"", ""证券ETF"", ""军工ETF"", ""消费ETF"", ""恒生ETF"", ""白银LOF"", ""纳指ETF"", ""标普500ETF"", ""日经225ETF"", ""欧洲ETF"", ""黄金ETF"", ""有色金属期货ETF"", ""能源化工期货ETF"", ""豆粕ETF"", ""煤炭ETF"", ""原油ETF""]",0.0
2020-08-07,candidate_03,CLARABEL,optimal,0.08138114354136859,,False,False,ewma,True,243,False,,,2.1030797288726718e-06,0.3832010849347931,182209.49005114657,True,False,0.0,2.1030797288726912e-06,3.832010849347934e-07,1e-06,symmetrized,53,26,60.0,CLARABEL,optimal,True,0.3832010849347931,4.033555830548763e-06,False,20,0,False,2.35,bond=0.70000000;cash=0.30000000;commodity_gold=0.40000000;defensive=0.25000000;equity=0.70000000,53,252,,,False,not_requested,True,0.0068926728881418976,0.05633775563889361,,0.10525089393824946,0.5700569174450542,1.437718499808227e-09,0.23347920305537637,0.3000000014377185,0.0978381191317455,0.028113001267184346,0.34056967510797514,0.00526917440724588,,,2020-08-06,"[""可转债ETF"", ""5年国债ETF"", ""10年国债ETF"", ""信用债ETF"", ""日利ETF"", ""沪深300ETF"", ""中证500ETF"", ""中证1000ETF"", ""创业板ETF"", ""红利ETF"", ""半导体ETF"", ""证券ETF"", ""军工ETF"", ""消费ETF"", ""恒生ETF"", ""白银LOF"", ""纳指ETF"", ""标普500ETF"", ""日经225ETF"", ""欧洲ETF"", ""黄金ETF"", ""有色金属期货ETF"", ""能源化工期货ETF"", ""豆粕ETF"", ""煤炭ETF"", ""原油ETF""]",0.0
2020-08-14,candidate_03,CLARABEL,optimal,0.0793723132488327,,False,False,ewma,True,243,False,,,1.9682280181111725e-06,0.37474263235146377,190395.94442471603,True,False,0.0,1.968228018111027e-06,3.7474263235146404e-07,1e-06,symmetrized,57,26,60.0,CLARABEL,optimal,True,0.37474263235146377,4.737619226417855e-06,False,20,0,False,2.35,bond=0.70000000;cash=0.30000000;commodity_gold=0.40000000;defensive=0.25000000;equity=0.70000000,57,252,,,False,not_requested,True,0.0036476976149531276,0.05487580812272352,,0.10641516702078604,0.5631989523685185,6.047051193114328e-10,0.23578457766241095,0.3000000006047051,0.09927288752117186,0.028462492984954253,0.3364800412267579,0.005291045653951909,,,2020-08-13,"[""可转债ETF"", ""5年国债ETF"", ""10年国债ETF"", ""信用债ETF"", ""日利ETF"", ""沪深300ETF"", ""中证500ETF"", ""中证1000ETF"", ""创业板ETF"", ""红利ETF"", ""半导体ETF"", ""证券ETF"", ""军工ETF"", ""消费ETF"", ""恒生ETF"", ""白银LOF"", ""纳指ETF"", ""标普500ETF"", ""日经225ETF"", ""欧洲ETF"", ""黄金ETF"", ""有色金属期货ETF"", ""能源化工期货ETF"", ""豆粕ETF"", ""煤炭ETF"", ""原油ETF""]",0.0
2020-08-21,candidate_03,CLARABEL,optimal,0.08749565274048375,,False,False,ewma,True,243,False,,,1.81412270690931e-06,0.40611272188762426,223861.770949062,True,False,0.0,1.8141227069094539e-06,4.0611272188762404e-07,1e-06,symmetrized,61,26,60.0,CLARABEL,optimal,True,0.40611272188762426,4.003056280177386e-06,False,20,0,False,2.35,bond=0.70000000;cash=0.30000000;commodity_gold=0.40000000;defensive=0.25000000;equity=0.70000000,61,252,,,False,not_requested,True,0.00038371084798828874,0.058600396068347736,,0.10756421744471102,0.5915669477253427,9.30780452712554e-11,0.2358752991961227,0.30000000009307803,0.09765352485781809,0.029048319464093413,0.33742285638888775,0.006214667774058496,,,2020-08-20,"[""可转债ETF"", ""5年国债ETF"", ""10年国债ETF"", ""信用债ETF"", ""日利ETF"", ""沪深300ETF"", ""中证500ETF"", ""中证1000ETF"", ""创业板ETF"", ""红利ETF"", ""半导体ETF"", ""证券ETF"", ""军工ETF"", ""消费ETF"", ""恒生ETF"", ""白银LOF"", ""纳指ETF"", ""标普500ETF"", ""日经225ETF"", ""欧洲ETF"", ""黄金ETF"", ""有色金属期货ETF"", ""能源化工期货ETF"", ""豆粕ETF"", ""煤炭ETF"", ""原油ETF""]",0.0
2020-08-28,candidate_03,CLARABEL,optimal,0.08902993117198504,,False,False,ewma,True,243,False,,,1.9224282389189775e-06,0.40907771232604806,212792.18856880776,True,False,0.0,1.92242823891954e-06,4.0907771232604815e-07,1e-06,symmetrized,66,26,60.0,CLARABEL,optimal,True,0.40907771232604806,3.195719384271878e-06,False,20,0,False,2.35,bond=0.70000000;cash=0.30000000;commodity_gold=0.40000000;defensive=0.25000000;equity=0.70000000,66,252,,,False,not_requested,True,0.0042782561960415435,0.059650533158356556,,0.10803074503042039,0.5964665374393021,2.60602650570263e-11,0.23138174102831582,0.30000000002606025,0.09644706907423839,0.028312056798733234,0.34385913307265237,0.0062129766284713065,,,2020-08-27,"[""可转债ETF"", ""5年国债ETF"", ""10年国债ETF"", ""信用债ETF"", ""日利ETF"", ""沪深300ETF"", ""中证500ETF"", ""中证1000ETF"", ""创业板ETF"", ""红利ETF"", ""半导体ETF"", ""证券ETF"", ""军工ETF"", ""消费ETF"", ""恒生ETF"", ""白银LOF"", ""纳指ETF"", ""标普500ETF"", ""日经225ETF"", ""欧洲ETF"", ""黄金ETF"", ""有色金属期货ETF"", ""能源化工期货ETF"", ""豆粕ETF"", ""煤炭ETF"", ""原油ETF""]",0.0
2020-09-04,candidate_03,CLARABEL,optimal,0.08946734512011859,,False,False,ewma,True,243,False,,,1.923950559040079e-06,0.3995918810167458,207693.42493713304,True,False,0.0,1.9239505590403455e-06,3.995918810167458e-07,1e-06,symmetrized,69,26,60.0,CLARABEL,optimal,True,0.3995918810167458,3.312626146459441e-06,False,20,0,False,2.35,bond=0.70000000;cash=0.30000000;commodity_gold=0.40000000;defensive=0.25000000;equity=0.70000000,69,252,,,False,not_requested,True,0.0032071897967152247,0.059362679656569946,,0.10889172379507753,0.5980041443577091,4.779693307810362e-11,0.22863859365827977,0.3000000000477969,0.09489240114876726,0.028314677901742445,0.34815432724341355,0.006225033339968713,,,2020-09-03,"[""可转债ETF"", ""5年国债ETF"", ""10年国债ETF"", ""信用债ETF"", ""日利ETF"", ""沪深300ETF"", ""中证500ETF"", ""中证1000ETF"", ""创业板ETF"", ""红利ETF"", ""半导体ETF"", ""证券ETF"", ""军工ETF"", ""消费ETF"", ""恒生ETF"", ""白银LOF"", ""纳指ETF"", ""标普500ETF"", ""日经225ETF"", ""欧洲ETF"", ""黄金ETF"", ""有色金属期货ETF"", ""能源化工期货ETF"", ""豆粕ETF"", ""煤炭ETF"", ""原油ETF""]",0.0
2020-09-11,candidate_03,CLARABEL,optimal,0.08955115545784881,,False,False,ewma,True,243,False,,,1.9681092283591723e-06,0.4004351289752449,203461.8420589851,True,False,0.0,1.9681092283589538e-06,4.004351289752451e-07,1e-06,symmetrized,70,26,60.0,CLARABEL,optimal,True,0.4004351289752449,2.9652329556553725e-06,False,20,0,False,2.35,bond=0.70000000;cash=0.30000000;commodity_gold=0.40000000;defensive=0.25000000;equity=0.70000000,70,252,,,False,not_requested,True,0.009819905642698194,0.057591022958170715,,0.10883063374076407,0.5978354669080852,0.0,0.2330058365742308,0.2999999999690623,0.09916457621574354,0.028135428983524002,0.3396941582574394,0.006116118080197321,,,2020-09-10,"[""可转债ETF"", ""5年国债ETF"", ""10年国债ETF"", ""信用债ETF"", ""日利ETF"", ""沪深300ETF"", ""中证500ETF"", ""中证1000ETF"", ""创业板ETF"", ""红利ETF"", ""半导体ETF"", ""证券ETF"", ""军工ETF"", ""消费ETF"", ""恒生ETF"", ""白银LOF"", ""纳指ETF"", ""标普500ETF"", ""日经225ETF"", ""欧洲ETF"", ""黄金ETF"", ""有色金属期货ETF"", ""能源化工期货ETF"", ""豆粕ETF"", ""煤炭ETF"", ""原油ETF""]",0.0
2020-09-18,candidate_03,CLARABEL,optimal,0.08755657641107528,,False,False,ewma,True,243,False,,,1.8652335006126324e-06,0.3763686250133351,201780.96999100517,True,False,0.0,1.8652335006113603e-06,3.76368625013335e-07,1e-06,symmetrized,74,26,60.0,CLARABEL,optimal,True,0.3763686250133351,2.4447326707893735e-06,False,20,0,False,2.35,bond=0.70000000;cash=0.30000000;commodity_gold=0.40000000;defensive=0.25000000;equity=0.70000000,74,252,,,False,not_requested,True,0.0014443519663496314,0.05718176288546357,,0.10889028909281012,0.5917001134566678,8.471445767099794e-11,0.23357033102472383,0.30000000008471445,0.09850571476133911,0.02838077535242623,0.3395431787767966,0.006078462307473872,,,2020-09-17,"[""可转债ETF"", ""5年国债ETF"", ""10年国债ETF"", ""信用债ETF"", ""日利ETF"", ""沪深300ETF"", ""中证500ETF"", ""中证1000ETF"", ""创业板ETF"", ""红利ETF"", ""半导体ETF"", ""证券ETF"", ""军工ETF"", ""消费ETF"", ""恒生ETF"", ""白银LOF"", ""纳指ETF"", ""标普500ETF"", ""日经225ETF"", ""欧洲ETF"", ""黄金ETF"", ""有色金属期货ETF"", ""能源化工期货ETF"", ""豆粕ETF"", ""煤炭ETF"", ""原油ETF""]",0.0
2020-09-25,candidate_03,CLARABEL,optimal,0.08149628292174863,,False,False,ewma,True,243,False,,,1.9523659990535182e-06,0.389088456519583,199290.73580886374,True,False,0.0,1.952365999053774e-06,3.8908845651958315e-07,1e-06,symmetrized,77,26,60.0,CLARABEL,optimal,True,0.389088456519583,2.3348569045122947e-06,False,20,0,False,2.35,bond=0.70000000;cash=0.30000000;commodity_gold=0.40000000;defensive=0.25000000;equity=0.70000000,77,252,,,False,not_requested,True,0.008322382829968854,0.059736978436675206,,0.10691388291523717,0.5703589695982706,2.519257025213051e-10,0.23777947105326097,0.3000000002519257,0.0970704343195656,0.0282363625204164,0.3369137318548314,0.006975774104327221,,,2020-09-24,"[""可转债ETF"", ""5年国债ETF"", ""10年国债ETF"", ""信用债ETF"", ""日利ETF"", ""沪深300ETF"", ""中证500ETF"", ""中证1000ETF"", ""创业板ETF"", ""红利ETF"", ""半导体ETF"", ""证券ETF"", ""军工ETF"", ""消费ETF"", ""恒生ETF"", ""白银LOF"", ""纳指ETF"", ""标普500ETF"", ""日经225ETF"", ""欧洲ETF"", ""黄金ETF"", ""有色金属期货ETF"", ""能源化工期货ETF"", ""豆粕ETF"", ""煤炭ETF"", ""原油ETF""]",0.0
2020-09-30,candidate_03,CLARABEL,optimal,0.07993725037994637,,False,False,ewma,True,243,False,,,1.8774093646654595e-06,0.37570352253193684,200118.0614111214,True,False,0.0,1.8774093646650484e-06,3.7570352253193677e-07,1e-06,symmetrized,80,26,60.0,CLARABEL,optimal,True,0.37570352253193684,2.3696670117326346e-06,False,20,0,False,2.35,bond=0.70000000;cash=0.30000000;commodity_gold=0.40000000;defensive=0.25000000;equity=0.70000000,80,252,,,False,not_requested,True,0.003012620372484159,0.05899609187244175,,0.10732490858700122,0.5652471819881457,1.8657859701676216e-09,0.2343533941141711,0.30000000186578596,0.09747350870892074,0.028042021349258824,0.3401310739618632,0.00699342482328699,,,2020-09-29,"[""可转债ETF"", ""5年国债ETF"", ""10年国债ETF"", ""信用债ETF"", ""日利ETF"", ""沪深300ETF"", ""中证500ETF"", ""中证1000ETF"", ""创业板ETF"", ""红利ETF"", ""半导体ETF"", ""证券ETF"", ""军工ETF"", ""消费ETF"", ""恒生ETF"", ""白银LOF"", ""纳指ETF"", ""标普500ETF"", ""日经225ETF"", ""欧洲ETF"", ""黄金ETF"", ""有色金属期货ETF"", ""能源化工期货ETF"", ""豆粕ETF"", ""煤炭ETF"", ""原油ETF""]",0.0
2020-10-09,candidate_03,CLARABEL,optimal,0.07242589557377609,,False,False,ewma,True,243,False,,,2.426917885733335e-06,0.36937361936157587,152198.647318454,True,False,0.0,2.4269178857332336e-06,3.69373619361576e-07,1e-06,symmetrized,81,26,60.0,CLARABEL,optimal,True,0.36937361936157587,4.268689592024089e-06,False,20,0,False,2.35,bond=0.70000000;cash=0.30000000;commodity_gold=0.40000000;defensive=0.25000000;equity=0.70000000,81,252,,,False,not_requested,True,0.00033101953004902084,0.05848389750328328,,0.10737690072506687,0.538216223751444,8.966855036263155e-11,0.23435414655750558,0.30000000008966854,0.09765400937409587,0.02796727044918139,0.34002457352954885,0.006973194965922242,,,2020-09-30,"[""可转债ETF"", ""5年国债ETF"", ""10年国债ETF"", ""信用债ETF"", ""日利ETF"", ""沪深300ETF"", ""中证500ETF"", ""中证1000ETF"", ""创业板ETF"", ""红利ETF"", ""半导体ETF"", ""证券ETF"", ""军工ETF"", ""消费ETF"", ""恒生ETF"", ""白银LOF"", ""纳指ETF"", ""标普500ETF"", ""日经225ETF"", ""欧洲ETF"", ""黄金ETF"", ""有色金属期货ETF"", ""能源化工期货ETF"", ""豆粕ETF"", ""煤炭ETF"", ""原油ETF""]",0.0
2020-10-16,candidate_03,CLARABEL,optimal,0.0770719141095868,,False,False,ewma,True,243,False,,,2.42360864366074e-06,0.41864978598546154,172738.19644128348,True,False,0.0,2.423608643660696e-06,4.1864978598546145e-07,1e-06,symmetrized,85,26,60.0,CLARABEL,optimal,True,0.41864978598546154,5.234789556135544e-06,False,20,0,False,2.35,bond=0.70000000;cash=0.30000000;commodity_gold=0.40000000;defensive=0.25000000;equity=0.70000000,85,252,,,False,not_requested,True,0.007749968374719224,0.06335038017696042,,0.10598101512171859,0.5546695944491145,1.0121853355471444e-10,0.2272662965372369,0.3000000001012185,0.09686919042914764,0.028189448617029742,0.3476750643153674,0.007009228710742711,,,2020-10-15,"[""可转债ETF"", ""5年国债ETF"", ""10年国债ETF"", ""信用债ETF"", ""日利ETF"", ""沪深300ETF"", ""中证500ETF"", ""中证1000ETF"", ""创业板ETF"", ""红利ETF"", ""半导体ETF"", ""证券ETF"", ""军工ETF"", ""消费ETF"", ""恒生ETF"", ""白银LOF"", ""纳指ETF"", ""标普500ETF"", ""日经225ETF"", ""欧洲ETF"", ""黄金ETF"", ""有色金属期货ETF"", ""能源化工期货ETF"", ""豆粕ETF"", ""煤炭ETF"", ""原油ETF""]",0.0
2020-10-23,candidate_03,CLARABEL,optimal,0.07603834562903883,,False,False,ewma,True,243,False,,,2.3872628989951103e-06,0.3921315673533967,164259.90095957165,True,False,0.0,2.387262898994244e-06,3.9213156735339673e-07,1e-06,symmetrized,90,26,60.0,CLARABEL,optimal,True,0.3921315673533967,3.63805989685162e-06,False,20,0,False,2.35,bond=0.70000000;cash=0.30000000;commodity_gold=0.40000000;defensive=0.25000000;equity=0.70000000,90,252,,,False,not_requested,True,0.0030623150347929397,0.06067335336597454,,0.10561434179779183,0.5512755413904468,2.4777624396676856e-11,0.2293029012832522,0.3000000000247776,0.09827037331175051,0.02803084589085679,0.3443958794893629,0.006878366881418778,,,2020-10-22,"[""可转债ETF"", ""5年国债ETF"", ""10年国债ETF"", ""信用债ETF"", ""日利ETF"", ""沪深300ETF"", ""中证500ETF"", ""中证1000ETF"", ""创业板ETF"", ""红利ETF"", ""半导体ETF"", ""证券ETF"", ""军工ETF"", ""消费ETF"", ""恒生ETF"", ""白银LOF"", ""纳指ETF"", ""标普500ETF"", ""日经225ETF"", ""欧洲ETF"", ""黄金ETF"", ""有色金属期货ETF"", ""能源化工期货ETF"", ""豆粕ETF"", ""煤炭ETF"", ""原油ETF""]",0.0
2020-10-30,candidate_03,CLARABEL,optimal,0.07509711869951113,,False,False,ewma,True,243,False,,,2.4277531287600957e-06,0.3762150710458224,154964.30283171474,True,False,0.0,2.427753128760049e-06,3.7621507104582224e-07,1e-06,symmetrized,95,26,60.0,CLARABEL,optimal,True,0.3762150710458224,3.27391954020248e-06,False,20,0,False,2.35,bond=0.70000000;cash=0.30000000;commodity_gold=0.40000000;defensive=0.25000000;equity=0.70000000,95,252,,,False,not_requested,True,0.0037624728856735794,0.059097593706315094,,0.10410090294333772,0.5477982858678255,8.489287051105521e-11,0.23127464302297557,0.30000000008489286,0.09676271690058562,0.028156634631301088,0.3438060053602449,0.006756709408307373,,,2020-10-29,"[""可转债ETF"", ""5年国债ETF"", ""10年国债ETF"", ""信用债ETF"", ""日利ETF"", ""沪深300ETF"", ""中证500ETF"", ""中证1000ETF"", ""创业板ETF"", ""红利ETF"", ""半导体ETF"", ""证券ETF"", ""军工ETF"", ""消费ETF"", ""恒生ETF"", ""白银LOF"", ""纳指ETF"", ""标普500ETF"", ""日经225ETF"", ""欧洲ETF"", ""黄金ETF"", ""有色金属期货ETF"", ""能源化工期货ETF"", ""豆粕ETF"", ""煤炭ETF"", ""原油ETF""]",0.0
2020-11-06,candidate_03,CLARABEL,optimal,0.0759908277257276,,False,False,ewma,True,243,False,,,2.6652581561284694e-06,0.38699353891198607,145199.27010527547,True,False,0.0,2.665258156128774e-06,3.869935389119857e-07,1e-06,symmetrized,99,26,60.0,CLARABEL,optimal,True,0.38699353891198607,2.607309609381492e-06,False,20,0,False,2.35,bond=0.70000000;cash=0.30000000;commodity_gold=0.40000000;defensive=0.25000000;equity=0.70000000,99,252,,,False,not_requested,True,0.0055928520199429845,0.062422711930689,,0.1067257774465664,0.5509166645862976,9.6836710872239e-10,0.2264720285848471,0.3000000009683671,0.09742060516559176,0.02874322471829088,0.347364140562903,0.007326251153701696,,,2020-11-05,"[""可转债ETF"", ""5年国债ETF"", ""10年国债ETF"", ""信用债ETF"", ""日利ETF"", ""沪深300ETF"", ""中证500ETF"", ""中证1000ETF"", ""创业板ETF"", ""红利ETF"", ""半导体ETF"", ""证券ETF"", ""军工ETF"", ""消费ETF"", ""恒生ETF"", ""白银LOF"", ""纳指ETF"", ""标普500ETF"", ""日经225ETF"", ""欧洲ETF"", ""黄金ETF"", ""有色金属期货ETF"", ""能源化工期货ETF"", ""豆粕ETF"", ""煤炭ETF"", ""原油ETF""]",0.0
2020-11-13,candidate_03,CLARABEL,optimal,0.07427397981886871,,False,False,ewma,True,243,False,,,2.71421502795651e-06,0.3743709215606119,137929.72100757615,True,False,0.0,2.714215027956567e-06,3.743709215606121e-07,1e-06,symmetrized,101,26,60.0,CLARABEL,optimal,True,0.3743709215606119,2.859913078953613e-06,False,20,0,False,2.35,bond=0.70000000;cash=0.30000000;commodity_gold=0.40000000;defensive=0.25000000;equity=0.70000000,101,252,,,False,not_requested,True,0.0006205176239391782,0.06120735383973676,,0.10797312591016327,0.54501883751338,2.998068460158265e-11,0.22558441734742385,0.3000000000299807,0.09721560750139456,0.0296286236734151,0.34757135144778567,0.007309263136473268,,,2020-11-12,"[""可转债ETF"", ""5年国债ETF"", ""10年国债ETF"", ""信用债ETF"", ""日利ETF"", ""沪深300ETF"", ""中证500ETF"", ""中证1000ETF"", ""创业板ETF"", ""红利ETF"", ""半导体ETF"", ""证券ETF"", ""军工ETF"", ""消费ETF"", ""恒生ETF"", ""白银LOF"", ""纳指ETF"", ""标普500ETF"", ""日经225ETF"", ""欧洲ETF"", ""黄金ETF"", ""有色金属期货ETF"", ""能源化工期货ETF"", ""豆粕ETF"", ""煤炭ETF"", ""原油ETF""]",0.0
2020-11-20,candidate_03,CLARABEL,optimal,0.07725826193132869,,False,False,ewma,True,243,False,,,2.6817687364255485e-06,0.35575152203394056,132655.55571660196,True,False,0.0,2.6817687364252664e-06,3.5575152203394057e-07,1e-06,symmetrized,106,26,60.0,CLARABEL,optimal,True,0.35575152203394056,3.679169562606499e-06,False,20,0,False,2.35,bond=0.70000000;cash=0.30000000;commodity_gold=0.40000000;defensive=0.25000000;equity=0.70000000,106,252,,,False,not_requested,True,0.0005126940018110324,0.06043926507209567,,0.10936335706565761,0.5558699640854574,6.456046808267502e-11,0.22434105390633843,0.30000000006456046,0.09738897703468136,0.030049442668768505,0.34822052632565126,0.007254515492919502,,,2020-11-19,"[""可转债ETF"", ""5年国债ETF"", ""10年国债ETF"", ""信用债ETF"", ""日利ETF"", ""沪深300ETF"", ""中证500ETF"", ""中证1000ETF"", ""创业板ETF"", ""红利ETF"", ""半导体ETF"", ""证券ETF"", ""军工ETF"", ""消费ETF"", ""恒生ETF"", ""白银LOF"", ""纳指ETF"", ""标普500ETF"", ""日经225ETF"", ""欧洲ETF"", ""黄金ETF"", ""有色金属期货ETF"", ""能源化工期货ETF"", ""豆粕ETF"", ""煤炭ETF"", ""原油ETF""]",0.0
2020-11-27,candidate_03,CLARABEL,optimal,0.07724044467717296,,False,False,ewma,True,243,False,,,2.5314769670524176e-06,0.34719997199714214,137153.1230645216,True,False,0.0,2.531476967052607e-06,3.471999719971422e-07,1e-06,symmetrized,110,26,60.0,CLARABEL,optimal,True,0.34719997199714214,3.5937445030595483e-06,False,20,0,False,2.35,bond=0.70000000;cash=0.30000000;commodity_gold=0.40000000;defensive=0.25000000;equity=0.70000000,110,252,,,False,not_requested,True,0.00021171062963432942,0.05921296013232257,,0.1096970192962093,0.555827840077812,5.033312655555733e-11,0.22421219579824764,0.3000000000503331,0.09648594001090731,0.030169184831009804,0.349132679309502,0.007203006546732876,,,2020-11-26,"[""可转债ETF"", ""5年国债ETF"", ""10年国债ETF"", ""信用债ETF"", ""日利ETF"", ""沪深300ETF"", ""中证500ETF"", ""中证1000ETF"", ""创业板ETF"", ""红利ETF"", ""半导体ETF"", ""证券ETF"", ""军工ETF"", ""消费ETF"", ""恒生ETF"", ""白银LOF"", ""纳指ETF"", ""标普500ETF"", ""日经225ETF"", ""欧洲ETF"", ""黄金ETF"", ""有色金属期货ETF"", ""能源化工期货ETF"", ""豆粕ETF"", ""煤炭ETF"", ""原油ETF""]",0.0
2020-12-04,candidate_03,CLARABEL,optimal,0.0778654460758447,,False,False,ewma,True,243,False,,,2.487645223636669e-06,0.3412598499918331,137181.88057899513,True,False,0.0,2.4876452236367794e-06,3.412598499918335e-07,1e-06,symmetrized,114,26,60.0,CLARABEL,optimal,True,0.3412598499918331,4.411284097532997e-06,False,20,0,False,2.35,bond=0.70000000;cash=0.30000000;commodity_gold=0.40000000;defensive=0.25000000;equity=0.70000000,114,252,,,False,not_requested,True,0.003558249284684103,0.059370401170155816,,0.11038158951440978,0.5578286963409668,3.9638969884236985e-10,0.22209704352627774,0.3000000003963897,0.09611707992950666,0.029740946924443103,0.3520449292233829,0.007194401770911005,,,2020-12-03,"[""可转债ETF"", ""5年国债ETF"", ""10年国债ETF"", ""信用债ETF"", ""日利ETF"", ""沪深300ETF"", ""中证500ETF"", ""中证1000ETF"", ""创业板ETF"", ""红利ETF"", ""半导体ETF"", ""证券ETF"", ""军工ETF"", ""消费ETF"", ""恒生ETF"", ""白银LOF"", ""纳指ETF"", ""标普500ETF"", ""日经225ETF"", ""欧洲ETF"", ""黄金ETF"", ""有色金属期货ETF"", ""能源化工期货ETF"", ""豆粕ETF"", ""煤炭ETF"", ""原油ETF""]",0.0
2020-12-11,candidate_03,CLARABEL,optimal,0.07683890894368722,,False,False,ewma,True,243,False,,,2.6033100866868197e-06,0.3312420344925342,127238.79348314562,True,False,0.0,2.60331008668721e-06,3.312420344925344e-07,1e-06,symmetrized,116,26,60.0,CLARABEL,optimal,True,0.3312420344925342,2.4482747120295467e-06,False,20,0,False,2.35,bond=0.70000000;cash=0.30000000;commodity_gold=0.40000000;defensive=0.25000000;equity=0.70000000,116,252,,,False,not_requested,True,0.0016231896822996817,0.058367035371128424,,0.10913122586623225,0.5542777577826357,3.5403646680975953e-10,0.22331515826448858,0.30000000035403646,0.09720417311709591,0.028960049487044896,0.3505206187773341,0.007140300806152755,,,2020-12-10,"[""可转债ETF"", ""5年国债ETF"", ""10年国债ETF"", ""信用债ETF"", ""日利ETF"", ""沪深300ETF"", ""中证500ETF"", ""中证1000ETF"", ""创业板ETF"", ""红利ETF"", ""半导体ETF"", ""证券ETF"", ""军工ETF"", ""消费ETF"", ""恒生ETF"", ""白银LOF"", ""纳指ETF"", ""标普500ETF"", ""日经225ETF"", ""欧洲ETF"", ""黄金ETF"", ""有色金属期货ETF"", ""能源化工期货ETF"", ""豆粕ETF"", ""煤炭ETF"", ""原油ETF""]",0.0
2020-12-18,candidate_03,CLARABEL,optimal,0.07891698010814102,,False,False,ewma,True,243,False,,,2.756799820695449e-06,0.31630208273847094,114735.23770713189,True,False,0.0,2.756799820695784e-06,3.1630208273847125e-07,1e-06,symmetrized,121,26,60.0,CLARABEL,optimal,True,0.31630208273847094,4.164658371844099e-06,False,20,0,False,2.35,bond=0.70000000;cash=0.30000000;commodity_gold=0.40000000;defensive=0.25000000;equity=0.70000000,121,252,,,False,not_requested,True,0.0042437771892668095,0.057368430367759744,,0.11018644729028831,0.561536575589512,9.864220551492053e-11,0.22043230414855802,0.3000000000986422,0.09938217311775559,0.028404889500226363,0.35178063313481783,0.0071233546147502795,,,2020-12-17,"[""可转债ETF"", ""5年国债ETF"", ""10年国债ETF"", ""信用债ETF"", ""日利ETF"", ""沪深300ETF"", ""中证500ETF"", ""中证1000ETF"", ""创业板ETF"", ""红利ETF"", ""半导体ETF"", ""证券ETF"", ""军工ETF"", ""消费ETF"", ""恒生ETF"", ""白银LOF"", ""纳指ETF"", ""标普500ETF"", ""日经225ETF"", ""欧洲ETF"", ""黄金ETF"", ""有色金属期货ETF"", ""能源化工期货ETF"", ""豆粕ETF"", ""煤炭ETF"", ""原油ETF""]",0.0
2020-12-25,candidate_03,CLARABEL,optimal,0.0790531531675676,,False,False,ewma,True,243,False,,,2.0324561481250007e-06,0.36009655705304766,177173.1003324461,True,False,0.0,2.0324561481248486e-06,3.600965570530477e-07,1e-06,symmetrized,48,27,60.0,CLARABEL,optimal,True,0.36009655705304766,3.301351149134768e-06,False,20,0,False,2.35,bond=0.70000000;cash=0.30000000;commodity_gold=0.40000000;defensive=0.25000000;equity=0.70000000,48,252,,,False,not_requested,True,0.00018561300037837772,0.05874774851553295,,0.07591136056320474,0.5623144501919185,2.380124985990051e-10,0.22085610919969623,0.3000000002380125,0.09999691314038608,0.027942541628280002,0.35120443579362515,0.008900843117179136,,,2020-12-24,"[""可转债ETF"", ""5年国债ETF"", ""10年国债ETF"", ""信用债ETF"", ""日利ETF"", ""沪深300ETF"", ""中证500ETF"", ""中证1000ETF"", ""创业板ETF"", ""红利ETF"", ""半导体ETF"", ""人工智能ETF"", ""证券ETF"", ""军工ETF"", ""消费ETF"", ""恒生ETF"", ""白银LOF"", ""纳指ETF"", ""标普500ETF"", ""日经225ETF"", ""欧洲ETF"", ""黄金ETF"", ""有色金属期货ETF"", ""能源化工期货ETF"", ""豆粕ETF"", ""煤炭ETF"", ""原油ETF""]",0.0
2020-12-31,candidate_03,CLARABEL,optimal,0.08343689627148419,,False,False,ewma,True,243,False,,,2.2799852880885647e-06,0.3526158023383562,154657.0515961413,True,False,0.0,2.2799852880885685e-06,3.5261580233835627e-07,1e-06,symmetrized,51,27,60.0,CLARABEL,optimal,True,0.3526158023383562,3.4546611821575923e-06,False,20,0,False,2.35,bond=0.70000000;cash=0.30000000;commodity_gold=0.40000000;defensive=0.25000000;equity=0.70000000,51,252,,,False,not_requested,True,0.004548327504951688,0.0579083263444302,,0.07866764237175905,0.5773891762862674,7.888860675819842e-10,0.21746665993664385,0.30000000078888606,0.09969826959679871,0.02749322046204629,0.3553418492156253,0.008928932055733843,,,2020-12-30,"[""可转债ETF"", ""5年国债ETF"", ""10年国债ETF"", ""信用债ETF"", ""日利ETF"", ""沪深300ETF"", ""中证500ETF"", ""中证1000ETF"", ""创业板ETF"", ""红利ETF"", ""半导体ETF"", ""人工智能ETF"", ""证券ETF"", ""军工ETF"", ""消费ETF"", ""恒生ETF"", ""白银LOF"", ""纳指ETF"", ""标普500ETF"", ""日经225ETF"", ""欧洲ETF"", ""黄金ETF"", ""有色金属期货ETF"", ""能源化工期货ETF"", ""豆粕ETF"", ""煤炭ETF"", ""原油ETF""]",0.0
2021-01-08,candidate_03,CLARABEL,optimal,0.05556375173546588,,False,False,ewma,True,243,False,,,2.6525627454199506e-06,0.3551606550827595,133893.40391513752,True,False,0.0,2.6525627454198083e-06,3.551606550827592e-07,1e-06,symmetrized,54,27,60.0,CLARABEL,optimal,True,0.3551606550827595,4.8758247447218406e-06,False,20,0,False,2.35,bond=0.70000000;cash=0.30000000;commodity_gold=0.40000000;defensive=0.25000000;equity=0.70000000,54,252,,,False,not_requested,True,0.00910699787479911,0.058703311522159664,,0.08949013586876339,0.47065435163655917,3.27169846769948e-10,0.21362187157602117,0.30000000032716984,0.10092218164871014,0.026869917307563218,0.35858602914053583,0.008953333221318163,,,2021-01-07,"[""可转债ETF"", ""5年国债ETF"", ""10年国债ETF"", ""信用债ETF"", ""日利ETF"", ""沪深300ETF"", ""中证500ETF"", ""中证1000ETF"", ""创业板ETF"", ""红利ETF"", ""半导体ETF"", ""人工智能ETF"", ""证券ETF"", ""军工ETF"", ""消费ETF"", ""恒生ETF"", ""白银LOF"", ""纳指ETF"", ""标普500ETF"", ""日经225ETF"", ""欧洲ETF"", ""黄金ETF"", ""有色金属期货ETF"", ""能源化工期货ETF"", ""豆粕ETF"", ""煤炭ETF"", ""原油ETF""]",0.0
2021-01-15,candidate_03,CLARABEL,optimal,0.055688781672634184,,False,False,ewma,True,243,False,,,2.617963183203344e-06,0.34908286228456364,133341.3947622538,True,False,0.0,2.6179631832031724e-06,3.490828622845635e-07,1e-06,symmetrized,55,27,60.0,CLARABEL,optimal,True,0.34908286228456364,3.902282241681487e-06,False,20,0,False,2.35,bond=0.70000000;cash=0.30000000;commodity_gold=0.40000000;defensive=0.25000000;equity=0.70000000,55,252,,,False,not_requested,True,0.0023750878639832483,0.057402116981543086,,0.08812329491829649,0.4717650575826529,4.391059738040326e-11,0.2152905919439676,0.3000000000439106,0.10020862856098932,0.027039762506460948,0.35746101694467136,0.008890894205125198,,,2021-01-14,"[""可转债ETF"", ""5年国债ETF"", ""10年国债ETF"", ""信用债ETF"", ""日利ETF"", ""沪深300ETF"", ""中证500ETF"", ""中证1000ETF"", ""创业板ETF"", ""红利ETF"", ""半导体ETF"", ""人工智能ETF"", ""证券ETF"", ""军工ETF"", ""消费ETF"", ""恒生ETF"", ""白银LOF"", ""纳指ETF"", ""标普500ETF"", ""日经225ETF"", ""欧洲ETF"", ""黄金ETF"", ""有色金属期货ETF"", ""能源化工期货ETF"", ""豆粕ETF"", ""煤炭ETF"", ""原油ETF""]",0.0
2021-01-22,candidate_03,CLARABEL,optimal,0.05833980540386648,,False,False,ewma,True,243,False,,,2.482914951411048e-06,0.34371606613362615,138432.47668966322,True,False,0.0,2.4829149514110012e-06,3.4371606613362615e-07,1e-06,symmetrized,60,27,60.0,CLARABEL,optimal,True,0.34371606613362615,3.412021574708546e-06,False,20,0,False,2.35,bond=0.70000000;cash=0.30000000;commodity_gold=0.40000000;defensive=0.25000000;equity=0.70000000,60,252,,,False,not_requested,True,0.0057705987044551375,0.056761817682668726,,0.0977377236643972,0.4825874521790474,9.309390480716218e-10,0.21321570406274193,0.30000000093093904,0.10048592151414817,0.027146103367439285,0.35915227012473167,0.008892681356064342,,,2021-01-21,"[""可转债ETF"", ""5年国债ETF"", ""10年国债ETF"", ""信用债ETF"", ""日利ETF"", ""沪深300ETF"", ""中证500ETF"", ""中证1000ETF"", ""创业板ETF"", ""红利ETF"", ""半导体ETF"", ""人工智能ETF"", ""证券ETF"", ""军工ETF"", ""消费ETF"", ""恒生ETF"", ""白银LOF"", ""纳指ETF"", ""标普500ETF"", ""日经225ETF"", ""欧洲ETF"", ""黄金ETF"", ""有色金属期货ETF"", ""能源化工期货ETF"", ""豆粕ETF"", ""煤炭ETF"", ""原油ETF""]",0.0
2021-01-29,candidate_03,CLARABEL,optimal,0.049318773280128854,,False,False,ewma,True,243,False,,,2.479053074572472e-06,0.3641555250834161,146892.99265858476,True,False,0.0,2.4790530745726412e-06,3.6415552508341604e-07,1e-06,symmetrized,64,27,60.0,CLARABEL,optimal,True,0.3641555250834161,4.637585034737712e-06,False,20,0,False,2.35,bond=0.70000000;cash=0.30000000;commodity_gold=0.40000000;defensive=0.25000000;equity=0.70000000,64,252,,,False,not_requested,True,0.009198113520190098,0.05951349709370082,,0.09454681682992952,0.4433150192613328,1.446423036899347e-09,0.2190266559988866,0.300000001446423,0.09916693009183405,0.02646814442860837,0.3553382680342479,0.009349677499538182,,,2021-01-28,"[""可转债ETF"", ""5年国债ETF"", ""10年国债ETF"", ""信用债ETF"", ""日利ETF"", ""沪深300ETF"", ""中证500ETF"", ""中证1000ETF"", ""创业板ETF"", ""红利ETF"", ""半导体ETF"", ""人工智能ETF"", ""证券ETF"", ""军工ETF"", ""消费ETF"", ""恒生ETF"", ""白银LOF"", ""纳指ETF"", ""标普500ETF"", ""日经225ETF"", ""欧洲ETF"", ""黄金ETF"", ""有色金属期货ETF"", ""能源化工期货ETF"", ""豆粕ETF"", ""煤炭ETF"", ""原油ETF""]",0.0
2021-02-05,candidate_03,CLARABEL,optimal,0.054775765180840146,,False,False,ewma,True,243,False,,,2.5196097648981203e-06,0.3670028990823041,145658.62706010896,True,False,0.0,2.5196097648982423e-06,3.670028990823039e-07,1e-06,symmetrized,68,27,60.0,CLARABEL,optimal,True,0.3670028990823041,4.519657509124975e-06,False,20,0,False,2.35,bond=0.70000000;cash=0.30000000;commodity_gold=0.40000000;defensive=0.25000000;equity=0.70000000,68,252,,,False,not_requested,True,0.0003534096239926434,0.05889868072010555,,0.0960651251793983,0.46805380445189454,1.8329068818268013e-09,0.2186362971770317,0.30000000183290687,0.09783355468803938,0.026147118393944496,0.35738302790807747,0.00930698266747496,,,2021-02-04,"[""可转债ETF"", ""5年国债ETF"", ""10年国债ETF"", ""信用债ETF"", ""日利ETF"", ""沪深300ETF"", ""中证500ETF"", ""中证1000ETF"", ""创业板ETF"", ""红利ETF"", ""半导体ETF"", ""人工智能ETF"", ""证券ETF"", ""军工ETF"", ""消费ETF"", ""恒生ETF"", ""白银LOF"", ""纳指ETF"", ""标普500ETF"", ""日经225ETF"", ""欧洲ETF"", ""黄金ETF"", ""有色金属期货ETF"", ""能源化工期货ETF"", ""豆粕ETF"", ""煤炭ETF"", ""原油ETF""]",0.0
2021-02-10,candidate_03,CLARABEL,optimal,0.05034865542653376,,False,False,ewma,True,243,False,,,1.4641583998650566e-06,0.38256588719199713,261287.2263187208,True,False,0.0,1.464158399865115e-06,3.825658871919972e-07,1e-06,symmetrized,43,28,60.0,CLARABEL,optimal,True,0.38256588719199713,2.7279345012204415e-06,False,20,0,False,2.35,bond=0.70000000;cash=0.30000000;commodity_gold=0.40000000;defensive=0.25000000;equity=0.70000000,43,252,,,False,not_requested,True,0.0062791622998237635,0.0536332848602054,,0.11275891741491348,0.4482016886502178,2.0585794180405514e-10,0.21608977440556304,0.30000000020585793,0.09883962631688908,0.02636191181821179,0.35870868725347815,0.00881851237770768,,,2021-02-09,"[""可转债ETF"", ""5年国债ETF"", ""10年国债ETF"", ""信用债ETF"", ""日利ETF"", ""沪深300ETF"", ""中证500ETF"", ""中证1000ETF"", ""创业板ETF"", ""红利ETF"", ""半导体ETF"", ""人工智能ETF"", ""科创50ETF"", ""证券ETF"", ""军工ETF"", ""消费ETF"", ""恒生ETF"", ""白银LOF"", ""纳指ETF"", ""标普500ETF"", ""日经225ETF"", ""欧洲ETF"", ""黄金ETF"", ""有色金属期货ETF"", ""能源化工期货ETF"", ""豆粕ETF"", ""煤炭ETF"", ""原油ETF""]",0.0
2021-02-19,candidate_03,CLARABEL,optimal,0.03673752150359117,,False,False,ewma,True,243,False,,,1.900429820076739e-06,0.3763691670709116,198044.23351750703,True,False,0.0,1.900429820076878e-06,3.7636916707091103e-07,1e-06,symmetrized,44,28,60.0,CLARABEL,optimal,True,0.3763691670709116,4.519195406352261e-06,False,20,0,False,2.35,bond=0.70000000;cash=0.30000000;commodity_gold=0.40000000;defensive=0.25000000;equity=0.70000000,44,252,,,False,not_requested,True,0.0016456095396470724,0.05389547420820653,,0.11265636892211495,0.3831663640244865,1.5456641522249015e-10,0.21547086864488463,0.3000000001545664,0.09728629629815916,0.02712992713801773,0.36011290776437216,0.008731645109113178,,,2021-02-18,"[""可转债ETF"", ""5年国债ETF"", ""10年国债ETF"", ""信用债ETF"", ""日利ETF"", ""沪深300ETF"", ""中证500ETF"", ""中证1000ETF"", ""创业板ETF"", ""红利ETF"", ""半导体ETF"", ""人工智能ETF"", ""科创50ETF"", ""证券ETF"", ""军工ETF"", ""消费ETF"", ""恒生ETF"", ""白银LOF"", ""纳指ETF"", ""标普500ETF"", ""日经225ETF"", ""欧洲ETF"", ""黄金ETF"", ""有色金属期货ETF"", ""能源化工期货ETF"", ""豆粕ETF"", ""煤炭ETF"", ""原油ETF""]",0.0
2021-02-26,candidate_03,CLARABEL,optimal,0.03024757887420082,,False,False,ewma,True,243,False,,,1.9295227911469675e-06,0.3635702845765515,188424.9754626812,True,False,0.0,1.9295227911472055e-06,3.6357028457655134e-07,1e-06,symmetrized,48,28,60.0,CLARABEL,optimal,True,0.3635702845765515,3.0937630521761517e-06,False,20,0,False,2.35,bond=0.70000000;cash=0.30000000;commodity_gold=0.40000000;defensive=0.25000000;equity=0.70000000,48,252,,,False,not_requested,True,0.003153367463394421,0.055134856968425884,,0.09873389403034191,0.347468361234193,6.653547712787145e-10,0.21861675419569954,0.30000000066535476,0.10075499398593883,0.028083462348724355,0.3525447888042824,0.00888132089426484,,,2021-02-25,"[""可转债ETF"", ""5年国债ETF"", ""10年国债ETF"", ""信用债ETF"", ""日利ETF"", ""沪深300ETF"", ""中证500ETF"", ""中证1000ETF"", ""创业板ETF"", ""红利ETF"", ""半导体ETF"", ""人工智能ETF"", ""科创50ETF"", ""证券ETF"", ""军工ETF"", ""消费ETF"", ""恒生ETF"", ""白银LOF"", ""纳指ETF"", ""标普500ETF"", ""日经225ETF"", ""欧洲ETF"", ""黄金ETF"", ""有色金属期货ETF"", ""能源化工期货ETF"", ""豆粕ETF"", ""煤炭ETF"", ""原油ETF""]",0.0
2021-03-05,candidate_03,CLARABEL,optimal,0.01520930099588997,,False,False,ewma,True,243,False,,,1.9929068597221447e-06,0.4386437057378664,220102.46168705696,True,False,0.0,1.9929068597220664e-06,4.386437057378665e-07,1e-06,symmetrized,52,28,60.0,CLARABEL,optimal,True,0.4386437057378664,5.169999038573403e-06,False,20,0,False,2.35,bond=0.70000000;cash=0.30000000;commodity_gold=0.40000000;defensive=0.25000000;equity=0.70000000,52,252,,,False,not_requested,True,0.03915953059968378,0.05867083352191956,,0.10226078009124087,0.24011965787678774,7.825015635454236e-10,0.24116954833182908,0.30000000078250155,0.09790536152554769,0.028771102775181603,0.3321539865849399,0.009348378128113415,,,2021-03-04,"[""可转债ETF"", ""5年国债ETF"", ""10年国债ETF"", ""信用债ETF"", ""日利ETF"", ""沪深300ETF"", ""中证500ETF"", ""中证1000ETF"", ""创业板ETF"", ""红利ETF"", ""半导体ETF"", ""人工智能ETF"", ""科创50ETF"", ""证券ETF"", ""军工ETF"", ""消费ETF"", ""恒生ETF"", ""白银LOF"", ""纳指ETF"", ""标普500ETF"", ""日经225ETF"", ""欧洲ETF"", ""黄金ETF"", ""有色金属期货ETF"", ""能源化工期货ETF"", ""豆粕ETF"", ""煤炭ETF"", ""原油ETF""]",0.0
2021-03-12,candidate_03,CLARABEL,optimal,0.0144585522311667,,False,False,ewma,True,243,False,,,1.9294944120508363e-06,0.4204213106230351,217891.95552848186,True,False,0.0,1.9294944120509473e-06,4.2042131062303486e-07,1e-06,symmetrized,54,28,60.0,CLARABEL,optimal,True,0.4204213106230351,6.660685769696584e-06,False,20,0,False,2.35,bond=0.70000000;cash=0.30000000;commodity_gold=0.40000000;defensive=0.25000000;equity=0.70000000,54,252,,,False,not_requested,True,0.0015882997258311947,0.05700074429272748,,0.09662823362967421,0.2402191478357405,7.279665759085674e-11,0.24245954165237132,0.30000000007279665,0.09932067429716793,0.028605521219536235,0.3296142627581279,0.009231922397856819,,,2021-03-11,"[""可转债ETF"", ""5年国债ETF"", ""10年国债ETF"", ""信用债ETF"", ""日利ETF"", ""沪深300ETF"", ""中证500ETF"", ""中证1000ETF"", ""创业板ETF"", ""红利ETF"", ""半导体ETF"", ""人工智能ETF"", ""科创50ETF"", ""证券ETF"", ""军工ETF"", ""消费ETF"", ""恒生ETF"", ""白银LOF"", ""纳指ETF"", ""标普500ETF"", ""日经225ETF"", ""欧洲ETF"", ""黄金ETF"", ""有色金属期货ETF"", ""能源化工期货ETF"", ""豆粕ETF"", ""煤炭ETF"", ""原油ETF""]",0.0
2021-03-19,candidate_03,CLARABEL,optimal,0.02035846201984019,,False,False,ewma,True,243,False,,,2.5694506221636433e-06,0.4021206119084395,156500.61863023,True,False,0.0,2.5694506221636205e-06,4.021206119084395e-07,1e-06,symmetrized,59,28,60.0,CLARABEL,optimal,True,0.4021206119084395,5.557433392922029e-06,False,20,0,False,2.35,bond=0.70000000;cash=0.30000000;commodity_gold=0.40000000;defensive=0.25000000;equity=0.70000000,59,252,,,False,not_requested,True,0.0016354416141443626,0.055629599428330206,,0.10105712878599699,0.2851333902234044,4.217318716470686e-10,0.24169834631975495,0.30000000042173186,0.09940682282670175,0.028951821108225848,0.3299430093235855,0.009117957035596966,,,2021-03-18,"[""可转债ETF"", ""5年国债ETF"", ""10年国债ETF"", ""信用债ETF"", ""日利ETF"", ""沪深300ETF"", ""中证500ETF"", ""中证1000ETF"", ""创业板ETF"", ""红利ETF"", ""半导体ETF"", ""人工智能ETF"", ""科创50ETF"", ""证券ETF"", ""军工ETF"", ""消费ETF"", ""恒生ETF"", ""白银LOF"", ""纳指ETF"", ""标普500ETF"", ""日经225ETF"", ""欧洲ETF"", ""黄金ETF"", ""有色金属期货ETF"", ""能源化工期货ETF"", ""豆粕ETF"", ""煤炭ETF"", ""原油ETF""]",0.0
2021-03-26,candidate_03,CLARABEL,optimal,0.02362785248660226,,False,False,ewma,True,243,False,,,2.8249931252450394e-06,0.39925201459156723,141328.49068683528,True,False,0.0,2.824993125245191e-06,3.9925201459156784e-07,1e-06,symmetrized,64,28,60.0,CLARABEL,optimal,True,0.39925201459156723,3.6956660087600346e-06,False,20,0,False,2.35,bond=0.70000000;cash=0.30000000;commodity_gold=0.40000000;defensive=0.25000000;equity=0.70000000,64,252,,,False,not_requested,True,0.007543051570684042,0.056189465012012794,,0.09760842545527265,0.30642929716146516,1.798711180001078e-10,0.24845525794328197,0.3000000001798711,0.09746865046843406,0.028682907441011832,0.325393183967401,0.008840125345806827,,,2021-03-25,"[""可转债ETF"", ""5年国债ETF"", ""10年国债ETF"", ""信用债ETF"", ""日利ETF"", ""沪深300ETF"", ""中证500ETF"", ""中证1000ETF"", ""创业板ETF"", ""红利ETF"", ""半导体ETF"", ""人工智能ETF"", ""科创50ETF"", ""证券ETF"", ""军工ETF"", ""消费ETF"", ""恒生ETF"", ""白银LOF"", ""纳指ETF"", ""标普500ETF"", ""日经225ETF"", ""欧洲ETF"", ""黄金ETF"", ""有色金属期货ETF"", ""能源化工期货ETF"", ""豆粕ETF"", ""煤炭ETF"", ""原油ETF""]",0.0
2021-04-02,candidate_03,CLARABEL,optimal,0.02540430125592258,,False,False,ewma,True,243,False,,,3.007683068919761e-06,0.39438708289218183,131126.5428753535,True,False,0.0,3.0076830689196444e-06,3.943870828921819e-07,1e-06,symmetrized,68,28,60.0,CLARABEL,optimal,True,0.39438708289218183,4.858923329777165e-06,False,20,0,False,2.35,bond=0.70000000;cash=0.30000000;commodity_gold=0.40000000;defensive=0.25000000;equity=0.70000000,68,252,,,False,not_requested,True,0.006977667519656629,0.05634698892958664,,0.10312548710332481,0.3178845992197392,8.44835756907969e-10,0.24595018578251812,0.30000000084483575,0.09628161326863896,0.0291598863802731,0.32860831372373406,0.008803106321302231,,,2021-04-01,"[""可转债ETF"", ""5年国债ETF"", ""10年国债ETF"", ""信用债ETF"", ""日利ETF"", ""沪深300ETF"", ""中证500ETF"", ""中证1000ETF"", ""创业板ETF"", ""红利ETF"", ""半导体ETF"", ""人工智能ETF"", ""科创50ETF"", ""证券ETF"", ""军工ETF"", ""消费ETF"", ""恒生ETF"", ""白银LOF"", ""纳指ETF"", ""标普500ETF"", ""日经225ETF"", ""欧洲ETF"", ""黄金ETF"", ""有色金属期货ETF"", ""能源化工期货ETF"", ""豆粕ETF"", ""煤炭ETF"", ""原油ETF""]",0.0
2021-04-09,candidate_03,CLARABEL,optimal,0.02539545172664527,,False,False,ewma,True,243,False,,,2.8004871157250336e-06,0.38023302577115814,135773.88863391272,True,False,0.0,2.8004871157251437e-06,3.8023302577115793e-07,1e-06,symmetrized,72,28,60.0,CLARABEL,optimal,True,0.38023302577115814,8.246616475665602e-06,False,20,0,False,2.35,bond=0.70000000;cash=0.30000000;commodity_gold=0.40000000;defensive=0.25000000;equity=0.70000000,72,252,,,False,not_requested,True,0.022570123863264492,0.05393125244017217,,0.0965210074158509,0.315830829478194,1.3389001018992985e-10,0.25384531485543327,0.30000000013389,0.09731246388938977,0.029040163747398165,0.3198020573738889,0.00850383087105709,,,2021-04-08,"[""可转债ETF"", ""5年国债ETF"", ""10年国债ETF"", ""信用债ETF"", ""日利ETF"", ""沪深300ETF"", ""中证500ETF"", ""中证1000ETF"", ""创业板ETF"", ""红利ETF"", ""半导体ETF"", ""人工智能ETF"", ""科创50ETF"", ""证券ETF"", ""军工ETF"", ""消费ETF"", ""恒生ETF"", ""白银LOF"", ""纳指ETF"", ""标普500ETF"", ""日经225ETF"", ""欧洲ETF"", ""黄金ETF"", ""有色金属期货ETF"", ""能源化工期货ETF"", ""豆粕ETF"", ""煤炭ETF"", ""原油ETF""]",0.0
2021-04-16,candidate_03,CLARABEL,optimal,0.02611307715023498,,False,False,ewma,True,243,False,,,2.6961936500186844e-06,0.37444519990202596,138879.19359925468,True,False,0.0,2.6961936500186493e-06,3.7444519990202605e-07,1e-06,symmetrized,77,28,60.0,CLARABEL,optimal,True,0.37444519990202596,4.303856307216747e-06,False,20,0,False,2.35,bond=0.70000000;cash=0.30000000;commodity_gold=0.40000000;defensive=0.25000000;equity=0.70000000,77,252,,,False,not_requested,True,0.0014877560628670547,0.05249619408597758,,0.0982132606679951,0.32300387429353694,6.203927371828399e-10,0.25590897548364216,0.3000000006203927,0.09768375409432037,0.028980858645015338,0.3174264111566295,0.008364674363610266,,,2021-04-15,"[""可转债ETF"", ""5年国债ETF"", ""10年国债ETF"", ""信用债ETF"", ""日利ETF"", ""沪深300ETF"", ""中证500ETF"", ""中证1000ETF"", ""创业板ETF"", ""红利ETF"", ""半导体ETF"", ""人工智能ETF"", ""科创50ETF"", ""证券ETF"", ""军工ETF"", ""消费ETF"", ""恒生ETF"", ""白银LOF"", ""纳指ETF"", ""标普500ETF"", ""日经225ETF"", ""欧洲ETF"", ""黄金ETF"", ""有色金属期货ETF"", ""能源化工期货ETF"", ""豆粕ETF"", ""煤炭ETF"", ""原油ETF""]",0.0
2021-04-23,candidate_03,CLARABEL,optimal,0.03020498773571626,,False,False,ewma,True,243,False,,,2.694936908586385e-06,0.3660301352865222,135821.4116702722,True,False,0.0,2.694936908586365e-06,3.6603013528652236e-07,1e-06,symmetrized,82,28,60.0,CLARABEL,optimal,True,0.3660301352865222,3.0446409312115397e-06,False,20,0,False,2.35,bond=0.70000000;cash=0.30000000;commodity_gold=0.40000000;defensive=0.25000000;equity=0.70000000,82,252,,,False,not_requested,True,0.003935779094527557,0.051671133746916044,,0.10068073287449861,0.3471316258717858,1.0672072670026012e-09,0.25456803790954563,0.30000000106720726,0.09793396356005288,0.02917975836213732,0.3183182391010569,0.00830434603748923,,,2021-04-22,"[""可转债ETF"", ""5年国债ETF"", ""10年国债ETF"", ""信用债ETF"", ""日利ETF"", ""沪深300ETF"", ""中证500ETF"", ""中证1000ETF"", ""创业板ETF"", ""红利ETF"", ""半导体ETF"", ""人工智能ETF"", ""科创50ETF"", ""证券ETF"", ""军工ETF"", ""消费ETF"", ""恒生ETF"", ""白银LOF"", ""纳指ETF"", ""标普500ETF"", ""日经225ETF"", ""欧洲ETF"", ""黄金ETF"", ""有色金属期货ETF"", ""能源化工期货ETF"", ""豆粕ETF"", ""煤炭ETF"", ""原油ETF""]",0.0
2021-04-30,candidate_03,CLARABEL,optimal,0.029252931669573917,,False,False,ewma,True,243,False,,,2.609847212555934e-06,0.34325632130915706,131523.53120817046,True,False,0.0,2.6098472125558223e-06,3.4325632130915693e-07,1e-06,symmetrized,87,28,60.0,CLARABEL,optimal,True,0.34325632130915706,3.7114012840094857e-06,False,20,0,False,2.35,bond=0.70000000;cash=0.30000000;commodity_gold=0.40000000;defensive=0.25000000;equity=0.70000000,87,252,,,False,not_requested,True,0.002710592005226711,0.05005180555431012,,0.10056633107844692,0.34174789919979215,5.641728195726614e-10,0.2533332136069798,0.3000000005641728,0.09867636595133596,0.02896076475452587,0.31902965512298553,0.008260615032988932,,,2021-04-29,"[""可转债ETF"", ""5年国债ETF"", ""10年国债ETF"", ""信用债ETF"", ""日利ETF"", ""沪深300ETF"", ""中证500ETF"", ""中证1000ETF"", ""创业板ETF"", ""红利ETF"", ""半导体ETF"", ""人工智能ETF"", ""科创50ETF"", ""证券ETF"", ""军工ETF"", ""消费ETF"", ""恒生ETF"", ""白银LOF"", ""纳指ETF"", ""标普500ETF"", ""日经225ETF"", ""欧洲ETF"", ""黄金ETF"", ""有色金属期货ETF"", ""能源化工期货ETF"", ""豆粕ETF"", ""煤炭ETF"", ""原油ETF""]",0.0
2021-05-07,candidate_03,CLARABEL,optimal,0.032108401985822106,,False,False,ewma,True,243,False,,,2.5373656722283995e-06,0.33846664780514535,133392.93248493134,True,False,0.0,2.537365672228721e-06,3.384666478051456e-07,1e-06,symmetrized,89,28,60.0,CLARABEL,optimal,True,0.33846664780514535,4.4429697338491114e-06,False,20,0,False,2.35,bond=0.70000000;cash=0.30000000;commodity_gold=0.40000000;defensive=0.25000000;equity=0.70000000,89,252,,,False,not_requested,True,0.002048911816329397,0.04924034459775907,,0.09581474946503687,0.3581441557582679,5.05375130632757e-10,0.2554359879206676,0.3000000005053751,0.10079926715853858,0.02917933174756062,0.3145854126678581,0.00815750220553963,,,2021-05-06,"[""可转债ETF"", ""5年国债ETF"", ""10年国债ETF"", ""信用债ETF"", ""日利ETF"", ""沪深300ETF"", ""中证500ETF"", ""中证1000ETF"", ""创业板ETF"", ""红利ETF"", ""半导体ETF"", ""人工智能ETF"", ""科创50ETF"", ""证券ETF"", ""军工ETF"", ""消费ETF"", ""恒生ETF"", ""白银LOF"", ""纳指ETF"", ""标普500ETF"", ""日经225ETF"", ""欧洲ETF"", ""黄金ETF"", ""有色金属期货ETF"", ""能源化工期货ETF"", ""豆粕ETF"", ""煤炭ETF"", ""原油ETF""]",0.0
2021-05-14,candidate_03,CLARABEL,optimal,0.04920747226413252,,False,False,ewma,True,243,False,,,1.218705020637746e-06,0.35627918555504146,292342.42866136815,True,False,0.0,1.2187050206375902e-06,3.562791855550413e-07,1e-06,symmetrized,52,29,60.0,CLARABEL,optimal,True,0.35627918555504146,3.662519936296904e-06,False,20,0,False,2.35,bond=0.70000000;cash=0.30000000;commodity_gold=0.40000000;defensive=0.25000000;equity=0.70000000,52,252,,,False,not_requested,True,0.003110380487153384,0.045551189159710195,,0.08516824353765479,0.4433704164251075,8.453526767482344e-11,0.2569891150402466,0.30000000008453526,0.1018398447485553,0.02945314877092294,0.31171789135573996,0.006452971825866096,,,2021-05-13,"[""可转债ETF"", ""5年国债ETF"", ""10年国债ETF"", ""信用债ETF"", ""日利ETF"", ""沪深300ETF"", ""中证500ETF"", ""中证1000ETF"", ""创业板ETF"", ""红利ETF"", ""半导体ETF"", ""人工智能ETF"", ""新能源ETF"", ""科创50ETF"", ""证券ETF"", ""军工ETF"", ""消费ETF"", ""恒生ETF"", ""白银LOF"", ""纳指ETF"", ""标普500ETF"", ""日经225ETF"", ""欧洲ETF"", ""黄金ETF"", ""有色金属期货ETF"", ""能源化工期货ETF"", ""豆粕ETF"", ""煤炭ETF"", ""原油ETF""]",0.0
2021-05-21,candidate_03,CLARABEL,optimal,0.03791498012370043,,False,False,ewma,True,243,False,,,1.2361120543036173e-06,0.35341062983495,285905.0104758094,True,False,0.0,1.236112054303617e-06,3.5341062983495017e-07,1e-06,symmetrized,56,29,60.0,CLARABEL,optimal,True,0.35341062983495,2.7752544251337385e-06,False,20,0,False,2.35,bond=0.70000000;cash=0.30000000;commodity_gold=0.40000000;defensive=0.25000000;equity=0.70000000,56,252,,,False,not_requested,True,0.005657143989579223,0.04589838350500027,,0.08116675731586034,0.3888451625041102,2.3897273049300338e-11,0.2551997036666315,0.30000000002389726,0.10160261071836828,0.028585440261507493,0.31461224532959553,0.006381171661781808,,,2021-05-20,"[""可转债ETF"", ""5年国债ETF"", ""10年国债ETF"", ""信用债ETF"", ""日利ETF"", ""沪深300ETF"", ""中证500ETF"", ""中证1000ETF"", ""创业板ETF"", ""红利ETF"", ""半导体ETF"", ""人工智能ETF"", ""新能源ETF"", ""科创50ETF"", ""证券ETF"", ""军工ETF"", ""消费ETF"", ""恒生ETF"", ""白银LOF"", ""纳指ETF"", ""标普500ETF"", ""日经225ETF"", ""欧洲ETF"", ""黄金ETF"", ""有色金属期货ETF"", ""能源化工期货ETF"", ""豆粕ETF"", ""煤炭ETF"", ""原油ETF""]",0.0
2021-05-28,candidate_03,CLARABEL,optimal,0.04461671169147285,,False,False,ewma,True,243,False,,,1.2484236399679245e-06,0.35157045111768576,281611.49778188963,True,False,0.0,1.248423639968041e-06,3.5157045111768555e-07,1e-06,symmetrized,61,29,60.0,CLARABEL,optimal,True,0.35157045111768576,3.132937841651001e-06,False,20,0,False,2.35,bond=0.70000000;cash=0.30000000;commodity_gold=0.40000000;defensive=0.25000000;equity=0.70000000,61,252,,,False,not_requested,True,0.004660854171498393,0.04552937226171505,,0.08374889140079086,0.4220051959480662,3.139047355382729e-10,0.2535212553012234,0.3000000003139047,0.10039989224712918,0.028982199954646362,0.31709665218309646,0.006282171818269468,,,2021-05-27,"[""可转债ETF"", ""5年国债ETF"", ""10年国债ETF"", ""信用债ETF"", ""日利ETF"", ""沪深300ETF"", ""中证500ETF"", ""中证1000ETF"", ""创业板ETF"", ""红利ETF"", ""半导体ETF"", ""人工智能ETF"", ""新能源ETF"", ""科创50ETF"", ""证券ETF"", ""军工ETF"", ""消费ETF"", ""恒生ETF"", ""白银LOF"", ""纳指ETF"", ""标普500ETF"", ""日经225ETF"", ""欧洲ETF"", ""黄金ETF"", ""有色金属期货ETF"", ""能源化工期货ETF"", ""豆粕ETF"", ""煤炭ETF"", ""原油ETF""]",0.0
2021-06-04,candidate_03,CLARABEL,optimal,0.04377820213638651,,False,False,ewma,True,243,False,,,1.14002814209186e-06,0.33970283779534655,297977.5895461836,True,False,0.0,1.1400281420917444e-06,3.3970283779534644e-07,1e-06,symmetrized,66,29,60.0,CLARABEL,optimal,True,0.33970283779534655,2.8584098093961674e-06,False,20,0,False,2.35,bond=0.70000000;cash=0.30000000;commodity_gold=0.40000000;defensive=0.25000000;equity=0.70000000,66,252,,,False,not_requested,True,0.0008077712486483954,0.044390015867305475,,0.08375503565686182,0.41838644519171,1.7914592032042265e-10,0.25316081961908277,0.3000000001791459,0.10216984731761819,0.029238199127181366,0.31543113375697185,0.006207345563993546,,,2021-06-03,"[""可转债ETF"", ""5年国债ETF"", ""10年国债ETF"", ""信用债ETF"", ""日利ETF"", ""沪深300ETF"", ""中证500ETF"", ""中证1000ETF"", ""创业板ETF"", ""红利ETF"", ""半导体ETF"", ""人工智能ETF"", ""新能源ETF"", ""科创50ETF"", ""证券ETF"", ""军工ETF"", ""消费ETF"", ""恒生ETF"", ""白银LOF"", ""纳指ETF"", ""标普500ETF"", ""日经225ETF"", ""欧洲ETF"", ""黄金ETF"", ""有色金属期货ETF"", ""能源化工期货ETF"", ""豆粕ETF"", ""煤炭ETF"", ""原油ETF""]",0.0
2021-06-11,candidate_03,CLARABEL,optimal,0.04661804103550221,,False,False,ewma,True,243,False,,,1.278376017461719e-06,0.3168217885016881,247831.4550446229,True,False,0.0,1.278376017461633e-06,3.168217885016878e-07,1e-06,symmetrized,71,29,60.0,CLARABEL,optimal,True,0.3168217885016881,2.510391272116108e-06,False,20,0,False,2.35,bond=0.70000000;cash=0.30000000;commodity_gold=0.40000000;defensive=0.25000000;equity=0.70000000,71,252,,,False,not_requested,True,0.0014455100388321724,0.042500237290219164,,0.08349520307673519,0.4316883004285103,2.621777239752987e-10,0.2520454423509374,0.3000000002621777,0.10162373029569029,0.029229353981274978,0.31710147310991965,0.006124485590403115,,,2021-06-10,"[""可转债ETF"", ""5年国债ETF"", ""10年国债ETF"", ""信用债ETF"", ""日利ETF"", ""沪深300ETF"", ""中证500ETF"", ""中证1000ETF"", ""创业板ETF"", ""红利ETF"", ""半导体ETF"", ""人工智能ETF"", ""新能源ETF"", ""科创50ETF"", ""证券ETF"", ""军工ETF"", ""消费ETF"", ""恒生ETF"", ""白银LOF"", ""纳指ETF"", ""标普500ETF"", ""日经225ETF"", ""欧洲ETF"", ""黄金ETF"", ""有色金属期货ETF"", ""能源化工期货ETF"", ""豆粕ETF"", ""煤炭ETF"", ""原油ETF""]",0.0
2021-06-18,candidate_03,CLARABEL,optimal,0.04869622634499846,,False,False,ewma,True,243,False,,,1.2443049532425224e-06,0.3415004765663234,274450.7893152804,True,False,0.0,1.244304953242382e-06,3.415004765663232e-07,1e-06,symmetrized,73,29,60.0,CLARABEL,optimal,True,0.3415004765663234,4.353259521444608e-06,False,20,0,False,2.35,bond=0.70000000;cash=0.30000000;commodity_gold=0.40000000;defensive=0.25000000;equity=0.70000000,73,252,,,False,not_requested,True,0.004337271725887187,0.0426064778203134,,0.0899117406478861,0.440945256143948,1.2415901640139282e-10,0.25358356202397714,0.300000000124159,0.10096915467217481,0.02912266039135421,0.3163246227883346,0.0061010093889742835,,,2021-06-17,"[""可转债ETF"", ""5年国债ETF"", ""10年国债ETF"", ""信用债ETF"", ""日利ETF"", ""沪深300ETF"", ""中证500ETF"", ""中证1000ETF"", ""创业板ETF"", ""红利ETF"", ""半导体ETF"", ""人工智能ETF"", ""新能源ETF"", ""科创50ETF"", ""证券ETF"", ""军工ETF"", ""消费ETF"", ""恒生ETF"", ""白银LOF"", ""纳指ETF"", ""标普500ETF"", ""日经225ETF"", ""欧洲ETF"", ""黄金ETF"", ""有色金属期货ETF"", ""能源化工期货ETF"", ""豆粕ETF"", ""煤炭ETF"", ""原油ETF""]",0.0
2021-06-25,candidate_03,CLARABEL,optimal,0.05053099220456744,,False,False,ewma,True,243,False,,,1.3221028431708299e-06,0.325905686444264,246505.54843573048,True,False,0.0,1.3221028431708294e-06,3.259056864442638e-07,1e-06,symmetrized,78,29,60.0,CLARABEL,optimal,True,0.325905686444264,4.640076161993578e-06,False,20,0,False,2.35,bond=0.70000000;cash=0.30000000;commodity_gold=0.40000000;defensive=0.25000000;equity=0.70000000,78,252,,,False,not_requested,True,0.003343402101639416,0.042036722287589035,,0.09016101383681091,0.4492799623482186,1.2877249266907143e-10,0.2526317621886952,0.3000000001287725,0.0996132281239357,0.0295803713146314,0.3181746382439653,0.006053633388844009,,,2021-06-24,"[""可转债ETF"", ""5年国债ETF"", ""10年国债ETF"", ""信用债ETF"", ""日利ETF"", ""沪深300ETF"", ""中证500ETF"", ""中证1000ETF"", ""创业板ETF"", ""红利ETF"", ""半导体ETF"", ""人工智能ETF"", ""新能源ETF"", ""科创50ETF"", ""证券ETF"", ""军工ETF"", ""消费ETF"", ""恒生ETF"", ""白银LOF"", ""纳指ETF"", ""标普500ETF"", ""日经225ETF"", ""欧洲ETF"", ""黄金ETF"", ""有色金属期货ETF"", ""能源化工期货ETF"", ""豆粕ETF"", ""煤炭ETF"", ""原油ETF""]",0.0
2021-07-02,candidate_03,CLARABEL,optimal,0.05075615509367325,,False,False,ewma,True,243,False,,,1.4660328070928553e-06,0.33244312803542575,226763.7711973587,True,False,0.0,1.4660328070928987e-06,3.324431280354258e-07,1e-06,symmetrized,82,29,60.0,CLARABEL,optimal,True,0.33244312803542575,3.3087358951751356e-06,False,20,0,False,2.35,bond=0.70000000;cash=0.30000000;commodity_gold=0.40000000;defensive=0.25000000;equity=0.70000000,82,252,,,False,not_requested,True,0.00147257626179018,0.042236698722034685,,0.09492932689313638,0.4504498275970762,1.4472756326711078e-10,0.2526159617133774,0.30000000014472755,0.09915763606151026,0.029159420862731183,0.31906698121765353,0.005986455986864257,,,2021-07-01,"[""可转债ETF"", ""5年国债ETF"", ""10年国债ETF"", ""信用债ETF"", ""日利ETF"", ""沪深300ETF"", ""中证500ETF"", ""中证1000ETF"", ""创业板ETF"", ""红利ETF"", ""半导体ETF"", ""人工智能ETF"", ""新能源ETF"", ""科创50ETF"", ""证券ETF"", ""军工ETF"", ""消费ETF"", ""恒生ETF"", ""白银LOF"", ""纳指ETF"", ""标普500ETF"", ""日经225ETF"", ""欧洲ETF"", ""黄金ETF"", ""有色金属期货ETF"", ""能源化工期货ETF"", ""豆粕ETF"", ""煤炭ETF"", ""原油ETF""]",0.0
2021-07-09,candidate_03,CLARABEL,optimal,0.045075291178085834,,False,False,ewma,True,243,False,,,1.4760922117011548e-06,0.3503623994140497,237358.0706115012,True,False,0.0,1.4760922117012435e-06,3.5036239941404965e-07,1e-06,symmetrized,86,29,60.0,CLARABEL,optimal,True,0.3503623994140497,2.704702068742626e-06,False,20,0,False,2.35,bond=0.70000000;cash=0.30000000;commodity_gold=0.40000000;defensive=0.25000000;equity=0.70000000,86,252,,,False,not_requested,True,0.0011328595804105022,0.042025846382569954,,0.09998355283255378,0.4245105140210476,9.424006575109445e-10,0.2544203731767813,0.30000000094240065,0.09829784493491198,0.02869652804564648,0.31858525290025963,0.00584852563100058,,,2021-07-08,"[""可转债ETF"", ""5年国债ETF"", ""10年国债ETF"", ""信用债ETF"", ""日利ETF"", ""沪深300ETF"", ""中证500ETF"", ""中证1000ETF"", ""创业板ETF"", ""红利ETF"", ""半导体ETF"", ""人工智能ETF"", ""新能源ETF"", ""科创50ETF"", ""证券ETF"", ""军工ETF"", ""消费ETF"", ""恒生ETF"", ""白银LOF"", ""纳指ETF"", ""标普500ETF"", ""日经225ETF"", ""欧洲ETF"", ""黄金ETF"", ""有色金属期货ETF"", ""能源化工期货ETF"", ""豆粕ETF"", ""煤炭ETF"", ""原油ETF""]",0.0
2021-07-16,candidate_03,CLARABEL,optimal,0.05179452206940907,,False,False,ewma,True,243,False,,,1.5183190033432111e-06,0.35553708981730325,234164.94757323092,True,False,0.0,1.518319003343172e-06,3.5553708981730346e-07,1e-06,symmetrized,91,29,60.0,CLARABEL,optimal,True,0.35553708981730325,2.3984956914885336e-06,False,20,0,False,2.35,bond=0.70000000;cash=0.30000000;commodity_gold=0.40000000;defensive=0.25000000;equity=0.70000000,91,252,,,False,not_requested,True,0.0042032221703448705,0.042195046061269656,,0.10510257899787856,0.45479312509909847,2.690209721656345e-10,0.2512492003028648,0.30000000026902096,0.09878154390338084,0.029320138345547298,0.3206491171791862,0.0058189785701741594,,,2021-07-15,"[""可转债ETF"", ""5年国债ETF"", ""10年国债ETF"", ""信用债ETF"", ""日利ETF"", ""沪深300ETF"", ""中证500ETF"", ""中证1000ETF"", ""创业板ETF"", ""红利ETF"", ""半导体ETF"", ""人工智能ETF"", ""新能源ETF"", ""科创50ETF"", ""证券ETF"", ""军工ETF"", ""消费ETF"", ""恒生ETF"", ""白银LOF"", ""纳指ETF"", ""标普500ETF"", ""日经225ETF"", ""欧洲ETF"", ""黄金ETF"", ""有色金属期货ETF"", ""能源化工期货ETF"", ""豆粕ETF"", ""煤炭ETF"", ""原油ETF""]",0.0
2021-07-23,candidate_03,CLARABEL,optimal,0.05278628349619524,,False,False,ewma,True,243,False,,,1.4593699881885556e-06,0.35802400298924025,245327.78245881147,True,False,0.0,1.459369988188579e-06,3.5802400298924013e-07,1e-06,symmetrized,96,29,60.0,CLARABEL,optimal,True,0.35802400298924025,2.847146021230096e-06,False,20,0,False,2.35,bond=0.70000000;cash=0.30000000;commodity_gold=0.40000000;defensive=0.25000000;equity=0.70000000,96,252,,,False,not_requested,True,0.0003127148182103267,0.041653580212679064,,0.10494596103250611,0.45947768339881556,2.6780355710798176e-11,0.2514919382030956,0.30000000002678034,0.0972592085082141,0.02934550368613511,0.32190334957577493,0.005726612411484568,,,2021-07-22,"[""可转债ETF"", ""5年国债ETF"", ""10年国债ETF"", ""信用债ETF"", ""日利ETF"", ""沪深300ETF"", ""中证500ETF"", ""中证1000ETF"", ""创业板ETF"", ""红利ETF"", ""半导体ETF"", ""人工智能ETF"", ""新能源ETF"", ""科创50ETF"", ""证券ETF"", ""军工ETF"", ""消费ETF"", ""恒生ETF"", ""白银LOF"", ""纳指ETF"", ""标普500ETF"", ""日经225ETF"", ""欧洲ETF"", ""黄金ETF"", ""有色金属期货ETF"", ""能源化工期货ETF"", ""豆粕ETF"", ""煤炭ETF"", ""原油ETF""]",0.0
2021-07-30,candidate_03,CLARABEL,optimal,0.051666854244514185,,False,False,ewma,True,243,False,,,1.4103152284398833e-06,0.35899232913243617,254547.58049344763,True,False,0.0,1.410315228439916e-06,3.5899232913243656e-07,1e-06,symmetrized,98,29,60.0,CLARABEL,optimal,True,0.35899232913243617,5.1960630996772394e-06,False,20,0,False,2.35,bond=0.70000000;cash=0.30000000;commodity_gold=0.40000000;defensive=0.25000000;equity=0.70000000,98,252,,,False,not_requested,True,0.0035147965743642035,0.04103928594320541,,0.10060516338420175,0.4542928741420212,6.581984957065856e-10,0.25335372524399485,0.3000000006581985,0.09904444998578564,0.028270955726266752,0.31933086838575436,0.005625381385911944,,,2021-07-29,"[""可转债ETF"", ""5年国债ETF"", ""10年国债ETF"", ""信用债ETF"", ""日利ETF"", ""沪深300ETF"", ""中证500ETF"", ""中证1000ETF"", ""创业板ETF"", ""红利ETF"", ""半导体ETF"", ""人工智能ETF"", ""新能源ETF"", ""科创50ETF"", ""证券ETF"", ""军工ETF"", ""消费ETF"", ""恒生ETF"", ""白银LOF"", ""纳指ETF"", ""标普500ETF"", ""日经225ETF"", ""欧洲ETF"", ""黄金ETF"", ""有色金属期货ETF"", ""能源化工期货ETF"", ""豆粕ETF"", ""煤炭ETF"", ""原油ETF""]",0.0
2021-08-06,candidate_03,CLARABEL,optimal,0.0716340251082408,,False,False,ewma,True,243,False,,,1.3942096993480586e-06,0.36729576526171537,263443.70250290557,True,False,0.0,1.3942096993493467e-06,3.6729576526171534e-07,1e-06,symmetrized,102,29,60.0,CLARABEL,optimal,True,0.36729576526171537,2.9260373807307727e-06,False,20,0,False,2.35,bond=0.70000000;cash=0.30000000;commodity_gold=0.40000000;defensive=0.25000000;equity=0.70000000,102,252,,,False,not_requested,True,0.001939024425447776,0.04250808728835811,,0.09944814814326064,0.5351435804058813,2.4187984948298435e-11,0.25206999311684647,0.300000000024188,0.09716708247849219,0.027971053464874326,0.32279187091559897,0.005591569078300072,,,2021-08-05,"[""可转债ETF"", ""5年国债ETF"", ""10年国债ETF"", ""信用债ETF"", ""日利ETF"", ""沪深300ETF"", ""中证500ETF"", ""中证1000ETF"", ""创业板ETF"", ""红利ETF"", ""半导体ETF"", ""人工智能ETF"", ""新能源ETF"", ""科创50ETF"", ""证券ETF"", ""军工ETF"", ""消费ETF"", ""恒生ETF"", ""白银LOF"", ""纳指ETF"", ""标普500ETF"", ""日经225ETF"", ""欧洲ETF"", ""黄金ETF"", ""有色金属期货ETF"", ""能源化工期货ETF"", ""豆粕ETF"", ""煤炭ETF"", ""原油ETF""]",0.0
2021-08-13,candidate_03,CLARABEL,optimal,0.07052073069073209,,False,False,ewma,True,243,False,,,1.5801222762065406e-06,0.34377884837196576,217564.7122685269,True,False,0.0,1.58012227620698e-06,3.4377884837196597e-07,1e-06,symmetrized,107,29,60.0,CLARABEL,optimal,True,0.34377884837196576,3.886611345621516e-06,False,20,0,False,2.35,bond=0.70000000;cash=0.30000000;commodity_gold=0.40000000;defensive=0.25000000;equity=0.70000000,107,252,,,False,not_requested,True,0.0011390354394249886,0.04145337128562259,,0.09227820656113611,0.5310277140463076,5.045269757530946e-11,0.2502149532031619,0.3000000000504527,0.0960632628652157,0.029312313275596715,0.3244094706055728,0.0055430580441882945,,,2021-08-12,"[""可转债ETF"", ""5年国债ETF"", ""10年国债ETF"", ""信用债ETF"", ""日利ETF"", ""沪深300ETF"", ""中证500ETF"", ""中证1000ETF"", ""创业板ETF"", ""红利ETF"", ""半导体ETF"", ""人工智能ETF"", ""新能源ETF"", ""科创50ETF"", ""证券ETF"", ""军工ETF"", ""消费ETF"", ""恒生ETF"", ""白银LOF"", ""纳指ETF"", ""标普500ETF"", ""日经225ETF"", ""欧洲ETF"", ""黄金ETF"", ""有色金属期货ETF"", ""能源化工期货ETF"", ""豆粕ETF"", ""煤炭ETF"", ""原油ETF""]",0.0
2021-08-20,candidate_03,CLARABEL,optimal,0.06507067944189941,,False,False,ewma,True,243,False,,,1.5601011726247778e-06,0.358569925988319,229837.6107140836,True,False,0.0,1.56010117262479e-06,3.5856992598831884e-07,1e-06,symmetrized,111,29,60.0,CLARABEL,optimal,True,0.358569925988319,3.48662321224269e-06,False,20,0,False,2.35,bond=0.70000000;cash=0.30000000;commodity_gold=0.40000000;defensive=0.25000000;equity=0.70000000,111,252,,,False,not_requested,True,0.0048464068535610605,0.041870305557306545,,0.08905323751474098,0.5097932811749174,7.217429986994262e-10,0.2529658328701214,0.300000000721743,0.0958737707855327,0.029311521065515746,0.3218488745570873,0.0055985323454751336,,,2021-08-19,"[""可转债ETF"", ""5年国债ETF"", ""10年国债ETF"", ""信用债ETF"", ""日利ETF"", ""沪深300ETF"", ""中证500ETF"", ""中证1000ETF"", ""创业板ETF"", ""红利ETF"", ""半导体ETF"", ""人工智能ETF"", ""新能源ETF"", ""科创50ETF"", ""证券ETF"", ""军工ETF"", ""消费ETF"", ""恒生ETF"", ""白银LOF"", ""纳指ETF"", ""标普500ETF"", ""日经225ETF"", ""欧洲ETF"", ""黄金ETF"", ""有色金属期货ETF"", ""能源化工期货ETF"", ""豆粕ETF"", ""煤炭ETF"", ""原油ETF""]",0.0
2021-08-27,candidate_03,CLARABEL,optimal,0.07445393662239719,,False,False,ewma,True,243,False,,,1.5015878624944669e-06,0.3751355367927659,249825.89841235362,True,False,0.0,1.501587862494782e-06,3.751355367927659e-07,1e-06,symmetrized,116,29,60.0,CLARABEL,optimal,True,0.3751355367927659,1.8775462543446642e-06,False,20,0,False,2.35,bond=0.70000000;cash=0.30000000;commodity_gold=0.40000000;defensive=0.25000000;equity=0.70000000,116,252,,,False,not_requested,True,0.003347028897863383,0.04390889120125532,,0.09011938945622433,0.5454759094067144,6.961795029347684e-10,0.24958627627284063,0.3000000006961795,0.0969585955488083,0.03042883947132293,0.32302628801084865,0.005581719196647045,,,2021-08-26,"[""可转债ETF"", ""5年国债ETF"", ""10年国债ETF"", ""信用债ETF"", ""日利ETF"", ""沪深300ETF"", ""中证500ETF"", ""中证1000ETF"", ""创业板ETF"", ""红利ETF"", ""半导体ETF"", ""人工智能ETF"", ""新能源ETF"", ""科创50ETF"", ""证券ETF"", ""军工ETF"", ""消费ETF"", ""恒生ETF"", ""白银LOF"", ""纳指ETF"", ""标普500ETF"", ""日经225ETF"", ""欧洲ETF"", ""黄金ETF"", ""有色金属期货ETF"", ""能源化工期货ETF"", ""豆粕ETF"", ""煤炭ETF"", ""原油ETF""]",0.0
2021-09-03,candidate_03,CLARABEL,optimal,0.07568374979493861,,False,False,ewma,True,243,False,,,1.4322965618235519e-06,0.3549839833011901,247842.5158329197,True,False,0.0,1.4322965618237062e-06,3.549839833011898e-07,1e-06,symmetrized,121,29,60.0,CLARABEL,optimal,True,0.3549839833011901,3.205576669121357e-06,False,20,0,False,2.35,bond=0.70000000;cash=0.30000000;commodity_gold=0.40000000;defensive=0.25000000;equity=0.70000000,121,252,,,False,not_requested,True,0.0033419176647432576,0.04265806667182277,,0.0796942257059283,0.5499669403385783,7.559936010537172e-10,0.24728332397391384,0.3000000007559936,0.0982042743979586,0.032275574843242595,0.3222368260288914,0.005550628807346412,,,2021-09-02,"[""可转债ETF"", ""5年国债ETF"", ""10年国债ETF"", ""信用债ETF"", ""日利ETF"", ""沪深300ETF"", ""中证500ETF"", ""中证1000ETF"", ""创业板ETF"", ""红利ETF"", ""半导体ETF"", ""人工智能ETF"", ""新能源ETF"", ""科创50ETF"", ""证券ETF"", ""军工ETF"", ""消费ETF"", ""恒生ETF"", ""白银LOF"", ""纳指ETF"", ""标普500ETF"", ""日经225ETF"", ""欧洲ETF"", ""黄金ETF"", ""有色金属期货ETF"", ""能源化工期货ETF"", ""豆粕ETF"", ""煤炭ETF"", ""原油ETF""]",0.0
2021-09-10,candidate_03,CLARABEL,optimal,0.0770595844871168,,False,False,ewma,True,243,False,,,1.521355824185737e-06,0.3647634261164112,239762.0729599143,True,False,0.0,1.5213558241858494e-06,3.64763426116411e-07,1e-06,symmetrized,125,29,60.0,CLARABEL,optimal,True,0.3647634261164112,3.6289233967985723e-06,False,20,0,False,2.35,bond=0.70000000;cash=0.30000000;commodity_gold=0.40000000;defensive=0.25000000;equity=0.70000000,125,252,,,False,not_requested,True,0.003342823102452632,0.04378685948282074,,0.084266126274636,0.5549476558312038,7.803945822892899e-10,0.24391652433292288,0.30000000078039457,0.09811616250624004,0.03432378670833104,0.32364352567211135,0.00557399707326468,,,2021-09-09,"[""可转债ETF"", ""5年国债ETF"", ""10年国债ETF"", ""信用债ETF"", ""日利ETF"", ""沪深300ETF"", ""中证500ETF"", ""中证1000ETF"", ""创业板ETF"", ""红利ETF"", ""半导体ETF"", ""人工智能ETF"", ""新能源ETF"", ""科创50ETF"", ""证券ETF"", ""军工ETF"", ""消费ETF"", ""恒生ETF"", ""白银LOF"", ""纳指ETF"", ""标普500ETF"", ""日经225ETF"", ""欧洲ETF"", ""黄金ETF"", ""有色金属期货ETF"", ""能源化工期货ETF"", ""豆粕ETF"", ""煤炭ETF"", ""原油ETF""]",0.0
2021-09-17,candidate_03,CLARABEL,optimal,0.07680918455445836,,False,False,ewma,True,243,False,,,1.5542730280220797e-06,0.37071360561722855,238512.53861683962,True,False,0.0,1.5542730280219327e-06,3.707136056172284e-07,1e-06,symmetrized,130,29,60.0,CLARABEL,optimal,True,0.37071360561722855,2.0208159579697405e-06,False,20,0,False,2.35,bond=0.70000000;cash=0.30000000;commodity_gold=0.40000000;defensive=0.25000000;equity=0.70000000,130,252,,,False,not_requested,True,0.005166080654294397,0.0433927766076319,,0.08099789697953455,0.5539108705096017,8.7508778001677e-11,0.24536829050639775,0.30000000008750877,0.10015919988630624,0.033623656540123135,0.32084885297966403,0.0054742745275345875,,,2021-09-16,"[""可转债ETF"", ""5年国债ETF"", ""10年国债ETF"", ""信用债ETF"", ""日利ETF"", ""沪深300ETF"", ""中证500ETF"", ""中证1000ETF"", ""创业板ETF"", ""红利ETF"", ""半导体ETF"", ""人工智能ETF"", ""新能源ETF"", ""科创50ETF"", ""证券ETF"", ""军工ETF"", ""消费ETF"", ""恒生ETF"", ""白银LOF"", ""纳指ETF"", ""标普500ETF"", ""日经225ETF"", ""欧洲ETF"", ""黄金ETF"", ""有色金属期货ETF"", ""能源化工期货ETF"", ""豆粕ETF"", ""煤炭ETF"", ""原油ETF""]",0.0
2021-09-24,candidate_03,CLARABEL,optimal,0.07513975973345564,,False,False,ewma,True,243,False,,,1.6096223861694541e-06,0.3652551828678044,226919.7956031359,True,False,0.0,1.609622386168454e-06,3.6525518286780396e-07,1e-06,symmetrized,131,29,60.0,CLARABEL,optimal,True,0.3652551828678044,2.814362371136858e-06,False,20,0,False,2.35,bond=0.70000000;cash=0.30000000;commodity_gold=0.40000000;defensive=0.25000000;equity=0.70000000,131,252,,,False,not_requested,True,0.0007574007279430896,0.043375460808507495,,0.08279411493112912,0.5481765573195498,9.954859159222451e-11,0.2450036064457397,0.3000000000995486,0.09975423494446645,0.033167481586832935,0.3220746769234124,0.005485637521012999,,,2021-09-23,"[""可转债ETF"", ""5年国债ETF"", ""10年国债ETF"", ""信用债ETF"", ""日利ETF"", ""沪深300ETF"", ""中证500ETF"", ""中证1000ETF"", ""创业板ETF"", ""红利ETF"", ""半导体ETF"", ""人工智能ETF"", ""新能源ETF"", ""科创50ETF"", ""证券ETF"", ""军工ETF"", ""消费ETF"", ""恒生ETF"", ""白银LOF"", ""纳指ETF"", ""标普500ETF"", ""日经225ETF"", ""欧洲ETF"", ""黄金ETF"", ""有色金属期货ETF"", ""能源化工期货ETF"", ""豆粕ETF"", ""煤炭ETF"", ""原油ETF""]",0.0
2021-09-30,candidate_03,CLARABEL,optimal,0.07521363219341083,,False,False,ewma,True,243,False,,,1.5976689646763038e-06,0.3712772993043097,232386.8758253888,True,False,0.0,1.597668964675971e-06,3.7127729930430963e-07,1e-06,symmetrized,133,29,60.0,CLARABEL,optimal,True,0.3712772993043097,2.702648814183195e-06,False,20,0,False,2.35,bond=0.70000000;cash=0.30000000;commodity_gold=0.40000000;defensive=0.25000000;equity=0.70000000,133,252,,,False,not_requested,True,0.0061056482060767555,0.04441308737290377,,0.07922115273785954,0.5480499522300042,1.928706305776018e-09,0.24742959289277616,0.3000000019287063,0.10144156996117057,0.03139240907797018,0.3197364261393768,0.005796241854242497,,,2021-09-29,"[""可转债ETF"", ""5年国债ETF"", ""10年国债ETF"", ""信用债ETF"", ""日利ETF"", ""沪深300ETF"", ""中证500ETF"", ""中证1000ETF"", ""创业板ETF"", ""红利ETF"", ""半导体ETF"", ""人工智能ETF"", ""新能源ETF"", ""科创50ETF"", ""证券ETF"", ""军工ETF"", ""消费ETF"", ""恒生ETF"", ""白银LOF"", ""纳指ETF"", ""标普500ETF"", ""日经225ETF"", ""欧洲ETF"", ""黄金ETF"", ""有色金属期货ETF"", ""能源化工期货ETF"", ""豆粕ETF"", ""煤炭ETF"", ""原油ETF""]",0.0
2021-10-08,candidate_03,CLARABEL,optimal,0.05619513129947698,,False,False,ewma,True,243,False,,,2.539563450764022e-06,0.3774813829133969,148640.26445168458,True,False,0.0,2.5395634507644324e-06,3.774813829133966e-07,1e-06,symmetrized,134,29,60.0,CLARABEL,optimal,True,0.3774813829133969,2.99300345249498e-06,False,20,0,False,2.35,bond=0.70000000;cash=0.30000000;commodity_gold=0.40000000;defensive=0.25000000;equity=0.70000000,134,252,,,False,not_requested,True,0.0014244221839270531,0.04469133547719297,,0.08214689063874739,0.4739882510322099,1.454230347253116e-09,0.24610026214318664,0.30000000145423034,0.10136709703028528,0.031448996365939466,0.32108364300635817,0.005820797263726262,,,2021-09-30,"[""可转债ETF"", ""5年国债ETF"", ""10年国债ETF"", ""信用债ETF"", ""日利ETF"", ""沪深300ETF"", ""中证500ETF"", ""中证1000ETF"", ""创业板ETF"", ""红利ETF"", ""半导体ETF"", ""人工智能ETF"", ""新能源ETF"", ""科创50ETF"", ""证券ETF"", ""军工ETF"", ""消费ETF"", ""恒生ETF"", ""白银LOF"", ""纳指ETF"", ""标普500ETF"", ""日经225ETF"", ""欧洲ETF"", ""黄金ETF"", ""有色金属期货ETF"", ""能源化工期货ETF"", ""豆粕ETF"", ""煤炭ETF"", ""原油ETF""]",0.0
2021-10-15,candidate_03,CLARABEL,optimal,0.06046052030384707,,False,False,ewma,True,243,False,,,2.4689260900659375e-06,0.3927117510742562,159061.76886152476,True,False,0.0,2.4689260900661954e-06,3.927117510742565e-07,1e-06,symmetrized,136,29,60.0,CLARABEL,optimal,True,0.3927117510742562,2.5051310743248734e-06,False,20,0,False,2.35,bond=0.70000000;cash=0.30000000;commodity_gold=0.40000000;defensive=0.25000000;equity=0.70000000,136,252,,,False,not_requested,True,0.00035663642612139643,0.04566964526613915,,0.08009704862079906,0.4917449769317294,2.995341752409786e-10,0.24486557877653434,0.30000000029953416,0.10389330601658091,0.030768135381151945,0.3204729795261988,0.006023515629861056,,,2021-10-14,"[""可转债ETF"", ""5年国债ETF"", ""10年国债ETF"", ""信用债ETF"", ""日利ETF"", ""沪深300ETF"", ""中证500ETF"", ""中证1000ETF"", ""创业板ETF"", ""红利ETF"", ""半导体ETF"", ""人工智能ETF"", ""新能源ETF"", ""科创50ETF"", ""证券ETF"", ""军工ETF"", ""消费ETF"", ""恒生ETF"", ""白银LOF"", ""纳指ETF"", ""标普500ETF"", ""日经225ETF"", ""欧洲ETF"", ""黄金ETF"", ""有色金属期货ETF"", ""能源化工期货ETF"", ""豆粕ETF"", ""煤炭ETF"", ""原油ETF""]",0.0
2021-10-22,candidate_03,CLARABEL,optimal,0.06089457032522276,,False,False,ewma,True,243,False,,,2.43629269355142e-06,0.39982386129823944,164111.5873952773,True,False,0.0,2.436292693551377e-06,3.9982386129823926e-07,1e-06,symmetrized,137,29,60.0,CLARABEL,optimal,True,0.39982386129823944,4.708449148051186e-06,False,20,0,False,2.35,bond=0.70000000;cash=0.30000000;commodity_gold=0.40000000;defensive=0.25000000;equity=0.70000000,137,252,,,False,not_requested,True,0.003308817752411511,0.046362078876243495,,0.0813413153727969,0.4932642347661092,1.573767227647238e-10,0.24162581947714032,0.3000000001573767,0.10426804410869903,0.03107371516736835,0.32303242108941577,0.006081131050835097,,,2021-10-21,"[""可转债ETF"", ""5年国债ETF"", ""10年国债ETF"", ""信用债ETF"", ""日利ETF"", ""沪深300ETF"", ""中证500ETF"", ""中证1000ETF"", ""创业板ETF"", ""红利ETF"", ""半导体ETF"", ""人工智能ETF"", ""新能源ETF"", ""科创50ETF"", ""证券ETF"", ""军工ETF"", ""消费ETF"", ""恒生ETF"", ""白银LOF"", ""纳指ETF"", ""标普500ETF"", ""日经225ETF"", ""欧洲ETF"", ""黄金ETF"", ""有色金属期货ETF"", ""能源化工期货ETF"", ""豆粕ETF"", ""煤炭ETF"", ""原油ETF""]",0.0
2021-10-29,candidate_03,CLARABEL,optimal,0.06074895164715719,,False,False,ewma,True,243,False,,,2.377633487207953e-06,0.39655211413762886,166784.37457713412,True,False,0.0,2.3776334872078834e-06,3.965521141376288e-07,1e-06,symmetrized,139,29,60.0,CLARABEL,optimal,True,0.39655211413762886,7.095408523491442e-06,False,20,0,False,2.35,bond=0.70000000;cash=0.30000000;commodity_gold=0.40000000;defensive=0.25000000;equity=0.70000000,139,252,,,False,not_requested,True,0.003201706358928663,0.045599100223847215,,0.08443330996699208,0.49268227899152606,2.0459262062288985e-10,0.2430472204255517,0.3000000002045926,0.10456037844603856,0.028821742373515143,0.32357065855030176,0.006014485736134377,,,2021-10-28,"[""可转债ETF"", ""5年国债ETF"", ""10年国债ETF"", ""信用债ETF"", ""日利ETF"", ""沪深300ETF"", ""中证500ETF"", ""中证1000ETF"", ""创业板ETF"", ""红利ETF"", ""半导体ETF"", ""人工智能ETF"", ""新能源ETF"", ""科创50ETF"", ""证券ETF"", ""军工ETF"", ""消费ETF"", ""恒生ETF"", ""白银LOF"", ""纳指ETF"", ""标普500ETF"", ""日经225ETF"", ""欧洲ETF"", ""黄金ETF"", ""有色金属期货ETF"", ""能源化工期货ETF"", ""豆粕ETF"", ""煤炭ETF"", ""原油ETF""]",0.0
2021-11-05,candidate_03,CLARABEL,optimal,0.060090200814647096,,False,False,ewma,True,243,False,,,2.2832521358490234e-06,0.38197506006657794,167294.29661719824,True,False,0.0,2.283252135849816e-06,3.8197506006657796e-07,1e-06,symmetrized,144,29,60.0,CLARABEL,optimal,True,0.38197506006657794,2.3925863963936145e-06,False,20,0,False,2.35,bond=0.70000000;cash=0.30000000;commodity_gold=0.40000000;defensive=0.25000000;equity=0.70000000,144,252,,,False,not_requested,True,0.0046862215468065505,0.04524353048509761,,0.0864602289542436,0.48987782361420246,6.476491565265974e-11,0.23964404168416953,0.3000000000647649,0.1029033308569565,0.02854368945341506,0.328908937940694,0.006024502065327047,,,2021-11-04,"[""可转债ETF"", ""5年国债ETF"", ""10年国债ETF"", ""信用债ETF"", ""日利ETF"", ""沪深300ETF"", ""中证500ETF"", ""中证1000ETF"", ""创业板ETF"", ""红利ETF"", ""半导体ETF"", ""人工智能ETF"", ""新能源ETF"", ""科创50ETF"", ""证券ETF"", ""军工ETF"", ""消费ETF"", ""恒生ETF"", ""白银LOF"", ""纳指ETF"", ""标普500ETF"", ""日经225ETF"", ""欧洲ETF"", ""黄金ETF"", ""有色金属期货ETF"", ""能源化工期货ETF"", ""豆粕ETF"", ""煤炭ETF"", ""原油ETF""]",0.0
2021-11-12,candidate_03,CLARABEL,optimal,0.06199690755629669,,False,False,ewma,True,243,False,,,2.1805965591108997e-06,0.3704425430074427,169881.28384394234,True,False,0.0,2.180596559111496e-06,3.7044254300744297e-07,1e-06,symmetrized,149,29,60.0,CLARABEL,optimal,True,0.3704425430074427,2.7042573734585573e-06,False,20,0,False,2.35,bond=0.70000000;cash=0.30000000;commodity_gold=0.40000000;defensive=0.25000000;equity=0.70000000,149,252,,,False,not_requested,True,0.0018360789296351394,0.04453671906344708,,0.08720934709219769,0.49783384840336076,1.6087675636100585e-10,0.23807044220748907,0.30000000016087675,0.10425705969094358,0.028286131878651952,0.3293863660620387,0.005977867116464261,,,2021-11-11,"[""可转债ETF"", ""5年国债ETF"", ""10年国债ETF"", ""信用债ETF"", ""日利ETF"", ""沪深300ETF"", ""中证500ETF"", ""中证1000ETF"", ""创业板ETF"", ""红利ETF"", ""半导体ETF"", ""人工智能ETF"", ""新能源ETF"", ""科创50ETF"", ""证券ETF"", ""军工ETF"", ""消费ETF"", ""恒生ETF"", ""白银LOF"", ""纳指ETF"", ""标普500ETF"", ""日经225ETF"", ""欧洲ETF"", ""黄金ETF"", ""有色金属期货ETF"", ""能源化工期货ETF"", ""豆粕ETF"", ""煤炭ETF"", ""原油ETF""]",0.0
2021-11-19,candidate_03,CLARABEL,optimal,0.06209531037675374,,False,False,ewma,True,243,False,,,2.0791918054986332e-06,0.36231994544919505,174259.99106527993,True,False,0.0,2.0791918054984448e-06,3.6231994544919543e-07,1e-06,symmetrized,154,29,60.0,CLARABEL,optimal,True,0.36231994544919505,3.2481145308856096e-06,False,20,0,False,2.35,bond=0.70000000;cash=0.30000000;commodity_gold=0.40000000;defensive=0.25000000;equity=0.70000000,154,252,,,False,not_requested,True,0.0005985222932307173,0.043271931839528155,,0.08667312063460875,0.49832985210280606,3.332839559888612e-11,0.23859268232150516,0.3000000000333284,0.10332568882575946,0.028038345347054322,0.3300432834723529,0.005909355584748845,,,2021-11-18,"[""可转债ETF"", ""5年国债ETF"", ""10年国债ETF"", ""信用债ETF"", ""日利ETF"", ""沪深300ETF"", ""中证500ETF"", ""中证1000ETF"", ""创业板ETF"", ""红利ETF"", ""半导体ETF"", ""人工智能ETF"", ""新能源ETF"", ""科创50ETF"", ""证券ETF"", ""军工ETF"", ""消费ETF"", ""恒生ETF"", ""白银LOF"", ""纳指ETF"", ""标普500ETF"", ""日经225ETF"", ""欧洲ETF"", ""黄金ETF"", ""有色金属期货ETF"", ""能源化工期货ETF"", ""豆粕ETF"", ""煤炭ETF"", ""原油ETF""]",0.0
2021-11-26,candidate_03,CLARABEL,optimal,0.0613993168446152,,False,False,ewma,True,243,False,,,1.993184521249796e-06,0.354861440009486,178037.4251486639,True,False,0.0,1.9931845212497903e-06,3.548614400094856e-07,1e-06,symmetrized,159,29,60.0,CLARABEL,optimal,True,0.354861440009486,5.2605526728033425e-06,False,20,0,False,2.35,bond=0.70000000;cash=0.30000000;commodity_gold=0.40000000;defensive=0.25000000;equity=0.70000000,159,252,,,False,not_requested,True,0.0016040034367945984,0.042774421302014115,,0.0888101598668338,0.49544628598809093,1.2547390904060762e-10,0.23818457632838688,0.3000000001254739,0.10248372310684692,0.028647090731236818,0.33068460970805547,0.005903062265821623,,,2021-11-25,"[""可转债ETF"", ""5年国债ETF"", ""10年国债ETF"", ""信用债ETF"", ""日利ETF"", ""沪深300ETF"", ""中证500ETF"", ""中证1000ETF"", ""创业板ETF"", ""红利ETF"", ""半导体ETF"", ""人工智能ETF"", ""新能源ETF"", ""科创50ETF"", ""证券ETF"", ""军工ETF"", ""消费ETF"", ""恒生ETF"", ""白银LOF"", ""纳指ETF"", ""标普500ETF"", ""日经225ETF"", ""欧洲ETF"", ""黄金ETF"", ""有色金属期货ETF"", ""能源化工期货ETF"", ""豆粕ETF"", ""煤炭ETF"", ""原油ETF""]",0.0
2021-12-03,candidate_03,CLARABEL,optimal,0.05828466637120063,,False,False,ewma,True,243,False,,,2.026450367685134e-06,0.3391202088494642,167346.9107643874,True,False,0.0,2.0264503676850795e-06,3.391202088494644e-07,1e-06,symmetrized,164,29,60.0,CLARABEL,optimal,True,0.3391202088494642,5.4909382852796895e-06,False,20,0,False,2.35,bond=0.70000000;cash=0.30000000;commodity_gold=0.40000000;defensive=0.25000000;equity=0.70000000,164,252,,,False,not_requested,True,0.005634860286444669,0.04257238361225999,,0.08420511724508828,0.4823703088183841,1.6935683966323722e-09,0.24087172803552565,0.3000000016935684,0.1007594985067172,0.028652323345347612,0.32971644841884107,0.005825643559686667,,,2021-12-02,"[""可转债ETF"", ""5年国债ETF"", ""10年国债ETF"", ""信用债ETF"", ""日利ETF"", ""沪深300ETF"", ""中证500ETF"", ""中证1000ETF"", ""创业板ETF"", ""红利ETF"", ""半导体ETF"", ""人工智能ETF"", ""新能源ETF"", ""科创50ETF"", ""证券ETF"", ""军工ETF"", ""消费ETF"", ""恒生ETF"", ""白银LOF"", ""纳指ETF"", ""标普500ETF"", ""日经225ETF"", ""欧洲ETF"", ""黄金ETF"", ""有色金属期货ETF"", ""能源化工期货ETF"", ""豆粕ETF"", ""煤炭ETF"", ""原油ETF""]",0.0
2021-12-10,candidate_03,CLARABEL,optimal,0.05944085788597729,,False,False,ewma,True,243,False,,,2.0608980204593354e-06,0.34669498667668086,168225.20242870098,True,False,0.0,2.0608980204593354e-06,3.4669498667668056e-07,1e-06,symmetrized,169,29,60.0,CLARABEL,optimal,True,0.34669498667668086,2.105387706119455e-06,False,20,0,False,2.35,bond=0.70000000;cash=0.30000000;commodity_gold=0.40000000;defensive=0.25000000;equity=0.70000000,169,252,,,False,not_requested,True,0.004726853526186456,0.04343897986501228,,0.08141010720535222,0.4872161851145575,5.061567831532443e-11,0.23888893662653615,0.30000000005061567,0.1011120452490635,0.02906001026104972,0.3309390078127352,0.005824072262757723,,,2021-12-09,"[""可转债ETF"", ""5年国债ETF"", ""10年国债ETF"", ""信用债ETF"", ""日利ETF"", ""沪深300ETF"", ""中证500ETF"", ""中证1000ETF"", ""创业板ETF"", ""红利ETF"", ""半导体ETF"", ""人工智能ETF"", ""新能源ETF"", ""科创50ETF"", ""证券ETF"", ""军工ETF"", ""消费ETF"", ""恒生ETF"", ""白银LOF"", ""纳指ETF"", ""标普500ETF"", ""日经225ETF"", ""欧洲ETF"", ""黄金ETF"", ""有色金属期货ETF"", ""能源化工期货ETF"", ""豆粕ETF"", ""煤炭ETF"", ""原油ETF""]",0.0
2021-12-17,candidate_03,CLARABEL,optimal,0.05935147221517355,,False,False,ewma,True,243,False,,,1.969249085516523e-06,0.33537261829997334,170304.8236846112,True,False,0.0,1.9692490855165273e-06,3.3537261829997273e-07,1e-06,symmetrized,173,29,60.0,CLARABEL,optimal,True,0.33537261829997334,1.7367778276655699e-06,False,20,0,False,2.35,bond=0.70000000;cash=0.30000000;commodity_gold=0.40000000;defensive=0.25000000;equity=0.70000000,173,252,,,False,not_requested,True,0.0008564300423814604,0.04328458969591387,,0.07954973371244767,0.48717178360538577,2.536863497049069e-10,0.2394801954303586,0.30000000025368634,0.10105667193937587,0.02895676282296958,0.3305063695536098,0.005767793577340566,,,2021-12-16,"[""可转债ETF"", ""5年国债ETF"", ""10年国债ETF"", ""信用债ETF"", ""日利ETF"", ""沪深300ETF"", ""中证500ETF"", ""中证1000ETF"", ""创业板ETF"", ""红利ETF"", ""半导体ETF"", ""人工智能ETF"", ""新能源ETF"", ""科创50ETF"", ""证券ETF"", ""军工ETF"", ""消费ETF"", ""恒生ETF"", ""白银LOF"", ""纳指ETF"", ""标普500ETF"", ""日经225ETF"", ""欧洲ETF"", ""黄金ETF"", ""有色金属期货ETF"", ""能源化工期货ETF"", ""豆粕ETF"", ""煤炭ETF"", ""原油ETF""]",0.0
2021-12-24,candidate_03,CLARABEL,optimal,0.06238045412174124,,False,False,ewma,True,243,False,,,1.9400292706884634e-06,0.36124015346614413,186203.45523856443,True,False,0.0,1.9400292706884537e-06,3.612401534661438e-07,1e-06,symmetrized,178,29,60.0,CLARABEL,optimal,True,0.36124015346614413,2.9177626567969406e-06,False,20,0,False,2.35,bond=0.70000000;cash=0.30000000;commodity_gold=0.40000000;defensive=0.25000000;equity=0.70000000,178,252,,,False,not_requested,True,0.0018494116119819031,0.045231880403545865,,0.07565782658583742,0.49937124893617174,6.695710652593334e-11,0.2406426769855287,0.3000000000669571,0.10241037045805568,0.029044711066640406,0.32790224142281826,0.006013064533501319,,,2021-12-23,"[""可转债ETF"", ""5年国债ETF"", ""10年国债ETF"", ""信用债ETF"", ""日利ETF"", ""沪深300ETF"", ""中证500ETF"", ""中证1000ETF"", ""创业板ETF"", ""红利ETF"", ""半导体ETF"", ""人工智能ETF"", ""新能源ETF"", ""科创50ETF"", ""证券ETF"", ""军工ETF"", ""消费ETF"", ""恒生ETF"", ""白银LOF"", ""纳指ETF"", ""标普500ETF"", ""日经225ETF"", ""欧洲ETF"", ""黄金ETF"", ""有色金属期货ETF"", ""能源化工期货ETF"", ""豆粕ETF"", ""煤炭ETF"", ""原油ETF""]",0.0
2021-12-31,candidate_03,CLARABEL,optimal,0.0630166069165329,,False,False,ewma,True,243,False,,,1.901117127195033e-06,0.3512916137782274,184781.67849475634,True,False,0.0,1.9011171271950112e-06,3.512916137782279e-07,1e-06,symmetrized,183,29,60.0,CLARABEL,optimal,True,0.3512916137782274,2.9236205321726827e-06,False,20,0,False,2.35,bond=0.70000000;cash=0.30000000;commodity_gold=0.40000000;defensive=0.25000000;equity=0.70000000,183,252,,,False,not_requested,True,0.0009145974097669882,0.044560242446203505,,0.07556849543728644,0.50198820937992,3.3718028369378317e-11,0.24040976140801168,0.300000000033718,0.10177014214110343,0.02864784805445879,0.3291722483627082,0.00596805672843152,,,2021-12-30,"[""可转债ETF"", ""5年国债ETF"", ""10年国债ETF"", ""信用债ETF"", ""日利ETF"", ""沪深300ETF"", ""中证500ETF"", ""中证1000ETF"", ""创业板ETF"", ""红利ETF"", ""半导体ETF"", ""人工智能ETF"", ""新能源ETF"", ""科创50ETF"", ""证券ETF"", ""军工ETF"", ""消费ETF"", ""恒生ETF"", ""白银LOF"", ""纳指ETF"", ""标普500ETF"", ""日经225ETF"", ""欧洲ETF"", ""黄金ETF"", ""有色金属期货ETF"", ""能源化工期货ETF"", ""豆粕ETF"", ""煤炭ETF"", ""原油ETF""]",0.0
2022-01-07,candidate_03,CLARABEL,optimal,0.05085085062459904,,False,False,ewma,True,243,False,,,2.314219760414236e-06,0.36212175076140396,156476.8208083167,True,False,0.0,2.314219760414394e-06,3.621217507614041e-07,1e-06,symmetrized,187,29,60.0,CLARABEL,optimal,True,0.36212175076140396,2.6126241215659873e-06,False,20,0,False,2.35,bond=0.70000000;cash=0.30000000;commodity_gold=0.40000000;defensive=0.25000000;equity=0.70000000,187,252,,,False,not_requested,True,0.005010243849049502,0.04494082390523397,,0.07011225073313523,0.45055140738638616,7.596706597112757e-11,0.24288209347996909,0.30000000007596705,0.10320523694178807,0.0294883758136697,0.32442429368860615,0.005972373321037628,,,2022-01-06,"[""可转债ETF"", ""5年国债ETF"", ""10年国债ETF"", ""信用债ETF"", ""日利ETF"", ""沪深300ETF"", ""中证500ETF"", ""中证1000ETF"", ""创业板ETF"", ""红利ETF"", ""半导体ETF"", ""人工智能ETF"", ""新能源ETF"", ""科创50ETF"", ""证券ETF"", ""军工ETF"", ""消费ETF"", ""恒生ETF"", ""白银LOF"", ""纳指ETF"", ""标普500ETF"", ""日经225ETF"", ""欧洲ETF"", ""黄金ETF"", ""有色金属期货ETF"", ""能源化工期货ETF"", ""豆粕ETF"", ""煤炭ETF"", ""原油ETF""]",0.0
2022-01-14,candidate_03,CLARABEL,optimal,0.051926207330179636,,False,False,ewma,True,243,False,,,2.2149851414138935e-06,0.3710751596791474,167529.41260918736,True,False,0.0,2.2149851414139215e-06,3.7107515967914766e-07,1e-06,symmetrized,192,29,60.0,CLARABEL,optimal,True,0.3710751596791474,3.7952949946615244e-06,False,20,0,False,2.35,bond=0.70000000;cash=0.30000000;commodity_gold=0.40000000;defensive=0.25000000;equity=0.70000000,192,252,,,False,not_requested,True,0.00041748367579857396,0.045252979494496325,,0.06956316968078949,0.4557092599961556,1.1600709282078014e-10,0.24295550111478798,0.3000000001160071,0.10560796204803513,0.029887919358754712,0.32154861736241513,0.005935951668097703,,,2022-01-13,"[""可转债ETF"", ""5年国债ETF"", ""10年国债ETF"", ""信用债ETF"", ""日利ETF"", ""沪深300ETF"", ""中证500ETF"", ""中证1000ETF"", ""创业板ETF"", ""红利ETF"", ""半导体ETF"", ""人工智能ETF"", ""新能源ETF"", ""科创50ETF"", ""证券ETF"", ""军工ETF"", ""消费ETF"", ""恒生ETF"", ""白银LOF"", ""纳指ETF"", ""标普500ETF"", ""日经225ETF"", ""欧洲ETF"", ""黄金ETF"", ""有色金属期货ETF"", ""能源化工期货ETF"", ""豆粕ETF"", ""煤炭ETF"", ""原油ETF""]",0.0
2022-01-21,candidate_03,CLARABEL,optimal,0.05312299067779881,,False,False,ewma,True,243,False,,,2.1826595402768485e-06,0.36626033161901983,167804.60940443483,True,False,0.0,2.182659540276845e-06,3.6626033161901987e-07,1e-06,symmetrized,197,29,60.0,CLARABEL,optimal,True,0.36626033161901983,5.3103170247065234e-06,False,20,0,False,2.35,bond=0.70000000;cash=0.30000000;commodity_gold=0.40000000;defensive=0.25000000;equity=0.70000000,197,252,,,False,not_requested,True,0.0005152699227911903,0.04441896711133746,,0.07000699800499885,0.4609231202635258,7.950739511208837e-10,0.2441613046734216,0.30000000079507394,0.10720919976654728,0.029826130850296152,0.318803363914661,0.005880084135540217,,,2022-01-20,"[""可转债ETF"", ""5年国债ETF"", ""10年国债ETF"", ""信用债ETF"", ""日利ETF"", ""沪深300ETF"", ""中证500ETF"", ""中证1000ETF"", ""创业板ETF"", ""红利ETF"", ""半导体ETF"", ""人工智能ETF"", ""新能源ETF"", ""科创50ETF"", ""证券ETF"", ""军工ETF"", ""消费ETF"", ""恒生ETF"", ""白银LOF"", ""纳指ETF"", ""标普500ETF"", ""日经225ETF"", ""欧洲ETF"", ""黄金ETF"", ""有色金属期货ETF"", ""能源化工期货ETF"", ""豆粕ETF"", ""煤炭ETF"", ""原油ETF""]",0.0
2022-01-28,candidate_03,CLARABEL,optimal,0.06358763943652783,,False,False,ewma,True,243,False,,,2.289985849365161e-06,0.41719321844675505,182181.5704941631,True,False,0.0,2.289985849365081e-06,4.17193218446755e-07,1e-06,symmetrized,201,29,60.0,CLARABEL,optimal,True,0.41719321844675505,1.8066619360754266e-06,False,20,0,False,2.35,bond=0.70000000;cash=0.30000000;commodity_gold=0.40000000;defensive=0.25000000;equity=0.70000000,201,252,,,False,not_requested,True,0.013391396081239206,0.04859053326569448,,0.06487732855691233,0.5032525969970894,4.5264919590337627e-10,0.25038120730902524,0.3000000004526492,0.10837823595465333,0.029341309152220642,0.31189924713145173,0.0066283911001805435,,,2022-01-27,"[""可转债ETF"", ""5年国债ETF"", ""10年国债ETF"", ""信用债ETF"", ""日利ETF"", ""沪深300ETF"", ""中证500ETF"", ""中证1000ETF"", ""创业板ETF"", ""红利ETF"", ""半导体ETF"", ""人工智能ETF"", ""新能源ETF"", ""科创50ETF"", ""证券ETF"", ""军工ETF"", ""消费ETF"", ""恒生ETF"", ""白银LOF"", ""纳指ETF"", ""标普500ETF"", ""日经225ETF"", ""欧洲ETF"", ""黄金ETF"", ""有色金属期货ETF"", ""能源化工期货ETF"", ""豆粕ETF"", ""煤炭ETF"", ""原油ETF""]",0.0
2022-02-11,candidate_03,CLARABEL,optimal,0.05849328042296359,,False,False,ewma,True,243,False,,,2.7428341763554647e-06,0.4038141068960558,147225.12588516122,True,False,0.0,2.7428341763554422e-06,4.038141068960556e-07,1e-06,symmetrized,205,29,60.0,CLARABEL,optimal,True,0.4038141068960558,3.0008409855827867e-06,False,20,0,False,2.35,bond=0.70000000;cash=0.30000000;commodity_gold=0.40000000;defensive=0.25000000;equity=0.70000000,205,252,,,False,not_requested,True,0.007639190529055528,0.04873784470531848,,0.05879376623191226,0.48306606113542594,5.23501297866602e-10,0.24411441173105808,0.3000000005235013,0.10977050725616773,0.030684283848321333,0.31543079664095147,0.006681230540793924,,,2022-02-10,"[""可转债ETF"", ""5年国债ETF"", ""10年国债ETF"", ""信用债ETF"", ""日利ETF"", ""沪深300ETF"", ""中证500ETF"", ""中证1000ETF"", ""创业板ETF"", ""红利ETF"", ""半导体ETF"", ""人工智能ETF"", ""新能源ETF"", ""科创50ETF"", ""证券ETF"", ""军工ETF"", ""消费ETF"", ""恒生ETF"", ""白银LOF"", ""纳指ETF"", ""标普500ETF"", ""日经225ETF"", ""欧洲ETF"", ""黄金ETF"", ""有色金属期货ETF"", ""能源化工期货ETF"", ""豆粕ETF"", ""煤炭ETF"", ""原油ETF""]",0.0
2022-02-18,candidate_03,CLARABEL,optimal,0.06730550919271665,,False,False,ewma,True,243,False,,,2.7059283405439295e-06,0.40680695199734784,150339.1445745285,True,False,0.0,2.7059283405442658e-06,4.0680695199734766e-07,1e-06,symmetrized,209,29,60.0,CLARABEL,optimal,True,0.40680695199734784,3.896341672662146e-06,False,20,0,False,2.35,bond=0.70000000;cash=0.30000000;commodity_gold=0.40000000;defensive=0.25000000;equity=0.70000000,209,252,,,False,not_requested,True,0.0030716103406693788,0.049221857026540444,,0.06106220238361743,0.5186257051199875,7.102363142053036e-11,0.24444546175928095,0.3000000000710236,0.11011939964258716,0.030333156914883443,0.315101981612225,0.006839935035070745,,,2022-02-17,"[""可转债ETF"", ""5年国债ETF"", ""10年国债ETF"", ""信用债ETF"", ""日利ETF"", ""沪深300ETF"", ""中证500ETF"", ""中证1000ETF"", ""创业板ETF"", ""红利ETF"", ""半导体ETF"", ""人工智能ETF"", ""新能源ETF"", ""科创50ETF"", ""证券ETF"", ""军工ETF"", ""消费ETF"", ""恒生ETF"", ""白银LOF"", ""纳指ETF"", ""标普500ETF"", ""日经225ETF"", ""欧洲ETF"", ""黄金ETF"", ""有色金属期货ETF"", ""能源化工期货ETF"", ""豆粕ETF"", ""煤炭ETF"", ""原油ETF""]",0.0
2022-02-25,candidate_03,CLARABEL,optimal,0.06724870972285635,,False,False,ewma,True,243,False,,,2.6675437629991165e-06,0.41884172351660187,157014.00266651993,True,False,0.0,2.6675437629988674e-06,4.1884172351660207e-07,1e-06,symmetrized,212,29,60.0,CLARABEL,optimal,True,0.41884172351660187,3.332476752229696e-06,False,20,0,False,2.35,bond=0.70000000;cash=0.30000000;commodity_gold=0.40000000;defensive=0.25000000;equity=0.70000000,212,252,,,False,not_requested,True,0.0010629010138302995,0.04883219401623583,,0.06394314345252988,0.5185639124824467,7.188610817721042e-11,0.24445789976584395,0.3000000000718861,0.11378820439306517,0.030505910206489423,0.3112479855627155,0.006790687020113635,,,2022-02-24,"[""可转债ETF"", ""5年国债ETF"", ""10年国债ETF"", ""信用债ETF"", ""日利ETF"", ""沪深300ETF"", ""中证500ETF"", ""中证1000ETF"", ""创业板ETF"", ""红利ETF"", ""半导体ETF"", ""人工智能ETF"", ""新能源ETF"", ""科创50ETF"", ""证券ETF"", ""军工ETF"", ""消费ETF"", ""恒生ETF"", ""白银LOF"", ""纳指ETF"", ""标普500ETF"", ""日经225ETF"", ""欧洲ETF"", ""黄金ETF"", ""有色金属期货ETF"", ""能源化工期货ETF"", ""豆粕ETF"", ""煤炭ETF"", ""原油ETF""]",0.0
2022-03-04,candidate_03,CLARABEL,optimal,0.06614615367983842,,False,False,ewma,True,243,False,,,2.5157682680256907e-06,0.4116222943617617,163616.93546790464,True,False,0.0,2.5157682680258694e-06,4.116222943617614e-07,1e-06,symmetrized,212,29,60.0,CLARABEL,optimal,True,0.4116222943617617,2.1090733612616486e-06,False,20,0,False,2.35,bond=0.70000000;cash=0.30000000;commodity_gold=0.40000000;defensive=0.25000000;equity=0.70000000,212,252,,,False,not_requested,True,0.004390693851313338,0.04935710928546025,,0.06453527965034916,0.5140312153737623,5.324299889863937e-10,0.23962513813736347,0.30000000053243,0.11609151570983894,0.031180037127670496,0.31310330849269696,0.006879267595455366,,,2022-03-03,"[""可转债ETF"", ""5年国债ETF"", ""10年国债ETF"", ""信用债ETF"", ""日利ETF"", ""沪深300ETF"", ""中证500ETF"", ""中证1000ETF"", ""创业板ETF"", ""红利ETF"", ""半导体ETF"", ""人工智能ETF"", ""新能源ETF"", ""科创50ETF"", ""证券ETF"", ""军工ETF"", ""消费ETF"", ""恒生ETF"", ""白银LOF"", ""纳指ETF"", ""标普500ETF"", ""日经225ETF"", ""欧洲ETF"", ""黄金ETF"", ""有色金属期货ETF"", ""能源化工期货ETF"", ""豆粕ETF"", ""煤炭ETF"", ""原油ETF""]",0.0
2022-03-11,candidate_03,CLARABEL,optimal,0.06677954449896402,,False,False,ewma,True,243,False,,,2.503817135110659e-06,0.4123862879066357,164703.03766349526,True,False,0.0,2.5038171351107043e-06,4.1238628790663567e-07,1e-06,symmetrized,208,29,60.0,CLARABEL,optimal,True,0.4123862879066357,2.411022098247617e-06,False,20,0,False,2.35,bond=0.70000000;cash=0.30000000;commodity_gold=0.40000000;defensive=0.25000000;equity=0.70000000,208,252,,,False,not_requested,True,0.010526714449888945,0.048462639907070684,,0.06772976730154981,0.5160071790028943,5.728191809772909e-10,0.24414612548646486,0.30000000057281917,0.11828912598135802,0.030392745098723008,0.30717200286063506,0.006657946505899559,,,2022-03-10,"[""可转债ETF"", ""5年国债ETF"", ""10年国债ETF"", ""信用债ETF"", ""日利ETF"", ""沪深300ETF"", ""中证500ETF"", ""中证1000ETF"", ""创业板ETF"", ""红利ETF"", ""半导体ETF"", ""人工智能ETF"", ""新能源ETF"", ""科创50ETF"", ""证券ETF"", ""军工ETF"", ""消费ETF"", ""恒生ETF"", ""白银LOF"", ""纳指ETF"", ""标普500ETF"", ""日经225ETF"", ""欧洲ETF"", ""黄金ETF"", ""有色金属期货ETF"", ""能源化工期货ETF"", ""豆粕ETF"", ""煤炭ETF"", ""原油ETF""]",0.0
2022-03-18,candidate_03,CLARABEL,optimal,0.06614507292384156,,False,False,ewma,True,243,False,,,2.5150435145431643e-06,0.40716284594323215,161890.97468446376,True,False,0.0,2.5150435145427136e-06,4.0716284594323265e-07,1e-06,symmetrized,206,29,60.0,CLARABEL,optimal,True,0.40716284594323215,1.78892040769707e-06,False,20,0,False,2.35,bond=0.70000000;cash=0.30000000;commodity_gold=0.40000000;defensive=0.25000000;equity=0.70000000,206,252,,,False,not_requested,True,0.002684859249620279,0.04861052981547317,,0.06993081345875636,0.5141617266233428,4.0585373950463577e-10,0.24153594730392997,0.30000000040585373,0.11776160856008966,0.031048002826033406,0.3096544409040931,0.006733389023861292,,,2022-03-17,"[""可转债ETF"", ""5年国债ETF"", ""10年国债ETF"", ""信用债ETF"", ""日利ETF"", ""沪深300ETF"", ""中证500ETF"", ""中证1000ETF"", ""创业板ETF"", ""红利ETF"", ""半导体ETF"", ""人工智能ETF"", ""新能源ETF"", ""科创50ETF"", ""证券ETF"", ""军工ETF"", ""消费ETF"", ""恒生ETF"", ""白银LOF"", ""纳指ETF"", ""标普500ETF"", ""日经225ETF"", ""欧洲ETF"", ""黄金ETF"", ""有色金属期货ETF"", ""能源化工期货ETF"", ""豆粕ETF"", ""煤炭ETF"", ""原油ETF""]",0.0
2022-03-25,candidate_03,CLARABEL,optimal,0.06814464673124573,,False,False,ewma,True,243,False,,,2.519830562334995e-06,0.39396731746912783,156346.74940368172,True,False,0.0,2.5198305623352054e-06,3.939673174691278e-07,1e-06,symmetrized,208,29,60.0,CLARABEL,optimal,True,0.39396731746912783,3.2555458090062495e-06,False,20,0,False,2.35,bond=0.70000000;cash=0.30000000;commodity_gold=0.40000000;defensive=0.25000000;equity=0.70000000,208,252,,,False,not_requested,True,0.004889399555389886,0.048978631620809926,,0.06495784813526082,0.5217102334448552,7.378396782442564e-10,0.23699815466641944,0.30000000073783967,0.12115213677830533,0.03233903829089293,0.3095106695265428,0.0067902456916211,,,2022-03-24,"[""可转债ETF"", ""5年国债ETF"", ""10年国债ETF"", ""信用债ETF"", ""日利ETF"", ""沪深300ETF"", ""中证500ETF"", ""中证1000ETF"", ""创业板ETF"", ""红利ETF"", ""半导体ETF"", ""人工智能ETF"", ""新能源ETF"", ""科创50ETF"", ""证券ETF"", ""军工ETF"", ""消费ETF"", ""恒生ETF"", ""白银LOF"", ""纳指ETF"", ""标普500ETF"", ""日经225ETF"", ""欧洲ETF"", ""黄金ETF"", ""有色金属期货ETF"", ""能源化工期货ETF"", ""豆粕ETF"", ""煤炭ETF"", ""原油ETF""]",0.0
2022-04-01,candidate_03,CLARABEL,optimal,0.06743444262876758,,False,False,ewma,True,243,False,,,2.8204448294341637e-06,0.39332995264258364,139456.70857936735,True,False,0.0,2.820444829434237e-06,3.9332995264258347e-07,1e-06,symmetrized,207,29,60.0,CLARABEL,optimal,True,0.39332995264258364,3.755702477729883e-06,False,20,0,False,2.35,bond=0.70000000;cash=0.30000000;commodity_gold=0.40000000;defensive=0.25000000;equity=0.70000000,207,252,,,False,not_requested,True,0.00010091992520794377,0.04843764809062082,,0.06336416641597396,0.5193549612905833,3.704797579828778e-11,0.23682646564238014,0.30000000003704796,0.11990310331032689,0.033565989082104584,0.3097044419281405,0.006808372766295163,,,2022-03-31,"[""可转债ETF"", ""5年国债ETF"", ""10年国债ETF"", ""信用债ETF"", ""日利ETF"", ""沪深300ETF"", ""中证500ETF"", ""中证1000ETF"", ""创业板ETF"", ""红利ETF"", ""半导体ETF"", ""人工智能ETF"", ""新能源ETF"", ""科创50ETF"", ""证券ETF"", ""军工ETF"", ""消费ETF"", ""恒生ETF"", ""白银LOF"", ""纳指ETF"", ""标普500ETF"", ""日经225ETF"", ""欧洲ETF"", ""黄金ETF"", ""有色金属期货ETF"", ""能源化工期货ETF"", ""豆粕ETF"", ""煤炭ETF"", ""原油ETF""]",0.0
2022-04-08,candidate_03,CLARABEL,optimal,0.0660850104749898,,False,False,ewma,True,243,False,,,2.774941901164396e-06,0.40417115272955684,145650.31165516013,True,False,0.0,2.7749419011644618e-06,4.041711527295562e-07,1e-06,symmetrized,206,29,60.0,CLARABEL,optimal,True,0.40417115272955684,2.753284282112911e-06,False,20,0,False,2.35,bond=0.70000000;cash=0.30000000;commodity_gold=0.40000000;defensive=0.25000000;equity=0.70000000,206,252,,,False,not_requested,True,0.0045256179156700225,0.04850552773698673,,0.06281587261741067,0.5137826016178504,1.810718242012399e-11,0.2410464080272381,0.30000000001810717,0.12090685904885191,0.034168279486810824,0.303878453418992,0.006666907361604793,,,2022-04-07,"[""可转债ETF"", ""5年国债ETF"", ""10年国债ETF"", ""信用债ETF"", ""日利ETF"", ""沪深300ETF"", ""中证500ETF"", ""中证1000ETF"", ""创业板ETF"", ""红利ETF"", ""半导体ETF"", ""人工智能ETF"", ""新能源ETF"", ""科创50ETF"", ""证券ETF"", ""军工ETF"", ""消费ETF"", ""恒生ETF"", ""白银LOF"", ""纳指ETF"", ""标普500ETF"", ""日经225ETF"", ""欧洲ETF"", ""黄金ETF"", ""有色金属期货ETF"", ""能源化工期货ETF"", ""豆粕ETF"", ""煤炭ETF"", ""原油ETF""]",0.0
2022-04-15,candidate_03,CLARABEL,optimal,0.06921654797694987,,False,False,ewma,True,243,False,,,2.7018896840446706e-06,0.45495636244919635,168384.5070121947,True,False,0.0,2.7018896840446693e-06,4.549563624491963e-07,1e-06,symmetrized,206,29,60.0,CLARABEL,optimal,True,0.45495636244919635,3.5003483027790105e-06,False,20,0,False,2.35,bond=0.70000000;cash=0.30000000;commodity_gold=0.40000000;defensive=0.25000000;equity=0.70000000,206,252,,,False,not_requested,True,0.00022061049151938898,0.04998886760179,,0.06134951596296842,0.5261637371920341,1.0263834226975632e-10,0.24150858756983884,0.30000000010263833,0.12500372549473135,0.03467649653615629,0.2988111902966352,0.006919595191941601,,,2022-04-14,"[""可转债ETF"", ""5年国债ETF"", ""10年国债ETF"", ""信用债ETF"", ""日利ETF"", ""沪深300ETF"", ""中证500ETF"", ""中证1000ETF"", ""创业板ETF"", ""红利ETF"", ""半导体ETF"", ""人工智能ETF"", ""新能源ETF"", ""科创50ETF"", ""证券ETF"", ""军工ETF"", ""消费ETF"", ""恒生ETF"", ""白银LOF"", ""纳指ETF"", ""标普500ETF"", ""日经225ETF"", ""欧洲ETF"", ""黄金ETF"", ""有色金属期货ETF"", ""能源化工期货ETF"", ""豆粕ETF"", ""煤炭ETF"", ""原油ETF""]",0.0
2022-04-22,candidate_03,CLARABEL,optimal,0.06826224102263583,,False,False,ewma,True,243,False,,,2.6380245425785234e-06,0.462242953371267,175223.14364803067,True,False,0.0,2.6380245425785284e-06,4.6224295337126683e-07,1e-06,symmetrized,207,29,60.0,CLARABEL,optimal,True,0.462242953371267,1.8348152204632207e-06,False,20,0,False,2.35,bond=0.70000000;cash=0.30000000;commodity_gold=0.40000000;defensive=0.25000000;equity=0.70000000,207,252,,,False,not_requested,True,0.005219480803367592,0.04925532714484843,,0.06442839007801668,0.5221351762228914,1.0616990619993771e-10,0.2434027961854318,0.3000000001061699,0.12715179818822797,0.03277131023724226,0.29667409528292826,0.006841382871548457,,,2022-04-21,"[""可转债ETF"", ""5年国债ETF"", ""10年国债ETF"", ""信用债ETF"", ""日利ETF"", ""沪深300ETF"", ""中证500ETF"", ""中证1000ETF"", ""创业板ETF"", ""红利ETF"", ""半导体ETF"", ""人工智能ETF"", ""新能源ETF"", ""科创50ETF"", ""证券ETF"", ""军工ETF"", ""消费ETF"", ""恒生ETF"", ""白银LOF"", ""纳指ETF"", ""标普500ETF"", ""日经225ETF"", ""欧洲ETF"", ""黄金ETF"", ""有色金属期货ETF"", ""能源化工期货ETF"", ""豆粕ETF"", ""煤炭ETF"", ""原油ETF""]",0.0
2022-04-29,candidate_03,CLARABEL,optimal,0.06591287584682268,,False,False,ewma,True,243,False,,,2.6318455147775352e-06,0.4628022980431471,175847.06072015283,True,False,0.0,2.631845514777499e-06,4.628022980431474e-07,1e-06,symmetrized,205,29,60.0,CLARABEL,optimal,True,0.4628022980431471,1.7551009039440402e-06,False,20,0,False,2.35,bond=0.70000000;cash=0.30000000;commodity_gold=0.40000000;defensive=0.25000000;equity=0.70000000,205,252,,,False,not_requested,True,0.008314590455613733,0.04818664829119055,,0.06423835258316338,0.5128122060192162,7.738498730702759e-11,0.25046324630048833,0.300000000077385,0.12535057994628498,0.03262360271329877,0.29156257096254296,0.006734165606212648,,,2022-04-28,"[""可转债ETF"", ""5年国债ETF"", ""10年国债ETF"", ""信用债ETF"", ""日利ETF"", ""沪深300ETF"", ""中证500ETF"", ""中证1000ETF"", ""创业板ETF"", ""红利ETF"", ""半导体ETF"", ""人工智能ETF"", ""新能源ETF"", ""科创50ETF"", ""证券ETF"", ""军工ETF"", ""消费ETF"", ""恒生ETF"", ""白银LOF"", ""纳指ETF"", ""标普500ETF"", ""日经225ETF"", ""欧洲ETF"", ""黄金ETF"", ""有色金属期货ETF"", ""能源化工期货ETF"", ""豆粕ETF"", ""煤炭ETF"", ""原油ETF""]",0.0
2022-05-06,candidate_03,CLARABEL,optimal,0.06508606753817119,,False,False,ewma,True,243,False,,,2.744407935426514e-06,0.4592827268769306,167352.20771964156,True,False,0.0,2.7444079354264523e-06,4.5928272687693025e-07,1e-06,symmetrized,204,29,60.0,CLARABEL,optimal,True,0.4592827268769306,2.1160986173329732e-06,False,20,0,False,2.35,bond=0.70000000;cash=0.30000000;commodity_gold=0.40000000;defensive=0.25000000;equity=0.70000000,204,252,,,False,not_requested,True,0.00673210288055157,0.048877984341478414,,0.06380064643623659,0.5097034661435842,5.92519533437752e-10,0.24448234014846332,0.3000000005925195,0.12700923514077256,0.03251230193798598,0.29599612218025845,0.006847804447082635,,,2022-05-05,"[""可转债ETF"", ""5年国债ETF"", ""10年国债ETF"", ""信用债ETF"", ""日利ETF"", ""沪深300ETF"", ""中证500ETF"", ""中证1000ETF"", ""创业板ETF"", ""红利ETF"", ""半导体ETF"", ""人工智能ETF"", ""新能源ETF"", ""科创50ETF"", ""证券ETF"", ""军工ETF"", ""消费ETF"", ""恒生ETF"", ""白银LOF"", ""纳指ETF"", ""标普500ETF"", ""日经225ETF"", ""欧洲ETF"", ""黄金ETF"", ""有色金属期货ETF"", ""能源化工期货ETF"", ""豆粕ETF"", ""煤炭ETF"", ""原油ETF""]",0.0
2022-05-13,candidate_03,CLARABEL,optimal,0.06851169456455851,,False,False,ewma,True,243,False,,,2.6933574661629797e-06,0.46989845816268994,174465.68606881518,True,False,0.0,2.6933574661630488e-06,4.6989845816269005e-07,1e-06,symmetrized,203,29,60.0,CLARABEL,optimal,True,0.46989845816268994,2.6138944804049435e-06,False,20,0,False,2.35,bond=0.70000000;cash=0.30000000;commodity_gold=0.40000000;defensive=0.25000000;equity=0.70000000,203,252,,,False,not_requested,True,0.005456286296373193,0.050730478459683606,,0.06223827842777582,0.5230714366231141,1.7475513813813848e-09,0.24873218871258745,0.30000000174755137,0.1255708923347682,0.031718443819199,0.293978473385894,0.007284089046739764,,,2022-05-12,"[""可转债ETF"", ""5年国债ETF"", ""10年国债ETF"", ""信用债ETF"", ""日利ETF"", ""沪深300ETF"", ""中证500ETF"", ""中证1000ETF"", ""创业板ETF"", ""红利ETF"", ""半导体ETF"", ""人工智能ETF"", ""新能源ETF"", ""科创50ETF"", ""证券ETF"", ""军工ETF"", ""消费ETF"", ""恒生ETF"", ""白银LOF"", ""纳指ETF"", ""标普500ETF"", ""日经225ETF"", ""欧洲ETF"", ""黄金ETF"", ""有色金属期货ETF"", ""能源化工期货ETF"", ""豆粕ETF"", ""煤炭ETF"", ""原油ETF""]",0.0
2022-05-20,candidate_03,CLARABEL,optimal,0.07250077248608491,,False,False,ewma,True,243,False,,,2.6212305824459863e-06,0.46488772886443774,177354.76305584318,True,False,0.0,2.62123058244612e-06,4.6488772886443767e-07,1e-06,symmetrized,202,29,60.0,CLARABEL,optimal,True,0.46488772886443774,4.761048238433041e-06,False,20,0,False,2.35,bond=0.70000000;cash=0.30000000;commodity_gold=0.40000000;defensive=0.25000000;equity=0.70000000,202,252,,,False,not_requested,True,0.0051586356659938095,0.05175378941827989,,0.06093853838757364,0.5381302897331287,7.877460905802991e-10,0.24455301281883546,0.3000000007877461,0.12658643988016,0.0321593728929366,0.2967011736203219,0.007383974601672626,,,2022-05-19,"[""可转债ETF"", ""5年国债ETF"", ""10年国债ETF"", ""信用债ETF"", ""日利ETF"", ""沪深300ETF"", ""中证500ETF"", ""中证1000ETF"", ""创业板ETF"", ""红利ETF"", ""半导体ETF"", ""人工智能ETF"", ""新能源ETF"", ""科创50ETF"", ""证券ETF"", ""军工ETF"", ""消费ETF"", ""恒生ETF"", ""白银LOF"", ""纳指ETF"", ""标普500ETF"", ""日经225ETF"", ""欧洲ETF"", ""黄金ETF"", ""有色金属期货ETF"", ""能源化工期货ETF"", ""豆粕ETF"", ""煤炭ETF"", ""原油ETF""]",0.0
2022-05-27,candidate_03,CLARABEL,optimal,0.07444492842688659,,False,False,ewma,True,243,False,,,2.4746495717623723e-06,0.49281653429618166,199145.98815104648,True,False,0.0,2.4746495717620945e-06,4.928165342961821e-07,1e-06,symmetrized,202,29,60.0,CLARABEL,optimal,True,0.49281653429618166,1.0234111508106158e-06,False,20,0,False,2.35,bond=0.70000000;cash=0.30000000;commodity_gold=0.40000000;defensive=0.25000000;equity=0.70000000,202,252,,,False,not_requested,True,0.0027443477256474296,0.05371743151701603,,0.060589479558882234,0.545487738333558,4.924521901372714e-11,0.2427875421917675,0.3000000000492452,0.1292788823485125,0.032769182673657214,0.2951643927368175,0.007609471871861912,,,2022-05-26,"[""可转债ETF"", ""5年国债ETF"", ""10年国债ETF"", ""信用债ETF"", ""日利ETF"", ""沪深300ETF"", ""中证500ETF"", ""中证1000ETF"", ""创业板ETF"", ""红利ETF"", ""半导体ETF"", ""人工智能ETF"", ""新能源ETF"", ""科创50ETF"", ""证券ETF"", ""军工ETF"", ""消费ETF"", ""恒生ETF"", ""白银LOF"", ""纳指ETF"", ""标普500ETF"", ""日经225ETF"", ""欧洲ETF"", ""黄金ETF"", ""有色金属期货ETF"", ""能源化工期货ETF"", ""豆粕ETF"", ""煤炭ETF"", ""原油ETF""]",0.0
2022-06-02,candidate_03,CLARABEL,optimal,0.07443709214386761,,False,False,ewma,True,243,False,,,2.4610898866740192e-06,0.487295642655064,197999.93705780813,True,False,0.0,2.4610898866740802e-06,4.872956426550638e-07,1e-06,symmetrized,203,29,60.0,CLARABEL,optimal,True,0.487295642655064,2.133672209532478e-06,False,20,0,False,2.35,bond=0.70000000;cash=0.30000000;commodity_gold=0.40000000;defensive=0.25000000;equity=0.70000000,203,252,,,False,not_requested,True,0.006383759214803511,0.0547272041039955,,0.0632806673531989,0.545188047674602,1.274543803830852e-10,0.23644184649222383,0.30000000012745437,0.12936137024901306,0.03239275255347627,0.30180403057783234,0.007725449887911753,,,2022-06-01,"[""可转债ETF"", ""5年国债ETF"", ""10年国债ETF"", ""信用债ETF"", ""日利ETF"", ""沪深300ETF"", ""中证500ETF"", ""中证1000ETF"", ""创业板ETF"", ""红利ETF"", ""半导体ETF"", ""人工智能ETF"", ""新能源ETF"", ""科创50ETF"", ""证券ETF"", ""军工ETF"", ""消费ETF"", ""恒生ETF"", ""白银LOF"", ""纳指ETF"", ""标普500ETF"", ""日经225ETF"", ""欧洲ETF"", ""黄金ETF"", ""有色金属期货ETF"", ""能源化工期货ETF"", ""豆粕ETF"", ""煤炭ETF"", ""原油ETF""]",0.0
2022-06-10,candidate_03,CLARABEL,optimal,0.0680892289616933,,False,False,ewma,True,243,False,,,2.373140778596586e-06,0.521482721230885,219743.69406743595,True,False,0.0,2.3731407785966027e-06,5.214827212308848e-07,1e-06,symmetrized,203,29,60.0,CLARABEL,optimal,True,0.521482721230885,3.1988069010037423e-06,False,20,0,False,2.35,bond=0.70000000;cash=0.30000000;commodity_gold=0.40000000;defensive=0.25000000;equity=0.70000000,203,252,,,False,not_requested,True,0.005038624640509076,0.05653792182909288,,0.07249031828863611,0.5214861259189585,1.7270718188910905e-10,0.2317142320756238,0.30000000017270717,0.13257760710512773,0.03256243691862134,0.30314572372792015,0.007800513926686453,,,2022-06-09,"[""可转债ETF"", ""5年国债ETF"", ""10年国债ETF"", ""信用债ETF"", ""日利ETF"", ""沪深300ETF"", ""中证500ETF"", ""中证1000ETF"", ""创业板ETF"", ""红利ETF"", ""半导体ETF"", ""人工智能ETF"", ""新能源ETF"", ""科创50ETF"", ""证券ETF"", ""军工ETF"", ""消费ETF"", ""恒生ETF"", ""白银LOF"", ""纳指ETF"", ""标普500ETF"", ""日经225ETF"", ""欧洲ETF"", ""黄金ETF"", ""有色金属期货ETF"", ""能源化工期货ETF"", ""豆粕ETF"", ""煤炭ETF"", ""原油ETF""]",0.0
2022-06-17,candidate_03,CLARABEL,optimal,0.06743108197977395,,False,False,ewma,True,243,False,,,2.3344137555005275e-06,0.513529270312086,219982.1128975394,True,False,0.0,2.3344137555003687e-06,5.135292703120854e-07,1e-06,symmetrized,201,29,60.0,CLARABEL,optimal,True,0.513529270312086,2.605632869329133e-06,False,20,0,False,2.35,bond=0.70000000;cash=0.30000000;commodity_gold=0.40000000;defensive=0.25000000;equity=0.70000000,201,252,,,False,not_requested,True,0.004051821466571372,0.05556449767336377,,0.062303130874417266,0.5190330625461255,7.485820296970758e-10,0.23497672931340652,0.300000000748582,0.1281849662435,0.032437668258164916,0.3044006354363467,0.00783004134777337,,,2022-06-16,"[""可转债ETF"", ""5年国债ETF"", ""10年国债ETF"", ""信用债ETF"", ""日利ETF"", ""沪深300ETF"", ""中证500ETF"", ""中证1000ETF"", ""创业板ETF"", ""红利ETF"", ""半导体ETF"", ""人工智能ETF"", ""新能源ETF"", ""科创50ETF"", ""证券ETF"", ""军工ETF"", ""消费ETF"", ""恒生ETF"", ""白银LOF"", ""纳指ETF"", ""标普500ETF"", ""日经225ETF"", ""欧洲ETF"", ""黄金ETF"", ""有色金属期货ETF"", ""能源化工期货ETF"", ""豆粕ETF"", ""煤炭ETF"", ""原油ETF""]",0.0
2022-06-24,candidate_03,CLARABEL,optimal,0.06729626457846412,,False,False,ewma,True,243,False,,,2.2664288445388278e-06,0.5097047830183132,224893.3533680065,True,False,0.0,2.266428844538753e-06,5.097047830183141e-07,1e-06,symmetrized,199,29,60.0,CLARABEL,optimal,True,0.5097047830183132,3.2149452351137864e-06,False,20,0,False,2.35,bond=0.70000000;cash=0.30000000;commodity_gold=0.40000000;defensive=0.25000000;equity=0.70000000,199,252,,,False,not_requested,True,6.848202391725698e-05,0.055642941630501715,,0.06143492983627687,0.518825112705153,2.0925772226121353e-10,0.2352065272152619,0.3000000002092577,0.12450288822019145,0.032036469731154364,0.30825411462413455,0.007892669171310008,,,2022-06-23,"[""可转债ETF"", ""5年国债ETF"", ""10年国债ETF"", ""信用债ETF"", ""日利ETF"", ""沪深300ETF"", ""中证500ETF"", ""中证1000ETF"", ""创业板ETF"", ""红利ETF"", ""半导体ETF"", ""人工智能ETF"", ""新能源ETF"", ""科创50ETF"", ""证券ETF"", ""军工ETF"", ""消费ETF"", ""恒生ETF"", ""白银LOF"", ""纳指ETF"", ""标普500ETF"", ""日经225ETF"", ""欧洲ETF"", ""黄金ETF"", ""有色金属期货ETF"", ""能源化工期货ETF"", ""豆粕ETF"", ""煤炭ETF"", ""原油ETF""]",0.0
2022-07-01,candidate_03,CLARABEL,optimal,0.06523142187294055,,False,False,ewma,True,243,False,,,2.2491332874351474e-06,0.529117134802326,235253.79209771837,True,False,0.0,2.249133287435333e-06,5.29117134802326e-07,1e-06,symmetrized,199,29,60.0,CLARABEL,optimal,True,0.529117134802326,3.4130496273931943e-06,False,20,0,False,2.35,bond=0.70000000;cash=0.30000000;commodity_gold=0.40000000;defensive=0.25000000;equity=0.70000000,199,252,,,False,not_requested,True,0.0026710701888367017,0.057733663158533635,,0.06054167174824842,0.5105965105564556,7.834762838498932e-10,0.2326935780737579,0.3000000007834763,0.12231084292772017,0.0328208628820394,0.3121747153330062,0.008090535179711955,,,2022-06-30,"[""可转债ETF"", ""5年国债ETF"", ""10年国债ETF"", ""信用债ETF"", ""日利ETF"", ""沪深300ETF"", ""中证500ETF"", ""中证1000ETF"", ""创业板ETF"", ""红利ETF"", ""半导体ETF"", ""人工智能ETF"", ""新能源ETF"", ""科创50ETF"", ""证券ETF"", ""军工ETF"", ""消费ETF"", ""恒生ETF"", ""白银LOF"", ""纳指ETF"", ""标普500ETF"", ""日经225ETF"", ""欧洲ETF"", ""黄金ETF"", ""有色金属期货ETF"", ""能源化工期货ETF"", ""豆粕ETF"", ""煤炭ETF"", ""原油ETF""]",0.0
2022-07-08,candidate_03,CLARABEL,optimal,0.06528736756740516,,False,False,ewma,True,243,False,,,2.2813203955604127e-06,0.5107802852128347,223896.777588472,True,False,0.0,2.281320395560541e-06,5.107802852128348e-07,1e-06,symmetrized,199,29,60.0,CLARABEL,optimal,True,0.5107802852128347,2.2653295825882103e-06,False,20,0,False,2.35,bond=0.70000000;cash=0.30000000;commodity_gold=0.40000000;defensive=0.25000000;equity=0.70000000,199,252,,,False,not_requested,True,0.002842305603792006,0.05699345647769686,,0.060365502835039636,0.5108019920229292,2.0527085586863336e-10,0.23513181908956787,0.30000000020527084,0.1172838116986456,0.032647375520246574,0.31493699348626913,0.008123485264469519,,,2022-07-07,"[""可转债ETF"", ""5年国债ETF"", ""10年国债ETF"", ""信用债ETF"", ""日利ETF"", ""沪深300ETF"", ""中证500ETF"", ""中证1000ETF"", ""创业板ETF"", ""红利ETF"", ""半导体ETF"", ""人工智能ETF"", ""新能源ETF"", ""科创50ETF"", ""证券ETF"", ""军工ETF"", ""消费ETF"", ""恒生ETF"", ""白银LOF"", ""纳指ETF"", ""标普500ETF"", ""日经225ETF"", ""欧洲ETF"", ""黄金ETF"", ""有色金属期货ETF"", ""能源化工期货ETF"", ""豆粕ETF"", ""煤炭ETF"", ""原油ETF""]",0.0
2022-07-15,candidate_03,CLARABEL,optimal,0.0629538738863284,,False,False,ewma,True,243,False,,,2.2235724667896626e-06,0.5113135959554784,229951.3973986645,True,False,0.0,2.2235724667897075e-06,5.113135959554785e-07,1e-06,symmetrized,199,29,60.0,CLARABEL,optimal,True,0.5113135959554784,2.3477655686568455e-06,False,20,0,False,2.35,bond=0.70000000;cash=0.30000000;commodity_gold=0.40000000;defensive=0.25000000;equity=0.70000000,199,252,,,False,not_requested,True,0.004581846551954568,0.05583711041958041,,0.060472755585794444,0.5014413720519029,4.194079528119232e-10,0.23956022278893474,0.30000000041940794,0.1171335786492934,0.03246545037016992,0.3108407477721942,0.008020415912558764,,,2022-07-14,"[""可转债ETF"", ""5年国债ETF"", ""10年国债ETF"", ""信用债ETF"", ""日利ETF"", ""沪深300ETF"", ""中证500ETF"", ""中证1000ETF"", ""创业板ETF"", ""红利ETF"", ""半导体ETF"", ""人工智能ETF"", ""新能源ETF"", ""科创50ETF"", ""证券ETF"", ""军工ETF"", ""消费ETF"", ""恒生ETF"", ""白银LOF"", ""纳指ETF"", ""标普500ETF"", ""日经225ETF"", ""欧洲ETF"", ""黄金ETF"", ""有色金属期货ETF"", ""能源化工期货ETF"", ""豆粕ETF"", ""煤炭ETF"", ""原油ETF""]",0.0
2022-07-22,candidate_03,CLARABEL,optimal,0.062454358843741016,,False,False,ewma,True,243,False,,,2.181789801938755e-06,0.49915190964467715,228780.93444250542,True,False,0.0,2.1817898019387397e-06,4.991519096446774e-07,1e-06,symmetrized,198,29,60.0,CLARABEL,optimal,True,0.49915190964467715,2.4287136356632155e-06,False,20,0,False,2.35,bond=0.70000000;cash=0.30000000;commodity_gold=0.40000000;defensive=0.25000000;equity=0.70000000,198,252,,,False,not_requested,True,0.0029224963818114975,0.055807199603677,,0.0602453929300404,0.4995799522286307,6.816688880029176e-10,0.23732081083764675,0.3000000006816689,0.11757279113611688,0.03211782708320358,0.31298857026136406,0.008071496548197572,,,2022-07-21,"[""可转债ETF"", ""5年国债ETF"", ""10年国债ETF"", ""信用债ETF"", ""日利ETF"", ""沪深300ETF"", ""中证500ETF"", ""中证1000ETF"", ""创业板ETF"", ""红利ETF"", ""半导体ETF"", ""人工智能ETF"", ""新能源ETF"", ""科创50ETF"", ""证券ETF"", ""军工ETF"", ""消费ETF"", ""恒生ETF"", ""白银LOF"", ""纳指ETF"", ""标普500ETF"", ""日经225ETF"", ""欧洲ETF"", ""黄金ETF"", ""有色金属期货ETF"", ""能源化工期货ETF"", ""豆粕ETF"", ""煤炭ETF"", ""原油ETF""]",0.0
2022-07-29,candidate_03,CLARABEL,optimal,0.0635489037562208,,False,False,ewma,True,243,False,,,2.0854530552608445e-06,0.4858785878594444,232984.66807188408,True,False,0.0,2.0854530552607932e-06,4.858785878594439e-07,1e-06,symmetrized,197,29,60.0,CLARABEL,optimal,True,0.4858785878594444,6.408202847127398e-06,False,20,0,False,2.35,bond=0.70000000;cash=0.30000000;commodity_gold=0.40000000;defensive=0.25000000;equity=0.70000000,197,252,,,False,not_requested,True,0.0023111571751161745,0.05549668740705267,,0.06088653792949948,0.5039920128953075,1.2965195583802824e-10,0.2354313208255466,0.30000000012965194,0.11961231694279098,0.03243900362942165,0.31251735847258905,0.008094864658040943,,,2022-07-28,"[""可转债ETF"", ""5年国债ETF"", ""10年国债ETF"", ""信用债ETF"", ""日利ETF"", ""沪深300ETF"", ""中证500ETF"", ""中证1000ETF"", ""创业板ETF"", ""红利ETF"", ""半导体ETF"", ""人工智能ETF"", ""新能源ETF"", ""科创50ETF"", ""证券ETF"", ""军工ETF"", ""消费ETF"", ""恒生ETF"", ""白银LOF"", ""纳指ETF"", ""标普500ETF"", ""日经225ETF"", ""欧洲ETF"", ""黄金ETF"", ""有色金属期货ETF"", ""能源化工期货ETF"", ""豆粕ETF"", ""煤炭ETF"", ""原油ETF""]",0.0
2022-08-05,candidate_03,CLARABEL,optimal,0.06285605014631909,,False,False,ewma,True,243,False,,,2.0461382077445627e-06,0.4818911346265061,235512.50487506893,True,False,0.0,2.046138207744701e-06,4.818911346265059e-07,1e-06,symmetrized,197,29,60.0,CLARABEL,optimal,True,0.4818911346265061,1.8584680985811453e-06,False,20,0,False,2.35,bond=0.70000000;cash=0.30000000;commodity_gold=0.40000000;defensive=0.25000000;equity=0.70000000,197,252,,,False,not_requested,True,0.0012161479247998746,0.05479775039853201,,0.060634777429323175,0.5013236971995066,1.693807871738784e-10,0.23730161591174728,0.3000000001693808,0.11957816871846699,0.03135808279526974,0.31176213240513506,0.008046760435709415,,,2022-08-04,"[""可转债ETF"", ""5年国债ETF"", ""10年国债ETF"", ""信用债ETF"", ""日利ETF"", ""沪深300ETF"", ""中证500ETF"", ""中证1000ETF"", ""创业板ETF"", ""红利ETF"", ""半导体ETF"", ""人工智能ETF"", ""新能源ETF"", ""科创50ETF"", ""证券ETF"", ""军工ETF"", ""消费ETF"", ""恒生ETF"", ""白银LOF"", ""纳指ETF"", ""标普500ETF"", ""日经225ETF"", ""欧洲ETF"", ""黄金ETF"", ""有色金属期货ETF"", ""能源化工期货ETF"", ""豆粕ETF"", ""煤炭ETF"", ""原油ETF""]",0.0
2022-08-12,candidate_03,CLARABEL,optimal,0.06221369093497288,,False,False,ewma,True,243,False,,,1.997044739154247e-06,0.4709188773218995,235807.875551819,True,False,0.0,1.997044739154256e-06,4.709188773218992e-07,1e-06,symmetrized,197,29,60.0,CLARABEL,optimal,True,0.4709188773218995,3.001252133899568e-06,False,20,0,False,2.35,bond=0.70000000;cash=0.30000000;commodity_gold=0.40000000;defensive=0.25000000;equity=0.70000000,197,252,,,False,not_requested,True,0.005800384933350876,0.05485231851628872,,0.061730276582371624,0.4983811518138534,1.6127787993980292e-10,0.2328891751458198,0.30000000016127787,0.12010317812881283,0.03178774169851227,0.31521990486557744,0.00815958339744462,,,2022-08-11,"[""可转债ETF"", ""5年国债ETF"", ""10年国债ETF"", ""信用债ETF"", ""日利ETF"", ""沪深300ETF"", ""中证500ETF"", ""中证1000ETF"", ""创业板ETF"", ""红利ETF"", ""半导体ETF"", ""人工智能ETF"", ""新能源ETF"", ""科创50ETF"", ""证券ETF"", ""军工ETF"", ""消费ETF"", ""恒生ETF"", ""白银LOF"", ""纳指ETF"", ""标普500ETF"", ""日经225ETF"", ""欧洲ETF"", ""黄金ETF"", ""有色金属期货ETF"", ""能源化工期货ETF"", ""豆粕ETF"", ""煤炭ETF"", ""原油ETF""]",0.0
2022-08-19,candidate_03,CLARABEL,optimal,0.0640108498626731,,False,False,ewma,True,243,False,,,1.8836009416299462e-06,0.4439084242136698,235670.10102975433,True,False,0.0,1.8836009416300218e-06,4.439084242136698e-07,1e-06,symmetrized,199,29,60.0,CLARABEL,optimal,True,0.4439084242136698,2.860902746593119e-06,False,20,0,False,2.35,bond=0.70000000;cash=0.30000000;commodity_gold=0.40000000;defensive=0.25000000;equity=0.70000000,199,252,,,False,not_requested,True,0.0008199339238677099,0.053576993717062656,,0.062295331368522944,0.5059415191660736,2.7475077768457368e-11,0.23305187414148995,0.30000000002747507,0.12020639577742216,0.0320745917199294,0.3146671383336833,0.008139711934357639,,,2022-08-18,"[""可转债ETF"", ""5年国债ETF"", ""10年国债ETF"", ""信用债ETF"", ""日利ETF"", ""沪深300ETF"", ""中证500ETF"", ""中证1000ETF"", ""创业板ETF"", ""红利ETF"", ""半导体ETF"", ""人工智能ETF"", ""新能源ETF"", ""科创50ETF"", ""证券ETF"", ""军工ETF"", ""消费ETF"", ""恒生ETF"", ""白银LOF"", ""纳指ETF"", ""标普500ETF"", ""日经225ETF"", ""欧洲ETF"", ""黄金ETF"", ""有色金属期货ETF"", ""能源化工期货ETF"", ""豆粕ETF"", ""煤炭ETF"", ""原油ETF""]",0.0
2022-08-26,candidate_03,CLARABEL,optimal,0.06484046620851312,,False,False,ewma,True,243,False,,,1.8425368727120503e-06,0.46273401197287967,251139.6210442054,True,False,0.0,1.8425368727118732e-06,4.6273401197287987e-07,1e-06,symmetrized,198,29,60.0,CLARABEL,optimal,True,0.46273401197287967,2.010489991783465e-06,False,20,0,False,2.35,bond=0.70000000;cash=0.30000000;commodity_gold=0.40000000;defensive=0.25000000;equity=0.70000000,198,252,,,False,not_requested,True,0.0016896004520414133,0.05345427001079048,,0.06324256167965225,0.5091411093963506,1.434158680702069e-09,0.23419498234518227,0.30000000143415867,0.12507201972324808,0.03306032306527243,0.30767267343213867,0.008030001681565398,,,2022-08-25,"[""可转债ETF"", ""5年国债ETF"", ""10年国债ETF"", ""信用债ETF"", ""日利ETF"", ""沪深300ETF"", ""中证500ETF"", ""中证1000ETF"", ""创业板ETF"", ""红利ETF"", ""半导体ETF"", ""人工智能ETF"", ""新能源ETF"", ""科创50ETF"", ""证券ETF"", ""军工ETF"", ""消费ETF"", ""恒生ETF"", ""白银LOF"", ""纳指ETF"", ""标普500ETF"", ""日经225ETF"", ""欧洲ETF"", ""黄金ETF"", ""有色金属期货ETF"", ""能源化工期货ETF"", ""豆粕ETF"", ""煤炭ETF"", ""原油ETF""]",0.0
2022-09-02,candidate_03,CLARABEL,optimal,0.06420178748692887,,False,False,ewma,True,243,False,,,1.7621581943019778e-06,0.45524310157174486,258344.0595990729,True,False,0.0,1.762158194301973e-06,4.5524310157174493e-07,1e-06,symmetrized,198,29,60.0,CLARABEL,optimal,True,0.45524310157174486,3.7725389944419374e-06,False,20,0,False,2.35,bond=0.70000000;cash=0.30000000;commodity_gold=0.40000000;defensive=0.25000000;equity=0.70000000,198,252,,,False,not_requested,True,0.008255073293349518,0.052492949287023104,,0.06841986166504857,0.5060996324799056,8.927370509503874e-10,0.2414962182546856,0.30000000089273704,0.1227971644079232,0.03332629448141057,0.30238032196324355,0.007883790508555977,,,2022-09-01,"[""可转债ETF"", ""5年国债ETF"", ""10年国债ETF"", ""信用债ETF"", ""日利ETF"", ""沪深300ETF"", ""中证500ETF"", ""中证1000ETF"", ""创业板ETF"", ""红利ETF"", ""半导体ETF"", ""人工智能ETF"", ""新能源ETF"", ""科创50ETF"", ""证券ETF"", ""军工ETF"", ""消费ETF"", ""恒生ETF"", ""白银LOF"", ""纳指ETF"", ""标普500ETF"", ""日经225ETF"", ""欧洲ETF"", ""黄金ETF"", ""有色金属期货ETF"", ""能源化工期货ETF"", ""豆粕ETF"", ""煤炭ETF"", ""原油ETF""]",0.0
2022-09-09,candidate_03,CLARABEL,optimal,0.06345474800497951,,False,False,ewma,True,243,False,,,1.6667658275097312e-06,0.4393455273903252,263591.63365302444,True,False,0.0,1.6667658275097716e-06,4.3934552739032464e-07,1e-06,symmetrized,198,29,60.0,CLARABEL,optimal,True,0.4393455273903252,1.8518681418507044e-06,False,20,0,False,2.35,bond=0.70000000;cash=0.30000000;commodity_gold=0.40000000;defensive=0.25000000;equity=0.70000000,198,252,,,False,not_requested,True,0.0026836527281101866,0.05167117311542366,,0.06524387630160872,0.5035882042089505,3.321072861162122e-10,0.23926087301609716,0.3000000003321073,0.123038227932644,0.034059341450720676,0.30364155726843073,0.007944707985209626,,,2022-09-08,"[""可转债ETF"", ""5年国债ETF"", ""10年国债ETF"", ""信用债ETF"", ""日利ETF"", ""沪深300ETF"", ""中证500ETF"", ""中证1000ETF"", ""创业板ETF"", ""红利ETF"", ""半导体ETF"", ""人工智能ETF"", ""新能源ETF"", ""科创50ETF"", ""证券ETF"", ""军工ETF"", ""消费ETF"", ""恒生ETF"", ""白银LOF"", ""纳指ETF"", ""标普500ETF"", ""日经225ETF"", ""欧洲ETF"", ""黄金ETF"", ""有色金属期货ETF"", ""能源化工期货ETF"", ""豆粕ETF"", ""煤炭ETF"", ""原油ETF""]",0.0
2022-09-16,candidate_03,CLARABEL,optimal,0.0633815640576572,,False,False,ewma,True,243,False,,,1.6406959218676865e-06,0.44928209656399865,273836.29749780707,True,False,0.0,1.6406959218679254e-06,4.4928209656399884e-07,1e-06,symmetrized,196,29,60.0,CLARABEL,optimal,True,0.44928209656399865,1.7972761239236357e-06,False,20,0,False,2.35,bond=0.70000000;cash=0.30000000;commodity_gold=0.40000000;defensive=0.25000000;equity=0.70000000,196,252,,,False,not_requested,True,0.0011016347215047498,0.051592107687300624,,0.06812416424852114,0.5034250723704721,2.947525556962205e-11,0.2396999390417964,0.30000000002947524,0.12461893681793551,0.034176532329422527,0.3015045917813702,0.007910623830776384,,,2022-09-15,"[""可转债ETF"", ""5年国债ETF"", ""10年国债ETF"", ""信用债ETF"", ""日利ETF"", ""沪深300ETF"", ""中证500ETF"", ""中证1000ETF"", ""创业板ETF"", ""红利ETF"", ""半导体ETF"", ""人工智能ETF"", ""新能源ETF"", ""科创50ETF"", ""证券ETF"", ""军工ETF"", ""消费ETF"", ""恒生ETF"", ""白银LOF"", ""纳指ETF"", ""标普500ETF"", ""日经225ETF"", ""欧洲ETF"", ""黄金ETF"", ""有色金属期货ETF"", ""能源化工期货ETF"", ""豆粕ETF"", ""煤炭ETF"", ""原油ETF""]",0.0
2022-09-23,candidate_03,CLARABEL,optimal,0.06377363285806698,,False,False,ewma,True,243,False,,,1.5862035473939415e-06,0.4355743808243454,274601.8198862144,True,False,0.0,1.5862035473938458e-06,4.355743808243453e-07,1e-06,symmetrized,194,29,60.0,CLARABEL,optimal,True,0.4355743808243454,2.1255741568804165e-06,False,20,0,False,2.35,bond=0.70000000;cash=0.30000000;commodity_gold=0.40000000;defensive=0.25000000;equity=0.70000000,194,252,,,False,not_requested,True,0.006218664449984298,0.05020538355427119,,0.0687327009608765,0.5045687028333502,2.220446049250313e-16,0.2454088236896685,0.29999999995907756,0.12467658539263593,0.03391554048800165,0.2959990504706164,0.007814499717728405,,,2022-09-22,"[""可转债ETF"", ""5年国债ETF"", ""10年国债ETF"", ""信用债ETF"", ""日利ETF"", ""沪深300ETF"", ""中证500ETF"", ""中证1000ETF"", ""创业板ETF"", ""红利ETF"", ""半导体ETF"", ""人工智能ETF"", ""新能源ETF"", ""科创50ETF"", ""证券ETF"", ""军工ETF"", ""消费ETF"", ""恒生ETF"", ""白银LOF"", ""纳指ETF"", ""标普500ETF"", ""日经225ETF"", ""欧洲ETF"", ""黄金ETF"", ""有色金属期货ETF"", ""能源化工期货ETF"", ""豆粕ETF"", ""煤炭ETF"", ""原油ETF""]",0.0
2022-09-30,candidate_03,CLARABEL,optimal,0.07044064564199855,,False,False,ewma,True,243,False,,,1.586420778794317e-06,0.4623826944990693,291462.83298840874,True,False,0.0,1.5864207787939574e-06,4.6238269449906956e-07,1e-06,symmetrized,193,29,60.0,SCS,optimal,True,0.4623826944990693,0.00016459396417533093,False,20,0,False,2.35,bond=0.70000000;cash=0.30000000;commodity_gold=0.40000000;defensive=0.25000000;equity=0.70000000,193,252,,,False,not_requested,True,0.004441179522602079,0.05194575406866297,,0.06889975014425959,0.5304733346651451,3.421976035866692e-10,0.24589083405874357,0.3000000003421976,0.12608933127536415,0.03323730247865728,0.29478253184503744,0.00786171086358349,,,2022-09-29,"[""可转债ETF"", ""5年国债ETF"", ""10年国债ETF"", ""信用债ETF"", ""日利ETF"", ""沪深300ETF"", ""中证500ETF"", ""中证1000ETF"", ""创业板ETF"", ""红利ETF"", ""半导体ETF"", ""人工智能ETF"", ""新能源ETF"", ""科创50ETF"", ""证券ETF"", ""军工ETF"", ""消费ETF"", ""恒生ETF"", ""白银LOF"", ""纳指ETF"", ""标普500ETF"", ""日经225ETF"", ""欧洲ETF"", ""黄金ETF"", ""有色金属期货ETF"", ""能源化工期货ETF"", ""豆粕ETF"", ""煤炭ETF"", ""原油ETF""]",0.0
2022-10-14,candidate_03,CLARABEL,optimal,0.06244856238270545,,False,False,ewma,True,243,False,,,2.5180819057648644e-06,0.4797211801653948,190510.5545086231,True,False,0.0,2.5180819057649232e-06,4.797211801653949e-07,1e-06,symmetrized,194,29,60.0,CLARABEL,optimal,True,0.4797211801653948,2.17997138432513e-06,False,20,0,False,2.35,bond=0.70000000;cash=0.30000000;commodity_gold=0.40000000;defensive=0.25000000;equity=0.70000000,194,252,,,False,not_requested,True,0.0026831196860352497,0.05196895695371116,,0.06877328577151562,0.49957620060638963,1.2534984161760576e-10,0.24748511579937676,0.30000000012534983,0.12735538492602358,0.03345729714216766,0.2917022020070821,0.007816329933260827,,,2022-10-13,"[""可转债ETF"", ""5年国债ETF"", ""10年国债ETF"", ""信用债ETF"", ""日利ETF"", ""沪深300ETF"", ""中证500ETF"", ""中证1000ETF"", ""创业板ETF"", ""红利ETF"", ""半导体ETF"", ""人工智能ETF"", ""新能源ETF"", ""科创50ETF"", ""证券ETF"", ""军工ETF"", ""消费ETF"", ""恒生ETF"", ""白银LOF"", ""纳指ETF"", ""标普500ETF"", ""日经225ETF"", ""欧洲ETF"", ""黄金ETF"", ""有色金属期货ETF"", ""能源化工期货ETF"", ""豆粕ETF"", ""煤炭ETF"", ""原油ETF""]",0.0
2022-10-21,candidate_03,CLARABEL,optimal,0.06835702747611788,,False,False,ewma,True,243,False,,,2.3114790133883902e-06,0.4887471851824956,211443.48806612895,True,False,0.0,2.3114790133884055e-06,4.887471851824956e-07,1e-06,symmetrized,196,29,60.0,CLARABEL,optimal,True,0.4887471851824956,3.593170588764988e-06,False,20,0,False,2.35,bond=0.70000000;cash=0.30000000;commodity_gold=0.40000000;defensive=0.25000000;equity=0.70000000,196,252,,,False,not_requested,True,0.00409835263876502,0.0553002765426981,,0.07608856392831262,0.5225852310104562,1.604840149660447e-10,0.24389157740970815,0.300000000160484,0.12686790138989396,0.03309808533092965,0.29614243570898424,0.007857545043994886,,,2022-10-20,"[""可转债ETF"", ""5年国债ETF"", ""10年国债ETF"", ""信用债ETF"", ""日利ETF"", ""沪深300ETF"", ""中证500ETF"", ""中证1000ETF"", ""创业板ETF"", ""红利ETF"", ""半导体ETF"", ""人工智能ETF"", ""新能源ETF"", ""科创50ETF"", ""证券ETF"", ""军工ETF"", ""消费ETF"", ""恒生ETF"", ""白银LOF"", ""纳指ETF"", ""标普500ETF"", ""日经225ETF"", ""欧洲ETF"", ""黄金ETF"", ""有色金属期货ETF"", ""能源化工期货ETF"", ""豆粕ETF"", ""煤炭ETF"", ""原油ETF""]",0.0
2022-10-28,candidate_03,CLARABEL,optimal,0.06802103008570737,,False,False,ewma,True,243,False,,,2.2852719677327657e-06,0.47524452467906175,207959.72268917962,True,False,0.0,2.285271967732766e-06,4.752445246790616e-07,1e-06,symmetrized,198,29,60.0,CLARABEL,optimal,True,0.47524452467906175,5.0270342199960905e-06,False,20,0,False,2.35,bond=0.70000000;cash=0.30000000;commodity_gold=0.40000000;defensive=0.25000000;equity=0.70000000,198,252,,,False,not_requested,True,0.0017097865171162852,0.05444222291064223,,0.07971457094455162,0.5214837348159957,1.689053896747339e-10,0.2422365381048343,0.3000000001689054,0.12831363557001974,0.032210691181184116,0.2972391349750564,0.007870438004120458,,,2022-10-27,"[""可转债ETF"", ""5年国债ETF"", ""10年国债ETF"", ""信用债ETF"", ""日利ETF"", ""沪深300ETF"", ""中证500ETF"", ""中证1000ETF"", ""创业板ETF"", ""红利ETF"", ""半导体ETF"", ""人工智能ETF"", ""新能源ETF"", ""科创50ETF"", ""证券ETF"", ""军工ETF"", ""消费ETF"", ""恒生ETF"", ""白银LOF"", ""纳指ETF"", ""标普500ETF"", ""日经225ETF"", ""欧洲ETF"", ""黄金ETF"", ""有色金属期货ETF"", ""能源化工期货ETF"", ""豆粕ETF"", ""煤炭ETF"", ""原油ETF""]",0.0
2022-11-04,candidate_03,CLARABEL,optimal,0.06821005605239144,,False,False,ewma,True,243,False,,,2.208376621682525e-06,0.48683809860143135,220450.66671214695,True,False,0.0,2.208376621682521e-06,4.868380986014314e-07,1e-06,symmetrized,200,29,60.0,CLARABEL,optimal,True,0.48683809860143135,2.2324215884564347e-06,False,20,0,False,2.35,bond=0.70000000;cash=0.30000000;commodity_gold=0.40000000;defensive=0.25000000;equity=0.70000000,200,252,,,False,not_requested,True,0.0026935095595826235,0.05576760440518086,,0.07941571150660953,0.522131699127076,1.744053790275757e-10,0.24340937364809176,0.30000000017440537,0.12962691762352907,0.03141745484366027,0.2955462537103136,0.008074647876247065,,,2022-11-03,"[""可转债ETF"", ""5年国债ETF"", ""10年国债ETF"", ""信用债ETF"", ""日利ETF"", ""沪深300ETF"", ""中证500ETF"", ""中证1000ETF"", ""创业板ETF"", ""红利ETF"", ""半导体ETF"", ""人工智能ETF"", ""新能源ETF"", ""科创50ETF"", ""证券ETF"", ""军工ETF"", ""消费ETF"", ""恒生ETF"", ""白银LOF"", ""纳指ETF"", ""标普500ETF"", ""日经225ETF"", ""欧洲ETF"", ""黄金ETF"", ""有色金属期货ETF"", ""能源化工期货ETF"", ""豆粕ETF"", ""煤炭ETF"", ""原油ETF""]",0.0
2022-11-11,candidate_03,CLARABEL,optimal,0.06863871435495794,,False,False,ewma,True,243,False,,,2.1872875855709544e-06,0.4826656203721208,220668.56848461885,True,False,0.0,2.1872875855709552e-06,4.826656203721206e-07,1e-06,symmetrized,200,29,60.0,CLARABEL,optimal,True,0.4826656203721208,3.0566653944630318e-06,False,20,0,False,2.35,bond=0.70000000;cash=0.30000000;commodity_gold=0.40000000;defensive=0.25000000;equity=0.70000000,200,252,,,False,not_requested,True,0.0027652780839940846,0.05573045852317519,,0.08570840939215635,0.5237655170392678,5.907587752318477e-10,0.2412621693580163,0.30000000059075876,0.1320005273898455,0.03213932432035837,0.2945979783410209,0.008068097632033805,,,2022-11-10,"[""可转债ETF"", ""5年国债ETF"", ""10年国债ETF"", ""信用债ETF"", ""日利ETF"", ""沪深300ETF"", ""中证500ETF"", ""中证1000ETF"", ""创业板ETF"", ""红利ETF"", ""半导体ETF"", ""人工智能ETF"", ""新能源ETF"", ""科创50ETF"", ""证券ETF"", ""军工ETF"", ""消费ETF"", ""恒生ETF"", ""白银LOF"", ""纳指ETF"", ""标普500ETF"", ""日经225ETF"", ""欧洲ETF"", ""黄金ETF"", ""有色金属期货ETF"", ""能源化工期货ETF"", ""豆粕ETF"", ""煤炭ETF"", ""原油ETF""]",0.0
2022-11-18,candidate_03,CLARABEL,optimal,0.06865894635364123,,False,False,ewma,True,243,False,,,2.189179126481977e-06,0.4839570344270596,221067.80965191335,True,False,0.0,2.189179126481978e-06,4.839570344270593e-07,1e-06,symmetrized,195,29,60.0,CLARABEL,optimal,True,0.4839570344270596,2.5625986136215695e-06,False,20,0,False,2.35,bond=0.70000000;cash=0.30000000;commodity_gold=0.40000000;defensive=0.25000000;equity=0.70000000,195,252,,,False,not_requested,True,0.00315449771810936,0.05614880321521615,,0.0807568835268701,0.5238126002683158,2.475919469446808e-11,0.23868162854982836,0.3000000000247592,0.13030185941549577,0.03231469743153069,0.2987018145783862,0.008182364971046135,,,2022-11-17,"[""可转债ETF"", ""5年国债ETF"", ""10年国债ETF"", ""信用债ETF"", ""日利ETF"", ""沪深300ETF"", ""中证500ETF"", ""中证1000ETF"", ""创业板ETF"", ""红利ETF"", ""半导体ETF"", ""人工智能ETF"", ""新能源ETF"", ""科创50ETF"", ""证券ETF"", ""军工ETF"", ""消费ETF"", ""恒生ETF"", ""白银LOF"", ""纳指ETF"", ""标普500ETF"", ""日经225ETF"", ""欧洲ETF"", ""黄金ETF"", ""有色金属期货ETF"", ""能源化工期货ETF"", ""豆粕ETF"", ""煤炭ETF"", ""原油ETF""]",0.0
2022-11-25,candidate_03,CLARABEL,optimal,0.0751440381475497,,False,False,ewma,True,243,False,,,2.144492745669911e-06,0.4682130081557663,218332.75449458457,True,False,0.0,2.144492745669911e-06,4.68213008155766e-07,1e-06,symmetrized,194,29,60.0,CLARABEL,optimal,True,0.4682130081557663,1.562800711601281e-06,False,20,0,False,2.35,bond=0.70000000;cash=0.30000000;commodity_gold=0.40000000;defensive=0.25000000;equity=0.70000000,194,252,,,False,not_requested,True,0.0010797212967930273,0.05526834652826382,,0.08515501239839607,0.548168294614801,9.396560196606174e-10,0.23989717828742557,0.300000000939656,0.13117780322529715,0.03266565053827104,0.2962593670093503,0.008136511204777508,,,2022-11-24,"[""可转债ETF"", ""5年国债ETF"", ""10年国债ETF"", ""信用债ETF"", ""日利ETF"", ""沪深300ETF"", ""中证500ETF"", ""中证1000ETF"", ""创业板ETF"", ""红利ETF"", ""半导体ETF"", ""人工智能ETF"", ""新能源ETF"", ""科创50ETF"", ""证券ETF"", ""军工ETF"", ""消费ETF"", ""恒生ETF"", ""白银LOF"", ""纳指ETF"", ""标普500ETF"", ""日经225ETF"", ""欧洲ETF"", ""黄金ETF"", ""有色金属期货ETF"", ""能源化工期货ETF"", ""豆粕ETF"", ""煤炭ETF"", ""原油ETF""]",0.0
2022-12-02,candidate_03,CLARABEL,optimal,0.08077171138887597,,False,False,ewma,True,243,False,,,2.1406920172218145e-06,0.47550199845756547,222125.36629845097,True,False,0.0,2.140692017221825e-06,4.7550199845756533e-07,1e-06,symmetrized,193,29,60.0,CLARABEL,optimal,True,0.47550199845756547,1.8308217676829552e-06,False,20,0,False,2.35,bond=0.70000000;cash=0.30000000;commodity_gold=0.40000000;defensive=0.25000000;equity=0.70000000,193,252,,,False,not_requested,True,0.0032556076417350832,0.0564534641922474,,0.07577418283781256,0.5681747004355219,7.910777033437455e-10,0.23620176588803077,0.3000000007910777,0.13096034007349197,0.03333092927994153,0.299506963967458,0.008223843136751658,,,2022-12-01,"[""可转债ETF"", ""5年国债ETF"", ""10年国债ETF"", ""信用债ETF"", ""日利ETF"", ""沪深300ETF"", ""中证500ETF"", ""中证1000ETF"", ""创业板ETF"", ""红利ETF"", ""半导体ETF"", ""人工智能ETF"", ""新能源ETF"", ""科创50ETF"", ""证券ETF"", ""军工ETF"", ""消费ETF"", ""恒生ETF"", ""白银LOF"", ""纳指ETF"", ""标普500ETF"", ""日经225ETF"", ""欧洲ETF"", ""黄金ETF"", ""有色金属期货ETF"", ""能源化工期货ETF"", ""豆粕ETF"", ""煤炭ETF"", ""原油ETF""]",0.0
2022-12-09,candidate_03,CLARABEL,optimal,0.0845073537750693,,False,False,ewma,True,243,False,,,2.057342211804733e-06,0.4496417044082315,218554.64872506488,True,False,0.0,2.057342211804736e-06,4.4964170440823153e-07,1e-06,symmetrized,193,29,60.0,CLARABEL,optimal,True,0.4496417044082315,2.0900474493185106e-06,False,20,0,False,2.35,bond=0.70000000;cash=0.30000000;commodity_gold=0.40000000;defensive=0.25000000;equity=0.70000000,193,252,,,False,not_requested,True,0.003321145355297965,0.05502656590779222,,0.06927086823878228,0.5811710058988034,1.5663766950169133e-09,0.23735860136178485,0.3000000015663767,0.12952344186020998,0.033728433545115094,0.2993895216665135,0.008234388758062023,,,2022-12-08,"[""可转债ETF"", ""5年国债ETF"", ""10年国债ETF"", ""信用债ETF"", ""日利ETF"", ""沪深300ETF"", ""中证500ETF"", ""中证1000ETF"", ""创业板ETF"", ""红利ETF"", ""半导体ETF"", ""人工智能ETF"", ""新能源ETF"", ""科创50ETF"", ""证券ETF"", ""军工ETF"", ""消费ETF"", ""恒生ETF"", ""白银LOF"", ""纳指ETF"", ""标普500ETF"", ""日经225ETF"", ""欧洲ETF"", ""黄金ETF"", ""有色金属期货ETF"", ""能源化工期货ETF"", ""豆粕ETF"", ""煤炭ETF"", ""原油ETF""]",0.0
2022-12-16,candidate_03,CLARABEL,optimal,0.0841924488357081,,False,False,ewma,True,243,False,,,2.0675588828280857e-06,0.4372125352055619,211463.16017250545,True,False,0.0,2.0675588828280866e-06,4.372125352055617e-07,1e-06,symmetrized,191,29,60.0,CLARABEL,optimal,True,0.4372125352055619,3.9372006793124414e-06,False,20,0,False,2.35,bond=0.70000000;cash=0.30000000;commodity_gold=0.40000000;defensive=0.25000000;equity=0.70000000,191,252,,,False,not_requested,True,0.0008807890511116478,0.054324634622712996,,0.06022756805488959,0.5802570768822058,1.3342288385231882e-10,0.23759926981094892,0.3000000001334229,0.12883828444753487,0.03284445403721722,0.3007179915708763,0.008255373110330966,,,2022-12-15,"[""可转债ETF"", ""5年国债ETF"", ""10年国债ETF"", ""信用债ETF"", ""日利ETF"", ""沪深300ETF"", ""中证500ETF"", ""中证1000ETF"", ""创业板ETF"", ""红利ETF"", ""半导体ETF"", ""人工智能ETF"", ""新能源ETF"", ""科创50ETF"", ""证券ETF"", ""军工ETF"", ""消费ETF"", ""恒生ETF"", ""白银LOF"", ""纳指ETF"", ""标普500ETF"", ""日经225ETF"", ""欧洲ETF"", ""黄金ETF"", ""有色金属期货ETF"", ""能源化工期货ETF"", ""豆粕ETF"", ""煤炭ETF"", ""原油ETF""]",0.0
2022-12-23,candidate_03,CLARABEL,optimal,0.08534792778471921,,False,False,ewma,True,243,False,,,2.0226396253098264e-06,0.42392102602445847,209588.01593710622,True,False,0.0,2.022639625309827e-06,4.2392102602445857e-07,1e-06,symmetrized,190,29,60.0,CLARABEL,optimal,True,0.42392102602445847,1.8669380002570013e-06,False,20,0,False,2.35,bond=0.70000000;cash=0.30000000;commodity_gold=0.40000000;defensive=0.25000000;equity=0.70000000,190,252,,,False,not_requested,True,0.006011273594192511,0.05360535919634136,,0.06621339191483763,0.5838695023059765,2.7945584735178386e-10,0.24038972041252898,0.30000000027945584,0.13089248247509883,0.032377107783692835,0.2963406890492234,0.008157561706692656,,,2022-12-22,"[""可转债ETF"", ""5年国债ETF"", ""10年国债ETF"", ""信用债ETF"", ""日利ETF"", ""沪深300ETF"", ""中证500ETF"", ""中证1000ETF"", ""创业板ETF"", ""红利ETF"", ""半导体ETF"", ""人工智能ETF"", ""新能源ETF"", ""科创50ETF"", ""证券ETF"", ""军工ETF"", ""消费ETF"", ""恒生ETF"", ""白银LOF"", ""纳指ETF"", ""标普500ETF"", ""日经225ETF"", ""欧洲ETF"", ""黄金ETF"", ""有色金属期货ETF"", ""能源化工期货ETF"", ""豆粕ETF"", ""煤炭ETF"", ""原油ETF""]",0.0
2022-12-30,candidate_03,CLARABEL,optimal,0.07904229836499987,,False,False,ewma,True,243,False,,,2.369663480772429e-06,0.4175299226318583,176197.98170487816,True,False,0.0,2.3696634807724365e-06,4.1752992263185846e-07,1e-06,symmetrized,188,29,60.0,CLARABEL,optimal,True,0.4175299226318583,2.547688571809259e-06,False,20,0,False,2.35,bond=0.70000000;cash=0.30000000;commodity_gold=0.40000000;defensive=0.25000000;equity=0.70000000,188,252,,,False,not_requested,True,0.0004110419057478127,0.053391119355448595,,0.06539037972720019,0.5622595635978572,2.5136281944782013e-11,0.2406474817180952,0.30000000002513627,0.13045654642462887,0.0322681520651617,0.29662781976697805,0.008196457888665158,,,2022-12-29,"[""可转债ETF"", ""5年国债ETF"", ""10年国债ETF"", ""信用债ETF"", ""日利ETF"", ""沪深300ETF"", ""中证500ETF"", ""中证1000ETF"", ""创业板ETF"", ""红利ETF"", ""半导体ETF"", ""人工智能ETF"", ""新能源ETF"", ""科创50ETF"", ""证券ETF"", ""军工ETF"", ""消费ETF"", ""恒生ETF"", ""白银LOF"", ""纳指ETF"", ""标普500ETF"", ""日经225ETF"", ""欧洲ETF"", ""黄金ETF"", ""有色金属期货ETF"", ""能源化工期货ETF"", ""豆粕ETF"", ""煤炭ETF"", ""原油ETF""]",0.0
2023-01-06,candidate_03,CLARABEL,optimal,0.034985551534058155,,False,False,ewma,True,243,False,,,6.855733111085935e-06,0.412656176541901,60191.40037330553,True,False,0.0,6.855733111085979e-06,4.1265617654190065e-07,1e-06,symmetrized,188,29,60.0,CLARABEL,optimal,True,0.412656176541901,3.593896015910425e-06,False,20,0,False,2.35,bond=0.70000000;cash=0.30000000;commodity_gold=0.40000000;defensive=0.25000000;equity=0.70000000,188,252,,,False,not_requested,True,0.0037433119605021995,0.053168838861549585,,0.061473991524694495,0.37368201616486685,4.049180990506329e-10,0.23946716171195997,0.3000000004049181,0.12860821177842657,0.03076068517880343,0.30116394092589194,0.008191938148680985,,,2023-01-05,"[""可转债ETF"", ""5年国债ETF"", ""10年国债ETF"", ""信用债ETF"", ""日利ETF"", ""沪深300ETF"", ""中证500ETF"", ""中证1000ETF"", ""创业板ETF"", ""红利ETF"", ""半导体ETF"", ""人工智能ETF"", ""新能源ETF"", ""科创50ETF"", ""证券ETF"", ""军工ETF"", ""消费ETF"", ""恒生ETF"", ""白银LOF"", ""纳指ETF"", ""标普500ETF"", ""日经225ETF"", ""欧洲ETF"", ""黄金ETF"", ""有色金属期货ETF"", ""能源化工期货ETF"", ""豆粕ETF"", ""煤炭ETF"", ""原油ETF""]",0.0
2023-01-13,candidate_03,CLARABEL,optimal,0.03996339707522461,,False,False,ewma,True,243,False,,,6.6318218362384955e-06,0.39198721514142665,59107.018376078384,True,False,0.0,6.631821836238468e-06,3.919872151414272e-07,1e-06,symmetrized,188,29,60.0,CLARABEL,optimal,True,0.39198721514142665,3.901515658249338e-06,False,20,0,False,2.35,bond=0.70000000;cash=0.30000000;commodity_gold=0.40000000;defensive=0.25000000;equity=0.70000000,188,252,,,False,not_requested,True,0.0014439048703174025,0.05219527782925307,,0.05939752417851916,0.399670293148526,1.3091466799508567e-10,0.23765439284149187,0.30000000013091466,0.12919451905565635,0.030523328359091547,0.3026277596128456,0.008226513952216328,,,2023-01-12,"[""可转债ETF"", ""5年国债ETF"", ""10年国债ETF"", ""信用债ETF"", ""日利ETF"", ""沪深300ETF"", ""中证500ETF"", ""中证1000ETF"", ""创业板ETF"", ""红利ETF"", ""半导体ETF"", ""人工智能ETF"", ""新能源ETF"", ""科创50ETF"", ""证券ETF"", ""军工ETF"", ""消费ETF"", ""恒生ETF"", ""白银LOF"", ""纳指ETF"", ""标普500ETF"", ""日经225ETF"", ""欧洲ETF"", ""黄金ETF"", ""有色金属期货ETF"", ""能源化工期货ETF"", ""豆粕ETF"", ""煤炭ETF"", ""原油ETF""]",0.0
2023-01-20,candidate_03,CLARABEL,optimal,0.03814068182278261,,False,False,ewma,True,243,False,,,6.4606375886867294e-06,0.3865421231852888,59830.33684820297,True,False,0.0,6.460637588686666e-06,3.865421231852893e-07,1e-06,symmetrized,188,29,60.0,CLARABEL,optimal,True,0.3865421231852888,5.332520348691472e-06,False,20,0,False,2.35,bond=0.70000000;cash=0.30000000;commodity_gold=0.40000000;defensive=0.25000000;equity=0.70000000,188,252,,,False,not_requested,True,0.005103489141168711,0.051735568372149356,,0.05958610982518618,0.3900619488912852,8.157220454663161e-10,0.2352447280092061,0.30000000081572203,0.1292230654420738,0.029508197986519713,0.30602400774647853,0.008314427325499403,,,2023-01-19,"[""可转债ETF"", ""5年国债ETF"", ""10年国债ETF"", ""信用债ETF"", ""日利ETF"", ""沪深300ETF"", ""中证500ETF"", ""中证1000ETF"", ""创业板ETF"", ""红利ETF"", ""半导体ETF"", ""人工智能ETF"", ""新能源ETF"", ""科创50ETF"", ""证券ETF"", ""军工ETF"", ""消费ETF"", ""恒生ETF"", ""白银LOF"", ""纳指ETF"", ""标普500ETF"", ""日经225ETF"", ""欧洲ETF"", ""黄金ETF"", ""有色金属期货ETF"", ""能源化工期货ETF"", ""豆粕ETF"", ""煤炭ETF"", ""原油ETF""]",0.0
2023-02-03,candidate_03,CLARABEL,optimal,0.032133169013040815,,False,False,ewma,True,243,False,,,6.797567132257066e-06,0.3810735949386692,56060.29150198881,True,False,0.0,6.797567132257053e-06,3.8107359493866907e-07,1e-06,symmetrized,188,29,60.0,CLARABEL,optimal,True,0.3810735949386692,2.9879211435324127e-06,False,20,0,False,2.35,bond=0.70000000;cash=0.30000000;commodity_gold=0.40000000;defensive=0.25000000;equity=0.70000000,188,252,,,False,not_requested,True,0.00585718806073281,0.05223107134596688,,0.05925949526535595,0.3578506285891247,2.5651536450510548e-11,0.23430834233525877,0.3000000000256515,0.12923802580752292,0.029420162977013383,0.3070334688545535,0.008350671837840577,,,2023-02-02,"[""可转债ETF"", ""5年国债ETF"", ""10年国债ETF"", ""信用债ETF"", ""日利ETF"", ""沪深300ETF"", ""中证500ETF"", ""中证1000ETF"", ""创业板ETF"", ""红利ETF"", ""半导体ETF"", ""人工智能ETF"", ""新能源ETF"", ""科创50ETF"", ""证券ETF"", ""军工ETF"", ""消费ETF"", ""恒生ETF"", ""白银LOF"", ""纳指ETF"", ""标普500ETF"", ""日经225ETF"", ""欧洲ETF"", ""黄金ETF"", ""有色金属期货ETF"", ""能源化工期货ETF"", ""豆粕ETF"", ""煤炭ETF"", ""原油ETF""]",0.0
2023-02-10,candidate_03,CLARABEL,optimal,0.03147734568371959,,False,False,ewma,True,243,False,,,7.781455732464506e-06,0.37988317132558447,48819.036487054545,True,False,0.0,7.781455732464525e-06,3.7988317132558443e-07,1e-06,symmetrized,188,29,60.0,CLARABEL,optimal,True,0.37988317132558447,3.6796841050845686e-06,False,20,0,False,2.35,bond=0.70000000;cash=0.30000000;commodity_gold=0.40000000;defensive=0.25000000;equity=0.70000000,188,252,,,False,not_requested,True,0.0015762459147698384,0.05176200784888924,,0.05799868021380107,0.35465672356040157,9.933591726962732e-10,0.2360235102989643,0.30000000099335916,0.12677231439752862,0.029289487902230127,0.30791468640791786,0.00835382589914996,,,2023-02-09,"[""可转债ETF"", ""5年国债ETF"", ""10年国债ETF"", ""信用债ETF"", ""日利ETF"", ""沪深300ETF"", ""中证500ETF"", ""中证1000ETF"", ""创业板ETF"", ""红利ETF"", ""半导体ETF"", ""人工智能ETF"", ""新能源ETF"", ""科创50ETF"", ""证券ETF"", ""军工ETF"", ""消费ETF"", ""恒生ETF"", ""白银LOF"", ""纳指ETF"", ""标普500ETF"", ""日经225ETF"", ""欧洲ETF"", ""黄金ETF"", ""有色金属期货ETF"", ""能源化工期货ETF"", ""豆粕ETF"", ""煤炭ETF"", ""原油ETF""]",0.0
2023-02-17,candidate_03,CLARABEL,optimal,0.033036657222336535,,False,False,ewma,True,243,False,,,7.400216538685934e-06,0.3620180392338054,48919.925159121005,True,False,0.0,7.400216538685932e-06,3.6201803923380543e-07,1e-06,symmetrized,189,29,60.0,CLARABEL,optimal,True,0.3620180392338054,2.7131500250632268e-06,False,20,0,False,2.35,bond=0.70000000;cash=0.30000000;commodity_gold=0.40000000;defensive=0.25000000;equity=0.70000000,189,252,,,False,not_requested,True,0.0010962734518396439,0.05018434750862404,,0.060323227889917,0.36339731903944583,8.395331096977543e-10,0.23762145479811125,0.3000000008395331,0.12632488499952116,0.02930159503203863,0.30675206433079594,0.007572011317703379,,,2023-02-16,"[""可转债ETF"", ""5年国债ETF"", ""10年国债ETF"", ""信用债ETF"", ""日利ETF"", ""沪深300ETF"", ""中证500ETF"", ""中证1000ETF"", ""创业板ETF"", ""红利ETF"", ""半导体ETF"", ""人工智能ETF"", ""新能源ETF"", ""科创50ETF"", ""证券ETF"", ""军工ETF"", ""消费ETF"", ""恒生ETF"", ""白银LOF"", ""纳指ETF"", ""标普500ETF"", ""日经225ETF"", ""欧洲ETF"", ""黄金ETF"", ""有色金属期货ETF"", ""能源化工期货ETF"", ""豆粕ETF"", ""煤炭ETF"", ""原油ETF""]",0.0
2023-02-24,candidate_03,CLARABEL,optimal,0.035103003367628234,,False,False,ewma,True,243,False,,,6.958845198917767e-06,0.36665063773388173,52688.43137808309,True,False,0.0,6.958845198917768e-06,3.666506377338819e-07,1e-06,symmetrized,190,29,60.0,CLARABEL,optimal,True,0.36665063773388173,3.2520236005542658e-06,False,20,0,False,2.35,bond=0.70000000;cash=0.30000000;commodity_gold=0.40000000;defensive=0.25000000;equity=0.70000000,190,252,,,False,not_requested,True,0.0014575927296431729,0.049921421527341844,,0.06103754578256215,0.3745579487086957,7.514617816894997e-10,0.23882826307906357,0.30000000075146177,0.12674554023250773,0.03041283996943382,0.3040133559675329,0.007533867427689169,,,2023-02-23,"[""可转债ETF"", ""5年国债ETF"", ""10年国债ETF"", ""信用债ETF"", ""日利ETF"", ""沪深300ETF"", ""中证500ETF"", ""中证1000ETF"", ""创业板ETF"", ""红利ETF"", ""半导体ETF"", ""人工智能ETF"", ""新能源ETF"", ""科创50ETF"", ""证券ETF"", ""军工ETF"", ""消费ETF"", ""恒生ETF"", ""白银LOF"", ""纳指ETF"", ""标普500ETF"", ""日经225ETF"", ""欧洲ETF"", ""黄金ETF"", ""有色金属期货ETF"", ""能源化工期货ETF"", ""豆粕ETF"", ""煤炭ETF"", ""原油ETF""]",0.0
2023-03-03,candidate_03,CLARABEL,optimal,0.03333710648598125,,False,False,ewma,True,243,False,,,6.600342220412333e-06,0.3548095765997432,53756.2394117161,True,False,0.0,6.600342220412338e-06,3.5480957659974325e-07,1e-06,symmetrized,191,29,60.0,CLARABEL,optimal,True,0.3548095765997432,4.826999112472752e-06,False,20,0,False,2.35,bond=0.70000000;cash=0.30000000;commodity_gold=0.40000000;defensive=0.25000000;equity=0.70000000,191,252,,,False,not_requested,True,0.0005687210645264982,0.04893858198458836,,0.05915555373821632,0.36510580082146793,7.357064957247417e-11,0.23917045385095628,0.30000000007357064,0.12672103559570558,0.03079939230105256,0.3033091181787151,0.007372338430318546,,,2023-03-02,"[""可转债ETF"", ""5年国债ETF"", ""10年国债ETF"", ""信用债ETF"", ""日利ETF"", ""沪深300ETF"", ""中证500ETF"", ""中证1000ETF"", ""创业板ETF"", ""红利ETF"", ""半导体ETF"", ""人工智能ETF"", ""新能源ETF"", ""科创50ETF"", ""证券ETF"", ""军工ETF"", ""消费ETF"", ""恒生ETF"", ""白银LOF"", ""纳指ETF"", ""标普500ETF"", ""日经225ETF"", ""欧洲ETF"", ""黄金ETF"", ""有色金属期货ETF"", ""能源化工期货ETF"", ""豆粕ETF"", ""煤炭ETF"", ""原油ETF""]",0.0
2023-03-10,candidate_03,CLARABEL,optimal,0.03167350240489321,,False,False,ewma,True,243,False,,,6.281095148554375e-06,0.3442653780603878,54809.76962108625,True,False,0.0,6.28109514855436e-06,3.442653780603879e-07,1e-06,symmetrized,193,29,60.0,CLARABEL,optimal,True,0.3442653780603878,2.8320961602094907e-06,False,20,0,False,2.35,bond=0.70000000;cash=0.30000000;commodity_gold=0.40000000;defensive=0.25000000;equity=0.70000000,193,252,,,False,not_requested,True,0.00029376297970395635,0.04830917126347505,,0.06014739837893192,0.3559075105496102,2.809663612879376e-11,0.24006282674056464,0.3000000000280966,0.1262715990718954,0.030672947093413207,0.30299262706603003,0.007323367696673323,,,2023-03-09,"[""可转债ETF"", ""5年国债ETF"", ""10年国债ETF"", ""信用债ETF"", ""日利ETF"", ""沪深300ETF"", ""中证500ETF"", ""中证1000ETF"", ""创业板ETF"", ""红利ETF"", ""半导体ETF"", ""人工智能ETF"", ""新能源ETF"", ""科创50ETF"", ""证券ETF"", ""军工ETF"", ""消费ETF"", ""恒生ETF"", ""白银LOF"", ""纳指ETF"", ""标普500ETF"", ""日经225ETF"", ""欧洲ETF"", ""黄金ETF"", ""有色金属期货ETF"", ""能源化工期货ETF"", ""豆粕ETF"", ""煤炭ETF"", ""原油ETF""]",0.0
2023-03-17,candidate_03,CLARABEL,optimal,0.03249562301823697,,False,False,ewma,True,243,False,,,6.1850563263021295e-06,0.3532787718057442,57118.11714687481,True,False,0.0,6.185056326302132e-06,3.5327877180574426e-07,1e-06,symmetrized,194,29,60.0,CLARABEL,optimal,True,0.3532787718057442,2.9296199121342514e-06,False,20,0,False,2.35,bond=0.70000000;cash=0.30000000;commodity_gold=0.40000000;defensive=0.25000000;equity=0.70000000,194,252,,,False,not_requested,True,0.004703263472351479,0.04894018427533027,,0.05905057863374351,0.3600008153865668,1.1543221933862924e-09,0.24506722459873426,0.3000000011543222,0.1257827329991205,0.03070897189644619,0.29844106935137693,0.007239040381450864,,,2023-03-16,"[""可转债ETF"", ""5年国债ETF"", ""10年国债ETF"", ""信用债ETF"", ""日利ETF"", ""沪深300ETF"", ""中证500ETF"", ""中证1000ETF"", ""创业板ETF"", ""红利ETF"", ""半导体ETF"", ""人工智能ETF"", ""新能源ETF"", ""科创50ETF"", ""证券ETF"", ""军工ETF"", ""消费ETF"", ""恒生ETF"", ""白银LOF"", ""纳指ETF"", ""标普500ETF"", ""日经225ETF"", ""欧洲ETF"", ""黄金ETF"", ""有色金属期货ETF"", ""能源化工期货ETF"", ""豆粕ETF"", ""煤炭ETF"", ""原油ETF""]",0.0
2023-03-24,candidate_03,CLARABEL,optimal,0.031148268262462114,,False,False,ewma,True,243,False,,,5.976484297662407e-06,0.3578171717395372,59870.846122609386,True,False,0.0,5.976484297662426e-06,3.578171717395372e-07,1e-06,symmetrized,197,29,60.0,CLARABEL,optimal,True,0.3578171717395372,2.8934080387871264e-06,False,20,0,False,2.35,bond=0.70000000;cash=0.30000000;commodity_gold=0.40000000;defensive=0.25000000;equity=0.70000000,197,252,,,False,not_requested,True,0.004558586750941929,0.04941415592280239,,0.05619535063466566,0.35245271428330904,4.5434767059759906e-11,0.24302752221217583,0.30000000004543476,0.12420597317857669,0.029875861577477337,0.30289064298633545,0.007307508133710984,,,2023-03-23,"[""可转债ETF"", ""5年国债ETF"", ""10年国债ETF"", ""信用债ETF"", ""日利ETF"", ""沪深300ETF"", ""中证500ETF"", ""中证1000ETF"", ""创业板ETF"", ""红利ETF"", ""半导体ETF"", ""人工智能ETF"", ""新能源ETF"", ""科创50ETF"", ""证券ETF"", ""军工ETF"", ""消费ETF"", ""恒生ETF"", ""白银LOF"", ""纳指ETF"", ""标普500ETF"", ""日经225ETF"", ""欧洲ETF"", ""黄金ETF"", ""有色金属期货ETF"", ""能源化工期货ETF"", ""豆粕ETF"", ""煤炭ETF"", ""原油ETF""]",0.0
2023-03-31,candidate_03,CLARABEL,optimal,0.03158225709495447,,False,False,ewma,True,243,False,,,5.807202340706691e-06,0.3432436935431443,59106.54966111862,True,False,0.0,5.807202340706668e-06,3.432436935431445e-07,1e-06,symmetrized,201,29,60.0,CLARABEL,optimal,True,0.3432436935431443,3.6146784161660006e-06,False,20,0,False,2.35,bond=0.70000000;cash=0.30000000;commodity_gold=0.40000000;defensive=0.25000000;equity=0.70000000,201,252,,,False,not_requested,True,0.00230197403022665,0.04833990630138815,,0.05451263248945877,0.3551649026699618,5.864748686690291e-10,0.24216995154881077,0.30000000058647486,0.1256202890505848,0.02950230663017405,0.3027074521839557,0.007264208043658571,,,2023-03-30,"[""可转债ETF"", ""5年国债ETF"", ""10年国债ETF"", ""信用债ETF"", ""日利ETF"", ""沪深300ETF"", ""中证500ETF"", ""中证1000ETF"", ""创业板ETF"", ""红利ETF"", ""半导体ETF"", ""人工智能ETF"", ""新能源ETF"", ""科创50ETF"", ""证券ETF"", ""军工ETF"", ""消费ETF"", ""恒生ETF"", ""白银LOF"", ""纳指ETF"", ""标普500ETF"", ""日经225ETF"", ""欧洲ETF"", ""黄金ETF"", ""有色金属期货ETF"", ""能源化工期货ETF"", ""豆粕ETF"", ""煤炭ETF"", ""原油ETF""]",0.0
2023-04-07,candidate_03,CLARABEL,optimal,0.0260053239683433,,False,False,ewma,True,243,False,,,5.776869639465816e-06,0.35241020800360967,61003.66288275753,True,False,0.0,5.776869639465882e-06,3.524102080036095e-07,1e-06,symmetrized,201,29,60.0,CLARABEL,optimal,True,0.35241020800360967,3.7490430715436673e-06,False,20,0,False,2.35,bond=0.70000000;cash=0.30000000;commodity_gold=0.40000000;defensive=0.25000000;equity=0.70000000,201,252,,,False,not_requested,True,0.0054178621044346145,0.04860196570065215,,0.05946177057264403,0.32184059015371747,3.0369273762431703e-10,0.24024740730684718,0.3000000003036927,0.12706021103504617,0.02909836785525802,0.3035940134991559,0.007297022929711241,,,2023-04-06,"[""可转债ETF"", ""5年国债ETF"", ""10年国债ETF"", ""信用债ETF"", ""日利ETF"", ""沪深300ETF"", ""中证500ETF"", ""中证1000ETF"", ""创业板ETF"", ""红利ETF"", ""半导体ETF"", ""人工智能ETF"", ""新能源ETF"", ""科创50ETF"", ""证券ETF"", ""军工ETF"", ""消费ETF"", ""恒生ETF"", ""白银LOF"", ""纳指ETF"", ""标普500ETF"", ""日经225ETF"", ""欧洲ETF"", ""黄金ETF"", ""有色金属期货ETF"", ""能源化工期货ETF"", ""豆粕ETF"", ""煤炭ETF"", ""原油ETF""]",0.0
2023-04-14,candidate_03,CLARABEL,optimal,0.025099652888520865,,False,False,ewma,True,243,False,,,5.5484698137728074e-06,0.3521623669355717,63470.178041053616,True,False,0.0,5.548469813772825e-06,3.521623669355714e-07,1e-06,symmetrized,203,29,60.0,CLARABEL,optimal,True,0.3521623669355717,4.506186097597009e-06,False,20,0,False,2.35,bond=0.70000000;cash=0.30000000;commodity_gold=0.40000000;defensive=0.25000000;equity=0.70000000,203,252,,,False,not_requested,True,0.0065243354877486705,0.0477750667108676,,0.060350769450998966,0.31602030870259257,4.420896981827127e-11,0.24088365394572875,0.30000000004420896,0.1281264082058204,0.0297527347418772,0.30123720306236473,0.007241012339323248,,,2023-04-13,"[""可转债ETF"", ""5年国债ETF"", ""10年国债ETF"", ""信用债ETF"", ""日利ETF"", ""沪深300ETF"", ""中证500ETF"", ""中证1000ETF"", ""创业板ETF"", ""红利ETF"", ""半导体ETF"", ""人工智能ETF"", ""新能源ETF"", ""科创50ETF"", ""证券ETF"", ""军工ETF"", ""消费ETF"", ""恒生ETF"", ""白银LOF"", ""纳指ETF"", ""标普500ETF"", ""日经225ETF"", ""欧洲ETF"", ""黄金ETF"", ""有色金属期货ETF"", ""能源化工期货ETF"", ""豆粕ETF"", ""煤炭ETF"", ""原油ETF""]",0.0
2023-04-21,candidate_03,CLARABEL,optimal,0.02359416334069128,,False,False,ewma,True,243,False,,,5.382141033035587e-06,0.3410540913381487,63367.735859160566,True,False,0.0,5.382141033035447e-06,3.410540913381487e-07,1e-06,symmetrized,204,29,60.0,CLARABEL,optimal,True,0.3410540913381487,3.976493161361727e-06,False,20,0,False,2.35,bond=0.70000000;cash=0.30000000;commodity_gold=0.40000000;defensive=0.25000000;equity=0.70000000,204,252,,,False,not_requested,True,0.009752647986373104,0.046903610061965806,,0.05887385427343762,0.3059162276608935,1.37079458895073e-10,0.24037099155455777,0.30000000013707945,0.12669132184516077,0.030040800487773148,0.30289688597542896,0.007167668144739271,,,2023-04-20,"[""可转债ETF"", ""5年国债ETF"", ""10年国债ETF"", ""信用债ETF"", ""日利ETF"", ""沪深300ETF"", ""中证500ETF"", ""中证1000ETF"", ""创业板ETF"", ""红利ETF"", ""半导体ETF"", ""人工智能ETF"", ""新能源ETF"", ""科创50ETF"", ""证券ETF"", ""军工ETF"", ""消费ETF"", ""恒生ETF"", ""白银LOF"", ""纳指ETF"", ""标普500ETF"", ""日经225ETF"", ""欧洲ETF"", ""黄金ETF"", ""有色金属期货ETF"", ""能源化工期货ETF"", ""豆粕ETF"", ""煤炭ETF"", ""原油ETF""]",0.0
2023-04-28,candidate_03,CLARABEL,optimal,0.021428866824861413,,False,False,ewma,True,243,False,,,5.299308120278921e-06,0.33753833528918054,63694.793287734836,True,False,0.0,5.299308120278945e-06,3.375383352891804e-07,1e-06,symmetrized,202,29,60.0,CLARABEL,optimal,True,0.33753833528918054,3.669616997933195e-06,False,20,0,False,2.35,bond=0.70000000;cash=0.30000000;commodity_gold=0.40000000;defensive=0.25000000;equity=0.70000000,202,252,,,False,not_requested,True,0.013042750007968682,0.04539068573117297,,0.058346801689869485,0.2909577220126638,1.1102230246251565e-16,0.2457998637717974,0.2999999999393564,0.12616788278232416,0.03048240042312734,0.29754985308339466,0.006711924553942287,,,2023-04-27,"[""可转债ETF"", ""5年国债ETF"", ""10年国债ETF"", ""信用债ETF"", ""日利ETF"", ""沪深300ETF"", ""中证500ETF"", ""中证1000ETF"", ""创业板ETF"", ""红利ETF"", ""半导体ETF"", ""人工智能ETF"", ""新能源ETF"", ""科创50ETF"", ""证券ETF"", ""军工ETF"", ""消费ETF"", ""恒生ETF"", ""白银LOF"", ""纳指ETF"", ""标普500ETF"", ""日经225ETF"", ""欧洲ETF"", ""黄金ETF"", ""有色金属期货ETF"", ""能源化工期货ETF"", ""豆粕ETF"", ""煤炭ETF"", ""原油ETF""]",0.0
2023-05-05,candidate_03,CLARABEL,optimal,0.020044385312944463,,False,False,ewma,True,243,False,,,5.28897068855628e-06,0.34233624419343955,64726.440048940116,True,False,0.0,5.288970688556165e-06,3.4233624419343947e-07,1e-06,symmetrized,202,29,60.0,CLARABEL,optimal,True,0.34233624419343955,5.175297304094162e-06,False,20,0,False,2.35,bond=0.70000000;cash=0.30000000;commodity_gold=0.40000000;defensive=0.25000000;equity=0.70000000,202,252,,,False,not_requested,True,0.00784549322978005,0.045277911376687276,,0.058841071911408874,0.2820292311118117,0.0,0.24810021796588563,0.29999999992525545,0.1263015866603231,0.02904972875786727,0.29654846669066875,0.006672685159158271,,,2023-05-04,"[""可转债ETF"", ""5年国债ETF"", ""10年国债ETF"", ""信用债ETF"", ""日利ETF"", ""沪深300ETF"", ""中证500ETF"", ""中证1000ETF"", ""创业板ETF"", ""红利ETF"", ""半导体ETF"", ""人工智能ETF"", ""新能源ETF"", ""科创50ETF"", ""证券ETF"", ""军工ETF"", ""消费ETF"", ""恒生ETF"", ""白银LOF"", ""纳指ETF"", ""标普500ETF"", ""日经225ETF"", ""欧洲ETF"", ""黄金ETF"", ""有色金属期货ETF"", ""能源化工期货ETF"", ""豆粕ETF"", ""煤炭ETF"", ""原油ETF""]",0.0
2023-05-12,candidate_03,CLARABEL,optimal,0.01905915411760774,,False,False,ewma,True,243,False,,,5.165656882793009e-06,0.3364341565546807,65129.01731343309,True,False,0.0,5.165656882793051e-06,3.364341565546806e-07,1e-06,symmetrized,203,29,60.0,CLARABEL,optimal,True,0.3364341565546807,3.773666689008137e-06,False,20,0,False,2.35,bond=0.70000000;cash=0.30000000;commodity_gold=0.40000000;defensive=0.25000000;equity=0.70000000,203,252,,,False,not_requested,True,0.0010621261770343646,0.04451784614600672,,0.05732242835012592,0.2759535682408469,7.062483931008501e-11,0.24954451727361976,0.30000000007062483,0.1259519465235906,0.029137420596754032,0.2953661155354109,0.006630674729149982,,,2023-05-11,"[""可转债ETF"", ""5年国债ETF"", ""10年国债ETF"", ""信用债ETF"", ""日利ETF"", ""沪深300ETF"", ""中证500ETF"", ""中证1000ETF"", ""创业板ETF"", ""红利ETF"", ""半导体ETF"", ""人工智能ETF"", ""新能源ETF"", ""科创50ETF"", ""证券ETF"", ""军工ETF"", ""消费ETF"", ""恒生ETF"", ""白银LOF"", ""纳指ETF"", ""标普500ETF"", ""日经225ETF"", ""欧洲ETF"", ""黄金ETF"", ""有色金属期货ETF"", ""能源化工期货ETF"", ""豆粕ETF"", ""煤炭ETF"", ""原油ETF""]",0.0
2023-05-19,candidate_03,CLARABEL,optimal,0.021854326594151655,,False,False,ewma,True,243,False,,,4.9652552249159195e-06,0.3315303247542435,66770.04700394985,True,False,0.0,4.9652552249159475e-06,3.315303247542435e-07,1e-06,symmetrized,205,29,60.0,CLARABEL,optimal,True,0.3315303247542435,3.361957303636004e-06,False,20,0,False,2.35,bond=0.70000000;cash=0.30000000;commodity_gold=0.40000000;defensive=0.25000000;equity=0.70000000,205,252,,,False,not_requested,True,2.424233302493039e-05,0.04419155766028466,,0.05888027806334338,0.29566084945282317,3.521372082815333e-11,0.24926103449780512,0.3000000000352137,0.1244817575286307,0.02890888825093263,0.2973483196874177,0.006203196458471416,,,2023-05-18,"[""可转债ETF"", ""5年国债ETF"", ""10年国债ETF"", ""信用债ETF"", ""日利ETF"", ""沪深300ETF"", ""中证500ETF"", ""中证1000ETF"", ""创业板ETF"", ""红利ETF"", ""半导体ETF"", ""人工智能ETF"", ""新能源ETF"", ""科创50ETF"", ""证券ETF"", ""军工ETF"", ""消费ETF"", ""恒生ETF"", ""白银LOF"", ""纳指ETF"", ""标普500ETF"", ""日经225ETF"", ""欧洲ETF"", ""黄金ETF"", ""有色金属期货ETF"", ""能源化工期货ETF"", ""豆粕ETF"", ""煤炭ETF"", ""原油ETF""]",0.0
2023-05-26,candidate_03,CLARABEL,optimal,0.022979677011770627,,False,False,ewma,True,243,False,,,4.787144155736332e-06,0.32032524089298875,66913.64004761585,True,False,0.0,4.78714415573633e-06,3.203252408929888e-07,1e-06,symmetrized,206,29,60.0,CLARABEL,optimal,True,0.32032524089298875,5.0240485187681705e-06,False,20,0,False,2.35,bond=0.70000000;cash=0.30000000;commodity_gold=0.40000000;defensive=0.25000000;equity=0.70000000,206,252,,,False,not_requested,True,0.0027930884950812824,0.043318287482919285,,0.06043135981953812,0.3028067193132853,1.8572848814457643e-10,0.25239392750428347,0.3000000001857285,0.12449156146825233,0.027655463044085938,0.2954590477976497,0.006152828508682216,,,2023-05-25,"[""可转债ETF"", ""5年国债ETF"", ""10年国债ETF"", ""信用债ETF"", ""日利ETF"", ""沪深300ETF"", ""中证500ETF"", ""中证1000ETF"", ""创业板ETF"", ""红利ETF"", ""半导体ETF"", ""人工智能ETF"", ""新能源ETF"", ""科创50ETF"", ""证券ETF"", ""军工ETF"", ""消费ETF"", ""恒生ETF"", ""白银LOF"", ""纳指ETF"", ""标普500ETF"", ""日经225ETF"", ""欧洲ETF"", ""黄金ETF"", ""有色金属期货ETF"", ""能源化工期货ETF"", ""豆粕ETF"", ""煤炭ETF"", ""原油ETF""]",0.0
2023-06-02,candidate_03,CLARABEL,optimal,0.02553873824077905,,False,False,ewma,True,243,False,,,4.58851199033592e-06,0.3037558074241441,66199.19661622295,True,False,0.0,4.588511990335917e-06,3.0375580742414407e-07,1e-06,symmetrized,207,29,60.0,CLARABEL,optimal,True,0.3037558074241441,4.67598980019579e-06,False,20,0,False,2.35,bond=0.70000000;cash=0.30000000;commodity_gold=0.40000000;defensive=0.25000000;equity=0.70000000,207,252,,,False,not_requested,True,0.000751562671625362,0.042479938862654075,,0.0615769889899552,0.31952140159022246,2.9725721883977485e-11,0.2523559718500449,0.3000000000297257,0.12363540824051734,0.027815417387488398,0.2961932024922236,0.006142370672682867,,,2023-06-01,"[""可转债ETF"", ""5年国债ETF"", ""10年国债ETF"", ""信用债ETF"", ""日利ETF"", ""沪深300ETF"", ""中证500ETF"", ""中证1000ETF"", ""创业板ETF"", ""红利ETF"", ""半导体ETF"", ""人工智能ETF"", ""新能源ETF"", ""科创50ETF"", ""证券ETF"", ""军工ETF"", ""消费ETF"", ""恒生ETF"", ""白银LOF"", ""纳指ETF"", ""标普500ETF"", ""日经225ETF"", ""欧洲ETF"", ""黄金ETF"", ""有色金属期货ETF"", ""能源化工期货ETF"", ""豆粕ETF"", ""煤炭ETF"", ""原油ETF""]",0.0
2023-06-09,candidate_03,CLARABEL,optimal,0.02353244833008306,,False,False,ewma,True,243,False,,,4.406364636031174e-06,0.299041034890576,67865.70327051352,True,False,0.0,4.406364636031172e-06,2.99041034890576e-07,1e-06,symmetrized,207,29,60.0,CLARABEL,optimal,True,0.299041034890576,5.776750829911137e-06,False,20,0,False,2.35,bond=0.70000000;cash=0.30000000;commodity_gold=0.40000000;defensive=0.25000000;equity=0.70000000,207,252,,,False,not_requested,True,0.0008867487039809652,0.041970377357534894,,0.06833792421218474,0.3066884238532146,7.646540622907594e-10,0.251644640578021,0.30000000076465405,0.12551824128825761,0.028460299135537357,0.2943768182335299,0.005817525166793699,,,2023-06-08,"[""可转债ETF"", ""5年国债ETF"", ""10年国债ETF"", ""信用债ETF"", ""日利ETF"", ""沪深300ETF"", ""中证500ETF"", ""中证1000ETF"", ""创业板ETF"", ""红利ETF"", ""半导体ETF"", ""人工智能ETF"", ""新能源ETF"", ""科创50ETF"", ""证券ETF"", ""军工ETF"", ""消费ETF"", ""恒生ETF"", ""白银LOF"", ""纳指ETF"", ""标普500ETF"", ""日经225ETF"", ""欧洲ETF"", ""黄金ETF"", ""有色金属期货ETF"", ""能源化工期货ETF"", ""豆粕ETF"", ""煤炭ETF"", ""原油ETF""]",0.0
2023-06-16,candidate_03,CLARABEL,optimal,0.03022589535506513,,False,False,ewma,True,243,False,,,4.297430998973536e-06,0.2921176326042145,67974.9442571593,True,False,0.0,4.297430998973524e-06,2.9211763260421484e-07,1e-06,symmetrized,207,29,60.0,CLARABEL,optimal,True,0.2921176326042145,4.44214559272571e-06,False,20,0,False,2.35,bond=0.70000000;cash=0.30000000;commodity_gold=0.40000000;defensive=0.25000000;equity=0.70000000,207,252,,,False,not_requested,True,0.0062639994671315905,0.042022430107779764,,0.05689569930623168,0.3469797467627318,1.4150784988231635e-09,0.24808571775684188,0.3000000014150785,0.1244614439877931,0.027551901460363515,0.2999009353799229,0.00588656318330461,,,2023-06-15,"[""可转债ETF"", ""5年国债ETF"", ""10年国债ETF"", ""信用债ETF"", ""日利ETF"", ""沪深300ETF"", ""中证500ETF"", ""中证1000ETF"", ""创业板ETF"", ""红利ETF"", ""半导体ETF"", ""人工智能ETF"", ""新能源ETF"", ""科创50ETF"", ""证券ETF"", ""军工ETF"", ""消费ETF"", ""恒生ETF"", ""白银LOF"", ""纳指ETF"", ""标普500ETF"", ""日经225ETF"", ""欧洲ETF"", ""黄金ETF"", ""有色金属期货ETF"", ""能源化工期货ETF"", ""豆粕ETF"", ""煤炭ETF"", ""原油ETF""]",0.0
2023-06-21,candidate_03,CLARABEL,optimal,0.028314575238293182,,False,False,ewma,True,243,False,,,4.2695395138098965e-06,0.28868482663350237,67614.97948426206,True,False,0.0,4.269539513809899e-06,2.886848266335022e-07,1e-06,symmetrized,207,29,60.0,CLARABEL,optimal,True,0.28868482663350237,4.508133254001873e-06,False,20,0,False,2.35,bond=0.70000000;cash=0.30000000;commodity_gold=0.40000000;defensive=0.25000000;equity=0.70000000,207,252,,,False,not_requested,True,0.0018516841022923596,0.04184727508565654,,0.056882718503159894,0.336315245274529,1.0996218380299183e-09,0.24656542178822616,0.3000000010996218,0.12565658226077767,0.02682615516420106,0.30095183968717354,0.00592375313907347,,,2023-06-20,"[""可转债ETF"", ""5年国债ETF"", ""10年国债ETF"", ""信用债ETF"", ""日利ETF"", ""沪深300ETF"", ""中证500ETF"", ""中证1000ETF"", ""创业板ETF"", ""红利ETF"", ""半导体ETF"", ""人工智能ETF"", ""新能源ETF"", ""科创50ETF"", ""证券ETF"", ""军工ETF"", ""消费ETF"", ""恒生ETF"", ""白银LOF"", ""纳指ETF"", ""标普500ETF"", ""日经225ETF"", ""欧洲ETF"", ""黄金ETF"", ""有色金属期货ETF"", ""能源化工期货ETF"", ""豆粕ETF"", ""煤炭ETF"", ""原油ETF""]",0.0
2023-06-30,candidate_03,CLARABEL,optimal,0.027613687936344028,,False,False,ewma,True,243,False,,,4.146029100742691e-06,0.30877238344127633,74474.24413542225,True,False,0.0,4.14602910074261e-06,3.0877238344127637e-07,1e-06,symmetrized,209,29,60.0,CLARABEL,optimal,True,0.30877238344127633,2.5352636160574926e-06,False,20,0,False,2.35,bond=0.70000000;cash=0.30000000;commodity_gold=0.40000000;defensive=0.25000000;equity=0.70000000,209,252,,,False,not_requested,True,0.004354927393252813,0.042058856700734906,,0.055124130467530945,0.33181490569449107,8.590025357690934e-10,0.2507631933993947,0.3000000008590025,0.12569422234710434,0.027089668086551052,0.2964529153079475,0.00588933213043586,,,2023-06-29,"[""可转债ETF"", ""5年国债ETF"", ""10年国债ETF"", ""信用债ETF"", ""日利ETF"", ""沪深300ETF"", ""中证500ETF"", ""中证1000ETF"", ""创业板ETF"", ""红利ETF"", ""半导体ETF"", ""人工智能ETF"", ""新能源ETF"", ""科创50ETF"", ""证券ETF"", ""军工ETF"", ""消费ETF"", ""恒生ETF"", ""白银LOF"", ""纳指ETF"", ""标普500ETF"", ""日经225ETF"", ""欧洲ETF"", ""黄金ETF"", ""有色金属期货ETF"", ""能源化工期货ETF"", ""豆粕ETF"", ""煤炭ETF"", ""原油ETF""]",0.0
2023-07-07,candidate_03,CLARABEL,optimal,0.024154438764764013,,False,False,ewma,True,243,False,,,4.223005715282128e-06,0.30234616732909037,71595.01732023856,True,False,0.0,4.2230057152821345e-06,3.023461673290901e-07,1e-06,symmetrized,210,29,60.0,CLARABEL,optimal,True,0.30234616732909037,4.4950024824449986e-06,False,20,0,False,2.35,bond=0.70000000;cash=0.30000000;commodity_gold=0.40000000;defensive=0.25000000;equity=0.70000000,210,252,,,False,not_requested,True,0.0019220004917358076,0.04179500189318711,,0.05586803978087438,0.3105828208692927,8.723299860236011e-11,0.24931775107831666,0.300000000087233,0.12701826063381083,0.027050547578484452,0.2966134406221549,0.005871612020325128,,,2023-07-06,"[""可转债ETF"", ""5年国债ETF"", ""10年国债ETF"", ""信用债ETF"", ""日利ETF"", ""沪深300ETF"", ""中证500ETF"", ""中证1000ETF"", ""创业板ETF"", ""红利ETF"", ""半导体ETF"", ""人工智能ETF"", ""新能源ETF"", ""科创50ETF"", ""证券ETF"", ""军工ETF"", ""消费ETF"", ""恒生ETF"", ""白银LOF"", ""纳指ETF"", ""标普500ETF"", ""日经225ETF"", ""欧洲ETF"", ""黄金ETF"", ""有色金属期货ETF"", ""能源化工期货ETF"", ""豆粕ETF"", ""煤炭ETF"", ""原油ETF""]",0.0
2023-07-14,candidate_03,CLARABEL,optimal,0.026413199626633143,,False,False,ewma,True,243,False,,,4.082110072199235e-06,0.3059909375662284,74959.01192134584,True,False,0.0,4.0821100721992446e-06,3.0599093756622836e-07,1e-06,symmetrized,211,29,60.0,CLARABEL,optimal,True,0.3059909375662284,2.228824475022928e-06,False,20,0,False,2.35,bond=0.70000000;cash=0.30000000;commodity_gold=0.40000000;defensive=0.25000000;equity=0.70000000,211,252,,,False,not_requested,True,0.0039037312022336115,0.04246003110093126,,0.0562801973842939,0.32455479588647473,4.6328224589942124e-10,0.2464532155973791,0.30000000046328223,0.12839289854279676,0.027201893812506203,0.2979519915840358,0.005682338291164933,,,2023-07-13,"[""可转债ETF"", ""5年国债ETF"", ""10年国债ETF"", ""信用债ETF"", ""日利ETF"", ""沪深300ETF"", ""中证500ETF"", ""中证1000ETF"", ""创业板ETF"", ""红利ETF"", ""半导体ETF"", ""人工智能ETF"", ""新能源ETF"", ""科创50ETF"", ""证券ETF"", ""军工ETF"", ""消费ETF"", ""恒生ETF"", ""白银LOF"", ""纳指ETF"", ""标普500ETF"", ""日经225ETF"", ""欧洲ETF"", ""黄金ETF"", ""有色金属期货ETF"", ""能源化工期货ETF"", ""豆粕ETF"", ""煤炭ETF"", ""原油ETF""]",0.0
2023-07-21,candidate_03,CLARABEL,optimal,0.02892205446419176,,False,False,ewma,True,243,False,,,3.988585234626e-06,0.2982704608541401,74781.01715484794,True,False,0.0,3.988585234625993e-06,2.9827046085414004e-07,1e-06,symmetrized,212,29,60.0,CLARABEL,optimal,True,0.2982704608541401,3.1109950894350757e-06,False,20,0,False,2.35,bond=0.70000000;cash=0.30000000;commodity_gold=0.40000000;defensive=0.25000000;equity=0.70000000,212,252,,,False,not_requested,True,0.0008970791532831104,0.041797039433189756,,0.06204183233120133,0.340022609585775,1.3598411285897782e-10,0.24751585078642022,0.3000000001359841,0.1304473921448594,0.027241470286508827,0.29479528664622756,0.0056122070289293,,,2023-07-20,"[""可转债ETF"", ""5年国债ETF"", ""10年国债ETF"", ""信用债ETF"", ""日利ETF"", ""沪深300ETF"", ""中证500ETF"", ""中证1000ETF"", ""创业板ETF"", ""红利ETF"", ""半导体ETF"", ""人工智能ETF"", ""新能源ETF"", ""科创50ETF"", ""证券ETF"", ""军工ETF"", ""消费ETF"", ""恒生ETF"", ""白银LOF"", ""纳指ETF"", ""标普500ETF"", ""日经225ETF"", ""欧洲ETF"", ""黄金ETF"", ""有色金属期货ETF"", ""能源化工期货ETF"", ""豆粕ETF"", ""煤炭ETF"", ""原油ETF""]",0.0
2023-07-28,candidate_03,CLARABEL,optimal,0.02903951692086318,,False,False,ewma,True,243,False,,,3.824629844532361e-06,0.28457398575675796,74405.62808021306,True,False,0.0,3.824629844532364e-06,2.845739857567579e-07,1e-06,symmetrized,211,29,60.0,CLARABEL,optimal,True,0.28457398575675796,5.412437410784454e-06,False,20,0,False,2.35,bond=0.70000000;cash=0.30000000;commodity_gold=0.40000000;defensive=0.25000000;equity=0.70000000,211,252,,,False,not_requested,True,0.0021009558653245497,0.04104677106884316,,0.0651371964517605,0.3405693322470306,1.6840645544746735e-10,0.2454687405991473,0.30000000016840644,0.13125846003879996,0.027648619389591837,0.29562417980405464,0.005648539147189462,,,2023-07-27,"[""可转债ETF"", ""5年国债ETF"", ""10年国债ETF"", ""信用债ETF"", ""日利ETF"", ""沪深300ETF"", ""中证500ETF"", ""中证1000ETF"", ""创业板ETF"", ""红利ETF"", ""半导体ETF"", ""人工智能ETF"", ""新能源ETF"", ""科创50ETF"", ""证券ETF"", ""军工ETF"", ""消费ETF"", ""恒生ETF"", ""白银LOF"", ""纳指ETF"", ""标普500ETF"", ""日经225ETF"", ""欧洲ETF"", ""黄金ETF"", ""有色金属期货ETF"", ""能源化工期货ETF"", ""豆粕ETF"", ""煤炭ETF"", ""原油ETF""]",0.0
2023-08-04,candidate_03,CLARABEL,optimal,0.028849458244790138,,False,False,ewma,True,243,False,,,3.727310405221457e-06,0.2749799261800058,73774.35638169447,True,False,0.0,3.7273104052212906e-06,2.7497992618000566e-07,1e-06,symmetrized,213,29,60.0,CLARABEL,optimal,True,0.2749799261800058,1.683949447269656e-06,False,20,0,False,2.35,bond=0.70000000;cash=0.30000000;commodity_gold=0.40000000;defensive=0.25000000;equity=0.70000000,213,252,,,False,not_requested,True,8.634446310766455e-05,0.04082382714942447,,0.06670279484995509,0.33969224572950757,1.00705943584245e-10,0.2455481733357509,0.30000000010070593,0.12976100466777682,0.028121746297550824,0.29656907559821555,0.00567160895124622,,,2023-08-03,"[""可转债ETF"", ""5年国债ETF"", ""10年国债ETF"", ""信用债ETF"", ""日利ETF"", ""沪深300ETF"", ""中证500ETF"", ""中证1000ETF"", ""创业板ETF"", ""红利ETF"", ""半导体ETF"", ""人工智能ETF"", ""新能源ETF"", ""科创50ETF"", ""证券ETF"", ""军工ETF"", ""消费ETF"", ""恒生ETF"", ""白银LOF"", ""纳指ETF"", ""标普500ETF"", ""日经225ETF"", ""欧洲ETF"", ""黄金ETF"", ""有色金属期货ETF"", ""能源化工期货ETF"", ""豆粕ETF"", ""煤炭ETF"", ""原油ETF""]",0.0
2023-08-11,candidate_03,CLARABEL,optimal,0.02666684296461618,,False,False,ewma,True,243,False,,,3.6126287504676696e-06,0.2638373245415827,73031.95062803724,True,False,0.0,3.6126287504676687e-06,2.638373245415828e-07,1e-06,symmetrized,214,29,60.0,CLARABEL,optimal,True,0.2638373245415827,3.2723395501331465e-06,False,20,0,False,2.35,bond=0.70000000;cash=0.30000000;commodity_gold=0.40000000;defensive=0.25000000;equity=0.70000000,214,252,,,False,not_requested,True,3.0158468551244426e-05,0.039909544345703776,,0.07599755036175027,0.32659596291261556,8.552902830416542e-11,0.24568830282073056,0.300000000085529,0.1320149616002973,0.027814777234177728,0.29448195825926515,0.005673676913707891,,,2023-08-10,"[""可转债ETF"", ""5年国债ETF"", ""10年国债ETF"", ""信用债ETF"", ""日利ETF"", ""沪深300ETF"", ""中证500ETF"", ""中证1000ETF"", ""创业板ETF"", ""红利ETF"", ""半导体ETF"", ""人工智能ETF"", ""新能源ETF"", ""科创50ETF"", ""证券ETF"", ""军工ETF"", ""消费ETF"", ""恒生ETF"", ""白银LOF"", ""纳指ETF"", ""标普500ETF"", ""日经225ETF"", ""欧洲ETF"", ""黄金ETF"", ""有色金属期货ETF"", ""能源化工期货ETF"", ""豆粕ETF"", ""煤炭ETF"", ""原油ETF""]",0.0
2023-08-18,candidate_03,CLARABEL,optimal,0.03084347685493686,,False,False,ewma,True,243,False,,,3.622167211278043e-06,0.2748441818817645,75878.38049717994,True,False,0.0,3.6221672112780525e-06,2.7484418188176423e-07,1e-06,symmetrized,214,29,60.0,CLARABEL,optimal,True,0.2748441818817645,4.081323886830079e-06,False,20,0,False,2.35,bond=0.70000000;cash=0.30000000;commodity_gold=0.40000000;defensive=0.25000000;equity=0.70000000,214,252,,,False,not_requested,True,0.004459571241541256,0.039532980503935694,,0.07869537478919744,0.35073036685598075,2.3686164141167865e-11,0.25039597695233806,0.30000000002368615,0.1323889494086991,0.027775817178413324,0.2894392564368634,0.00549670199124142,,,2023-08-17,"[""可转债ETF"", ""5年国债ETF"", ""10年国债ETF"", ""信用债ETF"", ""日利ETF"", ""沪深300ETF"", ""中证500ETF"", ""中证1000ETF"", ""创业板ETF"", ""红利ETF"", ""半导体ETF"", ""人工智能ETF"", ""新能源ETF"", ""科创50ETF"", ""证券ETF"", ""军工ETF"", ""消费ETF"", ""恒生ETF"", ""白银LOF"", ""纳指ETF"", ""标普500ETF"", ""日经225ETF"", ""欧洲ETF"", ""黄金ETF"", ""有色金属期货ETF"", ""能源化工期货ETF"", ""豆粕ETF"", ""煤炭ETF"", ""原油ETF""]",0.0
2023-08-25,candidate_03,CLARABEL,optimal,0.03181216407983409,,False,False,ewma,True,243,False,,,3.457884701894272e-06,0.29181221983559136,84390.38458272858,True,False,0.0,3.4578847018940194e-06,2.918122198355913e-07,1e-06,symmetrized,216,29,60.0,CLARABEL,optimal,True,0.29181221983559136,2.781497176772285e-06,False,20,0,False,2.35,bond=0.70000000;cash=0.30000000;commodity_gold=0.40000000;defensive=0.25000000;equity=0.70000000,216,252,,,False,not_requested,True,0.001968393041511536,0.03943335945091709,,0.06810862748510818,0.35649519324159995,2.9328539596917835e-11,0.252285119857308,0.30000000002932853,0.13447669108724278,0.027710654975307652,0.28552753405081277,0.005421251621185436,,,2023-08-24,"[""可转债ETF"", ""5年国债ETF"", ""10年国债ETF"", ""信用债ETF"", ""日利ETF"", ""沪深300ETF"", ""中证500ETF"", ""中证1000ETF"", ""创业板ETF"", ""红利ETF"", ""半导体ETF"", ""人工智能ETF"", ""新能源ETF"", ""科创50ETF"", ""证券ETF"", ""军工ETF"", ""消费ETF"", ""恒生ETF"", ""白银LOF"", ""纳指ETF"", ""标普500ETF"", ""日经225ETF"", ""欧洲ETF"", ""黄金ETF"", ""有色金属期货ETF"", ""能源化工期货ETF"", ""豆粕ETF"", ""煤炭ETF"", ""原油ETF""]",0.0
2023-09-01,candidate_03,CLARABEL,optimal,0.03128574935215675,,False,False,ewma,True,243,False,,,3.2892017122192173e-06,0.32124587912514246,97666.82229664734,True,False,0.0,3.289201712219219e-06,3.2124587912514237e-07,1e-06,symmetrized,216,29,60.0,CLARABEL,optimal,True,0.32124587912514246,3.811340571639732e-06,False,20,0,False,2.35,bond=0.70000000;cash=0.30000000;commodity_gold=0.40000000;defensive=0.25000000;equity=0.70000000,216,252,,,False,not_requested,True,0.0034813028282595316,0.04119904914004628,,0.06039186096857565,0.35335579182884347,6.905115368383008e-11,0.2504450240182,0.30000000006905114,0.13543366325522918,0.02737793053052949,0.28674338212699035,0.005521824032508075,,,2023-08-31,"[""可转债ETF"", ""5年国债ETF"", ""10年国债ETF"", ""信用债ETF"", ""日利ETF"", ""沪深300ETF"", ""中证500ETF"", ""中证1000ETF"", ""创业板ETF"", ""红利ETF"", ""半导体ETF"", ""人工智能ETF"", ""新能源ETF"", ""科创50ETF"", ""证券ETF"", ""军工ETF"", ""消费ETF"", ""恒生ETF"", ""白银LOF"", ""纳指ETF"", ""标普500ETF"", ""日经225ETF"", ""欧洲ETF"", ""黄金ETF"", ""有色金属期货ETF"", ""能源化工期货ETF"", ""豆粕ETF"", ""煤炭ETF"", ""原油ETF""]",0.0
2023-09-08,candidate_03,CLARABEL,optimal,0.03200425040251591,,False,False,ewma,True,243,False,,,3.492684516377294e-06,0.32440358288069104,92880.87182210523,True,False,0.0,3.4926845163772907e-06,3.244035828806911e-07,1e-06,symmetrized,217,29,60.0,CLARABEL,optimal,True,0.32440358288069104,5.43472348062124e-06,False,20,0,False,2.35,bond=0.70000000;cash=0.30000000;commodity_gold=0.40000000;defensive=0.25000000;equity=0.70000000,217,252,,,False,not_requested,True,0.0017625476052833605,0.041035547701045956,,0.06327055251844776,0.35759457874038664,3.07420311429496e-10,0.2510007161557959,0.3000000003074203,0.1365871629402593,0.027805869603435975,0.28460625099308867,0.005524400603571123,,,2023-09-07,"[""可转债ETF"", ""5年国债ETF"", ""10年国债ETF"", ""信用债ETF"", ""日利ETF"", ""沪深300ETF"", ""中证500ETF"", ""中证1000ETF"", ""创业板ETF"", ""红利ETF"", ""半导体ETF"", ""人工智能ETF"", ""新能源ETF"", ""科创50ETF"", ""证券ETF"", ""军工ETF"", ""消费ETF"", ""恒生ETF"", ""白银LOF"", ""纳指ETF"", ""标普500ETF"", ""日经225ETF"", ""欧洲ETF"", ""黄金ETF"", ""有色金属期货ETF"", ""能源化工期货ETF"", ""豆粕ETF"", ""煤炭ETF"", ""原油ETF""]",0.0
2023-09-15,candidate_03,CLARABEL,optimal,0.03378004352768001,,False,False,ewma,True,243,False,,,3.4278360644634833e-06,0.3121229202412601,91055.38140433587,True,False,0.0,3.427836064462642e-06,3.121229202412599e-07,1e-06,symmetrized,218,29,60.0,CLARABEL,optimal,True,0.3121229202412601,2.7047058766688226e-06,False,20,0,False,2.35,bond=0.70000000;cash=0.30000000;commodity_gold=0.40000000;defensive=0.25000000;equity=0.70000000,218,252,,,False,not_requested,True,0.00037016900967070786,0.04000289890452778,,0.06176968940705719,0.36754607382903,1.350780987063871e-09,0.25112073291342274,0.300000001350781,0.13786458492185272,0.0282415205966415,0.28277316021730226,0.005424641283184366,,,2023-09-14,"[""可转债ETF"", ""5年国债ETF"", ""10年国债ETF"", ""信用债ETF"", ""日利ETF"", ""沪深300ETF"", ""中证500ETF"", ""中证1000ETF"", ""创业板ETF"", ""红利ETF"", ""半导体ETF"", ""人工智能ETF"", ""新能源ETF"", ""科创50ETF"", ""证券ETF"", ""军工ETF"", ""消费ETF"", ""恒生ETF"", ""白银LOF"", ""纳指ETF"", ""标普500ETF"", ""日经225ETF"", ""欧洲ETF"", ""黄金ETF"", ""有色金属期货ETF"", ""能源化工期货ETF"", ""豆粕ETF"", ""煤炭ETF"", ""原油ETF""]",0.0
2023-09-22,candidate_03,CLARABEL,optimal,0.03302860426535487,,False,False,ewma,True,243,False,,,3.2668160709322257e-06,0.30010192819187576,91863.7357218088,True,False,0.0,3.2668160709304973e-06,3.0010192819187557e-07,1e-06,symmetrized,218,29,60.0,CLARABEL,optimal,True,0.30010192819187576,4.184442383384224e-06,False,20,0,False,2.35,bond=0.70000000;cash=0.30000000;commodity_gold=0.40000000;defensive=0.25000000;equity=0.70000000,218,252,,,False,not_requested,True,0.005575534489616512,0.03928708937335956,,0.06114879693933508,0.3628521512418833,1.5448364809600434e-10,0.25587739995483183,0.30000000015448364,0.13623835084036331,0.02862746037837905,0.27925678867194215,0.0053342652802849475,,,2023-09-21,"[""可转债ETF"", ""5年国债ETF"", ""10年国债ETF"", ""信用债ETF"", ""日利ETF"", ""沪深300ETF"", ""中证500ETF"", ""中证1000ETF"", ""创业板ETF"", ""红利ETF"", ""半导体ETF"", ""人工智能ETF"", ""新能源ETF"", ""科创50ETF"", ""证券ETF"", ""军工ETF"", ""消费ETF"", ""恒生ETF"", ""白银LOF"", ""纳指ETF"", ""标普500ETF"", ""日经225ETF"", ""欧洲ETF"", ""黄金ETF"", ""有色金属期货ETF"", ""能源化工期货ETF"", ""豆粕ETF"", ""煤炭ETF"", ""原油ETF""]",0.0
2023-09-28,candidate_03,CLARABEL,optimal,0.03614080305386588,,False,False,ewma,True,243,False,,,3.1809858199503655e-06,0.3094423993324341,97278.77357757681,True,False,0.0,3.1809858199500377e-06,3.094423993324339e-07,1e-06,symmetrized,220,29,60.0,CLARABEL,optimal,True,0.3094423993324341,3.0642857587886985e-06,False,20,0,False,2.35,bond=0.70000000;cash=0.30000000;commodity_gold=0.40000000;defensive=0.25000000;equity=0.70000000,220,252,,,False,not_requested,True,0.0008004210794271176,0.039394903478103496,,0.0629012284527232,0.38012921227366486,5.1926185573591965e-11,0.25592557435131796,0.3000000000519262,0.13608547041555652,0.02850742846997791,0.27948152671122134,0.005342954461947174,,,2023-09-27,"[""可转债ETF"", ""5年国债ETF"", ""10年国债ETF"", ""信用债ETF"", ""日利ETF"", ""沪深300ETF"", ""中证500ETF"", ""中证1000ETF"", ""创业板ETF"", ""红利ETF"", ""半导体ETF"", ""人工智能ETF"", ""新能源ETF"", ""科创50ETF"", ""证券ETF"", ""军工ETF"", ""消费ETF"", ""恒生ETF"", ""白银LOF"", ""纳指ETF"", ""标普500ETF"", ""日经225ETF"", ""欧洲ETF"", ""黄金ETF"", ""有色金属期货ETF"", ""能源化工期货ETF"", ""豆粕ETF"", ""煤炭ETF"", ""原油ETF""]",0.0
2023-10-13,candidate_03,CLARABEL,optimal,0.03460962274243332,,False,False,ewma,True,243,False,,,3.33831024124247e-06,0.2964987683779473,88817.02027418363,True,False,0.0,3.3383102412425577e-06,2.964987683779471e-07,1e-06,symmetrized,222,29,60.0,CLARABEL,optimal,True,0.2964987683779473,3.126865023933556e-06,False,20,0,False,2.35,bond=0.70000000;cash=0.30000000;commodity_gold=0.40000000;defensive=0.25000000;equity=0.70000000,222,252,,,False,not_requested,True,0.00010467116411398865,0.03915234666390152,,0.06244681253905538,0.3720618116270564,5.691813687036529e-11,0.25603419320697,0.3000000000569181,0.1326336987556939,0.028281401957705402,0.2830507060227125,0.005374743702387979,,,2023-10-12,"[""可转债ETF"", ""5年国债ETF"", ""10年国债ETF"", ""信用债ETF"", ""日利ETF"", ""沪深300ETF"", ""中证500ETF"", ""中证1000ETF"", ""创业板ETF"", ""红利ETF"", ""半导体ETF"", ""人工智能ETF"", ""新能源ETF"", ""科创50ETF"", ""证券ETF"", ""军工ETF"", ""消费ETF"", ""恒生ETF"", ""白银LOF"", ""纳指ETF"", ""标普500ETF"", ""日经225ETF"", ""欧洲ETF"", ""黄金ETF"", ""有色金属期货ETF"", ""能源化工期货ETF"", ""豆粕ETF"", ""煤炭ETF"", ""原油ETF""]",0.0
2023-10-20,candidate_03,CLARABEL,optimal,0.03906097634395974,,False,False,ewma,True,243,False,,,3.295310118875511e-06,0.29569518139421,89732.12557460686,True,False,0.0,3.2953101188752723e-06,2.956951813942101e-07,1e-06,symmetrized,224,29,60.0,CLARABEL,optimal,True,0.29569518139421,3.7918693767471923e-06,False,20,0,False,2.35,bond=0.70000000;cash=0.30000000;commodity_gold=0.40000000;defensive=0.25000000;equity=0.70000000,224,252,,,False,not_requested,True,0.005201141821000488,0.03832412720572468,,0.06454575931209025,0.39474241304928676,5.903005306784337e-10,0.26026206760324455,0.3000000005903005,0.1374930307758998,0.027979743202797412,0.27426515782775773,0.005091362378856532,,,2023-10-19,"[""可转债ETF"", ""5年国债ETF"", ""10年国债ETF"", ""信用债ETF"", ""日利ETF"", ""沪深300ETF"", ""中证500ETF"", ""中证1000ETF"", ""创业板ETF"", ""红利ETF"", ""半导体ETF"", ""人工智能ETF"", ""新能源ETF"", ""科创50ETF"", ""证券ETF"", ""军工ETF"", ""消费ETF"", ""恒生ETF"", ""白银LOF"", ""纳指ETF"", ""标普500ETF"", ""日经225ETF"", ""欧洲ETF"", ""黄金ETF"", ""有色金属期货ETF"", ""能源化工期货ETF"", ""豆粕ETF"", ""煤炭ETF"", ""原油ETF""]",0.0
2023-10-27,candidate_03,CLARABEL,optimal,0.03853806508110284,,False,False,ewma,True,243,False,,,3.263625417753496e-06,0.29904839433165664,91630.73455209986,True,False,0.0,3.263625417753518e-06,2.9904839433165656e-07,1e-06,symmetrized,225,29,60.0,CLARABEL,optimal,True,0.29904839433165664,2.909605211903754e-06,False,20,0,False,2.35,bond=0.70000000;cash=0.30000000;commodity_gold=0.40000000;defensive=0.25000000;equity=0.70000000,225,252,,,False,not_requested,True,0.0031854362031146577,0.03820440059259316,,0.06215829598029491,0.39229275153221793,1.9353069147243218e-10,0.26356778669241854,0.3000000001935307,0.1370835155662331,0.02814125931638337,0.27120743823143434,0.005137938243590263,,,2023-10-26,"[""可转债ETF"", ""5年国债ETF"", ""10年国债ETF"", ""信用债ETF"", ""日利ETF"", ""沪深300ETF"", ""中证500ETF"", ""中证1000ETF"", ""创业板ETF"", ""红利ETF"", ""半导体ETF"", ""人工智能ETF"", ""新能源ETF"", ""科创50ETF"", ""证券ETF"", ""军工ETF"", ""消费ETF"", ""恒生ETF"", ""白银LOF"", ""纳指ETF"", ""标普500ETF"", ""日经225ETF"", ""欧洲ETF"", ""黄金ETF"", ""有色金属期货ETF"", ""能源化工期货ETF"", ""豆粕ETF"", ""煤炭ETF"", ""原油ETF""]",0.0
2023-11-03,candidate_03,CLARABEL,optimal,0.035833115631704805,,False,False,ewma,True,243,False,,,3.2525578667299017e-06,0.30113553369022383,92584.22018267836,True,False,0.0,3.2525578667299013e-06,3.011355336902237e-07,1e-06,symmetrized,225,29,60.0,CLARABEL,optimal,True,0.30113553369022383,3.5171163678265893e-06,False,20,0,False,2.35,bond=0.70000000;cash=0.30000000;commodity_gold=0.40000000;defensive=0.25000000;equity=0.70000000,225,252,,,False,not_requested,True,0.00361457509565707,0.03782496402237186,,0.053869932965831896,0.3782049167171836,1.208468880520286e-10,0.26237304042635273,0.3000000001208469,0.13535290038625294,0.02780439320311382,0.27446966586343374,0.005149376061140294,,,2023-11-02,"[""可转债ETF"", ""5年国债ETF"", ""10年国债ETF"", ""信用债ETF"", ""日利ETF"", ""沪深300ETF"", ""中证500ETF"", ""中证1000ETF"", ""创业板ETF"", ""红利ETF"", ""半导体ETF"", ""人工智能ETF"", ""新能源ETF"", ""科创50ETF"", ""证券ETF"", ""军工ETF"", ""消费ETF"", ""恒生ETF"", ""白银LOF"", ""纳指ETF"", ""标普500ETF"", ""日经225ETF"", ""欧洲ETF"", ""黄金ETF"", ""有色金属期货ETF"", ""能源化工期货ETF"", ""豆粕ETF"", ""煤炭ETF"", ""原油ETF""]",0.0
2023-11-10,candidate_03,CLARABEL,optimal,0.04104015698293637,,False,False,ewma,True,243,False,,,3.1273128266782356e-06,0.3123144299186049,99866.705771913,True,False,0.0,3.1273128266782263e-06,3.123144299186049e-07,1e-06,symmetrized,226,29,60.0,CLARABEL,optimal,True,0.3123144299186049,2.4227775667629015e-06,False,20,0,False,2.35,bond=0.70000000;cash=0.30000000;commodity_gold=0.40000000;defensive=0.25000000;equity=0.70000000,226,252,,,False,not_requested,True,0.003463507611893086,0.03852116577040303,,0.056641401755330584,0.40482019602986685,1.9655627125914066e-10,0.2610000959107851,0.30000000019655626,0.13271338875401148,0.027576415414597842,0.2787100997240493,0.005180200939804088,,,2023-11-09,"[""可转债ETF"", ""5年国债ETF"", ""10年国债ETF"", ""信用债ETF"", ""日利ETF"", ""沪深300ETF"", ""中证500ETF"", ""中证1000ETF"", ""创业板ETF"", ""红利ETF"", ""半导体ETF"", ""人工智能ETF"", ""新能源ETF"", ""科创50ETF"", ""证券ETF"", ""军工ETF"", ""消费ETF"", ""恒生ETF"", ""白银LOF"", ""纳指ETF"", ""标普500ETF"", ""日经225ETF"", ""欧洲ETF"", ""黄金ETF"", ""有色金属期货ETF"", ""能源化工期货ETF"", ""豆粕ETF"", ""煤炭ETF"", ""原油ETF""]",0.0
2023-11-17,candidate_03,CLARABEL,optimal,0.044230164514378556,,False,False,ewma,True,243,False,,,2.9928393058355918e-06,0.30442719556012876,101718.52359949329,True,False,0.0,2.992839305835592e-06,3.0442719556012867e-07,1e-06,symmetrized,228,29,60.0,CLARABEL,optimal,True,0.30442719556012876,2.8448532747374355e-06,False,20,0,False,2.35,bond=0.70000000;cash=0.30000000;commodity_gold=0.40000000;defensive=0.25000000;equity=0.70000000,228,252,,,False,not_requested,True,0.0023138760649797667,0.03858009261076999,,0.05580893313225566,0.4203959696774433,3.7393521612472114e-10,0.2595228283937394,0.3000000003739352,0.13359824280560412,0.02744056107049472,0.2794383673562266,0.004859398627035159,,,2023-11-16,"[""可转债ETF"", ""5年国债ETF"", ""10年国债ETF"", ""信用债ETF"", ""日利ETF"", ""沪深300ETF"", ""中证500ETF"", ""中证1000ETF"", ""创业板ETF"", ""红利ETF"", ""半导体ETF"", ""人工智能ETF"", ""新能源ETF"", ""科创50ETF"", ""证券ETF"", ""军工ETF"", ""消费ETF"", ""恒生ETF"", ""白银LOF"", ""纳指ETF"", ""标普500ETF"", ""日经225ETF"", ""欧洲ETF"", ""黄金ETF"", ""有色金属期货ETF"", ""能源化工期货ETF"", ""豆粕ETF"", ""煤炭ETF"", ""原油ETF""]",0.0
2023-11-24,candidate_03,CLARABEL,optimal,0.04559288646006803,,False,False,ewma,True,243,False,,,2.866077386798425e-06,0.2960171610182101,103283.03149862902,True,False,0.0,2.8660773867984254e-06,2.9601716101821036e-07,1e-06,symmetrized,231,29,60.0,SCS,optimal,True,0.2960171610182101,2.851421779419966e-05,False,20,0,False,2.35,bond=0.70000000;cash=0.30000000;commodity_gold=0.40000000;defensive=0.25000000;equity=0.70000000,231,252,,,False,not_requested,True,0.0021859657072086976,0.03782501493498635,,0.054974356851329606,0.426841944312935,1.8520884825790063e-10,0.261081761728515,0.30000000018520884,0.13158385087220864,0.027734644104252214,0.2795997431098153,0.004804209497897376,,,2023-11-23,"[""可转债ETF"", ""5年国债ETF"", ""10年国债ETF"", ""信用债ETF"", ""日利ETF"", ""沪深300ETF"", ""中证500ETF"", ""中证1000ETF"", ""创业板ETF"", ""红利ETF"", ""半导体ETF"", ""人工智能ETF"", ""新能源ETF"", ""科创50ETF"", ""证券ETF"", ""军工ETF"", ""消费ETF"", ""恒生ETF"", ""白银LOF"", ""纳指ETF"", ""标普500ETF"", ""日经225ETF"", ""欧洲ETF"", ""黄金ETF"", ""有色金属期货ETF"", ""能源化工期货ETF"", ""豆粕ETF"", ""煤炭ETF"", ""原油ETF""]",0.0
2023-12-01,candidate_03,CLARABEL,optimal,0.04602940741358135,,False,False,ewma,True,243,False,,,2.7912816955795476e-06,0.28431156663567514,101856.99533154577,True,False,0.0,2.7912816955795574e-06,2.8431156663567504e-07,1e-06,symmetrized,236,29,60.0,CLARABEL,optimal,True,0.28431156663567514,3.582895708779954e-06,False,20,0,False,2.35,bond=0.70000000;cash=0.30000000;commodity_gold=0.40000000;defensive=0.25000000;equity=0.70000000,236,252,,,False,not_requested,True,0.0007698881891568332,0.03657477154745408,,0.054818265150394486,0.4290164504227849,1.1397360832887671e-10,0.2617852460190398,0.3000000001139736,0.1338582450241277,0.027662183584225036,0.27669432525863386,0.004760638643125163,,,2023-11-30,"[""可转债ETF"", ""5年国债ETF"", ""10年国债ETF"", ""信用债ETF"", ""日利ETF"", ""沪深300ETF"", ""中证500ETF"", ""中证1000ETF"", ""创业板ETF"", ""红利ETF"", ""半导体ETF"", ""人工智能ETF"", ""新能源ETF"", ""科创50ETF"", ""证券ETF"", ""军工ETF"", ""消费ETF"", ""恒生ETF"", ""白银LOF"", ""纳指ETF"", ""标普500ETF"", ""日经225ETF"", ""欧洲ETF"", ""黄金ETF"", ""有色金属期货ETF"", ""能源化工期货ETF"", ""豆粕ETF"", ""煤炭ETF"", ""原油ETF""]",0.0
2023-12-08,candidate_03,CLARABEL,optimal,0.04222906363907588,,False,False,ewma,True,243,False,,,2.7527562338421025e-06,0.28702488570038587,104268.18116756268,True,False,0.0,2.752756233842124e-06,2.8702488570038573e-07,1e-06,symmetrized,237,29,60.0,CLARABEL,optimal,True,0.28702488570038587,6.094378437120074e-06,False,20,0,False,2.35,bond=0.70000000;cash=0.30000000;commodity_gold=0.40000000;defensive=0.25000000;equity=0.70000000,237,252,,,False,not_requested,True,0.004049756306204566,0.03704213640495089,,0.05156107210801643,0.41059397748169635,4.82050677153012e-10,0.2654400480286998,0.30000000048205067,0.13256658515305772,0.02764983271229198,0.27434353362389974,0.004914438893861881,,,2023-12-07,"[""可转债ETF"", ""5年国债ETF"", ""10年国债ETF"", ""信用债ETF"", ""日利ETF"", ""沪深300ETF"", ""中证500ETF"", ""中证1000ETF"", ""创业板ETF"", ""红利ETF"", ""半导体ETF"", ""人工智能ETF"", ""新能源ETF"", ""科创50ETF"", ""证券ETF"", ""军工ETF"", ""消费ETF"", ""恒生ETF"", ""白银LOF"", ""纳指ETF"", ""标普500ETF"", ""日经225ETF"", ""欧洲ETF"", ""黄金ETF"", ""有色金属期货ETF"", ""能源化工期货ETF"", ""豆粕ETF"", ""煤炭ETF"", ""原油ETF""]",0.0
2023-12-15,candidate_03,CLARABEL,optimal,0.04216618799912235,,False,False,ewma,True,243,False,,,2.8178096844115567e-06,0.2842124136311276,100862.8848156151,True,False,0.0,2.817809684411573e-06,2.842124136311276e-07,1e-06,symmetrized,238,29,60.0,SCS,optimal,True,0.2842124136311276,2.9389664292417406e-05,False,20,0,False,2.35,bond=0.70000000;cash=0.30000000;commodity_gold=0.40000000;defensive=0.25000000;equity=0.70000000,238,252,,,False,not_requested,True,0.00243512157189665,0.03702925716160188,,0.054071758878647985,0.4104473414761648,9.708508996730814e-10,0.2647624160971058,0.3000000009708509,0.13246805903452255,0.027758769310471675,0.275010754587049,0.0049150987080904835,,,2023-12-14,"[""可转债ETF"", ""5年国债ETF"", ""10年国债ETF"", ""信用债ETF"", ""日利ETF"", ""沪深300ETF"", ""中证500ETF"", ""中证1000ETF"", ""创业板ETF"", ""红利ETF"", ""半导体ETF"", ""人工智能ETF"", ""新能源ETF"", ""科创50ETF"", ""证券ETF"", ""军工ETF"", ""消费ETF"", ""恒生ETF"", ""白银LOF"", ""纳指ETF"", ""标普500ETF"", ""日经225ETF"", ""欧洲ETF"", ""黄金ETF"", ""有色金属期货ETF"", ""能源化工期货ETF"", ""豆粕ETF"", ""煤炭ETF"", ""原油ETF""]",0.0
2023-12-22,candidate_03,CLARABEL,optimal,0.05160764135935699,,False,False,ewma,True,243,False,,,1.2710004320635246e-06,0.28694475388177176,225762.90821231622,True,False,0.0,1.271000432063302e-06,2.86944753881772e-07,1e-06,symmetrized,64,30,60.0,CLARABEL,optimal,True,0.28694475388177176,2.402509211896914e-06,False,20,0,False,2.35,bond=0.70000000;cash=0.30000000;commodity_gold=0.40000000;defensive=0.25000000;equity=0.70000000,64,252,,,False,not_requested,True,0.001499669072474619,0.034739098595684914,,0.049814861120540316,0.4542122767041232,5.644656964065575e-11,0.2657369399694792,0.30000000005644656,0.13440842117841156,0.027359541752568835,0.272495097043094,0.005436771994375412,,,2023-12-21,"[""可转债ETF"", ""5年国债ETF"", ""10年国债ETF"", ""信用债ETF"", ""日利ETF"", ""沪深300ETF"", ""中证500ETF"", ""中证1000ETF"", ""中证2000ETF"", ""创业板ETF"", ""红利ETF"", ""半导体ETF"", ""人工智能ETF"", ""新能源ETF"", ""科创50ETF"", ""证券ETF"", ""军工ETF"", ""消费ETF"", ""恒生ETF"", ""白银LOF"", ""纳指ETF"", ""标普500ETF"", ""日经225ETF"", ""欧洲ETF"", ""黄金ETF"", ""有色金属期货ETF"", ""能源化工期货ETF"", ""豆粕ETF"", ""煤炭ETF"", ""原油ETF""]",0.0
2023-12-29,candidate_03,CLARABEL,optimal,0.05343689009357285,,False,False,ewma,True,243,False,,,1.2683220142177948e-06,0.2749312470961415,216767.70095778734,True,False,0.0,1.2683220142177084e-06,2.749312470961416e-07,1e-06,symmetrized,68,30,60.0,CLARABEL,optimal,True,0.2749312470961415,3.1643276341281057e-06,False,20,0,False,2.35,bond=0.70000000;cash=0.30000000;commodity_gold=0.40000000;defensive=0.25000000;equity=0.70000000,68,252,,,False,not_requested,True,0.003394497463682213,0.03426625260812053,,0.048444528031063666,0.46203022323246395,1.47646550541225e-09,0.2633533342840958,0.3000000014764655,0.1346077555278697,0.026932366477392812,0.2751065422341761,0.005389953982245879,,,2023-12-28,"[""可转债ETF"", ""5年国债ETF"", ""10年国债ETF"", ""信用债ETF"", ""日利ETF"", ""沪深300ETF"", ""中证500ETF"", ""中证1000ETF"", ""中证2000ETF"", ""创业板ETF"", ""红利ETF"", ""半导体ETF"", ""人工智能ETF"", ""新能源ETF"", ""科创50ETF"", ""证券ETF"", ""军工ETF"", ""消费ETF"", ""恒生ETF"", ""白银LOF"", ""纳指ETF"", ""标普500ETF"", ""日经225ETF"", ""欧洲ETF"", ""黄金ETF"", ""有色金属期货ETF"", ""能源化工期货ETF"", ""豆粕ETF"", ""煤炭ETF"", ""原油ETF""]",0.0
2024-01-05,candidate_03,CLARABEL,optimal,0.04396950045864588,,False,False,ewma,True,243,False,,,1.6910964910558617e-06,0.27101420331235015,160259.4557706984,True,False,0.0,1.6910964910559023e-06,2.7101420331235e-07,1e-06,symmetrized,72,30,60.0,CLARABEL,optimal,True,0.27101420331235015,4.178747699166985e-06,False,20,0,False,2.35,bond=0.70000000;cash=0.30000000;commodity_gold=0.40000000;defensive=0.25000000;equity=0.70000000,72,252,,,False,not_requested,True,0.0035472625183901713,0.033141842404068235,,0.04998889692812504,0.4190345619612901,1.015539319304537e-10,0.26685230270409976,0.3000000001015539,0.13443012278540273,0.02816270716562035,0.2705548672433231,0.005275727275118878,,,2024-01-04,"[""可转债ETF"", ""5年国债ETF"", ""10年国债ETF"", ""信用债ETF"", ""日利ETF"", ""沪深300ETF"", ""中证500ETF"", ""中证1000ETF"", ""中证2000ETF"", ""创业板ETF"", ""红利ETF"", ""半导体ETF"", ""人工智能ETF"", ""新能源ETF"", ""科创50ETF"", ""证券ETF"", ""军工ETF"", ""消费ETF"", ""恒生ETF"", ""白银LOF"", ""纳指ETF"", ""标普500ETF"", ""日经225ETF"", ""欧洲ETF"", ""黄金ETF"", ""有色金属期货ETF"", ""能源化工期货ETF"", ""豆粕ETF"", ""煤炭ETF"", ""原油ETF""]",0.0
2024-01-12,candidate_03,CLARABEL,optimal,0.04670683772847033,,False,False,ewma,True,243,False,,,1.624472818462158e-06,0.3117421349312728,191903.57104675358,True,False,0.0,1.6244728184621697e-06,3.117421349312729e-07,1e-06,symmetrized,77,30,60.0,CLARABEL,optimal,True,0.3117421349312728,3.2102534471833977e-06,False,20,0,False,2.35,bond=0.70000000;cash=0.30000000;commodity_gold=0.40000000;defensive=0.25000000;equity=0.70000000,77,252,,,False,not_requested,True,0.0023277240096746046,0.03516793005571864,,0.05264334331055233,0.43201659658429237,9.725542593486125e-11,0.2692857217746429,0.3000000000972554,0.13249412888467307,0.027900745837424176,0.2703194034060044,0.005317338496157601,,,2024-01-11,"[""可转债ETF"", ""5年国债ETF"", ""10年国债ETF"", ""信用债ETF"", ""日利ETF"", ""沪深300ETF"", ""中证500ETF"", ""中证1000ETF"", ""中证2000ETF"", ""创业板ETF"", ""红利ETF"", ""半导体ETF"", ""人工智能ETF"", ""新能源ETF"", ""科创50ETF"", ""证券ETF"", ""军工ETF"", ""消费ETF"", ""恒生ETF"", ""白银LOF"", ""纳指ETF"", ""标普500ETF"", ""日经225ETF"", ""欧洲ETF"", ""黄金ETF"", ""有色金属期货ETF"", ""能源化工期货ETF"", ""豆粕ETF"", ""煤炭ETF"", ""原油ETF""]",0.0
2024-01-19,candidate_03,CLARABEL,optimal,0.04674127207242604,,False,False,ewma,True,243,False,,,1.5844165900963812e-06,0.3057632970715719,192981.63057796063,True,False,0.0,1.5844165900963895e-06,3.0576329707157217e-07,1e-06,symmetrized,81,30,60.0,CLARABEL,optimal,True,0.3057632970715719,2.227861469229764e-06,False,20,0,False,2.35,bond=0.70000000;cash=0.30000000;commodity_gold=0.40000000;defensive=0.25000000;equity=0.70000000,81,252,,,False,not_requested,True,0.004754156354665991,0.03390618075959609,,0.048921362577107025,0.43194797232270515,5.565603533597141e-11,0.27358327861783827,0.300000000055656,0.13196234605903887,0.027893882813610906,0.2665604924538557,0.005209394629883829,,,2024-01-18,"[""可转债ETF"", ""5年国债ETF"", ""10年国债ETF"", ""信用债ETF"", ""日利ETF"", ""沪深300ETF"", ""中证500ETF"", ""中证1000ETF"", ""中证2000ETF"", ""创业板ETF"", ""红利ETF"", ""半导体ETF"", ""人工智能ETF"", ""新能源ETF"", ""科创50ETF"", ""证券ETF"", ""军工ETF"", ""消费ETF"", ""恒生ETF"", ""白银LOF"", ""纳指ETF"", ""标普500ETF"", ""日经225ETF"", ""欧洲ETF"", ""黄金ETF"", ""有色金属期货ETF"", ""能源化工期货ETF"", ""豆粕ETF"", ""煤炭ETF"", ""原油ETF""]",0.0
2024-01-26,candidate_03,CLARABEL,optimal,0.06014477386263916,,False,False,ewma,True,243,False,,,1.7524681838690154e-06,0.34532914247097124,197053.01679632784,True,False,0.0,1.7524681838690146e-06,3.4532914247097085e-07,1e-06,symmetrized,85,30,60.0,CLARABEL,optimal,True,0.34532914247097124,4.313790282345353e-06,False,20,0,False,2.35,bond=0.70000000;cash=0.30000000;commodity_gold=0.40000000;defensive=0.25000000;equity=0.70000000,85,252,,,False,not_requested,True,0.004863735377735704,0.036166186373518705,,0.060313023493688736,0.49008587016754984,9.48150447044327e-10,0.26928170940259666,0.30000000094815044,0.1316640338944222,0.02835608018273057,0.27069817557210024,0.005202950115823532,,,2024-01-25,"[""可转债ETF"", ""5年国债ETF"", ""10年国债ETF"", ""信用债ETF"", ""日利ETF"", ""沪深300ETF"", ""中证500ETF"", ""中证1000ETF"", ""中证2000ETF"", ""创业板ETF"", ""红利ETF"", ""半导体ETF"", ""人工智能ETF"", ""新能源ETF"", ""科创50ETF"", ""证券ETF"", ""军工ETF"", ""消费ETF"", ""恒生ETF"", ""白银LOF"", ""纳指ETF"", ""标普500ETF"", ""日经225ETF"", ""欧洲ETF"", ""黄金ETF"", ""有色金属期货ETF"", ""能源化工期货ETF"", ""豆粕ETF"", ""煤炭ETF"", ""原油ETF""]",0.0
2024-02-02,candidate_03,CLARABEL,optimal,0.056226077792350254,,False,False,ewma,True,243,False,,,1.7865354121818767e-06,0.40675503771140875,227678.12769781213,True,False,0.0,1.7865354121818771e-06,4.067550377114089e-07,1e-06,symmetrized,90,30,60.0,CLARABEL,optimal,True,0.40675503771140875,2.9766189073576754e-06,False,20,0,False,2.35,bond=0.70000000;cash=0.30000000;commodity_gold=0.40000000;defensive=0.25000000;equity=0.70000000,90,252,,,False,not_requested,True,0.007319927192930437,0.03555460518176331,,0.06374821362370406,0.47361369604492554,1.4806147419221816e-09,0.27315709811229827,0.30000000148061473,0.13377560639340424,0.02864453247741925,0.2644227615362636,0.00505019794926955,,,2024-02-01,"[""可转债ETF"", ""5年国债ETF"", ""10年国债ETF"", ""信用债ETF"", ""日利ETF"", ""沪深300ETF"", ""中证500ETF"", ""中证1000ETF"", ""中证2000ETF"", ""创业板ETF"", ""红利ETF"", ""半导体ETF"", ""人工智能ETF"", ""新能源ETF"", ""科创50ETF"", ""证券ETF"", ""军工ETF"", ""消费ETF"", ""恒生ETF"", ""白银LOF"", ""纳指ETF"", ""标普500ETF"", ""日经225ETF"", ""欧洲ETF"", ""黄金ETF"", ""有色金属期货ETF"", ""能源化工期货ETF"", ""豆粕ETF"", ""煤炭ETF"", ""原油ETF""]",0.0
2024-02-08,candidate_03,CLARABEL,optimal,0.052703207019770416,,False,False,ewma,True,243,False,,,1.7717865405555768e-06,0.46582955376247626,262915.166753895,True,False,0.0,1.7717865405555187e-06,4.658295537624763e-07,1e-06,symmetrized,92,30,60.0,CLARABEL,optimal,True,0.46582955376247626,2.4919233183318124e-06,False,20,0,False,2.35,bond=0.70000000;cash=0.30000000;commodity_gold=0.40000000;defensive=0.25000000;equity=0.70000000,92,252,,,False,not_requested,True,0.00361617836281491,0.037188147095568336,,0.07903778277492296,0.4588237073169202,5.4309834407462176e-11,0.2696718667340985,0.3000000000543098,0.13199508245424674,0.029443813935072765,0.26888923682227206,0.00509371633553174,,,2024-02-07,"[""可转债ETF"", ""5年国债ETF"", ""10年国债ETF"", ""信用债ETF"", ""日利ETF"", ""沪深300ETF"", ""中证500ETF"", ""中证1000ETF"", ""中证2000ETF"", ""创业板ETF"", ""红利ETF"", ""半导体ETF"", ""人工智能ETF"", ""新能源ETF"", ""科创50ETF"", ""证券ETF"", ""军工ETF"", ""消费ETF"", ""恒生ETF"", ""白银LOF"", ""纳指ETF"", ""标普500ETF"", ""日经225ETF"", ""欧洲ETF"", ""黄金ETF"", ""有色金属期货ETF"", ""能源化工期货ETF"", ""豆粕ETF"", ""煤炭ETF"", ""原油ETF""]",0.0
2024-02-23,candidate_03,CLARABEL,optimal,0.05725597835701851,,False,False,ewma,True,243,False,,,1.754854709816882e-06,0.46195103174316876,263241.7539520255,True,False,0.0,1.754854709816915e-06,4.6195103174316877e-07,1e-06,symmetrized,95,30,60.0,CLARABEL,optimal,True,0.46195103174316876,4.455446875925584e-06,False,20,0,False,2.35,bond=0.70000000;cash=0.30000000;commodity_gold=0.40000000;defensive=0.25000000;equity=0.70000000,95,252,,,False,not_requested,True,0.00834040752216504,0.03867255259090029,,0.07575254910360761,0.47785633022622415,9.15475473206584e-10,0.2623848471134719,0.30000000091547546,0.13340385784953313,0.030621864394887646,0.273589429726632,0.005172412586471933,,,2024-02-22,"[""可转债ETF"", ""5年国债ETF"", ""10年国债ETF"", ""信用债ETF"", ""日利ETF"", ""沪深300ETF"", ""中证500ETF"", ""中证1000ETF"", ""中证2000ETF"", ""创业板ETF"", ""红利ETF"", ""半导体ETF"", ""人工智能ETF"", ""新能源ETF"", ""科创50ETF"", ""证券ETF"", ""军工ETF"", ""消费ETF"", ""恒生ETF"", ""白银LOF"", ""纳指ETF"", ""标普500ETF"", ""日经225ETF"", ""欧洲ETF"", ""黄金ETF"", ""有色金属期货ETF"", ""能源化工期货ETF"", ""豆粕ETF"", ""煤炭ETF"", ""原油ETF""]",0.0
2024-03-01,candidate_03,CLARABEL,optimal,0.06611316746576942,,False,False,ewma,True,243,False,,,1.7044167415732475e-06,0.559802726422435,328442.4007157509,True,False,0.0,1.7044167415732471e-06,5.598027264224353e-07,1e-06,symmetrized,99,30,60.0,CLARABEL,optimal,True,0.559802726422435,2.574301568743914e-06,False,20,0,False,2.35,bond=0.70000000;cash=0.30000000;commodity_gold=0.40000000;defensive=0.25000000;equity=0.70000000,99,252,,,False,not_requested,True,0.004084433412941184,0.040795846717627704,,0.09091452735720684,0.513927051117128,8.869024958890748e-10,0.2594018129511716,0.3000000008869025,0.13206461984350898,0.029850702624289474,0.2786828636941273,0.005187958777783021,,,2024-02-29,"[""可转债ETF"", ""5年国债ETF"", ""10年国债ETF"", ""信用债ETF"", ""日利ETF"", ""沪深300ETF"", ""中证500ETF"", ""中证1000ETF"", ""中证2000ETF"", ""创业板ETF"", ""红利ETF"", ""半导体ETF"", ""人工智能ETF"", ""新能源ETF"", ""科创50ETF"", ""证券ETF"", ""军工ETF"", ""消费ETF"", ""恒生ETF"", ""白银LOF"", ""纳指ETF"", ""标普500ETF"", ""日经225ETF"", ""欧洲ETF"", ""黄金ETF"", ""有色金属期货ETF"", ""能源化工期货ETF"", ""豆粕ETF"", ""煤炭ETF"", ""原油ETF""]",0.0
2024-03-08,candidate_03,CLARABEL,optimal,0.05840450991366594,,False,False,ewma,True,243,False,,,1.7843217155827903e-06,0.53919070180904,302182.44675284415,True,False,0.0,1.7843217155823874e-06,5.391907018090397e-07,1e-06,symmetrized,104,30,60.0,CLARABEL,optimal,True,0.53919070180904,2.706604918370492e-06,False,20,0,False,2.35,bond=0.70000000;cash=0.30000000;commodity_gold=0.40000000;defensive=0.25000000;equity=0.70000000,104,252,,,False,not_requested,True,0.0027192100641819546,0.040039210534690034,,0.08711215735841692,0.4831120364857952,1.3743260973697602e-09,0.25702476369968924,0.3000000013743261,0.13578675311846053,0.03027084518531028,0.27691763662221375,0.005132615430764474,,,2024-03-07,"[""可转债ETF"", ""5年国债ETF"", ""10年国债ETF"", ""信用债ETF"", ""日利ETF"", ""沪深300ETF"", ""中证500ETF"", ""中证1000ETF"", ""中证2000ETF"", ""创业板ETF"", ""红利ETF"", ""半导体ETF"", ""人工智能ETF"", ""新能源ETF"", ""科创50ETF"", ""证券ETF"", ""军工ETF"", ""消费ETF"", ""恒生ETF"", ""白银LOF"", ""纳指ETF"", ""标普500ETF"", ""日经225ETF"", ""欧洲ETF"", ""黄金ETF"", ""有色金属期货ETF"", ""能源化工期货ETF"", ""豆粕ETF"", ""煤炭ETF"", ""原油ETF""]",0.0
2024-03-15,candidate_03,CLARABEL,optimal,0.05901566350408214,,False,False,ewma,True,243,False,,,1.7120603592988673e-06,0.5305472934021325,309888.1943738276,True,False,0.0,1.7120603592989024e-06,5.305472934021326e-07,1e-06,symmetrized,109,30,60.0,CLARABEL,optimal,True,0.5305472934021325,2.954508152734625e-06,False,20,0,False,2.35,bond=0.70000000;cash=0.30000000;commodity_gold=0.40000000;defensive=0.25000000;equity=0.70000000,109,252,,,False,not_requested,True,0.0030940155120900686,0.03979440611894682,,0.08850503729193442,0.485604180332858,1.511269664966619e-09,0.2534733213499964,0.30000000151126965,0.13657172545491875,0.029203808704986824,0.2807511429788286,0.005144478954259888,,,2024-03-14,"[""可转债ETF"", ""5年国债ETF"", ""10年国债ETF"", ""信用债ETF"", ""日利ETF"", ""沪深300ETF"", ""中证500ETF"", ""中证1000ETF"", ""中证2000ETF"", ""创业板ETF"", ""红利ETF"", ""半导体ETF"", ""人工智能ETF"", ""新能源ETF"", ""科创50ETF"", ""证券ETF"", ""军工ETF"", ""消费ETF"", ""恒生ETF"", ""白银LOF"", ""纳指ETF"", ""标普500ETF"", ""日经225ETF"", ""欧洲ETF"", ""黄金ETF"", ""有色金属期货ETF"", ""能源化工期货ETF"", ""豆粕ETF"", ""煤炭ETF"", ""原油ETF""]",0.0
2024-03-22,candidate_03,CLARABEL,optimal,0.05918932317637365,,False,False,ewma,True,243,False,,,1.6695105026564777e-06,0.5144527916928975,308145.885200671,True,False,0.0,1.669510502656394e-06,5.14452791692898e-07,1e-06,symmetrized,114,30,60.0,CLARABEL,optimal,True,0.5144527916928975,4.360925516616598e-06,False,20,0,False,2.35,bond=0.70000000;cash=0.30000000;commodity_gold=0.40000000;defensive=0.25000000;equity=0.70000000,114,252,,,False,not_requested,True,0.004518740832674228,0.03979455543753616,,0.08743659663139881,0.4861999289900003,1.6612583531028235e-10,0.24984290051449048,0.3000000001661258,0.1382418224926193,0.02883252978798794,0.2830827470387766,0.005143172241471475,,,2024-03-21,"[""可转债ETF"", ""5年国债ETF"", ""10年国债ETF"", ""信用债ETF"", ""日利ETF"", ""沪深300ETF"", ""中证500ETF"", ""中证1000ETF"", ""中证2000ETF"", ""创业板ETF"", ""红利ETF"", ""半导体ETF"", ""人工智能ETF"", ""新能源ETF"", ""科创50ETF"", ""证券ETF"", ""军工ETF"", ""消费ETF"", ""恒生ETF"", ""白银LOF"", ""纳指ETF"", ""标普500ETF"", ""日经225ETF"", ""欧洲ETF"", ""黄金ETF"", ""有色金属期货ETF"", ""能源化工期货ETF"", ""豆粕ETF"", ""煤炭ETF"", ""原油ETF""]",0.0
2024-03-29,candidate_03,CLARABEL,optimal,0.05813237860792758,,False,False,ewma,True,243,False,,,1.7429495755953475e-06,0.5526127515246633,317056.0750937988,True,False,0.0,1.742949575595349e-06,5.526127515246633e-07,1e-06,symmetrized,119,30,60.0,CLARABEL,optimal,True,0.5526127515246633,2.6872571904160147e-06,False,20,0,False,2.35,bond=0.70000000;cash=0.30000000;commodity_gold=0.40000000;defensive=0.25000000;equity=0.70000000,119,252,,,False,not_requested,True,0.003962959397274123,0.04039189270832356,,0.08763181315942521,0.48187936470516324,2.2273088928770335e-10,0.25154714651727283,0.3000000002227309,0.1383914911479201,0.028923865967824508,0.2811374961442518,0.0050625661484918726,,,2024-03-28,"[""可转债ETF"", ""5年国债ETF"", ""10年国债ETF"", ""信用债ETF"", ""日利ETF"", ""沪深300ETF"", ""中证500ETF"", ""中证1000ETF"", ""中证2000ETF"", ""创业板ETF"", ""红利ETF"", ""半导体ETF"", ""人工智能ETF"", ""新能源ETF"", ""科创50ETF"", ""证券ETF"", ""军工ETF"", ""消费ETF"", ""恒生ETF"", ""白银LOF"", ""纳指ETF"", ""标普500ETF"", ""日经225ETF"", ""欧洲ETF"", ""黄金ETF"", ""有色金属期货ETF"", ""能源化工期货ETF"", ""豆粕ETF"", ""煤炭ETF"", ""原油ETF""]",0.0
2024-04-03,candidate_03,CLARABEL,optimal,0.03724264660364687,,False,False,ewma,True,243,False,,,2.2106218058210424e-06,0.5509863598783127,249244.96737861136,True,False,0.0,2.210621805821053e-06,5.509863598783128e-07,1e-06,symmetrized,122,30,60.0,CLARABEL,optimal,True,0.5509863598783127,4.654713497094509e-06,False,20,0,False,2.35,bond=0.70000000;cash=0.30000000;commodity_gold=0.40000000;defensive=0.25000000;equity=0.70000000,122,252,,,False,not_requested,True,0.00379489800836366,0.04120773178057496,,0.0883995892701383,0.38556768627091703,1.1227380136702436e-10,0.24998318566466265,0.3000000001122738,0.13948424717004448,0.029057681407890532,0.28147488564512846,0.005073391276733367,,,2024-04-02,"[""可转债ETF"", ""5年国债ETF"", ""10年国债ETF"", ""信用债ETF"", ""日利ETF"", ""沪深300ETF"", ""中证500ETF"", ""中证1000ETF"", ""中证2000ETF"", ""创业板ETF"", ""红利ETF"", ""半导体ETF"", ""人工智能ETF"", ""新能源ETF"", ""科创50ETF"", ""证券ETF"", ""军工ETF"", ""消费ETF"", ""恒生ETF"", ""白银LOF"", ""纳指ETF"", ""标普500ETF"", ""日经225ETF"", ""欧洲ETF"", ""黄金ETF"", ""有色金属期货ETF"", ""能源化工期货ETF"", ""豆粕ETF"", ""煤炭ETF"", ""原油ETF""]",0.0
2024-04-12,candidate_03,CLARABEL,optimal,0.03208159974192189,,False,False,ewma,True,243,False,,,2.6310419612607624e-06,0.5439019325619205,206724.91756888953,True,False,0.0,2.6310419612607616e-06,5.439019325619208e-07,1e-06,symmetrized,127,30,60.0,CLARABEL,optimal,True,0.5439019325619205,2.7442043081596368e-06,False,20,0,False,2.35,bond=0.70000000;cash=0.30000000;commodity_gold=0.40000000;defensive=0.25000000;equity=0.70000000,127,252,,,False,not_requested,True,0.005422406115170419,0.039447374268372436,,0.08787694301141669,0.3576116603120425,3.9881098423677486e-11,0.2537305085811525,0.3000000000398811,0.14199337595861744,0.029882638544370906,0.27439347687597815,0.004956156602249756,,,2024-04-11,"[""可转债ETF"", ""5年国债ETF"", ""10年国债ETF"", ""信用债ETF"", ""日利ETF"", ""沪深300ETF"", ""中证500ETF"", ""中证1000ETF"", ""中证2000ETF"", ""创业板ETF"", ""红利ETF"", ""半导体ETF"", ""人工智能ETF"", ""新能源ETF"", ""科创50ETF"", ""证券ETF"", ""军工ETF"", ""消费ETF"", ""恒生ETF"", ""白银LOF"", ""纳指ETF"", ""标普500ETF"", ""日经225ETF"", ""欧洲ETF"", ""黄金ETF"", ""有色金属期货ETF"", ""能源化工期货ETF"", ""豆粕ETF"", ""煤炭ETF"", ""原油ETF""]",0.0
2024-04-19,candidate_03,CLARABEL,optimal,0.032632227845578836,,False,False,ewma,True,243,False,,,2.551812596273509e-06,0.5898020373889522,231130.62387506763,True,False,0.0,2.5518125962735084e-06,5.898020373889521e-07,1e-06,symmetrized,131,30,60.0,CLARABEL,optimal,True,0.5898020373889522,2.432628487598898e-06,False,20,0,False,2.35,bond=0.70000000;cash=0.30000000;commodity_gold=0.40000000;defensive=0.25000000;equity=0.70000000,131,252,,,False,not_requested,True,0.028148506079626094,0.04082867276888962,,0.09592508137125397,0.3581106710063937,6.491751580739447e-11,0.268470460520996,0.3000000000649175,0.1379122563232338,0.028955491567546773,0.264661791523306,0.005354311140349093,,,2024-04-18,"[""可转债ETF"", ""5年国债ETF"", ""10年国债ETF"", ""信用债ETF"", ""日利ETF"", ""沪深300ETF"", ""中证500ETF"", ""中证1000ETF"", ""中证2000ETF"", ""创业板ETF"", ""红利ETF"", ""半导体ETF"", ""人工智能ETF"", ""新能源ETF"", ""科创50ETF"", ""证券ETF"", ""军工ETF"", ""消费ETF"", ""恒生ETF"", ""白银LOF"", ""纳指ETF"", ""标普500ETF"", ""日经225ETF"", ""欧洲ETF"", ""黄金ETF"", ""有色金属期货ETF"", ""能源化工期货ETF"", ""豆粕ETF"", ""煤炭ETF"", ""原油ETF""]",0.0
2024-04-26,candidate_03,CLARABEL,optimal,0.02763877248105814,,False,False,ewma,True,243,False,,,2.453793303450204e-06,0.567561187753751,231299.50960242678,True,False,0.0,2.453793303450203e-06,5.675611877537509e-07,1e-06,symmetrized,136,30,60.0,CLARABEL,optimal,True,0.567561187753751,2.563851868735839e-06,False,20,0,False,2.35,bond=0.70000000;cash=0.30000000;commodity_gold=0.40000000;defensive=0.25000000;equity=0.70000000,136,252,,,False,not_requested,True,0.03580559141623062,0.04022405594629051,,0.09654675967728861,0.328097052564077,1.3403672061151894e-09,0.28722538440427037,0.3000000013403672,0.12914706831652262,0.0260748403318037,0.257552705607036,0.005155251402035242,,,2024-04-25,"[""可转债ETF"", ""5年国债ETF"", ""10年国债ETF"", ""信用债ETF"", ""日利ETF"", ""沪深300ETF"", ""中证500ETF"", ""中证1000ETF"", ""中证2000ETF"", ""创业板ETF"", ""红利ETF"", ""半导体ETF"", ""人工智能ETF"", ""新能源ETF"", ""科创50ETF"", ""证券ETF"", ""军工ETF"", ""消费ETF"", ""恒生ETF"", ""白银LOF"", ""纳指ETF"", ""标普500ETF"", ""日经225ETF"", ""欧洲ETF"", ""黄金ETF"", ""有色金属期货ETF"", ""能源化工期货ETF"", ""豆粕ETF"", ""煤炭ETF"", ""原油ETF""]",0.0
2024-04-30,candidate_03,CLARABEL,optimal,0.033136329411023915,,False,False,ewma,True,243,False,,,2.5487522007891754e-06,0.5879041502678004,230663.51844081446,True,False,0.0,2.548752200789168e-06,5.879041502678001e-07,1e-06,symmetrized,137,30,60.0,CLARABEL,optimal,True,0.5879041502678004,3.5857642059836103e-06,False,20,0,False,2.35,bond=0.70000000;cash=0.30000000;commodity_gold=0.40000000;defensive=0.25000000;equity=0.70000000,137,252,,,False,not_requested,True,0.0036689096198412926,0.040886859281220024,,0.09996416334552144,0.3636583591545291,2.2612639538621693e-10,0.284296894113534,0.3000000002261264,0.12783619792490541,0.02540137738276107,0.2624655303526731,0.005236122227963902,,,2024-04-29,"[""可转债ETF"", ""5年国债ETF"", ""10年国债ETF"", ""信用债ETF"", ""日利ETF"", ""沪深300ETF"", ""中证500ETF"", ""中证1000ETF"", ""中证2000ETF"", ""创业板ETF"", ""红利ETF"", ""半导体ETF"", ""人工智能ETF"", ""新能源ETF"", ""科创50ETF"", ""证券ETF"", ""军工ETF"", ""消费ETF"", ""恒生ETF"", ""白银LOF"", ""纳指ETF"", ""标普500ETF"", ""日经225ETF"", ""欧洲ETF"", ""黄金ETF"", ""有色金属期货ETF"", ""能源化工期货ETF"", ""豆粕ETF"", ""煤炭ETF"", ""原油ETF""]",0.0
2024-05-10,candidate_03,CLARABEL,optimal,0.03380317053225024,,False,False,ewma,True,243,False,,,2.474813356436711e-06,0.5814975153808007,234966.21022688082,True,False,0.0,2.4748133564367376e-06,5.814975153808008e-07,1e-06,symmetrized,141,30,60.0,CLARABEL,optimal,True,0.5814975153808007,2.6053531028691346e-06,False,20,0,False,2.35,bond=0.70000000;cash=0.30000000;commodity_gold=0.40000000;defensive=0.25000000;equity=0.70000000,141,252,,,False,not_requested,True,0.0031252263681789934,0.04048019098921523,,0.10111445982232126,0.36736754585551623,2.4969171175115434e-10,0.2824047157955019,0.3000000002496917,0.12791348115310391,0.025765888230975385,0.26391591457072716,0.005221756602311722,,,2024-05-09,"[""可转债ETF"", ""5年国债ETF"", ""10年国债ETF"", ""信用债ETF"", ""日利ETF"", ""沪深300ETF"", ""中证500ETF"", ""中证1000ETF"", ""中证2000ETF"", ""创业板ETF"", ""红利ETF"", ""半导体ETF"", ""人工智能ETF"", ""新能源ETF"", ""科创50ETF"", ""证券ETF"", ""军工ETF"", ""消费ETF"", ""恒生ETF"", ""白银LOF"", ""纳指ETF"", ""标普500ETF"", ""日经225ETF"", ""欧洲ETF"", ""黄金ETF"", ""有色金属期货ETF"", ""能源化工期货ETF"", ""豆粕ETF"", ""煤炭ETF"", ""原油ETF""]",0.0
2024-05-17,candidate_03,CLARABEL,optimal,0.030442109795317633,,False,False,ewma,True,243,False,,,2.4042852234044873e-06,0.5508281666582757,229102.67105426808,True,False,0.0,2.4042852234045077e-06,5.508281666582756e-07,1e-06,symmetrized,146,30,60.0,CLARABEL,optimal,True,0.5508281666582757,2.555019457894936e-06,False,20,0,False,2.35,bond=0.70000000;cash=0.30000000;commodity_gold=0.40000000;defensive=0.25000000;equity=0.70000000,146,252,,,False,not_requested,True,0.0016505464353563206,0.03926625100512233,,0.0936658706957299,0.34876125761144905,3.586575481051568e-10,0.2816867019742718,0.30000000035865754,0.1298951600791816,0.025815806715539104,0.26260233087234996,0.005137288176837992,,,2024-05-16,"[""可转债ETF"", ""5年国债ETF"", ""10年国债ETF"", ""信用债ETF"", ""日利ETF"", ""沪深300ETF"", ""中证500ETF"", ""中证1000ETF"", ""中证2000ETF"", ""创业板ETF"", ""红利ETF"", ""半导体ETF"", ""人工智能ETF"", ""新能源ETF"", ""科创50ETF"", ""证券ETF"", ""军工ETF"", ""消费ETF"", ""恒生ETF"", ""白银LOF"", ""纳指ETF"", ""标普500ETF"", ""日经225ETF"", ""欧洲ETF"", ""黄金ETF"", ""有色金属期货ETF"", ""能源化工期货ETF"", ""豆粕ETF"", ""煤炭ETF"", ""原油ETF""]",0.0
2024-05-24,candidate_03,CLARABEL,optimal,0.03476105995229519,,False,False,ewma,True,243,False,,,2.3170616350181685e-06,0.545089454346871,235250.3041390165,True,False,0.0,2.3170616350181575e-06,5.450894543468708e-07,1e-06,symmetrized,150,30,60.0,CLARABEL,optimal,True,0.545089454346871,2.5964364466432577e-06,False,20,0,False,2.35,bond=0.70000000;cash=0.30000000;commodity_gold=0.40000000;defensive=0.25000000;equity=0.70000000,150,252,,,False,not_requested,True,0.0006060485971740373,0.03975843250543396,,0.0916350270780254,0.3728203705044699,7.729200612871523e-11,0.28241270437691507,0.300000000077292,0.1294713877459566,0.026103505247898104,0.2620124025519383,0.005240584692909053,,,2024-05-23,"[""可转债ETF"", ""5年国债ETF"", ""10年国债ETF"", ""信用债ETF"", ""日利ETF"", ""沪深300ETF"", ""中证500ETF"", ""中证1000ETF"", ""中证2000ETF"", ""创业板ETF"", ""红利ETF"", ""半导体ETF"", ""人工智能ETF"", ""新能源ETF"", ""科创50ETF"", ""证券ETF"", ""军工ETF"", ""消费ETF"", ""恒生ETF"", ""白银LOF"", ""纳指ETF"", ""标普500ETF"", ""日经225ETF"", ""欧洲ETF"", ""黄金ETF"", ""有色金属期货ETF"", ""能源化工期货ETF"", ""豆粕ETF"", ""煤炭ETF"", ""原油ETF""]",0.0
2024-05-31,candidate_03,CLARABEL,optimal,0.0431209426031647,,False,False,ewma,True,243,False,,,2.3045587819072936e-06,0.5276378086402915,228953.93807382477,True,False,0.0,2.304558781907396e-06,5.276378086402912e-07,1e-06,symmetrized,155,30,60.0,CLARABEL,optimal,True,0.5276378086402915,2.82284849074943e-06,False,20,0,False,2.35,bond=0.70000000;cash=0.30000000;commodity_gold=0.40000000;defensive=0.25000000;equity=0.70000000,155,252,,,False,not_requested,True,0.002429416144824334,0.04048740037536402,,0.0835352047648792,0.41507409196633677,3.5711877899302635e-11,0.28501079882838753,0.30000000003571187,0.13011968360629955,0.026389843599006597,0.2584796739305943,0.0052360742593358005,,,2024-05-30,"[""可转债ETF"", ""5年国债ETF"", ""10年国债ETF"", ""信用债ETF"", ""日利ETF"", ""沪深300ETF"", ""中证500ETF"", ""中证1000ETF"", ""中证2000ETF"", ""创业板ETF"", ""红利ETF"", ""半导体ETF"", ""人工智能ETF"", ""新能源ETF"", ""科创50ETF"", ""证券ETF"", ""军工ETF"", ""消费ETF"", ""恒生ETF"", ""白银LOF"", ""纳指ETF"", ""标普500ETF"", ""日经225ETF"", ""欧洲ETF"", ""黄金ETF"", ""有色金属期货ETF"", ""能源化工期货ETF"", ""豆粕ETF"", ""煤炭ETF"", ""原油ETF""]",0.0
2024-06-07,candidate_03,CLARABEL,optimal,0.04398773107716342,,False,False,ewma,True,243,False,,,2.2196159302293467e-06,0.4979511566514808,224341.13481967527,True,False,0.0,2.2196159302293417e-06,4.979511566514807e-07,1e-06,symmetrized,160,30,60.0,CLARABEL,optimal,True,0.4979511566514808,3.429744976038429e-06,False,20,0,False,2.35,bond=0.70000000;cash=0.30000000;commodity_gold=0.40000000;defensive=0.25000000;equity=0.70000000,160,252,,,False,not_requested,True,5.866216188034085e-05,0.039354986019826295,,0.07844899288716584,0.41945936744946943,1.080486256022084e-10,0.28506376028572744,0.3000000001080486,0.12907597039629004,0.026120949957540208,0.25973931925239346,0.005178103836976805,,,2024-06-06,"[""可转债ETF"", ""5年国债ETF"", ""10年国债ETF"", ""信用债ETF"", ""日利ETF"", ""沪深300ETF"", ""中证500ETF"", ""中证1000ETF"", ""中证2000ETF"", ""创业板ETF"", ""红利ETF"", ""半导体ETF"", ""人工智能ETF"", ""新能源ETF"", ""科创50ETF"", ""证券ETF"", ""军工ETF"", ""消费ETF"", ""恒生ETF"", ""白银LOF"", ""纳指ETF"", ""标普500ETF"", ""日经225ETF"", ""欧洲ETF"", ""黄金ETF"", ""有色金属期货ETF"", ""能源化工期货ETF"", ""豆粕ETF"", ""煤炭ETF"", ""原油ETF""]",0.0
2024-06-14,candidate_03,CLARABEL,optimal,0.04400767857418767,,False,False,ewma,True,243,False,,,2.1830229109210056e-06,0.47924560614400924,219533.01715089104,True,False,0.0,2.1830229109210056e-06,4.792456061440093e-07,1e-06,symmetrized,163,30,60.0,CLARABEL,optimal,True,0.47924560614400924,2.821282789153279e-06,False,20,0,False,2.35,bond=0.70000000;cash=0.30000000;commodity_gold=0.40000000;defensive=0.25000000;equity=0.70000000,163,252,,,False,not_requested,True,0.0003400529635928032,0.03869912340103924,,0.0789576231994321,0.41952723629832067,1.2622049516686218e-09,0.28496635313689245,0.30000000126220494,0.12961650162936122,0.025972088149881917,0.25944505582165955,0.005163208799335141,,,2024-06-13,"[""可转债ETF"", ""5年国债ETF"", ""10年国债ETF"", ""信用债ETF"", ""日利ETF"", ""沪深300ETF"", ""中证500ETF"", ""中证1000ETF"", ""中证2000ETF"", ""创业板ETF"", ""红利ETF"", ""半导体ETF"", ""人工智能ETF"", ""新能源ETF"", ""科创50ETF"", ""证券ETF"", ""军工ETF"", ""消费ETF"", ""恒生ETF"", ""白银LOF"", ""纳指ETF"", ""标普500ETF"", ""日经225ETF"", ""欧洲ETF"", ""黄金ETF"", ""有色金属期货ETF"", ""能源化工期货ETF"", ""豆粕ETF"", ""煤炭ETF"", ""原油ETF""]",0.0
2024-06-21,candidate_03,CLARABEL,optimal,0.044887057017143926,,False,False,ewma,True,243,False,,,2.0597185337565785e-06,0.4568404335459487,221797.50585277737,True,False,0.0,2.059718533756578e-06,4.5684043354594856e-07,1e-06,symmetrized,168,30,60.0,CLARABEL,optimal,True,0.4568404335459487,1.4150876334398377e-06,False,20,0,False,2.35,bond=0.70000000;cash=0.30000000;commodity_gold=0.40000000;defensive=0.25000000;equity=0.70000000,168,252,,,False,not_requested,True,0.0008009713169859394,0.03754278940939221,,0.07632406680332633,0.4236545635274527,8.020129005359422e-11,0.28599371561601644,0.3000000000802013,0.1301758578861522,0.025804868992325383,0.25802555742530453,0.005100025604086812,,,2024-06-20,"[""可转债ETF"", ""5年国债ETF"", ""10年国债ETF"", ""信用债ETF"", ""日利ETF"", ""沪深300ETF"", ""中证500ETF"", ""中证1000ETF"", ""中证2000ETF"", ""创业板ETF"", ""红利ETF"", ""半导体ETF"", ""人工智能ETF"", ""新能源ETF"", ""科创50ETF"", ""证券ETF"", ""军工ETF"", ""消费ETF"", ""恒生ETF"", ""白银LOF"", ""纳指ETF"", ""标普500ETF"", ""日经225ETF"", ""欧洲ETF"", ""黄金ETF"", ""有色金属期货ETF"", ""能源化工期货ETF"", ""豆粕ETF"", ""煤炭ETF"", ""原油ETF""]",0.0
2024-06-28,candidate_03,CLARABEL,optimal,0.045908105406523805,,False,False,ewma,True,243,False,,,1.9632502874559465e-06,0.48498080391027254,247029.5341399027,True,False,0.0,1.963250287455927e-06,4.849808039102728e-07,1e-06,symmetrized,173,30,60.0,CLARABEL,optimal,True,0.48498080391027254,2.2678933828124137e-06,False,20,0,False,2.35,bond=0.70000000;cash=0.30000000;commodity_gold=0.40000000;defensive=0.25000000;equity=0.70000000,173,252,,,False,not_requested,True,0.004401189750295262,0.0382717212197815,,0.07880625256025663,0.42810634779032564,5.018236937104348e-10,0.2883877952445781,0.3000000005018237,0.12861987365937178,0.02585650928054941,0.25713582131367707,0.0051981836326728025,,,2024-06-27,"[""可转债ETF"", ""5年国债ETF"", ""10年国债ETF"", ""信用债ETF"", ""日利ETF"", ""沪深300ETF"", ""中证500ETF"", ""中证1000ETF"", ""中证2000ETF"", ""创业板ETF"", ""红利ETF"", ""半导体ETF"", ""人工智能ETF"", ""新能源ETF"", ""科创50ETF"", ""证券ETF"", ""军工ETF"", ""消费ETF"", ""恒生ETF"", ""白银LOF"", ""纳指ETF"", ""标普500ETF"", ""日经225ETF"", ""欧洲ETF"", ""黄金ETF"", ""有色金属期货ETF"", ""能源化工期货ETF"", ""豆粕ETF"", ""煤炭ETF"", ""原油ETF""]",0.0
2024-07-05,candidate_03,CLARABEL,optimal,0.04948386852853287,,False,False,ewma,True,243,False,,,1.89487586485988e-06,0.46364274535921013,244682.38471837575,True,False,0.0,1.8948758648598498e-06,4.6364274535921004e-07,1e-06,symmetrized,178,30,60.0,CLARABEL,optimal,True,0.46364274535921013,2.5424927245082385e-06,False,20,0,False,2.35,bond=0.70000000;cash=0.30000000;commodity_gold=0.40000000;defensive=0.25000000;equity=0.70000000,178,252,,,False,not_requested,True,0.002230264527364123,0.037571021239140384,,0.07426773575985023,0.4446958248449265,1.19374343743317e-10,0.28628880956657216,0.30000000011937433,0.13106507232994657,0.026212561670089535,0.2564335563140175,0.005159174455511473,,,2024-07-04,"[""可转债ETF"", ""5年国债ETF"", ""10年国债ETF"", ""信用债ETF"", ""日利ETF"", ""沪深300ETF"", ""中证500ETF"", ""中证1000ETF"", ""中证2000ETF"", ""创业板ETF"", ""红利ETF"", ""半导体ETF"", ""人工智能ETF"", ""新能源ETF"", ""科创50ETF"", ""证券ETF"", ""军工ETF"", ""消费ETF"", ""恒生ETF"", ""白银LOF"", ""纳指ETF"", ""标普500ETF"", ""日经225ETF"", ""欧洲ETF"", ""黄金ETF"", ""有色金属期货ETF"", ""能源化工期货ETF"", ""豆粕ETF"", ""煤炭ETF"", ""原油ETF""]",0.0
2024-07-12,candidate_03,CLARABEL,optimal,0.05864408928328241,,False,False,ewma,True,243,False,,,1.8278530406237701e-06,0.48182831193436515,263603.41954511683,True,False,0.0,1.827853040623723e-06,4.818283119343648e-07,1e-06,symmetrized,183,30,60.0,CLARABEL,optimal,True,0.48182831193436515,1.8069777264206888e-06,False,20,0,False,2.35,bond=0.70000000;cash=0.30000000;commodity_gold=0.40000000;defensive=0.25000000;equity=0.70000000,183,252,,,False,not_requested,True,0.0017119618458599599,0.03904001113249022,,0.077885334312006,0.4841873044920292,2.4866164682890712e-11,0.2844551803341709,0.30000000002486615,0.12969894578948046,0.02554517021305591,0.2603007036384267,0.005174888630713393,,,2024-07-11,"[""可转债ETF"", ""5年国债ETF"", ""10年国债ETF"", ""信用债ETF"", ""日利ETF"", ""沪深300ETF"", ""中证500ETF"", ""中证1000ETF"", ""中证2000ETF"", ""创业板ETF"", ""红利ETF"", ""半导体ETF"", ""人工智能ETF"", ""新能源ETF"", ""科创50ETF"", ""证券ETF"", ""军工ETF"", ""消费ETF"", ""恒生ETF"", ""白银LOF"", ""纳指ETF"", ""标普500ETF"", ""日经225ETF"", ""欧洲ETF"", ""黄金ETF"", ""有色金属期货ETF"", ""能源化工期货ETF"", ""豆粕ETF"", ""煤炭ETF"", ""原油ETF""]",0.0
2024-07-19,candidate_03,CLARABEL,optimal,0.05843988216165547,,False,False,ewma,True,243,False,,,1.7763631540255804e-06,0.4602633477441499,259104.30910543527,True,False,0.0,1.7763631540256693e-06,4.602633477441495e-07,1e-06,symmetrized,188,30,60.0,CLARABEL,optimal,True,0.4602633477441499,3.1811012850269105e-07,False,20,0,False,2.35,bond=0.70000000;cash=0.30000000;commodity_gold=0.40000000;defensive=0.25000000;equity=0.70000000,188,252,,,False,not_requested,True,0.0003978925610704032,0.03797953008182239,,0.07511747327387601,0.48345343081900166,1.7785352635080187e-09,0.2842069328074457,0.30000000177853525,0.1299249874592458,0.02561044268062496,0.2602576352741483,0.005142163043731282,,,2024-07-18,"[""可转债ETF"", ""5年国债ETF"", ""10年国债ETF"", ""信用债ETF"", ""日利ETF"", ""沪深300ETF"", ""中证500ETF"", ""中证1000ETF"", ""中证2000ETF"", ""创业板ETF"", ""红利ETF"", ""半导体ETF"", ""人工智能ETF"", ""新能源ETF"", ""科创50ETF"", ""证券ETF"", ""军工ETF"", ""消费ETF"", ""恒生ETF"", ""白银LOF"", ""纳指ETF"", ""标普500ETF"", ""日经225ETF"", ""欧洲ETF"", ""黄金ETF"", ""有色金属期货ETF"", ""能源化工期货ETF"", ""豆粕ETF"", ""煤炭ETF"", ""原油ETF""]",0.0
2024-07-26,candidate_03,CLARABEL,optimal,0.05577514622121057,,False,False,ewma,True,243,False,,,1.7321879092588787e-06,0.46844690605868833,270436.54072098597,True,False,0.0,1.7321879092589098e-06,4.6844690605868815e-07,1e-06,symmetrized,193,30,60.0,CLARABEL,optimal,True,0.46844690605868833,2.2389464971045436e-06,False,20,0,False,2.35,bond=0.70000000;cash=0.30000000;commodity_gold=0.40000000;defensive=0.25000000;equity=0.70000000,193,252,,,False,not_requested,True,0.010643868664190712,0.03942876289305375,,0.06751703252605055,0.47141945520874523,3.7321740142814974e-10,0.2899144221136004,0.3000000003732174,0.1257024823221148,0.025335865922086084,0.2590472292689811,0.0052973224293541375,,,2024-07-25,"[""可转债ETF"", ""5年国债ETF"", ""10年国债ETF"", ""信用债ETF"", ""日利ETF"", ""沪深300ETF"", ""中证500ETF"", ""中证1000ETF"", ""中证2000ETF"", ""创业板ETF"", ""红利ETF"", ""半导体ETF"", ""人工智能ETF"", ""新能源ETF"", ""科创50ETF"", ""证券ETF"", ""军工ETF"", ""消费ETF"", ""恒生ETF"", ""白银LOF"", ""纳指ETF"", ""标普500ETF"", ""日经225ETF"", ""欧洲ETF"", ""黄金ETF"", ""有色金属期货ETF"", ""能源化工期货ETF"", ""豆粕ETF"", ""煤炭ETF"", ""原油ETF""]",0.0
2024-08-02,candidate_03,CLARABEL,optimal,0.0530685472568727,,False,False,ewma,True,243,False,,,1.6857245396603494e-06,0.45403468871313335,269340.97358790017,True,False,0.0,1.6857245396602416e-06,4.540346887131333e-07,1e-06,symmetrized,197,30,60.0,CLARABEL,optimal,True,0.45403468871313335,2.0585255324535867e-06,False,20,0,False,2.35,bond=0.70000000;cash=0.30000000;commodity_gold=0.40000000;defensive=0.25000000;equity=0.70000000,197,252,,,False,not_requested,True,0.005932070599042958,0.039704775482447205,,0.0676908754674084,0.46020919688209155,3.635780565502955e-11,0.284924488252992,0.3000000000363578,0.12660191684259017,0.025167596421523854,0.2633059984465362,0.0053597423558688715,,,2024-08-01,"[""可转债ETF"", ""5年国债ETF"", ""10年国债ETF"", ""信用债ETF"", ""日利ETF"", ""沪深300ETF"", ""中证500ETF"", ""中证1000ETF"", ""中证2000ETF"", ""创业板ETF"", ""红利ETF"", ""半导体ETF"", ""人工智能ETF"", ""新能源ETF"", ""科创50ETF"", ""证券ETF"", ""军工ETF"", ""消费ETF"", ""恒生ETF"", ""白银LOF"", ""纳指ETF"", ""标普500ETF"", ""日经225ETF"", ""欧洲ETF"", ""黄金ETF"", ""有色金属期货ETF"", ""能源化工期货ETF"", ""豆粕ETF"", ""煤炭ETF"", ""原油ETF""]",0.0
2024-08-09,candidate_03,CLARABEL,optimal,0.0526132790834609,,False,False,ewma,True,243,False,,,1.6590809420171666e-06,0.4425944504926259,266770.86047080054,True,False,0.0,1.6590809420172111e-06,4.42594450492626e-07,1e-06,symmetrized,199,30,60.0,CLARABEL,optimal,True,0.4425944504926259,2.085672388647125e-06,False,20,0,False,2.35,bond=0.70000000;cash=0.30000000;commodity_gold=0.40000000;defensive=0.25000000;equity=0.70000000,199,252,,,False,not_requested,True,0.0073667535141193705,0.038899574362838446,,0.06829494499691438,0.45809926429595715,2.6891633364556355e-10,0.28868757347071317,0.3000000002689163,0.12228174265318816,0.025165659188678798,0.26386502441850346,0.005296413561398349,,,2024-08-08,"[""可转债ETF"", ""5年国债ETF"", ""10年国债ETF"", ""信用债ETF"", ""日利ETF"", ""沪深300ETF"", ""中证500ETF"", ""中证1000ETF"", ""中证2000ETF"", ""创业板ETF"", ""红利ETF"", ""半导体ETF"", ""人工智能ETF"", ""新能源ETF"", ""科创50ETF"", ""证券ETF"", ""军工ETF"", ""消费ETF"", ""恒生ETF"", ""白银LOF"", ""纳指ETF"", ""标普500ETF"", ""日经225ETF"", ""欧洲ETF"", ""黄金ETF"", ""有色金属期货ETF"", ""能源化工期货ETF"", ""豆粕ETF"", ""煤炭ETF"", ""原油ETF""]",0.0
2024-08-16,candidate_03,CLARABEL,optimal,0.05357048623528095,,False,False,ewma,True,243,False,,,1.5964948144567885e-06,0.4304099776833106,269596.8529216668,True,False,0.0,1.5964948144569166e-06,4.304099776833105e-07,1e-06,symmetrized,203,30,60.0,CLARABEL,optimal,True,0.4304099776833106,4.145953889533871e-06,False,20,0,False,2.35,bond=0.70000000;cash=0.30000000;commodity_gold=0.40000000;defensive=0.25000000;equity=0.70000000,203,252,,,False,not_requested,True,0.004003879083493384,0.038826343376093024,,0.06879667794247121,0.4625546778052775,1.539847138687378e-10,0.28482638672563687,0.3000000001539847,0.12329162318659441,0.025252479496351347,0.26662951043743277,0.005307321663800379,,,2024-08-15,"[""可转债ETF"", ""5年国债ETF"", ""10年国债ETF"", ""信用债ETF"", ""日利ETF"", ""沪深300ETF"", ""中证500ETF"", ""中证1000ETF"", ""中证2000ETF"", ""创业板ETF"", ""红利ETF"", ""半导体ETF"", ""人工智能ETF"", ""新能源ETF"", ""科创50ETF"", ""证券ETF"", ""军工ETF"", ""消费ETF"", ""恒生ETF"", ""白银LOF"", ""纳指ETF"", ""标普500ETF"", ""日经225ETF"", ""欧洲ETF"", ""黄金ETF"", ""有色金属期货ETF"", ""能源化工期货ETF"", ""豆粕ETF"", ""煤炭ETF"", ""原油ETF""]",0.0
2024-08-23,candidate_03,CLARABEL,optimal,0.05457732839065249,,False,False,ewma,True,243,False,,,1.5170720016771357e-06,0.41383863486994377,272787.7348025945,True,False,0.0,1.5170720016772196e-06,4.138386348699438e-07,1e-06,symmetrized,208,30,60.0,CLARABEL,optimal,True,0.41383863486994377,4.120769897572596e-06,False,20,0,False,2.35,bond=0.70000000;cash=0.30000000;commodity_gold=0.40000000;defensive=0.25000000;equity=0.70000000,208,252,,,False,not_requested,True,0.0005384588986902571,0.037930718342801685,,0.06550062755603404,0.46718903101425246,1.6404984037876602e-09,0.2852027969385842,0.3000000016404984,0.12436159256541195,0.025021418117376435,0.2654141907381292,0.005245238413673964,,,2024-08-22,"[""可转债ETF"", ""5年国债ETF"", ""10年国债ETF"", ""信用债ETF"", ""日利ETF"", ""沪深300ETF"", ""中证500ETF"", ""中证1000ETF"", ""中证2000ETF"", ""创业板ETF"", ""红利ETF"", ""半导体ETF"", ""人工智能ETF"", ""新能源ETF"", ""科创50ETF"", ""证券ETF"", ""军工ETF"", ""消费ETF"", ""恒生ETF"", ""白银LOF"", ""纳指ETF"", ""标普500ETF"", ""日经225ETF"", ""欧洲ETF"", ""黄金ETF"", ""有色金属期货ETF"", ""能源化工期货ETF"", ""豆粕ETF"", ""煤炭ETF"", ""原油ETF""]",0.0
2024-08-30,candidate_03,CLARABEL,optimal,0.05819711491380669,,False,False,ewma,True,243,False,,,1.478677632181879e-06,0.3980247225614212,269176.130008886,True,False,0.0,1.4786776321819078e-06,3.980247225614211e-07,1e-06,symmetrized,213,30,60.0,CLARABEL,optimal,True,0.3980247225614212,2.218621026076062e-06,False,20,0,False,2.35,bond=0.70000000;cash=0.30000000;commodity_gold=0.40000000;defensive=0.25000000;equity=0.70000000,213,252,,,False,not_requested,True,0.00043042521683115016,0.03703740050311631,,0.06499938909649905,0.482445343150517,1.7607635904859364e-09,0.2853649934036898,0.3000000017607636,0.12545442269059456,0.02438230756707623,0.2647982745778758,0.005215641095414385,,,2024-08-29,"[""可转债ETF"", ""5年国债ETF"", ""10年国债ETF"", ""信用债ETF"", ""日利ETF"", ""沪深300ETF"", ""中证500ETF"", ""中证1000ETF"", ""中证2000ETF"", ""创业板ETF"", ""红利ETF"", ""半导体ETF"", ""人工智能ETF"", ""新能源ETF"", ""科创50ETF"", ""证券ETF"", ""军工ETF"", ""消费ETF"", ""恒生ETF"", ""白银LOF"", ""纳指ETF"", ""标普500ETF"", ""日经225ETF"", ""欧洲ETF"", ""黄金ETF"", ""有色金属期货ETF"", ""能源化工期货ETF"", ""豆粕ETF"", ""煤炭ETF"", ""原油ETF""]",0.0
2024-09-06,candidate_03,CLARABEL,optimal,0.0643312158426993,,False,False,ewma,True,243,False,,,1.436718552957281e-06,0.43095588359212134,299958.45929953357,True,False,0.0,1.4367185529571541e-06,4.309558835921213e-07,1e-06,symmetrized,217,30,60.0,CLARABEL,optimal,True,0.43095588359212134,1.4783647625665752e-06,False,20,0,False,2.35,bond=0.70000000;cash=0.30000000;commodity_gold=0.40000000;defensive=0.25000000;equity=0.70000000,217,252,,,False,not_requested,True,0.0011630949680577424,0.03781734414250662,,0.06495790456082154,0.5071788836883796,2.8687008324368435e-10,0.2867189336400543,0.30000000028687007,0.12280603515264435,0.024402808737292083,0.26607222218313925,0.005241349551741533,,,2024-09-05,"[""可转债ETF"", ""5年国债ETF"", ""10年国债ETF"", ""信用债ETF"", ""日利ETF"", ""沪深300ETF"", ""中证500ETF"", ""中证1000ETF"", ""中证2000ETF"", ""创业板ETF"", ""红利ETF"", ""半导体ETF"", ""人工智能ETF"", ""新能源ETF"", ""科创50ETF"", ""证券ETF"", ""军工ETF"", ""消费ETF"", ""恒生ETF"", ""白银LOF"", ""纳指ETF"", ""标普500ETF"", ""日经225ETF"", ""欧洲ETF"", ""黄金ETF"", ""有色金属期货ETF"", ""能源化工期货ETF"", ""豆粕ETF"", ""煤炭ETF"", ""原油ETF""]",0.0
2024-09-13,candidate_03,CLARABEL,optimal,0.06031335822110216,,False,False,ewma,True,243,False,,,1.4484832496291529e-06,0.4129160216486709,285067.8609879593,True,False,0.0,1.4484832496290726e-06,4.1291602164867084e-07,1e-06,symmetrized,222,30,60.0,CLARABEL,optimal,True,0.4129160216486709,2.2995232561232037e-06,False,20,0,False,2.35,bond=0.70000000;cash=0.30000000;commodity_gold=0.40000000;defensive=0.25000000;equity=0.70000000,222,252,,,False,not_requested,True,0.002055659257207956,0.03752292976521705,,0.06513813502077564,0.4910056143800429,4.619251647852707e-10,0.28787869243435393,0.30000000046192515,0.12252189337377936,0.02344865113237483,0.26615076259756665,0.005210379338706759,,,2024-09-12,"[""可转债ETF"", ""5年国债ETF"", ""10年国债ETF"", ""信用债ETF"", ""日利ETF"", ""沪深300ETF"", ""中证500ETF"", ""中证1000ETF"", ""中证2000ETF"", ""创业板ETF"", ""红利ETF"", ""半导体ETF"", ""人工智能ETF"", ""新能源ETF"", ""科创50ETF"", ""证券ETF"", ""军工ETF"", ""消费ETF"", ""恒生ETF"", ""白银LOF"", ""纳指ETF"", ""标普500ETF"", ""日经225ETF"", ""欧洲ETF"", ""黄金ETF"", ""有色金属期货ETF"", ""能源化工期货ETF"", ""豆粕ETF"", ""煤炭ETF"", ""原油ETF""]",0.0
2024-09-20,candidate_03,CLARABEL,optimal,0.05769030077709584,,False,False,ewma,True,243,False,,,1.5827962076938231e-06,0.4080834130076523,257824.35605038557,True,False,0.0,1.5827962076937363e-06,4.08083413007652e-07,1e-06,symmetrized,225,30,60.0,CLARABEL,optimal,True,0.4080834130076523,3.2156756421750088e-06,False,20,0,False,2.35,bond=0.70000000;cash=0.30000000;commodity_gold=0.40000000;defensive=0.25000000;equity=0.70000000,225,252,,,False,not_requested,True,0.003180784633043056,0.03764771530486579,,0.06105284452532374,0.4801071999003767,2.3056057063541857e-11,0.28497911411538673,0.30000000002305605,0.1245062640803678,0.023483441228486984,0.2670311805527024,0.005232162428422225,,,2024-09-19,"[""可转债ETF"", ""5年国债ETF"", ""10年国债ETF"", ""信用债ETF"", ""日利ETF"", ""沪深300ETF"", ""中证500ETF"", ""中证1000ETF"", ""中证2000ETF"", ""创业板ETF"", ""红利ETF"", ""半导体ETF"", ""人工智能ETF"", ""新能源ETF"", ""科创50ETF"", ""证券ETF"", ""军工ETF"", ""消费ETF"", ""恒生ETF"", ""白银LOF"", ""纳指ETF"", ""标普500ETF"", ""日经225ETF"", ""欧洲ETF"", ""黄金ETF"", ""有色金属期货ETF"", ""能源化工期货ETF"", ""豆粕ETF"", ""煤炭ETF"", ""原油ETF""]",0.0
2024-09-27,candidate_03,CLARABEL,optimal,0.05408086861734692,,False,False,ewma,True,243,False,,,1.627440746215599e-06,0.3978358228597809,244454.874185064,True,False,0.0,1.6274407462151176e-06,3.978358228597809e-07,1e-06,symmetrized,228,30,60.0,CLARABEL,optimal,True,0.3978358228597809,1.934644365306215e-06,False,20,0,False,2.35,bond=0.70000000;cash=0.30000000;commodity_gold=0.40000000;defensive=0.25000000;equity=0.70000000,228,252,,,False,not_requested,True,0.00965303673726217,0.03823486071932298,,0.05874372709734835,0.464262477362022,2.4919427632497104e-10,0.2755818505760939,0.30000000024919427,0.12575437677824355,0.025640922238810412,0.273022850157658,0.005375139217897991,,,2024-09-26,"[""可转债ETF"", ""5年国债ETF"", ""10年国债ETF"", ""信用债ETF"", ""日利ETF"", ""沪深300ETF"", ""中证500ETF"", ""中证1000ETF"", ""中证2000ETF"", ""创业板ETF"", ""红利ETF"", ""半导体ETF"", ""人工智能ETF"", ""新能源ETF"", ""科创50ETF"", ""证券ETF"", ""军工ETF"", ""消费ETF"", ""恒生ETF"", ""白银LOF"", ""纳指ETF"", ""标普500ETF"", ""日经225ETF"", ""欧洲ETF"", ""黄金ETF"", ""有色金属期货ETF"", ""能源化工期货ETF"", ""豆粕ETF"", ""煤炭ETF"", ""原油ETF""]",0.0
2024-09-30,candidate_03,CLARABEL,optimal,0.05388117442265585,,False,False,ewma,True,243,False,,,1.627440746215599e-06,0.3978358228597809,244454.874185064,True,False,0.0,1.6274407462151176e-06,3.978358228597809e-07,1e-06,symmetrized,228,30,60.0,CLARABEL,optimal,True,0.3978358228597809,1.934644365306215e-06,False,20,0,False,2.35,bond=0.70000000;cash=0.30000000;commodity_gold=0.40000000;defensive=0.25000000;equity=0.70000000,228,252,,,False,not_requested,True,0.0009174420339758248,0.03854928078596187,,0.05703117254718447,0.4641661355565101,3.936712067442727e-11,0.27395472021084205,0.3000000000393671,0.12534338771112857,0.02549603009569568,0.2752058619429666,0.005421042273635816,,,2024-09-27,"[""可转债ETF"", ""5年国债ETF"", ""10年国债ETF"", ""信用债ETF"", ""日利ETF"", ""沪深300ETF"", ""中证500ETF"", ""中证1000ETF"", ""中证2000ETF"", ""创业板ETF"", ""红利ETF"", ""半导体ETF"", ""人工智能ETF"", ""新能源ETF"", ""科创50ETF"", ""证券ETF"", ""军工ETF"", ""消费ETF"", ""恒生ETF"", ""白银LOF"", ""纳指ETF"", ""标普500ETF"", ""日经225ETF"", ""欧洲ETF"", ""黄金ETF"", ""有色金属期货ETF"", ""能源化工期货ETF"", ""豆粕ETF"", ""煤炭ETF"", ""原油ETF""]",0.0
2024-10-11,candidate_03,CLARABEL,optimal,0.053824029065096056,,False,False,ewma,True,243,False,,,1.6295166798397382e-06,0.3985553460122977,244585.00544559959,True,False,0.0,1.62951667983961e-06,3.9855534601229796e-07,1e-06,symmetrized,226,30,60.0,CLARABEL,optimal,True,0.3985553460122977,2.3109580279262465e-06,False,20,0,False,2.35,bond=0.70000000;cash=0.30000000;commodity_gold=0.40000000;defensive=0.25000000;equity=0.70000000,226,252,,,False,not_requested,True,0.0022471178240545337,0.038607753287870944,,0.056217952987288156,0.46380346084637086,6.239937455632116e-10,0.2722710960185842,0.30000000062399373,0.12581296241568746,0.026407325162762615,0.27550861577897195,0.0054342728874671635,,,2024-10-10,"[""可转债ETF"", ""5年国债ETF"", ""10年国债ETF"", ""信用债ETF"", ""日利ETF"", ""沪深300ETF"", ""中证500ETF"", ""中证1000ETF"", ""中证2000ETF"", ""创业板ETF"", ""红利ETF"", ""半导体ETF"", ""人工智能ETF"", ""新能源ETF"", ""科创50ETF"", ""证券ETF"", ""军工ETF"", ""消费ETF"", ""恒生ETF"", ""白银LOF"", ""纳指ETF"", ""标普500ETF"", ""日经225ETF"", ""欧洲ETF"", ""黄金ETF"", ""有色金属期货ETF"", ""能源化工期货ETF"", ""豆粕ETF"", ""煤炭ETF"", ""原油ETF""]",0.0
2024-10-18,candidate_03,CLARABEL,optimal,0.01096617390998902,,False,False,ewma,True,243,False,,,4.566958031005801e-06,0.4357481923697244,95413.22460407145,True,False,0.0,4.566958031005813e-06,4.3574819236972456e-07,1e-06,symmetrized,225,30,60.0,CLARABEL,optimal,True,0.4357481923697244,2.7055821356092302e-06,False,20,0,False,2.35,bond=0.70000000;cash=0.30000000;commodity_gold=0.40000000;defensive=0.25000000;equity=0.70000000,225,252,,,False,not_requested,True,0.021183571752701403,0.03919129292212269,,0.05732490924070835,0.20529147477096255,3.178973195794299e-10,0.2851017144662413,0.3000000003178973,0.12596137197801072,0.026206408021486157,0.26273050521636454,0.00528818135929625,,,2024-10-17,"[""可转债ETF"", ""5年国债ETF"", ""10年国债ETF"", ""信用债ETF"", ""日利ETF"", ""沪深300ETF"", ""中证500ETF"", ""中证1000ETF"", ""中证2000ETF"", ""创业板ETF"", ""红利ETF"", ""半导体ETF"", ""人工智能ETF"", ""新能源ETF"", ""科创50ETF"", ""证券ETF"", ""军工ETF"", ""消费ETF"", ""恒生ETF"", ""白银LOF"", ""纳指ETF"", ""标普500ETF"", ""日经225ETF"", ""欧洲ETF"", ""黄金ETF"", ""有色金属期货ETF"", ""能源化工期货ETF"", ""豆粕ETF"", ""煤炭ETF"", ""原油ETF""]",0.0
2024-10-25,candidate_03,CLARABEL,optimal,0.009391534672336138,,False,False,ewma,True,243,False,,,5.071099165717667e-06,0.43095426633053,84982.41746955483,True,False,0.0,5.071099165717757e-06,4.309542663305298e-07,1e-06,symmetrized,224,30,60.0,CLARABEL,optimal,True,0.43095426633053,2.9638495203723747e-06,False,20,0,False,2.35,bond=0.70000000;cash=0.30000000;commodity_gold=0.40000000;defensive=0.25000000;equity=0.70000000,224,252,,,False,not_requested,True,0.0212902431961621,0.03900811928908658,,0.06235264917021803,0.1893076093077513,0.0,0.29218329166063023,0.2999999999866779,0.12297392214205448,0.024644780678927884,0.26019800553170946,0.005263295012965494,,,2024-10-24,"[""可转债ETF"", ""5年国债ETF"", ""10年国债ETF"", ""信用债ETF"", ""日利ETF"", ""沪深300ETF"", ""中证500ETF"", ""中证1000ETF"", ""中证2000ETF"", ""创业板ETF"", ""红利ETF"", ""半导体ETF"", ""人工智能ETF"", ""新能源ETF"", ""科创50ETF"", ""证券ETF"", ""军工ETF"", ""消费ETF"", ""恒生ETF"", ""白银LOF"", ""纳指ETF"", ""标普500ETF"", ""日经225ETF"", ""欧洲ETF"", ""黄金ETF"", ""有色金属期货ETF"", ""能源化工期货ETF"", ""豆粕ETF"", ""煤炭ETF"", ""原油ETF""]",0.0
2024-11-01,candidate_03,CLARABEL,optimal,0.008880089158190522,,False,False,ewma,True,243,False,,,4.937726514188722e-06,0.428718617636655,86825.10390251824,True,False,0.0,4.937726514187391e-06,4.2871861763665474e-07,1e-06,symmetrized,223,30,60.0,CLARABEL,optimal,True,0.428718617636655,6.027225578891099e-06,False,20,0,False,2.35,bond=0.70000000;cash=0.30000000;commodity_gold=0.40000000;defensive=0.25000000;equity=0.70000000,223,252,,,False,not_requested,True,0.016930640385005243,0.038077994897790866,,0.06810094999204735,0.18478525004312335,0.0,0.2998240994925232,0.29999999894274193,0.11991122093367557,0.023247433276134127,0.2570172473549252,0.005198101552721641,,,2024-10-31,"[""可转债ETF"", ""5年国债ETF"", ""10年国债ETF"", ""信用债ETF"", ""日利ETF"", ""沪深300ETF"", ""中证500ETF"", ""中证1000ETF"", ""中证2000ETF"", ""创业板ETF"", ""红利ETF"", ""半导体ETF"", ""人工智能ETF"", ""新能源ETF"", ""科创50ETF"", ""证券ETF"", ""军工ETF"", ""消费ETF"", ""恒生ETF"", ""白银LOF"", ""纳指ETF"", ""标普500ETF"", ""日经225ETF"", ""欧洲ETF"", ""黄金ETF"", ""有色金属期货ETF"", ""能源化工期货ETF"", ""豆粕ETF"", ""煤炭ETF"", ""原油ETF""]",0.0
2024-11-08,candidate_03,CLARABEL,optimal,0.008923005036107354,,False,False,ewma,True,243,False,,,4.844499638011646e-06,0.4512623445533245,93149.42270045013,True,False,0.0,4.8444996380120725e-06,4.5126234455332397e-07,1e-06,symmetrized,220,30,60.0,CLARABEL,optimal,True,0.4512623445533245,4.794587015077845e-06,False,20,0,False,2.35,bond=0.70000000;cash=0.30000000;commodity_gold=0.40000000;defensive=0.25000000;equity=0.70000000,220,252,,,False,not_requested,True,0.011135035207329775,0.03867832818558037,,0.07010993466417827,0.18651502696993139,0.0,0.30032968813613886,0.29999999905879177,0.11841849896161666,0.022781713164313787,0.25847010067913906,0.005108472348210699,,,2024-11-07,"[""可转债ETF"", ""5年国债ETF"", ""10年国债ETF"", ""信用债ETF"", ""日利ETF"", ""沪深300ETF"", ""中证500ETF"", ""中证1000ETF"", ""中证2000ETF"", ""创业板ETF"", ""红利ETF"", ""半导体ETF"", ""人工智能ETF"", ""新能源ETF"", ""科创50ETF"", ""证券ETF"", ""军工ETF"", ""消费ETF"", ""恒生ETF"", ""白银LOF"", ""纳指ETF"", ""标普500ETF"", ""日经225ETF"", ""欧洲ETF"", ""黄金ETF"", ""有色金属期货ETF"", ""能源化工期货ETF"", ""豆粕ETF"", ""煤炭ETF"", ""原油ETF""]",0.0
2024-11-15,candidate_03,CLARABEL,optimal,0.009372048896535414,,False,False,ewma,True,243,False,,,4.74093389076651e-06,0.5028703443491261,106069.89169971793,True,False,0.0,4.740933890768629e-06,5.028703443491266e-07,1e-06,symmetrized,220,30,60.0,CLARABEL,optimal,True,0.5028703443491261,4.385206618322257e-06,False,20,0,False,2.35,bond=0.70000000;cash=0.30000000;commodity_gold=0.40000000;defensive=0.25000000;equity=0.70000000,220,252,,,False,not_requested,True,0.004083622237248569,0.039399552164454815,,0.07029503817080489,0.19276048729051576,9.381304066913287e-10,0.30478318379748703,0.3000000009381304,0.11702439405278331,0.02228111677652144,0.25591130443507776,0.0052011782063362275,,,2024-11-14,"[""可转债ETF"", ""5年国债ETF"", ""10年国债ETF"", ""信用债ETF"", ""日利ETF"", ""沪深300ETF"", ""中证500ETF"", ""中证1000ETF"", ""中证2000ETF"", ""创业板ETF"", ""红利ETF"", ""半导体ETF"", ""人工智能ETF"", ""新能源ETF"", ""科创50ETF"", ""证券ETF"", ""军工ETF"", ""消费ETF"", ""恒生ETF"", ""白银LOF"", ""纳指ETF"", ""标普500ETF"", ""日经225ETF"", ""欧洲ETF"", ""黄金ETF"", ""有色金属期货ETF"", ""能源化工期货ETF"", ""豆粕ETF"", ""煤炭ETF"", ""原油ETF""]",0.0
2024-11-22,candidate_03,CLARABEL,optimal,0.009602422953377309,,False,False,ewma,True,243,False,,,4.506985890988928e-06,0.5379546513305178,119360.18091516127,True,False,0.0,4.506985890986048e-06,5.379546513305176e-07,1e-06,symmetrized,220,30,60.0,CLARABEL,optimal,True,0.5379546513305178,2.9090917198631994e-06,False,20,0,False,2.35,bond=0.70000000;cash=0.30000000;commodity_gold=0.40000000;defensive=0.25000000;equity=0.70000000,220,252,,,False,not_requested,True,0.006332551306010613,0.03964905072074846,,0.07295826647106585,0.1946676363637807,2.220446049250313e-16,0.3076941018298619,0.2999999989431529,0.11737839324266389,0.022617175200046403,0.252310330784275,0.005217456079177694,,,2024-11-21,"[""可转债ETF"", ""5年国债ETF"", ""10年国债ETF"", ""信用债ETF"", ""日利ETF"", ""沪深300ETF"", ""中证500ETF"", ""中证1000ETF"", ""中证2000ETF"", ""创业板ETF"", ""红利ETF"", ""半导体ETF"", ""人工智能ETF"", ""新能源ETF"", ""科创50ETF"", ""证券ETF"", ""军工ETF"", ""消费ETF"", ""恒生ETF"", ""白银LOF"", ""纳指ETF"", ""标普500ETF"", ""日经225ETF"", ""欧洲ETF"", ""黄金ETF"", ""有色金属期货ETF"", ""能源化工期货ETF"", ""豆粕ETF"", ""煤炭ETF"", ""原油ETF""]",0.0
2024-11-29,candidate_03,CLARABEL,optimal,0.012165531940850483,,False,False,ewma,True,243,False,,,4.5168354921427565e-06,0.5835255907395089,129189.02885761029,True,False,0.0,4.516835492140441e-06,5.835255907395092e-07,1e-06,symmetrized,220,30,60.0,CLARABEL,optimal,True,0.5835255907395089,3.0745591940474493e-06,False,20,0,False,2.35,bond=0.70000000;cash=0.30000000;commodity_gold=0.40000000;defensive=0.25000000;equity=0.70000000,220,252,,,False,not_requested,True,0.0029404426547267022,0.04010895273833206,,0.07436541997726619,0.2200530931839817,5.621373921904649e-10,0.31104250258457006,0.3000000005621374,0.11579939081404783,0.02249646421972203,0.25066164181952283,0.0052520322501719684,,,2024-11-28,"[""可转债ETF"", ""5年国债ETF"", ""10年国债ETF"", ""信用债ETF"", ""日利ETF"", ""沪深300ETF"", ""中证500ETF"", ""中证1000ETF"", ""中证2000ETF"", ""创业板ETF"", ""红利ETF"", ""半导体ETF"", ""人工智能ETF"", ""新能源ETF"", ""科创50ETF"", ""证券ETF"", ""军工ETF"", ""消费ETF"", ""恒生ETF"", ""白银LOF"", ""纳指ETF"", ""标普500ETF"", ""日经225ETF"", ""欧洲ETF"", ""黄金ETF"", ""有色金属期货ETF"", ""能源化工期货ETF"", ""豆粕ETF"", ""煤炭ETF"", ""原油ETF""]",0.0
2024-12-06,candidate_03,CLARABEL,optimal,0.013825682795315224,,False,False,ewma,True,243,False,,,4.30249047351334e-06,0.5753304890222082,133720.34001330473,True,False,0.0,4.302490473517691e-06,5.753304890222083e-07,1e-06,symmetrized,220,30,60.0,CLARABEL,optimal,True,0.5753304890222082,3.8633685346123325e-06,False,20,0,False,2.35,bond=0.70000000;cash=0.30000000;commodity_gold=0.40000000;defensive=0.25000000;equity=0.70000000,220,252,,,False,not_requested,True,0.004698750849148131,0.04024607581252772,,0.07653548198161399,0.23435270984631276,2.57036614215167e-11,0.3096725984847699,0.30000000002570365,0.11499740935892216,0.02282539722346193,0.25250459490714233,0.005300349517465709,,,2024-12-05,"[""可转债ETF"", ""5年国债ETF"", ""10年国债ETF"", ""信用债ETF"", ""日利ETF"", ""沪深300ETF"", ""中证500ETF"", ""中证1000ETF"", ""中证2000ETF"", ""创业板ETF"", ""红利ETF"", ""半导体ETF"", ""人工智能ETF"", ""新能源ETF"", ""科创50ETF"", ""证券ETF"", ""军工ETF"", ""消费ETF"", ""恒生ETF"", ""白银LOF"", ""纳指ETF"", ""标普500ETF"", ""日经225ETF"", ""欧洲ETF"", ""黄金ETF"", ""有色金属期货ETF"", ""能源化工期货ETF"", ""豆粕ETF"", ""煤炭ETF"", ""原油ETF""]",0.0
2024-12-13,candidate_03,CLARABEL,optimal,0.014834553784014786,,False,False,ewma,True,243,False,,,4.110006666503683e-06,0.563633287458454,137136.83047086827,True,False,0.0,4.110006666506947e-06,5.636332874584539e-07,1e-06,symmetrized,219,30,60.0,CLARABEL,optimal,True,0.563633287458454,2.6706543226687196e-06,False,20,0,False,2.35,bond=0.70000000;cash=0.30000000;commodity_gold=0.40000000;defensive=0.25000000;equity=0.70000000,219,252,,,False,not_requested,True,0.005296369551376842,0.04050555964041737,,0.07608459580158246,0.24271001200710154,4.0290676350807075e-10,0.30800680350477033,0.30000000040290675,0.11552862821790974,0.022521570087661088,0.25394299778675206,0.005372803532643073,,,2024-12-12,"[""可转债ETF"", ""5年国债ETF"", ""10年国债ETF"", ""信用债ETF"", ""日利ETF"", ""沪深300ETF"", ""中证500ETF"", ""中证1000ETF"", ""中证2000ETF"", ""创业板ETF"", ""红利ETF"", ""半导体ETF"", ""人工智能ETF"", ""新能源ETF"", ""科创50ETF"", ""证券ETF"", ""军工ETF"", ""消费ETF"", ""恒生ETF"", ""白银LOF"", ""纳指ETF"", ""标普500ETF"", ""日经225ETF"", ""欧洲ETF"", ""黄金ETF"", ""有色金属期货ETF"", ""能源化工期货ETF"", ""豆粕ETF"", ""煤炭ETF"", ""原油ETF""]",0.0
2024-12-20,candidate_03,CLARABEL,optimal,0.01579691920202914,,False,False,ewma,True,243,False,,,3.970676760658726e-06,0.5603689121199971,141126.8017764894,True,False,0.0,3.970676760659069e-06,5.60368912119997e-07,1e-06,symmetrized,219,30,60.0,CLARABEL,optimal,True,0.5603689121199971,2.508294735470429e-06,False,20,0,False,2.35,bond=0.70000000;cash=0.30000000;commodity_gold=0.40000000;defensive=0.25000000;equity=0.70000000,219,252,,,False,not_requested,True,0.007005819068491942,0.03990450306920166,,0.07334439508772427,0.25023749579100174,3.0053237676241906e-10,0.31522653130207956,0.30000000030053237,0.11236143230063957,0.02255329933730888,0.24985873675943973,0.0051109370114067595,,,2024-12-19,"[""可转债ETF"", ""5年国债ETF"", ""10年国债ETF"", ""信用债ETF"", ""日利ETF"", ""沪深300ETF"", ""中证500ETF"", ""中证1000ETF"", ""中证2000ETF"", ""创业板ETF"", ""红利ETF"", ""半导体ETF"", ""人工智能ETF"", ""新能源ETF"", ""科创50ETF"", ""证券ETF"", ""军工ETF"", ""消费ETF"", ""恒生ETF"", ""白银LOF"", ""纳指ETF"", ""标普500ETF"", ""日经225ETF"", ""欧洲ETF"", ""黄金ETF"", ""有色金属期货ETF"", ""能源化工期货ETF"", ""豆粕ETF"", ""煤炭ETF"", ""原油ETF""]",0.0
2024-12-27,candidate_03,CLARABEL,optimal,0.01845164354284079,,False,False,ewma,True,243,False,,,3.7643750015318225e-06,0.5495311776502474,145982.04945751387,True,False,0.0,3.7643750015343886e-06,5.49531177650247e-07,1e-06,symmetrized,219,30,60.0,CLARABEL,optimal,True,0.5495311776502474,6.172149240570024e-06,False,20,0,False,2.35,bond=0.70000000;cash=0.30000000;commodity_gold=0.40000000;defensive=0.25000000;equity=0.70000000,219,252,,,False,not_requested,True,0.0019031315750691101,0.03892773743775963,,0.07077360973374681,0.271389093162322,1.2267015181421925e-09,0.3144113541357457,0.3000000012267015,0.11274642878125893,0.022640805734110443,0.2502014101221835,0.005119425032212908,,,2024-12-26,"[""可转债ETF"", ""5年国债ETF"", ""10年国债ETF"", ""信用债ETF"", ""日利ETF"", ""沪深300ETF"", ""中证500ETF"", ""中证1000ETF"", ""中证2000ETF"", ""创业板ETF"", ""红利ETF"", ""半导体ETF"", ""人工智能ETF"", ""新能源ETF"", ""科创50ETF"", ""证券ETF"", ""军工ETF"", ""消费ETF"", ""恒生ETF"", ""白银LOF"", ""纳指ETF"", ""标普500ETF"", ""日经225ETF"", ""欧洲ETF"", ""黄金ETF"", ""有色金属期货ETF"", ""能源化工期货ETF"", ""豆粕ETF"", ""煤炭ETF"", ""原油ETF""]",0.0
2025-01-03,candidate_03,CLARABEL,optimal,0.021583115594318723,,False,False,ewma,True,243,False,,,3.693009086798477e-06,0.5591346826147925,151403.54910404905,True,False,0.0,3.693009086796659e-06,5.591346826147927e-07,1e-06,symmetrized,218,30,60.0,CLARABEL,optimal,True,0.5591346826147925,3.6660441499608565e-06,False,20,0,False,2.35,bond=0.70000000;cash=0.30000000;commodity_gold=0.40000000;defensive=0.25000000;equity=0.70000000,218,252,,,False,not_requested,True,0.004496228061364267,0.03781753375389824,,0.06887310451540156,0.2932019247186009,1.941475480382593e-09,0.31991069610887574,0.30000000194147547,0.11452657422980997,0.022546959160031826,0.24301576855980686,0.004970617241710872,,,2025-01-02,"[""可转债ETF"", ""5年国债ETF"", ""10年国债ETF"", ""信用债ETF"", ""日利ETF"", ""沪深300ETF"", ""中证500ETF"", ""中证1000ETF"", ""中证2000ETF"", ""创业板ETF"", ""红利ETF"", ""半导体ETF"", ""人工智能ETF"", ""新能源ETF"", ""科创50ETF"", ""证券ETF"", ""军工ETF"", ""消费ETF"", ""恒生ETF"", ""白银LOF"", ""纳指ETF"", ""标普500ETF"", ""日经225ETF"", ""欧洲ETF"", ""黄金ETF"", ""有色金属期货ETF"", ""能源化工期货ETF"", ""豆粕ETF"", ""煤炭ETF"", ""原油ETF""]",0.0
2025-01-10,candidate_03,CLARABEL,optimal,0.020723010761334978,,False,False,ewma,True,243,False,,,3.662004697663748e-06,0.5660058615854413,154561.7519132448,True,False,0.0,3.662004697650798e-06,5.660058615854415e-07,1e-06,symmetrized,217,30,60.0,CLARABEL,optimal,True,0.5660058615854413,4.2210129188105516e-07,False,20,0,False,2.35,bond=0.70000000;cash=0.30000000;commodity_gold=0.40000000;defensive=0.25000000;equity=0.70000000,217,252,,,False,not_requested,True,0.0009777512460144248,0.03709610823821732,,0.06855113351034302,0.2877718708354997,1.187249132339474e-09,0.32099611410123735,0.3000000011872491,0.11522058189165607,0.021920857622294898,0.2418624451975625,0.004941668803484453,,,2025-01-09,"[""可转债ETF"", ""5年国债ETF"", ""10年国债ETF"", ""信用债ETF"", ""日利ETF"", ""沪深300ETF"", ""中证500ETF"", ""中证1000ETF"", ""中证2000ETF"", ""创业板ETF"", ""红利ETF"", ""半导体ETF"", ""人工智能ETF"", ""新能源ETF"", ""科创50ETF"", ""证券ETF"", ""军工ETF"", ""消费ETF"", ""恒生ETF"", ""白银LOF"", ""纳指ETF"", ""标普500ETF"", ""日经225ETF"", ""欧洲ETF"", ""黄金ETF"", ""有色金属期货ETF"", ""能源化工期货ETF"", ""豆粕ETF"", ""煤炭ETF"", ""原油ETF""]",0.0
2025-01-17,candidate_03,CLARABEL,optimal,0.0224283012529682,,False,False,ewma,True,243,False,,,3.5938253525222516e-06,0.6020976846343657,167536.71243701255,True,False,0.0,3.5938253525228026e-06,6.020976846343658e-07,1e-06,symmetrized,218,30,60.0,CLARABEL,optimal,True,0.6020976846343657,4.328218001142803e-06,False,20,0,False,2.35,bond=0.70000000;cash=0.30000000;commodity_gold=0.40000000;defensive=0.25000000;equity=0.70000000,218,252,,,False,not_requested,True,0.0032872971012800596,0.03869876033720557,,0.07223687391904246,0.29907570360570734,1.2730011489381354e-10,0.31890625252999183,0.3000000001273001,0.11761096483827294,0.02200040914286625,0.24148237336156889,0.004972023489339079,,,2025-01-16,"[""可转债ETF"", ""5年国债ETF"", ""10年国债ETF"", ""信用债ETF"", ""日利ETF"", ""沪深300ETF"", ""中证500ETF"", ""中证1000ETF"", ""中证2000ETF"", ""创业板ETF"", ""红利ETF"", ""半导体ETF"", ""人工智能ETF"", ""新能源ETF"", ""科创50ETF"", ""证券ETF"", ""军工ETF"", ""消费ETF"", ""恒生ETF"", ""白银LOF"", ""纳指ETF"", ""标普500ETF"", ""日经225ETF"", ""欧洲ETF"", ""黄金ETF"", ""有色金属期货ETF"", ""能源化工期货ETF"", ""豆粕ETF"", ""煤炭ETF"", ""原油ETF""]",0.0
2025-01-24,candidate_03,CLARABEL,optimal,0.021865315944271334,,False,False,ewma,True,243,False,,,3.523607385877701e-06,0.5842395095504804,165807.2099326558,True,False,0.0,3.523607385873068e-06,5.842395095504808e-07,1e-06,symmetrized,216,30,60.0,CLARABEL,optimal,True,0.5842395095504804,4.236875096291781e-06,False,20,0,False,2.35,bond=0.70000000;cash=0.30000000;commodity_gold=0.40000000;defensive=0.25000000;equity=0.70000000,216,252,,,False,not_requested,True,0.00019914326241046026,0.03815013320358009,,0.07303526472144911,0.2957111654032995,6.160943977207012e-11,0.31882572462306036,0.30000000006160943,0.11621871495047224,0.021862469668817035,0.24309309069604101,0.004972939969924283,,,2025-01-23,"[""可转债ETF"", ""5年国债ETF"", ""10年国债ETF"", ""信用债ETF"", ""日利ETF"", ""沪深300ETF"", ""中证500ETF"", ""中证1000ETF"", ""中证2000ETF"", ""创业板ETF"", ""红利ETF"", ""半导体ETF"", ""人工智能ETF"", ""新能源ETF"", ""科创50ETF"", ""证券ETF"", ""军工ETF"", ""消费ETF"", ""恒生ETF"", ""白银LOF"", ""纳指ETF"", ""标普500ETF"", ""日经225ETF"", ""欧洲ETF"", ""黄金ETF"", ""有色金属期货ETF"", ""能源化工期货ETF"", ""豆粕ETF"", ""煤炭ETF"", ""原油ETF""]",0.0
2025-01-27,candidate_03,CLARABEL,optimal,0.022103726574590192,,False,False,ewma,True,243,False,,,3.482908529580546e-06,0.584730652340629,167885.73325267585,True,False,0.0,3.482908529583141e-06,5.847306523406287e-07,1e-06,symmetrized,216,30,60.0,CLARABEL,optimal,True,0.584730652340629,3.3378813387718864e-06,False,20,0,False,2.35,bond=0.70000000;cash=0.30000000;commodity_gold=0.40000000;defensive=0.25000000;equity=0.70000000,216,252,,,False,not_requested,True,0.0017011336105785292,0.038433947840502435,,0.07518747336604992,0.2971140761545669,1.0067273681357847e-09,0.3178474497483652,0.30000000100672736,0.11641363847040975,0.02190718318668075,0.24383172758781702,0.005004997544597446,,,2025-01-24,"[""可转债ETF"", ""5年国债ETF"", ""10年国债ETF"", ""信用债ETF"", ""日利ETF"", ""沪深300ETF"", ""中证500ETF"", ""中证1000ETF"", ""中证2000ETF"", ""创业板ETF"", ""红利ETF"", ""半导体ETF"", ""人工智能ETF"", ""新能源ETF"", ""科创50ETF"", ""证券ETF"", ""军工ETF"", ""消费ETF"", ""恒生ETF"", ""白银LOF"", ""纳指ETF"", ""标普500ETF"", ""日经225ETF"", ""欧洲ETF"", ""黄金ETF"", ""有色金属期货ETF"", ""能源化工期货ETF"", ""豆粕ETF"", ""煤炭ETF"", ""原油ETF""]",0.0
2025-02-07,candidate_03,CLARABEL,optimal,0.0245497194843208,,False,False,ewma,True,243,False,,,3.5277858155494646e-06,0.6047236821021806,171417.3460975813,True,False,0.0,3.5277858155511006e-06,6.047236821021804e-07,1e-06,symmetrized,214,30,60.0,CLARABEL,optimal,True,0.6047236821021806,5.005311450548278e-06,False,20,0,False,2.35,bond=0.70000000;cash=0.30000000;commodity_gold=0.40000000;defensive=0.25000000;equity=0.70000000,214,252,,,False,not_requested,True,0.0013250153463844937,0.03911328970518292,,0.07709469802422028,0.313195285231366,1.3544854127189865e-10,0.3178898069501211,0.30000000013544853,0.11588211586683397,0.021659222155104085,0.24456885489249233,0.005063902026190626,,,2025-02-06,"[""可转债ETF"", ""5年国债ETF"", ""10年国债ETF"", ""信用债ETF"", ""日利ETF"", ""沪深300ETF"", ""中证500ETF"", ""中证1000ETF"", ""中证2000ETF"", ""创业板ETF"", ""红利ETF"", ""半导体ETF"", ""人工智能ETF"", ""新能源ETF"", ""科创50ETF"", ""证券ETF"", ""军工ETF"", ""消费ETF"", ""恒生ETF"", ""白银LOF"", ""纳指ETF"", ""标普500ETF"", ""日经225ETF"", ""欧洲ETF"", ""黄金ETF"", ""有色金属期货ETF"", ""能源化工期货ETF"", ""豆粕ETF"", ""煤炭ETF"", ""原油ETF""]",0.0
2025-02-14,candidate_03,CLARABEL,optimal,0.025785932597640723,,False,False,ewma,True,243,False,,,3.3424917007414034e-06,0.6008397918254245,179758.0504664084,True,False,0.0,3.3424917007414843e-06,6.008397918254248e-07,1e-06,symmetrized,216,30,60.0,CLARABEL,optimal,True,0.6008397918254245,2.779295353257105e-06,False,20,0,False,2.35,bond=0.70000000;cash=0.30000000;commodity_gold=0.40000000;defensive=0.25000000;equity=0.70000000,216,252,,,False,not_requested,True,0.00243372024970213,0.038858546723449384,,0.0803151967579571,0.320852165812056,5.24503940280141e-10,0.31634847829303253,0.30000000052450393,0.1155015462848986,0.02173740294355603,0.246412571954009,0.0051280593787919534,,,2025-02-13,"[""可转债ETF"", ""5年国债ETF"", ""10年国债ETF"", ""信用债ETF"", ""日利ETF"", ""沪深300ETF"", ""中证500ETF"", ""中证1000ETF"", ""中证2000ETF"", ""创业板ETF"", ""红利ETF"", ""半导体ETF"", ""人工智能ETF"", ""新能源ETF"", ""科创50ETF"", ""证券ETF"", ""军工ETF"", ""消费ETF"", ""恒生ETF"", ""白银LOF"", ""纳指ETF"", ""标普500ETF"", ""日经225ETF"", ""欧洲ETF"", ""黄金ETF"", ""有色金属期货ETF"", ""能源化工期货ETF"", ""豆粕ETF"", ""煤炭ETF"", ""原油ETF""]",0.0
2025-02-21,candidate_03,CLARABEL,optimal,0.02897225791312577,,False,False,ewma,True,243,False,,,3.3047230406953455e-06,0.5895977910526062,178410.65160139688,True,False,0.0,3.304723040695578e-06,5.895977910526064e-07,1e-06,symmetrized,215,30,60.0,CLARABEL,optimal,True,0.5895977910526062,3.024102596498046e-06,False,20,0,False,2.35,bond=0.70000000;cash=0.30000000;commodity_gold=0.40000000;defensive=0.25000000;equity=0.70000000,215,252,,,False,not_requested,True,0.0005923053103005123,0.038703775808808856,,0.08036181833944542,0.3403541338977782,3.3531627474658876e-10,0.31495259316802304,0.30000000033531626,0.11629785096829863,0.02140593948250235,0.2473436160458597,0.005180358881602933,,,2025-02-20,"[""可转债ETF"", ""5年国债ETF"", ""10年国债ETF"", ""信用债ETF"", ""日利ETF"", ""沪深300ETF"", ""中证500ETF"", ""中证1000ETF"", ""中证2000ETF"", ""创业板ETF"", ""红利ETF"", ""半导体ETF"", ""人工智能ETF"", ""新能源ETF"", ""科创50ETF"", ""证券ETF"", ""军工ETF"", ""消费ETF"", ""恒生ETF"", ""白银LOF"", ""纳指ETF"", ""标普500ETF"", ""日经225ETF"", ""欧洲ETF"", ""黄金ETF"", ""有色金属期货ETF"", ""能源化工期货ETF"", ""豆粕ETF"", ""煤炭ETF"", ""原油ETF""]",0.0
2025-02-28,candidate_03,CLARABEL,optimal,0.035367122349551756,,False,False,ewma,True,243,False,,,3.2944517322075e-06,0.5664784786474835,171949.24214837578,True,False,0.0,3.2944517322073806e-06,5.664784786474837e-07,1e-06,symmetrized,214,30,60.0,CLARABEL,optimal,True,0.5664784786474835,3.010534174226892e-06,False,20,0,False,2.35,bond=0.70000000;cash=0.30000000;commodity_gold=0.40000000;defensive=0.25000000;equity=0.70000000,214,252,,,False,not_requested,True,0.0011792021480339374,0.03870023773928864,,0.08111067732639876,0.37599566245342075,7.136718993550062e-11,0.3148057128514189,0.3000000000713672,0.11464784595317241,0.021485662984469977,0.24906077813957161,0.005239159106116994,,,2025-02-27,"[""可转债ETF"", ""5年国债ETF"", ""10年国债ETF"", ""信用债ETF"", ""日利ETF"", ""沪深300ETF"", ""中证500ETF"", ""中证1000ETF"", ""中证2000ETF"", ""创业板ETF"", ""红利ETF"", ""半导体ETF"", ""人工智能ETF"", ""新能源ETF"", ""科创50ETF"", ""证券ETF"", ""军工ETF"", ""消费ETF"", ""恒生ETF"", ""白银LOF"", ""纳指ETF"", ""标普500ETF"", ""日经225ETF"", ""欧洲ETF"", ""黄金ETF"", ""有色金属期货ETF"", ""能源化工期货ETF"", ""豆粕ETF"", ""煤炭ETF"", ""原油ETF""]",0.0
2025-03-07,candidate_03,CLARABEL,optimal,0.04085591037227703,,False,False,ewma,True,243,False,,,3.139331401965972e-06,0.6050743851691864,192739.88875155555,True,False,0.0,3.139331401967217e-06,6.050743851691864e-07,1e-06,symmetrized,217,30,60.0,CLARABEL,optimal,True,0.6050743851691864,3.116170391170847e-09,False,20,0,False,2.35,bond=0.70000000;cash=0.30000000;commodity_gold=0.40000000;defensive=0.25000000;equity=0.70000000,217,252,,,False,not_requested,True,0.0007922262744176978,0.04146678626866975,,0.07702923605887739,0.4041773283048238,2.330537318684378e-09,0.3152846298774682,0.3000000023305373,0.11472627242765109,0.02129578426524374,0.24869331109909956,0.005659269069649182,,,2025-03-06,"[""可转债ETF"", ""5年国债ETF"", ""10年国债ETF"", ""信用债ETF"", ""日利ETF"", ""沪深300ETF"", ""中证500ETF"", ""中证1000ETF"", ""中证2000ETF"", ""创业板ETF"", ""红利ETF"", ""半导体ETF"", ""人工智能ETF"", ""新能源ETF"", ""科创50ETF"", ""证券ETF"", ""军工ETF"", ""消费ETF"", ""恒生ETF"", ""白银LOF"", ""纳指ETF"", ""标普500ETF"", ""日经225ETF"", ""欧洲ETF"", ""黄金ETF"", ""有色金属期货ETF"", ""能源化工期货ETF"", ""豆粕ETF"", ""煤炭ETF"", ""原油ETF""]",0.0
2025-03-14,candidate_03,CLARABEL,optimal,0.04619402359366457,,False,False,ewma,True,243,False,,,2.9707175030287143e-06,0.5755270807230213,193733.359074452,True,False,0.0,2.970717503027262e-06,5.755270807230211e-07,1e-06,symmetrized,217,30,60.0,CLARABEL,optimal,True,0.5755270807230213,3.5427829360792917e-06,False,20,0,False,2.35,bond=0.70000000;cash=0.30000000;commodity_gold=0.40000000;defensive=0.25000000;equity=0.70000000,217,252,,,False,not_requested,True,0.003551665144829746,0.040371383744700694,,0.07457358847574606,0.42952031286645576,2.4498680861739786e-11,0.3163162271790937,0.30000000002449867,0.117417638992254,0.021755709751577867,0.24451042405257595,0.00563816146425076,,,2025-03-13,"[""可转债ETF"", ""5年国债ETF"", ""10年国债ETF"", ""信用债ETF"", ""日利ETF"", ""沪深300ETF"", ""中证500ETF"", ""中证1000ETF"", ""中证2000ETF"", ""创业板ETF"", ""红利ETF"", ""半导体ETF"", ""人工智能ETF"", ""新能源ETF"", ""科创50ETF"", ""证券ETF"", ""军工ETF"", ""消费ETF"", ""恒生ETF"", ""白银LOF"", ""纳指ETF"", ""标普500ETF"", ""日经225ETF"", ""欧洲ETF"", ""黄金ETF"", ""有色金属期货ETF"", ""能源化工期货ETF"", ""豆粕ETF"", ""煤炭ETF"", ""原油ETF""]",0.0
2025-03-21,candidate_03,CLARABEL,optimal,0.05240651252899165,,False,False,ewma,True,243,False,,,2.890686001660712e-06,0.5582421609999442,193117.53704111464,True,False,0.0,2.8906860016595605e-06,5.582421609999444e-07,1e-06,symmetrized,218,30,60.0,CLARABEL,optimal,True,0.5582421609999442,3.101829842675624e-06,False,20,0,False,2.35,bond=0.70000000;cash=0.30000000;commodity_gold=0.40000000;defensive=0.25000000;equity=0.70000000,218,252,,,False,not_requested,True,0.004627388365237607,0.04066248773332725,,0.0711613042577773,0.45743885512788995,6.025302479173433e-11,0.31160361271145964,0.300000000060253,0.11899458251922682,0.021690773126087942,0.2477110315829726,0.005679702831753985,,,2025-03-20,"[""可转债ETF"", ""5年国债ETF"", ""10年国债ETF"", ""信用债ETF"", ""日利ETF"", ""沪深300ETF"", ""中证500ETF"", ""中证1000ETF"", ""中证2000ETF"", ""创业板ETF"", ""红利ETF"", ""半导体ETF"", ""人工智能ETF"", ""新能源ETF"", ""科创50ETF"", ""证券ETF"", ""军工ETF"", ""消费ETF"", ""恒生ETF"", ""白银LOF"", ""纳指ETF"", ""标普500ETF"", ""日经225ETF"", ""欧洲ETF"", ""黄金ETF"", ""有色金属期货ETF"", ""能源化工期货ETF"", ""豆粕ETF"", ""煤炭ETF"", ""原油ETF""]",0.0
2025-03-28,candidate_03,CLARABEL,optimal,0.0557640031915694,,False,False,ewma,True,243,False,,,3.1553475867773896e-06,0.541186092452028,171513.93866079603,True,False,0.0,3.1553475867775717e-06,5.411860924520278e-07,1e-06,symmetrized,218,30,60.0,CLARABEL,optimal,True,0.541186092452028,2.818233165322037e-06,False,20,0,False,2.35,bond=0.70000000;cash=0.30000000;commodity_gold=0.40000000;defensive=0.25000000;equity=0.70000000,218,252,,,False,not_requested,True,0.0022615584814392273,0.03995412122906097,,0.06833655337895292,0.4720936074737561,1.8725487826998233e-10,0.3132611616215607,0.30000000018725487,0.11958029231835195,0.02203733041008621,0.24512121546274612,0.005642403235812713,,,2025-03-27,"[""可转债ETF"", ""5年国债ETF"", ""10年国债ETF"", ""信用债ETF"", ""日利ETF"", ""沪深300ETF"", ""中证500ETF"", ""中证1000ETF"", ""中证2000ETF"", ""创业板ETF"", ""红利ETF"", ""半导体ETF"", ""人工智能ETF"", ""新能源ETF"", ""科创50ETF"", ""证券ETF"", ""军工ETF"", ""消费ETF"", ""恒生ETF"", ""白银LOF"", ""纳指ETF"", ""标普500ETF"", ""日经225ETF"", ""欧洲ETF"", ""黄金ETF"", ""有色金属期货ETF"", ""能源化工期货ETF"", ""豆粕ETF"", ""煤炭ETF"", ""原油ETF""]",0.0
2025-04-03,candidate_03,CLARABEL,optimal,0.052863323158504505,,False,False,ewma,True,243,False,,,3.0544723951336432e-06,0.5225889056757995,171089.7458128557,True,False,0.0,3.054472395133899e-06,5.22588905675799e-07,1e-06,symmetrized,218,30,60.0,SCS,optimal,True,0.5225889056757995,5.309724878584804e-05,False,20,0,False,2.35,bond=0.70000000;cash=0.30000000;commodity_gold=0.40000000;defensive=0.25000000;equity=0.70000000,218,252,,,False,not_requested,True,0.0022213410948933848,0.03980694903721526,,0.06590482419577383,0.4596443404819781,5.836470196030064e-11,0.314442032213819,0.3000000000583647,0.12072432737981412,0.022204182686597896,0.24262945766140448,0.005624855879001355,,,2025-04-02,"[""可转债ETF"", ""5年国债ETF"", ""10年国债ETF"", ""信用债ETF"", ""日利ETF"", ""沪深300ETF"", ""中证500ETF"", ""中证1000ETF"", ""中证2000ETF"", ""创业板ETF"", ""红利ETF"", ""半导体ETF"", ""人工智能ETF"", ""新能源ETF"", ""科创50ETF"", ""证券ETF"", ""军工ETF"", ""消费ETF"", ""恒生ETF"", ""白银LOF"", ""纳指ETF"", ""标普500ETF"", ""日经225ETF"", ""欧洲ETF"", ""黄金ETF"", ""有色金属期货ETF"", ""能源化工期货ETF"", ""豆粕ETF"", ""煤炭ETF"", ""原油ETF""]",0.0
2025-04-11,candidate_03,CLARABEL,optimal,0.0524561051213892,,False,False,ewma,True,243,False,,,3.0350033997803896e-06,0.5429085385478232,178882.3493862009,True,False,0.0,3.035003399780339e-06,5.429085385478235e-07,1e-06,symmetrized,214,30,60.0,CLARABEL,optimal,True,0.5429085385478232,2.683647809677281e-06,False,20,0,False,2.35,bond=0.70000000;cash=0.30000000;commodity_gold=0.40000000;defensive=0.25000000;equity=0.70000000,214,252,,,False,not_requested,True,0.002938692048423382,0.03994931325469828,,0.06818960608561583,0.45780541575131406,4.960293287226136e-11,0.3125461524609051,0.3000000000496029,0.1214041599860161,0.022881461277621442,0.24316822622585427,0.0057191015229670124,,,2025-04-10,"[""可转债ETF"", ""5年国债ETF"", ""10年国债ETF"", ""信用债ETF"", ""日利ETF"", ""沪深300ETF"", ""中证500ETF"", ""中证1000ETF"", ""中证2000ETF"", ""创业板ETF"", ""红利ETF"", ""半导体ETF"", ""人工智能ETF"", ""新能源ETF"", ""科创50ETF"", ""证券ETF"", ""军工ETF"", ""消费ETF"", ""恒生ETF"", ""白银LOF"", ""纳指ETF"", ""标普500ETF"", ""日经225ETF"", ""欧洲ETF"", ""黄金ETF"", ""有色金属期货ETF"", ""能源化工期货ETF"", ""豆粕ETF"", ""煤炭ETF"", ""原油ETF""]",0.0
2025-04-18,candidate_03,CLARABEL,optimal,0.052755430445877,,False,False,ewma,True,243,False,,,2.88325073218656e-06,0.5199966640993203,180350.83050337853,True,False,0.0,2.8832507321870698e-06,5.199966640993203e-07,1e-06,symmetrized,214,30,60.0,CLARABEL,optimal,True,0.5199966640993203,3.2745240905532325e-06,False,20,0,False,2.35,bond=0.70000000;cash=0.30000000;commodity_gold=0.40000000;defensive=0.25000000;equity=0.70000000,214,252,,,False,not_requested,True,0.0022076707308921386,0.03959888336524723,,0.06769619120268287,0.45917584749219,4.1469827571916085e-11,0.3100628679779559,0.3000000000414698,0.12291111560494915,0.023069405491146323,0.2439566108844788,0.005775535076827793,,,2025-04-17,"[""可转债ETF"", ""5年国债ETF"", ""10年国债ETF"", ""信用债ETF"", ""日利ETF"", ""沪深300ETF"", ""中证500ETF"", ""中证1000ETF"", ""中证2000ETF"", ""创业板ETF"", ""红利ETF"", ""半导体ETF"", ""人工智能ETF"", ""新能源ETF"", ""科创50ETF"", ""证券ETF"", ""军工ETF"", ""消费ETF"", ""恒生ETF"", ""白银LOF"", ""纳指ETF"", ""标普500ETF"", ""日经225ETF"", ""欧洲ETF"", ""黄金ETF"", ""有色金属期货ETF"", ""能源化工期货ETF"", ""豆粕ETF"", ""煤炭ETF"", ""原油ETF""]",0.0
2025-04-25,candidate_03,CLARABEL,optimal,0.05317808076956528,,False,False,ewma,True,243,False,,,2.777315475740175e-06,0.510890279740198,183951.1154576496,True,False,0.0,2.7773154757398e-06,5.108902797401983e-07,1e-06,symmetrized,212,30,60.0,CLARABEL,optimal,True,0.510890279740198,2.8708122494433552e-06,False,20,0,False,2.35,bond=0.70000000;cash=0.30000000;commodity_gold=0.40000000;defensive=0.25000000;equity=0.70000000,212,252,,,False,not_requested,True,0.002219757718050313,0.03937459444859832,,0.06902390347805391,0.46101201584294205,4.517441976048531e-11,0.3073359500668804,0.3000000000451744,0.12467547050542001,0.022972923753655686,0.24501565562886948,0.005822022890260891,,,2025-04-24,"[""可转债ETF"", ""5年国债ETF"", ""10年国债ETF"", ""信用债ETF"", ""日利ETF"", ""沪深300ETF"", ""中证500ETF"", ""中证1000ETF"", ""中证2000ETF"", ""创业板ETF"", ""红利ETF"", ""半导体ETF"", ""人工智能ETF"", ""新能源ETF"", ""科创50ETF"", ""证券ETF"", ""军工ETF"", ""消费ETF"", ""恒生ETF"", ""白银LOF"", ""纳指ETF"", ""标普500ETF"", ""日经225ETF"", ""欧洲ETF"", ""黄金ETF"", ""有色金属期货ETF"", ""能源化工期货ETF"", ""豆粕ETF"", ""煤炭ETF"", ""原油ETF""]",0.0
2025-04-30,candidate_03,CLARABEL,optimal,0.05322438730004161,,False,False,ewma,True,243,False,,,2.698461913322934e-06,0.4945227506780676,183260.9710874531,True,False,0.0,2.6984619133228685e-06,4.945227506780678e-07,1e-06,symmetrized,213,30,60.0,CLARABEL,optimal,True,0.4945227506780676,3.2227697084954987e-06,False,20,0,False,2.35,bond=0.70000000;cash=0.30000000;commodity_gold=0.40000000;defensive=0.25000000;equity=0.70000000,213,252,,,False,not_requested,True,0.000633884501752285,0.03897093340002227,,0.06807616755509703,0.4613524442101062,3.8651526423905125e-11,0.30715930652167167,0.3000000000386515,0.12348978282161044,0.022857703284194803,0.24649320733387153,0.005804778926099668,,,2025-04-29,"[""可转债ETF"", ""5年国债ETF"", ""10年国债ETF"", ""信用债ETF"", ""日利ETF"", ""沪深300ETF"", ""中证500ETF"", ""中证1000ETF"", ""中证2000ETF"", ""创业板ETF"", ""红利ETF"", ""半导体ETF"", ""人工智能ETF"", ""新能源ETF"", ""科创50ETF"", ""证券ETF"", ""军工ETF"", ""消费ETF"", ""恒生ETF"", ""白银LOF"", ""纳指ETF"", ""标普500ETF"", ""日经225ETF"", ""欧洲ETF"", ""黄金ETF"", ""有色金属期货ETF"", ""能源化工期货ETF"", ""豆粕ETF"", ""煤炭ETF"", ""原油ETF""]",0.0
2025-05-09,candidate_03,CLARABEL,optimal,0.05306793543060013,,False,False,ewma,True,243,False,,,2.7225006096595754e-06,0.4858237680076932,178447.6250561579,True,False,0.0,2.7225006096597258e-06,4.858237680076937e-07,1e-06,symmetrized,213,30,60.0,CLARABEL,optimal,True,0.4858237680076932,3.1732470145984237e-06,False,20,0,False,2.35,bond=0.70000000;cash=0.30000000;commodity_gold=0.40000000;defensive=0.25000000;equity=0.70000000,213,252,,,False,not_requested,True,0.0051424786365566405,0.039816805782887016,,0.06970143346386384,0.46027619149496757,2.0934874389588742e-09,0.30239652545445594,0.30000000209348743,0.12237693307692485,0.02258776522324648,0.2526387741518853,0.005673662808044121,,,2025-05-08,"[""可转债ETF"", ""5年国债ETF"", ""10年国债ETF"", ""信用债ETF"", ""日利ETF"", ""沪深300ETF"", ""中证500ETF"", ""中证1000ETF"", ""中证2000ETF"", ""创业板ETF"", ""红利ETF"", ""半导体ETF"", ""人工智能ETF"", ""新能源ETF"", ""科创50ETF"", ""证券ETF"", ""军工ETF"", ""消费ETF"", ""恒生ETF"", ""白银LOF"", ""纳指ETF"", ""标普500ETF"", ""日经225ETF"", ""欧洲ETF"", ""黄金ETF"", ""有色金属期货ETF"", ""能源化工期货ETF"", ""豆粕ETF"", ""煤炭ETF"", ""原油ETF""]",0.0
2025-05-16,candidate_03,CLARABEL,optimal,0.05513655900098473,,False,False,ewma,True,243,False,,,2.604583311282499e-06,0.4832297934469195,185530.5573654224,True,False,0.0,2.60458331128337e-06,4.832297934469194e-07,1e-06,symmetrized,213,30,60.0,CLARABEL,optimal,True,0.4832297934469195,3.713523349060943e-06,False,20,0,False,2.35,bond=0.70000000;cash=0.30000000;commodity_gold=0.40000000;defensive=0.25000000;equity=0.70000000,213,252,,,False,not_requested,True,0.0006781800427642535,0.03985043227129569,,0.06565600733774724,0.46956487068824315,1.3542172938585395e-10,0.30125775070750427,0.3000000001354217,0.1225664478047662,0.02307912859215125,0.2530966727601566,0.005646859298741803,,,2025-05-15,"[""可转债ETF"", ""5年国债ETF"", ""10年国债ETF"", ""信用债ETF"", ""日利ETF"", ""沪深300ETF"", ""中证500ETF"", ""中证1000ETF"", ""中证2000ETF"", ""创业板ETF"", ""红利ETF"", ""半导体ETF"", ""人工智能ETF"", ""新能源ETF"", ""科创50ETF"", ""证券ETF"", ""军工ETF"", ""消费ETF"", ""恒生ETF"", ""白银LOF"", ""纳指ETF"", ""标普500ETF"", ""日经225ETF"", ""欧洲ETF"", ""黄金ETF"", ""有色金属期货ETF"", ""能源化工期货ETF"", ""豆粕ETF"", ""煤炭ETF"", ""原油ETF""]",0.0
2025-05-23,candidate_03,CLARABEL,optimal,0.05610798838908708,,False,False,ewma,True,243,False,,,2.4868840925030903e-06,0.46197049207201435,185762.77578221724,True,False,0.0,2.486884092504495e-06,4.6197049207201393e-07,1e-06,symmetrized,213,30,60.0,CLARABEL,optimal,True,0.46197049207201435,2.283830183164026e-06,False,20,0,False,2.35,bond=0.70000000;cash=0.30000000;commodity_gold=0.40000000;defensive=0.25000000;equity=0.70000000,213,252,,,False,not_requested,True,0.0006539522335298684,0.039312779985223714,,0.06545015819656498,0.473686449705906,2.058882508926274e-10,0.300678336765005,0.30000000020588824,0.12329120071680633,0.023248830007521322,0.25278163230477907,0.005660790476843269,,,2025-05-22,"[""可转债ETF"", ""5年国债ETF"", ""10年国债ETF"", ""信用债ETF"", ""日利ETF"", ""沪深300ETF"", ""中证500ETF"", ""中证1000ETF"", ""中证2000ETF"", ""创业板ETF"", ""红利ETF"", ""半导体ETF"", ""人工智能ETF"", ""新能源ETF"", ""科创50ETF"", ""证券ETF"", ""军工ETF"", ""消费ETF"", ""恒生ETF"", ""白银LOF"", ""纳指ETF"", ""标普500ETF"", ""日经225ETF"", ""欧洲ETF"", ""黄金ETF"", ""有色金属期货ETF"", ""能源化工期货ETF"", ""豆粕ETF"", ""煤炭ETF"", ""原油ETF""]",0.0
2025-05-30,candidate_03,CLARABEL,optimal,0.055843194105061306,,False,False,ewma,True,243,False,,,2.3757119871115796e-06,0.4509225137469325,189805.21047720508,True,False,0.0,2.3757119871126155e-06,4.5092251374693237e-07,1e-06,symmetrized,213,30,60.0,CLARABEL,optimal,True,0.4509225137469325,2.5163220829758914e-06,False,20,0,False,2.35,bond=0.70000000;cash=0.30000000;commodity_gold=0.40000000;defensive=0.25000000;equity=0.70000000,213,252,,,False,not_requested,True,0.0001983194051357537,0.038809847164200426,,0.06645742945418083,0.472606255655327,2.371006169177292e-10,0.30027412490051175,0.3000000002371006,0.12267670497573602,0.02292102242015035,0.25412814746650114,0.005645595913389007,,,2025-05-29,"[""可转债ETF"", ""5年国债ETF"", ""10年国债ETF"", ""信用债ETF"", ""日利ETF"", ""沪深300ETF"", ""中证500ETF"", ""中证1000ETF"", ""中证2000ETF"", ""创业板ETF"", ""红利ETF"", ""半导体ETF"", ""人工智能ETF"", ""新能源ETF"", ""科创50ETF"", ""证券ETF"", ""军工ETF"", ""消费ETF"", ""恒生ETF"", ""白银LOF"", ""纳指ETF"", ""标普500ETF"", ""日经225ETF"", ""欧洲ETF"", ""黄金ETF"", ""有色金属期货ETF"", ""能源化工期货ETF"", ""豆粕ETF"", ""煤炭ETF"", ""原油ETF""]",0.0
2025-06-06,candidate_03,CLARABEL,optimal,0.05842660886039576,,False,False,ewma,True,243,False,,,2.341401748242311e-06,0.4394624000189745,187692.00986070788,True,False,0.0,2.3414017482414117e-06,4.3946240001897424e-07,1e-06,symmetrized,214,30,60.0,CLARABEL,optimal,True,0.4394624000189745,3.9807289863719175e-06,False,20,0,False,2.35,bond=0.70000000;cash=0.30000000;commodity_gold=0.40000000;defensive=0.25000000;equity=0.70000000,214,252,,,False,not_requested,True,0.0017212211984373414,0.038657253952670674,,0.06677716875721094,0.48328735994258104,1.96140603758721e-10,0.29903229166578316,0.3000000001961406,0.12352695431110389,0.022967674522828958,0.25447307930414337,0.005685471938974055,,,2025-06-05,"[""可转债ETF"", ""5年国债ETF"", ""10年国债ETF"", ""信用债ETF"", ""日利ETF"", ""沪深300ETF"", ""中证500ETF"", ""中证1000ETF"", ""中证2000ETF"", ""创业板ETF"", ""红利ETF"", ""半导体ETF"", ""人工智能ETF"", ""新能源ETF"", ""科创50ETF"", ""证券ETF"", ""军工ETF"", ""消费ETF"", ""恒生ETF"", ""白银LOF"", ""纳指ETF"", ""标普500ETF"", ""日经225ETF"", ""欧洲ETF"", ""黄金ETF"", ""有色金属期货ETF"", ""能源化工期货ETF"", ""豆粕ETF"", ""煤炭ETF"", ""原油ETF""]",0.0
2025-06-13,candidate_03,CLARABEL,optimal,0.05730594245864617,,False,False,ewma,True,243,False,,,2.202029969062771e-06,0.42178193342160974,191542.3220153215,True,False,0.0,2.202029969063244e-06,4.2178193342160957e-07,1e-06,symmetrized,214,30,60.0,CLARABEL,optimal,True,0.42178193342160974,1.6576050078757898e-06,False,20,0,False,2.35,bond=0.70000000;cash=0.30000000;commodity_gold=0.40000000;defensive=0.25000000;equity=0.70000000,214,252,,,False,not_requested,True,0.002248001998298562,0.03774769153117068,,0.06620980804252367,0.4785825237848984,2.8846253163905544e-10,0.29711373594259816,0.3000000002884625,0.12592486149151036,0.022994241159932663,0.2539671611174963,0.005639192332739623,,,2025-06-12,"[""可转债ETF"", ""5年国债ETF"", ""10年国债ETF"", ""信用债ETF"", ""日利ETF"", ""沪深300ETF"", ""中证500ETF"", ""中证1000ETF"", ""中证2000ETF"", ""创业板ETF"", ""红利ETF"", ""半导体ETF"", ""人工智能ETF"", ""新能源ETF"", ""科创50ETF"", ""证券ETF"", ""军工ETF"", ""消费ETF"", ""恒生ETF"", ""白银LOF"", ""纳指ETF"", ""标普500ETF"", ""日经225ETF"", ""欧洲ETF"", ""黄金ETF"", ""有色金属期货ETF"", ""能源化工期货ETF"", ""豆粕ETF"", ""煤炭ETF"", ""原油ETF""]",0.0
2025-06-20,candidate_03,CLARABEL,optimal,0.05818446706170474,,False,False,ewma,True,243,False,,,2.0744196478912635e-06,0.40930722518340257,197311.67972665554,True,False,0.0,2.074419647890378e-06,4.09307225183403e-07,1e-06,symmetrized,214,30,60.0,CLARABEL,optimal,True,0.40930722518340257,3.083463994892066e-06,False,20,0,False,2.35,bond=0.70000000;cash=0.30000000;commodity_gold=0.40000000;defensive=0.25000000;equity=0.70000000,214,252,,,False,not_requested,True,0.0015966022223482422,0.037147139349536194,,0.06464252643360027,0.48229474820524876,1.3762468942246642e-09,0.29807426536924136,0.3000000013762469,0.12812341320204088,0.02292860611327233,0.25087371393919855,0.005599579369858018,,,2025-06-19,"[""可转债ETF"", ""5年国债ETF"", ""10年国债ETF"", ""信用债ETF"", ""日利ETF"", ""沪深300ETF"", ""中证500ETF"", ""中证1000ETF"", ""中证2000ETF"", ""创业板ETF"", ""红利ETF"", ""半导体ETF"", ""人工智能ETF"", ""新能源ETF"", ""科创50ETF"", ""证券ETF"", ""军工ETF"", ""消费ETF"", ""恒生ETF"", ""白银LOF"", ""纳指ETF"", ""标普500ETF"", ""日经225ETF"", ""欧洲ETF"", ""黄金ETF"", ""有色金属期货ETF"", ""能源化工期货ETF"", ""豆粕ETF"", ""煤炭ETF"", ""原油ETF""]",0.0
2025-06-27,candidate_03,CLARABEL,optimal,0.059076820554844325,,False,False,ewma,True,243,False,,,2.0197353361252344e-06,0.4121256431016743,204049.33048917074,True,False,0.0,2.0197353361254187e-06,4.1212564310167407e-07,1e-06,symmetrized,214,30,60.0,CLARABEL,optimal,True,0.4121256431016743,5.994466916851154e-06,False,20,0,False,2.35,bond=0.70000000;cash=0.30000000;commodity_gold=0.40000000;defensive=0.25000000;equity=0.70000000,214,252,,,False,not_requested,True,0.004469807175733424,0.037714189232653746,,0.06637896488687617,0.48574101523003765,2.538076415703472e-10,0.29374461784731787,0.30000000025380763,0.12588326655355592,0.023164824678266978,0.2572072906670516,0.005705035648722211,,,2025-06-26,"[""可转债ETF"", ""5年国债ETF"", ""10年国债ETF"", ""信用债ETF"", ""日利ETF"", ""沪深300ETF"", ""中证500ETF"", ""中证1000ETF"", ""中证2000ETF"", ""创业板ETF"", ""红利ETF"", ""半导体ETF"", ""人工智能ETF"", ""新能源ETF"", ""科创50ETF"", ""证券ETF"", ""军工ETF"", ""消费ETF"", ""恒生ETF"", ""白银LOF"", ""纳指ETF"", ""标普500ETF"", ""日经225ETF"", ""欧洲ETF"", ""黄金ETF"", ""有色金属期货ETF"", ""能源化工期货ETF"", ""豆粕ETF"", ""煤炭ETF"", ""原油ETF""]",0.0
2025-07-04,candidate_03,CLARABEL,optimal,0.042514065455298435,,False,False,ewma,True,243,False,,,2.6173892617658474e-06,0.4007847498568226,153123.86113574458,True,False,0.0,2.6173892617666216e-06,4.007847498568225e-07,1e-06,symmetrized,214,30,60.0,CLARABEL,optimal,True,0.4007847498568226,2.4995991487787583e-06,False,20,0,False,2.35,bond=0.70000000;cash=0.30000000;commodity_gold=0.40000000;defensive=0.25000000;equity=0.70000000,214,252,,,False,not_requested,True,0.0027296320193907556,0.03723451038802877,,0.06683743788562745,0.4121099558385527,1.168249941230215e-10,0.2913708822779938,0.300000000116825,0.12666054683670783,0.023182132460273903,0.2587864383081995,0.005738448915304097,,,2025-07-03,"[""可转债ETF"", ""5年国债ETF"", ""10年国债ETF"", ""信用债ETF"", ""日利ETF"", ""沪深300ETF"", ""中证500ETF"", ""中证1000ETF"", ""中证2000ETF"", ""创业板ETF"", ""红利ETF"", ""半导体ETF"", ""人工智能ETF"", ""新能源ETF"", ""科创50ETF"", ""证券ETF"", ""军工ETF"", ""消费ETF"", ""恒生ETF"", ""白银LOF"", ""纳指ETF"", ""标普500ETF"", ""日经225ETF"", ""欧洲ETF"", ""黄金ETF"", ""有色金属期货ETF"", ""能源化工期货ETF"", ""豆粕ETF"", ""煤炭ETF"", ""原油ETF""]",0.0
2025-07-11,candidate_03,CLARABEL,optimal,0.04055693024861451,,False,False,ewma,True,243,False,,,2.6466461746165843e-06,0.3849022266944029,145430.1789131912,True,False,0.0,2.6466461746165762e-06,3.849022266944025e-07,1e-06,symmetrized,214,30,60.0,CLARABEL,optimal,True,0.3849022266944029,2.1334854860381725e-06,False,20,0,False,2.35,bond=0.70000000;cash=0.30000000;commodity_gold=0.40000000;defensive=0.25000000;equity=0.70000000,214,252,,,False,not_requested,True,0.0012803473412441174,0.03668485906332417,,0.06618476141044272,0.4026459447086845,1.4645351598119305e-10,0.29005070843391895,0.3000000001464535,0.12630270198758906,0.023657887601516703,0.25998870183052186,0.005639796917470483,,,2025-07-10,"[""可转债ETF"", ""5年国债ETF"", ""10年国债ETF"", ""信用债ETF"", ""日利ETF"", ""沪深300ETF"", ""中证500ETF"", ""中证1000ETF"", ""中证2000ETF"", ""创业板ETF"", ""红利ETF"", ""半导体ETF"", ""人工智能ETF"", ""新能源ETF"", ""科创50ETF"", ""证券ETF"", ""军工ETF"", ""消费ETF"", ""恒生ETF"", ""白银LOF"", ""纳指ETF"", ""标普500ETF"", ""日经225ETF"", ""欧洲ETF"", ""黄金ETF"", ""有色金属期货ETF"", ""能源化工期货ETF"", ""豆粕ETF"", ""煤炭ETF"", ""原油ETF""]",0.0
2025-07-18,candidate_03,CLARABEL,optimal,0.04071922686397047,,False,False,ewma,True,243,False,,,2.5237915650785433e-06,0.3695279740428521,146417.78630057033,True,False,0.0,2.5237915650787276e-06,3.695279740428518e-07,1e-06,symmetrized,214,30,60.0,CLARABEL,optimal,True,0.3695279740428521,1.6470199240004035e-06,False,20,0,False,2.35,bond=0.70000000;cash=0.30000000;commodity_gold=0.40000000;defensive=0.25000000;equity=0.70000000,214,252,,,False,not_requested,True,0.0018056516265543155,0.03623729486141143,,0.0670779205602815,0.40339842407204046,2.918716934807719e-10,0.2883361724034099,0.3000000002918717,0.1261086113272473,0.023154811223134866,0.262400404754336,0.005710440916240875,,,2025-07-17,"[""可转债ETF"", ""5年国债ETF"", ""10年国债ETF"", ""信用债ETF"", ""日利ETF"", ""沪深300ETF"", ""中证500ETF"", ""中证1000ETF"", ""中证2000ETF"", ""创业板ETF"", ""红利ETF"", ""半导体ETF"", ""人工智能ETF"", ""新能源ETF"", ""科创50ETF"", ""证券ETF"", ""军工ETF"", ""消费ETF"", ""恒生ETF"", ""白银LOF"", ""纳指ETF"", ""标普500ETF"", ""日经225ETF"", ""欧洲ETF"", ""黄金ETF"", ""有色金属期货ETF"", ""能源化工期货ETF"", ""豆粕ETF"", ""煤炭ETF"", ""原油ETF""]",0.0
2025-07-25,candidate_03,CLARABEL,optimal,0.042485581582918625,,False,False,ewma,True,243,False,,,2.487064759358419e-06,0.3644046611076929,146519.97288631008,True,False,0.0,2.487064759358146e-06,3.6440466110769275e-07,1e-06,symmetrized,212,30,60.0,CLARABEL,optimal,True,0.3644046611076929,1.9375672501605046e-06,False,20,0,False,2.35,bond=0.70000000;cash=0.30000000;commodity_gold=0.40000000;defensive=0.25000000;equity=0.70000000,212,252,,,False,not_requested,True,0.005246685723974786,0.03645088496251927,,0.06693439841865394,0.4117235667907385,1.262704774074308e-09,0.284019492185747,0.30000000126270476,0.12546095285468967,0.023627663218475554,0.26689189047838296,0.005822215104098678,,,2025-07-24,"[""可转债ETF"", ""5年国债ETF"", ""10年国债ETF"", ""信用债ETF"", ""日利ETF"", ""沪深300ETF"", ""中证500ETF"", ""中证1000ETF"", ""中证2000ETF"", ""创业板ETF"", ""红利ETF"", ""半导体ETF"", ""人工智能ETF"", ""新能源ETF"", ""科创50ETF"", ""证券ETF"", ""军工ETF"", ""消费ETF"", ""恒生ETF"", ""白银LOF"", ""纳指ETF"", ""标普500ETF"", ""日经225ETF"", ""欧洲ETF"", ""黄金ETF"", ""有色金属期货ETF"", ""能源化工期货ETF"", ""豆粕ETF"", ""煤炭ETF"", ""原油ETF""]",0.0
2025-08-01,candidate_03,CLARABEL,optimal,0.04457129945281446,,False,False,ewma,True,243,False,,,2.425079863793215e-06,0.3576087410572145,147462.66562036308,True,False,0.0,2.4250798637941084e-06,3.5760874105721445e-07,1e-06,symmetrized,212,30,60.0,CLARABEL,optimal,True,0.3576087410572145,4.046920039392499e-06,False,20,0,False,2.35,bond=0.70000000;cash=0.30000000;commodity_gold=0.40000000;defensive=0.25000000;equity=0.70000000,212,252,,,False,not_requested,True,0.0030404599608574064,0.035984138572088445,,0.06597868170426573,0.4219458643741354,1.4092083056027604e-10,0.28572696384348345,0.3000000001409208,0.12444837925355369,0.02304864315376182,0.2667760136082802,0.005791361267208751,,,2025-07-31,"[""可转债ETF"", ""5年国债ETF"", ""10年国债ETF"", ""信用债ETF"", ""日利ETF"", ""沪深300ETF"", ""中证500ETF"", ""中证1000ETF"", ""中证2000ETF"", ""创业板ETF"", ""红利ETF"", ""半导体ETF"", ""人工智能ETF"", ""新能源ETF"", ""科创50ETF"", ""证券ETF"", ""军工ETF"", ""消费ETF"", ""恒生ETF"", ""白银LOF"", ""纳指ETF"", ""标普500ETF"", ""日经225ETF"", ""欧洲ETF"", ""黄金ETF"", ""有色金属期货ETF"", ""能源化工期货ETF"", ""豆粕ETF"", ""煤炭ETF"", ""原油ETF""]",0.0
2025-08-08,candidate_03,CLARABEL,optimal,0.04939747912838523,,False,False,ewma,True,243,False,,,2.6055053312892993e-06,0.34231033107716,131379.6317997831,True,False,0.0,2.6055053312853246e-06,3.423103310771601e-07,1e-06,symmetrized,212,30,60.0,CLARABEL,optimal,True,0.34231033107716,2.0586088442242634e-06,False,20,0,False,2.35,bond=0.70000000;cash=0.30000000;commodity_gold=0.40000000;defensive=0.25000000;equity=0.70000000,212,252,,,False,not_requested,True,0.0028191791973248195,0.03586302297641112,,0.06622238860256117,0.4442533051792841,1.1431094959490906e-09,0.28355140231978143,0.3000000011431095,0.12505552847962212,0.023425692626741552,0.26796737543074534,0.0058535410526975055,,,2025-08-07,"[""可转债ETF"", ""5年国债ETF"", ""10年国债ETF"", ""信用债ETF"", ""日利ETF"", ""沪深300ETF"", ""中证500ETF"", ""中证1000ETF"", ""中证2000ETF"", ""创业板ETF"", ""红利ETF"", ""半导体ETF"", ""人工智能ETF"", ""新能源ETF"", ""科创50ETF"", ""证券ETF"", ""军工ETF"", ""消费ETF"", ""恒生ETF"", ""白银LOF"", ""纳指ETF"", ""标普500ETF"", ""日经225ETF"", ""欧洲ETF"", ""黄金ETF"", ""有色金属期货ETF"", ""能源化工期货ETF"", ""豆粕ETF"", ""煤炭ETF"", ""原油ETF""]",0.0
2025-08-15,candidate_03,CLARABEL,optimal,0.05143442943918136,,False,False,ewma,True,243,False,,,2.4633887020536416e-06,0.34293668928096566,139213.38885538903,True,False,0.0,2.4633887020541803e-06,3.429366892809652e-07,1e-06,symmetrized,213,30,60.0,CLARABEL,optimal,True,0.34293668928096566,2.64957843906094e-06,False,20,0,False,2.35,bond=0.70000000;cash=0.30000000;commodity_gold=0.40000000;defensive=0.25000000;equity=0.70000000,213,252,,,False,not_requested,True,0.0025169288782815394,0.036071570906656004,,0.06809349453436798,0.4533578532812783,2.2619572881410477e-11,0.2807736320999358,0.30000000002261956,0.12417597628708274,0.023024516036427366,0.27202587555393454,0.00577821720165562,,,2025-08-14,"[""可转债ETF"", ""5年国债ETF"", ""10年国债ETF"", ""信用债ETF"", ""日利ETF"", ""沪深300ETF"", ""中证500ETF"", ""中证1000ETF"", ""中证2000ETF"", ""创业板ETF"", ""红利ETF"", ""半导体ETF"", ""人工智能ETF"", ""新能源ETF"", ""科创50ETF"", ""证券ETF"", ""军工ETF"", ""消费ETF"", ""恒生ETF"", ""白银LOF"", ""纳指ETF"", ""标普500ETF"", ""日经225ETF"", ""欧洲ETF"", ""黄金ETF"", ""有色金属期货ETF"", ""能源化工期货ETF"", ""豆粕ETF"", ""煤炭ETF"", ""原油ETF""]",0.0
2025-08-22,candidate_03,CLARABEL,optimal,0.0494816877172888,,False,False,ewma,True,243,False,,,2.4974647717212367e-06,0.3532541178860311,141445.0853865581,True,False,0.0,2.4974647717212884e-06,3.5325411788603116e-07,1e-06,symmetrized,216,30,60.0,CLARABEL,optimal,True,0.3532541178860311,1.49646827646982e-06,False,20,0,False,2.35,bond=0.70000000;cash=0.30000000;commodity_gold=0.40000000;defensive=0.25000000;equity=0.70000000,216,252,,,False,not_requested,True,0.002715670519838752,0.03626562748566737,,0.07190175901416473,0.44464169667603615,1.4330364672687779e-10,0.2777147071551824,0.30000000014330364,0.12300957196042701,0.023043178558726337,0.2762325421823607,0.005889466424324914,,,2025-08-21,"[""可转债ETF"", ""5年国债ETF"", ""10年国债ETF"", ""信用债ETF"", ""日利ETF"", ""沪深300ETF"", ""中证500ETF"", ""中证1000ETF"", ""中证2000ETF"", ""创业板ETF"", ""红利ETF"", ""半导体ETF"", ""人工智能ETF"", ""新能源ETF"", ""科创50ETF"", ""证券ETF"", ""军工ETF"", ""消费ETF"", ""恒生ETF"", ""白银LOF"", ""纳指ETF"", ""标普500ETF"", ""日经225ETF"", ""欧洲ETF"", ""黄金ETF"", ""有色金属期货ETF"", ""能源化工期货ETF"", ""豆粕ETF"", ""煤炭ETF"", ""原油ETF""]",0.0
2025-08-29,candidate_03,CLARABEL,optimal,0.05731532415536136,,False,False,ewma,True,243,False,,,2.53505040800047e-06,0.3642465859844948,143684.15903484757,True,False,0.0,2.535050407998789e-06,3.6424658598449485e-07,1e-06,symmetrized,214,30,60.0,CLARABEL,optimal,True,0.3642465859844948,2.9489185811720775e-06,False,20,0,False,2.35,bond=0.70000000;cash=0.30000000;commodity_gold=0.40000000;defensive=0.25000000;equity=0.70000000,214,252,,,False,not_requested,True,0.0044852672880332095,0.03842921742982917,,0.06724209191893031,0.4784319104299771,6.1316562938174e-11,0.2735862414588819,0.30000000006131655,0.12329023547408847,0.022509559400870308,0.28061396360484275,0.006029009660262472,,,2025-08-28,"[""可转债ETF"", ""5年国债ETF"", ""10年国债ETF"", ""信用债ETF"", ""日利ETF"", ""沪深300ETF"", ""中证500ETF"", ""中证1000ETF"", ""中证2000ETF"", ""创业板ETF"", ""红利ETF"", ""半导体ETF"", ""人工智能ETF"", ""新能源ETF"", ""科创50ETF"", ""证券ETF"", ""军工ETF"", ""消费ETF"", ""恒生ETF"", ""白银LOF"", ""纳指ETF"", ""标普500ETF"", ""日经225ETF"", ""欧洲ETF"", ""黄金ETF"", ""有色金属期货ETF"", ""能源化工期货ETF"", ""豆粕ETF"", ""煤炭ETF"", ""原油ETF""]",0.0
2025-09-05,candidate_03,CLARABEL,optimal,0.05495864847551488,,False,False,ewma,True,243,False,,,2.5846141766267328e-06,0.3770571974600819,145885.29339113663,True,False,0.0,2.5846141766263177e-06,3.770571974600818e-07,1e-06,symmetrized,212,30,60.0,CLARABEL,optimal,True,0.3770571974600819,2.6024304517514862e-06,False,20,0,False,2.35,bond=0.70000000;cash=0.30000000;commodity_gold=0.40000000;defensive=0.25000000;equity=0.70000000,212,252,,,False,not_requested,True,0.002501646076095267,0.038063974711712,,0.06545499763742099,0.46864854661108324,4.437228362519363e-11,0.2752537365322022,0.3000000000443723,0.12694111671043704,0.022367793985742915,0.2754373527272454,0.005935020284567732,,,2025-09-04,"[""可转债ETF"", ""5年国债ETF"", ""10年国债ETF"", ""信用债ETF"", ""日利ETF"", ""沪深300ETF"", ""中证500ETF"", ""中证1000ETF"", ""中证2000ETF"", ""创业板ETF"", ""红利ETF"", ""半导体ETF"", ""人工智能ETF"", ""新能源ETF"", ""科创50ETF"", ""证券ETF"", ""军工ETF"", ""消费ETF"", ""恒生ETF"", ""白银LOF"", ""纳指ETF"", ""标普500ETF"", ""日经225ETF"", ""欧洲ETF"", ""黄金ETF"", ""有色金属期货ETF"", ""能源化工期货ETF"", ""豆粕ETF"", ""煤炭ETF"", ""原油ETF""]",0.0
2025-09-12,candidate_03,CLARABEL,optimal,0.054640480074016916,,False,False,ewma,True,243,False,,,2.5497855907402638e-06,0.37317324032963595,146354.752997602,True,False,0.0,2.5497855907394256e-06,3.731732403296359e-07,1e-06,symmetrized,210,30,60.0,CLARABEL,optimal,True,0.37317324032963595,4.639209571707936e-06,False,20,0,False,2.35,bond=0.70000000;cash=0.30000000;commodity_gold=0.40000000;defensive=0.25000000;equity=0.70000000,210,252,,,False,not_requested,True,0.00639554528920791,0.03846831806565891,,0.06829223284747855,0.4669503207179368,1.1308430858392171e-09,0.2685153499842038,0.3000000011308431,0.12704973217682708,0.022143322499070764,0.2822915942090552,0.006111441442833329,,,2025-09-11,"[""可转债ETF"", ""5年国债ETF"", ""10年国债ETF"", ""信用债ETF"", ""日利ETF"", ""沪深300ETF"", ""中证500ETF"", ""中证1000ETF"", ""中证2000ETF"", ""创业板ETF"", ""红利ETF"", ""半导体ETF"", ""人工智能ETF"", ""新能源ETF"", ""科创50ETF"", ""证券ETF"", ""军工ETF"", ""消费ETF"", ""恒生ETF"", ""白银LOF"", ""纳指ETF"", ""标普500ETF"", ""日经225ETF"", ""欧洲ETF"", ""黄金ETF"", ""有色金属期货ETF"", ""能源化工期货ETF"", ""豆粕ETF"", ""煤炭ETF"", ""原油ETF""]",0.0
2025-09-19,candidate_03,CLARABEL,optimal,0.06048456222496381,,False,False,ewma,True,243,False,,,2.486250559888657e-06,0.3536590018826914,142245.92146437947,True,False,0.0,2.4862505598883027e-06,3.5365900188269127e-07,1e-06,symmetrized,211,30,60.0,CLARABEL,optimal,True,0.3536590018826914,1.8325483911035834e-06,False,20,0,False,2.35,bond=0.70000000;cash=0.30000000;commodity_gold=0.40000000;defensive=0.25000000;equity=0.70000000,211,252,,,False,not_requested,True,0.0005789913952089602,0.038120944781974794,,0.06867865936368371,0.4918243942695038,2.764327655668808e-11,0.2681496671391752,0.30000000002764327,0.12669321759595992,0.021569761389051024,0.2835873538481703,0.005972078835635949,,,2025-09-18,"[""可转债ETF"", ""5年国债ETF"", ""10年国债ETF"", ""信用债ETF"", ""日利ETF"", ""沪深300ETF"", ""中证500ETF"", ""中证1000ETF"", ""中证2000ETF"", ""创业板ETF"", ""红利ETF"", ""半导体ETF"", ""人工智能ETF"", ""新能源ETF"", ""科创50ETF"", ""证券ETF"", ""军工ETF"", ""消费ETF"", ""恒生ETF"", ""白银LOF"", ""纳指ETF"", ""标普500ETF"", ""日经225ETF"", ""欧洲ETF"", ""黄金ETF"", ""有色金属期货ETF"", ""能源化工期货ETF"", ""豆粕ETF"", ""煤炭ETF"", ""原油ETF""]",0.0
2025-09-26,candidate_03,CLARABEL,optimal,0.06337652538512609,,False,False,ewma,True,243,False,,,2.453047076222594e-06,0.35578394648331146,145037.5534705095,True,False,0.0,2.453047076223664e-06,3.557839464833116e-07,1e-06,symmetrized,210,30,60.0,CLARABEL,optimal,True,0.35578394648331146,2.254002042172132e-06,False,20,0,False,2.35,bond=0.70000000;cash=0.30000000;commodity_gold=0.40000000;defensive=0.25000000;equity=0.70000000,210,252,,,False,not_requested,True,0.003913314522413081,0.03833712670193846,,0.06862113523527325,0.5031782391968918,1.7626622939026504e-09,0.26390015645818715,0.3000000017626623,0.12787847320798057,0.021436425101220034,0.2867849434699501,0.006059446951822405,,,2025-09-25,"[""可转债ETF"", ""5年国债ETF"", ""10年国债ETF"", ""信用债ETF"", ""日利ETF"", ""沪深300ETF"", ""中证500ETF"", ""中证1000ETF"", ""中证2000ETF"", ""创业板ETF"", ""红利ETF"", ""半导体ETF"", ""人工智能ETF"", ""新能源ETF"", ""科创50ETF"", ""证券ETF"", ""军工ETF"", ""消费ETF"", ""恒生ETF"", ""白银LOF"", ""纳指ETF"", ""标普500ETF"", ""日经225ETF"", ""欧洲ETF"", ""黄金ETF"", ""有色金属期货ETF"", ""能源化工期货ETF"", ""豆粕ETF"", ""煤炭ETF"", ""原油ETF""]",0.0
2025-09-30,candidate_03,CLARABEL,optimal,0.06311523902974675,,False,False,ewma,True,243,False,,,2.4248974061443966e-06,0.366435385858236,151113.76874326024,True,False,0.0,2.4248974061450497e-06,3.6643538585823573e-07,1e-06,symmetrized,210,30,60.0,CLARABEL,optimal,True,0.366435385858236,2.906972556289411e-06,False,20,0,False,2.35,bond=0.70000000;cash=0.30000000;commodity_gold=0.40000000;defensive=0.25000000;equity=0.70000000,210,252,,,False,not_requested,True,0.001925408409607185,0.0391727909222703,,0.06679875549844481,0.502299326055816,6.795125573333394e-11,0.26218808584714925,0.30000000006795124,0.12932854107813802,0.02133623140773874,0.28714714159902277,0.0060757584288248356,,,2025-09-29,"[""可转债ETF"", ""5年国债ETF"", ""10年国债ETF"", ""信用债ETF"", ""日利ETF"", ""沪深300ETF"", ""中证500ETF"", ""中证1000ETF"", ""中证2000ETF"", ""创业板ETF"", ""红利ETF"", ""半导体ETF"", ""人工智能ETF"", ""新能源ETF"", ""科创50ETF"", ""证券ETF"", ""军工ETF"", ""消费ETF"", ""恒生ETF"", ""白银LOF"", ""纳指ETF"", ""标普500ETF"", ""日经225ETF"", ""欧洲ETF"", ""黄金ETF"", ""有色金属期货ETF"", ""能源化工期货ETF"", ""豆粕ETF"", ""煤炭ETF"", ""原油ETF""]",0.0
2025-10-10,candidate_03,CLARABEL,optimal,0.055884333414070626,,False,False,ewma,True,243,False,,,2.6506001709953303e-06,0.3639298923263188,137300.93897551476,True,False,0.0,2.6506001710047247e-06,3.639298923263185e-07,1e-06,symmetrized,209,30,60.0,CLARABEL,optimal,True,0.3639298923263188,2.6617396389379266e-06,False,20,0,False,2.35,bond=0.70000000;cash=0.30000000;commodity_gold=0.40000000;defensive=0.25000000;equity=0.70000000,209,252,,,False,not_requested,True,0.004377404790590733,0.03948165562351064,,0.06708924214429916,0.4724213039092189,3.924261471333068e-10,0.2586576494474704,0.30000000039242614,0.12960162826503002,0.021244838275826898,0.29049588361924666,0.006165775377724926,,,2025-10-09,"[""可转债ETF"", ""5年国债ETF"", ""10年国债ETF"", ""信用债ETF"", ""日利ETF"", ""沪深300ETF"", ""中证500ETF"", ""中证1000ETF"", ""中证2000ETF"", ""创业板ETF"", ""红利ETF"", ""半导体ETF"", ""人工智能ETF"", ""新能源ETF"", ""科创50ETF"", ""证券ETF"", ""军工ETF"", ""消费ETF"", ""恒生ETF"", ""白银LOF"", ""纳指ETF"", ""标普500ETF"", ""日经225ETF"", ""欧洲ETF"", ""黄金ETF"", ""有色金属期货ETF"", ""能源化工期货ETF"", ""豆粕ETF"", ""煤炭ETF"", ""原油ETF""]",0.0
2025-10-17,candidate_03,CLARABEL,optimal,0.056691471650035796,,False,False,ewma,True,243,False,,,2.54886074499079e-06,0.3912794766363952,153511.5158430552,True,False,0.0,2.5488607449903515e-06,3.9127947663639496e-07,1e-06,symmetrized,209,30,60.0,CLARABEL,optimal,True,0.3912794766363952,1.9140689800981048e-06,False,20,0,False,2.35,bond=0.70000000;cash=0.30000000;commodity_gold=0.40000000;defensive=0.25000000;equity=0.70000000,209,252,,,False,not_requested,True,0.003302785080538481,0.04009392894271576,,0.0638206533422803,0.47591774546827254,2.4777607743331487e-10,0.2600746065275585,0.30000000024777607,0.13370512420171818,0.022288546481859843,0.28393172254108745,0.006043664090808759,,,2025-10-16,"[""可转债ETF"", ""5年国债ETF"", ""10年国债ETF"", ""信用债ETF"", ""日利ETF"", ""沪深300ETF"", ""中证500ETF"", ""中证1000ETF"", ""中证2000ETF"", ""创业板ETF"", ""红利ETF"", ""半导体ETF"", ""人工智能ETF"", ""新能源ETF"", ""科创50ETF"", ""证券ETF"", ""军工ETF"", ""消费ETF"", ""恒生ETF"", ""白银LOF"", ""纳指ETF"", ""标普500ETF"", ""日经225ETF"", ""欧洲ETF"", ""黄金ETF"", ""有色金属期货ETF"", ""能源化工期货ETF"", ""豆粕ETF"", ""煤炭ETF"", ""原油ETF""]",0.0
2025-10-24,candidate_03,CLARABEL,optimal,0.06067504439951458,,False,False,ewma,True,243,False,,,2.7515275720972037e-06,0.3964650043683867,144089.05380010518,True,False,0.0,2.751527572096481e-06,3.96465004368387e-07,1e-06,symmetrized,211,30,60.0,CLARABEL,optimal,True,0.3964650043683867,2.4590737787572037e-06,False,20,0,False,2.35,bond=0.70000000;cash=0.30000000;commodity_gold=0.40000000;defensive=0.25000000;equity=0.70000000,211,252,,,False,not_requested,True,0.0005165261399699937,0.04021946711495367,,0.0628672169112779,0.4926035278756268,3.203809439966676e-11,0.25964970123871967,0.3000000000320381,0.13383088316246852,0.02253504408943869,0.28398437147733485,0.005996192435178887,,,2025-10-23,"[""可转债ETF"", ""5年国债ETF"", ""10年国债ETF"", ""信用债ETF"", ""日利ETF"", ""沪深300ETF"", ""中证500ETF"", ""中证1000ETF"", ""中证2000ETF"", ""创业板ETF"", ""红利ETF"", ""半导体ETF"", ""人工智能ETF"", ""新能源ETF"", ""科创50ETF"", ""证券ETF"", ""军工ETF"", ""消费ETF"", ""恒生ETF"", ""白银LOF"", ""纳指ETF"", ""标普500ETF"", ""日经225ETF"", ""欧洲ETF"", ""黄金ETF"", ""有色金属期货ETF"", ""能源化工期货ETF"", ""豆粕ETF"", ""煤炭ETF"", ""原油ETF""]",0.0
2025-10-31,candidate_03,CLARABEL,optimal,0.07273509371727105,,False,False,ewma,True,243,False,,,2.2277447756579754e-06,0.4211358424751369,189041.33322487643,True,False,0.0,2.227744775658142e-06,4.2113584247513665e-07,1e-06,symmetrized,210,30,60.0,CLARABEL,optimal,True,0.4211358424751369,1.8230289402509925e-06,False,20,0,False,2.35,bond=0.70000000;cash=0.30000000;commodity_gold=0.40000000;defensive=0.25000000;equity=0.70000000,210,252,,,False,not_requested,True,0.004876442738198003,0.04165407021105399,,0.06808351828714795,0.5390217135874422,1.338855304400255e-09,0.2558752319064263,0.3000000013388553,0.1320482167616268,0.022138781828044702,0.289937768165047,0.0059919852697029085,,,2025-10-30,"[""可转债ETF"", ""5年国债ETF"", ""10年国债ETF"", ""信用债ETF"", ""日利ETF"", ""沪深300ETF"", ""中证500ETF"", ""中证1000ETF"", ""中证2000ETF"", ""创业板ETF"", ""红利ETF"", ""半导体ETF"", ""人工智能ETF"", ""新能源ETF"", ""科创50ETF"", ""证券ETF"", ""军工ETF"", ""消费ETF"", ""恒生ETF"", ""白银LOF"", ""纳指ETF"", ""标普500ETF"", ""日经225ETF"", ""欧洲ETF"", ""黄金ETF"", ""有色金属期货ETF"", ""能源化工期货ETF"", ""豆粕ETF"", ""煤炭ETF"", ""原油ETF""]",0.0
2025-11-07,candidate_03,CLARABEL,optimal,0.06939121774511255,,False,False,ewma,True,243,False,,,2.213269653302557e-06,0.42643507218046695,192671.9916591079,True,False,0.0,2.2132696533033034e-06,4.2643507218046674e-07,1e-06,symmetrized,210,30,60.0,CLARABEL,optimal,True,0.42643507218046695,2.745768748636107e-06,False,20,0,False,2.35,bond=0.70000000;cash=0.30000000;commodity_gold=0.40000000;defensive=0.25000000;equity=0.70000000,210,252,,,False,not_requested,True,0.0002876566155683453,0.04147656565627261,,0.06692480861742428,0.5268220888148732,1.2016421191418658e-10,0.25568697515054734,0.3000000001201642,0.13303576607608097,0.02265620742678853,0.2886210512264189,0.005974406478405351,,,2025-11-06,"[""可转债ETF"", ""5年国债ETF"", ""10年国债ETF"", ""信用债ETF"", ""日利ETF"", ""沪深300ETF"", ""中证500ETF"", ""中证1000ETF"", ""中证2000ETF"", ""创业板ETF"", ""红利ETF"", ""半导体ETF"", ""人工智能ETF"", ""新能源ETF"", ""科创50ETF"", ""证券ETF"", ""军工ETF"", ""消费ETF"", ""恒生ETF"", ""白银LOF"", ""纳指ETF"", ""标普500ETF"", ""日经225ETF"", ""欧洲ETF"", ""黄金ETF"", ""有色金属期货ETF"", ""能源化工期货ETF"", ""豆粕ETF"", ""煤炭ETF"", ""原油ETF""]",0.0
2025-11-14,candidate_03,CLARABEL,optimal,0.07080067118358596,,False,False,ewma,True,243,False,,,2.0851122961421413e-06,0.4171743030458964,200072.8228487977,True,False,0.0,2.085112296142116e-06,4.1717430304589607e-07,1e-06,symmetrized,211,30,60.0,CLARABEL,optimal,True,0.4171743030458964,2.026025754248151e-06,False,20,0,False,2.35,bond=0.70000000;cash=0.30000000;commodity_gold=0.40000000;defensive=0.25000000;equity=0.70000000,211,252,,,False,not_requested,True,0.004999029270571848,0.041494946852211584,,0.06224029643481738,0.5317863890300253,3.859413899576225e-10,0.2511432826277952,0.3000000003859414,0.1377976014060744,0.022701624263535287,0.2883574913166537,0.005964495342238175,,,2025-11-13,"[""可转债ETF"", ""5年国债ETF"", ""10年国债ETF"", ""信用债ETF"", ""日利ETF"", ""沪深300ETF"", ""中证500ETF"", ""中证1000ETF"", ""中证2000ETF"", ""创业板ETF"", ""红利ETF"", ""半导体ETF"", ""人工智能ETF"", ""新能源ETF"", ""科创50ETF"", ""证券ETF"", ""军工ETF"", ""消费ETF"", ""恒生ETF"", ""白银LOF"", ""纳指ETF"", ""标普500ETF"", ""日经225ETF"", ""欧洲ETF"", ""黄金ETF"", ""有色金属期货ETF"", ""能源化工期货ETF"", ""豆粕ETF"", ""煤炭ETF"", ""原油ETF""]",0.0
2025-11-21,candidate_03,CLARABEL,optimal,0.06784265557667793,,False,False,ewma,True,243,False,,,2.111349935669501e-06,0.4178342971711819,197899.12136885457,True,False,0.0,2.1113499356684996e-06,4.17834297171182e-07,1e-06,symmetrized,213,30,60.0,CLARABEL,optimal,True,0.4178342971711819,2.3015871931861276e-06,False,20,0,False,2.35,bond=0.70000000;cash=0.30000000;commodity_gold=0.40000000;defensive=0.25000000;equity=0.70000000,213,252,,,False,not_requested,True,0.008365735219964738,0.042239309613908656,,0.05832472466293322,0.5202800444057515,1.269965521633054e-09,0.2550258458097052,0.3000000012699655,0.1380031673227322,0.022591670945665252,0.28437931465193167,0.006019861132081079,,,2025-11-20,"[""可转债ETF"", ""5年国债ETF"", ""10年国债ETF"", ""信用债ETF"", ""日利ETF"", ""沪深300ETF"", ""中证500ETF"", ""中证1000ETF"", ""中证2000ETF"", ""创业板ETF"", ""红利ETF"", ""半导体ETF"", ""人工智能ETF"", ""新能源ETF"", ""科创50ETF"", ""证券ETF"", ""军工ETF"", ""消费ETF"", ""恒生ETF"", ""白银LOF"", ""纳指ETF"", ""标普500ETF"", ""日经225ETF"", ""欧洲ETF"", ""黄金ETF"", ""有色金属期货ETF"", ""能源化工期货ETF"", ""豆粕ETF"", ""煤炭ETF"", ""原油ETF""]",0.0
2025-11-28,candidate_03,CLARABEL,optimal,0.06954020046140054,,False,False,ewma,True,243,False,,,2.120184484592049e-06,0.4005261047823764,188910.96868838882,True,False,0.0,2.1201844845930824e-06,4.0052610478237665e-07,1e-06,symmetrized,212,30,60.0,CLARABEL,optimal,True,0.4005261047823764,2.459432201687428e-06,False,20,0,False,2.35,bond=0.70000000;cash=0.30000000;commodity_gold=0.40000000;defensive=0.25000000;equity=0.70000000,212,252,,,False,not_requested,True,7.530516813046388e-05,0.04182164665505232,,0.05710843895493663,0.5274037230300427,6.403866881221632e-10,0.25440595244055697,0.3000000006403867,0.14021041222562744,0.02210945968861363,0.2832741750048153,0.005665124477417892,,,2025-11-27,"[""可转债ETF"", ""5年国债ETF"", ""10年国债ETF"", ""信用债ETF"", ""日利ETF"", ""沪深300ETF"", ""中证500ETF"", ""中证1000ETF"", ""中证2000ETF"", ""创业板ETF"", ""红利ETF"", ""半导体ETF"", ""人工智能ETF"", ""新能源ETF"", ""科创50ETF"", ""证券ETF"", ""军工ETF"", ""消费ETF"", ""恒生ETF"", ""白银LOF"", ""纳指ETF"", ""标普500ETF"", ""日经225ETF"", ""欧洲ETF"", ""黄金ETF"", ""有色金属期货ETF"", ""能源化工期货ETF"", ""豆粕ETF"", ""煤炭ETF"", ""原油ETF""]",0.0
2025-12-05,candidate_03,CLARABEL,optimal,0.07004759454519707,,False,False,ewma,True,243,False,,,2.1973565427397063e-06,0.38743091950762754,176316.82067607073,True,False,0.0,2.1973565427392006e-06,3.8743091950762734e-07,1e-06,symmetrized,211,30,60.0,CLARABEL,optimal,True,0.38743091950762754,2.1340278998152606e-06,False,20,0,False,2.35,bond=0.70000000;cash=0.30000000;commodity_gold=0.40000000;defensive=0.25000000;equity=0.70000000,211,252,,,False,not_requested,True,0.00315131427714882,0.04169351696747837,,0.055634550267723015,0.5290883588413978,4.1243758408526787e-10,0.25119341307935367,0.3000000004124376,0.14330677759527674,0.021974067624758654,0.28352574128817337,0.005559959420704466,,,2025-12-04,"[""可转债ETF"", ""5年国债ETF"", ""10年国债ETF"", ""信用债ETF"", ""日利ETF"", ""沪深300ETF"", ""中证500ETF"", ""中证1000ETF"", ""中证2000ETF"", ""创业板ETF"", ""红利ETF"", ""半导体ETF"", ""人工智能ETF"", ""新能源ETF"", ""科创50ETF"", ""证券ETF"", ""军工ETF"", ""消费ETF"", ""恒生ETF"", ""白银LOF"", ""纳指ETF"", ""标普500ETF"", ""日经225ETF"", ""欧洲ETF"", ""黄金ETF"", ""有色金属期货ETF"", ""能源化工期货ETF"", ""豆粕ETF"", ""煤炭ETF"", ""原油ETF""]",0.0
2025-12-12,candidate_03,CLARABEL,optimal,0.06835100747368651,,False,False,ewma,True,243,False,,,2.1748941748330937e-06,0.37881970598607484,174178.45445981127,True,False,0.0,2.174894174835265e-06,3.78819705986075e-07,1e-06,symmetrized,209,30,60.0,CLARABEL,optimal,True,0.37881970598607484,1.9708433166981676e-06,False,20,0,False,2.35,bond=0.70000000;cash=0.30000000;commodity_gold=0.40000000;defensive=0.25000000;equity=0.70000000,209,252,,,False,not_requested,True,0.00025678081150179964,0.04190186074417968,,0.05473187834269355,0.5228605734733228,1.6911805289510085e-10,0.25177978327118566,0.30000000016911804,0.14290837117327848,0.021481863453605653,0.2838299819328121,0.005305742473649416,,,2025-12-11,"[""可转债ETF"", ""5年国债ETF"", ""10年国债ETF"", ""信用债ETF"", ""日利ETF"", ""沪深300ETF"", ""中证500ETF"", ""中证1000ETF"", ""中证2000ETF"", ""创业板ETF"", ""红利ETF"", ""半导体ETF"", ""人工智能ETF"", ""新能源ETF"", ""科创50ETF"", ""证券ETF"", ""军工ETF"", ""消费ETF"", ""恒生ETF"", ""白银LOF"", ""纳指ETF"", ""标普500ETF"", ""日经225ETF"", ""欧洲ETF"", ""黄金ETF"", ""有色金属期货ETF"", ""能源化工期货ETF"", ""豆粕ETF"", ""煤炭ETF"", ""原油ETF""]",0.0
2025-12-19,candidate_03,CLARABEL,optimal,0.07144670822545351,,False,False,ewma,True,243,False,,,2.114309629716762e-06,0.38971298685398836,184321.62507162927,True,False,0.0,2.1143096297168414e-06,3.897129868539882e-07,1e-06,symmetrized,208,30,60.0,CLARABEL,optimal,True,0.38971298685398836,2.0604920513006553e-06,False,20,0,False,2.35,bond=0.70000000;cash=0.30000000;commodity_gold=0.40000000;defensive=0.25000000;equity=0.70000000,208,252,,,False,not_requested,True,0.0013502392832344164,0.04298196466641346,,0.051800026041714076,0.5344877860831017,5.283220527729782e-10,0.2505511540518962,0.30000000052832204,0.14653334380902516,0.021566619122140147,0.2813488824886164,0.005457358223786741,,,2025-12-18,"[""可转债ETF"", ""5年国债ETF"", ""10年国债ETF"", ""信用债ETF"", ""日利ETF"", ""沪深300ETF"", ""中证500ETF"", ""中证1000ETF"", ""中证2000ETF"", ""创业板ETF"", ""红利ETF"", ""半导体ETF"", ""人工智能ETF"", ""新能源ETF"", ""科创50ETF"", ""证券ETF"", ""军工ETF"", ""消费ETF"", ""恒生ETF"", ""白银LOF"", ""纳指ETF"", ""标普500ETF"", ""日经225ETF"", ""欧洲ETF"", ""黄金ETF"", ""有色金属期货ETF"", ""能源化工期货ETF"", ""豆粕ETF"", ""煤炭ETF"", ""原油ETF""]",0.0
2025-12-26,candidate_03,CLARABEL,optimal,0.07215929447853069,,False,False,ewma,True,243,False,,,2.0930584362134586e-06,0.38703323380645294,184912.77028396438,True,False,0.0,2.093058436213137e-06,3.870332338064528e-07,1e-06,symmetrized,205,30,60.0,CLARABEL,optimal,True,0.38703323380645294,2.679165301295444e-06,False,20,0,False,2.35,bond=0.70000000;cash=0.30000000;commodity_gold=0.40000000;defensive=0.25000000;equity=0.70000000,205,252,,,False,not_requested,True,0.006414456203962641,0.043658825458692964,,0.05242450145357018,0.5367646822121972,6.50650533451369e-10,0.24514458951877327,0.3000000006506505,0.14692655541671248,0.02132680576957271,0.2866020486442913,0.00557791843109254,,,2025-12-25,"[""可转债ETF"", ""5年国债ETF"", ""10年国债ETF"", ""信用债ETF"", ""日利ETF"", ""沪深300ETF"", ""中证500ETF"", ""中证1000ETF"", ""中证2000ETF"", ""创业板ETF"", ""红利ETF"", ""半导体ETF"", ""人工智能ETF"", ""新能源ETF"", ""科创50ETF"", ""证券ETF"", ""军工ETF"", ""消费ETF"", ""恒生ETF"", ""白银LOF"", ""纳指ETF"", ""标普500ETF"", ""日经225ETF"", ""欧洲ETF"", ""黄金ETF"", ""有色金属期货ETF"", ""能源化工期货ETF"", ""豆粕ETF"", ""煤炭ETF"", ""原油ETF""]",0.0
2025-12-31,candidate_03,CLARABEL,optimal,0.0739662966224869,,False,False,ewma,True,243,False,,,2.0612444432969857e-06,0.3816923210817277,185175.67012634667,True,False,0.0,2.0612444432949727e-06,3.816923210817275e-07,1e-06,symmetrized,203,30,60.0,CLARABEL,optimal,True,0.3816923210817277,3.4953347712064764e-06,False,20,0,False,2.35,bond=0.70000000;cash=0.30000000;commodity_gold=0.40000000;defensive=0.25000000;equity=0.70000000,203,252,,,False,not_requested,True,0.00014409415891093041,0.04356132223241391,,0.05251906857823453,0.5439241546799001,5.418040460725138e-10,0.2449292641033345,0.30000000054180403,0.14680129189890018,0.02142305547391956,0.2868463879820418,0.005409963296870774,,,2025-12-30,"[""可转债ETF"", ""5年国债ETF"", ""10年国债ETF"", ""信用债ETF"", ""日利ETF"", ""沪深300ETF"", ""中证500ETF"", ""中证1000ETF"", ""中证2000ETF"", ""创业板ETF"", ""红利ETF"", ""半导体ETF"", ""人工智能ETF"", ""新能源ETF"", ""科创50ETF"", ""证券ETF"", ""军工ETF"", ""消费ETF"", ""恒生ETF"", ""白银LOF"", ""纳指ETF"", ""标普500ETF"", ""日经225ETF"", ""欧洲ETF"", ""黄金ETF"", ""有色金属期货ETF"", ""能源化工期货ETF"", ""豆粕ETF"", ""煤炭ETF"", ""原油ETF""]",0.0
2026-01-09,candidate_03,CLARABEL,optimal,0.07406838117343877,,False,False,ewma,True,243,False,,,2.150869722021609e-06,0.3987688925728208,185398.9056101532,True,False,0.0,2.150869722021893e-06,3.987688925728207e-07,1e-06,symmetrized,202,30,60.0,CLARABEL,optimal,True,0.3987688925728208,1.4197307478640286e-06,False,20,0,False,2.35,bond=0.70000000;cash=0.30000000;commodity_gold=0.40000000;defensive=0.25000000;equity=0.70000000,202,252,,,False,not_requested,True,0.00526096159577241,0.04675740569287574,,0.06171796340843948,0.5439175807162132,9.42288691518911e-10,0.24020265521227402,0.3000000009422887,0.14503031551081447,0.02144900758721142,0.29331802074741165,0.00551470069719114,,,2026-01-08,"[""可转债ETF"", ""5年国债ETF"", ""10年国债ETF"", ""信用债ETF"", ""日利ETF"", ""沪深300ETF"", ""中证500ETF"", ""中证1000ETF"", ""中证2000ETF"", ""创业板ETF"", ""红利ETF"", ""半导体ETF"", ""人工智能ETF"", ""新能源ETF"", ""科创50ETF"", ""证券ETF"", ""军工ETF"", ""消费ETF"", ""恒生ETF"", ""白银LOF"", ""纳指ETF"", ""标普500ETF"", ""日经225ETF"", ""欧洲ETF"", ""黄金ETF"", ""有色金属期货ETF"", ""能源化工期货ETF"", ""豆粕ETF"", ""煤炭ETF"", ""原油ETF""]",0.0
2026-01-16,candidate_03,CLARABEL,optimal,0.07467346525281633,,False,False,ewma,True,243,False,,,2.129226528293138e-06,0.39275267083273935,184457.90788995265,True,False,0.0,2.1292265282919748e-06,3.9275267083273955e-07,1e-06,symmetrized,199,30,60.0,CLARABEL,optimal,True,0.39275267083273935,2.721738372280652e-06,False,20,0,False,2.35,bond=0.70000000;cash=0.30000000;commodity_gold=0.40000000;defensive=0.25000000;equity=0.70000000,199,252,,,False,not_requested,True,0.0056063651910026446,0.04742213740816512,,0.06296320011170725,0.5461122816397338,1.2734883703124922e-09,0.23567085342051258,0.30000000127348836,0.1477132455815285,0.02102269702328234,0.2955932027011884,0.0054144390608576645,,,2026-01-15,"[""可转债ETF"", ""5年国债ETF"", ""10年国债ETF"", ""信用债ETF"", ""日利ETF"", ""沪深300ETF"", ""中证500ETF"", ""中证1000ETF"", ""中证2000ETF"", ""创业板ETF"", ""红利ETF"", ""半导体ETF"", ""人工智能ETF"", ""新能源ETF"", ""科创50ETF"", ""证券ETF"", ""军工ETF"", ""消费ETF"", ""恒生ETF"", ""白银LOF"", ""纳指ETF"", ""标普500ETF"", ""日经225ETF"", ""欧洲ETF"", ""黄金ETF"", ""有色金属期货ETF"", ""能源化工期货ETF"", ""豆粕ETF"", ""煤炭ETF"", ""原油ETF""]",0.0
2026-01-23,candidate_03,CLARABEL,optimal,0.07451850830833327,,False,False,ewma,True,243,False,,,2.1167699662598565e-06,0.3829312855600209,180903.58974462692,True,False,0.0,2.1167699662601496e-06,3.829312855600207e-07,1e-06,symmetrized,197,30,60.0,CLARABEL,optimal,True,0.3829312855600209,2.7873715433349155e-06,False,20,0,False,2.35,bond=0.70000000;cash=0.30000000;commodity_gold=0.40000000;defensive=0.25000000;equity=0.70000000,197,252,,,False,not_requested,True,0.0016384383147060727,0.04719429561540062,,0.059612292963503385,0.5458397127748942,2.2041174441156386e-10,0.2355309325238188,0.30000000022041173,0.14799992543248075,0.021174961341093087,0.2952941804821955,0.005429072102283697,,,2026-01-22,"[""可转债ETF"", ""5年国债ETF"", ""10年国债ETF"", ""信用债ETF"", ""日利ETF"", ""沪深300ETF"", ""中证500ETF"", ""中证1000ETF"", ""中证2000ETF"", ""创业板ETF"", ""红利ETF"", ""半导体ETF"", ""人工智能ETF"", ""新能源ETF"", ""科创50ETF"", ""证券ETF"", ""军工ETF"", ""消费ETF"", ""恒生ETF"", ""白银LOF"", ""纳指ETF"", ""标普500ETF"", ""日经225ETF"", ""欧洲ETF"", ""黄金ETF"", ""有色金属期货ETF"", ""能源化工期货ETF"", ""豆粕ETF"", ""煤炭ETF"", ""原油ETF""]",0.0
2026-01-30,candidate_03,CLARABEL,optimal,0.07570985384007717,,False,False,ewma,True,243,False,,,2.0799944835630986e-06,0.3741209013521015,179866.29498710023,True,False,0.0,2.079994483563295e-06,3.7412090135210165e-07,1e-06,symmetrized,195,30,60.0,CLARABEL,optimal,True,0.3741209013521015,2.3885682567253985e-06,False,20,0,False,2.35,bond=0.70000000;cash=0.30000000;commodity_gold=0.40000000;defensive=0.25000000;equity=0.70000000,195,252,,,False,not_requested,True,0.0037744925586341953,0.046925614976592776,,0.06487595673973592,0.5500299324259975,1.6141868952601612e-09,0.23248072893328117,0.3000000016141869,0.15222329333812404,0.021647126851549636,0.29364884926285845,0.005452302705377043,,,2026-01-29,"[""可转债ETF"", ""5年国债ETF"", ""10年国债ETF"", ""信用债ETF"", ""日利ETF"", ""沪深300ETF"", ""中证500ETF"", ""中证1000ETF"", ""中证2000ETF"", ""创业板ETF"", ""红利ETF"", ""半导体ETF"", ""人工智能ETF"", ""新能源ETF"", ""科创50ETF"", ""证券ETF"", ""军工ETF"", ""消费ETF"", ""恒生ETF"", ""白银LOF"", ""纳指ETF"", ""标普500ETF"", ""日经225ETF"", ""欧洲ETF"", ""黄金ETF"", ""有色金属期货ETF"", ""能源化工期货ETF"", ""豆粕ETF"", ""煤炭ETF"", ""原油ETF""]",0.0
2026-02-06,candidate_03,CLARABEL,optimal,0.07576994389638786,,False,False,ewma,True,243,False,,,2.0822862312669383e-06,0.37555213687278166,180355.67408246375,True,False,0.0,2.082286231266966e-06,3.7555213687278176e-07,1e-06,symmetrized,192,30,60.0,CLARABEL,optimal,True,0.37555213687278166,2.0193454378023e-06,False,20,0,False,2.35,bond=0.70000000;cash=0.30000000;commodity_gold=0.40000000;defensive=0.25000000;equity=0.70000000,192,252,,,False,not_requested,True,0.005443781547154377,0.04650665292490246,,0.06862323918733407,0.5501252044070718,6.973430166645755e-10,0.23437669846468245,0.300000000697343,0.15422926194953226,0.021627910131202497,0.2897661287572397,0.005413964587686575,,,2026-02-05,"[""可转债ETF"", ""5年国债ETF"", ""10年国债ETF"", ""信用债ETF"", ""日利ETF"", ""沪深300ETF"", ""中证500ETF"", ""中证1000ETF"", ""中证2000ETF"", ""创业板ETF"", ""红利ETF"", ""半导体ETF"", ""人工智能ETF"", ""新能源ETF"", ""科创50ETF"", ""证券ETF"", ""军工ETF"", ""消费ETF"", ""恒生ETF"", ""白银LOF"", ""纳指ETF"", ""标普500ETF"", ""日经225ETF"", ""欧洲ETF"", ""黄金ETF"", ""有色金属期货ETF"", ""能源化工期货ETF"", ""豆粕ETF"", ""煤炭ETF"", ""原油ETF""]",0.0
2026-02-13,candidate_03,CLARABEL,optimal,0.07556309833848775,,False,False,ewma,True,243,False,,,2.0694856616598537e-06,0.37066481392752804,179109.63134203706,True,False,0.0,2.0694856616596458e-06,3.706648139275281e-07,1e-06,symmetrized,190,30,60.0,CLARABEL,optimal,True,0.37066481392752804,2.255120908921382e-06,False,20,0,False,2.35,bond=0.70000000;cash=0.30000000;commodity_gold=0.40000000;defensive=0.25000000;equity=0.70000000,190,252,,,False,not_requested,True,0.004654433730381408,0.04657634521700079,,0.0644910324146698,0.5494310269133369,5.550868098502804e-10,0.23188979375785174,0.3000000005550868,0.15274493031378145,0.021757322818596894,0.29360795255468325,0.005489067589485458,,,2026-02-12,"[""可转债ETF"", ""5年国债ETF"", ""10年国债ETF"", ""信用债ETF"", ""日利ETF"", ""沪深300ETF"", ""中证500ETF"", ""中证1000ETF"", ""中证2000ETF"", ""创业板ETF"", ""红利ETF"", ""半导体ETF"", ""人工智能ETF"", ""新能源ETF"", ""科创50ETF"", ""证券ETF"", ""军工ETF"", ""消费ETF"", ""恒生ETF"", ""白银LOF"", ""纳指ETF"", ""标普500ETF"", ""日经225ETF"", ""欧洲ETF"", ""黄金ETF"", ""有色金属期货ETF"", ""能源化工期货ETF"", ""豆粕ETF"", ""煤炭ETF"", ""原油ETF""]",0.0
2026-02-27,candidate_03,CLARABEL,optimal,0.07716960137525425,,False,False,ewma,True,243,False,,,2.085607615499756e-06,0.36727617971980486,176100.32538733212,True,False,0.0,2.0856076154997623e-06,3.6727617971980473e-07,1e-06,symmetrized,188,30,60.0,CLARABEL,optimal,True,0.36727617971980486,4.318133461148066e-06,False,20,0,False,2.35,bond=0.70000000;cash=0.30000000;commodity_gold=0.40000000;defensive=0.25000000;equity=0.70000000,188,252,,,False,not_requested,True,0.0001675787806741328,0.04726521705524395,,0.06172604422795877,0.5555760956916942,8.843064058794425e-10,0.2312678027043969,0.3000000008843064,0.15123912404004045,0.021849266379629754,0.2956438059916266,0.005599742943223223,,,2026-02-26,"[""可转债ETF"", ""5年国债ETF"", ""10年国债ETF"", ""信用债ETF"", ""日利ETF"", ""沪深300ETF"", ""中证500ETF"", ""中证1000ETF"", ""中证2000ETF"", ""创业板ETF"", ""红利ETF"", ""半导体ETF"", ""人工智能ETF"", ""新能源ETF"", ""科创50ETF"", ""证券ETF"", ""军工ETF"", ""消费ETF"", ""恒生ETF"", ""白银LOF"", ""纳指ETF"", ""标普500ETF"", ""日经225ETF"", ""欧洲ETF"", ""黄金ETF"", ""有色金属期货ETF"", ""能源化工期货ETF"", ""豆粕ETF"", ""煤炭ETF"", ""原油ETF""]",0.0
2026-03-06,candidate_03,CLARABEL,optimal,0.07707733838555209,,False,False,ewma,True,243,False,,,2.100389267445141e-06,0.3624975566889467,172585.8926759225,True,False,0.0,2.100389267445141e-06,3.6249755668894674e-07,1e-06,symmetrized,186,30,60.0,CLARABEL,optimal,True,0.3624975566889467,2.811663495694283e-06,False,20,0,False,2.35,bond=0.70000000;cash=0.30000000;commodity_gold=0.40000000;defensive=0.25000000;equity=0.70000000,186,252,,,False,not_requested,True,0.004317859626399122,0.046383430995328115,,0.06404928319355949,0.554940306105571,6.756323278622745e-11,0.2329793995834381,0.3000000000675632,0.15108014143127724,0.022658009635817235,0.29328244928190433,0.005560355837691758,,,2026-03-05,"[""可转债ETF"", ""5年国债ETF"", ""10年国债ETF"", ""信用债ETF"", ""日利ETF"", ""沪深300ETF"", ""中证500ETF"", ""中证1000ETF"", ""中证2000ETF"", ""创业板ETF"", ""红利ETF"", ""半导体ETF"", ""人工智能ETF"", ""新能源ETF"", ""科创50ETF"", ""证券ETF"", ""军工ETF"", ""消费ETF"", ""恒生ETF"", ""白银LOF"", ""纳指ETF"", ""标普500ETF"", ""日经225ETF"", ""欧洲ETF"", ""黄金ETF"", ""有色金属期货ETF"", ""能源化工期货ETF"", ""豆粕ETF"", ""煤炭ETF"", ""原油ETF""]",0.0
2026-03-13,candidate_03,CLARABEL,optimal,0.07682778519647024,,False,False,ewma,True,243,False,,,2.0266128193703815e-06,0.3589187746912572,177102.78513029657,True,False,0.0,2.0266128193703857e-06,3.589187746912575e-07,1e-06,symmetrized,185,30,60.0,CLARABEL,optimal,True,0.3589187746912572,3.7349284839095775e-06,False,20,0,False,2.35,bond=0.70000000;cash=0.30000000;commodity_gold=0.40000000;defensive=0.25000000;equity=0.70000000,185,252,,,False,not_requested,True,0.0013288785736190016,0.04584848821647685,,0.05874273286626727,0.5542591775024596,3.4661884473763394e-11,0.2316941576087379,0.3000000000346619,0.1513568151257201,0.02322493161492829,0.29372409561595186,0.005584107883563971,,,2026-03-12,"[""可转债ETF"", ""5年国债ETF"", ""10年国债ETF"", ""信用债ETF"", ""日利ETF"", ""沪深300ETF"", ""中证500ETF"", ""中证1000ETF"", ""中证2000ETF"", ""创业板ETF"", ""红利ETF"", ""半导体ETF"", ""人工智能ETF"", ""新能源ETF"", ""科创50ETF"", ""证券ETF"", ""军工ETF"", ""消费ETF"", ""恒生ETF"", ""白银LOF"", ""纳指ETF"", ""标普500ETF"", ""日经225ETF"", ""欧洲ETF"", ""黄金ETF"", ""有色金属期货ETF"", ""能源化工期货ETF"", ""豆粕ETF"", ""煤炭ETF"", ""原油ETF""]",0.0
2026-03-20,candidate_03,CLARABEL,optimal,0.07815207657806161,,False,False,ewma,True,243,False,,,1.994342502317181e-06,0.36321599032039764,182123.17588297158,True,False,0.0,1.994342502317182e-06,3.632159903203975e-07,1e-06,symmetrized,183,30,60.0,CLARABEL,optimal,True,0.36321599032039764,2.3050852550471346e-06,False,20,0,False,2.35,bond=0.70000000;cash=0.30000000;commodity_gold=0.40000000;defensive=0.25000000;equity=0.70000000,183,252,,,False,not_requested,True,0.009148957729149318,0.045546040361134,,0.05276780296129038,0.5584491122247753,1.0835116137641876e-10,0.23548216028220148,0.30000000010835115,0.1482339016612636,0.023041693998740134,0.2932422439494437,0.004928181198822975,,,2026-03-19,"[""可转债ETF"", ""5年国债ETF"", ""10年国债ETF"", ""信用债ETF"", ""日利ETF"", ""沪深300ETF"", ""中证500ETF"", ""中证1000ETF"", ""中证2000ETF"", ""创业板ETF"", ""红利ETF"", ""半导体ETF"", ""人工智能ETF"", ""新能源ETF"", ""科创50ETF"", ""证券ETF"", ""军工ETF"", ""消费ETF"", ""恒生ETF"", ""白银LOF"", ""纳指ETF"", ""标普500ETF"", ""日经225ETF"", ""欧洲ETF"", ""黄金ETF"", ""有色金属期货ETF"", ""能源化工期货ETF"", ""豆粕ETF"", ""煤炭ETF"", ""原油ETF""]",0.0
2026-03-27,candidate_03,CLARABEL,optimal,0.07434831872065384,,False,False,ewma,True,243,False,,,2.0788836989923762e-06,0.3777406137317877,181703.58154950012,True,False,0.0,2.078883698992379e-06,3.777406137317879e-07,1e-06,symmetrized,180,30,60.0,CLARABEL,optimal,True,0.3777406137317877,3.5565055827163627e-06,False,20,0,False,2.35,bond=0.70000000;cash=0.30000000;commodity_gold=0.40000000;defensive=0.25000000;equity=0.70000000,180,252,,,False,not_requested,True,0.0033589832121421748,0.046224419244581406,,0.05389800498996698,0.5450876309785331,1.186751252824081e-10,0.23659671987255648,0.3000000001186751,0.14895968416005967,0.022909005140140222,0.2915345907085685,0.00493839059638053,,,2026-03-26,"[""可转债ETF"", ""5年国债ETF"", ""10年国债ETF"", ""信用债ETF"", ""日利ETF"", ""沪深300ETF"", ""中证500ETF"", ""中证1000ETF"", ""中证2000ETF"", ""创业板ETF"", ""红利ETF"", ""半导体ETF"", ""人工智能ETF"", ""新能源ETF"", ""科创50ETF"", ""证券ETF"", ""军工ETF"", ""消费ETF"", ""恒生ETF"", ""白银LOF"", ""纳指ETF"", ""标普500ETF"", ""日经225ETF"", ""欧洲ETF"", ""黄金ETF"", ""有色金属期货ETF"", ""能源化工期货ETF"", ""豆粕ETF"", ""煤炭ETF"", ""原油ETF""]",0.0
2026-04-03,candidate_03,CLARABEL,optimal,0.07647865862140879,,False,False,ewma,True,243,False,,,2.0330069600589896e-06,0.38932627447390755,191502.67663747244,True,False,0.0,2.0330069600589866e-06,3.8932627447390746e-07,1e-06,symmetrized,177,30,60.0,CLARABEL,optimal,True,0.38932627447390755,3.7714909274511044e-06,False,20,0,False,2.35,bond=0.70000000;cash=0.30000000;commodity_gold=0.40000000;defensive=0.25000000;equity=0.70000000,177,252,,,False,not_requested,True,0.0016073112588174086,0.047344387737639215,,0.05851472257465527,0.5529775047969123,6.140896680051355e-10,0.23718540414132228,0.30000000061408966,0.14994875406339592,0.022893467888209097,0.2899723732929831,0.005130455082961425,,,2026-04-02,"[""可转债ETF"", ""5年国债ETF"", ""10年国债ETF"", ""信用债ETF"", ""日利ETF"", ""沪深300ETF"", ""中证500ETF"", ""中证1000ETF"", ""中证2000ETF"", ""创业板ETF"", ""红利ETF"", ""半导体ETF"", ""人工智能ETF"", ""新能源ETF"", ""科创50ETF"", ""证券ETF"", ""军工ETF"", ""消费ETF"", ""恒生ETF"", ""白银LOF"", ""纳指ETF"", ""标普500ETF"", ""日经225ETF"", ""欧洲ETF"", ""黄金ETF"", ""有色金属期货ETF"", ""能源化工期货ETF"", ""豆粕ETF"", ""煤炭ETF"", ""原油ETF""]",0.0
2026-04-10,candidate_03,CLARABEL,optimal,0.07488481677769067,,False,False,ewma,True,243,False,,,2.1161415489201246e-06,0.3819991050860725,180516.80204521675,True,False,0.0,2.116141548920122e-06,3.819991050860725e-07,1e-06,symmetrized,176,30,60.0,CLARABEL,optimal,True,0.3819991050860725,2.756546142807653e-06,False,20,0,False,2.35,bond=0.70000000;cash=0.30000000;commodity_gold=0.40000000;defensive=0.25000000;equity=0.70000000,176,252,,,False,not_requested,True,0.0021470705813868406,0.047505616586830016,,0.059343873964923244,0.5471425088398398,3.738968024080691e-10,0.236467392682442,0.3000000003738968,0.14826166364423482,0.022487224622676116,0.2927837186767501,0.005009058296495382,,,2026-04-09,"[""可转债ETF"", ""5年国债ETF"", ""10年国债ETF"", ""信用债ETF"", ""日利ETF"", ""沪深300ETF"", ""中证500ETF"", ""中证1000ETF"", ""中证2000ETF"", ""创业板ETF"", ""红利ETF"", ""半导体ETF"", ""人工智能ETF"", ""新能源ETF"", ""科创50ETF"", ""证券ETF"", ""军工ETF"", ""消费ETF"", ""恒生ETF"", ""白银LOF"", ""纳指ETF"", ""标普500ETF"", ""日经225ETF"", ""欧洲ETF"", ""黄金ETF"", ""有色金属期货ETF"", ""能源化工期货ETF"", ""豆粕ETF"", ""煤炭ETF"", ""原油ETF""]",0.0
2026-04-17,candidate_03,CLARABEL,optimal,0.0773640544280135,,False,False,ewma,True,243,False,,,1.9793795840775057e-06,0.3955908334389042,199855.97336716505,True,False,0.0,1.9793795840775066e-06,3.955908334389045e-07,1e-06,symmetrized,176,30,60.0,CLARABEL,optimal,True,0.3955908334389042,2.497650902245907e-06,False,20,0,False,2.35,bond=0.70000000;cash=0.30000000;commodity_gold=0.40000000;defensive=0.25000000;equity=0.70000000,176,252,,,False,not_requested,True,0.008042287707078233,0.04869917120989801,,0.06107574868963374,0.5557006243925223,1.5596450242405524e-09,0.23089577239932296,0.300000001559645,0.14498582385069464,0.022403712737411458,0.301714689452926,0.005053763912645327,,,2026-04-16,"[""可转债ETF"", ""5年国债ETF"", ""10年国债ETF"", ""信用债ETF"", ""日利ETF"", ""沪深300ETF"", ""中证500ETF"", ""中证1000ETF"", ""中证2000ETF"", ""创业板ETF"", ""红利ETF"", ""半导体ETF"", ""人工智能ETF"", ""新能源ETF"", ""科创50ETF"", ""证券ETF"", ""军工ETF"", ""消费ETF"", ""恒生ETF"", ""白银LOF"", ""纳指ETF"", ""标普500ETF"", ""日经225ETF"", ""欧洲ETF"", ""黄金ETF"", ""有色金属期货ETF"", ""能源化工期货ETF"", ""豆粕ETF"", ""煤炭ETF"", ""原油ETF""]",0.0
2026-04-24,candidate_03,CLARABEL,optimal,0.07766052275094358,,False,False,ewma,True,243,False,,,1.879127159523908e-06,0.3863538836847836,205602.841578145,True,False,0.0,1.8791271595239111e-06,3.8635388368478343e-07,1e-06,symmetrized,179,30,60.0,CLARABEL,optimal,True,0.3863538836847836,2.140444155682153e-06,False,20,0,False,2.35,bond=0.70000000;cash=0.30000000;commodity_gold=0.40000000;defensive=0.25000000;equity=0.70000000,179,252,,,False,not_requested,True,0.0009559550834687194,0.04793153132193265,,0.06313995324082941,0.5572831124760526,1.463479337715512e-10,0.23025404120610693,0.3000000001463479,0.14366066393555035,0.02270135787672228,0.30338393683527265,0.005057444809144291,,,2026-04-23,"[""可转债ETF"", ""5年国债ETF"", ""10年国债ETF"", ""信用债ETF"", ""日利ETF"", ""沪深300ETF"", ""中证500ETF"", ""中证1000ETF"", ""中证2000ETF"", ""创业板ETF"", ""红利ETF"", ""半导体ETF"", ""人工智能ETF"", ""新能源ETF"", ""科创50ETF"", ""证券ETF"", ""军工ETF"", ""消费ETF"", ""恒生ETF"", ""白银LOF"", ""纳指ETF"", ""标普500ETF"", ""日经225ETF"", ""欧洲ETF"", ""黄金ETF"", ""有色金属期货ETF"", ""能源化工期货ETF"", ""豆粕ETF"", ""煤炭ETF"", ""原油ETF""]",0.0
2026-04-30,candidate_03,CLARABEL,optimal,0.07710215806863077,,False,False,ewma,True,243,False,,,1.8759714971517432e-06,0.38482237538095154,205132.3146248336,True,False,0.0,1.8759714971517413e-06,3.848223753809516e-07,1e-06,symmetrized,180,30,60.0,CLARABEL,optimal,True,0.38482237538095154,2.6805606542362748e-06,False,20,0,False,2.35,bond=0.70000000;cash=0.30000000;commodity_gold=0.40000000;defensive=0.25000000;equity=0.70000000,180,252,,,False,not_requested,True,0.0008349095364732651,0.04757998361957886,,0.06358465497922566,0.5552844654950845,1.3360368367187903e-10,0.22949858961145042,0.3000000001336037,0.1424306093527407,0.023033943800792784,0.30503685710141243,0.005065637799844213,,,2026-04-29,"[""可转债ETF"", ""5年国债ETF"", ""10年国债ETF"", ""信用债ETF"", ""日利ETF"", ""沪深300ETF"", ""中证500ETF"", ""中证1000ETF"", ""中证2000ETF"", ""创业板ETF"", ""红利ETF"", ""半导体ETF"", ""人工智能ETF"", ""新能源ETF"", ""科创50ETF"", ""证券ETF"", ""军工ETF"", ""消费ETF"", ""恒生ETF"", ""白银LOF"", ""纳指ETF"", ""标普500ETF"", ""日经225ETF"", ""欧洲ETF"", ""黄金ETF"", ""有色金属期货ETF"", ""能源化工期货ETF"", ""豆粕ETF"", ""煤炭ETF"", ""原油ETF""]",0.0
2026-05-08,candidate_03,CLARABEL,optimal,0.07730629824165482,,False,False,ewma,True,243,False,,,1.8345816135917026e-06,0.3897234017539486,212431.76038974733,True,False,0.0,1.8345816135917005e-06,3.897234017539485e-07,1e-06,symmetrized,179,30,60.0,CLARABEL,optimal,True,0.3897234017539486,4.4883185412215865e-06,False,20,0,False,2.35,bond=0.70000000;cash=0.30000000;commodity_gold=0.40000000;defensive=0.25000000;equity=0.70000000,179,252,,,False,not_requested,True,0.008060498375853443,0.04857102446191345,,0.06580027975037138,0.5554913865205292,2.931416220874894e-11,0.2238959311522411,0.30000000002931415,0.1400009274336872,0.022213960997356477,0.3138891803874011,0.005201900728188685,,,2026-05-07,"[""可转债ETF"", ""5年国债ETF"", ""10年国债ETF"", ""信用债ETF"", ""日利ETF"", ""沪深300ETF"", ""中证500ETF"", ""中证1000ETF"", ""中证2000ETF"", ""创业板ETF"", ""红利ETF"", ""半导体ETF"", ""人工智能ETF"", ""新能源ETF"", ""科创50ETF"", ""证券ETF"", ""军工ETF"", ""消费ETF"", ""恒生ETF"", ""白银LOF"", ""纳指ETF"", ""标普500ETF"", ""日经225ETF"", ""欧洲ETF"", ""黄金ETF"", ""有色金属期货ETF"", ""能源化工期货ETF"", ""豆粕ETF"", ""煤炭ETF"", ""原油ETF""]",0.0
2026-05-15,candidate_03,CLARABEL,optimal,0.07636196919339223,,False,False,ewma,True,243,False,,,1.7423361798730558e-06,0.4220066527705031,242207.36367952247,True,False,0.0,1.7423361798730575e-06,4.220066527705032e-07,1e-06,symmetrized,181,30,60.0,CLARABEL,optimal,True,0.4220066527705031,2.6675673890849683e-06,False,20,0,False,2.35,bond=0.70000000;cash=0.30000000;commodity_gold=0.40000000;defensive=0.25000000;equity=0.70000000,181,252,,,False,not_requested,True,0.0009291331506036758,0.05006763492774229,,0.07234138729574777,0.5526051313204936,2.182959923935357e-10,0.22424229018590958,0.300000000218296,0.13875823121856945,0.02190928831321021,0.31509019006401484,0.00547199742121166,,,2026-05-14,"[""可转债ETF"", ""5年国债ETF"", ""10年国债ETF"", ""信用债ETF"", ""日利ETF"", ""沪深300ETF"", ""中证500ETF"", ""中证1000ETF"", ""中证2000ETF"", ""创业板ETF"", ""红利ETF"", ""半导体ETF"", ""人工智能ETF"", ""新能源ETF"", ""科创50ETF"", ""证券ETF"", ""军工ETF"", ""消费ETF"", ""恒生ETF"", ""白银LOF"", ""纳指ETF"", ""标普500ETF"", ""日经225ETF"", ""欧洲ETF"", ""黄金ETF"", ""有色金属期货ETF"", ""能源化工期货ETF"", ""豆粕ETF"", ""煤炭ETF"", ""原油ETF""]",0.0
2026-05-22,candidate_03,CLARABEL,optimal,0.07729126405633464,,False,False,ewma,True,243,False,,,1.7055716160530577e-06,0.445023213485615,260923.2056261958,True,False,0.0,1.7055716160530552e-06,4.4502321348561495e-07,1e-06,symmetrized,181,30,60.0,CLARABEL,optimal,True,0.445023213485615,2.726032067829065e-06,False,20,0,False,2.35,bond=0.70000000;cash=0.30000000;commodity_gold=0.40000000;defensive=0.25000000;equity=0.70000000,181,252,,,False,not_requested,True,0.006719641619778664,0.05076026382759178,,0.07289636041495537,0.5555352566001663,1.992651599280748e-10,0.22753103300203492,0.30000000019926515,0.1372316665034235,0.021794542603930517,0.31344275769134583,0.005760768744217686,,,2026-05-21,"[""可转债ETF"", ""5年国债ETF"", ""10年国债ETF"", ""信用债ETF"", ""日利ETF"", ""沪深300ETF"", ""中证500ETF"", ""中证1000ETF"", ""中证2000ETF"", ""创业板ETF"", ""红利ETF"", ""半导体ETF"", ""人工智能ETF"", ""新能源ETF"", ""科创50ETF"", ""证券ETF"", ""军工ETF"", ""消费ETF"", ""恒生ETF"", ""白银LOF"", ""纳指ETF"", ""标普500ETF"", ""日经225ETF"", ""欧洲ETF"", ""黄金ETF"", ""有色金属期货ETF"", ""能源化工期货ETF"", ""豆粕ETF"", ""煤炭ETF"", ""原油ETF""]",0.0
2026-05-29,candidate_03,CLARABEL,optimal,0.07293219359825727,,False,False,ewma,True,243,False,,,1.700589442714175e-06,0.45130732911365967,265382.8830040036,True,False,0.0,1.7005894427141787e-06,4.513073291136595e-07,1e-06,symmetrized,180,30,60.0,CLARABEL,optimal,True,0.45130732911365967,2.4066101672048923e-06,False,20,0,False,2.35,bond=0.70000000;cash=0.30000000;commodity_gold=0.40000000;defensive=0.25000000;equity=0.70000000,180,252,,,False,not_requested,True,0.0018496111273762807,0.0514620777152583,,0.07435455311847611,0.5399801718299352,1.180897157837535e-09,0.2267050272608397,0.30000000118089715,0.1317456659963443,0.02171581740297445,0.31983348815894436,0.005848360551558579,,,2026-05-28,"[""可转债ETF"", ""5年国债ETF"", ""10年国债ETF"", ""信用债ETF"", ""日利ETF"", ""沪深300ETF"", ""中证500ETF"", ""中证1000ETF"", ""中证2000ETF"", ""创业板ETF"", ""红利ETF"", ""半导体ETF"", ""人工智能ETF"", ""新能源ETF"", ""科创50ETF"", ""证券ETF"", ""军工ETF"", ""消费ETF"", ""恒生ETF"", ""白银LOF"", ""纳指ETF"", ""标普500ETF"", ""日经225ETF"", ""欧洲ETF"", ""黄金ETF"", ""有色金属期货ETF"", ""能源化工期货ETF"", ""豆粕ETF"", ""煤炭ETF"", ""原油ETF""]",0.0
2026-06-05,candidate_03,CLARABEL,optimal,0.0719702663742714,,False,False,ewma,True,243,False,,,1.6925622879381258e-06,0.46644111539091826,275582.83598480467,True,False,0.0,1.6925622879381233e-06,4.6644111539091815e-07,1e-06,symmetrized,181,30,60.0,CLARABEL,optimal,True,0.46644111539091826,2.220925966436166e-06,False,20,0,False,2.35,bond=0.70000000;cash=0.30000000;commodity_gold=0.40000000;defensive=0.25000000;equity=0.70000000,181,252,,,False,not_requested,True,0.000889771100960491,0.05014158209236241,,0.07226592233606138,0.536478159931686,2.3040991337097694e-10,0.22708052193979017,0.3000000002304099,0.13352764167148434,0.0228158208077106,0.316576015350605,0.005766620780388301,,,2026-06-04,"[""可转债ETF"", ""5年国债ETF"", ""10年国债ETF"", ""信用债ETF"", ""日利ETF"", ""沪深300ETF"", ""中证500ETF"", ""中证1000ETF"", ""中证2000ETF"", ""创业板ETF"", ""红利ETF"", ""半导体ETF"", ""人工智能ETF"", ""新能源ETF"", ""科创50ETF"", ""证券ETF"", ""军工ETF"", ""消费ETF"", ""恒生ETF"", ""白银LOF"", ""纳指ETF"", ""标普500ETF"", ""日经225ETF"", ""欧洲ETF"", ""黄金ETF"", ""有色金属期货ETF"", ""能源化工期货ETF"", ""豆粕ETF"", ""煤炭ETF"", ""原油ETF""]",0.0
2026-06-12,candidate_03,CLARABEL,optimal,0.0778406732540988,,False,False,ewma,True,243,False,,,1.6680100958179982e-06,0.48226278953050705,289124.6226504424,True,False,0.0,1.6680100958179857e-06,4.82262789530507e-07,1e-06,symmetrized,178,30,60.0,CLARABEL,optimal,True,0.48226278953050705,2.769187555290431e-06,False,20,0,False,2.35,bond=0.70000000;cash=0.30000000;commodity_gold=0.40000000;defensive=0.25000000;equity=0.70000000,178,252,,,False,not_requested,True,0.010661968335948444,0.050231619572978316,,0.07300054669557828,0.5572225239413032,2.0818125001653698e-11,0.2310473131691977,0.3000000000208181,0.13248059777586763,0.022751131420762627,0.31372095761335406,0.0058322396631706585,,,2026-06-11,"[""可转债ETF"", ""5年国债ETF"", ""10年国债ETF"", ""信用债ETF"", ""日利ETF"", ""沪深300ETF"", ""中证500ETF"", ""中证1000ETF"", ""中证2000ETF"", ""创业板ETF"", ""红利ETF"", ""半导体ETF"", ""人工智能ETF"", ""新能源ETF"", ""科创50ETF"", ""证券ETF"", ""军工ETF"", ""消费ETF"", ""恒生ETF"", ""白银LOF"", ""纳指ETF"", ""标普500ETF"", ""日经225ETF"", ""欧洲ETF"", ""黄金ETF"", ""有色金属期货ETF"", ""能源化工期货ETF"", ""豆粕ETF"", ""煤炭ETF"", ""原油ETF""]",0.0
2026-06-18,candidate_03,CLARABEL,optimal,0.07941633167952608,,False,False,ewma,True,243,False,,,1.6895330413385241e-06,0.481077808245145,284740.10065172415,True,False,0.0,1.6895330413386664e-06,4.810778082451449e-07,1e-06,symmetrized,177,30,60.0,CLARABEL,optimal,True,0.481077808245145,1.8448006561810892e-06,False,20,0,False,2.35,bond=0.70000000;cash=0.30000000;commodity_gold=0.40000000;defensive=0.25000000;equity=0.70000000,177,252,,,False,not_requested,True,0.008587460969888928,0.05198066900886536,,0.07517949934109716,0.5629991340023208,8.173295373836709e-11,0.224188000504374,0.30000000008173294,0.1283358753939102,0.021737392063435876,0.325738731956547,0.006055526720337245,,,2026-06-17,"[""可转债ETF"", ""5年国债ETF"", ""10年国债ETF"", ""信用债ETF"", ""日利ETF"", ""沪深300ETF"", ""中证500ETF"", ""中证1000ETF"", ""中证2000ETF"", ""创业板ETF"", ""红利ETF"", ""半导体ETF"", ""人工智能ETF"", ""新能源ETF"", ""科创50ETF"", ""证券ETF"", ""军工ETF"", ""消费ETF"", ""恒生ETF"", ""白银LOF"", ""纳指ETF"", ""标普500ETF"", ""日经225ETF"", ""欧洲ETF"", ""黄金ETF"", ""有色金属期货ETF"", ""能源化工期货ETF"", ""豆粕ETF"", ""煤炭ETF"", ""原油ETF""]",0.0
2026-06-26,candidate_03,CLARABEL,optimal,0.07860982517227912,,False,False,ewma,True,243,False,,,1.782544785819162e-06,0.49089177482504487,275388.18588474195,True,False,0.0,1.7825447858189701e-06,4.908917748250452e-07,1e-06,symmetrized,174,30,60.0,CLARABEL,optimal,True,0.49089177482504487,1.5812250373573034e-06,False,20,0,False,2.35,bond=0.70000000;cash=0.30000000;commodity_gold=0.40000000;defensive=0.25000000;equity=0.70000000,174,252,,,False,not_requested,True,0.0024403664575254596,0.0527967454600921,,0.07919401836582873,0.5605721567584013,4.3840031604958085e-10,0.22488375985589337,0.3000000004384003,0.12167194937856632,0.020757808166820588,0.3326864821603193,0.0062529941436675115,,,2026-06-25,"[""可转债ETF"", ""5年国债ETF"", ""10年国债ETF"", ""信用债ETF"", ""日利ETF"", ""沪深300ETF"", ""中证500ETF"", ""中证1000ETF"", ""中证2000ETF"", ""创业板ETF"", ""红利ETF"", ""半导体ETF"", ""人工智能ETF"", ""新能源ETF"", ""科创50ETF"", ""证券ETF"", ""军工ETF"", ""消费ETF"", ""恒生ETF"", ""白银LOF"", ""纳指ETF"", ""标普500ETF"", ""日经225ETF"", ""欧洲ETF"", ""黄金ETF"", ""有色金属期货ETF"", ""能源化工期货ETF"", ""豆粕ETF"", ""煤炭ETF"", ""原油ETF""]",0.0
2026-07-03,candidate_03,CLARABEL,optimal,0.08168377053606903,,False,False,ewma,True,243,False,,,1.73621728536723e-06,0.5409004676545961,311539.61673650163,True,False,0.0,1.7362172853672666e-06,5.409004676545963e-07,1e-06,symmetrized,173,30,60.0,CLARABEL,optimal,True,0.5409004676545961,2.103038869674667e-06,False,20,0,False,2.35,bond=0.70000000;cash=0.30000000;commodity_gold=0.40000000;defensive=0.25000000;equity=0.70000000,173,252,,,False,not_requested,True,0.0019743125130905776,0.05453628196497819,,0.08072720142548277,0.5714672063803953,4.778852868980721e-10,0.22568310564286795,0.3000000004778853,0.12443633995452288,0.020727388220919036,0.3291531657038049,0.006474849025947435,,,2026-07-02,"[""可转债ETF"", ""5年国债ETF"", ""10年国债ETF"", ""信用债ETF"", ""日利ETF"", ""沪深300ETF"", ""中证500ETF"", ""中证1000ETF"", ""中证2000ETF"", ""创业板ETF"", ""红利ETF"", ""半导体ETF"", ""人工智能ETF"", ""新能源ETF"", ""科创50ETF"", ""证券ETF"", ""军工ETF"", ""消费ETF"", ""恒生ETF"", ""白银LOF"", ""纳指ETF"", ""标普500ETF"", ""日经225ETF"", ""欧洲ETF"", ""黄金ETF"", ""有色金属期货ETF"", ""能源化工期货ETF"", ""豆粕ETF"", ""煤炭ETF"", ""原油ETF""]",0.0
2026-07-10,candidate_03,CLARABEL,optimal,0.08298265827962097,,False,False,ewma,True,243,False,,,1.7583732803697562e-06,0.5342229556444653,303816.579567296,True,False,0.0,1.758373280369742e-06,5.342229556444651e-07,1e-06,symmetrized,172,30,60.0,CLARABEL,optimal,True,0.5342229556444653,2.3721608897707414e-06,False,20,0,False,2.35,bond=0.70000000;cash=0.30000000;commodity_gold=0.40000000;defensive=0.25000000;equity=0.70000000,172,252,,,False,not_requested,True,0.00036940804806583245,0.05382836603664855,,0.08130726627140235,0.5761081818417275,1.6866940066861957e-09,0.22545761635663492,0.300000001686694,0.12647266321954204,0.021034477625822848,0.32703524111130633,0.006446295085167417,,,2026-07-09,"[""可转债ETF"", ""5年国债ETF"", ""10年国债ETF"", ""信用债ETF"", ""日利ETF"", ""沪深300ETF"", ""中证500ETF"", ""中证1000ETF"", ""中证2000ETF"", ""创业板ETF"", ""红利ETF"", ""半导体ETF"", ""人工智能ETF"", ""新能源ETF"", ""科创50ETF"", ""证券ETF"", ""军工ETF"", ""消费ETF"", ""恒生ETF"", ""白银LOF"", ""纳指ETF"", ""标普500ETF"", ""日经225ETF"", ""欧洲ETF"", ""黄金ETF"", ""有色金属期货ETF"", ""能源化工期货ETF"", ""豆粕ETF"", ""煤炭ETF"", ""原油ETF""]",0.0
2026-07-17,candidate_03,CLARABEL,optimal,0.08830989809827491,,False,False,ewma,True,243,False,,,1.5404042737915943e-06,0.567390958008295,368338.99234238226,True,False,0.0,1.540404273791154e-06,5.673909580082951e-07,1e-06,symmetrized,170,30,60.0,CLARABEL,optimal,True,0.567390958008295,1.3181596348714464e-06,False,20,0,False,2.35,bond=0.70000000;cash=0.30000000;commodity_gold=0.40000000;defensive=0.25000000;equity=0.70000000,170,252,,,False,not_requested,True,0.008294231743432932,0.05254914804010391,,0.07804336020264746,0.5937727686375767,4.331979219784898e-11,0.2288540845638533,0.3000000000433198,0.1289493196202196,0.022068831486881497,0.3201277642857258,0.006210497417772464,,,2026-07-16,"[""可转债ETF"", ""5年国债ETF"", ""10年国债ETF"", ""信用债ETF"", ""日利ETF"", ""沪深300ETF"", ""中证500ETF"", ""中证1000ETF"", ""中证2000ETF"", ""创业板ETF"", ""红利ETF"", ""半导体ETF"", ""人工智能ETF"", ""新能源ETF"", ""科创50ETF"", ""证券ETF"", ""军工ETF"", ""消费ETF"", ""恒生ETF"", ""白银LOF"", ""纳指ETF"", ""标普500ETF"", ""日经225ETF"", ""欧洲ETF"", ""黄金ETF"", ""有色金属期货ETF"", ""能源化工期货ETF"", ""豆粕ETF"", ""煤炭ETF"", ""原油ETF""]",0.0
2026-07-24,candidate_03,CLARABEL,optimal,0.08813701963737418,,False,False,ewma,True,243,False,,,1.51361319864647e-06,0.5654711823224785,373590.28239720967,True,False,0.0,1.5136131986463994e-06,5.654711823224785e-07,1e-06,symmetrized,167,30,60.0,CLARABEL,optimal,True,0.5654711823224785,2.7037726407982965e-06,False,20,0,False,2.35,bond=0.70000000;cash=0.30000000;commodity_gold=0.40000000;defensive=0.25000000;equity=0.70000000,167,252,,,False,not_requested,True,0.0013786610580653128,0.05146938882742131,,0.07609895715557856,0.5936633147429589,2.6648794282380095e-11,0.2277487841744437,0.3000000000266488,0.13384548293927334,0.022949114466883035,0.315456618392751,0.006155500240158649,,,2026-07-23,"[""可转债ETF"", ""5年国债ETF"", ""10年国债ETF"", ""信用债ETF"", ""日利ETF"", ""沪深300ETF"", ""中证500ETF"", ""中证1000ETF"", ""中证2000ETF"", ""创业板ETF"", ""红利ETF"", ""半导体ETF"", ""人工智能ETF"", ""新能源ETF"", ""科创50ETF"", ""证券ETF"", ""军工ETF"", ""消费ETF"", ""恒生ETF"", ""白银LOF"", ""纳指ETF"", ""标普500ETF"", ""日经225ETF"", ""欧洲ETF"", ""黄金ETF"", ""有色金属期货ETF"", ""能源化工期货ETF"", ""豆粕ETF"", ""煤炭ETF"", ""原油ETF""]",0.0
2026-07-31,candidate_03,CLARABEL,optimal,0.08702902395476429,,False,False,ewma,True,243,False,,,1.5340386911758592e-06,0.5762225264650989,375624.5065914324,True,False,0.0,1.5340386911758975e-06,5.762225264650986e-07,1e-06,symmetrized,165,30,60.0,CLARABEL,optimal,True,0.5762225264650989,2.4557205243955216e-07,False,20,0,False,2.35,bond=0.70000000;cash=0.30000000;commodity_gold=0.40000000;defensive=0.25000000;equity=0.70000000,165,252,,,False,not_requested,True,0.006267056402967489,0.05351606916508556,,0.07024856723217138,0.5895822341617292,8.359510306199525e-10,0.23047264289875602,0.300000000835951,0.1327038509622496,0.023406218057206114,0.31341728724583734,0.006497375577991759,,,2026-07-30,"[""可转债ETF"", ""5年国债ETF"", ""10年国债ETF"", ""信用债ETF"", ""日利ETF"", ""沪深300ETF"", ""中证500ETF"", ""中证1000ETF"", ""中证2000ETF"", ""创业板ETF"", ""红利ETF"", ""半导体ETF"", ""人工智能ETF"", ""新能源ETF"", ""科创50ETF"", ""证券ETF"", ""军工ETF"", ""消费ETF"", ""恒生ETF"", ""白银LOF"", ""纳指ETF"", ""标普500ETF"", ""日经225ETF"", ""欧洲ETF"", ""黄金ETF"", ""有色金属期货ETF"", ""能源化工期货ETF"", ""豆粕ETF"", ""煤炭ETF"", ""原油ETF""]",0.0
2026-08-07,candidate_03,CLARABEL,optimal,0.08584581641835702,,False,False,ewma,True,243,False,,,1.6188915970232631e-06,0.6337403686504057,391465.5989417054,True,False,0.0,1.6188915970231744e-06,6.33740368650406e-07,1e-06,symmetrized,166,30,60.0,CLARABEL,optimal,True,0.6337403686504057,2.8383392767089566e-06,False,20,0,False,2.35,bond=0.70000000;cash=0.30000000;commodity_gold=0.40000000;defensive=0.25000000;equity=0.70000000,166,252,,,False,not_requested,True,0.011565185745405661,0.057172613305067545,,0.08321004917378329,0.5851872970177165,5.264125246817741e-10,0.22071374582509856,0.3000000005264125,0.131225032881001,0.02279075197362954,0.32527046879385824,0.006699488205446749,,,2026-08-06,"[""可转债ETF"", ""5年国债ETF"", ""10年国债ETF"", ""信用债ETF"", ""日利ETF"", ""沪深300ETF"", ""中证500ETF"", ""中证1000ETF"", ""中证2000ETF"", ""创业板ETF"", ""红利ETF"", ""半导体ETF"", ""人工智能ETF"", ""新能源ETF"", ""科创50ETF"", ""证券ETF"", ""军工ETF"", ""消费ETF"", ""恒生ETF"", ""白银LOF"", ""纳指ETF"", ""标普500ETF"", ""日经225ETF"", ""欧洲ETF"", ""黄金ETF"", ""有色金属期货ETF"", ""能源化工期货ETF"", ""豆粕ETF"", ""煤炭ETF"", ""原油ETF""]",0.0
2026-08-14,candidate_03,CLARABEL,optimal,0.08424384563553551,,False,False,ewma,True,243,False,,,1.6002195306595543e-06,0.6287385634207447,392907.6925849048,True,False,0.0,1.6002195306599353e-06,6.287385634207448e-07,1e-06,symmetrized,163,30,60.0,CLARABEL,optimal,True,0.6287385634207447,1.8335117314138838e-06,False,20,0,False,2.35,bond=0.70000000;cash=0.30000000;commodity_gold=0.40000000;defensive=0.25000000;equity=0.70000000,163,252,,,False,not_requested,True,0.0040997706815457426,0.05718371846482059,,0.08501518940784081,0.5802089978299204,2.1769033797802706e-09,0.21695641165381796,0.30000000217690337,0.13299080825176235,0.022525496168698377,0.3275272817488179,0.006757680285558987,,,2026-08-13,"[""可转债ETF"", ""5年国债ETF"", ""10年国债ETF"", ""信用债ETF"", ""日利ETF"", ""沪深300ETF"", ""中证500ETF"", ""中证1000ETF"", ""中证2000ETF"", ""创业板ETF"", ""红利ETF"", ""半导体ETF"", ""人工智能ETF"", ""新能源ETF"", ""科创50ETF"", ""证券ETF"", ""军工ETF"", ""消费ETF"", ""恒生ETF"", ""白银LOF"", ""纳指ETF"", ""标普500ETF"", ""日经225ETF"", ""欧洲ETF"", ""黄金ETF"", ""有色金属期货ETF"", ""能源化工期货ETF"", ""豆粕ETF"", ""煤炭ETF"", ""原油ETF""]",0.0
2026-08-21,candidate_03,CLARABEL,optimal,0.08221397432012287,,False,False,ewma,True,243,False,,,1.5655999646696881e-06,0.6296883524599068,402202.58474057843,True,False,0.0,1.5655999646696526e-06,6.296883524599071e-07,1e-06,symmetrized,162,30,60.0,CLARABEL,optimal,True,0.6296883524599068,2.028214931032446e-06,False,20,0,False,2.35,bond=0.70000000;cash=0.30000000;commodity_gold=0.40000000;defensive=0.25000000;equity=0.70000000,162,252,,,False,not_requested,True,0.0016221722830325278,0.057345294913172085,,0.08395910529532999,0.573344727795686,1.4291540173516637e-10,0.21556363786101437,0.3000000001429154,0.13618269743451697,0.023206506737735232,0.32504715782381793,0.006775635968960697,,,2026-08-20,"[""可转债ETF"", ""5年国债ETF"", ""10年国债ETF"", ""信用债ETF"", ""日利ETF"", ""沪深300ETF"", ""中证500ETF"", ""中证1000ETF"", ""中证2000ETF"", ""创业板ETF"", ""红利ETF"", ""半导体ETF"", ""人工智能ETF"", ""新能源ETF"", ""科创50ETF"", ""证券ETF"", ""军工ETF"", ""消费ETF"", ""恒生ETF"", ""白银LOF"", ""纳指ETF"", ""标普500ETF"", ""日经225ETF"", ""欧洲ETF"", ""黄金ETF"", ""有色金属期货ETF"", ""能源化工期货ETF"", ""豆粕ETF"", ""煤炭ETF"", ""原油ETF""]",0.0
2026-08-28,candidate_03,CLARABEL,optimal,0.08156596454894856,,False,False,ewma,True,243,False,,,1.5733619410166882e-06,0.6244853158568495,396911.4159792847,True,False,0.0,1.57336194101644e-06,6.2448531585685e-07,1e-06,symmetrized,160,30,60.0,CLARABEL,optimal,True,0.6244853158568495,2.4781522854830373e-06,False,20,0,False,2.35,bond=0.70000000;cash=0.30000000;commodity_gold=0.40000000;defensive=0.25000000;equity=0.70000000,160,252,,,False,not_requested,True,0.0034638992409430514,0.05731750139986282,,0.08663115487699416,0.5709488502286606,4.911648865402185e-11,0.2136325977120574,0.3000000000491165,0.13631902979174998,0.023561153458262606,0.3264872189888136,0.006838952190021415,,,2026-08-27,"[""可转债ETF"", ""5年国债ETF"", ""10年国债ETF"", ""信用债ETF"", ""日利ETF"", ""沪深300ETF"", ""中证500ETF"", ""中证1000ETF"", ""中证2000ETF"", ""创业板ETF"", ""红利ETF"", ""半导体ETF"", ""人工智能ETF"", ""新能源ETF"", ""科创50ETF"", ""证券ETF"", ""军工ETF"", ""消费ETF"", ""恒生ETF"", ""白银LOF"", ""纳指ETF"", ""标普500ETF"", ""日经225ETF"", ""欧洲ETF"", ""黄金ETF"", ""有色金属期货ETF"", ""能源化工期货ETF"", ""豆粕ETF"", ""煤炭ETF"", ""原油ETF""]",0.0
2026-08-31,candidate_03,CLARABEL,optimal,0.08132457679838019,,False,False,ewma,True,243,False,,,1.556067772972232e-06,0.6215362781927587,399427.51144159195,True,False,0.0,1.5560677729723576e-06,6.215362781927591e-07,1e-06,symmetrized,160,30,60.0,CLARABEL,optimal,True,0.6215362781927587,3.0618847355612377e-06,False,20,0,False,2.35,bond=0.70000000;cash=0.30000000;commodity_gold=0.40000000;defensive=0.25000000;equity=0.70000000,160,252,,,False,not_requested,True,0.0002171986572435721,0.056733506294870825,,0.08630997057411596,0.5703338238808502,4.794213359637922e-10,0.21365081182311532,0.3000000004794213,0.13724144744914946,0.023615575045667084,0.32549216520264695,0.006818548098927725,,,2026-08-28,"[""可转债ETF"", ""5年国债ETF"", ""10年国债ETF"", ""信用债ETF"", ""日利ETF"", ""沪深300ETF"", ""中证500ETF"", ""中证1000ETF"", ""中证2000ETF"", ""创业板ETF"", ""红利ETF"", ""半导体ETF"", ""人工智能ETF"", ""新能源ETF"", ""科创50ETF"", ""证券ETF"", ""军工ETF"", ""消费ETF"", ""恒生ETF"", ""白银LOF"", ""纳指ETF"", ""标普500ETF"", ""日经225ETF"", ""欧洲ETF"", ""黄金ETF"", ""有色金属期货ETF"", ""能源化工期货ETF"", ""豆粕ETF"", ""煤炭ETF"", ""原油ETF""]",0.0
