trade_date,yield_pct,provider,ts_code,curve_name,curve_type,curve_term,source_url,retrieved_at_utc
2006-03-01,1.68,chinabond_official,1001.CB,ChinaBond Government Bond Yield Curve,0,1.0,https://yield.chinabond.com.cn/cbweb-czb-web/czb/historyQuery,2026-08-09T11:34:01.034821+00:00
2006-03-02,1.69,chinabond_official,1001.CB,ChinaBond Government Bond Yield Curve,0,1.0,https://yield.chinabond.com.cn/cbweb-czb-web/czb/historyQuery,2026-08-09T11:34:01.034821+00:00
2006-03-03,1.68,chinabond_official,1001.CB,ChinaBond Government Bond Yield Curve,0,1.0,https://yield.chinabond.com.cn/cbweb-czb-web/czb/historyQuery,2026-08-09T11:34:01.034821+00:00
2006-03-06,1.73,chinabond_official,1001.CB,ChinaBond Government Bond Yield Curve,0,1.0,https://yield.chinabond.com.cn/cbweb-czb-web/czb/historyQuery,2026-08-09T11:34:01.034821+00:00
2006-03-07,1.71,chinabond_official,1001.CB,ChinaBond Government Bond Yield Curve,0,1.0,https://yield.chinabond.com.cn/cbweb-czb-web/czb/historyQuery,2026-08-09T11:34:01.034821+00:00
2006-03-08,1.69,chinabond_official,1001.CB,ChinaBond Government Bond Yield Curve,0,1.0,https://yield.chinabond.com.cn/cbweb-czb-web/czb/historyQuery,2026-08-09T11:34:01.034821+00:00
2006-03-09,1.68,chinabond_official,1001.CB,ChinaBond Government Bond Yield Curve,0,1.0,https://yield.chinabond.com.cn/cbweb-czb-web/czb/historyQuery,2026-08-09T11:34:01.034821+00:00
2006-03-10,1.67,chinabond_official,1001.CB,ChinaBond Government Bond Yield Curve,0,1.0,https://yield.chinabond.com.cn/cbweb-czb-web/czb/historyQuery,2026-08-09T11:34:01.034821+00:00
2006-03-13,1.68,chinabond_official,1001.CB,ChinaBond Government Bond Yield Curve,0,1.0,https://yield.chinabond.com.cn/cbweb-czb-web/czb/historyQuery,2026-08-09T11:34:01.034821+00:00
2006-03-14,1.69,chinabond_official,1001.CB,ChinaBond Government Bond Yield Curve,0,1.0,https://yield.chinabond.com.cn/cbweb-czb-web/czb/historyQuery,2026-08-09T11:34:01.034821+00:00
2006-03-15,1.71,chinabond_official,1001.CB,ChinaBond Government Bond Yield Curve,0,1.0,https://yield.chinabond.com.cn/cbweb-czb-web/czb/historyQuery,2026-08-09T11:34:01.034821+00:00
2006-03-16,1.72,chinabond_official,1001.CB,ChinaBond Government Bond Yield Curve,0,1.0,https://yield.chinabond.com.cn/cbweb-czb-web/czb/historyQuery,2026-08-09T11:34:01.034821+00:00
2006-03-17,1.7,chinabond_official,1001.CB,ChinaBond Government Bond Yield Curve,0,1.0,https://yield.chinabond.com.cn/cbweb-czb-web/czb/historyQuery,2026-08-09T11:34:01.034821+00:00
2006-03-20,1.71,chinabond_official,1001.CB,ChinaBond Government Bond Yield Curve,0,1.0,https://yield.chinabond.com.cn/cbweb-czb-web/czb/historyQuery,2026-08-09T11:34:01.034821+00:00
2006-03-21,1.7,chinabond_official,1001.CB,ChinaBond Government Bond Yield Curve,0,1.0,https://yield.chinabond.com.cn/cbweb-czb-web/czb/historyQuery,2026-08-09T11:34:01.034821+00:00
2006-03-22,1.71,chinabond_official,1001.CB,ChinaBond Government Bond Yield Curve,0,1.0,https://yield.chinabond.com.cn/cbweb-czb-web/czb/historyQuery,2026-08-09T11:34:01.034821+00:00
2006-03-23,1.69,chinabond_official,1001.CB,ChinaBond Government Bond Yield Curve,0,1.0,https://yield.chinabond.com.cn/cbweb-czb-web/czb/historyQuery,2026-08-09T11:34:01.034821+00:00
2006-03-24,1.68,chinabond_official,1001.CB,ChinaBond Government Bond Yield Curve,0,1.0,https://yield.chinabond.com.cn/cbweb-czb-web/czb/historyQuery,2026-08-09T11:34:01.034821+00:00
2006-03-27,1.71,chinabond_official,1001.CB,ChinaBond Government Bond Yield Curve,0,1.0,https://yield.chinabond.com.cn/cbweb-czb-web/czb/historyQuery,2026-08-09T11:34:01.034821+00:00
2006-03-28,1.7,chinabond_official,1001.CB,ChinaBond Government Bond Yield Curve,0,1.0,https://yield.chinabond.com.cn/cbweb-czb-web/czb/historyQuery,2026-08-09T11:34:01.034821+00:00
2006-03-29,1.7,chinabond_official,1001.CB,ChinaBond Government Bond Yield Curve,0,1.0,https://yield.chinabond.com.cn/cbweb-czb-web/czb/historyQuery,2026-08-09T11:34:01.034821+00:00
2006-03-30,1.72,chinabond_official,1001.CB,ChinaBond Government Bond Yield Curve,0,1.0,https://yield.chinabond.com.cn/cbweb-czb-web/czb/historyQuery,2026-08-09T11:34:01.034821+00:00
2006-03-31,1.71,chinabond_official,1001.CB,ChinaBond Government Bond Yield Curve,0,1.0,https://yield.chinabond.com.cn/cbweb-czb-web/czb/historyQuery,2026-08-09T11:34:01.034821+00:00
2006-04-03,1.72,chinabond_official,1001.CB,ChinaBond Government Bond Yield Curve,0,1.0,https://yield.chinabond.com.cn/cbweb-czb-web/czb/historyQuery,2026-08-09T11:34:01.034821+00:00
2006-04-04,1.73,chinabond_official,1001.CB,ChinaBond Government Bond Yield Curve,0,1.0,https://yield.chinabond.com.cn/cbweb-czb-web/czb/historyQuery,2026-08-09T11:34:01.034821+00:00
2006-04-05,1.7,chinabond_official,1001.CB,ChinaBond Government Bond Yield Curve,0,1.0,https://yield.chinabond.com.cn/cbweb-czb-web/czb/historyQuery,2026-08-09T11:34:01.034821+00:00
2006-04-06,1.69,chinabond_official,1001.CB,ChinaBond Government Bond Yield Curve,0,1.0,https://yield.chinabond.com.cn/cbweb-czb-web/czb/historyQuery,2026-08-09T11:34:01.034821+00:00
2006-04-07,1.64,chinabond_official,1001.CB,ChinaBond Government Bond Yield Curve,0,1.0,https://yield.chinabond.com.cn/cbweb-czb-web/czb/historyQuery,2026-08-09T11:34:01.034821+00:00
2006-04-10,1.66,chinabond_official,1001.CB,ChinaBond Government Bond Yield Curve,0,1.0,https://yield.chinabond.com.cn/cbweb-czb-web/czb/historyQuery,2026-08-09T11:34:01.034821+00:00
2006-04-11,1.67,chinabond_official,1001.CB,ChinaBond Government Bond Yield Curve,0,1.0,https://yield.chinabond.com.cn/cbweb-czb-web/czb/historyQuery,2026-08-09T11:34:01.034821+00:00
2006-04-12,1.69,chinabond_official,1001.CB,ChinaBond Government Bond Yield Curve,0,1.0,https://yield.chinabond.com.cn/cbweb-czb-web/czb/historyQuery,2026-08-09T11:34:01.034821+00:00
2006-04-13,1.7,chinabond_official,1001.CB,ChinaBond Government Bond Yield Curve,0,1.0,https://yield.chinabond.com.cn/cbweb-czb-web/czb/historyQuery,2026-08-09T11:34:01.034821+00:00
2006-04-14,1.71,chinabond_official,1001.CB,ChinaBond Government Bond Yield Curve,0,1.0,https://yield.chinabond.com.cn/cbweb-czb-web/czb/historyQuery,2026-08-09T11:34:01.034821+00:00
2006-04-17,1.71,chinabond_official,1001.CB,ChinaBond Government Bond Yield Curve,0,1.0,https://yield.chinabond.com.cn/cbweb-czb-web/czb/historyQuery,2026-08-09T11:34:01.034821+00:00
2006-04-18,1.71,chinabond_official,1001.CB,ChinaBond Government Bond Yield Curve,0,1.0,https://yield.chinabond.com.cn/cbweb-czb-web/czb/historyQuery,2026-08-09T11:34:01.034821+00:00
2006-04-19,1.7,chinabond_official,1001.CB,ChinaBond Government Bond Yield Curve,0,1.0,https://yield.chinabond.com.cn/cbweb-czb-web/czb/historyQuery,2026-08-09T11:34:01.034821+00:00
2006-04-20,1.71,chinabond_official,1001.CB,ChinaBond Government Bond Yield Curve,0,1.0,https://yield.chinabond.com.cn/cbweb-czb-web/czb/historyQuery,2026-08-09T11:34:01.034821+00:00
2006-04-21,1.72,chinabond_official,1001.CB,ChinaBond Government Bond Yield Curve,0,1.0,https://yield.chinabond.com.cn/cbweb-czb-web/czb/historyQuery,2026-08-09T11:34:01.034821+00:00
2006-04-24,1.7,chinabond_official,1001.CB,ChinaBond Government Bond Yield Curve,0,1.0,https://yield.chinabond.com.cn/cbweb-czb-web/czb/historyQuery,2026-08-09T11:34:01.034821+00:00
2006-04-25,1.72,chinabond_official,1001.CB,ChinaBond Government Bond Yield Curve,0,1.0,https://yield.chinabond.com.cn/cbweb-czb-web/czb/historyQuery,2026-08-09T11:34:01.034821+00:00
2006-04-26,1.7,chinabond_official,1001.CB,ChinaBond Government Bond Yield Curve,0,1.0,https://yield.chinabond.com.cn/cbweb-czb-web/czb/historyQuery,2026-08-09T11:34:01.034821+00:00
2006-04-27,1.73,chinabond_official,1001.CB,ChinaBond Government Bond Yield Curve,0,1.0,https://yield.chinabond.com.cn/cbweb-czb-web/czb/historyQuery,2026-08-09T11:34:01.034821+00:00
2006-04-28,1.72,chinabond_official,1001.CB,ChinaBond Government Bond Yield Curve,0,1.0,https://yield.chinabond.com.cn/cbweb-czb-web/czb/historyQuery,2026-08-09T11:34:01.034821+00:00
2006-04-29,1.72,chinabond_official,1001.CB,ChinaBond Government Bond Yield Curve,0,1.0,https://yield.chinabond.com.cn/cbweb-czb-web/czb/historyQuery,2026-08-09T11:34:01.034821+00:00
2006-04-30,1.73,chinabond_official,1001.CB,ChinaBond Government Bond Yield Curve,0,1.0,https://yield.chinabond.com.cn/cbweb-czb-web/czb/historyQuery,2026-08-09T11:34:01.034821+00:00
2006-05-08,1.71,chinabond_official,1001.CB,ChinaBond Government Bond Yield Curve,0,1.0,https://yield.chinabond.com.cn/cbweb-czb-web/czb/historyQuery,2026-08-09T11:34:01.034821+00:00
2006-05-09,1.71,chinabond_official,1001.CB,ChinaBond Government Bond Yield Curve,0,1.0,https://yield.chinabond.com.cn/cbweb-czb-web/czb/historyQuery,2026-08-09T11:34:01.034821+00:00
2006-05-10,1.69,chinabond_official,1001.CB,ChinaBond Government Bond Yield Curve,0,1.0,https://yield.chinabond.com.cn/cbweb-czb-web/czb/historyQuery,2026-08-09T11:34:01.034821+00:00
2006-05-11,1.69,chinabond_official,1001.CB,ChinaBond Government Bond Yield Curve,0,1.0,https://yield.chinabond.com.cn/cbweb-czb-web/czb/historyQuery,2026-08-09T11:34:01.034821+00:00
2006-05-12,1.74,chinabond_official,1001.CB,ChinaBond Government Bond Yield Curve,0,1.0,https://yield.chinabond.com.cn/cbweb-czb-web/czb/historyQuery,2026-08-09T11:34:01.034821+00:00
2006-05-15,1.77,chinabond_official,1001.CB,ChinaBond Government Bond Yield Curve,0,1.0,https://yield.chinabond.com.cn/cbweb-czb-web/czb/historyQuery,2026-08-09T11:34:01.034821+00:00
2006-05-16,1.78,chinabond_official,1001.CB,ChinaBond Government Bond Yield Curve,0,1.0,https://yield.chinabond.com.cn/cbweb-czb-web/czb/historyQuery,2026-08-09T11:34:01.034821+00:00
2006-05-17,1.75,chinabond_official,1001.CB,ChinaBond Government Bond Yield Curve,0,1.0,https://yield.chinabond.com.cn/cbweb-czb-web/czb/historyQuery,2026-08-09T11:34:01.034821+00:00
2006-05-18,1.74,chinabond_official,1001.CB,ChinaBond Government Bond Yield Curve,0,1.0,https://yield.chinabond.com.cn/cbweb-czb-web/czb/historyQuery,2026-08-09T11:34:01.034821+00:00
2006-05-19,1.74,chinabond_official,1001.CB,ChinaBond Government Bond Yield Curve,0,1.0,https://yield.chinabond.com.cn/cbweb-czb-web/czb/historyQuery,2026-08-09T11:34:01.034821+00:00
2006-05-22,1.73,chinabond_official,1001.CB,ChinaBond Government Bond Yield Curve,0,1.0,https://yield.chinabond.com.cn/cbweb-czb-web/czb/historyQuery,2026-08-09T11:34:01.034821+00:00
2006-05-23,1.72,chinabond_official,1001.CB,ChinaBond Government Bond Yield Curve,0,1.0,https://yield.chinabond.com.cn/cbweb-czb-web/czb/historyQuery,2026-08-09T11:34:01.034821+00:00
2006-05-24,1.72,chinabond_official,1001.CB,ChinaBond Government Bond Yield Curve,0,1.0,https://yield.chinabond.com.cn/cbweb-czb-web/czb/historyQuery,2026-08-09T11:34:01.034821+00:00
2006-05-25,1.73,chinabond_official,1001.CB,ChinaBond Government Bond Yield Curve,0,1.0,https://yield.chinabond.com.cn/cbweb-czb-web/czb/historyQuery,2026-08-09T11:34:01.034821+00:00
2006-05-26,1.73,chinabond_official,1001.CB,ChinaBond Government Bond Yield Curve,0,1.0,https://yield.chinabond.com.cn/cbweb-czb-web/czb/historyQuery,2026-08-09T11:34:01.034821+00:00
2006-05-29,1.73,chinabond_official,1001.CB,ChinaBond Government Bond Yield Curve,0,1.0,https://yield.chinabond.com.cn/cbweb-czb-web/czb/historyQuery,2026-08-09T11:34:01.034821+00:00
2006-05-30,1.74,chinabond_official,1001.CB,ChinaBond Government Bond Yield Curve,0,1.0,https://yield.chinabond.com.cn/cbweb-czb-web/czb/historyQuery,2026-08-09T11:34:01.034821+00:00
2006-05-31,1.74,chinabond_official,1001.CB,ChinaBond Government Bond Yield Curve,0,1.0,https://yield.chinabond.com.cn/cbweb-czb-web/czb/historyQuery,2026-08-09T11:34:01.034821+00:00
2006-06-01,1.75,chinabond_official,1001.CB,ChinaBond Government Bond Yield Curve,0,1.0,https://yield.chinabond.com.cn/cbweb-czb-web/czb/historyQuery,2026-08-09T11:34:01.034821+00:00
2006-06-02,1.77,chinabond_official,1001.CB,ChinaBond Government Bond Yield Curve,0,1.0,https://yield.chinabond.com.cn/cbweb-czb-web/czb/historyQuery,2026-08-09T11:34:01.034821+00:00
2006-06-05,1.8,chinabond_official,1001.CB,ChinaBond Government Bond Yield Curve,0,1.0,https://yield.chinabond.com.cn/cbweb-czb-web/czb/historyQuery,2026-08-09T11:34:01.034821+00:00
2006-06-06,1.8,chinabond_official,1001.CB,ChinaBond Government Bond Yield Curve,0,1.0,https://yield.chinabond.com.cn/cbweb-czb-web/czb/historyQuery,2026-08-09T11:34:01.034821+00:00
2006-06-07,1.8,chinabond_official,1001.CB,ChinaBond Government Bond Yield Curve,0,1.0,https://yield.chinabond.com.cn/cbweb-czb-web/czb/historyQuery,2026-08-09T11:34:01.034821+00:00
2006-06-08,1.81,chinabond_official,1001.CB,ChinaBond Government Bond Yield Curve,0,1.0,https://yield.chinabond.com.cn/cbweb-czb-web/czb/historyQuery,2026-08-09T11:34:01.034821+00:00
2006-06-09,1.84,chinabond_official,1001.CB,ChinaBond Government Bond Yield Curve,0,1.0,https://yield.chinabond.com.cn/cbweb-czb-web/czb/historyQuery,2026-08-09T11:34:01.034821+00:00
2006-06-12,1.89,chinabond_official,1001.CB,ChinaBond Government Bond Yield Curve,0,1.0,https://yield.chinabond.com.cn/cbweb-czb-web/czb/historyQuery,2026-08-09T11:34:01.034821+00:00
2006-06-13,1.9,chinabond_official,1001.CB,ChinaBond Government Bond Yield Curve,0,1.0,https://yield.chinabond.com.cn/cbweb-czb-web/czb/historyQuery,2026-08-09T11:34:01.034821+00:00
2006-06-14,1.93,chinabond_official,1001.CB,ChinaBond Government Bond Yield Curve,0,1.0,https://yield.chinabond.com.cn/cbweb-czb-web/czb/historyQuery,2026-08-09T11:34:01.034821+00:00
2006-06-15,1.95,chinabond_official,1001.CB,ChinaBond Government Bond Yield Curve,0,1.0,https://yield.chinabond.com.cn/cbweb-czb-web/czb/historyQuery,2026-08-09T11:34:01.034821+00:00
2006-06-16,1.95,chinabond_official,1001.CB,ChinaBond Government Bond Yield Curve,0,1.0,https://yield.chinabond.com.cn/cbweb-czb-web/czb/historyQuery,2026-08-09T11:34:01.034821+00:00
2006-06-19,2.0,chinabond_official,1001.CB,ChinaBond Government Bond Yield Curve,0,1.0,https://yield.chinabond.com.cn/cbweb-czb-web/czb/historyQuery,2026-08-09T11:34:01.034821+00:00
2006-06-20,2.0,chinabond_official,1001.CB,ChinaBond Government Bond Yield Curve,0,1.0,https://yield.chinabond.com.cn/cbweb-czb-web/czb/historyQuery,2026-08-09T11:34:01.034821+00:00
2006-06-21,2.03,chinabond_official,1001.CB,ChinaBond Government Bond Yield Curve,0,1.0,https://yield.chinabond.com.cn/cbweb-czb-web/czb/historyQuery,2026-08-09T11:34:01.034821+00:00
2006-06-22,2.03,chinabond_official,1001.CB,ChinaBond Government Bond Yield Curve,0,1.0,https://yield.chinabond.com.cn/cbweb-czb-web/czb/historyQuery,2026-08-09T11:34:01.034821+00:00
2006-06-23,2.02,chinabond_official,1001.CB,ChinaBond Government Bond Yield Curve,0,1.0,https://yield.chinabond.com.cn/cbweb-czb-web/czb/historyQuery,2026-08-09T11:34:01.034821+00:00
2006-06-26,2.01,chinabond_official,1001.CB,ChinaBond Government Bond Yield Curve,0,1.0,https://yield.chinabond.com.cn/cbweb-czb-web/czb/historyQuery,2026-08-09T11:34:01.034821+00:00
2006-06-27,1.99,chinabond_official,1001.CB,ChinaBond Government Bond Yield Curve,0,1.0,https://yield.chinabond.com.cn/cbweb-czb-web/czb/historyQuery,2026-08-09T11:34:01.034821+00:00
2006-06-28,2.02,chinabond_official,1001.CB,ChinaBond Government Bond Yield Curve,0,1.0,https://yield.chinabond.com.cn/cbweb-czb-web/czb/historyQuery,2026-08-09T11:34:01.034821+00:00
2006-06-29,2.0,chinabond_official,1001.CB,ChinaBond Government Bond Yield Curve,0,1.0,https://yield.chinabond.com.cn/cbweb-czb-web/czb/historyQuery,2026-08-09T11:34:01.034821+00:00
2006-06-30,2.01,chinabond_official,1001.CB,ChinaBond Government Bond Yield Curve,0,1.0,https://yield.chinabond.com.cn/cbweb-czb-web/czb/historyQuery,2026-08-09T11:34:01.034821+00:00
2006-07-03,2.01,chinabond_official,1001.CB,ChinaBond Government Bond Yield Curve,0,1.0,https://yield.chinabond.com.cn/cbweb-czb-web/czb/historyQuery,2026-08-09T11:34:01.034821+00:00
2006-07-04,2.0,chinabond_official,1001.CB,ChinaBond Government Bond Yield Curve,0,1.0,https://yield.chinabond.com.cn/cbweb-czb-web/czb/historyQuery,2026-08-09T11:34:01.034821+00:00
2006-07-05,2.0,chinabond_official,1001.CB,ChinaBond Government Bond Yield Curve,0,1.0,https://yield.chinabond.com.cn/cbweb-czb-web/czb/historyQuery,2026-08-09T11:34:01.034821+00:00
2006-07-06,1.99,chinabond_official,1001.CB,ChinaBond Government Bond Yield Curve,0,1.0,https://yield.chinabond.com.cn/cbweb-czb-web/czb/historyQuery,2026-08-09T11:34:01.034821+00:00
2006-07-07,1.99,chinabond_official,1001.CB,ChinaBond Government Bond Yield Curve,0,1.0,https://yield.chinabond.com.cn/cbweb-czb-web/czb/historyQuery,2026-08-09T11:34:01.034821+00:00
2006-07-10,1.99,chinabond_official,1001.CB,ChinaBond Government Bond Yield Curve,0,1.0,https://yield.chinabond.com.cn/cbweb-czb-web/czb/historyQuery,2026-08-09T11:34:01.034821+00:00
2006-07-11,1.97,chinabond_official,1001.CB,ChinaBond Government Bond Yield Curve,0,1.0,https://yield.chinabond.com.cn/cbweb-czb-web/czb/historyQuery,2026-08-09T11:34:01.034821+00:00
2006-07-12,1.98,chinabond_official,1001.CB,ChinaBond Government Bond Yield Curve,0,1.0,https://yield.chinabond.com.cn/cbweb-czb-web/czb/historyQuery,2026-08-09T11:34:01.034821+00:00
2006-07-13,2.0,chinabond_official,1001.CB,ChinaBond Government Bond Yield Curve,0,1.0,https://yield.chinabond.com.cn/cbweb-czb-web/czb/historyQuery,2026-08-09T11:34:01.034821+00:00
2006-07-14,2.0,chinabond_official,1001.CB,ChinaBond Government Bond Yield Curve,0,1.0,https://yield.chinabond.com.cn/cbweb-czb-web/czb/historyQuery,2026-08-09T11:34:01.034821+00:00
2006-07-17,2.01,chinabond_official,1001.CB,ChinaBond Government Bond Yield Curve,0,1.0,https://yield.chinabond.com.cn/cbweb-czb-web/czb/historyQuery,2026-08-09T11:34:01.034821+00:00
2006-07-18,1.99,chinabond_official,1001.CB,ChinaBond Government Bond Yield Curve,0,1.0,https://yield.chinabond.com.cn/cbweb-czb-web/czb/historyQuery,2026-08-09T11:34:01.034821+00:00
2006-07-19,1.98,chinabond_official,1001.CB,ChinaBond Government Bond Yield Curve,0,1.0,https://yield.chinabond.com.cn/cbweb-czb-web/czb/historyQuery,2026-08-09T11:34:01.034821+00:00
2006-07-20,2.01,chinabond_official,1001.CB,ChinaBond Government Bond Yield Curve,0,1.0,https://yield.chinabond.com.cn/cbweb-czb-web/czb/historyQuery,2026-08-09T11:34:01.034821+00:00
2006-07-21,2.01,chinabond_official,1001.CB,ChinaBond Government Bond Yield Curve,0,1.0,https://yield.chinabond.com.cn/cbweb-czb-web/czb/historyQuery,2026-08-09T11:34:01.034821+00:00
2006-07-24,2.21,chinabond_official,1001.CB,ChinaBond Government Bond Yield Curve,0,1.0,https://yield.chinabond.com.cn/cbweb-czb-web/czb/historyQuery,2026-08-09T11:34:01.034821+00:00
2006-07-25,2.22,chinabond_official,1001.CB,ChinaBond Government Bond Yield Curve,0,1.0,https://yield.chinabond.com.cn/cbweb-czb-web/czb/historyQuery,2026-08-09T11:34:01.034821+00:00
2006-07-26,2.25,chinabond_official,1001.CB,ChinaBond Government Bond Yield Curve,0,1.0,https://yield.chinabond.com.cn/cbweb-czb-web/czb/historyQuery,2026-08-09T11:34:01.034821+00:00
2006-07-27,2.22,chinabond_official,1001.CB,ChinaBond Government Bond Yield Curve,0,1.0,https://yield.chinabond.com.cn/cbweb-czb-web/czb/historyQuery,2026-08-09T11:34:01.034821+00:00
2006-07-28,2.2,chinabond_official,1001.CB,ChinaBond Government Bond Yield Curve,0,1.0,https://yield.chinabond.com.cn/cbweb-czb-web/czb/historyQuery,2026-08-09T11:34:01.034821+00:00
2006-07-31,2.23,chinabond_official,1001.CB,ChinaBond Government Bond Yield Curve,0,1.0,https://yield.chinabond.com.cn/cbweb-czb-web/czb/historyQuery,2026-08-09T11:34:01.034821+00:00
2006-08-01,2.22,chinabond_official,1001.CB,ChinaBond Government Bond Yield Curve,0,1.0,https://yield.chinabond.com.cn/cbweb-czb-web/czb/historyQuery,2026-08-09T11:34:01.034821+00:00
2006-08-02,2.22,chinabond_official,1001.CB,ChinaBond Government Bond Yield Curve,0,1.0,https://yield.chinabond.com.cn/cbweb-czb-web/czb/historyQuery,2026-08-09T11:34:01.034821+00:00
2006-08-03,2.21,chinabond_official,1001.CB,ChinaBond Government Bond Yield Curve,0,1.0,https://yield.chinabond.com.cn/cbweb-czb-web/czb/historyQuery,2026-08-09T11:34:01.034821+00:00
2006-08-04,2.21,chinabond_official,1001.CB,ChinaBond Government Bond Yield Curve,0,1.0,https://yield.chinabond.com.cn/cbweb-czb-web/czb/historyQuery,2026-08-09T11:34:01.034821+00:00
2006-08-07,2.21,chinabond_official,1001.CB,ChinaBond Government Bond Yield Curve,0,1.0,https://yield.chinabond.com.cn/cbweb-czb-web/czb/historyQuery,2026-08-09T11:34:01.034821+00:00
2006-08-08,2.21,chinabond_official,1001.CB,ChinaBond Government Bond Yield Curve,0,1.0,https://yield.chinabond.com.cn/cbweb-czb-web/czb/historyQuery,2026-08-09T11:34:01.034821+00:00
2006-08-09,2.2,chinabond_official,1001.CB,ChinaBond Government Bond Yield Curve,0,1.0,https://yield.chinabond.com.cn/cbweb-czb-web/czb/historyQuery,2026-08-09T11:34:01.034821+00:00
2006-08-10,2.2,chinabond_official,1001.CB,ChinaBond Government Bond Yield Curve,0,1.0,https://yield.chinabond.com.cn/cbweb-czb-web/czb/historyQuery,2026-08-09T11:34:01.034821+00:00
2006-08-11,2.18,chinabond_official,1001.CB,ChinaBond Government Bond Yield Curve,0,1.0,https://yield.chinabond.com.cn/cbweb-czb-web/czb/historyQuery,2026-08-09T11:34:01.034821+00:00
2006-08-14,2.17,chinabond_official,1001.CB,ChinaBond Government Bond Yield Curve,0,1.0,https://yield.chinabond.com.cn/cbweb-czb-web/czb/historyQuery,2026-08-09T11:34:01.034821+00:00
2006-08-15,2.15,chinabond_official,1001.CB,ChinaBond Government Bond Yield Curve,0,1.0,https://yield.chinabond.com.cn/cbweb-czb-web/czb/historyQuery,2026-08-09T11:34:01.034821+00:00
2006-08-16,2.1,chinabond_official,1001.CB,ChinaBond Government Bond Yield Curve,0,1.0,https://yield.chinabond.com.cn/cbweb-czb-web/czb/historyQuery,2026-08-09T11:34:01.034821+00:00
2006-08-17,2.09,chinabond_official,1001.CB,ChinaBond Government Bond Yield Curve,0,1.0,https://yield.chinabond.com.cn/cbweb-czb-web/czb/historyQuery,2026-08-09T11:34:01.034821+00:00
2006-08-18,2.05,chinabond_official,1001.CB,ChinaBond Government Bond Yield Curve,0,1.0,https://yield.chinabond.com.cn/cbweb-czb-web/czb/historyQuery,2026-08-09T11:34:01.034821+00:00
2006-08-21,2.13,chinabond_official,1001.CB,ChinaBond Government Bond Yield Curve,0,1.0,https://yield.chinabond.com.cn/cbweb-czb-web/czb/historyQuery,2026-08-09T11:34:01.034821+00:00
2006-08-22,2.1,chinabond_official,1001.CB,ChinaBond Government Bond Yield Curve,0,1.0,https://yield.chinabond.com.cn/cbweb-czb-web/czb/historyQuery,2026-08-09T11:34:01.034821+00:00
2006-08-23,2.1,chinabond_official,1001.CB,ChinaBond Government Bond Yield Curve,0,1.0,https://yield.chinabond.com.cn/cbweb-czb-web/czb/historyQuery,2026-08-09T11:34:01.034821+00:00
2006-08-24,2.09,chinabond_official,1001.CB,ChinaBond Government Bond Yield Curve,0,1.0,https://yield.chinabond.com.cn/cbweb-czb-web/czb/historyQuery,2026-08-09T11:34:01.034821+00:00
2006-08-25,2.07,chinabond_official,1001.CB,ChinaBond Government Bond Yield Curve,0,1.0,https://yield.chinabond.com.cn/cbweb-czb-web/czb/historyQuery,2026-08-09T11:34:01.034821+00:00
2006-08-28,2.05,chinabond_official,1001.CB,ChinaBond Government Bond Yield Curve,0,1.0,https://yield.chinabond.com.cn/cbweb-czb-web/czb/historyQuery,2026-08-09T11:34:01.034821+00:00
2006-08-29,2.04,chinabond_official,1001.CB,ChinaBond Government Bond Yield Curve,0,1.0,https://yield.chinabond.com.cn/cbweb-czb-web/czb/historyQuery,2026-08-09T11:34:01.034821+00:00
2006-08-30,2.04,chinabond_official,1001.CB,ChinaBond Government Bond Yield Curve,0,1.0,https://yield.chinabond.com.cn/cbweb-czb-web/czb/historyQuery,2026-08-09T11:34:01.034821+00:00
2006-08-31,2.03,chinabond_official,1001.CB,ChinaBond Government Bond Yield Curve,0,1.0,https://yield.chinabond.com.cn/cbweb-czb-web/czb/historyQuery,2026-08-09T11:34:01.034821+00:00
2006-09-01,2.05,chinabond_official,1001.CB,ChinaBond Government Bond Yield Curve,0,1.0,https://yield.chinabond.com.cn/cbweb-czb-web/czb/historyQuery,2026-08-09T11:34:01.034821+00:00
2006-09-04,2.04,chinabond_official,1001.CB,ChinaBond Government Bond Yield Curve,0,1.0,https://yield.chinabond.com.cn/cbweb-czb-web/czb/historyQuery,2026-08-09T11:34:01.034821+00:00
2006-09-05,2.04,chinabond_official,1001.CB,ChinaBond Government Bond Yield Curve,0,1.0,https://yield.chinabond.com.cn/cbweb-czb-web/czb/historyQuery,2026-08-09T11:34:01.034821+00:00
2006-09-06,2.05,chinabond_official,1001.CB,ChinaBond Government Bond Yield Curve,0,1.0,https://yield.chinabond.com.cn/cbweb-czb-web/czb/historyQuery,2026-08-09T11:34:01.034821+00:00
2006-09-07,2.04,chinabond_official,1001.CB,ChinaBond Government Bond Yield Curve,0,1.0,https://yield.chinabond.com.cn/cbweb-czb-web/czb/historyQuery,2026-08-09T11:34:01.034821+00:00
2006-09-08,2.04,chinabond_official,1001.CB,ChinaBond Government Bond Yield Curve,0,1.0,https://yield.chinabond.com.cn/cbweb-czb-web/czb/historyQuery,2026-08-09T11:34:01.034821+00:00
2006-09-11,2.04,chinabond_official,1001.CB,ChinaBond Government Bond Yield Curve,0,1.0,https://yield.chinabond.com.cn/cbweb-czb-web/czb/historyQuery,2026-08-09T11:34:01.034821+00:00
2006-09-12,2.08,chinabond_official,1001.CB,ChinaBond Government Bond Yield Curve,0,1.0,https://yield.chinabond.com.cn/cbweb-czb-web/czb/historyQuery,2026-08-09T11:34:01.034821+00:00
2006-09-13,2.05,chinabond_official,1001.CB,ChinaBond Government Bond Yield Curve,0,1.0,https://yield.chinabond.com.cn/cbweb-czb-web/czb/historyQuery,2026-08-09T11:34:01.034821+00:00
2006-09-14,2.01,chinabond_official,1001.CB,ChinaBond Government Bond Yield Curve,0,1.0,https://yield.chinabond.com.cn/cbweb-czb-web/czb/historyQuery,2026-08-09T11:34:01.034821+00:00
2006-09-15,2.01,chinabond_official,1001.CB,ChinaBond Government Bond Yield Curve,0,1.0,https://yield.chinabond.com.cn/cbweb-czb-web/czb/historyQuery,2026-08-09T11:34:01.034821+00:00
2006-09-18,1.99,chinabond_official,1001.CB,ChinaBond Government Bond Yield Curve,0,1.0,https://yield.chinabond.com.cn/cbweb-czb-web/czb/historyQuery,2026-08-09T11:34:01.034821+00:00
2006-09-19,2.0,chinabond_official,1001.CB,ChinaBond Government Bond Yield Curve,0,1.0,https://yield.chinabond.com.cn/cbweb-czb-web/czb/historyQuery,2026-08-09T11:34:01.034821+00:00
2006-09-20,1.99,chinabond_official,1001.CB,ChinaBond Government Bond Yield Curve,0,1.0,https://yield.chinabond.com.cn/cbweb-czb-web/czb/historyQuery,2026-08-09T11:34:01.034821+00:00
2006-09-21,1.99,chinabond_official,1001.CB,ChinaBond Government Bond Yield Curve,0,1.0,https://yield.chinabond.com.cn/cbweb-czb-web/czb/historyQuery,2026-08-09T11:34:01.034821+00:00
2006-09-22,1.98,chinabond_official,1001.CB,ChinaBond Government Bond Yield Curve,0,1.0,https://yield.chinabond.com.cn/cbweb-czb-web/czb/historyQuery,2026-08-09T11:34:01.034821+00:00
2006-09-25,1.98,chinabond_official,1001.CB,ChinaBond Government Bond Yield Curve,0,1.0,https://yield.chinabond.com.cn/cbweb-czb-web/czb/historyQuery,2026-08-09T11:34:01.034821+00:00
2006-09-26,1.99,chinabond_official,1001.CB,ChinaBond Government Bond Yield Curve,0,1.0,https://yield.chinabond.com.cn/cbweb-czb-web/czb/historyQuery,2026-08-09T11:34:01.034821+00:00
2006-09-27,2.02,chinabond_official,1001.CB,ChinaBond Government Bond Yield Curve,0,1.0,https://yield.chinabond.com.cn/cbweb-czb-web/czb/historyQuery,2026-08-09T11:34:01.034821+00:00
2006-09-28,2.02,chinabond_official,1001.CB,ChinaBond Government Bond Yield Curve,0,1.0,https://yield.chinabond.com.cn/cbweb-czb-web/czb/historyQuery,2026-08-09T11:34:01.034821+00:00
2006-09-29,2.02,chinabond_official,1001.CB,ChinaBond Government Bond Yield Curve,0,1.0,https://yield.chinabond.com.cn/cbweb-czb-web/czb/historyQuery,2026-08-09T11:34:01.034821+00:00
2006-09-30,2.02,chinabond_official,1001.CB,ChinaBond Government Bond Yield Curve,0,1.0,https://yield.chinabond.com.cn/cbweb-czb-web/czb/historyQuery,2026-08-09T11:34:01.034821+00:00
2006-10-08,2.03,chinabond_official,1001.CB,ChinaBond Government Bond Yield Curve,0,1.0,https://yield.chinabond.com.cn/cbweb-czb-web/czb/historyQuery,2026-08-09T11:34:01.034821+00:00
2006-10-09,2.04,chinabond_official,1001.CB,ChinaBond Government Bond Yield Curve,0,1.0,https://yield.chinabond.com.cn/cbweb-czb-web/czb/historyQuery,2026-08-09T11:34:01.034821+00:00
2006-10-10,2.04,chinabond_official,1001.CB,ChinaBond Government Bond Yield Curve,0,1.0,https://yield.chinabond.com.cn/cbweb-czb-web/czb/historyQuery,2026-08-09T11:34:01.034821+00:00
2006-10-11,2.04,chinabond_official,1001.CB,ChinaBond Government Bond Yield Curve,0,1.0,https://yield.chinabond.com.cn/cbweb-czb-web/czb/historyQuery,2026-08-09T11:34:01.034821+00:00
2006-10-12,2.04,chinabond_official,1001.CB,ChinaBond Government Bond Yield Curve,0,1.0,https://yield.chinabond.com.cn/cbweb-czb-web/czb/historyQuery,2026-08-09T11:34:01.034821+00:00
2006-10-13,2.04,chinabond_official,1001.CB,ChinaBond Government Bond Yield Curve,0,1.0,https://yield.chinabond.com.cn/cbweb-czb-web/czb/historyQuery,2026-08-09T11:34:01.034821+00:00
2006-10-16,2.04,chinabond_official,1001.CB,ChinaBond Government Bond Yield Curve,0,1.0,https://yield.chinabond.com.cn/cbweb-czb-web/czb/historyQuery,2026-08-09T11:34:01.034821+00:00
2006-10-17,2.04,chinabond_official,1001.CB,ChinaBond Government Bond Yield Curve,0,1.0,https://yield.chinabond.com.cn/cbweb-czb-web/czb/historyQuery,2026-08-09T11:34:01.034821+00:00
2006-10-18,2.02,chinabond_official,1001.CB,ChinaBond Government Bond Yield Curve,0,1.0,https://yield.chinabond.com.cn/cbweb-czb-web/czb/historyQuery,2026-08-09T11:34:01.034821+00:00
2006-10-19,2.01,chinabond_official,1001.CB,ChinaBond Government Bond Yield Curve,0,1.0,https://yield.chinabond.com.cn/cbweb-czb-web/czb/historyQuery,2026-08-09T11:34:01.034821+00:00
2006-10-20,2.0,chinabond_official,1001.CB,ChinaBond Government Bond Yield Curve,0,1.0,https://yield.chinabond.com.cn/cbweb-czb-web/czb/historyQuery,2026-08-09T11:34:01.034821+00:00
2006-10-23,2.0,chinabond_official,1001.CB,ChinaBond Government Bond Yield Curve,0,1.0,https://yield.chinabond.com.cn/cbweb-czb-web/czb/historyQuery,2026-08-09T11:34:01.034821+00:00
2006-10-24,2.0,chinabond_official,1001.CB,ChinaBond Government Bond Yield Curve,0,1.0,https://yield.chinabond.com.cn/cbweb-czb-web/czb/historyQuery,2026-08-09T11:34:01.034821+00:00
2006-10-25,2.0,chinabond_official,1001.CB,ChinaBond Government Bond Yield Curve,0,1.0,https://yield.chinabond.com.cn/cbweb-czb-web/czb/historyQuery,2026-08-09T11:34:01.034821+00:00
2006-10-26,2.01,chinabond_official,1001.CB,ChinaBond Government Bond Yield Curve,0,1.0,https://yield.chinabond.com.cn/cbweb-czb-web/czb/historyQuery,2026-08-09T11:34:01.034821+00:00
2006-10-27,2.0,chinabond_official,1001.CB,ChinaBond Government Bond Yield Curve,0,1.0,https://yield.chinabond.com.cn/cbweb-czb-web/czb/historyQuery,2026-08-09T11:34:01.034821+00:00
2006-10-30,2.01,chinabond_official,1001.CB,ChinaBond Government Bond Yield Curve,0,1.0,https://yield.chinabond.com.cn/cbweb-czb-web/czb/historyQuery,2026-08-09T11:34:01.034821+00:00
2006-10-31,2.01,chinabond_official,1001.CB,ChinaBond Government Bond Yield Curve,0,1.0,https://yield.chinabond.com.cn/cbweb-czb-web/czb/historyQuery,2026-08-09T11:34:01.034821+00:00
2006-11-01,2.01,chinabond_official,1001.CB,ChinaBond Government Bond Yield Curve,0,1.0,https://yield.chinabond.com.cn/cbweb-czb-web/czb/historyQuery,2026-08-09T11:34:01.034821+00:00
2006-11-02,2.02,chinabond_official,1001.CB,ChinaBond Government Bond Yield Curve,0,1.0,https://yield.chinabond.com.cn/cbweb-czb-web/czb/historyQuery,2026-08-09T11:34:01.034821+00:00
2006-11-03,2.01,chinabond_official,1001.CB,ChinaBond Government Bond Yield Curve,0,1.0,https://yield.chinabond.com.cn/cbweb-czb-web/czb/historyQuery,2026-08-09T11:34:01.034821+00:00
2006-11-06,2.05,chinabond_official,1001.CB,ChinaBond Government Bond Yield Curve,0,1.0,https://yield.chinabond.com.cn/cbweb-czb-web/czb/historyQuery,2026-08-09T11:34:01.034821+00:00
2006-11-07,2.04,chinabond_official,1001.CB,ChinaBond Government Bond Yield Curve,0,1.0,https://yield.chinabond.com.cn/cbweb-czb-web/czb/historyQuery,2026-08-09T11:34:01.034821+00:00
2006-11-08,2.05,chinabond_official,1001.CB,ChinaBond Government Bond Yield Curve,0,1.0,https://yield.chinabond.com.cn/cbweb-czb-web/czb/historyQuery,2026-08-09T11:34:01.034821+00:00
2006-11-09,2.05,chinabond_official,1001.CB,ChinaBond Government Bond Yield Curve,0,1.0,https://yield.chinabond.com.cn/cbweb-czb-web/czb/historyQuery,2026-08-09T11:34:01.034821+00:00
2006-11-10,2.05,chinabond_official,1001.CB,ChinaBond Government Bond Yield Curve,0,1.0,https://yield.chinabond.com.cn/cbweb-czb-web/czb/historyQuery,2026-08-09T11:34:01.034821+00:00
2006-11-13,2.06,chinabond_official,1001.CB,ChinaBond Government Bond Yield Curve,0,1.0,https://yield.chinabond.com.cn/cbweb-czb-web/czb/historyQuery,2026-08-09T11:34:01.034821+00:00
2006-11-14,2.05,chinabond_official,1001.CB,ChinaBond Government Bond Yield Curve,0,1.0,https://yield.chinabond.com.cn/cbweb-czb-web/czb/historyQuery,2026-08-09T11:34:01.034821+00:00
2006-11-15,2.05,chinabond_official,1001.CB,ChinaBond Government Bond Yield Curve,0,1.0,https://yield.chinabond.com.cn/cbweb-czb-web/czb/historyQuery,2026-08-09T11:34:01.034821+00:00
2006-11-16,2.05,chinabond_official,1001.CB,ChinaBond Government Bond Yield Curve,0,1.0,https://yield.chinabond.com.cn/cbweb-czb-web/czb/historyQuery,2026-08-09T11:34:01.034821+00:00
2006-11-17,2.05,chinabond_official,1001.CB,ChinaBond Government Bond Yield Curve,0,1.0,https://yield.chinabond.com.cn/cbweb-czb-web/czb/historyQuery,2026-08-09T11:34:01.034821+00:00
2006-11-20,2.07,chinabond_official,1001.CB,ChinaBond Government Bond Yield Curve,0,1.0,https://yield.chinabond.com.cn/cbweb-czb-web/czb/historyQuery,2026-08-09T11:34:01.034821+00:00
2006-11-21,2.13,chinabond_official,1001.CB,ChinaBond Government Bond Yield Curve,0,1.0,https://yield.chinabond.com.cn/cbweb-czb-web/czb/historyQuery,2026-08-09T11:34:01.034821+00:00
2006-11-22,2.13,chinabond_official,1001.CB,ChinaBond Government Bond Yield Curve,0,1.0,https://yield.chinabond.com.cn/cbweb-czb-web/czb/historyQuery,2026-08-09T11:34:01.034821+00:00
2006-11-23,2.14,chinabond_official,1001.CB,ChinaBond Government Bond Yield Curve,0,1.0,https://yield.chinabond.com.cn/cbweb-czb-web/czb/historyQuery,2026-08-09T11:34:01.034821+00:00
2006-11-24,2.14,chinabond_official,1001.CB,ChinaBond Government Bond Yield Curve,0,1.0,https://yield.chinabond.com.cn/cbweb-czb-web/czb/historyQuery,2026-08-09T11:34:01.034821+00:00
2006-11-27,2.14,chinabond_official,1001.CB,ChinaBond Government Bond Yield Curve,0,1.0,https://yield.chinabond.com.cn/cbweb-czb-web/czb/historyQuery,2026-08-09T11:34:01.034821+00:00
2006-11-28,2.06,chinabond_official,1001.CB,ChinaBond Government Bond Yield Curve,0,1.0,https://yield.chinabond.com.cn/cbweb-czb-web/czb/historyQuery,2026-08-09T11:34:01.034821+00:00
2006-11-29,2.06,chinabond_official,1001.CB,ChinaBond Government Bond Yield Curve,0,1.0,https://yield.chinabond.com.cn/cbweb-czb-web/czb/historyQuery,2026-08-09T11:34:01.034821+00:00
2006-11-30,2.05,chinabond_official,1001.CB,ChinaBond Government Bond Yield Curve,0,1.0,https://yield.chinabond.com.cn/cbweb-czb-web/czb/historyQuery,2026-08-09T11:34:01.034821+00:00
2006-12-01,2.05,chinabond_official,1001.CB,ChinaBond Government Bond Yield Curve,0,1.0,https://yield.chinabond.com.cn/cbweb-czb-web/czb/historyQuery,2026-08-09T11:34:01.034821+00:00
2006-12-04,2.06,chinabond_official,1001.CB,ChinaBond Government Bond Yield Curve,0,1.0,https://yield.chinabond.com.cn/cbweb-czb-web/czb/historyQuery,2026-08-09T11:34:01.034821+00:00
2006-12-05,2.06,chinabond_official,1001.CB,ChinaBond Government Bond Yield Curve,0,1.0,https://yield.chinabond.com.cn/cbweb-czb-web/czb/historyQuery,2026-08-09T11:34:01.034821+00:00
2006-12-06,2.06,chinabond_official,1001.CB,ChinaBond Government Bond Yield Curve,0,1.0,https://yield.chinabond.com.cn/cbweb-czb-web/czb/historyQuery,2026-08-09T11:34:01.034821+00:00
2006-12-07,2.06,chinabond_official,1001.CB,ChinaBond Government Bond Yield Curve,0,1.0,https://yield.chinabond.com.cn/cbweb-czb-web/czb/historyQuery,2026-08-09T11:34:01.034821+00:00
2006-12-08,2.07,chinabond_official,1001.CB,ChinaBond Government Bond Yield Curve,0,1.0,https://yield.chinabond.com.cn/cbweb-czb-web/czb/historyQuery,2026-08-09T11:34:01.034821+00:00
2006-12-11,2.07,chinabond_official,1001.CB,ChinaBond Government Bond Yield Curve,0,1.0,https://yield.chinabond.com.cn/cbweb-czb-web/czb/historyQuery,2026-08-09T11:34:01.034821+00:00
2006-12-12,2.07,chinabond_official,1001.CB,ChinaBond Government Bond Yield Curve,0,1.0,https://yield.chinabond.com.cn/cbweb-czb-web/czb/historyQuery,2026-08-09T11:34:01.034821+00:00
2006-12-13,2.18,chinabond_official,1001.CB,ChinaBond Government Bond Yield Curve,0,1.0,https://yield.chinabond.com.cn/cbweb-czb-web/czb/historyQuery,2026-08-09T11:34:01.034821+00:00
2006-12-14,2.16,chinabond_official,1001.CB,ChinaBond Government Bond Yield Curve,0,1.0,https://yield.chinabond.com.cn/cbweb-czb-web/czb/historyQuery,2026-08-09T11:34:01.034821+00:00
2006-12-15,2.16,chinabond_official,1001.CB,ChinaBond Government Bond Yield Curve,0,1.0,https://yield.chinabond.com.cn/cbweb-czb-web/czb/historyQuery,2026-08-09T11:34:01.034821+00:00
2006-12-18,2.15,chinabond_official,1001.CB,ChinaBond Government Bond Yield Curve,0,1.0,https://yield.chinabond.com.cn/cbweb-czb-web/czb/historyQuery,2026-08-09T11:34:01.034821+00:00
2006-12-19,2.12,chinabond_official,1001.CB,ChinaBond Government Bond Yield Curve,0,1.0,https://yield.chinabond.com.cn/cbweb-czb-web/czb/historyQuery,2026-08-09T11:34:01.034821+00:00
2006-12-20,2.1,chinabond_official,1001.CB,ChinaBond Government Bond Yield Curve,0,1.0,https://yield.chinabond.com.cn/cbweb-czb-web/czb/historyQuery,2026-08-09T11:34:01.034821+00:00
2006-12-21,2.11,chinabond_official,1001.CB,ChinaBond Government Bond Yield Curve,0,1.0,https://yield.chinabond.com.cn/cbweb-czb-web/czb/historyQuery,2026-08-09T11:34:01.034821+00:00
2006-12-22,2.11,chinabond_official,1001.CB,ChinaBond Government Bond Yield Curve,0,1.0,https://yield.chinabond.com.cn/cbweb-czb-web/czb/historyQuery,2026-08-09T11:34:01.034821+00:00
2006-12-25,2.11,chinabond_official,1001.CB,ChinaBond Government Bond Yield Curve,0,1.0,https://yield.chinabond.com.cn/cbweb-czb-web/czb/historyQuery,2026-08-09T11:34:01.034821+00:00
2006-12-26,2.11,chinabond_official,1001.CB,ChinaBond Government Bond Yield Curve,0,1.0,https://yield.chinabond.com.cn/cbweb-czb-web/czb/historyQuery,2026-08-09T11:34:01.034821+00:00
2006-12-27,2.09,chinabond_official,1001.CB,ChinaBond Government Bond Yield Curve,0,1.0,https://yield.chinabond.com.cn/cbweb-czb-web/czb/historyQuery,2026-08-09T11:34:01.034821+00:00
2006-12-28,2.08,chinabond_official,1001.CB,ChinaBond Government Bond Yield Curve,0,1.0,https://yield.chinabond.com.cn/cbweb-czb-web/czb/historyQuery,2026-08-09T11:34:01.034821+00:00
2006-12-29,2.09,chinabond_official,1001.CB,ChinaBond Government Bond Yield Curve,0,1.0,https://yield.chinabond.com.cn/cbweb-czb-web/czb/historyQuery,2026-08-09T11:34:01.034821+00:00
2006-12-30,2.09,chinabond_official,1001.CB,ChinaBond Government Bond Yield Curve,0,1.0,https://yield.chinabond.com.cn/cbweb-czb-web/czb/historyQuery,2026-08-09T11:34:01.034821+00:00
2006-12-31,2.09,chinabond_official,1001.CB,ChinaBond Government Bond Yield Curve,0,1.0,https://yield.chinabond.com.cn/cbweb-czb-web/czb/historyQuery,2026-08-09T11:34:01.034821+00:00
2007-01-04,2.08,chinabond_official,1001.CB,ChinaBond Government Bond Yield Curve,0,1.0,https://yield.chinabond.com.cn/cbweb-czb-web/czb/historyQuery,2026-08-09T11:34:01.034821+00:00
2007-01-05,2.08,chinabond_official,1001.CB,ChinaBond Government Bond Yield Curve,0,1.0,https://yield.chinabond.com.cn/cbweb-czb-web/czb/historyQuery,2026-08-09T11:34:01.034821+00:00
2007-01-08,2.09,chinabond_official,1001.CB,ChinaBond Government Bond Yield Curve,0,1.0,https://yield.chinabond.com.cn/cbweb-czb-web/czb/historyQuery,2026-08-09T11:34:01.034821+00:00
2007-01-09,2.07,chinabond_official,1001.CB,ChinaBond Government Bond Yield Curve,0,1.0,https://yield.chinabond.com.cn/cbweb-czb-web/czb/historyQuery,2026-08-09T11:34:01.034821+00:00
2007-01-10,2.08,chinabond_official,1001.CB,ChinaBond Government Bond Yield Curve,0,1.0,https://yield.chinabond.com.cn/cbweb-czb-web/czb/historyQuery,2026-08-09T11:34:01.034821+00:00
2007-01-11,2.09,chinabond_official,1001.CB,ChinaBond Government Bond Yield Curve,0,1.0,https://yield.chinabond.com.cn/cbweb-czb-web/czb/historyQuery,2026-08-09T11:34:01.034821+00:00
2007-01-12,2.09,chinabond_official,1001.CB,ChinaBond Government Bond Yield Curve,0,1.0,https://yield.chinabond.com.cn/cbweb-czb-web/czb/historyQuery,2026-08-09T11:34:01.034821+00:00
2007-01-15,2.08,chinabond_official,1001.CB,ChinaBond Government Bond Yield Curve,0,1.0,https://yield.chinabond.com.cn/cbweb-czb-web/czb/historyQuery,2026-08-09T11:34:01.034821+00:00
2007-01-16,2.04,chinabond_official,1001.CB,ChinaBond Government Bond Yield Curve,0,1.0,https://yield.chinabond.com.cn/cbweb-czb-web/czb/historyQuery,2026-08-09T11:34:01.034821+00:00
2007-01-17,2.04,chinabond_official,1001.CB,ChinaBond Government Bond Yield Curve,0,1.0,https://yield.chinabond.com.cn/cbweb-czb-web/czb/historyQuery,2026-08-09T11:34:01.034821+00:00
2007-01-18,2.05,chinabond_official,1001.CB,ChinaBond Government Bond Yield Curve,0,1.0,https://yield.chinabond.com.cn/cbweb-czb-web/czb/historyQuery,2026-08-09T11:34:01.034821+00:00
2007-01-19,2.04,chinabond_official,1001.CB,ChinaBond Government Bond Yield Curve,0,1.0,https://yield.chinabond.com.cn/cbweb-czb-web/czb/historyQuery,2026-08-09T11:34:01.034821+00:00
2007-01-22,2.05,chinabond_official,1001.CB,ChinaBond Government Bond Yield Curve,0,1.0,https://yield.chinabond.com.cn/cbweb-czb-web/czb/historyQuery,2026-08-09T11:34:01.034821+00:00
2007-01-23,2.04,chinabond_official,1001.CB,ChinaBond Government Bond Yield Curve,0,1.0,https://yield.chinabond.com.cn/cbweb-czb-web/czb/historyQuery,2026-08-09T11:34:01.034821+00:00
2007-01-24,2.05,chinabond_official,1001.CB,ChinaBond Government Bond Yield Curve,0,1.0,https://yield.chinabond.com.cn/cbweb-czb-web/czb/historyQuery,2026-08-09T11:34:01.034821+00:00
2007-01-25,2.05,chinabond_official,1001.CB,ChinaBond Government Bond Yield Curve,0,1.0,https://yield.chinabond.com.cn/cbweb-czb-web/czb/historyQuery,2026-08-09T11:34:01.034821+00:00
2007-01-26,2.04,chinabond_official,1001.CB,ChinaBond Government Bond Yield Curve,0,1.0,https://yield.chinabond.com.cn/cbweb-czb-web/czb/historyQuery,2026-08-09T11:34:01.034821+00:00
2007-01-29,2.04,chinabond_official,1001.CB,ChinaBond Government Bond Yield Curve,0,1.0,https://yield.chinabond.com.cn/cbweb-czb-web/czb/historyQuery,2026-08-09T11:34:01.034821+00:00
2007-01-30,2.06,chinabond_official,1001.CB,ChinaBond Government Bond Yield Curve,0,1.0,https://yield.chinabond.com.cn/cbweb-czb-web/czb/historyQuery,2026-08-09T11:34:01.034821+00:00
2007-01-31,2.07,chinabond_official,1001.CB,ChinaBond Government Bond Yield Curve,0,1.0,https://yield.chinabond.com.cn/cbweb-czb-web/czb/historyQuery,2026-08-09T11:34:01.034821+00:00
2007-02-01,2.09,chinabond_official,1001.CB,ChinaBond Government Bond Yield Curve,0,1.0,https://yield.chinabond.com.cn/cbweb-czb-web/czb/historyQuery,2026-08-09T11:34:01.034821+00:00
2007-02-02,2.1,chinabond_official,1001.CB,ChinaBond Government Bond Yield Curve,0,1.0,https://yield.chinabond.com.cn/cbweb-czb-web/czb/historyQuery,2026-08-09T11:34:01.034821+00:00
2007-02-05,2.12,chinabond_official,1001.CB,ChinaBond Government Bond Yield Curve,0,1.0,https://yield.chinabond.com.cn/cbweb-czb-web/czb/historyQuery,2026-08-09T11:34:01.034821+00:00
2007-02-06,2.13,chinabond_official,1001.CB,ChinaBond Government Bond Yield Curve,0,1.0,https://yield.chinabond.com.cn/cbweb-czb-web/czb/historyQuery,2026-08-09T11:34:01.034821+00:00
2007-02-07,2.12,chinabond_official,1001.CB,ChinaBond Government Bond Yield Curve,0,1.0,https://yield.chinabond.com.cn/cbweb-czb-web/czb/historyQuery,2026-08-09T11:34:01.034821+00:00
2007-02-08,2.12,chinabond_official,1001.CB,ChinaBond Government Bond Yield Curve,0,1.0,https://yield.chinabond.com.cn/cbweb-czb-web/czb/historyQuery,2026-08-09T11:34:01.034821+00:00
2007-02-09,2.12,chinabond_official,1001.CB,ChinaBond Government Bond Yield Curve,0,1.0,https://yield.chinabond.com.cn/cbweb-czb-web/czb/historyQuery,2026-08-09T11:34:01.034821+00:00
2007-02-12,2.14,chinabond_official,1001.CB,ChinaBond Government Bond Yield Curve,0,1.0,https://yield.chinabond.com.cn/cbweb-czb-web/czb/historyQuery,2026-08-09T11:34:01.034821+00:00
2007-02-13,2.11,chinabond_official,1001.CB,ChinaBond Government Bond Yield Curve,0,1.0,https://yield.chinabond.com.cn/cbweb-czb-web/czb/historyQuery,2026-08-09T11:34:01.034821+00:00
2007-02-14,2.14,chinabond_official,1001.CB,ChinaBond Government Bond Yield Curve,0,1.0,https://yield.chinabond.com.cn/cbweb-czb-web/czb/historyQuery,2026-08-09T11:34:01.034821+00:00
2007-02-15,2.15,chinabond_official,1001.CB,ChinaBond Government Bond Yield Curve,0,1.0,https://yield.chinabond.com.cn/cbweb-czb-web/czb/historyQuery,2026-08-09T11:34:01.034821+00:00
2007-02-16,2.16,chinabond_official,1001.CB,ChinaBond Government Bond Yield Curve,0,1.0,https://yield.chinabond.com.cn/cbweb-czb-web/czb/historyQuery,2026-08-09T11:34:01.034821+00:00
2007-02-17,2.16,chinabond_official,1001.CB,ChinaBond Government Bond Yield Curve,0,1.0,https://yield.chinabond.com.cn/cbweb-czb-web/czb/historyQuery,2026-08-09T11:34:01.034821+00:00
2007-02-25,2.15,chinabond_official,1001.CB,ChinaBond Government Bond Yield Curve,0,1.0,https://yield.chinabond.com.cn/cbweb-czb-web/czb/historyQuery,2026-08-09T11:34:01.034821+00:00
2007-02-26,2.15,chinabond_official,1001.CB,ChinaBond Government Bond Yield Curve,0,1.0,https://yield.chinabond.com.cn/cbweb-czb-web/czb/historyQuery,2026-08-09T11:34:01.034821+00:00
2007-02-27,2.15,chinabond_official,1001.CB,ChinaBond Government Bond Yield Curve,0,1.0,https://yield.chinabond.com.cn/cbweb-czb-web/czb/historyQuery,2026-08-09T11:34:01.034821+00:00
2007-02-28,2.14,chinabond_official,1001.CB,ChinaBond Government Bond Yield Curve,0,1.0,https://yield.chinabond.com.cn/cbweb-czb-web/czb/historyQuery,2026-08-09T11:34:01.034821+00:00
2007-03-01,2.14,chinabond_official,1001.CB,ChinaBond Government Bond Yield Curve,0,1.0,https://yield.chinabond.com.cn/cbweb-czb-web/czb/historyQuery,2026-08-09T11:34:01.034821+00:00
2007-03-02,2.14,chinabond_official,1001.CB,ChinaBond Government Bond Yield Curve,0,1.0,https://yield.chinabond.com.cn/cbweb-czb-web/czb/historyQuery,2026-08-09T11:34:01.034821+00:00
2007-03-05,2.14,chinabond_official,1001.CB,ChinaBond Government Bond Yield Curve,0,1.0,https://yield.chinabond.com.cn/cbweb-czb-web/czb/historyQuery,2026-08-09T11:34:01.034821+00:00
2007-03-06,2.14,chinabond_official,1001.CB,ChinaBond Government Bond Yield Curve,0,1.0,https://yield.chinabond.com.cn/cbweb-czb-web/czb/historyQuery,2026-08-09T11:34:01.034821+00:00
2007-03-07,2.15,chinabond_official,1001.CB,ChinaBond Government Bond Yield Curve,0,1.0,https://yield.chinabond.com.cn/cbweb-czb-web/czb/historyQuery,2026-08-09T11:34:01.034821+00:00
2007-03-08,2.15,chinabond_official,1001.CB,ChinaBond Government Bond Yield Curve,0,1.0,https://yield.chinabond.com.cn/cbweb-czb-web/czb/historyQuery,2026-08-09T11:34:01.034821+00:00
2007-03-09,2.14,chinabond_official,1001.CB,ChinaBond Government Bond Yield Curve,0,1.0,https://yield.chinabond.com.cn/cbweb-czb-web/czb/historyQuery,2026-08-09T11:34:01.034821+00:00
2007-03-12,2.14,chinabond_official,1001.CB,ChinaBond Government Bond Yield Curve,0,1.0,https://yield.chinabond.com.cn/cbweb-czb-web/czb/historyQuery,2026-08-09T11:34:01.034821+00:00
2007-03-13,2.14,chinabond_official,1001.CB,ChinaBond Government Bond Yield Curve,0,1.0,https://yield.chinabond.com.cn/cbweb-czb-web/czb/historyQuery,2026-08-09T11:34:01.034821+00:00
2007-03-14,2.13,chinabond_official,1001.CB,ChinaBond Government Bond Yield Curve,0,1.0,https://yield.chinabond.com.cn/cbweb-czb-web/czb/historyQuery,2026-08-09T11:34:01.034821+00:00
2007-03-15,2.13,chinabond_official,1001.CB,ChinaBond Government Bond Yield Curve,0,1.0,https://yield.chinabond.com.cn/cbweb-czb-web/czb/historyQuery,2026-08-09T11:34:01.034821+00:00
2007-03-16,2.14,chinabond_official,1001.CB,ChinaBond Government Bond Yield Curve,0,1.0,https://yield.chinabond.com.cn/cbweb-czb-web/czb/historyQuery,2026-08-09T11:34:01.034821+00:00
2007-03-19,2.16,chinabond_official,1001.CB,ChinaBond Government Bond Yield Curve,0,1.0,https://yield.chinabond.com.cn/cbweb-czb-web/czb/historyQuery,2026-08-09T11:34:01.034821+00:00
2007-03-20,2.17,chinabond_official,1001.CB,ChinaBond Government Bond Yield Curve,0,1.0,https://yield.chinabond.com.cn/cbweb-czb-web/czb/historyQuery,2026-08-09T11:34:01.034821+00:00
2007-03-21,2.21,chinabond_official,1001.CB,ChinaBond Government Bond Yield Curve,0,1.0,https://yield.chinabond.com.cn/cbweb-czb-web/czb/historyQuery,2026-08-09T11:34:01.034821+00:00
2007-03-22,2.22,chinabond_official,1001.CB,ChinaBond Government Bond Yield Curve,0,1.0,https://yield.chinabond.com.cn/cbweb-czb-web/czb/historyQuery,2026-08-09T11:34:01.034821+00:00
2007-03-23,2.22,chinabond_official,1001.CB,ChinaBond Government Bond Yield Curve,0,1.0,https://yield.chinabond.com.cn/cbweb-czb-web/czb/historyQuery,2026-08-09T11:34:01.034821+00:00
2007-03-26,2.24,chinabond_official,1001.CB,ChinaBond Government Bond Yield Curve,0,1.0,https://yield.chinabond.com.cn/cbweb-czb-web/czb/historyQuery,2026-08-09T11:34:01.034821+00:00
2007-03-27,2.25,chinabond_official,1001.CB,ChinaBond Government Bond Yield Curve,0,1.0,https://yield.chinabond.com.cn/cbweb-czb-web/czb/historyQuery,2026-08-09T11:34:01.034821+00:00
2007-03-28,2.25,chinabond_official,1001.CB,ChinaBond Government Bond Yield Curve,0,1.0,https://yield.chinabond.com.cn/cbweb-czb-web/czb/historyQuery,2026-08-09T11:34:01.034821+00:00
2007-03-29,2.25,chinabond_official,1001.CB,ChinaBond Government Bond Yield Curve,0,1.0,https://yield.chinabond.com.cn/cbweb-czb-web/czb/historyQuery,2026-08-09T11:34:01.034821+00:00
2007-03-30,2.25,chinabond_official,1001.CB,ChinaBond Government Bond Yield Curve,0,1.0,https://yield.chinabond.com.cn/cbweb-czb-web/czb/historyQuery,2026-08-09T11:34:01.034821+00:00
2007-04-02,2.27,chinabond_official,1001.CB,ChinaBond Government Bond Yield Curve,0,1.0,https://yield.chinabond.com.cn/cbweb-czb-web/czb/historyQuery,2026-08-09T11:34:01.034821+00:00
2007-04-03,2.27,chinabond_official,1001.CB,ChinaBond Government Bond Yield Curve,0,1.0,https://yield.chinabond.com.cn/cbweb-czb-web/czb/historyQuery,2026-08-09T11:34:01.034821+00:00
2007-04-04,2.27,chinabond_official,1001.CB,ChinaBond Government Bond Yield Curve,0,1.0,https://yield.chinabond.com.cn/cbweb-czb-web/czb/historyQuery,2026-08-09T11:34:01.034821+00:00
2007-04-05,2.27,chinabond_official,1001.CB,ChinaBond Government Bond Yield Curve,0,1.0,https://yield.chinabond.com.cn/cbweb-czb-web/czb/historyQuery,2026-08-09T11:34:01.034821+00:00
2007-04-06,2.27,chinabond_official,1001.CB,ChinaBond Government Bond Yield Curve,0,1.0,https://yield.chinabond.com.cn/cbweb-czb-web/czb/historyQuery,2026-08-09T11:34:01.034821+00:00
2007-04-09,2.27,chinabond_official,1001.CB,ChinaBond Government Bond Yield Curve,0,1.0,https://yield.chinabond.com.cn/cbweb-czb-web/czb/historyQuery,2026-08-09T11:34:01.034821+00:00
2007-04-10,2.27,chinabond_official,1001.CB,ChinaBond Government Bond Yield Curve,0,1.0,https://yield.chinabond.com.cn/cbweb-czb-web/czb/historyQuery,2026-08-09T11:34:01.034821+00:00
2007-04-11,2.27,chinabond_official,1001.CB,ChinaBond Government Bond Yield Curve,0,1.0,https://yield.chinabond.com.cn/cbweb-czb-web/czb/historyQuery,2026-08-09T11:34:01.034821+00:00
2007-04-12,2.27,chinabond_official,1001.CB,ChinaBond Government Bond Yield Curve,0,1.0,https://yield.chinabond.com.cn/cbweb-czb-web/czb/historyQuery,2026-08-09T11:34:01.034821+00:00
2007-04-13,2.28,chinabond_official,1001.CB,ChinaBond Government Bond Yield Curve,0,1.0,https://yield.chinabond.com.cn/cbweb-czb-web/czb/historyQuery,2026-08-09T11:34:01.034821+00:00
2007-04-16,2.27,chinabond_official,1001.CB,ChinaBond Government Bond Yield Curve,0,1.0,https://yield.chinabond.com.cn/cbweb-czb-web/czb/historyQuery,2026-08-09T11:34:01.034821+00:00
2007-04-17,2.27,chinabond_official,1001.CB,ChinaBond Government Bond Yield Curve,0,1.0,https://yield.chinabond.com.cn/cbweb-czb-web/czb/historyQuery,2026-08-09T11:34:01.034821+00:00
2007-04-18,2.27,chinabond_official,1001.CB,ChinaBond Government Bond Yield Curve,0,1.0,https://yield.chinabond.com.cn/cbweb-czb-web/czb/historyQuery,2026-08-09T11:34:01.034821+00:00
2007-04-19,2.29,chinabond_official,1001.CB,ChinaBond Government Bond Yield Curve,0,1.0,https://yield.chinabond.com.cn/cbweb-czb-web/czb/historyQuery,2026-08-09T11:34:01.034821+00:00
2007-04-20,2.29,chinabond_official,1001.CB,ChinaBond Government Bond Yield Curve,0,1.0,https://yield.chinabond.com.cn/cbweb-czb-web/czb/historyQuery,2026-08-09T11:34:01.034821+00:00
2007-04-23,2.29,chinabond_official,1001.CB,ChinaBond Government Bond Yield Curve,0,1.0,https://yield.chinabond.com.cn/cbweb-czb-web/czb/historyQuery,2026-08-09T11:34:01.034821+00:00
2007-04-24,2.29,chinabond_official,1001.CB,ChinaBond Government Bond Yield Curve,0,1.0,https://yield.chinabond.com.cn/cbweb-czb-web/czb/historyQuery,2026-08-09T11:34:01.034821+00:00
2007-04-25,2.31,chinabond_official,1001.CB,ChinaBond Government Bond Yield Curve,0,1.0,https://yield.chinabond.com.cn/cbweb-czb-web/czb/historyQuery,2026-08-09T11:34:01.034821+00:00
2007-04-26,2.33,chinabond_official,1001.CB,ChinaBond Government Bond Yield Curve,0,1.0,https://yield.chinabond.com.cn/cbweb-czb-web/czb/historyQuery,2026-08-09T11:34:01.034821+00:00
2007-04-27,2.33,chinabond_official,1001.CB,ChinaBond Government Bond Yield Curve,0,1.0,https://yield.chinabond.com.cn/cbweb-czb-web/czb/historyQuery,2026-08-09T11:34:01.034821+00:00
2007-04-28,2.36,chinabond_official,1001.CB,ChinaBond Government Bond Yield Curve,0,1.0,https://yield.chinabond.com.cn/cbweb-czb-web/czb/historyQuery,2026-08-09T11:34:01.034821+00:00
2007-04-29,2.25,chinabond_official,1001.CB,ChinaBond Government Bond Yield Curve,0,1.0,https://yield.chinabond.com.cn/cbweb-czb-web/czb/historyQuery,2026-08-09T11:34:01.034821+00:00
2007-04-30,2.29,chinabond_official,1001.CB,ChinaBond Government Bond Yield Curve,0,1.0,https://yield.chinabond.com.cn/cbweb-czb-web/czb/historyQuery,2026-08-09T11:34:01.034821+00:00
2007-05-08,2.29,chinabond_official,1001.CB,ChinaBond Government Bond Yield Curve,0,1.0,https://yield.chinabond.com.cn/cbweb-czb-web/czb/historyQuery,2026-08-09T11:34:01.034821+00:00
2007-05-09,2.3,chinabond_official,1001.CB,ChinaBond Government Bond Yield Curve,0,1.0,https://yield.chinabond.com.cn/cbweb-czb-web/czb/historyQuery,2026-08-09T11:34:01.034821+00:00
2007-05-10,2.3,chinabond_official,1001.CB,ChinaBond Government Bond Yield Curve,0,1.0,https://yield.chinabond.com.cn/cbweb-czb-web/czb/historyQuery,2026-08-09T11:34:01.034821+00:00
2007-05-11,2.32,chinabond_official,1001.CB,ChinaBond Government Bond Yield Curve,0,1.0,https://yield.chinabond.com.cn/cbweb-czb-web/czb/historyQuery,2026-08-09T11:34:01.034821+00:00
2007-05-14,2.32,chinabond_official,1001.CB,ChinaBond Government Bond Yield Curve,0,1.0,https://yield.chinabond.com.cn/cbweb-czb-web/czb/historyQuery,2026-08-09T11:34:01.034821+00:00
2007-05-15,2.33,chinabond_official,1001.CB,ChinaBond Government Bond Yield Curve,0,1.0,https://yield.chinabond.com.cn/cbweb-czb-web/czb/historyQuery,2026-08-09T11:34:01.034821+00:00
2007-05-16,2.31,chinabond_official,1001.CB,ChinaBond Government Bond Yield Curve,0,1.0,https://yield.chinabond.com.cn/cbweb-czb-web/czb/historyQuery,2026-08-09T11:34:01.034821+00:00
2007-05-17,2.31,chinabond_official,1001.CB,ChinaBond Government Bond Yield Curve,0,1.0,https://yield.chinabond.com.cn/cbweb-czb-web/czb/historyQuery,2026-08-09T11:34:01.034821+00:00
2007-05-18,2.31,chinabond_official,1001.CB,ChinaBond Government Bond Yield Curve,0,1.0,https://yield.chinabond.com.cn/cbweb-czb-web/czb/historyQuery,2026-08-09T11:34:01.034821+00:00
2007-05-21,2.34,chinabond_official,1001.CB,ChinaBond Government Bond Yield Curve,0,1.0,https://yield.chinabond.com.cn/cbweb-czb-web/czb/historyQuery,2026-08-09T11:34:01.034821+00:00
2007-05-22,2.41,chinabond_official,1001.CB,ChinaBond Government Bond Yield Curve,0,1.0,https://yield.chinabond.com.cn/cbweb-czb-web/czb/historyQuery,2026-08-09T11:34:01.034821+00:00
2007-05-23,2.44,chinabond_official,1001.CB,ChinaBond Government Bond Yield Curve,0,1.0,https://yield.chinabond.com.cn/cbweb-czb-web/czb/historyQuery,2026-08-09T11:34:01.034821+00:00
2007-05-24,2.45,chinabond_official,1001.CB,ChinaBond Government Bond Yield Curve,0,1.0,https://yield.chinabond.com.cn/cbweb-czb-web/czb/historyQuery,2026-08-09T11:34:01.034821+00:00
2007-05-25,2.45,chinabond_official,1001.CB,ChinaBond Government Bond Yield Curve,0,1.0,https://yield.chinabond.com.cn/cbweb-czb-web/czb/historyQuery,2026-08-09T11:34:01.034821+00:00
2007-05-28,2.44,chinabond_official,1001.CB,ChinaBond Government Bond Yield Curve,0,1.0,https://yield.chinabond.com.cn/cbweb-czb-web/czb/historyQuery,2026-08-09T11:34:01.034821+00:00
2007-05-29,2.48,chinabond_official,1001.CB,ChinaBond Government Bond Yield Curve,0,1.0,https://yield.chinabond.com.cn/cbweb-czb-web/czb/historyQuery,2026-08-09T11:34:01.034821+00:00
2007-05-30,2.46,chinabond_official,1001.CB,ChinaBond Government Bond Yield Curve,0,1.0,https://yield.chinabond.com.cn/cbweb-czb-web/czb/historyQuery,2026-08-09T11:34:01.034821+00:00
2007-05-31,2.49,chinabond_official,1001.CB,ChinaBond Government Bond Yield Curve,0,1.0,https://yield.chinabond.com.cn/cbweb-czb-web/czb/historyQuery,2026-08-09T11:34:01.034821+00:00
2007-06-01,2.49,chinabond_official,1001.CB,ChinaBond Government Bond Yield Curve,0,1.0,https://yield.chinabond.com.cn/cbweb-czb-web/czb/historyQuery,2026-08-09T11:34:01.034821+00:00
2007-06-04,2.49,chinabond_official,1001.CB,ChinaBond Government Bond Yield Curve,0,1.0,https://yield.chinabond.com.cn/cbweb-czb-web/czb/historyQuery,2026-08-09T11:34:01.034821+00:00
2007-06-05,2.49,chinabond_official,1001.CB,ChinaBond Government Bond Yield Curve,0,1.0,https://yield.chinabond.com.cn/cbweb-czb-web/czb/historyQuery,2026-08-09T11:34:01.034821+00:00
2007-06-06,2.49,chinabond_official,1001.CB,ChinaBond Government Bond Yield Curve,0,1.0,https://yield.chinabond.com.cn/cbweb-czb-web/czb/historyQuery,2026-08-09T11:34:01.034821+00:00
2007-06-07,2.49,chinabond_official,1001.CB,ChinaBond Government Bond Yield Curve,0,1.0,https://yield.chinabond.com.cn/cbweb-czb-web/czb/historyQuery,2026-08-09T11:34:01.034821+00:00
2007-06-08,2.49,chinabond_official,1001.CB,ChinaBond Government Bond Yield Curve,0,1.0,https://yield.chinabond.com.cn/cbweb-czb-web/czb/historyQuery,2026-08-09T11:34:01.034821+00:00
2007-06-11,2.5,chinabond_official,1001.CB,ChinaBond Government Bond Yield Curve,0,1.0,https://yield.chinabond.com.cn/cbweb-czb-web/czb/historyQuery,2026-08-09T11:34:01.034821+00:00
2007-06-12,2.51,chinabond_official,1001.CB,ChinaBond Government Bond Yield Curve,0,1.0,https://yield.chinabond.com.cn/cbweb-czb-web/czb/historyQuery,2026-08-09T11:34:01.034821+00:00
2007-06-13,2.61,chinabond_official,1001.CB,ChinaBond Government Bond Yield Curve,0,1.0,https://yield.chinabond.com.cn/cbweb-czb-web/czb/historyQuery,2026-08-09T11:34:01.034821+00:00
2007-06-14,2.63,chinabond_official,1001.CB,ChinaBond Government Bond Yield Curve,0,1.0,https://yield.chinabond.com.cn/cbweb-czb-web/czb/historyQuery,2026-08-09T11:34:01.034821+00:00
2007-06-15,2.63,chinabond_official,1001.CB,ChinaBond Government Bond Yield Curve,0,1.0,https://yield.chinabond.com.cn/cbweb-czb-web/czb/historyQuery,2026-08-09T11:34:01.034821+00:00
2007-06-18,2.62,chinabond_official,1001.CB,ChinaBond Government Bond Yield Curve,0,1.0,https://yield.chinabond.com.cn/cbweb-czb-web/czb/historyQuery,2026-08-09T11:34:01.034821+00:00
2007-06-19,2.62,chinabond_official,1001.CB,ChinaBond Government Bond Yield Curve,0,1.0,https://yield.chinabond.com.cn/cbweb-czb-web/czb/historyQuery,2026-08-09T11:34:01.034821+00:00
2007-06-20,2.64,chinabond_official,1001.CB,ChinaBond Government Bond Yield Curve,0,1.0,https://yield.chinabond.com.cn/cbweb-czb-web/czb/historyQuery,2026-08-09T11:34:01.034821+00:00
2007-06-21,2.65,chinabond_official,1001.CB,ChinaBond Government Bond Yield Curve,0,1.0,https://yield.chinabond.com.cn/cbweb-czb-web/czb/historyQuery,2026-08-09T11:34:01.034821+00:00
2007-06-22,2.65,chinabond_official,1001.CB,ChinaBond Government Bond Yield Curve,0,1.0,https://yield.chinabond.com.cn/cbweb-czb-web/czb/historyQuery,2026-08-09T11:34:01.034821+00:00
2007-06-25,2.66,chinabond_official,1001.CB,ChinaBond Government Bond Yield Curve,0,1.0,https://yield.chinabond.com.cn/cbweb-czb-web/czb/historyQuery,2026-08-09T11:34:01.034821+00:00
2007-06-26,2.68,chinabond_official,1001.CB,ChinaBond Government Bond Yield Curve,0,1.0,https://yield.chinabond.com.cn/cbweb-czb-web/czb/historyQuery,2026-08-09T11:34:01.034821+00:00
2007-06-27,2.65,chinabond_official,1001.CB,ChinaBond Government Bond Yield Curve,0,1.0,https://yield.chinabond.com.cn/cbweb-czb-web/czb/historyQuery,2026-08-09T11:34:01.034821+00:00
2007-06-28,2.65,chinabond_official,1001.CB,ChinaBond Government Bond Yield Curve,0,1.0,https://yield.chinabond.com.cn/cbweb-czb-web/czb/historyQuery,2026-08-09T11:34:01.034821+00:00
2007-06-29,2.68,chinabond_official,1001.CB,ChinaBond Government Bond Yield Curve,0,1.0,https://yield.chinabond.com.cn/cbweb-czb-web/czb/historyQuery,2026-08-09T11:34:01.034821+00:00
2007-07-02,2.7,chinabond_official,1001.CB,ChinaBond Government Bond Yield Curve,0,1.0,https://yield.chinabond.com.cn/cbweb-czb-web/czb/historyQuery,2026-08-09T11:34:01.034821+00:00
2007-07-03,2.74,chinabond_official,1001.CB,ChinaBond Government Bond Yield Curve,0,1.0,https://yield.chinabond.com.cn/cbweb-czb-web/czb/historyQuery,2026-08-09T11:34:01.034821+00:00
2007-07-04,2.74,chinabond_official,1001.CB,ChinaBond Government Bond Yield Curve,0,1.0,https://yield.chinabond.com.cn/cbweb-czb-web/czb/historyQuery,2026-08-09T11:34:01.034821+00:00
2007-07-05,2.75,chinabond_official,1001.CB,ChinaBond Government Bond Yield Curve,0,1.0,https://yield.chinabond.com.cn/cbweb-czb-web/czb/historyQuery,2026-08-09T11:34:01.034821+00:00
2007-07-06,2.78,chinabond_official,1001.CB,ChinaBond Government Bond Yield Curve,0,1.0,https://yield.chinabond.com.cn/cbweb-czb-web/czb/historyQuery,2026-08-09T11:34:01.034821+00:00
2007-07-09,2.79,chinabond_official,1001.CB,ChinaBond Government Bond Yield Curve,0,1.0,https://yield.chinabond.com.cn/cbweb-czb-web/czb/historyQuery,2026-08-09T11:34:01.034821+00:00
2007-07-10,2.81,chinabond_official,1001.CB,ChinaBond Government Bond Yield Curve,0,1.0,https://yield.chinabond.com.cn/cbweb-czb-web/czb/historyQuery,2026-08-09T11:34:01.034821+00:00
2007-07-11,2.84,chinabond_official,1001.CB,ChinaBond Government Bond Yield Curve,0,1.0,https://yield.chinabond.com.cn/cbweb-czb-web/czb/historyQuery,2026-08-09T11:34:01.034821+00:00
2007-07-12,2.86,chinabond_official,1001.CB,ChinaBond Government Bond Yield Curve,0,1.0,https://yield.chinabond.com.cn/cbweb-czb-web/czb/historyQuery,2026-08-09T11:34:01.034821+00:00
2007-07-13,2.84,chinabond_official,1001.CB,ChinaBond Government Bond Yield Curve,0,1.0,https://yield.chinabond.com.cn/cbweb-czb-web/czb/historyQuery,2026-08-09T11:34:01.034821+00:00
2007-07-16,2.85,chinabond_official,1001.CB,ChinaBond Government Bond Yield Curve,0,1.0,https://yield.chinabond.com.cn/cbweb-czb-web/czb/historyQuery,2026-08-09T11:34:01.034821+00:00
2007-07-17,2.86,chinabond_official,1001.CB,ChinaBond Government Bond Yield Curve,0,1.0,https://yield.chinabond.com.cn/cbweb-czb-web/czb/historyQuery,2026-08-09T11:34:01.034821+00:00
2007-07-18,2.83,chinabond_official,1001.CB,ChinaBond Government Bond Yield Curve,0,1.0,https://yield.chinabond.com.cn/cbweb-czb-web/czb/historyQuery,2026-08-09T11:34:01.034821+00:00
2007-07-19,2.83,chinabond_official,1001.CB,ChinaBond Government Bond Yield Curve,0,1.0,https://yield.chinabond.com.cn/cbweb-czb-web/czb/historyQuery,2026-08-09T11:34:01.034821+00:00
2007-07-20,2.85,chinabond_official,1001.CB,ChinaBond Government Bond Yield Curve,0,1.0,https://yield.chinabond.com.cn/cbweb-czb-web/czb/historyQuery,2026-08-09T11:34:01.034821+00:00
2007-07-23,2.87,chinabond_official,1001.CB,ChinaBond Government Bond Yield Curve,0,1.0,https://yield.chinabond.com.cn/cbweb-czb-web/czb/historyQuery,2026-08-09T11:34:01.034821+00:00
2007-07-24,2.91,chinabond_official,1001.CB,ChinaBond Government Bond Yield Curve,0,1.0,https://yield.chinabond.com.cn/cbweb-czb-web/czb/historyQuery,2026-08-09T11:34:01.034821+00:00
2007-07-25,2.9,chinabond_official,1001.CB,ChinaBond Government Bond Yield Curve,0,1.0,https://yield.chinabond.com.cn/cbweb-czb-web/czb/historyQuery,2026-08-09T11:34:01.034821+00:00
2007-07-26,2.9,chinabond_official,1001.CB,ChinaBond Government Bond Yield Curve,0,1.0,https://yield.chinabond.com.cn/cbweb-czb-web/czb/historyQuery,2026-08-09T11:34:01.034821+00:00
2007-07-27,2.9,chinabond_official,1001.CB,ChinaBond Government Bond Yield Curve,0,1.0,https://yield.chinabond.com.cn/cbweb-czb-web/czb/historyQuery,2026-08-09T11:34:01.034821+00:00
2007-07-30,2.9,chinabond_official,1001.CB,ChinaBond Government Bond Yield Curve,0,1.0,https://yield.chinabond.com.cn/cbweb-czb-web/czb/historyQuery,2026-08-09T11:34:01.034821+00:00
2007-07-31,2.85,chinabond_official,1001.CB,ChinaBond Government Bond Yield Curve,0,1.0,https://yield.chinabond.com.cn/cbweb-czb-web/czb/historyQuery,2026-08-09T11:34:01.034821+00:00
2007-08-01,2.9,chinabond_official,1001.CB,ChinaBond Government Bond Yield Curve,0,1.0,https://yield.chinabond.com.cn/cbweb-czb-web/czb/historyQuery,2026-08-09T11:34:01.034821+00:00
2007-08-02,2.91,chinabond_official,1001.CB,ChinaBond Government Bond Yield Curve,0,1.0,https://yield.chinabond.com.cn/cbweb-czb-web/czb/historyQuery,2026-08-09T11:34:01.034821+00:00
2007-08-03,2.91,chinabond_official,1001.CB,ChinaBond Government Bond Yield Curve,0,1.0,https://yield.chinabond.com.cn/cbweb-czb-web/czb/historyQuery,2026-08-09T11:34:01.034821+00:00
2007-08-06,2.91,chinabond_official,1001.CB,ChinaBond Government Bond Yield Curve,0,1.0,https://yield.chinabond.com.cn/cbweb-czb-web/czb/historyQuery,2026-08-09T11:34:01.034821+00:00
2007-08-07,2.9,chinabond_official,1001.CB,ChinaBond Government Bond Yield Curve,0,1.0,https://yield.chinabond.com.cn/cbweb-czb-web/czb/historyQuery,2026-08-09T11:34:01.034821+00:00
2007-08-08,2.91,chinabond_official,1001.CB,ChinaBond Government Bond Yield Curve,0,1.0,https://yield.chinabond.com.cn/cbweb-czb-web/czb/historyQuery,2026-08-09T11:34:01.034821+00:00
2007-08-09,2.9,chinabond_official,1001.CB,ChinaBond Government Bond Yield Curve,0,1.0,https://yield.chinabond.com.cn/cbweb-czb-web/czb/historyQuery,2026-08-09T11:34:01.034821+00:00
2007-08-10,2.93,chinabond_official,1001.CB,ChinaBond Government Bond Yield Curve,0,1.0,https://yield.chinabond.com.cn/cbweb-czb-web/czb/historyQuery,2026-08-09T11:34:01.034821+00:00
2007-08-13,2.99,chinabond_official,1001.CB,ChinaBond Government Bond Yield Curve,0,1.0,https://yield.chinabond.com.cn/cbweb-czb-web/czb/historyQuery,2026-08-09T11:34:01.034821+00:00
2007-08-14,2.99,chinabond_official,1001.CB,ChinaBond Government Bond Yield Curve,0,1.0,https://yield.chinabond.com.cn/cbweb-czb-web/czb/historyQuery,2026-08-09T11:34:01.034821+00:00
2007-08-15,2.95,chinabond_official,1001.CB,ChinaBond Government Bond Yield Curve,0,1.0,https://yield.chinabond.com.cn/cbweb-czb-web/czb/historyQuery,2026-08-09T11:34:01.034821+00:00
2007-08-16,2.99,chinabond_official,1001.CB,ChinaBond Government Bond Yield Curve,0,1.0,https://yield.chinabond.com.cn/cbweb-czb-web/czb/historyQuery,2026-08-09T11:34:01.034821+00:00
2007-08-17,2.99,chinabond_official,1001.CB,ChinaBond Government Bond Yield Curve,0,1.0,https://yield.chinabond.com.cn/cbweb-czb-web/czb/historyQuery,2026-08-09T11:34:01.034821+00:00
2007-08-20,3.0,chinabond_official,1001.CB,ChinaBond Government Bond Yield Curve,0,1.0,https://yield.chinabond.com.cn/cbweb-czb-web/czb/historyQuery,2026-08-09T11:34:01.034821+00:00
2007-08-21,3.0,chinabond_official,1001.CB,ChinaBond Government Bond Yield Curve,0,1.0,https://yield.chinabond.com.cn/cbweb-czb-web/czb/historyQuery,2026-08-09T11:34:01.034821+00:00
2007-08-22,3.03,chinabond_official,1001.CB,ChinaBond Government Bond Yield Curve,0,1.0,https://yield.chinabond.com.cn/cbweb-czb-web/czb/historyQuery,2026-08-09T11:34:01.034821+00:00
2007-08-23,2.95,chinabond_official,1001.CB,ChinaBond Government Bond Yield Curve,0,1.0,https://yield.chinabond.com.cn/cbweb-czb-web/czb/historyQuery,2026-08-09T11:34:01.034821+00:00
2007-08-24,2.97,chinabond_official,1001.CB,ChinaBond Government Bond Yield Curve,0,1.0,https://yield.chinabond.com.cn/cbweb-czb-web/czb/historyQuery,2026-08-09T11:34:01.034821+00:00
2007-08-27,2.99,chinabond_official,1001.CB,ChinaBond Government Bond Yield Curve,0,1.0,https://yield.chinabond.com.cn/cbweb-czb-web/czb/historyQuery,2026-08-09T11:34:01.034821+00:00
2007-08-28,2.97,chinabond_official,1001.CB,ChinaBond Government Bond Yield Curve,0,1.0,https://yield.chinabond.com.cn/cbweb-czb-web/czb/historyQuery,2026-08-09T11:34:01.034821+00:00
2007-08-29,2.87,chinabond_official,1001.CB,ChinaBond Government Bond Yield Curve,0,1.0,https://yield.chinabond.com.cn/cbweb-czb-web/czb/historyQuery,2026-08-09T11:34:01.034821+00:00
2007-08-30,2.82,chinabond_official,1001.CB,ChinaBond Government Bond Yield Curve,0,1.0,https://yield.chinabond.com.cn/cbweb-czb-web/czb/historyQuery,2026-08-09T11:34:01.034821+00:00
2007-08-31,2.83,chinabond_official,1001.CB,ChinaBond Government Bond Yield Curve,0,1.0,https://yield.chinabond.com.cn/cbweb-czb-web/czb/historyQuery,2026-08-09T11:34:01.034821+00:00
2007-09-03,2.88,chinabond_official,1001.CB,ChinaBond Government Bond Yield Curve,0,1.0,https://yield.chinabond.com.cn/cbweb-czb-web/czb/historyQuery,2026-08-09T11:34:01.034821+00:00
2007-09-04,2.88,chinabond_official,1001.CB,ChinaBond Government Bond Yield Curve,0,1.0,https://yield.chinabond.com.cn/cbweb-czb-web/czb/historyQuery,2026-08-09T11:34:01.034821+00:00
2007-09-05,2.86,chinabond_official,1001.CB,ChinaBond Government Bond Yield Curve,0,1.0,https://yield.chinabond.com.cn/cbweb-czb-web/czb/historyQuery,2026-08-09T11:34:01.034821+00:00
2007-09-06,2.88,chinabond_official,1001.CB,ChinaBond Government Bond Yield Curve,0,1.0,https://yield.chinabond.com.cn/cbweb-czb-web/czb/historyQuery,2026-08-09T11:34:01.034821+00:00
2007-09-07,2.97,chinabond_official,1001.CB,ChinaBond Government Bond Yield Curve,0,1.0,https://yield.chinabond.com.cn/cbweb-czb-web/czb/historyQuery,2026-08-09T11:34:01.034821+00:00
2007-09-10,2.93,chinabond_official,1001.CB,ChinaBond Government Bond Yield Curve,0,1.0,https://yield.chinabond.com.cn/cbweb-czb-web/czb/historyQuery,2026-08-09T11:34:01.034821+00:00
2007-09-11,2.95,chinabond_official,1001.CB,ChinaBond Government Bond Yield Curve,0,1.0,https://yield.chinabond.com.cn/cbweb-czb-web/czb/historyQuery,2026-08-09T11:34:01.034821+00:00
2007-09-12,2.98,chinabond_official,1001.CB,ChinaBond Government Bond Yield Curve,0,1.0,https://yield.chinabond.com.cn/cbweb-czb-web/czb/historyQuery,2026-08-09T11:34:01.034821+00:00
2007-09-13,2.98,chinabond_official,1001.CB,ChinaBond Government Bond Yield Curve,0,1.0,https://yield.chinabond.com.cn/cbweb-czb-web/czb/historyQuery,2026-08-09T11:34:01.034821+00:00
2007-09-14,3.1,chinabond_official,1001.CB,ChinaBond Government Bond Yield Curve,0,1.0,https://yield.chinabond.com.cn/cbweb-czb-web/czb/historyQuery,2026-08-09T11:34:01.034821+00:00
2007-09-17,3.15,chinabond_official,1001.CB,ChinaBond Government Bond Yield Curve,0,1.0,https://yield.chinabond.com.cn/cbweb-czb-web/czb/historyQuery,2026-08-09T11:34:01.034821+00:00
2007-09-18,3.17,chinabond_official,1001.CB,ChinaBond Government Bond Yield Curve,0,1.0,https://yield.chinabond.com.cn/cbweb-czb-web/czb/historyQuery,2026-08-09T11:34:01.034821+00:00
2007-09-19,3.15,chinabond_official,1001.CB,ChinaBond Government Bond Yield Curve,0,1.0,https://yield.chinabond.com.cn/cbweb-czb-web/czb/historyQuery,2026-08-09T11:34:01.034821+00:00
2007-09-20,3.17,chinabond_official,1001.CB,ChinaBond Government Bond Yield Curve,0,1.0,https://yield.chinabond.com.cn/cbweb-czb-web/czb/historyQuery,2026-08-09T11:34:01.034821+00:00
2007-09-21,3.3,chinabond_official,1001.CB,ChinaBond Government Bond Yield Curve,0,1.0,https://yield.chinabond.com.cn/cbweb-czb-web/czb/historyQuery,2026-08-09T11:34:01.034821+00:00
2007-09-24,3.3,chinabond_official,1001.CB,ChinaBond Government Bond Yield Curve,0,1.0,https://yield.chinabond.com.cn/cbweb-czb-web/czb/historyQuery,2026-08-09T11:34:01.034821+00:00
2007-09-25,3.33,chinabond_official,1001.CB,ChinaBond Government Bond Yield Curve,0,1.0,https://yield.chinabond.com.cn/cbweb-czb-web/czb/historyQuery,2026-08-09T11:34:01.034821+00:00
2007-09-26,3.3,chinabond_official,1001.CB,ChinaBond Government Bond Yield Curve,0,1.0,https://yield.chinabond.com.cn/cbweb-czb-web/czb/historyQuery,2026-08-09T11:34:01.034821+00:00
2007-09-27,3.21,chinabond_official,1001.CB,ChinaBond Government Bond Yield Curve,0,1.0,https://yield.chinabond.com.cn/cbweb-czb-web/czb/historyQuery,2026-08-09T11:34:01.034821+00:00
2007-09-28,3.18,chinabond_official,1001.CB,ChinaBond Government Bond Yield Curve,0,1.0,https://yield.chinabond.com.cn/cbweb-czb-web/czb/historyQuery,2026-08-09T11:34:01.034821+00:00
2007-09-29,3.17,chinabond_official,1001.CB,ChinaBond Government Bond Yield Curve,0,1.0,https://yield.chinabond.com.cn/cbweb-czb-web/czb/historyQuery,2026-08-09T11:34:01.034821+00:00
2007-09-30,3.18,chinabond_official,1001.CB,ChinaBond Government Bond Yield Curve,0,1.0,https://yield.chinabond.com.cn/cbweb-czb-web/czb/historyQuery,2026-08-09T11:34:01.034821+00:00
2007-10-08,3.08,chinabond_official,1001.CB,ChinaBond Government Bond Yield Curve,0,1.0,https://yield.chinabond.com.cn/cbweb-czb-web/czb/historyQuery,2026-08-09T11:34:01.034821+00:00
2007-10-09,3.08,chinabond_official,1001.CB,ChinaBond Government Bond Yield Curve,0,1.0,https://yield.chinabond.com.cn/cbweb-czb-web/czb/historyQuery,2026-08-09T11:34:01.034821+00:00
2007-10-10,3.09,chinabond_official,1001.CB,ChinaBond Government Bond Yield Curve,0,1.0,https://yield.chinabond.com.cn/cbweb-czb-web/czb/historyQuery,2026-08-09T11:34:01.034821+00:00
2007-10-11,3.09,chinabond_official,1001.CB,ChinaBond Government Bond Yield Curve,0,1.0,https://yield.chinabond.com.cn/cbweb-czb-web/czb/historyQuery,2026-08-09T11:34:01.034821+00:00
2007-10-12,3.09,chinabond_official,1001.CB,ChinaBond Government Bond Yield Curve,0,1.0,https://yield.chinabond.com.cn/cbweb-czb-web/czb/historyQuery,2026-08-09T11:34:01.034821+00:00
2007-10-15,3.1,chinabond_official,1001.CB,ChinaBond Government Bond Yield Curve,0,1.0,https://yield.chinabond.com.cn/cbweb-czb-web/czb/historyQuery,2026-08-09T11:34:01.034821+00:00
2007-10-16,3.15,chinabond_official,1001.CB,ChinaBond Government Bond Yield Curve,0,1.0,https://yield.chinabond.com.cn/cbweb-czb-web/czb/historyQuery,2026-08-09T11:34:01.034821+00:00
2007-10-17,3.3,chinabond_official,1001.CB,ChinaBond Government Bond Yield Curve,0,1.0,https://yield.chinabond.com.cn/cbweb-czb-web/czb/historyQuery,2026-08-09T11:34:01.034821+00:00
2007-10-18,3.33,chinabond_official,1001.CB,ChinaBond Government Bond Yield Curve,0,1.0,https://yield.chinabond.com.cn/cbweb-czb-web/czb/historyQuery,2026-08-09T11:34:01.034821+00:00
2007-10-19,3.35,chinabond_official,1001.CB,ChinaBond Government Bond Yield Curve,0,1.0,https://yield.chinabond.com.cn/cbweb-czb-web/czb/historyQuery,2026-08-09T11:34:01.034821+00:00
2007-10-22,3.4,chinabond_official,1001.CB,ChinaBond Government Bond Yield Curve,0,1.0,https://yield.chinabond.com.cn/cbweb-czb-web/czb/historyQuery,2026-08-09T11:34:01.034821+00:00
2007-10-23,3.4,chinabond_official,1001.CB,ChinaBond Government Bond Yield Curve,0,1.0,https://yield.chinabond.com.cn/cbweb-czb-web/czb/historyQuery,2026-08-09T11:34:01.034821+00:00
2007-10-24,3.4,chinabond_official,1001.CB,ChinaBond Government Bond Yield Curve,0,1.0,https://yield.chinabond.com.cn/cbweb-czb-web/czb/historyQuery,2026-08-09T11:34:01.034821+00:00
2007-10-25,3.4,chinabond_official,1001.CB,ChinaBond Government Bond Yield Curve,0,1.0,https://yield.chinabond.com.cn/cbweb-czb-web/czb/historyQuery,2026-08-09T11:34:01.034821+00:00
2007-10-26,3.4,chinabond_official,1001.CB,ChinaBond Government Bond Yield Curve,0,1.0,https://yield.chinabond.com.cn/cbweb-czb-web/czb/historyQuery,2026-08-09T11:34:01.034821+00:00
2007-10-29,3.38,chinabond_official,1001.CB,ChinaBond Government Bond Yield Curve,0,1.0,https://yield.chinabond.com.cn/cbweb-czb-web/czb/historyQuery,2026-08-09T11:34:01.034821+00:00
2007-10-30,3.36,chinabond_official,1001.CB,ChinaBond Government Bond Yield Curve,0,1.0,https://yield.chinabond.com.cn/cbweb-czb-web/czb/historyQuery,2026-08-09T11:34:01.034821+00:00
2007-10-31,3.36,chinabond_official,1001.CB,ChinaBond Government Bond Yield Curve,0,1.0,https://yield.chinabond.com.cn/cbweb-czb-web/czb/historyQuery,2026-08-09T11:34:01.034821+00:00
2007-11-01,3.38,chinabond_official,1001.CB,ChinaBond Government Bond Yield Curve,0,1.0,https://yield.chinabond.com.cn/cbweb-czb-web/czb/historyQuery,2026-08-09T11:34:01.034821+00:00
2007-11-02,3.4,chinabond_official,1001.CB,ChinaBond Government Bond Yield Curve,0,1.0,https://yield.chinabond.com.cn/cbweb-czb-web/czb/historyQuery,2026-08-09T11:34:01.034821+00:00
2007-11-05,3.42,chinabond_official,1001.CB,ChinaBond Government Bond Yield Curve,0,1.0,https://yield.chinabond.com.cn/cbweb-czb-web/czb/historyQuery,2026-08-09T11:34:01.034821+00:00
2007-11-06,3.45,chinabond_official,1001.CB,ChinaBond Government Bond Yield Curve,0,1.0,https://yield.chinabond.com.cn/cbweb-czb-web/czb/historyQuery,2026-08-09T11:34:01.034821+00:00
2007-11-07,3.56,chinabond_official,1001.CB,ChinaBond Government Bond Yield Curve,0,1.0,https://yield.chinabond.com.cn/cbweb-czb-web/czb/historyQuery,2026-08-09T11:34:01.034821+00:00
2007-11-08,3.64,chinabond_official,1001.CB,ChinaBond Government Bond Yield Curve,0,1.0,https://yield.chinabond.com.cn/cbweb-czb-web/czb/historyQuery,2026-08-09T11:34:01.034821+00:00
2007-11-09,3.66,chinabond_official,1001.CB,ChinaBond Government Bond Yield Curve,0,1.0,https://yield.chinabond.com.cn/cbweb-czb-web/czb/historyQuery,2026-08-09T11:34:01.034821+00:00
2007-11-12,3.7,chinabond_official,1001.CB,ChinaBond Government Bond Yield Curve,0,1.0,https://yield.chinabond.com.cn/cbweb-czb-web/czb/historyQuery,2026-08-09T11:34:01.034821+00:00
2007-11-13,3.74,chinabond_official,1001.CB,ChinaBond Government Bond Yield Curve,0,1.0,https://yield.chinabond.com.cn/cbweb-czb-web/czb/historyQuery,2026-08-09T11:34:01.034821+00:00
2007-11-14,3.77,chinabond_official,1001.CB,ChinaBond Government Bond Yield Curve,0,1.0,https://yield.chinabond.com.cn/cbweb-czb-web/czb/historyQuery,2026-08-09T11:34:01.034821+00:00
2007-11-15,3.78,chinabond_official,1001.CB,ChinaBond Government Bond Yield Curve,0,1.0,https://yield.chinabond.com.cn/cbweb-czb-web/czb/historyQuery,2026-08-09T11:34:01.034821+00:00
2007-11-16,3.77,chinabond_official,1001.CB,ChinaBond Government Bond Yield Curve,0,1.0,https://yield.chinabond.com.cn/cbweb-czb-web/czb/historyQuery,2026-08-09T11:34:01.034821+00:00
2007-11-19,3.77,chinabond_official,1001.CB,ChinaBond Government Bond Yield Curve,0,1.0,https://yield.chinabond.com.cn/cbweb-czb-web/czb/historyQuery,2026-08-09T11:34:01.034821+00:00
2007-11-20,3.78,chinabond_official,1001.CB,ChinaBond Government Bond Yield Curve,0,1.0,https://yield.chinabond.com.cn/cbweb-czb-web/czb/historyQuery,2026-08-09T11:34:01.034821+00:00
2007-11-21,3.77,chinabond_official,1001.CB,ChinaBond Government Bond Yield Curve,0,1.0,https://yield.chinabond.com.cn/cbweb-czb-web/czb/historyQuery,2026-08-09T11:34:01.034821+00:00
2007-11-22,3.78,chinabond_official,1001.CB,ChinaBond Government Bond Yield Curve,0,1.0,https://yield.chinabond.com.cn/cbweb-czb-web/czb/historyQuery,2026-08-09T11:34:01.034821+00:00
2007-11-23,3.77,chinabond_official,1001.CB,ChinaBond Government Bond Yield Curve,0,1.0,https://yield.chinabond.com.cn/cbweb-czb-web/czb/historyQuery,2026-08-09T11:34:01.034821+00:00
2007-11-26,3.77,chinabond_official,1001.CB,ChinaBond Government Bond Yield Curve,0,1.0,https://yield.chinabond.com.cn/cbweb-czb-web/czb/historyQuery,2026-08-09T11:34:01.034821+00:00
2007-11-27,3.75,chinabond_official,1001.CB,ChinaBond Government Bond Yield Curve,0,1.0,https://yield.chinabond.com.cn/cbweb-czb-web/czb/historyQuery,2026-08-09T11:34:01.034821+00:00
2007-11-28,3.75,chinabond_official,1001.CB,ChinaBond Government Bond Yield Curve,0,1.0,https://yield.chinabond.com.cn/cbweb-czb-web/czb/historyQuery,2026-08-09T11:34:01.034821+00:00
2007-11-29,3.78,chinabond_official,1001.CB,ChinaBond Government Bond Yield Curve,0,1.0,https://yield.chinabond.com.cn/cbweb-czb-web/czb/historyQuery,2026-08-09T11:34:01.034821+00:00
2007-11-30,3.77,chinabond_official,1001.CB,ChinaBond Government Bond Yield Curve,0,1.0,https://yield.chinabond.com.cn/cbweb-czb-web/czb/historyQuery,2026-08-09T11:34:01.034821+00:00
2007-12-03,3.77,chinabond_official,1001.CB,ChinaBond Government Bond Yield Curve,0,1.0,https://yield.chinabond.com.cn/cbweb-czb-web/czb/historyQuery,2026-08-09T11:34:01.034821+00:00
2007-12-04,3.78,chinabond_official,1001.CB,ChinaBond Government Bond Yield Curve,0,1.0,https://yield.chinabond.com.cn/cbweb-czb-web/czb/historyQuery,2026-08-09T11:34:01.034821+00:00
2007-12-05,3.76,chinabond_official,1001.CB,ChinaBond Government Bond Yield Curve,0,1.0,https://yield.chinabond.com.cn/cbweb-czb-web/czb/historyQuery,2026-08-09T11:34:01.034821+00:00
2007-12-06,3.75,chinabond_official,1001.CB,ChinaBond Government Bond Yield Curve,0,1.0,https://yield.chinabond.com.cn/cbweb-czb-web/czb/historyQuery,2026-08-09T11:34:01.034821+00:00
2007-12-07,3.76,chinabond_official,1001.CB,ChinaBond Government Bond Yield Curve,0,1.0,https://yield.chinabond.com.cn/cbweb-czb-web/czb/historyQuery,2026-08-09T11:34:01.034821+00:00
2007-12-10,3.76,chinabond_official,1001.CB,ChinaBond Government Bond Yield Curve,0,1.0,https://yield.chinabond.com.cn/cbweb-czb-web/czb/historyQuery,2026-08-09T11:34:01.034821+00:00
2007-12-11,3.72,chinabond_official,1001.CB,ChinaBond Government Bond Yield Curve,0,1.0,https://yield.chinabond.com.cn/cbweb-czb-web/czb/historyQuery,2026-08-09T11:34:01.034821+00:00
2007-12-12,3.69,chinabond_official,1001.CB,ChinaBond Government Bond Yield Curve,0,1.0,https://yield.chinabond.com.cn/cbweb-czb-web/czb/historyQuery,2026-08-09T11:34:01.034821+00:00
2007-12-13,3.69,chinabond_official,1001.CB,ChinaBond Government Bond Yield Curve,0,1.0,https://yield.chinabond.com.cn/cbweb-czb-web/czb/historyQuery,2026-08-09T11:34:01.034821+00:00
2007-12-14,3.64,chinabond_official,1001.CB,ChinaBond Government Bond Yield Curve,0,1.0,https://yield.chinabond.com.cn/cbweb-czb-web/czb/historyQuery,2026-08-09T11:34:01.034821+00:00
2007-12-17,3.62,chinabond_official,1001.CB,ChinaBond Government Bond Yield Curve,0,1.0,https://yield.chinabond.com.cn/cbweb-czb-web/czb/historyQuery,2026-08-09T11:34:01.034821+00:00
2007-12-18,3.62,chinabond_official,1001.CB,ChinaBond Government Bond Yield Curve,0,1.0,https://yield.chinabond.com.cn/cbweb-czb-web/czb/historyQuery,2026-08-09T11:34:01.034821+00:00
2007-12-19,3.62,chinabond_official,1001.CB,ChinaBond Government Bond Yield Curve,0,1.0,https://yield.chinabond.com.cn/cbweb-czb-web/czb/historyQuery,2026-08-09T11:34:01.034821+00:00
2007-12-20,3.63,chinabond_official,1001.CB,ChinaBond Government Bond Yield Curve,0,1.0,https://yield.chinabond.com.cn/cbweb-czb-web/czb/historyQuery,2026-08-09T11:34:01.034821+00:00
2007-12-21,3.72,chinabond_official,1001.CB,ChinaBond Government Bond Yield Curve,0,1.0,https://yield.chinabond.com.cn/cbweb-czb-web/czb/historyQuery,2026-08-09T11:34:01.034821+00:00
2007-12-24,3.68,chinabond_official,1001.CB,ChinaBond Government Bond Yield Curve,0,1.0,https://yield.chinabond.com.cn/cbweb-czb-web/czb/historyQuery,2026-08-09T11:34:01.034821+00:00
2007-12-25,3.68,chinabond_official,1001.CB,ChinaBond Government Bond Yield Curve,0,1.0,https://yield.chinabond.com.cn/cbweb-czb-web/czb/historyQuery,2026-08-09T11:34:01.034821+00:00
2007-12-26,3.68,chinabond_official,1001.CB,ChinaBond Government Bond Yield Curve,0,1.0,https://yield.chinabond.com.cn/cbweb-czb-web/czb/historyQuery,2026-08-09T11:34:01.034821+00:00
2007-12-27,3.68,chinabond_official,1001.CB,ChinaBond Government Bond Yield Curve,0,1.0,https://yield.chinabond.com.cn/cbweb-czb-web/czb/historyQuery,2026-08-09T11:34:01.034821+00:00
2007-12-28,3.67,chinabond_official,1001.CB,ChinaBond Government Bond Yield Curve,0,1.0,https://yield.chinabond.com.cn/cbweb-czb-web/czb/historyQuery,2026-08-09T11:34:01.034821+00:00
2007-12-29,3.68,chinabond_official,1001.CB,ChinaBond Government Bond Yield Curve,0,1.0,https://yield.chinabond.com.cn/cbweb-czb-web/czb/historyQuery,2026-08-09T11:34:01.034821+00:00
2008-01-02,3.69,chinabond_official,1001.CB,ChinaBond Government Bond Yield Curve,0,1.0,https://yield.chinabond.com.cn/cbweb-czb-web/czb/historyQuery,2026-08-09T11:34:01.034821+00:00
2008-01-03,3.58,chinabond_official,1001.CB,ChinaBond Government Bond Yield Curve,0,1.0,https://yield.chinabond.com.cn/cbweb-czb-web/czb/historyQuery,2026-08-09T11:34:01.034821+00:00
2008-01-04,3.59,chinabond_official,1001.CB,ChinaBond Government Bond Yield Curve,0,1.0,https://yield.chinabond.com.cn/cbweb-czb-web/czb/historyQuery,2026-08-09T11:34:01.034821+00:00
2008-01-07,3.58,chinabond_official,1001.CB,ChinaBond Government Bond Yield Curve,0,1.0,https://yield.chinabond.com.cn/cbweb-czb-web/czb/historyQuery,2026-08-09T11:34:01.034821+00:00
2008-01-08,3.51,chinabond_official,1001.CB,ChinaBond Government Bond Yield Curve,0,1.0,https://yield.chinabond.com.cn/cbweb-czb-web/czb/historyQuery,2026-08-09T11:34:01.034821+00:00
2008-01-09,3.52,chinabond_official,1001.CB,ChinaBond Government Bond Yield Curve,0,1.0,https://yield.chinabond.com.cn/cbweb-czb-web/czb/historyQuery,2026-08-09T11:34:01.034821+00:00
2008-01-10,3.59,chinabond_official,1001.CB,ChinaBond Government Bond Yield Curve,0,1.0,https://yield.chinabond.com.cn/cbweb-czb-web/czb/historyQuery,2026-08-09T11:34:01.034821+00:00
2008-01-11,3.57,chinabond_official,1001.CB,ChinaBond Government Bond Yield Curve,0,1.0,https://yield.chinabond.com.cn/cbweb-czb-web/czb/historyQuery,2026-08-09T11:34:01.034821+00:00
2008-01-14,3.54,chinabond_official,1001.CB,ChinaBond Government Bond Yield Curve,0,1.0,https://yield.chinabond.com.cn/cbweb-czb-web/czb/historyQuery,2026-08-09T11:34:01.034821+00:00
2008-01-15,3.54,chinabond_official,1001.CB,ChinaBond Government Bond Yield Curve,0,1.0,https://yield.chinabond.com.cn/cbweb-czb-web/czb/historyQuery,2026-08-09T11:34:01.034821+00:00
2008-01-16,3.55,chinabond_official,1001.CB,ChinaBond Government Bond Yield Curve,0,1.0,https://yield.chinabond.com.cn/cbweb-czb-web/czb/historyQuery,2026-08-09T11:34:01.034821+00:00
2008-01-17,3.55,chinabond_official,1001.CB,ChinaBond Government Bond Yield Curve,0,1.0,https://yield.chinabond.com.cn/cbweb-czb-web/czb/historyQuery,2026-08-09T11:34:01.034821+00:00
2008-01-18,3.54,chinabond_official,1001.CB,ChinaBond Government Bond Yield Curve,0,1.0,https://yield.chinabond.com.cn/cbweb-czb-web/czb/historyQuery,2026-08-09T11:34:01.034821+00:00
2008-01-21,3.52,chinabond_official,1001.CB,ChinaBond Government Bond Yield Curve,0,1.0,https://yield.chinabond.com.cn/cbweb-czb-web/czb/historyQuery,2026-08-09T11:34:01.034821+00:00
2008-01-22,3.52,chinabond_official,1001.CB,ChinaBond Government Bond Yield Curve,0,1.0,https://yield.chinabond.com.cn/cbweb-czb-web/czb/historyQuery,2026-08-09T11:34:01.034821+00:00
2008-01-23,3.52,chinabond_official,1001.CB,ChinaBond Government Bond Yield Curve,0,1.0,https://yield.chinabond.com.cn/cbweb-czb-web/czb/historyQuery,2026-08-09T11:34:01.034821+00:00
2008-01-24,3.45,chinabond_official,1001.CB,ChinaBond Government Bond Yield Curve,0,1.0,https://yield.chinabond.com.cn/cbweb-czb-web/czb/historyQuery,2026-08-09T11:34:01.034821+00:00
2008-01-25,3.44,chinabond_official,1001.CB,ChinaBond Government Bond Yield Curve,0,1.0,https://yield.chinabond.com.cn/cbweb-czb-web/czb/historyQuery,2026-08-09T11:34:01.034821+00:00
2008-01-28,3.44,chinabond_official,1001.CB,ChinaBond Government Bond Yield Curve,0,1.0,https://yield.chinabond.com.cn/cbweb-czb-web/czb/historyQuery,2026-08-09T11:34:01.034821+00:00
2008-01-29,3.46,chinabond_official,1001.CB,ChinaBond Government Bond Yield Curve,0,1.0,https://yield.chinabond.com.cn/cbweb-czb-web/czb/historyQuery,2026-08-09T11:34:01.034821+00:00
2008-01-30,3.43,chinabond_official,1001.CB,ChinaBond Government Bond Yield Curve,0,1.0,https://yield.chinabond.com.cn/cbweb-czb-web/czb/historyQuery,2026-08-09T11:34:01.034821+00:00
2008-01-31,3.43,chinabond_official,1001.CB,ChinaBond Government Bond Yield Curve,0,1.0,https://yield.chinabond.com.cn/cbweb-czb-web/czb/historyQuery,2026-08-09T11:34:01.034821+00:00
2008-02-01,3.35,chinabond_official,1001.CB,ChinaBond Government Bond Yield Curve,0,1.0,https://yield.chinabond.com.cn/cbweb-czb-web/czb/historyQuery,2026-08-09T11:34:01.034821+00:00
2008-02-02,3.35,chinabond_official,1001.CB,ChinaBond Government Bond Yield Curve,0,1.0,https://yield.chinabond.com.cn/cbweb-czb-web/czb/historyQuery,2026-08-09T11:34:01.034821+00:00
2008-02-03,3.35,chinabond_official,1001.CB,ChinaBond Government Bond Yield Curve,0,1.0,https://yield.chinabond.com.cn/cbweb-czb-web/czb/historyQuery,2026-08-09T11:34:01.034821+00:00
2008-02-04,3.36,chinabond_official,1001.CB,ChinaBond Government Bond Yield Curve,0,1.0,https://yield.chinabond.com.cn/cbweb-czb-web/czb/historyQuery,2026-08-09T11:34:01.034821+00:00
2008-02-05,3.4,chinabond_official,1001.CB,ChinaBond Government Bond Yield Curve,0,1.0,https://yield.chinabond.com.cn/cbweb-czb-web/czb/historyQuery,2026-08-09T11:34:01.034821+00:00
2008-02-13,3.4,chinabond_official,1001.CB,ChinaBond Government Bond Yield Curve,0,1.0,https://yield.chinabond.com.cn/cbweb-czb-web/czb/historyQuery,2026-08-09T11:34:01.034821+00:00
2008-02-14,3.39,chinabond_official,1001.CB,ChinaBond Government Bond Yield Curve,0,1.0,https://yield.chinabond.com.cn/cbweb-czb-web/czb/historyQuery,2026-08-09T11:34:01.034821+00:00
2008-02-15,3.4,chinabond_official,1001.CB,ChinaBond Government Bond Yield Curve,0,1.0,https://yield.chinabond.com.cn/cbweb-czb-web/czb/historyQuery,2026-08-09T11:34:01.034821+00:00
2008-02-18,3.4,chinabond_official,1001.CB,ChinaBond Government Bond Yield Curve,0,1.0,https://yield.chinabond.com.cn/cbweb-czb-web/czb/historyQuery,2026-08-09T11:34:01.034821+00:00
2008-02-19,3.42,chinabond_official,1001.CB,ChinaBond Government Bond Yield Curve,0,1.0,https://yield.chinabond.com.cn/cbweb-czb-web/czb/historyQuery,2026-08-09T11:34:01.034821+00:00
2008-02-20,3.44,chinabond_official,1001.CB,ChinaBond Government Bond Yield Curve,0,1.0,https://yield.chinabond.com.cn/cbweb-czb-web/czb/historyQuery,2026-08-09T11:34:01.034821+00:00
2008-02-21,3.44,chinabond_official,1001.CB,ChinaBond Government Bond Yield Curve,0,1.0,https://yield.chinabond.com.cn/cbweb-czb-web/czb/historyQuery,2026-08-09T11:34:01.034821+00:00
2008-02-22,3.42,chinabond_official,1001.CB,ChinaBond Government Bond Yield Curve,0,1.0,https://yield.chinabond.com.cn/cbweb-czb-web/czb/historyQuery,2026-08-09T11:34:01.034821+00:00
2008-02-25,3.42,chinabond_official,1001.CB,ChinaBond Government Bond Yield Curve,0,1.0,https://yield.chinabond.com.cn/cbweb-czb-web/czb/historyQuery,2026-08-09T11:34:01.034821+00:00
2008-02-26,3.42,chinabond_official,1001.CB,ChinaBond Government Bond Yield Curve,0,1.0,https://yield.chinabond.com.cn/cbweb-czb-web/czb/historyQuery,2026-08-09T11:34:01.034821+00:00
2008-02-27,3.36,chinabond_official,1001.CB,ChinaBond Government Bond Yield Curve,0,1.0,https://yield.chinabond.com.cn/cbweb-czb-web/czb/historyQuery,2026-08-09T11:34:01.034821+00:00
2008-02-28,3.32,chinabond_official,1001.CB,ChinaBond Government Bond Yield Curve,0,1.0,https://yield.chinabond.com.cn/cbweb-czb-web/czb/historyQuery,2026-08-09T11:34:01.034821+00:00
2008-02-29,3.31,chinabond_official,1001.CB,ChinaBond Government Bond Yield Curve,0,1.0,https://yield.chinabond.com.cn/cbweb-czb-web/czb/historyQuery,2026-08-09T11:34:01.034821+00:00
2008-03-03,3.32,chinabond_official,1001.CB,ChinaBond Government Bond Yield Curve,0,1.0,https://yield.chinabond.com.cn/cbweb-czb-web/czb/historyQuery,2026-08-09T11:34:01.034821+00:00
2008-03-04,3.31,chinabond_official,1001.CB,ChinaBond Government Bond Yield Curve,0,1.0,https://yield.chinabond.com.cn/cbweb-czb-web/czb/historyQuery,2026-08-09T11:34:01.034821+00:00
2008-03-05,3.31,chinabond_official,1001.CB,ChinaBond Government Bond Yield Curve,0,1.0,https://yield.chinabond.com.cn/cbweb-czb-web/czb/historyQuery,2026-08-09T11:34:01.034821+00:00
2008-03-06,3.31,chinabond_official,1001.CB,ChinaBond Government Bond Yield Curve,0,1.0,https://yield.chinabond.com.cn/cbweb-czb-web/czb/historyQuery,2026-08-09T11:34:01.034821+00:00
2008-03-07,3.29,chinabond_official,1001.CB,ChinaBond Government Bond Yield Curve,0,1.0,https://yield.chinabond.com.cn/cbweb-czb-web/czb/historyQuery,2026-08-09T11:34:01.034821+00:00
2008-03-10,3.29,chinabond_official,1001.CB,ChinaBond Government Bond Yield Curve,0,1.0,https://yield.chinabond.com.cn/cbweb-czb-web/czb/historyQuery,2026-08-09T11:34:01.034821+00:00
2008-03-11,3.28,chinabond_official,1001.CB,ChinaBond Government Bond Yield Curve,0,1.0,https://yield.chinabond.com.cn/cbweb-czb-web/czb/historyQuery,2026-08-09T11:34:01.034821+00:00
2008-03-12,3.28,chinabond_official,1001.CB,ChinaBond Government Bond Yield Curve,0,1.0,https://yield.chinabond.com.cn/cbweb-czb-web/czb/historyQuery,2026-08-09T11:34:01.034821+00:00
2008-03-13,3.27,chinabond_official,1001.CB,ChinaBond Government Bond Yield Curve,0,1.0,https://yield.chinabond.com.cn/cbweb-czb-web/czb/historyQuery,2026-08-09T11:34:01.034821+00:00
2008-03-14,3.27,chinabond_official,1001.CB,ChinaBond Government Bond Yield Curve,0,1.0,https://yield.chinabond.com.cn/cbweb-czb-web/czb/historyQuery,2026-08-09T11:34:01.034821+00:00
2008-03-17,3.23,chinabond_official,1001.CB,ChinaBond Government Bond Yield Curve,0,1.0,https://yield.chinabond.com.cn/cbweb-czb-web/czb/historyQuery,2026-08-09T11:34:01.034821+00:00
2008-03-18,3.24,chinabond_official,1001.CB,ChinaBond Government Bond Yield Curve,0,1.0,https://yield.chinabond.com.cn/cbweb-czb-web/czb/historyQuery,2026-08-09T11:34:01.034821+00:00
2008-03-19,3.24,chinabond_official,1001.CB,ChinaBond Government Bond Yield Curve,0,1.0,https://yield.chinabond.com.cn/cbweb-czb-web/czb/historyQuery,2026-08-09T11:34:01.034821+00:00
2008-03-20,3.23,chinabond_official,1001.CB,ChinaBond Government Bond Yield Curve,0,1.0,https://yield.chinabond.com.cn/cbweb-czb-web/czb/historyQuery,2026-08-09T11:34:01.034821+00:00
2008-03-21,3.23,chinabond_official,1001.CB,ChinaBond Government Bond Yield Curve,0,1.0,https://yield.chinabond.com.cn/cbweb-czb-web/czb/historyQuery,2026-08-09T11:34:01.034821+00:00
2008-03-24,3.22,chinabond_official,1001.CB,ChinaBond Government Bond Yield Curve,0,1.0,https://yield.chinabond.com.cn/cbweb-czb-web/czb/historyQuery,2026-08-09T11:34:01.034821+00:00
2008-03-25,3.19,chinabond_official,1001.CB,ChinaBond Government Bond Yield Curve,0,1.0,https://yield.chinabond.com.cn/cbweb-czb-web/czb/historyQuery,2026-08-09T11:34:01.034821+00:00
2008-03-26,3.18,chinabond_official,1001.CB,ChinaBond Government Bond Yield Curve,0,1.0,https://yield.chinabond.com.cn/cbweb-czb-web/czb/historyQuery,2026-08-09T11:34:01.034821+00:00
2008-03-27,3.14,chinabond_official,1001.CB,ChinaBond Government Bond Yield Curve,0,1.0,https://yield.chinabond.com.cn/cbweb-czb-web/czb/historyQuery,2026-08-09T11:34:01.034821+00:00
2008-03-28,3.15,chinabond_official,1001.CB,ChinaBond Government Bond Yield Curve,0,1.0,https://yield.chinabond.com.cn/cbweb-czb-web/czb/historyQuery,2026-08-09T11:34:01.034821+00:00
2008-03-31,3.11,chinabond_official,1001.CB,ChinaBond Government Bond Yield Curve,0,1.0,https://yield.chinabond.com.cn/cbweb-czb-web/czb/historyQuery,2026-08-09T11:34:01.034821+00:00
2008-04-01,3.13,chinabond_official,1001.CB,ChinaBond Government Bond Yield Curve,0,1.0,https://yield.chinabond.com.cn/cbweb-czb-web/czb/historyQuery,2026-08-09T11:34:01.034821+00:00
2008-04-02,3.12,chinabond_official,1001.CB,ChinaBond Government Bond Yield Curve,0,1.0,https://yield.chinabond.com.cn/cbweb-czb-web/czb/historyQuery,2026-08-09T11:34:01.034821+00:00
2008-04-03,3.11,chinabond_official,1001.CB,ChinaBond Government Bond Yield Curve,0,1.0,https://yield.chinabond.com.cn/cbweb-czb-web/czb/historyQuery,2026-08-09T11:34:01.034821+00:00
2008-04-07,3.1,chinabond_official,1001.CB,ChinaBond Government Bond Yield Curve,0,1.0,https://yield.chinabond.com.cn/cbweb-czb-web/czb/historyQuery,2026-08-09T11:34:01.034821+00:00
2008-04-08,3.1,chinabond_official,1001.CB,ChinaBond Government Bond Yield Curve,0,1.0,https://yield.chinabond.com.cn/cbweb-czb-web/czb/historyQuery,2026-08-09T11:34:01.034821+00:00
2008-04-09,3.1,chinabond_official,1001.CB,ChinaBond Government Bond Yield Curve,0,1.0,https://yield.chinabond.com.cn/cbweb-czb-web/czb/historyQuery,2026-08-09T11:34:01.034821+00:00
2008-04-10,3.15,chinabond_official,1001.CB,ChinaBond Government Bond Yield Curve,0,1.0,https://yield.chinabond.com.cn/cbweb-czb-web/czb/historyQuery,2026-08-09T11:34:01.034821+00:00
2008-04-11,3.18,chinabond_official,1001.CB,ChinaBond Government Bond Yield Curve,0,1.0,https://yield.chinabond.com.cn/cbweb-czb-web/czb/historyQuery,2026-08-09T11:34:01.034821+00:00
2008-04-14,3.2,chinabond_official,1001.CB,ChinaBond Government Bond Yield Curve,0,1.0,https://yield.chinabond.com.cn/cbweb-czb-web/czb/historyQuery,2026-08-09T11:34:01.034821+00:00
2008-04-15,3.2,chinabond_official,1001.CB,ChinaBond Government Bond Yield Curve,0,1.0,https://yield.chinabond.com.cn/cbweb-czb-web/czb/historyQuery,2026-08-09T11:34:01.034821+00:00
2008-04-16,3.2,chinabond_official,1001.CB,ChinaBond Government Bond Yield Curve,0,1.0,https://yield.chinabond.com.cn/cbweb-czb-web/czb/historyQuery,2026-08-09T11:34:01.034821+00:00
2008-04-17,3.2,chinabond_official,1001.CB,ChinaBond Government Bond Yield Curve,0,1.0,https://yield.chinabond.com.cn/cbweb-czb-web/czb/historyQuery,2026-08-09T11:34:01.034821+00:00
2008-04-18,3.19,chinabond_official,1001.CB,ChinaBond Government Bond Yield Curve,0,1.0,https://yield.chinabond.com.cn/cbweb-czb-web/czb/historyQuery,2026-08-09T11:34:01.034821+00:00
2008-04-21,3.2,chinabond_official,1001.CB,ChinaBond Government Bond Yield Curve,0,1.0,https://yield.chinabond.com.cn/cbweb-czb-web/czb/historyQuery,2026-08-09T11:34:01.034821+00:00
2008-04-22,3.2,chinabond_official,1001.CB,ChinaBond Government Bond Yield Curve,0,1.0,https://yield.chinabond.com.cn/cbweb-czb-web/czb/historyQuery,2026-08-09T11:34:01.034821+00:00
2008-04-23,3.13,chinabond_official,1001.CB,ChinaBond Government Bond Yield Curve,0,1.0,https://yield.chinabond.com.cn/cbweb-czb-web/czb/historyQuery,2026-08-09T11:34:01.034821+00:00
2008-04-24,3.16,chinabond_official,1001.CB,ChinaBond Government Bond Yield Curve,0,1.0,https://yield.chinabond.com.cn/cbweb-czb-web/czb/historyQuery,2026-08-09T11:34:01.034821+00:00
2008-04-25,3.19,chinabond_official,1001.CB,ChinaBond Government Bond Yield Curve,0,1.0,https://yield.chinabond.com.cn/cbweb-czb-web/czb/historyQuery,2026-08-09T11:34:01.034821+00:00
2008-04-28,3.2,chinabond_official,1001.CB,ChinaBond Government Bond Yield Curve,0,1.0,https://yield.chinabond.com.cn/cbweb-czb-web/czb/historyQuery,2026-08-09T11:34:01.034821+00:00
2008-04-29,3.22,chinabond_official,1001.CB,ChinaBond Government Bond Yield Curve,0,1.0,https://yield.chinabond.com.cn/cbweb-czb-web/czb/historyQuery,2026-08-09T11:34:01.034821+00:00
2008-04-30,3.23,chinabond_official,1001.CB,ChinaBond Government Bond Yield Curve,0,1.0,https://yield.chinabond.com.cn/cbweb-czb-web/czb/historyQuery,2026-08-09T11:34:01.034821+00:00
2008-05-04,3.21,chinabond_official,1001.CB,ChinaBond Government Bond Yield Curve,0,1.0,https://yield.chinabond.com.cn/cbweb-czb-web/czb/historyQuery,2026-08-09T11:34:01.034821+00:00
2008-05-05,3.2,chinabond_official,1001.CB,ChinaBond Government Bond Yield Curve,0,1.0,https://yield.chinabond.com.cn/cbweb-czb-web/czb/historyQuery,2026-08-09T11:34:01.034821+00:00
2008-05-06,3.22,chinabond_official,1001.CB,ChinaBond Government Bond Yield Curve,0,1.0,https://yield.chinabond.com.cn/cbweb-czb-web/czb/historyQuery,2026-08-09T11:34:01.034821+00:00
2008-05-07,3.27,chinabond_official,1001.CB,ChinaBond Government Bond Yield Curve,0,1.0,https://yield.chinabond.com.cn/cbweb-czb-web/czb/historyQuery,2026-08-09T11:34:01.034821+00:00
2008-05-08,3.25,chinabond_official,1001.CB,ChinaBond Government Bond Yield Curve,0,1.0,https://yield.chinabond.com.cn/cbweb-czb-web/czb/historyQuery,2026-08-09T11:34:01.034821+00:00
2008-05-09,3.25,chinabond_official,1001.CB,ChinaBond Government Bond Yield Curve,0,1.0,https://yield.chinabond.com.cn/cbweb-czb-web/czb/historyQuery,2026-08-09T11:34:01.034821+00:00
2008-05-12,3.25,chinabond_official,1001.CB,ChinaBond Government Bond Yield Curve,0,1.0,https://yield.chinabond.com.cn/cbweb-czb-web/czb/historyQuery,2026-08-09T11:34:01.034821+00:00
2008-05-13,3.25,chinabond_official,1001.CB,ChinaBond Government Bond Yield Curve,0,1.0,https://yield.chinabond.com.cn/cbweb-czb-web/czb/historyQuery,2026-08-09T11:34:01.034821+00:00
2008-05-14,3.25,chinabond_official,1001.CB,ChinaBond Government Bond Yield Curve,0,1.0,https://yield.chinabond.com.cn/cbweb-czb-web/czb/historyQuery,2026-08-09T11:34:01.034821+00:00
2008-05-15,3.26,chinabond_official,1001.CB,ChinaBond Government Bond Yield Curve,0,1.0,https://yield.chinabond.com.cn/cbweb-czb-web/czb/historyQuery,2026-08-09T11:34:01.034821+00:00
2008-05-16,3.26,chinabond_official,1001.CB,ChinaBond Government Bond Yield Curve,0,1.0,https://yield.chinabond.com.cn/cbweb-czb-web/czb/historyQuery,2026-08-09T11:34:01.034821+00:00
2008-05-19,3.26,chinabond_official,1001.CB,ChinaBond Government Bond Yield Curve,0,1.0,https://yield.chinabond.com.cn/cbweb-czb-web/czb/historyQuery,2026-08-09T11:34:01.034821+00:00
2008-05-20,3.27,chinabond_official,1001.CB,ChinaBond Government Bond Yield Curve,0,1.0,https://yield.chinabond.com.cn/cbweb-czb-web/czb/historyQuery,2026-08-09T11:34:01.034821+00:00
2008-05-21,3.27,chinabond_official,1001.CB,ChinaBond Government Bond Yield Curve,0,1.0,https://yield.chinabond.com.cn/cbweb-czb-web/czb/historyQuery,2026-08-09T11:34:01.034821+00:00
2008-05-22,3.28,chinabond_official,1001.CB,ChinaBond Government Bond Yield Curve,0,1.0,https://yield.chinabond.com.cn/cbweb-czb-web/czb/historyQuery,2026-08-09T11:34:01.034821+00:00
2008-05-23,3.33,chinabond_official,1001.CB,ChinaBond Government Bond Yield Curve,0,1.0,https://yield.chinabond.com.cn/cbweb-czb-web/czb/historyQuery,2026-08-09T11:34:01.034821+00:00
2008-05-26,3.33,chinabond_official,1001.CB,ChinaBond Government Bond Yield Curve,0,1.0,https://yield.chinabond.com.cn/cbweb-czb-web/czb/historyQuery,2026-08-09T11:34:01.034821+00:00
2008-05-27,3.34,chinabond_official,1001.CB,ChinaBond Government Bond Yield Curve,0,1.0,https://yield.chinabond.com.cn/cbweb-czb-web/czb/historyQuery,2026-08-09T11:34:01.034821+00:00
2008-05-28,3.34,chinabond_official,1001.CB,ChinaBond Government Bond Yield Curve,0,1.0,https://yield.chinabond.com.cn/cbweb-czb-web/czb/historyQuery,2026-08-09T11:34:01.034821+00:00
2008-05-29,3.36,chinabond_official,1001.CB,ChinaBond Government Bond Yield Curve,0,1.0,https://yield.chinabond.com.cn/cbweb-czb-web/czb/historyQuery,2026-08-09T11:34:01.034821+00:00
2008-05-30,3.36,chinabond_official,1001.CB,ChinaBond Government Bond Yield Curve,0,1.0,https://yield.chinabond.com.cn/cbweb-czb-web/czb/historyQuery,2026-08-09T11:34:01.034821+00:00
2008-06-02,3.37,chinabond_official,1001.CB,ChinaBond Government Bond Yield Curve,0,1.0,https://yield.chinabond.com.cn/cbweb-czb-web/czb/historyQuery,2026-08-09T11:34:01.034821+00:00
2008-06-03,3.38,chinabond_official,1001.CB,ChinaBond Government Bond Yield Curve,0,1.0,https://yield.chinabond.com.cn/cbweb-czb-web/czb/historyQuery,2026-08-09T11:34:01.034821+00:00
2008-06-04,3.38,chinabond_official,1001.CB,ChinaBond Government Bond Yield Curve,0,1.0,https://yield.chinabond.com.cn/cbweb-czb-web/czb/historyQuery,2026-08-09T11:34:01.034821+00:00
2008-06-05,3.39,chinabond_official,1001.CB,ChinaBond Government Bond Yield Curve,0,1.0,https://yield.chinabond.com.cn/cbweb-czb-web/czb/historyQuery,2026-08-09T11:34:01.034821+00:00
2008-06-06,3.44,chinabond_official,1001.CB,ChinaBond Government Bond Yield Curve,0,1.0,https://yield.chinabond.com.cn/cbweb-czb-web/czb/historyQuery,2026-08-09T11:34:01.034821+00:00
2008-06-10,3.52,chinabond_official,1001.CB,ChinaBond Government Bond Yield Curve,0,1.0,https://yield.chinabond.com.cn/cbweb-czb-web/czb/historyQuery,2026-08-09T11:34:01.034821+00:00
2008-06-11,3.51,chinabond_official,1001.CB,ChinaBond Government Bond Yield Curve,0,1.0,https://yield.chinabond.com.cn/cbweb-czb-web/czb/historyQuery,2026-08-09T11:34:01.034821+00:00
2008-06-12,3.52,chinabond_official,1001.CB,ChinaBond Government Bond Yield Curve,0,1.0,https://yield.chinabond.com.cn/cbweb-czb-web/czb/historyQuery,2026-08-09T11:34:01.034821+00:00
2008-06-13,3.51,chinabond_official,1001.CB,ChinaBond Government Bond Yield Curve,0,1.0,https://yield.chinabond.com.cn/cbweb-czb-web/czb/historyQuery,2026-08-09T11:34:01.034821+00:00
2008-06-16,3.53,chinabond_official,1001.CB,ChinaBond Government Bond Yield Curve,0,1.0,https://yield.chinabond.com.cn/cbweb-czb-web/czb/historyQuery,2026-08-09T11:34:01.034821+00:00
2008-06-17,3.51,chinabond_official,1001.CB,ChinaBond Government Bond Yield Curve,0,1.0,https://yield.chinabond.com.cn/cbweb-czb-web/czb/historyQuery,2026-08-09T11:34:01.034821+00:00
2008-06-18,3.44,chinabond_official,1001.CB,ChinaBond Government Bond Yield Curve,0,1.0,https://yield.chinabond.com.cn/cbweb-czb-web/czb/historyQuery,2026-08-09T11:34:01.034821+00:00
2008-06-19,3.46,chinabond_official,1001.CB,ChinaBond Government Bond Yield Curve,0,1.0,https://yield.chinabond.com.cn/cbweb-czb-web/czb/historyQuery,2026-08-09T11:34:01.034821+00:00
2008-06-20,3.47,chinabond_official,1001.CB,ChinaBond Government Bond Yield Curve,0,1.0,https://yield.chinabond.com.cn/cbweb-czb-web/czb/historyQuery,2026-08-09T11:34:01.034821+00:00
2008-06-23,3.45,chinabond_official,1001.CB,ChinaBond Government Bond Yield Curve,0,1.0,https://yield.chinabond.com.cn/cbweb-czb-web/czb/historyQuery,2026-08-09T11:34:01.034821+00:00
2008-06-24,3.42,chinabond_official,1001.CB,ChinaBond Government Bond Yield Curve,0,1.0,https://yield.chinabond.com.cn/cbweb-czb-web/czb/historyQuery,2026-08-09T11:34:01.034821+00:00
2008-06-25,3.42,chinabond_official,1001.CB,ChinaBond Government Bond Yield Curve,0,1.0,https://yield.chinabond.com.cn/cbweb-czb-web/czb/historyQuery,2026-08-09T11:34:01.034821+00:00
2008-06-26,3.42,chinabond_official,1001.CB,ChinaBond Government Bond Yield Curve,0,1.0,https://yield.chinabond.com.cn/cbweb-czb-web/czb/historyQuery,2026-08-09T11:34:01.034821+00:00
2008-06-27,3.51,chinabond_official,1001.CB,ChinaBond Government Bond Yield Curve,0,1.0,https://yield.chinabond.com.cn/cbweb-czb-web/czb/historyQuery,2026-08-09T11:34:01.034821+00:00
2008-06-30,3.55,chinabond_official,1001.CB,ChinaBond Government Bond Yield Curve,0,1.0,https://yield.chinabond.com.cn/cbweb-czb-web/czb/historyQuery,2026-08-09T11:34:01.034821+00:00
2008-07-01,3.53,chinabond_official,1001.CB,ChinaBond Government Bond Yield Curve,0,1.0,https://yield.chinabond.com.cn/cbweb-czb-web/czb/historyQuery,2026-08-09T11:34:01.034821+00:00
2008-07-02,3.56,chinabond_official,1001.CB,ChinaBond Government Bond Yield Curve,0,1.0,https://yield.chinabond.com.cn/cbweb-czb-web/czb/historyQuery,2026-08-09T11:34:01.034821+00:00
2008-07-03,3.53,chinabond_official,1001.CB,ChinaBond Government Bond Yield Curve,0,1.0,https://yield.chinabond.com.cn/cbweb-czb-web/czb/historyQuery,2026-08-09T11:34:01.034821+00:00
2008-07-04,3.52,chinabond_official,1001.CB,ChinaBond Government Bond Yield Curve,0,1.0,https://yield.chinabond.com.cn/cbweb-czb-web/czb/historyQuery,2026-08-09T11:34:01.034821+00:00
2008-07-07,3.5,chinabond_official,1001.CB,ChinaBond Government Bond Yield Curve,0,1.0,https://yield.chinabond.com.cn/cbweb-czb-web/czb/historyQuery,2026-08-09T11:34:01.034821+00:00
2008-07-08,3.49,chinabond_official,1001.CB,ChinaBond Government Bond Yield Curve,0,1.0,https://yield.chinabond.com.cn/cbweb-czb-web/czb/historyQuery,2026-08-09T11:34:01.034821+00:00
2008-07-09,3.52,chinabond_official,1001.CB,ChinaBond Government Bond Yield Curve,0,1.0,https://yield.chinabond.com.cn/cbweb-czb-web/czb/historyQuery,2026-08-09T11:34:01.034821+00:00
2008-07-10,3.48,chinabond_official,1001.CB,ChinaBond Government Bond Yield Curve,0,1.0,https://yield.chinabond.com.cn/cbweb-czb-web/czb/historyQuery,2026-08-09T11:34:01.034821+00:00
2008-07-11,3.47,chinabond_official,1001.CB,ChinaBond Government Bond Yield Curve,0,1.0,https://yield.chinabond.com.cn/cbweb-czb-web/czb/historyQuery,2026-08-09T11:34:01.034821+00:00
2008-07-14,3.45,chinabond_official,1001.CB,ChinaBond Government Bond Yield Curve,0,1.0,https://yield.chinabond.com.cn/cbweb-czb-web/czb/historyQuery,2026-08-09T11:34:01.034821+00:00
2008-07-15,3.55,chinabond_official,1001.CB,ChinaBond Government Bond Yield Curve,0,1.0,https://yield.chinabond.com.cn/cbweb-czb-web/czb/historyQuery,2026-08-09T11:34:01.034821+00:00
2008-07-16,3.51,chinabond_official,1001.CB,ChinaBond Government Bond Yield Curve,0,1.0,https://yield.chinabond.com.cn/cbweb-czb-web/czb/historyQuery,2026-08-09T11:34:01.034821+00:00
2008-07-17,3.53,chinabond_official,1001.CB,ChinaBond Government Bond Yield Curve,0,1.0,https://yield.chinabond.com.cn/cbweb-czb-web/czb/historyQuery,2026-08-09T11:34:01.034821+00:00
2008-07-18,3.53,chinabond_official,1001.CB,ChinaBond Government Bond Yield Curve,0,1.0,https://yield.chinabond.com.cn/cbweb-czb-web/czb/historyQuery,2026-08-09T11:34:01.034821+00:00
2008-07-21,3.55,chinabond_official,1001.CB,ChinaBond Government Bond Yield Curve,0,1.0,https://yield.chinabond.com.cn/cbweb-czb-web/czb/historyQuery,2026-08-09T11:34:01.034821+00:00
2008-07-22,3.56,chinabond_official,1001.CB,ChinaBond Government Bond Yield Curve,0,1.0,https://yield.chinabond.com.cn/cbweb-czb-web/czb/historyQuery,2026-08-09T11:34:01.034821+00:00
2008-07-23,3.58,chinabond_official,1001.CB,ChinaBond Government Bond Yield Curve,0,1.0,https://yield.chinabond.com.cn/cbweb-czb-web/czb/historyQuery,2026-08-09T11:34:01.034821+00:00
2008-07-24,3.58,chinabond_official,1001.CB,ChinaBond Government Bond Yield Curve,0,1.0,https://yield.chinabond.com.cn/cbweb-czb-web/czb/historyQuery,2026-08-09T11:34:01.034821+00:00
2008-07-25,3.56,chinabond_official,1001.CB,ChinaBond Government Bond Yield Curve,0,1.0,https://yield.chinabond.com.cn/cbweb-czb-web/czb/historyQuery,2026-08-09T11:34:01.034821+00:00
2008-07-28,3.57,chinabond_official,1001.CB,ChinaBond Government Bond Yield Curve,0,1.0,https://yield.chinabond.com.cn/cbweb-czb-web/czb/historyQuery,2026-08-09T11:34:01.034821+00:00
2008-07-29,3.56,chinabond_official,1001.CB,ChinaBond Government Bond Yield Curve,0,1.0,https://yield.chinabond.com.cn/cbweb-czb-web/czb/historyQuery,2026-08-09T11:34:01.034821+00:00
2008-07-30,3.55,chinabond_official,1001.CB,ChinaBond Government Bond Yield Curve,0,1.0,https://yield.chinabond.com.cn/cbweb-czb-web/czb/historyQuery,2026-08-09T11:34:01.034821+00:00
2008-07-31,3.54,chinabond_official,1001.CB,ChinaBond Government Bond Yield Curve,0,1.0,https://yield.chinabond.com.cn/cbweb-czb-web/czb/historyQuery,2026-08-09T11:34:01.034821+00:00
2008-08-01,3.53,chinabond_official,1001.CB,ChinaBond Government Bond Yield Curve,0,1.0,https://yield.chinabond.com.cn/cbweb-czb-web/czb/historyQuery,2026-08-09T11:34:01.034821+00:00
2008-08-04,3.58,chinabond_official,1001.CB,ChinaBond Government Bond Yield Curve,0,1.0,https://yield.chinabond.com.cn/cbweb-czb-web/czb/historyQuery,2026-08-09T11:34:01.034821+00:00
2008-08-05,3.59,chinabond_official,1001.CB,ChinaBond Government Bond Yield Curve,0,1.0,https://yield.chinabond.com.cn/cbweb-czb-web/czb/historyQuery,2026-08-09T11:34:01.034821+00:00
2008-08-06,3.6,chinabond_official,1001.CB,ChinaBond Government Bond Yield Curve,0,1.0,https://yield.chinabond.com.cn/cbweb-czb-web/czb/historyQuery,2026-08-09T11:34:01.034821+00:00
2008-08-07,3.64,chinabond_official,1001.CB,ChinaBond Government Bond Yield Curve,0,1.0,https://yield.chinabond.com.cn/cbweb-czb-web/czb/historyQuery,2026-08-09T11:34:01.034821+00:00
2008-08-08,3.64,chinabond_official,1001.CB,ChinaBond Government Bond Yield Curve,0,1.0,https://yield.chinabond.com.cn/cbweb-czb-web/czb/historyQuery,2026-08-09T11:34:01.034821+00:00
2008-08-11,3.65,chinabond_official,1001.CB,ChinaBond Government Bond Yield Curve,0,1.0,https://yield.chinabond.com.cn/cbweb-czb-web/czb/historyQuery,2026-08-09T11:34:01.034821+00:00
2008-08-12,3.62,chinabond_official,1001.CB,ChinaBond Government Bond Yield Curve,0,1.0,https://yield.chinabond.com.cn/cbweb-czb-web/czb/historyQuery,2026-08-09T11:34:01.034821+00:00
2008-08-13,3.62,chinabond_official,1001.CB,ChinaBond Government Bond Yield Curve,0,1.0,https://yield.chinabond.com.cn/cbweb-czb-web/czb/historyQuery,2026-08-09T11:34:01.034821+00:00
2008-08-14,3.58,chinabond_official,1001.CB,ChinaBond Government Bond Yield Curve,0,1.0,https://yield.chinabond.com.cn/cbweb-czb-web/czb/historyQuery,2026-08-09T11:34:01.034821+00:00
2008-08-15,3.55,chinabond_official,1001.CB,ChinaBond Government Bond Yield Curve,0,1.0,https://yield.chinabond.com.cn/cbweb-czb-web/czb/historyQuery,2026-08-09T11:34:01.034821+00:00
2008-08-18,3.55,chinabond_official,1001.CB,ChinaBond Government Bond Yield Curve,0,1.0,https://yield.chinabond.com.cn/cbweb-czb-web/czb/historyQuery,2026-08-09T11:34:01.034821+00:00
2008-08-19,3.55,chinabond_official,1001.CB,ChinaBond Government Bond Yield Curve,0,1.0,https://yield.chinabond.com.cn/cbweb-czb-web/czb/historyQuery,2026-08-09T11:34:01.034821+00:00
2008-08-20,3.55,chinabond_official,1001.CB,ChinaBond Government Bond Yield Curve,0,1.0,https://yield.chinabond.com.cn/cbweb-czb-web/czb/historyQuery,2026-08-09T11:34:01.034821+00:00
2008-08-21,3.52,chinabond_official,1001.CB,ChinaBond Government Bond Yield Curve,0,1.0,https://yield.chinabond.com.cn/cbweb-czb-web/czb/historyQuery,2026-08-09T11:34:01.034821+00:00
2008-08-22,3.5,chinabond_official,1001.CB,ChinaBond Government Bond Yield Curve,0,1.0,https://yield.chinabond.com.cn/cbweb-czb-web/czb/historyQuery,2026-08-09T11:34:01.034821+00:00
2008-08-25,3.5,chinabond_official,1001.CB,ChinaBond Government Bond Yield Curve,0,1.0,https://yield.chinabond.com.cn/cbweb-czb-web/czb/historyQuery,2026-08-09T11:34:01.034821+00:00
2008-08-26,3.5,chinabond_official,1001.CB,ChinaBond Government Bond Yield Curve,0,1.0,https://yield.chinabond.com.cn/cbweb-czb-web/czb/historyQuery,2026-08-09T11:34:01.034821+00:00
2008-08-27,3.5,chinabond_official,1001.CB,ChinaBond Government Bond Yield Curve,0,1.0,https://yield.chinabond.com.cn/cbweb-czb-web/czb/historyQuery,2026-08-09T11:34:01.034821+00:00
2008-08-28,3.49,chinabond_official,1001.CB,ChinaBond Government Bond Yield Curve,0,1.0,https://yield.chinabond.com.cn/cbweb-czb-web/czb/historyQuery,2026-08-09T11:34:01.034821+00:00
2008-08-29,3.49,chinabond_official,1001.CB,ChinaBond Government Bond Yield Curve,0,1.0,https://yield.chinabond.com.cn/cbweb-czb-web/czb/historyQuery,2026-08-09T11:34:01.034821+00:00
2008-09-01,3.49,chinabond_official,1001.CB,ChinaBond Government Bond Yield Curve,0,1.0,https://yield.chinabond.com.cn/cbweb-czb-web/czb/historyQuery,2026-08-09T11:34:01.034821+00:00
2008-09-02,3.44,chinabond_official,1001.CB,ChinaBond Government Bond Yield Curve,0,1.0,https://yield.chinabond.com.cn/cbweb-czb-web/czb/historyQuery,2026-08-09T11:34:01.034821+00:00
2008-09-03,3.4,chinabond_official,1001.CB,ChinaBond Government Bond Yield Curve,0,1.0,https://yield.chinabond.com.cn/cbweb-czb-web/czb/historyQuery,2026-08-09T11:34:01.034821+00:00
2008-09-04,3.4,chinabond_official,1001.CB,ChinaBond Government Bond Yield Curve,0,1.0,https://yield.chinabond.com.cn/cbweb-czb-web/czb/historyQuery,2026-08-09T11:34:01.034821+00:00
2008-09-05,3.39,chinabond_official,1001.CB,ChinaBond Government Bond Yield Curve,0,1.0,https://yield.chinabond.com.cn/cbweb-czb-web/czb/historyQuery,2026-08-09T11:34:01.034821+00:00
2008-09-08,3.38,chinabond_official,1001.CB,ChinaBond Government Bond Yield Curve,0,1.0,https://yield.chinabond.com.cn/cbweb-czb-web/czb/historyQuery,2026-08-09T11:34:01.034821+00:00
2008-09-09,3.38,chinabond_official,1001.CB,ChinaBond Government Bond Yield Curve,0,1.0,https://yield.chinabond.com.cn/cbweb-czb-web/czb/historyQuery,2026-08-09T11:34:01.034821+00:00
2008-09-10,3.36,chinabond_official,1001.CB,ChinaBond Government Bond Yield Curve,0,1.0,https://yield.chinabond.com.cn/cbweb-czb-web/czb/historyQuery,2026-08-09T11:34:01.034821+00:00
2008-09-11,3.36,chinabond_official,1001.CB,ChinaBond Government Bond Yield Curve,0,1.0,https://yield.chinabond.com.cn/cbweb-czb-web/czb/historyQuery,2026-08-09T11:34:01.034821+00:00
2008-09-12,3.33,chinabond_official,1001.CB,ChinaBond Government Bond Yield Curve,0,1.0,https://yield.chinabond.com.cn/cbweb-czb-web/czb/historyQuery,2026-08-09T11:34:01.034821+00:00
2008-09-16,3.25,chinabond_official,1001.CB,ChinaBond Government Bond Yield Curve,0,1.0,https://yield.chinabond.com.cn/cbweb-czb-web/czb/historyQuery,2026-08-09T11:34:01.034821+00:00
2008-09-17,3.16,chinabond_official,1001.CB,ChinaBond Government Bond Yield Curve,0,1.0,https://yield.chinabond.com.cn/cbweb-czb-web/czb/historyQuery,2026-08-09T11:34:01.034821+00:00
2008-09-18,3.18,chinabond_official,1001.CB,ChinaBond Government Bond Yield Curve,0,1.0,https://yield.chinabond.com.cn/cbweb-czb-web/czb/historyQuery,2026-08-09T11:34:01.034821+00:00
2008-09-19,3.23,chinabond_official,1001.CB,ChinaBond Government Bond Yield Curve,0,1.0,https://yield.chinabond.com.cn/cbweb-czb-web/czb/historyQuery,2026-08-09T11:34:01.034821+00:00
2008-09-22,3.29,chinabond_official,1001.CB,ChinaBond Government Bond Yield Curve,0,1.0,https://yield.chinabond.com.cn/cbweb-czb-web/czb/historyQuery,2026-08-09T11:34:01.034821+00:00
2008-09-23,3.35,chinabond_official,1001.CB,ChinaBond Government Bond Yield Curve,0,1.0,https://yield.chinabond.com.cn/cbweb-czb-web/czb/historyQuery,2026-08-09T11:34:01.034821+00:00
2008-09-24,3.34,chinabond_official,1001.CB,ChinaBond Government Bond Yield Curve,0,1.0,https://yield.chinabond.com.cn/cbweb-czb-web/czb/historyQuery,2026-08-09T11:34:01.034821+00:00
2008-09-25,3.36,chinabond_official,1001.CB,ChinaBond Government Bond Yield Curve,0,1.0,https://yield.chinabond.com.cn/cbweb-czb-web/czb/historyQuery,2026-08-09T11:34:01.034821+00:00
2008-09-26,3.35,chinabond_official,1001.CB,ChinaBond Government Bond Yield Curve,0,1.0,https://yield.chinabond.com.cn/cbweb-czb-web/czb/historyQuery,2026-08-09T11:34:01.034821+00:00
2008-09-27,3.35,chinabond_official,1001.CB,ChinaBond Government Bond Yield Curve,0,1.0,https://yield.chinabond.com.cn/cbweb-czb-web/czb/historyQuery,2026-08-09T11:34:01.034821+00:00
2008-09-28,3.35,chinabond_official,1001.CB,ChinaBond Government Bond Yield Curve,0,1.0,https://yield.chinabond.com.cn/cbweb-czb-web/czb/historyQuery,2026-08-09T11:34:01.034821+00:00
2008-10-06,3.3,chinabond_official,1001.CB,ChinaBond Government Bond Yield Curve,0,1.0,https://yield.chinabond.com.cn/cbweb-czb-web/czb/historyQuery,2026-08-09T11:34:01.034821+00:00
2008-10-07,3.25,chinabond_official,1001.CB,ChinaBond Government Bond Yield Curve,0,1.0,https://yield.chinabond.com.cn/cbweb-czb-web/czb/historyQuery,2026-08-09T11:34:01.034821+00:00
2008-10-08,3.2,chinabond_official,1001.CB,ChinaBond Government Bond Yield Curve,0,1.0,https://yield.chinabond.com.cn/cbweb-czb-web/czb/historyQuery,2026-08-09T11:34:01.034821+00:00
2008-10-09,2.91,chinabond_official,1001.CB,ChinaBond Government Bond Yield Curve,0,1.0,https://yield.chinabond.com.cn/cbweb-czb-web/czb/historyQuery,2026-08-09T11:34:01.034821+00:00
2008-10-10,2.74,chinabond_official,1001.CB,ChinaBond Government Bond Yield Curve,0,1.0,https://yield.chinabond.com.cn/cbweb-czb-web/czb/historyQuery,2026-08-09T11:34:01.034821+00:00
2008-10-13,2.82,chinabond_official,1001.CB,ChinaBond Government Bond Yield Curve,0,1.0,https://yield.chinabond.com.cn/cbweb-czb-web/czb/historyQuery,2026-08-09T11:34:01.034821+00:00
2008-10-14,2.8,chinabond_official,1001.CB,ChinaBond Government Bond Yield Curve,0,1.0,https://yield.chinabond.com.cn/cbweb-czb-web/czb/historyQuery,2026-08-09T11:34:01.034821+00:00
2008-10-15,2.85,chinabond_official,1001.CB,ChinaBond Government Bond Yield Curve,0,1.0,https://yield.chinabond.com.cn/cbweb-czb-web/czb/historyQuery,2026-08-09T11:34:01.034821+00:00
2008-10-16,2.78,chinabond_official,1001.CB,ChinaBond Government Bond Yield Curve,0,1.0,https://yield.chinabond.com.cn/cbweb-czb-web/czb/historyQuery,2026-08-09T11:34:01.034821+00:00
2008-10-17,2.82,chinabond_official,1001.CB,ChinaBond Government Bond Yield Curve,0,1.0,https://yield.chinabond.com.cn/cbweb-czb-web/czb/historyQuery,2026-08-09T11:34:01.034821+00:00
2008-10-20,2.77,chinabond_official,1001.CB,ChinaBond Government Bond Yield Curve,0,1.0,https://yield.chinabond.com.cn/cbweb-czb-web/czb/historyQuery,2026-08-09T11:34:01.034821+00:00
2008-10-21,2.73,chinabond_official,1001.CB,ChinaBond Government Bond Yield Curve,0,1.0,https://yield.chinabond.com.cn/cbweb-czb-web/czb/historyQuery,2026-08-09T11:34:01.034821+00:00
2008-10-22,2.72,chinabond_official,1001.CB,ChinaBond Government Bond Yield Curve,0,1.0,https://yield.chinabond.com.cn/cbweb-czb-web/czb/historyQuery,2026-08-09T11:34:01.034821+00:00
2008-10-23,2.69,chinabond_official,1001.CB,ChinaBond Government Bond Yield Curve,0,1.0,https://yield.chinabond.com.cn/cbweb-czb-web/czb/historyQuery,2026-08-09T11:34:01.034821+00:00
2008-10-24,2.67,chinabond_official,1001.CB,ChinaBond Government Bond Yield Curve,0,1.0,https://yield.chinabond.com.cn/cbweb-czb-web/czb/historyQuery,2026-08-09T11:34:01.034821+00:00
2008-10-27,2.67,chinabond_official,1001.CB,ChinaBond Government Bond Yield Curve,0,1.0,https://yield.chinabond.com.cn/cbweb-czb-web/czb/historyQuery,2026-08-09T11:34:01.034821+00:00
2008-10-28,2.62,chinabond_official,1001.CB,ChinaBond Government Bond Yield Curve,0,1.0,https://yield.chinabond.com.cn/cbweb-czb-web/czb/historyQuery,2026-08-09T11:34:01.034821+00:00
2008-10-29,2.56,chinabond_official,1001.CB,ChinaBond Government Bond Yield Curve,0,1.0,https://yield.chinabond.com.cn/cbweb-czb-web/czb/historyQuery,2026-08-09T11:34:01.034821+00:00
2008-10-30,2.59,chinabond_official,1001.CB,ChinaBond Government Bond Yield Curve,0,1.0,https://yield.chinabond.com.cn/cbweb-czb-web/czb/historyQuery,2026-08-09T11:34:01.034821+00:00
2008-10-31,2.53,chinabond_official,1001.CB,ChinaBond Government Bond Yield Curve,0,1.0,https://yield.chinabond.com.cn/cbweb-czb-web/czb/historyQuery,2026-08-09T11:34:01.034821+00:00
2008-11-03,2.53,chinabond_official,1001.CB,ChinaBond Government Bond Yield Curve,0,1.0,https://yield.chinabond.com.cn/cbweb-czb-web/czb/historyQuery,2026-08-09T11:34:01.034821+00:00
2008-11-04,2.48,chinabond_official,1001.CB,ChinaBond Government Bond Yield Curve,0,1.0,https://yield.chinabond.com.cn/cbweb-czb-web/czb/historyQuery,2026-08-09T11:34:01.034821+00:00
2008-11-05,2.45,chinabond_official,1001.CB,ChinaBond Government Bond Yield Curve,0,1.0,https://yield.chinabond.com.cn/cbweb-czb-web/czb/historyQuery,2026-08-09T11:34:01.034821+00:00
2008-11-06,2.44,chinabond_official,1001.CB,ChinaBond Government Bond Yield Curve,0,1.0,https://yield.chinabond.com.cn/cbweb-czb-web/czb/historyQuery,2026-08-09T11:34:01.034821+00:00
2008-11-07,2.3,chinabond_official,1001.CB,ChinaBond Government Bond Yield Curve,0,1.0,https://yield.chinabond.com.cn/cbweb-czb-web/czb/historyQuery,2026-08-09T11:34:01.034821+00:00
2008-11-10,2.29,chinabond_official,1001.CB,ChinaBond Government Bond Yield Curve,0,1.0,https://yield.chinabond.com.cn/cbweb-czb-web/czb/historyQuery,2026-08-09T11:34:01.034821+00:00
2008-11-11,2.25,chinabond_official,1001.CB,ChinaBond Government Bond Yield Curve,0,1.0,https://yield.chinabond.com.cn/cbweb-czb-web/czb/historyQuery,2026-08-09T11:34:01.034821+00:00
2008-11-12,2.25,chinabond_official,1001.CB,ChinaBond Government Bond Yield Curve,0,1.0,https://yield.chinabond.com.cn/cbweb-czb-web/czb/historyQuery,2026-08-09T11:34:01.034821+00:00
2008-11-13,2.12,chinabond_official,1001.CB,ChinaBond Government Bond Yield Curve,0,1.0,https://yield.chinabond.com.cn/cbweb-czb-web/czb/historyQuery,2026-08-09T11:34:01.034821+00:00
2008-11-14,2.09,chinabond_official,1001.CB,ChinaBond Government Bond Yield Curve,0,1.0,https://yield.chinabond.com.cn/cbweb-czb-web/czb/historyQuery,2026-08-09T11:34:01.034821+00:00
2008-11-17,2.07,chinabond_official,1001.CB,ChinaBond Government Bond Yield Curve,0,1.0,https://yield.chinabond.com.cn/cbweb-czb-web/czb/historyQuery,2026-08-09T11:34:01.034821+00:00
2008-11-18,2.02,chinabond_official,1001.CB,ChinaBond Government Bond Yield Curve,0,1.0,https://yield.chinabond.com.cn/cbweb-czb-web/czb/historyQuery,2026-08-09T11:34:01.034821+00:00
2008-11-19,2.1,chinabond_official,1001.CB,ChinaBond Government Bond Yield Curve,0,1.0,https://yield.chinabond.com.cn/cbweb-czb-web/czb/historyQuery,2026-08-09T11:34:01.034821+00:00
2008-11-20,2.07,chinabond_official,1001.CB,ChinaBond Government Bond Yield Curve,0,1.0,https://yield.chinabond.com.cn/cbweb-czb-web/czb/historyQuery,2026-08-09T11:34:01.034821+00:00
2008-11-21,2.06,chinabond_official,1001.CB,ChinaBond Government Bond Yield Curve,0,1.0,https://yield.chinabond.com.cn/cbweb-czb-web/czb/historyQuery,2026-08-09T11:34:01.034821+00:00
2008-11-24,2.13,chinabond_official,1001.CB,ChinaBond Government Bond Yield Curve,0,1.0,https://yield.chinabond.com.cn/cbweb-czb-web/czb/historyQuery,2026-08-09T11:34:01.034821+00:00
2008-11-25,2.14,chinabond_official,1001.CB,ChinaBond Government Bond Yield Curve,0,1.0,https://yield.chinabond.com.cn/cbweb-czb-web/czb/historyQuery,2026-08-09T11:34:01.034821+00:00
2008-11-26,2.08,chinabond_official,1001.CB,ChinaBond Government Bond Yield Curve,0,1.0,https://yield.chinabond.com.cn/cbweb-czb-web/czb/historyQuery,2026-08-09T11:34:01.034821+00:00
2008-11-27,1.83,chinabond_official,1001.CB,ChinaBond Government Bond Yield Curve,0,1.0,https://yield.chinabond.com.cn/cbweb-czb-web/czb/historyQuery,2026-08-09T11:34:01.034821+00:00
2008-11-28,1.9,chinabond_official,1001.CB,ChinaBond Government Bond Yield Curve,0,1.0,https://yield.chinabond.com.cn/cbweb-czb-web/czb/historyQuery,2026-08-09T11:34:01.034821+00:00
2008-12-01,1.89,chinabond_official,1001.CB,ChinaBond Government Bond Yield Curve,0,1.0,https://yield.chinabond.com.cn/cbweb-czb-web/czb/historyQuery,2026-08-09T11:34:01.034821+00:00
2008-12-02,1.82,chinabond_official,1001.CB,ChinaBond Government Bond Yield Curve,0,1.0,https://yield.chinabond.com.cn/cbweb-czb-web/czb/historyQuery,2026-08-09T11:34:01.034821+00:00
2008-12-03,1.75,chinabond_official,1001.CB,ChinaBond Government Bond Yield Curve,0,1.0,https://yield.chinabond.com.cn/cbweb-czb-web/czb/historyQuery,2026-08-09T11:34:01.034821+00:00
2008-12-04,1.68,chinabond_official,1001.CB,ChinaBond Government Bond Yield Curve,0,1.0,https://yield.chinabond.com.cn/cbweb-czb-web/czb/historyQuery,2026-08-09T11:34:01.034821+00:00
2008-12-05,1.33,chinabond_official,1001.CB,ChinaBond Government Bond Yield Curve,0,1.0,https://yield.chinabond.com.cn/cbweb-czb-web/czb/historyQuery,2026-08-09T11:34:01.034821+00:00
2008-12-08,1.35,chinabond_official,1001.CB,ChinaBond Government Bond Yield Curve,0,1.0,https://yield.chinabond.com.cn/cbweb-czb-web/czb/historyQuery,2026-08-09T11:34:01.034821+00:00
2008-12-09,1.36,chinabond_official,1001.CB,ChinaBond Government Bond Yield Curve,0,1.0,https://yield.chinabond.com.cn/cbweb-czb-web/czb/historyQuery,2026-08-09T11:34:01.034821+00:00
2008-12-10,1.34,chinabond_official,1001.CB,ChinaBond Government Bond Yield Curve,0,1.0,https://yield.chinabond.com.cn/cbweb-czb-web/czb/historyQuery,2026-08-09T11:34:01.034821+00:00
2008-12-11,1.34,chinabond_official,1001.CB,ChinaBond Government Bond Yield Curve,0,1.0,https://yield.chinabond.com.cn/cbweb-czb-web/czb/historyQuery,2026-08-09T11:34:01.034821+00:00
2008-12-12,1.3,chinabond_official,1001.CB,ChinaBond Government Bond Yield Curve,0,1.0,https://yield.chinabond.com.cn/cbweb-czb-web/czb/historyQuery,2026-08-09T11:34:01.034821+00:00
2008-12-15,1.3,chinabond_official,1001.CB,ChinaBond Government Bond Yield Curve,0,1.0,https://yield.chinabond.com.cn/cbweb-czb-web/czb/historyQuery,2026-08-09T11:34:01.034821+00:00
2008-12-16,1.3,chinabond_official,1001.CB,ChinaBond Government Bond Yield Curve,0,1.0,https://yield.chinabond.com.cn/cbweb-czb-web/czb/historyQuery,2026-08-09T11:34:01.034821+00:00
2008-12-17,1.22,chinabond_official,1001.CB,ChinaBond Government Bond Yield Curve,0,1.0,https://yield.chinabond.com.cn/cbweb-czb-web/czb/historyQuery,2026-08-09T11:34:01.034821+00:00
2008-12-18,1.08,chinabond_official,1001.CB,ChinaBond Government Bond Yield Curve,0,1.0,https://yield.chinabond.com.cn/cbweb-czb-web/czb/historyQuery,2026-08-09T11:34:01.034821+00:00
2008-12-19,1.06,chinabond_official,1001.CB,ChinaBond Government Bond Yield Curve,0,1.0,https://yield.chinabond.com.cn/cbweb-czb-web/czb/historyQuery,2026-08-09T11:34:01.034821+00:00
2008-12-22,1.1,chinabond_official,1001.CB,ChinaBond Government Bond Yield Curve,0,1.0,https://yield.chinabond.com.cn/cbweb-czb-web/czb/historyQuery,2026-08-09T11:34:01.034821+00:00
2008-12-23,1.08,chinabond_official,1001.CB,ChinaBond Government Bond Yield Curve,0,1.0,https://yield.chinabond.com.cn/cbweb-czb-web/czb/historyQuery,2026-08-09T11:34:01.034821+00:00
2008-12-24,1.08,chinabond_official,1001.CB,ChinaBond Government Bond Yield Curve,0,1.0,https://yield.chinabond.com.cn/cbweb-czb-web/czb/historyQuery,2026-08-09T11:34:01.034821+00:00
2008-12-25,1.1,chinabond_official,1001.CB,ChinaBond Government Bond Yield Curve,0,1.0,https://yield.chinabond.com.cn/cbweb-czb-web/czb/historyQuery,2026-08-09T11:34:01.034821+00:00
2008-12-26,1.1,chinabond_official,1001.CB,ChinaBond Government Bond Yield Curve,0,1.0,https://yield.chinabond.com.cn/cbweb-czb-web/czb/historyQuery,2026-08-09T11:34:01.034821+00:00
2008-12-29,1.1,chinabond_official,1001.CB,ChinaBond Government Bond Yield Curve,0,1.0,https://yield.chinabond.com.cn/cbweb-czb-web/czb/historyQuery,2026-08-09T11:34:01.034821+00:00
2008-12-30,1.11,chinabond_official,1001.CB,ChinaBond Government Bond Yield Curve,0,1.0,https://yield.chinabond.com.cn/cbweb-czb-web/czb/historyQuery,2026-08-09T11:34:01.034821+00:00
2008-12-31,1.1,chinabond_official,1001.CB,ChinaBond Government Bond Yield Curve,0,1.0,https://yield.chinabond.com.cn/cbweb-czb-web/czb/historyQuery,2026-08-09T11:34:01.034821+00:00
2009-01-04,1.08,chinabond_official,1001.CB,ChinaBond Government Bond Yield Curve,0,1.0,https://yield.chinabond.com.cn/cbweb-czb-web/czb/historyQuery,2026-08-09T11:34:01.034821+00:00
2009-01-05,1.09,chinabond_official,1001.CB,ChinaBond Government Bond Yield Curve,0,1.0,https://yield.chinabond.com.cn/cbweb-czb-web/czb/historyQuery,2026-08-09T11:34:01.034821+00:00
2009-01-06,1.08,chinabond_official,1001.CB,ChinaBond Government Bond Yield Curve,0,1.0,https://yield.chinabond.com.cn/cbweb-czb-web/czb/historyQuery,2026-08-09T11:34:01.034821+00:00
2009-01-07,1.06,chinabond_official,1001.CB,ChinaBond Government Bond Yield Curve,0,1.0,https://yield.chinabond.com.cn/cbweb-czb-web/czb/historyQuery,2026-08-09T11:34:01.034821+00:00
2009-01-08,1.05,chinabond_official,1001.CB,ChinaBond Government Bond Yield Curve,0,1.0,https://yield.chinabond.com.cn/cbweb-czb-web/czb/historyQuery,2026-08-09T11:34:01.034821+00:00
2009-01-09,1.04,chinabond_official,1001.CB,ChinaBond Government Bond Yield Curve,0,1.0,https://yield.chinabond.com.cn/cbweb-czb-web/czb/historyQuery,2026-08-09T11:34:01.034821+00:00
2009-01-12,1.04,chinabond_official,1001.CB,ChinaBond Government Bond Yield Curve,0,1.0,https://yield.chinabond.com.cn/cbweb-czb-web/czb/historyQuery,2026-08-09T11:34:01.034821+00:00
2009-01-13,1.03,chinabond_official,1001.CB,ChinaBond Government Bond Yield Curve,0,1.0,https://yield.chinabond.com.cn/cbweb-czb-web/czb/historyQuery,2026-08-09T11:34:01.034821+00:00
2009-01-14,1.05,chinabond_official,1001.CB,ChinaBond Government Bond Yield Curve,0,1.0,https://yield.chinabond.com.cn/cbweb-czb-web/czb/historyQuery,2026-08-09T11:34:01.034821+00:00
2009-01-15,1.05,chinabond_official,1001.CB,ChinaBond Government Bond Yield Curve,0,1.0,https://yield.chinabond.com.cn/cbweb-czb-web/czb/historyQuery,2026-08-09T11:34:01.034821+00:00
2009-01-16,1.07,chinabond_official,1001.CB,ChinaBond Government Bond Yield Curve,0,1.0,https://yield.chinabond.com.cn/cbweb-czb-web/czb/historyQuery,2026-08-09T11:34:01.034821+00:00
2009-01-19,1.09,chinabond_official,1001.CB,ChinaBond Government Bond Yield Curve,0,1.0,https://yield.chinabond.com.cn/cbweb-czb-web/czb/historyQuery,2026-08-09T11:34:01.034821+00:00
2009-01-20,1.08,chinabond_official,1001.CB,ChinaBond Government Bond Yield Curve,0,1.0,https://yield.chinabond.com.cn/cbweb-czb-web/czb/historyQuery,2026-08-09T11:34:01.034821+00:00
2009-01-21,1.13,chinabond_official,1001.CB,ChinaBond Government Bond Yield Curve,0,1.0,https://yield.chinabond.com.cn/cbweb-czb-web/czb/historyQuery,2026-08-09T11:34:01.034821+00:00
2009-01-22,1.1,chinabond_official,1001.CB,ChinaBond Government Bond Yield Curve,0,1.0,https://yield.chinabond.com.cn/cbweb-czb-web/czb/historyQuery,2026-08-09T11:34:01.034821+00:00
2009-01-23,1.08,chinabond_official,1001.CB,ChinaBond Government Bond Yield Curve,0,1.0,https://yield.chinabond.com.cn/cbweb-czb-web/czb/historyQuery,2026-08-09T11:34:01.034821+00:00
2009-01-24,1.09,chinabond_official,1001.CB,ChinaBond Government Bond Yield Curve,0,1.0,https://yield.chinabond.com.cn/cbweb-czb-web/czb/historyQuery,2026-08-09T11:34:01.034821+00:00
2009-02-01,1.07,chinabond_official,1001.CB,ChinaBond Government Bond Yield Curve,0,1.0,https://yield.chinabond.com.cn/cbweb-czb-web/czb/historyQuery,2026-08-09T11:34:01.034821+00:00
2009-02-02,1.07,chinabond_official,1001.CB,ChinaBond Government Bond Yield Curve,0,1.0,https://yield.chinabond.com.cn/cbweb-czb-web/czb/historyQuery,2026-08-09T11:34:01.034821+00:00
2009-02-03,1.07,chinabond_official,1001.CB,ChinaBond Government Bond Yield Curve,0,1.0,https://yield.chinabond.com.cn/cbweb-czb-web/czb/historyQuery,2026-08-09T11:34:01.034821+00:00
2009-02-04,1.11,chinabond_official,1001.CB,ChinaBond Government Bond Yield Curve,0,1.0,https://yield.chinabond.com.cn/cbweb-czb-web/czb/historyQuery,2026-08-09T11:34:01.034821+00:00
2009-02-05,1.17,chinabond_official,1001.CB,ChinaBond Government Bond Yield Curve,0,1.0,https://yield.chinabond.com.cn/cbweb-czb-web/czb/historyQuery,2026-08-09T11:34:01.034821+00:00
2009-02-06,1.17,chinabond_official,1001.CB,ChinaBond Government Bond Yield Curve,0,1.0,https://yield.chinabond.com.cn/cbweb-czb-web/czb/historyQuery,2026-08-09T11:34:01.034821+00:00
2009-02-09,1.12,chinabond_official,1001.CB,ChinaBond Government Bond Yield Curve,0,1.0,https://yield.chinabond.com.cn/cbweb-czb-web/czb/historyQuery,2026-08-09T11:34:01.034821+00:00
2009-02-10,1.1,chinabond_official,1001.CB,ChinaBond Government Bond Yield Curve,0,1.0,https://yield.chinabond.com.cn/cbweb-czb-web/czb/historyQuery,2026-08-09T11:34:01.034821+00:00
2009-02-11,1.1,chinabond_official,1001.CB,ChinaBond Government Bond Yield Curve,0,1.0,https://yield.chinabond.com.cn/cbweb-czb-web/czb/historyQuery,2026-08-09T11:34:01.034821+00:00
2009-02-12,1.08,chinabond_official,1001.CB,ChinaBond Government Bond Yield Curve,0,1.0,https://yield.chinabond.com.cn/cbweb-czb-web/czb/historyQuery,2026-08-09T11:34:01.034821+00:00
2009-02-13,1.07,chinabond_official,1001.CB,ChinaBond Government Bond Yield Curve,0,1.0,https://yield.chinabond.com.cn/cbweb-czb-web/czb/historyQuery,2026-08-09T11:34:01.034821+00:00
2009-02-16,1.09,chinabond_official,1001.CB,ChinaBond Government Bond Yield Curve,0,1.0,https://yield.chinabond.com.cn/cbweb-czb-web/czb/historyQuery,2026-08-09T11:34:01.034821+00:00
2009-02-17,1.09,chinabond_official,1001.CB,ChinaBond Government Bond Yield Curve,0,1.0,https://yield.chinabond.com.cn/cbweb-czb-web/czb/historyQuery,2026-08-09T11:34:01.034821+00:00
2009-02-18,1.1,chinabond_official,1001.CB,ChinaBond Government Bond Yield Curve,0,1.0,https://yield.chinabond.com.cn/cbweb-czb-web/czb/historyQuery,2026-08-09T11:34:01.034821+00:00
2009-02-19,1.1,chinabond_official,1001.CB,ChinaBond Government Bond Yield Curve,0,1.0,https://yield.chinabond.com.cn/cbweb-czb-web/czb/historyQuery,2026-08-09T11:34:01.034821+00:00
2009-02-20,1.1,chinabond_official,1001.CB,ChinaBond Government Bond Yield Curve,0,1.0,https://yield.chinabond.com.cn/cbweb-czb-web/czb/historyQuery,2026-08-09T11:34:01.034821+00:00
2009-02-23,1.1,chinabond_official,1001.CB,ChinaBond Government Bond Yield Curve,0,1.0,https://yield.chinabond.com.cn/cbweb-czb-web/czb/historyQuery,2026-08-09T11:34:01.034821+00:00
2009-02-24,1.08,chinabond_official,1001.CB,ChinaBond Government Bond Yield Curve,0,1.0,https://yield.chinabond.com.cn/cbweb-czb-web/czb/historyQuery,2026-08-09T11:34:01.034821+00:00
2009-02-25,1.02,chinabond_official,1001.CB,ChinaBond Government Bond Yield Curve,0,1.0,https://yield.chinabond.com.cn/cbweb-czb-web/czb/historyQuery,2026-08-09T11:34:01.034821+00:00
2009-02-26,1.0,chinabond_official,1001.CB,ChinaBond Government Bond Yield Curve,0,1.0,https://yield.chinabond.com.cn/cbweb-czb-web/czb/historyQuery,2026-08-09T11:34:01.034821+00:00
2009-02-27,1.01,chinabond_official,1001.CB,ChinaBond Government Bond Yield Curve,0,1.0,https://yield.chinabond.com.cn/cbweb-czb-web/czb/historyQuery,2026-08-09T11:34:01.034821+00:00
2009-03-02,1.0,chinabond_official,1001.CB,ChinaBond Government Bond Yield Curve,0,1.0,https://yield.chinabond.com.cn/cbweb-czb-web/czb/historyQuery,2026-08-09T11:34:01.034821+00:00
2009-03-03,1.0,chinabond_official,1001.CB,ChinaBond Government Bond Yield Curve,0,1.0,https://yield.chinabond.com.cn/cbweb-czb-web/czb/historyQuery,2026-08-09T11:34:01.034821+00:00
2009-03-04,0.99,chinabond_official,1001.CB,ChinaBond Government Bond Yield Curve,0,1.0,https://yield.chinabond.com.cn/cbweb-czb-web/czb/historyQuery,2026-08-09T11:34:01.034821+00:00
2009-03-05,0.99,chinabond_official,1001.CB,ChinaBond Government Bond Yield Curve,0,1.0,https://yield.chinabond.com.cn/cbweb-czb-web/czb/historyQuery,2026-08-09T11:34:01.034821+00:00
2009-03-06,0.94,chinabond_official,1001.CB,ChinaBond Government Bond Yield Curve,0,1.0,https://yield.chinabond.com.cn/cbweb-czb-web/czb/historyQuery,2026-08-09T11:34:01.034821+00:00
2009-03-09,0.94,chinabond_official,1001.CB,ChinaBond Government Bond Yield Curve,0,1.0,https://yield.chinabond.com.cn/cbweb-czb-web/czb/historyQuery,2026-08-09T11:34:01.034821+00:00
2009-03-10,0.91,chinabond_official,1001.CB,ChinaBond Government Bond Yield Curve,0,1.0,https://yield.chinabond.com.cn/cbweb-czb-web/czb/historyQuery,2026-08-09T11:34:01.034821+00:00
2009-03-11,0.89,chinabond_official,1001.CB,ChinaBond Government Bond Yield Curve,0,1.0,https://yield.chinabond.com.cn/cbweb-czb-web/czb/historyQuery,2026-08-09T11:34:01.034821+00:00
2009-03-12,0.89,chinabond_official,1001.CB,ChinaBond Government Bond Yield Curve,0,1.0,https://yield.chinabond.com.cn/cbweb-czb-web/czb/historyQuery,2026-08-09T11:34:01.034821+00:00
2009-03-13,0.91,chinabond_official,1001.CB,ChinaBond Government Bond Yield Curve,0,1.0,https://yield.chinabond.com.cn/cbweb-czb-web/czb/historyQuery,2026-08-09T11:34:01.034821+00:00
2009-03-16,0.9,chinabond_official,1001.CB,ChinaBond Government Bond Yield Curve,0,1.0,https://yield.chinabond.com.cn/cbweb-czb-web/czb/historyQuery,2026-08-09T11:34:01.034821+00:00
2009-03-17,0.89,chinabond_official,1001.CB,ChinaBond Government Bond Yield Curve,0,1.0,https://yield.chinabond.com.cn/cbweb-czb-web/czb/historyQuery,2026-08-09T11:34:01.034821+00:00
2009-03-18,0.95,chinabond_official,1001.CB,ChinaBond Government Bond Yield Curve,0,1.0,https://yield.chinabond.com.cn/cbweb-czb-web/czb/historyQuery,2026-08-09T11:34:01.034821+00:00
2009-03-19,0.9,chinabond_official,1001.CB,ChinaBond Government Bond Yield Curve,0,1.0,https://yield.chinabond.com.cn/cbweb-czb-web/czb/historyQuery,2026-08-09T11:34:01.034821+00:00
2009-03-20,0.92,chinabond_official,1001.CB,ChinaBond Government Bond Yield Curve,0,1.0,https://yield.chinabond.com.cn/cbweb-czb-web/czb/historyQuery,2026-08-09T11:34:01.034821+00:00
2009-03-23,0.9,chinabond_official,1001.CB,ChinaBond Government Bond Yield Curve,0,1.0,https://yield.chinabond.com.cn/cbweb-czb-web/czb/historyQuery,2026-08-09T11:34:01.034821+00:00
2009-03-24,0.9,chinabond_official,1001.CB,ChinaBond Government Bond Yield Curve,0,1.0,https://yield.chinabond.com.cn/cbweb-czb-web/czb/historyQuery,2026-08-09T11:34:01.034821+00:00
2009-03-25,0.91,chinabond_official,1001.CB,ChinaBond Government Bond Yield Curve,0,1.0,https://yield.chinabond.com.cn/cbweb-czb-web/czb/historyQuery,2026-08-09T11:34:01.034821+00:00
2009-03-26,0.94,chinabond_official,1001.CB,ChinaBond Government Bond Yield Curve,0,1.0,https://yield.chinabond.com.cn/cbweb-czb-web/czb/historyQuery,2026-08-09T11:34:01.034821+00:00
2009-03-27,0.93,chinabond_official,1001.CB,ChinaBond Government Bond Yield Curve,0,1.0,https://yield.chinabond.com.cn/cbweb-czb-web/czb/historyQuery,2026-08-09T11:34:01.034821+00:00
2009-03-30,0.91,chinabond_official,1001.CB,ChinaBond Government Bond Yield Curve,0,1.0,https://yield.chinabond.com.cn/cbweb-czb-web/czb/historyQuery,2026-08-09T11:34:01.034821+00:00
2009-03-31,0.97,chinabond_official,1001.CB,ChinaBond Government Bond Yield Curve,0,1.0,https://yield.chinabond.com.cn/cbweb-czb-web/czb/historyQuery,2026-08-09T11:34:01.034821+00:00
2009-04-01,0.96,chinabond_official,1001.CB,ChinaBond Government Bond Yield Curve,0,1.0,https://yield.chinabond.com.cn/cbweb-czb-web/czb/historyQuery,2026-08-09T11:34:01.034821+00:00
2009-04-02,0.95,chinabond_official,1001.CB,ChinaBond Government Bond Yield Curve,0,1.0,https://yield.chinabond.com.cn/cbweb-czb-web/czb/historyQuery,2026-08-09T11:34:01.034821+00:00
2009-04-03,0.96,chinabond_official,1001.CB,ChinaBond Government Bond Yield Curve,0,1.0,https://yield.chinabond.com.cn/cbweb-czb-web/czb/historyQuery,2026-08-09T11:34:01.034821+00:00
2009-04-07,1.0,chinabond_official,1001.CB,ChinaBond Government Bond Yield Curve,0,1.0,https://yield.chinabond.com.cn/cbweb-czb-web/czb/historyQuery,2026-08-09T11:34:01.034821+00:00
2009-04-08,1.01,chinabond_official,1001.CB,ChinaBond Government Bond Yield Curve,0,1.0,https://yield.chinabond.com.cn/cbweb-czb-web/czb/historyQuery,2026-08-09T11:34:01.034821+00:00
2009-04-09,1.0,chinabond_official,1001.CB,ChinaBond Government Bond Yield Curve,0,1.0,https://yield.chinabond.com.cn/cbweb-czb-web/czb/historyQuery,2026-08-09T11:34:01.034821+00:00
2009-04-10,0.98,chinabond_official,1001.CB,ChinaBond Government Bond Yield Curve,0,1.0,https://yield.chinabond.com.cn/cbweb-czb-web/czb/historyQuery,2026-08-09T11:34:01.034821+00:00
2009-04-13,0.97,chinabond_official,1001.CB,ChinaBond Government Bond Yield Curve,0,1.0,https://yield.chinabond.com.cn/cbweb-czb-web/czb/historyQuery,2026-08-09T11:34:01.034821+00:00
2009-04-14,0.97,chinabond_official,1001.CB,ChinaBond Government Bond Yield Curve,0,1.0,https://yield.chinabond.com.cn/cbweb-czb-web/czb/historyQuery,2026-08-09T11:34:01.034821+00:00
2009-04-15,0.99,chinabond_official,1001.CB,ChinaBond Government Bond Yield Curve,0,1.0,https://yield.chinabond.com.cn/cbweb-czb-web/czb/historyQuery,2026-08-09T11:34:01.034821+00:00
2009-04-16,0.98,chinabond_official,1001.CB,ChinaBond Government Bond Yield Curve,0,1.0,https://yield.chinabond.com.cn/cbweb-czb-web/czb/historyQuery,2026-08-09T11:34:01.034821+00:00
2009-04-17,1.01,chinabond_official,1001.CB,ChinaBond Government Bond Yield Curve,0,1.0,https://yield.chinabond.com.cn/cbweb-czb-web/czb/historyQuery,2026-08-09T11:34:01.034821+00:00
2009-04-20,0.99,chinabond_official,1001.CB,ChinaBond Government Bond Yield Curve,0,1.0,https://yield.chinabond.com.cn/cbweb-czb-web/czb/historyQuery,2026-08-09T11:34:01.034821+00:00
2009-04-21,1.0,chinabond_official,1001.CB,ChinaBond Government Bond Yield Curve,0,1.0,https://yield.chinabond.com.cn/cbweb-czb-web/czb/historyQuery,2026-08-09T11:34:01.034821+00:00
2009-04-22,0.99,chinabond_official,1001.CB,ChinaBond Government Bond Yield Curve,0,1.0,https://yield.chinabond.com.cn/cbweb-czb-web/czb/historyQuery,2026-08-09T11:34:01.034821+00:00
2009-04-23,1.0,chinabond_official,1001.CB,ChinaBond Government Bond Yield Curve,0,1.0,https://yield.chinabond.com.cn/cbweb-czb-web/czb/historyQuery,2026-08-09T11:34:01.034821+00:00
2009-04-24,1.03,chinabond_official,1001.CB,ChinaBond Government Bond Yield Curve,0,1.0,https://yield.chinabond.com.cn/cbweb-czb-web/czb/historyQuery,2026-08-09T11:34:01.034821+00:00
2009-04-27,1.01,chinabond_official,1001.CB,ChinaBond Government Bond Yield Curve,0,1.0,https://yield.chinabond.com.cn/cbweb-czb-web/czb/historyQuery,2026-08-09T11:34:01.034821+00:00
2009-04-28,1.0,chinabond_official,1001.CB,ChinaBond Government Bond Yield Curve,0,1.0,https://yield.chinabond.com.cn/cbweb-czb-web/czb/historyQuery,2026-08-09T11:34:01.034821+00:00
2009-04-29,1.0,chinabond_official,1001.CB,ChinaBond Government Bond Yield Curve,0,1.0,https://yield.chinabond.com.cn/cbweb-czb-web/czb/historyQuery,2026-08-09T11:34:01.034821+00:00
2009-04-30,1.0,chinabond_official,1001.CB,ChinaBond Government Bond Yield Curve,0,1.0,https://yield.chinabond.com.cn/cbweb-czb-web/czb/historyQuery,2026-08-09T11:34:01.034821+00:00
2009-05-04,1.01,chinabond_official,1001.CB,ChinaBond Government Bond Yield Curve,0,1.0,https://yield.chinabond.com.cn/cbweb-czb-web/czb/historyQuery,2026-08-09T11:34:01.034821+00:00
2009-05-05,0.99,chinabond_official,1001.CB,ChinaBond Government Bond Yield Curve,0,1.0,https://yield.chinabond.com.cn/cbweb-czb-web/czb/historyQuery,2026-08-09T11:34:01.034821+00:00
2009-05-06,1.0,chinabond_official,1001.CB,ChinaBond Government Bond Yield Curve,0,1.0,https://yield.chinabond.com.cn/cbweb-czb-web/czb/historyQuery,2026-08-09T11:34:01.034821+00:00
2009-05-07,1.0,chinabond_official,1001.CB,ChinaBond Government Bond Yield Curve,0,1.0,https://yield.chinabond.com.cn/cbweb-czb-web/czb/historyQuery,2026-08-09T11:34:01.034821+00:00
2009-05-08,0.99,chinabond_official,1001.CB,ChinaBond Government Bond Yield Curve,0,1.0,https://yield.chinabond.com.cn/cbweb-czb-web/czb/historyQuery,2026-08-09T11:34:01.034821+00:00
2009-05-11,0.97,chinabond_official,1001.CB,ChinaBond Government Bond Yield Curve,0,1.0,https://yield.chinabond.com.cn/cbweb-czb-web/czb/historyQuery,2026-08-09T11:34:01.034821+00:00
2009-05-12,0.95,chinabond_official,1001.CB,ChinaBond Government Bond Yield Curve,0,1.0,https://yield.chinabond.com.cn/cbweb-czb-web/czb/historyQuery,2026-08-09T11:34:01.034821+00:00
2009-05-13,0.94,chinabond_official,1001.CB,ChinaBond Government Bond Yield Curve,0,1.0,https://yield.chinabond.com.cn/cbweb-czb-web/czb/historyQuery,2026-08-09T11:34:01.034821+00:00
2009-05-14,0.94,chinabond_official,1001.CB,ChinaBond Government Bond Yield Curve,0,1.0,https://yield.chinabond.com.cn/cbweb-czb-web/czb/historyQuery,2026-08-09T11:34:01.034821+00:00
2009-05-15,0.94,chinabond_official,1001.CB,ChinaBond Government Bond Yield Curve,0,1.0,https://yield.chinabond.com.cn/cbweb-czb-web/czb/historyQuery,2026-08-09T11:34:01.034821+00:00
2009-05-18,0.89,chinabond_official,1001.CB,ChinaBond Government Bond Yield Curve,0,1.0,https://yield.chinabond.com.cn/cbweb-czb-web/czb/historyQuery,2026-08-09T11:34:01.034821+00:00
2009-05-19,0.9,chinabond_official,1001.CB,ChinaBond Government Bond Yield Curve,0,1.0,https://yield.chinabond.com.cn/cbweb-czb-web/czb/historyQuery,2026-08-09T11:34:01.034821+00:00
2009-05-20,0.89,chinabond_official,1001.CB,ChinaBond Government Bond Yield Curve,0,1.0,https://yield.chinabond.com.cn/cbweb-czb-web/czb/historyQuery,2026-08-09T11:34:01.034821+00:00
2009-05-21,0.9,chinabond_official,1001.CB,ChinaBond Government Bond Yield Curve,0,1.0,https://yield.chinabond.com.cn/cbweb-czb-web/czb/historyQuery,2026-08-09T11:34:01.034821+00:00
2009-05-22,0.94,chinabond_official,1001.CB,ChinaBond Government Bond Yield Curve,0,1.0,https://yield.chinabond.com.cn/cbweb-czb-web/czb/historyQuery,2026-08-09T11:34:01.034821+00:00
2009-05-25,0.93,chinabond_official,1001.CB,ChinaBond Government Bond Yield Curve,0,1.0,https://yield.chinabond.com.cn/cbweb-czb-web/czb/historyQuery,2026-08-09T11:34:01.034821+00:00
2009-05-26,0.93,chinabond_official,1001.CB,ChinaBond Government Bond Yield Curve,0,1.0,https://yield.chinabond.com.cn/cbweb-czb-web/czb/historyQuery,2026-08-09T11:34:01.034821+00:00
2009-05-27,0.95,chinabond_official,1001.CB,ChinaBond Government Bond Yield Curve,0,1.0,https://yield.chinabond.com.cn/cbweb-czb-web/czb/historyQuery,2026-08-09T11:34:01.034821+00:00
2009-05-31,0.96,chinabond_official,1001.CB,ChinaBond Government Bond Yield Curve,0,1.0,https://yield.chinabond.com.cn/cbweb-czb-web/czb/historyQuery,2026-08-09T11:34:01.034821+00:00
2009-06-01,0.96,chinabond_official,1001.CB,ChinaBond Government Bond Yield Curve,0,1.0,https://yield.chinabond.com.cn/cbweb-czb-web/czb/historyQuery,2026-08-09T11:34:01.034821+00:00
2009-06-02,0.93,chinabond_official,1001.CB,ChinaBond Government Bond Yield Curve,0,1.0,https://yield.chinabond.com.cn/cbweb-czb-web/czb/historyQuery,2026-08-09T11:34:01.034821+00:00
2009-06-03,0.93,chinabond_official,1001.CB,ChinaBond Government Bond Yield Curve,0,1.0,https://yield.chinabond.com.cn/cbweb-czb-web/czb/historyQuery,2026-08-09T11:34:01.034821+00:00
2009-06-04,0.95,chinabond_official,1001.CB,ChinaBond Government Bond Yield Curve,0,1.0,https://yield.chinabond.com.cn/cbweb-czb-web/czb/historyQuery,2026-08-09T11:34:01.034821+00:00
2009-06-05,0.98,chinabond_official,1001.CB,ChinaBond Government Bond Yield Curve,0,1.0,https://yield.chinabond.com.cn/cbweb-czb-web/czb/historyQuery,2026-08-09T11:34:01.034821+00:00
2009-06-08,1.0,chinabond_official,1001.CB,ChinaBond Government Bond Yield Curve,0,1.0,https://yield.chinabond.com.cn/cbweb-czb-web/czb/historyQuery,2026-08-09T11:34:01.034821+00:00
2009-06-09,1.0,chinabond_official,1001.CB,ChinaBond Government Bond Yield Curve,0,1.0,https://yield.chinabond.com.cn/cbweb-czb-web/czb/historyQuery,2026-08-09T11:34:01.034821+00:00
2009-06-10,1.01,chinabond_official,1001.CB,ChinaBond Government Bond Yield Curve,0,1.0,https://yield.chinabond.com.cn/cbweb-czb-web/czb/historyQuery,2026-08-09T11:34:01.034821+00:00
2009-06-11,0.99,chinabond_official,1001.CB,ChinaBond Government Bond Yield Curve,0,1.0,https://yield.chinabond.com.cn/cbweb-czb-web/czb/historyQuery,2026-08-09T11:34:01.034821+00:00
2009-06-12,1.0,chinabond_official,1001.CB,ChinaBond Government Bond Yield Curve,0,1.0,https://yield.chinabond.com.cn/cbweb-czb-web/czb/historyQuery,2026-08-09T11:34:01.034821+00:00
2009-06-15,1.0,chinabond_official,1001.CB,ChinaBond Government Bond Yield Curve,0,1.0,https://yield.chinabond.com.cn/cbweb-czb-web/czb/historyQuery,2026-08-09T11:34:01.034821+00:00
2009-06-16,1.0,chinabond_official,1001.CB,ChinaBond Government Bond Yield Curve,0,1.0,https://yield.chinabond.com.cn/cbweb-czb-web/czb/historyQuery,2026-08-09T11:34:01.034821+00:00
2009-06-17,1.0,chinabond_official,1001.CB,ChinaBond Government Bond Yield Curve,0,1.0,https://yield.chinabond.com.cn/cbweb-czb-web/czb/historyQuery,2026-08-09T11:34:01.034821+00:00
2009-06-18,1.01,chinabond_official,1001.CB,ChinaBond Government Bond Yield Curve,0,1.0,https://yield.chinabond.com.cn/cbweb-czb-web/czb/historyQuery,2026-08-09T11:34:01.034821+00:00
2009-06-19,1.01,chinabond_official,1001.CB,ChinaBond Government Bond Yield Curve,0,1.0,https://yield.chinabond.com.cn/cbweb-czb-web/czb/historyQuery,2026-08-09T11:34:01.034821+00:00
2009-06-22,1.0,chinabond_official,1001.CB,ChinaBond Government Bond Yield Curve,0,1.0,https://yield.chinabond.com.cn/cbweb-czb-web/czb/historyQuery,2026-08-09T11:34:01.034821+00:00
2009-06-23,1.0,chinabond_official,1001.CB,ChinaBond Government Bond Yield Curve,0,1.0,https://yield.chinabond.com.cn/cbweb-czb-web/czb/historyQuery,2026-08-09T11:34:01.034821+00:00
2009-06-24,1.0,chinabond_official,1001.CB,ChinaBond Government Bond Yield Curve,0,1.0,https://yield.chinabond.com.cn/cbweb-czb-web/czb/historyQuery,2026-08-09T11:34:01.034821+00:00
2009-06-25,0.98,chinabond_official,1001.CB,ChinaBond Government Bond Yield Curve,0,1.0,https://yield.chinabond.com.cn/cbweb-czb-web/czb/historyQuery,2026-08-09T11:34:01.034821+00:00
2009-06-26,0.98,chinabond_official,1001.CB,ChinaBond Government Bond Yield Curve,0,1.0,https://yield.chinabond.com.cn/cbweb-czb-web/czb/historyQuery,2026-08-09T11:34:01.034821+00:00
2009-06-29,0.98,chinabond_official,1001.CB,ChinaBond Government Bond Yield Curve,0,1.0,https://yield.chinabond.com.cn/cbweb-czb-web/czb/historyQuery,2026-08-09T11:34:01.034821+00:00
2009-06-30,0.98,chinabond_official,1001.CB,ChinaBond Government Bond Yield Curve,0,1.0,https://yield.chinabond.com.cn/cbweb-czb-web/czb/historyQuery,2026-08-09T11:34:01.034821+00:00
2009-07-01,0.98,chinabond_official,1001.CB,ChinaBond Government Bond Yield Curve,0,1.0,https://yield.chinabond.com.cn/cbweb-czb-web/czb/historyQuery,2026-08-09T11:34:01.034821+00:00
2009-07-02,0.99,chinabond_official,1001.CB,ChinaBond Government Bond Yield Curve,0,1.0,https://yield.chinabond.com.cn/cbweb-czb-web/czb/historyQuery,2026-08-09T11:34:01.034821+00:00
2009-07-03,0.99,chinabond_official,1001.CB,ChinaBond Government Bond Yield Curve,0,1.0,https://yield.chinabond.com.cn/cbweb-czb-web/czb/historyQuery,2026-08-09T11:34:01.034821+00:00
2009-07-06,1.02,chinabond_official,1001.CB,ChinaBond Government Bond Yield Curve,0,1.0,https://yield.chinabond.com.cn/cbweb-czb-web/czb/historyQuery,2026-08-09T11:34:01.034821+00:00
2009-07-07,1.05,chinabond_official,1001.CB,ChinaBond Government Bond Yield Curve,0,1.0,https://yield.chinabond.com.cn/cbweb-czb-web/czb/historyQuery,2026-08-09T11:34:01.034821+00:00
2009-07-08,1.1,chinabond_official,1001.CB,ChinaBond Government Bond Yield Curve,0,1.0,https://yield.chinabond.com.cn/cbweb-czb-web/czb/historyQuery,2026-08-09T11:34:01.034821+00:00
2009-07-09,1.15,chinabond_official,1001.CB,ChinaBond Government Bond Yield Curve,0,1.0,https://yield.chinabond.com.cn/cbweb-czb-web/czb/historyQuery,2026-08-09T11:34:01.034821+00:00
2009-07-10,1.35,chinabond_official,1001.CB,ChinaBond Government Bond Yield Curve,0,1.0,https://yield.chinabond.com.cn/cbweb-czb-web/czb/historyQuery,2026-08-09T11:34:01.034821+00:00
2009-07-13,1.33,chinabond_official,1001.CB,ChinaBond Government Bond Yield Curve,0,1.0,https://yield.chinabond.com.cn/cbweb-czb-web/czb/historyQuery,2026-08-09T11:34:01.034821+00:00
2009-07-14,1.27,chinabond_official,1001.CB,ChinaBond Government Bond Yield Curve,0,1.0,https://yield.chinabond.com.cn/cbweb-czb-web/czb/historyQuery,2026-08-09T11:34:01.034821+00:00
2009-07-15,1.37,chinabond_official,1001.CB,ChinaBond Government Bond Yield Curve,0,1.0,https://yield.chinabond.com.cn/cbweb-czb-web/czb/historyQuery,2026-08-09T11:34:01.034821+00:00
2009-07-16,1.5,chinabond_official,1001.CB,ChinaBond Government Bond Yield Curve,0,1.0,https://yield.chinabond.com.cn/cbweb-czb-web/czb/historyQuery,2026-08-09T11:34:01.034821+00:00
2009-07-17,1.65,chinabond_official,1001.CB,ChinaBond Government Bond Yield Curve,0,1.0,https://yield.chinabond.com.cn/cbweb-czb-web/czb/historyQuery,2026-08-09T11:34:01.034821+00:00
2009-07-20,1.66,chinabond_official,1001.CB,ChinaBond Government Bond Yield Curve,0,1.0,https://yield.chinabond.com.cn/cbweb-czb-web/czb/historyQuery,2026-08-09T11:34:01.034821+00:00
2009-07-21,1.66,chinabond_official,1001.CB,ChinaBond Government Bond Yield Curve,0,1.0,https://yield.chinabond.com.cn/cbweb-czb-web/czb/historyQuery,2026-08-09T11:34:01.034821+00:00
2009-07-22,1.67,chinabond_official,1001.CB,ChinaBond Government Bond Yield Curve,0,1.0,https://yield.chinabond.com.cn/cbweb-czb-web/czb/historyQuery,2026-08-09T11:34:01.034821+00:00
2009-07-23,1.65,chinabond_official,1001.CB,ChinaBond Government Bond Yield Curve,0,1.0,https://yield.chinabond.com.cn/cbweb-czb-web/czb/historyQuery,2026-08-09T11:34:01.034821+00:00
2009-07-24,1.67,chinabond_official,1001.CB,ChinaBond Government Bond Yield Curve,0,1.0,https://yield.chinabond.com.cn/cbweb-czb-web/czb/historyQuery,2026-08-09T11:34:01.034821+00:00
2009-07-27,1.66,chinabond_official,1001.CB,ChinaBond Government Bond Yield Curve,0,1.0,https://yield.chinabond.com.cn/cbweb-czb-web/czb/historyQuery,2026-08-09T11:34:01.034821+00:00
2009-07-28,1.64,chinabond_official,1001.CB,ChinaBond Government Bond Yield Curve,0,1.0,https://yield.chinabond.com.cn/cbweb-czb-web/czb/historyQuery,2026-08-09T11:34:01.034821+00:00
2009-07-29,1.66,chinabond_official,1001.CB,ChinaBond Government Bond Yield Curve,0,1.0,https://yield.chinabond.com.cn/cbweb-czb-web/czb/historyQuery,2026-08-09T11:34:01.034821+00:00
2009-07-30,1.65,chinabond_official,1001.CB,ChinaBond Government Bond Yield Curve,0,1.0,https://yield.chinabond.com.cn/cbweb-czb-web/czb/historyQuery,2026-08-09T11:34:01.034821+00:00
2009-07-31,1.64,chinabond_official,1001.CB,ChinaBond Government Bond Yield Curve,0,1.0,https://yield.chinabond.com.cn/cbweb-czb-web/czb/historyQuery,2026-08-09T11:34:01.034821+00:00
2009-08-03,1.63,chinabond_official,1001.CB,ChinaBond Government Bond Yield Curve,0,1.0,https://yield.chinabond.com.cn/cbweb-czb-web/czb/historyQuery,2026-08-09T11:34:01.034821+00:00
2009-08-04,1.64,chinabond_official,1001.CB,ChinaBond Government Bond Yield Curve,0,1.0,https://yield.chinabond.com.cn/cbweb-czb-web/czb/historyQuery,2026-08-09T11:34:01.034821+00:00
2009-08-05,1.62,chinabond_official,1001.CB,ChinaBond Government Bond Yield Curve,0,1.0,https://yield.chinabond.com.cn/cbweb-czb-web/czb/historyQuery,2026-08-09T11:34:01.034821+00:00
2009-08-06,1.62,chinabond_official,1001.CB,ChinaBond Government Bond Yield Curve,0,1.0,https://yield.chinabond.com.cn/cbweb-czb-web/czb/historyQuery,2026-08-09T11:34:01.034821+00:00
2009-08-07,1.66,chinabond_official,1001.CB,ChinaBond Government Bond Yield Curve,0,1.0,https://yield.chinabond.com.cn/cbweb-czb-web/czb/historyQuery,2026-08-09T11:34:01.034821+00:00
2009-08-10,1.65,chinabond_official,1001.CB,ChinaBond Government Bond Yield Curve,0,1.0,https://yield.chinabond.com.cn/cbweb-czb-web/czb/historyQuery,2026-08-09T11:34:01.034821+00:00
2009-08-11,1.63,chinabond_official,1001.CB,ChinaBond Government Bond Yield Curve,0,1.0,https://yield.chinabond.com.cn/cbweb-czb-web/czb/historyQuery,2026-08-09T11:34:01.034821+00:00
2009-08-12,1.6,chinabond_official,1001.CB,ChinaBond Government Bond Yield Curve,0,1.0,https://yield.chinabond.com.cn/cbweb-czb-web/czb/historyQuery,2026-08-09T11:34:01.034821+00:00
2009-08-13,1.59,chinabond_official,1001.CB,ChinaBond Government Bond Yield Curve,0,1.0,https://yield.chinabond.com.cn/cbweb-czb-web/czb/historyQuery,2026-08-09T11:34:01.034821+00:00
2009-08-14,1.6,chinabond_official,1001.CB,ChinaBond Government Bond Yield Curve,0,1.0,https://yield.chinabond.com.cn/cbweb-czb-web/czb/historyQuery,2026-08-09T11:34:01.034821+00:00
2009-08-17,1.6,chinabond_official,1001.CB,ChinaBond Government Bond Yield Curve,0,1.0,https://yield.chinabond.com.cn/cbweb-czb-web/czb/historyQuery,2026-08-09T11:34:01.034821+00:00
2009-08-18,1.6,chinabond_official,1001.CB,ChinaBond Government Bond Yield Curve,0,1.0,https://yield.chinabond.com.cn/cbweb-czb-web/czb/historyQuery,2026-08-09T11:34:01.034821+00:00
2009-08-19,1.6,chinabond_official,1001.CB,ChinaBond Government Bond Yield Curve,0,1.0,https://yield.chinabond.com.cn/cbweb-czb-web/czb/historyQuery,2026-08-09T11:34:01.034821+00:00
2009-08-20,1.6,chinabond_official,1001.CB,ChinaBond Government Bond Yield Curve,0,1.0,https://yield.chinabond.com.cn/cbweb-czb-web/czb/historyQuery,2026-08-09T11:34:01.034821+00:00
2009-08-21,1.61,chinabond_official,1001.CB,ChinaBond Government Bond Yield Curve,0,1.0,https://yield.chinabond.com.cn/cbweb-czb-web/czb/historyQuery,2026-08-09T11:34:01.034821+00:00
2009-08-24,1.6,chinabond_official,1001.CB,ChinaBond Government Bond Yield Curve,0,1.0,https://yield.chinabond.com.cn/cbweb-czb-web/czb/historyQuery,2026-08-09T11:34:01.034821+00:00
2009-08-25,1.6,chinabond_official,1001.CB,ChinaBond Government Bond Yield Curve,0,1.0,https://yield.chinabond.com.cn/cbweb-czb-web/czb/historyQuery,2026-08-09T11:34:01.034821+00:00
2009-08-26,1.6,chinabond_official,1001.CB,ChinaBond Government Bond Yield Curve,0,1.0,https://yield.chinabond.com.cn/cbweb-czb-web/czb/historyQuery,2026-08-09T11:34:01.034821+00:00
2009-08-27,1.6,chinabond_official,1001.CB,ChinaBond Government Bond Yield Curve,0,1.0,https://yield.chinabond.com.cn/cbweb-czb-web/czb/historyQuery,2026-08-09T11:34:01.034821+00:00
2009-08-28,1.61,chinabond_official,1001.CB,ChinaBond Government Bond Yield Curve,0,1.0,https://yield.chinabond.com.cn/cbweb-czb-web/czb/historyQuery,2026-08-09T11:34:01.034821+00:00
2009-08-31,1.6,chinabond_official,1001.CB,ChinaBond Government Bond Yield Curve,0,1.0,https://yield.chinabond.com.cn/cbweb-czb-web/czb/historyQuery,2026-08-09T11:34:01.034821+00:00
2009-09-01,1.63,chinabond_official,1001.CB,ChinaBond Government Bond Yield Curve,0,1.0,https://yield.chinabond.com.cn/cbweb-czb-web/czb/historyQuery,2026-08-09T11:34:01.034821+00:00
2009-09-02,1.53,chinabond_official,1001.CB,ChinaBond Government Bond Yield Curve,0,1.0,https://yield.chinabond.com.cn/cbweb-czb-web/czb/historyQuery,2026-08-09T11:34:01.034821+00:00
2009-09-03,1.53,chinabond_official,1001.CB,ChinaBond Government Bond Yield Curve,0,1.0,https://yield.chinabond.com.cn/cbweb-czb-web/czb/historyQuery,2026-08-09T11:34:01.034821+00:00
2009-09-04,1.54,chinabond_official,1001.CB,ChinaBond Government Bond Yield Curve,0,1.0,https://yield.chinabond.com.cn/cbweb-czb-web/czb/historyQuery,2026-08-09T11:34:01.034821+00:00
2009-09-07,1.53,chinabond_official,1001.CB,ChinaBond Government Bond Yield Curve,0,1.0,https://yield.chinabond.com.cn/cbweb-czb-web/czb/historyQuery,2026-08-09T11:34:01.034821+00:00
2009-09-08,1.53,chinabond_official,1001.CB,ChinaBond Government Bond Yield Curve,0,1.0,https://yield.chinabond.com.cn/cbweb-czb-web/czb/historyQuery,2026-08-09T11:34:01.034821+00:00
2009-09-09,1.53,chinabond_official,1001.CB,ChinaBond Government Bond Yield Curve,0,1.0,https://yield.chinabond.com.cn/cbweb-czb-web/czb/historyQuery,2026-08-09T11:34:01.034821+00:00
2009-09-10,1.5,chinabond_official,1001.CB,ChinaBond Government Bond Yield Curve,0,1.0,https://yield.chinabond.com.cn/cbweb-czb-web/czb/historyQuery,2026-08-09T11:34:01.034821+00:00
2009-09-11,1.51,chinabond_official,1001.CB,ChinaBond Government Bond Yield Curve,0,1.0,https://yield.chinabond.com.cn/cbweb-czb-web/czb/historyQuery,2026-08-09T11:34:01.034821+00:00
2009-09-14,1.51,chinabond_official,1001.CB,ChinaBond Government Bond Yield Curve,0,1.0,https://yield.chinabond.com.cn/cbweb-czb-web/czb/historyQuery,2026-08-09T11:34:01.034821+00:00
2009-09-15,1.51,chinabond_official,1001.CB,ChinaBond Government Bond Yield Curve,0,1.0,https://yield.chinabond.com.cn/cbweb-czb-web/czb/historyQuery,2026-08-09T11:34:01.034821+00:00
2009-09-16,1.51,chinabond_official,1001.CB,ChinaBond Government Bond Yield Curve,0,1.0,https://yield.chinabond.com.cn/cbweb-czb-web/czb/historyQuery,2026-08-09T11:34:01.034821+00:00
2009-09-17,1.51,chinabond_official,1001.CB,ChinaBond Government Bond Yield Curve,0,1.0,https://yield.chinabond.com.cn/cbweb-czb-web/czb/historyQuery,2026-08-09T11:34:01.034821+00:00
2009-09-18,1.51,chinabond_official,1001.CB,ChinaBond Government Bond Yield Curve,0,1.0,https://yield.chinabond.com.cn/cbweb-czb-web/czb/historyQuery,2026-08-09T11:34:01.034821+00:00
2009-09-21,1.51,chinabond_official,1001.CB,ChinaBond Government Bond Yield Curve,0,1.0,https://yield.chinabond.com.cn/cbweb-czb-web/czb/historyQuery,2026-08-09T11:34:01.034821+00:00
2009-09-22,1.51,chinabond_official,1001.CB,ChinaBond Government Bond Yield Curve,0,1.0,https://yield.chinabond.com.cn/cbweb-czb-web/czb/historyQuery,2026-08-09T11:34:01.034821+00:00
2009-09-23,1.51,chinabond_official,1001.CB,ChinaBond Government Bond Yield Curve,0,1.0,https://yield.chinabond.com.cn/cbweb-czb-web/czb/historyQuery,2026-08-09T11:34:01.034821+00:00
2009-09-24,1.51,chinabond_official,1001.CB,ChinaBond Government Bond Yield Curve,0,1.0,https://yield.chinabond.com.cn/cbweb-czb-web/czb/historyQuery,2026-08-09T11:34:01.034821+00:00
2009-09-25,1.48,chinabond_official,1001.CB,ChinaBond Government Bond Yield Curve,0,1.0,https://yield.chinabond.com.cn/cbweb-czb-web/czb/historyQuery,2026-08-09T11:34:01.034821+00:00
2009-09-27,1.49,chinabond_official,1001.CB,ChinaBond Government Bond Yield Curve,0,1.0,https://yield.chinabond.com.cn/cbweb-czb-web/czb/historyQuery,2026-08-09T11:34:01.034821+00:00
2009-09-28,1.46,chinabond_official,1001.CB,ChinaBond Government Bond Yield Curve,0,1.0,https://yield.chinabond.com.cn/cbweb-czb-web/czb/historyQuery,2026-08-09T11:34:01.034821+00:00
2009-09-29,1.47,chinabond_official,1001.CB,ChinaBond Government Bond Yield Curve,0,1.0,https://yield.chinabond.com.cn/cbweb-czb-web/czb/historyQuery,2026-08-09T11:34:01.034821+00:00
2009-09-30,1.45,chinabond_official,1001.CB,ChinaBond Government Bond Yield Curve,0,1.0,https://yield.chinabond.com.cn/cbweb-czb-web/czb/historyQuery,2026-08-09T11:34:01.034821+00:00
2009-10-09,1.5,chinabond_official,1001.CB,ChinaBond Government Bond Yield Curve,0,1.0,https://yield.chinabond.com.cn/cbweb-czb-web/czb/historyQuery,2026-08-09T11:34:01.034821+00:00
2009-10-10,1.51,chinabond_official,1001.CB,ChinaBond Government Bond Yield Curve,0,1.0,https://yield.chinabond.com.cn/cbweb-czb-web/czb/historyQuery,2026-08-09T11:34:01.034821+00:00
2009-10-12,1.51,chinabond_official,1001.CB,ChinaBond Government Bond Yield Curve,0,1.0,https://yield.chinabond.com.cn/cbweb-czb-web/czb/historyQuery,2026-08-09T11:34:01.034821+00:00
2009-10-13,1.51,chinabond_official,1001.CB,ChinaBond Government Bond Yield Curve,0,1.0,https://yield.chinabond.com.cn/cbweb-czb-web/czb/historyQuery,2026-08-09T11:34:01.034821+00:00
2009-10-14,1.51,chinabond_official,1001.CB,ChinaBond Government Bond Yield Curve,0,1.0,https://yield.chinabond.com.cn/cbweb-czb-web/czb/historyQuery,2026-08-09T11:34:01.034821+00:00
2009-10-15,1.53,chinabond_official,1001.CB,ChinaBond Government Bond Yield Curve,0,1.0,https://yield.chinabond.com.cn/cbweb-czb-web/czb/historyQuery,2026-08-09T11:34:01.034821+00:00
2009-10-16,1.51,chinabond_official,1001.CB,ChinaBond Government Bond Yield Curve,0,1.0,https://yield.chinabond.com.cn/cbweb-czb-web/czb/historyQuery,2026-08-09T11:34:01.034821+00:00
2009-10-19,1.51,chinabond_official,1001.CB,ChinaBond Government Bond Yield Curve,0,1.0,https://yield.chinabond.com.cn/cbweb-czb-web/czb/historyQuery,2026-08-09T11:34:01.034821+00:00
2009-10-20,1.5,chinabond_official,1001.CB,ChinaBond Government Bond Yield Curve,0,1.0,https://yield.chinabond.com.cn/cbweb-czb-web/czb/historyQuery,2026-08-09T11:34:01.034821+00:00
2009-10-21,1.5,chinabond_official,1001.CB,ChinaBond Government Bond Yield Curve,0,1.0,https://yield.chinabond.com.cn/cbweb-czb-web/czb/historyQuery,2026-08-09T11:34:01.034821+00:00
2009-10-22,1.51,chinabond_official,1001.CB,ChinaBond Government Bond Yield Curve,0,1.0,https://yield.chinabond.com.cn/cbweb-czb-web/czb/historyQuery,2026-08-09T11:34:01.034821+00:00
2009-10-23,1.51,chinabond_official,1001.CB,ChinaBond Government Bond Yield Curve,0,1.0,https://yield.chinabond.com.cn/cbweb-czb-web/czb/historyQuery,2026-08-09T11:34:01.034821+00:00
2009-10-26,1.52,chinabond_official,1001.CB,ChinaBond Government Bond Yield Curve,0,1.0,https://yield.chinabond.com.cn/cbweb-czb-web/czb/historyQuery,2026-08-09T11:34:01.034821+00:00
2009-10-27,1.52,chinabond_official,1001.CB,ChinaBond Government Bond Yield Curve,0,1.0,https://yield.chinabond.com.cn/cbweb-czb-web/czb/historyQuery,2026-08-09T11:34:01.034821+00:00
2009-10-28,1.52,chinabond_official,1001.CB,ChinaBond Government Bond Yield Curve,0,1.0,https://yield.chinabond.com.cn/cbweb-czb-web/czb/historyQuery,2026-08-09T11:34:01.034821+00:00
2009-10-29,1.52,chinabond_official,1001.CB,ChinaBond Government Bond Yield Curve,0,1.0,https://yield.chinabond.com.cn/cbweb-czb-web/czb/historyQuery,2026-08-09T11:34:01.034821+00:00
2009-10-30,1.52,chinabond_official,1001.CB,ChinaBond Government Bond Yield Curve,0,1.0,https://yield.chinabond.com.cn/cbweb-czb-web/czb/historyQuery,2026-08-09T11:34:01.034821+00:00
2009-11-02,1.53,chinabond_official,1001.CB,ChinaBond Government Bond Yield Curve,0,1.0,https://yield.chinabond.com.cn/cbweb-czb-web/czb/historyQuery,2026-08-09T11:34:01.034821+00:00
2009-11-03,1.53,chinabond_official,1001.CB,ChinaBond Government Bond Yield Curve,0,1.0,https://yield.chinabond.com.cn/cbweb-czb-web/czb/historyQuery,2026-08-09T11:34:01.034821+00:00
2009-11-04,1.53,chinabond_official,1001.CB,ChinaBond Government Bond Yield Curve,0,1.0,https://yield.chinabond.com.cn/cbweb-czb-web/czb/historyQuery,2026-08-09T11:34:01.034821+00:00
2009-11-05,1.53,chinabond_official,1001.CB,ChinaBond Government Bond Yield Curve,0,1.0,https://yield.chinabond.com.cn/cbweb-czb-web/czb/historyQuery,2026-08-09T11:34:01.034821+00:00
2009-11-06,1.53,chinabond_official,1001.CB,ChinaBond Government Bond Yield Curve,0,1.0,https://yield.chinabond.com.cn/cbweb-czb-web/czb/historyQuery,2026-08-09T11:34:01.034821+00:00
2009-11-09,1.52,chinabond_official,1001.CB,ChinaBond Government Bond Yield Curve,0,1.0,https://yield.chinabond.com.cn/cbweb-czb-web/czb/historyQuery,2026-08-09T11:34:01.034821+00:00
2009-11-10,1.51,chinabond_official,1001.CB,ChinaBond Government Bond Yield Curve,0,1.0,https://yield.chinabond.com.cn/cbweb-czb-web/czb/historyQuery,2026-08-09T11:34:01.034821+00:00
2009-11-11,1.49,chinabond_official,1001.CB,ChinaBond Government Bond Yield Curve,0,1.0,https://yield.chinabond.com.cn/cbweb-czb-web/czb/historyQuery,2026-08-09T11:34:01.034821+00:00
2009-11-12,1.49,chinabond_official,1001.CB,ChinaBond Government Bond Yield Curve,0,1.0,https://yield.chinabond.com.cn/cbweb-czb-web/czb/historyQuery,2026-08-09T11:34:01.034821+00:00
2009-11-13,1.49,chinabond_official,1001.CB,ChinaBond Government Bond Yield Curve,0,1.0,https://yield.chinabond.com.cn/cbweb-czb-web/czb/historyQuery,2026-08-09T11:34:01.034821+00:00
2009-11-16,1.49,chinabond_official,1001.CB,ChinaBond Government Bond Yield Curve,0,1.0,https://yield.chinabond.com.cn/cbweb-czb-web/czb/historyQuery,2026-08-09T11:34:01.034821+00:00
2009-11-17,1.49,chinabond_official,1001.CB,ChinaBond Government Bond Yield Curve,0,1.0,https://yield.chinabond.com.cn/cbweb-czb-web/czb/historyQuery,2026-08-09T11:34:01.034821+00:00
2009-11-18,1.52,chinabond_official,1001.CB,ChinaBond Government Bond Yield Curve,0,1.0,https://yield.chinabond.com.cn/cbweb-czb-web/czb/historyQuery,2026-08-09T11:34:01.034821+00:00
2009-11-19,1.52,chinabond_official,1001.CB,ChinaBond Government Bond Yield Curve,0,1.0,https://yield.chinabond.com.cn/cbweb-czb-web/czb/historyQuery,2026-08-09T11:34:01.034821+00:00
2009-11-20,1.53,chinabond_official,1001.CB,ChinaBond Government Bond Yield Curve,0,1.0,https://yield.chinabond.com.cn/cbweb-czb-web/czb/historyQuery,2026-08-09T11:34:01.034821+00:00
2009-11-23,1.5,chinabond_official,1001.CB,ChinaBond Government Bond Yield Curve,0,1.0,https://yield.chinabond.com.cn/cbweb-czb-web/czb/historyQuery,2026-08-09T11:34:01.034821+00:00
2009-11-24,1.49,chinabond_official,1001.CB,ChinaBond Government Bond Yield Curve,0,1.0,https://yield.chinabond.com.cn/cbweb-czb-web/czb/historyQuery,2026-08-09T11:34:01.034821+00:00
2009-11-25,1.49,chinabond_official,1001.CB,ChinaBond Government Bond Yield Curve,0,1.0,https://yield.chinabond.com.cn/cbweb-czb-web/czb/historyQuery,2026-08-09T11:34:01.034821+00:00
2009-11-26,1.5,chinabond_official,1001.CB,ChinaBond Government Bond Yield Curve,0,1.0,https://yield.chinabond.com.cn/cbweb-czb-web/czb/historyQuery,2026-08-09T11:34:01.034821+00:00
2009-11-27,1.49,chinabond_official,1001.CB,ChinaBond Government Bond Yield Curve,0,1.0,https://yield.chinabond.com.cn/cbweb-czb-web/czb/historyQuery,2026-08-09T11:34:01.034821+00:00
2009-11-30,1.48,chinabond_official,1001.CB,ChinaBond Government Bond Yield Curve,0,1.0,https://yield.chinabond.com.cn/cbweb-czb-web/czb/historyQuery,2026-08-09T11:34:01.034821+00:00
2009-12-01,1.48,chinabond_official,1001.CB,ChinaBond Government Bond Yield Curve,0,1.0,https://yield.chinabond.com.cn/cbweb-czb-web/czb/historyQuery,2026-08-09T11:34:01.034821+00:00
2009-12-02,1.49,chinabond_official,1001.CB,ChinaBond Government Bond Yield Curve,0,1.0,https://yield.chinabond.com.cn/cbweb-czb-web/czb/historyQuery,2026-08-09T11:34:01.034821+00:00
2009-12-03,1.48,chinabond_official,1001.CB,ChinaBond Government Bond Yield Curve,0,1.0,https://yield.chinabond.com.cn/cbweb-czb-web/czb/historyQuery,2026-08-09T11:34:01.034821+00:00
2009-12-04,1.48,chinabond_official,1001.CB,ChinaBond Government Bond Yield Curve,0,1.0,https://yield.chinabond.com.cn/cbweb-czb-web/czb/historyQuery,2026-08-09T11:34:01.034821+00:00
2009-12-07,1.48,chinabond_official,1001.CB,ChinaBond Government Bond Yield Curve,0,1.0,https://yield.chinabond.com.cn/cbweb-czb-web/czb/historyQuery,2026-08-09T11:34:01.034821+00:00
2009-12-08,1.48,chinabond_official,1001.CB,ChinaBond Government Bond Yield Curve,0,1.0,https://yield.chinabond.com.cn/cbweb-czb-web/czb/historyQuery,2026-08-09T11:34:01.034821+00:00
2009-12-09,1.49,chinabond_official,1001.CB,ChinaBond Government Bond Yield Curve,0,1.0,https://yield.chinabond.com.cn/cbweb-czb-web/czb/historyQuery,2026-08-09T11:34:01.034821+00:00
2009-12-10,1.49,chinabond_official,1001.CB,ChinaBond Government Bond Yield Curve,0,1.0,https://yield.chinabond.com.cn/cbweb-czb-web/czb/historyQuery,2026-08-09T11:34:01.034821+00:00
2009-12-11,1.49,chinabond_official,1001.CB,ChinaBond Government Bond Yield Curve,0,1.0,https://yield.chinabond.com.cn/cbweb-czb-web/czb/historyQuery,2026-08-09T11:34:01.034821+00:00
2009-12-14,1.49,chinabond_official,1001.CB,ChinaBond Government Bond Yield Curve,0,1.0,https://yield.chinabond.com.cn/cbweb-czb-web/czb/historyQuery,2026-08-09T11:34:01.034821+00:00
2009-12-15,1.49,chinabond_official,1001.CB,ChinaBond Government Bond Yield Curve,0,1.0,https://yield.chinabond.com.cn/cbweb-czb-web/czb/historyQuery,2026-08-09T11:34:01.034821+00:00
2009-12-16,1.49,chinabond_official,1001.CB,ChinaBond Government Bond Yield Curve,0,1.0,https://yield.chinabond.com.cn/cbweb-czb-web/czb/historyQuery,2026-08-09T11:34:01.034821+00:00
2009-12-17,1.49,chinabond_official,1001.CB,ChinaBond Government Bond Yield Curve,0,1.0,https://yield.chinabond.com.cn/cbweb-czb-web/czb/historyQuery,2026-08-09T11:34:01.034821+00:00
2009-12-18,1.49,chinabond_official,1001.CB,ChinaBond Government Bond Yield Curve,0,1.0,https://yield.chinabond.com.cn/cbweb-czb-web/czb/historyQuery,2026-08-09T11:34:01.034821+00:00
2009-12-21,1.49,chinabond_official,1001.CB,ChinaBond Government Bond Yield Curve,0,1.0,https://yield.chinabond.com.cn/cbweb-czb-web/czb/historyQuery,2026-08-09T11:34:01.034821+00:00
2009-12-22,1.49,chinabond_official,1001.CB,ChinaBond Government Bond Yield Curve,0,1.0,https://yield.chinabond.com.cn/cbweb-czb-web/czb/historyQuery,2026-08-09T11:34:01.034821+00:00
2009-12-23,1.49,chinabond_official,1001.CB,ChinaBond Government Bond Yield Curve,0,1.0,https://yield.chinabond.com.cn/cbweb-czb-web/czb/historyQuery,2026-08-09T11:34:01.034821+00:00
2009-12-24,1.49,chinabond_official,1001.CB,ChinaBond Government Bond Yield Curve,0,1.0,https://yield.chinabond.com.cn/cbweb-czb-web/czb/historyQuery,2026-08-09T11:34:01.034821+00:00
2009-12-25,1.5,chinabond_official,1001.CB,ChinaBond Government Bond Yield Curve,0,1.0,https://yield.chinabond.com.cn/cbweb-czb-web/czb/historyQuery,2026-08-09T11:34:01.034821+00:00
2009-12-28,1.5,chinabond_official,1001.CB,ChinaBond Government Bond Yield Curve,0,1.0,https://yield.chinabond.com.cn/cbweb-czb-web/czb/historyQuery,2026-08-09T11:34:01.034821+00:00
2009-12-29,1.5,chinabond_official,1001.CB,ChinaBond Government Bond Yield Curve,0,1.0,https://yield.chinabond.com.cn/cbweb-czb-web/czb/historyQuery,2026-08-09T11:34:01.034821+00:00
2009-12-30,1.5,chinabond_official,1001.CB,ChinaBond Government Bond Yield Curve,0,1.0,https://yield.chinabond.com.cn/cbweb-czb-web/czb/historyQuery,2026-08-09T11:34:01.034821+00:00
2009-12-31,1.5,chinabond_official,1001.CB,ChinaBond Government Bond Yield Curve,0,1.0,https://yield.chinabond.com.cn/cbweb-czb-web/czb/historyQuery,2026-08-09T11:34:01.034821+00:00
2010-01-04,1.5,chinabond_official,1001.CB,ChinaBond Government Bond Yield Curve,0,1.0,https://yield.chinabond.com.cn/cbweb-czb-web/czb/historyQuery,2026-08-09T11:34:01.034821+00:00
2010-01-05,1.51,chinabond_official,1001.CB,ChinaBond Government Bond Yield Curve,0,1.0,https://yield.chinabond.com.cn/cbweb-czb-web/czb/historyQuery,2026-08-09T11:34:01.034821+00:00
2010-01-06,1.52,chinabond_official,1001.CB,ChinaBond Government Bond Yield Curve,0,1.0,https://yield.chinabond.com.cn/cbweb-czb-web/czb/historyQuery,2026-08-09T11:34:01.034821+00:00
2010-01-07,1.55,chinabond_official,1001.CB,ChinaBond Government Bond Yield Curve,0,1.0,https://yield.chinabond.com.cn/cbweb-czb-web/czb/historyQuery,2026-08-09T11:34:01.034821+00:00
2010-01-08,1.54,chinabond_official,1001.CB,ChinaBond Government Bond Yield Curve,0,1.0,https://yield.chinabond.com.cn/cbweb-czb-web/czb/historyQuery,2026-08-09T11:34:01.034821+00:00
2010-01-11,1.53,chinabond_official,1001.CB,ChinaBond Government Bond Yield Curve,0,1.0,https://yield.chinabond.com.cn/cbweb-czb-web/czb/historyQuery,2026-08-09T11:34:01.034821+00:00
2010-01-12,1.56,chinabond_official,1001.CB,ChinaBond Government Bond Yield Curve,0,1.0,https://yield.chinabond.com.cn/cbweb-czb-web/czb/historyQuery,2026-08-09T11:34:01.034821+00:00
2010-01-13,1.61,chinabond_official,1001.CB,ChinaBond Government Bond Yield Curve,0,1.0,https://yield.chinabond.com.cn/cbweb-czb-web/czb/historyQuery,2026-08-09T11:34:01.034821+00:00
2010-01-14,1.6,chinabond_official,1001.CB,ChinaBond Government Bond Yield Curve,0,1.0,https://yield.chinabond.com.cn/cbweb-czb-web/czb/historyQuery,2026-08-09T11:34:01.034821+00:00
2010-01-15,1.6,chinabond_official,1001.CB,ChinaBond Government Bond Yield Curve,0,1.0,https://yield.chinabond.com.cn/cbweb-czb-web/czb/historyQuery,2026-08-09T11:34:01.034821+00:00
2010-01-18,1.61,chinabond_official,1001.CB,ChinaBond Government Bond Yield Curve,0,1.0,https://yield.chinabond.com.cn/cbweb-czb-web/czb/historyQuery,2026-08-09T11:34:01.034821+00:00
2010-01-19,1.6,chinabond_official,1001.CB,ChinaBond Government Bond Yield Curve,0,1.0,https://yield.chinabond.com.cn/cbweb-czb-web/czb/historyQuery,2026-08-09T11:34:01.034821+00:00
2010-01-20,1.57,chinabond_official,1001.CB,ChinaBond Government Bond Yield Curve,0,1.0,https://yield.chinabond.com.cn/cbweb-czb-web/czb/historyQuery,2026-08-09T11:34:01.034821+00:00
2010-01-21,1.6,chinabond_official,1001.CB,ChinaBond Government Bond Yield Curve,0,1.0,https://yield.chinabond.com.cn/cbweb-czb-web/czb/historyQuery,2026-08-09T11:34:01.034821+00:00
2010-01-22,1.61,chinabond_official,1001.CB,ChinaBond Government Bond Yield Curve,0,1.0,https://yield.chinabond.com.cn/cbweb-czb-web/czb/historyQuery,2026-08-09T11:34:01.034821+00:00
2010-01-25,1.61,chinabond_official,1001.CB,ChinaBond Government Bond Yield Curve,0,1.0,https://yield.chinabond.com.cn/cbweb-czb-web/czb/historyQuery,2026-08-09T11:34:01.034821+00:00
2010-01-26,1.63,chinabond_official,1001.CB,ChinaBond Government Bond Yield Curve,0,1.0,https://yield.chinabond.com.cn/cbweb-czb-web/czb/historyQuery,2026-08-09T11:34:01.034821+00:00
2010-01-27,1.63,chinabond_official,1001.CB,ChinaBond Government Bond Yield Curve,0,1.0,https://yield.chinabond.com.cn/cbweb-czb-web/czb/historyQuery,2026-08-09T11:34:01.034821+00:00
2010-01-28,1.64,chinabond_official,1001.CB,ChinaBond Government Bond Yield Curve,0,1.0,https://yield.chinabond.com.cn/cbweb-czb-web/czb/historyQuery,2026-08-09T11:34:01.034821+00:00
2010-01-29,1.65,chinabond_official,1001.CB,ChinaBond Government Bond Yield Curve,0,1.0,https://yield.chinabond.com.cn/cbweb-czb-web/czb/historyQuery,2026-08-09T11:34:01.034821+00:00
2010-02-01,1.64,chinabond_official,1001.CB,ChinaBond Government Bond Yield Curve,0,1.0,https://yield.chinabond.com.cn/cbweb-czb-web/czb/historyQuery,2026-08-09T11:34:01.034821+00:00
2010-02-02,1.64,chinabond_official,1001.CB,ChinaBond Government Bond Yield Curve,0,1.0,https://yield.chinabond.com.cn/cbweb-czb-web/czb/historyQuery,2026-08-09T11:34:01.034821+00:00
2010-02-03,1.64,chinabond_official,1001.CB,ChinaBond Government Bond Yield Curve,0,1.0,https://yield.chinabond.com.cn/cbweb-czb-web/czb/historyQuery,2026-08-09T11:34:01.034821+00:00
2010-02-04,1.64,chinabond_official,1001.CB,ChinaBond Government Bond Yield Curve,0,1.0,https://yield.chinabond.com.cn/cbweb-czb-web/czb/historyQuery,2026-08-09T11:34:01.034821+00:00
2010-02-05,1.65,chinabond_official,1001.CB,ChinaBond Government Bond Yield Curve,0,1.0,https://yield.chinabond.com.cn/cbweb-czb-web/czb/historyQuery,2026-08-09T11:34:01.034821+00:00
2010-02-08,1.64,chinabond_official,1001.CB,ChinaBond Government Bond Yield Curve,0,1.0,https://yield.chinabond.com.cn/cbweb-czb-web/czb/historyQuery,2026-08-09T11:34:01.034821+00:00
2010-02-09,1.64,chinabond_official,1001.CB,ChinaBond Government Bond Yield Curve,0,1.0,https://yield.chinabond.com.cn/cbweb-czb-web/czb/historyQuery,2026-08-09T11:34:01.034821+00:00
2010-02-10,1.64,chinabond_official,1001.CB,ChinaBond Government Bond Yield Curve,0,1.0,https://yield.chinabond.com.cn/cbweb-czb-web/czb/historyQuery,2026-08-09T11:34:01.034821+00:00
2010-02-11,1.65,chinabond_official,1001.CB,ChinaBond Government Bond Yield Curve,0,1.0,https://yield.chinabond.com.cn/cbweb-czb-web/czb/historyQuery,2026-08-09T11:34:01.034821+00:00
2010-02-12,1.66,chinabond_official,1001.CB,ChinaBond Government Bond Yield Curve,0,1.0,https://yield.chinabond.com.cn/cbweb-czb-web/czb/historyQuery,2026-08-09T11:34:01.034821+00:00
2010-02-20,1.68,chinabond_official,1001.CB,ChinaBond Government Bond Yield Curve,0,1.0,https://yield.chinabond.com.cn/cbweb-czb-web/czb/historyQuery,2026-08-09T11:34:01.034821+00:00
2010-02-21,1.68,chinabond_official,1001.CB,ChinaBond Government Bond Yield Curve,0,1.0,https://yield.chinabond.com.cn/cbweb-czb-web/czb/historyQuery,2026-08-09T11:34:01.034821+00:00
2010-02-22,1.68,chinabond_official,1001.CB,ChinaBond Government Bond Yield Curve,0,1.0,https://yield.chinabond.com.cn/cbweb-czb-web/czb/historyQuery,2026-08-09T11:34:01.034821+00:00
2010-02-23,1.68,chinabond_official,1001.CB,ChinaBond Government Bond Yield Curve,0,1.0,https://yield.chinabond.com.cn/cbweb-czb-web/czb/historyQuery,2026-08-09T11:34:01.034821+00:00
2010-02-24,1.68,chinabond_official,1001.CB,ChinaBond Government Bond Yield Curve,0,1.0,https://yield.chinabond.com.cn/cbweb-czb-web/czb/historyQuery,2026-08-09T11:34:01.034821+00:00
2010-02-25,1.68,chinabond_official,1001.CB,ChinaBond Government Bond Yield Curve,0,1.0,https://yield.chinabond.com.cn/cbweb-czb-web/czb/historyQuery,2026-08-09T11:34:01.034821+00:00
2010-02-26,1.63,chinabond_official,1001.CB,ChinaBond Government Bond Yield Curve,0,1.0,https://yield.chinabond.com.cn/cbweb-czb-web/czb/historyQuery,2026-08-09T11:34:01.034821+00:00
2010-03-01,1.61,chinabond_official,1001.CB,ChinaBond Government Bond Yield Curve,0,1.0,https://yield.chinabond.com.cn/cbweb-czb-web/czb/historyQuery,2026-08-09T11:34:01.034821+00:00
2010-03-02,1.54,chinabond_official,1001.CB,ChinaBond Government Bond Yield Curve,0,1.0,https://yield.chinabond.com.cn/cbweb-czb-web/czb/historyQuery,2026-08-09T11:34:01.034821+00:00
2010-03-03,1.5,chinabond_official,1001.CB,ChinaBond Government Bond Yield Curve,0,1.0,https://yield.chinabond.com.cn/cbweb-czb-web/czb/historyQuery,2026-08-09T11:34:01.034821+00:00
2010-03-04,1.51,chinabond_official,1001.CB,ChinaBond Government Bond Yield Curve,0,1.0,https://yield.chinabond.com.cn/cbweb-czb-web/czb/historyQuery,2026-08-09T11:34:01.034821+00:00
2010-03-05,1.52,chinabond_official,1001.CB,ChinaBond Government Bond Yield Curve,0,1.0,https://yield.chinabond.com.cn/cbweb-czb-web/czb/historyQuery,2026-08-09T11:34:01.034821+00:00
2010-03-08,1.51,chinabond_official,1001.CB,ChinaBond Government Bond Yield Curve,0,1.0,https://yield.chinabond.com.cn/cbweb-czb-web/czb/historyQuery,2026-08-09T11:34:01.034821+00:00
2010-03-09,1.51,chinabond_official,1001.CB,ChinaBond Government Bond Yield Curve,0,1.0,https://yield.chinabond.com.cn/cbweb-czb-web/czb/historyQuery,2026-08-09T11:34:01.034821+00:00
2010-03-10,1.54,chinabond_official,1001.CB,ChinaBond Government Bond Yield Curve,0,1.0,https://yield.chinabond.com.cn/cbweb-czb-web/czb/historyQuery,2026-08-09T11:34:01.034821+00:00
2010-03-11,1.53,chinabond_official,1001.CB,ChinaBond Government Bond Yield Curve,0,1.0,https://yield.chinabond.com.cn/cbweb-czb-web/czb/historyQuery,2026-08-09T11:34:01.034821+00:00
2010-03-12,1.54,chinabond_official,1001.CB,ChinaBond Government Bond Yield Curve,0,1.0,https://yield.chinabond.com.cn/cbweb-czb-web/czb/historyQuery,2026-08-09T11:34:01.034821+00:00
2010-03-15,1.53,chinabond_official,1001.CB,ChinaBond Government Bond Yield Curve,0,1.0,https://yield.chinabond.com.cn/cbweb-czb-web/czb/historyQuery,2026-08-09T11:34:01.034821+00:00
2010-03-16,1.53,chinabond_official,1001.CB,ChinaBond Government Bond Yield Curve,0,1.0,https://yield.chinabond.com.cn/cbweb-czb-web/czb/historyQuery,2026-08-09T11:34:01.034821+00:00
2010-03-17,1.53,chinabond_official,1001.CB,ChinaBond Government Bond Yield Curve,0,1.0,https://yield.chinabond.com.cn/cbweb-czb-web/czb/historyQuery,2026-08-09T11:34:01.034821+00:00
2010-03-18,1.52,chinabond_official,1001.CB,ChinaBond Government Bond Yield Curve,0,1.0,https://yield.chinabond.com.cn/cbweb-czb-web/czb/historyQuery,2026-08-09T11:34:01.034821+00:00
2010-03-19,1.52,chinabond_official,1001.CB,ChinaBond Government Bond Yield Curve,0,1.0,https://yield.chinabond.com.cn/cbweb-czb-web/czb/historyQuery,2026-08-09T11:34:01.034821+00:00
2010-03-22,1.51,chinabond_official,1001.CB,ChinaBond Government Bond Yield Curve,0,1.0,https://yield.chinabond.com.cn/cbweb-czb-web/czb/historyQuery,2026-08-09T11:34:01.034821+00:00
2010-03-23,1.52,chinabond_official,1001.CB,ChinaBond Government Bond Yield Curve,0,1.0,https://yield.chinabond.com.cn/cbweb-czb-web/czb/historyQuery,2026-08-09T11:34:01.034821+00:00
2010-03-24,1.52,chinabond_official,1001.CB,ChinaBond Government Bond Yield Curve,0,1.0,https://yield.chinabond.com.cn/cbweb-czb-web/czb/historyQuery,2026-08-09T11:34:01.034821+00:00
2010-03-25,1.51,chinabond_official,1001.CB,ChinaBond Government Bond Yield Curve,0,1.0,https://yield.chinabond.com.cn/cbweb-czb-web/czb/historyQuery,2026-08-09T11:34:01.034821+00:00
2010-03-26,1.52,chinabond_official,1001.CB,ChinaBond Government Bond Yield Curve,0,1.0,https://yield.chinabond.com.cn/cbweb-czb-web/czb/historyQuery,2026-08-09T11:34:01.034821+00:00
2010-03-29,1.51,chinabond_official,1001.CB,ChinaBond Government Bond Yield Curve,0,1.0,https://yield.chinabond.com.cn/cbweb-czb-web/czb/historyQuery,2026-08-09T11:34:01.034821+00:00
2010-03-30,1.53,chinabond_official,1001.CB,ChinaBond Government Bond Yield Curve,0,1.0,https://yield.chinabond.com.cn/cbweb-czb-web/czb/historyQuery,2026-08-09T11:34:01.034821+00:00
2010-03-31,1.55,chinabond_official,1001.CB,ChinaBond Government Bond Yield Curve,0,1.0,https://yield.chinabond.com.cn/cbweb-czb-web/czb/historyQuery,2026-08-09T11:34:01.034821+00:00
2010-04-01,1.58,chinabond_official,1001.CB,ChinaBond Government Bond Yield Curve,0,1.0,https://yield.chinabond.com.cn/cbweb-czb-web/czb/historyQuery,2026-08-09T11:34:01.034821+00:00
2010-04-02,1.59,chinabond_official,1001.CB,ChinaBond Government Bond Yield Curve,0,1.0,https://yield.chinabond.com.cn/cbweb-czb-web/czb/historyQuery,2026-08-09T11:34:01.034821+00:00
2010-04-06,1.6,chinabond_official,1001.CB,ChinaBond Government Bond Yield Curve,0,1.0,https://yield.chinabond.com.cn/cbweb-czb-web/czb/historyQuery,2026-08-09T11:34:01.034821+00:00
2010-04-07,1.62,chinabond_official,1001.CB,ChinaBond Government Bond Yield Curve,0,1.0,https://yield.chinabond.com.cn/cbweb-czb-web/czb/historyQuery,2026-08-09T11:34:01.034821+00:00
2010-04-08,1.64,chinabond_official,1001.CB,ChinaBond Government Bond Yield Curve,0,1.0,https://yield.chinabond.com.cn/cbweb-czb-web/czb/historyQuery,2026-08-09T11:34:01.034821+00:00
2010-04-09,1.67,chinabond_official,1001.CB,ChinaBond Government Bond Yield Curve,0,1.0,https://yield.chinabond.com.cn/cbweb-czb-web/czb/historyQuery,2026-08-09T11:34:01.034821+00:00
2010-04-12,1.66,chinabond_official,1001.CB,ChinaBond Government Bond Yield Curve,0,1.0,https://yield.chinabond.com.cn/cbweb-czb-web/czb/historyQuery,2026-08-09T11:34:01.034821+00:00
2010-04-13,1.66,chinabond_official,1001.CB,ChinaBond Government Bond Yield Curve,0,1.0,https://yield.chinabond.com.cn/cbweb-czb-web/czb/historyQuery,2026-08-09T11:34:01.034821+00:00
2010-04-14,1.65,chinabond_official,1001.CB,ChinaBond Government Bond Yield Curve,0,1.0,https://yield.chinabond.com.cn/cbweb-czb-web/czb/historyQuery,2026-08-09T11:34:01.034821+00:00
2010-04-15,1.65,chinabond_official,1001.CB,ChinaBond Government Bond Yield Curve,0,1.0,https://yield.chinabond.com.cn/cbweb-czb-web/czb/historyQuery,2026-08-09T11:34:01.034821+00:00
2010-04-16,1.66,chinabond_official,1001.CB,ChinaBond Government Bond Yield Curve,0,1.0,https://yield.chinabond.com.cn/cbweb-czb-web/czb/historyQuery,2026-08-09T11:34:01.034821+00:00
2010-04-19,1.64,chinabond_official,1001.CB,ChinaBond Government Bond Yield Curve,0,1.0,https://yield.chinabond.com.cn/cbweb-czb-web/czb/historyQuery,2026-08-09T11:34:01.034821+00:00
2010-04-20,1.64,chinabond_official,1001.CB,ChinaBond Government Bond Yield Curve,0,1.0,https://yield.chinabond.com.cn/cbweb-czb-web/czb/historyQuery,2026-08-09T11:34:01.034821+00:00
2010-04-21,1.62,chinabond_official,1001.CB,ChinaBond Government Bond Yield Curve,0,1.0,https://yield.chinabond.com.cn/cbweb-czb-web/czb/historyQuery,2026-08-09T11:34:01.034821+00:00
2010-04-22,1.64,chinabond_official,1001.CB,ChinaBond Government Bond Yield Curve,0,1.0,https://yield.chinabond.com.cn/cbweb-czb-web/czb/historyQuery,2026-08-09T11:34:01.034821+00:00
2010-04-23,1.63,chinabond_official,1001.CB,ChinaBond Government Bond Yield Curve,0,1.0,https://yield.chinabond.com.cn/cbweb-czb-web/czb/historyQuery,2026-08-09T11:34:01.034821+00:00
2010-04-26,1.62,chinabond_official,1001.CB,ChinaBond Government Bond Yield Curve,0,1.0,https://yield.chinabond.com.cn/cbweb-czb-web/czb/historyQuery,2026-08-09T11:34:01.034821+00:00
2010-04-27,1.6,chinabond_official,1001.CB,ChinaBond Government Bond Yield Curve,0,1.0,https://yield.chinabond.com.cn/cbweb-czb-web/czb/historyQuery,2026-08-09T11:34:01.034821+00:00
2010-04-28,1.58,chinabond_official,1001.CB,ChinaBond Government Bond Yield Curve,0,1.0,https://yield.chinabond.com.cn/cbweb-czb-web/czb/historyQuery,2026-08-09T11:34:01.034821+00:00
2010-04-29,1.58,chinabond_official,1001.CB,ChinaBond Government Bond Yield Curve,0,1.0,https://yield.chinabond.com.cn/cbweb-czb-web/czb/historyQuery,2026-08-09T11:34:01.034821+00:00
2010-04-30,1.59,chinabond_official,1001.CB,ChinaBond Government Bond Yield Curve,0,1.0,https://yield.chinabond.com.cn/cbweb-czb-web/czb/historyQuery,2026-08-09T11:34:01.034821+00:00
2010-05-04,1.61,chinabond_official,1001.CB,ChinaBond Government Bond Yield Curve,0,1.0,https://yield.chinabond.com.cn/cbweb-czb-web/czb/historyQuery,2026-08-09T11:34:01.034821+00:00
2010-05-05,1.61,chinabond_official,1001.CB,ChinaBond Government Bond Yield Curve,0,1.0,https://yield.chinabond.com.cn/cbweb-czb-web/czb/historyQuery,2026-08-09T11:34:01.034821+00:00
2010-05-06,1.64,chinabond_official,1001.CB,ChinaBond Government Bond Yield Curve,0,1.0,https://yield.chinabond.com.cn/cbweb-czb-web/czb/historyQuery,2026-08-09T11:34:01.034821+00:00
2010-05-07,1.66,chinabond_official,1001.CB,ChinaBond Government Bond Yield Curve,0,1.0,https://yield.chinabond.com.cn/cbweb-czb-web/czb/historyQuery,2026-08-09T11:34:01.034821+00:00
2010-05-10,1.66,chinabond_official,1001.CB,ChinaBond Government Bond Yield Curve,0,1.0,https://yield.chinabond.com.cn/cbweb-czb-web/czb/historyQuery,2026-08-09T11:34:01.034821+00:00
2010-05-11,1.69,chinabond_official,1001.CB,ChinaBond Government Bond Yield Curve,0,1.0,https://yield.chinabond.com.cn/cbweb-czb-web/czb/historyQuery,2026-08-09T11:34:01.034821+00:00
2010-05-12,1.71,chinabond_official,1001.CB,ChinaBond Government Bond Yield Curve,0,1.0,https://yield.chinabond.com.cn/cbweb-czb-web/czb/historyQuery,2026-08-09T11:34:01.034821+00:00
2010-05-13,1.71,chinabond_official,1001.CB,ChinaBond Government Bond Yield Curve,0,1.0,https://yield.chinabond.com.cn/cbweb-czb-web/czb/historyQuery,2026-08-09T11:34:01.034821+00:00
2010-05-14,1.74,chinabond_official,1001.CB,ChinaBond Government Bond Yield Curve,0,1.0,https://yield.chinabond.com.cn/cbweb-czb-web/czb/historyQuery,2026-08-09T11:34:01.034821+00:00
2010-05-17,1.75,chinabond_official,1001.CB,ChinaBond Government Bond Yield Curve,0,1.0,https://yield.chinabond.com.cn/cbweb-czb-web/czb/historyQuery,2026-08-09T11:34:01.034821+00:00
2010-05-18,1.75,chinabond_official,1001.CB,ChinaBond Government Bond Yield Curve,0,1.0,https://yield.chinabond.com.cn/cbweb-czb-web/czb/historyQuery,2026-08-09T11:34:01.034821+00:00
2010-05-19,1.77,chinabond_official,1001.CB,ChinaBond Government Bond Yield Curve,0,1.0,https://yield.chinabond.com.cn/cbweb-czb-web/czb/historyQuery,2026-08-09T11:34:01.034821+00:00
2010-05-20,1.77,chinabond_official,1001.CB,ChinaBond Government Bond Yield Curve,0,1.0,https://yield.chinabond.com.cn/cbweb-czb-web/czb/historyQuery,2026-08-09T11:34:01.034821+00:00
2010-05-21,1.78,chinabond_official,1001.CB,ChinaBond Government Bond Yield Curve,0,1.0,https://yield.chinabond.com.cn/cbweb-czb-web/czb/historyQuery,2026-08-09T11:34:01.034821+00:00
2010-05-24,1.8,chinabond_official,1001.CB,ChinaBond Government Bond Yield Curve,0,1.0,https://yield.chinabond.com.cn/cbweb-czb-web/czb/historyQuery,2026-08-09T11:34:01.034821+00:00
2010-05-25,1.79,chinabond_official,1001.CB,ChinaBond Government Bond Yield Curve,0,1.0,https://yield.chinabond.com.cn/cbweb-czb-web/czb/historyQuery,2026-08-09T11:34:01.034821+00:00
2010-05-26,1.84,chinabond_official,1001.CB,ChinaBond Government Bond Yield Curve,0,1.0,https://yield.chinabond.com.cn/cbweb-czb-web/czb/historyQuery,2026-08-09T11:34:01.034821+00:00
2010-05-27,1.83,chinabond_official,1001.CB,ChinaBond Government Bond Yield Curve,0,1.0,https://yield.chinabond.com.cn/cbweb-czb-web/czb/historyQuery,2026-08-09T11:34:01.034821+00:00
2010-05-28,1.83,chinabond_official,1001.CB,ChinaBond Government Bond Yield Curve,0,1.0,https://yield.chinabond.com.cn/cbweb-czb-web/czb/historyQuery,2026-08-09T11:34:01.034821+00:00
2010-05-31,1.82,chinabond_official,1001.CB,ChinaBond Government Bond Yield Curve,0,1.0,https://yield.chinabond.com.cn/cbweb-czb-web/czb/historyQuery,2026-08-09T11:34:01.034821+00:00
2010-06-01,1.84,chinabond_official,1001.CB,ChinaBond Government Bond Yield Curve,0,1.0,https://yield.chinabond.com.cn/cbweb-czb-web/czb/historyQuery,2026-08-09T11:34:01.034821+00:00
2010-06-02,1.82,chinabond_official,1001.CB,ChinaBond Government Bond Yield Curve,0,1.0,https://yield.chinabond.com.cn/cbweb-czb-web/czb/historyQuery,2026-08-09T11:34:01.034821+00:00
2010-06-03,1.82,chinabond_official,1001.CB,ChinaBond Government Bond Yield Curve,0,1.0,https://yield.chinabond.com.cn/cbweb-czb-web/czb/historyQuery,2026-08-09T11:34:01.034821+00:00
2010-06-04,1.83,chinabond_official,1001.CB,ChinaBond Government Bond Yield Curve,0,1.0,https://yield.chinabond.com.cn/cbweb-czb-web/czb/historyQuery,2026-08-09T11:34:01.034821+00:00
2010-06-07,1.86,chinabond_official,1001.CB,ChinaBond Government Bond Yield Curve,0,1.0,https://yield.chinabond.com.cn/cbweb-czb-web/czb/historyQuery,2026-08-09T11:34:01.034821+00:00
2010-06-08,1.87,chinabond_official,1001.CB,ChinaBond Government Bond Yield Curve,0,1.0,https://yield.chinabond.com.cn/cbweb-czb-web/czb/historyQuery,2026-08-09T11:34:01.034821+00:00
2010-06-09,1.87,chinabond_official,1001.CB,ChinaBond Government Bond Yield Curve,0,1.0,https://yield.chinabond.com.cn/cbweb-czb-web/czb/historyQuery,2026-08-09T11:34:01.034821+00:00
2010-06-10,1.87,chinabond_official,1001.CB,ChinaBond Government Bond Yield Curve,0,1.0,https://yield.chinabond.com.cn/cbweb-czb-web/czb/historyQuery,2026-08-09T11:34:01.034821+00:00
2010-06-11,2.02,chinabond_official,1001.CB,ChinaBond Government Bond Yield Curve,0,1.0,https://yield.chinabond.com.cn/cbweb-czb-web/czb/historyQuery,2026-08-09T11:34:01.034821+00:00
2010-06-12,2.01,chinabond_official,1001.CB,ChinaBond Government Bond Yield Curve,0,1.0,https://yield.chinabond.com.cn/cbweb-czb-web/czb/historyQuery,2026-08-09T11:34:01.034821+00:00
2010-06-13,2.02,chinabond_official,1001.CB,ChinaBond Government Bond Yield Curve,0,1.0,https://yield.chinabond.com.cn/cbweb-czb-web/czb/historyQuery,2026-08-09T11:34:01.034821+00:00
2010-06-17,2.03,chinabond_official,1001.CB,ChinaBond Government Bond Yield Curve,0,1.0,https://yield.chinabond.com.cn/cbweb-czb-web/czb/historyQuery,2026-08-09T11:34:01.034821+00:00
2010-06-18,2.1,chinabond_official,1001.CB,ChinaBond Government Bond Yield Curve,0,1.0,https://yield.chinabond.com.cn/cbweb-czb-web/czb/historyQuery,2026-08-09T11:34:01.034821+00:00
2010-06-21,2.12,chinabond_official,1001.CB,ChinaBond Government Bond Yield Curve,0,1.0,https://yield.chinabond.com.cn/cbweb-czb-web/czb/historyQuery,2026-08-09T11:34:01.034821+00:00
2010-06-22,2.13,chinabond_official,1001.CB,ChinaBond Government Bond Yield Curve,0,1.0,https://yield.chinabond.com.cn/cbweb-czb-web/czb/historyQuery,2026-08-09T11:34:01.034821+00:00
2010-06-23,2.13,chinabond_official,1001.CB,ChinaBond Government Bond Yield Curve,0,1.0,https://yield.chinabond.com.cn/cbweb-czb-web/czb/historyQuery,2026-08-09T11:34:01.034821+00:00
2010-06-24,2.13,chinabond_official,1001.CB,ChinaBond Government Bond Yield Curve,0,1.0,https://yield.chinabond.com.cn/cbweb-czb-web/czb/historyQuery,2026-08-09T11:34:01.034821+00:00
2010-06-25,2.14,chinabond_official,1001.CB,ChinaBond Government Bond Yield Curve,0,1.0,https://yield.chinabond.com.cn/cbweb-czb-web/czb/historyQuery,2026-08-09T11:34:01.034821+00:00
2010-06-28,2.11,chinabond_official,1001.CB,ChinaBond Government Bond Yield Curve,0,1.0,https://yield.chinabond.com.cn/cbweb-czb-web/czb/historyQuery,2026-08-09T11:34:01.034821+00:00
2010-06-29,2.12,chinabond_official,1001.CB,ChinaBond Government Bond Yield Curve,0,1.0,https://yield.chinabond.com.cn/cbweb-czb-web/czb/historyQuery,2026-08-09T11:34:01.034821+00:00
2010-06-30,2.13,chinabond_official,1001.CB,ChinaBond Government Bond Yield Curve,0,1.0,https://yield.chinabond.com.cn/cbweb-czb-web/czb/historyQuery,2026-08-09T11:34:01.034821+00:00
2010-07-01,2.12,chinabond_official,1001.CB,ChinaBond Government Bond Yield Curve,0,1.0,https://yield.chinabond.com.cn/cbweb-czb-web/czb/historyQuery,2026-08-09T11:34:01.034821+00:00
2010-07-02,2.12,chinabond_official,1001.CB,ChinaBond Government Bond Yield Curve,0,1.0,https://yield.chinabond.com.cn/cbweb-czb-web/czb/historyQuery,2026-08-09T11:34:01.034821+00:00
2010-07-05,2.12,chinabond_official,1001.CB,ChinaBond Government Bond Yield Curve,0,1.0,https://yield.chinabond.com.cn/cbweb-czb-web/czb/historyQuery,2026-08-09T11:34:01.034821+00:00
2010-07-06,2.12,chinabond_official,1001.CB,ChinaBond Government Bond Yield Curve,0,1.0,https://yield.chinabond.com.cn/cbweb-czb-web/czb/historyQuery,2026-08-09T11:34:01.034821+00:00
2010-07-07,2.06,chinabond_official,1001.CB,ChinaBond Government Bond Yield Curve,0,1.0,https://yield.chinabond.com.cn/cbweb-czb-web/czb/historyQuery,2026-08-09T11:34:01.034821+00:00
2010-07-08,2.04,chinabond_official,1001.CB,ChinaBond Government Bond Yield Curve,0,1.0,https://yield.chinabond.com.cn/cbweb-czb-web/czb/historyQuery,2026-08-09T11:34:01.034821+00:00
2010-07-09,2.02,chinabond_official,1001.CB,ChinaBond Government Bond Yield Curve,0,1.0,https://yield.chinabond.com.cn/cbweb-czb-web/czb/historyQuery,2026-08-09T11:34:01.034821+00:00
2010-07-12,1.98,chinabond_official,1001.CB,ChinaBond Government Bond Yield Curve,0,1.0,https://yield.chinabond.com.cn/cbweb-czb-web/czb/historyQuery,2026-08-09T11:34:01.034821+00:00
2010-07-13,1.92,chinabond_official,1001.CB,ChinaBond Government Bond Yield Curve,0,1.0,https://yield.chinabond.com.cn/cbweb-czb-web/czb/historyQuery,2026-08-09T11:34:01.034821+00:00
2010-07-14,1.87,chinabond_official,1001.CB,ChinaBond Government Bond Yield Curve,0,1.0,https://yield.chinabond.com.cn/cbweb-czb-web/czb/historyQuery,2026-08-09T11:34:01.034821+00:00
2010-07-15,1.89,chinabond_official,1001.CB,ChinaBond Government Bond Yield Curve,0,1.0,https://yield.chinabond.com.cn/cbweb-czb-web/czb/historyQuery,2026-08-09T11:34:01.034821+00:00
2010-07-16,1.88,chinabond_official,1001.CB,ChinaBond Government Bond Yield Curve,0,1.0,https://yield.chinabond.com.cn/cbweb-czb-web/czb/historyQuery,2026-08-09T11:34:01.034821+00:00
2010-07-19,1.9,chinabond_official,1001.CB,ChinaBond Government Bond Yield Curve,0,1.0,https://yield.chinabond.com.cn/cbweb-czb-web/czb/historyQuery,2026-08-09T11:34:01.034821+00:00
2010-07-20,1.9,chinabond_official,1001.CB,ChinaBond Government Bond Yield Curve,0,1.0,https://yield.chinabond.com.cn/cbweb-czb-web/czb/historyQuery,2026-08-09T11:34:01.034821+00:00
2010-07-21,1.88,chinabond_official,1001.CB,ChinaBond Government Bond Yield Curve,0,1.0,https://yield.chinabond.com.cn/cbweb-czb-web/czb/historyQuery,2026-08-09T11:34:01.034821+00:00
2010-07-22,1.93,chinabond_official,1001.CB,ChinaBond Government Bond Yield Curve,0,1.0,https://yield.chinabond.com.cn/cbweb-czb-web/czb/historyQuery,2026-08-09T11:34:01.034821+00:00
2010-07-23,1.93,chinabond_official,1001.CB,ChinaBond Government Bond Yield Curve,0,1.0,https://yield.chinabond.com.cn/cbweb-czb-web/czb/historyQuery,2026-08-09T11:34:01.034821+00:00
2010-07-26,1.96,chinabond_official,1001.CB,ChinaBond Government Bond Yield Curve,0,1.0,https://yield.chinabond.com.cn/cbweb-czb-web/czb/historyQuery,2026-08-09T11:34:01.034821+00:00
2010-07-27,1.94,chinabond_official,1001.CB,ChinaBond Government Bond Yield Curve,0,1.0,https://yield.chinabond.com.cn/cbweb-czb-web/czb/historyQuery,2026-08-09T11:34:01.034821+00:00
2010-07-28,1.93,chinabond_official,1001.CB,ChinaBond Government Bond Yield Curve,0,1.0,https://yield.chinabond.com.cn/cbweb-czb-web/czb/historyQuery,2026-08-09T11:34:01.034821+00:00
2010-07-29,1.93,chinabond_official,1001.CB,ChinaBond Government Bond Yield Curve,0,1.0,https://yield.chinabond.com.cn/cbweb-czb-web/czb/historyQuery,2026-08-09T11:34:01.034821+00:00
2010-07-30,1.93,chinabond_official,1001.CB,ChinaBond Government Bond Yield Curve,0,1.0,https://yield.chinabond.com.cn/cbweb-czb-web/czb/historyQuery,2026-08-09T11:34:01.034821+00:00
2010-08-02,1.93,chinabond_official,1001.CB,ChinaBond Government Bond Yield Curve,0,1.0,https://yield.chinabond.com.cn/cbweb-czb-web/czb/historyQuery,2026-08-09T11:34:01.034821+00:00
2010-08-03,1.93,chinabond_official,1001.CB,ChinaBond Government Bond Yield Curve,0,1.0,https://yield.chinabond.com.cn/cbweb-czb-web/czb/historyQuery,2026-08-09T11:34:01.034821+00:00
2010-08-04,1.93,chinabond_official,1001.CB,ChinaBond Government Bond Yield Curve,0,1.0,https://yield.chinabond.com.cn/cbweb-czb-web/czb/historyQuery,2026-08-09T11:34:01.034821+00:00
2010-08-05,1.93,chinabond_official,1001.CB,ChinaBond Government Bond Yield Curve,0,1.0,https://yield.chinabond.com.cn/cbweb-czb-web/czb/historyQuery,2026-08-09T11:34:01.034821+00:00
2010-08-06,1.91,chinabond_official,1001.CB,ChinaBond Government Bond Yield Curve,0,1.0,https://yield.chinabond.com.cn/cbweb-czb-web/czb/historyQuery,2026-08-09T11:34:01.034821+00:00
2010-08-09,1.91,chinabond_official,1001.CB,ChinaBond Government Bond Yield Curve,0,1.0,https://yield.chinabond.com.cn/cbweb-czb-web/czb/historyQuery,2026-08-09T11:34:01.034821+00:00
2010-08-10,1.91,chinabond_official,1001.CB,ChinaBond Government Bond Yield Curve,0,1.0,https://yield.chinabond.com.cn/cbweb-czb-web/czb/historyQuery,2026-08-09T11:34:01.034821+00:00
2010-08-11,1.91,chinabond_official,1001.CB,ChinaBond Government Bond Yield Curve,0,1.0,https://yield.chinabond.com.cn/cbweb-czb-web/czb/historyQuery,2026-08-09T11:34:01.034821+00:00
2010-08-12,1.91,chinabond_official,1001.CB,ChinaBond Government Bond Yield Curve,0,1.0,https://yield.chinabond.com.cn/cbweb-czb-web/czb/historyQuery,2026-08-09T11:34:01.034821+00:00
2010-08-13,1.92,chinabond_official,1001.CB,ChinaBond Government Bond Yield Curve,0,1.0,https://yield.chinabond.com.cn/cbweb-czb-web/czb/historyQuery,2026-08-09T11:34:01.034821+00:00
2010-08-16,1.93,chinabond_official,1001.CB,ChinaBond Government Bond Yield Curve,0,1.0,https://yield.chinabond.com.cn/cbweb-czb-web/czb/historyQuery,2026-08-09T11:34:01.034821+00:00
2010-08-17,1.93,chinabond_official,1001.CB,ChinaBond Government Bond Yield Curve,0,1.0,https://yield.chinabond.com.cn/cbweb-czb-web/czb/historyQuery,2026-08-09T11:34:01.034821+00:00
2010-08-18,1.94,chinabond_official,1001.CB,ChinaBond Government Bond Yield Curve,0,1.0,https://yield.chinabond.com.cn/cbweb-czb-web/czb/historyQuery,2026-08-09T11:34:01.034821+00:00
2010-08-19,1.94,chinabond_official,1001.CB,ChinaBond Government Bond Yield Curve,0,1.0,https://yield.chinabond.com.cn/cbweb-czb-web/czb/historyQuery,2026-08-09T11:34:01.034821+00:00
2010-08-20,1.92,chinabond_official,1001.CB,ChinaBond Government Bond Yield Curve,0,1.0,https://yield.chinabond.com.cn/cbweb-czb-web/czb/historyQuery,2026-08-09T11:34:01.034821+00:00
2010-08-23,1.92,chinabond_official,1001.CB,ChinaBond Government Bond Yield Curve,0,1.0,https://yield.chinabond.com.cn/cbweb-czb-web/czb/historyQuery,2026-08-09T11:34:01.034821+00:00
2010-08-24,1.89,chinabond_official,1001.CB,ChinaBond Government Bond Yield Curve,0,1.0,https://yield.chinabond.com.cn/cbweb-czb-web/czb/historyQuery,2026-08-09T11:34:01.034821+00:00
2010-08-25,1.88,chinabond_official,1001.CB,ChinaBond Government Bond Yield Curve,0,1.0,https://yield.chinabond.com.cn/cbweb-czb-web/czb/historyQuery,2026-08-09T11:34:01.034821+00:00
2010-08-26,1.91,chinabond_official,1001.CB,ChinaBond Government Bond Yield Curve,0,1.0,https://yield.chinabond.com.cn/cbweb-czb-web/czb/historyQuery,2026-08-09T11:34:01.034821+00:00
2010-08-27,1.9,chinabond_official,1001.CB,ChinaBond Government Bond Yield Curve,0,1.0,https://yield.chinabond.com.cn/cbweb-czb-web/czb/historyQuery,2026-08-09T11:34:01.034821+00:00
2010-08-30,1.9,chinabond_official,1001.CB,ChinaBond Government Bond Yield Curve,0,1.0,https://yield.chinabond.com.cn/cbweb-czb-web/czb/historyQuery,2026-08-09T11:34:01.034821+00:00
2010-08-31,1.92,chinabond_official,1001.CB,ChinaBond Government Bond Yield Curve,0,1.0,https://yield.chinabond.com.cn/cbweb-czb-web/czb/historyQuery,2026-08-09T11:34:01.034821+00:00
2010-09-01,1.91,chinabond_official,1001.CB,ChinaBond Government Bond Yield Curve,0,1.0,https://yield.chinabond.com.cn/cbweb-czb-web/czb/historyQuery,2026-08-09T11:34:01.034821+00:00
2010-09-02,1.9,chinabond_official,1001.CB,ChinaBond Government Bond Yield Curve,0,1.0,https://yield.chinabond.com.cn/cbweb-czb-web/czb/historyQuery,2026-08-09T11:34:01.034821+00:00
2010-09-03,1.92,chinabond_official,1001.CB,ChinaBond Government Bond Yield Curve,0,1.0,https://yield.chinabond.com.cn/cbweb-czb-web/czb/historyQuery,2026-08-09T11:34:01.034821+00:00
2010-09-06,1.92,chinabond_official,1001.CB,ChinaBond Government Bond Yield Curve,0,1.0,https://yield.chinabond.com.cn/cbweb-czb-web/czb/historyQuery,2026-08-09T11:34:01.034821+00:00
2010-09-07,1.92,chinabond_official,1001.CB,ChinaBond Government Bond Yield Curve,0,1.0,https://yield.chinabond.com.cn/cbweb-czb-web/czb/historyQuery,2026-08-09T11:34:01.034821+00:00
2010-09-08,1.93,chinabond_official,1001.CB,ChinaBond Government Bond Yield Curve,0,1.0,https://yield.chinabond.com.cn/cbweb-czb-web/czb/historyQuery,2026-08-09T11:34:01.034821+00:00
2010-09-09,1.93,chinabond_official,1001.CB,ChinaBond Government Bond Yield Curve,0,1.0,https://yield.chinabond.com.cn/cbweb-czb-web/czb/historyQuery,2026-08-09T11:34:01.034821+00:00
2010-09-10,1.91,chinabond_official,1001.CB,ChinaBond Government Bond Yield Curve,0,1.0,https://yield.chinabond.com.cn/cbweb-czb-web/czb/historyQuery,2026-08-09T11:34:01.034821+00:00
2010-09-13,1.89,chinabond_official,1001.CB,ChinaBond Government Bond Yield Curve,0,1.0,https://yield.chinabond.com.cn/cbweb-czb-web/czb/historyQuery,2026-08-09T11:34:01.034821+00:00
2010-09-14,1.9,chinabond_official,1001.CB,ChinaBond Government Bond Yield Curve,0,1.0,https://yield.chinabond.com.cn/cbweb-czb-web/czb/historyQuery,2026-08-09T11:34:01.034821+00:00
2010-09-15,1.9,chinabond_official,1001.CB,ChinaBond Government Bond Yield Curve,0,1.0,https://yield.chinabond.com.cn/cbweb-czb-web/czb/historyQuery,2026-08-09T11:34:01.034821+00:00
2010-09-16,1.92,chinabond_official,1001.CB,ChinaBond Government Bond Yield Curve,0,1.0,https://yield.chinabond.com.cn/cbweb-czb-web/czb/historyQuery,2026-08-09T11:34:01.034821+00:00
2010-09-17,1.93,chinabond_official,1001.CB,ChinaBond Government Bond Yield Curve,0,1.0,https://yield.chinabond.com.cn/cbweb-czb-web/czb/historyQuery,2026-08-09T11:34:01.034821+00:00
2010-09-19,1.93,chinabond_official,1001.CB,ChinaBond Government Bond Yield Curve,0,1.0,https://yield.chinabond.com.cn/cbweb-czb-web/czb/historyQuery,2026-08-09T11:34:01.034821+00:00
2010-09-20,1.93,chinabond_official,1001.CB,ChinaBond Government Bond Yield Curve,0,1.0,https://yield.chinabond.com.cn/cbweb-czb-web/czb/historyQuery,2026-08-09T11:34:01.034821+00:00
2010-09-21,1.93,chinabond_official,1001.CB,ChinaBond Government Bond Yield Curve,0,1.0,https://yield.chinabond.com.cn/cbweb-czb-web/czb/historyQuery,2026-08-09T11:34:01.034821+00:00
2010-09-25,1.93,chinabond_official,1001.CB,ChinaBond Government Bond Yield Curve,0,1.0,https://yield.chinabond.com.cn/cbweb-czb-web/czb/historyQuery,2026-08-09T11:34:01.034821+00:00
2010-09-26,1.93,chinabond_official,1001.CB,ChinaBond Government Bond Yield Curve,0,1.0,https://yield.chinabond.com.cn/cbweb-czb-web/czb/historyQuery,2026-08-09T11:34:01.034821+00:00
2010-09-27,1.95,chinabond_official,1001.CB,ChinaBond Government Bond Yield Curve,0,1.0,https://yield.chinabond.com.cn/cbweb-czb-web/czb/historyQuery,2026-08-09T11:34:01.034821+00:00
2010-09-28,1.95,chinabond_official,1001.CB,ChinaBond Government Bond Yield Curve,0,1.0,https://yield.chinabond.com.cn/cbweb-czb-web/czb/historyQuery,2026-08-09T11:34:01.034821+00:00
2010-09-29,1.94,chinabond_official,1001.CB,ChinaBond Government Bond Yield Curve,0,1.0,https://yield.chinabond.com.cn/cbweb-czb-web/czb/historyQuery,2026-08-09T11:34:01.034821+00:00
2010-09-30,1.95,chinabond_official,1001.CB,ChinaBond Government Bond Yield Curve,0,1.0,https://yield.chinabond.com.cn/cbweb-czb-web/czb/historyQuery,2026-08-09T11:34:01.034821+00:00
2010-10-08,1.95,chinabond_official,1001.CB,ChinaBond Government Bond Yield Curve,0,1.0,https://yield.chinabond.com.cn/cbweb-czb-web/czb/historyQuery,2026-08-09T11:34:01.034821+00:00
2010-10-09,1.95,chinabond_official,1001.CB,ChinaBond Government Bond Yield Curve,0,1.0,https://yield.chinabond.com.cn/cbweb-czb-web/czb/historyQuery,2026-08-09T11:34:01.034821+00:00
2010-10-11,1.94,chinabond_official,1001.CB,ChinaBond Government Bond Yield Curve,0,1.0,https://yield.chinabond.com.cn/cbweb-czb-web/czb/historyQuery,2026-08-09T11:34:01.034821+00:00
2010-10-12,1.94,chinabond_official,1001.CB,ChinaBond Government Bond Yield Curve,0,1.0,https://yield.chinabond.com.cn/cbweb-czb-web/czb/historyQuery,2026-08-09T11:34:01.034821+00:00
2010-10-13,1.94,chinabond_official,1001.CB,ChinaBond Government Bond Yield Curve,0,1.0,https://yield.chinabond.com.cn/cbweb-czb-web/czb/historyQuery,2026-08-09T11:34:01.034821+00:00
2010-10-14,1.94,chinabond_official,1001.CB,ChinaBond Government Bond Yield Curve,0,1.0,https://yield.chinabond.com.cn/cbweb-czb-web/czb/historyQuery,2026-08-09T11:34:01.034821+00:00
2010-10-15,1.93,chinabond_official,1001.CB,ChinaBond Government Bond Yield Curve,0,1.0,https://yield.chinabond.com.cn/cbweb-czb-web/czb/historyQuery,2026-08-09T11:34:01.034821+00:00
2010-10-18,1.94,chinabond_official,1001.CB,ChinaBond Government Bond Yield Curve,0,1.0,https://yield.chinabond.com.cn/cbweb-czb-web/czb/historyQuery,2026-08-09T11:34:01.034821+00:00
2010-10-19,1.95,chinabond_official,1001.CB,ChinaBond Government Bond Yield Curve,0,1.0,https://yield.chinabond.com.cn/cbweb-czb-web/czb/historyQuery,2026-08-09T11:34:01.034821+00:00
2010-10-20,2.08,chinabond_official,1001.CB,ChinaBond Government Bond Yield Curve,0,1.0,https://yield.chinabond.com.cn/cbweb-czb-web/czb/historyQuery,2026-08-09T11:34:01.034821+00:00
2010-10-21,2.06,chinabond_official,1001.CB,ChinaBond Government Bond Yield Curve,0,1.0,https://yield.chinabond.com.cn/cbweb-czb-web/czb/historyQuery,2026-08-09T11:34:01.034821+00:00
2010-10-22,2.05,chinabond_official,1001.CB,ChinaBond Government Bond Yield Curve,0,1.0,https://yield.chinabond.com.cn/cbweb-czb-web/czb/historyQuery,2026-08-09T11:34:01.034821+00:00
2010-10-25,2.05,chinabond_official,1001.CB,ChinaBond Government Bond Yield Curve,0,1.0,https://yield.chinabond.com.cn/cbweb-czb-web/czb/historyQuery,2026-08-09T11:34:01.034821+00:00
2010-10-26,2.05,chinabond_official,1001.CB,ChinaBond Government Bond Yield Curve,0,1.0,https://yield.chinabond.com.cn/cbweb-czb-web/czb/historyQuery,2026-08-09T11:34:01.034821+00:00
2010-10-27,2.05,chinabond_official,1001.CB,ChinaBond Government Bond Yield Curve,0,1.0,https://yield.chinabond.com.cn/cbweb-czb-web/czb/historyQuery,2026-08-09T11:34:01.034821+00:00
2010-10-28,2.05,chinabond_official,1001.CB,ChinaBond Government Bond Yield Curve,0,1.0,https://yield.chinabond.com.cn/cbweb-czb-web/czb/historyQuery,2026-08-09T11:34:01.034821+00:00
2010-10-29,2.04,chinabond_official,1001.CB,ChinaBond Government Bond Yield Curve,0,1.0,https://yield.chinabond.com.cn/cbweb-czb-web/czb/historyQuery,2026-08-09T11:34:01.034821+00:00
2010-11-01,2.04,chinabond_official,1001.CB,ChinaBond Government Bond Yield Curve,0,1.0,https://yield.chinabond.com.cn/cbweb-czb-web/czb/historyQuery,2026-08-09T11:34:01.034821+00:00
2010-11-02,2.06,chinabond_official,1001.CB,ChinaBond Government Bond Yield Curve,0,1.0,https://yield.chinabond.com.cn/cbweb-czb-web/czb/historyQuery,2026-08-09T11:34:01.034821+00:00
2010-11-03,2.06,chinabond_official,1001.CB,ChinaBond Government Bond Yield Curve,0,1.0,https://yield.chinabond.com.cn/cbweb-czb-web/czb/historyQuery,2026-08-09T11:34:01.034821+00:00
2010-11-04,2.11,chinabond_official,1001.CB,ChinaBond Government Bond Yield Curve,0,1.0,https://yield.chinabond.com.cn/cbweb-czb-web/czb/historyQuery,2026-08-09T11:34:01.034821+00:00
2010-11-05,2.08,chinabond_official,1001.CB,ChinaBond Government Bond Yield Curve,0,1.0,https://yield.chinabond.com.cn/cbweb-czb-web/czb/historyQuery,2026-08-09T11:34:01.034821+00:00
2010-11-08,2.07,chinabond_official,1001.CB,ChinaBond Government Bond Yield Curve,0,1.0,https://yield.chinabond.com.cn/cbweb-czb-web/czb/historyQuery,2026-08-09T11:34:01.034821+00:00
2010-11-09,2.11,chinabond_official,1001.CB,ChinaBond Government Bond Yield Curve,0,1.0,https://yield.chinabond.com.cn/cbweb-czb-web/czb/historyQuery,2026-08-09T11:34:01.034821+00:00
2010-11-10,2.19,chinabond_official,1001.CB,ChinaBond Government Bond Yield Curve,0,1.0,https://yield.chinabond.com.cn/cbweb-czb-web/czb/historyQuery,2026-08-09T11:34:01.034821+00:00
2010-11-11,2.23,chinabond_official,1001.CB,ChinaBond Government Bond Yield Curve,0,1.0,https://yield.chinabond.com.cn/cbweb-czb-web/czb/historyQuery,2026-08-09T11:34:01.034821+00:00
2010-11-12,2.25,chinabond_official,1001.CB,ChinaBond Government Bond Yield Curve,0,1.0,https://yield.chinabond.com.cn/cbweb-czb-web/czb/historyQuery,2026-08-09T11:34:01.034821+00:00
2010-11-15,2.27,chinabond_official,1001.CB,ChinaBond Government Bond Yield Curve,0,1.0,https://yield.chinabond.com.cn/cbweb-czb-web/czb/historyQuery,2026-08-09T11:34:01.034821+00:00
2010-11-16,2.23,chinabond_official,1001.CB,ChinaBond Government Bond Yield Curve,0,1.0,https://yield.chinabond.com.cn/cbweb-czb-web/czb/historyQuery,2026-08-09T11:34:01.034821+00:00
2010-11-17,2.22,chinabond_official,1001.CB,ChinaBond Government Bond Yield Curve,0,1.0,https://yield.chinabond.com.cn/cbweb-czb-web/czb/historyQuery,2026-08-09T11:34:01.034821+00:00
2010-11-18,2.3,chinabond_official,1001.CB,ChinaBond Government Bond Yield Curve,0,1.0,https://yield.chinabond.com.cn/cbweb-czb-web/czb/historyQuery,2026-08-09T11:34:01.034821+00:00
2010-11-19,2.31,chinabond_official,1001.CB,ChinaBond Government Bond Yield Curve,0,1.0,https://yield.chinabond.com.cn/cbweb-czb-web/czb/historyQuery,2026-08-09T11:34:01.034821+00:00
2010-11-22,2.43,chinabond_official,1001.CB,ChinaBond Government Bond Yield Curve,0,1.0,https://yield.chinabond.com.cn/cbweb-czb-web/czb/historyQuery,2026-08-09T11:34:01.034821+00:00
2010-11-23,2.48,chinabond_official,1001.CB,ChinaBond Government Bond Yield Curve,0,1.0,https://yield.chinabond.com.cn/cbweb-czb-web/czb/historyQuery,2026-08-09T11:34:01.034821+00:00
2010-11-24,2.59,chinabond_official,1001.CB,ChinaBond Government Bond Yield Curve,0,1.0,https://yield.chinabond.com.cn/cbweb-czb-web/czb/historyQuery,2026-08-09T11:34:01.034821+00:00
2010-11-25,2.66,chinabond_official,1001.CB,ChinaBond Government Bond Yield Curve,0,1.0,https://yield.chinabond.com.cn/cbweb-czb-web/czb/historyQuery,2026-08-09T11:34:01.034821+00:00
2010-11-26,2.79,chinabond_official,1001.CB,ChinaBond Government Bond Yield Curve,0,1.0,https://yield.chinabond.com.cn/cbweb-czb-web/czb/historyQuery,2026-08-09T11:34:01.034821+00:00
2010-11-29,2.77,chinabond_official,1001.CB,ChinaBond Government Bond Yield Curve,0,1.0,https://yield.chinabond.com.cn/cbweb-czb-web/czb/historyQuery,2026-08-09T11:34:01.034821+00:00
2010-11-30,2.79,chinabond_official,1001.CB,ChinaBond Government Bond Yield Curve,0,1.0,https://yield.chinabond.com.cn/cbweb-czb-web/czb/historyQuery,2026-08-09T11:34:01.034821+00:00
2010-12-01,2.77,chinabond_official,1001.CB,ChinaBond Government Bond Yield Curve,0,1.0,https://yield.chinabond.com.cn/cbweb-czb-web/czb/historyQuery,2026-08-09T11:34:01.034821+00:00
2010-12-02,2.75,chinabond_official,1001.CB,ChinaBond Government Bond Yield Curve,0,1.0,https://yield.chinabond.com.cn/cbweb-czb-web/czb/historyQuery,2026-08-09T11:34:01.034821+00:00
2010-12-03,2.76,chinabond_official,1001.CB,ChinaBond Government Bond Yield Curve,0,1.0,https://yield.chinabond.com.cn/cbweb-czb-web/czb/historyQuery,2026-08-09T11:34:01.034821+00:00
2010-12-06,2.76,chinabond_official,1001.CB,ChinaBond Government Bond Yield Curve,0,1.0,https://yield.chinabond.com.cn/cbweb-czb-web/czb/historyQuery,2026-08-09T11:34:01.034821+00:00
2010-12-07,2.73,chinabond_official,1001.CB,ChinaBond Government Bond Yield Curve,0,1.0,https://yield.chinabond.com.cn/cbweb-czb-web/czb/historyQuery,2026-08-09T11:34:01.034821+00:00
2010-12-08,2.76,chinabond_official,1001.CB,ChinaBond Government Bond Yield Curve,0,1.0,https://yield.chinabond.com.cn/cbweb-czb-web/czb/historyQuery,2026-08-09T11:34:01.034821+00:00
2010-12-09,2.8,chinabond_official,1001.CB,ChinaBond Government Bond Yield Curve,0,1.0,https://yield.chinabond.com.cn/cbweb-czb-web/czb/historyQuery,2026-08-09T11:34:01.034821+00:00
2010-12-10,2.88,chinabond_official,1001.CB,ChinaBond Government Bond Yield Curve,0,1.0,https://yield.chinabond.com.cn/cbweb-czb-web/czb/historyQuery,2026-08-09T11:34:01.034821+00:00
2010-12-13,2.89,chinabond_official,1001.CB,ChinaBond Government Bond Yield Curve,0,1.0,https://yield.chinabond.com.cn/cbweb-czb-web/czb/historyQuery,2026-08-09T11:34:01.034821+00:00
2010-12-14,2.9,chinabond_official,1001.CB,ChinaBond Government Bond Yield Curve,0,1.0,https://yield.chinabond.com.cn/cbweb-czb-web/czb/historyQuery,2026-08-09T11:34:01.034821+00:00
2010-12-15,2.96,chinabond_official,1001.CB,ChinaBond Government Bond Yield Curve,0,1.0,https://yield.chinabond.com.cn/cbweb-czb-web/czb/historyQuery,2026-08-09T11:34:01.034821+00:00
2010-12-16,2.98,chinabond_official,1001.CB,ChinaBond Government Bond Yield Curve,0,1.0,https://yield.chinabond.com.cn/cbweb-czb-web/czb/historyQuery,2026-08-09T11:34:01.034821+00:00
2010-12-17,3.01,chinabond_official,1001.CB,ChinaBond Government Bond Yield Curve,0,1.0,https://yield.chinabond.com.cn/cbweb-czb-web/czb/historyQuery,2026-08-09T11:34:01.034821+00:00
2010-12-20,3.09,chinabond_official,1001.CB,ChinaBond Government Bond Yield Curve,0,1.0,https://yield.chinabond.com.cn/cbweb-czb-web/czb/historyQuery,2026-08-09T11:34:01.034821+00:00
2010-12-21,3.13,chinabond_official,1001.CB,ChinaBond Government Bond Yield Curve,0,1.0,https://yield.chinabond.com.cn/cbweb-czb-web/czb/historyQuery,2026-08-09T11:34:01.034821+00:00
2010-12-22,3.18,chinabond_official,1001.CB,ChinaBond Government Bond Yield Curve,0,1.0,https://yield.chinabond.com.cn/cbweb-czb-web/czb/historyQuery,2026-08-09T11:34:01.034821+00:00
2010-12-23,3.27,chinabond_official,1001.CB,ChinaBond Government Bond Yield Curve,0,1.0,https://yield.chinabond.com.cn/cbweb-czb-web/czb/historyQuery,2026-08-09T11:34:01.034821+00:00
2010-12-24,3.3,chinabond_official,1001.CB,ChinaBond Government Bond Yield Curve,0,1.0,https://yield.chinabond.com.cn/cbweb-czb-web/czb/historyQuery,2026-08-09T11:34:01.034821+00:00
2010-12-27,3.38,chinabond_official,1001.CB,ChinaBond Government Bond Yield Curve,0,1.0,https://yield.chinabond.com.cn/cbweb-czb-web/czb/historyQuery,2026-08-09T11:34:01.034821+00:00
2010-12-28,3.39,chinabond_official,1001.CB,ChinaBond Government Bond Yield Curve,0,1.0,https://yield.chinabond.com.cn/cbweb-czb-web/czb/historyQuery,2026-08-09T11:34:01.034821+00:00
2010-12-29,3.36,chinabond_official,1001.CB,ChinaBond Government Bond Yield Curve,0,1.0,https://yield.chinabond.com.cn/cbweb-czb-web/czb/historyQuery,2026-08-09T11:34:01.034821+00:00
2010-12-30,3.33,chinabond_official,1001.CB,ChinaBond Government Bond Yield Curve,0,1.0,https://yield.chinabond.com.cn/cbweb-czb-web/czb/historyQuery,2026-08-09T11:34:01.034821+00:00
2010-12-31,3.3,chinabond_official,1001.CB,ChinaBond Government Bond Yield Curve,0,1.0,https://yield.chinabond.com.cn/cbweb-czb-web/czb/historyQuery,2026-08-09T11:34:01.034821+00:00
2011-01-04,3.23,chinabond_official,1001.CB,ChinaBond Government Bond Yield Curve,0,1.0,https://yield.chinabond.com.cn/cbweb-czb-web/czb/historyQuery,2026-08-09T11:34:01.034821+00:00
2011-01-05,3.03,chinabond_official,1001.CB,ChinaBond Government Bond Yield Curve,0,1.0,https://yield.chinabond.com.cn/cbweb-czb-web/czb/historyQuery,2026-08-09T11:34:01.034821+00:00
2011-01-06,2.99,chinabond_official,1001.CB,ChinaBond Government Bond Yield Curve,0,1.0,https://yield.chinabond.com.cn/cbweb-czb-web/czb/historyQuery,2026-08-09T11:34:01.034821+00:00
2011-01-07,2.95,chinabond_official,1001.CB,ChinaBond Government Bond Yield Curve,0,1.0,https://yield.chinabond.com.cn/cbweb-czb-web/czb/historyQuery,2026-08-09T11:34:01.034821+00:00
2011-01-10,2.93,chinabond_official,1001.CB,ChinaBond Government Bond Yield Curve,0,1.0,https://yield.chinabond.com.cn/cbweb-czb-web/czb/historyQuery,2026-08-09T11:34:01.034821+00:00
2011-01-11,2.92,chinabond_official,1001.CB,ChinaBond Government Bond Yield Curve,0,1.0,https://yield.chinabond.com.cn/cbweb-czb-web/czb/historyQuery,2026-08-09T11:34:01.034821+00:00
2011-01-12,2.85,chinabond_official,1001.CB,ChinaBond Government Bond Yield Curve,0,1.0,https://yield.chinabond.com.cn/cbweb-czb-web/czb/historyQuery,2026-08-09T11:34:01.034821+00:00
2011-01-13,2.85,chinabond_official,1001.CB,ChinaBond Government Bond Yield Curve,0,1.0,https://yield.chinabond.com.cn/cbweb-czb-web/czb/historyQuery,2026-08-09T11:34:01.034821+00:00
2011-01-14,2.85,chinabond_official,1001.CB,ChinaBond Government Bond Yield Curve,0,1.0,https://yield.chinabond.com.cn/cbweb-czb-web/czb/historyQuery,2026-08-09T11:34:01.034821+00:00
2011-01-17,2.89,chinabond_official,1001.CB,ChinaBond Government Bond Yield Curve,0,1.0,https://yield.chinabond.com.cn/cbweb-czb-web/czb/historyQuery,2026-08-09T11:34:01.034821+00:00
2011-01-18,2.94,chinabond_official,1001.CB,ChinaBond Government Bond Yield Curve,0,1.0,https://yield.chinabond.com.cn/cbweb-czb-web/czb/historyQuery,2026-08-09T11:34:01.034821+00:00
2011-01-19,3.0,chinabond_official,1001.CB,ChinaBond Government Bond Yield Curve,0,1.0,https://yield.chinabond.com.cn/cbweb-czb-web/czb/historyQuery,2026-08-09T11:34:01.034821+00:00
2011-01-20,3.05,chinabond_official,1001.CB,ChinaBond Government Bond Yield Curve,0,1.0,https://yield.chinabond.com.cn/cbweb-czb-web/czb/historyQuery,2026-08-09T11:34:01.034821+00:00
2011-01-21,3.09,chinabond_official,1001.CB,ChinaBond Government Bond Yield Curve,0,1.0,https://yield.chinabond.com.cn/cbweb-czb-web/czb/historyQuery,2026-08-09T11:34:01.034821+00:00
2011-01-24,3.13,chinabond_official,1001.CB,ChinaBond Government Bond Yield Curve,0,1.0,https://yield.chinabond.com.cn/cbweb-czb-web/czb/historyQuery,2026-08-09T11:34:01.034821+00:00
2011-01-25,3.21,chinabond_official,1001.CB,ChinaBond Government Bond Yield Curve,0,1.0,https://yield.chinabond.com.cn/cbweb-czb-web/czb/historyQuery,2026-08-09T11:34:01.034821+00:00
2011-01-26,3.22,chinabond_official,1001.CB,ChinaBond Government Bond Yield Curve,0,1.0,https://yield.chinabond.com.cn/cbweb-czb-web/czb/historyQuery,2026-08-09T11:34:01.034821+00:00
2011-01-27,3.19,chinabond_official,1001.CB,ChinaBond Government Bond Yield Curve,0,1.0,https://yield.chinabond.com.cn/cbweb-czb-web/czb/historyQuery,2026-08-09T11:34:01.034821+00:00
2011-01-28,3.17,chinabond_official,1001.CB,ChinaBond Government Bond Yield Curve,0,1.0,https://yield.chinabond.com.cn/cbweb-czb-web/czb/historyQuery,2026-08-09T11:34:01.034821+00:00
2011-01-30,3.17,chinabond_official,1001.CB,ChinaBond Government Bond Yield Curve,0,1.0,https://yield.chinabond.com.cn/cbweb-czb-web/czb/historyQuery,2026-08-09T11:34:01.034821+00:00
2011-01-31,3.15,chinabond_official,1001.CB,ChinaBond Government Bond Yield Curve,0,1.0,https://yield.chinabond.com.cn/cbweb-czb-web/czb/historyQuery,2026-08-09T11:34:01.034821+00:00
2011-02-01,3.14,chinabond_official,1001.CB,ChinaBond Government Bond Yield Curve,0,1.0,https://yield.chinabond.com.cn/cbweb-czb-web/czb/historyQuery,2026-08-09T11:34:01.034821+00:00
2011-02-09,3.2,chinabond_official,1001.CB,ChinaBond Government Bond Yield Curve,0,1.0,https://yield.chinabond.com.cn/cbweb-czb-web/czb/historyQuery,2026-08-09T11:34:01.034821+00:00
2011-02-10,3.2,chinabond_official,1001.CB,ChinaBond Government Bond Yield Curve,0,1.0,https://yield.chinabond.com.cn/cbweb-czb-web/czb/historyQuery,2026-08-09T11:34:01.034821+00:00
2011-02-11,3.2,chinabond_official,1001.CB,ChinaBond Government Bond Yield Curve,0,1.0,https://yield.chinabond.com.cn/cbweb-czb-web/czb/historyQuery,2026-08-09T11:34:01.034821+00:00
2011-02-12,3.2,chinabond_official,1001.CB,ChinaBond Government Bond Yield Curve,0,1.0,https://yield.chinabond.com.cn/cbweb-czb-web/czb/historyQuery,2026-08-09T11:34:01.034821+00:00
2011-02-14,3.17,chinabond_official,1001.CB,ChinaBond Government Bond Yield Curve,0,1.0,https://yield.chinabond.com.cn/cbweb-czb-web/czb/historyQuery,2026-08-09T11:34:01.034821+00:00
2011-02-15,3.07,chinabond_official,1001.CB,ChinaBond Government Bond Yield Curve,0,1.0,https://yield.chinabond.com.cn/cbweb-czb-web/czb/historyQuery,2026-08-09T11:34:01.034821+00:00
2011-02-16,3.07,chinabond_official,1001.CB,ChinaBond Government Bond Yield Curve,0,1.0,https://yield.chinabond.com.cn/cbweb-czb-web/czb/historyQuery,2026-08-09T11:34:01.034821+00:00
2011-02-17,3.07,chinabond_official,1001.CB,ChinaBond Government Bond Yield Curve,0,1.0,https://yield.chinabond.com.cn/cbweb-czb-web/czb/historyQuery,2026-08-09T11:34:01.034821+00:00
2011-02-18,3.06,chinabond_official,1001.CB,ChinaBond Government Bond Yield Curve,0,1.0,https://yield.chinabond.com.cn/cbweb-czb-web/czb/historyQuery,2026-08-09T11:34:01.034821+00:00
2011-02-21,3.15,chinabond_official,1001.CB,ChinaBond Government Bond Yield Curve,0,1.0,https://yield.chinabond.com.cn/cbweb-czb-web/czb/historyQuery,2026-08-09T11:34:01.034821+00:00
2011-02-22,3.12,chinabond_official,1001.CB,ChinaBond Government Bond Yield Curve,0,1.0,https://yield.chinabond.com.cn/cbweb-czb-web/czb/historyQuery,2026-08-09T11:34:01.034821+00:00
2011-02-23,3.1,chinabond_official,1001.CB,ChinaBond Government Bond Yield Curve,0,1.0,https://yield.chinabond.com.cn/cbweb-czb-web/czb/historyQuery,2026-08-09T11:34:01.034821+00:00
2011-02-24,3.02,chinabond_official,1001.CB,ChinaBond Government Bond Yield Curve,0,1.0,https://yield.chinabond.com.cn/cbweb-czb-web/czb/historyQuery,2026-08-09T11:34:01.034821+00:00
2011-02-25,3.03,chinabond_official,1001.CB,ChinaBond Government Bond Yield Curve,0,1.0,https://yield.chinabond.com.cn/cbweb-czb-web/czb/historyQuery,2026-08-09T11:34:01.034821+00:00
2011-02-28,3.0,chinabond_official,1001.CB,ChinaBond Government Bond Yield Curve,0,1.0,https://yield.chinabond.com.cn/cbweb-czb-web/czb/historyQuery,2026-08-09T11:34:01.034821+00:00
2011-03-01,2.97,chinabond_official,1001.CB,ChinaBond Government Bond Yield Curve,0,1.0,https://yield.chinabond.com.cn/cbweb-czb-web/czb/historyQuery,2026-08-09T11:34:01.034821+00:00
2011-03-02,2.97,chinabond_official,1001.CB,ChinaBond Government Bond Yield Curve,0,1.0,https://yield.chinabond.com.cn/cbweb-czb-web/czb/historyQuery,2026-08-09T11:34:01.034821+00:00
2011-03-03,2.95,chinabond_official,1001.CB,ChinaBond Government Bond Yield Curve,0,1.0,https://yield.chinabond.com.cn/cbweb-czb-web/czb/historyQuery,2026-08-09T11:34:01.034821+00:00
2011-03-04,2.95,chinabond_official,1001.CB,ChinaBond Government Bond Yield Curve,0,1.0,https://yield.chinabond.com.cn/cbweb-czb-web/czb/historyQuery,2026-08-09T11:34:01.034821+00:00
2011-03-07,2.94,chinabond_official,1001.CB,ChinaBond Government Bond Yield Curve,0,1.0,https://yield.chinabond.com.cn/cbweb-czb-web/czb/historyQuery,2026-08-09T11:34:01.034821+00:00
2011-03-08,2.94,chinabond_official,1001.CB,ChinaBond Government Bond Yield Curve,0,1.0,https://yield.chinabond.com.cn/cbweb-czb-web/czb/historyQuery,2026-08-09T11:34:01.034821+00:00
2011-03-09,2.89,chinabond_official,1001.CB,ChinaBond Government Bond Yield Curve,0,1.0,https://yield.chinabond.com.cn/cbweb-czb-web/czb/historyQuery,2026-08-09T11:34:01.034821+00:00
2011-03-10,2.91,chinabond_official,1001.CB,ChinaBond Government Bond Yield Curve,0,1.0,https://yield.chinabond.com.cn/cbweb-czb-web/czb/historyQuery,2026-08-09T11:34:01.034821+00:00
2011-03-11,2.89,chinabond_official,1001.CB,ChinaBond Government Bond Yield Curve,0,1.0,https://yield.chinabond.com.cn/cbweb-czb-web/czb/historyQuery,2026-08-09T11:34:01.034821+00:00
2011-03-14,2.9,chinabond_official,1001.CB,ChinaBond Government Bond Yield Curve,0,1.0,https://yield.chinabond.com.cn/cbweb-czb-web/czb/historyQuery,2026-08-09T11:34:01.034821+00:00
2011-03-15,2.9,chinabond_official,1001.CB,ChinaBond Government Bond Yield Curve,0,1.0,https://yield.chinabond.com.cn/cbweb-czb-web/czb/historyQuery,2026-08-09T11:34:01.034821+00:00
2011-03-16,2.9,chinabond_official,1001.CB,ChinaBond Government Bond Yield Curve,0,1.0,https://yield.chinabond.com.cn/cbweb-czb-web/czb/historyQuery,2026-08-09T11:34:01.034821+00:00
2011-03-17,2.89,chinabond_official,1001.CB,ChinaBond Government Bond Yield Curve,0,1.0,https://yield.chinabond.com.cn/cbweb-czb-web/czb/historyQuery,2026-08-09T11:34:01.034821+00:00
2011-03-18,2.9,chinabond_official,1001.CB,ChinaBond Government Bond Yield Curve,0,1.0,https://yield.chinabond.com.cn/cbweb-czb-web/czb/historyQuery,2026-08-09T11:34:01.034821+00:00
2011-03-21,2.94,chinabond_official,1001.CB,ChinaBond Government Bond Yield Curve,0,1.0,https://yield.chinabond.com.cn/cbweb-czb-web/czb/historyQuery,2026-08-09T11:34:01.034821+00:00
2011-03-22,2.92,chinabond_official,1001.CB,ChinaBond Government Bond Yield Curve,0,1.0,https://yield.chinabond.com.cn/cbweb-czb-web/czb/historyQuery,2026-08-09T11:34:01.034821+00:00
2011-03-23,2.85,chinabond_official,1001.CB,ChinaBond Government Bond Yield Curve,0,1.0,https://yield.chinabond.com.cn/cbweb-czb-web/czb/historyQuery,2026-08-09T11:34:01.034821+00:00
2011-03-24,2.85,chinabond_official,1001.CB,ChinaBond Government Bond Yield Curve,0,1.0,https://yield.chinabond.com.cn/cbweb-czb-web/czb/historyQuery,2026-08-09T11:34:01.034821+00:00
2011-03-25,2.85,chinabond_official,1001.CB,ChinaBond Government Bond Yield Curve,0,1.0,https://yield.chinabond.com.cn/cbweb-czb-web/czb/historyQuery,2026-08-09T11:34:01.034821+00:00
2011-03-28,2.88,chinabond_official,1001.CB,ChinaBond Government Bond Yield Curve,0,1.0,https://yield.chinabond.com.cn/cbweb-czb-web/czb/historyQuery,2026-08-09T11:34:01.034821+00:00
2011-03-29,2.89,chinabond_official,1001.CB,ChinaBond Government Bond Yield Curve,0,1.0,https://yield.chinabond.com.cn/cbweb-czb-web/czb/historyQuery,2026-08-09T11:34:01.034821+00:00
2011-03-30,2.87,chinabond_official,1001.CB,ChinaBond Government Bond Yield Curve,0,1.0,https://yield.chinabond.com.cn/cbweb-czb-web/czb/historyQuery,2026-08-09T11:34:01.034821+00:00
2011-03-31,2.87,chinabond_official,1001.CB,ChinaBond Government Bond Yield Curve,0,1.0,https://yield.chinabond.com.cn/cbweb-czb-web/czb/historyQuery,2026-08-09T11:34:01.034821+00:00
2011-04-01,2.83,chinabond_official,1001.CB,ChinaBond Government Bond Yield Curve,0,1.0,https://yield.chinabond.com.cn/cbweb-czb-web/czb/historyQuery,2026-08-09T11:34:01.034821+00:00
2011-04-02,2.83,chinabond_official,1001.CB,ChinaBond Government Bond Yield Curve,0,1.0,https://yield.chinabond.com.cn/cbweb-czb-web/czb/historyQuery,2026-08-09T11:34:01.034821+00:00
2011-04-06,2.86,chinabond_official,1001.CB,ChinaBond Government Bond Yield Curve,0,1.0,https://yield.chinabond.com.cn/cbweb-czb-web/czb/historyQuery,2026-08-09T11:34:01.034821+00:00
2011-04-07,2.87,chinabond_official,1001.CB,ChinaBond Government Bond Yield Curve,0,1.0,https://yield.chinabond.com.cn/cbweb-czb-web/czb/historyQuery,2026-08-09T11:34:01.034821+00:00
2011-04-08,2.86,chinabond_official,1001.CB,ChinaBond Government Bond Yield Curve,0,1.0,https://yield.chinabond.com.cn/cbweb-czb-web/czb/historyQuery,2026-08-09T11:34:01.034821+00:00
2011-04-11,2.86,chinabond_official,1001.CB,ChinaBond Government Bond Yield Curve,0,1.0,https://yield.chinabond.com.cn/cbweb-czb-web/czb/historyQuery,2026-08-09T11:34:01.034821+00:00
2011-04-12,2.85,chinabond_official,1001.CB,ChinaBond Government Bond Yield Curve,0,1.0,https://yield.chinabond.com.cn/cbweb-czb-web/czb/historyQuery,2026-08-09T11:34:01.034821+00:00
2011-04-13,2.81,chinabond_official,1001.CB,ChinaBond Government Bond Yield Curve,0,1.0,https://yield.chinabond.com.cn/cbweb-czb-web/czb/historyQuery,2026-08-09T11:34:01.034821+00:00
2011-04-14,2.81,chinabond_official,1001.CB,ChinaBond Government Bond Yield Curve,0,1.0,https://yield.chinabond.com.cn/cbweb-czb-web/czb/historyQuery,2026-08-09T11:34:01.034821+00:00
2011-04-15,2.81,chinabond_official,1001.CB,ChinaBond Government Bond Yield Curve,0,1.0,https://yield.chinabond.com.cn/cbweb-czb-web/czb/historyQuery,2026-08-09T11:34:01.034821+00:00
2011-04-18,2.83,chinabond_official,1001.CB,ChinaBond Government Bond Yield Curve,0,1.0,https://yield.chinabond.com.cn/cbweb-czb-web/czb/historyQuery,2026-08-09T11:34:01.034821+00:00
2011-04-19,2.82,chinabond_official,1001.CB,ChinaBond Government Bond Yield Curve,0,1.0,https://yield.chinabond.com.cn/cbweb-czb-web/czb/historyQuery,2026-08-09T11:34:01.034821+00:00
2011-04-20,2.82,chinabond_official,1001.CB,ChinaBond Government Bond Yield Curve,0,1.0,https://yield.chinabond.com.cn/cbweb-czb-web/czb/historyQuery,2026-08-09T11:34:01.034821+00:00
2011-04-21,2.83,chinabond_official,1001.CB,ChinaBond Government Bond Yield Curve,0,1.0,https://yield.chinabond.com.cn/cbweb-czb-web/czb/historyQuery,2026-08-09T11:34:01.034821+00:00
2011-04-22,2.84,chinabond_official,1001.CB,ChinaBond Government Bond Yield Curve,0,1.0,https://yield.chinabond.com.cn/cbweb-czb-web/czb/historyQuery,2026-08-09T11:34:01.034821+00:00
2011-04-25,2.84,chinabond_official,1001.CB,ChinaBond Government Bond Yield Curve,0,1.0,https://yield.chinabond.com.cn/cbweb-czb-web/czb/historyQuery,2026-08-09T11:34:01.034821+00:00
2011-04-26,2.85,chinabond_official,1001.CB,ChinaBond Government Bond Yield Curve,0,1.0,https://yield.chinabond.com.cn/cbweb-czb-web/czb/historyQuery,2026-08-09T11:34:01.034821+00:00
2011-04-27,2.81,chinabond_official,1001.CB,ChinaBond Government Bond Yield Curve,0,1.0,https://yield.chinabond.com.cn/cbweb-czb-web/czb/historyQuery,2026-08-09T11:34:01.034821+00:00
2011-04-28,2.81,chinabond_official,1001.CB,ChinaBond Government Bond Yield Curve,0,1.0,https://yield.chinabond.com.cn/cbweb-czb-web/czb/historyQuery,2026-08-09T11:34:01.034821+00:00
2011-04-29,2.81,chinabond_official,1001.CB,ChinaBond Government Bond Yield Curve,0,1.0,https://yield.chinabond.com.cn/cbweb-czb-web/czb/historyQuery,2026-08-09T11:34:01.034821+00:00
2011-05-03,2.83,chinabond_official,1001.CB,ChinaBond Government Bond Yield Curve,0,1.0,https://yield.chinabond.com.cn/cbweb-czb-web/czb/historyQuery,2026-08-09T11:34:01.034821+00:00
2011-05-04,2.82,chinabond_official,1001.CB,ChinaBond Government Bond Yield Curve,0,1.0,https://yield.chinabond.com.cn/cbweb-czb-web/czb/historyQuery,2026-08-09T11:34:01.034821+00:00
2011-05-05,2.85,chinabond_official,1001.CB,ChinaBond Government Bond Yield Curve,0,1.0,https://yield.chinabond.com.cn/cbweb-czb-web/czb/historyQuery,2026-08-09T11:34:01.034821+00:00
2011-05-06,2.87,chinabond_official,1001.CB,ChinaBond Government Bond Yield Curve,0,1.0,https://yield.chinabond.com.cn/cbweb-czb-web/czb/historyQuery,2026-08-09T11:34:01.034821+00:00
2011-05-09,2.86,chinabond_official,1001.CB,ChinaBond Government Bond Yield Curve,0,1.0,https://yield.chinabond.com.cn/cbweb-czb-web/czb/historyQuery,2026-08-09T11:34:01.034821+00:00
2011-05-10,2.86,chinabond_official,1001.CB,ChinaBond Government Bond Yield Curve,0,1.0,https://yield.chinabond.com.cn/cbweb-czb-web/czb/historyQuery,2026-08-09T11:34:01.034821+00:00
2011-05-11,2.88,chinabond_official,1001.CB,ChinaBond Government Bond Yield Curve,0,1.0,https://yield.chinabond.com.cn/cbweb-czb-web/czb/historyQuery,2026-08-09T11:34:01.034821+00:00
2011-05-12,2.91,chinabond_official,1001.CB,ChinaBond Government Bond Yield Curve,0,1.0,https://yield.chinabond.com.cn/cbweb-czb-web/czb/historyQuery,2026-08-09T11:34:01.034821+00:00
2011-05-13,2.97,chinabond_official,1001.CB,ChinaBond Government Bond Yield Curve,0,1.0,https://yield.chinabond.com.cn/cbweb-czb-web/czb/historyQuery,2026-08-09T11:34:01.034821+00:00
2011-05-16,2.98,chinabond_official,1001.CB,ChinaBond Government Bond Yield Curve,0,1.0,https://yield.chinabond.com.cn/cbweb-czb-web/czb/historyQuery,2026-08-09T11:34:01.034821+00:00
2011-05-17,2.96,chinabond_official,1001.CB,ChinaBond Government Bond Yield Curve,0,1.0,https://yield.chinabond.com.cn/cbweb-czb-web/czb/historyQuery,2026-08-09T11:34:01.034821+00:00
2011-05-18,2.96,chinabond_official,1001.CB,ChinaBond Government Bond Yield Curve,0,1.0,https://yield.chinabond.com.cn/cbweb-czb-web/czb/historyQuery,2026-08-09T11:34:01.034821+00:00
2011-05-19,2.98,chinabond_official,1001.CB,ChinaBond Government Bond Yield Curve,0,1.0,https://yield.chinabond.com.cn/cbweb-czb-web/czb/historyQuery,2026-08-09T11:34:01.034821+00:00
2011-05-20,3.04,chinabond_official,1001.CB,ChinaBond Government Bond Yield Curve,0,1.0,https://yield.chinabond.com.cn/cbweb-czb-web/czb/historyQuery,2026-08-09T11:34:01.034821+00:00
2011-05-23,3.05,chinabond_official,1001.CB,ChinaBond Government Bond Yield Curve,0,1.0,https://yield.chinabond.com.cn/cbweb-czb-web/czb/historyQuery,2026-08-09T11:34:01.034821+00:00
2011-05-24,3.06,chinabond_official,1001.CB,ChinaBond Government Bond Yield Curve,0,1.0,https://yield.chinabond.com.cn/cbweb-czb-web/czb/historyQuery,2026-08-09T11:34:01.034821+00:00
2011-05-25,3.06,chinabond_official,1001.CB,ChinaBond Government Bond Yield Curve,0,1.0,https://yield.chinabond.com.cn/cbweb-czb-web/czb/historyQuery,2026-08-09T11:34:01.034821+00:00
2011-05-26,3.06,chinabond_official,1001.CB,ChinaBond Government Bond Yield Curve,0,1.0,https://yield.chinabond.com.cn/cbweb-czb-web/czb/historyQuery,2026-08-09T11:34:01.034821+00:00
2011-05-27,3.01,chinabond_official,1001.CB,ChinaBond Government Bond Yield Curve,0,1.0,https://yield.chinabond.com.cn/cbweb-czb-web/czb/historyQuery,2026-08-09T11:34:01.034821+00:00
2011-05-30,3.03,chinabond_official,1001.CB,ChinaBond Government Bond Yield Curve,0,1.0,https://yield.chinabond.com.cn/cbweb-czb-web/czb/historyQuery,2026-08-09T11:34:01.034821+00:00
2011-05-31,3.03,chinabond_official,1001.CB,ChinaBond Government Bond Yield Curve,0,1.0,https://yield.chinabond.com.cn/cbweb-czb-web/czb/historyQuery,2026-08-09T11:34:01.034821+00:00
2011-06-01,3.04,chinabond_official,1001.CB,ChinaBond Government Bond Yield Curve,0,1.0,https://yield.chinabond.com.cn/cbweb-czb-web/czb/historyQuery,2026-08-09T11:34:01.034821+00:00
2011-06-02,3.06,chinabond_official,1001.CB,ChinaBond Government Bond Yield Curve,0,1.0,https://yield.chinabond.com.cn/cbweb-czb-web/czb/historyQuery,2026-08-09T11:34:01.034821+00:00
2011-06-03,3.04,chinabond_official,1001.CB,ChinaBond Government Bond Yield Curve,0,1.0,https://yield.chinabond.com.cn/cbweb-czb-web/czb/historyQuery,2026-08-09T11:34:01.034821+00:00
2011-06-07,3.06,chinabond_official,1001.CB,ChinaBond Government Bond Yield Curve,0,1.0,https://yield.chinabond.com.cn/cbweb-czb-web/czb/historyQuery,2026-08-09T11:34:01.034821+00:00
2011-06-08,3.09,chinabond_official,1001.CB,ChinaBond Government Bond Yield Curve,0,1.0,https://yield.chinabond.com.cn/cbweb-czb-web/czb/historyQuery,2026-08-09T11:34:01.034821+00:00
2011-06-09,3.08,chinabond_official,1001.CB,ChinaBond Government Bond Yield Curve,0,1.0,https://yield.chinabond.com.cn/cbweb-czb-web/czb/historyQuery,2026-08-09T11:34:01.034821+00:00
2011-06-10,3.09,chinabond_official,1001.CB,ChinaBond Government Bond Yield Curve,0,1.0,https://yield.chinabond.com.cn/cbweb-czb-web/czb/historyQuery,2026-08-09T11:34:01.034821+00:00
2011-06-13,3.12,chinabond_official,1001.CB,ChinaBond Government Bond Yield Curve,0,1.0,https://yield.chinabond.com.cn/cbweb-czb-web/czb/historyQuery,2026-08-09T11:34:01.034821+00:00
2011-06-14,3.16,chinabond_official,1001.CB,ChinaBond Government Bond Yield Curve,0,1.0,https://yield.chinabond.com.cn/cbweb-czb-web/czb/historyQuery,2026-08-09T11:34:01.034821+00:00
2011-06-15,3.35,chinabond_official,1001.CB,ChinaBond Government Bond Yield Curve,0,1.0,https://yield.chinabond.com.cn/cbweb-czb-web/czb/historyQuery,2026-08-09T11:34:01.034821+00:00
2011-06-16,3.5,chinabond_official,1001.CB,ChinaBond Government Bond Yield Curve,0,1.0,https://yield.chinabond.com.cn/cbweb-czb-web/czb/historyQuery,2026-08-09T11:34:01.034821+00:00
2011-06-17,3.61,chinabond_official,1001.CB,ChinaBond Government Bond Yield Curve,0,1.0,https://yield.chinabond.com.cn/cbweb-czb-web/czb/historyQuery,2026-08-09T11:34:01.034821+00:00
2011-06-20,3.58,chinabond_official,1001.CB,ChinaBond Government Bond Yield Curve,0,1.0,https://yield.chinabond.com.cn/cbweb-czb-web/czb/historyQuery,2026-08-09T11:34:01.034821+00:00
2011-06-21,3.58,chinabond_official,1001.CB,ChinaBond Government Bond Yield Curve,0,1.0,https://yield.chinabond.com.cn/cbweb-czb-web/czb/historyQuery,2026-08-09T11:34:01.034821+00:00
2011-06-22,3.59,chinabond_official,1001.CB,ChinaBond Government Bond Yield Curve,0,1.0,https://yield.chinabond.com.cn/cbweb-czb-web/czb/historyQuery,2026-08-09T11:34:01.034821+00:00
2011-06-23,3.62,chinabond_official,1001.CB,ChinaBond Government Bond Yield Curve,0,1.0,https://yield.chinabond.com.cn/cbweb-czb-web/czb/historyQuery,2026-08-09T11:34:01.034821+00:00
2011-06-24,3.59,chinabond_official,1001.CB,ChinaBond Government Bond Yield Curve,0,1.0,https://yield.chinabond.com.cn/cbweb-czb-web/czb/historyQuery,2026-08-09T11:34:01.034821+00:00
2011-06-27,3.5,chinabond_official,1001.CB,ChinaBond Government Bond Yield Curve,0,1.0,https://yield.chinabond.com.cn/cbweb-czb-web/czb/historyQuery,2026-08-09T11:34:01.034821+00:00
2011-06-28,3.5,chinabond_official,1001.CB,ChinaBond Government Bond Yield Curve,0,1.0,https://yield.chinabond.com.cn/cbweb-czb-web/czb/historyQuery,2026-08-09T11:34:01.034821+00:00
2011-06-29,3.49,chinabond_official,1001.CB,ChinaBond Government Bond Yield Curve,0,1.0,https://yield.chinabond.com.cn/cbweb-czb-web/czb/historyQuery,2026-08-09T11:34:01.034821+00:00
2011-06-30,3.47,chinabond_official,1001.CB,ChinaBond Government Bond Yield Curve,0,1.0,https://yield.chinabond.com.cn/cbweb-czb-web/czb/historyQuery,2026-08-09T11:34:01.034821+00:00
2011-07-01,3.43,chinabond_official,1001.CB,ChinaBond Government Bond Yield Curve,0,1.0,https://yield.chinabond.com.cn/cbweb-czb-web/czb/historyQuery,2026-08-09T11:34:01.034821+00:00
2011-07-04,3.4,chinabond_official,1001.CB,ChinaBond Government Bond Yield Curve,0,1.0,https://yield.chinabond.com.cn/cbweb-czb-web/czb/historyQuery,2026-08-09T11:34:01.034821+00:00
2011-07-05,3.4,chinabond_official,1001.CB,ChinaBond Government Bond Yield Curve,0,1.0,https://yield.chinabond.com.cn/cbweb-czb-web/czb/historyQuery,2026-08-09T11:34:01.034821+00:00
2011-07-06,3.42,chinabond_official,1001.CB,ChinaBond Government Bond Yield Curve,0,1.0,https://yield.chinabond.com.cn/cbweb-czb-web/czb/historyQuery,2026-08-09T11:34:01.034821+00:00
2011-07-07,3.4,chinabond_official,1001.CB,ChinaBond Government Bond Yield Curve,0,1.0,https://yield.chinabond.com.cn/cbweb-czb-web/czb/historyQuery,2026-08-09T11:34:01.034821+00:00
2011-07-08,3.41,chinabond_official,1001.CB,ChinaBond Government Bond Yield Curve,0,1.0,https://yield.chinabond.com.cn/cbweb-czb-web/czb/historyQuery,2026-08-09T11:34:01.034821+00:00
2011-07-11,3.38,chinabond_official,1001.CB,ChinaBond Government Bond Yield Curve,0,1.0,https://yield.chinabond.com.cn/cbweb-czb-web/czb/historyQuery,2026-08-09T11:34:01.034821+00:00
2011-07-12,3.41,chinabond_official,1001.CB,ChinaBond Government Bond Yield Curve,0,1.0,https://yield.chinabond.com.cn/cbweb-czb-web/czb/historyQuery,2026-08-09T11:34:01.034821+00:00
2011-07-13,3.53,chinabond_official,1001.CB,ChinaBond Government Bond Yield Curve,0,1.0,https://yield.chinabond.com.cn/cbweb-czb-web/czb/historyQuery,2026-08-09T11:34:01.034821+00:00
2011-07-14,3.58,chinabond_official,1001.CB,ChinaBond Government Bond Yield Curve,0,1.0,https://yield.chinabond.com.cn/cbweb-czb-web/czb/historyQuery,2026-08-09T11:34:01.034821+00:00
2011-07-15,3.57,chinabond_official,1001.CB,ChinaBond Government Bond Yield Curve,0,1.0,https://yield.chinabond.com.cn/cbweb-czb-web/czb/historyQuery,2026-08-09T11:34:01.034821+00:00
2011-07-18,3.59,chinabond_official,1001.CB,ChinaBond Government Bond Yield Curve,0,1.0,https://yield.chinabond.com.cn/cbweb-czb-web/czb/historyQuery,2026-08-09T11:34:01.034821+00:00
2011-07-19,3.67,chinabond_official,1001.CB,ChinaBond Government Bond Yield Curve,0,1.0,https://yield.chinabond.com.cn/cbweb-czb-web/czb/historyQuery,2026-08-09T11:34:01.034821+00:00
2011-07-20,3.75,chinabond_official,1001.CB,ChinaBond Government Bond Yield Curve,0,1.0,https://yield.chinabond.com.cn/cbweb-czb-web/czb/historyQuery,2026-08-09T11:34:01.034821+00:00
2011-07-21,3.82,chinabond_official,1001.CB,ChinaBond Government Bond Yield Curve,0,1.0,https://yield.chinabond.com.cn/cbweb-czb-web/czb/historyQuery,2026-08-09T11:34:01.034821+00:00
2011-07-22,3.83,chinabond_official,1001.CB,ChinaBond Government Bond Yield Curve,0,1.0,https://yield.chinabond.com.cn/cbweb-czb-web/czb/historyQuery,2026-08-09T11:34:01.034821+00:00
2011-07-25,3.79,chinabond_official,1001.CB,ChinaBond Government Bond Yield Curve,0,1.0,https://yield.chinabond.com.cn/cbweb-czb-web/czb/historyQuery,2026-08-09T11:34:01.034821+00:00
2011-07-26,3.78,chinabond_official,1001.CB,ChinaBond Government Bond Yield Curve,0,1.0,https://yield.chinabond.com.cn/cbweb-czb-web/czb/historyQuery,2026-08-09T11:34:01.034821+00:00
2011-07-27,3.78,chinabond_official,1001.CB,ChinaBond Government Bond Yield Curve,0,1.0,https://yield.chinabond.com.cn/cbweb-czb-web/czb/historyQuery,2026-08-09T11:34:01.034821+00:00
2011-07-28,3.74,chinabond_official,1001.CB,ChinaBond Government Bond Yield Curve,0,1.0,https://yield.chinabond.com.cn/cbweb-czb-web/czb/historyQuery,2026-08-09T11:34:01.034821+00:00
2011-07-29,3.73,chinabond_official,1001.CB,ChinaBond Government Bond Yield Curve,0,1.0,https://yield.chinabond.com.cn/cbweb-czb-web/czb/historyQuery,2026-08-09T11:34:01.034821+00:00
2011-08-01,3.71,chinabond_official,1001.CB,ChinaBond Government Bond Yield Curve,0,1.0,https://yield.chinabond.com.cn/cbweb-czb-web/czb/historyQuery,2026-08-09T11:34:01.034821+00:00
2011-08-02,3.72,chinabond_official,1001.CB,ChinaBond Government Bond Yield Curve,0,1.0,https://yield.chinabond.com.cn/cbweb-czb-web/czb/historyQuery,2026-08-09T11:34:01.034821+00:00
2011-08-03,3.7,chinabond_official,1001.CB,ChinaBond Government Bond Yield Curve,0,1.0,https://yield.chinabond.com.cn/cbweb-czb-web/czb/historyQuery,2026-08-09T11:34:01.034821+00:00
2011-08-04,3.71,chinabond_official,1001.CB,ChinaBond Government Bond Yield Curve,0,1.0,https://yield.chinabond.com.cn/cbweb-czb-web/czb/historyQuery,2026-08-09T11:34:01.034821+00:00
2011-08-05,3.67,chinabond_official,1001.CB,ChinaBond Government Bond Yield Curve,0,1.0,https://yield.chinabond.com.cn/cbweb-czb-web/czb/historyQuery,2026-08-09T11:34:01.034821+00:00
2011-08-08,3.62,chinabond_official,1001.CB,ChinaBond Government Bond Yield Curve,0,1.0,https://yield.chinabond.com.cn/cbweb-czb-web/czb/historyQuery,2026-08-09T11:34:01.034821+00:00
2011-08-09,3.6,chinabond_official,1001.CB,ChinaBond Government Bond Yield Curve,0,1.0,https://yield.chinabond.com.cn/cbweb-czb-web/czb/historyQuery,2026-08-09T11:34:01.034821+00:00
2011-08-10,3.58,chinabond_official,1001.CB,ChinaBond Government Bond Yield Curve,0,1.0,https://yield.chinabond.com.cn/cbweb-czb-web/czb/historyQuery,2026-08-09T11:34:01.034821+00:00
2011-08-11,3.55,chinabond_official,1001.CB,ChinaBond Government Bond Yield Curve,0,1.0,https://yield.chinabond.com.cn/cbweb-czb-web/czb/historyQuery,2026-08-09T11:34:01.034821+00:00
2011-08-12,3.58,chinabond_official,1001.CB,ChinaBond Government Bond Yield Curve,0,1.0,https://yield.chinabond.com.cn/cbweb-czb-web/czb/historyQuery,2026-08-09T11:34:01.034821+00:00
2011-08-15,3.58,chinabond_official,1001.CB,ChinaBond Government Bond Yield Curve,0,1.0,https://yield.chinabond.com.cn/cbweb-czb-web/czb/historyQuery,2026-08-09T11:34:01.034821+00:00
2011-08-16,3.62,chinabond_official,1001.CB,ChinaBond Government Bond Yield Curve,0,1.0,https://yield.chinabond.com.cn/cbweb-czb-web/czb/historyQuery,2026-08-09T11:34:01.034821+00:00
2011-08-17,3.63,chinabond_official,1001.CB,ChinaBond Government Bond Yield Curve,0,1.0,https://yield.chinabond.com.cn/cbweb-czb-web/czb/historyQuery,2026-08-09T11:34:01.034821+00:00
2011-08-18,3.66,chinabond_official,1001.CB,ChinaBond Government Bond Yield Curve,0,1.0,https://yield.chinabond.com.cn/cbweb-czb-web/czb/historyQuery,2026-08-09T11:34:01.034821+00:00
2011-08-19,3.65,chinabond_official,1001.CB,ChinaBond Government Bond Yield Curve,0,1.0,https://yield.chinabond.com.cn/cbweb-czb-web/czb/historyQuery,2026-08-09T11:34:01.034821+00:00
2011-08-22,3.64,chinabond_official,1001.CB,ChinaBond Government Bond Yield Curve,0,1.0,https://yield.chinabond.com.cn/cbweb-czb-web/czb/historyQuery,2026-08-09T11:34:01.034821+00:00
2011-08-23,3.65,chinabond_official,1001.CB,ChinaBond Government Bond Yield Curve,0,1.0,https://yield.chinabond.com.cn/cbweb-czb-web/czb/historyQuery,2026-08-09T11:34:01.034821+00:00
2011-08-24,3.66,chinabond_official,1001.CB,ChinaBond Government Bond Yield Curve,0,1.0,https://yield.chinabond.com.cn/cbweb-czb-web/czb/historyQuery,2026-08-09T11:34:01.034821+00:00
2011-08-25,3.66,chinabond_official,1001.CB,ChinaBond Government Bond Yield Curve,0,1.0,https://yield.chinabond.com.cn/cbweb-czb-web/czb/historyQuery,2026-08-09T11:34:01.034821+00:00
2011-08-26,3.67,chinabond_official,1001.CB,ChinaBond Government Bond Yield Curve,0,1.0,https://yield.chinabond.com.cn/cbweb-czb-web/czb/historyQuery,2026-08-09T11:34:01.034821+00:00
2011-08-29,3.81,chinabond_official,1001.CB,ChinaBond Government Bond Yield Curve,0,1.0,https://yield.chinabond.com.cn/cbweb-czb-web/czb/historyQuery,2026-08-09T11:34:01.034821+00:00
2011-08-30,3.94,chinabond_official,1001.CB,ChinaBond Government Bond Yield Curve,0,1.0,https://yield.chinabond.com.cn/cbweb-czb-web/czb/historyQuery,2026-08-09T11:34:01.034821+00:00
2011-08-31,3.92,chinabond_official,1001.CB,ChinaBond Government Bond Yield Curve,0,1.0,https://yield.chinabond.com.cn/cbweb-czb-web/czb/historyQuery,2026-08-09T11:34:01.034821+00:00
2011-09-01,3.9,chinabond_official,1001.CB,ChinaBond Government Bond Yield Curve,0,1.0,https://yield.chinabond.com.cn/cbweb-czb-web/czb/historyQuery,2026-08-09T11:34:01.034821+00:00
2011-09-02,3.9,chinabond_official,1001.CB,ChinaBond Government Bond Yield Curve,0,1.0,https://yield.chinabond.com.cn/cbweb-czb-web/czb/historyQuery,2026-08-09T11:34:01.034821+00:00
2011-09-05,3.89,chinabond_official,1001.CB,ChinaBond Government Bond Yield Curve,0,1.0,https://yield.chinabond.com.cn/cbweb-czb-web/czb/historyQuery,2026-08-09T11:34:01.034821+00:00
2011-09-06,3.87,chinabond_official,1001.CB,ChinaBond Government Bond Yield Curve,0,1.0,https://yield.chinabond.com.cn/cbweb-czb-web/czb/historyQuery,2026-08-09T11:34:01.034821+00:00
2011-09-07,3.87,chinabond_official,1001.CB,ChinaBond Government Bond Yield Curve,0,1.0,https://yield.chinabond.com.cn/cbweb-czb-web/czb/historyQuery,2026-08-09T11:34:01.034821+00:00
2011-09-08,3.87,chinabond_official,1001.CB,ChinaBond Government Bond Yield Curve,0,1.0,https://yield.chinabond.com.cn/cbweb-czb-web/czb/historyQuery,2026-08-09T11:34:01.034821+00:00
2011-09-09,3.86,chinabond_official,1001.CB,ChinaBond Government Bond Yield Curve,0,1.0,https://yield.chinabond.com.cn/cbweb-czb-web/czb/historyQuery,2026-08-09T11:34:01.034821+00:00
2011-09-13,3.86,chinabond_official,1001.CB,ChinaBond Government Bond Yield Curve,0,1.0,https://yield.chinabond.com.cn/cbweb-czb-web/czb/historyQuery,2026-08-09T11:34:01.034821+00:00
2011-09-14,3.93,chinabond_official,1001.CB,ChinaBond Government Bond Yield Curve,0,1.0,https://yield.chinabond.com.cn/cbweb-czb-web/czb/historyQuery,2026-08-09T11:34:01.034821+00:00
2011-09-15,3.92,chinabond_official,1001.CB,ChinaBond Government Bond Yield Curve,0,1.0,https://yield.chinabond.com.cn/cbweb-czb-web/czb/historyQuery,2026-08-09T11:34:01.034821+00:00
2011-09-16,3.94,chinabond_official,1001.CB,ChinaBond Government Bond Yield Curve,0,1.0,https://yield.chinabond.com.cn/cbweb-czb-web/czb/historyQuery,2026-08-09T11:34:01.034821+00:00
2011-09-19,3.92,chinabond_official,1001.CB,ChinaBond Government Bond Yield Curve,0,1.0,https://yield.chinabond.com.cn/cbweb-czb-web/czb/historyQuery,2026-08-09T11:34:01.034821+00:00
2011-09-20,3.91,chinabond_official,1001.CB,ChinaBond Government Bond Yield Curve,0,1.0,https://yield.chinabond.com.cn/cbweb-czb-web/czb/historyQuery,2026-08-09T11:34:01.034821+00:00
2011-09-21,3.87,chinabond_official,1001.CB,ChinaBond Government Bond Yield Curve,0,1.0,https://yield.chinabond.com.cn/cbweb-czb-web/czb/historyQuery,2026-08-09T11:34:01.034821+00:00
2011-09-22,3.85,chinabond_official,1001.CB,ChinaBond Government Bond Yield Curve,0,1.0,https://yield.chinabond.com.cn/cbweb-czb-web/czb/historyQuery,2026-08-09T11:34:01.034821+00:00
2011-09-23,3.7,chinabond_official,1001.CB,ChinaBond Government Bond Yield Curve,0,1.0,https://yield.chinabond.com.cn/cbweb-czb-web/czb/historyQuery,2026-08-09T11:34:01.034821+00:00
2011-09-26,3.55,chinabond_official,1001.CB,ChinaBond Government Bond Yield Curve,0,1.0,https://yield.chinabond.com.cn/cbweb-czb-web/czb/historyQuery,2026-08-09T11:34:01.034821+00:00
2011-09-27,3.58,chinabond_official,1001.CB,ChinaBond Government Bond Yield Curve,0,1.0,https://yield.chinabond.com.cn/cbweb-czb-web/czb/historyQuery,2026-08-09T11:34:01.034821+00:00
2011-09-28,3.62,chinabond_official,1001.CB,ChinaBond Government Bond Yield Curve,0,1.0,https://yield.chinabond.com.cn/cbweb-czb-web/czb/historyQuery,2026-08-09T11:34:01.034821+00:00
2011-09-29,3.58,chinabond_official,1001.CB,ChinaBond Government Bond Yield Curve,0,1.0,https://yield.chinabond.com.cn/cbweb-czb-web/czb/historyQuery,2026-08-09T11:34:01.034821+00:00
2011-09-30,3.61,chinabond_official,1001.CB,ChinaBond Government Bond Yield Curve,0,1.0,https://yield.chinabond.com.cn/cbweb-czb-web/czb/historyQuery,2026-08-09T11:34:01.034821+00:00
2011-10-08,3.6,chinabond_official,1001.CB,ChinaBond Government Bond Yield Curve,0,1.0,https://yield.chinabond.com.cn/cbweb-czb-web/czb/historyQuery,2026-08-09T11:34:01.034821+00:00
2011-10-09,3.55,chinabond_official,1001.CB,ChinaBond Government Bond Yield Curve,0,1.0,https://yield.chinabond.com.cn/cbweb-czb-web/czb/historyQuery,2026-08-09T11:34:01.034821+00:00
2011-10-10,3.45,chinabond_official,1001.CB,ChinaBond Government Bond Yield Curve,0,1.0,https://yield.chinabond.com.cn/cbweb-czb-web/czb/historyQuery,2026-08-09T11:34:01.034821+00:00
2011-10-11,3.38,chinabond_official,1001.CB,ChinaBond Government Bond Yield Curve,0,1.0,https://yield.chinabond.com.cn/cbweb-czb-web/czb/historyQuery,2026-08-09T11:34:01.034821+00:00
2011-10-12,3.23,chinabond_official,1001.CB,ChinaBond Government Bond Yield Curve,0,1.0,https://yield.chinabond.com.cn/cbweb-czb-web/czb/historyQuery,2026-08-09T11:34:01.034821+00:00
2011-10-13,3.15,chinabond_official,1001.CB,ChinaBond Government Bond Yield Curve,0,1.0,https://yield.chinabond.com.cn/cbweb-czb-web/czb/historyQuery,2026-08-09T11:34:01.034821+00:00
2011-10-14,3.15,chinabond_official,1001.CB,ChinaBond Government Bond Yield Curve,0,1.0,https://yield.chinabond.com.cn/cbweb-czb-web/czb/historyQuery,2026-08-09T11:34:01.034821+00:00
2011-10-17,3.14,chinabond_official,1001.CB,ChinaBond Government Bond Yield Curve,0,1.0,https://yield.chinabond.com.cn/cbweb-czb-web/czb/historyQuery,2026-08-09T11:34:01.034821+00:00
2011-10-18,3.14,chinabond_official,1001.CB,ChinaBond Government Bond Yield Curve,0,1.0,https://yield.chinabond.com.cn/cbweb-czb-web/czb/historyQuery,2026-08-09T11:34:01.034821+00:00
2011-10-19,3.14,chinabond_official,1001.CB,ChinaBond Government Bond Yield Curve,0,1.0,https://yield.chinabond.com.cn/cbweb-czb-web/czb/historyQuery,2026-08-09T11:34:01.034821+00:00
2011-10-20,3.14,chinabond_official,1001.CB,ChinaBond Government Bond Yield Curve,0,1.0,https://yield.chinabond.com.cn/cbweb-czb-web/czb/historyQuery,2026-08-09T11:34:01.034821+00:00
2011-10-21,3.14,chinabond_official,1001.CB,ChinaBond Government Bond Yield Curve,0,1.0,https://yield.chinabond.com.cn/cbweb-czb-web/czb/historyQuery,2026-08-09T11:34:01.034821+00:00
2011-10-24,3.13,chinabond_official,1001.CB,ChinaBond Government Bond Yield Curve,0,1.0,https://yield.chinabond.com.cn/cbweb-czb-web/czb/historyQuery,2026-08-09T11:34:01.034821+00:00
2011-10-25,3.17,chinabond_official,1001.CB,ChinaBond Government Bond Yield Curve,0,1.0,https://yield.chinabond.com.cn/cbweb-czb-web/czb/historyQuery,2026-08-09T11:34:01.034821+00:00
2011-10-26,3.17,chinabond_official,1001.CB,ChinaBond Government Bond Yield Curve,0,1.0,https://yield.chinabond.com.cn/cbweb-czb-web/czb/historyQuery,2026-08-09T11:34:01.034821+00:00
2011-10-27,3.19,chinabond_official,1001.CB,ChinaBond Government Bond Yield Curve,0,1.0,https://yield.chinabond.com.cn/cbweb-czb-web/czb/historyQuery,2026-08-09T11:34:01.034821+00:00
2011-10-28,3.19,chinabond_official,1001.CB,ChinaBond Government Bond Yield Curve,0,1.0,https://yield.chinabond.com.cn/cbweb-czb-web/czb/historyQuery,2026-08-09T11:34:01.034821+00:00
2011-10-31,3.14,chinabond_official,1001.CB,ChinaBond Government Bond Yield Curve,0,1.0,https://yield.chinabond.com.cn/cbweb-czb-web/czb/historyQuery,2026-08-09T11:34:01.034821+00:00
2011-11-01,3.09,chinabond_official,1001.CB,ChinaBond Government Bond Yield Curve,0,1.0,https://yield.chinabond.com.cn/cbweb-czb-web/czb/historyQuery,2026-08-09T11:34:01.034821+00:00
2011-11-02,3.07,chinabond_official,1001.CB,ChinaBond Government Bond Yield Curve,0,1.0,https://yield.chinabond.com.cn/cbweb-czb-web/czb/historyQuery,2026-08-09T11:34:01.034821+00:00
2011-11-03,3.03,chinabond_official,1001.CB,ChinaBond Government Bond Yield Curve,0,1.0,https://yield.chinabond.com.cn/cbweb-czb-web/czb/historyQuery,2026-08-09T11:34:01.034821+00:00
2011-11-04,3.0,chinabond_official,1001.CB,ChinaBond Government Bond Yield Curve,0,1.0,https://yield.chinabond.com.cn/cbweb-czb-web/czb/historyQuery,2026-08-09T11:34:01.034821+00:00
2011-11-07,2.99,chinabond_official,1001.CB,ChinaBond Government Bond Yield Curve,0,1.0,https://yield.chinabond.com.cn/cbweb-czb-web/czb/historyQuery,2026-08-09T11:34:01.034821+00:00
2011-11-08,2.86,chinabond_official,1001.CB,ChinaBond Government Bond Yield Curve,0,1.0,https://yield.chinabond.com.cn/cbweb-czb-web/czb/historyQuery,2026-08-09T11:34:01.034821+00:00
2011-11-09,2.64,chinabond_official,1001.CB,ChinaBond Government Bond Yield Curve,0,1.0,https://yield.chinabond.com.cn/cbweb-czb-web/czb/historyQuery,2026-08-09T11:34:01.034821+00:00
2011-11-10,2.57,chinabond_official,1001.CB,ChinaBond Government Bond Yield Curve,0,1.0,https://yield.chinabond.com.cn/cbweb-czb-web/czb/historyQuery,2026-08-09T11:34:01.034821+00:00
2011-11-11,2.57,chinabond_official,1001.CB,ChinaBond Government Bond Yield Curve,0,1.0,https://yield.chinabond.com.cn/cbweb-czb-web/czb/historyQuery,2026-08-09T11:34:01.034821+00:00
2011-11-14,2.56,chinabond_official,1001.CB,ChinaBond Government Bond Yield Curve,0,1.0,https://yield.chinabond.com.cn/cbweb-czb-web/czb/historyQuery,2026-08-09T11:34:01.034821+00:00
2011-11-15,2.55,chinabond_official,1001.CB,ChinaBond Government Bond Yield Curve,0,1.0,https://yield.chinabond.com.cn/cbweb-czb-web/czb/historyQuery,2026-08-09T11:34:01.034821+00:00
2011-11-16,2.57,chinabond_official,1001.CB,ChinaBond Government Bond Yield Curve,0,1.0,https://yield.chinabond.com.cn/cbweb-czb-web/czb/historyQuery,2026-08-09T11:34:01.034821+00:00
2011-11-17,2.6,chinabond_official,1001.CB,ChinaBond Government Bond Yield Curve,0,1.0,https://yield.chinabond.com.cn/cbweb-czb-web/czb/historyQuery,2026-08-09T11:34:01.034821+00:00
2011-11-18,2.6,chinabond_official,1001.CB,ChinaBond Government Bond Yield Curve,0,1.0,https://yield.chinabond.com.cn/cbweb-czb-web/czb/historyQuery,2026-08-09T11:34:01.034821+00:00
2011-11-21,2.61,chinabond_official,1001.CB,ChinaBond Government Bond Yield Curve,0,1.0,https://yield.chinabond.com.cn/cbweb-czb-web/czb/historyQuery,2026-08-09T11:34:01.034821+00:00
2011-11-22,2.64,chinabond_official,1001.CB,ChinaBond Government Bond Yield Curve,0,1.0,https://yield.chinabond.com.cn/cbweb-czb-web/czb/historyQuery,2026-08-09T11:34:01.034821+00:00
2011-11-23,2.67,chinabond_official,1001.CB,ChinaBond Government Bond Yield Curve,0,1.0,https://yield.chinabond.com.cn/cbweb-czb-web/czb/historyQuery,2026-08-09T11:34:01.034821+00:00
2011-11-24,2.68,chinabond_official,1001.CB,ChinaBond Government Bond Yield Curve,0,1.0,https://yield.chinabond.com.cn/cbweb-czb-web/czb/historyQuery,2026-08-09T11:34:01.034821+00:00
2011-11-25,2.69,chinabond_official,1001.CB,ChinaBond Government Bond Yield Curve,0,1.0,https://yield.chinabond.com.cn/cbweb-czb-web/czb/historyQuery,2026-08-09T11:34:01.034821+00:00
2011-11-28,2.72,chinabond_official,1001.CB,ChinaBond Government Bond Yield Curve,0,1.0,https://yield.chinabond.com.cn/cbweb-czb-web/czb/historyQuery,2026-08-09T11:34:01.034821+00:00
2011-11-29,2.72,chinabond_official,1001.CB,ChinaBond Government Bond Yield Curve,0,1.0,https://yield.chinabond.com.cn/cbweb-czb-web/czb/historyQuery,2026-08-09T11:34:01.034821+00:00
2011-11-30,2.74,chinabond_official,1001.CB,ChinaBond Government Bond Yield Curve,0,1.0,https://yield.chinabond.com.cn/cbweb-czb-web/czb/historyQuery,2026-08-09T11:34:01.034821+00:00
2011-12-01,2.59,chinabond_official,1001.CB,ChinaBond Government Bond Yield Curve,0,1.0,https://yield.chinabond.com.cn/cbweb-czb-web/czb/historyQuery,2026-08-09T11:34:01.034821+00:00
2011-12-02,2.63,chinabond_official,1001.CB,ChinaBond Government Bond Yield Curve,0,1.0,https://yield.chinabond.com.cn/cbweb-czb-web/czb/historyQuery,2026-08-09T11:34:01.034821+00:00
2011-12-05,2.62,chinabond_official,1001.CB,ChinaBond Government Bond Yield Curve,0,1.0,https://yield.chinabond.com.cn/cbweb-czb-web/czb/historyQuery,2026-08-09T11:34:01.034821+00:00
2011-12-06,2.63,chinabond_official,1001.CB,ChinaBond Government Bond Yield Curve,0,1.0,https://yield.chinabond.com.cn/cbweb-czb-web/czb/historyQuery,2026-08-09T11:34:01.034821+00:00
2011-12-07,2.63,chinabond_official,1001.CB,ChinaBond Government Bond Yield Curve,0,1.0,https://yield.chinabond.com.cn/cbweb-czb-web/czb/historyQuery,2026-08-09T11:34:01.034821+00:00
2011-12-08,2.63,chinabond_official,1001.CB,ChinaBond Government Bond Yield Curve,0,1.0,https://yield.chinabond.com.cn/cbweb-czb-web/czb/historyQuery,2026-08-09T11:34:01.034821+00:00
2011-12-09,2.63,chinabond_official,1001.CB,ChinaBond Government Bond Yield Curve,0,1.0,https://yield.chinabond.com.cn/cbweb-czb-web/czb/historyQuery,2026-08-09T11:34:01.034821+00:00
2011-12-12,2.66,chinabond_official,1001.CB,ChinaBond Government Bond Yield Curve,0,1.0,https://yield.chinabond.com.cn/cbweb-czb-web/czb/historyQuery,2026-08-09T11:34:01.034821+00:00
2011-12-13,2.69,chinabond_official,1001.CB,ChinaBond Government Bond Yield Curve,0,1.0,https://yield.chinabond.com.cn/cbweb-czb-web/czb/historyQuery,2026-08-09T11:34:01.034821+00:00
2011-12-14,2.72,chinabond_official,1001.CB,ChinaBond Government Bond Yield Curve,0,1.0,https://yield.chinabond.com.cn/cbweb-czb-web/czb/historyQuery,2026-08-09T11:34:01.034821+00:00
2011-12-15,2.72,chinabond_official,1001.CB,ChinaBond Government Bond Yield Curve,0,1.0,https://yield.chinabond.com.cn/cbweb-czb-web/czb/historyQuery,2026-08-09T11:34:01.034821+00:00
2011-12-16,2.72,chinabond_official,1001.CB,ChinaBond Government Bond Yield Curve,0,1.0,https://yield.chinabond.com.cn/cbweb-czb-web/czb/historyQuery,2026-08-09T11:34:01.034821+00:00
2011-12-19,2.71,chinabond_official,1001.CB,ChinaBond Government Bond Yield Curve,0,1.0,https://yield.chinabond.com.cn/cbweb-czb-web/czb/historyQuery,2026-08-09T11:34:01.034821+00:00
2011-12-20,2.71,chinabond_official,1001.CB,ChinaBond Government Bond Yield Curve,0,1.0,https://yield.chinabond.com.cn/cbweb-czb-web/czb/historyQuery,2026-08-09T11:34:01.034821+00:00
2011-12-21,2.73,chinabond_official,1001.CB,ChinaBond Government Bond Yield Curve,0,1.0,https://yield.chinabond.com.cn/cbweb-czb-web/czb/historyQuery,2026-08-09T11:34:01.034821+00:00
2011-12-22,2.72,chinabond_official,1001.CB,ChinaBond Government Bond Yield Curve,0,1.0,https://yield.chinabond.com.cn/cbweb-czb-web/czb/historyQuery,2026-08-09T11:34:01.034821+00:00
2011-12-23,2.73,chinabond_official,1001.CB,ChinaBond Government Bond Yield Curve,0,1.0,https://yield.chinabond.com.cn/cbweb-czb-web/czb/historyQuery,2026-08-09T11:34:01.034821+00:00
2011-12-26,2.73,chinabond_official,1001.CB,ChinaBond Government Bond Yield Curve,0,1.0,https://yield.chinabond.com.cn/cbweb-czb-web/czb/historyQuery,2026-08-09T11:34:01.034821+00:00
2011-12-27,2.73,chinabond_official,1001.CB,ChinaBond Government Bond Yield Curve,0,1.0,https://yield.chinabond.com.cn/cbweb-czb-web/czb/historyQuery,2026-08-09T11:34:01.034821+00:00
2011-12-28,2.73,chinabond_official,1001.CB,ChinaBond Government Bond Yield Curve,0,1.0,https://yield.chinabond.com.cn/cbweb-czb-web/czb/historyQuery,2026-08-09T11:34:01.034821+00:00
2011-12-29,2.74,chinabond_official,1001.CB,ChinaBond Government Bond Yield Curve,0,1.0,https://yield.chinabond.com.cn/cbweb-czb-web/czb/historyQuery,2026-08-09T11:34:01.034821+00:00
2011-12-30,2.72,chinabond_official,1001.CB,ChinaBond Government Bond Yield Curve,0,1.0,https://yield.chinabond.com.cn/cbweb-czb-web/czb/historyQuery,2026-08-09T11:34:01.034821+00:00
2011-12-31,2.72,chinabond_official,1001.CB,ChinaBond Government Bond Yield Curve,0,1.0,https://yield.chinabond.com.cn/cbweb-czb-web/czb/historyQuery,2026-08-09T11:34:01.034821+00:00
2012-01-04,2.73,chinabond_official,1001.CB,ChinaBond Government Bond Yield Curve,0,1.0,https://yield.chinabond.com.cn/cbweb-czb-web/czb/historyQuery,2026-08-09T11:34:01.034821+00:00
2012-01-05,2.74,chinabond_official,1001.CB,ChinaBond Government Bond Yield Curve,0,1.0,https://yield.chinabond.com.cn/cbweb-czb-web/czb/historyQuery,2026-08-09T11:34:01.034821+00:00
2012-01-06,2.74,chinabond_official,1001.CB,ChinaBond Government Bond Yield Curve,0,1.0,https://yield.chinabond.com.cn/cbweb-czb-web/czb/historyQuery,2026-08-09T11:34:01.034821+00:00
2012-01-09,2.73,chinabond_official,1001.CB,ChinaBond Government Bond Yield Curve,0,1.0,https://yield.chinabond.com.cn/cbweb-czb-web/czb/historyQuery,2026-08-09T11:34:01.034821+00:00
2012-01-10,2.73,chinabond_official,1001.CB,ChinaBond Government Bond Yield Curve,0,1.0,https://yield.chinabond.com.cn/cbweb-czb-web/czb/historyQuery,2026-08-09T11:34:01.034821+00:00
2012-01-11,2.79,chinabond_official,1001.CB,ChinaBond Government Bond Yield Curve,0,1.0,https://yield.chinabond.com.cn/cbweb-czb-web/czb/historyQuery,2026-08-09T11:34:01.034821+00:00
2012-01-12,2.78,chinabond_official,1001.CB,ChinaBond Government Bond Yield Curve,0,1.0,https://yield.chinabond.com.cn/cbweb-czb-web/czb/historyQuery,2026-08-09T11:34:01.034821+00:00
2012-01-13,2.79,chinabond_official,1001.CB,ChinaBond Government Bond Yield Curve,0,1.0,https://yield.chinabond.com.cn/cbweb-czb-web/czb/historyQuery,2026-08-09T11:34:01.034821+00:00
2012-01-16,2.83,chinabond_official,1001.CB,ChinaBond Government Bond Yield Curve,0,1.0,https://yield.chinabond.com.cn/cbweb-czb-web/czb/historyQuery,2026-08-09T11:34:01.034821+00:00
2012-01-17,2.82,chinabond_official,1001.CB,ChinaBond Government Bond Yield Curve,0,1.0,https://yield.chinabond.com.cn/cbweb-czb-web/czb/historyQuery,2026-08-09T11:34:01.034821+00:00
2012-01-18,2.86,chinabond_official,1001.CB,ChinaBond Government Bond Yield Curve,0,1.0,https://yield.chinabond.com.cn/cbweb-czb-web/czb/historyQuery,2026-08-09T11:34:01.034821+00:00
2012-01-19,2.84,chinabond_official,1001.CB,ChinaBond Government Bond Yield Curve,0,1.0,https://yield.chinabond.com.cn/cbweb-czb-web/czb/historyQuery,2026-08-09T11:34:01.034821+00:00
2012-01-20,2.82,chinabond_official,1001.CB,ChinaBond Government Bond Yield Curve,0,1.0,https://yield.chinabond.com.cn/cbweb-czb-web/czb/historyQuery,2026-08-09T11:34:01.034821+00:00
2012-01-21,2.82,chinabond_official,1001.CB,ChinaBond Government Bond Yield Curve,0,1.0,https://yield.chinabond.com.cn/cbweb-czb-web/czb/historyQuery,2026-08-09T11:34:01.034821+00:00
2012-01-29,2.78,chinabond_official,1001.CB,ChinaBond Government Bond Yield Curve,0,1.0,https://yield.chinabond.com.cn/cbweb-czb-web/czb/historyQuery,2026-08-09T11:34:01.034821+00:00
2012-01-30,2.78,chinabond_official,1001.CB,ChinaBond Government Bond Yield Curve,0,1.0,https://yield.chinabond.com.cn/cbweb-czb-web/czb/historyQuery,2026-08-09T11:34:01.034821+00:00
2012-01-31,2.77,chinabond_official,1001.CB,ChinaBond Government Bond Yield Curve,0,1.0,https://yield.chinabond.com.cn/cbweb-czb-web/czb/historyQuery,2026-08-09T11:34:01.034821+00:00
2012-02-01,2.78,chinabond_official,1001.CB,ChinaBond Government Bond Yield Curve,0,1.0,https://yield.chinabond.com.cn/cbweb-czb-web/czb/historyQuery,2026-08-09T11:34:01.034821+00:00
2012-02-02,2.77,chinabond_official,1001.CB,ChinaBond Government Bond Yield Curve,0,1.0,https://yield.chinabond.com.cn/cbweb-czb-web/czb/historyQuery,2026-08-09T11:34:01.034821+00:00
2012-02-03,2.78,chinabond_official,1001.CB,ChinaBond Government Bond Yield Curve,0,1.0,https://yield.chinabond.com.cn/cbweb-czb-web/czb/historyQuery,2026-08-09T11:34:01.034821+00:00
2012-02-06,2.81,chinabond_official,1001.CB,ChinaBond Government Bond Yield Curve,0,1.0,https://yield.chinabond.com.cn/cbweb-czb-web/czb/historyQuery,2026-08-09T11:34:01.034821+00:00
2012-02-07,2.82,chinabond_official,1001.CB,ChinaBond Government Bond Yield Curve,0,1.0,https://yield.chinabond.com.cn/cbweb-czb-web/czb/historyQuery,2026-08-09T11:34:01.034821+00:00
2012-02-08,2.93,chinabond_official,1001.CB,ChinaBond Government Bond Yield Curve,0,1.0,https://yield.chinabond.com.cn/cbweb-czb-web/czb/historyQuery,2026-08-09T11:34:01.034821+00:00
2012-02-09,2.96,chinabond_official,1001.CB,ChinaBond Government Bond Yield Curve,0,1.0,https://yield.chinabond.com.cn/cbweb-czb-web/czb/historyQuery,2026-08-09T11:34:01.034821+00:00
2012-02-10,2.95,chinabond_official,1001.CB,ChinaBond Government Bond Yield Curve,0,1.0,https://yield.chinabond.com.cn/cbweb-czb-web/czb/historyQuery,2026-08-09T11:34:01.034821+00:00
2012-02-13,2.9,chinabond_official,1001.CB,ChinaBond Government Bond Yield Curve,0,1.0,https://yield.chinabond.com.cn/cbweb-czb-web/czb/historyQuery,2026-08-09T11:34:01.034821+00:00
2012-02-14,2.93,chinabond_official,1001.CB,ChinaBond Government Bond Yield Curve,0,1.0,https://yield.chinabond.com.cn/cbweb-czb-web/czb/historyQuery,2026-08-09T11:34:01.034821+00:00
2012-02-15,2.94,chinabond_official,1001.CB,ChinaBond Government Bond Yield Curve,0,1.0,https://yield.chinabond.com.cn/cbweb-czb-web/czb/historyQuery,2026-08-09T11:34:01.034821+00:00
2012-02-16,2.97,chinabond_official,1001.CB,ChinaBond Government Bond Yield Curve,0,1.0,https://yield.chinabond.com.cn/cbweb-czb-web/czb/historyQuery,2026-08-09T11:34:01.034821+00:00
2012-02-17,2.99,chinabond_official,1001.CB,ChinaBond Government Bond Yield Curve,0,1.0,https://yield.chinabond.com.cn/cbweb-czb-web/czb/historyQuery,2026-08-09T11:34:01.034821+00:00
2012-02-20,2.92,chinabond_official,1001.CB,ChinaBond Government Bond Yield Curve,0,1.0,https://yield.chinabond.com.cn/cbweb-czb-web/czb/historyQuery,2026-08-09T11:34:01.034821+00:00
2012-02-21,2.94,chinabond_official,1001.CB,ChinaBond Government Bond Yield Curve,0,1.0,https://yield.chinabond.com.cn/cbweb-czb-web/czb/historyQuery,2026-08-09T11:34:01.034821+00:00
2012-02-22,2.94,chinabond_official,1001.CB,ChinaBond Government Bond Yield Curve,0,1.0,https://yield.chinabond.com.cn/cbweb-czb-web/czb/historyQuery,2026-08-09T11:34:01.034821+00:00
2012-02-23,2.94,chinabond_official,1001.CB,ChinaBond Government Bond Yield Curve,0,1.0,https://yield.chinabond.com.cn/cbweb-czb-web/czb/historyQuery,2026-08-09T11:34:01.034821+00:00
2012-02-24,2.93,chinabond_official,1001.CB,ChinaBond Government Bond Yield Curve,0,1.0,https://yield.chinabond.com.cn/cbweb-czb-web/czb/historyQuery,2026-08-09T11:34:01.034821+00:00
2012-02-27,2.94,chinabond_official,1001.CB,ChinaBond Government Bond Yield Curve,0,1.0,https://yield.chinabond.com.cn/cbweb-czb-web/czb/historyQuery,2026-08-09T11:34:01.034821+00:00
2012-02-28,2.95,chinabond_official,1001.CB,ChinaBond Government Bond Yield Curve,0,1.0,https://yield.chinabond.com.cn/cbweb-czb-web/czb/historyQuery,2026-08-09T11:34:01.034821+00:00
2012-02-29,2.95,chinabond_official,1001.CB,ChinaBond Government Bond Yield Curve,0,1.0,https://yield.chinabond.com.cn/cbweb-czb-web/czb/historyQuery,2026-08-09T11:34:01.034821+00:00
2012-03-01,2.93,chinabond_official,1001.CB,ChinaBond Government Bond Yield Curve,0,1.0,https://yield.chinabond.com.cn/cbweb-czb-web/czb/historyQuery,2026-08-09T11:34:01.034821+00:00
2012-03-02,2.93,chinabond_official,1001.CB,ChinaBond Government Bond Yield Curve,0,1.0,https://yield.chinabond.com.cn/cbweb-czb-web/czb/historyQuery,2026-08-09T11:34:01.034821+00:00
2012-03-05,2.93,chinabond_official,1001.CB,ChinaBond Government Bond Yield Curve,0,1.0,https://yield.chinabond.com.cn/cbweb-czb-web/czb/historyQuery,2026-08-09T11:34:01.034821+00:00
2012-03-06,2.93,chinabond_official,1001.CB,ChinaBond Government Bond Yield Curve,0,1.0,https://yield.chinabond.com.cn/cbweb-czb-web/czb/historyQuery,2026-08-09T11:34:01.034821+00:00
2012-03-07,2.9,chinabond_official,1001.CB,ChinaBond Government Bond Yield Curve,0,1.0,https://yield.chinabond.com.cn/cbweb-czb-web/czb/historyQuery,2026-08-09T11:34:01.034821+00:00
2012-03-08,2.9,chinabond_official,1001.CB,ChinaBond Government Bond Yield Curve,0,1.0,https://yield.chinabond.com.cn/cbweb-czb-web/czb/historyQuery,2026-08-09T11:34:01.034821+00:00
2012-03-09,2.89,chinabond_official,1001.CB,ChinaBond Government Bond Yield Curve,0,1.0,https://yield.chinabond.com.cn/cbweb-czb-web/czb/historyQuery,2026-08-09T11:34:01.034821+00:00
2012-03-12,2.86,chinabond_official,1001.CB,ChinaBond Government Bond Yield Curve,0,1.0,https://yield.chinabond.com.cn/cbweb-czb-web/czb/historyQuery,2026-08-09T11:34:01.034821+00:00
2012-03-13,2.87,chinabond_official,1001.CB,ChinaBond Government Bond Yield Curve,0,1.0,https://yield.chinabond.com.cn/cbweb-czb-web/czb/historyQuery,2026-08-09T11:34:01.034821+00:00
2012-03-14,2.88,chinabond_official,1001.CB,ChinaBond Government Bond Yield Curve,0,1.0,https://yield.chinabond.com.cn/cbweb-czb-web/czb/historyQuery,2026-08-09T11:34:01.034821+00:00
2012-03-15,2.89,chinabond_official,1001.CB,ChinaBond Government Bond Yield Curve,0,1.0,https://yield.chinabond.com.cn/cbweb-czb-web/czb/historyQuery,2026-08-09T11:34:01.034821+00:00
2012-03-16,2.87,chinabond_official,1001.CB,ChinaBond Government Bond Yield Curve,0,1.0,https://yield.chinabond.com.cn/cbweb-czb-web/czb/historyQuery,2026-08-09T11:34:01.034821+00:00
2012-03-19,2.85,chinabond_official,1001.CB,ChinaBond Government Bond Yield Curve,0,1.0,https://yield.chinabond.com.cn/cbweb-czb-web/czb/historyQuery,2026-08-09T11:34:01.034821+00:00
2012-03-20,2.87,chinabond_official,1001.CB,ChinaBond Government Bond Yield Curve,0,1.0,https://yield.chinabond.com.cn/cbweb-czb-web/czb/historyQuery,2026-08-09T11:34:01.034821+00:00
2012-03-21,2.88,chinabond_official,1001.CB,ChinaBond Government Bond Yield Curve,0,1.0,https://yield.chinabond.com.cn/cbweb-czb-web/czb/historyQuery,2026-08-09T11:34:01.034821+00:00
2012-03-22,2.88,chinabond_official,1001.CB,ChinaBond Government Bond Yield Curve,0,1.0,https://yield.chinabond.com.cn/cbweb-czb-web/czb/historyQuery,2026-08-09T11:34:01.034821+00:00
2012-03-23,2.85,chinabond_official,1001.CB,ChinaBond Government Bond Yield Curve,0,1.0,https://yield.chinabond.com.cn/cbweb-czb-web/czb/historyQuery,2026-08-09T11:34:01.034821+00:00
2012-03-26,2.84,chinabond_official,1001.CB,ChinaBond Government Bond Yield Curve,0,1.0,https://yield.chinabond.com.cn/cbweb-czb-web/czb/historyQuery,2026-08-09T11:34:01.034821+00:00
2012-03-27,2.84,chinabond_official,1001.CB,ChinaBond Government Bond Yield Curve,0,1.0,https://yield.chinabond.com.cn/cbweb-czb-web/czb/historyQuery,2026-08-09T11:34:01.034821+00:00
2012-03-28,2.85,chinabond_official,1001.CB,ChinaBond Government Bond Yield Curve,0,1.0,https://yield.chinabond.com.cn/cbweb-czb-web/czb/historyQuery,2026-08-09T11:34:01.034821+00:00
2012-03-29,2.83,chinabond_official,1001.CB,ChinaBond Government Bond Yield Curve,0,1.0,https://yield.chinabond.com.cn/cbweb-czb-web/czb/historyQuery,2026-08-09T11:34:01.034821+00:00
2012-03-30,2.84,chinabond_official,1001.CB,ChinaBond Government Bond Yield Curve,0,1.0,https://yield.chinabond.com.cn/cbweb-czb-web/czb/historyQuery,2026-08-09T11:34:01.034821+00:00
2012-03-31,2.84,chinabond_official,1001.CB,ChinaBond Government Bond Yield Curve,0,1.0,https://yield.chinabond.com.cn/cbweb-czb-web/czb/historyQuery,2026-08-09T11:34:01.034821+00:00
2012-04-01,2.86,chinabond_official,1001.CB,ChinaBond Government Bond Yield Curve,0,1.0,https://yield.chinabond.com.cn/cbweb-czb-web/czb/historyQuery,2026-08-09T11:34:01.034821+00:00
2012-04-05,2.86,chinabond_official,1001.CB,ChinaBond Government Bond Yield Curve,0,1.0,https://yield.chinabond.com.cn/cbweb-czb-web/czb/historyQuery,2026-08-09T11:34:01.034821+00:00
2012-04-06,2.87,chinabond_official,1001.CB,ChinaBond Government Bond Yield Curve,0,1.0,https://yield.chinabond.com.cn/cbweb-czb-web/czb/historyQuery,2026-08-09T11:34:01.034821+00:00
2012-04-09,2.87,chinabond_official,1001.CB,ChinaBond Government Bond Yield Curve,0,1.0,https://yield.chinabond.com.cn/cbweb-czb-web/czb/historyQuery,2026-08-09T11:34:01.034821+00:00
2012-04-10,2.87,chinabond_official,1001.CB,ChinaBond Government Bond Yield Curve,0,1.0,https://yield.chinabond.com.cn/cbweb-czb-web/czb/historyQuery,2026-08-09T11:34:01.034821+00:00
2012-04-11,2.87,chinabond_official,1001.CB,ChinaBond Government Bond Yield Curve,0,1.0,https://yield.chinabond.com.cn/cbweb-czb-web/czb/historyQuery,2026-08-09T11:34:01.034821+00:00
2012-04-12,2.9,chinabond_official,1001.CB,ChinaBond Government Bond Yield Curve,0,1.0,https://yield.chinabond.com.cn/cbweb-czb-web/czb/historyQuery,2026-08-09T11:34:01.034821+00:00
2012-04-13,2.88,chinabond_official,1001.CB,ChinaBond Government Bond Yield Curve,0,1.0,https://yield.chinabond.com.cn/cbweb-czb-web/czb/historyQuery,2026-08-09T11:34:01.034821+00:00
2012-04-16,2.88,chinabond_official,1001.CB,ChinaBond Government Bond Yield Curve,0,1.0,https://yield.chinabond.com.cn/cbweb-czb-web/czb/historyQuery,2026-08-09T11:34:01.034821+00:00
2012-04-17,2.87,chinabond_official,1001.CB,ChinaBond Government Bond Yield Curve,0,1.0,https://yield.chinabond.com.cn/cbweb-czb-web/czb/historyQuery,2026-08-09T11:34:01.034821+00:00
2012-04-18,2.85,chinabond_official,1001.CB,ChinaBond Government Bond Yield Curve,0,1.0,https://yield.chinabond.com.cn/cbweb-czb-web/czb/historyQuery,2026-08-09T11:34:01.034821+00:00
2012-04-19,2.85,chinabond_official,1001.CB,ChinaBond Government Bond Yield Curve,0,1.0,https://yield.chinabond.com.cn/cbweb-czb-web/czb/historyQuery,2026-08-09T11:34:01.034821+00:00
2012-04-20,2.84,chinabond_official,1001.CB,ChinaBond Government Bond Yield Curve,0,1.0,https://yield.chinabond.com.cn/cbweb-czb-web/czb/historyQuery,2026-08-09T11:34:01.034821+00:00
2012-04-23,2.85,chinabond_official,1001.CB,ChinaBond Government Bond Yield Curve,0,1.0,https://yield.chinabond.com.cn/cbweb-czb-web/czb/historyQuery,2026-08-09T11:34:01.034821+00:00
2012-04-24,2.84,chinabond_official,1001.CB,ChinaBond Government Bond Yield Curve,0,1.0,https://yield.chinabond.com.cn/cbweb-czb-web/czb/historyQuery,2026-08-09T11:34:01.034821+00:00
2012-04-25,2.85,chinabond_official,1001.CB,ChinaBond Government Bond Yield Curve,0,1.0,https://yield.chinabond.com.cn/cbweb-czb-web/czb/historyQuery,2026-08-09T11:34:01.034821+00:00
2012-04-26,2.85,chinabond_official,1001.CB,ChinaBond Government Bond Yield Curve,0,1.0,https://yield.chinabond.com.cn/cbweb-czb-web/czb/historyQuery,2026-08-09T11:34:01.034821+00:00
2012-04-27,2.85,chinabond_official,1001.CB,ChinaBond Government Bond Yield Curve,0,1.0,https://yield.chinabond.com.cn/cbweb-czb-web/czb/historyQuery,2026-08-09T11:34:01.034821+00:00
2012-04-28,2.86,chinabond_official,1001.CB,ChinaBond Government Bond Yield Curve,0,1.0,https://yield.chinabond.com.cn/cbweb-czb-web/czb/historyQuery,2026-08-09T11:34:01.034821+00:00
2012-05-02,2.85,chinabond_official,1001.CB,ChinaBond Government Bond Yield Curve,0,1.0,https://yield.chinabond.com.cn/cbweb-czb-web/czb/historyQuery,2026-08-09T11:34:01.034821+00:00
2012-05-03,2.85,chinabond_official,1001.CB,ChinaBond Government Bond Yield Curve,0,1.0,https://yield.chinabond.com.cn/cbweb-czb-web/czb/historyQuery,2026-08-09T11:34:01.034821+00:00
2012-05-04,2.86,chinabond_official,1001.CB,ChinaBond Government Bond Yield Curve,0,1.0,https://yield.chinabond.com.cn/cbweb-czb-web/czb/historyQuery,2026-08-09T11:34:01.034821+00:00
2012-05-07,2.86,chinabond_official,1001.CB,ChinaBond Government Bond Yield Curve,0,1.0,https://yield.chinabond.com.cn/cbweb-czb-web/czb/historyQuery,2026-08-09T11:34:01.034821+00:00
2012-05-08,2.86,chinabond_official,1001.CB,ChinaBond Government Bond Yield Curve,0,1.0,https://yield.chinabond.com.cn/cbweb-czb-web/czb/historyQuery,2026-08-09T11:34:01.034821+00:00
2012-05-09,2.84,chinabond_official,1001.CB,ChinaBond Government Bond Yield Curve,0,1.0,https://yield.chinabond.com.cn/cbweb-czb-web/czb/historyQuery,2026-08-09T11:34:01.034821+00:00
2012-05-10,2.8,chinabond_official,1001.CB,ChinaBond Government Bond Yield Curve,0,1.0,https://yield.chinabond.com.cn/cbweb-czb-web/czb/historyQuery,2026-08-09T11:34:01.034821+00:00
2012-05-11,2.75,chinabond_official,1001.CB,ChinaBond Government Bond Yield Curve,0,1.0,https://yield.chinabond.com.cn/cbweb-czb-web/czb/historyQuery,2026-08-09T11:34:01.034821+00:00
2012-05-14,2.55,chinabond_official,1001.CB,ChinaBond Government Bond Yield Curve,0,1.0,https://yield.chinabond.com.cn/cbweb-czb-web/czb/historyQuery,2026-08-09T11:34:01.034821+00:00
2012-05-15,2.48,chinabond_official,1001.CB,ChinaBond Government Bond Yield Curve,0,1.0,https://yield.chinabond.com.cn/cbweb-czb-web/czb/historyQuery,2026-08-09T11:34:01.034821+00:00
2012-05-16,2.4,chinabond_official,1001.CB,ChinaBond Government Bond Yield Curve,0,1.0,https://yield.chinabond.com.cn/cbweb-czb-web/czb/historyQuery,2026-08-09T11:34:01.034821+00:00
2012-05-17,2.43,chinabond_official,1001.CB,ChinaBond Government Bond Yield Curve,0,1.0,https://yield.chinabond.com.cn/cbweb-czb-web/czb/historyQuery,2026-08-09T11:34:01.034821+00:00
2012-05-18,2.42,chinabond_official,1001.CB,ChinaBond Government Bond Yield Curve,0,1.0,https://yield.chinabond.com.cn/cbweb-czb-web/czb/historyQuery,2026-08-09T11:34:01.034821+00:00
2012-05-21,2.43,chinabond_official,1001.CB,ChinaBond Government Bond Yield Curve,0,1.0,https://yield.chinabond.com.cn/cbweb-czb-web/czb/historyQuery,2026-08-09T11:34:01.034821+00:00
2012-05-22,2.38,chinabond_official,1001.CB,ChinaBond Government Bond Yield Curve,0,1.0,https://yield.chinabond.com.cn/cbweb-czb-web/czb/historyQuery,2026-08-09T11:34:01.034821+00:00
2012-05-23,2.35,chinabond_official,1001.CB,ChinaBond Government Bond Yield Curve,0,1.0,https://yield.chinabond.com.cn/cbweb-czb-web/czb/historyQuery,2026-08-09T11:34:01.034821+00:00
2012-05-24,2.26,chinabond_official,1001.CB,ChinaBond Government Bond Yield Curve,0,1.0,https://yield.chinabond.com.cn/cbweb-czb-web/czb/historyQuery,2026-08-09T11:34:01.034821+00:00
2012-05-25,2.23,chinabond_official,1001.CB,ChinaBond Government Bond Yield Curve,0,1.0,https://yield.chinabond.com.cn/cbweb-czb-web/czb/historyQuery,2026-08-09T11:34:01.034821+00:00
2012-05-28,2.25,chinabond_official,1001.CB,ChinaBond Government Bond Yield Curve,0,1.0,https://yield.chinabond.com.cn/cbweb-czb-web/czb/historyQuery,2026-08-09T11:34:01.034821+00:00
2012-05-29,2.25,chinabond_official,1001.CB,ChinaBond Government Bond Yield Curve,0,1.0,https://yield.chinabond.com.cn/cbweb-czb-web/czb/historyQuery,2026-08-09T11:34:01.034821+00:00
2012-05-30,2.25,chinabond_official,1001.CB,ChinaBond Government Bond Yield Curve,0,1.0,https://yield.chinabond.com.cn/cbweb-czb-web/czb/historyQuery,2026-08-09T11:34:01.034821+00:00
2012-05-31,2.23,chinabond_official,1001.CB,ChinaBond Government Bond Yield Curve,0,1.0,https://yield.chinabond.com.cn/cbweb-czb-web/czb/historyQuery,2026-08-09T11:34:01.034821+00:00
2012-06-01,2.2,chinabond_official,1001.CB,ChinaBond Government Bond Yield Curve,0,1.0,https://yield.chinabond.com.cn/cbweb-czb-web/czb/historyQuery,2026-08-09T11:34:01.034821+00:00
2012-06-04,2.2,chinabond_official,1001.CB,ChinaBond Government Bond Yield Curve,0,1.0,https://yield.chinabond.com.cn/cbweb-czb-web/czb/historyQuery,2026-08-09T11:34:01.034821+00:00
2012-06-05,2.21,chinabond_official,1001.CB,ChinaBond Government Bond Yield Curve,0,1.0,https://yield.chinabond.com.cn/cbweb-czb-web/czb/historyQuery,2026-08-09T11:34:01.034821+00:00
2012-06-06,2.22,chinabond_official,1001.CB,ChinaBond Government Bond Yield Curve,0,1.0,https://yield.chinabond.com.cn/cbweb-czb-web/czb/historyQuery,2026-08-09T11:34:01.034821+00:00
2012-06-07,2.25,chinabond_official,1001.CB,ChinaBond Government Bond Yield Curve,0,1.0,https://yield.chinabond.com.cn/cbweb-czb-web/czb/historyQuery,2026-08-09T11:34:01.034821+00:00
2012-06-08,2.16,chinabond_official,1001.CB,ChinaBond Government Bond Yield Curve,0,1.0,https://yield.chinabond.com.cn/cbweb-czb-web/czb/historyQuery,2026-08-09T11:34:01.034821+00:00
2012-06-11,2.18,chinabond_official,1001.CB,ChinaBond Government Bond Yield Curve,0,1.0,https://yield.chinabond.com.cn/cbweb-czb-web/czb/historyQuery,2026-08-09T11:34:01.034821+00:00
2012-06-12,2.19,chinabond_official,1001.CB,ChinaBond Government Bond Yield Curve,0,1.0,https://yield.chinabond.com.cn/cbweb-czb-web/czb/historyQuery,2026-08-09T11:34:01.034821+00:00
2012-06-13,2.21,chinabond_official,1001.CB,ChinaBond Government Bond Yield Curve,0,1.0,https://yield.chinabond.com.cn/cbweb-czb-web/czb/historyQuery,2026-08-09T11:34:01.034821+00:00
2012-06-14,2.25,chinabond_official,1001.CB,ChinaBond Government Bond Yield Curve,0,1.0,https://yield.chinabond.com.cn/cbweb-czb-web/czb/historyQuery,2026-08-09T11:34:01.034821+00:00
2012-06-15,2.25,chinabond_official,1001.CB,ChinaBond Government Bond Yield Curve,0,1.0,https://yield.chinabond.com.cn/cbweb-czb-web/czb/historyQuery,2026-08-09T11:34:01.034821+00:00
2012-06-18,2.26,chinabond_official,1001.CB,ChinaBond Government Bond Yield Curve,0,1.0,https://yield.chinabond.com.cn/cbweb-czb-web/czb/historyQuery,2026-08-09T11:34:01.034821+00:00
2012-06-19,2.33,chinabond_official,1001.CB,ChinaBond Government Bond Yield Curve,0,1.0,https://yield.chinabond.com.cn/cbweb-czb-web/czb/historyQuery,2026-08-09T11:34:01.034821+00:00
2012-06-20,2.37,chinabond_official,1001.CB,ChinaBond Government Bond Yield Curve,0,1.0,https://yield.chinabond.com.cn/cbweb-czb-web/czb/historyQuery,2026-08-09T11:34:01.034821+00:00
2012-06-21,2.37,chinabond_official,1001.CB,ChinaBond Government Bond Yield Curve,0,1.0,https://yield.chinabond.com.cn/cbweb-czb-web/czb/historyQuery,2026-08-09T11:34:01.034821+00:00
2012-06-25,2.37,chinabond_official,1001.CB,ChinaBond Government Bond Yield Curve,0,1.0,https://yield.chinabond.com.cn/cbweb-czb-web/czb/historyQuery,2026-08-09T11:34:01.034821+00:00
2012-06-26,2.36,chinabond_official,1001.CB,ChinaBond Government Bond Yield Curve,0,1.0,https://yield.chinabond.com.cn/cbweb-czb-web/czb/historyQuery,2026-08-09T11:34:01.034821+00:00
2012-06-27,2.37,chinabond_official,1001.CB,ChinaBond Government Bond Yield Curve,0,1.0,https://yield.chinabond.com.cn/cbweb-czb-web/czb/historyQuery,2026-08-09T11:34:01.034821+00:00
2012-06-28,2.36,chinabond_official,1001.CB,ChinaBond Government Bond Yield Curve,0,1.0,https://yield.chinabond.com.cn/cbweb-czb-web/czb/historyQuery,2026-08-09T11:34:01.034821+00:00
2012-06-29,2.34,chinabond_official,1001.CB,ChinaBond Government Bond Yield Curve,0,1.0,https://yield.chinabond.com.cn/cbweb-czb-web/czb/historyQuery,2026-08-09T11:34:01.034821+00:00
2012-07-02,2.35,chinabond_official,1001.CB,ChinaBond Government Bond Yield Curve,0,1.0,https://yield.chinabond.com.cn/cbweb-czb-web/czb/historyQuery,2026-08-09T11:34:01.034821+00:00
2012-07-03,2.35,chinabond_official,1001.CB,ChinaBond Government Bond Yield Curve,0,1.0,https://yield.chinabond.com.cn/cbweb-czb-web/czb/historyQuery,2026-08-09T11:34:01.034821+00:00
2012-07-04,2.33,chinabond_official,1001.CB,ChinaBond Government Bond Yield Curve,0,1.0,https://yield.chinabond.com.cn/cbweb-czb-web/czb/historyQuery,2026-08-09T11:34:01.034821+00:00
2012-07-05,2.31,chinabond_official,1001.CB,ChinaBond Government Bond Yield Curve,0,1.0,https://yield.chinabond.com.cn/cbweb-czb-web/czb/historyQuery,2026-08-09T11:34:01.034821+00:00
2012-07-06,2.25,chinabond_official,1001.CB,ChinaBond Government Bond Yield Curve,0,1.0,https://yield.chinabond.com.cn/cbweb-czb-web/czb/historyQuery,2026-08-09T11:34:01.034821+00:00
2012-07-09,2.2,chinabond_official,1001.CB,ChinaBond Government Bond Yield Curve,0,1.0,https://yield.chinabond.com.cn/cbweb-czb-web/czb/historyQuery,2026-08-09T11:34:01.034821+00:00
2012-07-10,2.22,chinabond_official,1001.CB,ChinaBond Government Bond Yield Curve,0,1.0,https://yield.chinabond.com.cn/cbweb-czb-web/czb/historyQuery,2026-08-09T11:34:01.034821+00:00
2012-07-11,2.22,chinabond_official,1001.CB,ChinaBond Government Bond Yield Curve,0,1.0,https://yield.chinabond.com.cn/cbweb-czb-web/czb/historyQuery,2026-08-09T11:34:01.034821+00:00
2012-07-12,2.23,chinabond_official,1001.CB,ChinaBond Government Bond Yield Curve,0,1.0,https://yield.chinabond.com.cn/cbweb-czb-web/czb/historyQuery,2026-08-09T11:34:01.034821+00:00
2012-07-13,2.22,chinabond_official,1001.CB,ChinaBond Government Bond Yield Curve,0,1.0,https://yield.chinabond.com.cn/cbweb-czb-web/czb/historyQuery,2026-08-09T11:34:01.034821+00:00
2012-07-16,2.24,chinabond_official,1001.CB,ChinaBond Government Bond Yield Curve,0,1.0,https://yield.chinabond.com.cn/cbweb-czb-web/czb/historyQuery,2026-08-09T11:34:01.034821+00:00
2012-07-17,2.25,chinabond_official,1001.CB,ChinaBond Government Bond Yield Curve,0,1.0,https://yield.chinabond.com.cn/cbweb-czb-web/czb/historyQuery,2026-08-09T11:34:01.034821+00:00
2012-07-18,2.25,chinabond_official,1001.CB,ChinaBond Government Bond Yield Curve,0,1.0,https://yield.chinabond.com.cn/cbweb-czb-web/czb/historyQuery,2026-08-09T11:34:01.034821+00:00
2012-07-19,2.26,chinabond_official,1001.CB,ChinaBond Government Bond Yield Curve,0,1.0,https://yield.chinabond.com.cn/cbweb-czb-web/czb/historyQuery,2026-08-09T11:34:01.034821+00:00
2012-07-20,2.27,chinabond_official,1001.CB,ChinaBond Government Bond Yield Curve,0,1.0,https://yield.chinabond.com.cn/cbweb-czb-web/czb/historyQuery,2026-08-09T11:34:01.034821+00:00
2012-07-23,2.28,chinabond_official,1001.CB,ChinaBond Government Bond Yield Curve,0,1.0,https://yield.chinabond.com.cn/cbweb-czb-web/czb/historyQuery,2026-08-09T11:34:01.034821+00:00
2012-07-24,2.29,chinabond_official,1001.CB,ChinaBond Government Bond Yield Curve,0,1.0,https://yield.chinabond.com.cn/cbweb-czb-web/czb/historyQuery,2026-08-09T11:34:01.034821+00:00
2012-07-25,2.28,chinabond_official,1001.CB,ChinaBond Government Bond Yield Curve,0,1.0,https://yield.chinabond.com.cn/cbweb-czb-web/czb/historyQuery,2026-08-09T11:34:01.034821+00:00
2012-07-26,2.28,chinabond_official,1001.CB,ChinaBond Government Bond Yield Curve,0,1.0,https://yield.chinabond.com.cn/cbweb-czb-web/czb/historyQuery,2026-08-09T11:34:01.034821+00:00
2012-07-27,2.3,chinabond_official,1001.CB,ChinaBond Government Bond Yield Curve,0,1.0,https://yield.chinabond.com.cn/cbweb-czb-web/czb/historyQuery,2026-08-09T11:34:01.034821+00:00
2012-07-30,2.3,chinabond_official,1001.CB,ChinaBond Government Bond Yield Curve,0,1.0,https://yield.chinabond.com.cn/cbweb-czb-web/czb/historyQuery,2026-08-09T11:34:01.034821+00:00
2012-07-31,2.31,chinabond_official,1001.CB,ChinaBond Government Bond Yield Curve,0,1.0,https://yield.chinabond.com.cn/cbweb-czb-web/czb/historyQuery,2026-08-09T11:34:01.034821+00:00
2012-08-01,2.33,chinabond_official,1001.CB,ChinaBond Government Bond Yield Curve,0,1.0,https://yield.chinabond.com.cn/cbweb-czb-web/czb/historyQuery,2026-08-09T11:34:01.034821+00:00
2012-08-02,2.33,chinabond_official,1001.CB,ChinaBond Government Bond Yield Curve,0,1.0,https://yield.chinabond.com.cn/cbweb-czb-web/czb/historyQuery,2026-08-09T11:34:01.034821+00:00
2012-08-03,2.36,chinabond_official,1001.CB,ChinaBond Government Bond Yield Curve,0,1.0,https://yield.chinabond.com.cn/cbweb-czb-web/czb/historyQuery,2026-08-09T11:34:01.034821+00:00
2012-08-06,2.37,chinabond_official,1001.CB,ChinaBond Government Bond Yield Curve,0,1.0,https://yield.chinabond.com.cn/cbweb-czb-web/czb/historyQuery,2026-08-09T11:34:01.034821+00:00
2012-08-07,2.41,chinabond_official,1001.CB,ChinaBond Government Bond Yield Curve,0,1.0,https://yield.chinabond.com.cn/cbweb-czb-web/czb/historyQuery,2026-08-09T11:34:01.034821+00:00
2012-08-08,2.44,chinabond_official,1001.CB,ChinaBond Government Bond Yield Curve,0,1.0,https://yield.chinabond.com.cn/cbweb-czb-web/czb/historyQuery,2026-08-09T11:34:01.034821+00:00
2012-08-09,2.44,chinabond_official,1001.CB,ChinaBond Government Bond Yield Curve,0,1.0,https://yield.chinabond.com.cn/cbweb-czb-web/czb/historyQuery,2026-08-09T11:34:01.034821+00:00
2012-08-10,2.4,chinabond_official,1001.CB,ChinaBond Government Bond Yield Curve,0,1.0,https://yield.chinabond.com.cn/cbweb-czb-web/czb/historyQuery,2026-08-09T11:34:01.034821+00:00
2012-08-13,2.41,chinabond_official,1001.CB,ChinaBond Government Bond Yield Curve,0,1.0,https://yield.chinabond.com.cn/cbweb-czb-web/czb/historyQuery,2026-08-09T11:34:01.034821+00:00
2012-08-14,2.42,chinabond_official,1001.CB,ChinaBond Government Bond Yield Curve,0,1.0,https://yield.chinabond.com.cn/cbweb-czb-web/czb/historyQuery,2026-08-09T11:34:01.034821+00:00
2012-08-15,2.46,chinabond_official,1001.CB,ChinaBond Government Bond Yield Curve,0,1.0,https://yield.chinabond.com.cn/cbweb-czb-web/czb/historyQuery,2026-08-09T11:34:01.034821+00:00
2012-08-16,2.46,chinabond_official,1001.CB,ChinaBond Government Bond Yield Curve,0,1.0,https://yield.chinabond.com.cn/cbweb-czb-web/czb/historyQuery,2026-08-09T11:34:01.034821+00:00
2012-08-17,2.47,chinabond_official,1001.CB,ChinaBond Government Bond Yield Curve,0,1.0,https://yield.chinabond.com.cn/cbweb-czb-web/czb/historyQuery,2026-08-09T11:34:01.034821+00:00
2012-08-20,2.52,chinabond_official,1001.CB,ChinaBond Government Bond Yield Curve,0,1.0,https://yield.chinabond.com.cn/cbweb-czb-web/czb/historyQuery,2026-08-09T11:34:01.034821+00:00
2012-08-21,2.56,chinabond_official,1001.CB,ChinaBond Government Bond Yield Curve,0,1.0,https://yield.chinabond.com.cn/cbweb-czb-web/czb/historyQuery,2026-08-09T11:34:01.034821+00:00
2012-08-22,2.58,chinabond_official,1001.CB,ChinaBond Government Bond Yield Curve,0,1.0,https://yield.chinabond.com.cn/cbweb-czb-web/czb/historyQuery,2026-08-09T11:34:01.034821+00:00
2012-08-23,2.63,chinabond_official,1001.CB,ChinaBond Government Bond Yield Curve,0,1.0,https://yield.chinabond.com.cn/cbweb-czb-web/czb/historyQuery,2026-08-09T11:34:01.034821+00:00
2012-08-24,2.63,chinabond_official,1001.CB,ChinaBond Government Bond Yield Curve,0,1.0,https://yield.chinabond.com.cn/cbweb-czb-web/czb/historyQuery,2026-08-09T11:34:01.034821+00:00
2012-08-27,2.64,chinabond_official,1001.CB,ChinaBond Government Bond Yield Curve,0,1.0,https://yield.chinabond.com.cn/cbweb-czb-web/czb/historyQuery,2026-08-09T11:34:01.034821+00:00
2012-08-28,2.69,chinabond_official,1001.CB,ChinaBond Government Bond Yield Curve,0,1.0,https://yield.chinabond.com.cn/cbweb-czb-web/czb/historyQuery,2026-08-09T11:34:01.034821+00:00
2012-08-29,2.7,chinabond_official,1001.CB,ChinaBond Government Bond Yield Curve,0,1.0,https://yield.chinabond.com.cn/cbweb-czb-web/czb/historyQuery,2026-08-09T11:34:01.034821+00:00
2012-08-30,2.69,chinabond_official,1001.CB,ChinaBond Government Bond Yield Curve,0,1.0,https://yield.chinabond.com.cn/cbweb-czb-web/czb/historyQuery,2026-08-09T11:34:01.034821+00:00
2012-08-31,2.68,chinabond_official,1001.CB,ChinaBond Government Bond Yield Curve,0,1.0,https://yield.chinabond.com.cn/cbweb-czb-web/czb/historyQuery,2026-08-09T11:34:01.034821+00:00
2012-09-03,2.68,chinabond_official,1001.CB,ChinaBond Government Bond Yield Curve,0,1.0,https://yield.chinabond.com.cn/cbweb-czb-web/czb/historyQuery,2026-08-09T11:34:01.034821+00:00
2012-09-04,2.63,chinabond_official,1001.CB,ChinaBond Government Bond Yield Curve,0,1.0,https://yield.chinabond.com.cn/cbweb-czb-web/czb/historyQuery,2026-08-09T11:34:01.034821+00:00
2012-09-05,2.63,chinabond_official,1001.CB,ChinaBond Government Bond Yield Curve,0,1.0,https://yield.chinabond.com.cn/cbweb-czb-web/czb/historyQuery,2026-08-09T11:34:01.034821+00:00
2012-09-06,2.62,chinabond_official,1001.CB,ChinaBond Government Bond Yield Curve,0,1.0,https://yield.chinabond.com.cn/cbweb-czb-web/czb/historyQuery,2026-08-09T11:34:01.034821+00:00
2012-09-07,2.64,chinabond_official,1001.CB,ChinaBond Government Bond Yield Curve,0,1.0,https://yield.chinabond.com.cn/cbweb-czb-web/czb/historyQuery,2026-08-09T11:34:01.034821+00:00
2012-09-10,2.65,chinabond_official,1001.CB,ChinaBond Government Bond Yield Curve,0,1.0,https://yield.chinabond.com.cn/cbweb-czb-web/czb/historyQuery,2026-08-09T11:34:01.034821+00:00
2012-09-11,2.66,chinabond_official,1001.CB,ChinaBond Government Bond Yield Curve,0,1.0,https://yield.chinabond.com.cn/cbweb-czb-web/czb/historyQuery,2026-08-09T11:34:01.034821+00:00
2012-09-12,2.7,chinabond_official,1001.CB,ChinaBond Government Bond Yield Curve,0,1.0,https://yield.chinabond.com.cn/cbweb-czb-web/czb/historyQuery,2026-08-09T11:34:01.034821+00:00
2012-09-13,2.74,chinabond_official,1001.CB,ChinaBond Government Bond Yield Curve,0,1.0,https://yield.chinabond.com.cn/cbweb-czb-web/czb/historyQuery,2026-08-09T11:34:01.034821+00:00
2012-09-14,2.8,chinabond_official,1001.CB,ChinaBond Government Bond Yield Curve,0,1.0,https://yield.chinabond.com.cn/cbweb-czb-web/czb/historyQuery,2026-08-09T11:34:01.034821+00:00
2012-09-17,2.8,chinabond_official,1001.CB,ChinaBond Government Bond Yield Curve,0,1.0,https://yield.chinabond.com.cn/cbweb-czb-web/czb/historyQuery,2026-08-09T11:34:01.034821+00:00
2012-09-18,2.8,chinabond_official,1001.CB,ChinaBond Government Bond Yield Curve,0,1.0,https://yield.chinabond.com.cn/cbweb-czb-web/czb/historyQuery,2026-08-09T11:34:01.034821+00:00
2012-09-19,2.8,chinabond_official,1001.CB,ChinaBond Government Bond Yield Curve,0,1.0,https://yield.chinabond.com.cn/cbweb-czb-web/czb/historyQuery,2026-08-09T11:34:01.034821+00:00
2012-09-20,2.83,chinabond_official,1001.CB,ChinaBond Government Bond Yield Curve,0,1.0,https://yield.chinabond.com.cn/cbweb-czb-web/czb/historyQuery,2026-08-09T11:34:01.034821+00:00
2012-09-21,2.84,chinabond_official,1001.CB,ChinaBond Government Bond Yield Curve,0,1.0,https://yield.chinabond.com.cn/cbweb-czb-web/czb/historyQuery,2026-08-09T11:34:01.034821+00:00
2012-09-24,2.84,chinabond_official,1001.CB,ChinaBond Government Bond Yield Curve,0,1.0,https://yield.chinabond.com.cn/cbweb-czb-web/czb/historyQuery,2026-08-09T11:34:01.034821+00:00
2012-09-25,2.85,chinabond_official,1001.CB,ChinaBond Government Bond Yield Curve,0,1.0,https://yield.chinabond.com.cn/cbweb-czb-web/czb/historyQuery,2026-08-09T11:34:01.034821+00:00
2012-09-26,2.83,chinabond_official,1001.CB,ChinaBond Government Bond Yield Curve,0,1.0,https://yield.chinabond.com.cn/cbweb-czb-web/czb/historyQuery,2026-08-09T11:34:01.034821+00:00
2012-09-27,2.81,chinabond_official,1001.CB,ChinaBond Government Bond Yield Curve,0,1.0,https://yield.chinabond.com.cn/cbweb-czb-web/czb/historyQuery,2026-08-09T11:34:01.034821+00:00
2012-09-28,2.79,chinabond_official,1001.CB,ChinaBond Government Bond Yield Curve,0,1.0,https://yield.chinabond.com.cn/cbweb-czb-web/czb/historyQuery,2026-08-09T11:34:01.034821+00:00
2012-09-29,2.79,chinabond_official,1001.CB,ChinaBond Government Bond Yield Curve,0,1.0,https://yield.chinabond.com.cn/cbweb-czb-web/czb/historyQuery,2026-08-09T11:34:01.034821+00:00
2012-10-08,2.78,chinabond_official,1001.CB,ChinaBond Government Bond Yield Curve,0,1.0,https://yield.chinabond.com.cn/cbweb-czb-web/czb/historyQuery,2026-08-09T11:34:01.034821+00:00
2012-10-09,2.78,chinabond_official,1001.CB,ChinaBond Government Bond Yield Curve,0,1.0,https://yield.chinabond.com.cn/cbweb-czb-web/czb/historyQuery,2026-08-09T11:34:01.034821+00:00
2012-10-10,2.76,chinabond_official,1001.CB,ChinaBond Government Bond Yield Curve,0,1.0,https://yield.chinabond.com.cn/cbweb-czb-web/czb/historyQuery,2026-08-09T11:34:01.034821+00:00
2012-10-11,2.76,chinabond_official,1001.CB,ChinaBond Government Bond Yield Curve,0,1.0,https://yield.chinabond.com.cn/cbweb-czb-web/czb/historyQuery,2026-08-09T11:34:01.034821+00:00
2012-10-12,2.75,chinabond_official,1001.CB,ChinaBond Government Bond Yield Curve,0,1.0,https://yield.chinabond.com.cn/cbweb-czb-web/czb/historyQuery,2026-08-09T11:34:01.034821+00:00
2012-10-15,2.75,chinabond_official,1001.CB,ChinaBond Government Bond Yield Curve,0,1.0,https://yield.chinabond.com.cn/cbweb-czb-web/czb/historyQuery,2026-08-09T11:34:01.034821+00:00
2012-10-16,2.76,chinabond_official,1001.CB,ChinaBond Government Bond Yield Curve,0,1.0,https://yield.chinabond.com.cn/cbweb-czb-web/czb/historyQuery,2026-08-09T11:34:01.034821+00:00
2012-10-17,2.84,chinabond_official,1001.CB,ChinaBond Government Bond Yield Curve,0,1.0,https://yield.chinabond.com.cn/cbweb-czb-web/czb/historyQuery,2026-08-09T11:34:01.034821+00:00
2012-10-18,2.9,chinabond_official,1001.CB,ChinaBond Government Bond Yield Curve,0,1.0,https://yield.chinabond.com.cn/cbweb-czb-web/czb/historyQuery,2026-08-09T11:34:01.034821+00:00
2012-10-19,2.92,chinabond_official,1001.CB,ChinaBond Government Bond Yield Curve,0,1.0,https://yield.chinabond.com.cn/cbweb-czb-web/czb/historyQuery,2026-08-09T11:34:01.034821+00:00
2012-10-22,2.91,chinabond_official,1001.CB,ChinaBond Government Bond Yield Curve,0,1.0,https://yield.chinabond.com.cn/cbweb-czb-web/czb/historyQuery,2026-08-09T11:34:01.034821+00:00
2012-10-23,2.91,chinabond_official,1001.CB,ChinaBond Government Bond Yield Curve,0,1.0,https://yield.chinabond.com.cn/cbweb-czb-web/czb/historyQuery,2026-08-09T11:34:01.034821+00:00
2012-10-24,2.94,chinabond_official,1001.CB,ChinaBond Government Bond Yield Curve,0,1.0,https://yield.chinabond.com.cn/cbweb-czb-web/czb/historyQuery,2026-08-09T11:34:01.034821+00:00
2012-10-25,2.98,chinabond_official,1001.CB,ChinaBond Government Bond Yield Curve,0,1.0,https://yield.chinabond.com.cn/cbweb-czb-web/czb/historyQuery,2026-08-09T11:34:01.034821+00:00
2012-10-26,2.98,chinabond_official,1001.CB,ChinaBond Government Bond Yield Curve,0,1.0,https://yield.chinabond.com.cn/cbweb-czb-web/czb/historyQuery,2026-08-09T11:34:01.034821+00:00
2012-10-29,2.98,chinabond_official,1001.CB,ChinaBond Government Bond Yield Curve,0,1.0,https://yield.chinabond.com.cn/cbweb-czb-web/czb/historyQuery,2026-08-09T11:34:01.034821+00:00
2012-10-30,2.95,chinabond_official,1001.CB,ChinaBond Government Bond Yield Curve,0,1.0,https://yield.chinabond.com.cn/cbweb-czb-web/czb/historyQuery,2026-08-09T11:34:01.034821+00:00
2012-10-31,2.93,chinabond_official,1001.CB,ChinaBond Government Bond Yield Curve,0,1.0,https://yield.chinabond.com.cn/cbweb-czb-web/czb/historyQuery,2026-08-09T11:34:01.034821+00:00
2012-11-01,2.94,chinabond_official,1001.CB,ChinaBond Government Bond Yield Curve,0,1.0,https://yield.chinabond.com.cn/cbweb-czb-web/czb/historyQuery,2026-08-09T11:34:01.034821+00:00
2012-11-02,2.96,chinabond_official,1001.CB,ChinaBond Government Bond Yield Curve,0,1.0,https://yield.chinabond.com.cn/cbweb-czb-web/czb/historyQuery,2026-08-09T11:34:01.034821+00:00
2012-11-05,2.95,chinabond_official,1001.CB,ChinaBond Government Bond Yield Curve,0,1.0,https://yield.chinabond.com.cn/cbweb-czb-web/czb/historyQuery,2026-08-09T11:34:01.034821+00:00
2012-11-06,2.94,chinabond_official,1001.CB,ChinaBond Government Bond Yield Curve,0,1.0,https://yield.chinabond.com.cn/cbweb-czb-web/czb/historyQuery,2026-08-09T11:34:01.034821+00:00
2012-11-07,2.93,chinabond_official,1001.CB,ChinaBond Government Bond Yield Curve,0,1.0,https://yield.chinabond.com.cn/cbweb-czb-web/czb/historyQuery,2026-08-09T11:34:01.034821+00:00
2012-11-08,2.94,chinabond_official,1001.CB,ChinaBond Government Bond Yield Curve,0,1.0,https://yield.chinabond.com.cn/cbweb-czb-web/czb/historyQuery,2026-08-09T11:34:01.034821+00:00
2012-11-09,2.94,chinabond_official,1001.CB,ChinaBond Government Bond Yield Curve,0,1.0,https://yield.chinabond.com.cn/cbweb-czb-web/czb/historyQuery,2026-08-09T11:34:01.034821+00:00
2012-11-12,2.94,chinabond_official,1001.CB,ChinaBond Government Bond Yield Curve,0,1.0,https://yield.chinabond.com.cn/cbweb-czb-web/czb/historyQuery,2026-08-09T11:34:01.034821+00:00
2012-11-13,2.92,chinabond_official,1001.CB,ChinaBond Government Bond Yield Curve,0,1.0,https://yield.chinabond.com.cn/cbweb-czb-web/czb/historyQuery,2026-08-09T11:34:01.034821+00:00
2012-11-14,2.92,chinabond_official,1001.CB,ChinaBond Government Bond Yield Curve,0,1.0,https://yield.chinabond.com.cn/cbweb-czb-web/czb/historyQuery,2026-08-09T11:34:01.034821+00:00
2012-11-15,2.92,chinabond_official,1001.CB,ChinaBond Government Bond Yield Curve,0,1.0,https://yield.chinabond.com.cn/cbweb-czb-web/czb/historyQuery,2026-08-09T11:34:01.034821+00:00
2012-11-16,2.89,chinabond_official,1001.CB,ChinaBond Government Bond Yield Curve,0,1.0,https://yield.chinabond.com.cn/cbweb-czb-web/czb/historyQuery,2026-08-09T11:34:01.034821+00:00
2012-11-19,2.86,chinabond_official,1001.CB,ChinaBond Government Bond Yield Curve,0,1.0,https://yield.chinabond.com.cn/cbweb-czb-web/czb/historyQuery,2026-08-09T11:34:01.034821+00:00
2012-11-20,2.83,chinabond_official,1001.CB,ChinaBond Government Bond Yield Curve,0,1.0,https://yield.chinabond.com.cn/cbweb-czb-web/czb/historyQuery,2026-08-09T11:34:01.034821+00:00
2012-11-21,2.81,chinabond_official,1001.CB,ChinaBond Government Bond Yield Curve,0,1.0,https://yield.chinabond.com.cn/cbweb-czb-web/czb/historyQuery,2026-08-09T11:34:01.034821+00:00
2012-11-22,2.82,chinabond_official,1001.CB,ChinaBond Government Bond Yield Curve,0,1.0,https://yield.chinabond.com.cn/cbweb-czb-web/czb/historyQuery,2026-08-09T11:34:01.034821+00:00
2012-11-23,2.82,chinabond_official,1001.CB,ChinaBond Government Bond Yield Curve,0,1.0,https://yield.chinabond.com.cn/cbweb-czb-web/czb/historyQuery,2026-08-09T11:34:01.034821+00:00
2012-11-26,2.84,chinabond_official,1001.CB,ChinaBond Government Bond Yield Curve,0,1.0,https://yield.chinabond.com.cn/cbweb-czb-web/czb/historyQuery,2026-08-09T11:34:01.034821+00:00
2012-11-27,2.84,chinabond_official,1001.CB,ChinaBond Government Bond Yield Curve,0,1.0,https://yield.chinabond.com.cn/cbweb-czb-web/czb/historyQuery,2026-08-09T11:34:01.034821+00:00
2012-11-28,2.83,chinabond_official,1001.CB,ChinaBond Government Bond Yield Curve,0,1.0,https://yield.chinabond.com.cn/cbweb-czb-web/czb/historyQuery,2026-08-09T11:34:01.034821+00:00
2012-11-29,2.87,chinabond_official,1001.CB,ChinaBond Government Bond Yield Curve,0,1.0,https://yield.chinabond.com.cn/cbweb-czb-web/czb/historyQuery,2026-08-09T11:34:01.034821+00:00
2012-11-30,2.88,chinabond_official,1001.CB,ChinaBond Government Bond Yield Curve,0,1.0,https://yield.chinabond.com.cn/cbweb-czb-web/czb/historyQuery,2026-08-09T11:34:01.034821+00:00
2012-12-03,2.87,chinabond_official,1001.CB,ChinaBond Government Bond Yield Curve,0,1.0,https://yield.chinabond.com.cn/cbweb-czb-web/czb/historyQuery,2026-08-09T11:34:01.034821+00:00
2012-12-04,2.88,chinabond_official,1001.CB,ChinaBond Government Bond Yield Curve,0,1.0,https://yield.chinabond.com.cn/cbweb-czb-web/czb/historyQuery,2026-08-09T11:34:01.034821+00:00
2012-12-05,2.91,chinabond_official,1001.CB,ChinaBond Government Bond Yield Curve,0,1.0,https://yield.chinabond.com.cn/cbweb-czb-web/czb/historyQuery,2026-08-09T11:34:01.034821+00:00
2012-12-06,2.9,chinabond_official,1001.CB,ChinaBond Government Bond Yield Curve,0,1.0,https://yield.chinabond.com.cn/cbweb-czb-web/czb/historyQuery,2026-08-09T11:34:01.034821+00:00
2012-12-07,2.9,chinabond_official,1001.CB,ChinaBond Government Bond Yield Curve,0,1.0,https://yield.chinabond.com.cn/cbweb-czb-web/czb/historyQuery,2026-08-09T11:34:01.034821+00:00
2012-12-10,2.9,chinabond_official,1001.CB,ChinaBond Government Bond Yield Curve,0,1.0,https://yield.chinabond.com.cn/cbweb-czb-web/czb/historyQuery,2026-08-09T11:34:01.034821+00:00
2012-12-11,2.9,chinabond_official,1001.CB,ChinaBond Government Bond Yield Curve,0,1.0,https://yield.chinabond.com.cn/cbweb-czb-web/czb/historyQuery,2026-08-09T11:34:01.034821+00:00
2012-12-12,2.91,chinabond_official,1001.CB,ChinaBond Government Bond Yield Curve,0,1.0,https://yield.chinabond.com.cn/cbweb-czb-web/czb/historyQuery,2026-08-09T11:34:01.034821+00:00
2012-12-13,2.9,chinabond_official,1001.CB,ChinaBond Government Bond Yield Curve,0,1.0,https://yield.chinabond.com.cn/cbweb-czb-web/czb/historyQuery,2026-08-09T11:34:01.034821+00:00
2012-12-14,2.89,chinabond_official,1001.CB,ChinaBond Government Bond Yield Curve,0,1.0,https://yield.chinabond.com.cn/cbweb-czb-web/czb/historyQuery,2026-08-09T11:34:01.034821+00:00
2012-12-17,2.89,chinabond_official,1001.CB,ChinaBond Government Bond Yield Curve,0,1.0,https://yield.chinabond.com.cn/cbweb-czb-web/czb/historyQuery,2026-08-09T11:34:01.034821+00:00
2012-12-18,2.91,chinabond_official,1001.CB,ChinaBond Government Bond Yield Curve,0,1.0,https://yield.chinabond.com.cn/cbweb-czb-web/czb/historyQuery,2026-08-09T11:34:01.034821+00:00
2012-12-19,2.91,chinabond_official,1001.CB,ChinaBond Government Bond Yield Curve,0,1.0,https://yield.chinabond.com.cn/cbweb-czb-web/czb/historyQuery,2026-08-09T11:34:01.034821+00:00
2012-12-20,2.91,chinabond_official,1001.CB,ChinaBond Government Bond Yield Curve,0,1.0,https://yield.chinabond.com.cn/cbweb-czb-web/czb/historyQuery,2026-08-09T11:34:01.034821+00:00
2012-12-21,2.92,chinabond_official,1001.CB,ChinaBond Government Bond Yield Curve,0,1.0,https://yield.chinabond.com.cn/cbweb-czb-web/czb/historyQuery,2026-08-09T11:34:01.034821+00:00
2012-12-24,2.94,chinabond_official,1001.CB,ChinaBond Government Bond Yield Curve,0,1.0,https://yield.chinabond.com.cn/cbweb-czb-web/czb/historyQuery,2026-08-09T11:34:01.034821+00:00
2012-12-25,2.92,chinabond_official,1001.CB,ChinaBond Government Bond Yield Curve,0,1.0,https://yield.chinabond.com.cn/cbweb-czb-web/czb/historyQuery,2026-08-09T11:34:01.034821+00:00
2012-12-26,2.93,chinabond_official,1001.CB,ChinaBond Government Bond Yield Curve,0,1.0,https://yield.chinabond.com.cn/cbweb-czb-web/czb/historyQuery,2026-08-09T11:34:01.034821+00:00
2012-12-27,2.91,chinabond_official,1001.CB,ChinaBond Government Bond Yield Curve,0,1.0,https://yield.chinabond.com.cn/cbweb-czb-web/czb/historyQuery,2026-08-09T11:34:01.034821+00:00
2012-12-28,2.9,chinabond_official,1001.CB,ChinaBond Government Bond Yield Curve,0,1.0,https://yield.chinabond.com.cn/cbweb-czb-web/czb/historyQuery,2026-08-09T11:34:01.034821+00:00
2012-12-31,2.91,chinabond_official,1001.CB,ChinaBond Government Bond Yield Curve,0,1.0,https://yield.chinabond.com.cn/cbweb-czb-web/czb/historyQuery,2026-08-09T11:34:01.034821+00:00
2013-01-04,2.92,chinabond_official,1001.CB,ChinaBond Government Bond Yield Curve,0,1.0,https://yield.chinabond.com.cn/cbweb-czb-web/czb/historyQuery,2026-08-09T11:34:01.034821+00:00
2013-01-05,2.88,chinabond_official,1001.CB,ChinaBond Government Bond Yield Curve,0,1.0,https://yield.chinabond.com.cn/cbweb-czb-web/czb/historyQuery,2026-08-09T11:34:01.034821+00:00
2013-01-06,2.87,chinabond_official,1001.CB,ChinaBond Government Bond Yield Curve,0,1.0,https://yield.chinabond.com.cn/cbweb-czb-web/czb/historyQuery,2026-08-09T11:34:01.034821+00:00
2013-01-07,2.87,chinabond_official,1001.CB,ChinaBond Government Bond Yield Curve,0,1.0,https://yield.chinabond.com.cn/cbweb-czb-web/czb/historyQuery,2026-08-09T11:34:01.034821+00:00
2013-01-08,2.85,chinabond_official,1001.CB,ChinaBond Government Bond Yield Curve,0,1.0,https://yield.chinabond.com.cn/cbweb-czb-web/czb/historyQuery,2026-08-09T11:34:01.034821+00:00
2013-01-09,2.83,chinabond_official,1001.CB,ChinaBond Government Bond Yield Curve,0,1.0,https://yield.chinabond.com.cn/cbweb-czb-web/czb/historyQuery,2026-08-09T11:34:01.034821+00:00
2013-01-10,2.85,chinabond_official,1001.CB,ChinaBond Government Bond Yield Curve,0,1.0,https://yield.chinabond.com.cn/cbweb-czb-web/czb/historyQuery,2026-08-09T11:34:01.034821+00:00
2013-01-11,2.86,chinabond_official,1001.CB,ChinaBond Government Bond Yield Curve,0,1.0,https://yield.chinabond.com.cn/cbweb-czb-web/czb/historyQuery,2026-08-09T11:34:01.034821+00:00
2013-01-14,2.84,chinabond_official,1001.CB,ChinaBond Government Bond Yield Curve,0,1.0,https://yield.chinabond.com.cn/cbweb-czb-web/czb/historyQuery,2026-08-09T11:34:01.034821+00:00
2013-01-15,2.8,chinabond_official,1001.CB,ChinaBond Government Bond Yield Curve,0,1.0,https://yield.chinabond.com.cn/cbweb-czb-web/czb/historyQuery,2026-08-09T11:34:01.034821+00:00
2013-01-16,2.81,chinabond_official,1001.CB,ChinaBond Government Bond Yield Curve,0,1.0,https://yield.chinabond.com.cn/cbweb-czb-web/czb/historyQuery,2026-08-09T11:34:01.034821+00:00
2013-01-17,2.81,chinabond_official,1001.CB,ChinaBond Government Bond Yield Curve,0,1.0,https://yield.chinabond.com.cn/cbweb-czb-web/czb/historyQuery,2026-08-09T11:34:01.034821+00:00
2013-01-18,2.78,chinabond_official,1001.CB,ChinaBond Government Bond Yield Curve,0,1.0,https://yield.chinabond.com.cn/cbweb-czb-web/czb/historyQuery,2026-08-09T11:34:01.034821+00:00
2013-01-21,2.8,chinabond_official,1001.CB,ChinaBond Government Bond Yield Curve,0,1.0,https://yield.chinabond.com.cn/cbweb-czb-web/czb/historyQuery,2026-08-09T11:34:01.034821+00:00
2013-01-22,2.79,chinabond_official,1001.CB,ChinaBond Government Bond Yield Curve,0,1.0,https://yield.chinabond.com.cn/cbweb-czb-web/czb/historyQuery,2026-08-09T11:34:01.034821+00:00
2013-01-23,2.84,chinabond_official,1001.CB,ChinaBond Government Bond Yield Curve,0,1.0,https://yield.chinabond.com.cn/cbweb-czb-web/czb/historyQuery,2026-08-09T11:34:01.034821+00:00
2013-01-24,2.84,chinabond_official,1001.CB,ChinaBond Government Bond Yield Curve,0,1.0,https://yield.chinabond.com.cn/cbweb-czb-web/czb/historyQuery,2026-08-09T11:34:01.034821+00:00
2013-01-25,2.83,chinabond_official,1001.CB,ChinaBond Government Bond Yield Curve,0,1.0,https://yield.chinabond.com.cn/cbweb-czb-web/czb/historyQuery,2026-08-09T11:34:01.034821+00:00
2013-01-28,2.85,chinabond_official,1001.CB,ChinaBond Government Bond Yield Curve,0,1.0,https://yield.chinabond.com.cn/cbweb-czb-web/czb/historyQuery,2026-08-09T11:34:01.034821+00:00
2013-01-29,2.82,chinabond_official,1001.CB,ChinaBond Government Bond Yield Curve,0,1.0,https://yield.chinabond.com.cn/cbweb-czb-web/czb/historyQuery,2026-08-09T11:34:01.034821+00:00
2013-01-30,2.81,chinabond_official,1001.CB,ChinaBond Government Bond Yield Curve,0,1.0,https://yield.chinabond.com.cn/cbweb-czb-web/czb/historyQuery,2026-08-09T11:34:01.034821+00:00
2013-01-31,2.8,chinabond_official,1001.CB,ChinaBond Government Bond Yield Curve,0,1.0,https://yield.chinabond.com.cn/cbweb-czb-web/czb/historyQuery,2026-08-09T11:34:01.034821+00:00
2013-02-01,2.81,chinabond_official,1001.CB,ChinaBond Government Bond Yield Curve,0,1.0,https://yield.chinabond.com.cn/cbweb-czb-web/czb/historyQuery,2026-08-09T11:34:01.034821+00:00
2013-02-04,2.78,chinabond_official,1001.CB,ChinaBond Government Bond Yield Curve,0,1.0,https://yield.chinabond.com.cn/cbweb-czb-web/czb/historyQuery,2026-08-09T11:34:01.034821+00:00
2013-02-05,2.77,chinabond_official,1001.CB,ChinaBond Government Bond Yield Curve,0,1.0,https://yield.chinabond.com.cn/cbweb-czb-web/czb/historyQuery,2026-08-09T11:34:01.034821+00:00
2013-02-06,2.79,chinabond_official,1001.CB,ChinaBond Government Bond Yield Curve,0,1.0,https://yield.chinabond.com.cn/cbweb-czb-web/czb/historyQuery,2026-08-09T11:34:01.034821+00:00
2013-02-07,2.79,chinabond_official,1001.CB,ChinaBond Government Bond Yield Curve,0,1.0,https://yield.chinabond.com.cn/cbweb-czb-web/czb/historyQuery,2026-08-09T11:34:01.034821+00:00
2013-02-08,2.77,chinabond_official,1001.CB,ChinaBond Government Bond Yield Curve,0,1.0,https://yield.chinabond.com.cn/cbweb-czb-web/czb/historyQuery,2026-08-09T11:34:01.034821+00:00
2013-02-16,2.72,chinabond_official,1001.CB,ChinaBond Government Bond Yield Curve,0,1.0,https://yield.chinabond.com.cn/cbweb-czb-web/czb/historyQuery,2026-08-09T11:34:01.034821+00:00
2013-02-17,2.71,chinabond_official,1001.CB,ChinaBond Government Bond Yield Curve,0,1.0,https://yield.chinabond.com.cn/cbweb-czb-web/czb/historyQuery,2026-08-09T11:34:01.034821+00:00
2013-02-18,2.72,chinabond_official,1001.CB,ChinaBond Government Bond Yield Curve,0,1.0,https://yield.chinabond.com.cn/cbweb-czb-web/czb/historyQuery,2026-08-09T11:34:01.034821+00:00
2013-02-19,2.71,chinabond_official,1001.CB,ChinaBond Government Bond Yield Curve,0,1.0,https://yield.chinabond.com.cn/cbweb-czb-web/czb/historyQuery,2026-08-09T11:34:01.034821+00:00
2013-02-20,2.69,chinabond_official,1001.CB,ChinaBond Government Bond Yield Curve,0,1.0,https://yield.chinabond.com.cn/cbweb-czb-web/czb/historyQuery,2026-08-09T11:34:01.034821+00:00
2013-02-21,2.71,chinabond_official,1001.CB,ChinaBond Government Bond Yield Curve,0,1.0,https://yield.chinabond.com.cn/cbweb-czb-web/czb/historyQuery,2026-08-09T11:34:01.034821+00:00
2013-02-22,2.71,chinabond_official,1001.CB,ChinaBond Government Bond Yield Curve,0,1.0,https://yield.chinabond.com.cn/cbweb-czb-web/czb/historyQuery,2026-08-09T11:34:01.034821+00:00
2013-02-25,2.72,chinabond_official,1001.CB,ChinaBond Government Bond Yield Curve,0,1.0,https://yield.chinabond.com.cn/cbweb-czb-web/czb/historyQuery,2026-08-09T11:34:01.034821+00:00
2013-02-26,2.79,chinabond_official,1001.CB,ChinaBond Government Bond Yield Curve,0,1.0,https://yield.chinabond.com.cn/cbweb-czb-web/czb/historyQuery,2026-08-09T11:34:01.034821+00:00
2013-02-27,2.75,chinabond_official,1001.CB,ChinaBond Government Bond Yield Curve,0,1.0,https://yield.chinabond.com.cn/cbweb-czb-web/czb/historyQuery,2026-08-09T11:34:01.034821+00:00
2013-02-28,2.76,chinabond_official,1001.CB,ChinaBond Government Bond Yield Curve,0,1.0,https://yield.chinabond.com.cn/cbweb-czb-web/czb/historyQuery,2026-08-09T11:34:01.034821+00:00
2013-03-01,2.77,chinabond_official,1001.CB,ChinaBond Government Bond Yield Curve,0,1.0,https://yield.chinabond.com.cn/cbweb-czb-web/czb/historyQuery,2026-08-09T11:34:01.034821+00:00
2013-03-04,2.77,chinabond_official,1001.CB,ChinaBond Government Bond Yield Curve,0,1.0,https://yield.chinabond.com.cn/cbweb-czb-web/czb/historyQuery,2026-08-09T11:34:01.034821+00:00
2013-03-05,2.77,chinabond_official,1001.CB,ChinaBond Government Bond Yield Curve,0,1.0,https://yield.chinabond.com.cn/cbweb-czb-web/czb/historyQuery,2026-08-09T11:34:01.034821+00:00
2013-03-06,2.76,chinabond_official,1001.CB,ChinaBond Government Bond Yield Curve,0,1.0,https://yield.chinabond.com.cn/cbweb-czb-web/czb/historyQuery,2026-08-09T11:34:01.034821+00:00
2013-03-07,2.76,chinabond_official,1001.CB,ChinaBond Government Bond Yield Curve,0,1.0,https://yield.chinabond.com.cn/cbweb-czb-web/czb/historyQuery,2026-08-09T11:34:01.034821+00:00
2013-03-08,2.77,chinabond_official,1001.CB,ChinaBond Government Bond Yield Curve,0,1.0,https://yield.chinabond.com.cn/cbweb-czb-web/czb/historyQuery,2026-08-09T11:34:01.034821+00:00
2013-03-11,2.77,chinabond_official,1001.CB,ChinaBond Government Bond Yield Curve,0,1.0,https://yield.chinabond.com.cn/cbweb-czb-web/czb/historyQuery,2026-08-09T11:34:01.034821+00:00
2013-03-12,2.77,chinabond_official,1001.CB,ChinaBond Government Bond Yield Curve,0,1.0,https://yield.chinabond.com.cn/cbweb-czb-web/czb/historyQuery,2026-08-09T11:34:01.034821+00:00
2013-03-13,2.77,chinabond_official,1001.CB,ChinaBond Government Bond Yield Curve,0,1.0,https://yield.chinabond.com.cn/cbweb-czb-web/czb/historyQuery,2026-08-09T11:34:01.034821+00:00
2013-03-14,2.77,chinabond_official,1001.CB,ChinaBond Government Bond Yield Curve,0,1.0,https://yield.chinabond.com.cn/cbweb-czb-web/czb/historyQuery,2026-08-09T11:34:01.034821+00:00
2013-03-15,2.75,chinabond_official,1001.CB,ChinaBond Government Bond Yield Curve,0,1.0,https://yield.chinabond.com.cn/cbweb-czb-web/czb/historyQuery,2026-08-09T11:34:01.034821+00:00
2013-03-18,2.76,chinabond_official,1001.CB,ChinaBond Government Bond Yield Curve,0,1.0,https://yield.chinabond.com.cn/cbweb-czb-web/czb/historyQuery,2026-08-09T11:34:01.034821+00:00
2013-03-19,2.75,chinabond_official,1001.CB,ChinaBond Government Bond Yield Curve,0,1.0,https://yield.chinabond.com.cn/cbweb-czb-web/czb/historyQuery,2026-08-09T11:34:01.034821+00:00
2013-03-20,2.74,chinabond_official,1001.CB,ChinaBond Government Bond Yield Curve,0,1.0,https://yield.chinabond.com.cn/cbweb-czb-web/czb/historyQuery,2026-08-09T11:34:01.034821+00:00
2013-03-21,2.73,chinabond_official,1001.CB,ChinaBond Government Bond Yield Curve,0,1.0,https://yield.chinabond.com.cn/cbweb-czb-web/czb/historyQuery,2026-08-09T11:34:01.034821+00:00
2013-03-22,2.73,chinabond_official,1001.CB,ChinaBond Government Bond Yield Curve,0,1.0,https://yield.chinabond.com.cn/cbweb-czb-web/czb/historyQuery,2026-08-09T11:34:01.034821+00:00
2013-03-25,2.72,chinabond_official,1001.CB,ChinaBond Government Bond Yield Curve,0,1.0,https://yield.chinabond.com.cn/cbweb-czb-web/czb/historyQuery,2026-08-09T11:34:01.034821+00:00
2013-03-26,2.71,chinabond_official,1001.CB,ChinaBond Government Bond Yield Curve,0,1.0,https://yield.chinabond.com.cn/cbweb-czb-web/czb/historyQuery,2026-08-09T11:34:01.034821+00:00
2013-03-27,2.69,chinabond_official,1001.CB,ChinaBond Government Bond Yield Curve,0,1.0,https://yield.chinabond.com.cn/cbweb-czb-web/czb/historyQuery,2026-08-09T11:34:01.034821+00:00
2013-03-28,2.69,chinabond_official,1001.CB,ChinaBond Government Bond Yield Curve,0,1.0,https://yield.chinabond.com.cn/cbweb-czb-web/czb/historyQuery,2026-08-09T11:34:01.034821+00:00
2013-03-29,2.68,chinabond_official,1001.CB,ChinaBond Government Bond Yield Curve,0,1.0,https://yield.chinabond.com.cn/cbweb-czb-web/czb/historyQuery,2026-08-09T11:34:01.034821+00:00
2013-04-01,2.68,chinabond_official,1001.CB,ChinaBond Government Bond Yield Curve,0,1.0,https://yield.chinabond.com.cn/cbweb-czb-web/czb/historyQuery,2026-08-09T11:34:01.034821+00:00
2013-04-02,2.67,chinabond_official,1001.CB,ChinaBond Government Bond Yield Curve,0,1.0,https://yield.chinabond.com.cn/cbweb-czb-web/czb/historyQuery,2026-08-09T11:34:01.034821+00:00
2013-04-03,2.67,chinabond_official,1001.CB,ChinaBond Government Bond Yield Curve,0,1.0,https://yield.chinabond.com.cn/cbweb-czb-web/czb/historyQuery,2026-08-09T11:34:01.034821+00:00
2013-04-07,2.67,chinabond_official,1001.CB,ChinaBond Government Bond Yield Curve,0,1.0,https://yield.chinabond.com.cn/cbweb-czb-web/czb/historyQuery,2026-08-09T11:34:01.034821+00:00
2013-04-08,2.64,chinabond_official,1001.CB,ChinaBond Government Bond Yield Curve,0,1.0,https://yield.chinabond.com.cn/cbweb-czb-web/czb/historyQuery,2026-08-09T11:34:01.034821+00:00
2013-04-09,2.64,chinabond_official,1001.CB,ChinaBond Government Bond Yield Curve,0,1.0,https://yield.chinabond.com.cn/cbweb-czb-web/czb/historyQuery,2026-08-09T11:34:01.034821+00:00
2013-04-10,2.65,chinabond_official,1001.CB,ChinaBond Government Bond Yield Curve,0,1.0,https://yield.chinabond.com.cn/cbweb-czb-web/czb/historyQuery,2026-08-09T11:34:01.034821+00:00
2013-04-11,2.66,chinabond_official,1001.CB,ChinaBond Government Bond Yield Curve,0,1.0,https://yield.chinabond.com.cn/cbweb-czb-web/czb/historyQuery,2026-08-09T11:34:01.034821+00:00
2013-04-12,2.68,chinabond_official,1001.CB,ChinaBond Government Bond Yield Curve,0,1.0,https://yield.chinabond.com.cn/cbweb-czb-web/czb/historyQuery,2026-08-09T11:34:01.034821+00:00
2013-04-15,2.66,chinabond_official,1001.CB,ChinaBond Government Bond Yield Curve,0,1.0,https://yield.chinabond.com.cn/cbweb-czb-web/czb/historyQuery,2026-08-09T11:34:01.034821+00:00
2013-04-16,2.67,chinabond_official,1001.CB,ChinaBond Government Bond Yield Curve,0,1.0,https://yield.chinabond.com.cn/cbweb-czb-web/czb/historyQuery,2026-08-09T11:34:01.034821+00:00
2013-04-17,2.71,chinabond_official,1001.CB,ChinaBond Government Bond Yield Curve,0,1.0,https://yield.chinabond.com.cn/cbweb-czb-web/czb/historyQuery,2026-08-09T11:34:01.034821+00:00
2013-04-18,2.76,chinabond_official,1001.CB,ChinaBond Government Bond Yield Curve,0,1.0,https://yield.chinabond.com.cn/cbweb-czb-web/czb/historyQuery,2026-08-09T11:34:01.034821+00:00
2013-04-19,2.87,chinabond_official,1001.CB,ChinaBond Government Bond Yield Curve,0,1.0,https://yield.chinabond.com.cn/cbweb-czb-web/czb/historyQuery,2026-08-09T11:34:01.034821+00:00
2013-04-22,2.89,chinabond_official,1001.CB,ChinaBond Government Bond Yield Curve,0,1.0,https://yield.chinabond.com.cn/cbweb-czb-web/czb/historyQuery,2026-08-09T11:34:01.034821+00:00
2013-04-23,2.85,chinabond_official,1001.CB,ChinaBond Government Bond Yield Curve,0,1.0,https://yield.chinabond.com.cn/cbweb-czb-web/czb/historyQuery,2026-08-09T11:34:01.034821+00:00
2013-04-24,2.82,chinabond_official,1001.CB,ChinaBond Government Bond Yield Curve,0,1.0,https://yield.chinabond.com.cn/cbweb-czb-web/czb/historyQuery,2026-08-09T11:34:01.034821+00:00
2013-04-25,2.83,chinabond_official,1001.CB,ChinaBond Government Bond Yield Curve,0,1.0,https://yield.chinabond.com.cn/cbweb-czb-web/czb/historyQuery,2026-08-09T11:34:01.034821+00:00
2013-04-26,2.82,chinabond_official,1001.CB,ChinaBond Government Bond Yield Curve,0,1.0,https://yield.chinabond.com.cn/cbweb-czb-web/czb/historyQuery,2026-08-09T11:34:01.034821+00:00
2013-04-27,2.79,chinabond_official,1001.CB,ChinaBond Government Bond Yield Curve,0,1.0,https://yield.chinabond.com.cn/cbweb-czb-web/czb/historyQuery,2026-08-09T11:34:01.034821+00:00
2013-04-28,2.78,chinabond_official,1001.CB,ChinaBond Government Bond Yield Curve,0,1.0,https://yield.chinabond.com.cn/cbweb-czb-web/czb/historyQuery,2026-08-09T11:34:01.034821+00:00
2013-05-02,2.78,chinabond_official,1001.CB,ChinaBond Government Bond Yield Curve,0,1.0,https://yield.chinabond.com.cn/cbweb-czb-web/czb/historyQuery,2026-08-09T11:34:01.034821+00:00
2013-05-03,2.78,chinabond_official,1001.CB,ChinaBond Government Bond Yield Curve,0,1.0,https://yield.chinabond.com.cn/cbweb-czb-web/czb/historyQuery,2026-08-09T11:34:01.034821+00:00
2013-05-06,2.8,chinabond_official,1001.CB,ChinaBond Government Bond Yield Curve,0,1.0,https://yield.chinabond.com.cn/cbweb-czb-web/czb/historyQuery,2026-08-09T11:34:01.034821+00:00
2013-05-07,2.81,chinabond_official,1001.CB,ChinaBond Government Bond Yield Curve,0,1.0,https://yield.chinabond.com.cn/cbweb-czb-web/czb/historyQuery,2026-08-09T11:34:01.034821+00:00
2013-05-08,2.83,chinabond_official,1001.CB,ChinaBond Government Bond Yield Curve,0,1.0,https://yield.chinabond.com.cn/cbweb-czb-web/czb/historyQuery,2026-08-09T11:34:01.034821+00:00
2013-05-09,2.83,chinabond_official,1001.CB,ChinaBond Government Bond Yield Curve,0,1.0,https://yield.chinabond.com.cn/cbweb-czb-web/czb/historyQuery,2026-08-09T11:34:01.034821+00:00
2013-05-10,2.83,chinabond_official,1001.CB,ChinaBond Government Bond Yield Curve,0,1.0,https://yield.chinabond.com.cn/cbweb-czb-web/czb/historyQuery,2026-08-09T11:34:01.034821+00:00
2013-05-13,2.84,chinabond_official,1001.CB,ChinaBond Government Bond Yield Curve,0,1.0,https://yield.chinabond.com.cn/cbweb-czb-web/czb/historyQuery,2026-08-09T11:34:01.034821+00:00
2013-05-14,2.84,chinabond_official,1001.CB,ChinaBond Government Bond Yield Curve,0,1.0,https://yield.chinabond.com.cn/cbweb-czb-web/czb/historyQuery,2026-08-09T11:34:01.034821+00:00
2013-05-15,2.83,chinabond_official,1001.CB,ChinaBond Government Bond Yield Curve,0,1.0,https://yield.chinabond.com.cn/cbweb-czb-web/czb/historyQuery,2026-08-09T11:34:01.034821+00:00
2013-05-16,2.85,chinabond_official,1001.CB,ChinaBond Government Bond Yield Curve,0,1.0,https://yield.chinabond.com.cn/cbweb-czb-web/czb/historyQuery,2026-08-09T11:34:01.034821+00:00
2013-05-17,2.86,chinabond_official,1001.CB,ChinaBond Government Bond Yield Curve,0,1.0,https://yield.chinabond.com.cn/cbweb-czb-web/czb/historyQuery,2026-08-09T11:34:01.034821+00:00
2013-05-20,2.87,chinabond_official,1001.CB,ChinaBond Government Bond Yield Curve,0,1.0,https://yield.chinabond.com.cn/cbweb-czb-web/czb/historyQuery,2026-08-09T11:34:01.034821+00:00
2013-05-21,2.88,chinabond_official,1001.CB,ChinaBond Government Bond Yield Curve,0,1.0,https://yield.chinabond.com.cn/cbweb-czb-web/czb/historyQuery,2026-08-09T11:34:01.034821+00:00
2013-05-22,2.87,chinabond_official,1001.CB,ChinaBond Government Bond Yield Curve,0,1.0,https://yield.chinabond.com.cn/cbweb-czb-web/czb/historyQuery,2026-08-09T11:34:01.034821+00:00
2013-05-23,2.86,chinabond_official,1001.CB,ChinaBond Government Bond Yield Curve,0,1.0,https://yield.chinabond.com.cn/cbweb-czb-web/czb/historyQuery,2026-08-09T11:34:01.034821+00:00
2013-05-24,2.87,chinabond_official,1001.CB,ChinaBond Government Bond Yield Curve,0,1.0,https://yield.chinabond.com.cn/cbweb-czb-web/czb/historyQuery,2026-08-09T11:34:01.034821+00:00
2013-05-27,2.87,chinabond_official,1001.CB,ChinaBond Government Bond Yield Curve,0,1.0,https://yield.chinabond.com.cn/cbweb-czb-web/czb/historyQuery,2026-08-09T11:34:01.034821+00:00
2013-05-28,2.86,chinabond_official,1001.CB,ChinaBond Government Bond Yield Curve,0,1.0,https://yield.chinabond.com.cn/cbweb-czb-web/czb/historyQuery,2026-08-09T11:34:01.034821+00:00
2013-05-29,2.86,chinabond_official,1001.CB,ChinaBond Government Bond Yield Curve,0,1.0,https://yield.chinabond.com.cn/cbweb-czb-web/czb/historyQuery,2026-08-09T11:34:01.034821+00:00
2013-05-30,2.86,chinabond_official,1001.CB,ChinaBond Government Bond Yield Curve,0,1.0,https://yield.chinabond.com.cn/cbweb-czb-web/czb/historyQuery,2026-08-09T11:34:01.034821+00:00
2013-05-31,2.87,chinabond_official,1001.CB,ChinaBond Government Bond Yield Curve,0,1.0,https://yield.chinabond.com.cn/cbweb-czb-web/czb/historyQuery,2026-08-09T11:34:01.034821+00:00
2013-06-03,2.87,chinabond_official,1001.CB,ChinaBond Government Bond Yield Curve,0,1.0,https://yield.chinabond.com.cn/cbweb-czb-web/czb/historyQuery,2026-08-09T11:34:01.034821+00:00
2013-06-04,2.88,chinabond_official,1001.CB,ChinaBond Government Bond Yield Curve,0,1.0,https://yield.chinabond.com.cn/cbweb-czb-web/czb/historyQuery,2026-08-09T11:34:01.034821+00:00
2013-06-05,2.91,chinabond_official,1001.CB,ChinaBond Government Bond Yield Curve,0,1.0,https://yield.chinabond.com.cn/cbweb-czb-web/czb/historyQuery,2026-08-09T11:34:01.034821+00:00
2013-06-06,2.94,chinabond_official,1001.CB,ChinaBond Government Bond Yield Curve,0,1.0,https://yield.chinabond.com.cn/cbweb-czb-web/czb/historyQuery,2026-08-09T11:34:01.034821+00:00
2013-06-07,3.03,chinabond_official,1001.CB,ChinaBond Government Bond Yield Curve,0,1.0,https://yield.chinabond.com.cn/cbweb-czb-web/czb/historyQuery,2026-08-09T11:34:01.034821+00:00
2013-06-08,3.1,chinabond_official,1001.CB,ChinaBond Government Bond Yield Curve,0,1.0,https://yield.chinabond.com.cn/cbweb-czb-web/czb/historyQuery,2026-08-09T11:34:01.034821+00:00
2013-06-09,3.08,chinabond_official,1001.CB,ChinaBond Government Bond Yield Curve,0,1.0,https://yield.chinabond.com.cn/cbweb-czb-web/czb/historyQuery,2026-08-09T11:34:01.034821+00:00
2013-06-13,3.09,chinabond_official,1001.CB,ChinaBond Government Bond Yield Curve,0,1.0,https://yield.chinabond.com.cn/cbweb-czb-web/czb/historyQuery,2026-08-09T11:34:01.034821+00:00
2013-06-14,3.1,chinabond_official,1001.CB,ChinaBond Government Bond Yield Curve,0,1.0,https://yield.chinabond.com.cn/cbweb-czb-web/czb/historyQuery,2026-08-09T11:34:01.034821+00:00
2013-06-17,3.1,chinabond_official,1001.CB,ChinaBond Government Bond Yield Curve,0,1.0,https://yield.chinabond.com.cn/cbweb-czb-web/czb/historyQuery,2026-08-09T11:34:01.034821+00:00
2013-06-18,3.15,chinabond_official,1001.CB,ChinaBond Government Bond Yield Curve,0,1.0,https://yield.chinabond.com.cn/cbweb-czb-web/czb/historyQuery,2026-08-09T11:34:01.034821+00:00
2013-06-19,3.26,chinabond_official,1001.CB,ChinaBond Government Bond Yield Curve,0,1.0,https://yield.chinabond.com.cn/cbweb-czb-web/czb/historyQuery,2026-08-09T11:34:01.034821+00:00
2013-06-20,3.56,chinabond_official,1001.CB,ChinaBond Government Bond Yield Curve,0,1.0,https://yield.chinabond.com.cn/cbweb-czb-web/czb/historyQuery,2026-08-09T11:34:01.034821+00:00
2013-06-21,3.61,chinabond_official,1001.CB,ChinaBond Government Bond Yield Curve,0,1.0,https://yield.chinabond.com.cn/cbweb-czb-web/czb/historyQuery,2026-08-09T11:34:01.034821+00:00
2013-06-24,3.65,chinabond_official,1001.CB,ChinaBond Government Bond Yield Curve,0,1.0,https://yield.chinabond.com.cn/cbweb-czb-web/czb/historyQuery,2026-08-09T11:34:01.034821+00:00
2013-06-25,3.65,chinabond_official,1001.CB,ChinaBond Government Bond Yield Curve,0,1.0,https://yield.chinabond.com.cn/cbweb-czb-web/czb/historyQuery,2026-08-09T11:34:01.034821+00:00
2013-06-26,3.57,chinabond_official,1001.CB,ChinaBond Government Bond Yield Curve,0,1.0,https://yield.chinabond.com.cn/cbweb-czb-web/czb/historyQuery,2026-08-09T11:34:01.034821+00:00
2013-06-27,3.45,chinabond_official,1001.CB,ChinaBond Government Bond Yield Curve,0,1.0,https://yield.chinabond.com.cn/cbweb-czb-web/czb/historyQuery,2026-08-09T11:34:01.034821+00:00
2013-06-28,3.48,chinabond_official,1001.CB,ChinaBond Government Bond Yield Curve,0,1.0,https://yield.chinabond.com.cn/cbweb-czb-web/czb/historyQuery,2026-08-09T11:34:01.034821+00:00
2013-07-01,3.47,chinabond_official,1001.CB,ChinaBond Government Bond Yield Curve,0,1.0,https://yield.chinabond.com.cn/cbweb-czb-web/czb/historyQuery,2026-08-09T11:34:01.034821+00:00
2013-07-02,3.37,chinabond_official,1001.CB,ChinaBond Government Bond Yield Curve,0,1.0,https://yield.chinabond.com.cn/cbweb-czb-web/czb/historyQuery,2026-08-09T11:34:01.034821+00:00
2013-07-03,3.42,chinabond_official,1001.CB,ChinaBond Government Bond Yield Curve,0,1.0,https://yield.chinabond.com.cn/cbweb-czb-web/czb/historyQuery,2026-08-09T11:34:01.034821+00:00
2013-07-04,3.39,chinabond_official,1001.CB,ChinaBond Government Bond Yield Curve,0,1.0,https://yield.chinabond.com.cn/cbweb-czb-web/czb/historyQuery,2026-08-09T11:34:01.034821+00:00
2013-07-05,3.37,chinabond_official,1001.CB,ChinaBond Government Bond Yield Curve,0,1.0,https://yield.chinabond.com.cn/cbweb-czb-web/czb/historyQuery,2026-08-09T11:34:01.034821+00:00
2013-07-08,3.39,chinabond_official,1001.CB,ChinaBond Government Bond Yield Curve,0,1.0,https://yield.chinabond.com.cn/cbweb-czb-web/czb/historyQuery,2026-08-09T11:34:01.034821+00:00
2013-07-09,3.4,chinabond_official,1001.CB,ChinaBond Government Bond Yield Curve,0,1.0,https://yield.chinabond.com.cn/cbweb-czb-web/czb/historyQuery,2026-08-09T11:34:01.034821+00:00
2013-07-10,3.5,chinabond_official,1001.CB,ChinaBond Government Bond Yield Curve,0,1.0,https://yield.chinabond.com.cn/cbweb-czb-web/czb/historyQuery,2026-08-09T11:34:01.034821+00:00
2013-07-11,3.5,chinabond_official,1001.CB,ChinaBond Government Bond Yield Curve,0,1.0,https://yield.chinabond.com.cn/cbweb-czb-web/czb/historyQuery,2026-08-09T11:34:01.034821+00:00
2013-07-12,3.5,chinabond_official,1001.CB,ChinaBond Government Bond Yield Curve,0,1.0,https://yield.chinabond.com.cn/cbweb-czb-web/czb/historyQuery,2026-08-09T11:34:01.034821+00:00
2013-07-15,3.5,chinabond_official,1001.CB,ChinaBond Government Bond Yield Curve,0,1.0,https://yield.chinabond.com.cn/cbweb-czb-web/czb/historyQuery,2026-08-09T11:34:01.034821+00:00
2013-07-16,3.43,chinabond_official,1001.CB,ChinaBond Government Bond Yield Curve,0,1.0,https://yield.chinabond.com.cn/cbweb-czb-web/czb/historyQuery,2026-08-09T11:34:01.034821+00:00
2013-07-17,3.43,chinabond_official,1001.CB,ChinaBond Government Bond Yield Curve,0,1.0,https://yield.chinabond.com.cn/cbweb-czb-web/czb/historyQuery,2026-08-09T11:34:01.034821+00:00
2013-07-18,3.45,chinabond_official,1001.CB,ChinaBond Government Bond Yield Curve,0,1.0,https://yield.chinabond.com.cn/cbweb-czb-web/czb/historyQuery,2026-08-09T11:34:01.034821+00:00
2013-07-19,3.46,chinabond_official,1001.CB,ChinaBond Government Bond Yield Curve,0,1.0,https://yield.chinabond.com.cn/cbweb-czb-web/czb/historyQuery,2026-08-09T11:34:01.034821+00:00
2013-07-22,3.52,chinabond_official,1001.CB,ChinaBond Government Bond Yield Curve,0,1.0,https://yield.chinabond.com.cn/cbweb-czb-web/czb/historyQuery,2026-08-09T11:34:01.034821+00:00
2013-07-23,3.55,chinabond_official,1001.CB,ChinaBond Government Bond Yield Curve,0,1.0,https://yield.chinabond.com.cn/cbweb-czb-web/czb/historyQuery,2026-08-09T11:34:01.034821+00:00
2013-07-24,3.57,chinabond_official,1001.CB,ChinaBond Government Bond Yield Curve,0,1.0,https://yield.chinabond.com.cn/cbweb-czb-web/czb/historyQuery,2026-08-09T11:34:01.034821+00:00
2013-07-25,3.51,chinabond_official,1001.CB,ChinaBond Government Bond Yield Curve,0,1.0,https://yield.chinabond.com.cn/cbweb-czb-web/czb/historyQuery,2026-08-09T11:34:01.034821+00:00
2013-07-26,3.5,chinabond_official,1001.CB,ChinaBond Government Bond Yield Curve,0,1.0,https://yield.chinabond.com.cn/cbweb-czb-web/czb/historyQuery,2026-08-09T11:34:01.034821+00:00
2013-07-29,3.51,chinabond_official,1001.CB,ChinaBond Government Bond Yield Curve,0,1.0,https://yield.chinabond.com.cn/cbweb-czb-web/czb/historyQuery,2026-08-09T11:34:01.034821+00:00
2013-07-30,3.5,chinabond_official,1001.CB,ChinaBond Government Bond Yield Curve,0,1.0,https://yield.chinabond.com.cn/cbweb-czb-web/czb/historyQuery,2026-08-09T11:34:01.034821+00:00
2013-07-31,3.49,chinabond_official,1001.CB,ChinaBond Government Bond Yield Curve,0,1.0,https://yield.chinabond.com.cn/cbweb-czb-web/czb/historyQuery,2026-08-09T11:34:01.034821+00:00
2013-08-01,3.43,chinabond_official,1001.CB,ChinaBond Government Bond Yield Curve,0,1.0,https://yield.chinabond.com.cn/cbweb-czb-web/czb/historyQuery,2026-08-09T11:34:01.034821+00:00
2013-08-02,3.39,chinabond_official,1001.CB,ChinaBond Government Bond Yield Curve,0,1.0,https://yield.chinabond.com.cn/cbweb-czb-web/czb/historyQuery,2026-08-09T11:34:01.034821+00:00
2013-08-05,3.42,chinabond_official,1001.CB,ChinaBond Government Bond Yield Curve,0,1.0,https://yield.chinabond.com.cn/cbweb-czb-web/czb/historyQuery,2026-08-09T11:34:01.034821+00:00
2013-08-06,3.4,chinabond_official,1001.CB,ChinaBond Government Bond Yield Curve,0,1.0,https://yield.chinabond.com.cn/cbweb-czb-web/czb/historyQuery,2026-08-09T11:34:01.034821+00:00
2013-08-07,3.41,chinabond_official,1001.CB,ChinaBond Government Bond Yield Curve,0,1.0,https://yield.chinabond.com.cn/cbweb-czb-web/czb/historyQuery,2026-08-09T11:34:01.034821+00:00
2013-08-08,3.43,chinabond_official,1001.CB,ChinaBond Government Bond Yield Curve,0,1.0,https://yield.chinabond.com.cn/cbweb-czb-web/czb/historyQuery,2026-08-09T11:34:01.034821+00:00
2013-08-09,3.43,chinabond_official,1001.CB,ChinaBond Government Bond Yield Curve,0,1.0,https://yield.chinabond.com.cn/cbweb-czb-web/czb/historyQuery,2026-08-09T11:34:01.034821+00:00
2013-08-12,3.45,chinabond_official,1001.CB,ChinaBond Government Bond Yield Curve,0,1.0,https://yield.chinabond.com.cn/cbweb-czb-web/czb/historyQuery,2026-08-09T11:34:01.034821+00:00
2013-08-13,3.48,chinabond_official,1001.CB,ChinaBond Government Bond Yield Curve,0,1.0,https://yield.chinabond.com.cn/cbweb-czb-web/czb/historyQuery,2026-08-09T11:34:01.034821+00:00
2013-08-14,3.54,chinabond_official,1001.CB,ChinaBond Government Bond Yield Curve,0,1.0,https://yield.chinabond.com.cn/cbweb-czb-web/czb/historyQuery,2026-08-09T11:34:01.034821+00:00
2013-08-15,3.55,chinabond_official,1001.CB,ChinaBond Government Bond Yield Curve,0,1.0,https://yield.chinabond.com.cn/cbweb-czb-web/czb/historyQuery,2026-08-09T11:34:01.034821+00:00
2013-08-16,3.6,chinabond_official,1001.CB,ChinaBond Government Bond Yield Curve,0,1.0,https://yield.chinabond.com.cn/cbweb-czb-web/czb/historyQuery,2026-08-09T11:34:01.034821+00:00
2013-08-19,3.62,chinabond_official,1001.CB,ChinaBond Government Bond Yield Curve,0,1.0,https://yield.chinabond.com.cn/cbweb-czb-web/czb/historyQuery,2026-08-09T11:34:01.034821+00:00
2013-08-20,3.62,chinabond_official,1001.CB,ChinaBond Government Bond Yield Curve,0,1.0,https://yield.chinabond.com.cn/cbweb-czb-web/czb/historyQuery,2026-08-09T11:34:01.034821+00:00
2013-08-21,3.63,chinabond_official,1001.CB,ChinaBond Government Bond Yield Curve,0,1.0,https://yield.chinabond.com.cn/cbweb-czb-web/czb/historyQuery,2026-08-09T11:34:01.034821+00:00
2013-08-22,3.64,chinabond_official,1001.CB,ChinaBond Government Bond Yield Curve,0,1.0,https://yield.chinabond.com.cn/cbweb-czb-web/czb/historyQuery,2026-08-09T11:34:01.034821+00:00
2013-08-23,3.64,chinabond_official,1001.CB,ChinaBond Government Bond Yield Curve,0,1.0,https://yield.chinabond.com.cn/cbweb-czb-web/czb/historyQuery,2026-08-09T11:34:01.034821+00:00
2013-08-26,3.62,chinabond_official,1001.CB,ChinaBond Government Bond Yield Curve,0,1.0,https://yield.chinabond.com.cn/cbweb-czb-web/czb/historyQuery,2026-08-09T11:34:01.034821+00:00
2013-08-27,3.62,chinabond_official,1001.CB,ChinaBond Government Bond Yield Curve,0,1.0,https://yield.chinabond.com.cn/cbweb-czb-web/czb/historyQuery,2026-08-09T11:34:01.034821+00:00
2013-08-28,3.62,chinabond_official,1001.CB,ChinaBond Government Bond Yield Curve,0,1.0,https://yield.chinabond.com.cn/cbweb-czb-web/czb/historyQuery,2026-08-09T11:34:01.034821+00:00
2013-08-29,3.61,chinabond_official,1001.CB,ChinaBond Government Bond Yield Curve,0,1.0,https://yield.chinabond.com.cn/cbweb-czb-web/czb/historyQuery,2026-08-09T11:34:01.034821+00:00
2013-08-30,3.62,chinabond_official,1001.CB,ChinaBond Government Bond Yield Curve,0,1.0,https://yield.chinabond.com.cn/cbweb-czb-web/czb/historyQuery,2026-08-09T11:34:01.034821+00:00
2013-09-02,3.62,chinabond_official,1001.CB,ChinaBond Government Bond Yield Curve,0,1.0,https://yield.chinabond.com.cn/cbweb-czb-web/czb/historyQuery,2026-08-09T11:34:01.034821+00:00
2013-09-03,3.62,chinabond_official,1001.CB,ChinaBond Government Bond Yield Curve,0,1.0,https://yield.chinabond.com.cn/cbweb-czb-web/czb/historyQuery,2026-08-09T11:34:01.034821+00:00
2013-09-04,3.6,chinabond_official,1001.CB,ChinaBond Government Bond Yield Curve,0,1.0,https://yield.chinabond.com.cn/cbweb-czb-web/czb/historyQuery,2026-08-09T11:34:01.034821+00:00
2013-09-05,3.61,chinabond_official,1001.CB,ChinaBond Government Bond Yield Curve,0,1.0,https://yield.chinabond.com.cn/cbweb-czb-web/czb/historyQuery,2026-08-09T11:34:01.034821+00:00
2013-09-06,3.6,chinabond_official,1001.CB,ChinaBond Government Bond Yield Curve,0,1.0,https://yield.chinabond.com.cn/cbweb-czb-web/czb/historyQuery,2026-08-09T11:34:01.034821+00:00
2013-09-09,3.61,chinabond_official,1001.CB,ChinaBond Government Bond Yield Curve,0,1.0,https://yield.chinabond.com.cn/cbweb-czb-web/czb/historyQuery,2026-08-09T11:34:01.034821+00:00
2013-09-10,3.61,chinabond_official,1001.CB,ChinaBond Government Bond Yield Curve,0,1.0,https://yield.chinabond.com.cn/cbweb-czb-web/czb/historyQuery,2026-08-09T11:34:01.034821+00:00
2013-09-11,3.61,chinabond_official,1001.CB,ChinaBond Government Bond Yield Curve,0,1.0,https://yield.chinabond.com.cn/cbweb-czb-web/czb/historyQuery,2026-08-09T11:34:01.034821+00:00
2013-09-12,3.59,chinabond_official,1001.CB,ChinaBond Government Bond Yield Curve,0,1.0,https://yield.chinabond.com.cn/cbweb-czb-web/czb/historyQuery,2026-08-09T11:34:01.034821+00:00
2013-09-13,3.61,chinabond_official,1001.CB,ChinaBond Government Bond Yield Curve,0,1.0,https://yield.chinabond.com.cn/cbweb-czb-web/czb/historyQuery,2026-08-09T11:34:01.034821+00:00
2013-09-16,3.59,chinabond_official,1001.CB,ChinaBond Government Bond Yield Curve,0,1.0,https://yield.chinabond.com.cn/cbweb-czb-web/czb/historyQuery,2026-08-09T11:34:01.034821+00:00
2013-09-17,3.59,chinabond_official,1001.CB,ChinaBond Government Bond Yield Curve,0,1.0,https://yield.chinabond.com.cn/cbweb-czb-web/czb/historyQuery,2026-08-09T11:34:01.034821+00:00
2013-09-18,3.59,chinabond_official,1001.CB,ChinaBond Government Bond Yield Curve,0,1.0,https://yield.chinabond.com.cn/cbweb-czb-web/czb/historyQuery,2026-08-09T11:34:01.034821+00:00
2013-09-22,3.57,chinabond_official,1001.CB,ChinaBond Government Bond Yield Curve,0,1.0,https://yield.chinabond.com.cn/cbweb-czb-web/czb/historyQuery,2026-08-09T11:34:01.034821+00:00
2013-09-23,3.59,chinabond_official,1001.CB,ChinaBond Government Bond Yield Curve,0,1.0,https://yield.chinabond.com.cn/cbweb-czb-web/czb/historyQuery,2026-08-09T11:34:01.034821+00:00
2013-09-24,3.61,chinabond_official,1001.CB,ChinaBond Government Bond Yield Curve,0,1.0,https://yield.chinabond.com.cn/cbweb-czb-web/czb/historyQuery,2026-08-09T11:34:01.034821+00:00
2013-09-25,3.6,chinabond_official,1001.CB,ChinaBond Government Bond Yield Curve,0,1.0,https://yield.chinabond.com.cn/cbweb-czb-web/czb/historyQuery,2026-08-09T11:34:01.034821+00:00
2013-09-26,3.55,chinabond_official,1001.CB,ChinaBond Government Bond Yield Curve,0,1.0,https://yield.chinabond.com.cn/cbweb-czb-web/czb/historyQuery,2026-08-09T11:34:01.034821+00:00
2013-09-27,3.55,chinabond_official,1001.CB,ChinaBond Government Bond Yield Curve,0,1.0,https://yield.chinabond.com.cn/cbweb-czb-web/czb/historyQuery,2026-08-09T11:34:01.034821+00:00
2013-09-29,3.56,chinabond_official,1001.CB,ChinaBond Government Bond Yield Curve,0,1.0,https://yield.chinabond.com.cn/cbweb-czb-web/czb/historyQuery,2026-08-09T11:34:01.034821+00:00
2013-09-30,3.55,chinabond_official,1001.CB,ChinaBond Government Bond Yield Curve,0,1.0,https://yield.chinabond.com.cn/cbweb-czb-web/czb/historyQuery,2026-08-09T11:34:01.034821+00:00
2013-10-08,3.55,chinabond_official,1001.CB,ChinaBond Government Bond Yield Curve,0,1.0,https://yield.chinabond.com.cn/cbweb-czb-web/czb/historyQuery,2026-08-09T11:34:01.034821+00:00
2013-10-09,3.55,chinabond_official,1001.CB,ChinaBond Government Bond Yield Curve,0,1.0,https://yield.chinabond.com.cn/cbweb-czb-web/czb/historyQuery,2026-08-09T11:34:01.034821+00:00
2013-10-10,3.56,chinabond_official,1001.CB,ChinaBond Government Bond Yield Curve,0,1.0,https://yield.chinabond.com.cn/cbweb-czb-web/czb/historyQuery,2026-08-09T11:34:01.034821+00:00
2013-10-11,3.54,chinabond_official,1001.CB,ChinaBond Government Bond Yield Curve,0,1.0,https://yield.chinabond.com.cn/cbweb-czb-web/czb/historyQuery,2026-08-09T11:34:01.034821+00:00
2013-10-12,3.54,chinabond_official,1001.CB,ChinaBond Government Bond Yield Curve,0,1.0,https://yield.chinabond.com.cn/cbweb-czb-web/czb/historyQuery,2026-08-09T11:34:01.034821+00:00
2013-10-14,3.54,chinabond_official,1001.CB,ChinaBond Government Bond Yield Curve,0,1.0,https://yield.chinabond.com.cn/cbweb-czb-web/czb/historyQuery,2026-08-09T11:34:01.034821+00:00
2013-10-15,3.52,chinabond_official,1001.CB,ChinaBond Government Bond Yield Curve,0,1.0,https://yield.chinabond.com.cn/cbweb-czb-web/czb/historyQuery,2026-08-09T11:34:01.034821+00:00
2013-10-16,3.52,chinabond_official,1001.CB,ChinaBond Government Bond Yield Curve,0,1.0,https://yield.chinabond.com.cn/cbweb-czb-web/czb/historyQuery,2026-08-09T11:34:01.034821+00:00
2013-10-17,3.55,chinabond_official,1001.CB,ChinaBond Government Bond Yield Curve,0,1.0,https://yield.chinabond.com.cn/cbweb-czb-web/czb/historyQuery,2026-08-09T11:34:01.034821+00:00
2013-10-18,3.55,chinabond_official,1001.CB,ChinaBond Government Bond Yield Curve,0,1.0,https://yield.chinabond.com.cn/cbweb-czb-web/czb/historyQuery,2026-08-09T11:34:01.034821+00:00
2013-10-21,3.55,chinabond_official,1001.CB,ChinaBond Government Bond Yield Curve,0,1.0,https://yield.chinabond.com.cn/cbweb-czb-web/czb/historyQuery,2026-08-09T11:34:01.034821+00:00
2013-10-22,3.55,chinabond_official,1001.CB,ChinaBond Government Bond Yield Curve,0,1.0,https://yield.chinabond.com.cn/cbweb-czb-web/czb/historyQuery,2026-08-09T11:34:01.034821+00:00
2013-10-23,3.56,chinabond_official,1001.CB,ChinaBond Government Bond Yield Curve,0,1.0,https://yield.chinabond.com.cn/cbweb-czb-web/czb/historyQuery,2026-08-09T11:34:01.034821+00:00
2013-10-24,3.64,chinabond_official,1001.CB,ChinaBond Government Bond Yield Curve,0,1.0,https://yield.chinabond.com.cn/cbweb-czb-web/czb/historyQuery,2026-08-09T11:34:01.034821+00:00
2013-10-25,3.74,chinabond_official,1001.CB,ChinaBond Government Bond Yield Curve,0,1.0,https://yield.chinabond.com.cn/cbweb-czb-web/czb/historyQuery,2026-08-09T11:34:01.034821+00:00
2013-10-28,3.76,chinabond_official,1001.CB,ChinaBond Government Bond Yield Curve,0,1.0,https://yield.chinabond.com.cn/cbweb-czb-web/czb/historyQuery,2026-08-09T11:34:01.034821+00:00
2013-10-29,3.79,chinabond_official,1001.CB,ChinaBond Government Bond Yield Curve,0,1.0,https://yield.chinabond.com.cn/cbweb-czb-web/czb/historyQuery,2026-08-09T11:34:01.034821+00:00
2013-10-30,4.02,chinabond_official,1001.CB,ChinaBond Government Bond Yield Curve,0,1.0,https://yield.chinabond.com.cn/cbweb-czb-web/czb/historyQuery,2026-08-09T11:34:01.034821+00:00
2013-10-31,3.98,chinabond_official,1001.CB,ChinaBond Government Bond Yield Curve,0,1.0,https://yield.chinabond.com.cn/cbweb-czb-web/czb/historyQuery,2026-08-09T11:34:01.034821+00:00
2013-11-01,3.94,chinabond_official,1001.CB,ChinaBond Government Bond Yield Curve,0,1.0,https://yield.chinabond.com.cn/cbweb-czb-web/czb/historyQuery,2026-08-09T11:34:01.034821+00:00
2013-11-04,3.92,chinabond_official,1001.CB,ChinaBond Government Bond Yield Curve,0,1.0,https://yield.chinabond.com.cn/cbweb-czb-web/czb/historyQuery,2026-08-09T11:34:01.034821+00:00
2013-11-05,3.95,chinabond_official,1001.CB,ChinaBond Government Bond Yield Curve,0,1.0,https://yield.chinabond.com.cn/cbweb-czb-web/czb/historyQuery,2026-08-09T11:34:01.034821+00:00
2013-11-06,3.98,chinabond_official,1001.CB,ChinaBond Government Bond Yield Curve,0,1.0,https://yield.chinabond.com.cn/cbweb-czb-web/czb/historyQuery,2026-08-09T11:34:01.034821+00:00
2013-11-07,4.01,chinabond_official,1001.CB,ChinaBond Government Bond Yield Curve,0,1.0,https://yield.chinabond.com.cn/cbweb-czb-web/czb/historyQuery,2026-08-09T11:34:01.034821+00:00
2013-11-08,4.02,chinabond_official,1001.CB,ChinaBond Government Bond Yield Curve,0,1.0,https://yield.chinabond.com.cn/cbweb-czb-web/czb/historyQuery,2026-08-09T11:34:01.034821+00:00
2013-11-11,4.16,chinabond_official,1001.CB,ChinaBond Government Bond Yield Curve,0,1.0,https://yield.chinabond.com.cn/cbweb-czb-web/czb/historyQuery,2026-08-09T11:34:01.034821+00:00
2013-11-12,4.12,chinabond_official,1001.CB,ChinaBond Government Bond Yield Curve,0,1.0,https://yield.chinabond.com.cn/cbweb-czb-web/czb/historyQuery,2026-08-09T11:34:01.034821+00:00
2013-11-13,4.11,chinabond_official,1001.CB,ChinaBond Government Bond Yield Curve,0,1.0,https://yield.chinabond.com.cn/cbweb-czb-web/czb/historyQuery,2026-08-09T11:34:01.034821+00:00
2013-11-14,4.1,chinabond_official,1001.CB,ChinaBond Government Bond Yield Curve,0,1.0,https://yield.chinabond.com.cn/cbweb-czb-web/czb/historyQuery,2026-08-09T11:34:01.034821+00:00
2013-11-15,4.15,chinabond_official,1001.CB,ChinaBond Government Bond Yield Curve,0,1.0,https://yield.chinabond.com.cn/cbweb-czb-web/czb/historyQuery,2026-08-09T11:34:01.034821+00:00
2013-11-18,4.16,chinabond_official,1001.CB,ChinaBond Government Bond Yield Curve,0,1.0,https://yield.chinabond.com.cn/cbweb-czb-web/czb/historyQuery,2026-08-09T11:34:01.034821+00:00
2013-11-19,4.14,chinabond_official,1001.CB,ChinaBond Government Bond Yield Curve,0,1.0,https://yield.chinabond.com.cn/cbweb-czb-web/czb/historyQuery,2026-08-09T11:34:01.034821+00:00
2013-11-20,4.18,chinabond_official,1001.CB,ChinaBond Government Bond Yield Curve,0,1.0,https://yield.chinabond.com.cn/cbweb-czb-web/czb/historyQuery,2026-08-09T11:34:01.034821+00:00
2013-11-21,4.16,chinabond_official,1001.CB,ChinaBond Government Bond Yield Curve,0,1.0,https://yield.chinabond.com.cn/cbweb-czb-web/czb/historyQuery,2026-08-09T11:34:01.034821+00:00
2013-11-22,4.13,chinabond_official,1001.CB,ChinaBond Government Bond Yield Curve,0,1.0,https://yield.chinabond.com.cn/cbweb-czb-web/czb/historyQuery,2026-08-09T11:34:01.034821+00:00
2013-11-25,4.12,chinabond_official,1001.CB,ChinaBond Government Bond Yield Curve,0,1.0,https://yield.chinabond.com.cn/cbweb-czb-web/czb/historyQuery,2026-08-09T11:34:01.034821+00:00
2013-11-26,4.11,chinabond_official,1001.CB,ChinaBond Government Bond Yield Curve,0,1.0,https://yield.chinabond.com.cn/cbweb-czb-web/czb/historyQuery,2026-08-09T11:34:01.034821+00:00
2013-11-27,4.1,chinabond_official,1001.CB,ChinaBond Government Bond Yield Curve,0,1.0,https://yield.chinabond.com.cn/cbweb-czb-web/czb/historyQuery,2026-08-09T11:34:01.034821+00:00
2013-11-28,4.05,chinabond_official,1001.CB,ChinaBond Government Bond Yield Curve,0,1.0,https://yield.chinabond.com.cn/cbweb-czb-web/czb/historyQuery,2026-08-09T11:34:01.034821+00:00
2013-11-29,3.98,chinabond_official,1001.CB,ChinaBond Government Bond Yield Curve,0,1.0,https://yield.chinabond.com.cn/cbweb-czb-web/czb/historyQuery,2026-08-09T11:34:01.034821+00:00
2013-12-02,4.04,chinabond_official,1001.CB,ChinaBond Government Bond Yield Curve,0,1.0,https://yield.chinabond.com.cn/cbweb-czb-web/czb/historyQuery,2026-08-09T11:34:01.034821+00:00
2013-12-03,4.05,chinabond_official,1001.CB,ChinaBond Government Bond Yield Curve,0,1.0,https://yield.chinabond.com.cn/cbweb-czb-web/czb/historyQuery,2026-08-09T11:34:01.034821+00:00
2013-12-04,4.0,chinabond_official,1001.CB,ChinaBond Government Bond Yield Curve,0,1.0,https://yield.chinabond.com.cn/cbweb-czb-web/czb/historyQuery,2026-08-09T11:34:01.034821+00:00
2013-12-05,4.03,chinabond_official,1001.CB,ChinaBond Government Bond Yield Curve,0,1.0,https://yield.chinabond.com.cn/cbweb-czb-web/czb/historyQuery,2026-08-09T11:34:01.034821+00:00
2013-12-06,4.04,chinabond_official,1001.CB,ChinaBond Government Bond Yield Curve,0,1.0,https://yield.chinabond.com.cn/cbweb-czb-web/czb/historyQuery,2026-08-09T11:34:01.034821+00:00
2013-12-09,4.04,chinabond_official,1001.CB,ChinaBond Government Bond Yield Curve,0,1.0,https://yield.chinabond.com.cn/cbweb-czb-web/czb/historyQuery,2026-08-09T11:34:01.034821+00:00
2013-12-10,4.03,chinabond_official,1001.CB,ChinaBond Government Bond Yield Curve,0,1.0,https://yield.chinabond.com.cn/cbweb-czb-web/czb/historyQuery,2026-08-09T11:34:01.034821+00:00
2013-12-11,4.05,chinabond_official,1001.CB,ChinaBond Government Bond Yield Curve,0,1.0,https://yield.chinabond.com.cn/cbweb-czb-web/czb/historyQuery,2026-08-09T11:34:01.034821+00:00
2013-12-12,4.03,chinabond_official,1001.CB,ChinaBond Government Bond Yield Curve,0,1.0,https://yield.chinabond.com.cn/cbweb-czb-web/czb/historyQuery,2026-08-09T11:34:01.034821+00:00
2013-12-13,4.03,chinabond_official,1001.CB,ChinaBond Government Bond Yield Curve,0,1.0,https://yield.chinabond.com.cn/cbweb-czb-web/czb/historyQuery,2026-08-09T11:34:01.034821+00:00
2013-12-16,4.04,chinabond_official,1001.CB,ChinaBond Government Bond Yield Curve,0,1.0,https://yield.chinabond.com.cn/cbweb-czb-web/czb/historyQuery,2026-08-09T11:34:01.034821+00:00
2013-12-17,4.03,chinabond_official,1001.CB,ChinaBond Government Bond Yield Curve,0,1.0,https://yield.chinabond.com.cn/cbweb-czb-web/czb/historyQuery,2026-08-09T11:34:01.034821+00:00
2013-12-18,4.07,chinabond_official,1001.CB,ChinaBond Government Bond Yield Curve,0,1.0,https://yield.chinabond.com.cn/cbweb-czb-web/czb/historyQuery,2026-08-09T11:34:01.034821+00:00
2013-12-19,4.1,chinabond_official,1001.CB,ChinaBond Government Bond Yield Curve,0,1.0,https://yield.chinabond.com.cn/cbweb-czb-web/czb/historyQuery,2026-08-09T11:34:01.034821+00:00
2013-12-20,4.11,chinabond_official,1001.CB,ChinaBond Government Bond Yield Curve,0,1.0,https://yield.chinabond.com.cn/cbweb-czb-web/czb/historyQuery,2026-08-09T11:34:01.034821+00:00
2013-12-23,4.13,chinabond_official,1001.CB,ChinaBond Government Bond Yield Curve,0,1.0,https://yield.chinabond.com.cn/cbweb-czb-web/czb/historyQuery,2026-08-09T11:34:01.034821+00:00
2013-12-24,4.15,chinabond_official,1001.CB,ChinaBond Government Bond Yield Curve,0,1.0,https://yield.chinabond.com.cn/cbweb-czb-web/czb/historyQuery,2026-08-09T11:34:01.034821+00:00
2013-12-25,4.15,chinabond_official,1001.CB,ChinaBond Government Bond Yield Curve,0,1.0,https://yield.chinabond.com.cn/cbweb-czb-web/czb/historyQuery,2026-08-09T11:34:01.034821+00:00
2013-12-26,4.15,chinabond_official,1001.CB,ChinaBond Government Bond Yield Curve,0,1.0,https://yield.chinabond.com.cn/cbweb-czb-web/czb/historyQuery,2026-08-09T11:34:01.034821+00:00
2013-12-27,4.15,chinabond_official,1001.CB,ChinaBond Government Bond Yield Curve,0,1.0,https://yield.chinabond.com.cn/cbweb-czb-web/czb/historyQuery,2026-08-09T11:34:01.034821+00:00
2013-12-30,4.15,chinabond_official,1001.CB,ChinaBond Government Bond Yield Curve,0,1.0,https://yield.chinabond.com.cn/cbweb-czb-web/czb/historyQuery,2026-08-09T11:34:01.034821+00:00
2013-12-31,4.22,chinabond_official,1001.CB,ChinaBond Government Bond Yield Curve,0,1.0,https://yield.chinabond.com.cn/cbweb-czb-web/czb/historyQuery,2026-08-09T11:34:01.034821+00:00
2014-01-02,4.23,chinabond_official,1001.CB,ChinaBond Government Bond Yield Curve,0,1.0,https://yield.chinabond.com.cn/cbweb-czb-web/czb/historyQuery,2026-08-09T11:34:01.034821+00:00
2014-01-03,4.23,chinabond_official,1001.CB,ChinaBond Government Bond Yield Curve,0,1.0,https://yield.chinabond.com.cn/cbweb-czb-web/czb/historyQuery,2026-08-09T11:34:01.034821+00:00
2014-01-06,4.21,chinabond_official,1001.CB,ChinaBond Government Bond Yield Curve,0,1.0,https://yield.chinabond.com.cn/cbweb-czb-web/czb/historyQuery,2026-08-09T11:34:01.034821+00:00
2014-01-07,4.25,chinabond_official,1001.CB,ChinaBond Government Bond Yield Curve,0,1.0,https://yield.chinabond.com.cn/cbweb-czb-web/czb/historyQuery,2026-08-09T11:34:01.034821+00:00
2014-01-08,4.18,chinabond_official,1001.CB,ChinaBond Government Bond Yield Curve,0,1.0,https://yield.chinabond.com.cn/cbweb-czb-web/czb/historyQuery,2026-08-09T11:34:01.034821+00:00
2014-01-09,4.18,chinabond_official,1001.CB,ChinaBond Government Bond Yield Curve,0,1.0,https://yield.chinabond.com.cn/cbweb-czb-web/czb/historyQuery,2026-08-09T11:34:01.034821+00:00
2014-01-10,4.13,chinabond_official,1001.CB,ChinaBond Government Bond Yield Curve,0,1.0,https://yield.chinabond.com.cn/cbweb-czb-web/czb/historyQuery,2026-08-09T11:34:01.034821+00:00
2014-01-13,4.06,chinabond_official,1001.CB,ChinaBond Government Bond Yield Curve,0,1.0,https://yield.chinabond.com.cn/cbweb-czb-web/czb/historyQuery,2026-08-09T11:34:01.034821+00:00
2014-01-14,4.04,chinabond_official,1001.CB,ChinaBond Government Bond Yield Curve,0,1.0,https://yield.chinabond.com.cn/cbweb-czb-web/czb/historyQuery,2026-08-09T11:34:01.034821+00:00
2014-01-15,4.0,chinabond_official,1001.CB,ChinaBond Government Bond Yield Curve,0,1.0,https://yield.chinabond.com.cn/cbweb-czb-web/czb/historyQuery,2026-08-09T11:34:01.034821+00:00
2014-01-16,3.96,chinabond_official,1001.CB,ChinaBond Government Bond Yield Curve,0,1.0,https://yield.chinabond.com.cn/cbweb-czb-web/czb/historyQuery,2026-08-09T11:34:01.034821+00:00
2014-01-17,3.92,chinabond_official,1001.CB,ChinaBond Government Bond Yield Curve,0,1.0,https://yield.chinabond.com.cn/cbweb-czb-web/czb/historyQuery,2026-08-09T11:34:01.034821+00:00
2014-01-20,3.89,chinabond_official,1001.CB,ChinaBond Government Bond Yield Curve,0,1.0,https://yield.chinabond.com.cn/cbweb-czb-web/czb/historyQuery,2026-08-09T11:34:01.034821+00:00
2014-01-21,3.78,chinabond_official,1001.CB,ChinaBond Government Bond Yield Curve,0,1.0,https://yield.chinabond.com.cn/cbweb-czb-web/czb/historyQuery,2026-08-09T11:34:01.034821+00:00
2014-01-22,3.73,chinabond_official,1001.CB,ChinaBond Government Bond Yield Curve,0,1.0,https://yield.chinabond.com.cn/cbweb-czb-web/czb/historyQuery,2026-08-09T11:34:01.034821+00:00
2014-01-23,3.7,chinabond_official,1001.CB,ChinaBond Government Bond Yield Curve,0,1.0,https://yield.chinabond.com.cn/cbweb-czb-web/czb/historyQuery,2026-08-09T11:34:01.034821+00:00
2014-01-24,3.68,chinabond_official,1001.CB,ChinaBond Government Bond Yield Curve,0,1.0,https://yield.chinabond.com.cn/cbweb-czb-web/czb/historyQuery,2026-08-09T11:34:01.034821+00:00
2014-01-26,3.64,chinabond_official,1001.CB,ChinaBond Government Bond Yield Curve,0,1.0,https://yield.chinabond.com.cn/cbweb-czb-web/czb/historyQuery,2026-08-09T11:34:01.034821+00:00
2014-01-27,3.61,chinabond_official,1001.CB,ChinaBond Government Bond Yield Curve,0,1.0,https://yield.chinabond.com.cn/cbweb-czb-web/czb/historyQuery,2026-08-09T11:34:01.034821+00:00
2014-01-28,3.61,chinabond_official,1001.CB,ChinaBond Government Bond Yield Curve,0,1.0,https://yield.chinabond.com.cn/cbweb-czb-web/czb/historyQuery,2026-08-09T11:34:01.034821+00:00
2014-01-29,3.6,chinabond_official,1001.CB,ChinaBond Government Bond Yield Curve,0,1.0,https://yield.chinabond.com.cn/cbweb-czb-web/czb/historyQuery,2026-08-09T11:34:01.034821+00:00
2014-01-30,3.61,chinabond_official,1001.CB,ChinaBond Government Bond Yield Curve,0,1.0,https://yield.chinabond.com.cn/cbweb-czb-web/czb/historyQuery,2026-08-09T11:34:01.034821+00:00
2014-02-07,3.57,chinabond_official,1001.CB,ChinaBond Government Bond Yield Curve,0,1.0,https://yield.chinabond.com.cn/cbweb-czb-web/czb/historyQuery,2026-08-09T11:34:01.034821+00:00
2014-02-08,3.58,chinabond_official,1001.CB,ChinaBond Government Bond Yield Curve,0,1.0,https://yield.chinabond.com.cn/cbweb-czb-web/czb/historyQuery,2026-08-09T11:34:01.034821+00:00
2014-02-10,3.5,chinabond_official,1001.CB,ChinaBond Government Bond Yield Curve,0,1.0,https://yield.chinabond.com.cn/cbweb-czb-web/czb/historyQuery,2026-08-09T11:34:01.034821+00:00
2014-02-11,3.55,chinabond_official,1001.CB,ChinaBond Government Bond Yield Curve,0,1.0,https://yield.chinabond.com.cn/cbweb-czb-web/czb/historyQuery,2026-08-09T11:34:01.034821+00:00
2014-02-12,3.54,chinabond_official,1001.CB,ChinaBond Government Bond Yield Curve,0,1.0,https://yield.chinabond.com.cn/cbweb-czb-web/czb/historyQuery,2026-08-09T11:34:01.034821+00:00
2014-02-13,3.47,chinabond_official,1001.CB,ChinaBond Government Bond Yield Curve,0,1.0,https://yield.chinabond.com.cn/cbweb-czb-web/czb/historyQuery,2026-08-09T11:34:01.034821+00:00
2014-02-14,3.47,chinabond_official,1001.CB,ChinaBond Government Bond Yield Curve,0,1.0,https://yield.chinabond.com.cn/cbweb-czb-web/czb/historyQuery,2026-08-09T11:34:01.034821+00:00
2014-02-17,3.43,chinabond_official,1001.CB,ChinaBond Government Bond Yield Curve,0,1.0,https://yield.chinabond.com.cn/cbweb-czb-web/czb/historyQuery,2026-08-09T11:34:01.034821+00:00
2014-02-18,3.41,chinabond_official,1001.CB,ChinaBond Government Bond Yield Curve,0,1.0,https://yield.chinabond.com.cn/cbweb-czb-web/czb/historyQuery,2026-08-09T11:34:01.034821+00:00
2014-02-19,3.39,chinabond_official,1001.CB,ChinaBond Government Bond Yield Curve,0,1.0,https://yield.chinabond.com.cn/cbweb-czb-web/czb/historyQuery,2026-08-09T11:34:01.034821+00:00
2014-02-20,3.36,chinabond_official,1001.CB,ChinaBond Government Bond Yield Curve,0,1.0,https://yield.chinabond.com.cn/cbweb-czb-web/czb/historyQuery,2026-08-09T11:34:01.034821+00:00
2014-02-21,3.35,chinabond_official,1001.CB,ChinaBond Government Bond Yield Curve,0,1.0,https://yield.chinabond.com.cn/cbweb-czb-web/czb/historyQuery,2026-08-09T11:34:01.034821+00:00
2014-02-24,3.35,chinabond_official,1001.CB,ChinaBond Government Bond Yield Curve,0,1.0,https://yield.chinabond.com.cn/cbweb-czb-web/czb/historyQuery,2026-08-09T11:34:01.034821+00:00
2014-02-25,3.29,chinabond_official,1001.CB,ChinaBond Government Bond Yield Curve,0,1.0,https://yield.chinabond.com.cn/cbweb-czb-web/czb/historyQuery,2026-08-09T11:34:01.034821+00:00
2014-02-26,3.28,chinabond_official,1001.CB,ChinaBond Government Bond Yield Curve,0,1.0,https://yield.chinabond.com.cn/cbweb-czb-web/czb/historyQuery,2026-08-09T11:34:01.034821+00:00
2014-02-27,3.25,chinabond_official,1001.CB,ChinaBond Government Bond Yield Curve,0,1.0,https://yield.chinabond.com.cn/cbweb-czb-web/czb/historyQuery,2026-08-09T11:34:01.034821+00:00
2014-02-28,3.28,chinabond_official,1001.CB,ChinaBond Government Bond Yield Curve,0,1.0,https://yield.chinabond.com.cn/cbweb-czb-web/czb/historyQuery,2026-08-09T11:34:01.034821+00:00
2014-03-03,3.31,chinabond_official,1001.CB,ChinaBond Government Bond Yield Curve,0,1.0,https://yield.chinabond.com.cn/cbweb-czb-web/czb/historyQuery,2026-08-09T11:34:01.034821+00:00
2014-03-04,3.33,chinabond_official,1001.CB,ChinaBond Government Bond Yield Curve,0,1.0,https://yield.chinabond.com.cn/cbweb-czb-web/czb/historyQuery,2026-08-09T11:34:01.034821+00:00
2014-03-05,3.29,chinabond_official,1001.CB,ChinaBond Government Bond Yield Curve,0,1.0,https://yield.chinabond.com.cn/cbweb-czb-web/czb/historyQuery,2026-08-09T11:34:01.034821+00:00
2014-03-06,3.27,chinabond_official,1001.CB,ChinaBond Government Bond Yield Curve,0,1.0,https://yield.chinabond.com.cn/cbweb-czb-web/czb/historyQuery,2026-08-09T11:34:01.034821+00:00
2014-03-07,3.25,chinabond_official,1001.CB,ChinaBond Government Bond Yield Curve,0,1.0,https://yield.chinabond.com.cn/cbweb-czb-web/czb/historyQuery,2026-08-09T11:34:01.034821+00:00
2014-03-10,3.2,chinabond_official,1001.CB,ChinaBond Government Bond Yield Curve,0,1.0,https://yield.chinabond.com.cn/cbweb-czb-web/czb/historyQuery,2026-08-09T11:34:01.034821+00:00
2014-03-11,3.24,chinabond_official,1001.CB,ChinaBond Government Bond Yield Curve,0,1.0,https://yield.chinabond.com.cn/cbweb-czb-web/czb/historyQuery,2026-08-09T11:34:01.034821+00:00
2014-03-12,3.21,chinabond_official,1001.CB,ChinaBond Government Bond Yield Curve,0,1.0,https://yield.chinabond.com.cn/cbweb-czb-web/czb/historyQuery,2026-08-09T11:34:01.034821+00:00
2014-03-13,3.16,chinabond_official,1001.CB,ChinaBond Government Bond Yield Curve,0,1.0,https://yield.chinabond.com.cn/cbweb-czb-web/czb/historyQuery,2026-08-09T11:34:01.034821+00:00
2014-03-14,3.16,chinabond_official,1001.CB,ChinaBond Government Bond Yield Curve,0,1.0,https://yield.chinabond.com.cn/cbweb-czb-web/czb/historyQuery,2026-08-09T11:34:01.034821+00:00
2014-03-17,3.11,chinabond_official,1001.CB,ChinaBond Government Bond Yield Curve,0,1.0,https://yield.chinabond.com.cn/cbweb-czb-web/czb/historyQuery,2026-08-09T11:34:01.034821+00:00
2014-03-18,3.1,chinabond_official,1001.CB,ChinaBond Government Bond Yield Curve,0,1.0,https://yield.chinabond.com.cn/cbweb-czb-web/czb/historyQuery,2026-08-09T11:34:01.034821+00:00
2014-03-19,3.13,chinabond_official,1001.CB,ChinaBond Government Bond Yield Curve,0,1.0,https://yield.chinabond.com.cn/cbweb-czb-web/czb/historyQuery,2026-08-09T11:34:01.034821+00:00
2014-03-20,3.11,chinabond_official,1001.CB,ChinaBond Government Bond Yield Curve,0,1.0,https://yield.chinabond.com.cn/cbweb-czb-web/czb/historyQuery,2026-08-09T11:34:01.034821+00:00
2014-03-21,3.14,chinabond_official,1001.CB,ChinaBond Government Bond Yield Curve,0,1.0,https://yield.chinabond.com.cn/cbweb-czb-web/czb/historyQuery,2026-08-09T11:34:01.034821+00:00
2014-03-24,3.12,chinabond_official,1001.CB,ChinaBond Government Bond Yield Curve,0,1.0,https://yield.chinabond.com.cn/cbweb-czb-web/czb/historyQuery,2026-08-09T11:34:01.034821+00:00
2014-03-25,3.1,chinabond_official,1001.CB,ChinaBond Government Bond Yield Curve,0,1.0,https://yield.chinabond.com.cn/cbweb-czb-web/czb/historyQuery,2026-08-09T11:34:01.034821+00:00
2014-03-26,3.1,chinabond_official,1001.CB,ChinaBond Government Bond Yield Curve,0,1.0,https://yield.chinabond.com.cn/cbweb-czb-web/czb/historyQuery,2026-08-09T11:34:01.034821+00:00
2014-03-27,3.1,chinabond_official,1001.CB,ChinaBond Government Bond Yield Curve,0,1.0,https://yield.chinabond.com.cn/cbweb-czb-web/czb/historyQuery,2026-08-09T11:34:01.034821+00:00
2014-03-28,3.11,chinabond_official,1001.CB,ChinaBond Government Bond Yield Curve,0,1.0,https://yield.chinabond.com.cn/cbweb-czb-web/czb/historyQuery,2026-08-09T11:34:01.034821+00:00
2014-03-31,3.09,chinabond_official,1001.CB,ChinaBond Government Bond Yield Curve,0,1.0,https://yield.chinabond.com.cn/cbweb-czb-web/czb/historyQuery,2026-08-09T11:34:01.034821+00:00
2014-04-01,3.09,chinabond_official,1001.CB,ChinaBond Government Bond Yield Curve,0,1.0,https://yield.chinabond.com.cn/cbweb-czb-web/czb/historyQuery,2026-08-09T11:34:01.034821+00:00
2014-04-02,3.09,chinabond_official,1001.CB,ChinaBond Government Bond Yield Curve,0,1.0,https://yield.chinabond.com.cn/cbweb-czb-web/czb/historyQuery,2026-08-09T11:34:01.034821+00:00
2014-04-03,3.09,chinabond_official,1001.CB,ChinaBond Government Bond Yield Curve,0,1.0,https://yield.chinabond.com.cn/cbweb-czb-web/czb/historyQuery,2026-08-09T11:34:01.034821+00:00
2014-04-04,3.12,chinabond_official,1001.CB,ChinaBond Government Bond Yield Curve,0,1.0,https://yield.chinabond.com.cn/cbweb-czb-web/czb/historyQuery,2026-08-09T11:34:01.034821+00:00
2014-04-08,3.18,chinabond_official,1001.CB,ChinaBond Government Bond Yield Curve,0,1.0,https://yield.chinabond.com.cn/cbweb-czb-web/czb/historyQuery,2026-08-09T11:34:01.034821+00:00
2014-04-09,3.27,chinabond_official,1001.CB,ChinaBond Government Bond Yield Curve,0,1.0,https://yield.chinabond.com.cn/cbweb-czb-web/czb/historyQuery,2026-08-09T11:34:01.034821+00:00
2014-04-10,3.31,chinabond_official,1001.CB,ChinaBond Government Bond Yield Curve,0,1.0,https://yield.chinabond.com.cn/cbweb-czb-web/czb/historyQuery,2026-08-09T11:34:01.034821+00:00
2014-04-11,3.56,chinabond_official,1001.CB,ChinaBond Government Bond Yield Curve,0,1.0,https://yield.chinabond.com.cn/cbweb-czb-web/czb/historyQuery,2026-08-09T11:34:01.034821+00:00
2014-04-14,3.56,chinabond_official,1001.CB,ChinaBond Government Bond Yield Curve,0,1.0,https://yield.chinabond.com.cn/cbweb-czb-web/czb/historyQuery,2026-08-09T11:34:01.034821+00:00
2014-04-15,3.54,chinabond_official,1001.CB,ChinaBond Government Bond Yield Curve,0,1.0,https://yield.chinabond.com.cn/cbweb-czb-web/czb/historyQuery,2026-08-09T11:34:01.034821+00:00
2014-04-16,3.52,chinabond_official,1001.CB,ChinaBond Government Bond Yield Curve,0,1.0,https://yield.chinabond.com.cn/cbweb-czb-web/czb/historyQuery,2026-08-09T11:34:01.034821+00:00
2014-04-17,3.4,chinabond_official,1001.CB,ChinaBond Government Bond Yield Curve,0,1.0,https://yield.chinabond.com.cn/cbweb-czb-web/czb/historyQuery,2026-08-09T11:34:01.034821+00:00
2014-04-18,3.5,chinabond_official,1001.CB,ChinaBond Government Bond Yield Curve,0,1.0,https://yield.chinabond.com.cn/cbweb-czb-web/czb/historyQuery,2026-08-09T11:34:01.034821+00:00
2014-04-21,3.61,chinabond_official,1001.CB,ChinaBond Government Bond Yield Curve,0,1.0,https://yield.chinabond.com.cn/cbweb-czb-web/czb/historyQuery,2026-08-09T11:34:01.034821+00:00
2014-04-22,3.58,chinabond_official,1001.CB,ChinaBond Government Bond Yield Curve,0,1.0,https://yield.chinabond.com.cn/cbweb-czb-web/czb/historyQuery,2026-08-09T11:34:01.034821+00:00
2014-04-23,3.58,chinabond_official,1001.CB,ChinaBond Government Bond Yield Curve,0,1.0,https://yield.chinabond.com.cn/cbweb-czb-web/czb/historyQuery,2026-08-09T11:34:01.034821+00:00
2014-04-24,3.61,chinabond_official,1001.CB,ChinaBond Government Bond Yield Curve,0,1.0,https://yield.chinabond.com.cn/cbweb-czb-web/czb/historyQuery,2026-08-09T11:34:01.034821+00:00
2014-04-25,3.59,chinabond_official,1001.CB,ChinaBond Government Bond Yield Curve,0,1.0,https://yield.chinabond.com.cn/cbweb-czb-web/czb/historyQuery,2026-08-09T11:34:01.034821+00:00
2014-04-28,3.6,chinabond_official,1001.CB,ChinaBond Government Bond Yield Curve,0,1.0,https://yield.chinabond.com.cn/cbweb-czb-web/czb/historyQuery,2026-08-09T11:34:01.034821+00:00
2014-04-29,3.58,chinabond_official,1001.CB,ChinaBond Government Bond Yield Curve,0,1.0,https://yield.chinabond.com.cn/cbweb-czb-web/czb/historyQuery,2026-08-09T11:34:01.034821+00:00
2014-04-30,3.58,chinabond_official,1001.CB,ChinaBond Government Bond Yield Curve,0,1.0,https://yield.chinabond.com.cn/cbweb-czb-web/czb/historyQuery,2026-08-09T11:34:01.034821+00:00
2014-05-04,3.56,chinabond_official,1001.CB,ChinaBond Government Bond Yield Curve,0,1.0,https://yield.chinabond.com.cn/cbweb-czb-web/czb/historyQuery,2026-08-09T11:34:01.034821+00:00
2014-05-05,3.56,chinabond_official,1001.CB,ChinaBond Government Bond Yield Curve,0,1.0,https://yield.chinabond.com.cn/cbweb-czb-web/czb/historyQuery,2026-08-09T11:34:01.034821+00:00
2014-05-06,3.55,chinabond_official,1001.CB,ChinaBond Government Bond Yield Curve,0,1.0,https://yield.chinabond.com.cn/cbweb-czb-web/czb/historyQuery,2026-08-09T11:34:01.034821+00:00
2014-05-07,3.53,chinabond_official,1001.CB,ChinaBond Government Bond Yield Curve,0,1.0,https://yield.chinabond.com.cn/cbweb-czb-web/czb/historyQuery,2026-08-09T11:34:01.034821+00:00
2014-05-08,3.5,chinabond_official,1001.CB,ChinaBond Government Bond Yield Curve,0,1.0,https://yield.chinabond.com.cn/cbweb-czb-web/czb/historyQuery,2026-08-09T11:34:01.034821+00:00
2014-05-09,3.47,chinabond_official,1001.CB,ChinaBond Government Bond Yield Curve,0,1.0,https://yield.chinabond.com.cn/cbweb-czb-web/czb/historyQuery,2026-08-09T11:34:01.034821+00:00
2014-05-12,3.5,chinabond_official,1001.CB,ChinaBond Government Bond Yield Curve,0,1.0,https://yield.chinabond.com.cn/cbweb-czb-web/czb/historyQuery,2026-08-09T11:34:01.034821+00:00
2014-05-13,3.5,chinabond_official,1001.CB,ChinaBond Government Bond Yield Curve,0,1.0,https://yield.chinabond.com.cn/cbweb-czb-web/czb/historyQuery,2026-08-09T11:34:01.034821+00:00
2014-05-14,3.51,chinabond_official,1001.CB,ChinaBond Government Bond Yield Curve,0,1.0,https://yield.chinabond.com.cn/cbweb-czb-web/czb/historyQuery,2026-08-09T11:34:01.034821+00:00
2014-05-15,3.51,chinabond_official,1001.CB,ChinaBond Government Bond Yield Curve,0,1.0,https://yield.chinabond.com.cn/cbweb-czb-web/czb/historyQuery,2026-08-09T11:34:01.034821+00:00
2014-05-16,3.51,chinabond_official,1001.CB,ChinaBond Government Bond Yield Curve,0,1.0,https://yield.chinabond.com.cn/cbweb-czb-web/czb/historyQuery,2026-08-09T11:34:01.034821+00:00
2014-05-19,3.49,chinabond_official,1001.CB,ChinaBond Government Bond Yield Curve,0,1.0,https://yield.chinabond.com.cn/cbweb-czb-web/czb/historyQuery,2026-08-09T11:34:01.034821+00:00
2014-05-20,3.5,chinabond_official,1001.CB,ChinaBond Government Bond Yield Curve,0,1.0,https://yield.chinabond.com.cn/cbweb-czb-web/czb/historyQuery,2026-08-09T11:34:01.034821+00:00
2014-05-21,3.5,chinabond_official,1001.CB,ChinaBond Government Bond Yield Curve,0,1.0,https://yield.chinabond.com.cn/cbweb-czb-web/czb/historyQuery,2026-08-09T11:34:01.034821+00:00
2014-05-22,3.47,chinabond_official,1001.CB,ChinaBond Government Bond Yield Curve,0,1.0,https://yield.chinabond.com.cn/cbweb-czb-web/czb/historyQuery,2026-08-09T11:34:01.034821+00:00
2014-05-23,3.46,chinabond_official,1001.CB,ChinaBond Government Bond Yield Curve,0,1.0,https://yield.chinabond.com.cn/cbweb-czb-web/czb/historyQuery,2026-08-09T11:34:01.034821+00:00
2014-05-26,3.46,chinabond_official,1001.CB,ChinaBond Government Bond Yield Curve,0,1.0,https://yield.chinabond.com.cn/cbweb-czb-web/czb/historyQuery,2026-08-09T11:34:01.034821+00:00
2014-05-27,3.36,chinabond_official,1001.CB,ChinaBond Government Bond Yield Curve,0,1.0,https://yield.chinabond.com.cn/cbweb-czb-web/czb/historyQuery,2026-08-09T11:34:01.034821+00:00
2014-05-28,3.37,chinabond_official,1001.CB,ChinaBond Government Bond Yield Curve,0,1.0,https://yield.chinabond.com.cn/cbweb-czb-web/czb/historyQuery,2026-08-09T11:34:01.034821+00:00
2014-05-29,3.36,chinabond_official,1001.CB,ChinaBond Government Bond Yield Curve,0,1.0,https://yield.chinabond.com.cn/cbweb-czb-web/czb/historyQuery,2026-08-09T11:34:01.034821+00:00
2014-05-30,3.36,chinabond_official,1001.CB,ChinaBond Government Bond Yield Curve,0,1.0,https://yield.chinabond.com.cn/cbweb-czb-web/czb/historyQuery,2026-08-09T11:34:01.034821+00:00
2014-06-03,3.31,chinabond_official,1001.CB,ChinaBond Government Bond Yield Curve,0,1.0,https://yield.chinabond.com.cn/cbweb-czb-web/czb/historyQuery,2026-08-09T11:34:01.034821+00:00
2014-06-04,3.23,chinabond_official,1001.CB,ChinaBond Government Bond Yield Curve,0,1.0,https://yield.chinabond.com.cn/cbweb-czb-web/czb/historyQuery,2026-08-09T11:34:01.034821+00:00
2014-06-05,3.17,chinabond_official,1001.CB,ChinaBond Government Bond Yield Curve,0,1.0,https://yield.chinabond.com.cn/cbweb-czb-web/czb/historyQuery,2026-08-09T11:34:01.034821+00:00
2014-06-06,3.19,chinabond_official,1001.CB,ChinaBond Government Bond Yield Curve,0,1.0,https://yield.chinabond.com.cn/cbweb-czb-web/czb/historyQuery,2026-08-09T11:34:01.034821+00:00
2014-06-09,3.17,chinabond_official,1001.CB,ChinaBond Government Bond Yield Curve,0,1.0,https://yield.chinabond.com.cn/cbweb-czb-web/czb/historyQuery,2026-08-09T11:34:01.034821+00:00
2014-06-10,3.15,chinabond_official,1001.CB,ChinaBond Government Bond Yield Curve,0,1.0,https://yield.chinabond.com.cn/cbweb-czb-web/czb/historyQuery,2026-08-09T11:34:01.034821+00:00
2014-06-11,3.25,chinabond_official,1001.CB,ChinaBond Government Bond Yield Curve,0,1.0,https://yield.chinabond.com.cn/cbweb-czb-web/czb/historyQuery,2026-08-09T11:34:01.034821+00:00
2014-06-12,3.33,chinabond_official,1001.CB,ChinaBond Government Bond Yield Curve,0,1.0,https://yield.chinabond.com.cn/cbweb-czb-web/czb/historyQuery,2026-08-09T11:34:01.034821+00:00
2014-06-13,3.35,chinabond_official,1001.CB,ChinaBond Government Bond Yield Curve,0,1.0,https://yield.chinabond.com.cn/cbweb-czb-web/czb/historyQuery,2026-08-09T11:34:01.034821+00:00
2014-06-16,3.33,chinabond_official,1001.CB,ChinaBond Government Bond Yield Curve,0,1.0,https://yield.chinabond.com.cn/cbweb-czb-web/czb/historyQuery,2026-08-09T11:34:01.034821+00:00
2014-06-17,3.35,chinabond_official,1001.CB,ChinaBond Government Bond Yield Curve,0,1.0,https://yield.chinabond.com.cn/cbweb-czb-web/czb/historyQuery,2026-08-09T11:34:01.034821+00:00
2014-06-18,3.39,chinabond_official,1001.CB,ChinaBond Government Bond Yield Curve,0,1.0,https://yield.chinabond.com.cn/cbweb-czb-web/czb/historyQuery,2026-08-09T11:34:01.034821+00:00
2014-06-19,3.41,chinabond_official,1001.CB,ChinaBond Government Bond Yield Curve,0,1.0,https://yield.chinabond.com.cn/cbweb-czb-web/czb/historyQuery,2026-08-09T11:34:01.034821+00:00
2014-06-20,3.4,chinabond_official,1001.CB,ChinaBond Government Bond Yield Curve,0,1.0,https://yield.chinabond.com.cn/cbweb-czb-web/czb/historyQuery,2026-08-09T11:34:01.034821+00:00
2014-06-23,3.38,chinabond_official,1001.CB,ChinaBond Government Bond Yield Curve,0,1.0,https://yield.chinabond.com.cn/cbweb-czb-web/czb/historyQuery,2026-08-09T11:34:01.034821+00:00
2014-06-24,3.38,chinabond_official,1001.CB,ChinaBond Government Bond Yield Curve,0,1.0,https://yield.chinabond.com.cn/cbweb-czb-web/czb/historyQuery,2026-08-09T11:34:01.034821+00:00
2014-06-25,3.39,chinabond_official,1001.CB,ChinaBond Government Bond Yield Curve,0,1.0,https://yield.chinabond.com.cn/cbweb-czb-web/czb/historyQuery,2026-08-09T11:34:01.034821+00:00
2014-06-26,3.36,chinabond_official,1001.CB,ChinaBond Government Bond Yield Curve,0,1.0,https://yield.chinabond.com.cn/cbweb-czb-web/czb/historyQuery,2026-08-09T11:34:01.034821+00:00
2014-06-27,3.36,chinabond_official,1001.CB,ChinaBond Government Bond Yield Curve,0,1.0,https://yield.chinabond.com.cn/cbweb-czb-web/czb/historyQuery,2026-08-09T11:34:01.034821+00:00
2014-06-30,3.38,chinabond_official,1001.CB,ChinaBond Government Bond Yield Curve,0,1.0,https://yield.chinabond.com.cn/cbweb-czb-web/czb/historyQuery,2026-08-09T11:34:01.034821+00:00
2014-07-01,3.41,chinabond_official,1001.CB,ChinaBond Government Bond Yield Curve,0,1.0,https://yield.chinabond.com.cn/cbweb-czb-web/czb/historyQuery,2026-08-09T11:34:01.034821+00:00
2014-07-02,3.46,chinabond_official,1001.CB,ChinaBond Government Bond Yield Curve,0,1.0,https://yield.chinabond.com.cn/cbweb-czb-web/czb/historyQuery,2026-08-09T11:34:01.034821+00:00
2014-07-03,3.47,chinabond_official,1001.CB,ChinaBond Government Bond Yield Curve,0,1.0,https://yield.chinabond.com.cn/cbweb-czb-web/czb/historyQuery,2026-08-09T11:34:01.034821+00:00
2014-07-04,3.45,chinabond_official,1001.CB,ChinaBond Government Bond Yield Curve,0,1.0,https://yield.chinabond.com.cn/cbweb-czb-web/czb/historyQuery,2026-08-09T11:34:01.034821+00:00
2014-07-07,3.44,chinabond_official,1001.CB,ChinaBond Government Bond Yield Curve,0,1.0,https://yield.chinabond.com.cn/cbweb-czb-web/czb/historyQuery,2026-08-09T11:34:01.034821+00:00
2014-07-08,3.43,chinabond_official,1001.CB,ChinaBond Government Bond Yield Curve,0,1.0,https://yield.chinabond.com.cn/cbweb-czb-web/czb/historyQuery,2026-08-09T11:34:01.034821+00:00
2014-07-09,3.48,chinabond_official,1001.CB,ChinaBond Government Bond Yield Curve,0,1.0,https://yield.chinabond.com.cn/cbweb-czb-web/czb/historyQuery,2026-08-09T11:34:01.034821+00:00
2014-07-10,3.51,chinabond_official,1001.CB,ChinaBond Government Bond Yield Curve,0,1.0,https://yield.chinabond.com.cn/cbweb-czb-web/czb/historyQuery,2026-08-09T11:34:01.034821+00:00
2014-07-11,3.51,chinabond_official,1001.CB,ChinaBond Government Bond Yield Curve,0,1.0,https://yield.chinabond.com.cn/cbweb-czb-web/czb/historyQuery,2026-08-09T11:34:01.034821+00:00
2014-07-14,3.52,chinabond_official,1001.CB,ChinaBond Government Bond Yield Curve,0,1.0,https://yield.chinabond.com.cn/cbweb-czb-web/czb/historyQuery,2026-08-09T11:34:01.034821+00:00
2014-07-15,3.59,chinabond_official,1001.CB,ChinaBond Government Bond Yield Curve,0,1.0,https://yield.chinabond.com.cn/cbweb-czb-web/czb/historyQuery,2026-08-09T11:34:01.034821+00:00
2014-07-16,3.73,chinabond_official,1001.CB,ChinaBond Government Bond Yield Curve,0,1.0,https://yield.chinabond.com.cn/cbweb-czb-web/czb/historyQuery,2026-08-09T11:34:01.034821+00:00
2014-07-17,3.78,chinabond_official,1001.CB,ChinaBond Government Bond Yield Curve,0,1.0,https://yield.chinabond.com.cn/cbweb-czb-web/czb/historyQuery,2026-08-09T11:34:01.034821+00:00
2014-07-18,3.87,chinabond_official,1001.CB,ChinaBond Government Bond Yield Curve,0,1.0,https://yield.chinabond.com.cn/cbweb-czb-web/czb/historyQuery,2026-08-09T11:34:01.034821+00:00
2014-07-21,3.81,chinabond_official,1001.CB,ChinaBond Government Bond Yield Curve,0,1.0,https://yield.chinabond.com.cn/cbweb-czb-web/czb/historyQuery,2026-08-09T11:34:01.034821+00:00
2014-07-22,3.78,chinabond_official,1001.CB,ChinaBond Government Bond Yield Curve,0,1.0,https://yield.chinabond.com.cn/cbweb-czb-web/czb/historyQuery,2026-08-09T11:34:01.034821+00:00
2014-07-23,3.78,chinabond_official,1001.CB,ChinaBond Government Bond Yield Curve,0,1.0,https://yield.chinabond.com.cn/cbweb-czb-web/czb/historyQuery,2026-08-09T11:34:01.034821+00:00
2014-07-24,3.74,chinabond_official,1001.CB,ChinaBond Government Bond Yield Curve,0,1.0,https://yield.chinabond.com.cn/cbweb-czb-web/czb/historyQuery,2026-08-09T11:34:01.034821+00:00
2014-07-25,3.72,chinabond_official,1001.CB,ChinaBond Government Bond Yield Curve,0,1.0,https://yield.chinabond.com.cn/cbweb-czb-web/czb/historyQuery,2026-08-09T11:34:01.034821+00:00
2014-07-28,3.73,chinabond_official,1001.CB,ChinaBond Government Bond Yield Curve,0,1.0,https://yield.chinabond.com.cn/cbweb-czb-web/czb/historyQuery,2026-08-09T11:34:01.034821+00:00
2014-07-29,3.76,chinabond_official,1001.CB,ChinaBond Government Bond Yield Curve,0,1.0,https://yield.chinabond.com.cn/cbweb-czb-web/czb/historyQuery,2026-08-09T11:34:01.034821+00:00
2014-07-30,3.76,chinabond_official,1001.CB,ChinaBond Government Bond Yield Curve,0,1.0,https://yield.chinabond.com.cn/cbweb-czb-web/czb/historyQuery,2026-08-09T11:34:01.034821+00:00
2014-07-31,3.74,chinabond_official,1001.CB,ChinaBond Government Bond Yield Curve,0,1.0,https://yield.chinabond.com.cn/cbweb-czb-web/czb/historyQuery,2026-08-09T11:34:01.034821+00:00
2014-08-01,3.72,chinabond_official,1001.CB,ChinaBond Government Bond Yield Curve,0,1.0,https://yield.chinabond.com.cn/cbweb-czb-web/czb/historyQuery,2026-08-09T11:34:01.034821+00:00
2014-08-04,3.71,chinabond_official,1001.CB,ChinaBond Government Bond Yield Curve,0,1.0,https://yield.chinabond.com.cn/cbweb-czb-web/czb/historyQuery,2026-08-09T11:34:01.034821+00:00
2014-08-05,3.72,chinabond_official,1001.CB,ChinaBond Government Bond Yield Curve,0,1.0,https://yield.chinabond.com.cn/cbweb-czb-web/czb/historyQuery,2026-08-09T11:34:01.034821+00:00
2014-08-06,3.71,chinabond_official,1001.CB,ChinaBond Government Bond Yield Curve,0,1.0,https://yield.chinabond.com.cn/cbweb-czb-web/czb/historyQuery,2026-08-09T11:34:01.034821+00:00
2014-08-07,3.7,chinabond_official,1001.CB,ChinaBond Government Bond Yield Curve,0,1.0,https://yield.chinabond.com.cn/cbweb-czb-web/czb/historyQuery,2026-08-09T11:34:01.034821+00:00
2014-08-08,3.7,chinabond_official,1001.CB,ChinaBond Government Bond Yield Curve,0,1.0,https://yield.chinabond.com.cn/cbweb-czb-web/czb/historyQuery,2026-08-09T11:34:01.034821+00:00
2014-08-11,3.73,chinabond_official,1001.CB,ChinaBond Government Bond Yield Curve,0,1.0,https://yield.chinabond.com.cn/cbweb-czb-web/czb/historyQuery,2026-08-09T11:34:01.034821+00:00
2014-08-12,3.75,chinabond_official,1001.CB,ChinaBond Government Bond Yield Curve,0,1.0,https://yield.chinabond.com.cn/cbweb-czb-web/czb/historyQuery,2026-08-09T11:34:01.034821+00:00
2014-08-13,3.79,chinabond_official,1001.CB,ChinaBond Government Bond Yield Curve,0,1.0,https://yield.chinabond.com.cn/cbweb-czb-web/czb/historyQuery,2026-08-09T11:34:01.034821+00:00
2014-08-14,3.78,chinabond_official,1001.CB,ChinaBond Government Bond Yield Curve,0,1.0,https://yield.chinabond.com.cn/cbweb-czb-web/czb/historyQuery,2026-08-09T11:34:01.034821+00:00
2014-08-15,3.74,chinabond_official,1001.CB,ChinaBond Government Bond Yield Curve,0,1.0,https://yield.chinabond.com.cn/cbweb-czb-web/czb/historyQuery,2026-08-09T11:34:01.034821+00:00
2014-08-18,3.75,chinabond_official,1001.CB,ChinaBond Government Bond Yield Curve,0,1.0,https://yield.chinabond.com.cn/cbweb-czb-web/czb/historyQuery,2026-08-09T11:34:01.034821+00:00
2014-08-19,3.74,chinabond_official,1001.CB,ChinaBond Government Bond Yield Curve,0,1.0,https://yield.chinabond.com.cn/cbweb-czb-web/czb/historyQuery,2026-08-09T11:34:01.034821+00:00
2014-08-20,3.78,chinabond_official,1001.CB,ChinaBond Government Bond Yield Curve,0,1.0,https://yield.chinabond.com.cn/cbweb-czb-web/czb/historyQuery,2026-08-09T11:34:01.034821+00:00
2014-08-21,3.8,chinabond_official,1001.CB,ChinaBond Government Bond Yield Curve,0,1.0,https://yield.chinabond.com.cn/cbweb-czb-web/czb/historyQuery,2026-08-09T11:34:01.034821+00:00
2014-08-22,3.81,chinabond_official,1001.CB,ChinaBond Government Bond Yield Curve,0,1.0,https://yield.chinabond.com.cn/cbweb-czb-web/czb/historyQuery,2026-08-09T11:34:01.034821+00:00
2014-08-25,3.81,chinabond_official,1001.CB,ChinaBond Government Bond Yield Curve,0,1.0,https://yield.chinabond.com.cn/cbweb-czb-web/czb/historyQuery,2026-08-09T11:34:01.034821+00:00
2014-08-26,3.83,chinabond_official,1001.CB,ChinaBond Government Bond Yield Curve,0,1.0,https://yield.chinabond.com.cn/cbweb-czb-web/czb/historyQuery,2026-08-09T11:34:01.034821+00:00
2014-08-27,3.81,chinabond_official,1001.CB,ChinaBond Government Bond Yield Curve,0,1.0,https://yield.chinabond.com.cn/cbweb-czb-web/czb/historyQuery,2026-08-09T11:34:01.034821+00:00
2014-08-28,3.8,chinabond_official,1001.CB,ChinaBond Government Bond Yield Curve,0,1.0,https://yield.chinabond.com.cn/cbweb-czb-web/czb/historyQuery,2026-08-09T11:34:01.034821+00:00
2014-08-29,3.81,chinabond_official,1001.CB,ChinaBond Government Bond Yield Curve,0,1.0,https://yield.chinabond.com.cn/cbweb-czb-web/czb/historyQuery,2026-08-09T11:34:01.034821+00:00
2014-09-01,3.8,chinabond_official,1001.CB,ChinaBond Government Bond Yield Curve,0,1.0,https://yield.chinabond.com.cn/cbweb-czb-web/czb/historyQuery,2026-08-09T11:34:01.034821+00:00
2014-09-02,3.79,chinabond_official,1001.CB,ChinaBond Government Bond Yield Curve,0,1.0,https://yield.chinabond.com.cn/cbweb-czb-web/czb/historyQuery,2026-08-09T11:34:01.034821+00:00
2014-09-03,3.82,chinabond_official,1001.CB,ChinaBond Government Bond Yield Curve,0,1.0,https://yield.chinabond.com.cn/cbweb-czb-web/czb/historyQuery,2026-08-09T11:34:01.034821+00:00
2014-09-04,3.8,chinabond_official,1001.CB,ChinaBond Government Bond Yield Curve,0,1.0,https://yield.chinabond.com.cn/cbweb-czb-web/czb/historyQuery,2026-08-09T11:34:01.034821+00:00
2014-09-05,3.78,chinabond_official,1001.CB,ChinaBond Government Bond Yield Curve,0,1.0,https://yield.chinabond.com.cn/cbweb-czb-web/czb/historyQuery,2026-08-09T11:34:01.034821+00:00
2014-09-09,3.79,chinabond_official,1001.CB,ChinaBond Government Bond Yield Curve,0,1.0,https://yield.chinabond.com.cn/cbweb-czb-web/czb/historyQuery,2026-08-09T11:34:01.034821+00:00
2014-09-10,3.79,chinabond_official,1001.CB,ChinaBond Government Bond Yield Curve,0,1.0,https://yield.chinabond.com.cn/cbweb-czb-web/czb/historyQuery,2026-08-09T11:34:01.034821+00:00
2014-09-11,3.81,chinabond_official,1001.CB,ChinaBond Government Bond Yield Curve,0,1.0,https://yield.chinabond.com.cn/cbweb-czb-web/czb/historyQuery,2026-08-09T11:34:01.034821+00:00
2014-09-12,3.82,chinabond_official,1001.CB,ChinaBond Government Bond Yield Curve,0,1.0,https://yield.chinabond.com.cn/cbweb-czb-web/czb/historyQuery,2026-08-09T11:34:01.034821+00:00
2014-09-15,3.8,chinabond_official,1001.CB,ChinaBond Government Bond Yield Curve,0,1.0,https://yield.chinabond.com.cn/cbweb-czb-web/czb/historyQuery,2026-08-09T11:34:01.034821+00:00
2014-09-16,3.83,chinabond_official,1001.CB,ChinaBond Government Bond Yield Curve,0,1.0,https://yield.chinabond.com.cn/cbweb-czb-web/czb/historyQuery,2026-08-09T11:34:01.034821+00:00
2014-09-17,3.79,chinabond_official,1001.CB,ChinaBond Government Bond Yield Curve,0,1.0,https://yield.chinabond.com.cn/cbweb-czb-web/czb/historyQuery,2026-08-09T11:34:01.034821+00:00
2014-09-18,3.77,chinabond_official,1001.CB,ChinaBond Government Bond Yield Curve,0,1.0,https://yield.chinabond.com.cn/cbweb-czb-web/czb/historyQuery,2026-08-09T11:34:01.034821+00:00
2014-09-19,3.77,chinabond_official,1001.CB,ChinaBond Government Bond Yield Curve,0,1.0,https://yield.chinabond.com.cn/cbweb-czb-web/czb/historyQuery,2026-08-09T11:34:01.034821+00:00
2014-09-22,3.79,chinabond_official,1001.CB,ChinaBond Government Bond Yield Curve,0,1.0,https://yield.chinabond.com.cn/cbweb-czb-web/czb/historyQuery,2026-08-09T11:34:01.034821+00:00
2014-09-23,3.76,chinabond_official,1001.CB,ChinaBond Government Bond Yield Curve,0,1.0,https://yield.chinabond.com.cn/cbweb-czb-web/czb/historyQuery,2026-08-09T11:34:01.034821+00:00
2014-09-24,3.78,chinabond_official,1001.CB,ChinaBond Government Bond Yield Curve,0,1.0,https://yield.chinabond.com.cn/cbweb-czb-web/czb/historyQuery,2026-08-09T11:34:01.034821+00:00
2014-09-25,3.75,chinabond_official,1001.CB,ChinaBond Government Bond Yield Curve,0,1.0,https://yield.chinabond.com.cn/cbweb-czb-web/czb/historyQuery,2026-08-09T11:34:01.034821+00:00
2014-09-26,3.75,chinabond_official,1001.CB,ChinaBond Government Bond Yield Curve,0,1.0,https://yield.chinabond.com.cn/cbweb-czb-web/czb/historyQuery,2026-08-09T11:34:01.034821+00:00
2014-09-28,3.74,chinabond_official,1001.CB,ChinaBond Government Bond Yield Curve,0,1.0,https://yield.chinabond.com.cn/cbweb-czb-web/czb/historyQuery,2026-08-09T11:34:01.034821+00:00
2014-09-29,3.75,chinabond_official,1001.CB,ChinaBond Government Bond Yield Curve,0,1.0,https://yield.chinabond.com.cn/cbweb-czb-web/czb/historyQuery,2026-08-09T11:34:01.034821+00:00
2014-09-30,3.74,chinabond_official,1001.CB,ChinaBond Government Bond Yield Curve,0,1.0,https://yield.chinabond.com.cn/cbweb-czb-web/czb/historyQuery,2026-08-09T11:34:01.034821+00:00
2014-10-08,3.74,chinabond_official,1001.CB,ChinaBond Government Bond Yield Curve,0,1.0,https://yield.chinabond.com.cn/cbweb-czb-web/czb/historyQuery,2026-08-09T11:34:01.034821+00:00
2014-10-09,3.74,chinabond_official,1001.CB,ChinaBond Government Bond Yield Curve,0,1.0,https://yield.chinabond.com.cn/cbweb-czb-web/czb/historyQuery,2026-08-09T11:34:01.034821+00:00
2014-10-10,3.74,chinabond_official,1001.CB,ChinaBond Government Bond Yield Curve,0,1.0,https://yield.chinabond.com.cn/cbweb-czb-web/czb/historyQuery,2026-08-09T11:34:01.034821+00:00
2014-10-11,3.73,chinabond_official,1001.CB,ChinaBond Government Bond Yield Curve,0,1.0,https://yield.chinabond.com.cn/cbweb-czb-web/czb/historyQuery,2026-08-09T11:34:01.034821+00:00
2014-10-13,3.72,chinabond_official,1001.CB,ChinaBond Government Bond Yield Curve,0,1.0,https://yield.chinabond.com.cn/cbweb-czb-web/czb/historyQuery,2026-08-09T11:34:01.034821+00:00
2014-10-14,3.67,chinabond_official,1001.CB,ChinaBond Government Bond Yield Curve,0,1.0,https://yield.chinabond.com.cn/cbweb-czb-web/czb/historyQuery,2026-08-09T11:34:01.034821+00:00
2014-10-15,3.64,chinabond_official,1001.CB,ChinaBond Government Bond Yield Curve,0,1.0,https://yield.chinabond.com.cn/cbweb-czb-web/czb/historyQuery,2026-08-09T11:34:01.034821+00:00
2014-10-16,3.57,chinabond_official,1001.CB,ChinaBond Government Bond Yield Curve,0,1.0,https://yield.chinabond.com.cn/cbweb-czb-web/czb/historyQuery,2026-08-09T11:34:01.034821+00:00
2014-10-17,3.54,chinabond_official,1001.CB,ChinaBond Government Bond Yield Curve,0,1.0,https://yield.chinabond.com.cn/cbweb-czb-web/czb/historyQuery,2026-08-09T11:34:01.034821+00:00
2014-10-20,3.5,chinabond_official,1001.CB,ChinaBond Government Bond Yield Curve,0,1.0,https://yield.chinabond.com.cn/cbweb-czb-web/czb/historyQuery,2026-08-09T11:34:01.034821+00:00
2014-10-21,3.48,chinabond_official,1001.CB,ChinaBond Government Bond Yield Curve,0,1.0,https://yield.chinabond.com.cn/cbweb-czb-web/czb/historyQuery,2026-08-09T11:34:01.034821+00:00
2014-10-22,3.49,chinabond_official,1001.CB,ChinaBond Government Bond Yield Curve,0,1.0,https://yield.chinabond.com.cn/cbweb-czb-web/czb/historyQuery,2026-08-09T11:34:01.034821+00:00
2014-10-23,3.48,chinabond_official,1001.CB,ChinaBond Government Bond Yield Curve,0,1.0,https://yield.chinabond.com.cn/cbweb-czb-web/czb/historyQuery,2026-08-09T11:34:01.034821+00:00
2014-10-24,3.5,chinabond_official,1001.CB,ChinaBond Government Bond Yield Curve,0,1.0,https://yield.chinabond.com.cn/cbweb-czb-web/czb/historyQuery,2026-08-09T11:34:01.034821+00:00
2014-10-27,3.45,chinabond_official,1001.CB,ChinaBond Government Bond Yield Curve,0,1.0,https://yield.chinabond.com.cn/cbweb-czb-web/czb/historyQuery,2026-08-09T11:34:01.034821+00:00
2014-10-28,3.42,chinabond_official,1001.CB,ChinaBond Government Bond Yield Curve,0,1.0,https://yield.chinabond.com.cn/cbweb-czb-web/czb/historyQuery,2026-08-09T11:34:01.034821+00:00
2014-10-29,3.4,chinabond_official,1001.CB,ChinaBond Government Bond Yield Curve,0,1.0,https://yield.chinabond.com.cn/cbweb-czb-web/czb/historyQuery,2026-08-09T11:34:01.034821+00:00
2014-10-30,3.38,chinabond_official,1001.CB,ChinaBond Government Bond Yield Curve,0,1.0,https://yield.chinabond.com.cn/cbweb-czb-web/czb/historyQuery,2026-08-09T11:34:01.034821+00:00
2014-10-31,3.36,chinabond_official,1001.CB,ChinaBond Government Bond Yield Curve,0,1.0,https://yield.chinabond.com.cn/cbweb-czb-web/czb/historyQuery,2026-08-09T11:34:01.034821+00:00
2014-11-03,3.3,chinabond_official,1001.CB,ChinaBond Government Bond Yield Curve,0,1.0,https://yield.chinabond.com.cn/cbweb-czb-web/czb/historyQuery,2026-08-09T11:34:01.034821+00:00
2014-11-04,3.24,chinabond_official,1001.CB,ChinaBond Government Bond Yield Curve,0,1.0,https://yield.chinabond.com.cn/cbweb-czb-web/czb/historyQuery,2026-08-09T11:34:01.034821+00:00
2014-11-05,3.25,chinabond_official,1001.CB,ChinaBond Government Bond Yield Curve,0,1.0,https://yield.chinabond.com.cn/cbweb-czb-web/czb/historyQuery,2026-08-09T11:34:01.034821+00:00
2014-11-06,3.23,chinabond_official,1001.CB,ChinaBond Government Bond Yield Curve,0,1.0,https://yield.chinabond.com.cn/cbweb-czb-web/czb/historyQuery,2026-08-09T11:34:01.034821+00:00
2014-11-07,3.2,chinabond_official,1001.CB,ChinaBond Government Bond Yield Curve,0,1.0,https://yield.chinabond.com.cn/cbweb-czb-web/czb/historyQuery,2026-08-09T11:34:01.034821+00:00
2014-11-10,3.18,chinabond_official,1001.CB,ChinaBond Government Bond Yield Curve,0,1.0,https://yield.chinabond.com.cn/cbweb-czb-web/czb/historyQuery,2026-08-09T11:34:01.034821+00:00
2014-11-11,3.16,chinabond_official,1001.CB,ChinaBond Government Bond Yield Curve,0,1.0,https://yield.chinabond.com.cn/cbweb-czb-web/czb/historyQuery,2026-08-09T11:34:01.034821+00:00
2014-11-12,3.15,chinabond_official,1001.CB,ChinaBond Government Bond Yield Curve,0,1.0,https://yield.chinabond.com.cn/cbweb-czb-web/czb/historyQuery,2026-08-09T11:34:01.034821+00:00
2014-11-13,3.15,chinabond_official,1001.CB,ChinaBond Government Bond Yield Curve,0,1.0,https://yield.chinabond.com.cn/cbweb-czb-web/czb/historyQuery,2026-08-09T11:34:01.034821+00:00
2014-11-14,3.15,chinabond_official,1001.CB,ChinaBond Government Bond Yield Curve,0,1.0,https://yield.chinabond.com.cn/cbweb-czb-web/czb/historyQuery,2026-08-09T11:34:01.034821+00:00
2014-11-17,3.17,chinabond_official,1001.CB,ChinaBond Government Bond Yield Curve,0,1.0,https://yield.chinabond.com.cn/cbweb-czb-web/czb/historyQuery,2026-08-09T11:34:01.034821+00:00
2014-11-18,3.15,chinabond_official,1001.CB,ChinaBond Government Bond Yield Curve,0,1.0,https://yield.chinabond.com.cn/cbweb-czb-web/czb/historyQuery,2026-08-09T11:34:01.034821+00:00
2014-11-19,3.15,chinabond_official,1001.CB,ChinaBond Government Bond Yield Curve,0,1.0,https://yield.chinabond.com.cn/cbweb-czb-web/czb/historyQuery,2026-08-09T11:34:01.034821+00:00
2014-11-20,3.21,chinabond_official,1001.CB,ChinaBond Government Bond Yield Curve,0,1.0,https://yield.chinabond.com.cn/cbweb-czb-web/czb/historyQuery,2026-08-09T11:34:01.034821+00:00
2014-11-21,3.27,chinabond_official,1001.CB,ChinaBond Government Bond Yield Curve,0,1.0,https://yield.chinabond.com.cn/cbweb-czb-web/czb/historyQuery,2026-08-09T11:34:01.034821+00:00
2014-11-24,3.13,chinabond_official,1001.CB,ChinaBond Government Bond Yield Curve,0,1.0,https://yield.chinabond.com.cn/cbweb-czb-web/czb/historyQuery,2026-08-09T11:34:01.034821+00:00
2014-11-25,3.0,chinabond_official,1001.CB,ChinaBond Government Bond Yield Curve,0,1.0,https://yield.chinabond.com.cn/cbweb-czb-web/czb/historyQuery,2026-08-09T11:34:01.034821+00:00
2014-11-26,3.03,chinabond_official,1001.CB,ChinaBond Government Bond Yield Curve,0,1.0,https://yield.chinabond.com.cn/cbweb-czb-web/czb/historyQuery,2026-08-09T11:34:01.034821+00:00
2014-11-27,3.03,chinabond_official,1001.CB,ChinaBond Government Bond Yield Curve,0,1.0,https://yield.chinabond.com.cn/cbweb-czb-web/czb/historyQuery,2026-08-09T11:34:01.034821+00:00
2014-11-28,3.03,chinabond_official,1001.CB,ChinaBond Government Bond Yield Curve,0,1.0,https://yield.chinabond.com.cn/cbweb-czb-web/czb/historyQuery,2026-08-09T11:34:01.034821+00:00
2014-12-01,3.02,chinabond_official,1001.CB,ChinaBond Government Bond Yield Curve,0,1.0,https://yield.chinabond.com.cn/cbweb-czb-web/czb/historyQuery,2026-08-09T11:34:01.034821+00:00
2014-12-02,3.04,chinabond_official,1001.CB,ChinaBond Government Bond Yield Curve,0,1.0,https://yield.chinabond.com.cn/cbweb-czb-web/czb/historyQuery,2026-08-09T11:34:01.034821+00:00
2014-12-03,3.06,chinabond_official,1001.CB,ChinaBond Government Bond Yield Curve,0,1.0,https://yield.chinabond.com.cn/cbweb-czb-web/czb/historyQuery,2026-08-09T11:34:01.034821+00:00
2014-12-04,3.06,chinabond_official,1001.CB,ChinaBond Government Bond Yield Curve,0,1.0,https://yield.chinabond.com.cn/cbweb-czb-web/czb/historyQuery,2026-08-09T11:34:01.034821+00:00
2014-12-05,3.14,chinabond_official,1001.CB,ChinaBond Government Bond Yield Curve,0,1.0,https://yield.chinabond.com.cn/cbweb-czb-web/czb/historyQuery,2026-08-09T11:34:01.034821+00:00
2014-12-08,3.2,chinabond_official,1001.CB,ChinaBond Government Bond Yield Curve,0,1.0,https://yield.chinabond.com.cn/cbweb-czb-web/czb/historyQuery,2026-08-09T11:34:01.034821+00:00
2014-12-09,3.37,chinabond_official,1001.CB,ChinaBond Government Bond Yield Curve,0,1.0,https://yield.chinabond.com.cn/cbweb-czb-web/czb/historyQuery,2026-08-09T11:34:01.034821+00:00
2014-12-10,3.38,chinabond_official,1001.CB,ChinaBond Government Bond Yield Curve,0,1.0,https://yield.chinabond.com.cn/cbweb-czb-web/czb/historyQuery,2026-08-09T11:34:01.034821+00:00
2014-12-11,3.36,chinabond_official,1001.CB,ChinaBond Government Bond Yield Curve,0,1.0,https://yield.chinabond.com.cn/cbweb-czb-web/czb/historyQuery,2026-08-09T11:34:01.034821+00:00
2014-12-12,3.33,chinabond_official,1001.CB,ChinaBond Government Bond Yield Curve,0,1.0,https://yield.chinabond.com.cn/cbweb-czb-web/czb/historyQuery,2026-08-09T11:34:01.034821+00:00
2014-12-15,3.33,chinabond_official,1001.CB,ChinaBond Government Bond Yield Curve,0,1.0,https://yield.chinabond.com.cn/cbweb-czb-web/czb/historyQuery,2026-08-09T11:34:01.034821+00:00
2014-12-16,3.33,chinabond_official,1001.CB,ChinaBond Government Bond Yield Curve,0,1.0,https://yield.chinabond.com.cn/cbweb-czb-web/czb/historyQuery,2026-08-09T11:34:01.034821+00:00
2014-12-17,3.44,chinabond_official,1001.CB,ChinaBond Government Bond Yield Curve,0,1.0,https://yield.chinabond.com.cn/cbweb-czb-web/czb/historyQuery,2026-08-09T11:34:01.034821+00:00
2014-12-18,3.5,chinabond_official,1001.CB,ChinaBond Government Bond Yield Curve,0,1.0,https://yield.chinabond.com.cn/cbweb-czb-web/czb/historyQuery,2026-08-09T11:34:01.034821+00:00
2014-12-19,3.53,chinabond_official,1001.CB,ChinaBond Government Bond Yield Curve,0,1.0,https://yield.chinabond.com.cn/cbweb-czb-web/czb/historyQuery,2026-08-09T11:34:01.034821+00:00
2014-12-22,3.5,chinabond_official,1001.CB,ChinaBond Government Bond Yield Curve,0,1.0,https://yield.chinabond.com.cn/cbweb-czb-web/czb/historyQuery,2026-08-09T11:34:01.034821+00:00
2014-12-23,3.48,chinabond_official,1001.CB,ChinaBond Government Bond Yield Curve,0,1.0,https://yield.chinabond.com.cn/cbweb-czb-web/czb/historyQuery,2026-08-09T11:34:01.034821+00:00
2014-12-24,3.4,chinabond_official,1001.CB,ChinaBond Government Bond Yield Curve,0,1.0,https://yield.chinabond.com.cn/cbweb-czb-web/czb/historyQuery,2026-08-09T11:34:01.034821+00:00
2014-12-25,3.34,chinabond_official,1001.CB,ChinaBond Government Bond Yield Curve,0,1.0,https://yield.chinabond.com.cn/cbweb-czb-web/czb/historyQuery,2026-08-09T11:34:01.034821+00:00
2014-12-26,3.32,chinabond_official,1001.CB,ChinaBond Government Bond Yield Curve,0,1.0,https://yield.chinabond.com.cn/cbweb-czb-web/czb/historyQuery,2026-08-09T11:34:01.034821+00:00
2014-12-29,3.27,chinabond_official,1001.CB,ChinaBond Government Bond Yield Curve,0,1.0,https://yield.chinabond.com.cn/cbweb-czb-web/czb/historyQuery,2026-08-09T11:34:01.034821+00:00
2014-12-30,3.25,chinabond_official,1001.CB,ChinaBond Government Bond Yield Curve,0,1.0,https://yield.chinabond.com.cn/cbweb-czb-web/czb/historyQuery,2026-08-09T11:34:01.034821+00:00
2014-12-31,3.26,chinabond_official,1001.CB,ChinaBond Government Bond Yield Curve,0,1.0,https://yield.chinabond.com.cn/cbweb-czb-web/czb/historyQuery,2026-08-09T11:34:01.034821+00:00
2015-01-04,3.25,chinabond_official,1001.CB,ChinaBond Government Bond Yield Curve,0,1.0,https://yield.chinabond.com.cn/cbweb-czb-web/czb/historyQuery,2026-08-09T11:34:01.034821+00:00
2015-01-05,3.23,chinabond_official,1001.CB,ChinaBond Government Bond Yield Curve,0,1.0,https://yield.chinabond.com.cn/cbweb-czb-web/czb/historyQuery,2026-08-09T11:34:01.034821+00:00
2015-01-06,3.22,chinabond_official,1001.CB,ChinaBond Government Bond Yield Curve,0,1.0,https://yield.chinabond.com.cn/cbweb-czb-web/czb/historyQuery,2026-08-09T11:34:01.034821+00:00
2015-01-07,3.18,chinabond_official,1001.CB,ChinaBond Government Bond Yield Curve,0,1.0,https://yield.chinabond.com.cn/cbweb-czb-web/czb/historyQuery,2026-08-09T11:34:01.034821+00:00
2015-01-08,3.19,chinabond_official,1001.CB,ChinaBond Government Bond Yield Curve,0,1.0,https://yield.chinabond.com.cn/cbweb-czb-web/czb/historyQuery,2026-08-09T11:34:01.034821+00:00
2015-01-09,3.18,chinabond_official,1001.CB,ChinaBond Government Bond Yield Curve,0,1.0,https://yield.chinabond.com.cn/cbweb-czb-web/czb/historyQuery,2026-08-09T11:34:01.034821+00:00
2015-01-12,3.21,chinabond_official,1001.CB,ChinaBond Government Bond Yield Curve,0,1.0,https://yield.chinabond.com.cn/cbweb-czb-web/czb/historyQuery,2026-08-09T11:34:01.034821+00:00
2015-01-13,3.2,chinabond_official,1001.CB,ChinaBond Government Bond Yield Curve,0,1.0,https://yield.chinabond.com.cn/cbweb-czb-web/czb/historyQuery,2026-08-09T11:34:01.034821+00:00
2015-01-14,3.2,chinabond_official,1001.CB,ChinaBond Government Bond Yield Curve,0,1.0,https://yield.chinabond.com.cn/cbweb-czb-web/czb/historyQuery,2026-08-09T11:34:01.034821+00:00
2015-01-15,3.21,chinabond_official,1001.CB,ChinaBond Government Bond Yield Curve,0,1.0,https://yield.chinabond.com.cn/cbweb-czb-web/czb/historyQuery,2026-08-09T11:34:01.034821+00:00
2015-01-16,3.2,chinabond_official,1001.CB,ChinaBond Government Bond Yield Curve,0,1.0,https://yield.chinabond.com.cn/cbweb-czb-web/czb/historyQuery,2026-08-09T11:34:01.034821+00:00
2015-01-19,3.19,chinabond_official,1001.CB,ChinaBond Government Bond Yield Curve,0,1.0,https://yield.chinabond.com.cn/cbweb-czb-web/czb/historyQuery,2026-08-09T11:34:01.034821+00:00
2015-01-20,3.18,chinabond_official,1001.CB,ChinaBond Government Bond Yield Curve,0,1.0,https://yield.chinabond.com.cn/cbweb-czb-web/czb/historyQuery,2026-08-09T11:34:01.034821+00:00
2015-01-21,3.18,chinabond_official,1001.CB,ChinaBond Government Bond Yield Curve,0,1.0,https://yield.chinabond.com.cn/cbweb-czb-web/czb/historyQuery,2026-08-09T11:34:01.034821+00:00
2015-01-22,3.17,chinabond_official,1001.CB,ChinaBond Government Bond Yield Curve,0,1.0,https://yield.chinabond.com.cn/cbweb-czb-web/czb/historyQuery,2026-08-09T11:34:01.034821+00:00
2015-01-23,3.16,chinabond_official,1001.CB,ChinaBond Government Bond Yield Curve,0,1.0,https://yield.chinabond.com.cn/cbweb-czb-web/czb/historyQuery,2026-08-09T11:34:01.034821+00:00
2015-01-26,3.14,chinabond_official,1001.CB,ChinaBond Government Bond Yield Curve,0,1.0,https://yield.chinabond.com.cn/cbweb-czb-web/czb/historyQuery,2026-08-09T11:34:01.034821+00:00
2015-01-27,3.08,chinabond_official,1001.CB,ChinaBond Government Bond Yield Curve,0,1.0,https://yield.chinabond.com.cn/cbweb-czb-web/czb/historyQuery,2026-08-09T11:34:01.034821+00:00
2015-01-28,3.1,chinabond_official,1001.CB,ChinaBond Government Bond Yield Curve,0,1.0,https://yield.chinabond.com.cn/cbweb-czb-web/czb/historyQuery,2026-08-09T11:34:01.034821+00:00
2015-01-29,3.1,chinabond_official,1001.CB,ChinaBond Government Bond Yield Curve,0,1.0,https://yield.chinabond.com.cn/cbweb-czb-web/czb/historyQuery,2026-08-09T11:34:01.034821+00:00
2015-01-30,3.1,chinabond_official,1001.CB,ChinaBond Government Bond Yield Curve,0,1.0,https://yield.chinabond.com.cn/cbweb-czb-web/czb/historyQuery,2026-08-09T11:34:01.034821+00:00
2015-02-02,3.08,chinabond_official,1001.CB,ChinaBond Government Bond Yield Curve,0,1.0,https://yield.chinabond.com.cn/cbweb-czb-web/czb/historyQuery,2026-08-09T11:34:01.034821+00:00
2015-02-03,3.09,chinabond_official,1001.CB,ChinaBond Government Bond Yield Curve,0,1.0,https://yield.chinabond.com.cn/cbweb-czb-web/czb/historyQuery,2026-08-09T11:34:01.034821+00:00
2015-02-04,3.09,chinabond_official,1001.CB,ChinaBond Government Bond Yield Curve,0,1.0,https://yield.chinabond.com.cn/cbweb-czb-web/czb/historyQuery,2026-08-09T11:34:01.034821+00:00
2015-02-05,3.08,chinabond_official,1001.CB,ChinaBond Government Bond Yield Curve,0,1.0,https://yield.chinabond.com.cn/cbweb-czb-web/czb/historyQuery,2026-08-09T11:34:01.034821+00:00
2015-02-06,3.09,chinabond_official,1001.CB,ChinaBond Government Bond Yield Curve,0,1.0,https://yield.chinabond.com.cn/cbweb-czb-web/czb/historyQuery,2026-08-09T11:34:01.034821+00:00
2015-02-09,3.09,chinabond_official,1001.CB,ChinaBond Government Bond Yield Curve,0,1.0,https://yield.chinabond.com.cn/cbweb-czb-web/czb/historyQuery,2026-08-09T11:34:01.034821+00:00
2015-02-10,3.09,chinabond_official,1001.CB,ChinaBond Government Bond Yield Curve,0,1.0,https://yield.chinabond.com.cn/cbweb-czb-web/czb/historyQuery,2026-08-09T11:34:01.034821+00:00
2015-02-11,3.09,chinabond_official,1001.CB,ChinaBond Government Bond Yield Curve,0,1.0,https://yield.chinabond.com.cn/cbweb-czb-web/czb/historyQuery,2026-08-09T11:34:01.034821+00:00
2015-02-12,3.09,chinabond_official,1001.CB,ChinaBond Government Bond Yield Curve,0,1.0,https://yield.chinabond.com.cn/cbweb-czb-web/czb/historyQuery,2026-08-09T11:34:01.034821+00:00
2015-02-13,3.09,chinabond_official,1001.CB,ChinaBond Government Bond Yield Curve,0,1.0,https://yield.chinabond.com.cn/cbweb-czb-web/czb/historyQuery,2026-08-09T11:34:01.034821+00:00
2015-02-15,3.07,chinabond_official,1001.CB,ChinaBond Government Bond Yield Curve,0,1.0,https://yield.chinabond.com.cn/cbweb-czb-web/czb/historyQuery,2026-08-09T11:34:01.034821+00:00
2015-02-16,3.08,chinabond_official,1001.CB,ChinaBond Government Bond Yield Curve,0,1.0,https://yield.chinabond.com.cn/cbweb-czb-web/czb/historyQuery,2026-08-09T11:34:01.034821+00:00
2015-02-17,3.06,chinabond_official,1001.CB,ChinaBond Government Bond Yield Curve,0,1.0,https://yield.chinabond.com.cn/cbweb-czb-web/czb/historyQuery,2026-08-09T11:34:01.034821+00:00
2015-02-25,3.04,chinabond_official,1001.CB,ChinaBond Government Bond Yield Curve,0,1.0,https://yield.chinabond.com.cn/cbweb-czb-web/czb/historyQuery,2026-08-09T11:34:01.034821+00:00
2015-02-26,3.04,chinabond_official,1001.CB,ChinaBond Government Bond Yield Curve,0,1.0,https://yield.chinabond.com.cn/cbweb-czb-web/czb/historyQuery,2026-08-09T11:34:01.034821+00:00
2015-02-27,3.04,chinabond_official,1001.CB,ChinaBond Government Bond Yield Curve,0,1.0,https://yield.chinabond.com.cn/cbweb-czb-web/czb/historyQuery,2026-08-09T11:34:01.034821+00:00
2015-02-28,3.04,chinabond_official,1001.CB,ChinaBond Government Bond Yield Curve,0,1.0,https://yield.chinabond.com.cn/cbweb-czb-web/czb/historyQuery,2026-08-09T11:34:01.034821+00:00
2015-03-02,3.05,chinabond_official,1001.CB,ChinaBond Government Bond Yield Curve,0,1.0,https://yield.chinabond.com.cn/cbweb-czb-web/czb/historyQuery,2026-08-09T11:34:01.034821+00:00
2015-03-03,3.03,chinabond_official,1001.CB,ChinaBond Government Bond Yield Curve,0,1.0,https://yield.chinabond.com.cn/cbweb-czb-web/czb/historyQuery,2026-08-09T11:34:01.034821+00:00
2015-03-04,3.03,chinabond_official,1001.CB,ChinaBond Government Bond Yield Curve,0,1.0,https://yield.chinabond.com.cn/cbweb-czb-web/czb/historyQuery,2026-08-09T11:34:01.034821+00:00
2015-03-05,3.05,chinabond_official,1001.CB,ChinaBond Government Bond Yield Curve,0,1.0,https://yield.chinabond.com.cn/cbweb-czb-web/czb/historyQuery,2026-08-09T11:34:01.034821+00:00
2015-03-06,3.06,chinabond_official,1001.CB,ChinaBond Government Bond Yield Curve,0,1.0,https://yield.chinabond.com.cn/cbweb-czb-web/czb/historyQuery,2026-08-09T11:34:01.034821+00:00
2015-03-09,3.08,chinabond_official,1001.CB,ChinaBond Government Bond Yield Curve,0,1.0,https://yield.chinabond.com.cn/cbweb-czb-web/czb/historyQuery,2026-08-09T11:34:01.034821+00:00
2015-03-10,3.08,chinabond_official,1001.CB,ChinaBond Government Bond Yield Curve,0,1.0,https://yield.chinabond.com.cn/cbweb-czb-web/czb/historyQuery,2026-08-09T11:34:01.034821+00:00
2015-03-11,3.06,chinabond_official,1001.CB,ChinaBond Government Bond Yield Curve,0,1.0,https://yield.chinabond.com.cn/cbweb-czb-web/czb/historyQuery,2026-08-09T11:34:01.034821+00:00
2015-03-12,3.05,chinabond_official,1001.CB,ChinaBond Government Bond Yield Curve,0,1.0,https://yield.chinabond.com.cn/cbweb-czb-web/czb/historyQuery,2026-08-09T11:34:01.034821+00:00
2015-03-13,3.09,chinabond_official,1001.CB,ChinaBond Government Bond Yield Curve,0,1.0,https://yield.chinabond.com.cn/cbweb-czb-web/czb/historyQuery,2026-08-09T11:34:01.034821+00:00
2015-03-16,3.09,chinabond_official,1001.CB,ChinaBond Government Bond Yield Curve,0,1.0,https://yield.chinabond.com.cn/cbweb-czb-web/czb/historyQuery,2026-08-09T11:34:01.034821+00:00
2015-03-17,3.11,chinabond_official,1001.CB,ChinaBond Government Bond Yield Curve,0,1.0,https://yield.chinabond.com.cn/cbweb-czb-web/czb/historyQuery,2026-08-09T11:34:01.034821+00:00
2015-03-18,3.1,chinabond_official,1001.CB,ChinaBond Government Bond Yield Curve,0,1.0,https://yield.chinabond.com.cn/cbweb-czb-web/czb/historyQuery,2026-08-09T11:34:01.034821+00:00
2015-03-19,3.1,chinabond_official,1001.CB,ChinaBond Government Bond Yield Curve,0,1.0,https://yield.chinabond.com.cn/cbweb-czb-web/czb/historyQuery,2026-08-09T11:34:01.034821+00:00
2015-03-20,3.1,chinabond_official,1001.CB,ChinaBond Government Bond Yield Curve,0,1.0,https://yield.chinabond.com.cn/cbweb-czb-web/czb/historyQuery,2026-08-09T11:34:01.034821+00:00
2015-03-23,3.1,chinabond_official,1001.CB,ChinaBond Government Bond Yield Curve,0,1.0,https://yield.chinabond.com.cn/cbweb-czb-web/czb/historyQuery,2026-08-09T11:34:01.034821+00:00
2015-03-24,3.1,chinabond_official,1001.CB,ChinaBond Government Bond Yield Curve,0,1.0,https://yield.chinabond.com.cn/cbweb-czb-web/czb/historyQuery,2026-08-09T11:34:01.034821+00:00
2015-03-25,3.12,chinabond_official,1001.CB,ChinaBond Government Bond Yield Curve,0,1.0,https://yield.chinabond.com.cn/cbweb-czb-web/czb/historyQuery,2026-08-09T11:34:01.034821+00:00
2015-03-26,3.15,chinabond_official,1001.CB,ChinaBond Government Bond Yield Curve,0,1.0,https://yield.chinabond.com.cn/cbweb-czb-web/czb/historyQuery,2026-08-09T11:34:01.034821+00:00
2015-03-27,3.18,chinabond_official,1001.CB,ChinaBond Government Bond Yield Curve,0,1.0,https://yield.chinabond.com.cn/cbweb-czb-web/czb/historyQuery,2026-08-09T11:34:01.034821+00:00
2015-03-30,3.18,chinabond_official,1001.CB,ChinaBond Government Bond Yield Curve,0,1.0,https://yield.chinabond.com.cn/cbweb-czb-web/czb/historyQuery,2026-08-09T11:34:01.034821+00:00
2015-03-31,3.22,chinabond_official,1001.CB,ChinaBond Government Bond Yield Curve,0,1.0,https://yield.chinabond.com.cn/cbweb-czb-web/czb/historyQuery,2026-08-09T11:34:01.034821+00:00
2015-04-01,3.22,chinabond_official,1001.CB,ChinaBond Government Bond Yield Curve,0,1.0,https://yield.chinabond.com.cn/cbweb-czb-web/czb/historyQuery,2026-08-09T11:34:01.034821+00:00
2015-04-02,3.17,chinabond_official,1001.CB,ChinaBond Government Bond Yield Curve,0,1.0,https://yield.chinabond.com.cn/cbweb-czb-web/czb/historyQuery,2026-08-09T11:34:01.034821+00:00
2015-04-03,3.18,chinabond_official,1001.CB,ChinaBond Government Bond Yield Curve,0,1.0,https://yield.chinabond.com.cn/cbweb-czb-web/czb/historyQuery,2026-08-09T11:34:01.034821+00:00
2015-04-07,3.18,chinabond_official,1001.CB,ChinaBond Government Bond Yield Curve,0,1.0,https://yield.chinabond.com.cn/cbweb-czb-web/czb/historyQuery,2026-08-09T11:34:01.034821+00:00
2015-04-08,3.18,chinabond_official,1001.CB,ChinaBond Government Bond Yield Curve,0,1.0,https://yield.chinabond.com.cn/cbweb-czb-web/czb/historyQuery,2026-08-09T11:34:01.034821+00:00
2015-04-09,3.12,chinabond_official,1001.CB,ChinaBond Government Bond Yield Curve,0,1.0,https://yield.chinabond.com.cn/cbweb-czb-web/czb/historyQuery,2026-08-09T11:34:01.034821+00:00
2015-04-10,3.16,chinabond_official,1001.CB,ChinaBond Government Bond Yield Curve,0,1.0,https://yield.chinabond.com.cn/cbweb-czb-web/czb/historyQuery,2026-08-09T11:34:01.034821+00:00
2015-04-13,3.16,chinabond_official,1001.CB,ChinaBond Government Bond Yield Curve,0,1.0,https://yield.chinabond.com.cn/cbweb-czb-web/czb/historyQuery,2026-08-09T11:34:01.034821+00:00
2015-04-14,3.13,chinabond_official,1001.CB,ChinaBond Government Bond Yield Curve,0,1.0,https://yield.chinabond.com.cn/cbweb-czb-web/czb/historyQuery,2026-08-09T11:34:01.034821+00:00
2015-04-15,3.1,chinabond_official,1001.CB,ChinaBond Government Bond Yield Curve,0,1.0,https://yield.chinabond.com.cn/cbweb-czb-web/czb/historyQuery,2026-08-09T11:34:01.034821+00:00
2015-04-16,3.07,chinabond_official,1001.CB,ChinaBond Government Bond Yield Curve,0,1.0,https://yield.chinabond.com.cn/cbweb-czb-web/czb/historyQuery,2026-08-09T11:34:01.034821+00:00
2015-04-17,3.16,chinabond_official,1001.CB,ChinaBond Government Bond Yield Curve,0,1.0,https://yield.chinabond.com.cn/cbweb-czb-web/czb/historyQuery,2026-08-09T11:34:01.034821+00:00
2015-04-20,3.09,chinabond_official,1001.CB,ChinaBond Government Bond Yield Curve,0,1.0,https://yield.chinabond.com.cn/cbweb-czb-web/czb/historyQuery,2026-08-09T11:34:01.034821+00:00
2015-04-21,3.01,chinabond_official,1001.CB,ChinaBond Government Bond Yield Curve,0,1.0,https://yield.chinabond.com.cn/cbweb-czb-web/czb/historyQuery,2026-08-09T11:34:01.034821+00:00
2015-04-22,3.02,chinabond_official,1001.CB,ChinaBond Government Bond Yield Curve,0,1.0,https://yield.chinabond.com.cn/cbweb-czb-web/czb/historyQuery,2026-08-09T11:34:01.034821+00:00
2015-04-23,2.97,chinabond_official,1001.CB,ChinaBond Government Bond Yield Curve,0,1.0,https://yield.chinabond.com.cn/cbweb-czb-web/czb/historyQuery,2026-08-09T11:34:01.034821+00:00
2015-04-24,2.93,chinabond_official,1001.CB,ChinaBond Government Bond Yield Curve,0,1.0,https://yield.chinabond.com.cn/cbweb-czb-web/czb/historyQuery,2026-08-09T11:34:01.034821+00:00
2015-04-27,2.87,chinabond_official,1001.CB,ChinaBond Government Bond Yield Curve,0,1.0,https://yield.chinabond.com.cn/cbweb-czb-web/czb/historyQuery,2026-08-09T11:34:01.034821+00:00
2015-04-28,2.83,chinabond_official,1001.CB,ChinaBond Government Bond Yield Curve,0,1.0,https://yield.chinabond.com.cn/cbweb-czb-web/czb/historyQuery,2026-08-09T11:34:01.034821+00:00
2015-04-29,2.83,chinabond_official,1001.CB,ChinaBond Government Bond Yield Curve,0,1.0,https://yield.chinabond.com.cn/cbweb-czb-web/czb/historyQuery,2026-08-09T11:34:01.034821+00:00
2015-04-30,2.69,chinabond_official,1001.CB,ChinaBond Government Bond Yield Curve,0,1.0,https://yield.chinabond.com.cn/cbweb-czb-web/czb/historyQuery,2026-08-09T11:34:01.034821+00:00
2015-05-04,2.73,chinabond_official,1001.CB,ChinaBond Government Bond Yield Curve,0,1.0,https://yield.chinabond.com.cn/cbweb-czb-web/czb/historyQuery,2026-08-09T11:34:01.034821+00:00
2015-05-05,2.73,chinabond_official,1001.CB,ChinaBond Government Bond Yield Curve,0,1.0,https://yield.chinabond.com.cn/cbweb-czb-web/czb/historyQuery,2026-08-09T11:34:01.034821+00:00
2015-05-06,2.71,chinabond_official,1001.CB,ChinaBond Government Bond Yield Curve,0,1.0,https://yield.chinabond.com.cn/cbweb-czb-web/czb/historyQuery,2026-08-09T11:34:01.034821+00:00
2015-05-07,2.69,chinabond_official,1001.CB,ChinaBond Government Bond Yield Curve,0,1.0,https://yield.chinabond.com.cn/cbweb-czb-web/czb/historyQuery,2026-08-09T11:34:01.034821+00:00
2015-05-08,2.68,chinabond_official,1001.CB,ChinaBond Government Bond Yield Curve,0,1.0,https://yield.chinabond.com.cn/cbweb-czb-web/czb/historyQuery,2026-08-09T11:34:01.034821+00:00
2015-05-11,2.66,chinabond_official,1001.CB,ChinaBond Government Bond Yield Curve,0,1.0,https://yield.chinabond.com.cn/cbweb-czb-web/czb/historyQuery,2026-08-09T11:34:01.034821+00:00
2015-05-12,2.57,chinabond_official,1001.CB,ChinaBond Government Bond Yield Curve,0,1.0,https://yield.chinabond.com.cn/cbweb-czb-web/czb/historyQuery,2026-08-09T11:34:01.034821+00:00
2015-05-13,2.45,chinabond_official,1001.CB,ChinaBond Government Bond Yield Curve,0,1.0,https://yield.chinabond.com.cn/cbweb-czb-web/czb/historyQuery,2026-08-09T11:34:01.034821+00:00
2015-05-14,2.36,chinabond_official,1001.CB,ChinaBond Government Bond Yield Curve,0,1.0,https://yield.chinabond.com.cn/cbweb-czb-web/czb/historyQuery,2026-08-09T11:34:01.034821+00:00
2015-05-15,2.34,chinabond_official,1001.CB,ChinaBond Government Bond Yield Curve,0,1.0,https://yield.chinabond.com.cn/cbweb-czb-web/czb/historyQuery,2026-08-09T11:34:01.034821+00:00
2015-05-18,2.37,chinabond_official,1001.CB,ChinaBond Government Bond Yield Curve,0,1.0,https://yield.chinabond.com.cn/cbweb-czb-web/czb/historyQuery,2026-08-09T11:34:01.034821+00:00
2015-05-19,2.46,chinabond_official,1001.CB,ChinaBond Government Bond Yield Curve,0,1.0,https://yield.chinabond.com.cn/cbweb-czb-web/czb/historyQuery,2026-08-09T11:34:01.034821+00:00
2015-05-20,2.44,chinabond_official,1001.CB,ChinaBond Government Bond Yield Curve,0,1.0,https://yield.chinabond.com.cn/cbweb-czb-web/czb/historyQuery,2026-08-09T11:34:01.034821+00:00
2015-05-21,2.44,chinabond_official,1001.CB,ChinaBond Government Bond Yield Curve,0,1.0,https://yield.chinabond.com.cn/cbweb-czb-web/czb/historyQuery,2026-08-09T11:34:01.034821+00:00
2015-05-22,2.38,chinabond_official,1001.CB,ChinaBond Government Bond Yield Curve,0,1.0,https://yield.chinabond.com.cn/cbweb-czb-web/czb/historyQuery,2026-08-09T11:34:01.034821+00:00
2015-05-25,2.25,chinabond_official,1001.CB,ChinaBond Government Bond Yield Curve,0,1.0,https://yield.chinabond.com.cn/cbweb-czb-web/czb/historyQuery,2026-08-09T11:34:01.034821+00:00
2015-05-26,2.03,chinabond_official,1001.CB,ChinaBond Government Bond Yield Curve,0,1.0,https://yield.chinabond.com.cn/cbweb-czb-web/czb/historyQuery,2026-08-09T11:34:01.034821+00:00
2015-05-27,1.87,chinabond_official,1001.CB,ChinaBond Government Bond Yield Curve,0,1.0,https://yield.chinabond.com.cn/cbweb-czb-web/czb/historyQuery,2026-08-09T11:34:01.034821+00:00
2015-05-28,1.94,chinabond_official,1001.CB,ChinaBond Government Bond Yield Curve,0,1.0,https://yield.chinabond.com.cn/cbweb-czb-web/czb/historyQuery,2026-08-09T11:34:01.034821+00:00
2015-05-29,1.94,chinabond_official,1001.CB,ChinaBond Government Bond Yield Curve,0,1.0,https://yield.chinabond.com.cn/cbweb-czb-web/czb/historyQuery,2026-08-09T11:34:01.034821+00:00
2015-06-01,1.99,chinabond_official,1001.CB,ChinaBond Government Bond Yield Curve,0,1.0,https://yield.chinabond.com.cn/cbweb-czb-web/czb/historyQuery,2026-08-09T11:34:01.034821+00:00
2015-06-02,1.97,chinabond_official,1001.CB,ChinaBond Government Bond Yield Curve,0,1.0,https://yield.chinabond.com.cn/cbweb-czb-web/czb/historyQuery,2026-08-09T11:34:01.034821+00:00
2015-06-03,1.94,chinabond_official,1001.CB,ChinaBond Government Bond Yield Curve,0,1.0,https://yield.chinabond.com.cn/cbweb-czb-web/czb/historyQuery,2026-08-09T11:34:01.034821+00:00
2015-06-04,1.88,chinabond_official,1001.CB,ChinaBond Government Bond Yield Curve,0,1.0,https://yield.chinabond.com.cn/cbweb-czb-web/czb/historyQuery,2026-08-09T11:34:01.034821+00:00
2015-06-05,1.88,chinabond_official,1001.CB,ChinaBond Government Bond Yield Curve,0,1.0,https://yield.chinabond.com.cn/cbweb-czb-web/czb/historyQuery,2026-08-09T11:34:01.034821+00:00
2015-06-08,1.86,chinabond_official,1001.CB,ChinaBond Government Bond Yield Curve,0,1.0,https://yield.chinabond.com.cn/cbweb-czb-web/czb/historyQuery,2026-08-09T11:34:01.034821+00:00
2015-06-09,1.78,chinabond_official,1001.CB,ChinaBond Government Bond Yield Curve,0,1.0,https://yield.chinabond.com.cn/cbweb-czb-web/czb/historyQuery,2026-08-09T11:34:01.034821+00:00
2015-06-10,1.71,chinabond_official,1001.CB,ChinaBond Government Bond Yield Curve,0,1.0,https://yield.chinabond.com.cn/cbweb-czb-web/czb/historyQuery,2026-08-09T11:34:01.034821+00:00
2015-06-11,1.71,chinabond_official,1001.CB,ChinaBond Government Bond Yield Curve,0,1.0,https://yield.chinabond.com.cn/cbweb-czb-web/czb/historyQuery,2026-08-09T11:34:01.034821+00:00
2015-06-12,1.69,chinabond_official,1001.CB,ChinaBond Government Bond Yield Curve,0,1.0,https://yield.chinabond.com.cn/cbweb-czb-web/czb/historyQuery,2026-08-09T11:34:01.034821+00:00
2015-06-15,1.65,chinabond_official,1001.CB,ChinaBond Government Bond Yield Curve,0,1.0,https://yield.chinabond.com.cn/cbweb-czb-web/czb/historyQuery,2026-08-09T11:34:01.034821+00:00
2015-06-16,1.64,chinabond_official,1001.CB,ChinaBond Government Bond Yield Curve,0,1.0,https://yield.chinabond.com.cn/cbweb-czb-web/czb/historyQuery,2026-08-09T11:34:01.034821+00:00
2015-06-17,1.69,chinabond_official,1001.CB,ChinaBond Government Bond Yield Curve,0,1.0,https://yield.chinabond.com.cn/cbweb-czb-web/czb/historyQuery,2026-08-09T11:34:01.034821+00:00
2015-06-18,1.7,chinabond_official,1001.CB,ChinaBond Government Bond Yield Curve,0,1.0,https://yield.chinabond.com.cn/cbweb-czb-web/czb/historyQuery,2026-08-09T11:34:01.034821+00:00
2015-06-19,1.75,chinabond_official,1001.CB,ChinaBond Government Bond Yield Curve,0,1.0,https://yield.chinabond.com.cn/cbweb-czb-web/czb/historyQuery,2026-08-09T11:34:01.034821+00:00
2015-06-23,1.72,chinabond_official,1001.CB,ChinaBond Government Bond Yield Curve,0,1.0,https://yield.chinabond.com.cn/cbweb-czb-web/czb/historyQuery,2026-08-09T11:34:01.034821+00:00
2015-06-24,1.72,chinabond_official,1001.CB,ChinaBond Government Bond Yield Curve,0,1.0,https://yield.chinabond.com.cn/cbweb-czb-web/czb/historyQuery,2026-08-09T11:34:01.034821+00:00
2015-06-25,1.71,chinabond_official,1001.CB,ChinaBond Government Bond Yield Curve,0,1.0,https://yield.chinabond.com.cn/cbweb-czb-web/czb/historyQuery,2026-08-09T11:34:01.034821+00:00
2015-06-26,1.76,chinabond_official,1001.CB,ChinaBond Government Bond Yield Curve,0,1.0,https://yield.chinabond.com.cn/cbweb-czb-web/czb/historyQuery,2026-08-09T11:34:01.034821+00:00
2015-06-29,1.75,chinabond_official,1001.CB,ChinaBond Government Bond Yield Curve,0,1.0,https://yield.chinabond.com.cn/cbweb-czb-web/czb/historyQuery,2026-08-09T11:34:01.034821+00:00
2015-06-30,1.74,chinabond_official,1001.CB,ChinaBond Government Bond Yield Curve,0,1.0,https://yield.chinabond.com.cn/cbweb-czb-web/czb/historyQuery,2026-08-09T11:34:01.034821+00:00
2015-07-01,1.74,chinabond_official,1001.CB,ChinaBond Government Bond Yield Curve,0,1.0,https://yield.chinabond.com.cn/cbweb-czb-web/czb/historyQuery,2026-08-09T11:34:01.034821+00:00
2015-07-02,1.77,chinabond_official,1001.CB,ChinaBond Government Bond Yield Curve,0,1.0,https://yield.chinabond.com.cn/cbweb-czb-web/czb/historyQuery,2026-08-09T11:34:01.034821+00:00
2015-07-03,1.77,chinabond_official,1001.CB,ChinaBond Government Bond Yield Curve,0,1.0,https://yield.chinabond.com.cn/cbweb-czb-web/czb/historyQuery,2026-08-09T11:34:01.034821+00:00
2015-07-06,1.75,chinabond_official,1001.CB,ChinaBond Government Bond Yield Curve,0,1.0,https://yield.chinabond.com.cn/cbweb-czb-web/czb/historyQuery,2026-08-09T11:34:01.034821+00:00
2015-07-07,1.92,chinabond_official,1001.CB,ChinaBond Government Bond Yield Curve,0,1.0,https://yield.chinabond.com.cn/cbweb-czb-web/czb/historyQuery,2026-08-09T11:34:01.034821+00:00
2015-07-08,2.27,chinabond_official,1001.CB,ChinaBond Government Bond Yield Curve,0,1.0,https://yield.chinabond.com.cn/cbweb-czb-web/czb/historyQuery,2026-08-09T11:34:01.034821+00:00
2015-07-09,2.27,chinabond_official,1001.CB,ChinaBond Government Bond Yield Curve,0,1.0,https://yield.chinabond.com.cn/cbweb-czb-web/czb/historyQuery,2026-08-09T11:34:01.034821+00:00
2015-07-10,2.36,chinabond_official,1001.CB,ChinaBond Government Bond Yield Curve,0,1.0,https://yield.chinabond.com.cn/cbweb-czb-web/czb/historyQuery,2026-08-09T11:34:01.034821+00:00
2015-07-13,2.45,chinabond_official,1001.CB,ChinaBond Government Bond Yield Curve,0,1.0,https://yield.chinabond.com.cn/cbweb-czb-web/czb/historyQuery,2026-08-09T11:34:01.034821+00:00
2015-07-14,2.45,chinabond_official,1001.CB,ChinaBond Government Bond Yield Curve,0,1.0,https://yield.chinabond.com.cn/cbweb-czb-web/czb/historyQuery,2026-08-09T11:34:01.034821+00:00
2015-07-15,2.44,chinabond_official,1001.CB,ChinaBond Government Bond Yield Curve,0,1.0,https://yield.chinabond.com.cn/cbweb-czb-web/czb/historyQuery,2026-08-09T11:34:01.034821+00:00
2015-07-16,2.45,chinabond_official,1001.CB,ChinaBond Government Bond Yield Curve,0,1.0,https://yield.chinabond.com.cn/cbweb-czb-web/czb/historyQuery,2026-08-09T11:34:01.034821+00:00
2015-07-17,2.45,chinabond_official,1001.CB,ChinaBond Government Bond Yield Curve,0,1.0,https://yield.chinabond.com.cn/cbweb-czb-web/czb/historyQuery,2026-08-09T11:34:01.034821+00:00
2015-07-20,2.46,chinabond_official,1001.CB,ChinaBond Government Bond Yield Curve,0,1.0,https://yield.chinabond.com.cn/cbweb-czb-web/czb/historyQuery,2026-08-09T11:34:01.034821+00:00
2015-07-21,2.44,chinabond_official,1001.CB,ChinaBond Government Bond Yield Curve,0,1.0,https://yield.chinabond.com.cn/cbweb-czb-web/czb/historyQuery,2026-08-09T11:34:01.034821+00:00
2015-07-22,2.41,chinabond_official,1001.CB,ChinaBond Government Bond Yield Curve,0,1.0,https://yield.chinabond.com.cn/cbweb-czb-web/czb/historyQuery,2026-08-09T11:34:01.034821+00:00
2015-07-23,2.33,chinabond_official,1001.CB,ChinaBond Government Bond Yield Curve,0,1.0,https://yield.chinabond.com.cn/cbweb-czb-web/czb/historyQuery,2026-08-09T11:34:01.034821+00:00
2015-07-24,2.34,chinabond_official,1001.CB,ChinaBond Government Bond Yield Curve,0,1.0,https://yield.chinabond.com.cn/cbweb-czb-web/czb/historyQuery,2026-08-09T11:34:01.034821+00:00
2015-07-27,2.31,chinabond_official,1001.CB,ChinaBond Government Bond Yield Curve,0,1.0,https://yield.chinabond.com.cn/cbweb-czb-web/czb/historyQuery,2026-08-09T11:34:01.034821+00:00
2015-07-28,2.26,chinabond_official,1001.CB,ChinaBond Government Bond Yield Curve,0,1.0,https://yield.chinabond.com.cn/cbweb-czb-web/czb/historyQuery,2026-08-09T11:34:01.034821+00:00
2015-07-29,2.24,chinabond_official,1001.CB,ChinaBond Government Bond Yield Curve,0,1.0,https://yield.chinabond.com.cn/cbweb-czb-web/czb/historyQuery,2026-08-09T11:34:01.034821+00:00
2015-07-30,2.23,chinabond_official,1001.CB,ChinaBond Government Bond Yield Curve,0,1.0,https://yield.chinabond.com.cn/cbweb-czb-web/czb/historyQuery,2026-08-09T11:34:01.034821+00:00
2015-07-31,2.25,chinabond_official,1001.CB,ChinaBond Government Bond Yield Curve,0,1.0,https://yield.chinabond.com.cn/cbweb-czb-web/czb/historyQuery,2026-08-09T11:34:01.034821+00:00
2015-08-03,2.3,chinabond_official,1001.CB,ChinaBond Government Bond Yield Curve,0,1.0,https://yield.chinabond.com.cn/cbweb-czb-web/czb/historyQuery,2026-08-09T11:34:01.034821+00:00
2015-08-04,2.33,chinabond_official,1001.CB,ChinaBond Government Bond Yield Curve,0,1.0,https://yield.chinabond.com.cn/cbweb-czb-web/czb/historyQuery,2026-08-09T11:34:01.034821+00:00
2015-08-05,2.24,chinabond_official,1001.CB,ChinaBond Government Bond Yield Curve,0,1.0,https://yield.chinabond.com.cn/cbweb-czb-web/czb/historyQuery,2026-08-09T11:34:01.034821+00:00
2015-08-06,2.21,chinabond_official,1001.CB,ChinaBond Government Bond Yield Curve,0,1.0,https://yield.chinabond.com.cn/cbweb-czb-web/czb/historyQuery,2026-08-09T11:34:01.034821+00:00
2015-08-07,2.18,chinabond_official,1001.CB,ChinaBond Government Bond Yield Curve,0,1.0,https://yield.chinabond.com.cn/cbweb-czb-web/czb/historyQuery,2026-08-09T11:34:01.034821+00:00
2015-08-10,2.18,chinabond_official,1001.CB,ChinaBond Government Bond Yield Curve,0,1.0,https://yield.chinabond.com.cn/cbweb-czb-web/czb/historyQuery,2026-08-09T11:34:01.034821+00:00
2015-08-11,2.24,chinabond_official,1001.CB,ChinaBond Government Bond Yield Curve,0,1.0,https://yield.chinabond.com.cn/cbweb-czb-web/czb/historyQuery,2026-08-09T11:34:01.034821+00:00
2015-08-12,2.32,chinabond_official,1001.CB,ChinaBond Government Bond Yield Curve,0,1.0,https://yield.chinabond.com.cn/cbweb-czb-web/czb/historyQuery,2026-08-09T11:34:01.034821+00:00
2015-08-13,2.29,chinabond_official,1001.CB,ChinaBond Government Bond Yield Curve,0,1.0,https://yield.chinabond.com.cn/cbweb-czb-web/czb/historyQuery,2026-08-09T11:34:01.034821+00:00
2015-08-14,2.33,chinabond_official,1001.CB,ChinaBond Government Bond Yield Curve,0,1.0,https://yield.chinabond.com.cn/cbweb-czb-web/czb/historyQuery,2026-08-09T11:34:01.034821+00:00
2015-08-17,2.25,chinabond_official,1001.CB,ChinaBond Government Bond Yield Curve,0,1.0,https://yield.chinabond.com.cn/cbweb-czb-web/czb/historyQuery,2026-08-09T11:34:01.034821+00:00
2015-08-18,2.26,chinabond_official,1001.CB,ChinaBond Government Bond Yield Curve,0,1.0,https://yield.chinabond.com.cn/cbweb-czb-web/czb/historyQuery,2026-08-09T11:34:01.034821+00:00
2015-08-19,2.26,chinabond_official,1001.CB,ChinaBond Government Bond Yield Curve,0,1.0,https://yield.chinabond.com.cn/cbweb-czb-web/czb/historyQuery,2026-08-09T11:34:01.034821+00:00
2015-08-20,2.26,chinabond_official,1001.CB,ChinaBond Government Bond Yield Curve,0,1.0,https://yield.chinabond.com.cn/cbweb-czb-web/czb/historyQuery,2026-08-09T11:34:01.034821+00:00
2015-08-21,2.26,chinabond_official,1001.CB,ChinaBond Government Bond Yield Curve,0,1.0,https://yield.chinabond.com.cn/cbweb-czb-web/czb/historyQuery,2026-08-09T11:34:01.034821+00:00
2015-08-24,2.28,chinabond_official,1001.CB,ChinaBond Government Bond Yield Curve,0,1.0,https://yield.chinabond.com.cn/cbweb-czb-web/czb/historyQuery,2026-08-09T11:34:01.034821+00:00
2015-08-25,2.28,chinabond_official,1001.CB,ChinaBond Government Bond Yield Curve,0,1.0,https://yield.chinabond.com.cn/cbweb-czb-web/czb/historyQuery,2026-08-09T11:34:01.034821+00:00
2015-08-26,2.27,chinabond_official,1001.CB,ChinaBond Government Bond Yield Curve,0,1.0,https://yield.chinabond.com.cn/cbweb-czb-web/czb/historyQuery,2026-08-09T11:34:01.034821+00:00
2015-08-27,2.27,chinabond_official,1001.CB,ChinaBond Government Bond Yield Curve,0,1.0,https://yield.chinabond.com.cn/cbweb-czb-web/czb/historyQuery,2026-08-09T11:34:01.034821+00:00
2015-08-28,2.27,chinabond_official,1001.CB,ChinaBond Government Bond Yield Curve,0,1.0,https://yield.chinabond.com.cn/cbweb-czb-web/czb/historyQuery,2026-08-09T11:34:01.034821+00:00
2015-08-31,2.25,chinabond_official,1001.CB,ChinaBond Government Bond Yield Curve,0,1.0,https://yield.chinabond.com.cn/cbweb-czb-web/czb/historyQuery,2026-08-09T11:34:01.034821+00:00
2015-09-01,2.26,chinabond_official,1001.CB,ChinaBond Government Bond Yield Curve,0,1.0,https://yield.chinabond.com.cn/cbweb-czb-web/czb/historyQuery,2026-08-09T11:34:01.034821+00:00
2015-09-02,2.26,chinabond_official,1001.CB,ChinaBond Government Bond Yield Curve,0,1.0,https://yield.chinabond.com.cn/cbweb-czb-web/czb/historyQuery,2026-08-09T11:34:01.034821+00:00
2015-09-06,2.25,chinabond_official,1001.CB,ChinaBond Government Bond Yield Curve,0,1.0,https://yield.chinabond.com.cn/cbweb-czb-web/czb/historyQuery,2026-08-09T11:34:01.034821+00:00
2015-09-07,2.26,chinabond_official,1001.CB,ChinaBond Government Bond Yield Curve,0,1.0,https://yield.chinabond.com.cn/cbweb-czb-web/czb/historyQuery,2026-08-09T11:34:01.034821+00:00
2015-09-08,2.27,chinabond_official,1001.CB,ChinaBond Government Bond Yield Curve,0,1.0,https://yield.chinabond.com.cn/cbweb-czb-web/czb/historyQuery,2026-08-09T11:34:01.034821+00:00
2015-09-09,2.25,chinabond_official,1001.CB,ChinaBond Government Bond Yield Curve,0,1.0,https://yield.chinabond.com.cn/cbweb-czb-web/czb/historyQuery,2026-08-09T11:34:01.034821+00:00
2015-09-10,2.25,chinabond_official,1001.CB,ChinaBond Government Bond Yield Curve,0,1.0,https://yield.chinabond.com.cn/cbweb-czb-web/czb/historyQuery,2026-08-09T11:34:01.034821+00:00
2015-09-11,2.25,chinabond_official,1001.CB,ChinaBond Government Bond Yield Curve,0,1.0,https://yield.chinabond.com.cn/cbweb-czb-web/czb/historyQuery,2026-08-09T11:34:01.034821+00:00
2015-09-14,2.29,chinabond_official,1001.CB,ChinaBond Government Bond Yield Curve,0,1.0,https://yield.chinabond.com.cn/cbweb-czb-web/czb/historyQuery,2026-08-09T11:34:01.034821+00:00
2015-09-15,2.33,chinabond_official,1001.CB,ChinaBond Government Bond Yield Curve,0,1.0,https://yield.chinabond.com.cn/cbweb-czb-web/czb/historyQuery,2026-08-09T11:34:01.034821+00:00
2015-09-16,2.33,chinabond_official,1001.CB,ChinaBond Government Bond Yield Curve,0,1.0,https://yield.chinabond.com.cn/cbweb-czb-web/czb/historyQuery,2026-08-09T11:34:01.034821+00:00
2015-09-17,2.31,chinabond_official,1001.CB,ChinaBond Government Bond Yield Curve,0,1.0,https://yield.chinabond.com.cn/cbweb-czb-web/czb/historyQuery,2026-08-09T11:34:01.034821+00:00
2015-09-18,2.33,chinabond_official,1001.CB,ChinaBond Government Bond Yield Curve,0,1.0,https://yield.chinabond.com.cn/cbweb-czb-web/czb/historyQuery,2026-08-09T11:34:01.034821+00:00
2015-09-21,2.33,chinabond_official,1001.CB,ChinaBond Government Bond Yield Curve,0,1.0,https://yield.chinabond.com.cn/cbweb-czb-web/czb/historyQuery,2026-08-09T11:34:01.034821+00:00
2015-09-22,2.31,chinabond_official,1001.CB,ChinaBond Government Bond Yield Curve,0,1.0,https://yield.chinabond.com.cn/cbweb-czb-web/czb/historyQuery,2026-08-09T11:34:01.034821+00:00
2015-09-23,2.31,chinabond_official,1001.CB,ChinaBond Government Bond Yield Curve,0,1.0,https://yield.chinabond.com.cn/cbweb-czb-web/czb/historyQuery,2026-08-09T11:34:01.034821+00:00
2015-09-24,2.29,chinabond_official,1001.CB,ChinaBond Government Bond Yield Curve,0,1.0,https://yield.chinabond.com.cn/cbweb-czb-web/czb/historyQuery,2026-08-09T11:34:01.034821+00:00
2015-09-25,2.36,chinabond_official,1001.CB,ChinaBond Government Bond Yield Curve,0,1.0,https://yield.chinabond.com.cn/cbweb-czb-web/czb/historyQuery,2026-08-09T11:34:01.034821+00:00
2015-09-28,2.4,chinabond_official,1001.CB,ChinaBond Government Bond Yield Curve,0,1.0,https://yield.chinabond.com.cn/cbweb-czb-web/czb/historyQuery,2026-08-09T11:34:01.034821+00:00
2015-09-29,2.39,chinabond_official,1001.CB,ChinaBond Government Bond Yield Curve,0,1.0,https://yield.chinabond.com.cn/cbweb-czb-web/czb/historyQuery,2026-08-09T11:34:01.034821+00:00
2015-09-30,2.39,chinabond_official,1001.CB,ChinaBond Government Bond Yield Curve,0,1.0,https://yield.chinabond.com.cn/cbweb-czb-web/czb/historyQuery,2026-08-09T11:34:01.034821+00:00
2015-10-08,2.4,chinabond_official,1001.CB,ChinaBond Government Bond Yield Curve,0,1.0,https://yield.chinabond.com.cn/cbweb-czb-web/czb/historyQuery,2026-08-09T11:34:01.034821+00:00
2015-10-09,2.41,chinabond_official,1001.CB,ChinaBond Government Bond Yield Curve,0,1.0,https://yield.chinabond.com.cn/cbweb-czb-web/czb/historyQuery,2026-08-09T11:34:01.034821+00:00
2015-10-10,2.41,chinabond_official,1001.CB,ChinaBond Government Bond Yield Curve,0,1.0,https://yield.chinabond.com.cn/cbweb-czb-web/czb/historyQuery,2026-08-09T11:34:01.034821+00:00
2015-10-12,2.43,chinabond_official,1001.CB,ChinaBond Government Bond Yield Curve,0,1.0,https://yield.chinabond.com.cn/cbweb-czb-web/czb/historyQuery,2026-08-09T11:34:01.034821+00:00
2015-10-13,2.42,chinabond_official,1001.CB,ChinaBond Government Bond Yield Curve,0,1.0,https://yield.chinabond.com.cn/cbweb-czb-web/czb/historyQuery,2026-08-09T11:34:01.034821+00:00
2015-10-14,2.41,chinabond_official,1001.CB,ChinaBond Government Bond Yield Curve,0,1.0,https://yield.chinabond.com.cn/cbweb-czb-web/czb/historyQuery,2026-08-09T11:34:01.034821+00:00
2015-10-15,2.42,chinabond_official,1001.CB,ChinaBond Government Bond Yield Curve,0,1.0,https://yield.chinabond.com.cn/cbweb-czb-web/czb/historyQuery,2026-08-09T11:34:01.034821+00:00
2015-10-16,2.43,chinabond_official,1001.CB,ChinaBond Government Bond Yield Curve,0,1.0,https://yield.chinabond.com.cn/cbweb-czb-web/czb/historyQuery,2026-08-09T11:34:01.034821+00:00
2015-10-19,2.43,chinabond_official,1001.CB,ChinaBond Government Bond Yield Curve,0,1.0,https://yield.chinabond.com.cn/cbweb-czb-web/czb/historyQuery,2026-08-09T11:34:01.034821+00:00
2015-10-20,2.43,chinabond_official,1001.CB,ChinaBond Government Bond Yield Curve,0,1.0,https://yield.chinabond.com.cn/cbweb-czb-web/czb/historyQuery,2026-08-09T11:34:01.034821+00:00
2015-10-21,2.43,chinabond_official,1001.CB,ChinaBond Government Bond Yield Curve,0,1.0,https://yield.chinabond.com.cn/cbweb-czb-web/czb/historyQuery,2026-08-09T11:34:01.034821+00:00
2015-10-22,2.42,chinabond_official,1001.CB,ChinaBond Government Bond Yield Curve,0,1.0,https://yield.chinabond.com.cn/cbweb-czb-web/czb/historyQuery,2026-08-09T11:34:01.034821+00:00
2015-10-23,2.45,chinabond_official,1001.CB,ChinaBond Government Bond Yield Curve,0,1.0,https://yield.chinabond.com.cn/cbweb-czb-web/czb/historyQuery,2026-08-09T11:34:01.034821+00:00
2015-10-26,2.42,chinabond_official,1001.CB,ChinaBond Government Bond Yield Curve,0,1.0,https://yield.chinabond.com.cn/cbweb-czb-web/czb/historyQuery,2026-08-09T11:34:01.034821+00:00
2015-10-27,2.37,chinabond_official,1001.CB,ChinaBond Government Bond Yield Curve,0,1.0,https://yield.chinabond.com.cn/cbweb-czb-web/czb/historyQuery,2026-08-09T11:34:01.034821+00:00
2015-10-28,2.37,chinabond_official,1001.CB,ChinaBond Government Bond Yield Curve,0,1.0,https://yield.chinabond.com.cn/cbweb-czb-web/czb/historyQuery,2026-08-09T11:34:01.034821+00:00
2015-10-29,2.37,chinabond_official,1001.CB,ChinaBond Government Bond Yield Curve,0,1.0,https://yield.chinabond.com.cn/cbweb-czb-web/czb/historyQuery,2026-08-09T11:34:01.034821+00:00
2015-10-30,2.35,chinabond_official,1001.CB,ChinaBond Government Bond Yield Curve,0,1.0,https://yield.chinabond.com.cn/cbweb-czb-web/czb/historyQuery,2026-08-09T11:34:01.034821+00:00
2015-11-02,2.4,chinabond_official,1001.CB,ChinaBond Government Bond Yield Curve,0,1.0,https://yield.chinabond.com.cn/cbweb-czb-web/czb/historyQuery,2026-08-09T11:34:01.034821+00:00
2015-11-03,2.43,chinabond_official,1001.CB,ChinaBond Government Bond Yield Curve,0,1.0,https://yield.chinabond.com.cn/cbweb-czb-web/czb/historyQuery,2026-08-09T11:34:01.034821+00:00
2015-11-04,2.43,chinabond_official,1001.CB,ChinaBond Government Bond Yield Curve,0,1.0,https://yield.chinabond.com.cn/cbweb-czb-web/czb/historyQuery,2026-08-09T11:34:01.034821+00:00
2015-11-05,2.43,chinabond_official,1001.CB,ChinaBond Government Bond Yield Curve,0,1.0,https://yield.chinabond.com.cn/cbweb-czb-web/czb/historyQuery,2026-08-09T11:34:01.034821+00:00
2015-11-06,2.46,chinabond_official,1001.CB,ChinaBond Government Bond Yield Curve,0,1.0,https://yield.chinabond.com.cn/cbweb-czb-web/czb/historyQuery,2026-08-09T11:34:01.034821+00:00
2015-11-09,2.54,chinabond_official,1001.CB,ChinaBond Government Bond Yield Curve,0,1.0,https://yield.chinabond.com.cn/cbweb-czb-web/czb/historyQuery,2026-08-09T11:34:01.034821+00:00
2015-11-10,2.56,chinabond_official,1001.CB,ChinaBond Government Bond Yield Curve,0,1.0,https://yield.chinabond.com.cn/cbweb-czb-web/czb/historyQuery,2026-08-09T11:34:01.034821+00:00
2015-11-11,2.56,chinabond_official,1001.CB,ChinaBond Government Bond Yield Curve,0,1.0,https://yield.chinabond.com.cn/cbweb-czb-web/czb/historyQuery,2026-08-09T11:34:01.034821+00:00
2015-11-12,2.55,chinabond_official,1001.CB,ChinaBond Government Bond Yield Curve,0,1.0,https://yield.chinabond.com.cn/cbweb-czb-web/czb/historyQuery,2026-08-09T11:34:01.034821+00:00
2015-11-13,2.56,chinabond_official,1001.CB,ChinaBond Government Bond Yield Curve,0,1.0,https://yield.chinabond.com.cn/cbweb-czb-web/czb/historyQuery,2026-08-09T11:34:01.034821+00:00
2015-11-16,2.6,chinabond_official,1001.CB,ChinaBond Government Bond Yield Curve,0,1.0,https://yield.chinabond.com.cn/cbweb-czb-web/czb/historyQuery,2026-08-09T11:34:01.034821+00:00
2015-11-17,2.59,chinabond_official,1001.CB,ChinaBond Government Bond Yield Curve,0,1.0,https://yield.chinabond.com.cn/cbweb-czb-web/czb/historyQuery,2026-08-09T11:34:01.034821+00:00
2015-11-18,2.59,chinabond_official,1001.CB,ChinaBond Government Bond Yield Curve,0,1.0,https://yield.chinabond.com.cn/cbweb-czb-web/czb/historyQuery,2026-08-09T11:34:01.034821+00:00
2015-11-19,2.59,chinabond_official,1001.CB,ChinaBond Government Bond Yield Curve,0,1.0,https://yield.chinabond.com.cn/cbweb-czb-web/czb/historyQuery,2026-08-09T11:34:01.034821+00:00
2015-11-20,2.58,chinabond_official,1001.CB,ChinaBond Government Bond Yield Curve,0,1.0,https://yield.chinabond.com.cn/cbweb-czb-web/czb/historyQuery,2026-08-09T11:34:01.034821+00:00
2015-11-23,2.58,chinabond_official,1001.CB,ChinaBond Government Bond Yield Curve,0,1.0,https://yield.chinabond.com.cn/cbweb-czb-web/czb/historyQuery,2026-08-09T11:34:01.034821+00:00
2015-11-24,2.57,chinabond_official,1001.CB,ChinaBond Government Bond Yield Curve,0,1.0,https://yield.chinabond.com.cn/cbweb-czb-web/czb/historyQuery,2026-08-09T11:34:01.034821+00:00
2015-11-25,2.58,chinabond_official,1001.CB,ChinaBond Government Bond Yield Curve,0,1.0,https://yield.chinabond.com.cn/cbweb-czb-web/czb/historyQuery,2026-08-09T11:34:01.034821+00:00
2015-11-26,2.56,chinabond_official,1001.CB,ChinaBond Government Bond Yield Curve,0,1.0,https://yield.chinabond.com.cn/cbweb-czb-web/czb/historyQuery,2026-08-09T11:34:01.034821+00:00
2015-11-27,2.57,chinabond_official,1001.CB,ChinaBond Government Bond Yield Curve,0,1.0,https://yield.chinabond.com.cn/cbweb-czb-web/czb/historyQuery,2026-08-09T11:34:01.034821+00:00
2015-11-30,2.58,chinabond_official,1001.CB,ChinaBond Government Bond Yield Curve,0,1.0,https://yield.chinabond.com.cn/cbweb-czb-web/czb/historyQuery,2026-08-09T11:34:01.034821+00:00
2015-12-01,2.58,chinabond_official,1001.CB,ChinaBond Government Bond Yield Curve,0,1.0,https://yield.chinabond.com.cn/cbweb-czb-web/czb/historyQuery,2026-08-09T11:34:01.034821+00:00
2015-12-02,2.57,chinabond_official,1001.CB,ChinaBond Government Bond Yield Curve,0,1.0,https://yield.chinabond.com.cn/cbweb-czb-web/czb/historyQuery,2026-08-09T11:34:01.034821+00:00
2015-12-03,2.55,chinabond_official,1001.CB,ChinaBond Government Bond Yield Curve,0,1.0,https://yield.chinabond.com.cn/cbweb-czb-web/czb/historyQuery,2026-08-09T11:34:01.034821+00:00
2015-12-04,2.54,chinabond_official,1001.CB,ChinaBond Government Bond Yield Curve,0,1.0,https://yield.chinabond.com.cn/cbweb-czb-web/czb/historyQuery,2026-08-09T11:34:01.034821+00:00
2015-12-07,2.52,chinabond_official,1001.CB,ChinaBond Government Bond Yield Curve,0,1.0,https://yield.chinabond.com.cn/cbweb-czb-web/czb/historyQuery,2026-08-09T11:34:01.034821+00:00
2015-12-08,2.49,chinabond_official,1001.CB,ChinaBond Government Bond Yield Curve,0,1.0,https://yield.chinabond.com.cn/cbweb-czb-web/czb/historyQuery,2026-08-09T11:34:01.034821+00:00
2015-12-09,2.49,chinabond_official,1001.CB,ChinaBond Government Bond Yield Curve,0,1.0,https://yield.chinabond.com.cn/cbweb-czb-web/czb/historyQuery,2026-08-09T11:34:01.034821+00:00
2015-12-10,2.48,chinabond_official,1001.CB,ChinaBond Government Bond Yield Curve,0,1.0,https://yield.chinabond.com.cn/cbweb-czb-web/czb/historyQuery,2026-08-09T11:34:01.034821+00:00
2015-12-11,2.46,chinabond_official,1001.CB,ChinaBond Government Bond Yield Curve,0,1.0,https://yield.chinabond.com.cn/cbweb-czb-web/czb/historyQuery,2026-08-09T11:34:01.034821+00:00
2015-12-14,2.45,chinabond_official,1001.CB,ChinaBond Government Bond Yield Curve,0,1.0,https://yield.chinabond.com.cn/cbweb-czb-web/czb/historyQuery,2026-08-09T11:34:01.034821+00:00
2015-12-15,2.45,chinabond_official,1001.CB,ChinaBond Government Bond Yield Curve,0,1.0,https://yield.chinabond.com.cn/cbweb-czb-web/czb/historyQuery,2026-08-09T11:34:01.034821+00:00
2015-12-16,2.4,chinabond_official,1001.CB,ChinaBond Government Bond Yield Curve,0,1.0,https://yield.chinabond.com.cn/cbweb-czb-web/czb/historyQuery,2026-08-09T11:34:01.034821+00:00
2015-12-17,2.39,chinabond_official,1001.CB,ChinaBond Government Bond Yield Curve,0,1.0,https://yield.chinabond.com.cn/cbweb-czb-web/czb/historyQuery,2026-08-09T11:34:01.034821+00:00
2015-12-18,2.36,chinabond_official,1001.CB,ChinaBond Government Bond Yield Curve,0,1.0,https://yield.chinabond.com.cn/cbweb-czb-web/czb/historyQuery,2026-08-09T11:34:01.034821+00:00
2015-12-21,2.36,chinabond_official,1001.CB,ChinaBond Government Bond Yield Curve,0,1.0,https://yield.chinabond.com.cn/cbweb-czb-web/czb/historyQuery,2026-08-09T11:34:01.034821+00:00
2015-12-22,2.32,chinabond_official,1001.CB,ChinaBond Government Bond Yield Curve,0,1.0,https://yield.chinabond.com.cn/cbweb-czb-web/czb/historyQuery,2026-08-09T11:34:01.034821+00:00
2015-12-23,2.33,chinabond_official,1001.CB,ChinaBond Government Bond Yield Curve,0,1.0,https://yield.chinabond.com.cn/cbweb-czb-web/czb/historyQuery,2026-08-09T11:34:01.034821+00:00
2015-12-24,2.31,chinabond_official,1001.CB,ChinaBond Government Bond Yield Curve,0,1.0,https://yield.chinabond.com.cn/cbweb-czb-web/czb/historyQuery,2026-08-09T11:34:01.034821+00:00
2015-12-25,2.29,chinabond_official,1001.CB,ChinaBond Government Bond Yield Curve,0,1.0,https://yield.chinabond.com.cn/cbweb-czb-web/czb/historyQuery,2026-08-09T11:34:01.034821+00:00
2015-12-28,2.31,chinabond_official,1001.CB,ChinaBond Government Bond Yield Curve,0,1.0,https://yield.chinabond.com.cn/cbweb-czb-web/czb/historyQuery,2026-08-09T11:34:01.034821+00:00
2015-12-29,2.31,chinabond_official,1001.CB,ChinaBond Government Bond Yield Curve,0,1.0,https://yield.chinabond.com.cn/cbweb-czb-web/czb/historyQuery,2026-08-09T11:34:01.034821+00:00
2015-12-30,2.3,chinabond_official,1001.CB,ChinaBond Government Bond Yield Curve,0,1.0,https://yield.chinabond.com.cn/cbweb-czb-web/czb/historyQuery,2026-08-09T11:34:01.034821+00:00
2015-12-31,2.3,chinabond_official,1001.CB,ChinaBond Government Bond Yield Curve,0,1.0,https://yield.chinabond.com.cn/cbweb-czb-web/czb/historyQuery,2026-08-09T11:34:01.034821+00:00
2016-01-04,2.35,chinabond_official,1001.CB,ChinaBond Government Bond Yield Curve,0,1.0,https://yield.chinabond.com.cn/cbweb-czb-web/czb/historyQuery,2026-08-09T11:34:01.034821+00:00
2016-01-05,2.37,chinabond_official,1001.CB,ChinaBond Government Bond Yield Curve,0,1.0,https://yield.chinabond.com.cn/cbweb-czb-web/czb/historyQuery,2026-08-09T11:34:01.034821+00:00
2016-01-06,2.37,chinabond_official,1001.CB,ChinaBond Government Bond Yield Curve,0,1.0,https://yield.chinabond.com.cn/cbweb-czb-web/czb/historyQuery,2026-08-09T11:34:01.034821+00:00
2016-01-07,2.37,chinabond_official,1001.CB,ChinaBond Government Bond Yield Curve,0,1.0,https://yield.chinabond.com.cn/cbweb-czb-web/czb/historyQuery,2026-08-09T11:34:01.034821+00:00
2016-01-08,2.36,chinabond_official,1001.CB,ChinaBond Government Bond Yield Curve,0,1.0,https://yield.chinabond.com.cn/cbweb-czb-web/czb/historyQuery,2026-08-09T11:34:01.034821+00:00
2016-01-11,2.35,chinabond_official,1001.CB,ChinaBond Government Bond Yield Curve,0,1.0,https://yield.chinabond.com.cn/cbweb-czb-web/czb/historyQuery,2026-08-09T11:34:01.034821+00:00
2016-01-12,2.31,chinabond_official,1001.CB,ChinaBond Government Bond Yield Curve,0,1.0,https://yield.chinabond.com.cn/cbweb-czb-web/czb/historyQuery,2026-08-09T11:34:01.034821+00:00
2016-01-13,2.28,chinabond_official,1001.CB,ChinaBond Government Bond Yield Curve,0,1.0,https://yield.chinabond.com.cn/cbweb-czb-web/czb/historyQuery,2026-08-09T11:34:01.034821+00:00
2016-01-14,2.28,chinabond_official,1001.CB,ChinaBond Government Bond Yield Curve,0,1.0,https://yield.chinabond.com.cn/cbweb-czb-web/czb/historyQuery,2026-08-09T11:34:01.034821+00:00
2016-01-15,2.28,chinabond_official,1001.CB,ChinaBond Government Bond Yield Curve,0,1.0,https://yield.chinabond.com.cn/cbweb-czb-web/czb/historyQuery,2026-08-09T11:34:01.034821+00:00
2016-01-18,2.26,chinabond_official,1001.CB,ChinaBond Government Bond Yield Curve,0,1.0,https://yield.chinabond.com.cn/cbweb-czb-web/czb/historyQuery,2026-08-09T11:34:01.034821+00:00
2016-01-19,2.27,chinabond_official,1001.CB,ChinaBond Government Bond Yield Curve,0,1.0,https://yield.chinabond.com.cn/cbweb-czb-web/czb/historyQuery,2026-08-09T11:34:01.034821+00:00
2016-01-20,2.31,chinabond_official,1001.CB,ChinaBond Government Bond Yield Curve,0,1.0,https://yield.chinabond.com.cn/cbweb-czb-web/czb/historyQuery,2026-08-09T11:34:01.034821+00:00
2016-01-21,2.3,chinabond_official,1001.CB,ChinaBond Government Bond Yield Curve,0,1.0,https://yield.chinabond.com.cn/cbweb-czb-web/czb/historyQuery,2026-08-09T11:34:01.034821+00:00
2016-01-22,2.31,chinabond_official,1001.CB,ChinaBond Government Bond Yield Curve,0,1.0,https://yield.chinabond.com.cn/cbweb-czb-web/czb/historyQuery,2026-08-09T11:34:01.034821+00:00
2016-01-25,2.31,chinabond_official,1001.CB,ChinaBond Government Bond Yield Curve,0,1.0,https://yield.chinabond.com.cn/cbweb-czb-web/czb/historyQuery,2026-08-09T11:34:01.034821+00:00
2016-01-26,2.31,chinabond_official,1001.CB,ChinaBond Government Bond Yield Curve,0,1.0,https://yield.chinabond.com.cn/cbweb-czb-web/czb/historyQuery,2026-08-09T11:34:01.034821+00:00
2016-01-27,2.35,chinabond_official,1001.CB,ChinaBond Government Bond Yield Curve,0,1.0,https://yield.chinabond.com.cn/cbweb-czb-web/czb/historyQuery,2026-08-09T11:34:01.034821+00:00
2016-01-28,2.36,chinabond_official,1001.CB,ChinaBond Government Bond Yield Curve,0,1.0,https://yield.chinabond.com.cn/cbweb-czb-web/czb/historyQuery,2026-08-09T11:34:01.034821+00:00
2016-01-29,2.32,chinabond_official,1001.CB,ChinaBond Government Bond Yield Curve,0,1.0,https://yield.chinabond.com.cn/cbweb-czb-web/czb/historyQuery,2026-08-09T11:34:01.034821+00:00
2016-02-01,2.31,chinabond_official,1001.CB,ChinaBond Government Bond Yield Curve,0,1.0,https://yield.chinabond.com.cn/cbweb-czb-web/czb/historyQuery,2026-08-09T11:34:01.034821+00:00
2016-02-02,2.32,chinabond_official,1001.CB,ChinaBond Government Bond Yield Curve,0,1.0,https://yield.chinabond.com.cn/cbweb-czb-web/czb/historyQuery,2026-08-09T11:34:01.034821+00:00
2016-02-03,2.32,chinabond_official,1001.CB,ChinaBond Government Bond Yield Curve,0,1.0,https://yield.chinabond.com.cn/cbweb-czb-web/czb/historyQuery,2026-08-09T11:34:01.034821+00:00
2016-02-04,2.32,chinabond_official,1001.CB,ChinaBond Government Bond Yield Curve,0,1.0,https://yield.chinabond.com.cn/cbweb-czb-web/czb/historyQuery,2026-08-09T11:34:01.034821+00:00
2016-02-05,2.33,chinabond_official,1001.CB,ChinaBond Government Bond Yield Curve,0,1.0,https://yield.chinabond.com.cn/cbweb-czb-web/czb/historyQuery,2026-08-09T11:34:01.034821+00:00
2016-02-06,2.33,chinabond_official,1001.CB,ChinaBond Government Bond Yield Curve,0,1.0,https://yield.chinabond.com.cn/cbweb-czb-web/czb/historyQuery,2026-08-09T11:34:01.034821+00:00
2016-02-14,2.3,chinabond_official,1001.CB,ChinaBond Government Bond Yield Curve,0,1.0,https://yield.chinabond.com.cn/cbweb-czb-web/czb/historyQuery,2026-08-09T11:34:01.034821+00:00
2016-02-15,2.32,chinabond_official,1001.CB,ChinaBond Government Bond Yield Curve,0,1.0,https://yield.chinabond.com.cn/cbweb-czb-web/czb/historyQuery,2026-08-09T11:34:01.034821+00:00
2016-02-16,2.35,chinabond_official,1001.CB,ChinaBond Government Bond Yield Curve,0,1.0,https://yield.chinabond.com.cn/cbweb-czb-web/czb/historyQuery,2026-08-09T11:34:01.034821+00:00
2016-02-17,2.28,chinabond_official,1001.CB,ChinaBond Government Bond Yield Curve,0,1.0,https://yield.chinabond.com.cn/cbweb-czb-web/czb/historyQuery,2026-08-09T11:34:01.034821+00:00
2016-02-18,2.27,chinabond_official,1001.CB,ChinaBond Government Bond Yield Curve,0,1.0,https://yield.chinabond.com.cn/cbweb-czb-web/czb/historyQuery,2026-08-09T11:34:01.034821+00:00
2016-02-19,2.25,chinabond_official,1001.CB,ChinaBond Government Bond Yield Curve,0,1.0,https://yield.chinabond.com.cn/cbweb-czb-web/czb/historyQuery,2026-08-09T11:34:01.034821+00:00
2016-02-22,2.27,chinabond_official,1001.CB,ChinaBond Government Bond Yield Curve,0,1.0,https://yield.chinabond.com.cn/cbweb-czb-web/czb/historyQuery,2026-08-09T11:34:01.034821+00:00
2016-02-23,2.26,chinabond_official,1001.CB,ChinaBond Government Bond Yield Curve,0,1.0,https://yield.chinabond.com.cn/cbweb-czb-web/czb/historyQuery,2026-08-09T11:34:01.034821+00:00
2016-02-24,2.26,chinabond_official,1001.CB,ChinaBond Government Bond Yield Curve,0,1.0,https://yield.chinabond.com.cn/cbweb-czb-web/czb/historyQuery,2026-08-09T11:34:01.034821+00:00
2016-02-25,2.28,chinabond_official,1001.CB,ChinaBond Government Bond Yield Curve,0,1.0,https://yield.chinabond.com.cn/cbweb-czb-web/czb/historyQuery,2026-08-09T11:34:01.034821+00:00
2016-02-26,2.28,chinabond_official,1001.CB,ChinaBond Government Bond Yield Curve,0,1.0,https://yield.chinabond.com.cn/cbweb-czb-web/czb/historyQuery,2026-08-09T11:34:01.034821+00:00
2016-02-29,2.26,chinabond_official,1001.CB,ChinaBond Government Bond Yield Curve,0,1.0,https://yield.chinabond.com.cn/cbweb-czb-web/czb/historyQuery,2026-08-09T11:34:01.034821+00:00
2016-03-01,2.21,chinabond_official,1001.CB,ChinaBond Government Bond Yield Curve,0,1.0,https://yield.chinabond.com.cn/cbweb-czb-web/czb/historyQuery,2026-08-09T11:34:01.034821+00:00
2016-03-02,2.21,chinabond_official,1001.CB,ChinaBond Government Bond Yield Curve,0,1.0,https://yield.chinabond.com.cn/cbweb-czb-web/czb/historyQuery,2026-08-09T11:34:01.034821+00:00
2016-03-03,2.21,chinabond_official,1001.CB,ChinaBond Government Bond Yield Curve,0,1.0,https://yield.chinabond.com.cn/cbweb-czb-web/czb/historyQuery,2026-08-09T11:34:01.034821+00:00
2016-03-04,2.17,chinabond_official,1001.CB,ChinaBond Government Bond Yield Curve,0,1.0,https://yield.chinabond.com.cn/cbweb-czb-web/czb/historyQuery,2026-08-09T11:34:01.034821+00:00
2016-03-07,2.19,chinabond_official,1001.CB,ChinaBond Government Bond Yield Curve,0,1.0,https://yield.chinabond.com.cn/cbweb-czb-web/czb/historyQuery,2026-08-09T11:34:01.034821+00:00
2016-03-08,2.19,chinabond_official,1001.CB,ChinaBond Government Bond Yield Curve,0,1.0,https://yield.chinabond.com.cn/cbweb-czb-web/czb/historyQuery,2026-08-09T11:34:01.034821+00:00
2016-03-09,2.19,chinabond_official,1001.CB,ChinaBond Government Bond Yield Curve,0,1.0,https://yield.chinabond.com.cn/cbweb-czb-web/czb/historyQuery,2026-08-09T11:34:01.034821+00:00
2016-03-10,2.19,chinabond_official,1001.CB,ChinaBond Government Bond Yield Curve,0,1.0,https://yield.chinabond.com.cn/cbweb-czb-web/czb/historyQuery,2026-08-09T11:34:01.034821+00:00
2016-03-11,2.16,chinabond_official,1001.CB,ChinaBond Government Bond Yield Curve,0,1.0,https://yield.chinabond.com.cn/cbweb-czb-web/czb/historyQuery,2026-08-09T11:34:01.034821+00:00
2016-03-14,2.15,chinabond_official,1001.CB,ChinaBond Government Bond Yield Curve,0,1.0,https://yield.chinabond.com.cn/cbweb-czb-web/czb/historyQuery,2026-08-09T11:34:01.034821+00:00
2016-03-15,2.13,chinabond_official,1001.CB,ChinaBond Government Bond Yield Curve,0,1.0,https://yield.chinabond.com.cn/cbweb-czb-web/czb/historyQuery,2026-08-09T11:34:01.034821+00:00
2016-03-16,2.1,chinabond_official,1001.CB,ChinaBond Government Bond Yield Curve,0,1.0,https://yield.chinabond.com.cn/cbweb-czb-web/czb/historyQuery,2026-08-09T11:34:01.034821+00:00
2016-03-17,2.08,chinabond_official,1001.CB,ChinaBond Government Bond Yield Curve,0,1.0,https://yield.chinabond.com.cn/cbweb-czb-web/czb/historyQuery,2026-08-09T11:34:01.034821+00:00
2016-03-18,2.06,chinabond_official,1001.CB,ChinaBond Government Bond Yield Curve,0,1.0,https://yield.chinabond.com.cn/cbweb-czb-web/czb/historyQuery,2026-08-09T11:34:01.034821+00:00
2016-03-21,2.06,chinabond_official,1001.CB,ChinaBond Government Bond Yield Curve,0,1.0,https://yield.chinabond.com.cn/cbweb-czb-web/czb/historyQuery,2026-08-09T11:34:01.034821+00:00
2016-03-22,2.08,chinabond_official,1001.CB,ChinaBond Government Bond Yield Curve,0,1.0,https://yield.chinabond.com.cn/cbweb-czb-web/czb/historyQuery,2026-08-09T11:34:01.034821+00:00
2016-03-23,2.06,chinabond_official,1001.CB,ChinaBond Government Bond Yield Curve,0,1.0,https://yield.chinabond.com.cn/cbweb-czb-web/czb/historyQuery,2026-08-09T11:34:01.034821+00:00
2016-03-24,2.07,chinabond_official,1001.CB,ChinaBond Government Bond Yield Curve,0,1.0,https://yield.chinabond.com.cn/cbweb-czb-web/czb/historyQuery,2026-08-09T11:34:01.034821+00:00
2016-03-25,2.05,chinabond_official,1001.CB,ChinaBond Government Bond Yield Curve,0,1.0,https://yield.chinabond.com.cn/cbweb-czb-web/czb/historyQuery,2026-08-09T11:34:01.034821+00:00
2016-03-28,2.09,chinabond_official,1001.CB,ChinaBond Government Bond Yield Curve,0,1.0,https://yield.chinabond.com.cn/cbweb-czb-web/czb/historyQuery,2026-08-09T11:34:01.034821+00:00
2016-03-29,2.1,chinabond_official,1001.CB,ChinaBond Government Bond Yield Curve,0,1.0,https://yield.chinabond.com.cn/cbweb-czb-web/czb/historyQuery,2026-08-09T11:34:01.034821+00:00
2016-03-30,2.08,chinabond_official,1001.CB,ChinaBond Government Bond Yield Curve,0,1.0,https://yield.chinabond.com.cn/cbweb-czb-web/czb/historyQuery,2026-08-09T11:34:01.034821+00:00
2016-03-31,2.09,chinabond_official,1001.CB,ChinaBond Government Bond Yield Curve,0,1.0,https://yield.chinabond.com.cn/cbweb-czb-web/czb/historyQuery,2026-08-09T11:34:01.034821+00:00
2016-04-01,2.1,chinabond_official,1001.CB,ChinaBond Government Bond Yield Curve,0,1.0,https://yield.chinabond.com.cn/cbweb-czb-web/czb/historyQuery,2026-08-09T11:34:01.034821+00:00
2016-04-05,2.09,chinabond_official,1001.CB,ChinaBond Government Bond Yield Curve,0,1.0,https://yield.chinabond.com.cn/cbweb-czb-web/czb/historyQuery,2026-08-09T11:34:01.034821+00:00
2016-04-06,2.11,chinabond_official,1001.CB,ChinaBond Government Bond Yield Curve,0,1.0,https://yield.chinabond.com.cn/cbweb-czb-web/czb/historyQuery,2026-08-09T11:34:01.034821+00:00
2016-04-07,2.14,chinabond_official,1001.CB,ChinaBond Government Bond Yield Curve,0,1.0,https://yield.chinabond.com.cn/cbweb-czb-web/czb/historyQuery,2026-08-09T11:34:01.034821+00:00
2016-04-08,2.17,chinabond_official,1001.CB,ChinaBond Government Bond Yield Curve,0,1.0,https://yield.chinabond.com.cn/cbweb-czb-web/czb/historyQuery,2026-08-09T11:34:01.034821+00:00
2016-04-11,2.18,chinabond_official,1001.CB,ChinaBond Government Bond Yield Curve,0,1.0,https://yield.chinabond.com.cn/cbweb-czb-web/czb/historyQuery,2026-08-09T11:34:01.034821+00:00
2016-04-12,2.19,chinabond_official,1001.CB,ChinaBond Government Bond Yield Curve,0,1.0,https://yield.chinabond.com.cn/cbweb-czb-web/czb/historyQuery,2026-08-09T11:34:01.034821+00:00
2016-04-13,2.23,chinabond_official,1001.CB,ChinaBond Government Bond Yield Curve,0,1.0,https://yield.chinabond.com.cn/cbweb-czb-web/czb/historyQuery,2026-08-09T11:34:01.034821+00:00
2016-04-14,2.23,chinabond_official,1001.CB,ChinaBond Government Bond Yield Curve,0,1.0,https://yield.chinabond.com.cn/cbweb-czb-web/czb/historyQuery,2026-08-09T11:34:01.034821+00:00
2016-04-15,2.22,chinabond_official,1001.CB,ChinaBond Government Bond Yield Curve,0,1.0,https://yield.chinabond.com.cn/cbweb-czb-web/czb/historyQuery,2026-08-09T11:34:01.034821+00:00
2016-04-18,2.22,chinabond_official,1001.CB,ChinaBond Government Bond Yield Curve,0,1.0,https://yield.chinabond.com.cn/cbweb-czb-web/czb/historyQuery,2026-08-09T11:34:01.034821+00:00
2016-04-19,2.21,chinabond_official,1001.CB,ChinaBond Government Bond Yield Curve,0,1.0,https://yield.chinabond.com.cn/cbweb-czb-web/czb/historyQuery,2026-08-09T11:34:01.034821+00:00
2016-04-20,2.23,chinabond_official,1001.CB,ChinaBond Government Bond Yield Curve,0,1.0,https://yield.chinabond.com.cn/cbweb-czb-web/czb/historyQuery,2026-08-09T11:34:01.034821+00:00
2016-04-21,2.23,chinabond_official,1001.CB,ChinaBond Government Bond Yield Curve,0,1.0,https://yield.chinabond.com.cn/cbweb-czb-web/czb/historyQuery,2026-08-09T11:34:01.034821+00:00
2016-04-22,2.27,chinabond_official,1001.CB,ChinaBond Government Bond Yield Curve,0,1.0,https://yield.chinabond.com.cn/cbweb-czb-web/czb/historyQuery,2026-08-09T11:34:01.034821+00:00
2016-04-25,2.33,chinabond_official,1001.CB,ChinaBond Government Bond Yield Curve,0,1.0,https://yield.chinabond.com.cn/cbweb-czb-web/czb/historyQuery,2026-08-09T11:34:01.034821+00:00
2016-04-26,2.3,chinabond_official,1001.CB,ChinaBond Government Bond Yield Curve,0,1.0,https://yield.chinabond.com.cn/cbweb-czb-web/czb/historyQuery,2026-08-09T11:34:01.034821+00:00
2016-04-27,2.28,chinabond_official,1001.CB,ChinaBond Government Bond Yield Curve,0,1.0,https://yield.chinabond.com.cn/cbweb-czb-web/czb/historyQuery,2026-08-09T11:34:01.034821+00:00
2016-04-28,2.3,chinabond_official,1001.CB,ChinaBond Government Bond Yield Curve,0,1.0,https://yield.chinabond.com.cn/cbweb-czb-web/czb/historyQuery,2026-08-09T11:34:01.034821+00:00
2016-04-29,2.31,chinabond_official,1001.CB,ChinaBond Government Bond Yield Curve,0,1.0,https://yield.chinabond.com.cn/cbweb-czb-web/czb/historyQuery,2026-08-09T11:34:01.034821+00:00
2016-05-03,2.28,chinabond_official,1001.CB,ChinaBond Government Bond Yield Curve,0,1.0,https://yield.chinabond.com.cn/cbweb-czb-web/czb/historyQuery,2026-08-09T11:34:01.034821+00:00
2016-05-04,2.31,chinabond_official,1001.CB,ChinaBond Government Bond Yield Curve,0,1.0,https://yield.chinabond.com.cn/cbweb-czb-web/czb/historyQuery,2026-08-09T11:34:01.034821+00:00
2016-05-05,2.35,chinabond_official,1001.CB,ChinaBond Government Bond Yield Curve,0,1.0,https://yield.chinabond.com.cn/cbweb-czb-web/czb/historyQuery,2026-08-09T11:34:01.034821+00:00
2016-05-06,2.34,chinabond_official,1001.CB,ChinaBond Government Bond Yield Curve,0,1.0,https://yield.chinabond.com.cn/cbweb-czb-web/czb/historyQuery,2026-08-09T11:34:01.034821+00:00
2016-05-09,2.35,chinabond_official,1001.CB,ChinaBond Government Bond Yield Curve,0,1.0,https://yield.chinabond.com.cn/cbweb-czb-web/czb/historyQuery,2026-08-09T11:34:01.034821+00:00
2016-05-10,2.32,chinabond_official,1001.CB,ChinaBond Government Bond Yield Curve,0,1.0,https://yield.chinabond.com.cn/cbweb-czb-web/czb/historyQuery,2026-08-09T11:34:01.034821+00:00
2016-05-11,2.31,chinabond_official,1001.CB,ChinaBond Government Bond Yield Curve,0,1.0,https://yield.chinabond.com.cn/cbweb-czb-web/czb/historyQuery,2026-08-09T11:34:01.034821+00:00
2016-05-12,2.3,chinabond_official,1001.CB,ChinaBond Government Bond Yield Curve,0,1.0,https://yield.chinabond.com.cn/cbweb-czb-web/czb/historyQuery,2026-08-09T11:34:01.034821+00:00
2016-05-13,2.29,chinabond_official,1001.CB,ChinaBond Government Bond Yield Curve,0,1.0,https://yield.chinabond.com.cn/cbweb-czb-web/czb/historyQuery,2026-08-09T11:34:01.034821+00:00
2016-05-16,2.3,chinabond_official,1001.CB,ChinaBond Government Bond Yield Curve,0,1.0,https://yield.chinabond.com.cn/cbweb-czb-web/czb/historyQuery,2026-08-09T11:34:01.034821+00:00
2016-05-17,2.3,chinabond_official,1001.CB,ChinaBond Government Bond Yield Curve,0,1.0,https://yield.chinabond.com.cn/cbweb-czb-web/czb/historyQuery,2026-08-09T11:34:01.034821+00:00
2016-05-18,2.31,chinabond_official,1001.CB,ChinaBond Government Bond Yield Curve,0,1.0,https://yield.chinabond.com.cn/cbweb-czb-web/czb/historyQuery,2026-08-09T11:34:01.034821+00:00
2016-05-19,2.31,chinabond_official,1001.CB,ChinaBond Government Bond Yield Curve,0,1.0,https://yield.chinabond.com.cn/cbweb-czb-web/czb/historyQuery,2026-08-09T11:34:01.034821+00:00
2016-05-20,2.31,chinabond_official,1001.CB,ChinaBond Government Bond Yield Curve,0,1.0,https://yield.chinabond.com.cn/cbweb-czb-web/czb/historyQuery,2026-08-09T11:34:01.034821+00:00
2016-05-23,2.3,chinabond_official,1001.CB,ChinaBond Government Bond Yield Curve,0,1.0,https://yield.chinabond.com.cn/cbweb-czb-web/czb/historyQuery,2026-08-09T11:34:01.034821+00:00
2016-05-24,2.32,chinabond_official,1001.CB,ChinaBond Government Bond Yield Curve,0,1.0,https://yield.chinabond.com.cn/cbweb-czb-web/czb/historyQuery,2026-08-09T11:34:01.034821+00:00
2016-05-25,2.31,chinabond_official,1001.CB,ChinaBond Government Bond Yield Curve,0,1.0,https://yield.chinabond.com.cn/cbweb-czb-web/czb/historyQuery,2026-08-09T11:34:01.034821+00:00
2016-05-26,2.32,chinabond_official,1001.CB,ChinaBond Government Bond Yield Curve,0,1.0,https://yield.chinabond.com.cn/cbweb-czb-web/czb/historyQuery,2026-08-09T11:34:01.034821+00:00
2016-05-27,2.32,chinabond_official,1001.CB,ChinaBond Government Bond Yield Curve,0,1.0,https://yield.chinabond.com.cn/cbweb-czb-web/czb/historyQuery,2026-08-09T11:34:01.034821+00:00
2016-05-30,2.32,chinabond_official,1001.CB,ChinaBond Government Bond Yield Curve,0,1.0,https://yield.chinabond.com.cn/cbweb-czb-web/czb/historyQuery,2026-08-09T11:34:01.034821+00:00
2016-05-31,2.32,chinabond_official,1001.CB,ChinaBond Government Bond Yield Curve,0,1.0,https://yield.chinabond.com.cn/cbweb-czb-web/czb/historyQuery,2026-08-09T11:34:01.034821+00:00
2016-06-01,2.34,chinabond_official,1001.CB,ChinaBond Government Bond Yield Curve,0,1.0,https://yield.chinabond.com.cn/cbweb-czb-web/czb/historyQuery,2026-08-09T11:34:01.034821+00:00
2016-06-02,2.38,chinabond_official,1001.CB,ChinaBond Government Bond Yield Curve,0,1.0,https://yield.chinabond.com.cn/cbweb-czb-web/czb/historyQuery,2026-08-09T11:34:01.034821+00:00
2016-06-03,2.4,chinabond_official,1001.CB,ChinaBond Government Bond Yield Curve,0,1.0,https://yield.chinabond.com.cn/cbweb-czb-web/czb/historyQuery,2026-08-09T11:34:01.034821+00:00
2016-06-06,2.4,chinabond_official,1001.CB,ChinaBond Government Bond Yield Curve,0,1.0,https://yield.chinabond.com.cn/cbweb-czb-web/czb/historyQuery,2026-08-09T11:34:01.034821+00:00
2016-06-07,2.4,chinabond_official,1001.CB,ChinaBond Government Bond Yield Curve,0,1.0,https://yield.chinabond.com.cn/cbweb-czb-web/czb/historyQuery,2026-08-09T11:34:01.034821+00:00
2016-06-08,2.4,chinabond_official,1001.CB,ChinaBond Government Bond Yield Curve,0,1.0,https://yield.chinabond.com.cn/cbweb-czb-web/czb/historyQuery,2026-08-09T11:34:01.034821+00:00
2016-06-12,2.42,chinabond_official,1001.CB,ChinaBond Government Bond Yield Curve,0,1.0,https://yield.chinabond.com.cn/cbweb-czb-web/czb/historyQuery,2026-08-09T11:34:01.034821+00:00
2016-06-13,2.41,chinabond_official,1001.CB,ChinaBond Government Bond Yield Curve,0,1.0,https://yield.chinabond.com.cn/cbweb-czb-web/czb/historyQuery,2026-08-09T11:34:01.034821+00:00
2016-06-14,2.41,chinabond_official,1001.CB,ChinaBond Government Bond Yield Curve,0,1.0,https://yield.chinabond.com.cn/cbweb-czb-web/czb/historyQuery,2026-08-09T11:34:01.034821+00:00
2016-06-15,2.41,chinabond_official,1001.CB,ChinaBond Government Bond Yield Curve,0,1.0,https://yield.chinabond.com.cn/cbweb-czb-web/czb/historyQuery,2026-08-09T11:34:01.034821+00:00
2016-06-16,2.4,chinabond_official,1001.CB,ChinaBond Government Bond Yield Curve,0,1.0,https://yield.chinabond.com.cn/cbweb-czb-web/czb/historyQuery,2026-08-09T11:34:01.034821+00:00
2016-06-17,2.4,chinabond_official,1001.CB,ChinaBond Government Bond Yield Curve,0,1.0,https://yield.chinabond.com.cn/cbweb-czb-web/czb/historyQuery,2026-08-09T11:34:01.034821+00:00
2016-06-20,2.41,chinabond_official,1001.CB,ChinaBond Government Bond Yield Curve,0,1.0,https://yield.chinabond.com.cn/cbweb-czb-web/czb/historyQuery,2026-08-09T11:34:01.034821+00:00
2016-06-21,2.41,chinabond_official,1001.CB,ChinaBond Government Bond Yield Curve,0,1.0,https://yield.chinabond.com.cn/cbweb-czb-web/czb/historyQuery,2026-08-09T11:34:01.034821+00:00
2016-06-22,2.4,chinabond_official,1001.CB,ChinaBond Government Bond Yield Curve,0,1.0,https://yield.chinabond.com.cn/cbweb-czb-web/czb/historyQuery,2026-08-09T11:34:01.034821+00:00
2016-06-23,2.4,chinabond_official,1001.CB,ChinaBond Government Bond Yield Curve,0,1.0,https://yield.chinabond.com.cn/cbweb-czb-web/czb/historyQuery,2026-08-09T11:34:01.034821+00:00
2016-06-24,2.4,chinabond_official,1001.CB,ChinaBond Government Bond Yield Curve,0,1.0,https://yield.chinabond.com.cn/cbweb-czb-web/czb/historyQuery,2026-08-09T11:34:01.034821+00:00
2016-06-27,2.4,chinabond_official,1001.CB,ChinaBond Government Bond Yield Curve,0,1.0,https://yield.chinabond.com.cn/cbweb-czb-web/czb/historyQuery,2026-08-09T11:34:01.034821+00:00
2016-06-28,2.39,chinabond_official,1001.CB,ChinaBond Government Bond Yield Curve,0,1.0,https://yield.chinabond.com.cn/cbweb-czb-web/czb/historyQuery,2026-08-09T11:34:01.034821+00:00
2016-06-29,2.4,chinabond_official,1001.CB,ChinaBond Government Bond Yield Curve,0,1.0,https://yield.chinabond.com.cn/cbweb-czb-web/czb/historyQuery,2026-08-09T11:34:01.034821+00:00
2016-06-30,2.39,chinabond_official,1001.CB,ChinaBond Government Bond Yield Curve,0,1.0,https://yield.chinabond.com.cn/cbweb-czb-web/czb/historyQuery,2026-08-09T11:34:01.034821+00:00
2016-07-01,2.36,chinabond_official,1001.CB,ChinaBond Government Bond Yield Curve,0,1.0,https://yield.chinabond.com.cn/cbweb-czb-web/czb/historyQuery,2026-08-09T11:34:01.034821+00:00
2016-07-04,2.36,chinabond_official,1001.CB,ChinaBond Government Bond Yield Curve,0,1.0,https://yield.chinabond.com.cn/cbweb-czb-web/czb/historyQuery,2026-08-09T11:34:01.034821+00:00
2016-07-05,2.35,chinabond_official,1001.CB,ChinaBond Government Bond Yield Curve,0,1.0,https://yield.chinabond.com.cn/cbweb-czb-web/czb/historyQuery,2026-08-09T11:34:01.034821+00:00
2016-07-06,2.33,chinabond_official,1001.CB,ChinaBond Government Bond Yield Curve,0,1.0,https://yield.chinabond.com.cn/cbweb-czb-web/czb/historyQuery,2026-08-09T11:34:01.034821+00:00
2016-07-07,2.32,chinabond_official,1001.CB,ChinaBond Government Bond Yield Curve,0,1.0,https://yield.chinabond.com.cn/cbweb-czb-web/czb/historyQuery,2026-08-09T11:34:01.034821+00:00
2016-07-08,2.31,chinabond_official,1001.CB,ChinaBond Government Bond Yield Curve,0,1.0,https://yield.chinabond.com.cn/cbweb-czb-web/czb/historyQuery,2026-08-09T11:34:01.034821+00:00
2016-07-11,2.3,chinabond_official,1001.CB,ChinaBond Government Bond Yield Curve,0,1.0,https://yield.chinabond.com.cn/cbweb-czb-web/czb/historyQuery,2026-08-09T11:34:01.034821+00:00
2016-07-12,2.31,chinabond_official,1001.CB,ChinaBond Government Bond Yield Curve,0,1.0,https://yield.chinabond.com.cn/cbweb-czb-web/czb/historyQuery,2026-08-09T11:34:01.034821+00:00
2016-07-13,2.33,chinabond_official,1001.CB,ChinaBond Government Bond Yield Curve,0,1.0,https://yield.chinabond.com.cn/cbweb-czb-web/czb/historyQuery,2026-08-09T11:34:01.034821+00:00
2016-07-14,2.32,chinabond_official,1001.CB,ChinaBond Government Bond Yield Curve,0,1.0,https://yield.chinabond.com.cn/cbweb-czb-web/czb/historyQuery,2026-08-09T11:34:01.034821+00:00
2016-07-15,2.32,chinabond_official,1001.CB,ChinaBond Government Bond Yield Curve,0,1.0,https://yield.chinabond.com.cn/cbweb-czb-web/czb/historyQuery,2026-08-09T11:34:01.034821+00:00
2016-07-18,2.3,chinabond_official,1001.CB,ChinaBond Government Bond Yield Curve,0,1.0,https://yield.chinabond.com.cn/cbweb-czb-web/czb/historyQuery,2026-08-09T11:34:01.034821+00:00
2016-07-19,2.29,chinabond_official,1001.CB,ChinaBond Government Bond Yield Curve,0,1.0,https://yield.chinabond.com.cn/cbweb-czb-web/czb/historyQuery,2026-08-09T11:34:01.034821+00:00
2016-07-20,2.27,chinabond_official,1001.CB,ChinaBond Government Bond Yield Curve,0,1.0,https://yield.chinabond.com.cn/cbweb-czb-web/czb/historyQuery,2026-08-09T11:34:01.034821+00:00
2016-07-21,2.24,chinabond_official,1001.CB,ChinaBond Government Bond Yield Curve,0,1.0,https://yield.chinabond.com.cn/cbweb-czb-web/czb/historyQuery,2026-08-09T11:34:01.034821+00:00
2016-07-22,2.26,chinabond_official,1001.CB,ChinaBond Government Bond Yield Curve,0,1.0,https://yield.chinabond.com.cn/cbweb-czb-web/czb/historyQuery,2026-08-09T11:34:01.034821+00:00
2016-07-25,2.26,chinabond_official,1001.CB,ChinaBond Government Bond Yield Curve,0,1.0,https://yield.chinabond.com.cn/cbweb-czb-web/czb/historyQuery,2026-08-09T11:34:01.034821+00:00
2016-07-26,2.27,chinabond_official,1001.CB,ChinaBond Government Bond Yield Curve,0,1.0,https://yield.chinabond.com.cn/cbweb-czb-web/czb/historyQuery,2026-08-09T11:34:01.034821+00:00
2016-07-27,2.24,chinabond_official,1001.CB,ChinaBond Government Bond Yield Curve,0,1.0,https://yield.chinabond.com.cn/cbweb-czb-web/czb/historyQuery,2026-08-09T11:34:01.034821+00:00
2016-07-28,2.24,chinabond_official,1001.CB,ChinaBond Government Bond Yield Curve,0,1.0,https://yield.chinabond.com.cn/cbweb-czb-web/czb/historyQuery,2026-08-09T11:34:01.034821+00:00
2016-07-29,2.24,chinabond_official,1001.CB,ChinaBond Government Bond Yield Curve,0,1.0,https://yield.chinabond.com.cn/cbweb-czb-web/czb/historyQuery,2026-08-09T11:34:01.034821+00:00
2016-08-01,2.24,chinabond_official,1001.CB,ChinaBond Government Bond Yield Curve,0,1.0,https://yield.chinabond.com.cn/cbweb-czb-web/czb/historyQuery,2026-08-09T11:34:01.034821+00:00
2016-08-02,2.25,chinabond_official,1001.CB,ChinaBond Government Bond Yield Curve,0,1.0,https://yield.chinabond.com.cn/cbweb-czb-web/czb/historyQuery,2026-08-09T11:34:01.034821+00:00
2016-08-03,2.22,chinabond_official,1001.CB,ChinaBond Government Bond Yield Curve,0,1.0,https://yield.chinabond.com.cn/cbweb-czb-web/czb/historyQuery,2026-08-09T11:34:01.034821+00:00
2016-08-04,2.2,chinabond_official,1001.CB,ChinaBond Government Bond Yield Curve,0,1.0,https://yield.chinabond.com.cn/cbweb-czb-web/czb/historyQuery,2026-08-09T11:34:01.034821+00:00
2016-08-05,2.19,chinabond_official,1001.CB,ChinaBond Government Bond Yield Curve,0,1.0,https://yield.chinabond.com.cn/cbweb-czb-web/czb/historyQuery,2026-08-09T11:34:01.034821+00:00
2016-08-08,2.19,chinabond_official,1001.CB,ChinaBond Government Bond Yield Curve,0,1.0,https://yield.chinabond.com.cn/cbweb-czb-web/czb/historyQuery,2026-08-09T11:34:01.034821+00:00
2016-08-09,2.18,chinabond_official,1001.CB,ChinaBond Government Bond Yield Curve,0,1.0,https://yield.chinabond.com.cn/cbweb-czb-web/czb/historyQuery,2026-08-09T11:34:01.034821+00:00
2016-08-10,2.17,chinabond_official,1001.CB,ChinaBond Government Bond Yield Curve,0,1.0,https://yield.chinabond.com.cn/cbweb-czb-web/czb/historyQuery,2026-08-09T11:34:01.034821+00:00
2016-08-11,2.15,chinabond_official,1001.CB,ChinaBond Government Bond Yield Curve,0,1.0,https://yield.chinabond.com.cn/cbweb-czb-web/czb/historyQuery,2026-08-09T11:34:01.034821+00:00
2016-08-12,2.14,chinabond_official,1001.CB,ChinaBond Government Bond Yield Curve,0,1.0,https://yield.chinabond.com.cn/cbweb-czb-web/czb/historyQuery,2026-08-09T11:34:01.034821+00:00
2016-08-15,2.13,chinabond_official,1001.CB,ChinaBond Government Bond Yield Curve,0,1.0,https://yield.chinabond.com.cn/cbweb-czb-web/czb/historyQuery,2026-08-09T11:34:01.034821+00:00
2016-08-16,2.1,chinabond_official,1001.CB,ChinaBond Government Bond Yield Curve,0,1.0,https://yield.chinabond.com.cn/cbweb-czb-web/czb/historyQuery,2026-08-09T11:34:01.034821+00:00
2016-08-17,2.1,chinabond_official,1001.CB,ChinaBond Government Bond Yield Curve,0,1.0,https://yield.chinabond.com.cn/cbweb-czb-web/czb/historyQuery,2026-08-09T11:34:01.034821+00:00
2016-08-18,2.09,chinabond_official,1001.CB,ChinaBond Government Bond Yield Curve,0,1.0,https://yield.chinabond.com.cn/cbweb-czb-web/czb/historyQuery,2026-08-09T11:34:01.034821+00:00
2016-08-19,2.1,chinabond_official,1001.CB,ChinaBond Government Bond Yield Curve,0,1.0,https://yield.chinabond.com.cn/cbweb-czb-web/czb/historyQuery,2026-08-09T11:34:01.034821+00:00
2016-08-22,2.1,chinabond_official,1001.CB,ChinaBond Government Bond Yield Curve,0,1.0,https://yield.chinabond.com.cn/cbweb-czb-web/czb/historyQuery,2026-08-09T11:34:01.034821+00:00
2016-08-23,2.1,chinabond_official,1001.CB,ChinaBond Government Bond Yield Curve,0,1.0,https://yield.chinabond.com.cn/cbweb-czb-web/czb/historyQuery,2026-08-09T11:34:01.034821+00:00
2016-08-24,2.11,chinabond_official,1001.CB,ChinaBond Government Bond Yield Curve,0,1.0,https://yield.chinabond.com.cn/cbweb-czb-web/czb/historyQuery,2026-08-09T11:34:01.034821+00:00
2016-08-25,2.12,chinabond_official,1001.CB,ChinaBond Government Bond Yield Curve,0,1.0,https://yield.chinabond.com.cn/cbweb-czb-web/czb/historyQuery,2026-08-09T11:34:01.034821+00:00
2016-08-26,2.13,chinabond_official,1001.CB,ChinaBond Government Bond Yield Curve,0,1.0,https://yield.chinabond.com.cn/cbweb-czb-web/czb/historyQuery,2026-08-09T11:34:01.034821+00:00
2016-08-29,2.13,chinabond_official,1001.CB,ChinaBond Government Bond Yield Curve,0,1.0,https://yield.chinabond.com.cn/cbweb-czb-web/czb/historyQuery,2026-08-09T11:34:01.034821+00:00
2016-08-30,2.13,chinabond_official,1001.CB,ChinaBond Government Bond Yield Curve,0,1.0,https://yield.chinabond.com.cn/cbweb-czb-web/czb/historyQuery,2026-08-09T11:34:01.034821+00:00
2016-08-31,2.12,chinabond_official,1001.CB,ChinaBond Government Bond Yield Curve,0,1.0,https://yield.chinabond.com.cn/cbweb-czb-web/czb/historyQuery,2026-08-09T11:34:01.034821+00:00
2016-09-01,2.11,chinabond_official,1001.CB,ChinaBond Government Bond Yield Curve,0,1.0,https://yield.chinabond.com.cn/cbweb-czb-web/czb/historyQuery,2026-08-09T11:34:01.034821+00:00
2016-09-02,2.13,chinabond_official,1001.CB,ChinaBond Government Bond Yield Curve,0,1.0,https://yield.chinabond.com.cn/cbweb-czb-web/czb/historyQuery,2026-08-09T11:34:01.034821+00:00
2016-09-05,2.13,chinabond_official,1001.CB,ChinaBond Government Bond Yield Curve,0,1.0,https://yield.chinabond.com.cn/cbweb-czb-web/czb/historyQuery,2026-08-09T11:34:01.034821+00:00
2016-09-06,2.14,chinabond_official,1001.CB,ChinaBond Government Bond Yield Curve,0,1.0,https://yield.chinabond.com.cn/cbweb-czb-web/czb/historyQuery,2026-08-09T11:34:01.034821+00:00
2016-09-07,2.13,chinabond_official,1001.CB,ChinaBond Government Bond Yield Curve,0,1.0,https://yield.chinabond.com.cn/cbweb-czb-web/czb/historyQuery,2026-08-09T11:34:01.034821+00:00
2016-09-08,2.14,chinabond_official,1001.CB,ChinaBond Government Bond Yield Curve,0,1.0,https://yield.chinabond.com.cn/cbweb-czb-web/czb/historyQuery,2026-08-09T11:34:01.034821+00:00
2016-09-09,2.16,chinabond_official,1001.CB,ChinaBond Government Bond Yield Curve,0,1.0,https://yield.chinabond.com.cn/cbweb-czb-web/czb/historyQuery,2026-08-09T11:34:01.034821+00:00
2016-09-12,2.19,chinabond_official,1001.CB,ChinaBond Government Bond Yield Curve,0,1.0,https://yield.chinabond.com.cn/cbweb-czb-web/czb/historyQuery,2026-08-09T11:34:01.034821+00:00
2016-09-13,2.17,chinabond_official,1001.CB,ChinaBond Government Bond Yield Curve,0,1.0,https://yield.chinabond.com.cn/cbweb-czb-web/czb/historyQuery,2026-08-09T11:34:01.034821+00:00
2016-09-14,2.17,chinabond_official,1001.CB,ChinaBond Government Bond Yield Curve,0,1.0,https://yield.chinabond.com.cn/cbweb-czb-web/czb/historyQuery,2026-08-09T11:34:01.034821+00:00
2016-09-18,2.18,chinabond_official,1001.CB,ChinaBond Government Bond Yield Curve,0,1.0,https://yield.chinabond.com.cn/cbweb-czb-web/czb/historyQuery,2026-08-09T11:34:01.034821+00:00
2016-09-19,2.18,chinabond_official,1001.CB,ChinaBond Government Bond Yield Curve,0,1.0,https://yield.chinabond.com.cn/cbweb-czb-web/czb/historyQuery,2026-08-09T11:34:01.034821+00:00
2016-09-20,2.17,chinabond_official,1001.CB,ChinaBond Government Bond Yield Curve,0,1.0,https://yield.chinabond.com.cn/cbweb-czb-web/czb/historyQuery,2026-08-09T11:34:01.034821+00:00
2016-09-21,2.17,chinabond_official,1001.CB,ChinaBond Government Bond Yield Curve,0,1.0,https://yield.chinabond.com.cn/cbweb-czb-web/czb/historyQuery,2026-08-09T11:34:01.034821+00:00
2016-09-22,2.16,chinabond_official,1001.CB,ChinaBond Government Bond Yield Curve,0,1.0,https://yield.chinabond.com.cn/cbweb-czb-web/czb/historyQuery,2026-08-09T11:34:01.034821+00:00
2016-09-23,2.16,chinabond_official,1001.CB,ChinaBond Government Bond Yield Curve,0,1.0,https://yield.chinabond.com.cn/cbweb-czb-web/czb/historyQuery,2026-08-09T11:34:01.034821+00:00
2016-09-26,2.15,chinabond_official,1001.CB,ChinaBond Government Bond Yield Curve,0,1.0,https://yield.chinabond.com.cn/cbweb-czb-web/czb/historyQuery,2026-08-09T11:34:01.034821+00:00
2016-09-27,2.17,chinabond_official,1001.CB,ChinaBond Government Bond Yield Curve,0,1.0,https://yield.chinabond.com.cn/cbweb-czb-web/czb/historyQuery,2026-08-09T11:34:01.034821+00:00
2016-09-28,2.17,chinabond_official,1001.CB,ChinaBond Government Bond Yield Curve,0,1.0,https://yield.chinabond.com.cn/cbweb-czb-web/czb/historyQuery,2026-08-09T11:34:01.034821+00:00
2016-09-29,2.17,chinabond_official,1001.CB,ChinaBond Government Bond Yield Curve,0,1.0,https://yield.chinabond.com.cn/cbweb-czb-web/czb/historyQuery,2026-08-09T11:34:01.034821+00:00
2016-09-30,2.16,chinabond_official,1001.CB,ChinaBond Government Bond Yield Curve,0,1.0,https://yield.chinabond.com.cn/cbweb-czb-web/czb/historyQuery,2026-08-09T11:34:01.034821+00:00
2016-10-08,2.15,chinabond_official,1001.CB,ChinaBond Government Bond Yield Curve,0,1.0,https://yield.chinabond.com.cn/cbweb-czb-web/czb/historyQuery,2026-08-09T11:34:01.034821+00:00
2016-10-09,2.16,chinabond_official,1001.CB,ChinaBond Government Bond Yield Curve,0,1.0,https://yield.chinabond.com.cn/cbweb-czb-web/czb/historyQuery,2026-08-09T11:34:01.034821+00:00
2016-10-10,2.15,chinabond_official,1001.CB,ChinaBond Government Bond Yield Curve,0,1.0,https://yield.chinabond.com.cn/cbweb-czb-web/czb/historyQuery,2026-08-09T11:34:01.034821+00:00
2016-10-11,2.15,chinabond_official,1001.CB,ChinaBond Government Bond Yield Curve,0,1.0,https://yield.chinabond.com.cn/cbweb-czb-web/czb/historyQuery,2026-08-09T11:34:01.034821+00:00
2016-10-12,2.16,chinabond_official,1001.CB,ChinaBond Government Bond Yield Curve,0,1.0,https://yield.chinabond.com.cn/cbweb-czb-web/czb/historyQuery,2026-08-09T11:34:01.034821+00:00
2016-10-13,2.15,chinabond_official,1001.CB,ChinaBond Government Bond Yield Curve,0,1.0,https://yield.chinabond.com.cn/cbweb-czb-web/czb/historyQuery,2026-08-09T11:34:01.034821+00:00
2016-10-14,2.14,chinabond_official,1001.CB,ChinaBond Government Bond Yield Curve,0,1.0,https://yield.chinabond.com.cn/cbweb-czb-web/czb/historyQuery,2026-08-09T11:34:01.034821+00:00
2016-10-17,2.15,chinabond_official,1001.CB,ChinaBond Government Bond Yield Curve,0,1.0,https://yield.chinabond.com.cn/cbweb-czb-web/czb/historyQuery,2026-08-09T11:34:01.034821+00:00
2016-10-18,2.14,chinabond_official,1001.CB,ChinaBond Government Bond Yield Curve,0,1.0,https://yield.chinabond.com.cn/cbweb-czb-web/czb/historyQuery,2026-08-09T11:34:01.034821+00:00
2016-10-19,2.14,chinabond_official,1001.CB,ChinaBond Government Bond Yield Curve,0,1.0,https://yield.chinabond.com.cn/cbweb-czb-web/czb/historyQuery,2026-08-09T11:34:01.034821+00:00
2016-10-20,2.14,chinabond_official,1001.CB,ChinaBond Government Bond Yield Curve,0,1.0,https://yield.chinabond.com.cn/cbweb-czb-web/czb/historyQuery,2026-08-09T11:34:01.034821+00:00
2016-10-21,2.15,chinabond_official,1001.CB,ChinaBond Government Bond Yield Curve,0,1.0,https://yield.chinabond.com.cn/cbweb-czb-web/czb/historyQuery,2026-08-09T11:34:01.034821+00:00
2016-10-24,2.16,chinabond_official,1001.CB,ChinaBond Government Bond Yield Curve,0,1.0,https://yield.chinabond.com.cn/cbweb-czb-web/czb/historyQuery,2026-08-09T11:34:01.034821+00:00
2016-10-25,2.15,chinabond_official,1001.CB,ChinaBond Government Bond Yield Curve,0,1.0,https://yield.chinabond.com.cn/cbweb-czb-web/czb/historyQuery,2026-08-09T11:34:01.034821+00:00
2016-10-26,2.18,chinabond_official,1001.CB,ChinaBond Government Bond Yield Curve,0,1.0,https://yield.chinabond.com.cn/cbweb-czb-web/czb/historyQuery,2026-08-09T11:34:01.034821+00:00
2016-10-27,2.19,chinabond_official,1001.CB,ChinaBond Government Bond Yield Curve,0,1.0,https://yield.chinabond.com.cn/cbweb-czb-web/czb/historyQuery,2026-08-09T11:34:01.034821+00:00
2016-10-28,2.18,chinabond_official,1001.CB,ChinaBond Government Bond Yield Curve,0,1.0,https://yield.chinabond.com.cn/cbweb-czb-web/czb/historyQuery,2026-08-09T11:34:01.034821+00:00
2016-10-31,2.17,chinabond_official,1001.CB,ChinaBond Government Bond Yield Curve,0,1.0,https://yield.chinabond.com.cn/cbweb-czb-web/czb/historyQuery,2026-08-09T11:34:01.034821+00:00
2016-11-01,2.17,chinabond_official,1001.CB,ChinaBond Government Bond Yield Curve,0,1.0,https://yield.chinabond.com.cn/cbweb-czb-web/czb/historyQuery,2026-08-09T11:34:01.034821+00:00
2016-11-02,2.16,chinabond_official,1001.CB,ChinaBond Government Bond Yield Curve,0,1.0,https://yield.chinabond.com.cn/cbweb-czb-web/czb/historyQuery,2026-08-09T11:34:01.034821+00:00
2016-11-03,2.15,chinabond_official,1001.CB,ChinaBond Government Bond Yield Curve,0,1.0,https://yield.chinabond.com.cn/cbweb-czb-web/czb/historyQuery,2026-08-09T11:34:01.034821+00:00
2016-11-04,2.14,chinabond_official,1001.CB,ChinaBond Government Bond Yield Curve,0,1.0,https://yield.chinabond.com.cn/cbweb-czb-web/czb/historyQuery,2026-08-09T11:34:01.034821+00:00
2016-11-07,2.15,chinabond_official,1001.CB,ChinaBond Government Bond Yield Curve,0,1.0,https://yield.chinabond.com.cn/cbweb-czb-web/czb/historyQuery,2026-08-09T11:34:01.034821+00:00
2016-11-08,2.15,chinabond_official,1001.CB,ChinaBond Government Bond Yield Curve,0,1.0,https://yield.chinabond.com.cn/cbweb-czb-web/czb/historyQuery,2026-08-09T11:34:01.034821+00:00
2016-11-09,2.14,chinabond_official,1001.CB,ChinaBond Government Bond Yield Curve,0,1.0,https://yield.chinabond.com.cn/cbweb-czb-web/czb/historyQuery,2026-08-09T11:34:01.034821+00:00
2016-11-10,2.14,chinabond_official,1001.CB,ChinaBond Government Bond Yield Curve,0,1.0,https://yield.chinabond.com.cn/cbweb-czb-web/czb/historyQuery,2026-08-09T11:34:01.034821+00:00
2016-11-11,2.14,chinabond_official,1001.CB,ChinaBond Government Bond Yield Curve,0,1.0,https://yield.chinabond.com.cn/cbweb-czb-web/czb/historyQuery,2026-08-09T11:34:01.034821+00:00
2016-11-14,2.13,chinabond_official,1001.CB,ChinaBond Government Bond Yield Curve,0,1.0,https://yield.chinabond.com.cn/cbweb-czb-web/czb/historyQuery,2026-08-09T11:34:01.034821+00:00
2016-11-15,2.16,chinabond_official,1001.CB,ChinaBond Government Bond Yield Curve,0,1.0,https://yield.chinabond.com.cn/cbweb-czb-web/czb/historyQuery,2026-08-09T11:34:01.034821+00:00
2016-11-16,2.15,chinabond_official,1001.CB,ChinaBond Government Bond Yield Curve,0,1.0,https://yield.chinabond.com.cn/cbweb-czb-web/czb/historyQuery,2026-08-09T11:34:01.034821+00:00
2016-11-17,2.18,chinabond_official,1001.CB,ChinaBond Government Bond Yield Curve,0,1.0,https://yield.chinabond.com.cn/cbweb-czb-web/czb/historyQuery,2026-08-09T11:34:01.034821+00:00
2016-11-18,2.23,chinabond_official,1001.CB,ChinaBond Government Bond Yield Curve,0,1.0,https://yield.chinabond.com.cn/cbweb-czb-web/czb/historyQuery,2026-08-09T11:34:01.034821+00:00
2016-11-21,2.2,chinabond_official,1001.CB,ChinaBond Government Bond Yield Curve,0,1.0,https://yield.chinabond.com.cn/cbweb-czb-web/czb/historyQuery,2026-08-09T11:34:01.034821+00:00
2016-11-22,2.18,chinabond_official,1001.CB,ChinaBond Government Bond Yield Curve,0,1.0,https://yield.chinabond.com.cn/cbweb-czb-web/czb/historyQuery,2026-08-09T11:34:01.034821+00:00
2016-11-23,2.19,chinabond_official,1001.CB,ChinaBond Government Bond Yield Curve,0,1.0,https://yield.chinabond.com.cn/cbweb-czb-web/czb/historyQuery,2026-08-09T11:34:01.034821+00:00
2016-11-24,2.2,chinabond_official,1001.CB,ChinaBond Government Bond Yield Curve,0,1.0,https://yield.chinabond.com.cn/cbweb-czb-web/czb/historyQuery,2026-08-09T11:34:01.034821+00:00
2016-11-25,2.23,chinabond_official,1001.CB,ChinaBond Government Bond Yield Curve,0,1.0,https://yield.chinabond.com.cn/cbweb-czb-web/czb/historyQuery,2026-08-09T11:34:01.034821+00:00
2016-11-28,2.22,chinabond_official,1001.CB,ChinaBond Government Bond Yield Curve,0,1.0,https://yield.chinabond.com.cn/cbweb-czb-web/czb/historyQuery,2026-08-09T11:34:01.034821+00:00
2016-11-29,2.26,chinabond_official,1001.CB,ChinaBond Government Bond Yield Curve,0,1.0,https://yield.chinabond.com.cn/cbweb-czb-web/czb/historyQuery,2026-08-09T11:34:01.034821+00:00
2016-11-30,2.3,chinabond_official,1001.CB,ChinaBond Government Bond Yield Curve,0,1.0,https://yield.chinabond.com.cn/cbweb-czb-web/czb/historyQuery,2026-08-09T11:34:01.034821+00:00
2016-12-01,2.33,chinabond_official,1001.CB,ChinaBond Government Bond Yield Curve,0,1.0,https://yield.chinabond.com.cn/cbweb-czb-web/czb/historyQuery,2026-08-09T11:34:01.034821+00:00
2016-12-02,2.35,chinabond_official,1001.CB,ChinaBond Government Bond Yield Curve,0,1.0,https://yield.chinabond.com.cn/cbweb-czb-web/czb/historyQuery,2026-08-09T11:34:01.034821+00:00
2016-12-05,2.4,chinabond_official,1001.CB,ChinaBond Government Bond Yield Curve,0,1.0,https://yield.chinabond.com.cn/cbweb-czb-web/czb/historyQuery,2026-08-09T11:34:01.034821+00:00
2016-12-06,2.37,chinabond_official,1001.CB,ChinaBond Government Bond Yield Curve,0,1.0,https://yield.chinabond.com.cn/cbweb-czb-web/czb/historyQuery,2026-08-09T11:34:01.034821+00:00
2016-12-07,2.4,chinabond_official,1001.CB,ChinaBond Government Bond Yield Curve,0,1.0,https://yield.chinabond.com.cn/cbweb-czb-web/czb/historyQuery,2026-08-09T11:34:01.034821+00:00
2016-12-08,2.44,chinabond_official,1001.CB,ChinaBond Government Bond Yield Curve,0,1.0,https://yield.chinabond.com.cn/cbweb-czb-web/czb/historyQuery,2026-08-09T11:34:01.034821+00:00
2016-12-09,2.51,chinabond_official,1001.CB,ChinaBond Government Bond Yield Curve,0,1.0,https://yield.chinabond.com.cn/cbweb-czb-web/czb/historyQuery,2026-08-09T11:34:01.034821+00:00
2016-12-12,2.57,chinabond_official,1001.CB,ChinaBond Government Bond Yield Curve,0,1.0,https://yield.chinabond.com.cn/cbweb-czb-web/czb/historyQuery,2026-08-09T11:34:01.034821+00:00
2016-12-13,2.6,chinabond_official,1001.CB,ChinaBond Government Bond Yield Curve,0,1.0,https://yield.chinabond.com.cn/cbweb-czb-web/czb/historyQuery,2026-08-09T11:34:01.034821+00:00
2016-12-14,2.71,chinabond_official,1001.CB,ChinaBond Government Bond Yield Curve,0,1.0,https://yield.chinabond.com.cn/cbweb-czb-web/czb/historyQuery,2026-08-09T11:34:01.034821+00:00
2016-12-15,2.86,chinabond_official,1001.CB,ChinaBond Government Bond Yield Curve,0,1.0,https://yield.chinabond.com.cn/cbweb-czb-web/czb/historyQuery,2026-08-09T11:34:01.034821+00:00
2016-12-16,2.99,chinabond_official,1001.CB,ChinaBond Government Bond Yield Curve,0,1.0,https://yield.chinabond.com.cn/cbweb-czb-web/czb/historyQuery,2026-08-09T11:34:01.034821+00:00
2016-12-19,3.05,chinabond_official,1001.CB,ChinaBond Government Bond Yield Curve,0,1.0,https://yield.chinabond.com.cn/cbweb-czb-web/czb/historyQuery,2026-08-09T11:34:01.034821+00:00
2016-12-20,3.05,chinabond_official,1001.CB,ChinaBond Government Bond Yield Curve,0,1.0,https://yield.chinabond.com.cn/cbweb-czb-web/czb/historyQuery,2026-08-09T11:34:01.034821+00:00
2016-12-21,2.92,chinabond_official,1001.CB,ChinaBond Government Bond Yield Curve,0,1.0,https://yield.chinabond.com.cn/cbweb-czb-web/czb/historyQuery,2026-08-09T11:34:01.034821+00:00
2016-12-22,2.87,chinabond_official,1001.CB,ChinaBond Government Bond Yield Curve,0,1.0,https://yield.chinabond.com.cn/cbweb-czb-web/czb/historyQuery,2026-08-09T11:34:01.034821+00:00
2016-12-23,2.72,chinabond_official,1001.CB,ChinaBond Government Bond Yield Curve,0,1.0,https://yield.chinabond.com.cn/cbweb-czb-web/czb/historyQuery,2026-08-09T11:34:01.034821+00:00
2016-12-26,2.72,chinabond_official,1001.CB,ChinaBond Government Bond Yield Curve,0,1.0,https://yield.chinabond.com.cn/cbweb-czb-web/czb/historyQuery,2026-08-09T11:34:01.034821+00:00
2016-12-27,2.73,chinabond_official,1001.CB,ChinaBond Government Bond Yield Curve,0,1.0,https://yield.chinabond.com.cn/cbweb-czb-web/czb/historyQuery,2026-08-09T11:34:01.034821+00:00
2016-12-28,2.75,chinabond_official,1001.CB,ChinaBond Government Bond Yield Curve,0,1.0,https://yield.chinabond.com.cn/cbweb-czb-web/czb/historyQuery,2026-08-09T11:34:01.034821+00:00
2016-12-29,2.72,chinabond_official,1001.CB,ChinaBond Government Bond Yield Curve,0,1.0,https://yield.chinabond.com.cn/cbweb-czb-web/czb/historyQuery,2026-08-09T11:34:01.034821+00:00
2016-12-30,2.65,chinabond_official,1001.CB,ChinaBond Government Bond Yield Curve,0,1.0,https://yield.chinabond.com.cn/cbweb-czb-web/czb/historyQuery,2026-08-09T11:34:01.034821+00:00
2016-12-31,2.65,chinabond_official,1001.CB,ChinaBond Government Bond Yield Curve,0,1.0,https://yield.chinabond.com.cn/cbweb-czb-web/czb/historyQuery,2026-08-09T11:34:01.034821+00:00
2017-01-03,2.75,chinabond_official,1001.CB,ChinaBond Government Bond Yield Curve,0,1.0,https://yield.chinabond.com.cn/cbweb-czb-web/czb/historyQuery,2026-08-09T11:34:01.034821+00:00
2017-01-04,2.75,chinabond_official,1001.CB,ChinaBond Government Bond Yield Curve,0,1.0,https://yield.chinabond.com.cn/cbweb-czb-web/czb/historyQuery,2026-08-09T11:34:01.034821+00:00
2017-01-05,2.78,chinabond_official,1001.CB,ChinaBond Government Bond Yield Curve,0,1.0,https://yield.chinabond.com.cn/cbweb-czb-web/czb/historyQuery,2026-08-09T11:34:01.034821+00:00
2017-01-06,2.78,chinabond_official,1001.CB,ChinaBond Government Bond Yield Curve,0,1.0,https://yield.chinabond.com.cn/cbweb-czb-web/czb/historyQuery,2026-08-09T11:34:01.034821+00:00
2017-01-09,2.77,chinabond_official,1001.CB,ChinaBond Government Bond Yield Curve,0,1.0,https://yield.chinabond.com.cn/cbweb-czb-web/czb/historyQuery,2026-08-09T11:34:01.034821+00:00
2017-01-10,2.73,chinabond_official,1001.CB,ChinaBond Government Bond Yield Curve,0,1.0,https://yield.chinabond.com.cn/cbweb-czb-web/czb/historyQuery,2026-08-09T11:34:01.034821+00:00
2017-01-11,2.72,chinabond_official,1001.CB,ChinaBond Government Bond Yield Curve,0,1.0,https://yield.chinabond.com.cn/cbweb-czb-web/czb/historyQuery,2026-08-09T11:34:01.034821+00:00
2017-01-12,2.71,chinabond_official,1001.CB,ChinaBond Government Bond Yield Curve,0,1.0,https://yield.chinabond.com.cn/cbweb-czb-web/czb/historyQuery,2026-08-09T11:34:01.034821+00:00
2017-01-13,2.69,chinabond_official,1001.CB,ChinaBond Government Bond Yield Curve,0,1.0,https://yield.chinabond.com.cn/cbweb-czb-web/czb/historyQuery,2026-08-09T11:34:01.034821+00:00
2017-01-16,2.62,chinabond_official,1001.CB,ChinaBond Government Bond Yield Curve,0,1.0,https://yield.chinabond.com.cn/cbweb-czb-web/czb/historyQuery,2026-08-09T11:34:01.034821+00:00
2017-01-17,2.67,chinabond_official,1001.CB,ChinaBond Government Bond Yield Curve,0,1.0,https://yield.chinabond.com.cn/cbweb-czb-web/czb/historyQuery,2026-08-09T11:34:01.034821+00:00
2017-01-18,2.64,chinabond_official,1001.CB,ChinaBond Government Bond Yield Curve,0,1.0,https://yield.chinabond.com.cn/cbweb-czb-web/czb/historyQuery,2026-08-09T11:34:01.034821+00:00
2017-01-19,2.67,chinabond_official,1001.CB,ChinaBond Government Bond Yield Curve,0,1.0,https://yield.chinabond.com.cn/cbweb-czb-web/czb/historyQuery,2026-08-09T11:34:01.034821+00:00
2017-01-20,2.64,chinabond_official,1001.CB,ChinaBond Government Bond Yield Curve,0,1.0,https://yield.chinabond.com.cn/cbweb-czb-web/czb/historyQuery,2026-08-09T11:34:01.034821+00:00
2017-01-22,2.64,chinabond_official,1001.CB,ChinaBond Government Bond Yield Curve,0,1.0,https://yield.chinabond.com.cn/cbweb-czb-web/czb/historyQuery,2026-08-09T11:34:01.034821+00:00
2017-01-23,2.64,chinabond_official,1001.CB,ChinaBond Government Bond Yield Curve,0,1.0,https://yield.chinabond.com.cn/cbweb-czb-web/czb/historyQuery,2026-08-09T11:34:01.034821+00:00
2017-01-24,2.64,chinabond_official,1001.CB,ChinaBond Government Bond Yield Curve,0,1.0,https://yield.chinabond.com.cn/cbweb-czb-web/czb/historyQuery,2026-08-09T11:34:01.034821+00:00
2017-01-25,2.65,chinabond_official,1001.CB,ChinaBond Government Bond Yield Curve,0,1.0,https://yield.chinabond.com.cn/cbweb-czb-web/czb/historyQuery,2026-08-09T11:34:01.034821+00:00
2017-01-26,2.68,chinabond_official,1001.CB,ChinaBond Government Bond Yield Curve,0,1.0,https://yield.chinabond.com.cn/cbweb-czb-web/czb/historyQuery,2026-08-09T11:34:01.034821+00:00
2017-02-03,2.74,chinabond_official,1001.CB,ChinaBond Government Bond Yield Curve,0,1.0,https://yield.chinabond.com.cn/cbweb-czb-web/czb/historyQuery,2026-08-09T11:34:01.034821+00:00
2017-02-04,2.79,chinabond_official,1001.CB,ChinaBond Government Bond Yield Curve,0,1.0,https://yield.chinabond.com.cn/cbweb-czb-web/czb/historyQuery,2026-08-09T11:34:01.034821+00:00
2017-02-06,2.84,chinabond_official,1001.CB,ChinaBond Government Bond Yield Curve,0,1.0,https://yield.chinabond.com.cn/cbweb-czb-web/czb/historyQuery,2026-08-09T11:34:01.034821+00:00
2017-02-07,2.89,chinabond_official,1001.CB,ChinaBond Government Bond Yield Curve,0,1.0,https://yield.chinabond.com.cn/cbweb-czb-web/czb/historyQuery,2026-08-09T11:34:01.034821+00:00
2017-02-08,2.86,chinabond_official,1001.CB,ChinaBond Government Bond Yield Curve,0,1.0,https://yield.chinabond.com.cn/cbweb-czb-web/czb/historyQuery,2026-08-09T11:34:01.034821+00:00
2017-02-09,2.83,chinabond_official,1001.CB,ChinaBond Government Bond Yield Curve,0,1.0,https://yield.chinabond.com.cn/cbweb-czb-web/czb/historyQuery,2026-08-09T11:34:01.034821+00:00
2017-02-10,2.84,chinabond_official,1001.CB,ChinaBond Government Bond Yield Curve,0,1.0,https://yield.chinabond.com.cn/cbweb-czb-web/czb/historyQuery,2026-08-09T11:34:01.034821+00:00
2017-02-13,2.85,chinabond_official,1001.CB,ChinaBond Government Bond Yield Curve,0,1.0,https://yield.chinabond.com.cn/cbweb-czb-web/czb/historyQuery,2026-08-09T11:34:01.034821+00:00
2017-02-14,2.82,chinabond_official,1001.CB,ChinaBond Government Bond Yield Curve,0,1.0,https://yield.chinabond.com.cn/cbweb-czb-web/czb/historyQuery,2026-08-09T11:34:01.034821+00:00
2017-02-15,2.82,chinabond_official,1001.CB,ChinaBond Government Bond Yield Curve,0,1.0,https://yield.chinabond.com.cn/cbweb-czb-web/czb/historyQuery,2026-08-09T11:34:01.034821+00:00
2017-02-16,2.81,chinabond_official,1001.CB,ChinaBond Government Bond Yield Curve,0,1.0,https://yield.chinabond.com.cn/cbweb-czb-web/czb/historyQuery,2026-08-09T11:34:01.034821+00:00
2017-02-17,2.8,chinabond_official,1001.CB,ChinaBond Government Bond Yield Curve,0,1.0,https://yield.chinabond.com.cn/cbweb-czb-web/czb/historyQuery,2026-08-09T11:34:01.034821+00:00
2017-02-20,2.75,chinabond_official,1001.CB,ChinaBond Government Bond Yield Curve,0,1.0,https://yield.chinabond.com.cn/cbweb-czb-web/czb/historyQuery,2026-08-09T11:34:01.034821+00:00
2017-02-21,2.72,chinabond_official,1001.CB,ChinaBond Government Bond Yield Curve,0,1.0,https://yield.chinabond.com.cn/cbweb-czb-web/czb/historyQuery,2026-08-09T11:34:01.034821+00:00
2017-02-22,2.71,chinabond_official,1001.CB,ChinaBond Government Bond Yield Curve,0,1.0,https://yield.chinabond.com.cn/cbweb-czb-web/czb/historyQuery,2026-08-09T11:34:01.034821+00:00
2017-02-23,2.7,chinabond_official,1001.CB,ChinaBond Government Bond Yield Curve,0,1.0,https://yield.chinabond.com.cn/cbweb-czb-web/czb/historyQuery,2026-08-09T11:34:01.034821+00:00
2017-02-24,2.71,chinabond_official,1001.CB,ChinaBond Government Bond Yield Curve,0,1.0,https://yield.chinabond.com.cn/cbweb-czb-web/czb/historyQuery,2026-08-09T11:34:01.034821+00:00
2017-02-27,2.71,chinabond_official,1001.CB,ChinaBond Government Bond Yield Curve,0,1.0,https://yield.chinabond.com.cn/cbweb-czb-web/czb/historyQuery,2026-08-09T11:34:01.034821+00:00
2017-02-28,2.71,chinabond_official,1001.CB,ChinaBond Government Bond Yield Curve,0,1.0,https://yield.chinabond.com.cn/cbweb-czb-web/czb/historyQuery,2026-08-09T11:34:01.034821+00:00
2017-03-01,2.71,chinabond_official,1001.CB,ChinaBond Government Bond Yield Curve,0,1.0,https://yield.chinabond.com.cn/cbweb-czb-web/czb/historyQuery,2026-08-09T11:34:01.034821+00:00
2017-03-02,2.76,chinabond_official,1001.CB,ChinaBond Government Bond Yield Curve,0,1.0,https://yield.chinabond.com.cn/cbweb-czb-web/czb/historyQuery,2026-08-09T11:34:01.034821+00:00
2017-03-03,2.8,chinabond_official,1001.CB,ChinaBond Government Bond Yield Curve,0,1.0,https://yield.chinabond.com.cn/cbweb-czb-web/czb/historyQuery,2026-08-09T11:34:01.034821+00:00
2017-03-06,2.79,chinabond_official,1001.CB,ChinaBond Government Bond Yield Curve,0,1.0,https://yield.chinabond.com.cn/cbweb-czb-web/czb/historyQuery,2026-08-09T11:34:01.034821+00:00
2017-03-07,2.79,chinabond_official,1001.CB,ChinaBond Government Bond Yield Curve,0,1.0,https://yield.chinabond.com.cn/cbweb-czb-web/czb/historyQuery,2026-08-09T11:34:01.034821+00:00
2017-03-08,2.82,chinabond_official,1001.CB,ChinaBond Government Bond Yield Curve,0,1.0,https://yield.chinabond.com.cn/cbweb-czb-web/czb/historyQuery,2026-08-09T11:34:01.034821+00:00
2017-03-09,2.84,chinabond_official,1001.CB,ChinaBond Government Bond Yield Curve,0,1.0,https://yield.chinabond.com.cn/cbweb-czb-web/czb/historyQuery,2026-08-09T11:34:01.034821+00:00
2017-03-10,2.83,chinabond_official,1001.CB,ChinaBond Government Bond Yield Curve,0,1.0,https://yield.chinabond.com.cn/cbweb-czb-web/czb/historyQuery,2026-08-09T11:34:01.034821+00:00
2017-03-13,2.81,chinabond_official,1001.CB,ChinaBond Government Bond Yield Curve,0,1.0,https://yield.chinabond.com.cn/cbweb-czb-web/czb/historyQuery,2026-08-09T11:34:01.034821+00:00
2017-03-14,2.83,chinabond_official,1001.CB,ChinaBond Government Bond Yield Curve,0,1.0,https://yield.chinabond.com.cn/cbweb-czb-web/czb/historyQuery,2026-08-09T11:34:01.034821+00:00
2017-03-15,2.84,chinabond_official,1001.CB,ChinaBond Government Bond Yield Curve,0,1.0,https://yield.chinabond.com.cn/cbweb-czb-web/czb/historyQuery,2026-08-09T11:34:01.034821+00:00
2017-03-16,2.86,chinabond_official,1001.CB,ChinaBond Government Bond Yield Curve,0,1.0,https://yield.chinabond.com.cn/cbweb-czb-web/czb/historyQuery,2026-08-09T11:34:01.034821+00:00
2017-03-17,2.86,chinabond_official,1001.CB,ChinaBond Government Bond Yield Curve,0,1.0,https://yield.chinabond.com.cn/cbweb-czb-web/czb/historyQuery,2026-08-09T11:34:01.034821+00:00
2017-03-20,2.86,chinabond_official,1001.CB,ChinaBond Government Bond Yield Curve,0,1.0,https://yield.chinabond.com.cn/cbweb-czb-web/czb/historyQuery,2026-08-09T11:34:01.034821+00:00
2017-03-21,2.89,chinabond_official,1001.CB,ChinaBond Government Bond Yield Curve,0,1.0,https://yield.chinabond.com.cn/cbweb-czb-web/czb/historyQuery,2026-08-09T11:34:01.034821+00:00
2017-03-22,2.89,chinabond_official,1001.CB,ChinaBond Government Bond Yield Curve,0,1.0,https://yield.chinabond.com.cn/cbweb-czb-web/czb/historyQuery,2026-08-09T11:34:01.034821+00:00
2017-03-23,2.88,chinabond_official,1001.CB,ChinaBond Government Bond Yield Curve,0,1.0,https://yield.chinabond.com.cn/cbweb-czb-web/czb/historyQuery,2026-08-09T11:34:01.034821+00:00
2017-03-24,2.85,chinabond_official,1001.CB,ChinaBond Government Bond Yield Curve,0,1.0,https://yield.chinabond.com.cn/cbweb-czb-web/czb/historyQuery,2026-08-09T11:34:01.034821+00:00
2017-03-27,2.85,chinabond_official,1001.CB,ChinaBond Government Bond Yield Curve,0,1.0,https://yield.chinabond.com.cn/cbweb-czb-web/czb/historyQuery,2026-08-09T11:34:01.034821+00:00
2017-03-28,2.85,chinabond_official,1001.CB,ChinaBond Government Bond Yield Curve,0,1.0,https://yield.chinabond.com.cn/cbweb-czb-web/czb/historyQuery,2026-08-09T11:34:01.034821+00:00
2017-03-29,2.84,chinabond_official,1001.CB,ChinaBond Government Bond Yield Curve,0,1.0,https://yield.chinabond.com.cn/cbweb-czb-web/czb/historyQuery,2026-08-09T11:34:01.034821+00:00
2017-03-30,2.84,chinabond_official,1001.CB,ChinaBond Government Bond Yield Curve,0,1.0,https://yield.chinabond.com.cn/cbweb-czb-web/czb/historyQuery,2026-08-09T11:34:01.034821+00:00
2017-03-31,2.86,chinabond_official,1001.CB,ChinaBond Government Bond Yield Curve,0,1.0,https://yield.chinabond.com.cn/cbweb-czb-web/czb/historyQuery,2026-08-09T11:34:01.034821+00:00
2017-04-01,2.91,chinabond_official,1001.CB,ChinaBond Government Bond Yield Curve,0,1.0,https://yield.chinabond.com.cn/cbweb-czb-web/czb/historyQuery,2026-08-09T11:34:01.034821+00:00
2017-04-05,2.96,chinabond_official,1001.CB,ChinaBond Government Bond Yield Curve,0,1.0,https://yield.chinabond.com.cn/cbweb-czb-web/czb/historyQuery,2026-08-09T11:34:01.034821+00:00
2017-04-06,2.98,chinabond_official,1001.CB,ChinaBond Government Bond Yield Curve,0,1.0,https://yield.chinabond.com.cn/cbweb-czb-web/czb/historyQuery,2026-08-09T11:34:01.034821+00:00
2017-04-07,3.0,chinabond_official,1001.CB,ChinaBond Government Bond Yield Curve,0,1.0,https://yield.chinabond.com.cn/cbweb-czb-web/czb/historyQuery,2026-08-09T11:34:01.034821+00:00
2017-04-10,3.01,chinabond_official,1001.CB,ChinaBond Government Bond Yield Curve,0,1.0,https://yield.chinabond.com.cn/cbweb-czb-web/czb/historyQuery,2026-08-09T11:34:01.034821+00:00
2017-04-11,3.0,chinabond_official,1001.CB,ChinaBond Government Bond Yield Curve,0,1.0,https://yield.chinabond.com.cn/cbweb-czb-web/czb/historyQuery,2026-08-09T11:34:01.034821+00:00
2017-04-12,3.0,chinabond_official,1001.CB,ChinaBond Government Bond Yield Curve,0,1.0,https://yield.chinabond.com.cn/cbweb-czb-web/czb/historyQuery,2026-08-09T11:34:01.034821+00:00
2017-04-13,3.0,chinabond_official,1001.CB,ChinaBond Government Bond Yield Curve,0,1.0,https://yield.chinabond.com.cn/cbweb-czb-web/czb/historyQuery,2026-08-09T11:34:01.034821+00:00
2017-04-14,3.03,chinabond_official,1001.CB,ChinaBond Government Bond Yield Curve,0,1.0,https://yield.chinabond.com.cn/cbweb-czb-web/czb/historyQuery,2026-08-09T11:34:01.034821+00:00
2017-04-17,3.08,chinabond_official,1001.CB,ChinaBond Government Bond Yield Curve,0,1.0,https://yield.chinabond.com.cn/cbweb-czb-web/czb/historyQuery,2026-08-09T11:34:01.034821+00:00
2017-04-18,3.09,chinabond_official,1001.CB,ChinaBond Government Bond Yield Curve,0,1.0,https://yield.chinabond.com.cn/cbweb-czb-web/czb/historyQuery,2026-08-09T11:34:01.034821+00:00
2017-04-19,3.09,chinabond_official,1001.CB,ChinaBond Government Bond Yield Curve,0,1.0,https://yield.chinabond.com.cn/cbweb-czb-web/czb/historyQuery,2026-08-09T11:34:01.034821+00:00
2017-04-20,3.12,chinabond_official,1001.CB,ChinaBond Government Bond Yield Curve,0,1.0,https://yield.chinabond.com.cn/cbweb-czb-web/czb/historyQuery,2026-08-09T11:34:01.034821+00:00
2017-04-21,3.11,chinabond_official,1001.CB,ChinaBond Government Bond Yield Curve,0,1.0,https://yield.chinabond.com.cn/cbweb-czb-web/czb/historyQuery,2026-08-09T11:34:01.034821+00:00
2017-04-24,3.11,chinabond_official,1001.CB,ChinaBond Government Bond Yield Curve,0,1.0,https://yield.chinabond.com.cn/cbweb-czb-web/czb/historyQuery,2026-08-09T11:34:01.034821+00:00
2017-04-25,3.12,chinabond_official,1001.CB,ChinaBond Government Bond Yield Curve,0,1.0,https://yield.chinabond.com.cn/cbweb-czb-web/czb/historyQuery,2026-08-09T11:34:01.034821+00:00
2017-04-26,3.14,chinabond_official,1001.CB,ChinaBond Government Bond Yield Curve,0,1.0,https://yield.chinabond.com.cn/cbweb-czb-web/czb/historyQuery,2026-08-09T11:34:01.034821+00:00
2017-04-27,3.17,chinabond_official,1001.CB,ChinaBond Government Bond Yield Curve,0,1.0,https://yield.chinabond.com.cn/cbweb-czb-web/czb/historyQuery,2026-08-09T11:34:01.034821+00:00
2017-04-28,3.17,chinabond_official,1001.CB,ChinaBond Government Bond Yield Curve,0,1.0,https://yield.chinabond.com.cn/cbweb-czb-web/czb/historyQuery,2026-08-09T11:34:01.034821+00:00
2017-05-02,3.24,chinabond_official,1001.CB,ChinaBond Government Bond Yield Curve,0,1.0,https://yield.chinabond.com.cn/cbweb-czb-web/czb/historyQuery,2026-08-09T11:34:01.034821+00:00
2017-05-03,3.31,chinabond_official,1001.CB,ChinaBond Government Bond Yield Curve,0,1.0,https://yield.chinabond.com.cn/cbweb-czb-web/czb/historyQuery,2026-08-09T11:34:01.034821+00:00
2017-05-04,3.37,chinabond_official,1001.CB,ChinaBond Government Bond Yield Curve,0,1.0,https://yield.chinabond.com.cn/cbweb-czb-web/czb/historyQuery,2026-08-09T11:34:01.034821+00:00
2017-05-05,3.39,chinabond_official,1001.CB,ChinaBond Government Bond Yield Curve,0,1.0,https://yield.chinabond.com.cn/cbweb-czb-web/czb/historyQuery,2026-08-09T11:34:01.034821+00:00
2017-05-08,3.39,chinabond_official,1001.CB,ChinaBond Government Bond Yield Curve,0,1.0,https://yield.chinabond.com.cn/cbweb-czb-web/czb/historyQuery,2026-08-09T11:34:01.034821+00:00
2017-05-09,3.41,chinabond_official,1001.CB,ChinaBond Government Bond Yield Curve,0,1.0,https://yield.chinabond.com.cn/cbweb-czb-web/czb/historyQuery,2026-08-09T11:34:01.034821+00:00
2017-05-10,3.45,chinabond_official,1001.CB,ChinaBond Government Bond Yield Curve,0,1.0,https://yield.chinabond.com.cn/cbweb-czb-web/czb/historyQuery,2026-08-09T11:34:01.034821+00:00
2017-05-11,3.43,chinabond_official,1001.CB,ChinaBond Government Bond Yield Curve,0,1.0,https://yield.chinabond.com.cn/cbweb-czb-web/czb/historyQuery,2026-08-09T11:34:01.034821+00:00
2017-05-12,3.47,chinabond_official,1001.CB,ChinaBond Government Bond Yield Curve,0,1.0,https://yield.chinabond.com.cn/cbweb-czb-web/czb/historyQuery,2026-08-09T11:34:01.034821+00:00
2017-05-15,3.47,chinabond_official,1001.CB,ChinaBond Government Bond Yield Curve,0,1.0,https://yield.chinabond.com.cn/cbweb-czb-web/czb/historyQuery,2026-08-09T11:34:01.034821+00:00
2017-05-16,3.49,chinabond_official,1001.CB,ChinaBond Government Bond Yield Curve,0,1.0,https://yield.chinabond.com.cn/cbweb-czb-web/czb/historyQuery,2026-08-09T11:34:01.034821+00:00
2017-05-17,3.49,chinabond_official,1001.CB,ChinaBond Government Bond Yield Curve,0,1.0,https://yield.chinabond.com.cn/cbweb-czb-web/czb/historyQuery,2026-08-09T11:34:01.034821+00:00
2017-05-18,3.48,chinabond_official,1001.CB,ChinaBond Government Bond Yield Curve,0,1.0,https://yield.chinabond.com.cn/cbweb-czb-web/czb/historyQuery,2026-08-09T11:34:01.034821+00:00
2017-05-19,3.48,chinabond_official,1001.CB,ChinaBond Government Bond Yield Curve,0,1.0,https://yield.chinabond.com.cn/cbweb-czb-web/czb/historyQuery,2026-08-09T11:34:01.034821+00:00
2017-05-22,3.49,chinabond_official,1001.CB,ChinaBond Government Bond Yield Curve,0,1.0,https://yield.chinabond.com.cn/cbweb-czb-web/czb/historyQuery,2026-08-09T11:34:01.034821+00:00
2017-05-23,3.49,chinabond_official,1001.CB,ChinaBond Government Bond Yield Curve,0,1.0,https://yield.chinabond.com.cn/cbweb-czb-web/czb/historyQuery,2026-08-09T11:34:01.034821+00:00
2017-05-24,3.49,chinabond_official,1001.CB,ChinaBond Government Bond Yield Curve,0,1.0,https://yield.chinabond.com.cn/cbweb-czb-web/czb/historyQuery,2026-08-09T11:34:01.034821+00:00
2017-05-25,3.47,chinabond_official,1001.CB,ChinaBond Government Bond Yield Curve,0,1.0,https://yield.chinabond.com.cn/cbweb-czb-web/czb/historyQuery,2026-08-09T11:34:01.034821+00:00
2017-05-26,3.47,chinabond_official,1001.CB,ChinaBond Government Bond Yield Curve,0,1.0,https://yield.chinabond.com.cn/cbweb-czb-web/czb/historyQuery,2026-08-09T11:34:01.034821+00:00
2017-05-27,3.47,chinabond_official,1001.CB,ChinaBond Government Bond Yield Curve,0,1.0,https://yield.chinabond.com.cn/cbweb-czb-web/czb/historyQuery,2026-08-09T11:34:01.034821+00:00
2017-05-31,3.45,chinabond_official,1001.CB,ChinaBond Government Bond Yield Curve,0,1.0,https://yield.chinabond.com.cn/cbweb-czb-web/czb/historyQuery,2026-08-09T11:34:01.034821+00:00
2017-06-01,3.48,chinabond_official,1001.CB,ChinaBond Government Bond Yield Curve,0,1.0,https://yield.chinabond.com.cn/cbweb-czb-web/czb/historyQuery,2026-08-09T11:34:01.034821+00:00
2017-06-02,3.5,chinabond_official,1001.CB,ChinaBond Government Bond Yield Curve,0,1.0,https://yield.chinabond.com.cn/cbweb-czb-web/czb/historyQuery,2026-08-09T11:34:01.034821+00:00
2017-06-05,3.5,chinabond_official,1001.CB,ChinaBond Government Bond Yield Curve,0,1.0,https://yield.chinabond.com.cn/cbweb-czb-web/czb/historyQuery,2026-08-09T11:34:01.034821+00:00
2017-06-06,3.52,chinabond_official,1001.CB,ChinaBond Government Bond Yield Curve,0,1.0,https://yield.chinabond.com.cn/cbweb-czb-web/czb/historyQuery,2026-08-09T11:34:01.034821+00:00
2017-06-07,3.6,chinabond_official,1001.CB,ChinaBond Government Bond Yield Curve,0,1.0,https://yield.chinabond.com.cn/cbweb-czb-web/czb/historyQuery,2026-08-09T11:34:01.034821+00:00
2017-06-08,3.66,chinabond_official,1001.CB,ChinaBond Government Bond Yield Curve,0,1.0,https://yield.chinabond.com.cn/cbweb-czb-web/czb/historyQuery,2026-08-09T11:34:01.034821+00:00
2017-06-09,3.66,chinabond_official,1001.CB,ChinaBond Government Bond Yield Curve,0,1.0,https://yield.chinabond.com.cn/cbweb-czb-web/czb/historyQuery,2026-08-09T11:34:01.034821+00:00
2017-06-12,3.61,chinabond_official,1001.CB,ChinaBond Government Bond Yield Curve,0,1.0,https://yield.chinabond.com.cn/cbweb-czb-web/czb/historyQuery,2026-08-09T11:34:01.034821+00:00
2017-06-13,3.61,chinabond_official,1001.CB,ChinaBond Government Bond Yield Curve,0,1.0,https://yield.chinabond.com.cn/cbweb-czb-web/czb/historyQuery,2026-08-09T11:34:01.034821+00:00
2017-06-14,3.6,chinabond_official,1001.CB,ChinaBond Government Bond Yield Curve,0,1.0,https://yield.chinabond.com.cn/cbweb-czb-web/czb/historyQuery,2026-08-09T11:34:01.034821+00:00
2017-06-15,3.59,chinabond_official,1001.CB,ChinaBond Government Bond Yield Curve,0,1.0,https://yield.chinabond.com.cn/cbweb-czb-web/czb/historyQuery,2026-08-09T11:34:01.034821+00:00
2017-06-16,3.6,chinabond_official,1001.CB,ChinaBond Government Bond Yield Curve,0,1.0,https://yield.chinabond.com.cn/cbweb-czb-web/czb/historyQuery,2026-08-09T11:34:01.034821+00:00
2017-06-19,3.57,chinabond_official,1001.CB,ChinaBond Government Bond Yield Curve,0,1.0,https://yield.chinabond.com.cn/cbweb-czb-web/czb/historyQuery,2026-08-09T11:34:01.034821+00:00
2017-06-20,3.55,chinabond_official,1001.CB,ChinaBond Government Bond Yield Curve,0,1.0,https://yield.chinabond.com.cn/cbweb-czb-web/czb/historyQuery,2026-08-09T11:34:01.034821+00:00
2017-06-21,3.55,chinabond_official,1001.CB,ChinaBond Government Bond Yield Curve,0,1.0,https://yield.chinabond.com.cn/cbweb-czb-web/czb/historyQuery,2026-08-09T11:34:01.034821+00:00
2017-06-22,3.55,chinabond_official,1001.CB,ChinaBond Government Bond Yield Curve,0,1.0,https://yield.chinabond.com.cn/cbweb-czb-web/czb/historyQuery,2026-08-09T11:34:01.034821+00:00
2017-06-23,3.51,chinabond_official,1001.CB,ChinaBond Government Bond Yield Curve,0,1.0,https://yield.chinabond.com.cn/cbweb-czb-web/czb/historyQuery,2026-08-09T11:34:01.034821+00:00
2017-06-26,3.48,chinabond_official,1001.CB,ChinaBond Government Bond Yield Curve,0,1.0,https://yield.chinabond.com.cn/cbweb-czb-web/czb/historyQuery,2026-08-09T11:34:01.034821+00:00
2017-06-27,3.45,chinabond_official,1001.CB,ChinaBond Government Bond Yield Curve,0,1.0,https://yield.chinabond.com.cn/cbweb-czb-web/czb/historyQuery,2026-08-09T11:34:01.034821+00:00
2017-06-28,3.45,chinabond_official,1001.CB,ChinaBond Government Bond Yield Curve,0,1.0,https://yield.chinabond.com.cn/cbweb-czb-web/czb/historyQuery,2026-08-09T11:34:01.034821+00:00
2017-06-29,3.45,chinabond_official,1001.CB,ChinaBond Government Bond Yield Curve,0,1.0,https://yield.chinabond.com.cn/cbweb-czb-web/czb/historyQuery,2026-08-09T11:34:01.034821+00:00
2017-06-30,3.46,chinabond_official,1001.CB,ChinaBond Government Bond Yield Curve,0,1.0,https://yield.chinabond.com.cn/cbweb-czb-web/czb/historyQuery,2026-08-09T11:34:01.034821+00:00
2017-07-03,3.46,chinabond_official,1001.CB,ChinaBond Government Bond Yield Curve,0,1.0,https://yield.chinabond.com.cn/cbweb-czb-web/czb/historyQuery,2026-08-09T11:34:01.034821+00:00
2017-07-04,3.45,chinabond_official,1001.CB,ChinaBond Government Bond Yield Curve,0,1.0,https://yield.chinabond.com.cn/cbweb-czb-web/czb/historyQuery,2026-08-09T11:34:01.034821+00:00
2017-07-05,3.46,chinabond_official,1001.CB,ChinaBond Government Bond Yield Curve,0,1.0,https://yield.chinabond.com.cn/cbweb-czb-web/czb/historyQuery,2026-08-09T11:34:01.034821+00:00
2017-07-06,3.45,chinabond_official,1001.CB,ChinaBond Government Bond Yield Curve,0,1.0,https://yield.chinabond.com.cn/cbweb-czb-web/czb/historyQuery,2026-08-09T11:34:01.034821+00:00
2017-07-07,3.46,chinabond_official,1001.CB,ChinaBond Government Bond Yield Curve,0,1.0,https://yield.chinabond.com.cn/cbweb-czb-web/czb/historyQuery,2026-08-09T11:34:01.034821+00:00
2017-07-10,3.46,chinabond_official,1001.CB,ChinaBond Government Bond Yield Curve,0,1.0,https://yield.chinabond.com.cn/cbweb-czb-web/czb/historyQuery,2026-08-09T11:34:01.034821+00:00
2017-07-11,3.46,chinabond_official,1001.CB,ChinaBond Government Bond Yield Curve,0,1.0,https://yield.chinabond.com.cn/cbweb-czb-web/czb/historyQuery,2026-08-09T11:34:01.034821+00:00
2017-07-12,3.46,chinabond_official,1001.CB,ChinaBond Government Bond Yield Curve,0,1.0,https://yield.chinabond.com.cn/cbweb-czb-web/czb/historyQuery,2026-08-09T11:34:01.034821+00:00
2017-07-13,3.45,chinabond_official,1001.CB,ChinaBond Government Bond Yield Curve,0,1.0,https://yield.chinabond.com.cn/cbweb-czb-web/czb/historyQuery,2026-08-09T11:34:01.034821+00:00
2017-07-14,3.45,chinabond_official,1001.CB,ChinaBond Government Bond Yield Curve,0,1.0,https://yield.chinabond.com.cn/cbweb-czb-web/czb/historyQuery,2026-08-09T11:34:01.034821+00:00
2017-07-17,3.44,chinabond_official,1001.CB,ChinaBond Government Bond Yield Curve,0,1.0,https://yield.chinabond.com.cn/cbweb-czb-web/czb/historyQuery,2026-08-09T11:34:01.034821+00:00
2017-07-18,3.44,chinabond_official,1001.CB,ChinaBond Government Bond Yield Curve,0,1.0,https://yield.chinabond.com.cn/cbweb-czb-web/czb/historyQuery,2026-08-09T11:34:01.034821+00:00
2017-07-19,3.44,chinabond_official,1001.CB,ChinaBond Government Bond Yield Curve,0,1.0,https://yield.chinabond.com.cn/cbweb-czb-web/czb/historyQuery,2026-08-09T11:34:01.034821+00:00
2017-07-20,3.41,chinabond_official,1001.CB,ChinaBond Government Bond Yield Curve,0,1.0,https://yield.chinabond.com.cn/cbweb-czb-web/czb/historyQuery,2026-08-09T11:34:01.034821+00:00
2017-07-21,3.4,chinabond_official,1001.CB,ChinaBond Government Bond Yield Curve,0,1.0,https://yield.chinabond.com.cn/cbweb-czb-web/czb/historyQuery,2026-08-09T11:34:01.034821+00:00
2017-07-24,3.41,chinabond_official,1001.CB,ChinaBond Government Bond Yield Curve,0,1.0,https://yield.chinabond.com.cn/cbweb-czb-web/czb/historyQuery,2026-08-09T11:34:01.034821+00:00
2017-07-25,3.39,chinabond_official,1001.CB,ChinaBond Government Bond Yield Curve,0,1.0,https://yield.chinabond.com.cn/cbweb-czb-web/czb/historyQuery,2026-08-09T11:34:01.034821+00:00
2017-07-26,3.4,chinabond_official,1001.CB,ChinaBond Government Bond Yield Curve,0,1.0,https://yield.chinabond.com.cn/cbweb-czb-web/czb/historyQuery,2026-08-09T11:34:01.034821+00:00
2017-07-27,3.39,chinabond_official,1001.CB,ChinaBond Government Bond Yield Curve,0,1.0,https://yield.chinabond.com.cn/cbweb-czb-web/czb/historyQuery,2026-08-09T11:34:01.034821+00:00
2017-07-28,3.38,chinabond_official,1001.CB,ChinaBond Government Bond Yield Curve,0,1.0,https://yield.chinabond.com.cn/cbweb-czb-web/czb/historyQuery,2026-08-09T11:34:01.034821+00:00
2017-07-31,3.4,chinabond_official,1001.CB,ChinaBond Government Bond Yield Curve,0,1.0,https://yield.chinabond.com.cn/cbweb-czb-web/czb/historyQuery,2026-08-09T11:34:01.034821+00:00
2017-08-01,3.41,chinabond_official,1001.CB,ChinaBond Government Bond Yield Curve,0,1.0,https://yield.chinabond.com.cn/cbweb-czb-web/czb/historyQuery,2026-08-09T11:34:01.034821+00:00
2017-08-02,3.4,chinabond_official,1001.CB,ChinaBond Government Bond Yield Curve,0,1.0,https://yield.chinabond.com.cn/cbweb-czb-web/czb/historyQuery,2026-08-09T11:34:01.034821+00:00
2017-08-03,3.38,chinabond_official,1001.CB,ChinaBond Government Bond Yield Curve,0,1.0,https://yield.chinabond.com.cn/cbweb-czb-web/czb/historyQuery,2026-08-09T11:34:01.034821+00:00
2017-08-04,3.33,chinabond_official,1001.CB,ChinaBond Government Bond Yield Curve,0,1.0,https://yield.chinabond.com.cn/cbweb-czb-web/czb/historyQuery,2026-08-09T11:34:01.034821+00:00
2017-08-07,3.36,chinabond_official,1001.CB,ChinaBond Government Bond Yield Curve,0,1.0,https://yield.chinabond.com.cn/cbweb-czb-web/czb/historyQuery,2026-08-09T11:34:01.034821+00:00
2017-08-08,3.36,chinabond_official,1001.CB,ChinaBond Government Bond Yield Curve,0,1.0,https://yield.chinabond.com.cn/cbweb-czb-web/czb/historyQuery,2026-08-09T11:34:01.034821+00:00
2017-08-09,3.36,chinabond_official,1001.CB,ChinaBond Government Bond Yield Curve,0,1.0,https://yield.chinabond.com.cn/cbweb-czb-web/czb/historyQuery,2026-08-09T11:34:01.034821+00:00
2017-08-10,3.34,chinabond_official,1001.CB,ChinaBond Government Bond Yield Curve,0,1.0,https://yield.chinabond.com.cn/cbweb-czb-web/czb/historyQuery,2026-08-09T11:34:01.034821+00:00
2017-08-11,3.34,chinabond_official,1001.CB,ChinaBond Government Bond Yield Curve,0,1.0,https://yield.chinabond.com.cn/cbweb-czb-web/czb/historyQuery,2026-08-09T11:34:01.034821+00:00
2017-08-14,3.33,chinabond_official,1001.CB,ChinaBond Government Bond Yield Curve,0,1.0,https://yield.chinabond.com.cn/cbweb-czb-web/czb/historyQuery,2026-08-09T11:34:01.034821+00:00
2017-08-15,3.34,chinabond_official,1001.CB,ChinaBond Government Bond Yield Curve,0,1.0,https://yield.chinabond.com.cn/cbweb-czb-web/czb/historyQuery,2026-08-09T11:34:01.034821+00:00
2017-08-16,3.34,chinabond_official,1001.CB,ChinaBond Government Bond Yield Curve,0,1.0,https://yield.chinabond.com.cn/cbweb-czb-web/czb/historyQuery,2026-08-09T11:34:01.034821+00:00
2017-08-17,3.33,chinabond_official,1001.CB,ChinaBond Government Bond Yield Curve,0,1.0,https://yield.chinabond.com.cn/cbweb-czb-web/czb/historyQuery,2026-08-09T11:34:01.034821+00:00
2017-08-18,3.34,chinabond_official,1001.CB,ChinaBond Government Bond Yield Curve,0,1.0,https://yield.chinabond.com.cn/cbweb-czb-web/czb/historyQuery,2026-08-09T11:34:01.034821+00:00
2017-08-21,3.34,chinabond_official,1001.CB,ChinaBond Government Bond Yield Curve,0,1.0,https://yield.chinabond.com.cn/cbweb-czb-web/czb/historyQuery,2026-08-09T11:34:01.034821+00:00
2017-08-22,3.34,chinabond_official,1001.CB,ChinaBond Government Bond Yield Curve,0,1.0,https://yield.chinabond.com.cn/cbweb-czb-web/czb/historyQuery,2026-08-09T11:34:01.034821+00:00
2017-08-23,3.34,chinabond_official,1001.CB,ChinaBond Government Bond Yield Curve,0,1.0,https://yield.chinabond.com.cn/cbweb-czb-web/czb/historyQuery,2026-08-09T11:34:01.034821+00:00
2017-08-24,3.35,chinabond_official,1001.CB,ChinaBond Government Bond Yield Curve,0,1.0,https://yield.chinabond.com.cn/cbweb-czb-web/czb/historyQuery,2026-08-09T11:34:01.034821+00:00
2017-08-25,3.36,chinabond_official,1001.CB,ChinaBond Government Bond Yield Curve,0,1.0,https://yield.chinabond.com.cn/cbweb-czb-web/czb/historyQuery,2026-08-09T11:34:01.034821+00:00
2017-08-28,3.36,chinabond_official,1001.CB,ChinaBond Government Bond Yield Curve,0,1.0,https://yield.chinabond.com.cn/cbweb-czb-web/czb/historyQuery,2026-08-09T11:34:01.034821+00:00
2017-08-29,3.36,chinabond_official,1001.CB,ChinaBond Government Bond Yield Curve,0,1.0,https://yield.chinabond.com.cn/cbweb-czb-web/czb/historyQuery,2026-08-09T11:34:01.034821+00:00
2017-08-30,3.4,chinabond_official,1001.CB,ChinaBond Government Bond Yield Curve,0,1.0,https://yield.chinabond.com.cn/cbweb-czb-web/czb/historyQuery,2026-08-09T11:34:01.034821+00:00
2017-08-31,3.39,chinabond_official,1001.CB,ChinaBond Government Bond Yield Curve,0,1.0,https://yield.chinabond.com.cn/cbweb-czb-web/czb/historyQuery,2026-08-09T11:34:01.034821+00:00
2017-09-01,3.39,chinabond_official,1001.CB,ChinaBond Government Bond Yield Curve,0,1.0,https://yield.chinabond.com.cn/cbweb-czb-web/czb/historyQuery,2026-08-09T11:34:01.034821+00:00
2017-09-04,3.4,chinabond_official,1001.CB,ChinaBond Government Bond Yield Curve,0,1.0,https://yield.chinabond.com.cn/cbweb-czb-web/czb/historyQuery,2026-08-09T11:34:01.034821+00:00
2017-09-05,3.42,chinabond_official,1001.CB,ChinaBond Government Bond Yield Curve,0,1.0,https://yield.chinabond.com.cn/cbweb-czb-web/czb/historyQuery,2026-08-09T11:34:01.034821+00:00
2017-09-06,3.51,chinabond_official,1001.CB,ChinaBond Government Bond Yield Curve,0,1.0,https://yield.chinabond.com.cn/cbweb-czb-web/czb/historyQuery,2026-08-09T11:34:01.034821+00:00
2017-09-07,3.48,chinabond_official,1001.CB,ChinaBond Government Bond Yield Curve,0,1.0,https://yield.chinabond.com.cn/cbweb-czb-web/czb/historyQuery,2026-08-09T11:34:01.034821+00:00
2017-09-08,3.46,chinabond_official,1001.CB,ChinaBond Government Bond Yield Curve,0,1.0,https://yield.chinabond.com.cn/cbweb-czb-web/czb/historyQuery,2026-08-09T11:34:01.034821+00:00
2017-09-11,3.48,chinabond_official,1001.CB,ChinaBond Government Bond Yield Curve,0,1.0,https://yield.chinabond.com.cn/cbweb-czb-web/czb/historyQuery,2026-08-09T11:34:01.034821+00:00
2017-09-12,3.48,chinabond_official,1001.CB,ChinaBond Government Bond Yield Curve,0,1.0,https://yield.chinabond.com.cn/cbweb-czb-web/czb/historyQuery,2026-08-09T11:34:01.034821+00:00
2017-09-13,3.49,chinabond_official,1001.CB,ChinaBond Government Bond Yield Curve,0,1.0,https://yield.chinabond.com.cn/cbweb-czb-web/czb/historyQuery,2026-08-09T11:34:01.034821+00:00
2017-09-14,3.48,chinabond_official,1001.CB,ChinaBond Government Bond Yield Curve,0,1.0,https://yield.chinabond.com.cn/cbweb-czb-web/czb/historyQuery,2026-08-09T11:34:01.034821+00:00
2017-09-15,3.48,chinabond_official,1001.CB,ChinaBond Government Bond Yield Curve,0,1.0,https://yield.chinabond.com.cn/cbweb-czb-web/czb/historyQuery,2026-08-09T11:34:01.034821+00:00
2017-09-18,3.47,chinabond_official,1001.CB,ChinaBond Government Bond Yield Curve,0,1.0,https://yield.chinabond.com.cn/cbweb-czb-web/czb/historyQuery,2026-08-09T11:34:01.034821+00:00
2017-09-19,3.48,chinabond_official,1001.CB,ChinaBond Government Bond Yield Curve,0,1.0,https://yield.chinabond.com.cn/cbweb-czb-web/czb/historyQuery,2026-08-09T11:34:01.034821+00:00
2017-09-20,3.47,chinabond_official,1001.CB,ChinaBond Government Bond Yield Curve,0,1.0,https://yield.chinabond.com.cn/cbweb-czb-web/czb/historyQuery,2026-08-09T11:34:01.034821+00:00
2017-09-21,3.47,chinabond_official,1001.CB,ChinaBond Government Bond Yield Curve,0,1.0,https://yield.chinabond.com.cn/cbweb-czb-web/czb/historyQuery,2026-08-09T11:34:01.034821+00:00
2017-09-22,3.47,chinabond_official,1001.CB,ChinaBond Government Bond Yield Curve,0,1.0,https://yield.chinabond.com.cn/cbweb-czb-web/czb/historyQuery,2026-08-09T11:34:01.034821+00:00
2017-09-25,3.47,chinabond_official,1001.CB,ChinaBond Government Bond Yield Curve,0,1.0,https://yield.chinabond.com.cn/cbweb-czb-web/czb/historyQuery,2026-08-09T11:34:01.034821+00:00
2017-09-26,3.45,chinabond_official,1001.CB,ChinaBond Government Bond Yield Curve,0,1.0,https://yield.chinabond.com.cn/cbweb-czb-web/czb/historyQuery,2026-08-09T11:34:01.034821+00:00
2017-09-27,3.46,chinabond_official,1001.CB,ChinaBond Government Bond Yield Curve,0,1.0,https://yield.chinabond.com.cn/cbweb-czb-web/czb/historyQuery,2026-08-09T11:34:01.034821+00:00
2017-09-28,3.46,chinabond_official,1001.CB,ChinaBond Government Bond Yield Curve,0,1.0,https://yield.chinabond.com.cn/cbweb-czb-web/czb/historyQuery,2026-08-09T11:34:01.034821+00:00
2017-09-29,3.46,chinabond_official,1001.CB,ChinaBond Government Bond Yield Curve,0,1.0,https://yield.chinabond.com.cn/cbweb-czb-web/czb/historyQuery,2026-08-09T11:34:01.034821+00:00
2017-09-30,3.47,chinabond_official,1001.CB,ChinaBond Government Bond Yield Curve,0,1.0,https://yield.chinabond.com.cn/cbweb-czb-web/czb/historyQuery,2026-08-09T11:34:01.034821+00:00
2017-10-09,3.48,chinabond_official,1001.CB,ChinaBond Government Bond Yield Curve,0,1.0,https://yield.chinabond.com.cn/cbweb-czb-web/czb/historyQuery,2026-08-09T11:34:01.034821+00:00
2017-10-10,3.49,chinabond_official,1001.CB,ChinaBond Government Bond Yield Curve,0,1.0,https://yield.chinabond.com.cn/cbweb-czb-web/czb/historyQuery,2026-08-09T11:34:01.034821+00:00
2017-10-11,3.48,chinabond_official,1001.CB,ChinaBond Government Bond Yield Curve,0,1.0,https://yield.chinabond.com.cn/cbweb-czb-web/czb/historyQuery,2026-08-09T11:34:01.034821+00:00
2017-10-12,3.49,chinabond_official,1001.CB,ChinaBond Government Bond Yield Curve,0,1.0,https://yield.chinabond.com.cn/cbweb-czb-web/czb/historyQuery,2026-08-09T11:34:01.034821+00:00
2017-10-13,3.49,chinabond_official,1001.CB,ChinaBond Government Bond Yield Curve,0,1.0,https://yield.chinabond.com.cn/cbweb-czb-web/czb/historyQuery,2026-08-09T11:34:01.034821+00:00
2017-10-16,3.5,chinabond_official,1001.CB,ChinaBond Government Bond Yield Curve,0,1.0,https://yield.chinabond.com.cn/cbweb-czb-web/czb/historyQuery,2026-08-09T11:34:01.034821+00:00
2017-10-17,3.5,chinabond_official,1001.CB,ChinaBond Government Bond Yield Curve,0,1.0,https://yield.chinabond.com.cn/cbweb-czb-web/czb/historyQuery,2026-08-09T11:34:01.034821+00:00
2017-10-18,3.5,chinabond_official,1001.CB,ChinaBond Government Bond Yield Curve,0,1.0,https://yield.chinabond.com.cn/cbweb-czb-web/czb/historyQuery,2026-08-09T11:34:01.034821+00:00
2017-10-19,3.49,chinabond_official,1001.CB,ChinaBond Government Bond Yield Curve,0,1.0,https://yield.chinabond.com.cn/cbweb-czb-web/czb/historyQuery,2026-08-09T11:34:01.034821+00:00
2017-10-20,3.48,chinabond_official,1001.CB,ChinaBond Government Bond Yield Curve,0,1.0,https://yield.chinabond.com.cn/cbweb-czb-web/czb/historyQuery,2026-08-09T11:34:01.034821+00:00
2017-10-23,3.49,chinabond_official,1001.CB,ChinaBond Government Bond Yield Curve,0,1.0,https://yield.chinabond.com.cn/cbweb-czb-web/czb/historyQuery,2026-08-09T11:34:01.034821+00:00
2017-10-24,3.48,chinabond_official,1001.CB,ChinaBond Government Bond Yield Curve,0,1.0,https://yield.chinabond.com.cn/cbweb-czb-web/czb/historyQuery,2026-08-09T11:34:01.034821+00:00
2017-10-25,3.5,chinabond_official,1001.CB,ChinaBond Government Bond Yield Curve,0,1.0,https://yield.chinabond.com.cn/cbweb-czb-web/czb/historyQuery,2026-08-09T11:34:01.034821+00:00
2017-10-26,3.51,chinabond_official,1001.CB,ChinaBond Government Bond Yield Curve,0,1.0,https://yield.chinabond.com.cn/cbweb-czb-web/czb/historyQuery,2026-08-09T11:34:01.034821+00:00
2017-10-27,3.52,chinabond_official,1001.CB,ChinaBond Government Bond Yield Curve,0,1.0,https://yield.chinabond.com.cn/cbweb-czb-web/czb/historyQuery,2026-08-09T11:34:01.034821+00:00
2017-10-30,3.55,chinabond_official,1001.CB,ChinaBond Government Bond Yield Curve,0,1.0,https://yield.chinabond.com.cn/cbweb-czb-web/czb/historyQuery,2026-08-09T11:34:01.034821+00:00
2017-10-31,3.57,chinabond_official,1001.CB,ChinaBond Government Bond Yield Curve,0,1.0,https://yield.chinabond.com.cn/cbweb-czb-web/czb/historyQuery,2026-08-09T11:34:01.034821+00:00
2017-11-01,3.58,chinabond_official,1001.CB,ChinaBond Government Bond Yield Curve,0,1.0,https://yield.chinabond.com.cn/cbweb-czb-web/czb/historyQuery,2026-08-09T11:34:01.034821+00:00
2017-11-02,3.58,chinabond_official,1001.CB,ChinaBond Government Bond Yield Curve,0,1.0,https://yield.chinabond.com.cn/cbweb-czb-web/czb/historyQuery,2026-08-09T11:34:01.034821+00:00
2017-11-03,3.58,chinabond_official,1001.CB,ChinaBond Government Bond Yield Curve,0,1.0,https://yield.chinabond.com.cn/cbweb-czb-web/czb/historyQuery,2026-08-09T11:34:01.034821+00:00
2017-11-06,3.6,chinabond_official,1001.CB,ChinaBond Government Bond Yield Curve,0,1.0,https://yield.chinabond.com.cn/cbweb-czb-web/czb/historyQuery,2026-08-09T11:34:01.034821+00:00
2017-11-07,3.6,chinabond_official,1001.CB,ChinaBond Government Bond Yield Curve,0,1.0,https://yield.chinabond.com.cn/cbweb-czb-web/czb/historyQuery,2026-08-09T11:34:01.034821+00:00
2017-11-08,3.59,chinabond_official,1001.CB,ChinaBond Government Bond Yield Curve,0,1.0,https://yield.chinabond.com.cn/cbweb-czb-web/czb/historyQuery,2026-08-09T11:34:01.034821+00:00
2017-11-09,3.58,chinabond_official,1001.CB,ChinaBond Government Bond Yield Curve,0,1.0,https://yield.chinabond.com.cn/cbweb-czb-web/czb/historyQuery,2026-08-09T11:34:01.034821+00:00
2017-11-10,3.59,chinabond_official,1001.CB,ChinaBond Government Bond Yield Curve,0,1.0,https://yield.chinabond.com.cn/cbweb-czb-web/czb/historyQuery,2026-08-09T11:34:01.034821+00:00
2017-11-13,3.59,chinabond_official,1001.CB,ChinaBond Government Bond Yield Curve,0,1.0,https://yield.chinabond.com.cn/cbweb-czb-web/czb/historyQuery,2026-08-09T11:34:01.034821+00:00
2017-11-14,3.6,chinabond_official,1001.CB,ChinaBond Government Bond Yield Curve,0,1.0,https://yield.chinabond.com.cn/cbweb-czb-web/czb/historyQuery,2026-08-09T11:34:01.034821+00:00
2017-11-15,3.62,chinabond_official,1001.CB,ChinaBond Government Bond Yield Curve,0,1.0,https://yield.chinabond.com.cn/cbweb-czb-web/czb/historyQuery,2026-08-09T11:34:01.034821+00:00
2017-11-16,3.62,chinabond_official,1001.CB,ChinaBond Government Bond Yield Curve,0,1.0,https://yield.chinabond.com.cn/cbweb-czb-web/czb/historyQuery,2026-08-09T11:34:01.034821+00:00
2017-11-17,3.62,chinabond_official,1001.CB,ChinaBond Government Bond Yield Curve,0,1.0,https://yield.chinabond.com.cn/cbweb-czb-web/czb/historyQuery,2026-08-09T11:34:01.034821+00:00
2017-11-20,3.61,chinabond_official,1001.CB,ChinaBond Government Bond Yield Curve,0,1.0,https://yield.chinabond.com.cn/cbweb-czb-web/czb/historyQuery,2026-08-09T11:34:01.034821+00:00
2017-11-21,3.62,chinabond_official,1001.CB,ChinaBond Government Bond Yield Curve,0,1.0,https://yield.chinabond.com.cn/cbweb-czb-web/czb/historyQuery,2026-08-09T11:34:01.034821+00:00
2017-11-22,3.64,chinabond_official,1001.CB,ChinaBond Government Bond Yield Curve,0,1.0,https://yield.chinabond.com.cn/cbweb-czb-web/czb/historyQuery,2026-08-09T11:34:01.034821+00:00
2017-11-23,3.65,chinabond_official,1001.CB,ChinaBond Government Bond Yield Curve,0,1.0,https://yield.chinabond.com.cn/cbweb-czb-web/czb/historyQuery,2026-08-09T11:34:01.034821+00:00
2017-11-24,3.67,chinabond_official,1001.CB,ChinaBond Government Bond Yield Curve,0,1.0,https://yield.chinabond.com.cn/cbweb-czb-web/czb/historyQuery,2026-08-09T11:34:01.034821+00:00
2017-11-27,3.69,chinabond_official,1001.CB,ChinaBond Government Bond Yield Curve,0,1.0,https://yield.chinabond.com.cn/cbweb-czb-web/czb/historyQuery,2026-08-09T11:34:01.034821+00:00
2017-11-28,3.7,chinabond_official,1001.CB,ChinaBond Government Bond Yield Curve,0,1.0,https://yield.chinabond.com.cn/cbweb-czb-web/czb/historyQuery,2026-08-09T11:34:01.034821+00:00
2017-11-29,3.68,chinabond_official,1001.CB,ChinaBond Government Bond Yield Curve,0,1.0,https://yield.chinabond.com.cn/cbweb-czb-web/czb/historyQuery,2026-08-09T11:34:01.034821+00:00
2017-11-30,3.64,chinabond_official,1001.CB,ChinaBond Government Bond Yield Curve,0,1.0,https://yield.chinabond.com.cn/cbweb-czb-web/czb/historyQuery,2026-08-09T11:34:01.034821+00:00
2017-12-01,3.63,chinabond_official,1001.CB,ChinaBond Government Bond Yield Curve,0,1.0,https://yield.chinabond.com.cn/cbweb-czb-web/czb/historyQuery,2026-08-09T11:34:01.034821+00:00
2017-12-04,3.63,chinabond_official,1001.CB,ChinaBond Government Bond Yield Curve,0,1.0,https://yield.chinabond.com.cn/cbweb-czb-web/czb/historyQuery,2026-08-09T11:34:01.034821+00:00
2017-12-05,3.63,chinabond_official,1001.CB,ChinaBond Government Bond Yield Curve,0,1.0,https://yield.chinabond.com.cn/cbweb-czb-web/czb/historyQuery,2026-08-09T11:34:01.034821+00:00
2017-12-06,3.74,chinabond_official,1001.CB,ChinaBond Government Bond Yield Curve,0,1.0,https://yield.chinabond.com.cn/cbweb-czb-web/czb/historyQuery,2026-08-09T11:34:01.034821+00:00
2017-12-07,3.73,chinabond_official,1001.CB,ChinaBond Government Bond Yield Curve,0,1.0,https://yield.chinabond.com.cn/cbweb-czb-web/czb/historyQuery,2026-08-09T11:34:01.034821+00:00
2017-12-08,3.75,chinabond_official,1001.CB,ChinaBond Government Bond Yield Curve,0,1.0,https://yield.chinabond.com.cn/cbweb-czb-web/czb/historyQuery,2026-08-09T11:34:01.034821+00:00
2017-12-11,3.75,chinabond_official,1001.CB,ChinaBond Government Bond Yield Curve,0,1.0,https://yield.chinabond.com.cn/cbweb-czb-web/czb/historyQuery,2026-08-09T11:34:01.034821+00:00
2017-12-12,3.76,chinabond_official,1001.CB,ChinaBond Government Bond Yield Curve,0,1.0,https://yield.chinabond.com.cn/cbweb-czb-web/czb/historyQuery,2026-08-09T11:34:01.034821+00:00
2017-12-13,3.78,chinabond_official,1001.CB,ChinaBond Government Bond Yield Curve,0,1.0,https://yield.chinabond.com.cn/cbweb-czb-web/czb/historyQuery,2026-08-09T11:34:01.034821+00:00
2017-12-14,3.78,chinabond_official,1001.CB,ChinaBond Government Bond Yield Curve,0,1.0,https://yield.chinabond.com.cn/cbweb-czb-web/czb/historyQuery,2026-08-09T11:34:01.034821+00:00
2017-12-15,3.78,chinabond_official,1001.CB,ChinaBond Government Bond Yield Curve,0,1.0,https://yield.chinabond.com.cn/cbweb-czb-web/czb/historyQuery,2026-08-09T11:34:01.034821+00:00
2017-12-18,3.76,chinabond_official,1001.CB,ChinaBond Government Bond Yield Curve,0,1.0,https://yield.chinabond.com.cn/cbweb-czb-web/czb/historyQuery,2026-08-09T11:34:01.034821+00:00
2017-12-19,3.77,chinabond_official,1001.CB,ChinaBond Government Bond Yield Curve,0,1.0,https://yield.chinabond.com.cn/cbweb-czb-web/czb/historyQuery,2026-08-09T11:34:01.034821+00:00
2017-12-20,3.8,chinabond_official,1001.CB,ChinaBond Government Bond Yield Curve,0,1.0,https://yield.chinabond.com.cn/cbweb-czb-web/czb/historyQuery,2026-08-09T11:34:01.034821+00:00
2017-12-21,3.8,chinabond_official,1001.CB,ChinaBond Government Bond Yield Curve,0,1.0,https://yield.chinabond.com.cn/cbweb-czb-web/czb/historyQuery,2026-08-09T11:34:01.034821+00:00
2017-12-22,3.8,chinabond_official,1001.CB,ChinaBond Government Bond Yield Curve,0,1.0,https://yield.chinabond.com.cn/cbweb-czb-web/czb/historyQuery,2026-08-09T11:34:01.034821+00:00
2017-12-25,3.8,chinabond_official,1001.CB,ChinaBond Government Bond Yield Curve,0,1.0,https://yield.chinabond.com.cn/cbweb-czb-web/czb/historyQuery,2026-08-09T11:34:01.034821+00:00
2017-12-26,3.8,chinabond_official,1001.CB,ChinaBond Government Bond Yield Curve,0,1.0,https://yield.chinabond.com.cn/cbweb-czb-web/czb/historyQuery,2026-08-09T11:34:01.034821+00:00
2017-12-27,3.8,chinabond_official,1001.CB,ChinaBond Government Bond Yield Curve,0,1.0,https://yield.chinabond.com.cn/cbweb-czb-web/czb/historyQuery,2026-08-09T11:34:01.034821+00:00
2017-12-28,3.8,chinabond_official,1001.CB,ChinaBond Government Bond Yield Curve,0,1.0,https://yield.chinabond.com.cn/cbweb-czb-web/czb/historyQuery,2026-08-09T11:34:01.034821+00:00
2017-12-29,3.79,chinabond_official,1001.CB,ChinaBond Government Bond Yield Curve,0,1.0,https://yield.chinabond.com.cn/cbweb-czb-web/czb/historyQuery,2026-08-09T11:34:01.034821+00:00
2017-12-30,3.79,chinabond_official,1001.CB,ChinaBond Government Bond Yield Curve,0,1.0,https://yield.chinabond.com.cn/cbweb-czb-web/czb/historyQuery,2026-08-09T11:34:01.034821+00:00
2017-12-31,3.79,chinabond_official,1001.CB,ChinaBond Government Bond Yield Curve,0,1.0,https://yield.chinabond.com.cn/cbweb-czb-web/czb/historyQuery,2026-08-09T11:34:01.034821+00:00
2018-01-02,3.68,chinabond_official,1001.CB,ChinaBond Government Bond Yield Curve,0,1.0,https://yield.chinabond.com.cn/cbweb-czb-web/czb/historyQuery,2026-08-09T11:34:01.034821+00:00
2018-01-03,3.67,chinabond_official,1001.CB,ChinaBond Government Bond Yield Curve,0,1.0,https://yield.chinabond.com.cn/cbweb-czb-web/czb/historyQuery,2026-08-09T11:34:01.034821+00:00
2018-01-04,3.6,chinabond_official,1001.CB,ChinaBond Government Bond Yield Curve,0,1.0,https://yield.chinabond.com.cn/cbweb-czb-web/czb/historyQuery,2026-08-09T11:34:01.034821+00:00
2018-01-05,3.54,chinabond_official,1001.CB,ChinaBond Government Bond Yield Curve,0,1.0,https://yield.chinabond.com.cn/cbweb-czb-web/czb/historyQuery,2026-08-09T11:34:01.034821+00:00
2018-01-08,3.53,chinabond_official,1001.CB,ChinaBond Government Bond Yield Curve,0,1.0,https://yield.chinabond.com.cn/cbweb-czb-web/czb/historyQuery,2026-08-09T11:34:01.034821+00:00
2018-01-09,3.54,chinabond_official,1001.CB,ChinaBond Government Bond Yield Curve,0,1.0,https://yield.chinabond.com.cn/cbweb-czb-web/czb/historyQuery,2026-08-09T11:34:01.034821+00:00
2018-01-10,3.57,chinabond_official,1001.CB,ChinaBond Government Bond Yield Curve,0,1.0,https://yield.chinabond.com.cn/cbweb-czb-web/czb/historyQuery,2026-08-09T11:34:01.034821+00:00
2018-01-11,3.57,chinabond_official,1001.CB,ChinaBond Government Bond Yield Curve,0,1.0,https://yield.chinabond.com.cn/cbweb-czb-web/czb/historyQuery,2026-08-09T11:34:01.034821+00:00
2018-01-12,3.58,chinabond_official,1001.CB,ChinaBond Government Bond Yield Curve,0,1.0,https://yield.chinabond.com.cn/cbweb-czb-web/czb/historyQuery,2026-08-09T11:34:01.034821+00:00
2018-01-15,3.58,chinabond_official,1001.CB,ChinaBond Government Bond Yield Curve,0,1.0,https://yield.chinabond.com.cn/cbweb-czb-web/czb/historyQuery,2026-08-09T11:34:01.034821+00:00
2018-01-16,3.58,chinabond_official,1001.CB,ChinaBond Government Bond Yield Curve,0,1.0,https://yield.chinabond.com.cn/cbweb-czb-web/czb/historyQuery,2026-08-09T11:34:01.034821+00:00
2018-01-17,3.58,chinabond_official,1001.CB,ChinaBond Government Bond Yield Curve,0,1.0,https://yield.chinabond.com.cn/cbweb-czb-web/czb/historyQuery,2026-08-09T11:34:01.034821+00:00
2018-01-18,3.58,chinabond_official,1001.CB,ChinaBond Government Bond Yield Curve,0,1.0,https://yield.chinabond.com.cn/cbweb-czb-web/czb/historyQuery,2026-08-09T11:34:01.034821+00:00
2018-01-19,3.56,chinabond_official,1001.CB,ChinaBond Government Bond Yield Curve,0,1.0,https://yield.chinabond.com.cn/cbweb-czb-web/czb/historyQuery,2026-08-09T11:34:01.034821+00:00
2018-01-22,3.52,chinabond_official,1001.CB,ChinaBond Government Bond Yield Curve,0,1.0,https://yield.chinabond.com.cn/cbweb-czb-web/czb/historyQuery,2026-08-09T11:34:01.034821+00:00
2018-01-23,3.54,chinabond_official,1001.CB,ChinaBond Government Bond Yield Curve,0,1.0,https://yield.chinabond.com.cn/cbweb-czb-web/czb/historyQuery,2026-08-09T11:34:01.034821+00:00
2018-01-24,3.52,chinabond_official,1001.CB,ChinaBond Government Bond Yield Curve,0,1.0,https://yield.chinabond.com.cn/cbweb-czb-web/czb/historyQuery,2026-08-09T11:34:01.034821+00:00
2018-01-25,3.51,chinabond_official,1001.CB,ChinaBond Government Bond Yield Curve,0,1.0,https://yield.chinabond.com.cn/cbweb-czb-web/czb/historyQuery,2026-08-09T11:34:01.034821+00:00
2018-01-26,3.52,chinabond_official,1001.CB,ChinaBond Government Bond Yield Curve,0,1.0,https://yield.chinabond.com.cn/cbweb-czb-web/czb/historyQuery,2026-08-09T11:34:01.034821+00:00
2018-01-29,3.51,chinabond_official,1001.CB,ChinaBond Government Bond Yield Curve,0,1.0,https://yield.chinabond.com.cn/cbweb-czb-web/czb/historyQuery,2026-08-09T11:34:01.034821+00:00
2018-01-30,3.51,chinabond_official,1001.CB,ChinaBond Government Bond Yield Curve,0,1.0,https://yield.chinabond.com.cn/cbweb-czb-web/czb/historyQuery,2026-08-09T11:34:01.034821+00:00
2018-01-31,3.47,chinabond_official,1001.CB,ChinaBond Government Bond Yield Curve,0,1.0,https://yield.chinabond.com.cn/cbweb-czb-web/czb/historyQuery,2026-08-09T11:34:01.034821+00:00
2018-02-01,3.43,chinabond_official,1001.CB,ChinaBond Government Bond Yield Curve,0,1.0,https://yield.chinabond.com.cn/cbweb-czb-web/czb/historyQuery,2026-08-09T11:34:01.034821+00:00
2018-02-02,3.44,chinabond_official,1001.CB,ChinaBond Government Bond Yield Curve,0,1.0,https://yield.chinabond.com.cn/cbweb-czb-web/czb/historyQuery,2026-08-09T11:34:01.034821+00:00
2018-02-05,3.45,chinabond_official,1001.CB,ChinaBond Government Bond Yield Curve,0,1.0,https://yield.chinabond.com.cn/cbweb-czb-web/czb/historyQuery,2026-08-09T11:34:01.034821+00:00
2018-02-06,3.41,chinabond_official,1001.CB,ChinaBond Government Bond Yield Curve,0,1.0,https://yield.chinabond.com.cn/cbweb-czb-web/czb/historyQuery,2026-08-09T11:34:01.034821+00:00
2018-02-07,3.4,chinabond_official,1001.CB,ChinaBond Government Bond Yield Curve,0,1.0,https://yield.chinabond.com.cn/cbweb-czb-web/czb/historyQuery,2026-08-09T11:34:01.034821+00:00
2018-02-08,3.4,chinabond_official,1001.CB,ChinaBond Government Bond Yield Curve,0,1.0,https://yield.chinabond.com.cn/cbweb-czb-web/czb/historyQuery,2026-08-09T11:34:01.034821+00:00
2018-02-09,3.39,chinabond_official,1001.CB,ChinaBond Government Bond Yield Curve,0,1.0,https://yield.chinabond.com.cn/cbweb-czb-web/czb/historyQuery,2026-08-09T11:34:01.034821+00:00
2018-02-11,3.4,chinabond_official,1001.CB,ChinaBond Government Bond Yield Curve,0,1.0,https://yield.chinabond.com.cn/cbweb-czb-web/czb/historyQuery,2026-08-09T11:34:01.034821+00:00
2018-02-12,3.39,chinabond_official,1001.CB,ChinaBond Government Bond Yield Curve,0,1.0,https://yield.chinabond.com.cn/cbweb-czb-web/czb/historyQuery,2026-08-09T11:34:01.034821+00:00
2018-02-13,3.39,chinabond_official,1001.CB,ChinaBond Government Bond Yield Curve,0,1.0,https://yield.chinabond.com.cn/cbweb-czb-web/czb/historyQuery,2026-08-09T11:34:01.034821+00:00
2018-02-14,3.37,chinabond_official,1001.CB,ChinaBond Government Bond Yield Curve,0,1.0,https://yield.chinabond.com.cn/cbweb-czb-web/czb/historyQuery,2026-08-09T11:34:01.034821+00:00
2018-02-22,3.39,chinabond_official,1001.CB,ChinaBond Government Bond Yield Curve,0,1.0,https://yield.chinabond.com.cn/cbweb-czb-web/czb/historyQuery,2026-08-09T11:34:01.034821+00:00
2018-02-23,3.38,chinabond_official,1001.CB,ChinaBond Government Bond Yield Curve,0,1.0,https://yield.chinabond.com.cn/cbweb-czb-web/czb/historyQuery,2026-08-09T11:34:01.034821+00:00
2018-02-24,3.38,chinabond_official,1001.CB,ChinaBond Government Bond Yield Curve,0,1.0,https://yield.chinabond.com.cn/cbweb-czb-web/czb/historyQuery,2026-08-09T11:34:01.034821+00:00
2018-02-26,3.31,chinabond_official,1001.CB,ChinaBond Government Bond Yield Curve,0,1.0,https://yield.chinabond.com.cn/cbweb-czb-web/czb/historyQuery,2026-08-09T11:34:01.034821+00:00
2018-02-27,3.27,chinabond_official,1001.CB,ChinaBond Government Bond Yield Curve,0,1.0,https://yield.chinabond.com.cn/cbweb-czb-web/czb/historyQuery,2026-08-09T11:34:01.034821+00:00
2018-02-28,3.23,chinabond_official,1001.CB,ChinaBond Government Bond Yield Curve,0,1.0,https://yield.chinabond.com.cn/cbweb-czb-web/czb/historyQuery,2026-08-09T11:34:01.034821+00:00
2018-03-01,3.24,chinabond_official,1001.CB,ChinaBond Government Bond Yield Curve,0,1.0,https://yield.chinabond.com.cn/cbweb-czb-web/czb/historyQuery,2026-08-09T11:34:01.034821+00:00
2018-03-02,3.27,chinabond_official,1001.CB,ChinaBond Government Bond Yield Curve,0,1.0,https://yield.chinabond.com.cn/cbweb-czb-web/czb/historyQuery,2026-08-09T11:34:01.034821+00:00
2018-03-05,3.28,chinabond_official,1001.CB,ChinaBond Government Bond Yield Curve,0,1.0,https://yield.chinabond.com.cn/cbweb-czb-web/czb/historyQuery,2026-08-09T11:34:01.034821+00:00
2018-03-06,3.28,chinabond_official,1001.CB,ChinaBond Government Bond Yield Curve,0,1.0,https://yield.chinabond.com.cn/cbweb-czb-web/czb/historyQuery,2026-08-09T11:34:01.034821+00:00
2018-03-07,3.26,chinabond_official,1001.CB,ChinaBond Government Bond Yield Curve,0,1.0,https://yield.chinabond.com.cn/cbweb-czb-web/czb/historyQuery,2026-08-09T11:34:01.034821+00:00
2018-03-08,3.27,chinabond_official,1001.CB,ChinaBond Government Bond Yield Curve,0,1.0,https://yield.chinabond.com.cn/cbweb-czb-web/czb/historyQuery,2026-08-09T11:34:01.034821+00:00
2018-03-09,3.26,chinabond_official,1001.CB,ChinaBond Government Bond Yield Curve,0,1.0,https://yield.chinabond.com.cn/cbweb-czb-web/czb/historyQuery,2026-08-09T11:34:01.034821+00:00
2018-03-12,3.28,chinabond_official,1001.CB,ChinaBond Government Bond Yield Curve,0,1.0,https://yield.chinabond.com.cn/cbweb-czb-web/czb/historyQuery,2026-08-09T11:34:01.034821+00:00
2018-03-13,3.31,chinabond_official,1001.CB,ChinaBond Government Bond Yield Curve,0,1.0,https://yield.chinabond.com.cn/cbweb-czb-web/czb/historyQuery,2026-08-09T11:34:01.034821+00:00
2018-03-14,3.31,chinabond_official,1001.CB,ChinaBond Government Bond Yield Curve,0,1.0,https://yield.chinabond.com.cn/cbweb-czb-web/czb/historyQuery,2026-08-09T11:34:01.034821+00:00
2018-03-15,3.32,chinabond_official,1001.CB,ChinaBond Government Bond Yield Curve,0,1.0,https://yield.chinabond.com.cn/cbweb-czb-web/czb/historyQuery,2026-08-09T11:34:01.034821+00:00
2018-03-16,3.32,chinabond_official,1001.CB,ChinaBond Government Bond Yield Curve,0,1.0,https://yield.chinabond.com.cn/cbweb-czb-web/czb/historyQuery,2026-08-09T11:34:01.034821+00:00
2018-03-19,3.31,chinabond_official,1001.CB,ChinaBond Government Bond Yield Curve,0,1.0,https://yield.chinabond.com.cn/cbweb-czb-web/czb/historyQuery,2026-08-09T11:34:01.034821+00:00
2018-03-20,3.31,chinabond_official,1001.CB,ChinaBond Government Bond Yield Curve,0,1.0,https://yield.chinabond.com.cn/cbweb-czb-web/czb/historyQuery,2026-08-09T11:34:01.034821+00:00
2018-03-21,3.28,chinabond_official,1001.CB,ChinaBond Government Bond Yield Curve,0,1.0,https://yield.chinabond.com.cn/cbweb-czb-web/czb/historyQuery,2026-08-09T11:34:01.034821+00:00
2018-03-22,3.27,chinabond_official,1001.CB,ChinaBond Government Bond Yield Curve,0,1.0,https://yield.chinabond.com.cn/cbweb-czb-web/czb/historyQuery,2026-08-09T11:34:01.034821+00:00
2018-03-23,3.24,chinabond_official,1001.CB,ChinaBond Government Bond Yield Curve,0,1.0,https://yield.chinabond.com.cn/cbweb-czb-web/czb/historyQuery,2026-08-09T11:34:01.034821+00:00
2018-03-26,3.29,chinabond_official,1001.CB,ChinaBond Government Bond Yield Curve,0,1.0,https://yield.chinabond.com.cn/cbweb-czb-web/czb/historyQuery,2026-08-09T11:34:01.034821+00:00
2018-03-27,3.32,chinabond_official,1001.CB,ChinaBond Government Bond Yield Curve,0,1.0,https://yield.chinabond.com.cn/cbweb-czb-web/czb/historyQuery,2026-08-09T11:34:01.034821+00:00
2018-03-28,3.32,chinabond_official,1001.CB,ChinaBond Government Bond Yield Curve,0,1.0,https://yield.chinabond.com.cn/cbweb-czb-web/czb/historyQuery,2026-08-09T11:34:01.034821+00:00
2018-03-29,3.32,chinabond_official,1001.CB,ChinaBond Government Bond Yield Curve,0,1.0,https://yield.chinabond.com.cn/cbweb-czb-web/czb/historyQuery,2026-08-09T11:34:01.034821+00:00
2018-03-30,3.32,chinabond_official,1001.CB,ChinaBond Government Bond Yield Curve,0,1.0,https://yield.chinabond.com.cn/cbweb-czb-web/czb/historyQuery,2026-08-09T11:34:01.034821+00:00
2018-04-02,3.28,chinabond_official,1001.CB,ChinaBond Government Bond Yield Curve,0,1.0,https://yield.chinabond.com.cn/cbweb-czb-web/czb/historyQuery,2026-08-09T11:34:01.034821+00:00
2018-04-03,3.3,chinabond_official,1001.CB,ChinaBond Government Bond Yield Curve,0,1.0,https://yield.chinabond.com.cn/cbweb-czb-web/czb/historyQuery,2026-08-09T11:34:01.034821+00:00
2018-04-04,3.26,chinabond_official,1001.CB,ChinaBond Government Bond Yield Curve,0,1.0,https://yield.chinabond.com.cn/cbweb-czb-web/czb/historyQuery,2026-08-09T11:34:01.034821+00:00
2018-04-08,3.28,chinabond_official,1001.CB,ChinaBond Government Bond Yield Curve,0,1.0,https://yield.chinabond.com.cn/cbweb-czb-web/czb/historyQuery,2026-08-09T11:34:01.034821+00:00
2018-04-09,3.23,chinabond_official,1001.CB,ChinaBond Government Bond Yield Curve,0,1.0,https://yield.chinabond.com.cn/cbweb-czb-web/czb/historyQuery,2026-08-09T11:34:01.034821+00:00
2018-04-10,3.24,chinabond_official,1001.CB,ChinaBond Government Bond Yield Curve,0,1.0,https://yield.chinabond.com.cn/cbweb-czb-web/czb/historyQuery,2026-08-09T11:34:01.034821+00:00
2018-04-11,3.24,chinabond_official,1001.CB,ChinaBond Government Bond Yield Curve,0,1.0,https://yield.chinabond.com.cn/cbweb-czb-web/czb/historyQuery,2026-08-09T11:34:01.034821+00:00
2018-04-12,3.21,chinabond_official,1001.CB,ChinaBond Government Bond Yield Curve,0,1.0,https://yield.chinabond.com.cn/cbweb-czb-web/czb/historyQuery,2026-08-09T11:34:01.034821+00:00
2018-04-13,3.2,chinabond_official,1001.CB,ChinaBond Government Bond Yield Curve,0,1.0,https://yield.chinabond.com.cn/cbweb-czb-web/czb/historyQuery,2026-08-09T11:34:01.034821+00:00
2018-04-16,3.17,chinabond_official,1001.CB,ChinaBond Government Bond Yield Curve,0,1.0,https://yield.chinabond.com.cn/cbweb-czb-web/czb/historyQuery,2026-08-09T11:34:01.034821+00:00
2018-04-17,3.16,chinabond_official,1001.CB,ChinaBond Government Bond Yield Curve,0,1.0,https://yield.chinabond.com.cn/cbweb-czb-web/czb/historyQuery,2026-08-09T11:34:01.034821+00:00
2018-04-18,2.91,chinabond_official,1001.CB,ChinaBond Government Bond Yield Curve,0,1.0,https://yield.chinabond.com.cn/cbweb-czb-web/czb/historyQuery,2026-08-09T11:34:01.034821+00:00
2018-04-19,2.96,chinabond_official,1001.CB,ChinaBond Government Bond Yield Curve,0,1.0,https://yield.chinabond.com.cn/cbweb-czb-web/czb/historyQuery,2026-08-09T11:34:01.034821+00:00
2018-04-20,3.01,chinabond_official,1001.CB,ChinaBond Government Bond Yield Curve,0,1.0,https://yield.chinabond.com.cn/cbweb-czb-web/czb/historyQuery,2026-08-09T11:34:01.034821+00:00
2018-04-23,3.05,chinabond_official,1001.CB,ChinaBond Government Bond Yield Curve,0,1.0,https://yield.chinabond.com.cn/cbweb-czb-web/czb/historyQuery,2026-08-09T11:34:01.034821+00:00
2018-04-24,3.02,chinabond_official,1001.CB,ChinaBond Government Bond Yield Curve,0,1.0,https://yield.chinabond.com.cn/cbweb-czb-web/czb/historyQuery,2026-08-09T11:34:01.034821+00:00
2018-04-25,3.02,chinabond_official,1001.CB,ChinaBond Government Bond Yield Curve,0,1.0,https://yield.chinabond.com.cn/cbweb-czb-web/czb/historyQuery,2026-08-09T11:34:01.034821+00:00
2018-04-26,3.03,chinabond_official,1001.CB,ChinaBond Government Bond Yield Curve,0,1.0,https://yield.chinabond.com.cn/cbweb-czb-web/czb/historyQuery,2026-08-09T11:34:01.034821+00:00
2018-04-27,3.02,chinabond_official,1001.CB,ChinaBond Government Bond Yield Curve,0,1.0,https://yield.chinabond.com.cn/cbweb-czb-web/czb/historyQuery,2026-08-09T11:34:01.034821+00:00
2018-04-28,3.0,chinabond_official,1001.CB,ChinaBond Government Bond Yield Curve,0,1.0,https://yield.chinabond.com.cn/cbweb-czb-web/czb/historyQuery,2026-08-09T11:34:01.034821+00:00
2018-05-02,3.02,chinabond_official,1001.CB,ChinaBond Government Bond Yield Curve,0,1.0,https://yield.chinabond.com.cn/cbweb-czb-web/czb/historyQuery,2026-08-09T11:34:01.034821+00:00
2018-05-03,2.98,chinabond_official,1001.CB,ChinaBond Government Bond Yield Curve,0,1.0,https://yield.chinabond.com.cn/cbweb-czb-web/czb/historyQuery,2026-08-09T11:34:01.034821+00:00
2018-05-04,2.94,chinabond_official,1001.CB,ChinaBond Government Bond Yield Curve,0,1.0,https://yield.chinabond.com.cn/cbweb-czb-web/czb/historyQuery,2026-08-09T11:34:01.034821+00:00
2018-05-07,2.93,chinabond_official,1001.CB,ChinaBond Government Bond Yield Curve,0,1.0,https://yield.chinabond.com.cn/cbweb-czb-web/czb/historyQuery,2026-08-09T11:34:01.034821+00:00
2018-05-08,2.92,chinabond_official,1001.CB,ChinaBond Government Bond Yield Curve,0,1.0,https://yield.chinabond.com.cn/cbweb-czb-web/czb/historyQuery,2026-08-09T11:34:01.034821+00:00
2018-05-09,2.93,chinabond_official,1001.CB,ChinaBond Government Bond Yield Curve,0,1.0,https://yield.chinabond.com.cn/cbweb-czb-web/czb/historyQuery,2026-08-09T11:34:01.034821+00:00
2018-05-10,2.92,chinabond_official,1001.CB,ChinaBond Government Bond Yield Curve,0,1.0,https://yield.chinabond.com.cn/cbweb-czb-web/czb/historyQuery,2026-08-09T11:34:01.034821+00:00
2018-05-11,2.93,chinabond_official,1001.CB,ChinaBond Government Bond Yield Curve,0,1.0,https://yield.chinabond.com.cn/cbweb-czb-web/czb/historyQuery,2026-08-09T11:34:01.034821+00:00
2018-05-14,2.95,chinabond_official,1001.CB,ChinaBond Government Bond Yield Curve,0,1.0,https://yield.chinabond.com.cn/cbweb-czb-web/czb/historyQuery,2026-08-09T11:34:01.034821+00:00
2018-05-15,2.97,chinabond_official,1001.CB,ChinaBond Government Bond Yield Curve,0,1.0,https://yield.chinabond.com.cn/cbweb-czb-web/czb/historyQuery,2026-08-09T11:34:01.034821+00:00
2018-05-16,3.02,chinabond_official,1001.CB,ChinaBond Government Bond Yield Curve,0,1.0,https://yield.chinabond.com.cn/cbweb-czb-web/czb/historyQuery,2026-08-09T11:34:01.034821+00:00
2018-05-17,3.07,chinabond_official,1001.CB,ChinaBond Government Bond Yield Curve,0,1.0,https://yield.chinabond.com.cn/cbweb-czb-web/czb/historyQuery,2026-08-09T11:34:01.034821+00:00
2018-05-18,3.07,chinabond_official,1001.CB,ChinaBond Government Bond Yield Curve,0,1.0,https://yield.chinabond.com.cn/cbweb-czb-web/czb/historyQuery,2026-08-09T11:34:01.034821+00:00
2018-05-21,3.14,chinabond_official,1001.CB,ChinaBond Government Bond Yield Curve,0,1.0,https://yield.chinabond.com.cn/cbweb-czb-web/czb/historyQuery,2026-08-09T11:34:01.034821+00:00
2018-05-22,3.12,chinabond_official,1001.CB,ChinaBond Government Bond Yield Curve,0,1.0,https://yield.chinabond.com.cn/cbweb-czb-web/czb/historyQuery,2026-08-09T11:34:01.034821+00:00
2018-05-23,3.12,chinabond_official,1001.CB,ChinaBond Government Bond Yield Curve,0,1.0,https://yield.chinabond.com.cn/cbweb-czb-web/czb/historyQuery,2026-08-09T11:34:01.034821+00:00
2018-05-24,3.12,chinabond_official,1001.CB,ChinaBond Government Bond Yield Curve,0,1.0,https://yield.chinabond.com.cn/cbweb-czb-web/czb/historyQuery,2026-08-09T11:34:01.034821+00:00
2018-05-25,3.12,chinabond_official,1001.CB,ChinaBond Government Bond Yield Curve,0,1.0,https://yield.chinabond.com.cn/cbweb-czb-web/czb/historyQuery,2026-08-09T11:34:01.034821+00:00
2018-05-28,3.14,chinabond_official,1001.CB,ChinaBond Government Bond Yield Curve,0,1.0,https://yield.chinabond.com.cn/cbweb-czb-web/czb/historyQuery,2026-08-09T11:34:01.034821+00:00
2018-05-29,3.14,chinabond_official,1001.CB,ChinaBond Government Bond Yield Curve,0,1.0,https://yield.chinabond.com.cn/cbweb-czb-web/czb/historyQuery,2026-08-09T11:34:01.034821+00:00
2018-05-30,3.15,chinabond_official,1001.CB,ChinaBond Government Bond Yield Curve,0,1.0,https://yield.chinabond.com.cn/cbweb-czb-web/czb/historyQuery,2026-08-09T11:34:01.034821+00:00
2018-05-31,3.15,chinabond_official,1001.CB,ChinaBond Government Bond Yield Curve,0,1.0,https://yield.chinabond.com.cn/cbweb-czb-web/czb/historyQuery,2026-08-09T11:34:01.034821+00:00
2018-06-01,3.16,chinabond_official,1001.CB,ChinaBond Government Bond Yield Curve,0,1.0,https://yield.chinabond.com.cn/cbweb-czb-web/czb/historyQuery,2026-08-09T11:34:01.034821+00:00
2018-06-04,3.18,chinabond_official,1001.CB,ChinaBond Government Bond Yield Curve,0,1.0,https://yield.chinabond.com.cn/cbweb-czb-web/czb/historyQuery,2026-08-09T11:34:01.034821+00:00
2018-06-05,3.17,chinabond_official,1001.CB,ChinaBond Government Bond Yield Curve,0,1.0,https://yield.chinabond.com.cn/cbweb-czb-web/czb/historyQuery,2026-08-09T11:34:01.034821+00:00
2018-06-06,3.2,chinabond_official,1001.CB,ChinaBond Government Bond Yield Curve,0,1.0,https://yield.chinabond.com.cn/cbweb-czb-web/czb/historyQuery,2026-08-09T11:34:01.034821+00:00
2018-06-07,3.22,chinabond_official,1001.CB,ChinaBond Government Bond Yield Curve,0,1.0,https://yield.chinabond.com.cn/cbweb-czb-web/czb/historyQuery,2026-08-09T11:34:01.034821+00:00
2018-06-08,3.21,chinabond_official,1001.CB,ChinaBond Government Bond Yield Curve,0,1.0,https://yield.chinabond.com.cn/cbweb-czb-web/czb/historyQuery,2026-08-09T11:34:01.034821+00:00
2018-06-11,3.22,chinabond_official,1001.CB,ChinaBond Government Bond Yield Curve,0,1.0,https://yield.chinabond.com.cn/cbweb-czb-web/czb/historyQuery,2026-08-09T11:34:01.034821+00:00
2018-06-12,3.24,chinabond_official,1001.CB,ChinaBond Government Bond Yield Curve,0,1.0,https://yield.chinabond.com.cn/cbweb-czb-web/czb/historyQuery,2026-08-09T11:34:01.034821+00:00
2018-06-13,3.24,chinabond_official,1001.CB,ChinaBond Government Bond Yield Curve,0,1.0,https://yield.chinabond.com.cn/cbweb-czb-web/czb/historyQuery,2026-08-09T11:34:01.034821+00:00
2018-06-14,3.22,chinabond_official,1001.CB,ChinaBond Government Bond Yield Curve,0,1.0,https://yield.chinabond.com.cn/cbweb-czb-web/czb/historyQuery,2026-08-09T11:34:01.034821+00:00
2018-06-15,3.22,chinabond_official,1001.CB,ChinaBond Government Bond Yield Curve,0,1.0,https://yield.chinabond.com.cn/cbweb-czb-web/czb/historyQuery,2026-08-09T11:34:01.034821+00:00
2018-06-19,3.22,chinabond_official,1001.CB,ChinaBond Government Bond Yield Curve,0,1.0,https://yield.chinabond.com.cn/cbweb-czb-web/czb/historyQuery,2026-08-09T11:34:01.034821+00:00
2018-06-20,3.28,chinabond_official,1001.CB,ChinaBond Government Bond Yield Curve,0,1.0,https://yield.chinabond.com.cn/cbweb-czb-web/czb/historyQuery,2026-08-09T11:34:01.034821+00:00
2018-06-21,3.29,chinabond_official,1001.CB,ChinaBond Government Bond Yield Curve,0,1.0,https://yield.chinabond.com.cn/cbweb-czb-web/czb/historyQuery,2026-08-09T11:34:01.034821+00:00
2018-06-22,3.28,chinabond_official,1001.CB,ChinaBond Government Bond Yield Curve,0,1.0,https://yield.chinabond.com.cn/cbweb-czb-web/czb/historyQuery,2026-08-09T11:34:01.034821+00:00
2018-06-25,3.28,chinabond_official,1001.CB,ChinaBond Government Bond Yield Curve,0,1.0,https://yield.chinabond.com.cn/cbweb-czb-web/czb/historyQuery,2026-08-09T11:34:01.034821+00:00
2018-06-26,3.28,chinabond_official,1001.CB,ChinaBond Government Bond Yield Curve,0,1.0,https://yield.chinabond.com.cn/cbweb-czb-web/czb/historyQuery,2026-08-09T11:34:01.034821+00:00
2018-06-27,3.28,chinabond_official,1001.CB,ChinaBond Government Bond Yield Curve,0,1.0,https://yield.chinabond.com.cn/cbweb-czb-web/czb/historyQuery,2026-08-09T11:34:01.034821+00:00
2018-06-28,3.22,chinabond_official,1001.CB,ChinaBond Government Bond Yield Curve,0,1.0,https://yield.chinabond.com.cn/cbweb-czb-web/czb/historyQuery,2026-08-09T11:34:01.034821+00:00
2018-06-29,3.16,chinabond_official,1001.CB,ChinaBond Government Bond Yield Curve,0,1.0,https://yield.chinabond.com.cn/cbweb-czb-web/czb/historyQuery,2026-08-09T11:34:01.034821+00:00
2018-07-02,3.13,chinabond_official,1001.CB,ChinaBond Government Bond Yield Curve,0,1.0,https://yield.chinabond.com.cn/cbweb-czb-web/czb/historyQuery,2026-08-09T11:34:01.034821+00:00
2018-07-03,3.05,chinabond_official,1001.CB,ChinaBond Government Bond Yield Curve,0,1.0,https://yield.chinabond.com.cn/cbweb-czb-web/czb/historyQuery,2026-08-09T11:34:01.034821+00:00
2018-07-04,3.06,chinabond_official,1001.CB,ChinaBond Government Bond Yield Curve,0,1.0,https://yield.chinabond.com.cn/cbweb-czb-web/czb/historyQuery,2026-08-09T11:34:01.034821+00:00
2018-07-05,3.03,chinabond_official,1001.CB,ChinaBond Government Bond Yield Curve,0,1.0,https://yield.chinabond.com.cn/cbweb-czb-web/czb/historyQuery,2026-08-09T11:34:01.034821+00:00
2018-07-06,3.02,chinabond_official,1001.CB,ChinaBond Government Bond Yield Curve,0,1.0,https://yield.chinabond.com.cn/cbweb-czb-web/czb/historyQuery,2026-08-09T11:34:01.034821+00:00
2018-07-09,3.04,chinabond_official,1001.CB,ChinaBond Government Bond Yield Curve,0,1.0,https://yield.chinabond.com.cn/cbweb-czb-web/czb/historyQuery,2026-08-09T11:34:01.034821+00:00
2018-07-10,3.06,chinabond_official,1001.CB,ChinaBond Government Bond Yield Curve,0,1.0,https://yield.chinabond.com.cn/cbweb-czb-web/czb/historyQuery,2026-08-09T11:34:01.034821+00:00
2018-07-11,3.07,chinabond_official,1001.CB,ChinaBond Government Bond Yield Curve,0,1.0,https://yield.chinabond.com.cn/cbweb-czb-web/czb/historyQuery,2026-08-09T11:34:01.034821+00:00
2018-07-12,3.07,chinabond_official,1001.CB,ChinaBond Government Bond Yield Curve,0,1.0,https://yield.chinabond.com.cn/cbweb-czb-web/czb/historyQuery,2026-08-09T11:34:01.034821+00:00
2018-07-13,3.07,chinabond_official,1001.CB,ChinaBond Government Bond Yield Curve,0,1.0,https://yield.chinabond.com.cn/cbweb-czb-web/czb/historyQuery,2026-08-09T11:34:01.034821+00:00
2018-07-16,3.03,chinabond_official,1001.CB,ChinaBond Government Bond Yield Curve,0,1.0,https://yield.chinabond.com.cn/cbweb-czb-web/czb/historyQuery,2026-08-09T11:34:01.034821+00:00
2018-07-17,3.03,chinabond_official,1001.CB,ChinaBond Government Bond Yield Curve,0,1.0,https://yield.chinabond.com.cn/cbweb-czb-web/czb/historyQuery,2026-08-09T11:34:01.034821+00:00
2018-07-18,3.05,chinabond_official,1001.CB,ChinaBond Government Bond Yield Curve,0,1.0,https://yield.chinabond.com.cn/cbweb-czb-web/czb/historyQuery,2026-08-09T11:34:01.034821+00:00
2018-07-19,3.05,chinabond_official,1001.CB,ChinaBond Government Bond Yield Curve,0,1.0,https://yield.chinabond.com.cn/cbweb-czb-web/czb/historyQuery,2026-08-09T11:34:01.034821+00:00
2018-07-20,3.05,chinabond_official,1001.CB,ChinaBond Government Bond Yield Curve,0,1.0,https://yield.chinabond.com.cn/cbweb-czb-web/czb/historyQuery,2026-08-09T11:34:01.034821+00:00
2018-07-23,3.05,chinabond_official,1001.CB,ChinaBond Government Bond Yield Curve,0,1.0,https://yield.chinabond.com.cn/cbweb-czb-web/czb/historyQuery,2026-08-09T11:34:01.034821+00:00
2018-07-24,3.05,chinabond_official,1001.CB,ChinaBond Government Bond Yield Curve,0,1.0,https://yield.chinabond.com.cn/cbweb-czb-web/czb/historyQuery,2026-08-09T11:34:01.034821+00:00
2018-07-25,3.01,chinabond_official,1001.CB,ChinaBond Government Bond Yield Curve,0,1.0,https://yield.chinabond.com.cn/cbweb-czb-web/czb/historyQuery,2026-08-09T11:34:01.034821+00:00
2018-07-26,2.99,chinabond_official,1001.CB,ChinaBond Government Bond Yield Curve,0,1.0,https://yield.chinabond.com.cn/cbweb-czb-web/czb/historyQuery,2026-08-09T11:34:01.034821+00:00
2018-07-27,2.9,chinabond_official,1001.CB,ChinaBond Government Bond Yield Curve,0,1.0,https://yield.chinabond.com.cn/cbweb-czb-web/czb/historyQuery,2026-08-09T11:34:01.034821+00:00
2018-07-30,2.88,chinabond_official,1001.CB,ChinaBond Government Bond Yield Curve,0,1.0,https://yield.chinabond.com.cn/cbweb-czb-web/czb/historyQuery,2026-08-09T11:34:01.034821+00:00
2018-07-31,2.84,chinabond_official,1001.CB,ChinaBond Government Bond Yield Curve,0,1.0,https://yield.chinabond.com.cn/cbweb-czb-web/czb/historyQuery,2026-08-09T11:34:01.034821+00:00
2018-08-01,2.81,chinabond_official,1001.CB,ChinaBond Government Bond Yield Curve,0,1.0,https://yield.chinabond.com.cn/cbweb-czb-web/czb/historyQuery,2026-08-09T11:34:01.034821+00:00
2018-08-02,2.77,chinabond_official,1001.CB,ChinaBond Government Bond Yield Curve,0,1.0,https://yield.chinabond.com.cn/cbweb-czb-web/czb/historyQuery,2026-08-09T11:34:01.034821+00:00
2018-08-03,2.72,chinabond_official,1001.CB,ChinaBond Government Bond Yield Curve,0,1.0,https://yield.chinabond.com.cn/cbweb-czb-web/czb/historyQuery,2026-08-09T11:34:01.034821+00:00
2018-08-06,2.66,chinabond_official,1001.CB,ChinaBond Government Bond Yield Curve,0,1.0,https://yield.chinabond.com.cn/cbweb-czb-web/czb/historyQuery,2026-08-09T11:34:01.034821+00:00
2018-08-07,2.6,chinabond_official,1001.CB,ChinaBond Government Bond Yield Curve,0,1.0,https://yield.chinabond.com.cn/cbweb-czb-web/czb/historyQuery,2026-08-09T11:34:01.034821+00:00
2018-08-08,2.62,chinabond_official,1001.CB,ChinaBond Government Bond Yield Curve,0,1.0,https://yield.chinabond.com.cn/cbweb-czb-web/czb/historyQuery,2026-08-09T11:34:01.034821+00:00
2018-08-09,2.72,chinabond_official,1001.CB,ChinaBond Government Bond Yield Curve,0,1.0,https://yield.chinabond.com.cn/cbweb-czb-web/czb/historyQuery,2026-08-09T11:34:01.034821+00:00
2018-08-10,2.73,chinabond_official,1001.CB,ChinaBond Government Bond Yield Curve,0,1.0,https://yield.chinabond.com.cn/cbweb-czb-web/czb/historyQuery,2026-08-09T11:34:01.034821+00:00
2018-08-13,2.81,chinabond_official,1001.CB,ChinaBond Government Bond Yield Curve,0,1.0,https://yield.chinabond.com.cn/cbweb-czb-web/czb/historyQuery,2026-08-09T11:34:01.034821+00:00
2018-08-14,2.81,chinabond_official,1001.CB,ChinaBond Government Bond Yield Curve,0,1.0,https://yield.chinabond.com.cn/cbweb-czb-web/czb/historyQuery,2026-08-09T11:34:01.034821+00:00
2018-08-15,2.84,chinabond_official,1001.CB,ChinaBond Government Bond Yield Curve,0,1.0,https://yield.chinabond.com.cn/cbweb-czb-web/czb/historyQuery,2026-08-09T11:34:01.034821+00:00
2018-08-16,2.84,chinabond_official,1001.CB,ChinaBond Government Bond Yield Curve,0,1.0,https://yield.chinabond.com.cn/cbweb-czb-web/czb/historyQuery,2026-08-09T11:34:01.034821+00:00
2018-08-17,2.88,chinabond_official,1001.CB,ChinaBond Government Bond Yield Curve,0,1.0,https://yield.chinabond.com.cn/cbweb-czb-web/czb/historyQuery,2026-08-09T11:34:01.034821+00:00
2018-08-20,2.9,chinabond_official,1001.CB,ChinaBond Government Bond Yield Curve,0,1.0,https://yield.chinabond.com.cn/cbweb-czb-web/czb/historyQuery,2026-08-09T11:34:01.034821+00:00
2018-08-21,2.94,chinabond_official,1001.CB,ChinaBond Government Bond Yield Curve,0,1.0,https://yield.chinabond.com.cn/cbweb-czb-web/czb/historyQuery,2026-08-09T11:34:01.034821+00:00
2018-08-22,2.9,chinabond_official,1001.CB,ChinaBond Government Bond Yield Curve,0,1.0,https://yield.chinabond.com.cn/cbweb-czb-web/czb/historyQuery,2026-08-09T11:34:01.034821+00:00
2018-08-23,2.88,chinabond_official,1001.CB,ChinaBond Government Bond Yield Curve,0,1.0,https://yield.chinabond.com.cn/cbweb-czb-web/czb/historyQuery,2026-08-09T11:34:01.034821+00:00
2018-08-24,2.84,chinabond_official,1001.CB,ChinaBond Government Bond Yield Curve,0,1.0,https://yield.chinabond.com.cn/cbweb-czb-web/czb/historyQuery,2026-08-09T11:34:01.034821+00:00
2018-08-27,2.85,chinabond_official,1001.CB,ChinaBond Government Bond Yield Curve,0,1.0,https://yield.chinabond.com.cn/cbweb-czb-web/czb/historyQuery,2026-08-09T11:34:01.034821+00:00
2018-08-28,2.87,chinabond_official,1001.CB,ChinaBond Government Bond Yield Curve,0,1.0,https://yield.chinabond.com.cn/cbweb-czb-web/czb/historyQuery,2026-08-09T11:34:01.034821+00:00
2018-08-29,2.86,chinabond_official,1001.CB,ChinaBond Government Bond Yield Curve,0,1.0,https://yield.chinabond.com.cn/cbweb-czb-web/czb/historyQuery,2026-08-09T11:34:01.034821+00:00
2018-08-30,2.83,chinabond_official,1001.CB,ChinaBond Government Bond Yield Curve,0,1.0,https://yield.chinabond.com.cn/cbweb-czb-web/czb/historyQuery,2026-08-09T11:34:01.034821+00:00
2018-08-31,2.85,chinabond_official,1001.CB,ChinaBond Government Bond Yield Curve,0,1.0,https://yield.chinabond.com.cn/cbweb-czb-web/czb/historyQuery,2026-08-09T11:34:01.034821+00:00
2018-09-03,2.84,chinabond_official,1001.CB,ChinaBond Government Bond Yield Curve,0,1.0,https://yield.chinabond.com.cn/cbweb-czb-web/czb/historyQuery,2026-08-09T11:34:01.034821+00:00
2018-09-04,2.85,chinabond_official,1001.CB,ChinaBond Government Bond Yield Curve,0,1.0,https://yield.chinabond.com.cn/cbweb-czb-web/czb/historyQuery,2026-08-09T11:34:01.034821+00:00
2018-09-05,2.85,chinabond_official,1001.CB,ChinaBond Government Bond Yield Curve,0,1.0,https://yield.chinabond.com.cn/cbweb-czb-web/czb/historyQuery,2026-08-09T11:34:01.034821+00:00
2018-09-06,2.84,chinabond_official,1001.CB,ChinaBond Government Bond Yield Curve,0,1.0,https://yield.chinabond.com.cn/cbweb-czb-web/czb/historyQuery,2026-08-09T11:34:01.034821+00:00
2018-09-07,2.84,chinabond_official,1001.CB,ChinaBond Government Bond Yield Curve,0,1.0,https://yield.chinabond.com.cn/cbweb-czb-web/czb/historyQuery,2026-08-09T11:34:01.034821+00:00
2018-09-10,2.84,chinabond_official,1001.CB,ChinaBond Government Bond Yield Curve,0,1.0,https://yield.chinabond.com.cn/cbweb-czb-web/czb/historyQuery,2026-08-09T11:34:01.034821+00:00
2018-09-11,2.85,chinabond_official,1001.CB,ChinaBond Government Bond Yield Curve,0,1.0,https://yield.chinabond.com.cn/cbweb-czb-web/czb/historyQuery,2026-08-09T11:34:01.034821+00:00
2018-09-12,2.85,chinabond_official,1001.CB,ChinaBond Government Bond Yield Curve,0,1.0,https://yield.chinabond.com.cn/cbweb-czb-web/czb/historyQuery,2026-08-09T11:34:01.034821+00:00
2018-09-13,2.86,chinabond_official,1001.CB,ChinaBond Government Bond Yield Curve,0,1.0,https://yield.chinabond.com.cn/cbweb-czb-web/czb/historyQuery,2026-08-09T11:34:01.034821+00:00
2018-09-14,2.86,chinabond_official,1001.CB,ChinaBond Government Bond Yield Curve,0,1.0,https://yield.chinabond.com.cn/cbweb-czb-web/czb/historyQuery,2026-08-09T11:34:01.034821+00:00
2018-09-17,2.86,chinabond_official,1001.CB,ChinaBond Government Bond Yield Curve,0,1.0,https://yield.chinabond.com.cn/cbweb-czb-web/czb/historyQuery,2026-08-09T11:34:01.034821+00:00
2018-09-18,2.88,chinabond_official,1001.CB,ChinaBond Government Bond Yield Curve,0,1.0,https://yield.chinabond.com.cn/cbweb-czb-web/czb/historyQuery,2026-08-09T11:34:01.034821+00:00
2018-09-19,3.01,chinabond_official,1001.CB,ChinaBond Government Bond Yield Curve,0,1.0,https://yield.chinabond.com.cn/cbweb-czb-web/czb/historyQuery,2026-08-09T11:34:01.034821+00:00
2018-09-20,3.03,chinabond_official,1001.CB,ChinaBond Government Bond Yield Curve,0,1.0,https://yield.chinabond.com.cn/cbweb-czb-web/czb/historyQuery,2026-08-09T11:34:01.034821+00:00
2018-09-21,3.03,chinabond_official,1001.CB,ChinaBond Government Bond Yield Curve,0,1.0,https://yield.chinabond.com.cn/cbweb-czb-web/czb/historyQuery,2026-08-09T11:34:01.034821+00:00
2018-09-25,3.03,chinabond_official,1001.CB,ChinaBond Government Bond Yield Curve,0,1.0,https://yield.chinabond.com.cn/cbweb-czb-web/czb/historyQuery,2026-08-09T11:34:01.034821+00:00
2018-09-26,3.03,chinabond_official,1001.CB,ChinaBond Government Bond Yield Curve,0,1.0,https://yield.chinabond.com.cn/cbweb-czb-web/czb/historyQuery,2026-08-09T11:34:01.034821+00:00
2018-09-27,3.02,chinabond_official,1001.CB,ChinaBond Government Bond Yield Curve,0,1.0,https://yield.chinabond.com.cn/cbweb-czb-web/czb/historyQuery,2026-08-09T11:34:01.034821+00:00
2018-09-28,3.0,chinabond_official,1001.CB,ChinaBond Government Bond Yield Curve,0,1.0,https://yield.chinabond.com.cn/cbweb-czb-web/czb/historyQuery,2026-08-09T11:34:01.034821+00:00
2018-09-29,2.99,chinabond_official,1001.CB,ChinaBond Government Bond Yield Curve,0,1.0,https://yield.chinabond.com.cn/cbweb-czb-web/czb/historyQuery,2026-08-09T11:34:01.034821+00:00
2018-09-30,2.97,chinabond_official,1001.CB,ChinaBond Government Bond Yield Curve,0,1.0,https://yield.chinabond.com.cn/cbweb-czb-web/czb/historyQuery,2026-08-09T11:34:01.034821+00:00
2018-10-08,2.96,chinabond_official,1001.CB,ChinaBond Government Bond Yield Curve,0,1.0,https://yield.chinabond.com.cn/cbweb-czb-web/czb/historyQuery,2026-08-09T11:34:01.034821+00:00
2018-10-09,2.94,chinabond_official,1001.CB,ChinaBond Government Bond Yield Curve,0,1.0,https://yield.chinabond.com.cn/cbweb-czb-web/czb/historyQuery,2026-08-09T11:34:01.034821+00:00
2018-10-10,2.94,chinabond_official,1001.CB,ChinaBond Government Bond Yield Curve,0,1.0,https://yield.chinabond.com.cn/cbweb-czb-web/czb/historyQuery,2026-08-09T11:34:01.034821+00:00
2018-10-11,2.89,chinabond_official,1001.CB,ChinaBond Government Bond Yield Curve,0,1.0,https://yield.chinabond.com.cn/cbweb-czb-web/czb/historyQuery,2026-08-09T11:34:01.034821+00:00
2018-10-12,2.89,chinabond_official,1001.CB,ChinaBond Government Bond Yield Curve,0,1.0,https://yield.chinabond.com.cn/cbweb-czb-web/czb/historyQuery,2026-08-09T11:34:01.034821+00:00
2018-10-15,2.88,chinabond_official,1001.CB,ChinaBond Government Bond Yield Curve,0,1.0,https://yield.chinabond.com.cn/cbweb-czb-web/czb/historyQuery,2026-08-09T11:34:01.034821+00:00
2018-10-16,2.89,chinabond_official,1001.CB,ChinaBond Government Bond Yield Curve,0,1.0,https://yield.chinabond.com.cn/cbweb-czb-web/czb/historyQuery,2026-08-09T11:34:01.034821+00:00
2018-10-17,2.9,chinabond_official,1001.CB,ChinaBond Government Bond Yield Curve,0,1.0,https://yield.chinabond.com.cn/cbweb-czb-web/czb/historyQuery,2026-08-09T11:34:01.034821+00:00
2018-10-18,2.9,chinabond_official,1001.CB,ChinaBond Government Bond Yield Curve,0,1.0,https://yield.chinabond.com.cn/cbweb-czb-web/czb/historyQuery,2026-08-09T11:34:01.034821+00:00
2018-10-19,2.9,chinabond_official,1001.CB,ChinaBond Government Bond Yield Curve,0,1.0,https://yield.chinabond.com.cn/cbweb-czb-web/czb/historyQuery,2026-08-09T11:34:01.034821+00:00
2018-10-22,2.9,chinabond_official,1001.CB,ChinaBond Government Bond Yield Curve,0,1.0,https://yield.chinabond.com.cn/cbweb-czb-web/czb/historyQuery,2026-08-09T11:34:01.034821+00:00
2018-10-23,2.89,chinabond_official,1001.CB,ChinaBond Government Bond Yield Curve,0,1.0,https://yield.chinabond.com.cn/cbweb-czb-web/czb/historyQuery,2026-08-09T11:34:01.034821+00:00
2018-10-24,2.86,chinabond_official,1001.CB,ChinaBond Government Bond Yield Curve,0,1.0,https://yield.chinabond.com.cn/cbweb-czb-web/czb/historyQuery,2026-08-09T11:34:01.034821+00:00
2018-10-25,2.86,chinabond_official,1001.CB,ChinaBond Government Bond Yield Curve,0,1.0,https://yield.chinabond.com.cn/cbweb-czb-web/czb/historyQuery,2026-08-09T11:34:01.034821+00:00
2018-10-26,2.84,chinabond_official,1001.CB,ChinaBond Government Bond Yield Curve,0,1.0,https://yield.chinabond.com.cn/cbweb-czb-web/czb/historyQuery,2026-08-09T11:34:01.034821+00:00
2018-10-29,2.82,chinabond_official,1001.CB,ChinaBond Government Bond Yield Curve,0,1.0,https://yield.chinabond.com.cn/cbweb-czb-web/czb/historyQuery,2026-08-09T11:34:01.034821+00:00
2018-10-30,2.81,chinabond_official,1001.CB,ChinaBond Government Bond Yield Curve,0,1.0,https://yield.chinabond.com.cn/cbweb-czb-web/czb/historyQuery,2026-08-09T11:34:01.034821+00:00
2018-10-31,2.81,chinabond_official,1001.CB,ChinaBond Government Bond Yield Curve,0,1.0,https://yield.chinabond.com.cn/cbweb-czb-web/czb/historyQuery,2026-08-09T11:34:01.034821+00:00
2018-11-01,2.79,chinabond_official,1001.CB,ChinaBond Government Bond Yield Curve,0,1.0,https://yield.chinabond.com.cn/cbweb-czb-web/czb/historyQuery,2026-08-09T11:34:01.034821+00:00
2018-11-02,2.79,chinabond_official,1001.CB,ChinaBond Government Bond Yield Curve,0,1.0,https://yield.chinabond.com.cn/cbweb-czb-web/czb/historyQuery,2026-08-09T11:34:01.034821+00:00
2018-11-05,2.78,chinabond_official,1001.CB,ChinaBond Government Bond Yield Curve,0,1.0,https://yield.chinabond.com.cn/cbweb-czb-web/czb/historyQuery,2026-08-09T11:34:01.034821+00:00
2018-11-06,2.75,chinabond_official,1001.CB,ChinaBond Government Bond Yield Curve,0,1.0,https://yield.chinabond.com.cn/cbweb-czb-web/czb/historyQuery,2026-08-09T11:34:01.034821+00:00
2018-11-07,2.73,chinabond_official,1001.CB,ChinaBond Government Bond Yield Curve,0,1.0,https://yield.chinabond.com.cn/cbweb-czb-web/czb/historyQuery,2026-08-09T11:34:01.034821+00:00
2018-11-08,2.68,chinabond_official,1001.CB,ChinaBond Government Bond Yield Curve,0,1.0,https://yield.chinabond.com.cn/cbweb-czb-web/czb/historyQuery,2026-08-09T11:34:01.034821+00:00
2018-11-09,2.66,chinabond_official,1001.CB,ChinaBond Government Bond Yield Curve,0,1.0,https://yield.chinabond.com.cn/cbweb-czb-web/czb/historyQuery,2026-08-09T11:34:01.034821+00:00
2018-11-12,2.61,chinabond_official,1001.CB,ChinaBond Government Bond Yield Curve,0,1.0,https://yield.chinabond.com.cn/cbweb-czb-web/czb/historyQuery,2026-08-09T11:34:01.034821+00:00
2018-11-13,2.59,chinabond_official,1001.CB,ChinaBond Government Bond Yield Curve,0,1.0,https://yield.chinabond.com.cn/cbweb-czb-web/czb/historyQuery,2026-08-09T11:34:01.034821+00:00
2018-11-14,2.56,chinabond_official,1001.CB,ChinaBond Government Bond Yield Curve,0,1.0,https://yield.chinabond.com.cn/cbweb-czb-web/czb/historyQuery,2026-08-09T11:34:01.034821+00:00
2018-11-15,2.51,chinabond_official,1001.CB,ChinaBond Government Bond Yield Curve,0,1.0,https://yield.chinabond.com.cn/cbweb-czb-web/czb/historyQuery,2026-08-09T11:34:01.034821+00:00
2018-11-16,2.51,chinabond_official,1001.CB,ChinaBond Government Bond Yield Curve,0,1.0,https://yield.chinabond.com.cn/cbweb-czb-web/czb/historyQuery,2026-08-09T11:34:01.034821+00:00
2018-11-19,2.51,chinabond_official,1001.CB,ChinaBond Government Bond Yield Curve,0,1.0,https://yield.chinabond.com.cn/cbweb-czb-web/czb/historyQuery,2026-08-09T11:34:01.034821+00:00
2018-11-20,2.52,chinabond_official,1001.CB,ChinaBond Government Bond Yield Curve,0,1.0,https://yield.chinabond.com.cn/cbweb-czb-web/czb/historyQuery,2026-08-09T11:34:01.034821+00:00
2018-11-21,2.5,chinabond_official,1001.CB,ChinaBond Government Bond Yield Curve,0,1.0,https://yield.chinabond.com.cn/cbweb-czb-web/czb/historyQuery,2026-08-09T11:34:01.034821+00:00
2018-11-22,2.49,chinabond_official,1001.CB,ChinaBond Government Bond Yield Curve,0,1.0,https://yield.chinabond.com.cn/cbweb-czb-web/czb/historyQuery,2026-08-09T11:34:01.034821+00:00
2018-11-23,2.51,chinabond_official,1001.CB,ChinaBond Government Bond Yield Curve,0,1.0,https://yield.chinabond.com.cn/cbweb-czb-web/czb/historyQuery,2026-08-09T11:34:01.034821+00:00
2018-11-26,2.5,chinabond_official,1001.CB,ChinaBond Government Bond Yield Curve,0,1.0,https://yield.chinabond.com.cn/cbweb-czb-web/czb/historyQuery,2026-08-09T11:34:01.034821+00:00
2018-11-27,2.5,chinabond_official,1001.CB,ChinaBond Government Bond Yield Curve,0,1.0,https://yield.chinabond.com.cn/cbweb-czb-web/czb/historyQuery,2026-08-09T11:34:01.034821+00:00
2018-11-28,2.48,chinabond_official,1001.CB,ChinaBond Government Bond Yield Curve,0,1.0,https://yield.chinabond.com.cn/cbweb-czb-web/czb/historyQuery,2026-08-09T11:34:01.034821+00:00
2018-11-29,2.47,chinabond_official,1001.CB,ChinaBond Government Bond Yield Curve,0,1.0,https://yield.chinabond.com.cn/cbweb-czb-web/czb/historyQuery,2026-08-09T11:34:01.034821+00:00
2018-11-30,2.48,chinabond_official,1001.CB,ChinaBond Government Bond Yield Curve,0,1.0,https://yield.chinabond.com.cn/cbweb-czb-web/czb/historyQuery,2026-08-09T11:34:01.034821+00:00
2018-12-03,2.48,chinabond_official,1001.CB,ChinaBond Government Bond Yield Curve,0,1.0,https://yield.chinabond.com.cn/cbweb-czb-web/czb/historyQuery,2026-08-09T11:34:01.034821+00:00
2018-12-04,2.46,chinabond_official,1001.CB,ChinaBond Government Bond Yield Curve,0,1.0,https://yield.chinabond.com.cn/cbweb-czb-web/czb/historyQuery,2026-08-09T11:34:01.034821+00:00
2018-12-05,2.46,chinabond_official,1001.CB,ChinaBond Government Bond Yield Curve,0,1.0,https://yield.chinabond.com.cn/cbweb-czb-web/czb/historyQuery,2026-08-09T11:34:01.034821+00:00
2018-12-06,2.46,chinabond_official,1001.CB,ChinaBond Government Bond Yield Curve,0,1.0,https://yield.chinabond.com.cn/cbweb-czb-web/czb/historyQuery,2026-08-09T11:34:01.034821+00:00
2018-12-07,2.46,chinabond_official,1001.CB,ChinaBond Government Bond Yield Curve,0,1.0,https://yield.chinabond.com.cn/cbweb-czb-web/czb/historyQuery,2026-08-09T11:34:01.034821+00:00
2018-12-10,2.48,chinabond_official,1001.CB,ChinaBond Government Bond Yield Curve,0,1.0,https://yield.chinabond.com.cn/cbweb-czb-web/czb/historyQuery,2026-08-09T11:34:01.034821+00:00
2018-12-11,2.47,chinabond_official,1001.CB,ChinaBond Government Bond Yield Curve,0,1.0,https://yield.chinabond.com.cn/cbweb-czb-web/czb/historyQuery,2026-08-09T11:34:01.034821+00:00
2018-12-12,2.46,chinabond_official,1001.CB,ChinaBond Government Bond Yield Curve,0,1.0,https://yield.chinabond.com.cn/cbweb-czb-web/czb/historyQuery,2026-08-09T11:34:01.034821+00:00
2018-12-13,2.46,chinabond_official,1001.CB,ChinaBond Government Bond Yield Curve,0,1.0,https://yield.chinabond.com.cn/cbweb-czb-web/czb/historyQuery,2026-08-09T11:34:01.034821+00:00
2018-12-14,2.48,chinabond_official,1001.CB,ChinaBond Government Bond Yield Curve,0,1.0,https://yield.chinabond.com.cn/cbweb-czb-web/czb/historyQuery,2026-08-09T11:34:01.034821+00:00
2018-12-17,2.47,chinabond_official,1001.CB,ChinaBond Government Bond Yield Curve,0,1.0,https://yield.chinabond.com.cn/cbweb-czb-web/czb/historyQuery,2026-08-09T11:34:01.034821+00:00
2018-12-18,2.49,chinabond_official,1001.CB,ChinaBond Government Bond Yield Curve,0,1.0,https://yield.chinabond.com.cn/cbweb-czb-web/czb/historyQuery,2026-08-09T11:34:01.034821+00:00
2018-12-19,2.7,chinabond_official,1001.CB,ChinaBond Government Bond Yield Curve,0,1.0,https://yield.chinabond.com.cn/cbweb-czb-web/czb/historyQuery,2026-08-09T11:34:01.034821+00:00
2018-12-20,2.69,chinabond_official,1001.CB,ChinaBond Government Bond Yield Curve,0,1.0,https://yield.chinabond.com.cn/cbweb-czb-web/czb/historyQuery,2026-08-09T11:34:01.034821+00:00
2018-12-21,2.68,chinabond_official,1001.CB,ChinaBond Government Bond Yield Curve,0,1.0,https://yield.chinabond.com.cn/cbweb-czb-web/czb/historyQuery,2026-08-09T11:34:01.034821+00:00
2018-12-24,2.7,chinabond_official,1001.CB,ChinaBond Government Bond Yield Curve,0,1.0,https://yield.chinabond.com.cn/cbweb-czb-web/czb/historyQuery,2026-08-09T11:34:01.034821+00:00
2018-12-25,2.71,chinabond_official,1001.CB,ChinaBond Government Bond Yield Curve,0,1.0,https://yield.chinabond.com.cn/cbweb-czb-web/czb/historyQuery,2026-08-09T11:34:01.034821+00:00
2018-12-26,2.7,chinabond_official,1001.CB,ChinaBond Government Bond Yield Curve,0,1.0,https://yield.chinabond.com.cn/cbweb-czb-web/czb/historyQuery,2026-08-09T11:34:01.034821+00:00
2018-12-27,2.66,chinabond_official,1001.CB,ChinaBond Government Bond Yield Curve,0,1.0,https://yield.chinabond.com.cn/cbweb-czb-web/czb/historyQuery,2026-08-09T11:34:01.034821+00:00
2018-12-28,2.6,chinabond_official,1001.CB,ChinaBond Government Bond Yield Curve,0,1.0,https://yield.chinabond.com.cn/cbweb-czb-web/czb/historyQuery,2026-08-09T11:34:01.034821+00:00
2018-12-29,2.6,chinabond_official,1001.CB,ChinaBond Government Bond Yield Curve,0,1.0,https://yield.chinabond.com.cn/cbweb-czb-web/czb/historyQuery,2026-08-09T11:34:01.034821+00:00
2018-12-30,2.6,chinabond_official,1001.CB,ChinaBond Government Bond Yield Curve,0,1.0,https://yield.chinabond.com.cn/cbweb-czb-web/czb/historyQuery,2026-08-09T11:34:01.034821+00:00
2018-12-31,2.6,chinabond_official,1001.CB,ChinaBond Government Bond Yield Curve,0,1.0,https://yield.chinabond.com.cn/cbweb-czb-web/czb/historyQuery,2026-08-09T11:34:01.034821+00:00
2019-01-02,2.5,chinabond_official,1001.CB,ChinaBond Government Bond Yield Curve,0,1.0,https://yield.chinabond.com.cn/cbweb-czb-web/czb/historyQuery,2026-08-09T11:34:01.034821+00:00
2019-01-03,2.5,chinabond_official,1001.CB,ChinaBond Government Bond Yield Curve,0,1.0,https://yield.chinabond.com.cn/cbweb-czb-web/czb/historyQuery,2026-08-09T11:34:01.034821+00:00
2019-01-04,2.45,chinabond_official,1001.CB,ChinaBond Government Bond Yield Curve,0,1.0,https://yield.chinabond.com.cn/cbweb-czb-web/czb/historyQuery,2026-08-09T11:34:01.034821+00:00
2019-01-07,2.4,chinabond_official,1001.CB,ChinaBond Government Bond Yield Curve,0,1.0,https://yield.chinabond.com.cn/cbweb-czb-web/czb/historyQuery,2026-08-09T11:34:01.034821+00:00
2019-01-08,2.35,chinabond_official,1001.CB,ChinaBond Government Bond Yield Curve,0,1.0,https://yield.chinabond.com.cn/cbweb-czb-web/czb/historyQuery,2026-08-09T11:34:01.034821+00:00
2019-01-09,2.38,chinabond_official,1001.CB,ChinaBond Government Bond Yield Curve,0,1.0,https://yield.chinabond.com.cn/cbweb-czb-web/czb/historyQuery,2026-08-09T11:34:01.034821+00:00
2019-01-10,2.36,chinabond_official,1001.CB,ChinaBond Government Bond Yield Curve,0,1.0,https://yield.chinabond.com.cn/cbweb-czb-web/czb/historyQuery,2026-08-09T11:34:01.034821+00:00
2019-01-11,2.41,chinabond_official,1001.CB,ChinaBond Government Bond Yield Curve,0,1.0,https://yield.chinabond.com.cn/cbweb-czb-web/czb/historyQuery,2026-08-09T11:34:01.034821+00:00
2019-01-14,2.43,chinabond_official,1001.CB,ChinaBond Government Bond Yield Curve,0,1.0,https://yield.chinabond.com.cn/cbweb-czb-web/czb/historyQuery,2026-08-09T11:34:01.034821+00:00
2019-01-15,2.43,chinabond_official,1001.CB,ChinaBond Government Bond Yield Curve,0,1.0,https://yield.chinabond.com.cn/cbweb-czb-web/czb/historyQuery,2026-08-09T11:34:01.034821+00:00
2019-01-16,2.36,chinabond_official,1001.CB,ChinaBond Government Bond Yield Curve,0,1.0,https://yield.chinabond.com.cn/cbweb-czb-web/czb/historyQuery,2026-08-09T11:34:01.034821+00:00
2019-01-17,2.35,chinabond_official,1001.CB,ChinaBond Government Bond Yield Curve,0,1.0,https://yield.chinabond.com.cn/cbweb-czb-web/czb/historyQuery,2026-08-09T11:34:01.034821+00:00
2019-01-18,2.35,chinabond_official,1001.CB,ChinaBond Government Bond Yield Curve,0,1.0,https://yield.chinabond.com.cn/cbweb-czb-web/czb/historyQuery,2026-08-09T11:34:01.034821+00:00
2019-01-21,2.42,chinabond_official,1001.CB,ChinaBond Government Bond Yield Curve,0,1.0,https://yield.chinabond.com.cn/cbweb-czb-web/czb/historyQuery,2026-08-09T11:34:01.034821+00:00
2019-01-22,2.4,chinabond_official,1001.CB,ChinaBond Government Bond Yield Curve,0,1.0,https://yield.chinabond.com.cn/cbweb-czb-web/czb/historyQuery,2026-08-09T11:34:01.034821+00:00
2019-01-23,2.41,chinabond_official,1001.CB,ChinaBond Government Bond Yield Curve,0,1.0,https://yield.chinabond.com.cn/cbweb-czb-web/czb/historyQuery,2026-08-09T11:34:01.034821+00:00
2019-01-24,2.4,chinabond_official,1001.CB,ChinaBond Government Bond Yield Curve,0,1.0,https://yield.chinabond.com.cn/cbweb-czb-web/czb/historyQuery,2026-08-09T11:34:01.034821+00:00
2019-01-25,2.38,chinabond_official,1001.CB,ChinaBond Government Bond Yield Curve,0,1.0,https://yield.chinabond.com.cn/cbweb-czb-web/czb/historyQuery,2026-08-09T11:34:01.034821+00:00
2019-01-28,2.4,chinabond_official,1001.CB,ChinaBond Government Bond Yield Curve,0,1.0,https://yield.chinabond.com.cn/cbweb-czb-web/czb/historyQuery,2026-08-09T11:34:01.034821+00:00
2019-01-29,2.39,chinabond_official,1001.CB,ChinaBond Government Bond Yield Curve,0,1.0,https://yield.chinabond.com.cn/cbweb-czb-web/czb/historyQuery,2026-08-09T11:34:01.034821+00:00
2019-01-30,2.38,chinabond_official,1001.CB,ChinaBond Government Bond Yield Curve,0,1.0,https://yield.chinabond.com.cn/cbweb-czb-web/czb/historyQuery,2026-08-09T11:34:01.034821+00:00
2019-01-31,2.39,chinabond_official,1001.CB,ChinaBond Government Bond Yield Curve,0,1.0,https://yield.chinabond.com.cn/cbweb-czb-web/czb/historyQuery,2026-08-09T11:34:01.034821+00:00
2019-02-01,2.35,chinabond_official,1001.CB,ChinaBond Government Bond Yield Curve,0,1.0,https://yield.chinabond.com.cn/cbweb-czb-web/czb/historyQuery,2026-08-09T11:34:01.034821+00:00
2019-02-02,2.35,chinabond_official,1001.CB,ChinaBond Government Bond Yield Curve,0,1.0,https://yield.chinabond.com.cn/cbweb-czb-web/czb/historyQuery,2026-08-09T11:34:01.034821+00:00
2019-02-03,2.35,chinabond_official,1001.CB,ChinaBond Government Bond Yield Curve,0,1.0,https://yield.chinabond.com.cn/cbweb-czb-web/czb/historyQuery,2026-08-09T11:34:01.034821+00:00
2019-02-11,2.34,chinabond_official,1001.CB,ChinaBond Government Bond Yield Curve,0,1.0,https://yield.chinabond.com.cn/cbweb-czb-web/czb/historyQuery,2026-08-09T11:34:01.034821+00:00
2019-02-12,2.31,chinabond_official,1001.CB,ChinaBond Government Bond Yield Curve,0,1.0,https://yield.chinabond.com.cn/cbweb-czb-web/czb/historyQuery,2026-08-09T11:34:01.034821+00:00
2019-02-13,2.33,chinabond_official,1001.CB,ChinaBond Government Bond Yield Curve,0,1.0,https://yield.chinabond.com.cn/cbweb-czb-web/czb/historyQuery,2026-08-09T11:34:01.034821+00:00
2019-02-14,2.31,chinabond_official,1001.CB,ChinaBond Government Bond Yield Curve,0,1.0,https://yield.chinabond.com.cn/cbweb-czb-web/czb/historyQuery,2026-08-09T11:34:01.034821+00:00
2019-02-15,2.31,chinabond_official,1001.CB,ChinaBond Government Bond Yield Curve,0,1.0,https://yield.chinabond.com.cn/cbweb-czb-web/czb/historyQuery,2026-08-09T11:34:01.034821+00:00
2019-02-18,2.32,chinabond_official,1001.CB,ChinaBond Government Bond Yield Curve,0,1.0,https://yield.chinabond.com.cn/cbweb-czb-web/czb/historyQuery,2026-08-09T11:34:01.034821+00:00
2019-02-19,2.31,chinabond_official,1001.CB,ChinaBond Government Bond Yield Curve,0,1.0,https://yield.chinabond.com.cn/cbweb-czb-web/czb/historyQuery,2026-08-09T11:34:01.034821+00:00
2019-02-20,2.31,chinabond_official,1001.CB,ChinaBond Government Bond Yield Curve,0,1.0,https://yield.chinabond.com.cn/cbweb-czb-web/czb/historyQuery,2026-08-09T11:34:01.034821+00:00
2019-02-21,2.34,chinabond_official,1001.CB,ChinaBond Government Bond Yield Curve,0,1.0,https://yield.chinabond.com.cn/cbweb-czb-web/czb/historyQuery,2026-08-09T11:34:01.034821+00:00
2019-02-22,2.36,chinabond_official,1001.CB,ChinaBond Government Bond Yield Curve,0,1.0,https://yield.chinabond.com.cn/cbweb-czb-web/czb/historyQuery,2026-08-09T11:34:01.034821+00:00
2019-02-25,2.34,chinabond_official,1001.CB,ChinaBond Government Bond Yield Curve,0,1.0,https://yield.chinabond.com.cn/cbweb-czb-web/czb/historyQuery,2026-08-09T11:34:01.034821+00:00
2019-02-26,2.35,chinabond_official,1001.CB,ChinaBond Government Bond Yield Curve,0,1.0,https://yield.chinabond.com.cn/cbweb-czb-web/czb/historyQuery,2026-08-09T11:34:01.034821+00:00
2019-02-27,2.39,chinabond_official,1001.CB,ChinaBond Government Bond Yield Curve,0,1.0,https://yield.chinabond.com.cn/cbweb-czb-web/czb/historyQuery,2026-08-09T11:34:01.034821+00:00
2019-02-28,2.41,chinabond_official,1001.CB,ChinaBond Government Bond Yield Curve,0,1.0,https://yield.chinabond.com.cn/cbweb-czb-web/czb/historyQuery,2026-08-09T11:34:01.034821+00:00
2019-03-01,2.43,chinabond_official,1001.CB,ChinaBond Government Bond Yield Curve,0,1.0,https://yield.chinabond.com.cn/cbweb-czb-web/czb/historyQuery,2026-08-09T11:34:01.034821+00:00
2019-03-04,2.44,chinabond_official,1001.CB,ChinaBond Government Bond Yield Curve,0,1.0,https://yield.chinabond.com.cn/cbweb-czb-web/czb/historyQuery,2026-08-09T11:34:01.034821+00:00
2019-03-05,2.44,chinabond_official,1001.CB,ChinaBond Government Bond Yield Curve,0,1.0,https://yield.chinabond.com.cn/cbweb-czb-web/czb/historyQuery,2026-08-09T11:34:01.034821+00:00
2019-03-06,2.45,chinabond_official,1001.CB,ChinaBond Government Bond Yield Curve,0,1.0,https://yield.chinabond.com.cn/cbweb-czb-web/czb/historyQuery,2026-08-09T11:34:01.034821+00:00
2019-03-07,2.45,chinabond_official,1001.CB,ChinaBond Government Bond Yield Curve,0,1.0,https://yield.chinabond.com.cn/cbweb-czb-web/czb/historyQuery,2026-08-09T11:34:01.034821+00:00
2019-03-08,2.45,chinabond_official,1001.CB,ChinaBond Government Bond Yield Curve,0,1.0,https://yield.chinabond.com.cn/cbweb-czb-web/czb/historyQuery,2026-08-09T11:34:01.034821+00:00
2019-03-11,2.45,chinabond_official,1001.CB,ChinaBond Government Bond Yield Curve,0,1.0,https://yield.chinabond.com.cn/cbweb-czb-web/czb/historyQuery,2026-08-09T11:34:01.034821+00:00
2019-03-12,2.46,chinabond_official,1001.CB,ChinaBond Government Bond Yield Curve,0,1.0,https://yield.chinabond.com.cn/cbweb-czb-web/czb/historyQuery,2026-08-09T11:34:01.034821+00:00
2019-03-13,2.47,chinabond_official,1001.CB,ChinaBond Government Bond Yield Curve,0,1.0,https://yield.chinabond.com.cn/cbweb-czb-web/czb/historyQuery,2026-08-09T11:34:01.034821+00:00
2019-03-14,2.47,chinabond_official,1001.CB,ChinaBond Government Bond Yield Curve,0,1.0,https://yield.chinabond.com.cn/cbweb-czb-web/czb/historyQuery,2026-08-09T11:34:01.034821+00:00
2019-03-15,2.46,chinabond_official,1001.CB,ChinaBond Government Bond Yield Curve,0,1.0,https://yield.chinabond.com.cn/cbweb-czb-web/czb/historyQuery,2026-08-09T11:34:01.034821+00:00
2019-03-18,2.48,chinabond_official,1001.CB,ChinaBond Government Bond Yield Curve,0,1.0,https://yield.chinabond.com.cn/cbweb-czb-web/czb/historyQuery,2026-08-09T11:34:01.034821+00:00
2019-03-19,2.48,chinabond_official,1001.CB,ChinaBond Government Bond Yield Curve,0,1.0,https://yield.chinabond.com.cn/cbweb-czb-web/czb/historyQuery,2026-08-09T11:34:01.034821+00:00
2019-03-20,2.47,chinabond_official,1001.CB,ChinaBond Government Bond Yield Curve,0,1.0,https://yield.chinabond.com.cn/cbweb-czb-web/czb/historyQuery,2026-08-09T11:34:01.034821+00:00
2019-03-21,2.45,chinabond_official,1001.CB,ChinaBond Government Bond Yield Curve,0,1.0,https://yield.chinabond.com.cn/cbweb-czb-web/czb/historyQuery,2026-08-09T11:34:01.034821+00:00
2019-03-22,2.47,chinabond_official,1001.CB,ChinaBond Government Bond Yield Curve,0,1.0,https://yield.chinabond.com.cn/cbweb-czb-web/czb/historyQuery,2026-08-09T11:34:01.034821+00:00
2019-03-25,2.48,chinabond_official,1001.CB,ChinaBond Government Bond Yield Curve,0,1.0,https://yield.chinabond.com.cn/cbweb-czb-web/czb/historyQuery,2026-08-09T11:34:01.034821+00:00
2019-03-26,2.47,chinabond_official,1001.CB,ChinaBond Government Bond Yield Curve,0,1.0,https://yield.chinabond.com.cn/cbweb-czb-web/czb/historyQuery,2026-08-09T11:34:01.034821+00:00
2019-03-27,2.47,chinabond_official,1001.CB,ChinaBond Government Bond Yield Curve,0,1.0,https://yield.chinabond.com.cn/cbweb-czb-web/czb/historyQuery,2026-08-09T11:34:01.034821+00:00
2019-03-28,2.45,chinabond_official,1001.CB,ChinaBond Government Bond Yield Curve,0,1.0,https://yield.chinabond.com.cn/cbweb-czb-web/czb/historyQuery,2026-08-09T11:34:01.034821+00:00
2019-03-29,2.44,chinabond_official,1001.CB,ChinaBond Government Bond Yield Curve,0,1.0,https://yield.chinabond.com.cn/cbweb-czb-web/czb/historyQuery,2026-08-09T11:34:01.034821+00:00
2019-04-01,2.44,chinabond_official,1001.CB,ChinaBond Government Bond Yield Curve,0,1.0,https://yield.chinabond.com.cn/cbweb-czb-web/czb/historyQuery,2026-08-09T11:34:01.034821+00:00
2019-04-02,2.45,chinabond_official,1001.CB,ChinaBond Government Bond Yield Curve,0,1.0,https://yield.chinabond.com.cn/cbweb-czb-web/czb/historyQuery,2026-08-09T11:34:01.034821+00:00
2019-04-03,2.46,chinabond_official,1001.CB,ChinaBond Government Bond Yield Curve,0,1.0,https://yield.chinabond.com.cn/cbweb-czb-web/czb/historyQuery,2026-08-09T11:34:01.034821+00:00
2019-04-04,2.48,chinabond_official,1001.CB,ChinaBond Government Bond Yield Curve,0,1.0,https://yield.chinabond.com.cn/cbweb-czb-web/czb/historyQuery,2026-08-09T11:34:01.034821+00:00
2019-04-08,2.47,chinabond_official,1001.CB,ChinaBond Government Bond Yield Curve,0,1.0,https://yield.chinabond.com.cn/cbweb-czb-web/czb/historyQuery,2026-08-09T11:34:01.034821+00:00
2019-04-09,2.47,chinabond_official,1001.CB,ChinaBond Government Bond Yield Curve,0,1.0,https://yield.chinabond.com.cn/cbweb-czb-web/czb/historyQuery,2026-08-09T11:34:01.034821+00:00
2019-04-10,2.48,chinabond_official,1001.CB,ChinaBond Government Bond Yield Curve,0,1.0,https://yield.chinabond.com.cn/cbweb-czb-web/czb/historyQuery,2026-08-09T11:34:01.034821+00:00
2019-04-11,2.48,chinabond_official,1001.CB,ChinaBond Government Bond Yield Curve,0,1.0,https://yield.chinabond.com.cn/cbweb-czb-web/czb/historyQuery,2026-08-09T11:34:01.034821+00:00
2019-04-12,2.52,chinabond_official,1001.CB,ChinaBond Government Bond Yield Curve,0,1.0,https://yield.chinabond.com.cn/cbweb-czb-web/czb/historyQuery,2026-08-09T11:34:01.034821+00:00
2019-04-15,2.53,chinabond_official,1001.CB,ChinaBond Government Bond Yield Curve,0,1.0,https://yield.chinabond.com.cn/cbweb-czb-web/czb/historyQuery,2026-08-09T11:34:01.034821+00:00
2019-04-16,2.59,chinabond_official,1001.CB,ChinaBond Government Bond Yield Curve,0,1.0,https://yield.chinabond.com.cn/cbweb-czb-web/czb/historyQuery,2026-08-09T11:34:01.034821+00:00
2019-04-17,2.72,chinabond_official,1001.CB,ChinaBond Government Bond Yield Curve,0,1.0,https://yield.chinabond.com.cn/cbweb-czb-web/czb/historyQuery,2026-08-09T11:34:01.034821+00:00
2019-04-18,2.67,chinabond_official,1001.CB,ChinaBond Government Bond Yield Curve,0,1.0,https://yield.chinabond.com.cn/cbweb-czb-web/czb/historyQuery,2026-08-09T11:34:01.034821+00:00
2019-04-19,2.68,chinabond_official,1001.CB,ChinaBond Government Bond Yield Curve,0,1.0,https://yield.chinabond.com.cn/cbweb-czb-web/czb/historyQuery,2026-08-09T11:34:01.034821+00:00
2019-04-22,2.69,chinabond_official,1001.CB,ChinaBond Government Bond Yield Curve,0,1.0,https://yield.chinabond.com.cn/cbweb-czb-web/czb/historyQuery,2026-08-09T11:34:01.034821+00:00
2019-04-23,2.7,chinabond_official,1001.CB,ChinaBond Government Bond Yield Curve,0,1.0,https://yield.chinabond.com.cn/cbweb-czb-web/czb/historyQuery,2026-08-09T11:34:01.034821+00:00
2019-04-24,2.7,chinabond_official,1001.CB,ChinaBond Government Bond Yield Curve,0,1.0,https://yield.chinabond.com.cn/cbweb-czb-web/czb/historyQuery,2026-08-09T11:34:01.034821+00:00
2019-04-25,2.69,chinabond_official,1001.CB,ChinaBond Government Bond Yield Curve,0,1.0,https://yield.chinabond.com.cn/cbweb-czb-web/czb/historyQuery,2026-08-09T11:34:01.034821+00:00
2019-04-26,2.67,chinabond_official,1001.CB,ChinaBond Government Bond Yield Curve,0,1.0,https://yield.chinabond.com.cn/cbweb-czb-web/czb/historyQuery,2026-08-09T11:34:01.034821+00:00
2019-04-28,2.7,chinabond_official,1001.CB,ChinaBond Government Bond Yield Curve,0,1.0,https://yield.chinabond.com.cn/cbweb-czb-web/czb/historyQuery,2026-08-09T11:34:01.034821+00:00
2019-04-29,2.72,chinabond_official,1001.CB,ChinaBond Government Bond Yield Curve,0,1.0,https://yield.chinabond.com.cn/cbweb-czb-web/czb/historyQuery,2026-08-09T11:34:01.034821+00:00
2019-04-30,2.69,chinabond_official,1001.CB,ChinaBond Government Bond Yield Curve,0,1.0,https://yield.chinabond.com.cn/cbweb-czb-web/czb/historyQuery,2026-08-09T11:34:01.034821+00:00
2019-05-05,2.69,chinabond_official,1001.CB,ChinaBond Government Bond Yield Curve,0,1.0,https://yield.chinabond.com.cn/cbweb-czb-web/czb/historyQuery,2026-08-09T11:34:01.034821+00:00
2019-05-06,2.68,chinabond_official,1001.CB,ChinaBond Government Bond Yield Curve,0,1.0,https://yield.chinabond.com.cn/cbweb-czb-web/czb/historyQuery,2026-08-09T11:34:01.034821+00:00
2019-05-07,2.68,chinabond_official,1001.CB,ChinaBond Government Bond Yield Curve,0,1.0,https://yield.chinabond.com.cn/cbweb-czb-web/czb/historyQuery,2026-08-09T11:34:01.034821+00:00
2019-05-08,2.68,chinabond_official,1001.CB,ChinaBond Government Bond Yield Curve,0,1.0,https://yield.chinabond.com.cn/cbweb-czb-web/czb/historyQuery,2026-08-09T11:34:01.034821+00:00
2019-05-09,2.66,chinabond_official,1001.CB,ChinaBond Government Bond Yield Curve,0,1.0,https://yield.chinabond.com.cn/cbweb-czb-web/czb/historyQuery,2026-08-09T11:34:01.034821+00:00
2019-05-10,2.69,chinabond_official,1001.CB,ChinaBond Government Bond Yield Curve,0,1.0,https://yield.chinabond.com.cn/cbweb-czb-web/czb/historyQuery,2026-08-09T11:34:01.034821+00:00
2019-05-13,2.68,chinabond_official,1001.CB,ChinaBond Government Bond Yield Curve,0,1.0,https://yield.chinabond.com.cn/cbweb-czb-web/czb/historyQuery,2026-08-09T11:34:01.034821+00:00
2019-05-14,2.68,chinabond_official,1001.CB,ChinaBond Government Bond Yield Curve,0,1.0,https://yield.chinabond.com.cn/cbweb-czb-web/czb/historyQuery,2026-08-09T11:34:01.034821+00:00
2019-05-15,2.68,chinabond_official,1001.CB,ChinaBond Government Bond Yield Curve,0,1.0,https://yield.chinabond.com.cn/cbweb-czb-web/czb/historyQuery,2026-08-09T11:34:01.034821+00:00
2019-05-16,2.68,chinabond_official,1001.CB,ChinaBond Government Bond Yield Curve,0,1.0,https://yield.chinabond.com.cn/cbweb-czb-web/czb/historyQuery,2026-08-09T11:34:01.034821+00:00
2019-05-17,2.68,chinabond_official,1001.CB,ChinaBond Government Bond Yield Curve,0,1.0,https://yield.chinabond.com.cn/cbweb-czb-web/czb/historyQuery,2026-08-09T11:34:01.034821+00:00
2019-05-20,2.66,chinabond_official,1001.CB,ChinaBond Government Bond Yield Curve,0,1.0,https://yield.chinabond.com.cn/cbweb-czb-web/czb/historyQuery,2026-08-09T11:34:01.034821+00:00
2019-05-21,2.66,chinabond_official,1001.CB,ChinaBond Government Bond Yield Curve,0,1.0,https://yield.chinabond.com.cn/cbweb-czb-web/czb/historyQuery,2026-08-09T11:34:01.034821+00:00
2019-05-22,2.7,chinabond_official,1001.CB,ChinaBond Government Bond Yield Curve,0,1.0,https://yield.chinabond.com.cn/cbweb-czb-web/czb/historyQuery,2026-08-09T11:34:01.034821+00:00
2019-05-23,2.7,chinabond_official,1001.CB,ChinaBond Government Bond Yield Curve,0,1.0,https://yield.chinabond.com.cn/cbweb-czb-web/czb/historyQuery,2026-08-09T11:34:01.034821+00:00
2019-05-24,2.69,chinabond_official,1001.CB,ChinaBond Government Bond Yield Curve,0,1.0,https://yield.chinabond.com.cn/cbweb-czb-web/czb/historyQuery,2026-08-09T11:34:01.034821+00:00
2019-05-27,2.75,chinabond_official,1001.CB,ChinaBond Government Bond Yield Curve,0,1.0,https://yield.chinabond.com.cn/cbweb-czb-web/czb/historyQuery,2026-08-09T11:34:01.034821+00:00
2019-05-28,2.74,chinabond_official,1001.CB,ChinaBond Government Bond Yield Curve,0,1.0,https://yield.chinabond.com.cn/cbweb-czb-web/czb/historyQuery,2026-08-09T11:34:01.034821+00:00
2019-05-29,2.72,chinabond_official,1001.CB,ChinaBond Government Bond Yield Curve,0,1.0,https://yield.chinabond.com.cn/cbweb-czb-web/czb/historyQuery,2026-08-09T11:34:01.034821+00:00
2019-05-30,2.7,chinabond_official,1001.CB,ChinaBond Government Bond Yield Curve,0,1.0,https://yield.chinabond.com.cn/cbweb-czb-web/czb/historyQuery,2026-08-09T11:34:01.034821+00:00
2019-05-31,2.68,chinabond_official,1001.CB,ChinaBond Government Bond Yield Curve,0,1.0,https://yield.chinabond.com.cn/cbweb-czb-web/czb/historyQuery,2026-08-09T11:34:01.034821+00:00
2019-06-03,2.69,chinabond_official,1001.CB,ChinaBond Government Bond Yield Curve,0,1.0,https://yield.chinabond.com.cn/cbweb-czb-web/czb/historyQuery,2026-08-09T11:34:01.034821+00:00
2019-06-04,2.67,chinabond_official,1001.CB,ChinaBond Government Bond Yield Curve,0,1.0,https://yield.chinabond.com.cn/cbweb-czb-web/czb/historyQuery,2026-08-09T11:34:01.034821+00:00
2019-06-05,2.66,chinabond_official,1001.CB,ChinaBond Government Bond Yield Curve,0,1.0,https://yield.chinabond.com.cn/cbweb-czb-web/czb/historyQuery,2026-08-09T11:34:01.034821+00:00
2019-06-06,2.65,chinabond_official,1001.CB,ChinaBond Government Bond Yield Curve,0,1.0,https://yield.chinabond.com.cn/cbweb-czb-web/czb/historyQuery,2026-08-09T11:34:01.034821+00:00
2019-06-10,2.67,chinabond_official,1001.CB,ChinaBond Government Bond Yield Curve,0,1.0,https://yield.chinabond.com.cn/cbweb-czb-web/czb/historyQuery,2026-08-09T11:34:01.034821+00:00
2019-06-11,2.68,chinabond_official,1001.CB,ChinaBond Government Bond Yield Curve,0,1.0,https://yield.chinabond.com.cn/cbweb-czb-web/czb/historyQuery,2026-08-09T11:34:01.034821+00:00
2019-06-12,2.68,chinabond_official,1001.CB,ChinaBond Government Bond Yield Curve,0,1.0,https://yield.chinabond.com.cn/cbweb-czb-web/czb/historyQuery,2026-08-09T11:34:01.034821+00:00
2019-06-13,2.72,chinabond_official,1001.CB,ChinaBond Government Bond Yield Curve,0,1.0,https://yield.chinabond.com.cn/cbweb-czb-web/czb/historyQuery,2026-08-09T11:34:01.034821+00:00
2019-06-14,2.73,chinabond_official,1001.CB,ChinaBond Government Bond Yield Curve,0,1.0,https://yield.chinabond.com.cn/cbweb-czb-web/czb/historyQuery,2026-08-09T11:34:01.034821+00:00
2019-06-17,2.73,chinabond_official,1001.CB,ChinaBond Government Bond Yield Curve,0,1.0,https://yield.chinabond.com.cn/cbweb-czb-web/czb/historyQuery,2026-08-09T11:34:01.034821+00:00
2019-06-18,2.73,chinabond_official,1001.CB,ChinaBond Government Bond Yield Curve,0,1.0,https://yield.chinabond.com.cn/cbweb-czb-web/czb/historyQuery,2026-08-09T11:34:01.034821+00:00
2019-06-19,2.72,chinabond_official,1001.CB,ChinaBond Government Bond Yield Curve,0,1.0,https://yield.chinabond.com.cn/cbweb-czb-web/czb/historyQuery,2026-08-09T11:34:01.034821+00:00
2019-06-20,2.69,chinabond_official,1001.CB,ChinaBond Government Bond Yield Curve,0,1.0,https://yield.chinabond.com.cn/cbweb-czb-web/czb/historyQuery,2026-08-09T11:34:01.034821+00:00
2019-06-21,2.66,chinabond_official,1001.CB,ChinaBond Government Bond Yield Curve,0,1.0,https://yield.chinabond.com.cn/cbweb-czb-web/czb/historyQuery,2026-08-09T11:34:01.034821+00:00
2019-06-24,2.66,chinabond_official,1001.CB,ChinaBond Government Bond Yield Curve,0,1.0,https://yield.chinabond.com.cn/cbweb-czb-web/czb/historyQuery,2026-08-09T11:34:01.034821+00:00
2019-06-25,2.66,chinabond_official,1001.CB,ChinaBond Government Bond Yield Curve,0,1.0,https://yield.chinabond.com.cn/cbweb-czb-web/czb/historyQuery,2026-08-09T11:34:01.034821+00:00
2019-06-26,2.66,chinabond_official,1001.CB,ChinaBond Government Bond Yield Curve,0,1.0,https://yield.chinabond.com.cn/cbweb-czb-web/czb/historyQuery,2026-08-09T11:34:01.034821+00:00
2019-06-27,2.66,chinabond_official,1001.CB,ChinaBond Government Bond Yield Curve,0,1.0,https://yield.chinabond.com.cn/cbweb-czb-web/czb/historyQuery,2026-08-09T11:34:01.034821+00:00
2019-06-28,2.64,chinabond_official,1001.CB,ChinaBond Government Bond Yield Curve,0,1.0,https://yield.chinabond.com.cn/cbweb-czb-web/czb/historyQuery,2026-08-09T11:34:01.034821+00:00
2019-07-01,2.66,chinabond_official,1001.CB,ChinaBond Government Bond Yield Curve,0,1.0,https://yield.chinabond.com.cn/cbweb-czb-web/czb/historyQuery,2026-08-09T11:34:01.034821+00:00
2019-07-02,2.63,chinabond_official,1001.CB,ChinaBond Government Bond Yield Curve,0,1.0,https://yield.chinabond.com.cn/cbweb-czb-web/czb/historyQuery,2026-08-09T11:34:01.034821+00:00
2019-07-03,2.59,chinabond_official,1001.CB,ChinaBond Government Bond Yield Curve,0,1.0,https://yield.chinabond.com.cn/cbweb-czb-web/czb/historyQuery,2026-08-09T11:34:01.034821+00:00
2019-07-04,2.58,chinabond_official,1001.CB,ChinaBond Government Bond Yield Curve,0,1.0,https://yield.chinabond.com.cn/cbweb-czb-web/czb/historyQuery,2026-08-09T11:34:01.034821+00:00
2019-07-05,2.6,chinabond_official,1001.CB,ChinaBond Government Bond Yield Curve,0,1.0,https://yield.chinabond.com.cn/cbweb-czb-web/czb/historyQuery,2026-08-09T11:34:01.034821+00:00
2019-07-08,2.61,chinabond_official,1001.CB,ChinaBond Government Bond Yield Curve,0,1.0,https://yield.chinabond.com.cn/cbweb-czb-web/czb/historyQuery,2026-08-09T11:34:01.034821+00:00
2019-07-09,2.63,chinabond_official,1001.CB,ChinaBond Government Bond Yield Curve,0,1.0,https://yield.chinabond.com.cn/cbweb-czb-web/czb/historyQuery,2026-08-09T11:34:01.034821+00:00
2019-07-10,2.59,chinabond_official,1001.CB,ChinaBond Government Bond Yield Curve,0,1.0,https://yield.chinabond.com.cn/cbweb-czb-web/czb/historyQuery,2026-08-09T11:34:01.034821+00:00
2019-07-11,2.6,chinabond_official,1001.CB,ChinaBond Government Bond Yield Curve,0,1.0,https://yield.chinabond.com.cn/cbweb-czb-web/czb/historyQuery,2026-08-09T11:34:01.034821+00:00
2019-07-12,2.62,chinabond_official,1001.CB,ChinaBond Government Bond Yield Curve,0,1.0,https://yield.chinabond.com.cn/cbweb-czb-web/czb/historyQuery,2026-08-09T11:34:01.034821+00:00
2019-07-15,2.62,chinabond_official,1001.CB,ChinaBond Government Bond Yield Curve,0,1.0,https://yield.chinabond.com.cn/cbweb-czb-web/czb/historyQuery,2026-08-09T11:34:01.034821+00:00
2019-07-16,2.62,chinabond_official,1001.CB,ChinaBond Government Bond Yield Curve,0,1.0,https://yield.chinabond.com.cn/cbweb-czb-web/czb/historyQuery,2026-08-09T11:34:01.034821+00:00
2019-07-17,2.64,chinabond_official,1001.CB,ChinaBond Government Bond Yield Curve,0,1.0,https://yield.chinabond.com.cn/cbweb-czb-web/czb/historyQuery,2026-08-09T11:34:01.034821+00:00
2019-07-18,2.64,chinabond_official,1001.CB,ChinaBond Government Bond Yield Curve,0,1.0,https://yield.chinabond.com.cn/cbweb-czb-web/czb/historyQuery,2026-08-09T11:34:01.034821+00:00
2019-07-19,2.63,chinabond_official,1001.CB,ChinaBond Government Bond Yield Curve,0,1.0,https://yield.chinabond.com.cn/cbweb-czb-web/czb/historyQuery,2026-08-09T11:34:01.034821+00:00
2019-07-22,2.64,chinabond_official,1001.CB,ChinaBond Government Bond Yield Curve,0,1.0,https://yield.chinabond.com.cn/cbweb-czb-web/czb/historyQuery,2026-08-09T11:34:01.034821+00:00
2019-07-23,2.63,chinabond_official,1001.CB,ChinaBond Government Bond Yield Curve,0,1.0,https://yield.chinabond.com.cn/cbweb-czb-web/czb/historyQuery,2026-08-09T11:34:01.034821+00:00
2019-07-24,2.63,chinabond_official,1001.CB,ChinaBond Government Bond Yield Curve,0,1.0,https://yield.chinabond.com.cn/cbweb-czb-web/czb/historyQuery,2026-08-09T11:34:01.034821+00:00
2019-07-25,2.63,chinabond_official,1001.CB,ChinaBond Government Bond Yield Curve,0,1.0,https://yield.chinabond.com.cn/cbweb-czb-web/czb/historyQuery,2026-08-09T11:34:01.034821+00:00
2019-07-26,2.63,chinabond_official,1001.CB,ChinaBond Government Bond Yield Curve,0,1.0,https://yield.chinabond.com.cn/cbweb-czb-web/czb/historyQuery,2026-08-09T11:34:01.034821+00:00
2019-07-29,2.63,chinabond_official,1001.CB,ChinaBond Government Bond Yield Curve,0,1.0,https://yield.chinabond.com.cn/cbweb-czb-web/czb/historyQuery,2026-08-09T11:34:01.034821+00:00
2019-07-30,2.63,chinabond_official,1001.CB,ChinaBond Government Bond Yield Curve,0,1.0,https://yield.chinabond.com.cn/cbweb-czb-web/czb/historyQuery,2026-08-09T11:34:01.034821+00:00
2019-07-31,2.62,chinabond_official,1001.CB,ChinaBond Government Bond Yield Curve,0,1.0,https://yield.chinabond.com.cn/cbweb-czb-web/czb/historyQuery,2026-08-09T11:34:01.034821+00:00
2019-08-01,2.62,chinabond_official,1001.CB,ChinaBond Government Bond Yield Curve,0,1.0,https://yield.chinabond.com.cn/cbweb-czb-web/czb/historyQuery,2026-08-09T11:34:01.034821+00:00
2019-08-02,2.6,chinabond_official,1001.CB,ChinaBond Government Bond Yield Curve,0,1.0,https://yield.chinabond.com.cn/cbweb-czb-web/czb/historyQuery,2026-08-09T11:34:01.034821+00:00
2019-08-05,2.59,chinabond_official,1001.CB,ChinaBond Government Bond Yield Curve,0,1.0,https://yield.chinabond.com.cn/cbweb-czb-web/czb/historyQuery,2026-08-09T11:34:01.034821+00:00
2019-08-06,2.57,chinabond_official,1001.CB,ChinaBond Government Bond Yield Curve,0,1.0,https://yield.chinabond.com.cn/cbweb-czb-web/czb/historyQuery,2026-08-09T11:34:01.034821+00:00
2019-08-07,2.57,chinabond_official,1001.CB,ChinaBond Government Bond Yield Curve,0,1.0,https://yield.chinabond.com.cn/cbweb-czb-web/czb/historyQuery,2026-08-09T11:34:01.034821+00:00
2019-08-08,2.58,chinabond_official,1001.CB,ChinaBond Government Bond Yield Curve,0,1.0,https://yield.chinabond.com.cn/cbweb-czb-web/czb/historyQuery,2026-08-09T11:34:01.034821+00:00
2019-08-09,2.57,chinabond_official,1001.CB,ChinaBond Government Bond Yield Curve,0,1.0,https://yield.chinabond.com.cn/cbweb-czb-web/czb/historyQuery,2026-08-09T11:34:01.034821+00:00
2019-08-12,2.59,chinabond_official,1001.CB,ChinaBond Government Bond Yield Curve,0,1.0,https://yield.chinabond.com.cn/cbweb-czb-web/czb/historyQuery,2026-08-09T11:34:01.034821+00:00
2019-08-13,2.59,chinabond_official,1001.CB,ChinaBond Government Bond Yield Curve,0,1.0,https://yield.chinabond.com.cn/cbweb-czb-web/czb/historyQuery,2026-08-09T11:34:01.034821+00:00
2019-08-14,2.59,chinabond_official,1001.CB,ChinaBond Government Bond Yield Curve,0,1.0,https://yield.chinabond.com.cn/cbweb-czb-web/czb/historyQuery,2026-08-09T11:34:01.034821+00:00
2019-08-15,2.6,chinabond_official,1001.CB,ChinaBond Government Bond Yield Curve,0,1.0,https://yield.chinabond.com.cn/cbweb-czb-web/czb/historyQuery,2026-08-09T11:34:01.034821+00:00
2019-08-16,2.59,chinabond_official,1001.CB,ChinaBond Government Bond Yield Curve,0,1.0,https://yield.chinabond.com.cn/cbweb-czb-web/czb/historyQuery,2026-08-09T11:34:01.034821+00:00
2019-08-19,2.6,chinabond_official,1001.CB,ChinaBond Government Bond Yield Curve,0,1.0,https://yield.chinabond.com.cn/cbweb-czb-web/czb/historyQuery,2026-08-09T11:34:01.034821+00:00
2019-08-20,2.6,chinabond_official,1001.CB,ChinaBond Government Bond Yield Curve,0,1.0,https://yield.chinabond.com.cn/cbweb-czb-web/czb/historyQuery,2026-08-09T11:34:01.034821+00:00
2019-08-21,2.63,chinabond_official,1001.CB,ChinaBond Government Bond Yield Curve,0,1.0,https://yield.chinabond.com.cn/cbweb-czb-web/czb/historyQuery,2026-08-09T11:34:01.034821+00:00
2019-08-22,2.62,chinabond_official,1001.CB,ChinaBond Government Bond Yield Curve,0,1.0,https://yield.chinabond.com.cn/cbweb-czb-web/czb/historyQuery,2026-08-09T11:34:01.034821+00:00
2019-08-23,2.62,chinabond_official,1001.CB,ChinaBond Government Bond Yield Curve,0,1.0,https://yield.chinabond.com.cn/cbweb-czb-web/czb/historyQuery,2026-08-09T11:34:01.034821+00:00
2019-08-26,2.61,chinabond_official,1001.CB,ChinaBond Government Bond Yield Curve,0,1.0,https://yield.chinabond.com.cn/cbweb-czb-web/czb/historyQuery,2026-08-09T11:34:01.034821+00:00
2019-08-27,2.63,chinabond_official,1001.CB,ChinaBond Government Bond Yield Curve,0,1.0,https://yield.chinabond.com.cn/cbweb-czb-web/czb/historyQuery,2026-08-09T11:34:01.034821+00:00
2019-08-28,2.63,chinabond_official,1001.CB,ChinaBond Government Bond Yield Curve,0,1.0,https://yield.chinabond.com.cn/cbweb-czb-web/czb/historyQuery,2026-08-09T11:34:01.034821+00:00
2019-08-29,2.63,chinabond_official,1001.CB,ChinaBond Government Bond Yield Curve,0,1.0,https://yield.chinabond.com.cn/cbweb-czb-web/czb/historyQuery,2026-08-09T11:34:01.034821+00:00
2019-08-30,2.62,chinabond_official,1001.CB,ChinaBond Government Bond Yield Curve,0,1.0,https://yield.chinabond.com.cn/cbweb-czb-web/czb/historyQuery,2026-08-09T11:34:01.034821+00:00
2019-09-02,2.62,chinabond_official,1001.CB,ChinaBond Government Bond Yield Curve,0,1.0,https://yield.chinabond.com.cn/cbweb-czb-web/czb/historyQuery,2026-08-09T11:34:01.034821+00:00
2019-09-03,2.62,chinabond_official,1001.CB,ChinaBond Government Bond Yield Curve,0,1.0,https://yield.chinabond.com.cn/cbweb-czb-web/czb/historyQuery,2026-08-09T11:34:01.034821+00:00
2019-09-04,2.63,chinabond_official,1001.CB,ChinaBond Government Bond Yield Curve,0,1.0,https://yield.chinabond.com.cn/cbweb-czb-web/czb/historyQuery,2026-08-09T11:34:01.034821+00:00
2019-09-05,2.61,chinabond_official,1001.CB,ChinaBond Government Bond Yield Curve,0,1.0,https://yield.chinabond.com.cn/cbweb-czb-web/czb/historyQuery,2026-08-09T11:34:01.034821+00:00
2019-09-06,2.61,chinabond_official,1001.CB,ChinaBond Government Bond Yield Curve,0,1.0,https://yield.chinabond.com.cn/cbweb-czb-web/czb/historyQuery,2026-08-09T11:34:01.034821+00:00
2019-09-09,2.63,chinabond_official,1001.CB,ChinaBond Government Bond Yield Curve,0,1.0,https://yield.chinabond.com.cn/cbweb-czb-web/czb/historyQuery,2026-08-09T11:34:01.034821+00:00
2019-09-10,2.62,chinabond_official,1001.CB,ChinaBond Government Bond Yield Curve,0,1.0,https://yield.chinabond.com.cn/cbweb-czb-web/czb/historyQuery,2026-08-09T11:34:01.034821+00:00
2019-09-11,2.61,chinabond_official,1001.CB,ChinaBond Government Bond Yield Curve,0,1.0,https://yield.chinabond.com.cn/cbweb-czb-web/czb/historyQuery,2026-08-09T11:34:01.034821+00:00
2019-09-12,2.6,chinabond_official,1001.CB,ChinaBond Government Bond Yield Curve,0,1.0,https://yield.chinabond.com.cn/cbweb-czb-web/czb/historyQuery,2026-08-09T11:34:01.034821+00:00
2019-09-16,2.6,chinabond_official,1001.CB,ChinaBond Government Bond Yield Curve,0,1.0,https://yield.chinabond.com.cn/cbweb-czb-web/czb/historyQuery,2026-08-09T11:34:01.034821+00:00
2019-09-17,2.6,chinabond_official,1001.CB,ChinaBond Government Bond Yield Curve,0,1.0,https://yield.chinabond.com.cn/cbweb-czb-web/czb/historyQuery,2026-08-09T11:34:01.034821+00:00
2019-09-18,2.55,chinabond_official,1001.CB,ChinaBond Government Bond Yield Curve,0,1.0,https://yield.chinabond.com.cn/cbweb-czb-web/czb/historyQuery,2026-08-09T11:34:01.034821+00:00
2019-09-19,2.55,chinabond_official,1001.CB,ChinaBond Government Bond Yield Curve,0,1.0,https://yield.chinabond.com.cn/cbweb-czb-web/czb/historyQuery,2026-08-09T11:34:01.034821+00:00
2019-09-20,2.57,chinabond_official,1001.CB,ChinaBond Government Bond Yield Curve,0,1.0,https://yield.chinabond.com.cn/cbweb-czb-web/czb/historyQuery,2026-08-09T11:34:01.034821+00:00
2019-09-23,2.57,chinabond_official,1001.CB,ChinaBond Government Bond Yield Curve,0,1.0,https://yield.chinabond.com.cn/cbweb-czb-web/czb/historyQuery,2026-08-09T11:34:01.034821+00:00
2019-09-24,2.57,chinabond_official,1001.CB,ChinaBond Government Bond Yield Curve,0,1.0,https://yield.chinabond.com.cn/cbweb-czb-web/czb/historyQuery,2026-08-09T11:34:01.034821+00:00
2019-09-25,2.55,chinabond_official,1001.CB,ChinaBond Government Bond Yield Curve,0,1.0,https://yield.chinabond.com.cn/cbweb-czb-web/czb/historyQuery,2026-08-09T11:34:01.034821+00:00
2019-09-26,2.55,chinabond_official,1001.CB,ChinaBond Government Bond Yield Curve,0,1.0,https://yield.chinabond.com.cn/cbweb-czb-web/czb/historyQuery,2026-08-09T11:34:01.034821+00:00
2019-09-27,2.54,chinabond_official,1001.CB,ChinaBond Government Bond Yield Curve,0,1.0,https://yield.chinabond.com.cn/cbweb-czb-web/czb/historyQuery,2026-08-09T11:34:01.034821+00:00
2019-09-29,2.55,chinabond_official,1001.CB,ChinaBond Government Bond Yield Curve,0,1.0,https://yield.chinabond.com.cn/cbweb-czb-web/czb/historyQuery,2026-08-09T11:34:01.034821+00:00
2019-09-30,2.56,chinabond_official,1001.CB,ChinaBond Government Bond Yield Curve,0,1.0,https://yield.chinabond.com.cn/cbweb-czb-web/czb/historyQuery,2026-08-09T11:34:01.034821+00:00
2019-10-08,2.55,chinabond_official,1001.CB,ChinaBond Government Bond Yield Curve,0,1.0,https://yield.chinabond.com.cn/cbweb-czb-web/czb/historyQuery,2026-08-09T11:34:01.034821+00:00
2019-10-09,2.56,chinabond_official,1001.CB,ChinaBond Government Bond Yield Curve,0,1.0,https://yield.chinabond.com.cn/cbweb-czb-web/czb/historyQuery,2026-08-09T11:34:01.034821+00:00
2019-10-10,2.57,chinabond_official,1001.CB,ChinaBond Government Bond Yield Curve,0,1.0,https://yield.chinabond.com.cn/cbweb-czb-web/czb/historyQuery,2026-08-09T11:34:01.034821+00:00
2019-10-11,2.56,chinabond_official,1001.CB,ChinaBond Government Bond Yield Curve,0,1.0,https://yield.chinabond.com.cn/cbweb-czb-web/czb/historyQuery,2026-08-09T11:34:01.034821+00:00
2019-10-12,2.55,chinabond_official,1001.CB,ChinaBond Government Bond Yield Curve,0,1.0,https://yield.chinabond.com.cn/cbweb-czb-web/czb/historyQuery,2026-08-09T11:34:01.034821+00:00
2019-10-14,2.53,chinabond_official,1001.CB,ChinaBond Government Bond Yield Curve,0,1.0,https://yield.chinabond.com.cn/cbweb-czb-web/czb/historyQuery,2026-08-09T11:34:01.034821+00:00
2019-10-15,2.55,chinabond_official,1001.CB,ChinaBond Government Bond Yield Curve,0,1.0,https://yield.chinabond.com.cn/cbweb-czb-web/czb/historyQuery,2026-08-09T11:34:01.034821+00:00
2019-10-16,2.56,chinabond_official,1001.CB,ChinaBond Government Bond Yield Curve,0,1.0,https://yield.chinabond.com.cn/cbweb-czb-web/czb/historyQuery,2026-08-09T11:34:01.034821+00:00
2019-10-17,2.55,chinabond_official,1001.CB,ChinaBond Government Bond Yield Curve,0,1.0,https://yield.chinabond.com.cn/cbweb-czb-web/czb/historyQuery,2026-08-09T11:34:01.034821+00:00
2019-10-18,2.57,chinabond_official,1001.CB,ChinaBond Government Bond Yield Curve,0,1.0,https://yield.chinabond.com.cn/cbweb-czb-web/czb/historyQuery,2026-08-09T11:34:01.034821+00:00
2019-10-21,2.59,chinabond_official,1001.CB,ChinaBond Government Bond Yield Curve,0,1.0,https://yield.chinabond.com.cn/cbweb-czb-web/czb/historyQuery,2026-08-09T11:34:01.034821+00:00
2019-10-22,2.58,chinabond_official,1001.CB,ChinaBond Government Bond Yield Curve,0,1.0,https://yield.chinabond.com.cn/cbweb-czb-web/czb/historyQuery,2026-08-09T11:34:01.034821+00:00
2019-10-23,2.63,chinabond_official,1001.CB,ChinaBond Government Bond Yield Curve,0,1.0,https://yield.chinabond.com.cn/cbweb-czb-web/czb/historyQuery,2026-08-09T11:34:01.034821+00:00
2019-10-24,2.64,chinabond_official,1001.CB,ChinaBond Government Bond Yield Curve,0,1.0,https://yield.chinabond.com.cn/cbweb-czb-web/czb/historyQuery,2026-08-09T11:34:01.034821+00:00
2019-10-25,2.62,chinabond_official,1001.CB,ChinaBond Government Bond Yield Curve,0,1.0,https://yield.chinabond.com.cn/cbweb-czb-web/czb/historyQuery,2026-08-09T11:34:01.034821+00:00
2019-10-28,2.63,chinabond_official,1001.CB,ChinaBond Government Bond Yield Curve,0,1.0,https://yield.chinabond.com.cn/cbweb-czb-web/czb/historyQuery,2026-08-09T11:34:01.034821+00:00
2019-10-29,2.64,chinabond_official,1001.CB,ChinaBond Government Bond Yield Curve,0,1.0,https://yield.chinabond.com.cn/cbweb-czb-web/czb/historyQuery,2026-08-09T11:34:01.034821+00:00
2019-10-30,2.66,chinabond_official,1001.CB,ChinaBond Government Bond Yield Curve,0,1.0,https://yield.chinabond.com.cn/cbweb-czb-web/czb/historyQuery,2026-08-09T11:34:01.034821+00:00
2019-10-31,2.66,chinabond_official,1001.CB,ChinaBond Government Bond Yield Curve,0,1.0,https://yield.chinabond.com.cn/cbweb-czb-web/czb/historyQuery,2026-08-09T11:34:01.034821+00:00
2019-11-01,2.66,chinabond_official,1001.CB,ChinaBond Government Bond Yield Curve,0,1.0,https://yield.chinabond.com.cn/cbweb-czb-web/czb/historyQuery,2026-08-09T11:34:01.034821+00:00
2019-11-04,2.67,chinabond_official,1001.CB,ChinaBond Government Bond Yield Curve,0,1.0,https://yield.chinabond.com.cn/cbweb-czb-web/czb/historyQuery,2026-08-09T11:34:01.034821+00:00
2019-11-05,2.67,chinabond_official,1001.CB,ChinaBond Government Bond Yield Curve,0,1.0,https://yield.chinabond.com.cn/cbweb-czb-web/czb/historyQuery,2026-08-09T11:34:01.034821+00:00
2019-11-06,2.67,chinabond_official,1001.CB,ChinaBond Government Bond Yield Curve,0,1.0,https://yield.chinabond.com.cn/cbweb-czb-web/czb/historyQuery,2026-08-09T11:34:01.034821+00:00
2019-11-07,2.66,chinabond_official,1001.CB,ChinaBond Government Bond Yield Curve,0,1.0,https://yield.chinabond.com.cn/cbweb-czb-web/czb/historyQuery,2026-08-09T11:34:01.034821+00:00
2019-11-08,2.66,chinabond_official,1001.CB,ChinaBond Government Bond Yield Curve,0,1.0,https://yield.chinabond.com.cn/cbweb-czb-web/czb/historyQuery,2026-08-09T11:34:01.034821+00:00
2019-11-11,2.65,chinabond_official,1001.CB,ChinaBond Government Bond Yield Curve,0,1.0,https://yield.chinabond.com.cn/cbweb-czb-web/czb/historyQuery,2026-08-09T11:34:01.034821+00:00
2019-11-12,2.66,chinabond_official,1001.CB,ChinaBond Government Bond Yield Curve,0,1.0,https://yield.chinabond.com.cn/cbweb-czb-web/czb/historyQuery,2026-08-09T11:34:01.034821+00:00
2019-11-13,2.7,chinabond_official,1001.CB,ChinaBond Government Bond Yield Curve,0,1.0,https://yield.chinabond.com.cn/cbweb-czb-web/czb/historyQuery,2026-08-09T11:34:01.034821+00:00
2019-11-14,2.68,chinabond_official,1001.CB,ChinaBond Government Bond Yield Curve,0,1.0,https://yield.chinabond.com.cn/cbweb-czb-web/czb/historyQuery,2026-08-09T11:34:01.034821+00:00
2019-11-15,2.69,chinabond_official,1001.CB,ChinaBond Government Bond Yield Curve,0,1.0,https://yield.chinabond.com.cn/cbweb-czb-web/czb/historyQuery,2026-08-09T11:34:01.034821+00:00
2019-11-18,2.66,chinabond_official,1001.CB,ChinaBond Government Bond Yield Curve,0,1.0,https://yield.chinabond.com.cn/cbweb-czb-web/czb/historyQuery,2026-08-09T11:34:01.034821+00:00
2019-11-19,2.65,chinabond_official,1001.CB,ChinaBond Government Bond Yield Curve,0,1.0,https://yield.chinabond.com.cn/cbweb-czb-web/czb/historyQuery,2026-08-09T11:34:01.034821+00:00
2019-11-20,2.64,chinabond_official,1001.CB,ChinaBond Government Bond Yield Curve,0,1.0,https://yield.chinabond.com.cn/cbweb-czb-web/czb/historyQuery,2026-08-09T11:34:01.034821+00:00
2019-11-21,2.64,chinabond_official,1001.CB,ChinaBond Government Bond Yield Curve,0,1.0,https://yield.chinabond.com.cn/cbweb-czb-web/czb/historyQuery,2026-08-09T11:34:01.034821+00:00
2019-11-22,2.64,chinabond_official,1001.CB,ChinaBond Government Bond Yield Curve,0,1.0,https://yield.chinabond.com.cn/cbweb-czb-web/czb/historyQuery,2026-08-09T11:34:01.034821+00:00
2019-11-25,2.65,chinabond_official,1001.CB,ChinaBond Government Bond Yield Curve,0,1.0,https://yield.chinabond.com.cn/cbweb-czb-web/czb/historyQuery,2026-08-09T11:34:01.034821+00:00
2019-11-26,2.65,chinabond_official,1001.CB,ChinaBond Government Bond Yield Curve,0,1.0,https://yield.chinabond.com.cn/cbweb-czb-web/czb/historyQuery,2026-08-09T11:34:01.034821+00:00
2019-11-27,2.64,chinabond_official,1001.CB,ChinaBond Government Bond Yield Curve,0,1.0,https://yield.chinabond.com.cn/cbweb-czb-web/czb/historyQuery,2026-08-09T11:34:01.034821+00:00
2019-11-28,2.65,chinabond_official,1001.CB,ChinaBond Government Bond Yield Curve,0,1.0,https://yield.chinabond.com.cn/cbweb-czb-web/czb/historyQuery,2026-08-09T11:34:01.034821+00:00
2019-11-29,2.64,chinabond_official,1001.CB,ChinaBond Government Bond Yield Curve,0,1.0,https://yield.chinabond.com.cn/cbweb-czb-web/czb/historyQuery,2026-08-09T11:34:01.034821+00:00
2019-12-02,2.65,chinabond_official,1001.CB,ChinaBond Government Bond Yield Curve,0,1.0,https://yield.chinabond.com.cn/cbweb-czb-web/czb/historyQuery,2026-08-09T11:34:01.034821+00:00
2019-12-03,2.64,chinabond_official,1001.CB,ChinaBond Government Bond Yield Curve,0,1.0,https://yield.chinabond.com.cn/cbweb-czb-web/czb/historyQuery,2026-08-09T11:34:01.034821+00:00
2019-12-04,2.62,chinabond_official,1001.CB,ChinaBond Government Bond Yield Curve,0,1.0,https://yield.chinabond.com.cn/cbweb-czb-web/czb/historyQuery,2026-08-09T11:34:01.034821+00:00
2019-12-05,2.63,chinabond_official,1001.CB,ChinaBond Government Bond Yield Curve,0,1.0,https://yield.chinabond.com.cn/cbweb-czb-web/czb/historyQuery,2026-08-09T11:34:01.034821+00:00
2019-12-06,2.64,chinabond_official,1001.CB,ChinaBond Government Bond Yield Curve,0,1.0,https://yield.chinabond.com.cn/cbweb-czb-web/czb/historyQuery,2026-08-09T11:34:01.034821+00:00
2019-12-09,2.64,chinabond_official,1001.CB,ChinaBond Government Bond Yield Curve,0,1.0,https://yield.chinabond.com.cn/cbweb-czb-web/czb/historyQuery,2026-08-09T11:34:01.034821+00:00
2019-12-10,2.64,chinabond_official,1001.CB,ChinaBond Government Bond Yield Curve,0,1.0,https://yield.chinabond.com.cn/cbweb-czb-web/czb/historyQuery,2026-08-09T11:34:01.034821+00:00
2019-12-11,2.61,chinabond_official,1001.CB,ChinaBond Government Bond Yield Curve,0,1.0,https://yield.chinabond.com.cn/cbweb-czb-web/czb/historyQuery,2026-08-09T11:34:01.034821+00:00
2019-12-12,2.61,chinabond_official,1001.CB,ChinaBond Government Bond Yield Curve,0,1.0,https://yield.chinabond.com.cn/cbweb-czb-web/czb/historyQuery,2026-08-09T11:34:01.034821+00:00
2019-12-13,2.61,chinabond_official,1001.CB,ChinaBond Government Bond Yield Curve,0,1.0,https://yield.chinabond.com.cn/cbweb-czb-web/czb/historyQuery,2026-08-09T11:34:01.034821+00:00
2019-12-16,2.62,chinabond_official,1001.CB,ChinaBond Government Bond Yield Curve,0,1.0,https://yield.chinabond.com.cn/cbweb-czb-web/czb/historyQuery,2026-08-09T11:34:01.034821+00:00
2019-12-17,2.63,chinabond_official,1001.CB,ChinaBond Government Bond Yield Curve,0,1.0,https://yield.chinabond.com.cn/cbweb-czb-web/czb/historyQuery,2026-08-09T11:34:01.034821+00:00
2019-12-18,2.62,chinabond_official,1001.CB,ChinaBond Government Bond Yield Curve,0,1.0,https://yield.chinabond.com.cn/cbweb-czb-web/czb/historyQuery,2026-08-09T11:34:01.034821+00:00
2019-12-19,2.6,chinabond_official,1001.CB,ChinaBond Government Bond Yield Curve,0,1.0,https://yield.chinabond.com.cn/cbweb-czb-web/czb/historyQuery,2026-08-09T11:34:01.034821+00:00
2019-12-20,2.58,chinabond_official,1001.CB,ChinaBond Government Bond Yield Curve,0,1.0,https://yield.chinabond.com.cn/cbweb-czb-web/czb/historyQuery,2026-08-09T11:34:01.034821+00:00
2019-12-23,2.55,chinabond_official,1001.CB,ChinaBond Government Bond Yield Curve,0,1.0,https://yield.chinabond.com.cn/cbweb-czb-web/czb/historyQuery,2026-08-09T11:34:01.034821+00:00
2019-12-24,2.5,chinabond_official,1001.CB,ChinaBond Government Bond Yield Curve,0,1.0,https://yield.chinabond.com.cn/cbweb-czb-web/czb/historyQuery,2026-08-09T11:34:01.034821+00:00
2019-12-25,2.48,chinabond_official,1001.CB,ChinaBond Government Bond Yield Curve,0,1.0,https://yield.chinabond.com.cn/cbweb-czb-web/czb/historyQuery,2026-08-09T11:34:01.034821+00:00
2019-12-26,2.39,chinabond_official,1001.CB,ChinaBond Government Bond Yield Curve,0,1.0,https://yield.chinabond.com.cn/cbweb-czb-web/czb/historyQuery,2026-08-09T11:34:01.034821+00:00
2019-12-27,2.38,chinabond_official,1001.CB,ChinaBond Government Bond Yield Curve,0,1.0,https://yield.chinabond.com.cn/cbweb-czb-web/czb/historyQuery,2026-08-09T11:34:01.034821+00:00
2019-12-30,2.36,chinabond_official,1001.CB,ChinaBond Government Bond Yield Curve,0,1.0,https://yield.chinabond.com.cn/cbweb-czb-web/czb/historyQuery,2026-08-09T11:34:01.034821+00:00
2019-12-31,2.36,chinabond_official,1001.CB,ChinaBond Government Bond Yield Curve,0,1.0,https://yield.chinabond.com.cn/cbweb-czb-web/czb/historyQuery,2026-08-09T11:34:01.034821+00:00
2020-01-02,2.42,chinabond_official,1001.CB,ChinaBond Government Bond Yield Curve,0,1.0,https://yield.chinabond.com.cn/cbweb-czb-web/czb/historyQuery,2026-08-09T11:34:01.034821+00:00
2020-01-03,2.44,chinabond_official,1001.CB,ChinaBond Government Bond Yield Curve,0,1.0,https://yield.chinabond.com.cn/cbweb-czb-web/czb/historyQuery,2026-08-09T11:34:01.034821+00:00
2020-01-06,2.41,chinabond_official,1001.CB,ChinaBond Government Bond Yield Curve,0,1.0,https://yield.chinabond.com.cn/cbweb-czb-web/czb/historyQuery,2026-08-09T11:34:01.034821+00:00
2020-01-07,2.43,chinabond_official,1001.CB,ChinaBond Government Bond Yield Curve,0,1.0,https://yield.chinabond.com.cn/cbweb-czb-web/czb/historyQuery,2026-08-09T11:34:01.034821+00:00
2020-01-08,2.3,chinabond_official,1001.CB,ChinaBond Government Bond Yield Curve,0,1.0,https://yield.chinabond.com.cn/cbweb-czb-web/czb/historyQuery,2026-08-09T11:34:01.034821+00:00
2020-01-09,2.3,chinabond_official,1001.CB,ChinaBond Government Bond Yield Curve,0,1.0,https://yield.chinabond.com.cn/cbweb-czb-web/czb/historyQuery,2026-08-09T11:34:01.034821+00:00
2020-01-10,2.27,chinabond_official,1001.CB,ChinaBond Government Bond Yield Curve,0,1.0,https://yield.chinabond.com.cn/cbweb-czb-web/czb/historyQuery,2026-08-09T11:34:01.034821+00:00
2020-01-13,2.28,chinabond_official,1001.CB,ChinaBond Government Bond Yield Curve,0,1.0,https://yield.chinabond.com.cn/cbweb-czb-web/czb/historyQuery,2026-08-09T11:34:01.034821+00:00
2020-01-14,2.3,chinabond_official,1001.CB,ChinaBond Government Bond Yield Curve,0,1.0,https://yield.chinabond.com.cn/cbweb-czb-web/czb/historyQuery,2026-08-09T11:34:01.034821+00:00
2020-01-15,2.29,chinabond_official,1001.CB,ChinaBond Government Bond Yield Curve,0,1.0,https://yield.chinabond.com.cn/cbweb-czb-web/czb/historyQuery,2026-08-09T11:34:01.034821+00:00
2020-01-16,2.27,chinabond_official,1001.CB,ChinaBond Government Bond Yield Curve,0,1.0,https://yield.chinabond.com.cn/cbweb-czb-web/czb/historyQuery,2026-08-09T11:34:01.034821+00:00
2020-01-17,2.26,chinabond_official,1001.CB,ChinaBond Government Bond Yield Curve,0,1.0,https://yield.chinabond.com.cn/cbweb-czb-web/czb/historyQuery,2026-08-09T11:34:01.034821+00:00
2020-01-19,2.26,chinabond_official,1001.CB,ChinaBond Government Bond Yield Curve,0,1.0,https://yield.chinabond.com.cn/cbweb-czb-web/czb/historyQuery,2026-08-09T11:34:01.034821+00:00
2020-01-20,2.2,chinabond_official,1001.CB,ChinaBond Government Bond Yield Curve,0,1.0,https://yield.chinabond.com.cn/cbweb-czb-web/czb/historyQuery,2026-08-09T11:34:01.034821+00:00
2020-01-21,2.21,chinabond_official,1001.CB,ChinaBond Government Bond Yield Curve,0,1.0,https://yield.chinabond.com.cn/cbweb-czb-web/czb/historyQuery,2026-08-09T11:34:01.034821+00:00
2020-01-22,2.18,chinabond_official,1001.CB,ChinaBond Government Bond Yield Curve,0,1.0,https://yield.chinabond.com.cn/cbweb-czb-web/czb/historyQuery,2026-08-09T11:34:01.034821+00:00
2020-01-23,2.18,chinabond_official,1001.CB,ChinaBond Government Bond Yield Curve,0,1.0,https://yield.chinabond.com.cn/cbweb-czb-web/czb/historyQuery,2026-08-09T11:34:01.034821+00:00
2020-02-03,2.09,chinabond_official,1001.CB,ChinaBond Government Bond Yield Curve,0,1.0,https://yield.chinabond.com.cn/cbweb-czb-web/czb/historyQuery,2026-08-09T11:34:01.034821+00:00
2020-02-04,2.1,chinabond_official,1001.CB,ChinaBond Government Bond Yield Curve,0,1.0,https://yield.chinabond.com.cn/cbweb-czb-web/czb/historyQuery,2026-08-09T11:34:01.034821+00:00
2020-02-05,2.08,chinabond_official,1001.CB,ChinaBond Government Bond Yield Curve,0,1.0,https://yield.chinabond.com.cn/cbweb-czb-web/czb/historyQuery,2026-08-09T11:34:01.034821+00:00
2020-02-06,2.06,chinabond_official,1001.CB,ChinaBond Government Bond Yield Curve,0,1.0,https://yield.chinabond.com.cn/cbweb-czb-web/czb/historyQuery,2026-08-09T11:34:01.034821+00:00
2020-02-07,2.05,chinabond_official,1001.CB,ChinaBond Government Bond Yield Curve,0,1.0,https://yield.chinabond.com.cn/cbweb-czb-web/czb/historyQuery,2026-08-09T11:34:01.034821+00:00
2020-02-10,2.0,chinabond_official,1001.CB,ChinaBond Government Bond Yield Curve,0,1.0,https://yield.chinabond.com.cn/cbweb-czb-web/czb/historyQuery,2026-08-09T11:34:01.034821+00:00
2020-02-11,1.99,chinabond_official,1001.CB,ChinaBond Government Bond Yield Curve,0,1.0,https://yield.chinabond.com.cn/cbweb-czb-web/czb/historyQuery,2026-08-09T11:34:01.034821+00:00
2020-02-12,1.99,chinabond_official,1001.CB,ChinaBond Government Bond Yield Curve,0,1.0,https://yield.chinabond.com.cn/cbweb-czb-web/czb/historyQuery,2026-08-09T11:34:01.034821+00:00
2020-02-13,1.98,chinabond_official,1001.CB,ChinaBond Government Bond Yield Curve,0,1.0,https://yield.chinabond.com.cn/cbweb-czb-web/czb/historyQuery,2026-08-09T11:34:01.034821+00:00
2020-02-14,1.96,chinabond_official,1001.CB,ChinaBond Government Bond Yield Curve,0,1.0,https://yield.chinabond.com.cn/cbweb-czb-web/czb/historyQuery,2026-08-09T11:34:01.034821+00:00
2020-02-17,1.94,chinabond_official,1001.CB,ChinaBond Government Bond Yield Curve,0,1.0,https://yield.chinabond.com.cn/cbweb-czb-web/czb/historyQuery,2026-08-09T11:34:01.034821+00:00
2020-02-18,1.94,chinabond_official,1001.CB,ChinaBond Government Bond Yield Curve,0,1.0,https://yield.chinabond.com.cn/cbweb-czb-web/czb/historyQuery,2026-08-09T11:34:01.034821+00:00
2020-02-19,1.94,chinabond_official,1001.CB,ChinaBond Government Bond Yield Curve,0,1.0,https://yield.chinabond.com.cn/cbweb-czb-web/czb/historyQuery,2026-08-09T11:34:01.034821+00:00
2020-02-20,1.95,chinabond_official,1001.CB,ChinaBond Government Bond Yield Curve,0,1.0,https://yield.chinabond.com.cn/cbweb-czb-web/czb/historyQuery,2026-08-09T11:34:01.034821+00:00
2020-02-21,1.93,chinabond_official,1001.CB,ChinaBond Government Bond Yield Curve,0,1.0,https://yield.chinabond.com.cn/cbweb-czb-web/czb/historyQuery,2026-08-09T11:34:01.034821+00:00
2020-02-24,1.89,chinabond_official,1001.CB,ChinaBond Government Bond Yield Curve,0,1.0,https://yield.chinabond.com.cn/cbweb-czb-web/czb/historyQuery,2026-08-09T11:34:01.034821+00:00
2020-02-25,1.9,chinabond_official,1001.CB,ChinaBond Government Bond Yield Curve,0,1.0,https://yield.chinabond.com.cn/cbweb-czb-web/czb/historyQuery,2026-08-09T11:34:01.034821+00:00
2020-02-26,1.89,chinabond_official,1001.CB,ChinaBond Government Bond Yield Curve,0,1.0,https://yield.chinabond.com.cn/cbweb-czb-web/czb/historyQuery,2026-08-09T11:34:01.034821+00:00
2020-02-27,1.91,chinabond_official,1001.CB,ChinaBond Government Bond Yield Curve,0,1.0,https://yield.chinabond.com.cn/cbweb-czb-web/czb/historyQuery,2026-08-09T11:34:01.034821+00:00
2020-02-28,1.93,chinabond_official,1001.CB,ChinaBond Government Bond Yield Curve,0,1.0,https://yield.chinabond.com.cn/cbweb-czb-web/czb/historyQuery,2026-08-09T11:34:01.034821+00:00
2020-03-02,1.93,chinabond_official,1001.CB,ChinaBond Government Bond Yield Curve,0,1.0,https://yield.chinabond.com.cn/cbweb-czb-web/czb/historyQuery,2026-08-09T11:34:01.034821+00:00
2020-03-03,1.96,chinabond_official,1001.CB,ChinaBond Government Bond Yield Curve,0,1.0,https://yield.chinabond.com.cn/cbweb-czb-web/czb/historyQuery,2026-08-09T11:34:01.034821+00:00
2020-03-04,1.94,chinabond_official,1001.CB,ChinaBond Government Bond Yield Curve,0,1.0,https://yield.chinabond.com.cn/cbweb-czb-web/czb/historyQuery,2026-08-09T11:34:01.034821+00:00
2020-03-05,1.94,chinabond_official,1001.CB,ChinaBond Government Bond Yield Curve,0,1.0,https://yield.chinabond.com.cn/cbweb-czb-web/czb/historyQuery,2026-08-09T11:34:01.034821+00:00
2020-03-06,1.91,chinabond_official,1001.CB,ChinaBond Government Bond Yield Curve,0,1.0,https://yield.chinabond.com.cn/cbweb-czb-web/czb/historyQuery,2026-08-09T11:34:01.034821+00:00
2020-03-09,1.88,chinabond_official,1001.CB,ChinaBond Government Bond Yield Curve,0,1.0,https://yield.chinabond.com.cn/cbweb-czb-web/czb/historyQuery,2026-08-09T11:34:01.034821+00:00
2020-03-10,1.91,chinabond_official,1001.CB,ChinaBond Government Bond Yield Curve,0,1.0,https://yield.chinabond.com.cn/cbweb-czb-web/czb/historyQuery,2026-08-09T11:34:01.034821+00:00
2020-03-11,1.92,chinabond_official,1001.CB,ChinaBond Government Bond Yield Curve,0,1.0,https://yield.chinabond.com.cn/cbweb-czb-web/czb/historyQuery,2026-08-09T11:34:01.034821+00:00
2020-03-12,1.92,chinabond_official,1001.CB,ChinaBond Government Bond Yield Curve,0,1.0,https://yield.chinabond.com.cn/cbweb-czb-web/czb/historyQuery,2026-08-09T11:34:01.034821+00:00
2020-03-13,1.92,chinabond_official,1001.CB,ChinaBond Government Bond Yield Curve,0,1.0,https://yield.chinabond.com.cn/cbweb-czb-web/czb/historyQuery,2026-08-09T11:34:01.034821+00:00
2020-03-16,1.9,chinabond_official,1001.CB,ChinaBond Government Bond Yield Curve,0,1.0,https://yield.chinabond.com.cn/cbweb-czb-web/czb/historyQuery,2026-08-09T11:34:01.034821+00:00
2020-03-17,1.9,chinabond_official,1001.CB,ChinaBond Government Bond Yield Curve,0,1.0,https://yield.chinabond.com.cn/cbweb-czb-web/czb/historyQuery,2026-08-09T11:34:01.034821+00:00
2020-03-18,1.92,chinabond_official,1001.CB,ChinaBond Government Bond Yield Curve,0,1.0,https://yield.chinabond.com.cn/cbweb-czb-web/czb/historyQuery,2026-08-09T11:34:01.034821+00:00
2020-03-19,1.89,chinabond_official,1001.CB,ChinaBond Government Bond Yield Curve,0,1.0,https://yield.chinabond.com.cn/cbweb-czb-web/czb/historyQuery,2026-08-09T11:34:01.034821+00:00
2020-03-20,1.87,chinabond_official,1001.CB,ChinaBond Government Bond Yield Curve,0,1.0,https://yield.chinabond.com.cn/cbweb-czb-web/czb/historyQuery,2026-08-09T11:34:01.034821+00:00
2020-03-23,1.85,chinabond_official,1001.CB,ChinaBond Government Bond Yield Curve,0,1.0,https://yield.chinabond.com.cn/cbweb-czb-web/czb/historyQuery,2026-08-09T11:34:01.034821+00:00
2020-03-24,1.81,chinabond_official,1001.CB,ChinaBond Government Bond Yield Curve,0,1.0,https://yield.chinabond.com.cn/cbweb-czb-web/czb/historyQuery,2026-08-09T11:34:01.034821+00:00
2020-03-25,1.77,chinabond_official,1001.CB,ChinaBond Government Bond Yield Curve,0,1.0,https://yield.chinabond.com.cn/cbweb-czb-web/czb/historyQuery,2026-08-09T11:34:01.034821+00:00
2020-03-26,1.72,chinabond_official,1001.CB,ChinaBond Government Bond Yield Curve,0,1.0,https://yield.chinabond.com.cn/cbweb-czb-web/czb/historyQuery,2026-08-09T11:34:01.034821+00:00
2020-03-27,1.74,chinabond_official,1001.CB,ChinaBond Government Bond Yield Curve,0,1.0,https://yield.chinabond.com.cn/cbweb-czb-web/czb/historyQuery,2026-08-09T11:34:01.034821+00:00
2020-03-30,1.74,chinabond_official,1001.CB,ChinaBond Government Bond Yield Curve,0,1.0,https://yield.chinabond.com.cn/cbweb-czb-web/czb/historyQuery,2026-08-09T11:34:01.034821+00:00
2020-03-31,1.69,chinabond_official,1001.CB,ChinaBond Government Bond Yield Curve,0,1.0,https://yield.chinabond.com.cn/cbweb-czb-web/czb/historyQuery,2026-08-09T11:34:01.034821+00:00
2020-04-01,1.68,chinabond_official,1001.CB,ChinaBond Government Bond Yield Curve,0,1.0,https://yield.chinabond.com.cn/cbweb-czb-web/czb/historyQuery,2026-08-09T11:34:01.034821+00:00
2020-04-02,1.65,chinabond_official,1001.CB,ChinaBond Government Bond Yield Curve,0,1.0,https://yield.chinabond.com.cn/cbweb-czb-web/czb/historyQuery,2026-08-09T11:34:01.034821+00:00
2020-04-03,1.65,chinabond_official,1001.CB,ChinaBond Government Bond Yield Curve,0,1.0,https://yield.chinabond.com.cn/cbweb-czb-web/czb/historyQuery,2026-08-09T11:34:01.034821+00:00
2020-04-07,1.34,chinabond_official,1001.CB,ChinaBond Government Bond Yield Curve,0,1.0,https://yield.chinabond.com.cn/cbweb-czb-web/czb/historyQuery,2026-08-09T11:34:01.034821+00:00
2020-04-08,1.2,chinabond_official,1001.CB,ChinaBond Government Bond Yield Curve,0,1.0,https://yield.chinabond.com.cn/cbweb-czb-web/czb/historyQuery,2026-08-09T11:34:01.034821+00:00
2020-04-09,1.2,chinabond_official,1001.CB,ChinaBond Government Bond Yield Curve,0,1.0,https://yield.chinabond.com.cn/cbweb-czb-web/czb/historyQuery,2026-08-09T11:34:01.034821+00:00
2020-04-10,1.24,chinabond_official,1001.CB,ChinaBond Government Bond Yield Curve,0,1.0,https://yield.chinabond.com.cn/cbweb-czb-web/czb/historyQuery,2026-08-09T11:34:01.034821+00:00
2020-04-13,1.26,chinabond_official,1001.CB,ChinaBond Government Bond Yield Curve,0,1.0,https://yield.chinabond.com.cn/cbweb-czb-web/czb/historyQuery,2026-08-09T11:34:01.034821+00:00
2020-04-14,1.23,chinabond_official,1001.CB,ChinaBond Government Bond Yield Curve,0,1.0,https://yield.chinabond.com.cn/cbweb-czb-web/czb/historyQuery,2026-08-09T11:34:01.034821+00:00
2020-04-15,1.23,chinabond_official,1001.CB,ChinaBond Government Bond Yield Curve,0,1.0,https://yield.chinabond.com.cn/cbweb-czb-web/czb/historyQuery,2026-08-09T11:34:01.034821+00:00
2020-04-16,1.21,chinabond_official,1001.CB,ChinaBond Government Bond Yield Curve,0,1.0,https://yield.chinabond.com.cn/cbweb-czb-web/czb/historyQuery,2026-08-09T11:34:01.034821+00:00
2020-04-17,1.23,chinabond_official,1001.CB,ChinaBond Government Bond Yield Curve,0,1.0,https://yield.chinabond.com.cn/cbweb-czb-web/czb/historyQuery,2026-08-09T11:34:01.034821+00:00
2020-04-20,1.2,chinabond_official,1001.CB,ChinaBond Government Bond Yield Curve,0,1.0,https://yield.chinabond.com.cn/cbweb-czb-web/czb/historyQuery,2026-08-09T11:34:01.034821+00:00
2020-04-21,1.18,chinabond_official,1001.CB,ChinaBond Government Bond Yield Curve,0,1.0,https://yield.chinabond.com.cn/cbweb-czb-web/czb/historyQuery,2026-08-09T11:34:01.034821+00:00
2020-04-22,1.14,chinabond_official,1001.CB,ChinaBond Government Bond Yield Curve,0,1.0,https://yield.chinabond.com.cn/cbweb-czb-web/czb/historyQuery,2026-08-09T11:34:01.034821+00:00
2020-04-23,1.12,chinabond_official,1001.CB,ChinaBond Government Bond Yield Curve,0,1.0,https://yield.chinabond.com.cn/cbweb-czb-web/czb/historyQuery,2026-08-09T11:34:01.034821+00:00
2020-04-24,1.13,chinabond_official,1001.CB,ChinaBond Government Bond Yield Curve,0,1.0,https://yield.chinabond.com.cn/cbweb-czb-web/czb/historyQuery,2026-08-09T11:34:01.034821+00:00
2020-04-26,1.13,chinabond_official,1001.CB,ChinaBond Government Bond Yield Curve,0,1.0,https://yield.chinabond.com.cn/cbweb-czb-web/czb/historyQuery,2026-08-09T11:34:01.034821+00:00
2020-04-27,1.13,chinabond_official,1001.CB,ChinaBond Government Bond Yield Curve,0,1.0,https://yield.chinabond.com.cn/cbweb-czb-web/czb/historyQuery,2026-08-09T11:34:01.034821+00:00
2020-04-28,1.13,chinabond_official,1001.CB,ChinaBond Government Bond Yield Curve,0,1.0,https://yield.chinabond.com.cn/cbweb-czb-web/czb/historyQuery,2026-08-09T11:34:01.034821+00:00
2020-04-29,1.12,chinabond_official,1001.CB,ChinaBond Government Bond Yield Curve,0,1.0,https://yield.chinabond.com.cn/cbweb-czb-web/czb/historyQuery,2026-08-09T11:34:01.034821+00:00
2020-04-30,1.15,chinabond_official,1001.CB,ChinaBond Government Bond Yield Curve,0,1.0,https://yield.chinabond.com.cn/cbweb-czb-web/czb/historyQuery,2026-08-09T11:34:01.034821+00:00
2020-05-06,1.16,chinabond_official,1001.CB,ChinaBond Government Bond Yield Curve,0,1.0,https://yield.chinabond.com.cn/cbweb-czb-web/czb/historyQuery,2026-08-09T11:34:01.034821+00:00
2020-05-07,1.19,chinabond_official,1001.CB,ChinaBond Government Bond Yield Curve,0,1.0,https://yield.chinabond.com.cn/cbweb-czb-web/czb/historyQuery,2026-08-09T11:34:01.034821+00:00
2020-05-08,1.21,chinabond_official,1001.CB,ChinaBond Government Bond Yield Curve,0,1.0,https://yield.chinabond.com.cn/cbweb-czb-web/czb/historyQuery,2026-08-09T11:34:01.034821+00:00
2020-05-09,1.21,chinabond_official,1001.CB,ChinaBond Government Bond Yield Curve,0,1.0,https://yield.chinabond.com.cn/cbweb-czb-web/czb/historyQuery,2026-08-09T11:34:01.034821+00:00
2020-05-11,1.22,chinabond_official,1001.CB,ChinaBond Government Bond Yield Curve,0,1.0,https://yield.chinabond.com.cn/cbweb-czb-web/czb/historyQuery,2026-08-09T11:34:01.034821+00:00
2020-05-12,1.22,chinabond_official,1001.CB,ChinaBond Government Bond Yield Curve,0,1.0,https://yield.chinabond.com.cn/cbweb-czb-web/czb/historyQuery,2026-08-09T11:34:01.034821+00:00
2020-05-13,1.24,chinabond_official,1001.CB,ChinaBond Government Bond Yield Curve,0,1.0,https://yield.chinabond.com.cn/cbweb-czb-web/czb/historyQuery,2026-08-09T11:34:01.034821+00:00
2020-05-14,1.23,chinabond_official,1001.CB,ChinaBond Government Bond Yield Curve,0,1.0,https://yield.chinabond.com.cn/cbweb-czb-web/czb/historyQuery,2026-08-09T11:34:01.034821+00:00
2020-05-15,1.22,chinabond_official,1001.CB,ChinaBond Government Bond Yield Curve,0,1.0,https://yield.chinabond.com.cn/cbweb-czb-web/czb/historyQuery,2026-08-09T11:34:01.034821+00:00
2020-05-18,1.26,chinabond_official,1001.CB,ChinaBond Government Bond Yield Curve,0,1.0,https://yield.chinabond.com.cn/cbweb-czb-web/czb/historyQuery,2026-08-09T11:34:01.034821+00:00
2020-05-19,1.28,chinabond_official,1001.CB,ChinaBond Government Bond Yield Curve,0,1.0,https://yield.chinabond.com.cn/cbweb-czb-web/czb/historyQuery,2026-08-09T11:34:01.034821+00:00
2020-05-20,1.31,chinabond_official,1001.CB,ChinaBond Government Bond Yield Curve,0,1.0,https://yield.chinabond.com.cn/cbweb-czb-web/czb/historyQuery,2026-08-09T11:34:01.034821+00:00
2020-05-21,1.33,chinabond_official,1001.CB,ChinaBond Government Bond Yield Curve,0,1.0,https://yield.chinabond.com.cn/cbweb-czb-web/czb/historyQuery,2026-08-09T11:34:01.034821+00:00
2020-05-22,1.39,chinabond_official,1001.CB,ChinaBond Government Bond Yield Curve,0,1.0,https://yield.chinabond.com.cn/cbweb-czb-web/czb/historyQuery,2026-08-09T11:34:01.034821+00:00
2020-05-25,1.46,chinabond_official,1001.CB,ChinaBond Government Bond Yield Curve,0,1.0,https://yield.chinabond.com.cn/cbweb-czb-web/czb/historyQuery,2026-08-09T11:34:01.034821+00:00
2020-05-26,1.53,chinabond_official,1001.CB,ChinaBond Government Bond Yield Curve,0,1.0,https://yield.chinabond.com.cn/cbweb-czb-web/czb/historyQuery,2026-08-09T11:34:01.034821+00:00
2020-05-27,1.59,chinabond_official,1001.CB,ChinaBond Government Bond Yield Curve,0,1.0,https://yield.chinabond.com.cn/cbweb-czb-web/czb/historyQuery,2026-08-09T11:34:01.034821+00:00
2020-05-28,1.6,chinabond_official,1001.CB,ChinaBond Government Bond Yield Curve,0,1.0,https://yield.chinabond.com.cn/cbweb-czb-web/czb/historyQuery,2026-08-09T11:34:01.034821+00:00
2020-05-29,1.6,chinabond_official,1001.CB,ChinaBond Government Bond Yield Curve,0,1.0,https://yield.chinabond.com.cn/cbweb-czb-web/czb/historyQuery,2026-08-09T11:34:01.034821+00:00
2020-06-01,1.59,chinabond_official,1001.CB,ChinaBond Government Bond Yield Curve,0,1.0,https://yield.chinabond.com.cn/cbweb-czb-web/czb/historyQuery,2026-08-09T11:34:01.034821+00:00
2020-06-02,1.7,chinabond_official,1001.CB,ChinaBond Government Bond Yield Curve,0,1.0,https://yield.chinabond.com.cn/cbweb-czb-web/czb/historyQuery,2026-08-09T11:34:01.034821+00:00
2020-06-03,1.82,chinabond_official,1001.CB,ChinaBond Government Bond Yield Curve,0,1.0,https://yield.chinabond.com.cn/cbweb-czb-web/czb/historyQuery,2026-08-09T11:34:01.034821+00:00
2020-06-04,1.92,chinabond_official,1001.CB,ChinaBond Government Bond Yield Curve,0,1.0,https://yield.chinabond.com.cn/cbweb-czb-web/czb/historyQuery,2026-08-09T11:34:01.034821+00:00
2020-06-05,2.08,chinabond_official,1001.CB,ChinaBond Government Bond Yield Curve,0,1.0,https://yield.chinabond.com.cn/cbweb-czb-web/czb/historyQuery,2026-08-09T11:34:01.034821+00:00
2020-06-08,2.08,chinabond_official,1001.CB,ChinaBond Government Bond Yield Curve,0,1.0,https://yield.chinabond.com.cn/cbweb-czb-web/czb/historyQuery,2026-08-09T11:34:01.034821+00:00
2020-06-09,2.05,chinabond_official,1001.CB,ChinaBond Government Bond Yield Curve,0,1.0,https://yield.chinabond.com.cn/cbweb-czb-web/czb/historyQuery,2026-08-09T11:34:01.034821+00:00
2020-06-10,2.07,chinabond_official,1001.CB,ChinaBond Government Bond Yield Curve,0,1.0,https://yield.chinabond.com.cn/cbweb-czb-web/czb/historyQuery,2026-08-09T11:34:01.034821+00:00
2020-06-11,2.07,chinabond_official,1001.CB,ChinaBond Government Bond Yield Curve,0,1.0,https://yield.chinabond.com.cn/cbweb-czb-web/czb/historyQuery,2026-08-09T11:34:01.034821+00:00
2020-06-12,2.05,chinabond_official,1001.CB,ChinaBond Government Bond Yield Curve,0,1.0,https://yield.chinabond.com.cn/cbweb-czb-web/czb/historyQuery,2026-08-09T11:34:01.034821+00:00
2020-06-15,2.04,chinabond_official,1001.CB,ChinaBond Government Bond Yield Curve,0,1.0,https://yield.chinabond.com.cn/cbweb-czb-web/czb/historyQuery,2026-08-09T11:34:01.034821+00:00
2020-06-16,2.08,chinabond_official,1001.CB,ChinaBond Government Bond Yield Curve,0,1.0,https://yield.chinabond.com.cn/cbweb-czb-web/czb/historyQuery,2026-08-09T11:34:01.034821+00:00
2020-06-17,2.11,chinabond_official,1001.CB,ChinaBond Government Bond Yield Curve,0,1.0,https://yield.chinabond.com.cn/cbweb-czb-web/czb/historyQuery,2026-08-09T11:34:01.034821+00:00
2020-06-18,2.12,chinabond_official,1001.CB,ChinaBond Government Bond Yield Curve,0,1.0,https://yield.chinabond.com.cn/cbweb-czb-web/czb/historyQuery,2026-08-09T11:34:01.034821+00:00
2020-06-19,2.12,chinabond_official,1001.CB,ChinaBond Government Bond Yield Curve,0,1.0,https://yield.chinabond.com.cn/cbweb-czb-web/czb/historyQuery,2026-08-09T11:34:01.034821+00:00
2020-06-22,2.15,chinabond_official,1001.CB,ChinaBond Government Bond Yield Curve,0,1.0,https://yield.chinabond.com.cn/cbweb-czb-web/czb/historyQuery,2026-08-09T11:34:01.034821+00:00
2020-06-23,2.22,chinabond_official,1001.CB,ChinaBond Government Bond Yield Curve,0,1.0,https://yield.chinabond.com.cn/cbweb-czb-web/czb/historyQuery,2026-08-09T11:34:01.034821+00:00
2020-06-24,2.15,chinabond_official,1001.CB,ChinaBond Government Bond Yield Curve,0,1.0,https://yield.chinabond.com.cn/cbweb-czb-web/czb/historyQuery,2026-08-09T11:34:01.034821+00:00
2020-06-28,2.13,chinabond_official,1001.CB,ChinaBond Government Bond Yield Curve,0,1.0,https://yield.chinabond.com.cn/cbweb-czb-web/czb/historyQuery,2026-08-09T11:34:01.034821+00:00
2020-06-29,2.11,chinabond_official,1001.CB,ChinaBond Government Bond Yield Curve,0,1.0,https://yield.chinabond.com.cn/cbweb-czb-web/czb/historyQuery,2026-08-09T11:34:01.034821+00:00
2020-06-30,2.18,chinabond_official,1001.CB,ChinaBond Government Bond Yield Curve,0,1.0,https://yield.chinabond.com.cn/cbweb-czb-web/czb/historyQuery,2026-08-09T11:34:01.034821+00:00
2020-07-01,2.13,chinabond_official,1001.CB,ChinaBond Government Bond Yield Curve,0,1.0,https://yield.chinabond.com.cn/cbweb-czb-web/czb/historyQuery,2026-08-09T11:34:01.034821+00:00
2020-07-02,2.1,chinabond_official,1001.CB,ChinaBond Government Bond Yield Curve,0,1.0,https://yield.chinabond.com.cn/cbweb-czb-web/czb/historyQuery,2026-08-09T11:34:01.034821+00:00
2020-07-03,2.1,chinabond_official,1001.CB,ChinaBond Government Bond Yield Curve,0,1.0,https://yield.chinabond.com.cn/cbweb-czb-web/czb/historyQuery,2026-08-09T11:34:01.034821+00:00
2020-07-06,2.13,chinabond_official,1001.CB,ChinaBond Government Bond Yield Curve,0,1.0,https://yield.chinabond.com.cn/cbweb-czb-web/czb/historyQuery,2026-08-09T11:34:01.034821+00:00
2020-07-07,2.15,chinabond_official,1001.CB,ChinaBond Government Bond Yield Curve,0,1.0,https://yield.chinabond.com.cn/cbweb-czb-web/czb/historyQuery,2026-08-09T11:34:01.034821+00:00
2020-07-08,2.16,chinabond_official,1001.CB,ChinaBond Government Bond Yield Curve,0,1.0,https://yield.chinabond.com.cn/cbweb-czb-web/czb/historyQuery,2026-08-09T11:34:01.034821+00:00
2020-07-09,2.23,chinabond_official,1001.CB,ChinaBond Government Bond Yield Curve,0,1.0,https://yield.chinabond.com.cn/cbweb-czb-web/czb/historyQuery,2026-08-09T11:34:01.034821+00:00
2020-07-10,2.22,chinabond_official,1001.CB,ChinaBond Government Bond Yield Curve,0,1.0,https://yield.chinabond.com.cn/cbweb-czb-web/czb/historyQuery,2026-08-09T11:34:01.034821+00:00
2020-07-13,2.21,chinabond_official,1001.CB,ChinaBond Government Bond Yield Curve,0,1.0,https://yield.chinabond.com.cn/cbweb-czb-web/czb/historyQuery,2026-08-09T11:34:01.034821+00:00
2020-07-14,2.2,chinabond_official,1001.CB,ChinaBond Government Bond Yield Curve,0,1.0,https://yield.chinabond.com.cn/cbweb-czb-web/czb/historyQuery,2026-08-09T11:34:01.034821+00:00
2020-07-15,2.2,chinabond_official,1001.CB,ChinaBond Government Bond Yield Curve,0,1.0,https://yield.chinabond.com.cn/cbweb-czb-web/czb/historyQuery,2026-08-09T11:34:01.034821+00:00
2020-07-16,2.15,chinabond_official,1001.CB,ChinaBond Government Bond Yield Curve,0,1.0,https://yield.chinabond.com.cn/cbweb-czb-web/czb/historyQuery,2026-08-09T11:34:01.034821+00:00
2020-07-17,2.23,chinabond_official,1001.CB,ChinaBond Government Bond Yield Curve,0,1.0,https://yield.chinabond.com.cn/cbweb-czb-web/czb/historyQuery,2026-08-09T11:34:01.034821+00:00
2020-07-20,2.25,chinabond_official,1001.CB,ChinaBond Government Bond Yield Curve,0,1.0,https://yield.chinabond.com.cn/cbweb-czb-web/czb/historyQuery,2026-08-09T11:34:01.034821+00:00
2020-07-21,2.25,chinabond_official,1001.CB,ChinaBond Government Bond Yield Curve,0,1.0,https://yield.chinabond.com.cn/cbweb-czb-web/czb/historyQuery,2026-08-09T11:34:01.034821+00:00
2020-07-22,2.26,chinabond_official,1001.CB,ChinaBond Government Bond Yield Curve,0,1.0,https://yield.chinabond.com.cn/cbweb-czb-web/czb/historyQuery,2026-08-09T11:34:01.034821+00:00
2020-07-23,2.25,chinabond_official,1001.CB,ChinaBond Government Bond Yield Curve,0,1.0,https://yield.chinabond.com.cn/cbweb-czb-web/czb/historyQuery,2026-08-09T11:34:01.034821+00:00
2020-07-24,2.24,chinabond_official,1001.CB,ChinaBond Government Bond Yield Curve,0,1.0,https://yield.chinabond.com.cn/cbweb-czb-web/czb/historyQuery,2026-08-09T11:34:01.034821+00:00
2020-07-27,2.25,chinabond_official,1001.CB,ChinaBond Government Bond Yield Curve,0,1.0,https://yield.chinabond.com.cn/cbweb-czb-web/czb/historyQuery,2026-08-09T11:34:01.034821+00:00
2020-07-28,2.26,chinabond_official,1001.CB,ChinaBond Government Bond Yield Curve,0,1.0,https://yield.chinabond.com.cn/cbweb-czb-web/czb/historyQuery,2026-08-09T11:34:01.034821+00:00
2020-07-29,2.25,chinabond_official,1001.CB,ChinaBond Government Bond Yield Curve,0,1.0,https://yield.chinabond.com.cn/cbweb-czb-web/czb/historyQuery,2026-08-09T11:34:01.034821+00:00
2020-07-30,2.25,chinabond_official,1001.CB,ChinaBond Government Bond Yield Curve,0,1.0,https://yield.chinabond.com.cn/cbweb-czb-web/czb/historyQuery,2026-08-09T11:34:01.034821+00:00
2020-07-31,2.24,chinabond_official,1001.CB,ChinaBond Government Bond Yield Curve,0,1.0,https://yield.chinabond.com.cn/cbweb-czb-web/czb/historyQuery,2026-08-09T11:34:01.034821+00:00
2020-08-03,2.16,chinabond_official,1001.CB,ChinaBond Government Bond Yield Curve,0,1.0,https://yield.chinabond.com.cn/cbweb-czb-web/czb/historyQuery,2026-08-09T11:34:01.034821+00:00
2020-08-04,2.17,chinabond_official,1001.CB,ChinaBond Government Bond Yield Curve,0,1.0,https://yield.chinabond.com.cn/cbweb-czb-web/czb/historyQuery,2026-08-09T11:34:01.034821+00:00
2020-08-05,2.23,chinabond_official,1001.CB,ChinaBond Government Bond Yield Curve,0,1.0,https://yield.chinabond.com.cn/cbweb-czb-web/czb/historyQuery,2026-08-09T11:34:01.034821+00:00
2020-08-06,2.24,chinabond_official,1001.CB,ChinaBond Government Bond Yield Curve,0,1.0,https://yield.chinabond.com.cn/cbweb-czb-web/czb/historyQuery,2026-08-09T11:34:01.034821+00:00
2020-08-07,2.22,chinabond_official,1001.CB,ChinaBond Government Bond Yield Curve,0,1.0,https://yield.chinabond.com.cn/cbweb-czb-web/czb/historyQuery,2026-08-09T11:34:01.034821+00:00
2020-08-10,2.2,chinabond_official,1001.CB,ChinaBond Government Bond Yield Curve,0,1.0,https://yield.chinabond.com.cn/cbweb-czb-web/czb/historyQuery,2026-08-09T11:34:01.034821+00:00
2020-08-11,2.22,chinabond_official,1001.CB,ChinaBond Government Bond Yield Curve,0,1.0,https://yield.chinabond.com.cn/cbweb-czb-web/czb/historyQuery,2026-08-09T11:34:01.034821+00:00
2020-08-12,2.24,chinabond_official,1001.CB,ChinaBond Government Bond Yield Curve,0,1.0,https://yield.chinabond.com.cn/cbweb-czb-web/czb/historyQuery,2026-08-09T11:34:01.034821+00:00
2020-08-13,2.25,chinabond_official,1001.CB,ChinaBond Government Bond Yield Curve,0,1.0,https://yield.chinabond.com.cn/cbweb-czb-web/czb/historyQuery,2026-08-09T11:34:01.034821+00:00
2020-08-14,2.27,chinabond_official,1001.CB,ChinaBond Government Bond Yield Curve,0,1.0,https://yield.chinabond.com.cn/cbweb-czb-web/czb/historyQuery,2026-08-09T11:34:01.034821+00:00
2020-08-17,2.27,chinabond_official,1001.CB,ChinaBond Government Bond Yield Curve,0,1.0,https://yield.chinabond.com.cn/cbweb-czb-web/czb/historyQuery,2026-08-09T11:34:01.034821+00:00
2020-08-18,2.28,chinabond_official,1001.CB,ChinaBond Government Bond Yield Curve,0,1.0,https://yield.chinabond.com.cn/cbweb-czb-web/czb/historyQuery,2026-08-09T11:34:01.034821+00:00
2020-08-19,2.44,chinabond_official,1001.CB,ChinaBond Government Bond Yield Curve,0,1.0,https://yield.chinabond.com.cn/cbweb-czb-web/czb/historyQuery,2026-08-09T11:34:01.034821+00:00
2020-08-20,2.42,chinabond_official,1001.CB,ChinaBond Government Bond Yield Curve,0,1.0,https://yield.chinabond.com.cn/cbweb-czb-web/czb/historyQuery,2026-08-09T11:34:01.034821+00:00
2020-08-21,2.43,chinabond_official,1001.CB,ChinaBond Government Bond Yield Curve,0,1.0,https://yield.chinabond.com.cn/cbweb-czb-web/czb/historyQuery,2026-08-09T11:34:01.034821+00:00
2020-08-24,2.44,chinabond_official,1001.CB,ChinaBond Government Bond Yield Curve,0,1.0,https://yield.chinabond.com.cn/cbweb-czb-web/czb/historyQuery,2026-08-09T11:34:01.034821+00:00
2020-08-25,2.47,chinabond_official,1001.CB,ChinaBond Government Bond Yield Curve,0,1.0,https://yield.chinabond.com.cn/cbweb-czb-web/czb/historyQuery,2026-08-09T11:34:01.034821+00:00
2020-08-26,2.49,chinabond_official,1001.CB,ChinaBond Government Bond Yield Curve,0,1.0,https://yield.chinabond.com.cn/cbweb-czb-web/czb/historyQuery,2026-08-09T11:34:01.034821+00:00
2020-08-27,2.5,chinabond_official,1001.CB,ChinaBond Government Bond Yield Curve,0,1.0,https://yield.chinabond.com.cn/cbweb-czb-web/czb/historyQuery,2026-08-09T11:34:01.034821+00:00
2020-08-28,2.49,chinabond_official,1001.CB,ChinaBond Government Bond Yield Curve,0,1.0,https://yield.chinabond.com.cn/cbweb-czb-web/czb/historyQuery,2026-08-09T11:34:01.034821+00:00
2020-08-31,2.51,chinabond_official,1001.CB,ChinaBond Government Bond Yield Curve,0,1.0,https://yield.chinabond.com.cn/cbweb-czb-web/czb/historyQuery,2026-08-09T11:34:01.034821+00:00
2020-09-01,2.52,chinabond_official,1001.CB,ChinaBond Government Bond Yield Curve,0,1.0,https://yield.chinabond.com.cn/cbweb-czb-web/czb/historyQuery,2026-08-09T11:34:01.034821+00:00
2020-09-02,2.56,chinabond_official,1001.CB,ChinaBond Government Bond Yield Curve,0,1.0,https://yield.chinabond.com.cn/cbweb-czb-web/czb/historyQuery,2026-08-09T11:34:01.034821+00:00
2020-09-03,2.57,chinabond_official,1001.CB,ChinaBond Government Bond Yield Curve,0,1.0,https://yield.chinabond.com.cn/cbweb-czb-web/czb/historyQuery,2026-08-09T11:34:01.034821+00:00
2020-09-04,2.59,chinabond_official,1001.CB,ChinaBond Government Bond Yield Curve,0,1.0,https://yield.chinabond.com.cn/cbweb-czb-web/czb/historyQuery,2026-08-09T11:34:01.034821+00:00
2020-09-07,2.62,chinabond_official,1001.CB,ChinaBond Government Bond Yield Curve,0,1.0,https://yield.chinabond.com.cn/cbweb-czb-web/czb/historyQuery,2026-08-09T11:34:01.034821+00:00
2020-09-08,2.6,chinabond_official,1001.CB,ChinaBond Government Bond Yield Curve,0,1.0,https://yield.chinabond.com.cn/cbweb-czb-web/czb/historyQuery,2026-08-09T11:34:01.034821+00:00
2020-09-09,2.6,chinabond_official,1001.CB,ChinaBond Government Bond Yield Curve,0,1.0,https://yield.chinabond.com.cn/cbweb-czb-web/czb/historyQuery,2026-08-09T11:34:01.034821+00:00
2020-09-10,2.57,chinabond_official,1001.CB,ChinaBond Government Bond Yield Curve,0,1.0,https://yield.chinabond.com.cn/cbweb-czb-web/czb/historyQuery,2026-08-09T11:34:01.034821+00:00
2020-09-11,2.6,chinabond_official,1001.CB,ChinaBond Government Bond Yield Curve,0,1.0,https://yield.chinabond.com.cn/cbweb-czb-web/czb/historyQuery,2026-08-09T11:34:01.034821+00:00
2020-09-14,2.61,chinabond_official,1001.CB,ChinaBond Government Bond Yield Curve,0,1.0,https://yield.chinabond.com.cn/cbweb-czb-web/czb/historyQuery,2026-08-09T11:34:01.034821+00:00
2020-09-15,2.59,chinabond_official,1001.CB,ChinaBond Government Bond Yield Curve,0,1.0,https://yield.chinabond.com.cn/cbweb-czb-web/czb/historyQuery,2026-08-09T11:34:01.034821+00:00
2020-09-16,2.61,chinabond_official,1001.CB,ChinaBond Government Bond Yield Curve,0,1.0,https://yield.chinabond.com.cn/cbweb-czb-web/czb/historyQuery,2026-08-09T11:34:01.034821+00:00
2020-09-17,2.61,chinabond_official,1001.CB,ChinaBond Government Bond Yield Curve,0,1.0,https://yield.chinabond.com.cn/cbweb-czb-web/czb/historyQuery,2026-08-09T11:34:01.034821+00:00
2020-09-18,2.61,chinabond_official,1001.CB,ChinaBond Government Bond Yield Curve,0,1.0,https://yield.chinabond.com.cn/cbweb-czb-web/czb/historyQuery,2026-08-09T11:34:01.034821+00:00
2020-09-21,2.61,chinabond_official,1001.CB,ChinaBond Government Bond Yield Curve,0,1.0,https://yield.chinabond.com.cn/cbweb-czb-web/czb/historyQuery,2026-08-09T11:34:01.034821+00:00
2020-09-22,2.61,chinabond_official,1001.CB,ChinaBond Government Bond Yield Curve,0,1.0,https://yield.chinabond.com.cn/cbweb-czb-web/czb/historyQuery,2026-08-09T11:34:01.034821+00:00
2020-09-23,2.63,chinabond_official,1001.CB,ChinaBond Government Bond Yield Curve,0,1.0,https://yield.chinabond.com.cn/cbweb-czb-web/czb/historyQuery,2026-08-09T11:34:01.034821+00:00
2020-09-24,2.59,chinabond_official,1001.CB,ChinaBond Government Bond Yield Curve,0,1.0,https://yield.chinabond.com.cn/cbweb-czb-web/czb/historyQuery,2026-08-09T11:34:01.034821+00:00
2020-09-25,2.61,chinabond_official,1001.CB,ChinaBond Government Bond Yield Curve,0,1.0,https://yield.chinabond.com.cn/cbweb-czb-web/czb/historyQuery,2026-08-09T11:34:01.034821+00:00
2020-09-27,2.6,chinabond_official,1001.CB,ChinaBond Government Bond Yield Curve,0,1.0,https://yield.chinabond.com.cn/cbweb-czb-web/czb/historyQuery,2026-08-09T11:34:01.034821+00:00
2020-09-28,2.61,chinabond_official,1001.CB,ChinaBond Government Bond Yield Curve,0,1.0,https://yield.chinabond.com.cn/cbweb-czb-web/czb/historyQuery,2026-08-09T11:34:01.034821+00:00
2020-09-29,2.64,chinabond_official,1001.CB,ChinaBond Government Bond Yield Curve,0,1.0,https://yield.chinabond.com.cn/cbweb-czb-web/czb/historyQuery,2026-08-09T11:34:01.034821+00:00
2020-09-30,2.65,chinabond_official,1001.CB,ChinaBond Government Bond Yield Curve,0,1.0,https://yield.chinabond.com.cn/cbweb-czb-web/czb/historyQuery,2026-08-09T11:34:01.034821+00:00
2020-10-09,2.7,chinabond_official,1001.CB,ChinaBond Government Bond Yield Curve,0,1.0,https://yield.chinabond.com.cn/cbweb-czb-web/czb/historyQuery,2026-08-09T11:34:01.034821+00:00
2020-10-10,2.7,chinabond_official,1001.CB,ChinaBond Government Bond Yield Curve,0,1.0,https://yield.chinabond.com.cn/cbweb-czb-web/czb/historyQuery,2026-08-09T11:34:01.034821+00:00
2020-10-12,2.69,chinabond_official,1001.CB,ChinaBond Government Bond Yield Curve,0,1.0,https://yield.chinabond.com.cn/cbweb-czb-web/czb/historyQuery,2026-08-09T11:34:01.034821+00:00
2020-10-13,2.7,chinabond_official,1001.CB,ChinaBond Government Bond Yield Curve,0,1.0,https://yield.chinabond.com.cn/cbweb-czb-web/czb/historyQuery,2026-08-09T11:34:01.034821+00:00
2020-10-14,2.72,chinabond_official,1001.CB,ChinaBond Government Bond Yield Curve,0,1.0,https://yield.chinabond.com.cn/cbweb-czb-web/czb/historyQuery,2026-08-09T11:34:01.034821+00:00
2020-10-15,2.69,chinabond_official,1001.CB,ChinaBond Government Bond Yield Curve,0,1.0,https://yield.chinabond.com.cn/cbweb-czb-web/czb/historyQuery,2026-08-09T11:34:01.034821+00:00
2020-10-16,2.7,chinabond_official,1001.CB,ChinaBond Government Bond Yield Curve,0,1.0,https://yield.chinabond.com.cn/cbweb-czb-web/czb/historyQuery,2026-08-09T11:34:01.034821+00:00
2020-10-19,2.7,chinabond_official,1001.CB,ChinaBond Government Bond Yield Curve,0,1.0,https://yield.chinabond.com.cn/cbweb-czb-web/czb/historyQuery,2026-08-09T11:34:01.034821+00:00
2020-10-20,2.7,chinabond_official,1001.CB,ChinaBond Government Bond Yield Curve,0,1.0,https://yield.chinabond.com.cn/cbweb-czb-web/czb/historyQuery,2026-08-09T11:34:01.034821+00:00
2020-10-21,2.68,chinabond_official,1001.CB,ChinaBond Government Bond Yield Curve,0,1.0,https://yield.chinabond.com.cn/cbweb-czb-web/czb/historyQuery,2026-08-09T11:34:01.034821+00:00
2020-10-22,2.65,chinabond_official,1001.CB,ChinaBond Government Bond Yield Curve,0,1.0,https://yield.chinabond.com.cn/cbweb-czb-web/czb/historyQuery,2026-08-09T11:34:01.034821+00:00
2020-10-23,2.68,chinabond_official,1001.CB,ChinaBond Government Bond Yield Curve,0,1.0,https://yield.chinabond.com.cn/cbweb-czb-web/czb/historyQuery,2026-08-09T11:34:01.034821+00:00
2020-10-26,2.69,chinabond_official,1001.CB,ChinaBond Government Bond Yield Curve,0,1.0,https://yield.chinabond.com.cn/cbweb-czb-web/czb/historyQuery,2026-08-09T11:34:01.034821+00:00
2020-10-27,2.69,chinabond_official,1001.CB,ChinaBond Government Bond Yield Curve,0,1.0,https://yield.chinabond.com.cn/cbweb-czb-web/czb/historyQuery,2026-08-09T11:34:01.034821+00:00
2020-10-28,2.72,chinabond_official,1001.CB,ChinaBond Government Bond Yield Curve,0,1.0,https://yield.chinabond.com.cn/cbweb-czb-web/czb/historyQuery,2026-08-09T11:34:01.034821+00:00
2020-10-29,2.72,chinabond_official,1001.CB,ChinaBond Government Bond Yield Curve,0,1.0,https://yield.chinabond.com.cn/cbweb-czb-web/czb/historyQuery,2026-08-09T11:34:01.034821+00:00
2020-10-30,2.73,chinabond_official,1001.CB,ChinaBond Government Bond Yield Curve,0,1.0,https://yield.chinabond.com.cn/cbweb-czb-web/czb/historyQuery,2026-08-09T11:34:01.034821+00:00
2020-11-02,2.75,chinabond_official,1001.CB,ChinaBond Government Bond Yield Curve,0,1.0,https://yield.chinabond.com.cn/cbweb-czb-web/czb/historyQuery,2026-08-09T11:34:01.034821+00:00
2020-11-03,2.73,chinabond_official,1001.CB,ChinaBond Government Bond Yield Curve,0,1.0,https://yield.chinabond.com.cn/cbweb-czb-web/czb/historyQuery,2026-08-09T11:34:01.034821+00:00
2020-11-04,2.73,chinabond_official,1001.CB,ChinaBond Government Bond Yield Curve,0,1.0,https://yield.chinabond.com.cn/cbweb-czb-web/czb/historyQuery,2026-08-09T11:34:01.034821+00:00
2020-11-05,2.75,chinabond_official,1001.CB,ChinaBond Government Bond Yield Curve,0,1.0,https://yield.chinabond.com.cn/cbweb-czb-web/czb/historyQuery,2026-08-09T11:34:01.034821+00:00
2020-11-06,2.78,chinabond_official,1001.CB,ChinaBond Government Bond Yield Curve,0,1.0,https://yield.chinabond.com.cn/cbweb-czb-web/czb/historyQuery,2026-08-09T11:34:01.034821+00:00
2020-11-09,2.79,chinabond_official,1001.CB,ChinaBond Government Bond Yield Curve,0,1.0,https://yield.chinabond.com.cn/cbweb-czb-web/czb/historyQuery,2026-08-09T11:34:01.034821+00:00
2020-11-10,2.79,chinabond_official,1001.CB,ChinaBond Government Bond Yield Curve,0,1.0,https://yield.chinabond.com.cn/cbweb-czb-web/czb/historyQuery,2026-08-09T11:34:01.034821+00:00
2020-11-11,2.8,chinabond_official,1001.CB,ChinaBond Government Bond Yield Curve,0,1.0,https://yield.chinabond.com.cn/cbweb-czb-web/czb/historyQuery,2026-08-09T11:34:01.034821+00:00
2020-11-12,2.83,chinabond_official,1001.CB,ChinaBond Government Bond Yield Curve,0,1.0,https://yield.chinabond.com.cn/cbweb-czb-web/czb/historyQuery,2026-08-09T11:34:01.034821+00:00
2020-11-13,2.85,chinabond_official,1001.CB,ChinaBond Government Bond Yield Curve,0,1.0,https://yield.chinabond.com.cn/cbweb-czb-web/czb/historyQuery,2026-08-09T11:34:01.034821+00:00
2020-11-16,2.85,chinabond_official,1001.CB,ChinaBond Government Bond Yield Curve,0,1.0,https://yield.chinabond.com.cn/cbweb-czb-web/czb/historyQuery,2026-08-09T11:34:01.034821+00:00
2020-11-17,2.86,chinabond_official,1001.CB,ChinaBond Government Bond Yield Curve,0,1.0,https://yield.chinabond.com.cn/cbweb-czb-web/czb/historyQuery,2026-08-09T11:34:01.034821+00:00
2020-11-18,2.94,chinabond_official,1001.CB,ChinaBond Government Bond Yield Curve,0,1.0,https://yield.chinabond.com.cn/cbweb-czb-web/czb/historyQuery,2026-08-09T11:34:01.034821+00:00
2020-11-19,2.94,chinabond_official,1001.CB,ChinaBond Government Bond Yield Curve,0,1.0,https://yield.chinabond.com.cn/cbweb-czb-web/czb/historyQuery,2026-08-09T11:34:01.034821+00:00
2020-11-20,2.95,chinabond_official,1001.CB,ChinaBond Government Bond Yield Curve,0,1.0,https://yield.chinabond.com.cn/cbweb-czb-web/czb/historyQuery,2026-08-09T11:34:01.034821+00:00
2020-11-23,2.95,chinabond_official,1001.CB,ChinaBond Government Bond Yield Curve,0,1.0,https://yield.chinabond.com.cn/cbweb-czb-web/czb/historyQuery,2026-08-09T11:34:01.034821+00:00
2020-11-24,2.97,chinabond_official,1001.CB,ChinaBond Government Bond Yield Curve,0,1.0,https://yield.chinabond.com.cn/cbweb-czb-web/czb/historyQuery,2026-08-09T11:34:01.034821+00:00
2020-11-25,2.95,chinabond_official,1001.CB,ChinaBond Government Bond Yield Curve,0,1.0,https://yield.chinabond.com.cn/cbweb-czb-web/czb/historyQuery,2026-08-09T11:34:01.034821+00:00
2020-11-26,2.94,chinabond_official,1001.CB,ChinaBond Government Bond Yield Curve,0,1.0,https://yield.chinabond.com.cn/cbweb-czb-web/czb/historyQuery,2026-08-09T11:34:01.034821+00:00
2020-11-27,2.91,chinabond_official,1001.CB,ChinaBond Government Bond Yield Curve,0,1.0,https://yield.chinabond.com.cn/cbweb-czb-web/czb/historyQuery,2026-08-09T11:34:01.034821+00:00
2020-11-30,2.83,chinabond_official,1001.CB,ChinaBond Government Bond Yield Curve,0,1.0,https://yield.chinabond.com.cn/cbweb-czb-web/czb/historyQuery,2026-08-09T11:34:01.034821+00:00
2020-12-01,2.85,chinabond_official,1001.CB,ChinaBond Government Bond Yield Curve,0,1.0,https://yield.chinabond.com.cn/cbweb-czb-web/czb/historyQuery,2026-08-09T11:34:01.034821+00:00
2020-12-02,2.86,chinabond_official,1001.CB,ChinaBond Government Bond Yield Curve,0,1.0,https://yield.chinabond.com.cn/cbweb-czb-web/czb/historyQuery,2026-08-09T11:34:01.034821+00:00
2020-12-03,2.88,chinabond_official,1001.CB,ChinaBond Government Bond Yield Curve,0,1.0,https://yield.chinabond.com.cn/cbweb-czb-web/czb/historyQuery,2026-08-09T11:34:01.034821+00:00
2020-12-04,2.87,chinabond_official,1001.CB,ChinaBond Government Bond Yield Curve,0,1.0,https://yield.chinabond.com.cn/cbweb-czb-web/czb/historyQuery,2026-08-09T11:34:01.034821+00:00
2020-12-07,2.86,chinabond_official,1001.CB,ChinaBond Government Bond Yield Curve,0,1.0,https://yield.chinabond.com.cn/cbweb-czb-web/czb/historyQuery,2026-08-09T11:34:01.034821+00:00
2020-12-08,2.84,chinabond_official,1001.CB,ChinaBond Government Bond Yield Curve,0,1.0,https://yield.chinabond.com.cn/cbweb-czb-web/czb/historyQuery,2026-08-09T11:34:01.034821+00:00
2020-12-09,2.84,chinabond_official,1001.CB,ChinaBond Government Bond Yield Curve,0,1.0,https://yield.chinabond.com.cn/cbweb-czb-web/czb/historyQuery,2026-08-09T11:34:01.034821+00:00
2020-12-10,2.8,chinabond_official,1001.CB,ChinaBond Government Bond Yield Curve,0,1.0,https://yield.chinabond.com.cn/cbweb-czb-web/czb/historyQuery,2026-08-09T11:34:01.034821+00:00
2020-12-11,2.83,chinabond_official,1001.CB,ChinaBond Government Bond Yield Curve,0,1.0,https://yield.chinabond.com.cn/cbweb-czb-web/czb/historyQuery,2026-08-09T11:34:01.034821+00:00
2020-12-14,2.82,chinabond_official,1001.CB,ChinaBond Government Bond Yield Curve,0,1.0,https://yield.chinabond.com.cn/cbweb-czb-web/czb/historyQuery,2026-08-09T11:34:01.034821+00:00
2020-12-15,2.79,chinabond_official,1001.CB,ChinaBond Government Bond Yield Curve,0,1.0,https://yield.chinabond.com.cn/cbweb-czb-web/czb/historyQuery,2026-08-09T11:34:01.034821+00:00
2020-12-16,2.73,chinabond_official,1001.CB,ChinaBond Government Bond Yield Curve,0,1.0,https://yield.chinabond.com.cn/cbweb-czb-web/czb/historyQuery,2026-08-09T11:34:01.034821+00:00
2020-12-17,2.73,chinabond_official,1001.CB,ChinaBond Government Bond Yield Curve,0,1.0,https://yield.chinabond.com.cn/cbweb-czb-web/czb/historyQuery,2026-08-09T11:34:01.034821+00:00
2020-12-18,2.73,chinabond_official,1001.CB,ChinaBond Government Bond Yield Curve,0,1.0,https://yield.chinabond.com.cn/cbweb-czb-web/czb/historyQuery,2026-08-09T11:34:01.034821+00:00
2020-12-21,2.69,chinabond_official,1001.CB,ChinaBond Government Bond Yield Curve,0,1.0,https://yield.chinabond.com.cn/cbweb-czb-web/czb/historyQuery,2026-08-09T11:34:01.034821+00:00
2020-12-22,2.67,chinabond_official,1001.CB,ChinaBond Government Bond Yield Curve,0,1.0,https://yield.chinabond.com.cn/cbweb-czb-web/czb/historyQuery,2026-08-09T11:34:01.034821+00:00
2020-12-23,2.66,chinabond_official,1001.CB,ChinaBond Government Bond Yield Curve,0,1.0,https://yield.chinabond.com.cn/cbweb-czb-web/czb/historyQuery,2026-08-09T11:34:01.034821+00:00
2020-12-24,2.65,chinabond_official,1001.CB,ChinaBond Government Bond Yield Curve,0,1.0,https://yield.chinabond.com.cn/cbweb-czb-web/czb/historyQuery,2026-08-09T11:34:01.034821+00:00
2020-12-25,2.61,chinabond_official,1001.CB,ChinaBond Government Bond Yield Curve,0,1.0,https://yield.chinabond.com.cn/cbweb-czb-web/czb/historyQuery,2026-08-09T11:34:01.034821+00:00
2020-12-28,2.57,chinabond_official,1001.CB,ChinaBond Government Bond Yield Curve,0,1.0,https://yield.chinabond.com.cn/cbweb-czb-web/czb/historyQuery,2026-08-09T11:34:01.034821+00:00
2020-12-29,2.55,chinabond_official,1001.CB,ChinaBond Government Bond Yield Curve,0,1.0,https://yield.chinabond.com.cn/cbweb-czb-web/czb/historyQuery,2026-08-09T11:34:01.034821+00:00
2020-12-30,2.5,chinabond_official,1001.CB,ChinaBond Government Bond Yield Curve,0,1.0,https://yield.chinabond.com.cn/cbweb-czb-web/czb/historyQuery,2026-08-09T11:34:01.034821+00:00
2020-12-31,2.47,chinabond_official,1001.CB,ChinaBond Government Bond Yield Curve,0,1.0,https://yield.chinabond.com.cn/cbweb-czb-web/czb/historyQuery,2026-08-09T11:34:01.034821+00:00
2021-01-04,2.5,chinabond_official,1001.CB,ChinaBond Government Bond Yield Curve,0,1.0,https://yield.chinabond.com.cn/cbweb-czb-web/czb/historyQuery,2026-08-09T11:34:01.034821+00:00
2021-01-05,2.47,chinabond_official,1001.CB,ChinaBond Government Bond Yield Curve,0,1.0,https://yield.chinabond.com.cn/cbweb-czb-web/czb/historyQuery,2026-08-09T11:34:01.034821+00:00
2021-01-06,2.41,chinabond_official,1001.CB,ChinaBond Government Bond Yield Curve,0,1.0,https://yield.chinabond.com.cn/cbweb-czb-web/czb/historyQuery,2026-08-09T11:34:01.034821+00:00
2021-01-07,2.36,chinabond_official,1001.CB,ChinaBond Government Bond Yield Curve,0,1.0,https://yield.chinabond.com.cn/cbweb-czb-web/czb/historyQuery,2026-08-09T11:34:01.034821+00:00
2021-01-08,2.36,chinabond_official,1001.CB,ChinaBond Government Bond Yield Curve,0,1.0,https://yield.chinabond.com.cn/cbweb-czb-web/czb/historyQuery,2026-08-09T11:34:01.034821+00:00
2021-01-11,2.37,chinabond_official,1001.CB,ChinaBond Government Bond Yield Curve,0,1.0,https://yield.chinabond.com.cn/cbweb-czb-web/czb/historyQuery,2026-08-09T11:34:01.034821+00:00
2021-01-12,2.34,chinabond_official,1001.CB,ChinaBond Government Bond Yield Curve,0,1.0,https://yield.chinabond.com.cn/cbweb-czb-web/czb/historyQuery,2026-08-09T11:34:01.034821+00:00
2021-01-13,2.29,chinabond_official,1001.CB,ChinaBond Government Bond Yield Curve,0,1.0,https://yield.chinabond.com.cn/cbweb-czb-web/czb/historyQuery,2026-08-09T11:34:01.034821+00:00
2021-01-14,2.34,chinabond_official,1001.CB,ChinaBond Government Bond Yield Curve,0,1.0,https://yield.chinabond.com.cn/cbweb-czb-web/czb/historyQuery,2026-08-09T11:34:01.034821+00:00
2021-01-15,2.38,chinabond_official,1001.CB,ChinaBond Government Bond Yield Curve,0,1.0,https://yield.chinabond.com.cn/cbweb-czb-web/czb/historyQuery,2026-08-09T11:34:01.034821+00:00
2021-01-18,2.45,chinabond_official,1001.CB,ChinaBond Government Bond Yield Curve,0,1.0,https://yield.chinabond.com.cn/cbweb-czb-web/czb/historyQuery,2026-08-09T11:34:01.034821+00:00
2021-01-19,2.49,chinabond_official,1001.CB,ChinaBond Government Bond Yield Curve,0,1.0,https://yield.chinabond.com.cn/cbweb-czb-web/czb/historyQuery,2026-08-09T11:34:01.034821+00:00
2021-01-20,2.47,chinabond_official,1001.CB,ChinaBond Government Bond Yield Curve,0,1.0,https://yield.chinabond.com.cn/cbweb-czb-web/czb/historyQuery,2026-08-09T11:34:01.034821+00:00
2021-01-21,2.45,chinabond_official,1001.CB,ChinaBond Government Bond Yield Curve,0,1.0,https://yield.chinabond.com.cn/cbweb-czb-web/czb/historyQuery,2026-08-09T11:34:01.034821+00:00
2021-01-22,2.45,chinabond_official,1001.CB,ChinaBond Government Bond Yield Curve,0,1.0,https://yield.chinabond.com.cn/cbweb-czb-web/czb/historyQuery,2026-08-09T11:34:01.034821+00:00
2021-01-25,2.49,chinabond_official,1001.CB,ChinaBond Government Bond Yield Curve,0,1.0,https://yield.chinabond.com.cn/cbweb-czb-web/czb/historyQuery,2026-08-09T11:34:01.034821+00:00
2021-01-26,2.56,chinabond_official,1001.CB,ChinaBond Government Bond Yield Curve,0,1.0,https://yield.chinabond.com.cn/cbweb-czb-web/czb/historyQuery,2026-08-09T11:34:01.034821+00:00
2021-01-27,2.59,chinabond_official,1001.CB,ChinaBond Government Bond Yield Curve,0,1.0,https://yield.chinabond.com.cn/cbweb-czb-web/czb/historyQuery,2026-08-09T11:34:01.034821+00:00
2021-01-28,2.7,chinabond_official,1001.CB,ChinaBond Government Bond Yield Curve,0,1.0,https://yield.chinabond.com.cn/cbweb-czb-web/czb/historyQuery,2026-08-09T11:34:01.034821+00:00
2021-01-29,2.68,chinabond_official,1001.CB,ChinaBond Government Bond Yield Curve,0,1.0,https://yield.chinabond.com.cn/cbweb-czb-web/czb/historyQuery,2026-08-09T11:34:01.034821+00:00
2021-02-01,2.6,chinabond_official,1001.CB,ChinaBond Government Bond Yield Curve,0,1.0,https://yield.chinabond.com.cn/cbweb-czb-web/czb/historyQuery,2026-08-09T11:34:01.034821+00:00
2021-02-02,2.62,chinabond_official,1001.CB,ChinaBond Government Bond Yield Curve,0,1.0,https://yield.chinabond.com.cn/cbweb-czb-web/czb/historyQuery,2026-08-09T11:34:01.034821+00:00
2021-02-03,2.69,chinabond_official,1001.CB,ChinaBond Government Bond Yield Curve,0,1.0,https://yield.chinabond.com.cn/cbweb-czb-web/czb/historyQuery,2026-08-09T11:34:01.034821+00:00
2021-02-04,2.72,chinabond_official,1001.CB,ChinaBond Government Bond Yield Curve,0,1.0,https://yield.chinabond.com.cn/cbweb-czb-web/czb/historyQuery,2026-08-09T11:34:01.034821+00:00
2021-02-05,2.7,chinabond_official,1001.CB,ChinaBond Government Bond Yield Curve,0,1.0,https://yield.chinabond.com.cn/cbweb-czb-web/czb/historyQuery,2026-08-09T11:34:01.034821+00:00
2021-02-07,2.69,chinabond_official,1001.CB,ChinaBond Government Bond Yield Curve,0,1.0,https://yield.chinabond.com.cn/cbweb-czb-web/czb/historyQuery,2026-08-09T11:34:01.034821+00:00
2021-02-08,2.7,chinabond_official,1001.CB,ChinaBond Government Bond Yield Curve,0,1.0,https://yield.chinabond.com.cn/cbweb-czb-web/czb/historyQuery,2026-08-09T11:34:01.034821+00:00
2021-02-09,2.68,chinabond_official,1001.CB,ChinaBond Government Bond Yield Curve,0,1.0,https://yield.chinabond.com.cn/cbweb-czb-web/czb/historyQuery,2026-08-09T11:34:01.034821+00:00
2021-02-10,2.66,chinabond_official,1001.CB,ChinaBond Government Bond Yield Curve,0,1.0,https://yield.chinabond.com.cn/cbweb-czb-web/czb/historyQuery,2026-08-09T11:34:01.034821+00:00
2021-02-18,2.69,chinabond_official,1001.CB,ChinaBond Government Bond Yield Curve,0,1.0,https://yield.chinabond.com.cn/cbweb-czb-web/czb/historyQuery,2026-08-09T11:34:01.034821+00:00
2021-02-19,2.65,chinabond_official,1001.CB,ChinaBond Government Bond Yield Curve,0,1.0,https://yield.chinabond.com.cn/cbweb-czb-web/czb/historyQuery,2026-08-09T11:34:01.034821+00:00
2021-02-20,2.62,chinabond_official,1001.CB,ChinaBond Government Bond Yield Curve,0,1.0,https://yield.chinabond.com.cn/cbweb-czb-web/czb/historyQuery,2026-08-09T11:34:01.034821+00:00
2021-02-22,2.62,chinabond_official,1001.CB,ChinaBond Government Bond Yield Curve,0,1.0,https://yield.chinabond.com.cn/cbweb-czb-web/czb/historyQuery,2026-08-09T11:34:01.034821+00:00
2021-02-23,2.61,chinabond_official,1001.CB,ChinaBond Government Bond Yield Curve,0,1.0,https://yield.chinabond.com.cn/cbweb-czb-web/czb/historyQuery,2026-08-09T11:34:01.034821+00:00
2021-02-24,2.59,chinabond_official,1001.CB,ChinaBond Government Bond Yield Curve,0,1.0,https://yield.chinabond.com.cn/cbweb-czb-web/czb/historyQuery,2026-08-09T11:34:01.034821+00:00
2021-02-25,2.6,chinabond_official,1001.CB,ChinaBond Government Bond Yield Curve,0,1.0,https://yield.chinabond.com.cn/cbweb-czb-web/czb/historyQuery,2026-08-09T11:34:01.034821+00:00
2021-02-26,2.6,chinabond_official,1001.CB,ChinaBond Government Bond Yield Curve,0,1.0,https://yield.chinabond.com.cn/cbweb-czb-web/czb/historyQuery,2026-08-09T11:34:01.034821+00:00
2021-03-01,2.61,chinabond_official,1001.CB,ChinaBond Government Bond Yield Curve,0,1.0,https://yield.chinabond.com.cn/cbweb-czb-web/czb/historyQuery,2026-08-09T11:34:01.034821+00:00
2021-03-02,2.62,chinabond_official,1001.CB,ChinaBond Government Bond Yield Curve,0,1.0,https://yield.chinabond.com.cn/cbweb-czb-web/czb/historyQuery,2026-08-09T11:34:01.034821+00:00
2021-03-03,2.62,chinabond_official,1001.CB,ChinaBond Government Bond Yield Curve,0,1.0,https://yield.chinabond.com.cn/cbweb-czb-web/czb/historyQuery,2026-08-09T11:34:01.034821+00:00
2021-03-04,2.64,chinabond_official,1001.CB,ChinaBond Government Bond Yield Curve,0,1.0,https://yield.chinabond.com.cn/cbweb-czb-web/czb/historyQuery,2026-08-09T11:34:01.034821+00:00
2021-03-05,2.64,chinabond_official,1001.CB,ChinaBond Government Bond Yield Curve,0,1.0,https://yield.chinabond.com.cn/cbweb-czb-web/czb/historyQuery,2026-08-09T11:34:01.034821+00:00
2021-03-08,2.65,chinabond_official,1001.CB,ChinaBond Government Bond Yield Curve,0,1.0,https://yield.chinabond.com.cn/cbweb-czb-web/czb/historyQuery,2026-08-09T11:34:01.034821+00:00
2021-03-09,2.63,chinabond_official,1001.CB,ChinaBond Government Bond Yield Curve,0,1.0,https://yield.chinabond.com.cn/cbweb-czb-web/czb/historyQuery,2026-08-09T11:34:01.034821+00:00
2021-03-10,2.63,chinabond_official,1001.CB,ChinaBond Government Bond Yield Curve,0,1.0,https://yield.chinabond.com.cn/cbweb-czb-web/czb/historyQuery,2026-08-09T11:34:01.034821+00:00
2021-03-11,2.63,chinabond_official,1001.CB,ChinaBond Government Bond Yield Curve,0,1.0,https://yield.chinabond.com.cn/cbweb-czb-web/czb/historyQuery,2026-08-09T11:34:01.034821+00:00
2021-03-12,2.64,chinabond_official,1001.CB,ChinaBond Government Bond Yield Curve,0,1.0,https://yield.chinabond.com.cn/cbweb-czb-web/czb/historyQuery,2026-08-09T11:34:01.034821+00:00
2021-03-15,2.68,chinabond_official,1001.CB,ChinaBond Government Bond Yield Curve,0,1.0,https://yield.chinabond.com.cn/cbweb-czb-web/czb/historyQuery,2026-08-09T11:34:01.034821+00:00
2021-03-16,2.67,chinabond_official,1001.CB,ChinaBond Government Bond Yield Curve,0,1.0,https://yield.chinabond.com.cn/cbweb-czb-web/czb/historyQuery,2026-08-09T11:34:01.034821+00:00
2021-03-17,2.64,chinabond_official,1001.CB,ChinaBond Government Bond Yield Curve,0,1.0,https://yield.chinabond.com.cn/cbweb-czb-web/czb/historyQuery,2026-08-09T11:34:01.034821+00:00
2021-03-18,2.65,chinabond_official,1001.CB,ChinaBond Government Bond Yield Curve,0,1.0,https://yield.chinabond.com.cn/cbweb-czb-web/czb/historyQuery,2026-08-09T11:34:01.034821+00:00
2021-03-19,2.64,chinabond_official,1001.CB,ChinaBond Government Bond Yield Curve,0,1.0,https://yield.chinabond.com.cn/cbweb-czb-web/czb/historyQuery,2026-08-09T11:34:01.034821+00:00
2021-03-22,2.63,chinabond_official,1001.CB,ChinaBond Government Bond Yield Curve,0,1.0,https://yield.chinabond.com.cn/cbweb-czb-web/czb/historyQuery,2026-08-09T11:34:01.034821+00:00
2021-03-23,2.62,chinabond_official,1001.CB,ChinaBond Government Bond Yield Curve,0,1.0,https://yield.chinabond.com.cn/cbweb-czb-web/czb/historyQuery,2026-08-09T11:34:01.034821+00:00
2021-03-24,2.61,chinabond_official,1001.CB,ChinaBond Government Bond Yield Curve,0,1.0,https://yield.chinabond.com.cn/cbweb-czb-web/czb/historyQuery,2026-08-09T11:34:01.034821+00:00
2021-03-25,2.59,chinabond_official,1001.CB,ChinaBond Government Bond Yield Curve,0,1.0,https://yield.chinabond.com.cn/cbweb-czb-web/czb/historyQuery,2026-08-09T11:34:01.034821+00:00
2021-03-26,2.61,chinabond_official,1001.CB,ChinaBond Government Bond Yield Curve,0,1.0,https://yield.chinabond.com.cn/cbweb-czb-web/czb/historyQuery,2026-08-09T11:34:01.034821+00:00
2021-03-29,2.61,chinabond_official,1001.CB,ChinaBond Government Bond Yield Curve,0,1.0,https://yield.chinabond.com.cn/cbweb-czb-web/czb/historyQuery,2026-08-09T11:34:01.034821+00:00
2021-03-30,2.59,chinabond_official,1001.CB,ChinaBond Government Bond Yield Curve,0,1.0,https://yield.chinabond.com.cn/cbweb-czb-web/czb/historyQuery,2026-08-09T11:34:01.034821+00:00
2021-03-31,2.58,chinabond_official,1001.CB,ChinaBond Government Bond Yield Curve,0,1.0,https://yield.chinabond.com.cn/cbweb-czb-web/czb/historyQuery,2026-08-09T11:34:01.034821+00:00
2021-04-01,2.58,chinabond_official,1001.CB,ChinaBond Government Bond Yield Curve,0,1.0,https://yield.chinabond.com.cn/cbweb-czb-web/czb/historyQuery,2026-08-09T11:34:01.034821+00:00
2021-04-02,2.58,chinabond_official,1001.CB,ChinaBond Government Bond Yield Curve,0,1.0,https://yield.chinabond.com.cn/cbweb-czb-web/czb/historyQuery,2026-08-09T11:34:01.034821+00:00
2021-04-06,2.59,chinabond_official,1001.CB,ChinaBond Government Bond Yield Curve,0,1.0,https://yield.chinabond.com.cn/cbweb-czb-web/czb/historyQuery,2026-08-09T11:34:01.034821+00:00
2021-04-07,2.61,chinabond_official,1001.CB,ChinaBond Government Bond Yield Curve,0,1.0,https://yield.chinabond.com.cn/cbweb-czb-web/czb/historyQuery,2026-08-09T11:34:01.034821+00:00
2021-04-08,2.61,chinabond_official,1001.CB,ChinaBond Government Bond Yield Curve,0,1.0,https://yield.chinabond.com.cn/cbweb-czb-web/czb/historyQuery,2026-08-09T11:34:01.034821+00:00
2021-04-09,2.59,chinabond_official,1001.CB,ChinaBond Government Bond Yield Curve,0,1.0,https://yield.chinabond.com.cn/cbweb-czb-web/czb/historyQuery,2026-08-09T11:34:01.034821+00:00
2021-04-12,2.58,chinabond_official,1001.CB,ChinaBond Government Bond Yield Curve,0,1.0,https://yield.chinabond.com.cn/cbweb-czb-web/czb/historyQuery,2026-08-09T11:34:01.034821+00:00
2021-04-13,2.56,chinabond_official,1001.CB,ChinaBond Government Bond Yield Curve,0,1.0,https://yield.chinabond.com.cn/cbweb-czb-web/czb/historyQuery,2026-08-09T11:34:01.034821+00:00
2021-04-14,2.57,chinabond_official,1001.CB,ChinaBond Government Bond Yield Curve,0,1.0,https://yield.chinabond.com.cn/cbweb-czb-web/czb/historyQuery,2026-08-09T11:34:01.034821+00:00
2021-04-15,2.54,chinabond_official,1001.CB,ChinaBond Government Bond Yield Curve,0,1.0,https://yield.chinabond.com.cn/cbweb-czb-web/czb/historyQuery,2026-08-09T11:34:01.034821+00:00
2021-04-16,2.53,chinabond_official,1001.CB,ChinaBond Government Bond Yield Curve,0,1.0,https://yield.chinabond.com.cn/cbweb-czb-web/czb/historyQuery,2026-08-09T11:34:01.034821+00:00
2021-04-19,2.52,chinabond_official,1001.CB,ChinaBond Government Bond Yield Curve,0,1.0,https://yield.chinabond.com.cn/cbweb-czb-web/czb/historyQuery,2026-08-09T11:34:01.034821+00:00
2021-04-20,2.5,chinabond_official,1001.CB,ChinaBond Government Bond Yield Curve,0,1.0,https://yield.chinabond.com.cn/cbweb-czb-web/czb/historyQuery,2026-08-09T11:34:01.034821+00:00
2021-04-21,2.46,chinabond_official,1001.CB,ChinaBond Government Bond Yield Curve,0,1.0,https://yield.chinabond.com.cn/cbweb-czb-web/czb/historyQuery,2026-08-09T11:34:01.034821+00:00
2021-04-22,2.45,chinabond_official,1001.CB,ChinaBond Government Bond Yield Curve,0,1.0,https://yield.chinabond.com.cn/cbweb-czb-web/czb/historyQuery,2026-08-09T11:34:01.034821+00:00
2021-04-23,2.39,chinabond_official,1001.CB,ChinaBond Government Bond Yield Curve,0,1.0,https://yield.chinabond.com.cn/cbweb-czb-web/czb/historyQuery,2026-08-09T11:34:01.034821+00:00
2021-04-25,2.39,chinabond_official,1001.CB,ChinaBond Government Bond Yield Curve,0,1.0,https://yield.chinabond.com.cn/cbweb-czb-web/czb/historyQuery,2026-08-09T11:34:01.034821+00:00
2021-04-26,2.43,chinabond_official,1001.CB,ChinaBond Government Bond Yield Curve,0,1.0,https://yield.chinabond.com.cn/cbweb-czb-web/czb/historyQuery,2026-08-09T11:34:01.034821+00:00
2021-04-27,2.42,chinabond_official,1001.CB,ChinaBond Government Bond Yield Curve,0,1.0,https://yield.chinabond.com.cn/cbweb-czb-web/czb/historyQuery,2026-08-09T11:34:01.034821+00:00
2021-04-28,2.4,chinabond_official,1001.CB,ChinaBond Government Bond Yield Curve,0,1.0,https://yield.chinabond.com.cn/cbweb-czb-web/czb/historyQuery,2026-08-09T11:34:01.034821+00:00
2021-04-29,2.38,chinabond_official,1001.CB,ChinaBond Government Bond Yield Curve,0,1.0,https://yield.chinabond.com.cn/cbweb-czb-web/czb/historyQuery,2026-08-09T11:34:01.034821+00:00
2021-04-30,2.36,chinabond_official,1001.CB,ChinaBond Government Bond Yield Curve,0,1.0,https://yield.chinabond.com.cn/cbweb-czb-web/czb/historyQuery,2026-08-09T11:34:01.034821+00:00
2021-05-06,2.33,chinabond_official,1001.CB,ChinaBond Government Bond Yield Curve,0,1.0,https://yield.chinabond.com.cn/cbweb-czb-web/czb/historyQuery,2026-08-09T11:34:01.034821+00:00
2021-05-07,2.32,chinabond_official,1001.CB,ChinaBond Government Bond Yield Curve,0,1.0,https://yield.chinabond.com.cn/cbweb-czb-web/czb/historyQuery,2026-08-09T11:34:01.034821+00:00
2021-05-08,2.32,chinabond_official,1001.CB,ChinaBond Government Bond Yield Curve,0,1.0,https://yield.chinabond.com.cn/cbweb-czb-web/czb/historyQuery,2026-08-09T11:34:01.034821+00:00
2021-05-10,2.31,chinabond_official,1001.CB,ChinaBond Government Bond Yield Curve,0,1.0,https://yield.chinabond.com.cn/cbweb-czb-web/czb/historyQuery,2026-08-09T11:34:01.034821+00:00
2021-05-11,2.31,chinabond_official,1001.CB,ChinaBond Government Bond Yield Curve,0,1.0,https://yield.chinabond.com.cn/cbweb-czb-web/czb/historyQuery,2026-08-09T11:34:01.034821+00:00
2021-05-12,2.3,chinabond_official,1001.CB,ChinaBond Government Bond Yield Curve,0,1.0,https://yield.chinabond.com.cn/cbweb-czb-web/czb/historyQuery,2026-08-09T11:34:01.034821+00:00
2021-05-13,2.33,chinabond_official,1001.CB,ChinaBond Government Bond Yield Curve,0,1.0,https://yield.chinabond.com.cn/cbweb-czb-web/czb/historyQuery,2026-08-09T11:34:01.034821+00:00
2021-05-14,2.33,chinabond_official,1001.CB,ChinaBond Government Bond Yield Curve,0,1.0,https://yield.chinabond.com.cn/cbweb-czb-web/czb/historyQuery,2026-08-09T11:34:01.034821+00:00
2021-05-17,2.35,chinabond_official,1001.CB,ChinaBond Government Bond Yield Curve,0,1.0,https://yield.chinabond.com.cn/cbweb-czb-web/czb/historyQuery,2026-08-09T11:34:01.034821+00:00
2021-05-18,2.35,chinabond_official,1001.CB,ChinaBond Government Bond Yield Curve,0,1.0,https://yield.chinabond.com.cn/cbweb-czb-web/czb/historyQuery,2026-08-09T11:34:01.034821+00:00
2021-05-19,2.35,chinabond_official,1001.CB,ChinaBond Government Bond Yield Curve,0,1.0,https://yield.chinabond.com.cn/cbweb-czb-web/czb/historyQuery,2026-08-09T11:34:01.034821+00:00
2021-05-20,2.35,chinabond_official,1001.CB,ChinaBond Government Bond Yield Curve,0,1.0,https://yield.chinabond.com.cn/cbweb-czb-web/czb/historyQuery,2026-08-09T11:34:01.034821+00:00
2021-05-21,2.33,chinabond_official,1001.CB,ChinaBond Government Bond Yield Curve,0,1.0,https://yield.chinabond.com.cn/cbweb-czb-web/czb/historyQuery,2026-08-09T11:34:01.034821+00:00
2021-05-24,2.34,chinabond_official,1001.CB,ChinaBond Government Bond Yield Curve,0,1.0,https://yield.chinabond.com.cn/cbweb-czb-web/czb/historyQuery,2026-08-09T11:34:01.034821+00:00
2021-05-25,2.35,chinabond_official,1001.CB,ChinaBond Government Bond Yield Curve,0,1.0,https://yield.chinabond.com.cn/cbweb-czb-web/czb/historyQuery,2026-08-09T11:34:01.034821+00:00
2021-05-26,2.34,chinabond_official,1001.CB,ChinaBond Government Bond Yield Curve,0,1.0,https://yield.chinabond.com.cn/cbweb-czb-web/czb/historyQuery,2026-08-09T11:34:01.034821+00:00
2021-05-27,2.35,chinabond_official,1001.CB,ChinaBond Government Bond Yield Curve,0,1.0,https://yield.chinabond.com.cn/cbweb-czb-web/czb/historyQuery,2026-08-09T11:34:01.034821+00:00
2021-05-28,2.41,chinabond_official,1001.CB,ChinaBond Government Bond Yield Curve,0,1.0,https://yield.chinabond.com.cn/cbweb-czb-web/czb/historyQuery,2026-08-09T11:34:01.034821+00:00
2021-05-31,2.41,chinabond_official,1001.CB,ChinaBond Government Bond Yield Curve,0,1.0,https://yield.chinabond.com.cn/cbweb-czb-web/czb/historyQuery,2026-08-09T11:34:01.034821+00:00
2021-06-01,2.37,chinabond_official,1001.CB,ChinaBond Government Bond Yield Curve,0,1.0,https://yield.chinabond.com.cn/cbweb-czb-web/czb/historyQuery,2026-08-09T11:34:01.034821+00:00
2021-06-02,2.38,chinabond_official,1001.CB,ChinaBond Government Bond Yield Curve,0,1.0,https://yield.chinabond.com.cn/cbweb-czb-web/czb/historyQuery,2026-08-09T11:34:01.034821+00:00
2021-06-03,2.37,chinabond_official,1001.CB,ChinaBond Government Bond Yield Curve,0,1.0,https://yield.chinabond.com.cn/cbweb-czb-web/czb/historyQuery,2026-08-09T11:34:01.034821+00:00
2021-06-04,2.39,chinabond_official,1001.CB,ChinaBond Government Bond Yield Curve,0,1.0,https://yield.chinabond.com.cn/cbweb-czb-web/czb/historyQuery,2026-08-09T11:34:01.034821+00:00
2021-06-07,2.41,chinabond_official,1001.CB,ChinaBond Government Bond Yield Curve,0,1.0,https://yield.chinabond.com.cn/cbweb-czb-web/czb/historyQuery,2026-08-09T11:34:01.034821+00:00
2021-06-08,2.41,chinabond_official,1001.CB,ChinaBond Government Bond Yield Curve,0,1.0,https://yield.chinabond.com.cn/cbweb-czb-web/czb/historyQuery,2026-08-09T11:34:01.034821+00:00
2021-06-09,2.42,chinabond_official,1001.CB,ChinaBond Government Bond Yield Curve,0,1.0,https://yield.chinabond.com.cn/cbweb-czb-web/czb/historyQuery,2026-08-09T11:34:01.034821+00:00
2021-06-10,2.42,chinabond_official,1001.CB,ChinaBond Government Bond Yield Curve,0,1.0,https://yield.chinabond.com.cn/cbweb-czb-web/czb/historyQuery,2026-08-09T11:34:01.034821+00:00
2021-06-11,2.45,chinabond_official,1001.CB,ChinaBond Government Bond Yield Curve,0,1.0,https://yield.chinabond.com.cn/cbweb-czb-web/czb/historyQuery,2026-08-09T11:34:01.034821+00:00
2021-06-15,2.47,chinabond_official,1001.CB,ChinaBond Government Bond Yield Curve,0,1.0,https://yield.chinabond.com.cn/cbweb-czb-web/czb/historyQuery,2026-08-09T11:34:01.034821+00:00
2021-06-16,2.49,chinabond_official,1001.CB,ChinaBond Government Bond Yield Curve,0,1.0,https://yield.chinabond.com.cn/cbweb-czb-web/czb/historyQuery,2026-08-09T11:34:01.034821+00:00
2021-06-17,2.53,chinabond_official,1001.CB,ChinaBond Government Bond Yield Curve,0,1.0,https://yield.chinabond.com.cn/cbweb-czb-web/czb/historyQuery,2026-08-09T11:34:01.034821+00:00
2021-06-18,2.53,chinabond_official,1001.CB,ChinaBond Government Bond Yield Curve,0,1.0,https://yield.chinabond.com.cn/cbweb-czb-web/czb/historyQuery,2026-08-09T11:34:01.034821+00:00
2021-06-21,2.52,chinabond_official,1001.CB,ChinaBond Government Bond Yield Curve,0,1.0,https://yield.chinabond.com.cn/cbweb-czb-web/czb/historyQuery,2026-08-09T11:34:01.034821+00:00
2021-06-22,2.53,chinabond_official,1001.CB,ChinaBond Government Bond Yield Curve,0,1.0,https://yield.chinabond.com.cn/cbweb-czb-web/czb/historyQuery,2026-08-09T11:34:01.034821+00:00
2021-06-23,2.5,chinabond_official,1001.CB,ChinaBond Government Bond Yield Curve,0,1.0,https://yield.chinabond.com.cn/cbweb-czb-web/czb/historyQuery,2026-08-09T11:34:01.034821+00:00
2021-06-24,2.47,chinabond_official,1001.CB,ChinaBond Government Bond Yield Curve,0,1.0,https://yield.chinabond.com.cn/cbweb-czb-web/czb/historyQuery,2026-08-09T11:34:01.034821+00:00
2021-06-25,2.44,chinabond_official,1001.CB,ChinaBond Government Bond Yield Curve,0,1.0,https://yield.chinabond.com.cn/cbweb-czb-web/czb/historyQuery,2026-08-09T11:34:01.034821+00:00
2021-06-28,2.47,chinabond_official,1001.CB,ChinaBond Government Bond Yield Curve,0,1.0,https://yield.chinabond.com.cn/cbweb-czb-web/czb/historyQuery,2026-08-09T11:34:01.034821+00:00
2021-06-29,2.46,chinabond_official,1001.CB,ChinaBond Government Bond Yield Curve,0,1.0,https://yield.chinabond.com.cn/cbweb-czb-web/czb/historyQuery,2026-08-09T11:34:01.034821+00:00
2021-06-30,2.43,chinabond_official,1001.CB,ChinaBond Government Bond Yield Curve,0,1.0,https://yield.chinabond.com.cn/cbweb-czb-web/czb/historyQuery,2026-08-09T11:34:01.034821+00:00
2021-07-01,2.42,chinabond_official,1001.CB,ChinaBond Government Bond Yield Curve,0,1.0,https://yield.chinabond.com.cn/cbweb-czb-web/czb/historyQuery,2026-08-09T11:34:01.034821+00:00
2021-07-02,2.4,chinabond_official,1001.CB,ChinaBond Government Bond Yield Curve,0,1.0,https://yield.chinabond.com.cn/cbweb-czb-web/czb/historyQuery,2026-08-09T11:34:01.034821+00:00
2021-07-05,2.41,chinabond_official,1001.CB,ChinaBond Government Bond Yield Curve,0,1.0,https://yield.chinabond.com.cn/cbweb-czb-web/czb/historyQuery,2026-08-09T11:34:01.034821+00:00
2021-07-06,2.41,chinabond_official,1001.CB,ChinaBond Government Bond Yield Curve,0,1.0,https://yield.chinabond.com.cn/cbweb-czb-web/czb/historyQuery,2026-08-09T11:34:01.034821+00:00
2021-07-07,2.4,chinabond_official,1001.CB,ChinaBond Government Bond Yield Curve,0,1.0,https://yield.chinabond.com.cn/cbweb-czb-web/czb/historyQuery,2026-08-09T11:34:01.034821+00:00
2021-07-08,2.32,chinabond_official,1001.CB,ChinaBond Government Bond Yield Curve,0,1.0,https://yield.chinabond.com.cn/cbweb-czb-web/czb/historyQuery,2026-08-09T11:34:01.034821+00:00
2021-07-09,2.35,chinabond_official,1001.CB,ChinaBond Government Bond Yield Curve,0,1.0,https://yield.chinabond.com.cn/cbweb-czb-web/czb/historyQuery,2026-08-09T11:34:01.034821+00:00
2021-07-12,2.32,chinabond_official,1001.CB,ChinaBond Government Bond Yield Curve,0,1.0,https://yield.chinabond.com.cn/cbweb-czb-web/czb/historyQuery,2026-08-09T11:34:01.034821+00:00
2021-07-13,2.3,chinabond_official,1001.CB,ChinaBond Government Bond Yield Curve,0,1.0,https://yield.chinabond.com.cn/cbweb-czb-web/czb/historyQuery,2026-08-09T11:34:01.034821+00:00
2021-07-14,2.28,chinabond_official,1001.CB,ChinaBond Government Bond Yield Curve,0,1.0,https://yield.chinabond.com.cn/cbweb-czb-web/czb/historyQuery,2026-08-09T11:34:01.034821+00:00
2021-07-15,2.29,chinabond_official,1001.CB,ChinaBond Government Bond Yield Curve,0,1.0,https://yield.chinabond.com.cn/cbweb-czb-web/czb/historyQuery,2026-08-09T11:34:01.034821+00:00
2021-07-16,2.27,chinabond_official,1001.CB,ChinaBond Government Bond Yield Curve,0,1.0,https://yield.chinabond.com.cn/cbweb-czb-web/czb/historyQuery,2026-08-09T11:34:01.034821+00:00
2021-07-19,2.26,chinabond_official,1001.CB,ChinaBond Government Bond Yield Curve,0,1.0,https://yield.chinabond.com.cn/cbweb-czb-web/czb/historyQuery,2026-08-09T11:34:01.034821+00:00
2021-07-20,2.21,chinabond_official,1001.CB,ChinaBond Government Bond Yield Curve,0,1.0,https://yield.chinabond.com.cn/cbweb-czb-web/czb/historyQuery,2026-08-09T11:34:01.034821+00:00
2021-07-21,2.18,chinabond_official,1001.CB,ChinaBond Government Bond Yield Curve,0,1.0,https://yield.chinabond.com.cn/cbweb-czb-web/czb/historyQuery,2026-08-09T11:34:01.034821+00:00
2021-07-22,2.16,chinabond_official,1001.CB,ChinaBond Government Bond Yield Curve,0,1.0,https://yield.chinabond.com.cn/cbweb-czb-web/czb/historyQuery,2026-08-09T11:34:01.034821+00:00
2021-07-23,2.11,chinabond_official,1001.CB,ChinaBond Government Bond Yield Curve,0,1.0,https://yield.chinabond.com.cn/cbweb-czb-web/czb/historyQuery,2026-08-09T11:34:01.034821+00:00
2021-07-26,2.13,chinabond_official,1001.CB,ChinaBond Government Bond Yield Curve,0,1.0,https://yield.chinabond.com.cn/cbweb-czb-web/czb/historyQuery,2026-08-09T11:34:01.034821+00:00
2021-07-27,2.21,chinabond_official,1001.CB,ChinaBond Government Bond Yield Curve,0,1.0,https://yield.chinabond.com.cn/cbweb-czb-web/czb/historyQuery,2026-08-09T11:34:01.034821+00:00
2021-07-28,2.21,chinabond_official,1001.CB,ChinaBond Government Bond Yield Curve,0,1.0,https://yield.chinabond.com.cn/cbweb-czb-web/czb/historyQuery,2026-08-09T11:34:01.034821+00:00
2021-07-29,2.16,chinabond_official,1001.CB,ChinaBond Government Bond Yield Curve,0,1.0,https://yield.chinabond.com.cn/cbweb-czb-web/czb/historyQuery,2026-08-09T11:34:01.034821+00:00
2021-07-30,2.13,chinabond_official,1001.CB,ChinaBond Government Bond Yield Curve,0,1.0,https://yield.chinabond.com.cn/cbweb-czb-web/czb/historyQuery,2026-08-09T11:34:01.034821+00:00
2021-08-02,2.13,chinabond_official,1001.CB,ChinaBond Government Bond Yield Curve,0,1.0,https://yield.chinabond.com.cn/cbweb-czb-web/czb/historyQuery,2026-08-09T11:34:01.034821+00:00
2021-08-03,2.13,chinabond_official,1001.CB,ChinaBond Government Bond Yield Curve,0,1.0,https://yield.chinabond.com.cn/cbweb-czb-web/czb/historyQuery,2026-08-09T11:34:01.034821+00:00
2021-08-04,2.14,chinabond_official,1001.CB,ChinaBond Government Bond Yield Curve,0,1.0,https://yield.chinabond.com.cn/cbweb-czb-web/czb/historyQuery,2026-08-09T11:34:01.034821+00:00
2021-08-05,2.15,chinabond_official,1001.CB,ChinaBond Government Bond Yield Curve,0,1.0,https://yield.chinabond.com.cn/cbweb-czb-web/czb/historyQuery,2026-08-09T11:34:01.034821+00:00
2021-08-06,2.15,chinabond_official,1001.CB,ChinaBond Government Bond Yield Curve,0,1.0,https://yield.chinabond.com.cn/cbweb-czb-web/czb/historyQuery,2026-08-09T11:34:01.034821+00:00
2021-08-09,2.21,chinabond_official,1001.CB,ChinaBond Government Bond Yield Curve,0,1.0,https://yield.chinabond.com.cn/cbweb-czb-web/czb/historyQuery,2026-08-09T11:34:01.034821+00:00
2021-08-10,2.18,chinabond_official,1001.CB,ChinaBond Government Bond Yield Curve,0,1.0,https://yield.chinabond.com.cn/cbweb-czb-web/czb/historyQuery,2026-08-09T11:34:01.034821+00:00
2021-08-11,2.19,chinabond_official,1001.CB,ChinaBond Government Bond Yield Curve,0,1.0,https://yield.chinabond.com.cn/cbweb-czb-web/czb/historyQuery,2026-08-09T11:34:01.034821+00:00
2021-08-12,2.19,chinabond_official,1001.CB,ChinaBond Government Bond Yield Curve,0,1.0,https://yield.chinabond.com.cn/cbweb-czb-web/czb/historyQuery,2026-08-09T11:34:01.034821+00:00
2021-08-13,2.22,chinabond_official,1001.CB,ChinaBond Government Bond Yield Curve,0,1.0,https://yield.chinabond.com.cn/cbweb-czb-web/czb/historyQuery,2026-08-09T11:34:01.034821+00:00
2021-08-16,2.22,chinabond_official,1001.CB,ChinaBond Government Bond Yield Curve,0,1.0,https://yield.chinabond.com.cn/cbweb-czb-web/czb/historyQuery,2026-08-09T11:34:01.034821+00:00
2021-08-17,2.22,chinabond_official,1001.CB,ChinaBond Government Bond Yield Curve,0,1.0,https://yield.chinabond.com.cn/cbweb-czb-web/czb/historyQuery,2026-08-09T11:34:01.034821+00:00
2021-08-18,2.23,chinabond_official,1001.CB,ChinaBond Government Bond Yield Curve,0,1.0,https://yield.chinabond.com.cn/cbweb-czb-web/czb/historyQuery,2026-08-09T11:34:01.034821+00:00
2021-08-19,2.24,chinabond_official,1001.CB,ChinaBond Government Bond Yield Curve,0,1.0,https://yield.chinabond.com.cn/cbweb-czb-web/czb/historyQuery,2026-08-09T11:34:01.034821+00:00
2021-08-20,2.27,chinabond_official,1001.CB,ChinaBond Government Bond Yield Curve,0,1.0,https://yield.chinabond.com.cn/cbweb-czb-web/czb/historyQuery,2026-08-09T11:34:01.034821+00:00
2021-08-23,2.3,chinabond_official,1001.CB,ChinaBond Government Bond Yield Curve,0,1.0,https://yield.chinabond.com.cn/cbweb-czb-web/czb/historyQuery,2026-08-09T11:34:01.034821+00:00
2021-08-24,2.29,chinabond_official,1001.CB,ChinaBond Government Bond Yield Curve,0,1.0,https://yield.chinabond.com.cn/cbweb-czb-web/czb/historyQuery,2026-08-09T11:34:01.034821+00:00
2021-08-25,2.3,chinabond_official,1001.CB,ChinaBond Government Bond Yield Curve,0,1.0,https://yield.chinabond.com.cn/cbweb-czb-web/czb/historyQuery,2026-08-09T11:34:01.034821+00:00
2021-08-26,2.32,chinabond_official,1001.CB,ChinaBond Government Bond Yield Curve,0,1.0,https://yield.chinabond.com.cn/cbweb-czb-web/czb/historyQuery,2026-08-09T11:34:01.034821+00:00
2021-08-27,2.32,chinabond_official,1001.CB,ChinaBond Government Bond Yield Curve,0,1.0,https://yield.chinabond.com.cn/cbweb-czb-web/czb/historyQuery,2026-08-09T11:34:01.034821+00:00
2021-08-30,2.31,chinabond_official,1001.CB,ChinaBond Government Bond Yield Curve,0,1.0,https://yield.chinabond.com.cn/cbweb-czb-web/czb/historyQuery,2026-08-09T11:34:01.034821+00:00
2021-08-31,2.31,chinabond_official,1001.CB,ChinaBond Government Bond Yield Curve,0,1.0,https://yield.chinabond.com.cn/cbweb-czb-web/czb/historyQuery,2026-08-09T11:34:01.034821+00:00
2021-09-01,2.29,chinabond_official,1001.CB,ChinaBond Government Bond Yield Curve,0,1.0,https://yield.chinabond.com.cn/cbweb-czb-web/czb/historyQuery,2026-08-09T11:34:01.034821+00:00
2021-09-02,2.3,chinabond_official,1001.CB,ChinaBond Government Bond Yield Curve,0,1.0,https://yield.chinabond.com.cn/cbweb-czb-web/czb/historyQuery,2026-08-09T11:34:01.034821+00:00
2021-09-03,2.31,chinabond_official,1001.CB,ChinaBond Government Bond Yield Curve,0,1.0,https://yield.chinabond.com.cn/cbweb-czb-web/czb/historyQuery,2026-08-09T11:34:01.034821+00:00
2021-09-06,2.31,chinabond_official,1001.CB,ChinaBond Government Bond Yield Curve,0,1.0,https://yield.chinabond.com.cn/cbweb-czb-web/czb/historyQuery,2026-08-09T11:34:01.034821+00:00
2021-09-07,2.31,chinabond_official,1001.CB,ChinaBond Government Bond Yield Curve,0,1.0,https://yield.chinabond.com.cn/cbweb-czb-web/czb/historyQuery,2026-08-09T11:34:01.034821+00:00
2021-09-08,2.32,chinabond_official,1001.CB,ChinaBond Government Bond Yield Curve,0,1.0,https://yield.chinabond.com.cn/cbweb-czb-web/czb/historyQuery,2026-08-09T11:34:01.034821+00:00
2021-09-09,2.35,chinabond_official,1001.CB,ChinaBond Government Bond Yield Curve,0,1.0,https://yield.chinabond.com.cn/cbweb-czb-web/czb/historyQuery,2026-08-09T11:34:01.034821+00:00
2021-09-10,2.37,chinabond_official,1001.CB,ChinaBond Government Bond Yield Curve,0,1.0,https://yield.chinabond.com.cn/cbweb-czb-web/czb/historyQuery,2026-08-09T11:34:01.034821+00:00
2021-09-13,2.38,chinabond_official,1001.CB,ChinaBond Government Bond Yield Curve,0,1.0,https://yield.chinabond.com.cn/cbweb-czb-web/czb/historyQuery,2026-08-09T11:34:01.034821+00:00
2021-09-14,2.4,chinabond_official,1001.CB,ChinaBond Government Bond Yield Curve,0,1.0,https://yield.chinabond.com.cn/cbweb-czb-web/czb/historyQuery,2026-08-09T11:34:01.034821+00:00
2021-09-15,2.4,chinabond_official,1001.CB,ChinaBond Government Bond Yield Curve,0,1.0,https://yield.chinabond.com.cn/cbweb-czb-web/czb/historyQuery,2026-08-09T11:34:01.034821+00:00
2021-09-16,2.4,chinabond_official,1001.CB,ChinaBond Government Bond Yield Curve,0,1.0,https://yield.chinabond.com.cn/cbweb-czb-web/czb/historyQuery,2026-08-09T11:34:01.034821+00:00
2021-09-17,2.4,chinabond_official,1001.CB,ChinaBond Government Bond Yield Curve,0,1.0,https://yield.chinabond.com.cn/cbweb-czb-web/czb/historyQuery,2026-08-09T11:34:01.034821+00:00
2021-09-18,2.39,chinabond_official,1001.CB,ChinaBond Government Bond Yield Curve,0,1.0,https://yield.chinabond.com.cn/cbweb-czb-web/czb/historyQuery,2026-08-09T11:34:01.034821+00:00
2021-09-22,2.33,chinabond_official,1001.CB,ChinaBond Government Bond Yield Curve,0,1.0,https://yield.chinabond.com.cn/cbweb-czb-web/czb/historyQuery,2026-08-09T11:34:01.034821+00:00
2021-09-23,2.34,chinabond_official,1001.CB,ChinaBond Government Bond Yield Curve,0,1.0,https://yield.chinabond.com.cn/cbweb-czb-web/czb/historyQuery,2026-08-09T11:34:01.034821+00:00
2021-09-24,2.38,chinabond_official,1001.CB,ChinaBond Government Bond Yield Curve,0,1.0,https://yield.chinabond.com.cn/cbweb-czb-web/czb/historyQuery,2026-08-09T11:34:01.034821+00:00
2021-09-26,2.37,chinabond_official,1001.CB,ChinaBond Government Bond Yield Curve,0,1.0,https://yield.chinabond.com.cn/cbweb-czb-web/czb/historyQuery,2026-08-09T11:34:01.034821+00:00
2021-09-27,2.4,chinabond_official,1001.CB,ChinaBond Government Bond Yield Curve,0,1.0,https://yield.chinabond.com.cn/cbweb-czb-web/czb/historyQuery,2026-08-09T11:34:01.034821+00:00
2021-09-28,2.37,chinabond_official,1001.CB,ChinaBond Government Bond Yield Curve,0,1.0,https://yield.chinabond.com.cn/cbweb-czb-web/czb/historyQuery,2026-08-09T11:34:01.034821+00:00
2021-09-29,2.36,chinabond_official,1001.CB,ChinaBond Government Bond Yield Curve,0,1.0,https://yield.chinabond.com.cn/cbweb-czb-web/czb/historyQuery,2026-08-09T11:34:01.034821+00:00
2021-09-30,2.33,chinabond_official,1001.CB,ChinaBond Government Bond Yield Curve,0,1.0,https://yield.chinabond.com.cn/cbweb-czb-web/czb/historyQuery,2026-08-09T11:34:01.034821+00:00
2021-10-08,2.34,chinabond_official,1001.CB,ChinaBond Government Bond Yield Curve,0,1.0,https://yield.chinabond.com.cn/cbweb-czb-web/czb/historyQuery,2026-08-09T11:34:01.034821+00:00
2021-10-09,2.33,chinabond_official,1001.CB,ChinaBond Government Bond Yield Curve,0,1.0,https://yield.chinabond.com.cn/cbweb-czb-web/czb/historyQuery,2026-08-09T11:34:01.034821+00:00
2021-10-11,2.35,chinabond_official,1001.CB,ChinaBond Government Bond Yield Curve,0,1.0,https://yield.chinabond.com.cn/cbweb-czb-web/czb/historyQuery,2026-08-09T11:34:01.034821+00:00
2021-10-12,2.35,chinabond_official,1001.CB,ChinaBond Government Bond Yield Curve,0,1.0,https://yield.chinabond.com.cn/cbweb-czb-web/czb/historyQuery,2026-08-09T11:34:01.034821+00:00
2021-10-13,2.34,chinabond_official,1001.CB,ChinaBond Government Bond Yield Curve,0,1.0,https://yield.chinabond.com.cn/cbweb-czb-web/czb/historyQuery,2026-08-09T11:34:01.034821+00:00
2021-10-14,2.33,chinabond_official,1001.CB,ChinaBond Government Bond Yield Curve,0,1.0,https://yield.chinabond.com.cn/cbweb-czb-web/czb/historyQuery,2026-08-09T11:34:01.034821+00:00
2021-10-15,2.34,chinabond_official,1001.CB,ChinaBond Government Bond Yield Curve,0,1.0,https://yield.chinabond.com.cn/cbweb-czb-web/czb/historyQuery,2026-08-09T11:34:01.034821+00:00
2021-10-18,2.37,chinabond_official,1001.CB,ChinaBond Government Bond Yield Curve,0,1.0,https://yield.chinabond.com.cn/cbweb-czb-web/czb/historyQuery,2026-08-09T11:34:01.034821+00:00
2021-10-19,2.38,chinabond_official,1001.CB,ChinaBond Government Bond Yield Curve,0,1.0,https://yield.chinabond.com.cn/cbweb-czb-web/czb/historyQuery,2026-08-09T11:34:01.034821+00:00
2021-10-20,2.38,chinabond_official,1001.CB,ChinaBond Government Bond Yield Curve,0,1.0,https://yield.chinabond.com.cn/cbweb-czb-web/czb/historyQuery,2026-08-09T11:34:01.034821+00:00
2021-10-21,2.36,chinabond_official,1001.CB,ChinaBond Government Bond Yield Curve,0,1.0,https://yield.chinabond.com.cn/cbweb-czb-web/czb/historyQuery,2026-08-09T11:34:01.034821+00:00
2021-10-22,2.35,chinabond_official,1001.CB,ChinaBond Government Bond Yield Curve,0,1.0,https://yield.chinabond.com.cn/cbweb-czb-web/czb/historyQuery,2026-08-09T11:34:01.034821+00:00
2021-10-25,2.34,chinabond_official,1001.CB,ChinaBond Government Bond Yield Curve,0,1.0,https://yield.chinabond.com.cn/cbweb-czb-web/czb/historyQuery,2026-08-09T11:34:01.034821+00:00
2021-10-26,2.34,chinabond_official,1001.CB,ChinaBond Government Bond Yield Curve,0,1.0,https://yield.chinabond.com.cn/cbweb-czb-web/czb/historyQuery,2026-08-09T11:34:01.034821+00:00
2021-10-27,2.34,chinabond_official,1001.CB,ChinaBond Government Bond Yield Curve,0,1.0,https://yield.chinabond.com.cn/cbweb-czb-web/czb/historyQuery,2026-08-09T11:34:01.034821+00:00
2021-10-28,2.34,chinabond_official,1001.CB,ChinaBond Government Bond Yield Curve,0,1.0,https://yield.chinabond.com.cn/cbweb-czb-web/czb/historyQuery,2026-08-09T11:34:01.034821+00:00
2021-10-29,2.31,chinabond_official,1001.CB,ChinaBond Government Bond Yield Curve,0,1.0,https://yield.chinabond.com.cn/cbweb-czb-web/czb/historyQuery,2026-08-09T11:34:01.034821+00:00
2021-11-01,2.32,chinabond_official,1001.CB,ChinaBond Government Bond Yield Curve,0,1.0,https://yield.chinabond.com.cn/cbweb-czb-web/czb/historyQuery,2026-08-09T11:34:01.034821+00:00
2021-11-02,2.31,chinabond_official,1001.CB,ChinaBond Government Bond Yield Curve,0,1.0,https://yield.chinabond.com.cn/cbweb-czb-web/czb/historyQuery,2026-08-09T11:34:01.034821+00:00
2021-11-03,2.3,chinabond_official,1001.CB,ChinaBond Government Bond Yield Curve,0,1.0,https://yield.chinabond.com.cn/cbweb-czb-web/czb/historyQuery,2026-08-09T11:34:01.034821+00:00
2021-11-04,2.3,chinabond_official,1001.CB,ChinaBond Government Bond Yield Curve,0,1.0,https://yield.chinabond.com.cn/cbweb-czb-web/czb/historyQuery,2026-08-09T11:34:01.034821+00:00
2021-11-05,2.29,chinabond_official,1001.CB,ChinaBond Government Bond Yield Curve,0,1.0,https://yield.chinabond.com.cn/cbweb-czb-web/czb/historyQuery,2026-08-09T11:34:01.034821+00:00
2021-11-08,2.28,chinabond_official,1001.CB,ChinaBond Government Bond Yield Curve,0,1.0,https://yield.chinabond.com.cn/cbweb-czb-web/czb/historyQuery,2026-08-09T11:34:01.034821+00:00
2021-11-09,2.29,chinabond_official,1001.CB,ChinaBond Government Bond Yield Curve,0,1.0,https://yield.chinabond.com.cn/cbweb-czb-web/czb/historyQuery,2026-08-09T11:34:01.034821+00:00
2021-11-10,2.29,chinabond_official,1001.CB,ChinaBond Government Bond Yield Curve,0,1.0,https://yield.chinabond.com.cn/cbweb-czb-web/czb/historyQuery,2026-08-09T11:34:01.034821+00:00
2021-11-11,2.29,chinabond_official,1001.CB,ChinaBond Government Bond Yield Curve,0,1.0,https://yield.chinabond.com.cn/cbweb-czb-web/czb/historyQuery,2026-08-09T11:34:01.034821+00:00
2021-11-12,2.28,chinabond_official,1001.CB,ChinaBond Government Bond Yield Curve,0,1.0,https://yield.chinabond.com.cn/cbweb-czb-web/czb/historyQuery,2026-08-09T11:34:01.034821+00:00
2021-11-15,2.27,chinabond_official,1001.CB,ChinaBond Government Bond Yield Curve,0,1.0,https://yield.chinabond.com.cn/cbweb-czb-web/czb/historyQuery,2026-08-09T11:34:01.034821+00:00
2021-11-16,2.27,chinabond_official,1001.CB,ChinaBond Government Bond Yield Curve,0,1.0,https://yield.chinabond.com.cn/cbweb-czb-web/czb/historyQuery,2026-08-09T11:34:01.034821+00:00
2021-11-17,2.28,chinabond_official,1001.CB,ChinaBond Government Bond Yield Curve,0,1.0,https://yield.chinabond.com.cn/cbweb-czb-web/czb/historyQuery,2026-08-09T11:34:01.034821+00:00
2021-11-18,2.27,chinabond_official,1001.CB,ChinaBond Government Bond Yield Curve,0,1.0,https://yield.chinabond.com.cn/cbweb-czb-web/czb/historyQuery,2026-08-09T11:34:01.034821+00:00
2021-11-19,2.26,chinabond_official,1001.CB,ChinaBond Government Bond Yield Curve,0,1.0,https://yield.chinabond.com.cn/cbweb-czb-web/czb/historyQuery,2026-08-09T11:34:01.034821+00:00
2021-11-22,2.25,chinabond_official,1001.CB,ChinaBond Government Bond Yield Curve,0,1.0,https://yield.chinabond.com.cn/cbweb-czb-web/czb/historyQuery,2026-08-09T11:34:01.034821+00:00
2021-11-23,2.25,chinabond_official,1001.CB,ChinaBond Government Bond Yield Curve,0,1.0,https://yield.chinabond.com.cn/cbweb-czb-web/czb/historyQuery,2026-08-09T11:34:01.034821+00:00
2021-11-24,2.24,chinabond_official,1001.CB,ChinaBond Government Bond Yield Curve,0,1.0,https://yield.chinabond.com.cn/cbweb-czb-web/czb/historyQuery,2026-08-09T11:34:01.034821+00:00
2021-11-25,2.25,chinabond_official,1001.CB,ChinaBond Government Bond Yield Curve,0,1.0,https://yield.chinabond.com.cn/cbweb-czb-web/czb/historyQuery,2026-08-09T11:34:01.034821+00:00
2021-11-26,2.24,chinabond_official,1001.CB,ChinaBond Government Bond Yield Curve,0,1.0,https://yield.chinabond.com.cn/cbweb-czb-web/czb/historyQuery,2026-08-09T11:34:01.034821+00:00
2021-11-29,2.25,chinabond_official,1001.CB,ChinaBond Government Bond Yield Curve,0,1.0,https://yield.chinabond.com.cn/cbweb-czb-web/czb/historyQuery,2026-08-09T11:34:01.034821+00:00
2021-11-30,2.25,chinabond_official,1001.CB,ChinaBond Government Bond Yield Curve,0,1.0,https://yield.chinabond.com.cn/cbweb-czb-web/czb/historyQuery,2026-08-09T11:34:01.034821+00:00
2021-12-01,2.24,chinabond_official,1001.CB,ChinaBond Government Bond Yield Curve,0,1.0,https://yield.chinabond.com.cn/cbweb-czb-web/czb/historyQuery,2026-08-09T11:34:01.034821+00:00
2021-12-02,2.24,chinabond_official,1001.CB,ChinaBond Government Bond Yield Curve,0,1.0,https://yield.chinabond.com.cn/cbweb-czb-web/czb/historyQuery,2026-08-09T11:34:01.034821+00:00
2021-12-03,2.26,chinabond_official,1001.CB,ChinaBond Government Bond Yield Curve,0,1.0,https://yield.chinabond.com.cn/cbweb-czb-web/czb/historyQuery,2026-08-09T11:34:01.034821+00:00
2021-12-06,2.25,chinabond_official,1001.CB,ChinaBond Government Bond Yield Curve,0,1.0,https://yield.chinabond.com.cn/cbweb-czb-web/czb/historyQuery,2026-08-09T11:34:01.034821+00:00
2021-12-07,2.25,chinabond_official,1001.CB,ChinaBond Government Bond Yield Curve,0,1.0,https://yield.chinabond.com.cn/cbweb-czb-web/czb/historyQuery,2026-08-09T11:34:01.034821+00:00
2021-12-08,2.27,chinabond_official,1001.CB,ChinaBond Government Bond Yield Curve,0,1.0,https://yield.chinabond.com.cn/cbweb-czb-web/czb/historyQuery,2026-08-09T11:34:01.034821+00:00
2021-12-09,2.28,chinabond_official,1001.CB,ChinaBond Government Bond Yield Curve,0,1.0,https://yield.chinabond.com.cn/cbweb-czb-web/czb/historyQuery,2026-08-09T11:34:01.034821+00:00
2021-12-10,2.28,chinabond_official,1001.CB,ChinaBond Government Bond Yield Curve,0,1.0,https://yield.chinabond.com.cn/cbweb-czb-web/czb/historyQuery,2026-08-09T11:34:01.034821+00:00
2021-12-13,2.3,chinabond_official,1001.CB,ChinaBond Government Bond Yield Curve,0,1.0,https://yield.chinabond.com.cn/cbweb-czb-web/czb/historyQuery,2026-08-09T11:34:01.034821+00:00
2021-12-14,2.3,chinabond_official,1001.CB,ChinaBond Government Bond Yield Curve,0,1.0,https://yield.chinabond.com.cn/cbweb-czb-web/czb/historyQuery,2026-08-09T11:34:01.034821+00:00
2021-12-15,2.31,chinabond_official,1001.CB,ChinaBond Government Bond Yield Curve,0,1.0,https://yield.chinabond.com.cn/cbweb-czb-web/czb/historyQuery,2026-08-09T11:34:01.034821+00:00
2021-12-16,2.31,chinabond_official,1001.CB,ChinaBond Government Bond Yield Curve,0,1.0,https://yield.chinabond.com.cn/cbweb-czb-web/czb/historyQuery,2026-08-09T11:34:01.034821+00:00
2021-12-17,2.32,chinabond_official,1001.CB,ChinaBond Government Bond Yield Curve,0,1.0,https://yield.chinabond.com.cn/cbweb-czb-web/czb/historyQuery,2026-08-09T11:34:01.034821+00:00
2021-12-20,2.36,chinabond_official,1001.CB,ChinaBond Government Bond Yield Curve,0,1.0,https://yield.chinabond.com.cn/cbweb-czb-web/czb/historyQuery,2026-08-09T11:34:01.034821+00:00
2021-12-21,2.38,chinabond_official,1001.CB,ChinaBond Government Bond Yield Curve,0,1.0,https://yield.chinabond.com.cn/cbweb-czb-web/czb/historyQuery,2026-08-09T11:34:01.034821+00:00
2021-12-22,2.37,chinabond_official,1001.CB,ChinaBond Government Bond Yield Curve,0,1.0,https://yield.chinabond.com.cn/cbweb-czb-web/czb/historyQuery,2026-08-09T11:34:01.034821+00:00
2021-12-23,2.33,chinabond_official,1001.CB,ChinaBond Government Bond Yield Curve,0,1.0,https://yield.chinabond.com.cn/cbweb-czb-web/czb/historyQuery,2026-08-09T11:34:01.034821+00:00
2021-12-24,2.34,chinabond_official,1001.CB,ChinaBond Government Bond Yield Curve,0,1.0,https://yield.chinabond.com.cn/cbweb-czb-web/czb/historyQuery,2026-08-09T11:34:01.034821+00:00
2021-12-27,2.35,chinabond_official,1001.CB,ChinaBond Government Bond Yield Curve,0,1.0,https://yield.chinabond.com.cn/cbweb-czb-web/czb/historyQuery,2026-08-09T11:34:01.034821+00:00
2021-12-28,2.34,chinabond_official,1001.CB,ChinaBond Government Bond Yield Curve,0,1.0,https://yield.chinabond.com.cn/cbweb-czb-web/czb/historyQuery,2026-08-09T11:34:01.034821+00:00
2021-12-29,2.34,chinabond_official,1001.CB,ChinaBond Government Bond Yield Curve,0,1.0,https://yield.chinabond.com.cn/cbweb-czb-web/czb/historyQuery,2026-08-09T11:34:01.034821+00:00
2021-12-30,2.29,chinabond_official,1001.CB,ChinaBond Government Bond Yield Curve,0,1.0,https://yield.chinabond.com.cn/cbweb-czb-web/czb/historyQuery,2026-08-09T11:34:01.034821+00:00
2021-12-31,2.24,chinabond_official,1001.CB,ChinaBond Government Bond Yield Curve,0,1.0,https://yield.chinabond.com.cn/cbweb-czb-web/czb/historyQuery,2026-08-09T11:34:01.034821+00:00
2022-01-04,2.25,chinabond_official,1001.CB,ChinaBond Government Bond Yield Curve,0,1.0,https://yield.chinabond.com.cn/cbweb-czb-web/czb/historyQuery,2026-08-09T11:34:01.034821+00:00
2022-01-05,2.23,chinabond_official,1001.CB,ChinaBond Government Bond Yield Curve,0,1.0,https://yield.chinabond.com.cn/cbweb-czb-web/czb/historyQuery,2026-08-09T11:34:01.034821+00:00
2022-01-06,2.23,chinabond_official,1001.CB,ChinaBond Government Bond Yield Curve,0,1.0,https://yield.chinabond.com.cn/cbweb-czb-web/czb/historyQuery,2026-08-09T11:34:01.034821+00:00
2022-01-07,2.23,chinabond_official,1001.CB,ChinaBond Government Bond Yield Curve,0,1.0,https://yield.chinabond.com.cn/cbweb-czb-web/czb/historyQuery,2026-08-09T11:34:01.034821+00:00
2022-01-10,2.21,chinabond_official,1001.CB,ChinaBond Government Bond Yield Curve,0,1.0,https://yield.chinabond.com.cn/cbweb-czb-web/czb/historyQuery,2026-08-09T11:34:01.034821+00:00
2022-01-11,2.2,chinabond_official,1001.CB,ChinaBond Government Bond Yield Curve,0,1.0,https://yield.chinabond.com.cn/cbweb-czb-web/czb/historyQuery,2026-08-09T11:34:01.034821+00:00
2022-01-12,2.19,chinabond_official,1001.CB,ChinaBond Government Bond Yield Curve,0,1.0,https://yield.chinabond.com.cn/cbweb-czb-web/czb/historyQuery,2026-08-09T11:34:01.034821+00:00
2022-01-13,2.18,chinabond_official,1001.CB,ChinaBond Government Bond Yield Curve,0,1.0,https://yield.chinabond.com.cn/cbweb-czb-web/czb/historyQuery,2026-08-09T11:34:01.034821+00:00
2022-01-14,2.17,chinabond_official,1001.CB,ChinaBond Government Bond Yield Curve,0,1.0,https://yield.chinabond.com.cn/cbweb-czb-web/czb/historyQuery,2026-08-09T11:34:01.034821+00:00
2022-01-17,2.16,chinabond_official,1001.CB,ChinaBond Government Bond Yield Curve,0,1.0,https://yield.chinabond.com.cn/cbweb-czb-web/czb/historyQuery,2026-08-09T11:34:01.034821+00:00
2022-01-18,2.05,chinabond_official,1001.CB,ChinaBond Government Bond Yield Curve,0,1.0,https://yield.chinabond.com.cn/cbweb-czb-web/czb/historyQuery,2026-08-09T11:34:01.034821+00:00
2022-01-19,2.04,chinabond_official,1001.CB,ChinaBond Government Bond Yield Curve,0,1.0,https://yield.chinabond.com.cn/cbweb-czb-web/czb/historyQuery,2026-08-09T11:34:01.034821+00:00
2022-01-20,2.02,chinabond_official,1001.CB,ChinaBond Government Bond Yield Curve,0,1.0,https://yield.chinabond.com.cn/cbweb-czb-web/czb/historyQuery,2026-08-09T11:34:01.034821+00:00
2022-01-21,2.0,chinabond_official,1001.CB,ChinaBond Government Bond Yield Curve,0,1.0,https://yield.chinabond.com.cn/cbweb-czb-web/czb/historyQuery,2026-08-09T11:34:01.034821+00:00
2022-01-24,1.95,chinabond_official,1001.CB,ChinaBond Government Bond Yield Curve,0,1.0,https://yield.chinabond.com.cn/cbweb-czb-web/czb/historyQuery,2026-08-09T11:34:01.034821+00:00
2022-01-25,1.97,chinabond_official,1001.CB,ChinaBond Government Bond Yield Curve,0,1.0,https://yield.chinabond.com.cn/cbweb-czb-web/czb/historyQuery,2026-08-09T11:34:01.034821+00:00
2022-01-26,1.98,chinabond_official,1001.CB,ChinaBond Government Bond Yield Curve,0,1.0,https://yield.chinabond.com.cn/cbweb-czb-web/czb/historyQuery,2026-08-09T11:34:01.034821+00:00
2022-01-27,1.99,chinabond_official,1001.CB,ChinaBond Government Bond Yield Curve,0,1.0,https://yield.chinabond.com.cn/cbweb-czb-web/czb/historyQuery,2026-08-09T11:34:01.034821+00:00
2022-01-28,1.95,chinabond_official,1001.CB,ChinaBond Government Bond Yield Curve,0,1.0,https://yield.chinabond.com.cn/cbweb-czb-web/czb/historyQuery,2026-08-09T11:34:01.034821+00:00
2022-01-29,1.95,chinabond_official,1001.CB,ChinaBond Government Bond Yield Curve,0,1.0,https://yield.chinabond.com.cn/cbweb-czb-web/czb/historyQuery,2026-08-09T11:34:01.034821+00:00
2022-01-30,1.95,chinabond_official,1001.CB,ChinaBond Government Bond Yield Curve,0,1.0,https://yield.chinabond.com.cn/cbweb-czb-web/czb/historyQuery,2026-08-09T11:34:01.034821+00:00
2022-02-07,1.95,chinabond_official,1001.CB,ChinaBond Government Bond Yield Curve,0,1.0,https://yield.chinabond.com.cn/cbweb-czb-web/czb/historyQuery,2026-08-09T11:34:01.034821+00:00
2022-02-08,1.9,chinabond_official,1001.CB,ChinaBond Government Bond Yield Curve,0,1.0,https://yield.chinabond.com.cn/cbweb-czb-web/czb/historyQuery,2026-08-09T11:34:01.034821+00:00
2022-02-09,1.9,chinabond_official,1001.CB,ChinaBond Government Bond Yield Curve,0,1.0,https://yield.chinabond.com.cn/cbweb-czb-web/czb/historyQuery,2026-08-09T11:34:01.034821+00:00
2022-02-10,1.88,chinabond_official,1001.CB,ChinaBond Government Bond Yield Curve,0,1.0,https://yield.chinabond.com.cn/cbweb-czb-web/czb/historyQuery,2026-08-09T11:34:01.034821+00:00
2022-02-11,1.92,chinabond_official,1001.CB,ChinaBond Government Bond Yield Curve,0,1.0,https://yield.chinabond.com.cn/cbweb-czb-web/czb/historyQuery,2026-08-09T11:34:01.034821+00:00
2022-02-14,1.9,chinabond_official,1001.CB,ChinaBond Government Bond Yield Curve,0,1.0,https://yield.chinabond.com.cn/cbweb-czb-web/czb/historyQuery,2026-08-09T11:34:01.034821+00:00
2022-02-15,1.88,chinabond_official,1001.CB,ChinaBond Government Bond Yield Curve,0,1.0,https://yield.chinabond.com.cn/cbweb-czb-web/czb/historyQuery,2026-08-09T11:34:01.034821+00:00
2022-02-16,1.93,chinabond_official,1001.CB,ChinaBond Government Bond Yield Curve,0,1.0,https://yield.chinabond.com.cn/cbweb-czb-web/czb/historyQuery,2026-08-09T11:34:01.034821+00:00
2022-02-17,1.91,chinabond_official,1001.CB,ChinaBond Government Bond Yield Curve,0,1.0,https://yield.chinabond.com.cn/cbweb-czb-web/czb/historyQuery,2026-08-09T11:34:01.034821+00:00
2022-02-18,1.98,chinabond_official,1001.CB,ChinaBond Government Bond Yield Curve,0,1.0,https://yield.chinabond.com.cn/cbweb-czb-web/czb/historyQuery,2026-08-09T11:34:01.034821+00:00
2022-02-21,2.03,chinabond_official,1001.CB,ChinaBond Government Bond Yield Curve,0,1.0,https://yield.chinabond.com.cn/cbweb-czb-web/czb/historyQuery,2026-08-09T11:34:01.034821+00:00
2022-02-22,2.12,chinabond_official,1001.CB,ChinaBond Government Bond Yield Curve,0,1.0,https://yield.chinabond.com.cn/cbweb-czb-web/czb/historyQuery,2026-08-09T11:34:01.034821+00:00
2022-02-23,2.09,chinabond_official,1001.CB,ChinaBond Government Bond Yield Curve,0,1.0,https://yield.chinabond.com.cn/cbweb-czb-web/czb/historyQuery,2026-08-09T11:34:01.034821+00:00
2022-02-24,2.09,chinabond_official,1001.CB,ChinaBond Government Bond Yield Curve,0,1.0,https://yield.chinabond.com.cn/cbweb-czb-web/czb/historyQuery,2026-08-09T11:34:01.034821+00:00
2022-02-25,2.02,chinabond_official,1001.CB,ChinaBond Government Bond Yield Curve,0,1.0,https://yield.chinabond.com.cn/cbweb-czb-web/czb/historyQuery,2026-08-09T11:34:01.034821+00:00
2022-02-28,2.04,chinabond_official,1001.CB,ChinaBond Government Bond Yield Curve,0,1.0,https://yield.chinabond.com.cn/cbweb-czb-web/czb/historyQuery,2026-08-09T11:34:01.034821+00:00
2022-03-01,2.05,chinabond_official,1001.CB,ChinaBond Government Bond Yield Curve,0,1.0,https://yield.chinabond.com.cn/cbweb-czb-web/czb/historyQuery,2026-08-09T11:34:01.034821+00:00
2022-03-02,2.09,chinabond_official,1001.CB,ChinaBond Government Bond Yield Curve,0,1.0,https://yield.chinabond.com.cn/cbweb-czb-web/czb/historyQuery,2026-08-09T11:34:01.034821+00:00
2022-03-03,2.12,chinabond_official,1001.CB,ChinaBond Government Bond Yield Curve,0,1.0,https://yield.chinabond.com.cn/cbweb-czb-web/czb/historyQuery,2026-08-09T11:34:01.034821+00:00
2022-03-04,2.11,chinabond_official,1001.CB,ChinaBond Government Bond Yield Curve,0,1.0,https://yield.chinabond.com.cn/cbweb-czb-web/czb/historyQuery,2026-08-09T11:34:01.034821+00:00
2022-03-07,2.08,chinabond_official,1001.CB,ChinaBond Government Bond Yield Curve,0,1.0,https://yield.chinabond.com.cn/cbweb-czb-web/czb/historyQuery,2026-08-09T11:34:01.034821+00:00
2022-03-08,2.07,chinabond_official,1001.CB,ChinaBond Government Bond Yield Curve,0,1.0,https://yield.chinabond.com.cn/cbweb-czb-web/czb/historyQuery,2026-08-09T11:34:01.034821+00:00
2022-03-09,2.12,chinabond_official,1001.CB,ChinaBond Government Bond Yield Curve,0,1.0,https://yield.chinabond.com.cn/cbweb-czb-web/czb/historyQuery,2026-08-09T11:34:01.034821+00:00
2022-03-10,2.12,chinabond_official,1001.CB,ChinaBond Government Bond Yield Curve,0,1.0,https://yield.chinabond.com.cn/cbweb-czb-web/czb/historyQuery,2026-08-09T11:34:01.034821+00:00
2022-03-11,2.09,chinabond_official,1001.CB,ChinaBond Government Bond Yield Curve,0,1.0,https://yield.chinabond.com.cn/cbweb-czb-web/czb/historyQuery,2026-08-09T11:34:01.034821+00:00
2022-03-14,2.07,chinabond_official,1001.CB,ChinaBond Government Bond Yield Curve,0,1.0,https://yield.chinabond.com.cn/cbweb-czb-web/czb/historyQuery,2026-08-09T11:34:01.034821+00:00
2022-03-15,2.13,chinabond_official,1001.CB,ChinaBond Government Bond Yield Curve,0,1.0,https://yield.chinabond.com.cn/cbweb-czb-web/czb/historyQuery,2026-08-09T11:34:01.034821+00:00
2022-03-16,2.14,chinabond_official,1001.CB,ChinaBond Government Bond Yield Curve,0,1.0,https://yield.chinabond.com.cn/cbweb-czb-web/czb/historyQuery,2026-08-09T11:34:01.034821+00:00
2022-03-17,2.14,chinabond_official,1001.CB,ChinaBond Government Bond Yield Curve,0,1.0,https://yield.chinabond.com.cn/cbweb-czb-web/czb/historyQuery,2026-08-09T11:34:01.034821+00:00
2022-03-18,2.11,chinabond_official,1001.CB,ChinaBond Government Bond Yield Curve,0,1.0,https://yield.chinabond.com.cn/cbweb-czb-web/czb/historyQuery,2026-08-09T11:34:01.034821+00:00
2022-03-21,2.15,chinabond_official,1001.CB,ChinaBond Government Bond Yield Curve,0,1.0,https://yield.chinabond.com.cn/cbweb-czb-web/czb/historyQuery,2026-08-09T11:34:01.034821+00:00
2022-03-22,2.16,chinabond_official,1001.CB,ChinaBond Government Bond Yield Curve,0,1.0,https://yield.chinabond.com.cn/cbweb-czb-web/czb/historyQuery,2026-08-09T11:34:01.034821+00:00
2022-03-23,2.17,chinabond_official,1001.CB,ChinaBond Government Bond Yield Curve,0,1.0,https://yield.chinabond.com.cn/cbweb-czb-web/czb/historyQuery,2026-08-09T11:34:01.034821+00:00
2022-03-24,2.17,chinabond_official,1001.CB,ChinaBond Government Bond Yield Curve,0,1.0,https://yield.chinabond.com.cn/cbweb-czb-web/czb/historyQuery,2026-08-09T11:34:01.034821+00:00
2022-03-25,2.16,chinabond_official,1001.CB,ChinaBond Government Bond Yield Curve,0,1.0,https://yield.chinabond.com.cn/cbweb-czb-web/czb/historyQuery,2026-08-09T11:34:01.034821+00:00
2022-03-28,2.16,chinabond_official,1001.CB,ChinaBond Government Bond Yield Curve,0,1.0,https://yield.chinabond.com.cn/cbweb-czb-web/czb/historyQuery,2026-08-09T11:34:01.034821+00:00
2022-03-29,2.16,chinabond_official,1001.CB,ChinaBond Government Bond Yield Curve,0,1.0,https://yield.chinabond.com.cn/cbweb-czb-web/czb/historyQuery,2026-08-09T11:34:01.034821+00:00
2022-03-30,2.15,chinabond_official,1001.CB,ChinaBond Government Bond Yield Curve,0,1.0,https://yield.chinabond.com.cn/cbweb-czb-web/czb/historyQuery,2026-08-09T11:34:01.034821+00:00
2022-03-31,2.13,chinabond_official,1001.CB,ChinaBond Government Bond Yield Curve,0,1.0,https://yield.chinabond.com.cn/cbweb-czb-web/czb/historyQuery,2026-08-09T11:34:01.034821+00:00
2022-04-01,2.11,chinabond_official,1001.CB,ChinaBond Government Bond Yield Curve,0,1.0,https://yield.chinabond.com.cn/cbweb-czb-web/czb/historyQuery,2026-08-09T11:34:01.034821+00:00
2022-04-02,2.1,chinabond_official,1001.CB,ChinaBond Government Bond Yield Curve,0,1.0,https://yield.chinabond.com.cn/cbweb-czb-web/czb/historyQuery,2026-08-09T11:34:01.034821+00:00
2022-04-06,2.08,chinabond_official,1001.CB,ChinaBond Government Bond Yield Curve,0,1.0,https://yield.chinabond.com.cn/cbweb-czb-web/czb/historyQuery,2026-08-09T11:34:01.034821+00:00
2022-04-07,2.06,chinabond_official,1001.CB,ChinaBond Government Bond Yield Curve,0,1.0,https://yield.chinabond.com.cn/cbweb-czb-web/czb/historyQuery,2026-08-09T11:34:01.034821+00:00
2022-04-08,2.07,chinabond_official,1001.CB,ChinaBond Government Bond Yield Curve,0,1.0,https://yield.chinabond.com.cn/cbweb-czb-web/czb/historyQuery,2026-08-09T11:34:01.034821+00:00
2022-04-11,2.08,chinabond_official,1001.CB,ChinaBond Government Bond Yield Curve,0,1.0,https://yield.chinabond.com.cn/cbweb-czb-web/czb/historyQuery,2026-08-09T11:34:01.034821+00:00
2022-04-12,2.07,chinabond_official,1001.CB,ChinaBond Government Bond Yield Curve,0,1.0,https://yield.chinabond.com.cn/cbweb-czb-web/czb/historyQuery,2026-08-09T11:34:01.034821+00:00
2022-04-13,2.05,chinabond_official,1001.CB,ChinaBond Government Bond Yield Curve,0,1.0,https://yield.chinabond.com.cn/cbweb-czb-web/czb/historyQuery,2026-08-09T11:34:01.034821+00:00
2022-04-14,2.03,chinabond_official,1001.CB,ChinaBond Government Bond Yield Curve,0,1.0,https://yield.chinabond.com.cn/cbweb-czb-web/czb/historyQuery,2026-08-09T11:34:01.034821+00:00
2022-04-15,1.99,chinabond_official,1001.CB,ChinaBond Government Bond Yield Curve,0,1.0,https://yield.chinabond.com.cn/cbweb-czb-web/czb/historyQuery,2026-08-09T11:34:01.034821+00:00
2022-04-18,2.01,chinabond_official,1001.CB,ChinaBond Government Bond Yield Curve,0,1.0,https://yield.chinabond.com.cn/cbweb-czb-web/czb/historyQuery,2026-08-09T11:34:01.034821+00:00
2022-04-19,2.02,chinabond_official,1001.CB,ChinaBond Government Bond Yield Curve,0,1.0,https://yield.chinabond.com.cn/cbweb-czb-web/czb/historyQuery,2026-08-09T11:34:01.034821+00:00
2022-04-20,2.01,chinabond_official,1001.CB,ChinaBond Government Bond Yield Curve,0,1.0,https://yield.chinabond.com.cn/cbweb-czb-web/czb/historyQuery,2026-08-09T11:34:01.034821+00:00
2022-04-21,1.98,chinabond_official,1001.CB,ChinaBond Government Bond Yield Curve,0,1.0,https://yield.chinabond.com.cn/cbweb-czb-web/czb/historyQuery,2026-08-09T11:34:01.034821+00:00
2022-04-22,1.95,chinabond_official,1001.CB,ChinaBond Government Bond Yield Curve,0,1.0,https://yield.chinabond.com.cn/cbweb-czb-web/czb/historyQuery,2026-08-09T11:34:01.034821+00:00
2022-04-24,1.95,chinabond_official,1001.CB,ChinaBond Government Bond Yield Curve,0,1.0,https://yield.chinabond.com.cn/cbweb-czb-web/czb/historyQuery,2026-08-09T11:34:01.034821+00:00
2022-04-25,1.93,chinabond_official,1001.CB,ChinaBond Government Bond Yield Curve,0,1.0,https://yield.chinabond.com.cn/cbweb-czb-web/czb/historyQuery,2026-08-09T11:34:01.034821+00:00
2022-04-26,1.96,chinabond_official,1001.CB,ChinaBond Government Bond Yield Curve,0,1.0,https://yield.chinabond.com.cn/cbweb-czb-web/czb/historyQuery,2026-08-09T11:34:01.034821+00:00
2022-04-27,2.04,chinabond_official,1001.CB,ChinaBond Government Bond Yield Curve,0,1.0,https://yield.chinabond.com.cn/cbweb-czb-web/czb/historyQuery,2026-08-09T11:34:01.034821+00:00
2022-04-28,2.06,chinabond_official,1001.CB,ChinaBond Government Bond Yield Curve,0,1.0,https://yield.chinabond.com.cn/cbweb-czb-web/czb/historyQuery,2026-08-09T11:34:01.034821+00:00
2022-04-29,2.03,chinabond_official,1001.CB,ChinaBond Government Bond Yield Curve,0,1.0,https://yield.chinabond.com.cn/cbweb-czb-web/czb/historyQuery,2026-08-09T11:34:01.034821+00:00
2022-05-05,2.04,chinabond_official,1001.CB,ChinaBond Government Bond Yield Curve,0,1.0,https://yield.chinabond.com.cn/cbweb-czb-web/czb/historyQuery,2026-08-09T11:34:01.034821+00:00
2022-05-06,2.05,chinabond_official,1001.CB,ChinaBond Government Bond Yield Curve,0,1.0,https://yield.chinabond.com.cn/cbweb-czb-web/czb/historyQuery,2026-08-09T11:34:01.034821+00:00
2022-05-07,2.04,chinabond_official,1001.CB,ChinaBond Government Bond Yield Curve,0,1.0,https://yield.chinabond.com.cn/cbweb-czb-web/czb/historyQuery,2026-08-09T11:34:01.034821+00:00
2022-05-09,2.04,chinabond_official,1001.CB,ChinaBond Government Bond Yield Curve,0,1.0,https://yield.chinabond.com.cn/cbweb-czb-web/czb/historyQuery,2026-08-09T11:34:01.034821+00:00
2022-05-10,2.03,chinabond_official,1001.CB,ChinaBond Government Bond Yield Curve,0,1.0,https://yield.chinabond.com.cn/cbweb-czb-web/czb/historyQuery,2026-08-09T11:34:01.034821+00:00
2022-05-11,2.05,chinabond_official,1001.CB,ChinaBond Government Bond Yield Curve,0,1.0,https://yield.chinabond.com.cn/cbweb-czb-web/czb/historyQuery,2026-08-09T11:34:01.034821+00:00
2022-05-12,2.03,chinabond_official,1001.CB,ChinaBond Government Bond Yield Curve,0,1.0,https://yield.chinabond.com.cn/cbweb-czb-web/czb/historyQuery,2026-08-09T11:34:01.034821+00:00
2022-05-13,2.01,chinabond_official,1001.CB,ChinaBond Government Bond Yield Curve,0,1.0,https://yield.chinabond.com.cn/cbweb-czb-web/czb/historyQuery,2026-08-09T11:34:01.034821+00:00
2022-05-16,2.0,chinabond_official,1001.CB,ChinaBond Government Bond Yield Curve,0,1.0,https://yield.chinabond.com.cn/cbweb-czb-web/czb/historyQuery,2026-08-09T11:34:01.034821+00:00
2022-05-17,1.95,chinabond_official,1001.CB,ChinaBond Government Bond Yield Curve,0,1.0,https://yield.chinabond.com.cn/cbweb-czb-web/czb/historyQuery,2026-08-09T11:34:01.034821+00:00
2022-05-18,1.93,chinabond_official,1001.CB,ChinaBond Government Bond Yield Curve,0,1.0,https://yield.chinabond.com.cn/cbweb-czb-web/czb/historyQuery,2026-08-09T11:34:01.034821+00:00
2022-05-19,1.94,chinabond_official,1001.CB,ChinaBond Government Bond Yield Curve,0,1.0,https://yield.chinabond.com.cn/cbweb-czb-web/czb/historyQuery,2026-08-09T11:34:01.034821+00:00
2022-05-20,1.96,chinabond_official,1001.CB,ChinaBond Government Bond Yield Curve,0,1.0,https://yield.chinabond.com.cn/cbweb-czb-web/czb/historyQuery,2026-08-09T11:34:01.034821+00:00
2022-05-23,1.96,chinabond_official,1001.CB,ChinaBond Government Bond Yield Curve,0,1.0,https://yield.chinabond.com.cn/cbweb-czb-web/czb/historyQuery,2026-08-09T11:34:01.034821+00:00
2022-05-24,1.97,chinabond_official,1001.CB,ChinaBond Government Bond Yield Curve,0,1.0,https://yield.chinabond.com.cn/cbweb-czb-web/czb/historyQuery,2026-08-09T11:34:01.034821+00:00
2022-05-25,1.98,chinabond_official,1001.CB,ChinaBond Government Bond Yield Curve,0,1.0,https://yield.chinabond.com.cn/cbweb-czb-web/czb/historyQuery,2026-08-09T11:34:01.034821+00:00
2022-05-26,1.92,chinabond_official,1001.CB,ChinaBond Government Bond Yield Curve,0,1.0,https://yield.chinabond.com.cn/cbweb-czb-web/czb/historyQuery,2026-08-09T11:34:01.034821+00:00
2022-05-27,1.91,chinabond_official,1001.CB,ChinaBond Government Bond Yield Curve,0,1.0,https://yield.chinabond.com.cn/cbweb-czb-web/czb/historyQuery,2026-08-09T11:34:01.034821+00:00
2022-05-30,1.91,chinabond_official,1001.CB,ChinaBond Government Bond Yield Curve,0,1.0,https://yield.chinabond.com.cn/cbweb-czb-web/czb/historyQuery,2026-08-09T11:34:01.034821+00:00
2022-05-31,1.92,chinabond_official,1001.CB,ChinaBond Government Bond Yield Curve,0,1.0,https://yield.chinabond.com.cn/cbweb-czb-web/czb/historyQuery,2026-08-09T11:34:01.034821+00:00
2022-06-01,1.94,chinabond_official,1001.CB,ChinaBond Government Bond Yield Curve,0,1.0,https://yield.chinabond.com.cn/cbweb-czb-web/czb/historyQuery,2026-08-09T11:34:01.034821+00:00
2022-06-02,1.96,chinabond_official,1001.CB,ChinaBond Government Bond Yield Curve,0,1.0,https://yield.chinabond.com.cn/cbweb-czb-web/czb/historyQuery,2026-08-09T11:34:01.034821+00:00
2022-06-06,2.02,chinabond_official,1001.CB,ChinaBond Government Bond Yield Curve,0,1.0,https://yield.chinabond.com.cn/cbweb-czb-web/czb/historyQuery,2026-08-09T11:34:01.034821+00:00
2022-06-07,2.02,chinabond_official,1001.CB,ChinaBond Government Bond Yield Curve,0,1.0,https://yield.chinabond.com.cn/cbweb-czb-web/czb/historyQuery,2026-08-09T11:34:01.034821+00:00
2022-06-08,2.03,chinabond_official,1001.CB,ChinaBond Government Bond Yield Curve,0,1.0,https://yield.chinabond.com.cn/cbweb-czb-web/czb/historyQuery,2026-08-09T11:34:01.034821+00:00
2022-06-09,2.02,chinabond_official,1001.CB,ChinaBond Government Bond Yield Curve,0,1.0,https://yield.chinabond.com.cn/cbweb-czb-web/czb/historyQuery,2026-08-09T11:34:01.034821+00:00
2022-06-10,2.01,chinabond_official,1001.CB,ChinaBond Government Bond Yield Curve,0,1.0,https://yield.chinabond.com.cn/cbweb-czb-web/czb/historyQuery,2026-08-09T11:34:01.034821+00:00
2022-06-13,2.0,chinabond_official,1001.CB,ChinaBond Government Bond Yield Curve,0,1.0,https://yield.chinabond.com.cn/cbweb-czb-web/czb/historyQuery,2026-08-09T11:34:01.034821+00:00
2022-06-14,2.02,chinabond_official,1001.CB,ChinaBond Government Bond Yield Curve,0,1.0,https://yield.chinabond.com.cn/cbweb-czb-web/czb/historyQuery,2026-08-09T11:34:01.034821+00:00
2022-06-15,2.04,chinabond_official,1001.CB,ChinaBond Government Bond Yield Curve,0,1.0,https://yield.chinabond.com.cn/cbweb-czb-web/czb/historyQuery,2026-08-09T11:34:01.034821+00:00
2022-06-16,2.04,chinabond_official,1001.CB,ChinaBond Government Bond Yield Curve,0,1.0,https://yield.chinabond.com.cn/cbweb-czb-web/czb/historyQuery,2026-08-09T11:34:01.034821+00:00
2022-06-17,2.01,chinabond_official,1001.CB,ChinaBond Government Bond Yield Curve,0,1.0,https://yield.chinabond.com.cn/cbweb-czb-web/czb/historyQuery,2026-08-09T11:34:01.034821+00:00
2022-06-20,2.01,chinabond_official,1001.CB,ChinaBond Government Bond Yield Curve,0,1.0,https://yield.chinabond.com.cn/cbweb-czb-web/czb/historyQuery,2026-08-09T11:34:01.034821+00:00
2022-06-21,2.0,chinabond_official,1001.CB,ChinaBond Government Bond Yield Curve,0,1.0,https://yield.chinabond.com.cn/cbweb-czb-web/czb/historyQuery,2026-08-09T11:34:01.034821+00:00
2022-06-22,1.99,chinabond_official,1001.CB,ChinaBond Government Bond Yield Curve,0,1.0,https://yield.chinabond.com.cn/cbweb-czb-web/czb/historyQuery,2026-08-09T11:34:01.034821+00:00
2022-06-23,1.96,chinabond_official,1001.CB,ChinaBond Government Bond Yield Curve,0,1.0,https://yield.chinabond.com.cn/cbweb-czb-web/czb/historyQuery,2026-08-09T11:34:01.034821+00:00
2022-06-24,1.97,chinabond_official,1001.CB,ChinaBond Government Bond Yield Curve,0,1.0,https://yield.chinabond.com.cn/cbweb-czb-web/czb/historyQuery,2026-08-09T11:34:01.034821+00:00
2022-06-27,2.0,chinabond_official,1001.CB,ChinaBond Government Bond Yield Curve,0,1.0,https://yield.chinabond.com.cn/cbweb-czb-web/czb/historyQuery,2026-08-09T11:34:01.034821+00:00
2022-06-28,2.0,chinabond_official,1001.CB,ChinaBond Government Bond Yield Curve,0,1.0,https://yield.chinabond.com.cn/cbweb-czb-web/czb/historyQuery,2026-08-09T11:34:01.034821+00:00
2022-06-29,1.98,chinabond_official,1001.CB,ChinaBond Government Bond Yield Curve,0,1.0,https://yield.chinabond.com.cn/cbweb-czb-web/czb/historyQuery,2026-08-09T11:34:01.034821+00:00
2022-06-30,1.95,chinabond_official,1001.CB,ChinaBond Government Bond Yield Curve,0,1.0,https://yield.chinabond.com.cn/cbweb-czb-web/czb/historyQuery,2026-08-09T11:34:01.034821+00:00
2022-07-01,1.93,chinabond_official,1001.CB,ChinaBond Government Bond Yield Curve,0,1.0,https://yield.chinabond.com.cn/cbweb-czb-web/czb/historyQuery,2026-08-09T11:34:01.034821+00:00
2022-07-04,1.98,chinabond_official,1001.CB,ChinaBond Government Bond Yield Curve,0,1.0,https://yield.chinabond.com.cn/cbweb-czb-web/czb/historyQuery,2026-08-09T11:34:01.034821+00:00
2022-07-05,2.01,chinabond_official,1001.CB,ChinaBond Government Bond Yield Curve,0,1.0,https://yield.chinabond.com.cn/cbweb-czb-web/czb/historyQuery,2026-08-09T11:34:01.034821+00:00
2022-07-06,1.99,chinabond_official,1001.CB,ChinaBond Government Bond Yield Curve,0,1.0,https://yield.chinabond.com.cn/cbweb-czb-web/czb/historyQuery,2026-08-09T11:34:01.034821+00:00
2022-07-07,1.98,chinabond_official,1001.CB,ChinaBond Government Bond Yield Curve,0,1.0,https://yield.chinabond.com.cn/cbweb-czb-web/czb/historyQuery,2026-08-09T11:34:01.034821+00:00
2022-07-08,1.96,chinabond_official,1001.CB,ChinaBond Government Bond Yield Curve,0,1.0,https://yield.chinabond.com.cn/cbweb-czb-web/czb/historyQuery,2026-08-09T11:34:01.034821+00:00
2022-07-11,1.94,chinabond_official,1001.CB,ChinaBond Government Bond Yield Curve,0,1.0,https://yield.chinabond.com.cn/cbweb-czb-web/czb/historyQuery,2026-08-09T11:34:01.034821+00:00
2022-07-12,1.93,chinabond_official,1001.CB,ChinaBond Government Bond Yield Curve,0,1.0,https://yield.chinabond.com.cn/cbweb-czb-web/czb/historyQuery,2026-08-09T11:34:01.034821+00:00
2022-07-13,1.94,chinabond_official,1001.CB,ChinaBond Government Bond Yield Curve,0,1.0,https://yield.chinabond.com.cn/cbweb-czb-web/czb/historyQuery,2026-08-09T11:34:01.034821+00:00
2022-07-14,1.91,chinabond_official,1001.CB,ChinaBond Government Bond Yield Curve,0,1.0,https://yield.chinabond.com.cn/cbweb-czb-web/czb/historyQuery,2026-08-09T11:34:01.034821+00:00
2022-07-15,1.88,chinabond_official,1001.CB,ChinaBond Government Bond Yield Curve,0,1.0,https://yield.chinabond.com.cn/cbweb-czb-web/czb/historyQuery,2026-08-09T11:34:01.034821+00:00
2022-07-18,1.85,chinabond_official,1001.CB,ChinaBond Government Bond Yield Curve,0,1.0,https://yield.chinabond.com.cn/cbweb-czb-web/czb/historyQuery,2026-08-09T11:34:01.034821+00:00
2022-07-19,1.85,chinabond_official,1001.CB,ChinaBond Government Bond Yield Curve,0,1.0,https://yield.chinabond.com.cn/cbweb-czb-web/czb/historyQuery,2026-08-09T11:34:01.034821+00:00
2022-07-20,1.87,chinabond_official,1001.CB,ChinaBond Government Bond Yield Curve,0,1.0,https://yield.chinabond.com.cn/cbweb-czb-web/czb/historyQuery,2026-08-09T11:34:01.034821+00:00
2022-07-21,1.87,chinabond_official,1001.CB,ChinaBond Government Bond Yield Curve,0,1.0,https://yield.chinabond.com.cn/cbweb-czb-web/czb/historyQuery,2026-08-09T11:34:01.034821+00:00
2022-07-22,1.9,chinabond_official,1001.CB,ChinaBond Government Bond Yield Curve,0,1.0,https://yield.chinabond.com.cn/cbweb-czb-web/czb/historyQuery,2026-08-09T11:34:01.034821+00:00
2022-07-25,1.9,chinabond_official,1001.CB,ChinaBond Government Bond Yield Curve,0,1.0,https://yield.chinabond.com.cn/cbweb-czb-web/czb/historyQuery,2026-08-09T11:34:01.034821+00:00
2022-07-26,1.88,chinabond_official,1001.CB,ChinaBond Government Bond Yield Curve,0,1.0,https://yield.chinabond.com.cn/cbweb-czb-web/czb/historyQuery,2026-08-09T11:34:01.034821+00:00
2022-07-27,1.88,chinabond_official,1001.CB,ChinaBond Government Bond Yield Curve,0,1.0,https://yield.chinabond.com.cn/cbweb-czb-web/czb/historyQuery,2026-08-09T11:34:01.034821+00:00
2022-07-28,1.89,chinabond_official,1001.CB,ChinaBond Government Bond Yield Curve,0,1.0,https://yield.chinabond.com.cn/cbweb-czb-web/czb/historyQuery,2026-08-09T11:34:01.034821+00:00
2022-07-29,1.86,chinabond_official,1001.CB,ChinaBond Government Bond Yield Curve,0,1.0,https://yield.chinabond.com.cn/cbweb-czb-web/czb/historyQuery,2026-08-09T11:34:01.034821+00:00
2022-08-01,1.83,chinabond_official,1001.CB,ChinaBond Government Bond Yield Curve,0,1.0,https://yield.chinabond.com.cn/cbweb-czb-web/czb/historyQuery,2026-08-09T11:34:01.034821+00:00
2022-08-02,1.77,chinabond_official,1001.CB,ChinaBond Government Bond Yield Curve,0,1.0,https://yield.chinabond.com.cn/cbweb-czb-web/czb/historyQuery,2026-08-09T11:34:01.034821+00:00
2022-08-03,1.75,chinabond_official,1001.CB,ChinaBond Government Bond Yield Curve,0,1.0,https://yield.chinabond.com.cn/cbweb-czb-web/czb/historyQuery,2026-08-09T11:34:01.034821+00:00
2022-08-04,1.69,chinabond_official,1001.CB,ChinaBond Government Bond Yield Curve,0,1.0,https://yield.chinabond.com.cn/cbweb-czb-web/czb/historyQuery,2026-08-09T11:34:01.034821+00:00
2022-08-05,1.71,chinabond_official,1001.CB,ChinaBond Government Bond Yield Curve,0,1.0,https://yield.chinabond.com.cn/cbweb-czb-web/czb/historyQuery,2026-08-09T11:34:01.034821+00:00
2022-08-08,1.73,chinabond_official,1001.CB,ChinaBond Government Bond Yield Curve,0,1.0,https://yield.chinabond.com.cn/cbweb-czb-web/czb/historyQuery,2026-08-09T11:34:01.034821+00:00
2022-08-09,1.79,chinabond_official,1001.CB,ChinaBond Government Bond Yield Curve,0,1.0,https://yield.chinabond.com.cn/cbweb-czb-web/czb/historyQuery,2026-08-09T11:34:01.034821+00:00
2022-08-10,1.81,chinabond_official,1001.CB,ChinaBond Government Bond Yield Curve,0,1.0,https://yield.chinabond.com.cn/cbweb-czb-web/czb/historyQuery,2026-08-09T11:34:01.034821+00:00
2022-08-11,1.82,chinabond_official,1001.CB,ChinaBond Government Bond Yield Curve,0,1.0,https://yield.chinabond.com.cn/cbweb-czb-web/czb/historyQuery,2026-08-09T11:34:01.034821+00:00
2022-08-12,1.81,chinabond_official,1001.CB,ChinaBond Government Bond Yield Curve,0,1.0,https://yield.chinabond.com.cn/cbweb-czb-web/czb/historyQuery,2026-08-09T11:34:01.034821+00:00
2022-08-15,1.72,chinabond_official,1001.CB,ChinaBond Government Bond Yield Curve,0,1.0,https://yield.chinabond.com.cn/cbweb-czb-web/czb/historyQuery,2026-08-09T11:34:01.034821+00:00
2022-08-16,1.72,chinabond_official,1001.CB,ChinaBond Government Bond Yield Curve,0,1.0,https://yield.chinabond.com.cn/cbweb-czb-web/czb/historyQuery,2026-08-09T11:34:01.034821+00:00
2022-08-17,1.72,chinabond_official,1001.CB,ChinaBond Government Bond Yield Curve,0,1.0,https://yield.chinabond.com.cn/cbweb-czb-web/czb/historyQuery,2026-08-09T11:34:01.034821+00:00
2022-08-18,1.7,chinabond_official,1001.CB,ChinaBond Government Bond Yield Curve,0,1.0,https://yield.chinabond.com.cn/cbweb-czb-web/czb/historyQuery,2026-08-09T11:34:01.034821+00:00
2022-08-19,1.72,chinabond_official,1001.CB,ChinaBond Government Bond Yield Curve,0,1.0,https://yield.chinabond.com.cn/cbweb-czb-web/czb/historyQuery,2026-08-09T11:34:01.034821+00:00
2022-08-22,1.76,chinabond_official,1001.CB,ChinaBond Government Bond Yield Curve,0,1.0,https://yield.chinabond.com.cn/cbweb-czb-web/czb/historyQuery,2026-08-09T11:34:01.034821+00:00
2022-08-23,1.76,chinabond_official,1001.CB,ChinaBond Government Bond Yield Curve,0,1.0,https://yield.chinabond.com.cn/cbweb-czb-web/czb/historyQuery,2026-08-09T11:34:01.034821+00:00
2022-08-24,1.75,chinabond_official,1001.CB,ChinaBond Government Bond Yield Curve,0,1.0,https://yield.chinabond.com.cn/cbweb-czb-web/czb/historyQuery,2026-08-09T11:34:01.034821+00:00
2022-08-25,1.79,chinabond_official,1001.CB,ChinaBond Government Bond Yield Curve,0,1.0,https://yield.chinabond.com.cn/cbweb-czb-web/czb/historyQuery,2026-08-09T11:34:01.034821+00:00
2022-08-26,1.79,chinabond_official,1001.CB,ChinaBond Government Bond Yield Curve,0,1.0,https://yield.chinabond.com.cn/cbweb-czb-web/czb/historyQuery,2026-08-09T11:34:01.034821+00:00
2022-08-29,1.76,chinabond_official,1001.CB,ChinaBond Government Bond Yield Curve,0,1.0,https://yield.chinabond.com.cn/cbweb-czb-web/czb/historyQuery,2026-08-09T11:34:01.034821+00:00
2022-08-30,1.74,chinabond_official,1001.CB,ChinaBond Government Bond Yield Curve,0,1.0,https://yield.chinabond.com.cn/cbweb-czb-web/czb/historyQuery,2026-08-09T11:34:01.034821+00:00
2022-08-31,1.74,chinabond_official,1001.CB,ChinaBond Government Bond Yield Curve,0,1.0,https://yield.chinabond.com.cn/cbweb-czb-web/czb/historyQuery,2026-08-09T11:34:01.034821+00:00
2022-09-01,1.72,chinabond_official,1001.CB,ChinaBond Government Bond Yield Curve,0,1.0,https://yield.chinabond.com.cn/cbweb-czb-web/czb/historyQuery,2026-08-09T11:34:01.034821+00:00
2022-09-02,1.72,chinabond_official,1001.CB,ChinaBond Government Bond Yield Curve,0,1.0,https://yield.chinabond.com.cn/cbweb-czb-web/czb/historyQuery,2026-08-09T11:34:01.034821+00:00
2022-09-05,1.71,chinabond_official,1001.CB,ChinaBond Government Bond Yield Curve,0,1.0,https://yield.chinabond.com.cn/cbweb-czb-web/czb/historyQuery,2026-08-09T11:34:01.034821+00:00
2022-09-06,1.71,chinabond_official,1001.CB,ChinaBond Government Bond Yield Curve,0,1.0,https://yield.chinabond.com.cn/cbweb-czb-web/czb/historyQuery,2026-08-09T11:34:01.034821+00:00
2022-09-07,1.74,chinabond_official,1001.CB,ChinaBond Government Bond Yield Curve,0,1.0,https://yield.chinabond.com.cn/cbweb-czb-web/czb/historyQuery,2026-08-09T11:34:01.034821+00:00
2022-09-08,1.75,chinabond_official,1001.CB,ChinaBond Government Bond Yield Curve,0,1.0,https://yield.chinabond.com.cn/cbweb-czb-web/czb/historyQuery,2026-08-09T11:34:01.034821+00:00
2022-09-09,1.76,chinabond_official,1001.CB,ChinaBond Government Bond Yield Curve,0,1.0,https://yield.chinabond.com.cn/cbweb-czb-web/czb/historyQuery,2026-08-09T11:34:01.034821+00:00
2022-09-13,1.77,chinabond_official,1001.CB,ChinaBond Government Bond Yield Curve,0,1.0,https://yield.chinabond.com.cn/cbweb-czb-web/czb/historyQuery,2026-08-09T11:34:01.034821+00:00
2022-09-14,1.8,chinabond_official,1001.CB,ChinaBond Government Bond Yield Curve,0,1.0,https://yield.chinabond.com.cn/cbweb-czb-web/czb/historyQuery,2026-08-09T11:34:01.034821+00:00
2022-09-15,1.81,chinabond_official,1001.CB,ChinaBond Government Bond Yield Curve,0,1.0,https://yield.chinabond.com.cn/cbweb-czb-web/czb/historyQuery,2026-08-09T11:34:01.034821+00:00
2022-09-16,1.83,chinabond_official,1001.CB,ChinaBond Government Bond Yield Curve,0,1.0,https://yield.chinabond.com.cn/cbweb-czb-web/czb/historyQuery,2026-08-09T11:34:01.034821+00:00
2022-09-19,1.85,chinabond_official,1001.CB,ChinaBond Government Bond Yield Curve,0,1.0,https://yield.chinabond.com.cn/cbweb-czb-web/czb/historyQuery,2026-08-09T11:34:01.034821+00:00
2022-09-20,1.85,chinabond_official,1001.CB,ChinaBond Government Bond Yield Curve,0,1.0,https://yield.chinabond.com.cn/cbweb-czb-web/czb/historyQuery,2026-08-09T11:34:01.034821+00:00
2022-09-21,1.83,chinabond_official,1001.CB,ChinaBond Government Bond Yield Curve,0,1.0,https://yield.chinabond.com.cn/cbweb-czb-web/czb/historyQuery,2026-08-09T11:34:01.034821+00:00
2022-09-22,1.82,chinabond_official,1001.CB,ChinaBond Government Bond Yield Curve,0,1.0,https://yield.chinabond.com.cn/cbweb-czb-web/czb/historyQuery,2026-08-09T11:34:01.034821+00:00
2022-09-23,1.83,chinabond_official,1001.CB,ChinaBond Government Bond Yield Curve,0,1.0,https://yield.chinabond.com.cn/cbweb-czb-web/czb/historyQuery,2026-08-09T11:34:01.034821+00:00
2022-09-26,1.86,chinabond_official,1001.CB,ChinaBond Government Bond Yield Curve,0,1.0,https://yield.chinabond.com.cn/cbweb-czb-web/czb/historyQuery,2026-08-09T11:34:01.034821+00:00
2022-09-27,1.87,chinabond_official,1001.CB,ChinaBond Government Bond Yield Curve,0,1.0,https://yield.chinabond.com.cn/cbweb-czb-web/czb/historyQuery,2026-08-09T11:34:01.034821+00:00
2022-09-28,1.9,chinabond_official,1001.CB,ChinaBond Government Bond Yield Curve,0,1.0,https://yield.chinabond.com.cn/cbweb-czb-web/czb/historyQuery,2026-08-09T11:34:01.034821+00:00
2022-09-29,1.89,chinabond_official,1001.CB,ChinaBond Government Bond Yield Curve,0,1.0,https://yield.chinabond.com.cn/cbweb-czb-web/czb/historyQuery,2026-08-09T11:34:01.034821+00:00
2022-09-30,1.85,chinabond_official,1001.CB,ChinaBond Government Bond Yield Curve,0,1.0,https://yield.chinabond.com.cn/cbweb-czb-web/czb/historyQuery,2026-08-09T11:34:01.034821+00:00
2022-10-08,1.83,chinabond_official,1001.CB,ChinaBond Government Bond Yield Curve,0,1.0,https://yield.chinabond.com.cn/cbweb-czb-web/czb/historyQuery,2026-08-09T11:34:01.034821+00:00
2022-10-09,1.83,chinabond_official,1001.CB,ChinaBond Government Bond Yield Curve,0,1.0,https://yield.chinabond.com.cn/cbweb-czb-web/czb/historyQuery,2026-08-09T11:34:01.034821+00:00
2022-10-10,1.79,chinabond_official,1001.CB,ChinaBond Government Bond Yield Curve,0,1.0,https://yield.chinabond.com.cn/cbweb-czb-web/czb/historyQuery,2026-08-09T11:34:01.034821+00:00
2022-10-11,1.79,chinabond_official,1001.CB,ChinaBond Government Bond Yield Curve,0,1.0,https://yield.chinabond.com.cn/cbweb-czb-web/czb/historyQuery,2026-08-09T11:34:01.034821+00:00
2022-10-12,1.81,chinabond_official,1001.CB,ChinaBond Government Bond Yield Curve,0,1.0,https://yield.chinabond.com.cn/cbweb-czb-web/czb/historyQuery,2026-08-09T11:34:01.034821+00:00
2022-10-13,1.81,chinabond_official,1001.CB,ChinaBond Government Bond Yield Curve,0,1.0,https://yield.chinabond.com.cn/cbweb-czb-web/czb/historyQuery,2026-08-09T11:34:01.034821+00:00
2022-10-14,1.79,chinabond_official,1001.CB,ChinaBond Government Bond Yield Curve,0,1.0,https://yield.chinabond.com.cn/cbweb-czb-web/czb/historyQuery,2026-08-09T11:34:01.034821+00:00
2022-10-17,1.79,chinabond_official,1001.CB,ChinaBond Government Bond Yield Curve,0,1.0,https://yield.chinabond.com.cn/cbweb-czb-web/czb/historyQuery,2026-08-09T11:34:01.034821+00:00
2022-10-18,1.79,chinabond_official,1001.CB,ChinaBond Government Bond Yield Curve,0,1.0,https://yield.chinabond.com.cn/cbweb-czb-web/czb/historyQuery,2026-08-09T11:34:01.034821+00:00
2022-10-19,1.78,chinabond_official,1001.CB,ChinaBond Government Bond Yield Curve,0,1.0,https://yield.chinabond.com.cn/cbweb-czb-web/czb/historyQuery,2026-08-09T11:34:01.034821+00:00
2022-10-20,1.77,chinabond_official,1001.CB,ChinaBond Government Bond Yield Curve,0,1.0,https://yield.chinabond.com.cn/cbweb-czb-web/czb/historyQuery,2026-08-09T11:34:01.034821+00:00
2022-10-21,1.77,chinabond_official,1001.CB,ChinaBond Government Bond Yield Curve,0,1.0,https://yield.chinabond.com.cn/cbweb-czb-web/czb/historyQuery,2026-08-09T11:34:01.034821+00:00
2022-10-24,1.77,chinabond_official,1001.CB,ChinaBond Government Bond Yield Curve,0,1.0,https://yield.chinabond.com.cn/cbweb-czb-web/czb/historyQuery,2026-08-09T11:34:01.034821+00:00
2022-10-25,1.79,chinabond_official,1001.CB,ChinaBond Government Bond Yield Curve,0,1.0,https://yield.chinabond.com.cn/cbweb-czb-web/czb/historyQuery,2026-08-09T11:34:01.034821+00:00
2022-10-26,1.8,chinabond_official,1001.CB,ChinaBond Government Bond Yield Curve,0,1.0,https://yield.chinabond.com.cn/cbweb-czb-web/czb/historyQuery,2026-08-09T11:34:01.034821+00:00
2022-10-27,1.76,chinabond_official,1001.CB,ChinaBond Government Bond Yield Curve,0,1.0,https://yield.chinabond.com.cn/cbweb-czb-web/czb/historyQuery,2026-08-09T11:34:01.034821+00:00
2022-10-28,1.74,chinabond_official,1001.CB,ChinaBond Government Bond Yield Curve,0,1.0,https://yield.chinabond.com.cn/cbweb-czb-web/czb/historyQuery,2026-08-09T11:34:01.034821+00:00
2022-10-31,1.73,chinabond_official,1001.CB,ChinaBond Government Bond Yield Curve,0,1.0,https://yield.chinabond.com.cn/cbweb-czb-web/czb/historyQuery,2026-08-09T11:34:01.034821+00:00
2022-11-01,1.75,chinabond_official,1001.CB,ChinaBond Government Bond Yield Curve,0,1.0,https://yield.chinabond.com.cn/cbweb-czb-web/czb/historyQuery,2026-08-09T11:34:01.034821+00:00
2022-11-02,1.76,chinabond_official,1001.CB,ChinaBond Government Bond Yield Curve,0,1.0,https://yield.chinabond.com.cn/cbweb-czb-web/czb/historyQuery,2026-08-09T11:34:01.034821+00:00
2022-11-03,1.75,chinabond_official,1001.CB,ChinaBond Government Bond Yield Curve,0,1.0,https://yield.chinabond.com.cn/cbweb-czb-web/czb/historyQuery,2026-08-09T11:34:01.034821+00:00
2022-11-04,1.76,chinabond_official,1001.CB,ChinaBond Government Bond Yield Curve,0,1.0,https://yield.chinabond.com.cn/cbweb-czb-web/czb/historyQuery,2026-08-09T11:34:01.034821+00:00
2022-11-07,1.75,chinabond_official,1001.CB,ChinaBond Government Bond Yield Curve,0,1.0,https://yield.chinabond.com.cn/cbweb-czb-web/czb/historyQuery,2026-08-09T11:34:01.034821+00:00
2022-11-08,1.78,chinabond_official,1001.CB,ChinaBond Government Bond Yield Curve,0,1.0,https://yield.chinabond.com.cn/cbweb-czb-web/czb/historyQuery,2026-08-09T11:34:01.034821+00:00
2022-11-09,1.82,chinabond_official,1001.CB,ChinaBond Government Bond Yield Curve,0,1.0,https://yield.chinabond.com.cn/cbweb-czb-web/czb/historyQuery,2026-08-09T11:34:01.034821+00:00
2022-11-10,1.86,chinabond_official,1001.CB,ChinaBond Government Bond Yield Curve,0,1.0,https://yield.chinabond.com.cn/cbweb-czb-web/czb/historyQuery,2026-08-09T11:34:01.034821+00:00
2022-11-11,1.96,chinabond_official,1001.CB,ChinaBond Government Bond Yield Curve,0,1.0,https://yield.chinabond.com.cn/cbweb-czb-web/czb/historyQuery,2026-08-09T11:34:01.034821+00:00
2022-11-14,2.07,chinabond_official,1001.CB,ChinaBond Government Bond Yield Curve,0,1.0,https://yield.chinabond.com.cn/cbweb-czb-web/czb/historyQuery,2026-08-09T11:34:01.034821+00:00
2022-11-15,2.13,chinabond_official,1001.CB,ChinaBond Government Bond Yield Curve,0,1.0,https://yield.chinabond.com.cn/cbweb-czb-web/czb/historyQuery,2026-08-09T11:34:01.034821+00:00
2022-11-16,2.2,chinabond_official,1001.CB,ChinaBond Government Bond Yield Curve,0,1.0,https://yield.chinabond.com.cn/cbweb-czb-web/czb/historyQuery,2026-08-09T11:34:01.034821+00:00
2022-11-17,2.17,chinabond_official,1001.CB,ChinaBond Government Bond Yield Curve,0,1.0,https://yield.chinabond.com.cn/cbweb-czb-web/czb/historyQuery,2026-08-09T11:34:01.034821+00:00
2022-11-18,2.17,chinabond_official,1001.CB,ChinaBond Government Bond Yield Curve,0,1.0,https://yield.chinabond.com.cn/cbweb-czb-web/czb/historyQuery,2026-08-09T11:34:01.034821+00:00
2022-11-21,2.15,chinabond_official,1001.CB,ChinaBond Government Bond Yield Curve,0,1.0,https://yield.chinabond.com.cn/cbweb-czb-web/czb/historyQuery,2026-08-09T11:34:01.034821+00:00
2022-11-22,2.14,chinabond_official,1001.CB,ChinaBond Government Bond Yield Curve,0,1.0,https://yield.chinabond.com.cn/cbweb-czb-web/czb/historyQuery,2026-08-09T11:34:01.034821+00:00
2022-11-23,2.1,chinabond_official,1001.CB,ChinaBond Government Bond Yield Curve,0,1.0,https://yield.chinabond.com.cn/cbweb-czb-web/czb/historyQuery,2026-08-09T11:34:01.034821+00:00
2022-11-24,2.06,chinabond_official,1001.CB,ChinaBond Government Bond Yield Curve,0,1.0,https://yield.chinabond.com.cn/cbweb-czb-web/czb/historyQuery,2026-08-09T11:34:01.034821+00:00
2022-11-25,2.07,chinabond_official,1001.CB,ChinaBond Government Bond Yield Curve,0,1.0,https://yield.chinabond.com.cn/cbweb-czb-web/czb/historyQuery,2026-08-09T11:34:01.034821+00:00
2022-11-28,2.07,chinabond_official,1001.CB,ChinaBond Government Bond Yield Curve,0,1.0,https://yield.chinabond.com.cn/cbweb-czb-web/czb/historyQuery,2026-08-09T11:34:01.034821+00:00
2022-11-29,2.11,chinabond_official,1001.CB,ChinaBond Government Bond Yield Curve,0,1.0,https://yield.chinabond.com.cn/cbweb-czb-web/czb/historyQuery,2026-08-09T11:34:01.034821+00:00
2022-11-30,2.13,chinabond_official,1001.CB,ChinaBond Government Bond Yield Curve,0,1.0,https://yield.chinabond.com.cn/cbweb-czb-web/czb/historyQuery,2026-08-09T11:34:01.034821+00:00
2022-12-01,2.15,chinabond_official,1001.CB,ChinaBond Government Bond Yield Curve,0,1.0,https://yield.chinabond.com.cn/cbweb-czb-web/czb/historyQuery,2026-08-09T11:34:01.034821+00:00
2022-12-02,2.16,chinabond_official,1001.CB,ChinaBond Government Bond Yield Curve,0,1.0,https://yield.chinabond.com.cn/cbweb-czb-web/czb/historyQuery,2026-08-09T11:34:01.034821+00:00
2022-12-05,2.15,chinabond_official,1001.CB,ChinaBond Government Bond Yield Curve,0,1.0,https://yield.chinabond.com.cn/cbweb-czb-web/czb/historyQuery,2026-08-09T11:34:01.034821+00:00
2022-12-06,2.16,chinabond_official,1001.CB,ChinaBond Government Bond Yield Curve,0,1.0,https://yield.chinabond.com.cn/cbweb-czb-web/czb/historyQuery,2026-08-09T11:34:01.034821+00:00
2022-12-07,2.25,chinabond_official,1001.CB,ChinaBond Government Bond Yield Curve,0,1.0,https://yield.chinabond.com.cn/cbweb-czb-web/czb/historyQuery,2026-08-09T11:34:01.034821+00:00
2022-12-08,2.25,chinabond_official,1001.CB,ChinaBond Government Bond Yield Curve,0,1.0,https://yield.chinabond.com.cn/cbweb-czb-web/czb/historyQuery,2026-08-09T11:34:01.034821+00:00
2022-12-09,2.29,chinabond_official,1001.CB,ChinaBond Government Bond Yield Curve,0,1.0,https://yield.chinabond.com.cn/cbweb-czb-web/czb/historyQuery,2026-08-09T11:34:01.034821+00:00
2022-12-12,2.3,chinabond_official,1001.CB,ChinaBond Government Bond Yield Curve,0,1.0,https://yield.chinabond.com.cn/cbweb-czb-web/czb/historyQuery,2026-08-09T11:34:01.034821+00:00
2022-12-13,2.34,chinabond_official,1001.CB,ChinaBond Government Bond Yield Curve,0,1.0,https://yield.chinabond.com.cn/cbweb-czb-web/czb/historyQuery,2026-08-09T11:34:01.034821+00:00
2022-12-14,2.3,chinabond_official,1001.CB,ChinaBond Government Bond Yield Curve,0,1.0,https://yield.chinabond.com.cn/cbweb-czb-web/czb/historyQuery,2026-08-09T11:34:01.034821+00:00
2022-12-15,2.32,chinabond_official,1001.CB,ChinaBond Government Bond Yield Curve,0,1.0,https://yield.chinabond.com.cn/cbweb-czb-web/czb/historyQuery,2026-08-09T11:34:01.034821+00:00
2022-12-16,2.32,chinabond_official,1001.CB,ChinaBond Government Bond Yield Curve,0,1.0,https://yield.chinabond.com.cn/cbweb-czb-web/czb/historyQuery,2026-08-09T11:34:01.034821+00:00
2022-12-19,2.3,chinabond_official,1001.CB,ChinaBond Government Bond Yield Curve,0,1.0,https://yield.chinabond.com.cn/cbweb-czb-web/czb/historyQuery,2026-08-09T11:34:01.034821+00:00
2022-12-20,2.3,chinabond_official,1001.CB,ChinaBond Government Bond Yield Curve,0,1.0,https://yield.chinabond.com.cn/cbweb-czb-web/czb/historyQuery,2026-08-09T11:34:01.034821+00:00
2022-12-21,2.29,chinabond_official,1001.CB,ChinaBond Government Bond Yield Curve,0,1.0,https://yield.chinabond.com.cn/cbweb-czb-web/czb/historyQuery,2026-08-09T11:34:01.034821+00:00
2022-12-22,2.27,chinabond_official,1001.CB,ChinaBond Government Bond Yield Curve,0,1.0,https://yield.chinabond.com.cn/cbweb-czb-web/czb/historyQuery,2026-08-09T11:34:01.034821+00:00
2022-12-23,2.23,chinabond_official,1001.CB,ChinaBond Government Bond Yield Curve,0,1.0,https://yield.chinabond.com.cn/cbweb-czb-web/czb/historyQuery,2026-08-09T11:34:01.034821+00:00
2022-12-26,2.25,chinabond_official,1001.CB,ChinaBond Government Bond Yield Curve,0,1.0,https://yield.chinabond.com.cn/cbweb-czb-web/czb/historyQuery,2026-08-09T11:34:01.034821+00:00
2022-12-27,2.25,chinabond_official,1001.CB,ChinaBond Government Bond Yield Curve,0,1.0,https://yield.chinabond.com.cn/cbweb-czb-web/czb/historyQuery,2026-08-09T11:34:01.034821+00:00
2022-12-28,2.24,chinabond_official,1001.CB,ChinaBond Government Bond Yield Curve,0,1.0,https://yield.chinabond.com.cn/cbweb-czb-web/czb/historyQuery,2026-08-09T11:34:01.034821+00:00
2022-12-29,2.17,chinabond_official,1001.CB,ChinaBond Government Bond Yield Curve,0,1.0,https://yield.chinabond.com.cn/cbweb-czb-web/czb/historyQuery,2026-08-09T11:34:01.034821+00:00
2022-12-30,2.1,chinabond_official,1001.CB,ChinaBond Government Bond Yield Curve,0,1.0,https://yield.chinabond.com.cn/cbweb-czb-web/czb/historyQuery,2026-08-09T11:34:01.034821+00:00
2022-12-31,2.1,chinabond_official,1001.CB,ChinaBond Government Bond Yield Curve,0,1.0,https://yield.chinabond.com.cn/cbweb-czb-web/czb/historyQuery,2026-08-09T11:34:01.034821+00:00
2023-01-03,2.11,chinabond_official,1001.CB,ChinaBond Government Bond Yield Curve,0,1.0,https://yield.chinabond.com.cn/cbweb-czb-web/czb/historyQuery,2026-08-09T11:34:01.034821+00:00
2023-01-04,2.07,chinabond_official,1001.CB,ChinaBond Government Bond Yield Curve,0,1.0,https://yield.chinabond.com.cn/cbweb-czb-web/czb/historyQuery,2026-08-09T11:34:01.034821+00:00
2023-01-05,2.08,chinabond_official,1001.CB,ChinaBond Government Bond Yield Curve,0,1.0,https://yield.chinabond.com.cn/cbweb-czb-web/czb/historyQuery,2026-08-09T11:34:01.034821+00:00
2023-01-06,2.1,chinabond_official,1001.CB,ChinaBond Government Bond Yield Curve,0,1.0,https://yield.chinabond.com.cn/cbweb-czb-web/czb/historyQuery,2026-08-09T11:34:01.034821+00:00
2023-01-09,2.1,chinabond_official,1001.CB,ChinaBond Government Bond Yield Curve,0,1.0,https://yield.chinabond.com.cn/cbweb-czb-web/czb/historyQuery,2026-08-09T11:34:01.034821+00:00
2023-01-10,2.12,chinabond_official,1001.CB,ChinaBond Government Bond Yield Curve,0,1.0,https://yield.chinabond.com.cn/cbweb-czb-web/czb/historyQuery,2026-08-09T11:34:01.034821+00:00
2023-01-11,2.13,chinabond_official,1001.CB,ChinaBond Government Bond Yield Curve,0,1.0,https://yield.chinabond.com.cn/cbweb-czb-web/czb/historyQuery,2026-08-09T11:34:01.034821+00:00
2023-01-12,2.1,chinabond_official,1001.CB,ChinaBond Government Bond Yield Curve,0,1.0,https://yield.chinabond.com.cn/cbweb-czb-web/czb/historyQuery,2026-08-09T11:34:01.034821+00:00
2023-01-13,2.1,chinabond_official,1001.CB,ChinaBond Government Bond Yield Curve,0,1.0,https://yield.chinabond.com.cn/cbweb-czb-web/czb/historyQuery,2026-08-09T11:34:01.034821+00:00
2023-01-16,2.13,chinabond_official,1001.CB,ChinaBond Government Bond Yield Curve,0,1.0,https://yield.chinabond.com.cn/cbweb-czb-web/czb/historyQuery,2026-08-09T11:34:01.034821+00:00
2023-01-17,2.13,chinabond_official,1001.CB,ChinaBond Government Bond Yield Curve,0,1.0,https://yield.chinabond.com.cn/cbweb-czb-web/czb/historyQuery,2026-08-09T11:34:01.034821+00:00
2023-01-18,2.16,chinabond_official,1001.CB,ChinaBond Government Bond Yield Curve,0,1.0,https://yield.chinabond.com.cn/cbweb-czb-web/czb/historyQuery,2026-08-09T11:34:01.034821+00:00
2023-01-19,2.17,chinabond_official,1001.CB,ChinaBond Government Bond Yield Curve,0,1.0,https://yield.chinabond.com.cn/cbweb-czb-web/czb/historyQuery,2026-08-09T11:34:01.034821+00:00
2023-01-20,2.16,chinabond_official,1001.CB,ChinaBond Government Bond Yield Curve,0,1.0,https://yield.chinabond.com.cn/cbweb-czb-web/czb/historyQuery,2026-08-09T11:34:01.034821+00:00
2023-01-28,2.15,chinabond_official,1001.CB,ChinaBond Government Bond Yield Curve,0,1.0,https://yield.chinabond.com.cn/cbweb-czb-web/czb/historyQuery,2026-08-09T11:34:01.034821+00:00
2023-01-29,2.15,chinabond_official,1001.CB,ChinaBond Government Bond Yield Curve,0,1.0,https://yield.chinabond.com.cn/cbweb-czb-web/czb/historyQuery,2026-08-09T11:34:01.034821+00:00
2023-01-30,2.18,chinabond_official,1001.CB,ChinaBond Government Bond Yield Curve,0,1.0,https://yield.chinabond.com.cn/cbweb-czb-web/czb/historyQuery,2026-08-09T11:34:01.034821+00:00
2023-01-31,2.15,chinabond_official,1001.CB,ChinaBond Government Bond Yield Curve,0,1.0,https://yield.chinabond.com.cn/cbweb-czb-web/czb/historyQuery,2026-08-09T11:34:01.034821+00:00
2023-02-01,2.16,chinabond_official,1001.CB,ChinaBond Government Bond Yield Curve,0,1.0,https://yield.chinabond.com.cn/cbweb-czb-web/czb/historyQuery,2026-08-09T11:34:01.034821+00:00
2023-02-02,2.15,chinabond_official,1001.CB,ChinaBond Government Bond Yield Curve,0,1.0,https://yield.chinabond.com.cn/cbweb-czb-web/czb/historyQuery,2026-08-09T11:34:01.034821+00:00
2023-02-03,2.15,chinabond_official,1001.CB,ChinaBond Government Bond Yield Curve,0,1.0,https://yield.chinabond.com.cn/cbweb-czb-web/czb/historyQuery,2026-08-09T11:34:01.034821+00:00
2023-02-06,2.16,chinabond_official,1001.CB,ChinaBond Government Bond Yield Curve,0,1.0,https://yield.chinabond.com.cn/cbweb-czb-web/czb/historyQuery,2026-08-09T11:34:01.034821+00:00
2023-02-07,2.16,chinabond_official,1001.CB,ChinaBond Government Bond Yield Curve,0,1.0,https://yield.chinabond.com.cn/cbweb-czb-web/czb/historyQuery,2026-08-09T11:34:01.034821+00:00
2023-02-08,2.16,chinabond_official,1001.CB,ChinaBond Government Bond Yield Curve,0,1.0,https://yield.chinabond.com.cn/cbweb-czb-web/czb/historyQuery,2026-08-09T11:34:01.034821+00:00
2023-02-09,2.17,chinabond_official,1001.CB,ChinaBond Government Bond Yield Curve,0,1.0,https://yield.chinabond.com.cn/cbweb-czb-web/czb/historyQuery,2026-08-09T11:34:01.034821+00:00
2023-02-10,2.17,chinabond_official,1001.CB,ChinaBond Government Bond Yield Curve,0,1.0,https://yield.chinabond.com.cn/cbweb-czb-web/czb/historyQuery,2026-08-09T11:34:01.034821+00:00
2023-02-13,2.17,chinabond_official,1001.CB,ChinaBond Government Bond Yield Curve,0,1.0,https://yield.chinabond.com.cn/cbweb-czb-web/czb/historyQuery,2026-08-09T11:34:01.034821+00:00
2023-02-14,2.18,chinabond_official,1001.CB,ChinaBond Government Bond Yield Curve,0,1.0,https://yield.chinabond.com.cn/cbweb-czb-web/czb/historyQuery,2026-08-09T11:34:01.034821+00:00
2023-02-15,2.18,chinabond_official,1001.CB,ChinaBond Government Bond Yield Curve,0,1.0,https://yield.chinabond.com.cn/cbweb-czb-web/czb/historyQuery,2026-08-09T11:34:01.034821+00:00
2023-02-16,2.19,chinabond_official,1001.CB,ChinaBond Government Bond Yield Curve,0,1.0,https://yield.chinabond.com.cn/cbweb-czb-web/czb/historyQuery,2026-08-09T11:34:01.034821+00:00
2023-02-17,2.2,chinabond_official,1001.CB,ChinaBond Government Bond Yield Curve,0,1.0,https://yield.chinabond.com.cn/cbweb-czb-web/czb/historyQuery,2026-08-09T11:34:01.034821+00:00
2023-02-20,2.24,chinabond_official,1001.CB,ChinaBond Government Bond Yield Curve,0,1.0,https://yield.chinabond.com.cn/cbweb-czb-web/czb/historyQuery,2026-08-09T11:34:01.034821+00:00
2023-02-21,2.24,chinabond_official,1001.CB,ChinaBond Government Bond Yield Curve,0,1.0,https://yield.chinabond.com.cn/cbweb-czb-web/czb/historyQuery,2026-08-09T11:34:01.034821+00:00
2023-02-22,2.24,chinabond_official,1001.CB,ChinaBond Government Bond Yield Curve,0,1.0,https://yield.chinabond.com.cn/cbweb-czb-web/czb/historyQuery,2026-08-09T11:34:01.034821+00:00
2023-02-23,2.26,chinabond_official,1001.CB,ChinaBond Government Bond Yield Curve,0,1.0,https://yield.chinabond.com.cn/cbweb-czb-web/czb/historyQuery,2026-08-09T11:34:01.034821+00:00
2023-02-24,2.29,chinabond_official,1001.CB,ChinaBond Government Bond Yield Curve,0,1.0,https://yield.chinabond.com.cn/cbweb-czb-web/czb/historyQuery,2026-08-09T11:34:01.034821+00:00
2023-02-27,2.32,chinabond_official,1001.CB,ChinaBond Government Bond Yield Curve,0,1.0,https://yield.chinabond.com.cn/cbweb-czb-web/czb/historyQuery,2026-08-09T11:34:01.034821+00:00
2023-02-28,2.33,chinabond_official,1001.CB,ChinaBond Government Bond Yield Curve,0,1.0,https://yield.chinabond.com.cn/cbweb-czb-web/czb/historyQuery,2026-08-09T11:34:01.034821+00:00
2023-03-01,2.32,chinabond_official,1001.CB,ChinaBond Government Bond Yield Curve,0,1.0,https://yield.chinabond.com.cn/cbweb-czb-web/czb/historyQuery,2026-08-09T11:34:01.034821+00:00
2023-03-02,2.32,chinabond_official,1001.CB,ChinaBond Government Bond Yield Curve,0,1.0,https://yield.chinabond.com.cn/cbweb-czb-web/czb/historyQuery,2026-08-09T11:34:01.034821+00:00
2023-03-03,2.32,chinabond_official,1001.CB,ChinaBond Government Bond Yield Curve,0,1.0,https://yield.chinabond.com.cn/cbweb-czb-web/czb/historyQuery,2026-08-09T11:34:01.034821+00:00
2023-03-06,2.3,chinabond_official,1001.CB,ChinaBond Government Bond Yield Curve,0,1.0,https://yield.chinabond.com.cn/cbweb-czb-web/czb/historyQuery,2026-08-09T11:34:01.034821+00:00
2023-03-07,2.29,chinabond_official,1001.CB,ChinaBond Government Bond Yield Curve,0,1.0,https://yield.chinabond.com.cn/cbweb-czb-web/czb/historyQuery,2026-08-09T11:34:01.034821+00:00
2023-03-08,2.27,chinabond_official,1001.CB,ChinaBond Government Bond Yield Curve,0,1.0,https://yield.chinabond.com.cn/cbweb-czb-web/czb/historyQuery,2026-08-09T11:34:01.034821+00:00
2023-03-09,2.27,chinabond_official,1001.CB,ChinaBond Government Bond Yield Curve,0,1.0,https://yield.chinabond.com.cn/cbweb-czb-web/czb/historyQuery,2026-08-09T11:34:01.034821+00:00
2023-03-10,2.26,chinabond_official,1001.CB,ChinaBond Government Bond Yield Curve,0,1.0,https://yield.chinabond.com.cn/cbweb-czb-web/czb/historyQuery,2026-08-09T11:34:01.034821+00:00
2023-03-13,2.26,chinabond_official,1001.CB,ChinaBond Government Bond Yield Curve,0,1.0,https://yield.chinabond.com.cn/cbweb-czb-web/czb/historyQuery,2026-08-09T11:34:01.034821+00:00
2023-03-14,2.27,chinabond_official,1001.CB,ChinaBond Government Bond Yield Curve,0,1.0,https://yield.chinabond.com.cn/cbweb-czb-web/czb/historyQuery,2026-08-09T11:34:01.034821+00:00
2023-03-15,2.28,chinabond_official,1001.CB,ChinaBond Government Bond Yield Curve,0,1.0,https://yield.chinabond.com.cn/cbweb-czb-web/czb/historyQuery,2026-08-09T11:34:01.034821+00:00
2023-03-16,2.25,chinabond_official,1001.CB,ChinaBond Government Bond Yield Curve,0,1.0,https://yield.chinabond.com.cn/cbweb-czb-web/czb/historyQuery,2026-08-09T11:34:01.034821+00:00
2023-03-17,2.25,chinabond_official,1001.CB,ChinaBond Government Bond Yield Curve,0,1.0,https://yield.chinabond.com.cn/cbweb-czb-web/czb/historyQuery,2026-08-09T11:34:01.034821+00:00
2023-03-20,2.23,chinabond_official,1001.CB,ChinaBond Government Bond Yield Curve,0,1.0,https://yield.chinabond.com.cn/cbweb-czb-web/czb/historyQuery,2026-08-09T11:34:01.034821+00:00
2023-03-21,2.25,chinabond_official,1001.CB,ChinaBond Government Bond Yield Curve,0,1.0,https://yield.chinabond.com.cn/cbweb-czb-web/czb/historyQuery,2026-08-09T11:34:01.034821+00:00
2023-03-22,2.27,chinabond_official,1001.CB,ChinaBond Government Bond Yield Curve,0,1.0,https://yield.chinabond.com.cn/cbweb-czb-web/czb/historyQuery,2026-08-09T11:34:01.034821+00:00
2023-03-23,2.27,chinabond_official,1001.CB,ChinaBond Government Bond Yield Curve,0,1.0,https://yield.chinabond.com.cn/cbweb-czb-web/czb/historyQuery,2026-08-09T11:34:01.034821+00:00
2023-03-24,2.29,chinabond_official,1001.CB,ChinaBond Government Bond Yield Curve,0,1.0,https://yield.chinabond.com.cn/cbweb-czb-web/czb/historyQuery,2026-08-09T11:34:01.034821+00:00
2023-03-27,2.27,chinabond_official,1001.CB,ChinaBond Government Bond Yield Curve,0,1.0,https://yield.chinabond.com.cn/cbweb-czb-web/czb/historyQuery,2026-08-09T11:34:01.034821+00:00
2023-03-28,2.28,chinabond_official,1001.CB,ChinaBond Government Bond Yield Curve,0,1.0,https://yield.chinabond.com.cn/cbweb-czb-web/czb/historyQuery,2026-08-09T11:34:01.034821+00:00
2023-03-29,2.28,chinabond_official,1001.CB,ChinaBond Government Bond Yield Curve,0,1.0,https://yield.chinabond.com.cn/cbweb-czb-web/czb/historyQuery,2026-08-09T11:34:01.034821+00:00
2023-03-30,2.27,chinabond_official,1001.CB,ChinaBond Government Bond Yield Curve,0,1.0,https://yield.chinabond.com.cn/cbweb-czb-web/czb/historyQuery,2026-08-09T11:34:01.034821+00:00
2023-03-31,2.23,chinabond_official,1001.CB,ChinaBond Government Bond Yield Curve,0,1.0,https://yield.chinabond.com.cn/cbweb-czb-web/czb/historyQuery,2026-08-09T11:34:01.034821+00:00
2023-04-03,2.23,chinabond_official,1001.CB,ChinaBond Government Bond Yield Curve,0,1.0,https://yield.chinabond.com.cn/cbweb-czb-web/czb/historyQuery,2026-08-09T11:34:01.034821+00:00
2023-04-04,2.23,chinabond_official,1001.CB,ChinaBond Government Bond Yield Curve,0,1.0,https://yield.chinabond.com.cn/cbweb-czb-web/czb/historyQuery,2026-08-09T11:34:01.034821+00:00
2023-04-06,2.23,chinabond_official,1001.CB,ChinaBond Government Bond Yield Curve,0,1.0,https://yield.chinabond.com.cn/cbweb-czb-web/czb/historyQuery,2026-08-09T11:34:01.034821+00:00
2023-04-07,2.23,chinabond_official,1001.CB,ChinaBond Government Bond Yield Curve,0,1.0,https://yield.chinabond.com.cn/cbweb-czb-web/czb/historyQuery,2026-08-09T11:34:01.034821+00:00
2023-04-10,2.22,chinabond_official,1001.CB,ChinaBond Government Bond Yield Curve,0,1.0,https://yield.chinabond.com.cn/cbweb-czb-web/czb/historyQuery,2026-08-09T11:34:01.034821+00:00
2023-04-11,2.21,chinabond_official,1001.CB,ChinaBond Government Bond Yield Curve,0,1.0,https://yield.chinabond.com.cn/cbweb-czb-web/czb/historyQuery,2026-08-09T11:34:01.034821+00:00
2023-04-12,2.21,chinabond_official,1001.CB,ChinaBond Government Bond Yield Curve,0,1.0,https://yield.chinabond.com.cn/cbweb-czb-web/czb/historyQuery,2026-08-09T11:34:01.034821+00:00
2023-04-13,2.21,chinabond_official,1001.CB,ChinaBond Government Bond Yield Curve,0,1.0,https://yield.chinabond.com.cn/cbweb-czb-web/czb/historyQuery,2026-08-09T11:34:01.034821+00:00
2023-04-14,2.21,chinabond_official,1001.CB,ChinaBond Government Bond Yield Curve,0,1.0,https://yield.chinabond.com.cn/cbweb-czb-web/czb/historyQuery,2026-08-09T11:34:01.034821+00:00
2023-04-17,2.21,chinabond_official,1001.CB,ChinaBond Government Bond Yield Curve,0,1.0,https://yield.chinabond.com.cn/cbweb-czb-web/czb/historyQuery,2026-08-09T11:34:01.034821+00:00
2023-04-18,2.2,chinabond_official,1001.CB,ChinaBond Government Bond Yield Curve,0,1.0,https://yield.chinabond.com.cn/cbweb-czb-web/czb/historyQuery,2026-08-09T11:34:01.034821+00:00
2023-04-19,2.19,chinabond_official,1001.CB,ChinaBond Government Bond Yield Curve,0,1.0,https://yield.chinabond.com.cn/cbweb-czb-web/czb/historyQuery,2026-08-09T11:34:01.034821+00:00
2023-04-20,2.19,chinabond_official,1001.CB,ChinaBond Government Bond Yield Curve,0,1.0,https://yield.chinabond.com.cn/cbweb-czb-web/czb/historyQuery,2026-08-09T11:34:01.034821+00:00
2023-04-21,2.19,chinabond_official,1001.CB,ChinaBond Government Bond Yield Curve,0,1.0,https://yield.chinabond.com.cn/cbweb-czb-web/czb/historyQuery,2026-08-09T11:34:01.034821+00:00
2023-04-23,2.19,chinabond_official,1001.CB,ChinaBond Government Bond Yield Curve,0,1.0,https://yield.chinabond.com.cn/cbweb-czb-web/czb/historyQuery,2026-08-09T11:34:01.034821+00:00
2023-04-24,2.19,chinabond_official,1001.CB,ChinaBond Government Bond Yield Curve,0,1.0,https://yield.chinabond.com.cn/cbweb-czb-web/czb/historyQuery,2026-08-09T11:34:01.034821+00:00
2023-04-25,2.18,chinabond_official,1001.CB,ChinaBond Government Bond Yield Curve,0,1.0,https://yield.chinabond.com.cn/cbweb-czb-web/czb/historyQuery,2026-08-09T11:34:01.034821+00:00
2023-04-26,2.17,chinabond_official,1001.CB,ChinaBond Government Bond Yield Curve,0,1.0,https://yield.chinabond.com.cn/cbweb-czb-web/czb/historyQuery,2026-08-09T11:34:01.034821+00:00
2023-04-27,2.16,chinabond_official,1001.CB,ChinaBond Government Bond Yield Curve,0,1.0,https://yield.chinabond.com.cn/cbweb-czb-web/czb/historyQuery,2026-08-09T11:34:01.034821+00:00
2023-04-28,2.15,chinabond_official,1001.CB,ChinaBond Government Bond Yield Curve,0,1.0,https://yield.chinabond.com.cn/cbweb-czb-web/czb/historyQuery,2026-08-09T11:34:01.034821+00:00
2023-05-04,2.14,chinabond_official,1001.CB,ChinaBond Government Bond Yield Curve,0,1.0,https://yield.chinabond.com.cn/cbweb-czb-web/czb/historyQuery,2026-08-09T11:34:01.034821+00:00
2023-05-05,2.13,chinabond_official,1001.CB,ChinaBond Government Bond Yield Curve,0,1.0,https://yield.chinabond.com.cn/cbweb-czb-web/czb/historyQuery,2026-08-09T11:34:01.034821+00:00
2023-05-06,2.12,chinabond_official,1001.CB,ChinaBond Government Bond Yield Curve,0,1.0,https://yield.chinabond.com.cn/cbweb-czb-web/czb/historyQuery,2026-08-09T11:34:01.034821+00:00
2023-05-08,2.13,chinabond_official,1001.CB,ChinaBond Government Bond Yield Curve,0,1.0,https://yield.chinabond.com.cn/cbweb-czb-web/czb/historyQuery,2026-08-09T11:34:01.034821+00:00
2023-05-09,2.12,chinabond_official,1001.CB,ChinaBond Government Bond Yield Curve,0,1.0,https://yield.chinabond.com.cn/cbweb-czb-web/czb/historyQuery,2026-08-09T11:34:01.034821+00:00
2023-05-10,2.09,chinabond_official,1001.CB,ChinaBond Government Bond Yield Curve,0,1.0,https://yield.chinabond.com.cn/cbweb-czb-web/czb/historyQuery,2026-08-09T11:34:01.034821+00:00
2023-05-11,2.04,chinabond_official,1001.CB,ChinaBond Government Bond Yield Curve,0,1.0,https://yield.chinabond.com.cn/cbweb-czb-web/czb/historyQuery,2026-08-09T11:34:01.034821+00:00
2023-05-12,2.04,chinabond_official,1001.CB,ChinaBond Government Bond Yield Curve,0,1.0,https://yield.chinabond.com.cn/cbweb-czb-web/czb/historyQuery,2026-08-09T11:34:01.034821+00:00
2023-05-15,2.06,chinabond_official,1001.CB,ChinaBond Government Bond Yield Curve,0,1.0,https://yield.chinabond.com.cn/cbweb-czb-web/czb/historyQuery,2026-08-09T11:34:01.034821+00:00
2023-05-16,2.07,chinabond_official,1001.CB,ChinaBond Government Bond Yield Curve,0,1.0,https://yield.chinabond.com.cn/cbweb-czb-web/czb/historyQuery,2026-08-09T11:34:01.034821+00:00
2023-05-17,2.08,chinabond_official,1001.CB,ChinaBond Government Bond Yield Curve,0,1.0,https://yield.chinabond.com.cn/cbweb-czb-web/czb/historyQuery,2026-08-09T11:34:01.034821+00:00
2023-05-18,2.07,chinabond_official,1001.CB,ChinaBond Government Bond Yield Curve,0,1.0,https://yield.chinabond.com.cn/cbweb-czb-web/czb/historyQuery,2026-08-09T11:34:01.034821+00:00
2023-05-19,2.06,chinabond_official,1001.CB,ChinaBond Government Bond Yield Curve,0,1.0,https://yield.chinabond.com.cn/cbweb-czb-web/czb/historyQuery,2026-08-09T11:34:01.034821+00:00
2023-05-22,2.02,chinabond_official,1001.CB,ChinaBond Government Bond Yield Curve,0,1.0,https://yield.chinabond.com.cn/cbweb-czb-web/czb/historyQuery,2026-08-09T11:34:01.034821+00:00
2023-05-23,1.99,chinabond_official,1001.CB,ChinaBond Government Bond Yield Curve,0,1.0,https://yield.chinabond.com.cn/cbweb-czb-web/czb/historyQuery,2026-08-09T11:34:01.034821+00:00
2023-05-24,1.99,chinabond_official,1001.CB,ChinaBond Government Bond Yield Curve,0,1.0,https://yield.chinabond.com.cn/cbweb-czb-web/czb/historyQuery,2026-08-09T11:34:01.034821+00:00
2023-05-25,1.98,chinabond_official,1001.CB,ChinaBond Government Bond Yield Curve,0,1.0,https://yield.chinabond.com.cn/cbweb-czb-web/czb/historyQuery,2026-08-09T11:34:01.034821+00:00
2023-05-26,2.02,chinabond_official,1001.CB,ChinaBond Government Bond Yield Curve,0,1.0,https://yield.chinabond.com.cn/cbweb-czb-web/czb/historyQuery,2026-08-09T11:34:01.034821+00:00
2023-05-29,2.0,chinabond_official,1001.CB,ChinaBond Government Bond Yield Curve,0,1.0,https://yield.chinabond.com.cn/cbweb-czb-web/czb/historyQuery,2026-08-09T11:34:01.034821+00:00
2023-05-30,1.98,chinabond_official,1001.CB,ChinaBond Government Bond Yield Curve,0,1.0,https://yield.chinabond.com.cn/cbweb-czb-web/czb/historyQuery,2026-08-09T11:34:01.034821+00:00
2023-05-31,1.98,chinabond_official,1001.CB,ChinaBond Government Bond Yield Curve,0,1.0,https://yield.chinabond.com.cn/cbweb-czb-web/czb/historyQuery,2026-08-09T11:34:01.034821+00:00
2023-06-01,1.97,chinabond_official,1001.CB,ChinaBond Government Bond Yield Curve,0,1.0,https://yield.chinabond.com.cn/cbweb-czb-web/czb/historyQuery,2026-08-09T11:34:01.034821+00:00
2023-06-02,1.97,chinabond_official,1001.CB,ChinaBond Government Bond Yield Curve,0,1.0,https://yield.chinabond.com.cn/cbweb-czb-web/czb/historyQuery,2026-08-09T11:34:01.034821+00:00
2023-06-05,1.94,chinabond_official,1001.CB,ChinaBond Government Bond Yield Curve,0,1.0,https://yield.chinabond.com.cn/cbweb-czb-web/czb/historyQuery,2026-08-09T11:34:01.034821+00:00
2023-06-06,1.92,chinabond_official,1001.CB,ChinaBond Government Bond Yield Curve,0,1.0,https://yield.chinabond.com.cn/cbweb-czb-web/czb/historyQuery,2026-08-09T11:34:01.034821+00:00
2023-06-07,1.9,chinabond_official,1001.CB,ChinaBond Government Bond Yield Curve,0,1.0,https://yield.chinabond.com.cn/cbweb-czb-web/czb/historyQuery,2026-08-09T11:34:01.034821+00:00
2023-06-08,1.89,chinabond_official,1001.CB,ChinaBond Government Bond Yield Curve,0,1.0,https://yield.chinabond.com.cn/cbweb-czb-web/czb/historyQuery,2026-08-09T11:34:01.034821+00:00
2023-06-09,1.86,chinabond_official,1001.CB,ChinaBond Government Bond Yield Curve,0,1.0,https://yield.chinabond.com.cn/cbweb-czb-web/czb/historyQuery,2026-08-09T11:34:01.034821+00:00
2023-06-12,1.87,chinabond_official,1001.CB,ChinaBond Government Bond Yield Curve,0,1.0,https://yield.chinabond.com.cn/cbweb-czb-web/czb/historyQuery,2026-08-09T11:34:01.034821+00:00
2023-06-13,1.85,chinabond_official,1001.CB,ChinaBond Government Bond Yield Curve,0,1.0,https://yield.chinabond.com.cn/cbweb-czb-web/czb/historyQuery,2026-08-09T11:34:01.034821+00:00
2023-06-14,1.84,chinabond_official,1001.CB,ChinaBond Government Bond Yield Curve,0,1.0,https://yield.chinabond.com.cn/cbweb-czb-web/czb/historyQuery,2026-08-09T11:34:01.034821+00:00
2023-06-15,1.86,chinabond_official,1001.CB,ChinaBond Government Bond Yield Curve,0,1.0,https://yield.chinabond.com.cn/cbweb-czb-web/czb/historyQuery,2026-08-09T11:34:01.034821+00:00
2023-06-16,1.88,chinabond_official,1001.CB,ChinaBond Government Bond Yield Curve,0,1.0,https://yield.chinabond.com.cn/cbweb-czb-web/czb/historyQuery,2026-08-09T11:34:01.034821+00:00
2023-06-19,1.9,chinabond_official,1001.CB,ChinaBond Government Bond Yield Curve,0,1.0,https://yield.chinabond.com.cn/cbweb-czb-web/czb/historyQuery,2026-08-09T11:34:01.034821+00:00
2023-06-20,1.91,chinabond_official,1001.CB,ChinaBond Government Bond Yield Curve,0,1.0,https://yield.chinabond.com.cn/cbweb-czb-web/czb/historyQuery,2026-08-09T11:34:01.034821+00:00
2023-06-21,1.92,chinabond_official,1001.CB,ChinaBond Government Bond Yield Curve,0,1.0,https://yield.chinabond.com.cn/cbweb-czb-web/czb/historyQuery,2026-08-09T11:34:01.034821+00:00
2023-06-25,1.91,chinabond_official,1001.CB,ChinaBond Government Bond Yield Curve,0,1.0,https://yield.chinabond.com.cn/cbweb-czb-web/czb/historyQuery,2026-08-09T11:34:01.034821+00:00
2023-06-26,1.91,chinabond_official,1001.CB,ChinaBond Government Bond Yield Curve,0,1.0,https://yield.chinabond.com.cn/cbweb-czb-web/czb/historyQuery,2026-08-09T11:34:01.034821+00:00
2023-06-27,1.95,chinabond_official,1001.CB,ChinaBond Government Bond Yield Curve,0,1.0,https://yield.chinabond.com.cn/cbweb-czb-web/czb/historyQuery,2026-08-09T11:34:01.034821+00:00
2023-06-28,1.94,chinabond_official,1001.CB,ChinaBond Government Bond Yield Curve,0,1.0,https://yield.chinabond.com.cn/cbweb-czb-web/czb/historyQuery,2026-08-09T11:34:01.034821+00:00
2023-06-29,1.93,chinabond_official,1001.CB,ChinaBond Government Bond Yield Curve,0,1.0,https://yield.chinabond.com.cn/cbweb-czb-web/czb/historyQuery,2026-08-09T11:34:01.034821+00:00
2023-06-30,1.87,chinabond_official,1001.CB,ChinaBond Government Bond Yield Curve,0,1.0,https://yield.chinabond.com.cn/cbweb-czb-web/czb/historyQuery,2026-08-09T11:34:01.034821+00:00
2023-07-03,1.84,chinabond_official,1001.CB,ChinaBond Government Bond Yield Curve,0,1.0,https://yield.chinabond.com.cn/cbweb-czb-web/czb/historyQuery,2026-08-09T11:34:01.034821+00:00
2023-07-04,1.83,chinabond_official,1001.CB,ChinaBond Government Bond Yield Curve,0,1.0,https://yield.chinabond.com.cn/cbweb-czb-web/czb/historyQuery,2026-08-09T11:34:01.034821+00:00
2023-07-05,1.82,chinabond_official,1001.CB,ChinaBond Government Bond Yield Curve,0,1.0,https://yield.chinabond.com.cn/cbweb-czb-web/czb/historyQuery,2026-08-09T11:34:01.034821+00:00
2023-07-06,1.82,chinabond_official,1001.CB,ChinaBond Government Bond Yield Curve,0,1.0,https://yield.chinabond.com.cn/cbweb-czb-web/czb/historyQuery,2026-08-09T11:34:01.034821+00:00
2023-07-07,1.83,chinabond_official,1001.CB,ChinaBond Government Bond Yield Curve,0,1.0,https://yield.chinabond.com.cn/cbweb-czb-web/czb/historyQuery,2026-08-09T11:34:01.034821+00:00
2023-07-10,1.83,chinabond_official,1001.CB,ChinaBond Government Bond Yield Curve,0,1.0,https://yield.chinabond.com.cn/cbweb-czb-web/czb/historyQuery,2026-08-09T11:34:01.034821+00:00
2023-07-11,1.82,chinabond_official,1001.CB,ChinaBond Government Bond Yield Curve,0,1.0,https://yield.chinabond.com.cn/cbweb-czb-web/czb/historyQuery,2026-08-09T11:34:01.034821+00:00
2023-07-12,1.82,chinabond_official,1001.CB,ChinaBond Government Bond Yield Curve,0,1.0,https://yield.chinabond.com.cn/cbweb-czb-web/czb/historyQuery,2026-08-09T11:34:01.034821+00:00
2023-07-13,1.84,chinabond_official,1001.CB,ChinaBond Government Bond Yield Curve,0,1.0,https://yield.chinabond.com.cn/cbweb-czb-web/czb/historyQuery,2026-08-09T11:34:01.034821+00:00
2023-07-14,1.84,chinabond_official,1001.CB,ChinaBond Government Bond Yield Curve,0,1.0,https://yield.chinabond.com.cn/cbweb-czb-web/czb/historyQuery,2026-08-09T11:34:01.034821+00:00
2023-07-17,1.76,chinabond_official,1001.CB,ChinaBond Government Bond Yield Curve,0,1.0,https://yield.chinabond.com.cn/cbweb-czb-web/czb/historyQuery,2026-08-09T11:34:01.034821+00:00
2023-07-18,1.76,chinabond_official,1001.CB,ChinaBond Government Bond Yield Curve,0,1.0,https://yield.chinabond.com.cn/cbweb-czb-web/czb/historyQuery,2026-08-09T11:34:01.034821+00:00
2023-07-19,1.75,chinabond_official,1001.CB,ChinaBond Government Bond Yield Curve,0,1.0,https://yield.chinabond.com.cn/cbweb-czb-web/czb/historyQuery,2026-08-09T11:34:01.034821+00:00
2023-07-20,1.75,chinabond_official,1001.CB,ChinaBond Government Bond Yield Curve,0,1.0,https://yield.chinabond.com.cn/cbweb-czb-web/czb/historyQuery,2026-08-09T11:34:01.034821+00:00
2023-07-21,1.74,chinabond_official,1001.CB,ChinaBond Government Bond Yield Curve,0,1.0,https://yield.chinabond.com.cn/cbweb-czb-web/czb/historyQuery,2026-08-09T11:34:01.034821+00:00
2023-07-24,1.73,chinabond_official,1001.CB,ChinaBond Government Bond Yield Curve,0,1.0,https://yield.chinabond.com.cn/cbweb-czb-web/czb/historyQuery,2026-08-09T11:34:01.034821+00:00
2023-07-25,1.78,chinabond_official,1001.CB,ChinaBond Government Bond Yield Curve,0,1.0,https://yield.chinabond.com.cn/cbweb-czb-web/czb/historyQuery,2026-08-09T11:34:01.034821+00:00
2023-07-26,1.79,chinabond_official,1001.CB,ChinaBond Government Bond Yield Curve,0,1.0,https://yield.chinabond.com.cn/cbweb-czb-web/czb/historyQuery,2026-08-09T11:34:01.034821+00:00
2023-07-27,1.82,chinabond_official,1001.CB,ChinaBond Government Bond Yield Curve,0,1.0,https://yield.chinabond.com.cn/cbweb-czb-web/czb/historyQuery,2026-08-09T11:34:01.034821+00:00
2023-07-28,1.82,chinabond_official,1001.CB,ChinaBond Government Bond Yield Curve,0,1.0,https://yield.chinabond.com.cn/cbweb-czb-web/czb/historyQuery,2026-08-09T11:34:01.034821+00:00
2023-07-31,1.81,chinabond_official,1001.CB,ChinaBond Government Bond Yield Curve,0,1.0,https://yield.chinabond.com.cn/cbweb-czb-web/czb/historyQuery,2026-08-09T11:34:01.034821+00:00
2023-08-01,1.78,chinabond_official,1001.CB,ChinaBond Government Bond Yield Curve,0,1.0,https://yield.chinabond.com.cn/cbweb-czb-web/czb/historyQuery,2026-08-09T11:34:01.034821+00:00
2023-08-02,1.77,chinabond_official,1001.CB,ChinaBond Government Bond Yield Curve,0,1.0,https://yield.chinabond.com.cn/cbweb-czb-web/czb/historyQuery,2026-08-09T11:34:01.034821+00:00
2023-08-03,1.74,chinabond_official,1001.CB,ChinaBond Government Bond Yield Curve,0,1.0,https://yield.chinabond.com.cn/cbweb-czb-web/czb/historyQuery,2026-08-09T11:34:01.034821+00:00
2023-08-04,1.75,chinabond_official,1001.CB,ChinaBond Government Bond Yield Curve,0,1.0,https://yield.chinabond.com.cn/cbweb-czb-web/czb/historyQuery,2026-08-09T11:34:01.034821+00:00
2023-08-07,1.76,chinabond_official,1001.CB,ChinaBond Government Bond Yield Curve,0,1.0,https://yield.chinabond.com.cn/cbweb-czb-web/czb/historyQuery,2026-08-09T11:34:01.034821+00:00
2023-08-08,1.78,chinabond_official,1001.CB,ChinaBond Government Bond Yield Curve,0,1.0,https://yield.chinabond.com.cn/cbweb-czb-web/czb/historyQuery,2026-08-09T11:34:01.034821+00:00
2023-08-09,1.81,chinabond_official,1001.CB,ChinaBond Government Bond Yield Curve,0,1.0,https://yield.chinabond.com.cn/cbweb-czb-web/czb/historyQuery,2026-08-09T11:34:01.034821+00:00
2023-08-10,1.83,chinabond_official,1001.CB,ChinaBond Government Bond Yield Curve,0,1.0,https://yield.chinabond.com.cn/cbweb-czb-web/czb/historyQuery,2026-08-09T11:34:01.034821+00:00
2023-08-11,1.83,chinabond_official,1001.CB,ChinaBond Government Bond Yield Curve,0,1.0,https://yield.chinabond.com.cn/cbweb-czb-web/czb/historyQuery,2026-08-09T11:34:01.034821+00:00
2023-08-14,1.82,chinabond_official,1001.CB,ChinaBond Government Bond Yield Curve,0,1.0,https://yield.chinabond.com.cn/cbweb-czb-web/czb/historyQuery,2026-08-09T11:34:01.034821+00:00
2023-08-15,1.82,chinabond_official,1001.CB,ChinaBond Government Bond Yield Curve,0,1.0,https://yield.chinabond.com.cn/cbweb-czb-web/czb/historyQuery,2026-08-09T11:34:01.034821+00:00
2023-08-16,1.84,chinabond_official,1001.CB,ChinaBond Government Bond Yield Curve,0,1.0,https://yield.chinabond.com.cn/cbweb-czb-web/czb/historyQuery,2026-08-09T11:34:01.034821+00:00
2023-08-17,1.84,chinabond_official,1001.CB,ChinaBond Government Bond Yield Curve,0,1.0,https://yield.chinabond.com.cn/cbweb-czb-web/czb/historyQuery,2026-08-09T11:34:01.034821+00:00
2023-08-18,1.83,chinabond_official,1001.CB,ChinaBond Government Bond Yield Curve,0,1.0,https://yield.chinabond.com.cn/cbweb-czb-web/czb/historyQuery,2026-08-09T11:34:01.034821+00:00
2023-08-21,1.87,chinabond_official,1001.CB,ChinaBond Government Bond Yield Curve,0,1.0,https://yield.chinabond.com.cn/cbweb-czb-web/czb/historyQuery,2026-08-09T11:34:01.034821+00:00
2023-08-22,1.9,chinabond_official,1001.CB,ChinaBond Government Bond Yield Curve,0,1.0,https://yield.chinabond.com.cn/cbweb-czb-web/czb/historyQuery,2026-08-09T11:34:01.034821+00:00
2023-08-23,1.9,chinabond_official,1001.CB,ChinaBond Government Bond Yield Curve,0,1.0,https://yield.chinabond.com.cn/cbweb-czb-web/czb/historyQuery,2026-08-09T11:34:01.034821+00:00
2023-08-24,1.88,chinabond_official,1001.CB,ChinaBond Government Bond Yield Curve,0,1.0,https://yield.chinabond.com.cn/cbweb-czb-web/czb/historyQuery,2026-08-09T11:34:01.034821+00:00
2023-08-25,1.9,chinabond_official,1001.CB,ChinaBond Government Bond Yield Curve,0,1.0,https://yield.chinabond.com.cn/cbweb-czb-web/czb/historyQuery,2026-08-09T11:34:01.034821+00:00
2023-08-28,1.92,chinabond_official,1001.CB,ChinaBond Government Bond Yield Curve,0,1.0,https://yield.chinabond.com.cn/cbweb-czb-web/czb/historyQuery,2026-08-09T11:34:01.034821+00:00
2023-08-29,1.99,chinabond_official,1001.CB,ChinaBond Government Bond Yield Curve,0,1.0,https://yield.chinabond.com.cn/cbweb-czb-web/czb/historyQuery,2026-08-09T11:34:01.034821+00:00
2023-08-30,1.94,chinabond_official,1001.CB,ChinaBond Government Bond Yield Curve,0,1.0,https://yield.chinabond.com.cn/cbweb-czb-web/czb/historyQuery,2026-08-09T11:34:01.034821+00:00
2023-08-31,1.91,chinabond_official,1001.CB,ChinaBond Government Bond Yield Curve,0,1.0,https://yield.chinabond.com.cn/cbweb-czb-web/czb/historyQuery,2026-08-09T11:34:01.034821+00:00
2023-09-01,1.96,chinabond_official,1001.CB,ChinaBond Government Bond Yield Curve,0,1.0,https://yield.chinabond.com.cn/cbweb-czb-web/czb/historyQuery,2026-08-09T11:34:01.034821+00:00
2023-09-04,1.98,chinabond_official,1001.CB,ChinaBond Government Bond Yield Curve,0,1.0,https://yield.chinabond.com.cn/cbweb-czb-web/czb/historyQuery,2026-08-09T11:34:01.034821+00:00
2023-09-05,1.99,chinabond_official,1001.CB,ChinaBond Government Bond Yield Curve,0,1.0,https://yield.chinabond.com.cn/cbweb-czb-web/czb/historyQuery,2026-08-09T11:34:01.034821+00:00
2023-09-06,2.08,chinabond_official,1001.CB,ChinaBond Government Bond Yield Curve,0,1.0,https://yield.chinabond.com.cn/cbweb-czb-web/czb/historyQuery,2026-08-09T11:34:01.034821+00:00
2023-09-07,2.09,chinabond_official,1001.CB,ChinaBond Government Bond Yield Curve,0,1.0,https://yield.chinabond.com.cn/cbweb-czb-web/czb/historyQuery,2026-08-09T11:34:01.034821+00:00
2023-09-08,2.1,chinabond_official,1001.CB,ChinaBond Government Bond Yield Curve,0,1.0,https://yield.chinabond.com.cn/cbweb-czb-web/czb/historyQuery,2026-08-09T11:34:01.034821+00:00
2023-09-11,2.14,chinabond_official,1001.CB,ChinaBond Government Bond Yield Curve,0,1.0,https://yield.chinabond.com.cn/cbweb-czb-web/czb/historyQuery,2026-08-09T11:34:01.034821+00:00
2023-09-12,2.13,chinabond_official,1001.CB,ChinaBond Government Bond Yield Curve,0,1.0,https://yield.chinabond.com.cn/cbweb-czb-web/czb/historyQuery,2026-08-09T11:34:01.034821+00:00
2023-09-13,2.1,chinabond_official,1001.CB,ChinaBond Government Bond Yield Curve,0,1.0,https://yield.chinabond.com.cn/cbweb-czb-web/czb/historyQuery,2026-08-09T11:34:01.034821+00:00
2023-09-14,2.1,chinabond_official,1001.CB,ChinaBond Government Bond Yield Curve,0,1.0,https://yield.chinabond.com.cn/cbweb-czb-web/czb/historyQuery,2026-08-09T11:34:01.034821+00:00
2023-09-15,2.13,chinabond_official,1001.CB,ChinaBond Government Bond Yield Curve,0,1.0,https://yield.chinabond.com.cn/cbweb-czb-web/czb/historyQuery,2026-08-09T11:34:01.034821+00:00
2023-09-18,2.17,chinabond_official,1001.CB,ChinaBond Government Bond Yield Curve,0,1.0,https://yield.chinabond.com.cn/cbweb-czb-web/czb/historyQuery,2026-08-09T11:34:01.034821+00:00
2023-09-19,2.19,chinabond_official,1001.CB,ChinaBond Government Bond Yield Curve,0,1.0,https://yield.chinabond.com.cn/cbweb-czb-web/czb/historyQuery,2026-08-09T11:34:01.034821+00:00
2023-09-20,2.21,chinabond_official,1001.CB,ChinaBond Government Bond Yield Curve,0,1.0,https://yield.chinabond.com.cn/cbweb-czb-web/czb/historyQuery,2026-08-09T11:34:01.034821+00:00
2023-09-21,2.19,chinabond_official,1001.CB,ChinaBond Government Bond Yield Curve,0,1.0,https://yield.chinabond.com.cn/cbweb-czb-web/czb/historyQuery,2026-08-09T11:34:01.034821+00:00
2023-09-22,2.2,chinabond_official,1001.CB,ChinaBond Government Bond Yield Curve,0,1.0,https://yield.chinabond.com.cn/cbweb-czb-web/czb/historyQuery,2026-08-09T11:34:01.034821+00:00
2023-09-25,2.21,chinabond_official,1001.CB,ChinaBond Government Bond Yield Curve,0,1.0,https://yield.chinabond.com.cn/cbweb-czb-web/czb/historyQuery,2026-08-09T11:34:01.034821+00:00
2023-09-26,2.23,chinabond_official,1001.CB,ChinaBond Government Bond Yield Curve,0,1.0,https://yield.chinabond.com.cn/cbweb-czb-web/czb/historyQuery,2026-08-09T11:34:01.034821+00:00
2023-09-27,2.21,chinabond_official,1001.CB,ChinaBond Government Bond Yield Curve,0,1.0,https://yield.chinabond.com.cn/cbweb-czb-web/czb/historyQuery,2026-08-09T11:34:01.034821+00:00
2023-09-28,2.17,chinabond_official,1001.CB,ChinaBond Government Bond Yield Curve,0,1.0,https://yield.chinabond.com.cn/cbweb-czb-web/czb/historyQuery,2026-08-09T11:34:01.034821+00:00
2023-10-07,2.15,chinabond_official,1001.CB,ChinaBond Government Bond Yield Curve,0,1.0,https://yield.chinabond.com.cn/cbweb-czb-web/czb/historyQuery,2026-08-09T11:34:01.034821+00:00
2023-10-08,2.14,chinabond_official,1001.CB,ChinaBond Government Bond Yield Curve,0,1.0,https://yield.chinabond.com.cn/cbweb-czb-web/czb/historyQuery,2026-08-09T11:34:01.034821+00:00
2023-10-09,2.16,chinabond_official,1001.CB,ChinaBond Government Bond Yield Curve,0,1.0,https://yield.chinabond.com.cn/cbweb-czb-web/czb/historyQuery,2026-08-09T11:34:01.034821+00:00
2023-10-10,2.2,chinabond_official,1001.CB,ChinaBond Government Bond Yield Curve,0,1.0,https://yield.chinabond.com.cn/cbweb-czb-web/czb/historyQuery,2026-08-09T11:34:01.034821+00:00
2023-10-11,2.24,chinabond_official,1001.CB,ChinaBond Government Bond Yield Curve,0,1.0,https://yield.chinabond.com.cn/cbweb-czb-web/czb/historyQuery,2026-08-09T11:34:01.034821+00:00
2023-10-12,2.2,chinabond_official,1001.CB,ChinaBond Government Bond Yield Curve,0,1.0,https://yield.chinabond.com.cn/cbweb-czb-web/czb/historyQuery,2026-08-09T11:34:01.034821+00:00
2023-10-13,2.18,chinabond_official,1001.CB,ChinaBond Government Bond Yield Curve,0,1.0,https://yield.chinabond.com.cn/cbweb-czb-web/czb/historyQuery,2026-08-09T11:34:01.034821+00:00
2023-10-16,2.19,chinabond_official,1001.CB,ChinaBond Government Bond Yield Curve,0,1.0,https://yield.chinabond.com.cn/cbweb-czb-web/czb/historyQuery,2026-08-09T11:34:01.034821+00:00
2023-10-17,2.22,chinabond_official,1001.CB,ChinaBond Government Bond Yield Curve,0,1.0,https://yield.chinabond.com.cn/cbweb-czb-web/czb/historyQuery,2026-08-09T11:34:01.034821+00:00
2023-10-18,2.25,chinabond_official,1001.CB,ChinaBond Government Bond Yield Curve,0,1.0,https://yield.chinabond.com.cn/cbweb-czb-web/czb/historyQuery,2026-08-09T11:34:01.034821+00:00
2023-10-19,2.29,chinabond_official,1001.CB,ChinaBond Government Bond Yield Curve,0,1.0,https://yield.chinabond.com.cn/cbweb-czb-web/czb/historyQuery,2026-08-09T11:34:01.034821+00:00
2023-10-20,2.31,chinabond_official,1001.CB,ChinaBond Government Bond Yield Curve,0,1.0,https://yield.chinabond.com.cn/cbweb-czb-web/czb/historyQuery,2026-08-09T11:34:01.034821+00:00
2023-10-23,2.3,chinabond_official,1001.CB,ChinaBond Government Bond Yield Curve,0,1.0,https://yield.chinabond.com.cn/cbweb-czb-web/czb/historyQuery,2026-08-09T11:34:01.034821+00:00
2023-10-24,2.33,chinabond_official,1001.CB,ChinaBond Government Bond Yield Curve,0,1.0,https://yield.chinabond.com.cn/cbweb-czb-web/czb/historyQuery,2026-08-09T11:34:01.034821+00:00
2023-10-25,2.28,chinabond_official,1001.CB,ChinaBond Government Bond Yield Curve,0,1.0,https://yield.chinabond.com.cn/cbweb-czb-web/czb/historyQuery,2026-08-09T11:34:01.034821+00:00
2023-10-26,2.28,chinabond_official,1001.CB,ChinaBond Government Bond Yield Curve,0,1.0,https://yield.chinabond.com.cn/cbweb-czb-web/czb/historyQuery,2026-08-09T11:34:01.034821+00:00
2023-10-27,2.28,chinabond_official,1001.CB,ChinaBond Government Bond Yield Curve,0,1.0,https://yield.chinabond.com.cn/cbweb-czb-web/czb/historyQuery,2026-08-09T11:34:01.034821+00:00
2023-10-30,2.23,chinabond_official,1001.CB,ChinaBond Government Bond Yield Curve,0,1.0,https://yield.chinabond.com.cn/cbweb-czb-web/czb/historyQuery,2026-08-09T11:34:01.034821+00:00
2023-10-31,2.21,chinabond_official,1001.CB,ChinaBond Government Bond Yield Curve,0,1.0,https://yield.chinabond.com.cn/cbweb-czb-web/czb/historyQuery,2026-08-09T11:34:01.034821+00:00
2023-11-01,2.25,chinabond_official,1001.CB,ChinaBond Government Bond Yield Curve,0,1.0,https://yield.chinabond.com.cn/cbweb-czb-web/czb/historyQuery,2026-08-09T11:34:01.034821+00:00
2023-11-02,2.22,chinabond_official,1001.CB,ChinaBond Government Bond Yield Curve,0,1.0,https://yield.chinabond.com.cn/cbweb-czb-web/czb/historyQuery,2026-08-09T11:34:01.034821+00:00
2023-11-03,2.22,chinabond_official,1001.CB,ChinaBond Government Bond Yield Curve,0,1.0,https://yield.chinabond.com.cn/cbweb-czb-web/czb/historyQuery,2026-08-09T11:34:01.034821+00:00
2023-11-06,2.23,chinabond_official,1001.CB,ChinaBond Government Bond Yield Curve,0,1.0,https://yield.chinabond.com.cn/cbweb-czb-web/czb/historyQuery,2026-08-09T11:34:01.034821+00:00
2023-11-07,2.25,chinabond_official,1001.CB,ChinaBond Government Bond Yield Curve,0,1.0,https://yield.chinabond.com.cn/cbweb-czb-web/czb/historyQuery,2026-08-09T11:34:01.034821+00:00
2023-11-08,2.25,chinabond_official,1001.CB,ChinaBond Government Bond Yield Curve,0,1.0,https://yield.chinabond.com.cn/cbweb-czb-web/czb/historyQuery,2026-08-09T11:34:01.034821+00:00
2023-11-09,2.24,chinabond_official,1001.CB,ChinaBond Government Bond Yield Curve,0,1.0,https://yield.chinabond.com.cn/cbweb-czb-web/czb/historyQuery,2026-08-09T11:34:01.034821+00:00
2023-11-10,2.23,chinabond_official,1001.CB,ChinaBond Government Bond Yield Curve,0,1.0,https://yield.chinabond.com.cn/cbweb-czb-web/czb/historyQuery,2026-08-09T11:34:01.034821+00:00
2023-11-13,2.21,chinabond_official,1001.CB,ChinaBond Government Bond Yield Curve,0,1.0,https://yield.chinabond.com.cn/cbweb-czb-web/czb/historyQuery,2026-08-09T11:34:01.034821+00:00
2023-11-14,2.17,chinabond_official,1001.CB,ChinaBond Government Bond Yield Curve,0,1.0,https://yield.chinabond.com.cn/cbweb-czb-web/czb/historyQuery,2026-08-09T11:34:01.034821+00:00
2023-11-15,2.16,chinabond_official,1001.CB,ChinaBond Government Bond Yield Curve,0,1.0,https://yield.chinabond.com.cn/cbweb-czb-web/czb/historyQuery,2026-08-09T11:34:01.034821+00:00
2023-11-16,2.14,chinabond_official,1001.CB,ChinaBond Government Bond Yield Curve,0,1.0,https://yield.chinabond.com.cn/cbweb-czb-web/czb/historyQuery,2026-08-09T11:34:01.034821+00:00
2023-11-17,2.12,chinabond_official,1001.CB,ChinaBond Government Bond Yield Curve,0,1.0,https://yield.chinabond.com.cn/cbweb-czb-web/czb/historyQuery,2026-08-09T11:34:01.034821+00:00
2023-11-20,2.15,chinabond_official,1001.CB,ChinaBond Government Bond Yield Curve,0,1.0,https://yield.chinabond.com.cn/cbweb-czb-web/czb/historyQuery,2026-08-09T11:34:01.034821+00:00
2023-11-21,2.2,chinabond_official,1001.CB,ChinaBond Government Bond Yield Curve,0,1.0,https://yield.chinabond.com.cn/cbweb-czb-web/czb/historyQuery,2026-08-09T11:34:01.034821+00:00
2023-11-22,2.31,chinabond_official,1001.CB,ChinaBond Government Bond Yield Curve,0,1.0,https://yield.chinabond.com.cn/cbweb-czb-web/czb/historyQuery,2026-08-09T11:34:01.034821+00:00
2023-11-23,2.33,chinabond_official,1001.CB,ChinaBond Government Bond Yield Curve,0,1.0,https://yield.chinabond.com.cn/cbweb-czb-web/czb/historyQuery,2026-08-09T11:34:01.034821+00:00
2023-11-24,2.33,chinabond_official,1001.CB,ChinaBond Government Bond Yield Curve,0,1.0,https://yield.chinabond.com.cn/cbweb-czb-web/czb/historyQuery,2026-08-09T11:34:01.034821+00:00
2023-11-27,2.39,chinabond_official,1001.CB,ChinaBond Government Bond Yield Curve,0,1.0,https://yield.chinabond.com.cn/cbweb-czb-web/czb/historyQuery,2026-08-09T11:34:01.034821+00:00
2023-11-28,2.36,chinabond_official,1001.CB,ChinaBond Government Bond Yield Curve,0,1.0,https://yield.chinabond.com.cn/cbweb-czb-web/czb/historyQuery,2026-08-09T11:34:01.034821+00:00
2023-11-29,2.36,chinabond_official,1001.CB,ChinaBond Government Bond Yield Curve,0,1.0,https://yield.chinabond.com.cn/cbweb-czb-web/czb/historyQuery,2026-08-09T11:34:01.034821+00:00
2023-11-30,2.34,chinabond_official,1001.CB,ChinaBond Government Bond Yield Curve,0,1.0,https://yield.chinabond.com.cn/cbweb-czb-web/czb/historyQuery,2026-08-09T11:34:01.034821+00:00
2023-12-01,2.34,chinabond_official,1001.CB,ChinaBond Government Bond Yield Curve,0,1.0,https://yield.chinabond.com.cn/cbweb-czb-web/czb/historyQuery,2026-08-09T11:34:01.034821+00:00
2023-12-04,2.38,chinabond_official,1001.CB,ChinaBond Government Bond Yield Curve,0,1.0,https://yield.chinabond.com.cn/cbweb-czb-web/czb/historyQuery,2026-08-09T11:34:01.034821+00:00
2023-12-05,2.38,chinabond_official,1001.CB,ChinaBond Government Bond Yield Curve,0,1.0,https://yield.chinabond.com.cn/cbweb-czb-web/czb/historyQuery,2026-08-09T11:34:01.034821+00:00
2023-12-06,2.4,chinabond_official,1001.CB,ChinaBond Government Bond Yield Curve,0,1.0,https://yield.chinabond.com.cn/cbweb-czb-web/czb/historyQuery,2026-08-09T11:34:01.034821+00:00
2023-12-07,2.38,chinabond_official,1001.CB,ChinaBond Government Bond Yield Curve,0,1.0,https://yield.chinabond.com.cn/cbweb-czb-web/czb/historyQuery,2026-08-09T11:34:01.034821+00:00
2023-12-08,2.38,chinabond_official,1001.CB,ChinaBond Government Bond Yield Curve,0,1.0,https://yield.chinabond.com.cn/cbweb-czb-web/czb/historyQuery,2026-08-09T11:34:01.034821+00:00
2023-12-11,2.38,chinabond_official,1001.CB,ChinaBond Government Bond Yield Curve,0,1.0,https://yield.chinabond.com.cn/cbweb-czb-web/czb/historyQuery,2026-08-09T11:34:01.034821+00:00
2023-12-12,2.38,chinabond_official,1001.CB,ChinaBond Government Bond Yield Curve,0,1.0,https://yield.chinabond.com.cn/cbweb-czb-web/czb/historyQuery,2026-08-09T11:34:01.034821+00:00
2023-12-13,2.35,chinabond_official,1001.CB,ChinaBond Government Bond Yield Curve,0,1.0,https://yield.chinabond.com.cn/cbweb-czb-web/czb/historyQuery,2026-08-09T11:34:01.034821+00:00
2023-12-14,2.34,chinabond_official,1001.CB,ChinaBond Government Bond Yield Curve,0,1.0,https://yield.chinabond.com.cn/cbweb-czb-web/czb/historyQuery,2026-08-09T11:34:01.034821+00:00
2023-12-15,2.31,chinabond_official,1001.CB,ChinaBond Government Bond Yield Curve,0,1.0,https://yield.chinabond.com.cn/cbweb-czb-web/czb/historyQuery,2026-08-09T11:34:01.034821+00:00
2023-12-18,2.3,chinabond_official,1001.CB,ChinaBond Government Bond Yield Curve,0,1.0,https://yield.chinabond.com.cn/cbweb-czb-web/czb/historyQuery,2026-08-09T11:34:01.034821+00:00
2023-12-19,2.3,chinabond_official,1001.CB,ChinaBond Government Bond Yield Curve,0,1.0,https://yield.chinabond.com.cn/cbweb-czb-web/czb/historyQuery,2026-08-09T11:34:01.034821+00:00
2023-12-20,2.31,chinabond_official,1001.CB,ChinaBond Government Bond Yield Curve,0,1.0,https://yield.chinabond.com.cn/cbweb-czb-web/czb/historyQuery,2026-08-09T11:34:01.034821+00:00
2023-12-21,2.28,chinabond_official,1001.CB,ChinaBond Government Bond Yield Curve,0,1.0,https://yield.chinabond.com.cn/cbweb-czb-web/czb/historyQuery,2026-08-09T11:34:01.034821+00:00
2023-12-22,2.25,chinabond_official,1001.CB,ChinaBond Government Bond Yield Curve,0,1.0,https://yield.chinabond.com.cn/cbweb-czb-web/czb/historyQuery,2026-08-09T11:34:01.034821+00:00
2023-12-25,2.22,chinabond_official,1001.CB,ChinaBond Government Bond Yield Curve,0,1.0,https://yield.chinabond.com.cn/cbweb-czb-web/czb/historyQuery,2026-08-09T11:34:01.034821+00:00
2023-12-26,2.2,chinabond_official,1001.CB,ChinaBond Government Bond Yield Curve,0,1.0,https://yield.chinabond.com.cn/cbweb-czb-web/czb/historyQuery,2026-08-09T11:34:01.034821+00:00
2023-12-27,2.15,chinabond_official,1001.CB,ChinaBond Government Bond Yield Curve,0,1.0,https://yield.chinabond.com.cn/cbweb-czb-web/czb/historyQuery,2026-08-09T11:34:01.034821+00:00
2023-12-28,2.12,chinabond_official,1001.CB,ChinaBond Government Bond Yield Curve,0,1.0,https://yield.chinabond.com.cn/cbweb-czb-web/czb/historyQuery,2026-08-09T11:34:01.034821+00:00
2023-12-29,2.08,chinabond_official,1001.CB,ChinaBond Government Bond Yield Curve,0,1.0,https://yield.chinabond.com.cn/cbweb-czb-web/czb/historyQuery,2026-08-09T11:34:01.034821+00:00
2023-12-31,2.08,chinabond_official,1001.CB,ChinaBond Government Bond Yield Curve,0,1.0,https://yield.chinabond.com.cn/cbweb-czb-web/czb/historyQuery,2026-08-09T11:34:01.034821+00:00
2024-01-02,2.12,chinabond_official,1001.CB,ChinaBond Government Bond Yield Curve,0,1.0,https://yield.chinabond.com.cn/cbweb-czb-web/czb/historyQuery,2026-08-09T11:34:01.034821+00:00
2024-01-03,2.14,chinabond_official,1001.CB,ChinaBond Government Bond Yield Curve,0,1.0,https://yield.chinabond.com.cn/cbweb-czb-web/czb/historyQuery,2026-08-09T11:34:01.034821+00:00
2024-01-04,2.15,chinabond_official,1001.CB,ChinaBond Government Bond Yield Curve,0,1.0,https://yield.chinabond.com.cn/cbweb-czb-web/czb/historyQuery,2026-08-09T11:34:01.034821+00:00
2024-01-05,2.11,chinabond_official,1001.CB,ChinaBond Government Bond Yield Curve,0,1.0,https://yield.chinabond.com.cn/cbweb-czb-web/czb/historyQuery,2026-08-09T11:34:01.034821+00:00
2024-01-08,2.12,chinabond_official,1001.CB,ChinaBond Government Bond Yield Curve,0,1.0,https://yield.chinabond.com.cn/cbweb-czb-web/czb/historyQuery,2026-08-09T11:34:01.034821+00:00
2024-01-09,2.1,chinabond_official,1001.CB,ChinaBond Government Bond Yield Curve,0,1.0,https://yield.chinabond.com.cn/cbweb-czb-web/czb/historyQuery,2026-08-09T11:34:01.034821+00:00
2024-01-10,2.11,chinabond_official,1001.CB,ChinaBond Government Bond Yield Curve,0,1.0,https://yield.chinabond.com.cn/cbweb-czb-web/czb/historyQuery,2026-08-09T11:34:01.034821+00:00
2024-01-11,2.09,chinabond_official,1001.CB,ChinaBond Government Bond Yield Curve,0,1.0,https://yield.chinabond.com.cn/cbweb-czb-web/czb/historyQuery,2026-08-09T11:34:01.034821+00:00
2024-01-12,2.09,chinabond_official,1001.CB,ChinaBond Government Bond Yield Curve,0,1.0,https://yield.chinabond.com.cn/cbweb-czb-web/czb/historyQuery,2026-08-09T11:34:01.034821+00:00
2024-01-15,2.1,chinabond_official,1001.CB,ChinaBond Government Bond Yield Curve,0,1.0,https://yield.chinabond.com.cn/cbweb-czb-web/czb/historyQuery,2026-08-09T11:34:01.034821+00:00
2024-01-16,2.11,chinabond_official,1001.CB,ChinaBond Government Bond Yield Curve,0,1.0,https://yield.chinabond.com.cn/cbweb-czb-web/czb/historyQuery,2026-08-09T11:34:01.034821+00:00
2024-01-17,2.1,chinabond_official,1001.CB,ChinaBond Government Bond Yield Curve,0,1.0,https://yield.chinabond.com.cn/cbweb-czb-web/czb/historyQuery,2026-08-09T11:34:01.034821+00:00
2024-01-18,2.1,chinabond_official,1001.CB,ChinaBond Government Bond Yield Curve,0,1.0,https://yield.chinabond.com.cn/cbweb-czb-web/czb/historyQuery,2026-08-09T11:34:01.034821+00:00
2024-01-19,2.08,chinabond_official,1001.CB,ChinaBond Government Bond Yield Curve,0,1.0,https://yield.chinabond.com.cn/cbweb-czb-web/czb/historyQuery,2026-08-09T11:34:01.034821+00:00
2024-01-22,2.08,chinabond_official,1001.CB,ChinaBond Government Bond Yield Curve,0,1.0,https://yield.chinabond.com.cn/cbweb-czb-web/czb/historyQuery,2026-08-09T11:34:01.034821+00:00
2024-01-23,2.08,chinabond_official,1001.CB,ChinaBond Government Bond Yield Curve,0,1.0,https://yield.chinabond.com.cn/cbweb-czb-web/czb/historyQuery,2026-08-09T11:34:01.034821+00:00
2024-01-24,2.07,chinabond_official,1001.CB,ChinaBond Government Bond Yield Curve,0,1.0,https://yield.chinabond.com.cn/cbweb-czb-web/czb/historyQuery,2026-08-09T11:34:01.034821+00:00
2024-01-25,2.03,chinabond_official,1001.CB,ChinaBond Government Bond Yield Curve,0,1.0,https://yield.chinabond.com.cn/cbweb-czb-web/czb/historyQuery,2026-08-09T11:34:01.034821+00:00
2024-01-26,2.02,chinabond_official,1001.CB,ChinaBond Government Bond Yield Curve,0,1.0,https://yield.chinabond.com.cn/cbweb-czb-web/czb/historyQuery,2026-08-09T11:34:01.034821+00:00
2024-01-29,1.94,chinabond_official,1001.CB,ChinaBond Government Bond Yield Curve,0,1.0,https://yield.chinabond.com.cn/cbweb-czb-web/czb/historyQuery,2026-08-09T11:34:01.034821+00:00
2024-01-30,1.88,chinabond_official,1001.CB,ChinaBond Government Bond Yield Curve,0,1.0,https://yield.chinabond.com.cn/cbweb-czb-web/czb/historyQuery,2026-08-09T11:34:01.034821+00:00
2024-01-31,1.88,chinabond_official,1001.CB,ChinaBond Government Bond Yield Curve,0,1.0,https://yield.chinabond.com.cn/cbweb-czb-web/czb/historyQuery,2026-08-09T11:34:01.034821+00:00
2024-02-01,1.88,chinabond_official,1001.CB,ChinaBond Government Bond Yield Curve,0,1.0,https://yield.chinabond.com.cn/cbweb-czb-web/czb/historyQuery,2026-08-09T11:34:01.034821+00:00
2024-02-02,1.89,chinabond_official,1001.CB,ChinaBond Government Bond Yield Curve,0,1.0,https://yield.chinabond.com.cn/cbweb-czb-web/czb/historyQuery,2026-08-09T11:34:01.034821+00:00
2024-02-04,1.88,chinabond_official,1001.CB,ChinaBond Government Bond Yield Curve,0,1.0,https://yield.chinabond.com.cn/cbweb-czb-web/czb/historyQuery,2026-08-09T11:34:01.034821+00:00
2024-02-05,1.88,chinabond_official,1001.CB,ChinaBond Government Bond Yield Curve,0,1.0,https://yield.chinabond.com.cn/cbweb-czb-web/czb/historyQuery,2026-08-09T11:34:01.034821+00:00
2024-02-06,1.93,chinabond_official,1001.CB,ChinaBond Government Bond Yield Curve,0,1.0,https://yield.chinabond.com.cn/cbweb-czb-web/czb/historyQuery,2026-08-09T11:34:01.034821+00:00
2024-02-07,1.93,chinabond_official,1001.CB,ChinaBond Government Bond Yield Curve,0,1.0,https://yield.chinabond.com.cn/cbweb-czb-web/czb/historyQuery,2026-08-09T11:34:01.034821+00:00
2024-02-08,1.93,chinabond_official,1001.CB,ChinaBond Government Bond Yield Curve,0,1.0,https://yield.chinabond.com.cn/cbweb-czb-web/czb/historyQuery,2026-08-09T11:34:01.034821+00:00
2024-02-09,1.93,chinabond_official,1001.CB,ChinaBond Government Bond Yield Curve,0,1.0,https://yield.chinabond.com.cn/cbweb-czb-web/czb/historyQuery,2026-08-09T11:34:01.034821+00:00
2024-02-18,1.93,chinabond_official,1001.CB,ChinaBond Government Bond Yield Curve,0,1.0,https://yield.chinabond.com.cn/cbweb-czb-web/czb/historyQuery,2026-08-09T11:34:01.034821+00:00
2024-02-19,1.92,chinabond_official,1001.CB,ChinaBond Government Bond Yield Curve,0,1.0,https://yield.chinabond.com.cn/cbweb-czb-web/czb/historyQuery,2026-08-09T11:34:01.034821+00:00
2024-02-20,1.86,chinabond_official,1001.CB,ChinaBond Government Bond Yield Curve,0,1.0,https://yield.chinabond.com.cn/cbweb-czb-web/czb/historyQuery,2026-08-09T11:34:01.034821+00:00
2024-02-21,1.81,chinabond_official,1001.CB,ChinaBond Government Bond Yield Curve,0,1.0,https://yield.chinabond.com.cn/cbweb-czb-web/czb/historyQuery,2026-08-09T11:34:01.034821+00:00
2024-02-22,1.77,chinabond_official,1001.CB,ChinaBond Government Bond Yield Curve,0,1.0,https://yield.chinabond.com.cn/cbweb-czb-web/czb/historyQuery,2026-08-09T11:34:01.034821+00:00
2024-02-23,1.77,chinabond_official,1001.CB,ChinaBond Government Bond Yield Curve,0,1.0,https://yield.chinabond.com.cn/cbweb-czb-web/czb/historyQuery,2026-08-09T11:34:01.034821+00:00
2024-02-26,1.77,chinabond_official,1001.CB,ChinaBond Government Bond Yield Curve,0,1.0,https://yield.chinabond.com.cn/cbweb-czb-web/czb/historyQuery,2026-08-09T11:34:01.034821+00:00
2024-02-27,1.77,chinabond_official,1001.CB,ChinaBond Government Bond Yield Curve,0,1.0,https://yield.chinabond.com.cn/cbweb-czb-web/czb/historyQuery,2026-08-09T11:34:01.034821+00:00
2024-02-28,1.79,chinabond_official,1001.CB,ChinaBond Government Bond Yield Curve,0,1.0,https://yield.chinabond.com.cn/cbweb-czb-web/czb/historyQuery,2026-08-09T11:34:01.034821+00:00
2024-02-29,1.79,chinabond_official,1001.CB,ChinaBond Government Bond Yield Curve,0,1.0,https://yield.chinabond.com.cn/cbweb-czb-web/czb/historyQuery,2026-08-09T11:34:01.034821+00:00
2024-03-01,1.78,chinabond_official,1001.CB,ChinaBond Government Bond Yield Curve,0,1.0,https://yield.chinabond.com.cn/cbweb-czb-web/czb/historyQuery,2026-08-09T11:34:01.034821+00:00
2024-03-04,1.76,chinabond_official,1001.CB,ChinaBond Government Bond Yield Curve,0,1.0,https://yield.chinabond.com.cn/cbweb-czb-web/czb/historyQuery,2026-08-09T11:34:01.034821+00:00
2024-03-05,1.77,chinabond_official,1001.CB,ChinaBond Government Bond Yield Curve,0,1.0,https://yield.chinabond.com.cn/cbweb-czb-web/czb/historyQuery,2026-08-09T11:34:01.034821+00:00
2024-03-06,1.76,chinabond_official,1001.CB,ChinaBond Government Bond Yield Curve,0,1.0,https://yield.chinabond.com.cn/cbweb-czb-web/czb/historyQuery,2026-08-09T11:34:01.034821+00:00
2024-03-07,1.76,chinabond_official,1001.CB,ChinaBond Government Bond Yield Curve,0,1.0,https://yield.chinabond.com.cn/cbweb-czb-web/czb/historyQuery,2026-08-09T11:34:01.034821+00:00
2024-03-08,1.75,chinabond_official,1001.CB,ChinaBond Government Bond Yield Curve,0,1.0,https://yield.chinabond.com.cn/cbweb-czb-web/czb/historyQuery,2026-08-09T11:34:01.034821+00:00
2024-03-11,1.76,chinabond_official,1001.CB,ChinaBond Government Bond Yield Curve,0,1.0,https://yield.chinabond.com.cn/cbweb-czb-web/czb/historyQuery,2026-08-09T11:34:01.034821+00:00
2024-03-12,1.8,chinabond_official,1001.CB,ChinaBond Government Bond Yield Curve,0,1.0,https://yield.chinabond.com.cn/cbweb-czb-web/czb/historyQuery,2026-08-09T11:34:01.034821+00:00
2024-03-13,1.82,chinabond_official,1001.CB,ChinaBond Government Bond Yield Curve,0,1.0,https://yield.chinabond.com.cn/cbweb-czb-web/czb/historyQuery,2026-08-09T11:34:01.034821+00:00
2024-03-14,1.85,chinabond_official,1001.CB,ChinaBond Government Bond Yield Curve,0,1.0,https://yield.chinabond.com.cn/cbweb-czb-web/czb/historyQuery,2026-08-09T11:34:01.034821+00:00
2024-03-15,1.83,chinabond_official,1001.CB,ChinaBond Government Bond Yield Curve,0,1.0,https://yield.chinabond.com.cn/cbweb-czb-web/czb/historyQuery,2026-08-09T11:34:01.034821+00:00
2024-03-18,1.78,chinabond_official,1001.CB,ChinaBond Government Bond Yield Curve,0,1.0,https://yield.chinabond.com.cn/cbweb-czb-web/czb/historyQuery,2026-08-09T11:34:01.034821+00:00
2024-03-19,1.77,chinabond_official,1001.CB,ChinaBond Government Bond Yield Curve,0,1.0,https://yield.chinabond.com.cn/cbweb-czb-web/czb/historyQuery,2026-08-09T11:34:01.034821+00:00
2024-03-20,1.77,chinabond_official,1001.CB,ChinaBond Government Bond Yield Curve,0,1.0,https://yield.chinabond.com.cn/cbweb-czb-web/czb/historyQuery,2026-08-09T11:34:01.034821+00:00
2024-03-21,1.76,chinabond_official,1001.CB,ChinaBond Government Bond Yield Curve,0,1.0,https://yield.chinabond.com.cn/cbweb-czb-web/czb/historyQuery,2026-08-09T11:34:01.034821+00:00
2024-03-22,1.76,chinabond_official,1001.CB,ChinaBond Government Bond Yield Curve,0,1.0,https://yield.chinabond.com.cn/cbweb-czb-web/czb/historyQuery,2026-08-09T11:34:01.034821+00:00
2024-03-25,1.79,chinabond_official,1001.CB,ChinaBond Government Bond Yield Curve,0,1.0,https://yield.chinabond.com.cn/cbweb-czb-web/czb/historyQuery,2026-08-09T11:34:01.034821+00:00
2024-03-26,1.79,chinabond_official,1001.CB,ChinaBond Government Bond Yield Curve,0,1.0,https://yield.chinabond.com.cn/cbweb-czb-web/czb/historyQuery,2026-08-09T11:34:01.034821+00:00
2024-03-27,1.75,chinabond_official,1001.CB,ChinaBond Government Bond Yield Curve,0,1.0,https://yield.chinabond.com.cn/cbweb-czb-web/czb/historyQuery,2026-08-09T11:34:01.034821+00:00
2024-03-28,1.75,chinabond_official,1001.CB,ChinaBond Government Bond Yield Curve,0,1.0,https://yield.chinabond.com.cn/cbweb-czb-web/czb/historyQuery,2026-08-09T11:34:01.034821+00:00
2024-03-29,1.72,chinabond_official,1001.CB,ChinaBond Government Bond Yield Curve,0,1.0,https://yield.chinabond.com.cn/cbweb-czb-web/czb/historyQuery,2026-08-09T11:34:01.034821+00:00
2024-04-01,1.74,chinabond_official,1001.CB,ChinaBond Government Bond Yield Curve,0,1.0,https://yield.chinabond.com.cn/cbweb-czb-web/czb/historyQuery,2026-08-09T11:34:01.034821+00:00
2024-04-02,1.73,chinabond_official,1001.CB,ChinaBond Government Bond Yield Curve,0,1.0,https://yield.chinabond.com.cn/cbweb-czb-web/czb/historyQuery,2026-08-09T11:34:01.034821+00:00
2024-04-03,1.72,chinabond_official,1001.CB,ChinaBond Government Bond Yield Curve,0,1.0,https://yield.chinabond.com.cn/cbweb-czb-web/czb/historyQuery,2026-08-09T11:34:01.034821+00:00
2024-04-07,1.72,chinabond_official,1001.CB,ChinaBond Government Bond Yield Curve,0,1.0,https://yield.chinabond.com.cn/cbweb-czb-web/czb/historyQuery,2026-08-09T11:34:01.034821+00:00
2024-04-08,1.7,chinabond_official,1001.CB,ChinaBond Government Bond Yield Curve,0,1.0,https://yield.chinabond.com.cn/cbweb-czb-web/czb/historyQuery,2026-08-09T11:34:01.034821+00:00
2024-04-09,1.69,chinabond_official,1001.CB,ChinaBond Government Bond Yield Curve,0,1.0,https://yield.chinabond.com.cn/cbweb-czb-web/czb/historyQuery,2026-08-09T11:34:01.034821+00:00
2024-04-10,1.7,chinabond_official,1001.CB,ChinaBond Government Bond Yield Curve,0,1.0,https://yield.chinabond.com.cn/cbweb-czb-web/czb/historyQuery,2026-08-09T11:34:01.034821+00:00
2024-04-11,1.7,chinabond_official,1001.CB,ChinaBond Government Bond Yield Curve,0,1.0,https://yield.chinabond.com.cn/cbweb-czb-web/czb/historyQuery,2026-08-09T11:34:01.034821+00:00
2024-04-12,1.7,chinabond_official,1001.CB,ChinaBond Government Bond Yield Curve,0,1.0,https://yield.chinabond.com.cn/cbweb-czb-web/czb/historyQuery,2026-08-09T11:34:01.034821+00:00
2024-04-15,1.7,chinabond_official,1001.CB,ChinaBond Government Bond Yield Curve,0,1.0,https://yield.chinabond.com.cn/cbweb-czb-web/czb/historyQuery,2026-08-09T11:34:01.034821+00:00
2024-04-16,1.72,chinabond_official,1001.CB,ChinaBond Government Bond Yield Curve,0,1.0,https://yield.chinabond.com.cn/cbweb-czb-web/czb/historyQuery,2026-08-09T11:34:01.034821+00:00
2024-04-17,1.71,chinabond_official,1001.CB,ChinaBond Government Bond Yield Curve,0,1.0,https://yield.chinabond.com.cn/cbweb-czb-web/czb/historyQuery,2026-08-09T11:34:01.034821+00:00
2024-04-18,1.7,chinabond_official,1001.CB,ChinaBond Government Bond Yield Curve,0,1.0,https://yield.chinabond.com.cn/cbweb-czb-web/czb/historyQuery,2026-08-09T11:34:01.034821+00:00
2024-04-19,1.69,chinabond_official,1001.CB,ChinaBond Government Bond Yield Curve,0,1.0,https://yield.chinabond.com.cn/cbweb-czb-web/czb/historyQuery,2026-08-09T11:34:01.034821+00:00
2024-04-22,1.68,chinabond_official,1001.CB,ChinaBond Government Bond Yield Curve,0,1.0,https://yield.chinabond.com.cn/cbweb-czb-web/czb/historyQuery,2026-08-09T11:34:01.034821+00:00
2024-04-23,1.66,chinabond_official,1001.CB,ChinaBond Government Bond Yield Curve,0,1.0,https://yield.chinabond.com.cn/cbweb-czb-web/czb/historyQuery,2026-08-09T11:34:01.034821+00:00
2024-04-24,1.67,chinabond_official,1001.CB,ChinaBond Government Bond Yield Curve,0,1.0,https://yield.chinabond.com.cn/cbweb-czb-web/czb/historyQuery,2026-08-09T11:34:01.034821+00:00
2024-04-25,1.6,chinabond_official,1001.CB,ChinaBond Government Bond Yield Curve,0,1.0,https://yield.chinabond.com.cn/cbweb-czb-web/czb/historyQuery,2026-08-09T11:34:01.034821+00:00
2024-04-26,1.66,chinabond_official,1001.CB,ChinaBond Government Bond Yield Curve,0,1.0,https://yield.chinabond.com.cn/cbweb-czb-web/czb/historyQuery,2026-08-09T11:34:01.034821+00:00
2024-04-28,1.69,chinabond_official,1001.CB,ChinaBond Government Bond Yield Curve,0,1.0,https://yield.chinabond.com.cn/cbweb-czb-web/czb/historyQuery,2026-08-09T11:34:01.034821+00:00
2024-04-29,1.78,chinabond_official,1001.CB,ChinaBond Government Bond Yield Curve,0,1.0,https://yield.chinabond.com.cn/cbweb-czb-web/czb/historyQuery,2026-08-09T11:34:01.034821+00:00
2024-04-30,1.69,chinabond_official,1001.CB,ChinaBond Government Bond Yield Curve,0,1.0,https://yield.chinabond.com.cn/cbweb-czb-web/czb/historyQuery,2026-08-09T11:34:01.034821+00:00
2024-05-06,1.7,chinabond_official,1001.CB,ChinaBond Government Bond Yield Curve,0,1.0,https://yield.chinabond.com.cn/cbweb-czb-web/czb/historyQuery,2026-08-09T11:34:01.034821+00:00
2024-05-07,1.7,chinabond_official,1001.CB,ChinaBond Government Bond Yield Curve,0,1.0,https://yield.chinabond.com.cn/cbweb-czb-web/czb/historyQuery,2026-08-09T11:34:01.034821+00:00
2024-05-08,1.71,chinabond_official,1001.CB,ChinaBond Government Bond Yield Curve,0,1.0,https://yield.chinabond.com.cn/cbweb-czb-web/czb/historyQuery,2026-08-09T11:34:01.034821+00:00
2024-05-09,1.72,chinabond_official,1001.CB,ChinaBond Government Bond Yield Curve,0,1.0,https://yield.chinabond.com.cn/cbweb-czb-web/czb/historyQuery,2026-08-09T11:34:01.034821+00:00
2024-05-10,1.7,chinabond_official,1001.CB,ChinaBond Government Bond Yield Curve,0,1.0,https://yield.chinabond.com.cn/cbweb-czb-web/czb/historyQuery,2026-08-09T11:34:01.034821+00:00
2024-05-11,1.71,chinabond_official,1001.CB,ChinaBond Government Bond Yield Curve,0,1.0,https://yield.chinabond.com.cn/cbweb-czb-web/czb/historyQuery,2026-08-09T11:34:01.034821+00:00
2024-05-13,1.64,chinabond_official,1001.CB,ChinaBond Government Bond Yield Curve,0,1.0,https://yield.chinabond.com.cn/cbweb-czb-web/czb/historyQuery,2026-08-09T11:34:01.034821+00:00
2024-05-14,1.61,chinabond_official,1001.CB,ChinaBond Government Bond Yield Curve,0,1.0,https://yield.chinabond.com.cn/cbweb-czb-web/czb/historyQuery,2026-08-09T11:34:01.034821+00:00
2024-05-15,1.61,chinabond_official,1001.CB,ChinaBond Government Bond Yield Curve,0,1.0,https://yield.chinabond.com.cn/cbweb-czb-web/czb/historyQuery,2026-08-09T11:34:01.034821+00:00
2024-05-16,1.63,chinabond_official,1001.CB,ChinaBond Government Bond Yield Curve,0,1.0,https://yield.chinabond.com.cn/cbweb-czb-web/czb/historyQuery,2026-08-09T11:34:01.034821+00:00
2024-05-17,1.61,chinabond_official,1001.CB,ChinaBond Government Bond Yield Curve,0,1.0,https://yield.chinabond.com.cn/cbweb-czb-web/czb/historyQuery,2026-08-09T11:34:01.034821+00:00
2024-05-20,1.61,chinabond_official,1001.CB,ChinaBond Government Bond Yield Curve,0,1.0,https://yield.chinabond.com.cn/cbweb-czb-web/czb/historyQuery,2026-08-09T11:34:01.034821+00:00
2024-05-21,1.61,chinabond_official,1001.CB,ChinaBond Government Bond Yield Curve,0,1.0,https://yield.chinabond.com.cn/cbweb-czb-web/czb/historyQuery,2026-08-09T11:34:01.034821+00:00
2024-05-22,1.61,chinabond_official,1001.CB,ChinaBond Government Bond Yield Curve,0,1.0,https://yield.chinabond.com.cn/cbweb-czb-web/czb/historyQuery,2026-08-09T11:34:01.034821+00:00
2024-05-23,1.61,chinabond_official,1001.CB,ChinaBond Government Bond Yield Curve,0,1.0,https://yield.chinabond.com.cn/cbweb-czb-web/czb/historyQuery,2026-08-09T11:34:01.034821+00:00
2024-05-24,1.64,chinabond_official,1001.CB,ChinaBond Government Bond Yield Curve,0,1.0,https://yield.chinabond.com.cn/cbweb-czb-web/czb/historyQuery,2026-08-09T11:34:01.034821+00:00
2024-05-27,1.66,chinabond_official,1001.CB,ChinaBond Government Bond Yield Curve,0,1.0,https://yield.chinabond.com.cn/cbweb-czb-web/czb/historyQuery,2026-08-09T11:34:01.034821+00:00
2024-05-28,1.66,chinabond_official,1001.CB,ChinaBond Government Bond Yield Curve,0,1.0,https://yield.chinabond.com.cn/cbweb-czb-web/czb/historyQuery,2026-08-09T11:34:01.034821+00:00
2024-05-29,1.66,chinabond_official,1001.CB,ChinaBond Government Bond Yield Curve,0,1.0,https://yield.chinabond.com.cn/cbweb-czb-web/czb/historyQuery,2026-08-09T11:34:01.034821+00:00
2024-05-30,1.65,chinabond_official,1001.CB,ChinaBond Government Bond Yield Curve,0,1.0,https://yield.chinabond.com.cn/cbweb-czb-web/czb/historyQuery,2026-08-09T11:34:01.034821+00:00
2024-05-31,1.64,chinabond_official,1001.CB,ChinaBond Government Bond Yield Curve,0,1.0,https://yield.chinabond.com.cn/cbweb-czb-web/czb/historyQuery,2026-08-09T11:34:01.034821+00:00
2024-06-03,1.65,chinabond_official,1001.CB,ChinaBond Government Bond Yield Curve,0,1.0,https://yield.chinabond.com.cn/cbweb-czb-web/czb/historyQuery,2026-08-09T11:34:01.034821+00:00
2024-06-04,1.65,chinabond_official,1001.CB,ChinaBond Government Bond Yield Curve,0,1.0,https://yield.chinabond.com.cn/cbweb-czb-web/czb/historyQuery,2026-08-09T11:34:01.034821+00:00
2024-06-05,1.63,chinabond_official,1001.CB,ChinaBond Government Bond Yield Curve,0,1.0,https://yield.chinabond.com.cn/cbweb-czb-web/czb/historyQuery,2026-08-09T11:34:01.034821+00:00
2024-06-06,1.61,chinabond_official,1001.CB,ChinaBond Government Bond Yield Curve,0,1.0,https://yield.chinabond.com.cn/cbweb-czb-web/czb/historyQuery,2026-08-09T11:34:01.034821+00:00
2024-06-07,1.6,chinabond_official,1001.CB,ChinaBond Government Bond Yield Curve,0,1.0,https://yield.chinabond.com.cn/cbweb-czb-web/czb/historyQuery,2026-08-09T11:34:01.034821+00:00
2024-06-11,1.6,chinabond_official,1001.CB,ChinaBond Government Bond Yield Curve,0,1.0,https://yield.chinabond.com.cn/cbweb-czb-web/czb/historyQuery,2026-08-09T11:34:01.034821+00:00
2024-06-12,1.6,chinabond_official,1001.CB,ChinaBond Government Bond Yield Curve,0,1.0,https://yield.chinabond.com.cn/cbweb-czb-web/czb/historyQuery,2026-08-09T11:34:01.034821+00:00
2024-06-13,1.6,chinabond_official,1001.CB,ChinaBond Government Bond Yield Curve,0,1.0,https://yield.chinabond.com.cn/cbweb-czb-web/czb/historyQuery,2026-08-09T11:34:01.034821+00:00
2024-06-14,1.59,chinabond_official,1001.CB,ChinaBond Government Bond Yield Curve,0,1.0,https://yield.chinabond.com.cn/cbweb-czb-web/czb/historyQuery,2026-08-09T11:34:01.034821+00:00
2024-06-17,1.6,chinabond_official,1001.CB,ChinaBond Government Bond Yield Curve,0,1.0,https://yield.chinabond.com.cn/cbweb-czb-web/czb/historyQuery,2026-08-09T11:34:01.034821+00:00
2024-06-18,1.6,chinabond_official,1001.CB,ChinaBond Government Bond Yield Curve,0,1.0,https://yield.chinabond.com.cn/cbweb-czb-web/czb/historyQuery,2026-08-09T11:34:01.034821+00:00
2024-06-19,1.6,chinabond_official,1001.CB,ChinaBond Government Bond Yield Curve,0,1.0,https://yield.chinabond.com.cn/cbweb-czb-web/czb/historyQuery,2026-08-09T11:34:01.034821+00:00
2024-06-20,1.6,chinabond_official,1001.CB,ChinaBond Government Bond Yield Curve,0,1.0,https://yield.chinabond.com.cn/cbweb-czb-web/czb/historyQuery,2026-08-09T11:34:01.034821+00:00
2024-06-21,1.59,chinabond_official,1001.CB,ChinaBond Government Bond Yield Curve,0,1.0,https://yield.chinabond.com.cn/cbweb-czb-web/czb/historyQuery,2026-08-09T11:34:01.034821+00:00
2024-06-24,1.59,chinabond_official,1001.CB,ChinaBond Government Bond Yield Curve,0,1.0,https://yield.chinabond.com.cn/cbweb-czb-web/czb/historyQuery,2026-08-09T11:34:01.034821+00:00
2024-06-25,1.56,chinabond_official,1001.CB,ChinaBond Government Bond Yield Curve,0,1.0,https://yield.chinabond.com.cn/cbweb-czb-web/czb/historyQuery,2026-08-09T11:34:01.034821+00:00
2024-06-26,1.54,chinabond_official,1001.CB,ChinaBond Government Bond Yield Curve,0,1.0,https://yield.chinabond.com.cn/cbweb-czb-web/czb/historyQuery,2026-08-09T11:34:01.034821+00:00
2024-06-27,1.55,chinabond_official,1001.CB,ChinaBond Government Bond Yield Curve,0,1.0,https://yield.chinabond.com.cn/cbweb-czb-web/czb/historyQuery,2026-08-09T11:34:01.034821+00:00
2024-06-28,1.54,chinabond_official,1001.CB,ChinaBond Government Bond Yield Curve,0,1.0,https://yield.chinabond.com.cn/cbweb-czb-web/czb/historyQuery,2026-08-09T11:34:01.034821+00:00
2024-07-01,1.56,chinabond_official,1001.CB,ChinaBond Government Bond Yield Curve,0,1.0,https://yield.chinabond.com.cn/cbweb-czb-web/czb/historyQuery,2026-08-09T11:34:01.034821+00:00
2024-07-02,1.54,chinabond_official,1001.CB,ChinaBond Government Bond Yield Curve,0,1.0,https://yield.chinabond.com.cn/cbweb-czb-web/czb/historyQuery,2026-08-09T11:34:01.034821+00:00
2024-07-03,1.52,chinabond_official,1001.CB,ChinaBond Government Bond Yield Curve,0,1.0,https://yield.chinabond.com.cn/cbweb-czb-web/czb/historyQuery,2026-08-09T11:34:01.034821+00:00
2024-07-04,1.53,chinabond_official,1001.CB,ChinaBond Government Bond Yield Curve,0,1.0,https://yield.chinabond.com.cn/cbweb-czb-web/czb/historyQuery,2026-08-09T11:34:01.034821+00:00
2024-07-05,1.53,chinabond_official,1001.CB,ChinaBond Government Bond Yield Curve,0,1.0,https://yield.chinabond.com.cn/cbweb-czb-web/czb/historyQuery,2026-08-09T11:34:01.034821+00:00
2024-07-08,1.58,chinabond_official,1001.CB,ChinaBond Government Bond Yield Curve,0,1.0,https://yield.chinabond.com.cn/cbweb-czb-web/czb/historyQuery,2026-08-09T11:34:01.034821+00:00
2024-07-09,1.55,chinabond_official,1001.CB,ChinaBond Government Bond Yield Curve,0,1.0,https://yield.chinabond.com.cn/cbweb-czb-web/czb/historyQuery,2026-08-09T11:34:01.034821+00:00
2024-07-10,1.55,chinabond_official,1001.CB,ChinaBond Government Bond Yield Curve,0,1.0,https://yield.chinabond.com.cn/cbweb-czb-web/czb/historyQuery,2026-08-09T11:34:01.034821+00:00
2024-07-11,1.54,chinabond_official,1001.CB,ChinaBond Government Bond Yield Curve,0,1.0,https://yield.chinabond.com.cn/cbweb-czb-web/czb/historyQuery,2026-08-09T11:34:01.034821+00:00
2024-07-12,1.54,chinabond_official,1001.CB,ChinaBond Government Bond Yield Curve,0,1.0,https://yield.chinabond.com.cn/cbweb-czb-web/czb/historyQuery,2026-08-09T11:34:01.034821+00:00
2024-07-15,1.54,chinabond_official,1001.CB,ChinaBond Government Bond Yield Curve,0,1.0,https://yield.chinabond.com.cn/cbweb-czb-web/czb/historyQuery,2026-08-09T11:34:01.034821+00:00
2024-07-16,1.53,chinabond_official,1001.CB,ChinaBond Government Bond Yield Curve,0,1.0,https://yield.chinabond.com.cn/cbweb-czb-web/czb/historyQuery,2026-08-09T11:34:01.034821+00:00
2024-07-17,1.52,chinabond_official,1001.CB,ChinaBond Government Bond Yield Curve,0,1.0,https://yield.chinabond.com.cn/cbweb-czb-web/czb/historyQuery,2026-08-09T11:34:01.034821+00:00
2024-07-18,1.53,chinabond_official,1001.CB,ChinaBond Government Bond Yield Curve,0,1.0,https://yield.chinabond.com.cn/cbweb-czb-web/czb/historyQuery,2026-08-09T11:34:01.034821+00:00
2024-07-19,1.53,chinabond_official,1001.CB,ChinaBond Government Bond Yield Curve,0,1.0,https://yield.chinabond.com.cn/cbweb-czb-web/czb/historyQuery,2026-08-09T11:34:01.034821+00:00
2024-07-22,1.49,chinabond_official,1001.CB,ChinaBond Government Bond Yield Curve,0,1.0,https://yield.chinabond.com.cn/cbweb-czb-web/czb/historyQuery,2026-08-09T11:34:01.034821+00:00
2024-07-23,1.47,chinabond_official,1001.CB,ChinaBond Government Bond Yield Curve,0,1.0,https://yield.chinabond.com.cn/cbweb-czb-web/czb/historyQuery,2026-08-09T11:34:01.034821+00:00
2024-07-24,1.47,chinabond_official,1001.CB,ChinaBond Government Bond Yield Curve,0,1.0,https://yield.chinabond.com.cn/cbweb-czb-web/czb/historyQuery,2026-08-09T11:34:01.034821+00:00
2024-07-25,1.47,chinabond_official,1001.CB,ChinaBond Government Bond Yield Curve,0,1.0,https://yield.chinabond.com.cn/cbweb-czb-web/czb/historyQuery,2026-08-09T11:34:01.034821+00:00
2024-07-26,1.48,chinabond_official,1001.CB,ChinaBond Government Bond Yield Curve,0,1.0,https://yield.chinabond.com.cn/cbweb-czb-web/czb/historyQuery,2026-08-09T11:34:01.034821+00:00
2024-07-29,1.45,chinabond_official,1001.CB,ChinaBond Government Bond Yield Curve,0,1.0,https://yield.chinabond.com.cn/cbweb-czb-web/czb/historyQuery,2026-08-09T11:34:01.034821+00:00
2024-07-30,1.43,chinabond_official,1001.CB,ChinaBond Government Bond Yield Curve,0,1.0,https://yield.chinabond.com.cn/cbweb-czb-web/czb/historyQuery,2026-08-09T11:34:01.034821+00:00
2024-07-31,1.42,chinabond_official,1001.CB,ChinaBond Government Bond Yield Curve,0,1.0,https://yield.chinabond.com.cn/cbweb-czb-web/czb/historyQuery,2026-08-09T11:34:01.034821+00:00
2024-08-01,1.41,chinabond_official,1001.CB,ChinaBond Government Bond Yield Curve,0,1.0,https://yield.chinabond.com.cn/cbweb-czb-web/czb/historyQuery,2026-08-09T11:34:01.034821+00:00
2024-08-02,1.39,chinabond_official,1001.CB,ChinaBond Government Bond Yield Curve,0,1.0,https://yield.chinabond.com.cn/cbweb-czb-web/czb/historyQuery,2026-08-09T11:34:01.034821+00:00
2024-08-05,1.39,chinabond_official,1001.CB,ChinaBond Government Bond Yield Curve,0,1.0,https://yield.chinabond.com.cn/cbweb-czb-web/czb/historyQuery,2026-08-09T11:34:01.034821+00:00
2024-08-06,1.41,chinabond_official,1001.CB,ChinaBond Government Bond Yield Curve,0,1.0,https://yield.chinabond.com.cn/cbweb-czb-web/czb/historyQuery,2026-08-09T11:34:01.034821+00:00
2024-08-07,1.41,chinabond_official,1001.CB,ChinaBond Government Bond Yield Curve,0,1.0,https://yield.chinabond.com.cn/cbweb-czb-web/czb/historyQuery,2026-08-09T11:34:01.034821+00:00
2024-08-08,1.43,chinabond_official,1001.CB,ChinaBond Government Bond Yield Curve,0,1.0,https://yield.chinabond.com.cn/cbweb-czb-web/czb/historyQuery,2026-08-09T11:34:01.034821+00:00
2024-08-09,1.46,chinabond_official,1001.CB,ChinaBond Government Bond Yield Curve,0,1.0,https://yield.chinabond.com.cn/cbweb-czb-web/czb/historyQuery,2026-08-09T11:34:01.034821+00:00
2024-08-12,1.53,chinabond_official,1001.CB,ChinaBond Government Bond Yield Curve,0,1.0,https://yield.chinabond.com.cn/cbweb-czb-web/czb/historyQuery,2026-08-09T11:34:01.034821+00:00
2024-08-13,1.5,chinabond_official,1001.CB,ChinaBond Government Bond Yield Curve,0,1.0,https://yield.chinabond.com.cn/cbweb-czb-web/czb/historyQuery,2026-08-09T11:34:01.034821+00:00
2024-08-14,1.51,chinabond_official,1001.CB,ChinaBond Government Bond Yield Curve,0,1.0,https://yield.chinabond.com.cn/cbweb-czb-web/czb/historyQuery,2026-08-09T11:34:01.034821+00:00
2024-08-15,1.52,chinabond_official,1001.CB,ChinaBond Government Bond Yield Curve,0,1.0,https://yield.chinabond.com.cn/cbweb-czb-web/czb/historyQuery,2026-08-09T11:34:01.034821+00:00
2024-08-16,1.53,chinabond_official,1001.CB,ChinaBond Government Bond Yield Curve,0,1.0,https://yield.chinabond.com.cn/cbweb-czb-web/czb/historyQuery,2026-08-09T11:34:01.034821+00:00
2024-08-19,1.54,chinabond_official,1001.CB,ChinaBond Government Bond Yield Curve,0,1.0,https://yield.chinabond.com.cn/cbweb-czb-web/czb/historyQuery,2026-08-09T11:34:01.034821+00:00
2024-08-20,1.55,chinabond_official,1001.CB,ChinaBond Government Bond Yield Curve,0,1.0,https://yield.chinabond.com.cn/cbweb-czb-web/czb/historyQuery,2026-08-09T11:34:01.034821+00:00
2024-08-21,1.54,chinabond_official,1001.CB,ChinaBond Government Bond Yield Curve,0,1.0,https://yield.chinabond.com.cn/cbweb-czb-web/czb/historyQuery,2026-08-09T11:34:01.034821+00:00
2024-08-22,1.52,chinabond_official,1001.CB,ChinaBond Government Bond Yield Curve,0,1.0,https://yield.chinabond.com.cn/cbweb-czb-web/czb/historyQuery,2026-08-09T11:34:01.034821+00:00
2024-08-23,1.5,chinabond_official,1001.CB,ChinaBond Government Bond Yield Curve,0,1.0,https://yield.chinabond.com.cn/cbweb-czb-web/czb/historyQuery,2026-08-09T11:34:01.034821+00:00
2024-08-26,1.5,chinabond_official,1001.CB,ChinaBond Government Bond Yield Curve,0,1.0,https://yield.chinabond.com.cn/cbweb-czb-web/czb/historyQuery,2026-08-09T11:34:01.034821+00:00
2024-08-27,1.51,chinabond_official,1001.CB,ChinaBond Government Bond Yield Curve,0,1.0,https://yield.chinabond.com.cn/cbweb-czb-web/czb/historyQuery,2026-08-09T11:34:01.034821+00:00
2024-08-28,1.5,chinabond_official,1001.CB,ChinaBond Government Bond Yield Curve,0,1.0,https://yield.chinabond.com.cn/cbweb-czb-web/czb/historyQuery,2026-08-09T11:34:01.034821+00:00
2024-08-29,1.49,chinabond_official,1001.CB,ChinaBond Government Bond Yield Curve,0,1.0,https://yield.chinabond.com.cn/cbweb-czb-web/czb/historyQuery,2026-08-09T11:34:01.034821+00:00
2024-08-30,1.49,chinabond_official,1001.CB,ChinaBond Government Bond Yield Curve,0,1.0,https://yield.chinabond.com.cn/cbweb-czb-web/czb/historyQuery,2026-08-09T11:34:01.034821+00:00
2024-09-02,1.47,chinabond_official,1001.CB,ChinaBond Government Bond Yield Curve,0,1.0,https://yield.chinabond.com.cn/cbweb-czb-web/czb/historyQuery,2026-08-09T11:34:01.034821+00:00
2024-09-03,1.43,chinabond_official,1001.CB,ChinaBond Government Bond Yield Curve,0,1.0,https://yield.chinabond.com.cn/cbweb-czb-web/czb/historyQuery,2026-08-09T11:34:01.034821+00:00
2024-09-04,1.46,chinabond_official,1001.CB,ChinaBond Government Bond Yield Curve,0,1.0,https://yield.chinabond.com.cn/cbweb-czb-web/czb/historyQuery,2026-08-09T11:34:01.034821+00:00
2024-09-05,1.45,chinabond_official,1001.CB,ChinaBond Government Bond Yield Curve,0,1.0,https://yield.chinabond.com.cn/cbweb-czb-web/czb/historyQuery,2026-08-09T11:34:01.034821+00:00
2024-09-06,1.44,chinabond_official,1001.CB,ChinaBond Government Bond Yield Curve,0,1.0,https://yield.chinabond.com.cn/cbweb-czb-web/czb/historyQuery,2026-08-09T11:34:01.034821+00:00
2024-09-09,1.42,chinabond_official,1001.CB,ChinaBond Government Bond Yield Curve,0,1.0,https://yield.chinabond.com.cn/cbweb-czb-web/czb/historyQuery,2026-08-09T11:34:01.034821+00:00
2024-09-10,1.36,chinabond_official,1001.CB,ChinaBond Government Bond Yield Curve,0,1.0,https://yield.chinabond.com.cn/cbweb-czb-web/czb/historyQuery,2026-08-09T11:34:01.034821+00:00
2024-09-11,1.33,chinabond_official,1001.CB,ChinaBond Government Bond Yield Curve,0,1.0,https://yield.chinabond.com.cn/cbweb-czb-web/czb/historyQuery,2026-08-09T11:34:01.034821+00:00
2024-09-12,1.33,chinabond_official,1001.CB,ChinaBond Government Bond Yield Curve,0,1.0,https://yield.chinabond.com.cn/cbweb-czb-web/czb/historyQuery,2026-08-09T11:34:01.034821+00:00
2024-09-13,1.33,chinabond_official,1001.CB,ChinaBond Government Bond Yield Curve,0,1.0,https://yield.chinabond.com.cn/cbweb-czb-web/czb/historyQuery,2026-08-09T11:34:01.034821+00:00
2024-09-14,1.33,chinabond_official,1001.CB,ChinaBond Government Bond Yield Curve,0,1.0,https://yield.chinabond.com.cn/cbweb-czb-web/czb/historyQuery,2026-08-09T11:34:01.034821+00:00
2024-09-18,1.37,chinabond_official,1001.CB,ChinaBond Government Bond Yield Curve,0,1.0,https://yield.chinabond.com.cn/cbweb-czb-web/czb/historyQuery,2026-08-09T11:34:01.034821+00:00
2024-09-19,1.39,chinabond_official,1001.CB,ChinaBond Government Bond Yield Curve,0,1.0,https://yield.chinabond.com.cn/cbweb-czb-web/czb/historyQuery,2026-08-09T11:34:01.034821+00:00
2024-09-20,1.39,chinabond_official,1001.CB,ChinaBond Government Bond Yield Curve,0,1.0,https://yield.chinabond.com.cn/cbweb-czb-web/czb/historyQuery,2026-08-09T11:34:01.034821+00:00
2024-09-23,1.39,chinabond_official,1001.CB,ChinaBond Government Bond Yield Curve,0,1.0,https://yield.chinabond.com.cn/cbweb-czb-web/czb/historyQuery,2026-08-09T11:34:01.034821+00:00
2024-09-24,1.42,chinabond_official,1001.CB,ChinaBond Government Bond Yield Curve,0,1.0,https://yield.chinabond.com.cn/cbweb-czb-web/czb/historyQuery,2026-08-09T11:34:01.034821+00:00
2024-09-25,1.39,chinabond_official,1001.CB,ChinaBond Government Bond Yield Curve,0,1.0,https://yield.chinabond.com.cn/cbweb-czb-web/czb/historyQuery,2026-08-09T11:34:01.034821+00:00
2024-09-26,1.4,chinabond_official,1001.CB,ChinaBond Government Bond Yield Curve,0,1.0,https://yield.chinabond.com.cn/cbweb-czb-web/czb/historyQuery,2026-08-09T11:34:01.034821+00:00
2024-09-27,1.44,chinabond_official,1001.CB,ChinaBond Government Bond Yield Curve,0,1.0,https://yield.chinabond.com.cn/cbweb-czb-web/czb/historyQuery,2026-08-09T11:34:01.034821+00:00
2024-09-29,1.44,chinabond_official,1001.CB,ChinaBond Government Bond Yield Curve,0,1.0,https://yield.chinabond.com.cn/cbweb-czb-web/czb/historyQuery,2026-08-09T11:34:01.034821+00:00
2024-09-30,1.37,chinabond_official,1001.CB,ChinaBond Government Bond Yield Curve,0,1.0,https://yield.chinabond.com.cn/cbweb-czb-web/czb/historyQuery,2026-08-09T11:34:01.034821+00:00
2024-10-08,1.37,chinabond_official,1001.CB,ChinaBond Government Bond Yield Curve,0,1.0,https://yield.chinabond.com.cn/cbweb-czb-web/czb/historyQuery,2026-08-09T11:34:01.034821+00:00
2024-10-09,1.43,chinabond_official,1001.CB,ChinaBond Government Bond Yield Curve,0,1.0,https://yield.chinabond.com.cn/cbweb-czb-web/czb/historyQuery,2026-08-09T11:34:01.034821+00:00
2024-10-10,1.44,chinabond_official,1001.CB,ChinaBond Government Bond Yield Curve,0,1.0,https://yield.chinabond.com.cn/cbweb-czb-web/czb/historyQuery,2026-08-09T11:34:01.034821+00:00
2024-10-11,1.44,chinabond_official,1001.CB,ChinaBond Government Bond Yield Curve,0,1.0,https://yield.chinabond.com.cn/cbweb-czb-web/czb/historyQuery,2026-08-09T11:34:01.034821+00:00
2024-10-12,1.42,chinabond_official,1001.CB,ChinaBond Government Bond Yield Curve,0,1.0,https://yield.chinabond.com.cn/cbweb-czb-web/czb/historyQuery,2026-08-09T11:34:01.034821+00:00
2024-10-14,1.45,chinabond_official,1001.CB,ChinaBond Government Bond Yield Curve,0,1.0,https://yield.chinabond.com.cn/cbweb-czb-web/czb/historyQuery,2026-08-09T11:34:01.034821+00:00
2024-10-15,1.45,chinabond_official,1001.CB,ChinaBond Government Bond Yield Curve,0,1.0,https://yield.chinabond.com.cn/cbweb-czb-web/czb/historyQuery,2026-08-09T11:34:01.034821+00:00
2024-10-16,1.45,chinabond_official,1001.CB,ChinaBond Government Bond Yield Curve,0,1.0,https://yield.chinabond.com.cn/cbweb-czb-web/czb/historyQuery,2026-08-09T11:34:01.034821+00:00
2024-10-17,1.43,chinabond_official,1001.CB,ChinaBond Government Bond Yield Curve,0,1.0,https://yield.chinabond.com.cn/cbweb-czb-web/czb/historyQuery,2026-08-09T11:34:01.034821+00:00
2024-10-18,1.43,chinabond_official,1001.CB,ChinaBond Government Bond Yield Curve,0,1.0,https://yield.chinabond.com.cn/cbweb-czb-web/czb/historyQuery,2026-08-09T11:34:01.034821+00:00
2024-10-21,1.44,chinabond_official,1001.CB,ChinaBond Government Bond Yield Curve,0,1.0,https://yield.chinabond.com.cn/cbweb-czb-web/czb/historyQuery,2026-08-09T11:34:01.034821+00:00
2024-10-22,1.43,chinabond_official,1001.CB,ChinaBond Government Bond Yield Curve,0,1.0,https://yield.chinabond.com.cn/cbweb-czb-web/czb/historyQuery,2026-08-09T11:34:01.034821+00:00
2024-10-23,1.43,chinabond_official,1001.CB,ChinaBond Government Bond Yield Curve,0,1.0,https://yield.chinabond.com.cn/cbweb-czb-web/czb/historyQuery,2026-08-09T11:34:01.034821+00:00
2024-10-24,1.43,chinabond_official,1001.CB,ChinaBond Government Bond Yield Curve,0,1.0,https://yield.chinabond.com.cn/cbweb-czb-web/czb/historyQuery,2026-08-09T11:34:01.034821+00:00
2024-10-25,1.42,chinabond_official,1001.CB,ChinaBond Government Bond Yield Curve,0,1.0,https://yield.chinabond.com.cn/cbweb-czb-web/czb/historyQuery,2026-08-09T11:34:01.034821+00:00
2024-10-28,1.41,chinabond_official,1001.CB,ChinaBond Government Bond Yield Curve,0,1.0,https://yield.chinabond.com.cn/cbweb-czb-web/czb/historyQuery,2026-08-09T11:34:01.034821+00:00
2024-10-29,1.44,chinabond_official,1001.CB,ChinaBond Government Bond Yield Curve,0,1.0,https://yield.chinabond.com.cn/cbweb-czb-web/czb/historyQuery,2026-08-09T11:34:01.034821+00:00
2024-10-30,1.45,chinabond_official,1001.CB,ChinaBond Government Bond Yield Curve,0,1.0,https://yield.chinabond.com.cn/cbweb-czb-web/czb/historyQuery,2026-08-09T11:34:01.034821+00:00
2024-10-31,1.43,chinabond_official,1001.CB,ChinaBond Government Bond Yield Curve,0,1.0,https://yield.chinabond.com.cn/cbweb-czb-web/czb/historyQuery,2026-08-09T11:34:01.034821+00:00
2024-11-01,1.41,chinabond_official,1001.CB,ChinaBond Government Bond Yield Curve,0,1.0,https://yield.chinabond.com.cn/cbweb-czb-web/czb/historyQuery,2026-08-09T11:34:01.034821+00:00
2024-11-04,1.4,chinabond_official,1001.CB,ChinaBond Government Bond Yield Curve,0,1.0,https://yield.chinabond.com.cn/cbweb-czb-web/czb/historyQuery,2026-08-09T11:34:01.034821+00:00
2024-11-05,1.41,chinabond_official,1001.CB,ChinaBond Government Bond Yield Curve,0,1.0,https://yield.chinabond.com.cn/cbweb-czb-web/czb/historyQuery,2026-08-09T11:34:01.034821+00:00
2024-11-06,1.41,chinabond_official,1001.CB,ChinaBond Government Bond Yield Curve,0,1.0,https://yield.chinabond.com.cn/cbweb-czb-web/czb/historyQuery,2026-08-09T11:34:01.034821+00:00
2024-11-07,1.4,chinabond_official,1001.CB,ChinaBond Government Bond Yield Curve,0,1.0,https://yield.chinabond.com.cn/cbweb-czb-web/czb/historyQuery,2026-08-09T11:34:01.034821+00:00
2024-11-08,1.41,chinabond_official,1001.CB,ChinaBond Government Bond Yield Curve,0,1.0,https://yield.chinabond.com.cn/cbweb-czb-web/czb/historyQuery,2026-08-09T11:34:01.034821+00:00
2024-11-11,1.4,chinabond_official,1001.CB,ChinaBond Government Bond Yield Curve,0,1.0,https://yield.chinabond.com.cn/cbweb-czb-web/czb/historyQuery,2026-08-09T11:34:01.034821+00:00
2024-11-12,1.4,chinabond_official,1001.CB,ChinaBond Government Bond Yield Curve,0,1.0,https://yield.chinabond.com.cn/cbweb-czb-web/czb/historyQuery,2026-08-09T11:34:01.034821+00:00
2024-11-13,1.4,chinabond_official,1001.CB,ChinaBond Government Bond Yield Curve,0,1.0,https://yield.chinabond.com.cn/cbweb-czb-web/czb/historyQuery,2026-08-09T11:34:01.034821+00:00
2024-11-14,1.39,chinabond_official,1001.CB,ChinaBond Government Bond Yield Curve,0,1.0,https://yield.chinabond.com.cn/cbweb-czb-web/czb/historyQuery,2026-08-09T11:34:01.034821+00:00
2024-11-15,1.39,chinabond_official,1001.CB,ChinaBond Government Bond Yield Curve,0,1.0,https://yield.chinabond.com.cn/cbweb-czb-web/czb/historyQuery,2026-08-09T11:34:01.034821+00:00
2024-11-18,1.37,chinabond_official,1001.CB,ChinaBond Government Bond Yield Curve,0,1.0,https://yield.chinabond.com.cn/cbweb-czb-web/czb/historyQuery,2026-08-09T11:34:01.034821+00:00
2024-11-19,1.36,chinabond_official,1001.CB,ChinaBond Government Bond Yield Curve,0,1.0,https://yield.chinabond.com.cn/cbweb-czb-web/czb/historyQuery,2026-08-09T11:34:01.034821+00:00
2024-11-20,1.35,chinabond_official,1001.CB,ChinaBond Government Bond Yield Curve,0,1.0,https://yield.chinabond.com.cn/cbweb-czb-web/czb/historyQuery,2026-08-09T11:34:01.034821+00:00
2024-11-21,1.35,chinabond_official,1001.CB,ChinaBond Government Bond Yield Curve,0,1.0,https://yield.chinabond.com.cn/cbweb-czb-web/czb/historyQuery,2026-08-09T11:34:01.034821+00:00
2024-11-22,1.35,chinabond_official,1001.CB,ChinaBond Government Bond Yield Curve,0,1.0,https://yield.chinabond.com.cn/cbweb-czb-web/czb/historyQuery,2026-08-09T11:34:01.034821+00:00
2024-11-25,1.36,chinabond_official,1001.CB,ChinaBond Government Bond Yield Curve,0,1.0,https://yield.chinabond.com.cn/cbweb-czb-web/czb/historyQuery,2026-08-09T11:34:01.034821+00:00
2024-11-26,1.39,chinabond_official,1001.CB,ChinaBond Government Bond Yield Curve,0,1.0,https://yield.chinabond.com.cn/cbweb-czb-web/czb/historyQuery,2026-08-09T11:34:01.034821+00:00
2024-11-27,1.38,chinabond_official,1001.CB,ChinaBond Government Bond Yield Curve,0,1.0,https://yield.chinabond.com.cn/cbweb-czb-web/czb/historyQuery,2026-08-09T11:34:01.034821+00:00
2024-11-28,1.38,chinabond_official,1001.CB,ChinaBond Government Bond Yield Curve,0,1.0,https://yield.chinabond.com.cn/cbweb-czb-web/czb/historyQuery,2026-08-09T11:34:01.034821+00:00
2024-11-29,1.37,chinabond_official,1001.CB,ChinaBond Government Bond Yield Curve,0,1.0,https://yield.chinabond.com.cn/cbweb-czb-web/czb/historyQuery,2026-08-09T11:34:01.034821+00:00
2024-12-02,1.35,chinabond_official,1001.CB,ChinaBond Government Bond Yield Curve,0,1.0,https://yield.chinabond.com.cn/cbweb-czb-web/czb/historyQuery,2026-08-09T11:34:01.034821+00:00
2024-12-03,1.35,chinabond_official,1001.CB,ChinaBond Government Bond Yield Curve,0,1.0,https://yield.chinabond.com.cn/cbweb-czb-web/czb/historyQuery,2026-08-09T11:34:01.034821+00:00
2024-12-04,1.34,chinabond_official,1001.CB,ChinaBond Government Bond Yield Curve,0,1.0,https://yield.chinabond.com.cn/cbweb-czb-web/czb/historyQuery,2026-08-09T11:34:01.034821+00:00
2024-12-05,1.35,chinabond_official,1001.CB,ChinaBond Government Bond Yield Curve,0,1.0,https://yield.chinabond.com.cn/cbweb-czb-web/czb/historyQuery,2026-08-09T11:34:01.034821+00:00
2024-12-06,1.35,chinabond_official,1001.CB,ChinaBond Government Bond Yield Curve,0,1.0,https://yield.chinabond.com.cn/cbweb-czb-web/czb/historyQuery,2026-08-09T11:34:01.034821+00:00
2024-12-09,1.35,chinabond_official,1001.CB,ChinaBond Government Bond Yield Curve,0,1.0,https://yield.chinabond.com.cn/cbweb-czb-web/czb/historyQuery,2026-08-09T11:34:01.034821+00:00
2024-12-10,1.31,chinabond_official,1001.CB,ChinaBond Government Bond Yield Curve,0,1.0,https://yield.chinabond.com.cn/cbweb-czb-web/czb/historyQuery,2026-08-09T11:34:01.034821+00:00
2024-12-11,1.28,chinabond_official,1001.CB,ChinaBond Government Bond Yield Curve,0,1.0,https://yield.chinabond.com.cn/cbweb-czb-web/czb/historyQuery,2026-08-09T11:34:01.034821+00:00
2024-12-12,1.21,chinabond_official,1001.CB,ChinaBond Government Bond Yield Curve,0,1.0,https://yield.chinabond.com.cn/cbweb-czb-web/czb/historyQuery,2026-08-09T11:34:01.034821+00:00
2024-12-13,1.16,chinabond_official,1001.CB,ChinaBond Government Bond Yield Curve,0,1.0,https://yield.chinabond.com.cn/cbweb-czb-web/czb/historyQuery,2026-08-09T11:34:01.034821+00:00
2024-12-16,1.12,chinabond_official,1001.CB,ChinaBond Government Bond Yield Curve,0,1.0,https://yield.chinabond.com.cn/cbweb-czb-web/czb/historyQuery,2026-08-09T11:34:01.034821+00:00
2024-12-17,1.11,chinabond_official,1001.CB,ChinaBond Government Bond Yield Curve,0,1.0,https://yield.chinabond.com.cn/cbweb-czb-web/czb/historyQuery,2026-08-09T11:34:01.034821+00:00
2024-12-18,1.08,chinabond_official,1001.CB,ChinaBond Government Bond Yield Curve,0,1.0,https://yield.chinabond.com.cn/cbweb-czb-web/czb/historyQuery,2026-08-09T11:34:01.034821+00:00
2024-12-19,1.04,chinabond_official,1001.CB,ChinaBond Government Bond Yield Curve,0,1.0,https://yield.chinabond.com.cn/cbweb-czb-web/czb/historyQuery,2026-08-09T11:34:01.034821+00:00
2024-12-20,0.98,chinabond_official,1001.CB,ChinaBond Government Bond Yield Curve,0,1.0,https://yield.chinabond.com.cn/cbweb-czb-web/czb/historyQuery,2026-08-09T11:34:01.034821+00:00
2024-12-23,0.93,chinabond_official,1001.CB,ChinaBond Government Bond Yield Curve,0,1.0,https://yield.chinabond.com.cn/cbweb-czb-web/czb/historyQuery,2026-08-09T11:34:01.034821+00:00
2024-12-24,0.93,chinabond_official,1001.CB,ChinaBond Government Bond Yield Curve,0,1.0,https://yield.chinabond.com.cn/cbweb-czb-web/czb/historyQuery,2026-08-09T11:34:01.034821+00:00
2024-12-25,0.99,chinabond_official,1001.CB,ChinaBond Government Bond Yield Curve,0,1.0,https://yield.chinabond.com.cn/cbweb-czb-web/czb/historyQuery,2026-08-09T11:34:01.034821+00:00
2024-12-26,1.02,chinabond_official,1001.CB,ChinaBond Government Bond Yield Curve,0,1.0,https://yield.chinabond.com.cn/cbweb-czb-web/czb/historyQuery,2026-08-09T11:34:01.034821+00:00
2024-12-27,1.04,chinabond_official,1001.CB,ChinaBond Government Bond Yield Curve,0,1.0,https://yield.chinabond.com.cn/cbweb-czb-web/czb/historyQuery,2026-08-09T11:34:01.034821+00:00
2024-12-30,1.11,chinabond_official,1001.CB,ChinaBond Government Bond Yield Curve,0,1.0,https://yield.chinabond.com.cn/cbweb-czb-web/czb/historyQuery,2026-08-09T11:34:01.034821+00:00
2024-12-31,1.08,chinabond_official,1001.CB,ChinaBond Government Bond Yield Curve,0,1.0,https://yield.chinabond.com.cn/cbweb-czb-web/czb/historyQuery,2026-08-09T11:34:01.034821+00:00
2025-01-02,1.07,chinabond_official,1001.CB,ChinaBond Government Bond Yield Curve,0,1.0,https://yield.chinabond.com.cn/cbweb-czb-web/czb/historyQuery,2026-08-09T11:34:01.034821+00:00
2025-01-03,1.02,chinabond_official,1001.CB,ChinaBond Government Bond Yield Curve,0,1.0,https://yield.chinabond.com.cn/cbweb-czb-web/czb/historyQuery,2026-08-09T11:34:01.034821+00:00
2025-01-06,1.04,chinabond_official,1001.CB,ChinaBond Government Bond Yield Curve,0,1.0,https://yield.chinabond.com.cn/cbweb-czb-web/czb/historyQuery,2026-08-09T11:34:01.034821+00:00
2025-01-07,1.08,chinabond_official,1001.CB,ChinaBond Government Bond Yield Curve,0,1.0,https://yield.chinabond.com.cn/cbweb-czb-web/czb/historyQuery,2026-08-09T11:34:01.034821+00:00
2025-01-08,1.12,chinabond_official,1001.CB,ChinaBond Government Bond Yield Curve,0,1.0,https://yield.chinabond.com.cn/cbweb-czb-web/czb/historyQuery,2026-08-09T11:34:01.034821+00:00
2025-01-09,1.17,chinabond_official,1001.CB,ChinaBond Government Bond Yield Curve,0,1.0,https://yield.chinabond.com.cn/cbweb-czb-web/czb/historyQuery,2026-08-09T11:34:01.034821+00:00
2025-01-10,1.2,chinabond_official,1001.CB,ChinaBond Government Bond Yield Curve,0,1.0,https://yield.chinabond.com.cn/cbweb-czb-web/czb/historyQuery,2026-08-09T11:34:01.034821+00:00
2025-01-13,1.24,chinabond_official,1001.CB,ChinaBond Government Bond Yield Curve,0,1.0,https://yield.chinabond.com.cn/cbweb-czb-web/czb/historyQuery,2026-08-09T11:34:01.034821+00:00
2025-01-14,1.22,chinabond_official,1001.CB,ChinaBond Government Bond Yield Curve,0,1.0,https://yield.chinabond.com.cn/cbweb-czb-web/czb/historyQuery,2026-08-09T11:34:01.034821+00:00
2025-01-15,1.21,chinabond_official,1001.CB,ChinaBond Government Bond Yield Curve,0,1.0,https://yield.chinabond.com.cn/cbweb-czb-web/czb/historyQuery,2026-08-09T11:34:01.034821+00:00
2025-01-16,1.22,chinabond_official,1001.CB,ChinaBond Government Bond Yield Curve,0,1.0,https://yield.chinabond.com.cn/cbweb-czb-web/czb/historyQuery,2026-08-09T11:34:01.034821+00:00
2025-01-17,1.26,chinabond_official,1001.CB,ChinaBond Government Bond Yield Curve,0,1.0,https://yield.chinabond.com.cn/cbweb-czb-web/czb/historyQuery,2026-08-09T11:34:01.034821+00:00
2025-01-20,1.3,chinabond_official,1001.CB,ChinaBond Government Bond Yield Curve,0,1.0,https://yield.chinabond.com.cn/cbweb-czb-web/czb/historyQuery,2026-08-09T11:34:01.034821+00:00
2025-01-21,1.29,chinabond_official,1001.CB,ChinaBond Government Bond Yield Curve,0,1.0,https://yield.chinabond.com.cn/cbweb-czb-web/czb/historyQuery,2026-08-09T11:34:01.034821+00:00
2025-01-22,1.29,chinabond_official,1001.CB,ChinaBond Government Bond Yield Curve,0,1.0,https://yield.chinabond.com.cn/cbweb-czb-web/czb/historyQuery,2026-08-09T11:34:01.034821+00:00
2025-01-23,1.31,chinabond_official,1001.CB,ChinaBond Government Bond Yield Curve,0,1.0,https://yield.chinabond.com.cn/cbweb-czb-web/czb/historyQuery,2026-08-09T11:34:01.034821+00:00
2025-01-24,1.34,chinabond_official,1001.CB,ChinaBond Government Bond Yield Curve,0,1.0,https://yield.chinabond.com.cn/cbweb-czb-web/czb/historyQuery,2026-08-09T11:34:01.034821+00:00
2025-01-26,1.35,chinabond_official,1001.CB,ChinaBond Government Bond Yield Curve,0,1.0,https://yield.chinabond.com.cn/cbweb-czb-web/czb/historyQuery,2026-08-09T11:34:01.034821+00:00
2025-01-27,1.3,chinabond_official,1001.CB,ChinaBond Government Bond Yield Curve,0,1.0,https://yield.chinabond.com.cn/cbweb-czb-web/czb/historyQuery,2026-08-09T11:34:01.034821+00:00
2025-02-05,1.26,chinabond_official,1001.CB,ChinaBond Government Bond Yield Curve,0,1.0,https://yield.chinabond.com.cn/cbweb-czb-web/czb/historyQuery,2026-08-09T11:34:01.034821+00:00
2025-02-06,1.21,chinabond_official,1001.CB,ChinaBond Government Bond Yield Curve,0,1.0,https://yield.chinabond.com.cn/cbweb-czb-web/czb/historyQuery,2026-08-09T11:34:01.034821+00:00
2025-02-07,1.22,chinabond_official,1001.CB,ChinaBond Government Bond Yield Curve,0,1.0,https://yield.chinabond.com.cn/cbweb-czb-web/czb/historyQuery,2026-08-09T11:34:01.034821+00:00
2025-02-08,1.23,chinabond_official,1001.CB,ChinaBond Government Bond Yield Curve,0,1.0,https://yield.chinabond.com.cn/cbweb-czb-web/czb/historyQuery,2026-08-09T11:34:01.034821+00:00
2025-02-10,1.26,chinabond_official,1001.CB,ChinaBond Government Bond Yield Curve,0,1.0,https://yield.chinabond.com.cn/cbweb-czb-web/czb/historyQuery,2026-08-09T11:34:01.034821+00:00
2025-02-11,1.27,chinabond_official,1001.CB,ChinaBond Government Bond Yield Curve,0,1.0,https://yield.chinabond.com.cn/cbweb-czb-web/czb/historyQuery,2026-08-09T11:34:01.034821+00:00
2025-02-12,1.27,chinabond_official,1001.CB,ChinaBond Government Bond Yield Curve,0,1.0,https://yield.chinabond.com.cn/cbweb-czb-web/czb/historyQuery,2026-08-09T11:34:01.034821+00:00
2025-02-13,1.28,chinabond_official,1001.CB,ChinaBond Government Bond Yield Curve,0,1.0,https://yield.chinabond.com.cn/cbweb-czb-web/czb/historyQuery,2026-08-09T11:34:01.034821+00:00
2025-02-14,1.38,chinabond_official,1001.CB,ChinaBond Government Bond Yield Curve,0,1.0,https://yield.chinabond.com.cn/cbweb-czb-web/czb/historyQuery,2026-08-09T11:34:01.034821+00:00
2025-02-17,1.42,chinabond_official,1001.CB,ChinaBond Government Bond Yield Curve,0,1.0,https://yield.chinabond.com.cn/cbweb-czb-web/czb/historyQuery,2026-08-09T11:34:01.034821+00:00
2025-02-18,1.46,chinabond_official,1001.CB,ChinaBond Government Bond Yield Curve,0,1.0,https://yield.chinabond.com.cn/cbweb-czb-web/czb/historyQuery,2026-08-09T11:34:01.034821+00:00
2025-02-19,1.46,chinabond_official,1001.CB,ChinaBond Government Bond Yield Curve,0,1.0,https://yield.chinabond.com.cn/cbweb-czb-web/czb/historyQuery,2026-08-09T11:34:01.034821+00:00
2025-02-20,1.48,chinabond_official,1001.CB,ChinaBond Government Bond Yield Curve,0,1.0,https://yield.chinabond.com.cn/cbweb-czb-web/czb/historyQuery,2026-08-09T11:34:01.034821+00:00
2025-02-21,1.48,chinabond_official,1001.CB,ChinaBond Government Bond Yield Curve,0,1.0,https://yield.chinabond.com.cn/cbweb-czb-web/czb/historyQuery,2026-08-09T11:34:01.034821+00:00
2025-02-24,1.48,chinabond_official,1001.CB,ChinaBond Government Bond Yield Curve,0,1.0,https://yield.chinabond.com.cn/cbweb-czb-web/czb/historyQuery,2026-08-09T11:34:01.034821+00:00
2025-02-25,1.47,chinabond_official,1001.CB,ChinaBond Government Bond Yield Curve,0,1.0,https://yield.chinabond.com.cn/cbweb-czb-web/czb/historyQuery,2026-08-09T11:34:01.034821+00:00
2025-02-26,1.45,chinabond_official,1001.CB,ChinaBond Government Bond Yield Curve,0,1.0,https://yield.chinabond.com.cn/cbweb-czb-web/czb/historyQuery,2026-08-09T11:34:01.034821+00:00
2025-02-27,1.5,chinabond_official,1001.CB,ChinaBond Government Bond Yield Curve,0,1.0,https://yield.chinabond.com.cn/cbweb-czb-web/czb/historyQuery,2026-08-09T11:34:01.034821+00:00
2025-02-28,1.46,chinabond_official,1001.CB,ChinaBond Government Bond Yield Curve,0,1.0,https://yield.chinabond.com.cn/cbweb-czb-web/czb/historyQuery,2026-08-09T11:34:01.034821+00:00
2025-03-03,1.43,chinabond_official,1001.CB,ChinaBond Government Bond Yield Curve,0,1.0,https://yield.chinabond.com.cn/cbweb-czb-web/czb/historyQuery,2026-08-09T11:34:01.034821+00:00
2025-03-04,1.44,chinabond_official,1001.CB,ChinaBond Government Bond Yield Curve,0,1.0,https://yield.chinabond.com.cn/cbweb-czb-web/czb/historyQuery,2026-08-09T11:34:01.034821+00:00
2025-03-05,1.44,chinabond_official,1001.CB,ChinaBond Government Bond Yield Curve,0,1.0,https://yield.chinabond.com.cn/cbweb-czb-web/czb/historyQuery,2026-08-09T11:34:01.034821+00:00
2025-03-06,1.47,chinabond_official,1001.CB,ChinaBond Government Bond Yield Curve,0,1.0,https://yield.chinabond.com.cn/cbweb-czb-web/czb/historyQuery,2026-08-09T11:34:01.034821+00:00
2025-03-07,1.55,chinabond_official,1001.CB,ChinaBond Government Bond Yield Curve,0,1.0,https://yield.chinabond.com.cn/cbweb-czb-web/czb/historyQuery,2026-08-09T11:34:01.034821+00:00
2025-03-10,1.55,chinabond_official,1001.CB,ChinaBond Government Bond Yield Curve,0,1.0,https://yield.chinabond.com.cn/cbweb-czb-web/czb/historyQuery,2026-08-09T11:34:01.034821+00:00
2025-03-11,1.58,chinabond_official,1001.CB,ChinaBond Government Bond Yield Curve,0,1.0,https://yield.chinabond.com.cn/cbweb-czb-web/czb/historyQuery,2026-08-09T11:34:01.034821+00:00
2025-03-12,1.58,chinabond_official,1001.CB,ChinaBond Government Bond Yield Curve,0,1.0,https://yield.chinabond.com.cn/cbweb-czb-web/czb/historyQuery,2026-08-09T11:34:01.034821+00:00
2025-03-13,1.58,chinabond_official,1001.CB,ChinaBond Government Bond Yield Curve,0,1.0,https://yield.chinabond.com.cn/cbweb-czb-web/czb/historyQuery,2026-08-09T11:34:01.034821+00:00
2025-03-14,1.56,chinabond_official,1001.CB,ChinaBond Government Bond Yield Curve,0,1.0,https://yield.chinabond.com.cn/cbweb-czb-web/czb/historyQuery,2026-08-09T11:34:01.034821+00:00
2025-03-17,1.59,chinabond_official,1001.CB,ChinaBond Government Bond Yield Curve,0,1.0,https://yield.chinabond.com.cn/cbweb-czb-web/czb/historyQuery,2026-08-09T11:34:01.034821+00:00
2025-03-18,1.59,chinabond_official,1001.CB,ChinaBond Government Bond Yield Curve,0,1.0,https://yield.chinabond.com.cn/cbweb-czb-web/czb/historyQuery,2026-08-09T11:34:01.034821+00:00
2025-03-19,1.59,chinabond_official,1001.CB,ChinaBond Government Bond Yield Curve,0,1.0,https://yield.chinabond.com.cn/cbweb-czb-web/czb/historyQuery,2026-08-09T11:34:01.034821+00:00
2025-03-20,1.56,chinabond_official,1001.CB,ChinaBond Government Bond Yield Curve,0,1.0,https://yield.chinabond.com.cn/cbweb-czb-web/czb/historyQuery,2026-08-09T11:34:01.034821+00:00
2025-03-21,1.56,chinabond_official,1001.CB,ChinaBond Government Bond Yield Curve,0,1.0,https://yield.chinabond.com.cn/cbweb-czb-web/czb/historyQuery,2026-08-09T11:34:01.034821+00:00
2025-03-24,1.54,chinabond_official,1001.CB,ChinaBond Government Bond Yield Curve,0,1.0,https://yield.chinabond.com.cn/cbweb-czb-web/czb/historyQuery,2026-08-09T11:34:01.034821+00:00
2025-03-25,1.54,chinabond_official,1001.CB,ChinaBond Government Bond Yield Curve,0,1.0,https://yield.chinabond.com.cn/cbweb-czb-web/czb/historyQuery,2026-08-09T11:34:01.034821+00:00
2025-03-26,1.53,chinabond_official,1001.CB,ChinaBond Government Bond Yield Curve,0,1.0,https://yield.chinabond.com.cn/cbweb-czb-web/czb/historyQuery,2026-08-09T11:34:01.034821+00:00
2025-03-27,1.53,chinabond_official,1001.CB,ChinaBond Government Bond Yield Curve,0,1.0,https://yield.chinabond.com.cn/cbweb-czb-web/czb/historyQuery,2026-08-09T11:34:01.034821+00:00
2025-03-28,1.53,chinabond_official,1001.CB,ChinaBond Government Bond Yield Curve,0,1.0,https://yield.chinabond.com.cn/cbweb-czb-web/czb/historyQuery,2026-08-09T11:34:01.034821+00:00
2025-03-31,1.54,chinabond_official,1001.CB,ChinaBond Government Bond Yield Curve,0,1.0,https://yield.chinabond.com.cn/cbweb-czb-web/czb/historyQuery,2026-08-09T11:34:01.034821+00:00
2025-04-01,1.55,chinabond_official,1001.CB,ChinaBond Government Bond Yield Curve,0,1.0,https://yield.chinabond.com.cn/cbweb-czb-web/czb/historyQuery,2026-08-09T11:34:01.034821+00:00
2025-04-02,1.54,chinabond_official,1001.CB,ChinaBond Government Bond Yield Curve,0,1.0,https://yield.chinabond.com.cn/cbweb-czb-web/czb/historyQuery,2026-08-09T11:34:01.034821+00:00
2025-04-03,1.48,chinabond_official,1001.CB,ChinaBond Government Bond Yield Curve,0,1.0,https://yield.chinabond.com.cn/cbweb-czb-web/czb/historyQuery,2026-08-09T11:34:01.034821+00:00
2025-04-07,1.44,chinabond_official,1001.CB,ChinaBond Government Bond Yield Curve,0,1.0,https://yield.chinabond.com.cn/cbweb-czb-web/czb/historyQuery,2026-08-09T11:34:01.034821+00:00
2025-04-08,1.48,chinabond_official,1001.CB,ChinaBond Government Bond Yield Curve,0,1.0,https://yield.chinabond.com.cn/cbweb-czb-web/czb/historyQuery,2026-08-09T11:34:01.034821+00:00
2025-04-09,1.43,chinabond_official,1001.CB,ChinaBond Government Bond Yield Curve,0,1.0,https://yield.chinabond.com.cn/cbweb-czb-web/czb/historyQuery,2026-08-09T11:34:01.034821+00:00
2025-04-10,1.41,chinabond_official,1001.CB,ChinaBond Government Bond Yield Curve,0,1.0,https://yield.chinabond.com.cn/cbweb-czb-web/czb/historyQuery,2026-08-09T11:34:01.034821+00:00
2025-04-11,1.4,chinabond_official,1001.CB,ChinaBond Government Bond Yield Curve,0,1.0,https://yield.chinabond.com.cn/cbweb-czb-web/czb/historyQuery,2026-08-09T11:34:01.034821+00:00
2025-04-14,1.42,chinabond_official,1001.CB,ChinaBond Government Bond Yield Curve,0,1.0,https://yield.chinabond.com.cn/cbweb-czb-web/czb/historyQuery,2026-08-09T11:34:01.034821+00:00
2025-04-15,1.42,chinabond_official,1001.CB,ChinaBond Government Bond Yield Curve,0,1.0,https://yield.chinabond.com.cn/cbweb-czb-web/czb/historyQuery,2026-08-09T11:34:01.034821+00:00
2025-04-16,1.42,chinabond_official,1001.CB,ChinaBond Government Bond Yield Curve,0,1.0,https://yield.chinabond.com.cn/cbweb-czb-web/czb/historyQuery,2026-08-09T11:34:01.034821+00:00
2025-04-17,1.43,chinabond_official,1001.CB,ChinaBond Government Bond Yield Curve,0,1.0,https://yield.chinabond.com.cn/cbweb-czb-web/czb/historyQuery,2026-08-09T11:34:01.034821+00:00
2025-04-18,1.43,chinabond_official,1001.CB,ChinaBond Government Bond Yield Curve,0,1.0,https://yield.chinabond.com.cn/cbweb-czb-web/czb/historyQuery,2026-08-09T11:34:01.034821+00:00
2025-04-21,1.45,chinabond_official,1001.CB,ChinaBond Government Bond Yield Curve,0,1.0,https://yield.chinabond.com.cn/cbweb-czb-web/czb/historyQuery,2026-08-09T11:34:01.034821+00:00
2025-04-22,1.44,chinabond_official,1001.CB,ChinaBond Government Bond Yield Curve,0,1.0,https://yield.chinabond.com.cn/cbweb-czb-web/czb/historyQuery,2026-08-09T11:34:01.034821+00:00
2025-04-23,1.45,chinabond_official,1001.CB,ChinaBond Government Bond Yield Curve,0,1.0,https://yield.chinabond.com.cn/cbweb-czb-web/czb/historyQuery,2026-08-09T11:34:01.034821+00:00
2025-04-24,1.45,chinabond_official,1001.CB,ChinaBond Government Bond Yield Curve,0,1.0,https://yield.chinabond.com.cn/cbweb-czb-web/czb/historyQuery,2026-08-09T11:34:01.034821+00:00
2025-04-25,1.45,chinabond_official,1001.CB,ChinaBond Government Bond Yield Curve,0,1.0,https://yield.chinabond.com.cn/cbweb-czb-web/czb/historyQuery,2026-08-09T11:34:01.034821+00:00
2025-04-27,1.45,chinabond_official,1001.CB,ChinaBond Government Bond Yield Curve,0,1.0,https://yield.chinabond.com.cn/cbweb-czb-web/czb/historyQuery,2026-08-09T11:34:01.034821+00:00
2025-04-28,1.46,chinabond_official,1001.CB,ChinaBond Government Bond Yield Curve,0,1.0,https://yield.chinabond.com.cn/cbweb-czb-web/czb/historyQuery,2026-08-09T11:34:01.034821+00:00
2025-04-29,1.46,chinabond_official,1001.CB,ChinaBond Government Bond Yield Curve,0,1.0,https://yield.chinabond.com.cn/cbweb-czb-web/czb/historyQuery,2026-08-09T11:34:01.034821+00:00
2025-04-30,1.46,chinabond_official,1001.CB,ChinaBond Government Bond Yield Curve,0,1.0,https://yield.chinabond.com.cn/cbweb-czb-web/czb/historyQuery,2026-08-09T11:34:01.034821+00:00
2025-05-06,1.46,chinabond_official,1001.CB,ChinaBond Government Bond Yield Curve,0,1.0,https://yield.chinabond.com.cn/cbweb-czb-web/czb/historyQuery,2026-08-09T11:34:01.034821+00:00
2025-05-07,1.45,chinabond_official,1001.CB,ChinaBond Government Bond Yield Curve,0,1.0,https://yield.chinabond.com.cn/cbweb-czb-web/czb/historyQuery,2026-08-09T11:34:01.034821+00:00
2025-05-08,1.41,chinabond_official,1001.CB,ChinaBond Government Bond Yield Curve,0,1.0,https://yield.chinabond.com.cn/cbweb-czb-web/czb/historyQuery,2026-08-09T11:34:01.034821+00:00
2025-05-09,1.42,chinabond_official,1001.CB,ChinaBond Government Bond Yield Curve,0,1.0,https://yield.chinabond.com.cn/cbweb-czb-web/czb/historyQuery,2026-08-09T11:34:01.034821+00:00
2025-05-12,1.42,chinabond_official,1001.CB,ChinaBond Government Bond Yield Curve,0,1.0,https://yield.chinabond.com.cn/cbweb-czb-web/czb/historyQuery,2026-08-09T11:34:01.034821+00:00
2025-05-13,1.41,chinabond_official,1001.CB,ChinaBond Government Bond Yield Curve,0,1.0,https://yield.chinabond.com.cn/cbweb-czb-web/czb/historyQuery,2026-08-09T11:34:01.034821+00:00
2025-05-14,1.42,chinabond_official,1001.CB,ChinaBond Government Bond Yield Curve,0,1.0,https://yield.chinabond.com.cn/cbweb-czb-web/czb/historyQuery,2026-08-09T11:34:01.034821+00:00
2025-05-15,1.44,chinabond_official,1001.CB,ChinaBond Government Bond Yield Curve,0,1.0,https://yield.chinabond.com.cn/cbweb-czb-web/czb/historyQuery,2026-08-09T11:34:01.034821+00:00
2025-05-16,1.45,chinabond_official,1001.CB,ChinaBond Government Bond Yield Curve,0,1.0,https://yield.chinabond.com.cn/cbweb-czb-web/czb/historyQuery,2026-08-09T11:34:01.034821+00:00
2025-05-19,1.44,chinabond_official,1001.CB,ChinaBond Government Bond Yield Curve,0,1.0,https://yield.chinabond.com.cn/cbweb-czb-web/czb/historyQuery,2026-08-09T11:34:01.034821+00:00
2025-05-20,1.45,chinabond_official,1001.CB,ChinaBond Government Bond Yield Curve,0,1.0,https://yield.chinabond.com.cn/cbweb-czb-web/czb/historyQuery,2026-08-09T11:34:01.034821+00:00
2025-05-21,1.45,chinabond_official,1001.CB,ChinaBond Government Bond Yield Curve,0,1.0,https://yield.chinabond.com.cn/cbweb-czb-web/czb/historyQuery,2026-08-09T11:34:01.034821+00:00
2025-05-22,1.45,chinabond_official,1001.CB,ChinaBond Government Bond Yield Curve,0,1.0,https://yield.chinabond.com.cn/cbweb-czb-web/czb/historyQuery,2026-08-09T11:34:01.034821+00:00
2025-05-23,1.45,chinabond_official,1001.CB,ChinaBond Government Bond Yield Curve,0,1.0,https://yield.chinabond.com.cn/cbweb-czb-web/czb/historyQuery,2026-08-09T11:34:01.034821+00:00
2025-05-26,1.46,chinabond_official,1001.CB,ChinaBond Government Bond Yield Curve,0,1.0,https://yield.chinabond.com.cn/cbweb-czb-web/czb/historyQuery,2026-08-09T11:34:01.034821+00:00
2025-05-27,1.46,chinabond_official,1001.CB,ChinaBond Government Bond Yield Curve,0,1.0,https://yield.chinabond.com.cn/cbweb-czb-web/czb/historyQuery,2026-08-09T11:34:01.034821+00:00
2025-05-28,1.46,chinabond_official,1001.CB,ChinaBond Government Bond Yield Curve,0,1.0,https://yield.chinabond.com.cn/cbweb-czb-web/czb/historyQuery,2026-08-09T11:34:01.034821+00:00
2025-05-29,1.48,chinabond_official,1001.CB,ChinaBond Government Bond Yield Curve,0,1.0,https://yield.chinabond.com.cn/cbweb-czb-web/czb/historyQuery,2026-08-09T11:34:01.034821+00:00
2025-05-30,1.46,chinabond_official,1001.CB,ChinaBond Government Bond Yield Curve,0,1.0,https://yield.chinabond.com.cn/cbweb-czb-web/czb/historyQuery,2026-08-09T11:34:01.034821+00:00
2025-06-03,1.46,chinabond_official,1001.CB,ChinaBond Government Bond Yield Curve,0,1.0,https://yield.chinabond.com.cn/cbweb-czb-web/czb/historyQuery,2026-08-09T11:34:01.034821+00:00
2025-06-04,1.45,chinabond_official,1001.CB,ChinaBond Government Bond Yield Curve,0,1.0,https://yield.chinabond.com.cn/cbweb-czb-web/czb/historyQuery,2026-08-09T11:34:01.034821+00:00
2025-06-05,1.44,chinabond_official,1001.CB,ChinaBond Government Bond Yield Curve,0,1.0,https://yield.chinabond.com.cn/cbweb-czb-web/czb/historyQuery,2026-08-09T11:34:01.034821+00:00
2025-06-06,1.41,chinabond_official,1001.CB,ChinaBond Government Bond Yield Curve,0,1.0,https://yield.chinabond.com.cn/cbweb-czb-web/czb/historyQuery,2026-08-09T11:34:01.034821+00:00
2025-06-09,1.41,chinabond_official,1001.CB,ChinaBond Government Bond Yield Curve,0,1.0,https://yield.chinabond.com.cn/cbweb-czb-web/czb/historyQuery,2026-08-09T11:34:01.034821+00:00
2025-06-10,1.41,chinabond_official,1001.CB,ChinaBond Government Bond Yield Curve,0,1.0,https://yield.chinabond.com.cn/cbweb-czb-web/czb/historyQuery,2026-08-09T11:34:01.034821+00:00
2025-06-11,1.41,chinabond_official,1001.CB,ChinaBond Government Bond Yield Curve,0,1.0,https://yield.chinabond.com.cn/cbweb-czb-web/czb/historyQuery,2026-08-09T11:34:01.034821+00:00
2025-06-12,1.41,chinabond_official,1001.CB,ChinaBond Government Bond Yield Curve,0,1.0,https://yield.chinabond.com.cn/cbweb-czb-web/czb/historyQuery,2026-08-09T11:34:01.034821+00:00
2025-06-13,1.4,chinabond_official,1001.CB,ChinaBond Government Bond Yield Curve,0,1.0,https://yield.chinabond.com.cn/cbweb-czb-web/czb/historyQuery,2026-08-09T11:34:01.034821+00:00
2025-06-16,1.4,chinabond_official,1001.CB,ChinaBond Government Bond Yield Curve,0,1.0,https://yield.chinabond.com.cn/cbweb-czb-web/czb/historyQuery,2026-08-09T11:34:01.034821+00:00
2025-06-17,1.37,chinabond_official,1001.CB,ChinaBond Government Bond Yield Curve,0,1.0,https://yield.chinabond.com.cn/cbweb-czb-web/czb/historyQuery,2026-08-09T11:34:01.034821+00:00
2025-06-18,1.36,chinabond_official,1001.CB,ChinaBond Government Bond Yield Curve,0,1.0,https://yield.chinabond.com.cn/cbweb-czb-web/czb/historyQuery,2026-08-09T11:34:01.034821+00:00
2025-06-19,1.36,chinabond_official,1001.CB,ChinaBond Government Bond Yield Curve,0,1.0,https://yield.chinabond.com.cn/cbweb-czb-web/czb/historyQuery,2026-08-09T11:34:01.034821+00:00
2025-06-20,1.36,chinabond_official,1001.CB,ChinaBond Government Bond Yield Curve,0,1.0,https://yield.chinabond.com.cn/cbweb-czb-web/czb/historyQuery,2026-08-09T11:34:01.034821+00:00
2025-06-23,1.36,chinabond_official,1001.CB,ChinaBond Government Bond Yield Curve,0,1.0,https://yield.chinabond.com.cn/cbweb-czb-web/czb/historyQuery,2026-08-09T11:34:01.034821+00:00
2025-06-24,1.36,chinabond_official,1001.CB,ChinaBond Government Bond Yield Curve,0,1.0,https://yield.chinabond.com.cn/cbweb-czb-web/czb/historyQuery,2026-08-09T11:34:01.034821+00:00
2025-06-25,1.37,chinabond_official,1001.CB,ChinaBond Government Bond Yield Curve,0,1.0,https://yield.chinabond.com.cn/cbweb-czb-web/czb/historyQuery,2026-08-09T11:34:01.034821+00:00
2025-06-26,1.36,chinabond_official,1001.CB,ChinaBond Government Bond Yield Curve,0,1.0,https://yield.chinabond.com.cn/cbweb-czb-web/czb/historyQuery,2026-08-09T11:34:01.034821+00:00
2025-06-27,1.35,chinabond_official,1001.CB,ChinaBond Government Bond Yield Curve,0,1.0,https://yield.chinabond.com.cn/cbweb-czb-web/czb/historyQuery,2026-08-09T11:34:01.034821+00:00
2025-06-30,1.34,chinabond_official,1001.CB,ChinaBond Government Bond Yield Curve,0,1.0,https://yield.chinabond.com.cn/cbweb-czb-web/czb/historyQuery,2026-08-09T11:34:01.034821+00:00
2025-07-01,1.34,chinabond_official,1001.CB,ChinaBond Government Bond Yield Curve,0,1.0,https://yield.chinabond.com.cn/cbweb-czb-web/czb/historyQuery,2026-08-09T11:34:01.034821+00:00
2025-07-02,1.34,chinabond_official,1001.CB,ChinaBond Government Bond Yield Curve,0,1.0,https://yield.chinabond.com.cn/cbweb-czb-web/czb/historyQuery,2026-08-09T11:34:01.034821+00:00
2025-07-03,1.34,chinabond_official,1001.CB,ChinaBond Government Bond Yield Curve,0,1.0,https://yield.chinabond.com.cn/cbweb-czb-web/czb/historyQuery,2026-08-09T11:34:01.034821+00:00
2025-07-04,1.34,chinabond_official,1001.CB,ChinaBond Government Bond Yield Curve,0,1.0,https://yield.chinabond.com.cn/cbweb-czb-web/czb/historyQuery,2026-08-09T11:34:01.034821+00:00
2025-07-07,1.34,chinabond_official,1001.CB,ChinaBond Government Bond Yield Curve,0,1.0,https://yield.chinabond.com.cn/cbweb-czb-web/czb/historyQuery,2026-08-09T11:34:01.034821+00:00
2025-07-08,1.36,chinabond_official,1001.CB,ChinaBond Government Bond Yield Curve,0,1.0,https://yield.chinabond.com.cn/cbweb-czb-web/czb/historyQuery,2026-08-09T11:34:01.034821+00:00
2025-07-09,1.36,chinabond_official,1001.CB,ChinaBond Government Bond Yield Curve,0,1.0,https://yield.chinabond.com.cn/cbweb-czb-web/czb/historyQuery,2026-08-09T11:34:01.034821+00:00
2025-07-10,1.37,chinabond_official,1001.CB,ChinaBond Government Bond Yield Curve,0,1.0,https://yield.chinabond.com.cn/cbweb-czb-web/czb/historyQuery,2026-08-09T11:34:01.034821+00:00
2025-07-11,1.37,chinabond_official,1001.CB,ChinaBond Government Bond Yield Curve,0,1.0,https://yield.chinabond.com.cn/cbweb-czb-web/czb/historyQuery,2026-08-09T11:34:01.034821+00:00
2025-07-14,1.38,chinabond_official,1001.CB,ChinaBond Government Bond Yield Curve,0,1.0,https://yield.chinabond.com.cn/cbweb-czb-web/czb/historyQuery,2026-08-09T11:34:01.034821+00:00
2025-07-15,1.37,chinabond_official,1001.CB,ChinaBond Government Bond Yield Curve,0,1.0,https://yield.chinabond.com.cn/cbweb-czb-web/czb/historyQuery,2026-08-09T11:34:01.034821+00:00
2025-07-16,1.36,chinabond_official,1001.CB,ChinaBond Government Bond Yield Curve,0,1.0,https://yield.chinabond.com.cn/cbweb-czb-web/czb/historyQuery,2026-08-09T11:34:01.034821+00:00
2025-07-17,1.35,chinabond_official,1001.CB,ChinaBond Government Bond Yield Curve,0,1.0,https://yield.chinabond.com.cn/cbweb-czb-web/czb/historyQuery,2026-08-09T11:34:01.034821+00:00
2025-07-18,1.35,chinabond_official,1001.CB,ChinaBond Government Bond Yield Curve,0,1.0,https://yield.chinabond.com.cn/cbweb-czb-web/czb/historyQuery,2026-08-09T11:34:01.034821+00:00
2025-07-21,1.36,chinabond_official,1001.CB,ChinaBond Government Bond Yield Curve,0,1.0,https://yield.chinabond.com.cn/cbweb-czb-web/czb/historyQuery,2026-08-09T11:34:01.034821+00:00
2025-07-22,1.36,chinabond_official,1001.CB,ChinaBond Government Bond Yield Curve,0,1.0,https://yield.chinabond.com.cn/cbweb-czb-web/czb/historyQuery,2026-08-09T11:34:01.034821+00:00
2025-07-23,1.37,chinabond_official,1001.CB,ChinaBond Government Bond Yield Curve,0,1.0,https://yield.chinabond.com.cn/cbweb-czb-web/czb/historyQuery,2026-08-09T11:34:01.034821+00:00
2025-07-24,1.39,chinabond_official,1001.CB,ChinaBond Government Bond Yield Curve,0,1.0,https://yield.chinabond.com.cn/cbweb-czb-web/czb/historyQuery,2026-08-09T11:34:01.034821+00:00
2025-07-25,1.38,chinabond_official,1001.CB,ChinaBond Government Bond Yield Curve,0,1.0,https://yield.chinabond.com.cn/cbweb-czb-web/czb/historyQuery,2026-08-09T11:34:01.034821+00:00
2025-07-28,1.36,chinabond_official,1001.CB,ChinaBond Government Bond Yield Curve,0,1.0,https://yield.chinabond.com.cn/cbweb-czb-web/czb/historyQuery,2026-08-09T11:34:01.034821+00:00
2025-07-29,1.41,chinabond_official,1001.CB,ChinaBond Government Bond Yield Curve,0,1.0,https://yield.chinabond.com.cn/cbweb-czb-web/czb/historyQuery,2026-08-09T11:34:01.034821+00:00
2025-07-30,1.4,chinabond_official,1001.CB,ChinaBond Government Bond Yield Curve,0,1.0,https://yield.chinabond.com.cn/cbweb-czb-web/czb/historyQuery,2026-08-09T11:34:01.034821+00:00
2025-07-31,1.38,chinabond_official,1001.CB,ChinaBond Government Bond Yield Curve,0,1.0,https://yield.chinabond.com.cn/cbweb-czb-web/czb/historyQuery,2026-08-09T11:34:01.034821+00:00
2025-08-01,1.37,chinabond_official,1001.CB,ChinaBond Government Bond Yield Curve,0,1.0,https://yield.chinabond.com.cn/cbweb-czb-web/czb/historyQuery,2026-08-09T11:34:01.034821+00:00
2025-08-04,1.37,chinabond_official,1001.CB,ChinaBond Government Bond Yield Curve,0,1.0,https://yield.chinabond.com.cn/cbweb-czb-web/czb/historyQuery,2026-08-09T11:34:01.034821+00:00
2025-08-05,1.37,chinabond_official,1001.CB,ChinaBond Government Bond Yield Curve,0,1.0,https://yield.chinabond.com.cn/cbweb-czb-web/czb/historyQuery,2026-08-09T11:34:01.034821+00:00
2025-08-06,1.37,chinabond_official,1001.CB,ChinaBond Government Bond Yield Curve,0,1.0,https://yield.chinabond.com.cn/cbweb-czb-web/czb/historyQuery,2026-08-09T11:34:01.034821+00:00
2025-08-07,1.36,chinabond_official,1001.CB,ChinaBond Government Bond Yield Curve,0,1.0,https://yield.chinabond.com.cn/cbweb-czb-web/czb/historyQuery,2026-08-09T11:34:01.034821+00:00
2025-08-08,1.35,chinabond_official,1001.CB,ChinaBond Government Bond Yield Curve,0,1.0,https://yield.chinabond.com.cn/cbweb-czb-web/czb/historyQuery,2026-08-09T11:34:01.034821+00:00
2025-08-11,1.36,chinabond_official,1001.CB,ChinaBond Government Bond Yield Curve,0,1.0,https://yield.chinabond.com.cn/cbweb-czb-web/czb/historyQuery,2026-08-09T11:34:01.034821+00:00
2025-08-12,1.37,chinabond_official,1001.CB,ChinaBond Government Bond Yield Curve,0,1.0,https://yield.chinabond.com.cn/cbweb-czb-web/czb/historyQuery,2026-08-09T11:34:01.034821+00:00
2025-08-13,1.36,chinabond_official,1001.CB,ChinaBond Government Bond Yield Curve,0,1.0,https://yield.chinabond.com.cn/cbweb-czb-web/czb/historyQuery,2026-08-09T11:34:01.034821+00:00
2025-08-14,1.37,chinabond_official,1001.CB,ChinaBond Government Bond Yield Curve,0,1.0,https://yield.chinabond.com.cn/cbweb-czb-web/czb/historyQuery,2026-08-09T11:34:01.034821+00:00
2025-08-15,1.37,chinabond_official,1001.CB,ChinaBond Government Bond Yield Curve,0,1.0,https://yield.chinabond.com.cn/cbweb-czb-web/czb/historyQuery,2026-08-09T11:34:01.034821+00:00
2025-08-18,1.39,chinabond_official,1001.CB,ChinaBond Government Bond Yield Curve,0,1.0,https://yield.chinabond.com.cn/cbweb-czb-web/czb/historyQuery,2026-08-09T11:34:01.034821+00:00
2025-08-19,1.39,chinabond_official,1001.CB,ChinaBond Government Bond Yield Curve,0,1.0,https://yield.chinabond.com.cn/cbweb-czb-web/czb/historyQuery,2026-08-09T11:34:01.034821+00:00
2025-08-20,1.39,chinabond_official,1001.CB,ChinaBond Government Bond Yield Curve,0,1.0,https://yield.chinabond.com.cn/cbweb-czb-web/czb/historyQuery,2026-08-09T11:34:01.034821+00:00
2025-08-21,1.38,chinabond_official,1001.CB,ChinaBond Government Bond Yield Curve,0,1.0,https://yield.chinabond.com.cn/cbweb-czb-web/czb/historyQuery,2026-08-09T11:34:01.034821+00:00
2025-08-22,1.37,chinabond_official,1001.CB,ChinaBond Government Bond Yield Curve,0,1.0,https://yield.chinabond.com.cn/cbweb-czb-web/czb/historyQuery,2026-08-09T11:34:01.034821+00:00
2025-08-25,1.36,chinabond_official,1001.CB,ChinaBond Government Bond Yield Curve,0,1.0,https://yield.chinabond.com.cn/cbweb-czb-web/czb/historyQuery,2026-08-09T11:34:01.034821+00:00
2025-08-26,1.36,chinabond_official,1001.CB,ChinaBond Government Bond Yield Curve,0,1.0,https://yield.chinabond.com.cn/cbweb-czb-web/czb/historyQuery,2026-08-09T11:34:01.034821+00:00
2025-08-27,1.36,chinabond_official,1001.CB,ChinaBond Government Bond Yield Curve,0,1.0,https://yield.chinabond.com.cn/cbweb-czb-web/czb/historyQuery,2026-08-09T11:34:01.034821+00:00
2025-08-28,1.37,chinabond_official,1001.CB,ChinaBond Government Bond Yield Curve,0,1.0,https://yield.chinabond.com.cn/cbweb-czb-web/czb/historyQuery,2026-08-09T11:34:01.034821+00:00
2025-08-29,1.37,chinabond_official,1001.CB,ChinaBond Government Bond Yield Curve,0,1.0,https://yield.chinabond.com.cn/cbweb-czb-web/czb/historyQuery,2026-08-09T11:34:01.034821+00:00
2025-09-01,1.36,chinabond_official,1001.CB,ChinaBond Government Bond Yield Curve,0,1.0,https://yield.chinabond.com.cn/cbweb-czb-web/czb/historyQuery,2026-08-09T11:34:01.034821+00:00
2025-09-02,1.37,chinabond_official,1001.CB,ChinaBond Government Bond Yield Curve,0,1.0,https://yield.chinabond.com.cn/cbweb-czb-web/czb/historyQuery,2026-08-09T11:34:01.034821+00:00
2025-09-03,1.37,chinabond_official,1001.CB,ChinaBond Government Bond Yield Curve,0,1.0,https://yield.chinabond.com.cn/cbweb-czb-web/czb/historyQuery,2026-08-09T11:34:01.034821+00:00
2025-09-04,1.38,chinabond_official,1001.CB,ChinaBond Government Bond Yield Curve,0,1.0,https://yield.chinabond.com.cn/cbweb-czb-web/czb/historyQuery,2026-08-09T11:34:01.034821+00:00
2025-09-05,1.4,chinabond_official,1001.CB,ChinaBond Government Bond Yield Curve,0,1.0,https://yield.chinabond.com.cn/cbweb-czb-web/czb/historyQuery,2026-08-09T11:34:01.034821+00:00
2025-09-08,1.4,chinabond_official,1001.CB,ChinaBond Government Bond Yield Curve,0,1.0,https://yield.chinabond.com.cn/cbweb-czb-web/czb/historyQuery,2026-08-09T11:34:01.034821+00:00
2025-09-09,1.4,chinabond_official,1001.CB,ChinaBond Government Bond Yield Curve,0,1.0,https://yield.chinabond.com.cn/cbweb-czb-web/czb/historyQuery,2026-08-09T11:34:01.034821+00:00
2025-09-10,1.42,chinabond_official,1001.CB,ChinaBond Government Bond Yield Curve,0,1.0,https://yield.chinabond.com.cn/cbweb-czb-web/czb/historyQuery,2026-08-09T11:34:01.034821+00:00
2025-09-11,1.4,chinabond_official,1001.CB,ChinaBond Government Bond Yield Curve,0,1.0,https://yield.chinabond.com.cn/cbweb-czb-web/czb/historyQuery,2026-08-09T11:34:01.034821+00:00
2025-09-12,1.4,chinabond_official,1001.CB,ChinaBond Government Bond Yield Curve,0,1.0,https://yield.chinabond.com.cn/cbweb-czb-web/czb/historyQuery,2026-08-09T11:34:01.034821+00:00
2025-09-15,1.4,chinabond_official,1001.CB,ChinaBond Government Bond Yield Curve,0,1.0,https://yield.chinabond.com.cn/cbweb-czb-web/czb/historyQuery,2026-08-09T11:34:01.034821+00:00
2025-09-16,1.4,chinabond_official,1001.CB,ChinaBond Government Bond Yield Curve,0,1.0,https://yield.chinabond.com.cn/cbweb-czb-web/czb/historyQuery,2026-08-09T11:34:01.034821+00:00
2025-09-17,1.4,chinabond_official,1001.CB,ChinaBond Government Bond Yield Curve,0,1.0,https://yield.chinabond.com.cn/cbweb-czb-web/czb/historyQuery,2026-08-09T11:34:01.034821+00:00
2025-09-18,1.39,chinabond_official,1001.CB,ChinaBond Government Bond Yield Curve,0,1.0,https://yield.chinabond.com.cn/cbweb-czb-web/czb/historyQuery,2026-08-09T11:34:01.034821+00:00
2025-09-19,1.39,chinabond_official,1001.CB,ChinaBond Government Bond Yield Curve,0,1.0,https://yield.chinabond.com.cn/cbweb-czb-web/czb/historyQuery,2026-08-09T11:34:01.034821+00:00
2025-09-22,1.38,chinabond_official,1001.CB,ChinaBond Government Bond Yield Curve,0,1.0,https://yield.chinabond.com.cn/cbweb-czb-web/czb/historyQuery,2026-08-09T11:34:01.034821+00:00
2025-09-23,1.39,chinabond_official,1001.CB,ChinaBond Government Bond Yield Curve,0,1.0,https://yield.chinabond.com.cn/cbweb-czb-web/czb/historyQuery,2026-08-09T11:34:01.034821+00:00
2025-09-24,1.39,chinabond_official,1001.CB,ChinaBond Government Bond Yield Curve,0,1.0,https://yield.chinabond.com.cn/cbweb-czb-web/czb/historyQuery,2026-08-09T11:34:01.034821+00:00
2025-09-25,1.39,chinabond_official,1001.CB,ChinaBond Government Bond Yield Curve,0,1.0,https://yield.chinabond.com.cn/cbweb-czb-web/czb/historyQuery,2026-08-09T11:34:01.034821+00:00
2025-09-26,1.38,chinabond_official,1001.CB,ChinaBond Government Bond Yield Curve,0,1.0,https://yield.chinabond.com.cn/cbweb-czb-web/czb/historyQuery,2026-08-09T11:34:01.034821+00:00
2025-09-28,1.39,chinabond_official,1001.CB,ChinaBond Government Bond Yield Curve,0,1.0,https://yield.chinabond.com.cn/cbweb-czb-web/czb/historyQuery,2026-08-09T11:34:01.034821+00:00
2025-09-29,1.38,chinabond_official,1001.CB,ChinaBond Government Bond Yield Curve,0,1.0,https://yield.chinabond.com.cn/cbweb-czb-web/czb/historyQuery,2026-08-09T11:34:01.034821+00:00
2025-09-30,1.37,chinabond_official,1001.CB,ChinaBond Government Bond Yield Curve,0,1.0,https://yield.chinabond.com.cn/cbweb-czb-web/czb/historyQuery,2026-08-09T11:34:01.034821+00:00
2025-10-09,1.37,chinabond_official,1001.CB,ChinaBond Government Bond Yield Curve,0,1.0,https://yield.chinabond.com.cn/cbweb-czb-web/czb/historyQuery,2026-08-09T11:34:01.034821+00:00
2025-10-10,1.37,chinabond_official,1001.CB,ChinaBond Government Bond Yield Curve,0,1.0,https://yield.chinabond.com.cn/cbweb-czb-web/czb/historyQuery,2026-08-09T11:34:01.034821+00:00
2025-10-11,1.37,chinabond_official,1001.CB,ChinaBond Government Bond Yield Curve,0,1.0,https://yield.chinabond.com.cn/cbweb-czb-web/czb/historyQuery,2026-08-09T11:34:01.034821+00:00
2025-10-13,1.38,chinabond_official,1001.CB,ChinaBond Government Bond Yield Curve,0,1.0,https://yield.chinabond.com.cn/cbweb-czb-web/czb/historyQuery,2026-08-09T11:34:01.034821+00:00
2025-10-14,1.41,chinabond_official,1001.CB,ChinaBond Government Bond Yield Curve,0,1.0,https://yield.chinabond.com.cn/cbweb-czb-web/czb/historyQuery,2026-08-09T11:34:01.034821+00:00
2025-10-15,1.42,chinabond_official,1001.CB,ChinaBond Government Bond Yield Curve,0,1.0,https://yield.chinabond.com.cn/cbweb-czb-web/czb/historyQuery,2026-08-09T11:34:01.034821+00:00
2025-10-16,1.42,chinabond_official,1001.CB,ChinaBond Government Bond Yield Curve,0,1.0,https://yield.chinabond.com.cn/cbweb-czb-web/czb/historyQuery,2026-08-09T11:34:01.034821+00:00
2025-10-17,1.44,chinabond_official,1001.CB,ChinaBond Government Bond Yield Curve,0,1.0,https://yield.chinabond.com.cn/cbweb-czb-web/czb/historyQuery,2026-08-09T11:34:01.034821+00:00
2025-10-20,1.47,chinabond_official,1001.CB,ChinaBond Government Bond Yield Curve,0,1.0,https://yield.chinabond.com.cn/cbweb-czb-web/czb/historyQuery,2026-08-09T11:34:01.034821+00:00
2025-10-21,1.47,chinabond_official,1001.CB,ChinaBond Government Bond Yield Curve,0,1.0,https://yield.chinabond.com.cn/cbweb-czb-web/czb/historyQuery,2026-08-09T11:34:01.034821+00:00
2025-10-22,1.48,chinabond_official,1001.CB,ChinaBond Government Bond Yield Curve,0,1.0,https://yield.chinabond.com.cn/cbweb-czb-web/czb/historyQuery,2026-08-09T11:34:01.034821+00:00
2025-10-23,1.48,chinabond_official,1001.CB,ChinaBond Government Bond Yield Curve,0,1.0,https://yield.chinabond.com.cn/cbweb-czb-web/czb/historyQuery,2026-08-09T11:34:01.034821+00:00
2025-10-24,1.47,chinabond_official,1001.CB,ChinaBond Government Bond Yield Curve,0,1.0,https://yield.chinabond.com.cn/cbweb-czb-web/czb/historyQuery,2026-08-09T11:34:01.034821+00:00
2025-10-27,1.46,chinabond_official,1001.CB,ChinaBond Government Bond Yield Curve,0,1.0,https://yield.chinabond.com.cn/cbweb-czb-web/czb/historyQuery,2026-08-09T11:34:01.034821+00:00
2025-10-28,1.43,chinabond_official,1001.CB,ChinaBond Government Bond Yield Curve,0,1.0,https://yield.chinabond.com.cn/cbweb-czb-web/czb/historyQuery,2026-08-09T11:34:01.034821+00:00
2025-10-29,1.39,chinabond_official,1001.CB,ChinaBond Government Bond Yield Curve,0,1.0,https://yield.chinabond.com.cn/cbweb-czb-web/czb/historyQuery,2026-08-09T11:34:01.034821+00:00
2025-10-30,1.38,chinabond_official,1001.CB,ChinaBond Government Bond Yield Curve,0,1.0,https://yield.chinabond.com.cn/cbweb-czb-web/czb/historyQuery,2026-08-09T11:34:01.034821+00:00
2025-10-31,1.38,chinabond_official,1001.CB,ChinaBond Government Bond Yield Curve,0,1.0,https://yield.chinabond.com.cn/cbweb-czb-web/czb/historyQuery,2026-08-09T11:34:01.034821+00:00
2025-11-03,1.39,chinabond_official,1001.CB,ChinaBond Government Bond Yield Curve,0,1.0,https://yield.chinabond.com.cn/cbweb-czb-web/czb/historyQuery,2026-08-09T11:34:01.034821+00:00
2025-11-04,1.39,chinabond_official,1001.CB,ChinaBond Government Bond Yield Curve,0,1.0,https://yield.chinabond.com.cn/cbweb-czb-web/czb/historyQuery,2026-08-09T11:34:01.034821+00:00
2025-11-05,1.4,chinabond_official,1001.CB,ChinaBond Government Bond Yield Curve,0,1.0,https://yield.chinabond.com.cn/cbweb-czb-web/czb/historyQuery,2026-08-09T11:34:01.034821+00:00
2025-11-06,1.4,chinabond_official,1001.CB,ChinaBond Government Bond Yield Curve,0,1.0,https://yield.chinabond.com.cn/cbweb-czb-web/czb/historyQuery,2026-08-09T11:34:01.034821+00:00
2025-11-07,1.4,chinabond_official,1001.CB,ChinaBond Government Bond Yield Curve,0,1.0,https://yield.chinabond.com.cn/cbweb-czb-web/czb/historyQuery,2026-08-09T11:34:01.034821+00:00
2025-11-10,1.4,chinabond_official,1001.CB,ChinaBond Government Bond Yield Curve,0,1.0,https://yield.chinabond.com.cn/cbweb-czb-web/czb/historyQuery,2026-08-09T11:34:01.034821+00:00
2025-11-11,1.4,chinabond_official,1001.CB,ChinaBond Government Bond Yield Curve,0,1.0,https://yield.chinabond.com.cn/cbweb-czb-web/czb/historyQuery,2026-08-09T11:34:01.034821+00:00
2025-11-12,1.41,chinabond_official,1001.CB,ChinaBond Government Bond Yield Curve,0,1.0,https://yield.chinabond.com.cn/cbweb-czb-web/czb/historyQuery,2026-08-09T11:34:01.034821+00:00
2025-11-13,1.41,chinabond_official,1001.CB,ChinaBond Government Bond Yield Curve,0,1.0,https://yield.chinabond.com.cn/cbweb-czb-web/czb/historyQuery,2026-08-09T11:34:01.034821+00:00
2025-11-14,1.41,chinabond_official,1001.CB,ChinaBond Government Bond Yield Curve,0,1.0,https://yield.chinabond.com.cn/cbweb-czb-web/czb/historyQuery,2026-08-09T11:34:01.034821+00:00
2025-11-17,1.41,chinabond_official,1001.CB,ChinaBond Government Bond Yield Curve,0,1.0,https://yield.chinabond.com.cn/cbweb-czb-web/czb/historyQuery,2026-08-09T11:34:01.034821+00:00
2025-11-18,1.41,chinabond_official,1001.CB,ChinaBond Government Bond Yield Curve,0,1.0,https://yield.chinabond.com.cn/cbweb-czb-web/czb/historyQuery,2026-08-09T11:34:01.034821+00:00
2025-11-19,1.4,chinabond_official,1001.CB,ChinaBond Government Bond Yield Curve,0,1.0,https://yield.chinabond.com.cn/cbweb-czb-web/czb/historyQuery,2026-08-09T11:34:01.034821+00:00
2025-11-20,1.4,chinabond_official,1001.CB,ChinaBond Government Bond Yield Curve,0,1.0,https://yield.chinabond.com.cn/cbweb-czb-web/czb/historyQuery,2026-08-09T11:34:01.034821+00:00
2025-11-21,1.4,chinabond_official,1001.CB,ChinaBond Government Bond Yield Curve,0,1.0,https://yield.chinabond.com.cn/cbweb-czb-web/czb/historyQuery,2026-08-09T11:34:01.034821+00:00
2025-11-24,1.4,chinabond_official,1001.CB,ChinaBond Government Bond Yield Curve,0,1.0,https://yield.chinabond.com.cn/cbweb-czb-web/czb/historyQuery,2026-08-09T11:34:01.034821+00:00
2025-11-25,1.41,chinabond_official,1001.CB,ChinaBond Government Bond Yield Curve,0,1.0,https://yield.chinabond.com.cn/cbweb-czb-web/czb/historyQuery,2026-08-09T11:34:01.034821+00:00
2025-11-26,1.41,chinabond_official,1001.CB,ChinaBond Government Bond Yield Curve,0,1.0,https://yield.chinabond.com.cn/cbweb-czb-web/czb/historyQuery,2026-08-09T11:34:01.034821+00:00
2025-11-27,1.41,chinabond_official,1001.CB,ChinaBond Government Bond Yield Curve,0,1.0,https://yield.chinabond.com.cn/cbweb-czb-web/czb/historyQuery,2026-08-09T11:34:01.034821+00:00
2025-11-28,1.4,chinabond_official,1001.CB,ChinaBond Government Bond Yield Curve,0,1.0,https://yield.chinabond.com.cn/cbweb-czb-web/czb/historyQuery,2026-08-09T11:34:01.034821+00:00
2025-12-01,1.41,chinabond_official,1001.CB,ChinaBond Government Bond Yield Curve,0,1.0,https://yield.chinabond.com.cn/cbweb-czb-web/czb/historyQuery,2026-08-09T11:34:01.034821+00:00
2025-12-02,1.41,chinabond_official,1001.CB,ChinaBond Government Bond Yield Curve,0,1.0,https://yield.chinabond.com.cn/cbweb-czb-web/czb/historyQuery,2026-08-09T11:34:01.034821+00:00
2025-12-03,1.41,chinabond_official,1001.CB,ChinaBond Government Bond Yield Curve,0,1.0,https://yield.chinabond.com.cn/cbweb-czb-web/czb/historyQuery,2026-08-09T11:34:01.034821+00:00
2025-12-04,1.4,chinabond_official,1001.CB,ChinaBond Government Bond Yield Curve,0,1.0,https://yield.chinabond.com.cn/cbweb-czb-web/czb/historyQuery,2026-08-09T11:34:01.034821+00:00
2025-12-05,1.4,chinabond_official,1001.CB,ChinaBond Government Bond Yield Curve,0,1.0,https://yield.chinabond.com.cn/cbweb-czb-web/czb/historyQuery,2026-08-09T11:34:01.034821+00:00
2025-12-08,1.4,chinabond_official,1001.CB,ChinaBond Government Bond Yield Curve,0,1.0,https://yield.chinabond.com.cn/cbweb-czb-web/czb/historyQuery,2026-08-09T11:34:01.034821+00:00
2025-12-09,1.4,chinabond_official,1001.CB,ChinaBond Government Bond Yield Curve,0,1.0,https://yield.chinabond.com.cn/cbweb-czb-web/czb/historyQuery,2026-08-09T11:34:01.034821+00:00
2025-12-10,1.4,chinabond_official,1001.CB,ChinaBond Government Bond Yield Curve,0,1.0,https://yield.chinabond.com.cn/cbweb-czb-web/czb/historyQuery,2026-08-09T11:34:01.034821+00:00
2025-12-11,1.39,chinabond_official,1001.CB,ChinaBond Government Bond Yield Curve,0,1.0,https://yield.chinabond.com.cn/cbweb-czb-web/czb/historyQuery,2026-08-09T11:34:01.034821+00:00
2025-12-12,1.39,chinabond_official,1001.CB,ChinaBond Government Bond Yield Curve,0,1.0,https://yield.chinabond.com.cn/cbweb-czb-web/czb/historyQuery,2026-08-09T11:34:01.034821+00:00
2025-12-15,1.39,chinabond_official,1001.CB,ChinaBond Government Bond Yield Curve,0,1.0,https://yield.chinabond.com.cn/cbweb-czb-web/czb/historyQuery,2026-08-09T11:34:01.034821+00:00
2025-12-16,1.38,chinabond_official,1001.CB,ChinaBond Government Bond Yield Curve,0,1.0,https://yield.chinabond.com.cn/cbweb-czb-web/czb/historyQuery,2026-08-09T11:34:01.034821+00:00
2025-12-17,1.38,chinabond_official,1001.CB,ChinaBond Government Bond Yield Curve,0,1.0,https://yield.chinabond.com.cn/cbweb-czb-web/czb/historyQuery,2026-08-09T11:34:01.034821+00:00
2025-12-18,1.37,chinabond_official,1001.CB,ChinaBond Government Bond Yield Curve,0,1.0,https://yield.chinabond.com.cn/cbweb-czb-web/czb/historyQuery,2026-08-09T11:34:01.034821+00:00
2025-12-19,1.35,chinabond_official,1001.CB,ChinaBond Government Bond Yield Curve,0,1.0,https://yield.chinabond.com.cn/cbweb-czb-web/czb/historyQuery,2026-08-09T11:34:01.034821+00:00
2025-12-22,1.35,chinabond_official,1001.CB,ChinaBond Government Bond Yield Curve,0,1.0,https://yield.chinabond.com.cn/cbweb-czb-web/czb/historyQuery,2026-08-09T11:34:01.034821+00:00
2025-12-23,1.34,chinabond_official,1001.CB,ChinaBond Government Bond Yield Curve,0,1.0,https://yield.chinabond.com.cn/cbweb-czb-web/czb/historyQuery,2026-08-09T11:34:01.034821+00:00
2025-12-24,1.34,chinabond_official,1001.CB,ChinaBond Government Bond Yield Curve,0,1.0,https://yield.chinabond.com.cn/cbweb-czb-web/czb/historyQuery,2026-08-09T11:34:01.034821+00:00
2025-12-25,1.31,chinabond_official,1001.CB,ChinaBond Government Bond Yield Curve,0,1.0,https://yield.chinabond.com.cn/cbweb-czb-web/czb/historyQuery,2026-08-09T11:34:01.034821+00:00
2025-12-26,1.29,chinabond_official,1001.CB,ChinaBond Government Bond Yield Curve,0,1.0,https://yield.chinabond.com.cn/cbweb-czb-web/czb/historyQuery,2026-08-09T11:34:01.034821+00:00
2025-12-29,1.33,chinabond_official,1001.CB,ChinaBond Government Bond Yield Curve,0,1.0,https://yield.chinabond.com.cn/cbweb-czb-web/czb/historyQuery,2026-08-09T11:34:01.034821+00:00
2025-12-30,1.34,chinabond_official,1001.CB,ChinaBond Government Bond Yield Curve,0,1.0,https://yield.chinabond.com.cn/cbweb-czb-web/czb/historyQuery,2026-08-09T11:34:01.034821+00:00
2025-12-31,1.34,chinabond_official,1001.CB,ChinaBond Government Bond Yield Curve,0,1.0,https://yield.chinabond.com.cn/cbweb-czb-web/czb/historyQuery,2026-08-09T11:34:01.034821+00:00
2026-01-04,1.33,chinabond_official,1001.CB,ChinaBond Government Bond Yield Curve,0,1.0,https://yield.chinabond.com.cn/cbweb-czb-web/czb/historyQuery,2026-08-09T11:34:01.034821+00:00
2026-01-05,1.36,chinabond_official,1001.CB,ChinaBond Government Bond Yield Curve,0,1.0,https://yield.chinabond.com.cn/cbweb-czb-web/czb/historyQuery,2026-08-09T11:34:01.034821+00:00
2026-01-06,1.36,chinabond_official,1001.CB,ChinaBond Government Bond Yield Curve,0,1.0,https://yield.chinabond.com.cn/cbweb-czb-web/czb/historyQuery,2026-08-09T11:34:01.034821+00:00
2026-01-07,1.36,chinabond_official,1001.CB,ChinaBond Government Bond Yield Curve,0,1.0,https://yield.chinabond.com.cn/cbweb-czb-web/czb/historyQuery,2026-08-09T11:34:01.034821+00:00
2026-01-08,1.32,chinabond_official,1001.CB,ChinaBond Government Bond Yield Curve,0,1.0,https://yield.chinabond.com.cn/cbweb-czb-web/czb/historyQuery,2026-08-09T11:34:01.034821+00:00
2026-01-09,1.29,chinabond_official,1001.CB,ChinaBond Government Bond Yield Curve,0,1.0,https://yield.chinabond.com.cn/cbweb-czb-web/czb/historyQuery,2026-08-09T11:34:01.034821+00:00
2026-01-12,1.25,chinabond_official,1001.CB,ChinaBond Government Bond Yield Curve,0,1.0,https://yield.chinabond.com.cn/cbweb-czb-web/czb/historyQuery,2026-08-09T11:34:01.034821+00:00
2026-01-13,1.26,chinabond_official,1001.CB,ChinaBond Government Bond Yield Curve,0,1.0,https://yield.chinabond.com.cn/cbweb-czb-web/czb/historyQuery,2026-08-09T11:34:01.034821+00:00
2026-01-14,1.27,chinabond_official,1001.CB,ChinaBond Government Bond Yield Curve,0,1.0,https://yield.chinabond.com.cn/cbweb-czb-web/czb/historyQuery,2026-08-09T11:34:01.034821+00:00
2026-01-15,1.26,chinabond_official,1001.CB,ChinaBond Government Bond Yield Curve,0,1.0,https://yield.chinabond.com.cn/cbweb-czb-web/czb/historyQuery,2026-08-09T11:34:01.034821+00:00
2026-01-16,1.24,chinabond_official,1001.CB,ChinaBond Government Bond Yield Curve,0,1.0,https://yield.chinabond.com.cn/cbweb-czb-web/czb/historyQuery,2026-08-09T11:34:01.034821+00:00
2026-01-19,1.29,chinabond_official,1001.CB,ChinaBond Government Bond Yield Curve,0,1.0,https://yield.chinabond.com.cn/cbweb-czb-web/czb/historyQuery,2026-08-09T11:34:01.034821+00:00
2026-01-20,1.27,chinabond_official,1001.CB,ChinaBond Government Bond Yield Curve,0,1.0,https://yield.chinabond.com.cn/cbweb-czb-web/czb/historyQuery,2026-08-09T11:34:01.034821+00:00
2026-01-21,1.29,chinabond_official,1001.CB,ChinaBond Government Bond Yield Curve,0,1.0,https://yield.chinabond.com.cn/cbweb-czb-web/czb/historyQuery,2026-08-09T11:34:01.034821+00:00
2026-01-22,1.29,chinabond_official,1001.CB,ChinaBond Government Bond Yield Curve,0,1.0,https://yield.chinabond.com.cn/cbweb-czb-web/czb/historyQuery,2026-08-09T11:34:01.034821+00:00
2026-01-23,1.28,chinabond_official,1001.CB,ChinaBond Government Bond Yield Curve,0,1.0,https://yield.chinabond.com.cn/cbweb-czb-web/czb/historyQuery,2026-08-09T11:34:01.034821+00:00
2026-01-26,1.29,chinabond_official,1001.CB,ChinaBond Government Bond Yield Curve,0,1.0,https://yield.chinabond.com.cn/cbweb-czb-web/czb/historyQuery,2026-08-09T11:34:01.034821+00:00
2026-01-27,1.3,chinabond_official,1001.CB,ChinaBond Government Bond Yield Curve,0,1.0,https://yield.chinabond.com.cn/cbweb-czb-web/czb/historyQuery,2026-08-09T11:34:01.034821+00:00
2026-01-28,1.31,chinabond_official,1001.CB,ChinaBond Government Bond Yield Curve,0,1.0,https://yield.chinabond.com.cn/cbweb-czb-web/czb/historyQuery,2026-08-09T11:34:01.034821+00:00
2026-01-29,1.3,chinabond_official,1001.CB,ChinaBond Government Bond Yield Curve,0,1.0,https://yield.chinabond.com.cn/cbweb-czb-web/czb/historyQuery,2026-08-09T11:34:01.034821+00:00
2026-01-30,1.3,chinabond_official,1001.CB,ChinaBond Government Bond Yield Curve,0,1.0,https://yield.chinabond.com.cn/cbweb-czb-web/czb/historyQuery,2026-08-09T11:34:01.034821+00:00
2026-02-02,1.31,chinabond_official,1001.CB,ChinaBond Government Bond Yield Curve,0,1.0,https://yield.chinabond.com.cn/cbweb-czb-web/czb/historyQuery,2026-08-09T11:34:01.034821+00:00
2026-02-03,1.31,chinabond_official,1001.CB,ChinaBond Government Bond Yield Curve,0,1.0,https://yield.chinabond.com.cn/cbweb-czb-web/czb/historyQuery,2026-08-09T11:34:01.034821+00:00
2026-02-04,1.31,chinabond_official,1001.CB,ChinaBond Government Bond Yield Curve,0,1.0,https://yield.chinabond.com.cn/cbweb-czb-web/czb/historyQuery,2026-08-09T11:34:01.034821+00:00
2026-02-05,1.31,chinabond_official,1001.CB,ChinaBond Government Bond Yield Curve,0,1.0,https://yield.chinabond.com.cn/cbweb-czb-web/czb/historyQuery,2026-08-09T11:34:01.034821+00:00
2026-02-06,1.32,chinabond_official,1001.CB,ChinaBond Government Bond Yield Curve,0,1.0,https://yield.chinabond.com.cn/cbweb-czb-web/czb/historyQuery,2026-08-09T11:34:01.034821+00:00
2026-02-09,1.32,chinabond_official,1001.CB,ChinaBond Government Bond Yield Curve,0,1.0,https://yield.chinabond.com.cn/cbweb-czb-web/czb/historyQuery,2026-08-09T11:34:01.034821+00:00
2026-02-10,1.32,chinabond_official,1001.CB,ChinaBond Government Bond Yield Curve,0,1.0,https://yield.chinabond.com.cn/cbweb-czb-web/czb/historyQuery,2026-08-09T11:34:01.034821+00:00
2026-02-11,1.31,chinabond_official,1001.CB,ChinaBond Government Bond Yield Curve,0,1.0,https://yield.chinabond.com.cn/cbweb-czb-web/czb/historyQuery,2026-08-09T11:34:01.034821+00:00
2026-02-12,1.32,chinabond_official,1001.CB,ChinaBond Government Bond Yield Curve,0,1.0,https://yield.chinabond.com.cn/cbweb-czb-web/czb/historyQuery,2026-08-09T11:34:01.034821+00:00
2026-02-13,1.32,chinabond_official,1001.CB,ChinaBond Government Bond Yield Curve,0,1.0,https://yield.chinabond.com.cn/cbweb-czb-web/czb/historyQuery,2026-08-09T11:34:01.034821+00:00
2026-02-14,1.31,chinabond_official,1001.CB,ChinaBond Government Bond Yield Curve,0,1.0,https://yield.chinabond.com.cn/cbweb-czb-web/czb/historyQuery,2026-08-09T11:34:01.034821+00:00
2026-02-24,1.32,chinabond_official,1001.CB,ChinaBond Government Bond Yield Curve,0,1.0,https://yield.chinabond.com.cn/cbweb-czb-web/czb/historyQuery,2026-08-09T11:34:01.034821+00:00
2026-02-25,1.32,chinabond_official,1001.CB,ChinaBond Government Bond Yield Curve,0,1.0,https://yield.chinabond.com.cn/cbweb-czb-web/czb/historyQuery,2026-08-09T11:34:01.034821+00:00
2026-02-26,1.33,chinabond_official,1001.CB,ChinaBond Government Bond Yield Curve,0,1.0,https://yield.chinabond.com.cn/cbweb-czb-web/czb/historyQuery,2026-08-09T11:34:01.034821+00:00
2026-02-27,1.32,chinabond_official,1001.CB,ChinaBond Government Bond Yield Curve,0,1.0,https://yield.chinabond.com.cn/cbweb-czb-web/czb/historyQuery,2026-08-09T11:34:01.034821+00:00
2026-02-28,1.32,chinabond_official,1001.CB,ChinaBond Government Bond Yield Curve,0,1.0,https://yield.chinabond.com.cn/cbweb-czb-web/czb/historyQuery,2026-08-09T11:34:01.034821+00:00
2026-03-02,1.31,chinabond_official,1001.CB,ChinaBond Government Bond Yield Curve,0,1.0,https://yield.chinabond.com.cn/cbweb-czb-web/czb/historyQuery,2026-08-09T11:34:01.034821+00:00
2026-03-03,1.3,chinabond_official,1001.CB,ChinaBond Government Bond Yield Curve,0,1.0,https://yield.chinabond.com.cn/cbweb-czb-web/czb/historyQuery,2026-08-09T11:34:01.034821+00:00
2026-03-04,1.29,chinabond_official,1001.CB,ChinaBond Government Bond Yield Curve,0,1.0,https://yield.chinabond.com.cn/cbweb-czb-web/czb/historyQuery,2026-08-09T11:34:01.034821+00:00
2026-03-05,1.29,chinabond_official,1001.CB,ChinaBond Government Bond Yield Curve,0,1.0,https://yield.chinabond.com.cn/cbweb-czb-web/czb/historyQuery,2026-08-09T11:34:01.034821+00:00
2026-03-06,1.29,chinabond_official,1001.CB,ChinaBond Government Bond Yield Curve,0,1.0,https://yield.chinabond.com.cn/cbweb-czb-web/czb/historyQuery,2026-08-09T11:34:01.034821+00:00
2026-03-09,1.29,chinabond_official,1001.CB,ChinaBond Government Bond Yield Curve,0,1.0,https://yield.chinabond.com.cn/cbweb-czb-web/czb/historyQuery,2026-08-09T11:34:01.034821+00:00
2026-03-10,1.28,chinabond_official,1001.CB,ChinaBond Government Bond Yield Curve,0,1.0,https://yield.chinabond.com.cn/cbweb-czb-web/czb/historyQuery,2026-08-09T11:34:01.034821+00:00
2026-03-11,1.28,chinabond_official,1001.CB,ChinaBond Government Bond Yield Curve,0,1.0,https://yield.chinabond.com.cn/cbweb-czb-web/czb/historyQuery,2026-08-09T11:34:01.034821+00:00
2026-03-12,1.26,chinabond_official,1001.CB,ChinaBond Government Bond Yield Curve,0,1.0,https://yield.chinabond.com.cn/cbweb-czb-web/czb/historyQuery,2026-08-09T11:34:01.034821+00:00
2026-03-13,1.28,chinabond_official,1001.CB,ChinaBond Government Bond Yield Curve,0,1.0,https://yield.chinabond.com.cn/cbweb-czb-web/czb/historyQuery,2026-08-09T11:34:01.034821+00:00
2026-03-16,1.28,chinabond_official,1001.CB,ChinaBond Government Bond Yield Curve,0,1.0,https://yield.chinabond.com.cn/cbweb-czb-web/czb/historyQuery,2026-08-09T11:34:01.034821+00:00
2026-03-17,1.27,chinabond_official,1001.CB,ChinaBond Government Bond Yield Curve,0,1.0,https://yield.chinabond.com.cn/cbweb-czb-web/czb/historyQuery,2026-08-09T11:34:01.034821+00:00
2026-03-18,1.26,chinabond_official,1001.CB,ChinaBond Government Bond Yield Curve,0,1.0,https://yield.chinabond.com.cn/cbweb-czb-web/czb/historyQuery,2026-08-09T11:34:01.034821+00:00
2026-03-19,1.26,chinabond_official,1001.CB,ChinaBond Government Bond Yield Curve,0,1.0,https://yield.chinabond.com.cn/cbweb-czb-web/czb/historyQuery,2026-08-09T11:34:01.034821+00:00
2026-03-20,1.26,chinabond_official,1001.CB,ChinaBond Government Bond Yield Curve,0,1.0,https://yield.chinabond.com.cn/cbweb-czb-web/czb/historyQuery,2026-08-09T11:34:01.034821+00:00
2026-03-23,1.26,chinabond_official,1001.CB,ChinaBond Government Bond Yield Curve,0,1.0,https://yield.chinabond.com.cn/cbweb-czb-web/czb/historyQuery,2026-08-09T11:34:01.034821+00:00
2026-03-24,1.26,chinabond_official,1001.CB,ChinaBond Government Bond Yield Curve,0,1.0,https://yield.chinabond.com.cn/cbweb-czb-web/czb/historyQuery,2026-08-09T11:34:01.034821+00:00
2026-03-25,1.27,chinabond_official,1001.CB,ChinaBond Government Bond Yield Curve,0,1.0,https://yield.chinabond.com.cn/cbweb-czb-web/czb/historyQuery,2026-08-09T11:34:01.034821+00:00
2026-03-26,1.26,chinabond_official,1001.CB,ChinaBond Government Bond Yield Curve,0,1.0,https://yield.chinabond.com.cn/cbweb-czb-web/czb/historyQuery,2026-08-09T11:34:01.034821+00:00
2026-03-27,1.25,chinabond_official,1001.CB,ChinaBond Government Bond Yield Curve,0,1.0,https://yield.chinabond.com.cn/cbweb-czb-web/czb/historyQuery,2026-08-09T11:34:01.034821+00:00
2026-03-30,1.21,chinabond_official,1001.CB,ChinaBond Government Bond Yield Curve,0,1.0,https://yield.chinabond.com.cn/cbweb-czb-web/czb/historyQuery,2026-08-09T11:34:01.034821+00:00
2026-03-31,1.22,chinabond_official,1001.CB,ChinaBond Government Bond Yield Curve,0,1.0,https://yield.chinabond.com.cn/cbweb-czb-web/czb/historyQuery,2026-08-09T11:34:01.034821+00:00
2026-04-01,1.23,chinabond_official,1001.CB,ChinaBond Government Bond Yield Curve,0,1.0,https://yield.chinabond.com.cn/cbweb-czb-web/czb/historyQuery,2026-08-09T11:34:01.034821+00:00
2026-04-02,1.24,chinabond_official,1001.CB,ChinaBond Government Bond Yield Curve,0,1.0,https://yield.chinabond.com.cn/cbweb-czb-web/czb/historyQuery,2026-08-09T11:34:01.034821+00:00
2026-04-03,1.24,chinabond_official,1001.CB,ChinaBond Government Bond Yield Curve,0,1.0,https://yield.chinabond.com.cn/cbweb-czb-web/czb/historyQuery,2026-08-09T11:34:01.034821+00:00
2026-04-07,1.22,chinabond_official,1001.CB,ChinaBond Government Bond Yield Curve,0,1.0,https://yield.chinabond.com.cn/cbweb-czb-web/czb/historyQuery,2026-08-09T11:34:01.034821+00:00
2026-04-08,1.21,chinabond_official,1001.CB,ChinaBond Government Bond Yield Curve,0,1.0,https://yield.chinabond.com.cn/cbweb-czb-web/czb/historyQuery,2026-08-09T11:34:01.034821+00:00
2026-04-09,1.21,chinabond_official,1001.CB,ChinaBond Government Bond Yield Curve,0,1.0,https://yield.chinabond.com.cn/cbweb-czb-web/czb/historyQuery,2026-08-09T11:34:01.034821+00:00
2026-04-10,1.21,chinabond_official,1001.CB,ChinaBond Government Bond Yield Curve,0,1.0,https://yield.chinabond.com.cn/cbweb-czb-web/czb/historyQuery,2026-08-09T11:34:01.034821+00:00
2026-04-13,1.19,chinabond_official,1001.CB,ChinaBond Government Bond Yield Curve,0,1.0,https://yield.chinabond.com.cn/cbweb-czb-web/czb/historyQuery,2026-08-09T11:34:01.034821+00:00
2026-04-14,1.19,chinabond_official,1001.CB,ChinaBond Government Bond Yield Curve,0,1.0,https://yield.chinabond.com.cn/cbweb-czb-web/czb/historyQuery,2026-08-09T11:34:01.034821+00:00
2026-04-15,1.16,chinabond_official,1001.CB,ChinaBond Government Bond Yield Curve,0,1.0,https://yield.chinabond.com.cn/cbweb-czb-web/czb/historyQuery,2026-08-09T11:34:01.034821+00:00
2026-04-16,1.16,chinabond_official,1001.CB,ChinaBond Government Bond Yield Curve,0,1.0,https://yield.chinabond.com.cn/cbweb-czb-web/czb/historyQuery,2026-08-09T11:34:01.034821+00:00
2026-04-17,1.16,chinabond_official,1001.CB,ChinaBond Government Bond Yield Curve,0,1.0,https://yield.chinabond.com.cn/cbweb-czb-web/czb/historyQuery,2026-08-09T11:34:01.034821+00:00
2026-04-20,1.16,chinabond_official,1001.CB,ChinaBond Government Bond Yield Curve,0,1.0,https://yield.chinabond.com.cn/cbweb-czb-web/czb/historyQuery,2026-08-09T11:34:01.034821+00:00
2026-04-21,1.15,chinabond_official,1001.CB,ChinaBond Government Bond Yield Curve,0,1.0,https://yield.chinabond.com.cn/cbweb-czb-web/czb/historyQuery,2026-08-09T11:34:01.034821+00:00
2026-04-22,1.15,chinabond_official,1001.CB,ChinaBond Government Bond Yield Curve,0,1.0,https://yield.chinabond.com.cn/cbweb-czb-web/czb/historyQuery,2026-08-09T11:34:01.034821+00:00
2026-04-23,1.15,chinabond_official,1001.CB,ChinaBond Government Bond Yield Curve,0,1.0,https://yield.chinabond.com.cn/cbweb-czb-web/czb/historyQuery,2026-08-09T11:34:01.034821+00:00
2026-04-24,1.14,chinabond_official,1001.CB,ChinaBond Government Bond Yield Curve,0,1.0,https://yield.chinabond.com.cn/cbweb-czb-web/czb/historyQuery,2026-08-09T11:34:01.034821+00:00
2026-04-27,1.15,chinabond_official,1001.CB,ChinaBond Government Bond Yield Curve,0,1.0,https://yield.chinabond.com.cn/cbweb-czb-web/czb/historyQuery,2026-08-09T11:34:01.034821+00:00
2026-04-28,1.15,chinabond_official,1001.CB,ChinaBond Government Bond Yield Curve,0,1.0,https://yield.chinabond.com.cn/cbweb-czb-web/czb/historyQuery,2026-08-09T11:34:01.034821+00:00
2026-04-29,1.17,chinabond_official,1001.CB,ChinaBond Government Bond Yield Curve,0,1.0,https://yield.chinabond.com.cn/cbweb-czb-web/czb/historyQuery,2026-08-09T11:34:01.034821+00:00
2026-04-30,1.16,chinabond_official,1001.CB,ChinaBond Government Bond Yield Curve,0,1.0,https://yield.chinabond.com.cn/cbweb-czb-web/czb/historyQuery,2026-08-09T11:34:01.034821+00:00
2026-05-06,1.18,chinabond_official,1001.CB,ChinaBond Government Bond Yield Curve,0,1.0,https://yield.chinabond.com.cn/cbweb-czb-web/czb/historyQuery,2026-08-09T11:34:01.034821+00:00
2026-05-07,1.18,chinabond_official,1001.CB,ChinaBond Government Bond Yield Curve,0,1.0,https://yield.chinabond.com.cn/cbweb-czb-web/czb/historyQuery,2026-08-09T11:34:01.034821+00:00
2026-05-08,1.19,chinabond_official,1001.CB,ChinaBond Government Bond Yield Curve,0,1.0,https://yield.chinabond.com.cn/cbweb-czb-web/czb/historyQuery,2026-08-09T11:34:01.034821+00:00
2026-05-09,1.19,chinabond_official,1001.CB,ChinaBond Government Bond Yield Curve,0,1.0,https://yield.chinabond.com.cn/cbweb-czb-web/czb/historyQuery,2026-08-09T11:34:01.034821+00:00
2026-05-11,1.19,chinabond_official,1001.CB,ChinaBond Government Bond Yield Curve,0,1.0,https://yield.chinabond.com.cn/cbweb-czb-web/czb/historyQuery,2026-08-09T11:34:01.034821+00:00
2026-05-12,1.19,chinabond_official,1001.CB,ChinaBond Government Bond Yield Curve,0,1.0,https://yield.chinabond.com.cn/cbweb-czb-web/czb/historyQuery,2026-08-09T11:34:01.034821+00:00
2026-05-13,1.21,chinabond_official,1001.CB,ChinaBond Government Bond Yield Curve,0,1.0,https://yield.chinabond.com.cn/cbweb-czb-web/czb/historyQuery,2026-08-09T11:34:01.034821+00:00
2026-05-14,1.21,chinabond_official,1001.CB,ChinaBond Government Bond Yield Curve,0,1.0,https://yield.chinabond.com.cn/cbweb-czb-web/czb/historyQuery,2026-08-09T11:34:01.034821+00:00
2026-05-15,1.21,chinabond_official,1001.CB,ChinaBond Government Bond Yield Curve,0,1.0,https://yield.chinabond.com.cn/cbweb-czb-web/czb/historyQuery,2026-08-09T11:34:01.034821+00:00
2026-05-18,1.2,chinabond_official,1001.CB,ChinaBond Government Bond Yield Curve,0,1.0,https://yield.chinabond.com.cn/cbweb-czb-web/czb/historyQuery,2026-08-09T11:34:01.034821+00:00
2026-05-19,1.19,chinabond_official,1001.CB,ChinaBond Government Bond Yield Curve,0,1.0,https://yield.chinabond.com.cn/cbweb-czb-web/czb/historyQuery,2026-08-09T11:34:01.034821+00:00
2026-05-20,1.18,chinabond_official,1001.CB,ChinaBond Government Bond Yield Curve,0,1.0,https://yield.chinabond.com.cn/cbweb-czb-web/czb/historyQuery,2026-08-09T11:34:01.034821+00:00
2026-05-21,1.18,chinabond_official,1001.CB,ChinaBond Government Bond Yield Curve,0,1.0,https://yield.chinabond.com.cn/cbweb-czb-web/czb/historyQuery,2026-08-09T11:34:01.034821+00:00
2026-05-22,1.18,chinabond_official,1001.CB,ChinaBond Government Bond Yield Curve,0,1.0,https://yield.chinabond.com.cn/cbweb-czb-web/czb/historyQuery,2026-08-09T11:34:01.034821+00:00
2026-05-25,1.18,chinabond_official,1001.CB,ChinaBond Government Bond Yield Curve,0,1.0,https://yield.chinabond.com.cn/cbweb-czb-web/czb/historyQuery,2026-08-09T11:34:01.034821+00:00
2026-05-26,1.17,chinabond_official,1001.CB,ChinaBond Government Bond Yield Curve,0,1.0,https://yield.chinabond.com.cn/cbweb-czb-web/czb/historyQuery,2026-08-09T11:34:01.034821+00:00
2026-05-27,1.17,chinabond_official,1001.CB,ChinaBond Government Bond Yield Curve,0,1.0,https://yield.chinabond.com.cn/cbweb-czb-web/czb/historyQuery,2026-08-09T11:34:01.034821+00:00
2026-05-28,1.16,chinabond_official,1001.CB,ChinaBond Government Bond Yield Curve,0,1.0,https://yield.chinabond.com.cn/cbweb-czb-web/czb/historyQuery,2026-08-09T11:34:01.034821+00:00
2026-05-29,1.16,chinabond_official,1001.CB,ChinaBond Government Bond Yield Curve,0,1.0,https://yield.chinabond.com.cn/cbweb-czb-web/czb/historyQuery,2026-08-09T11:34:01.034821+00:00
2026-06-01,1.16,chinabond_official,1001.CB,ChinaBond Government Bond Yield Curve,0,1.0,https://yield.chinabond.com.cn/cbweb-czb-web/czb/historyQuery,2026-08-09T11:34:01.034821+00:00
2026-06-02,1.15,chinabond_official,1001.CB,ChinaBond Government Bond Yield Curve,0,1.0,https://yield.chinabond.com.cn/cbweb-czb-web/czb/historyQuery,2026-08-09T11:34:01.034821+00:00
2026-06-03,1.16,chinabond_official,1001.CB,ChinaBond Government Bond Yield Curve,0,1.0,https://yield.chinabond.com.cn/cbweb-czb-web/czb/historyQuery,2026-08-09T11:34:01.034821+00:00
2026-06-04,1.16,chinabond_official,1001.CB,ChinaBond Government Bond Yield Curve,0,1.0,https://yield.chinabond.com.cn/cbweb-czb-web/czb/historyQuery,2026-08-09T11:34:01.034821+00:00
2026-06-05,1.18,chinabond_official,1001.CB,ChinaBond Government Bond Yield Curve,0,1.0,https://yield.chinabond.com.cn/cbweb-czb-web/czb/historyQuery,2026-08-09T11:34:01.034821+00:00
2026-06-08,1.18,chinabond_official,1001.CB,ChinaBond Government Bond Yield Curve,0,1.0,https://yield.chinabond.com.cn/cbweb-czb-web/czb/historyQuery,2026-08-09T11:34:01.034821+00:00
2026-06-09,1.18,chinabond_official,1001.CB,ChinaBond Government Bond Yield Curve,0,1.0,https://yield.chinabond.com.cn/cbweb-czb-web/czb/historyQuery,2026-08-09T11:34:01.034821+00:00
2026-06-10,1.19,chinabond_official,1001.CB,ChinaBond Government Bond Yield Curve,0,1.0,https://yield.chinabond.com.cn/cbweb-czb-web/czb/historyQuery,2026-08-09T11:34:01.034821+00:00
2026-06-11,1.2,chinabond_official,1001.CB,ChinaBond Government Bond Yield Curve,0,1.0,https://yield.chinabond.com.cn/cbweb-czb-web/czb/historyQuery,2026-08-09T11:34:01.034821+00:00
2026-06-12,1.2,chinabond_official,1001.CB,ChinaBond Government Bond Yield Curve,0,1.0,https://yield.chinabond.com.cn/cbweb-czb-web/czb/historyQuery,2026-08-09T11:34:01.034821+00:00
2026-06-15,1.2,chinabond_official,1001.CB,ChinaBond Government Bond Yield Curve,0,1.0,https://yield.chinabond.com.cn/cbweb-czb-web/czb/historyQuery,2026-08-09T11:34:01.034821+00:00
2026-06-16,1.2,chinabond_official,1001.CB,ChinaBond Government Bond Yield Curve,0,1.0,https://yield.chinabond.com.cn/cbweb-czb-web/czb/historyQuery,2026-08-09T11:34:01.034821+00:00
2026-06-17,1.19,chinabond_official,1001.CB,ChinaBond Government Bond Yield Curve,0,1.0,https://yield.chinabond.com.cn/cbweb-czb-web/czb/historyQuery,2026-08-09T11:34:01.034821+00:00
2026-06-18,1.17,chinabond_official,1001.CB,ChinaBond Government Bond Yield Curve,0,1.0,https://yield.chinabond.com.cn/cbweb-czb-web/czb/historyQuery,2026-08-09T11:34:01.034821+00:00
2026-06-22,1.17,chinabond_official,1001.CB,ChinaBond Government Bond Yield Curve,0,1.0,https://yield.chinabond.com.cn/cbweb-czb-web/czb/historyQuery,2026-08-09T11:34:01.034821+00:00
2026-06-23,1.17,chinabond_official,1001.CB,ChinaBond Government Bond Yield Curve,0,1.0,https://yield.chinabond.com.cn/cbweb-czb-web/czb/historyQuery,2026-08-09T11:34:01.034821+00:00
2026-06-24,1.16,chinabond_official,1001.CB,ChinaBond Government Bond Yield Curve,0,1.0,https://yield.chinabond.com.cn/cbweb-czb-web/czb/historyQuery,2026-08-09T11:34:01.034821+00:00
2026-06-25,1.15,chinabond_official,1001.CB,ChinaBond Government Bond Yield Curve,0,1.0,https://yield.chinabond.com.cn/cbweb-czb-web/czb/historyQuery,2026-08-09T11:34:01.034821+00:00
2026-06-26,1.13,chinabond_official,1001.CB,ChinaBond Government Bond Yield Curve,0,1.0,https://yield.chinabond.com.cn/cbweb-czb-web/czb/historyQuery,2026-08-09T11:34:01.034821+00:00
2026-06-29,1.1,chinabond_official,1001.CB,ChinaBond Government Bond Yield Curve,0,1.0,https://yield.chinabond.com.cn/cbweb-czb-web/czb/historyQuery,2026-08-09T11:34:01.034821+00:00
2026-06-30,1.12,chinabond_official,1001.CB,ChinaBond Government Bond Yield Curve,0,1.0,https://yield.chinabond.com.cn/cbweb-czb-web/czb/historyQuery,2026-08-09T11:34:01.034821+00:00
2026-07-01,1.13,chinabond_official,1001.CB,ChinaBond Government Bond Yield Curve,0,1.0,https://yield.chinabond.com.cn/cbweb-czb-web/czb/historyQuery,2026-08-29T13:30:01.465822+00:00
2026-07-02,1.14,chinabond_official,1001.CB,ChinaBond Government Bond Yield Curve,0,1.0,https://yield.chinabond.com.cn/cbweb-czb-web/czb/historyQuery,2026-08-29T13:30:01.465822+00:00
2026-07-03,1.14,chinabond_official,1001.CB,ChinaBond Government Bond Yield Curve,0,1.0,https://yield.chinabond.com.cn/cbweb-czb-web/czb/historyQuery,2026-08-29T13:30:01.465822+00:00
2026-07-06,1.12,chinabond_official,1001.CB,ChinaBond Government Bond Yield Curve,0,1.0,https://yield.chinabond.com.cn/cbweb-czb-web/czb/historyQuery,2026-08-29T13:30:01.465822+00:00
2026-07-07,1.12,chinabond_official,1001.CB,ChinaBond Government Bond Yield Curve,0,1.0,https://yield.chinabond.com.cn/cbweb-czb-web/czb/historyQuery,2026-08-29T13:30:01.465822+00:00
2026-07-08,1.11,chinabond_official,1001.CB,ChinaBond Government Bond Yield Curve,0,1.0,https://yield.chinabond.com.cn/cbweb-czb-web/czb/historyQuery,2026-08-29T13:30:01.465822+00:00
2026-07-09,1.11,chinabond_official,1001.CB,ChinaBond Government Bond Yield Curve,0,1.0,https://yield.chinabond.com.cn/cbweb-czb-web/czb/historyQuery,2026-08-29T13:30:01.465822+00:00
2026-07-10,1.11,chinabond_official,1001.CB,ChinaBond Government Bond Yield Curve,0,1.0,https://yield.chinabond.com.cn/cbweb-czb-web/czb/historyQuery,2026-08-29T13:30:01.465822+00:00
2026-07-13,1.11,chinabond_official,1001.CB,ChinaBond Government Bond Yield Curve,0,1.0,https://yield.chinabond.com.cn/cbweb-czb-web/czb/historyQuery,2026-08-29T13:30:01.465822+00:00
2026-07-14,1.12,chinabond_official,1001.CB,ChinaBond Government Bond Yield Curve,0,1.0,https://yield.chinabond.com.cn/cbweb-czb-web/czb/historyQuery,2026-08-29T13:30:01.465822+00:00
2026-07-15,1.12,chinabond_official,1001.CB,ChinaBond Government Bond Yield Curve,0,1.0,https://yield.chinabond.com.cn/cbweb-czb-web/czb/historyQuery,2026-08-29T13:30:01.465822+00:00
2026-07-16,1.13,chinabond_official,1001.CB,ChinaBond Government Bond Yield Curve,0,1.0,https://yield.chinabond.com.cn/cbweb-czb-web/czb/historyQuery,2026-08-29T13:30:01.465822+00:00
2026-07-17,1.14,chinabond_official,1001.CB,ChinaBond Government Bond Yield Curve,0,1.0,https://yield.chinabond.com.cn/cbweb-czb-web/czb/historyQuery,2026-08-29T13:30:01.465822+00:00
2026-07-20,1.14,chinabond_official,1001.CB,ChinaBond Government Bond Yield Curve,0,1.0,https://yield.chinabond.com.cn/cbweb-czb-web/czb/historyQuery,2026-08-29T13:30:01.465822+00:00
2026-07-21,1.14,chinabond_official,1001.CB,ChinaBond Government Bond Yield Curve,0,1.0,https://yield.chinabond.com.cn/cbweb-czb-web/czb/historyQuery,2026-08-29T13:30:01.465822+00:00
2026-07-22,1.14,chinabond_official,1001.CB,ChinaBond Government Bond Yield Curve,0,1.0,https://yield.chinabond.com.cn/cbweb-czb-web/czb/historyQuery,2026-08-29T13:30:01.465822+00:00
2026-07-23,1.14,chinabond_official,1001.CB,ChinaBond Government Bond Yield Curve,0,1.0,https://yield.chinabond.com.cn/cbweb-czb-web/czb/historyQuery,2026-08-29T13:30:01.465822+00:00
2026-07-24,1.14,chinabond_official,1001.CB,ChinaBond Government Bond Yield Curve,0,1.0,https://yield.chinabond.com.cn/cbweb-czb-web/czb/historyQuery,2026-08-29T13:30:01.465822+00:00
2026-07-27,1.14,chinabond_official,1001.CB,ChinaBond Government Bond Yield Curve,0,1.0,https://yield.chinabond.com.cn/cbweb-czb-web/czb/historyQuery,2026-08-29T13:30:01.465822+00:00
2026-07-28,1.15,chinabond_official,1001.CB,ChinaBond Government Bond Yield Curve,0,1.0,https://yield.chinabond.com.cn/cbweb-czb-web/czb/historyQuery,2026-08-29T13:30:01.465822+00:00
2026-07-29,1.15,chinabond_official,1001.CB,ChinaBond Government Bond Yield Curve,0,1.0,https://yield.chinabond.com.cn/cbweb-czb-web/czb/historyQuery,2026-08-29T13:30:01.465822+00:00
2026-07-30,1.16,chinabond_official,1001.CB,ChinaBond Government Bond Yield Curve,0,1.0,https://yield.chinabond.com.cn/cbweb-czb-web/czb/historyQuery,2026-08-29T13:30:01.465822+00:00
2026-07-31,1.15,chinabond_official,1001.CB,ChinaBond Government Bond Yield Curve,0,1.0,https://yield.chinabond.com.cn/cbweb-czb-web/czb/historyQuery,2026-08-29T13:30:01.465822+00:00
2026-08-03,1.16,chinabond_official,1001.CB,ChinaBond Government Bond Yield Curve,0,1.0,https://yield.chinabond.com.cn/cbweb-czb-web/czb/historyQuery,2026-09-05T07:04:56.262106+00:00
2026-08-04,1.16,chinabond_official,1001.CB,ChinaBond Government Bond Yield Curve,0,1.0,https://yield.chinabond.com.cn/cbweb-czb-web/czb/historyQuery,2026-09-05T07:04:56.262106+00:00
2026-08-05,1.16,chinabond_official,1001.CB,ChinaBond Government Bond Yield Curve,0,1.0,https://yield.chinabond.com.cn/cbweb-czb-web/czb/historyQuery,2026-09-05T07:04:56.262106+00:00
2026-08-06,1.16,chinabond_official,1001.CB,ChinaBond Government Bond Yield Curve,0,1.0,https://yield.chinabond.com.cn/cbweb-czb-web/czb/historyQuery,2026-09-05T07:04:56.262106+00:00
2026-08-07,1.2,chinabond_official,1001.CB,ChinaBond Government Bond Yield Curve,0,1.0,https://yield.chinabond.com.cn/cbweb-czb-web/czb/historyQuery,2026-09-05T07:04:56.262106+00:00
2026-08-10,1.21,chinabond_official,1001.CB,ChinaBond Government Bond Yield Curve,0,1.0,https://yield.chinabond.com.cn/cbweb-czb-web/czb/historyQuery,2026-09-05T07:04:56.262106+00:00
2026-08-11,1.21,chinabond_official,1001.CB,ChinaBond Government Bond Yield Curve,0,1.0,https://yield.chinabond.com.cn/cbweb-czb-web/czb/historyQuery,2026-09-05T07:04:56.262106+00:00
2026-08-12,1.21,chinabond_official,1001.CB,ChinaBond Government Bond Yield Curve,0,1.0,https://yield.chinabond.com.cn/cbweb-czb-web/czb/historyQuery,2026-09-05T07:04:56.262106+00:00
2026-08-13,1.21,chinabond_official,1001.CB,ChinaBond Government Bond Yield Curve,0,1.0,https://yield.chinabond.com.cn/cbweb-czb-web/czb/historyQuery,2026-09-05T07:04:56.262106+00:00
2026-08-14,1.21,chinabond_official,1001.CB,ChinaBond Government Bond Yield Curve,0,1.0,https://yield.chinabond.com.cn/cbweb-czb-web/czb/historyQuery,2026-09-05T07:04:56.262106+00:00
2026-08-17,1.21,chinabond_official,1001.CB,ChinaBond Government Bond Yield Curve,0,1.0,https://yield.chinabond.com.cn/cbweb-czb-web/czb/historyQuery,2026-09-05T07:04:56.262106+00:00
2026-08-18,1.2,chinabond_official,1001.CB,ChinaBond Government Bond Yield Curve,0,1.0,https://yield.chinabond.com.cn/cbweb-czb-web/czb/historyQuery,2026-09-05T07:04:56.262106+00:00
2026-08-19,1.2,chinabond_official,1001.CB,ChinaBond Government Bond Yield Curve,0,1.0,https://yield.chinabond.com.cn/cbweb-czb-web/czb/historyQuery,2026-09-05T07:04:56.262106+00:00
2026-08-20,1.2,chinabond_official,1001.CB,ChinaBond Government Bond Yield Curve,0,1.0,https://yield.chinabond.com.cn/cbweb-czb-web/czb/historyQuery,2026-09-05T07:04:56.262106+00:00
2026-08-21,1.2,chinabond_official,1001.CB,ChinaBond Government Bond Yield Curve,0,1.0,https://yield.chinabond.com.cn/cbweb-czb-web/czb/historyQuery,2026-09-05T07:04:56.262106+00:00
2026-08-24,1.2,chinabond_official,1001.CB,ChinaBond Government Bond Yield Curve,0,1.0,https://yield.chinabond.com.cn/cbweb-czb-web/czb/historyQuery,2026-09-05T07:04:56.262106+00:00
2026-08-25,1.2,chinabond_official,1001.CB,ChinaBond Government Bond Yield Curve,0,1.0,https://yield.chinabond.com.cn/cbweb-czb-web/czb/historyQuery,2026-09-05T07:04:56.262106+00:00
2026-08-26,1.21,chinabond_official,1001.CB,ChinaBond Government Bond Yield Curve,0,1.0,https://yield.chinabond.com.cn/cbweb-czb-web/czb/historyQuery,2026-09-05T07:04:56.262106+00:00
2026-08-27,1.22,chinabond_official,1001.CB,ChinaBond Government Bond Yield Curve,0,1.0,https://yield.chinabond.com.cn/cbweb-czb-web/czb/historyQuery,2026-09-05T07:04:56.262106+00:00
2026-08-28,1.21,chinabond_official,1001.CB,ChinaBond Government Bond Yield Curve,0,1.0,https://yield.chinabond.com.cn/cbweb-czb-web/czb/historyQuery,2026-09-05T07:04:56.262106+00:00
2026-08-31,1.22,chinabond_official,1001.CB,ChinaBond Government Bond Yield Curve,0,1.0,https://yield.chinabond.com.cn/cbweb-czb-web/czb/historyQuery,2026-09-05T07:04:56.262106+00:00
